META limb_base=10^18
META bench=t_mn_grid host=ppac-pl1-s24-16 date=2026-09-28T20:29:48
META limb_base=10^18
META bench=t_mn_grid host=ppac-pl1-s24-16 date=2026-09-28T20:29:48
META limb_base=10^18
META bench=t_mn_grid host=ppac-pl1-s24-16 date=2026-09-28T20:29:48
META limb_base=10^18
META bench=t_mn_grid host=ppac-pl1-s24-16 date=2026-09-28T20:29:48
rns_init: primes per product (ECALC_NP=auto): three (c 2^44 + 1, c = 240, 216, 207), four for a distributed product over 20000000 terms (ECALC_NP_AUTO_TERMS, a test bound); plane pool 0 for 4 primes
rns_init: primes per product (ECALC_NP=auto): three (c 2^44 + 1, c = 240, 216, 207), four for a distributed product over 20000000 terms (ECALC_NP_AUTO_TERMS, a test bound); plane pool 0 for 4 primes
rns_init: primes per product (ECALC_NP=auto): three (c 2^44 + 1, c = 240, 216, 207), four for a distributed product over 20000000 terms (ECALC_NP_AUTO_TERMS, a test bound); plane pool 0 for 4 primes
rns_init: primes per product (ECALC_NP=auto): three (c 2^44 + 1, c = 240, 216, 207), four for a distributed product over 20000000 terms (ECALC_NP_AUTO_TERMS, a test bound); plane pool 0 for 4 primes
rns_init: APU2 staging 2.0 GiB touch 0.07 s register 0.18 s, 48 cpus; device open 0.00 s, contexts 1.12 s, stream+staging 0.27 s
rns_init: APU0 staging 2.0 GiB touch 0.09 s register 0.18 s, 48 cpus; device open 0.00 s, contexts 1.12 s, stream+staging 0.29 s
rns_init: APU1 staging 2.0 GiB touch 0.07 s register 0.21 s, 48 cpus; device open 0.00 s, contexts 1.11 s, stream+staging 0.30 s
rns_init: APU0 staging 2.0 GiB touch 0.06 s register 0.19 s, 48 cpus; device open 0.00 s, contexts 1.27 s, stream+staging 0.27 s
rns_init: APU2 staging 2.0 GiB touch 0.06 s register 0.18 s, 48 cpus; device open 0.00 s, contexts 1.49 s, stream+staging 0.26 s
rns_init: APU0 staging 2.0 GiB touch 0.06 s register 0.19 s, 48 cpus; device open 0.00 s, contexts 1.47 s, stream+staging 0.28 s
rns_init: APU2 staging 2.0 GiB touch 0.07 s register 0.20 s, 48 cpus; device open 0.00 s, contexts 1.63 s, stream+staging 0.28 s
rns_init: APU3 staging 2.0 GiB touch 0.19 s register 0.21 s, 48 cpus; device open 0.00 s, contexts 1.51 s, stream+staging 0.42 s
rns_init: APU3 staging 2.0 GiB touch 0.11 s register 0.24 s, 48 cpus; device open 0.00 s, contexts 1.69 s, stream+staging 0.37 s
rns_init: APU3 staging 2.0 GiB touch 0.14 s register 0.42 s, 48 cpus; device open 0.00 s, contexts 1.52 s, stream+staging 0.58 s
rns_init: APU3 staging 2.0 GiB touch 0.09 s register 0.19 s, 48 cpus; device open 0.00 s, contexts 1.82 s, stream+staging 0.32 s
rns_init: APU2 staging 2.0 GiB touch 0.08 s register 0.45 s, 48 cpus; device open 0.00 s, contexts 1.66 s, stream+staging 0.55 s
rns_init: APU1 staging 2.0 GiB touch 0.08 s register 0.31 s, 48 cpus; device open 0.00 s, contexts 1.87 s, stream+staging 0.41 s
rns_init: APU1 staging 2.0 GiB touch 0.10 s register 0.18 s, 48 cpus; device open 0.00 s, contexts 1.99 s, stream+staging 0.30 s
rns_init: APU1 staging 2.0 GiB touch 0.11 s register 0.23 s, 48 cpus; device open 0.00 s, contexts 2.08 s, stream+staging 0.36 s
rns_init: APU0 staging 2.0 GiB touch 0.07 s register 0.18 s, 48 cpus; device open 0.00 s, contexts 2.23 s, stream+staging 0.27 s
rns_init: plane pools per APU 2.00 + 2.00 GiB (hipmalloc), staging 2.00 GiB, tables 0.470 GB; staging+contexts 2.29 s, pools 0.92 s, peer access 0.02 s
rns_init: plane pools per APU 2.00 + 2.00 GiB (hipmalloc), staging 2.00 GiB, tables 0.617 GB; staging+contexts 2.45 s, pools 0.93 s, peer access 0.02 s
rns_init: plane pools per APU 2.00 + 2.00 GiB (hipmalloc), staging 2.00 GiB, tables 0.464 GB; staging+contexts 2.28 s, pools 1.02 s, peer access 0.02 s
rns_init: plane pools per APU 2.00 + 2.00 GiB (hipmalloc), staging 2.00 GiB, tables 0.474 GB; staging+contexts 2.51 s, pools 0.97 s, peer access 0.02 s
mn: node 0 of 4, four meshes of 4 ranks on ppac-pl1-s24-16,ppac-pl1-s24-16,ppac-pl1-s24-16,ppac-pl1-s24-16 (port base 23880): connected in 0.20 s
mn: node 0: level 2 group [0, 4) (transform nodes 4): meshes connected in 0.00 s
t_mn_grid: node 0 of 4, group [0, 4) (4 x 4 ranks), plane cap 2^26, unit 67108864 limbs
mn: node 2 of 4, four meshes of 4 ranks on ppac-pl1-s24-16,ppac-pl1-s24-16,ppac-pl1-s24-16,ppac-pl1-s24-16 (port base 23880): connected in 0.20 s
mn: node 2: level 2 group [0, 4) (transform nodes 4): meshes connected in 0.00 s
t_mn_grid: node 2 of 4, group [0, 4) (4 x 4 ranks), plane cap 2^26, unit 67108864 limbs
mn: node 1 of 4, four meshes of 4 ranks on ppac-pl1-s24-16,ppac-pl1-s24-16,ppac-pl1-s24-16,ppac-pl1-s24-16 (port base 23880): connected in 0.30 s
mn: node 1: level 2 group [0, 4) (transform nodes 4): meshes connected in 0.00 s
t_mn_grid: node 1 of 4, group [0, 4) (4 x 4 ranks), plane cap 2^26, unit 67108864 limbs
mn: node 3 of 4, four meshes of 4 ranks on ppac-pl1-s24-16,ppac-pl1-s24-16,ppac-pl1-s24-16,ppac-pl1-s24-16 (port base 23880): connected in 0.03 s
mn: node 3: level 2 group [0, 4) (transform nodes 4): meshes connected in 0.00 s
t_mn_grid: node 3 of 4, group [0, 4) (4 x 4 ranks), plane cap 2^26, unit 67108864 limbs
dbig pool: APU0 hipMalloc 0.01 GB inside the phase (free 0.00 GB in 0 extents, largest 0.00; live 0.00 GB in 0 blocks)
dbig pool: APU1 hipMalloc 0.01 GB inside the phase (free 0.00 GB in 0 extents, largest 0.00; live 0.00 GB in 1 blocks)
dbig pool: APU2 hipMalloc 0.01 GB inside the phase (free 0.00 GB in 0 extents, largest 0.00; live 0.00 GB in 2 blocks)
dbig pool: APU3 hipMalloc 0.01 GB inside the phase (free 0.00 GB in 0 extents, largest 0.00; live 0.00 GB in 3 blocks)
dbig pool: APU0 hipMalloc 0.01 GB inside the phase (free 0.00 GB in 0 extents, largest 0.00; live 0.00 GB in 0 blocks)
dbig pool: APU1 hipMalloc 0.01 GB inside the phase (free 0.00 GB in 0 extents, largest 0.00; live 0.00 GB in 1 blocks)
dbig pool: APU2 hipMalloc 0.01 GB inside the phase (free 0.00 GB in 0 extents, largest 0.00; live 0.00 GB in 2 blocks)
dbig pool: APU3 hipMalloc 0.01 GB inside the phase (free 0.00 GB in 0 extents, largest 0.00; live 0.00 GB in 3 blocks)
dbig pool: APU0 hipMalloc 0.01 GB inside the phase (free 0.00 GB in 0 extents, largest 0.00; live 0.00 GB in 0 blocks)
dbig pool: APU1 hipMalloc 0.01 GB inside the phase (free 0.00 GB in 0 extents, largest 0.00; live 0.00 GB in 1 blocks)
dbig pool: APU0 hipMalloc 0.01 GB inside the phase (free 0.00 GB in 0 extents, largest 0.00; live 0.00 GB in 0 blocks)
dbig pool: APU2 hipMalloc 0.01 GB inside the phase (free 0.00 GB in 0 extents, largest 0.00; live 0.00 GB in 2 blocks)
dbig pool: APU1 hipMalloc 0.01 GB inside the phase (free 0.00 GB in 0 extents, largest 0.00; live 0.00 GB in 1 blocks)
dbig pool: APU3 hipMalloc 0.01 GB inside the phase (free 0.00 GB in 0 extents, largest 0.00; live 0.00 GB in 3 blocks)
dbig pool: APU2 hipMalloc 0.01 GB inside the phase (free 0.00 GB in 0 extents, largest 0.00; live 0.00 GB in 2 blocks)
dbig pool: APU3 hipMalloc 0.01 GB inside the phase (free 0.00 GB in 0 extents, largest 0.00; live 0.00 GB in 3 blocks)
dbig pool: APU0 hipMalloc 0.01 GB inside the phase (free 0.00 GB in 0 extents, largest 0.00; live 0.01 GB in 4 blocks)
dbig pool: APU1 hipMalloc 0.01 GB inside the phase (free 0.00 GB in 0 extents, largest 0.00; live 0.01 GB in 5 blocks)
dbig pool: APU2 hipMalloc 0.01 GB inside the phase (free 0.00 GB in 0 extents, largest 0.00; live 0.01 GB in 6 blocks)
dbig pool: APU3 hipMalloc 0.01 GB inside the phase (free 0.00 GB in 0 extents, largest 0.00; live 0.01 GB in 7 blocks)
dbig pool: APU0 hipMalloc 0.01 GB inside the phase (free 0.00 GB in 0 extents, largest 0.00; live 0.02 GB in 8 blocks)
dbig pool: APU1 hipMalloc 0.01 GB inside the phase (free 0.00 GB in 0 extents, largest 0.00; live 0.02 GB in 9 blocks)
dbig pool: APU2 hipMalloc 0.01 GB inside the phase (free 0.00 GB in 0 extents, largest 0.00; live 0.02 GB in 10 blocks)
dbig pool: APU3 hipMalloc 0.01 GB inside the phase (free 0.00 GB in 0 extents, largest 0.00; live 0.02 GB in 11 blocks)
dbig pool: APU0 hipMalloc 0.02 GB inside the phase (free 0.00 GB in 0 extents, largest 0.00; live 0.03 GB in 12 blocks)
dbig pool: APU1 hipMalloc 0.02 GB inside the phase (free 0.00 GB in 0 extents, largest 0.00; live 0.03 GB in 13 blocks)
dbig pool: APU2 hipMalloc 0.02 GB inside the phase (free 0.00 GB in 0 extents, largest 0.00; live 0.03 GB in 14 blocks)
dbig pool: APU3 hipMalloc 0.02 GB inside the phase (free 0.00 GB in 0 extents, largest 0.00; live 0.03 GB in 15 blocks)
dbig pool: APU0 hipMalloc 0.01 GB inside the phase (free 0.00 GB in 0 extents, largest 0.00; live 0.01 GB in 4 blocks)
dbig pool: APU1 hipMalloc 0.01 GB inside the phase (free 0.00 GB in 0 extents, largest 0.00; live 0.01 GB in 5 blocks)
dbig pool: APU2 hipMalloc 0.01 GB inside the phase (free 0.00 GB in 0 extents, largest 0.00; live 0.01 GB in 6 blocks)
dbig pool: APU3 hipMalloc 0.01 GB inside the phase (free 0.00 GB in 0 extents, largest 0.00; live 0.01 GB in 7 blocks)
dbig pool: APU0 hipMalloc 0.01 GB inside the phase (free 0.00 GB in 0 extents, largest 0.00; live 0.02 GB in 8 blocks)
dbig pool: APU1 hipMalloc 0.01 GB inside the phase (free 0.00 GB in 0 extents, largest 0.00; live 0.02 GB in 9 blocks)
dbig pool: APU2 hipMalloc 0.01 GB inside the phase (free 0.00 GB in 0 extents, largest 0.00; live 0.02 GB in 10 blocks)
dbig pool: APU3 hipMalloc 0.01 GB inside the phase (free 0.00 GB in 0 extents, largest 0.00; live 0.02 GB in 11 blocks)
dbig pool: APU0 hipMalloc 0.02 GB inside the phase (free 0.00 GB in 0 extents, largest 0.00; live 0.03 GB in 12 blocks)
dbig pool: APU1 hipMalloc 0.02 GB inside the phase (free 0.00 GB in 0 extents, largest 0.00; live 0.03 GB in 13 blocks)
dbig pool: APU2 hipMalloc 0.02 GB inside the phase (free 0.00 GB in 0 extents, largest 0.00; live 0.03 GB in 14 blocks)
dbig pool: APU3 hipMalloc 0.02 GB inside the phase (free 0.00 GB in 0 extents, largest 0.00; live 0.03 GB in 15 blocks)
dbig pool: APU0 hipMalloc 0.01 GB inside the phase (free 0.00 GB in 0 extents, largest 0.00; live 0.01 GB in 4 blocks)
dbig pool: APU1 hipMalloc 0.01 GB inside the phase (free 0.00 GB in 0 extents, largest 0.00; live 0.01 GB in 5 blocks)
dbig pool: APU2 hipMalloc 0.01 GB inside the phase (free 0.00 GB in 0 extents, largest 0.00; live 0.01 GB in 6 blocks)
dbig pool: APU3 hipMalloc 0.01 GB inside the phase (free 0.00 GB in 0 extents, largest 0.00; live 0.01 GB in 7 blocks)
dbig pool: APU0 hipMalloc 0.01 GB inside the phase (free 0.00 GB in 0 extents, largest 0.00; live 0.02 GB in 8 blocks)
dbig pool: APU1 hipMalloc 0.01 GB inside the phase (free 0.00 GB in 0 extents, largest 0.00; live 0.02 GB in 9 blocks)
dbig pool: APU2 hipMalloc 0.01 GB inside the phase (free 0.00 GB in 0 extents, largest 0.00; live 0.02 GB in 10 blocks)
dbig pool: APU3 hipMalloc 0.01 GB inside the phase (free 0.00 GB in 0 extents, largest 0.00; live 0.02 GB in 11 blocks)
dbig pool: APU0 hipMalloc 0.02 GB inside the phase (free 0.00 GB in 0 extents, largest 0.00; live 0.03 GB in 12 blocks)
dbig pool: APU1 hipMalloc 0.02 GB inside the phase (free 0.00 GB in 0 extents, largest 0.00; live 0.03 GB in 13 blocks)
dbig pool: APU2 hipMalloc 0.02 GB inside the phase (free 0.00 GB in 0 extents, largest 0.00; live 0.03 GB in 14 blocks)
dbig pool: APU3 hipMalloc 0.02 GB inside the phase (free 0.00 GB in 0 extents, largest 0.00; live 0.03 GB in 15 blocks)
dbig pool: APU1 hipMalloc 0.00 GB inside the phase (free 0.00 GB in 0 extents, largest 0.00; live 0.05 GB in 16 blocks)
dbig pool: APU1 hipMalloc 0.03 GB inside the phase (free 0.00 GB in 0 extents, largest 0.00; live 0.05 GB in 17 blocks)
dbig pool: APU2 hipMalloc 0.00 GB inside the phase (free 0.00 GB in 0 extents, largest 0.00; live 0.05 GB in 18 blocks)
dbig pool: APU2 hipMalloc 0.03 GB inside the phase (free 0.00 GB in 0 extents, largest 0.00; live 0.05 GB in 19 blocks)
dbig pool: APU3 hipMalloc 0.00 GB inside the phase (free 0.00 GB in 0 extents, largest 0.00; live 0.05 GB in 20 blocks)
dbig pool: APU3 hipMalloc 0.03 GB inside the phase (free 0.00 GB in 0 extents, largest 0.00; live 0.05 GB in 21 blocks)
dbig pool: APU0 hipMalloc 0.00 GB inside the phase (free 0.00 GB in 0 extents, largest 0.00; live 0.05 GB in 22 blocks)
dbig pool: APU0 hipMalloc 0.03 GB inside the phase (free 0.00 GB in 0 extents, largest 0.00; live 0.05 GB in 23 blocks)
dbig pool: APU1 hipMalloc 0.01 GB inside the phase (free 0.00 GB in 0 extents, largest 0.00; live 0.08 GB in 24 blocks)
dbig pool: APU1 hipMalloc 0.01 GB inside the phase (free 0.00 GB in 0 extents, largest 0.00; live 0.09 GB in 25 blocks)
dbig pool: APU2 hipMalloc 0.01 GB inside the phase (free 0.00 GB in 0 extents, largest 0.00; live 0.08 GB in 26 blocks)
dbig pool: APU2 hipMalloc 0.01 GB inside the phase (free 0.00 GB in 0 extents, largest 0.00; live 0.09 GB in 27 blocks)
dbig pool: APU3 hipMalloc 0.01 GB inside the phase (free 0.00 GB in 0 extents, largest 0.00; live 0.08 GB in 28 blocks)
dbig pool: APU3 hipMalloc 0.01 GB inside the phase (free 0.00 GB in 0 extents, largest 0.00; live 0.09 GB in 29 blocks)
dbig pool: APU1 hipMalloc 0.00 GB inside the phase (free 0.00 GB in 0 extents, largest 0.00; live 0.05 GB in 16 blocks)
dbig pool: APU1 hipMalloc 0.03 GB inside the phase (free 0.00 GB in 0 extents, largest 0.00; live 0.05 GB in 17 blocks)
dbig pool: APU2 hipMalloc 0.00 GB inside the phase (free 0.00 GB in 0 extents, largest 0.00; live 0.05 GB in 18 blocks)
dbig pool: APU2 hipMalloc 0.03 GB inside the phase (free 0.00 GB in 0 extents, largest 0.00; live 0.05 GB in 19 blocks)
dbig pool: APU0 hipMalloc 0.00 GB inside the phase (free 0.00 GB in 0 extents, largest 0.00; live 0.05 GB in 20 blocks)
dbig pool: APU0 hipMalloc 0.03 GB inside the phase (free 0.00 GB in 0 extents, largest 0.00; live 0.05 GB in 21 blocks)
dbig pool: APU3 hipMalloc 0.00 GB inside the phase (free 0.00 GB in 0 extents, largest 0.00; live 0.05 GB in 22 blocks)
dbig pool: APU3 hipMalloc 0.03 GB inside the phase (free 0.00 GB in 0 extents, largest 0.00; live 0.05 GB in 23 blocks)
dbig pool: APU0 hipMalloc 0.01 GB inside the phase (free 0.00 GB in 0 extents, largest 0.00; live 0.08 GB in 30 blocks)
dbig pool: APU1 hipMalloc 0.01 GB inside the phase (free 0.00 GB in 0 extents, largest 0.00; live 0.08 GB in 24 blocks)
dbig pool: APU1 hipMalloc 0.01 GB inside the phase (free 0.00 GB in 0 extents, largest 0.00; live 0.09 GB in 25 blocks)
dbig pool: APU0 hipMalloc 0.01 GB inside the phase (free 0.00 GB in 0 extents, largest 0.00; live 0.09 GB in 31 blocks)
dbig pool: APU2 hipMalloc 0.01 GB inside the phase (free 0.00 GB in 0 extents, largest 0.00; live 0.08 GB in 26 blocks)
dbig pool: APU2 hipMalloc 0.01 GB inside the phase (free 0.00 GB in 0 extents, largest 0.00; live 0.09 GB in 27 blocks)
dbig pool: APU0 hipMalloc 0.01 GB inside the phase (free 0.00 GB in 0 extents, largest 0.00; live 0.08 GB in 28 blocks)
dbig pool: APU0 hipMalloc 0.01 GB inside the phase (free 0.00 GB in 0 extents, largest 0.00; live 0.09 GB in 29 blocks)
dbig pool: APU3 hipMalloc 0.01 GB inside the phase (free 0.00 GB in 0 extents, largest 0.00; live 0.08 GB in 30 blocks)
dbig pool: APU3 hipMalloc 0.01 GB inside the phase (free 0.00 GB in 0 extents, largest 0.00; live 0.09 GB in 31 blocks)
dbig pool: APU0 hipMalloc 0.01 GB inside the phase (free 0.00 GB in 0 extents, largest 0.00; live 0.01 GB in 4 blocks)
dbig pool: APU1 hipMalloc 0.01 GB inside the phase (free 0.00 GB in 0 extents, largest 0.00; live 0.01 GB in 5 blocks)
dbig pool: APU2 hipMalloc 0.01 GB inside the phase (free 0.00 GB in 0 extents, largest 0.00; live 0.01 GB in 6 blocks)
dbig pool: APU3 hipMalloc 0.01 GB inside the phase (free 0.00 GB in 0 extents, largest 0.00; live 0.01 GB in 7 blocks)
dbig pool: APU0 hipMalloc 0.01 GB inside the phase (free 0.00 GB in 0 extents, largest 0.00; live 0.02 GB in 8 blocks)
dbig pool: APU1 hipMalloc 0.01 GB inside the phase (free 0.00 GB in 0 extents, largest 0.00; live 0.02 GB in 9 blocks)
dbig pool: APU2 hipMalloc 0.01 GB inside the phase (free 0.00 GB in 0 extents, largest 0.00; live 0.02 GB in 10 blocks)
dbig pool: APU3 hipMalloc 0.01 GB inside the phase (free 0.00 GB in 0 extents, largest 0.00; live 0.02 GB in 11 blocks)
dbig pool: APU0 hipMalloc 0.02 GB inside the phase (free 0.00 GB in 0 extents, largest 0.00; live 0.03 GB in 12 blocks)
dbig pool: APU1 hipMalloc 0.02 GB inside the phase (free 0.00 GB in 0 extents, largest 0.00; live 0.03 GB in 13 blocks)
dbig pool: APU2 hipMalloc 0.02 GB inside the phase (free 0.00 GB in 0 extents, largest 0.00; live 0.03 GB in 14 blocks)
dbig pool: APU3 hipMalloc 0.02 GB inside the phase (free 0.00 GB in 0 extents, largest 0.00; live 0.03 GB in 15 blocks)
dbig pool: APU2 hipMalloc 0.00 GB inside the phase (free 0.00 GB in 0 extents, largest 0.00; live 0.05 GB in 16 blocks)
dbig pool: APU2 hipMalloc 0.03 GB inside the phase (free 0.00 GB in 0 extents, largest 0.00; live 0.05 GB in 17 blocks)
dbig pool: APU3 hipMalloc 0.00 GB inside the phase (free 0.00 GB in 0 extents, largest 0.00; live 0.05 GB in 18 blocks)
dbig pool: APU3 hipMalloc 0.03 GB inside the phase (free 0.00 GB in 0 extents, largest 0.00; live 0.05 GB in 19 blocks)
dbig pool: APU1 hipMalloc 0.00 GB inside the phase (free 0.00 GB in 0 extents, largest 0.00; live 0.05 GB in 20 blocks)
dbig pool: APU1 hipMalloc 0.03 GB inside the phase (free 0.00 GB in 0 extents, largest 0.00; live 0.05 GB in 21 blocks)
dbig pool: APU0 hipMalloc 0.00 GB inside the phase (free 0.00 GB in 0 extents, largest 0.00; live 0.05 GB in 22 blocks)
dbig pool: APU0 hipMalloc 0.03 GB inside the phase (free 0.00 GB in 0 extents, largest 0.00; live 0.05 GB in 23 blocks)
dbig pool: APU2 hipMalloc 0.01 GB inside the phase (free 0.00 GB in 0 extents, largest 0.00; live 0.08 GB in 24 blocks)
dbig pool: APU2 hipMalloc 0.01 GB inside the phase (free 0.00 GB in 0 extents, largest 0.00; live 0.09 GB in 25 blocks)
dbig pool: APU0 hipMalloc 0.00 GB inside the phase (free 0.00 GB in 0 extents, largest 0.00; live 0.05 GB in 16 blocks)
dbig pool: APU0 hipMalloc 0.03 GB inside the phase (free 0.00 GB in 0 extents, largest 0.00; live 0.05 GB in 17 blocks)
dbig pool: APU1 hipMalloc 0.00 GB inside the phase (free 0.00 GB in 0 extents, largest 0.00; live 0.05 GB in 18 blocks)
dbig pool: APU1 hipMalloc 0.03 GB inside the phase (free 0.00 GB in 0 extents, largest 0.00; live 0.05 GB in 19 blocks)
dbig pool: APU1 hipMalloc 0.01 GB inside the phase (free 0.00 GB in 0 extents, largest 0.00; live 0.08 GB in 26 blocks)
dbig pool: APU1 hipMalloc 0.01 GB inside the phase (free 0.00 GB in 0 extents, largest 0.00; live 0.09 GB in 27 blocks)
dbig pool: APU3 hipMalloc 0.00 GB inside the phase (free 0.00 GB in 0 extents, largest 0.00; live 0.05 GB in 20 blocks)
dbig pool: APU3 hipMalloc 0.03 GB inside the phase (free 0.00 GB in 0 extents, largest 0.00; live 0.05 GB in 21 blocks)
dbig pool: APU2 hipMalloc 0.00 GB inside the phase (free 0.00 GB in 0 extents, largest 0.00; live 0.05 GB in 22 blocks)
dbig pool: APU2 hipMalloc 0.03 GB inside the phase (free 0.00 GB in 0 extents, largest 0.00; live 0.05 GB in 23 blocks)
dbig pool: APU3 hipMalloc 0.01 GB inside the phase (free 0.00 GB in 0 extents, largest 0.00; live 0.08 GB in 28 blocks)
dbig pool: APU3 hipMalloc 0.01 GB inside the phase (free 0.00 GB in 0 extents, largest 0.00; live 0.09 GB in 29 blocks)
dbig pool: APU0 hipMalloc 0.01 GB inside the phase (free 0.00 GB in 0 extents, largest 0.00; live 0.08 GB in 30 blocks)
dbig pool: APU0 hipMalloc 0.01 GB inside the phase (free 0.00 GB in 0 extents, largest 0.00; live 0.09 GB in 31 blocks)
dbig pool: APU0 hipMalloc 0.01 GB inside the phase (free 0.00 GB in 0 extents, largest 0.00; live 0.08 GB in 24 blocks)
dbig pool: APU0 hipMalloc 0.01 GB inside the phase (free 0.00 GB in 0 extents, largest 0.00; live 0.09 GB in 25 blocks)
dbig pool: APU3 hipMalloc 0.01 GB inside the phase (free 0.00 GB in 0 extents, largest 0.00; live 0.08 GB in 26 blocks)
dbig pool: APU3 hipMalloc 0.01 GB inside the phase (free 0.00 GB in 0 extents, largest 0.00; live 0.09 GB in 27 blocks)
dbig pool: APU1 hipMalloc 0.01 GB inside the phase (free 0.00 GB in 0 extents, largest 0.00; live 0.08 GB in 28 blocks)
dbig pool: APU1 hipMalloc 0.01 GB inside the phase (free 0.00 GB in 0 extents, largest 0.00; live 0.09 GB in 29 blocks)
dbig pool: APU2 hipMalloc 0.01 GB inside the phase (free 0.00 GB in 0 extents, largest 0.00; live 0.08 GB in 30 blocks)
dbig pool: APU2 hipMalloc 0.01 GB inside the phase (free 0.00 GB in 0 extents, largest 0.00; live 0.09 GB in 31 blocks)
dbig pool: APU3 hipMalloc 0.01 GB inside the phase (free 0.00 GB in 1 extents, largest 0.00; live 0.10 GB in 32 blocks)
dbig pool: APU3 hipMalloc 0.01 GB inside the phase (free 0.00 GB in 1 extents, largest 0.00; live 0.10 GB in 32 blocks)
dbig pool: APU3 hipMalloc 0.01 GB inside the phase (free 0.00 GB in 1 extents, largest 0.00; live 0.10 GB in 32 blocks)
dbig pool: APU3 hipMalloc 0.01 GB inside the phase (free 0.00 GB in 1 extents, largest 0.00; live 0.10 GB in 32 blocks)
dbig pool: APU0 hipMalloc 0.01 GB inside the phase (free 0.00 GB in 1 extents, largest 0.00; live 0.10 GB in 33 blocks)
dbig pool: APU0 hipMalloc 0.01 GB inside the phase (free 0.00 GB in 1 extents, largest 0.00; live 0.10 GB in 33 blocks)
dbig pool: APU0 hipMalloc 0.01 GB inside the phase (free 0.00 GB in 1 extents, largest 0.00; live 0.10 GB in 33 blocks)
dbig pool: APU0 hipMalloc 0.01 GB inside the phase (free 0.00 GB in 1 extents, largest 0.00; live 0.10 GB in 33 blocks)
dbig pool: APU1 hipMalloc 0.01 GB inside the phase (free 0.00 GB in 1 extents, largest 0.00; live 0.10 GB in 34 blocks)
dbig pool: APU1 hipMalloc 0.01 GB inside the phase (free 0.00 GB in 1 extents, largest 0.00; live 0.10 GB in 34 blocks)
dbig pool: APU1 hipMalloc 0.01 GB inside the phase (free 0.00 GB in 1 extents, largest 0.00; live 0.10 GB in 34 blocks)
dbig pool: APU1 hipMalloc 0.01 GB inside the phase (free 0.00 GB in 1 extents, largest 0.00; live 0.10 GB in 34 blocks)
dbig pool: APU2 hipMalloc 0.01 GB inside the phase (free 0.00 GB in 1 extents, largest 0.00; live 0.10 GB in 33 blocks)
dbig pool: APU2 hipMalloc 0.01 GB inside the phase (free 0.00 GB in 1 extents, largest 0.00; live 0.10 GB in 31 blocks)
dbig pool: APU2 hipMalloc 0.01 GB inside the phase (free 0.00 GB in 1 extents, largest 0.00; live 0.10 GB in 29 blocks)
dbig pool: APU2 hipMalloc 0.01 GB inside the phase (free 0.00 GB in 1 extents, largest 0.00; live 0.10 GB in 29 blocks)
dbig pool: APU3 hipMalloc 0.02 GB inside the phase (free 0.03 GB in 3 extents, largest 0.01; live 0.08 GB in 27 blocks)
dbig pool: APU1 hipMalloc 0.02 GB inside the phase (free 0.03 GB in 3 extents, largest 0.01; live 0.08 GB in 26 blocks)
dbig pool: APU1 hipMalloc 0.02 GB inside the phase (free 0.03 GB in 3 extents, largest 0.01; live 0.08 GB in 26 blocks)
dbig pool: APU1 hipMalloc 0.02 GB inside the phase (free 0.03 GB in 3 extents, largest 0.01; live 0.08 GB in 26 blocks)
dbig pool: APU2 hipMalloc 0.02 GB inside the phase (free 0.03 GB in 3 extents, largest 0.01; live 0.08 GB in 26 blocks)
dbig pool: APU3 hipMalloc 0.02 GB inside the phase (free 0.03 GB in 3 extents, largest 0.01; live 0.08 GB in 26 blocks)
dbig pool: APU3 hipMalloc 0.02 GB inside the phase (free 0.03 GB in 3 extents, largest 0.01; live 0.08 GB in 26 blocks)
dbig pool: APU1 hipMalloc 0.02 GB inside the phase (free 0.03 GB in 3 extents, largest 0.01; live 0.08 GB in 25 blocks)
dbig pool: APU2 hipMalloc 0.02 GB inside the phase (free 0.03 GB in 3 extents, largest 0.01; live 0.08 GB in 26 blocks)
dbig pool: APU3 hipMalloc 0.02 GB inside the phase (free 0.03 GB in 3 extents, largest 0.01; live 0.08 GB in 26 blocks)
dbig pool: APU0 hipMalloc 0.02 GB inside the phase (free 0.03 GB in 3 extents, largest 0.01; live 0.08 GB in 26 blocks)
dbig pool: APU2 hipMalloc 0.02 GB inside the phase (free 0.03 GB in 3 extents, largest 0.01; live 0.08 GB in 26 blocks)
dbig pool: APU0 hipMalloc 0.02 GB inside the phase (free 0.03 GB in 3 extents, largest 0.01; live 0.08 GB in 27 blocks)
dbig pool: APU0 hipMalloc 0.02 GB inside the phase (free 0.03 GB in 3 extents, largest 0.01; live 0.08 GB in 27 blocks)
dbig pool: APU2 hipMalloc 0.02 GB inside the phase (free 0.03 GB in 3 extents, largest 0.01; live 0.08 GB in 27 blocks)
dbig pool: APU0 hipMalloc 0.02 GB inside the phase (free 0.03 GB in 3 extents, largest 0.01; live 0.08 GB in 29 blocks)
dist_mn node 0: 2^26 = 2^13 x 2^13 over 4 x 4 ranks, 3 primes (rows 512..512; 20132659 + 16777216 limbs at 0, window [0, 9227468) of share [0, 9227468)): redistribute 0.421 ntt 0.541 crt 0.038 out 0.065 spills+carry 0.040 total 1.186 s
dist_mn node 0: 20132659 x 16777216 limbs over 4 x 4 ranks (cap 2^26): 1 x 1 pieces, 1 formed, 0 skipped (cache 0 slots: 0 hits, 0 misses)
dist_mn node 1: 2^26 = 2^13 x 2^13 over 4 x 4 ranks, 3 primes (rows 512..512; 20132659 + 16777216 limbs at 0, window [9227468, 18454937) of share [9227468, 18454937)): redistribute 0.176 ntt 0.540 crt 0.025 out 0.069 spills+carry 0.040 total 0.936 s
dist_mn node 1: 20132659 x 16777216 limbs over 4 x 4 ranks (cap 2^26): 1 x 1 pieces, 1 formed, 0 skipped (cache 0 slots: 0 hits, 0 misses)
dist_mn node 2: 2^26 = 2^13 x 2^13 over 4 x 4 ranks, 3 primes (rows 512..512; 20132659 + 16777216 limbs at 0, window [18454937, 27682406) of share [18454937, 27682406)): redistribute 0.467 ntt 0.518 crt 0.023 out 0.064 spills+carry 0.040 total 1.237 s
dist_mn node 2: 20132659 x 16777216 limbs over 4 x 4 ranks (cap 2^26): 1 x 1 pieces, 1 formed, 0 skipped (cache 0 slots: 0 hits, 0 misses)
dist_mn node 3: 2^26 = 2^13 x 2^13 over 4 x 4 ranks, 3 primes (rows 512..512; 20132659 + 16777216 limbs at 0, window [27682406, 36909875) of share [27682406, 36909875)): redistribute 0.142 ntt 0.515 crt 0.028 out 0.076 spills+carry 0.040 total 1.118 s
dist_mn node 3: 20132659 x 16777216 limbs over 4 x 4 ranks (cap 2^26): 1 x 1 pieces, 1 formed, 0 skipped (cache 0 slots: 0 hits, 0 misses)
dist_mn node 0: 20132659 + 16777216 limbs -> 36909875 (share 9227468): redistribute 0.421 ntt 0.541 crt 0.038 out 0.065 spills+carry 0.040, total 1.200 s
dist_mn node 1: 20132659 + 16777216 limbs -> 36909875 (share 9227469): redistribute 0.176 ntt 0.540 crt 0.025 out 0.069 spills+carry 0.040, total 0.950 s
dist_mn node 2: 20132659 + 16777216 limbs -> 36909875 (share 9227469): redistribute 0.467 ntt 0.518 crt 0.023 out 0.064 spills+carry 0.040, total 1.249 s
dist_mn node 3: 20132659 + 16777216 limbs -> 36909875 (share 9227469): redistribute 0.142 ntt 0.515 crt 0.028 out 0.076 spills+carry 0.040, total 1.132 s
mdev 3*2^24 (36909875 limbs): repack 0.088 h2d 0.001 fwd 0.034 inv 0.006 d2h 0.078 crt 0.038 total 0.186 s
mdev 3*2^24 (36909875 limbs): repack 0.092 h2d 0.001 fwd 0.024 inv 0.006 d2h 0.089 crt 0.053 total 0.214 s
mdev 3*2^24 (36909875 limbs): repack 0.083 h2d 0.001 fwd 0.023 inv 0.013 d2h 0.090 crt 0.104 total 0.236 s
   one plane 20132659 x 16777216: 1.44 s
dbig pool: APU3 hipMalloc 0.03 GB inside the phase (free 0.03 GB in 3 extents, largest 0.01; live 0.10 GB in 22 blocks)
dbig pool: APU0 hipMalloc 0.03 GB inside the phase (free 0.03 GB in 3 extents, largest 0.01; live 0.10 GB in 27 blocks)
mdev 3*2^24 (36909875 limbs): repack 0.098 h2d 0.001 fwd 0.022 inv 0.006 d2h 0.116 crt 0.105 total 0.247 s
dbig pool: APU2 hipMalloc 0.03 GB inside the phase (free 0.03 GB in 3 extents, largest 0.01; live 0.10 GB in 32 blocks)
dbig pool: APU0 hipMalloc 0.03 GB inside the phase (free 0.03 GB in 3 extents, largest 0.01; live 0.10 GB in 22 blocks)
dbig pool: APU3 hipMalloc 0.03 GB inside the phase (free 0.03 GB in 3 extents, largest 0.01; live 0.10 GB in 27 blocks)
dbig pool: APU1 hipMalloc 0.03 GB inside the phase (free 0.03 GB in 3 extents, largest 0.01; live 0.10 GB in 37 blocks)
dbig pool: APU1 hipMalloc 0.03 GB inside the phase (free 0.03 GB in 3 extents, largest 0.01; live 0.10 GB in 32 blocks)
dbig pool: APU2 hipMalloc 0.03 GB inside the phase (free 0.03 GB in 3 extents, largest 0.01; live 0.10 GB in 37 blocks)
dbig pool: APU1 hipMalloc 0.03 GB inside the phase (free 0.03 GB in 3 extents, largest 0.01; live 0.10 GB in 24 blocks)
dbig pool: APU0 hipMalloc 0.03 GB inside the phase (free 0.03 GB in 3 extents, largest 0.01; live 0.10 GB in 29 blocks)
dbig pool: APU2 hipMalloc 0.03 GB inside the phase (free 0.03 GB in 3 extents, largest 0.01; live 0.10 GB in 34 blocks)
dbig pool: APU3 hipMalloc 0.03 GB inside the phase (free 0.03 GB in 3 extents, largest 0.01; live 0.10 GB in 37 blocks)
dbig pool: APU0 hipMalloc 0.03 GB inside the phase (free 0.03 GB in 3 extents, largest 0.01; live 0.10 GB in 24 blocks)
dbig pool: APU3 hipMalloc 0.03 GB inside the phase (free 0.03 GB in 3 extents, largest 0.01; live 0.10 GB in 27 blocks)
dbig pool: APU1 hipMalloc 0.03 GB inside the phase (free 0.03 GB in 3 extents, largest 0.01; live 0.10 GB in 32 blocks)
dbig pool: APU2 hipMalloc 0.03 GB inside the phase (free 0.03 GB in 3 extents, largest 0.01; live 0.10 GB in 38 blocks)
dbig pool: APU0 hipMalloc 0.01 GB inside the phase (free 0.00 GB in 1 extents, largest 0.00; live 0.16 GB in 42 blocks)
dbig pool: APU0 hipMalloc 0.01 GB inside the phase (free 0.00 GB in 1 extents, largest 0.00; live 0.16 GB in 42 blocks)
dbig pool: APU0 hipMalloc 0.01 GB inside the phase (free 0.00 GB in 1 extents, largest 0.00; live 0.16 GB in 42 blocks)
dbig pool: APU0 hipMalloc 0.01 GB inside the phase (free 0.00 GB in 1 extents, largest 0.00; live 0.16 GB in 40 blocks)
dbig pool: APU1 hipMalloc 0.01 GB inside the phase (free 0.00 GB in 1 extents, largest 0.00; live 0.16 GB in 42 blocks)
dbig pool: APU3 hipMalloc 0.01 GB inside the phase (free 0.00 GB in 1 extents, largest 0.00; live 0.16 GB in 41 blocks)
dbig pool: APU3 hipMalloc 0.01 GB inside the phase (free 0.00 GB in 1 extents, largest 0.00; live 0.16 GB in 42 blocks)
dbig pool: APU1 hipMalloc 0.01 GB inside the phase (free 0.00 GB in 1 extents, largest 0.00; live 0.16 GB in 41 blocks)
dbig pool: APU3 hipMalloc 0.01 GB inside the phase (free 0.00 GB in 1 extents, largest 0.00; live 0.16 GB in 43 blocks)
dbig pool: APU1 hipMalloc 0.01 GB inside the phase (free 0.00 GB in 1 extents, largest 0.00; live 0.16 GB in 42 blocks)
dbig pool: APU1 hipMalloc 0.01 GB inside the phase (free 0.00 GB in 1 extents, largest 0.00; live 0.16 GB in 43 blocks)
dbig pool: APU3 hipMalloc 0.01 GB inside the phase (free 0.00 GB in 1 extents, largest 0.00; live 0.16 GB in 42 blocks)
dbig pool: APU2 hipMalloc 0.01 GB inside the phase (free 0.00 GB in 1 extents, largest 0.00; live 0.16 GB in 44 blocks)
dbig pool: APU2 hipMalloc 0.01 GB inside the phase (free 0.00 GB in 1 extents, largest 0.00; live 0.16 GB in 41 blocks)
dbig pool: APU2 hipMalloc 0.01 GB inside the phase (free 0.00 GB in 1 extents, largest 0.00; live 0.16 GB in 38 blocks)
dbig pool: APU2 hipMalloc 0.01 GB inside the phase (free 0.00 GB in 1 extents, largest 0.00; live 0.16 GB in 38 blocks)
dbig pool: APU2 hipMalloc 0.02 GB inside the phase (free 0.04 GB in 4 extents, largest 0.01; live 0.13 GB in 35 blocks)
dbig pool: APU2 hipMalloc 0.02 GB inside the phase (free 0.04 GB in 4 extents, largest 0.01; live 0.13 GB in 34 blocks)
dbig pool: APU0 hipMalloc 0.02 GB inside the phase (free 0.04 GB in 4 extents, largest 0.01; live 0.13 GB in 35 blocks)
dbig pool: APU1 hipMalloc 0.02 GB inside the phase (free 0.04 GB in 4 extents, largest 0.01; live 0.13 GB in 33 blocks)
dbig pool: APU0 hipMalloc 0.02 GB inside the phase (free 0.04 GB in 4 extents, largest 0.01; live 0.13 GB in 35 blocks)
dbig pool: APU0 hipMalloc 0.02 GB inside the phase (free 0.04 GB in 4 extents, largest 0.01; live 0.13 GB in 35 blocks)
dbig pool: APU0 hipMalloc 0.02 GB inside the phase (free 0.04 GB in 4 extents, largest 0.01; live 0.13 GB in 34 blocks)
dbig pool: APU2 hipMalloc 0.02 GB inside the phase (free 0.04 GB in 4 extents, largest 0.01; live 0.13 GB in 34 blocks)
dbig pool: APU1 hipMalloc 0.02 GB inside the phase (free 0.04 GB in 4 extents, largest 0.01; live 0.13 GB in 35 blocks)
dbig pool: APU3 hipMalloc 0.02 GB inside the phase (free 0.04 GB in 4 extents, largest 0.01; live 0.13 GB in 35 blocks)
dbig pool: APU1 hipMalloc 0.02 GB inside the phase (free 0.04 GB in 4 extents, largest 0.01; live 0.13 GB in 35 blocks)
dbig pool: APU1 hipMalloc 0.02 GB inside the phase (free 0.04 GB in 4 extents, largest 0.01; live 0.13 GB in 34 blocks)
dbig pool: APU2 hipMalloc 0.02 GB inside the phase (free 0.04 GB in 4 extents, largest 0.01; live 0.13 GB in 35 blocks)
dbig pool: APU3 hipMalloc 0.02 GB inside the phase (free 0.04 GB in 4 extents, largest 0.01; live 0.13 GB in 35 blocks)
dbig pool: APU3 hipMalloc 0.02 GB inside the phase (free 0.04 GB in 4 extents, largest 0.01; live 0.13 GB in 35 blocks)
dbig pool: APU3 hipMalloc 0.02 GB inside the phase (free 0.04 GB in 4 extents, largest 0.01; live 0.13 GB in 35 blocks)
dist_mn node 0: 2^26 = 2^13 x 2^13 over 4 x 4 ranks, 3 primes (rows 512..512; 20132659 + 16777216 + x limbs at 0, window [0, 9227469) of share [0, 9227469)): redistribute 0.168 ntt 0.356 crt 0.000 out 0.031 spills+carry 0.001 total 0.544 s
dist_mn node 0: 20132659 x 16777216 limbs over 4 x 4 ranks (cap 2^26): 1 x 1 pieces, 1 formed, 0 skipped (cache 0 slots: 0 hits, 0 misses)
dist_mn node 1: 2^26 = 2^13 x 2^13 over 4 x 4 ranks, 3 primes (rows 512..512; 20132659 + 16777216 + x limbs at 0, window [9227469, 18454938) of share [9227469, 18454938)): redistribute 0.155 ntt 0.351 crt 0.001 out 0.030 spills+carry 0.001 total 0.533 s
dist_mn node 1: 20132659 x 16777216 limbs over 4 x 4 ranks (cap 2^26): 1 x 1 pieces, 1 formed, 0 skipped (cache 0 slots: 0 hits, 0 misses)
dist_mn node 2: 2^26 = 2^13 x 2^13 over 4 x 4 ranks, 3 primes (rows 512..512; 20132659 + 16777216 + x limbs at 0, window [18454938, 27682407) of share [18454938, 27682407)): redistribute 0.034 ntt 0.359 crt 0.002 out 0.029 spills+carry 0.001 total 0.418 s
dist_mn node 2: 20132659 x 16777216 limbs over 4 x 4 ranks (cap 2^26): 1 x 1 pieces, 1 formed, 0 skipped (cache 0 slots: 0 hits, 0 misses)
dist_mn node 3: 2^26 = 2^13 x 2^13 over 4 x 4 ranks, 3 primes (rows 512..512; 20132659 + 16777216 + x limbs at 0, window [27682407, 36909876) of share [27682407, 36909876)): redistribute 0.082 ntt 0.354 crt 0.005 out 0.030 spills+carry 0.001 total 0.457 s
dist_mn node 3: 20132659 x 16777216 limbs over 4 x 4 ranks (cap 2^26): 1 x 1 pieces, 1 formed, 0 skipped (cache 0 slots: 0 hits, 0 misses)
dist_mn node 0: 20132659 + 16777216 + x limbs -> 36909875 (share 9227469): redistribute 0.168 ntt 0.356 crt 0.000 out 0.031 spills+carry 0.001, total 0.546 s
dist_mn node 1: 20132659 + 16777216 + x limbs -> 36909875 (share 9227469): redistribute 0.155 ntt 0.351 crt 0.001 out 0.030 spills+carry 0.001, total 0.534 s
dist_mn node 2: 20132659 + 16777216 + x limbs -> 36909875 (share 9227469): redistribute 0.034 ntt 0.359 crt 0.002 out 0.029 spills+carry 0.001, total 0.419 s
dist_mn node 3: 20132659 + 16777216 + x limbs -> 36909875 (share 9227469): redistribute 0.082 ntt 0.354 crt 0.005 out 0.030 spills+carry 0.001, total 0.458 s
dist_mn node 0: 2^26 = 2^13 x 2^13 over 4 x 4 ranks, 3 primes (rows 512..512; 20132659 + 16777216 limbs at 0, window [0, 5033165) of share [0, 5033165)): redistribute 0.024 ntt 0.379 crt 0.001 out 0.015 spills+carry 0.001 total 0.411 s
dist_mn node 0: 20132659 x 16777216 limbs over 4 x 4 ranks (cap 2^26): 1 x 1 pieces, 1 formed, 0 skipped (low product) (cache 0 slots: 0 hits, 0 misses)
dist_mn node 1: 2^26 = 2^13 x 2^13 over 4 x 4 ranks, 3 primes (rows 512..512; 20132659 + 16777216 limbs at 0, window [5033165, 10066330) of share [5033165, 10066330)): redistribute 0.025 ntt 0.379 crt 0.000 out 0.013 spills+carry 0.000 total 0.412 s
dist_mn node 1: 20132659 x 16777216 limbs over 4 x 4 ranks (cap 2^26): 1 x 1 pieces, 1 formed, 0 skipped (low product) (cache 0 slots: 0 hits, 0 misses)
dist_mn node 2: 2^26 = 2^13 x 2^13 over 4 x 4 ranks, 3 primes (rows 512..512; 20132659 + 16777216 limbs at 0, window [10066330, 15099495) of share [10066330, 15099495)): redistribute 0.025 ntt 0.381 crt 0.000 out 0.011 spills+carry 0.001 total 0.412 s
dist_mn node 2: 20132659 x 16777216 limbs over 4 x 4 ranks (cap 2^26): 1 x 1 pieces, 1 formed, 0 skipped (low product) (cache 0 slots: 0 hits, 0 misses)
dist_mn node 3: 2^26 = 2^13 x 2^13 over 4 x 4 ranks, 3 primes (rows 512..512; 20132659 + 16777216 limbs at 0, window [15099495, 20132661) of share [15099495, 20132661)): redistribute 0.026 ntt 0.382 crt 0.001 out 0.014 spills+carry 0.001 total 0.412 s
dist_mn node 3: 20132659 x 16777216 limbs over 4 x 4 ranks (cap 2^26): 1 x 1 pieces, 1 formed, 0 skipped (low product) (cache 0 slots: 0 hits, 0 misses)
dist_mn node 0: 20132659 + 16777216 limbs -> 20132661 (share 5033165): redistribute 0.024 ntt 0.379 crt 0.001 out 0.015 spills+carry 0.001, total 0.412 s
dist_mn node 1: 20132659 + 16777216 limbs -> 20132661 (share 5033165): redistribute 0.025 ntt 0.379 crt 0.000 out 0.013 spills+carry 0.000, total 0.412 s
dist_mn node 2: 20132659 + 16777216 limbs -> 20132661 (share 5033165): redistribute 0.025 ntt 0.381 crt 0.000 out 0.011 spills+carry 0.001, total 0.412 s
dist_mn node 3: 20132659 + 16777216 limbs -> 20132661 (share 5033166): redistribute 0.026 ntt 0.382 crt 0.001 out 0.014 spills+carry 0.001, total 0.412 s
dist_mn node 0: 2^25 = 2^12 x 2^13 over 4 x 4 ranks, 3 primes (rows 256..256; 10066330 + 10066330 limbs at 0, window [0, 2516582) of share [0, 2516582)): redistribute 0.034 ntt 0.240 crt 0.000 out 0.008 spills+carry 0.000 total 0.303 s
dist_mn node 0: 10066330 x 10066330 limbs over 4 x 4 ranks (cap 2^26): 1 x 1 pieces, 1 formed, 0 skipped (low product) (cache 0 slots: 0 hits, 0 misses)
dist_mn node 1: 2^25 = 2^12 x 2^13 over 4 x 4 ranks, 3 primes (rows 256..256; 10066330 + 10066330 limbs at 0, window [2516582, 5033165) of share [2516582, 5033165)): redistribute 0.035 ntt 0.244 crt 0.000 out 0.005 spills+carry 0.000 total 0.303 s
dist_mn node 1: 10066330 x 10066330 limbs over 4 x 4 ranks (cap 2^26): 1 x 1 pieces, 1 formed, 0 skipped (low product) (cache 0 slots: 0 hits, 0 misses)
dist_mn node 1: 10066330 + 10066330 limbs -> 10066330 (share 2516583): redistribute 0.035 ntt 0.244 crt 0.000 out 0.005 spills+carry 0.000, total 0.303 s
dist_mn node 2: 2^25 = 2^12 x 2^13 over 4 x 4 ranks, 3 primes (rows 256..256; 10066330 + 10066330 limbs at 0, window [5033165, 7549747) of share [5033165, 7549747)): redistribute 0.019 ntt 0.237 crt 0.000 out 0.007 spills+carry 0.000 total 0.303 s
dist_mn node 2: 10066330 x 10066330 limbs over 4 x 4 ranks (cap 2^26): 1 x 1 pieces, 1 formed, 0 skipped (low product) (cache 0 slots: 0 hits, 0 misses)
dist_mn node 2: 10066330 + 10066330 limbs -> 10066330 (share 2516582): redistribute 0.019 ntt 0.237 crt 0.000 out 0.007 spills+carry 0.000, total 0.303 s
dist_mn node 3: 2^25 = 2^12 x 2^13 over 4 x 4 ranks, 3 primes (rows 256..256; 10066330 + 10066330 limbs at 0, window [7549747, 10066330) of share [7549747, 10066330)): redistribute 0.041 ntt 0.241 crt 0.000 out 0.008 spills+carry 0.000 total 0.303 s
dist_mn node 3: 10066330 x 10066330 limbs over 4 x 4 ranks (cap 2^26): 1 x 1 pieces, 1 formed, 0 skipped (low product) (cache 0 slots: 0 hits, 0 misses)
dist_mn node 3: 10066330 + 10066330 limbs -> 10066330 (share 2516583): redistribute 0.041 ntt 0.241 crt 0.000 out 0.008 spills+carry 0.000, total 0.303 s
dist_mn node 0: 10066330 + 10066330 limbs -> 10066330 (share 2516582): redistribute 0.034 ntt 0.240 crt 0.000 out 0.008 spills+carry 0.000, total 0.303 s
dist_mn node 0: 2^26 = 2^13 x 2^13 over 4 x 4 ranks, 3 primes (rows 512..512; 20132659 + 16777216 limbs at 0, window [0, 9227468) of share [0, 9227468)): redistribute 0.034 ntt 0.376 crt 0.000 out 0.022 spills+carry 0.001 total 0.451 s
dist_mn node 0: 20132659 x 16777216 limbs over 4 x 4 ranks (cap 2^26): 1 x 1 pieces, 1 formed, 0 skipped (low product) (cache 0 slots: 0 hits, 0 misses)
dist_mn node 1: 2^26 = 2^13 x 2^13 over 4 x 4 ranks, 3 primes (rows 512..512; 20132659 + 16777216 limbs at 0, window [9227468, 18454937) of share [9227468, 18454937)): redistribute 0.034 ntt 0.377 crt 0.000 out 0.021 spills+carry 0.001 total 0.451 s
dist_mn node 1: 20132659 x 16777216 limbs over 4 x 4 ranks (cap 2^26): 1 x 1 pieces, 1 formed, 0 skipped (low product) (cache 0 slots: 0 hits, 0 misses)
dist_mn node 3: 2^26 = 2^13 x 2^13 over 4 x 4 ranks, 3 primes (rows 512..512; 20132659 + 16777216 limbs at 0, window [27682405, 36909874) of share [27682405, 36909874)): redistribute 0.026 ntt 0.375 crt 0.000 out 0.023 spills+carry 0.001 total 0.451 s
dist_mn node 3: 20132659 x 16777216 limbs over 4 x 4 ranks (cap 2^26): 1 x 1 pieces, 1 formed, 0 skipped (low product) (cache 0 slots: 0 hits, 0 misses)
dist_mn node 2: 2^26 = 2^13 x 2^13 over 4 x 4 ranks, 3 primes (rows 512..512; 20132659 + 16777216 limbs at 0, window [18454937, 27682405) of share [18454937, 27682405)): redistribute 0.024 ntt 0.380 crt 0.000 out 0.021 spills+carry 0.001 total 0.451 s
dist_mn node 2: 20132659 x 16777216 limbs over 4 x 4 ranks (cap 2^26): 1 x 1 pieces, 1 formed, 0 skipped (low product) (cache 0 slots: 0 hits, 0 misses)
dist_mn node 0: 20132659 + 16777216 limbs -> 36909874 (share 9227468): redistribute 0.034 ntt 0.376 crt 0.000 out 0.022 spills+carry 0.001, total 0.452 s
dist_mn node 1: 20132659 + 16777216 limbs -> 36909874 (share 9227469): redistribute 0.034 ntt 0.377 crt 0.000 out 0.021 spills+carry 0.001, total 0.452 s
dist_mn node 2: 20132659 + 16777216 limbs -> 36909874 (share 9227468): redistribute 0.024 ntt 0.380 crt 0.000 out 0.021 spills+carry 0.001, total 0.452 s
dist_mn node 3: 20132659 + 16777216 limbs -> 36909874 (share 9227469): redistribute 0.026 ntt 0.375 crt 0.000 out 0.023 spills+carry 0.001, total 0.452 s
dist_mn node 0: 2^26 = 2^13 x 2^13 over 4 x 4 ranks, 3 primes (rows 512..512; 20132659 + 16777216 limbs at 0, window [0, 9227468) of share [0, 9227468)): redistribute 0.021 ntt 0.376 crt 0.000 out 0.014 spills+carry 0.001 total 0.407 s
dist_mn node 0: 20132659 x 16777216 limbs over 4 x 4 ranks (cap 2^26): 1 x 1 pieces, 1 formed, 0 skipped (low cut) (cache 0 slots: 0 hits, 0 misses)
dist_mn node 1: 2^26 = 2^13 x 2^13 over 4 x 4 ranks, 3 primes (rows 512..512; 20132659 + 16777216 limbs at 0, window [9227468, 18454937) of share [9227468, 18454937)): redistribute 0.024 ntt 0.372 crt 0.000 out 0.018 spills+carry 0.001 total 0.407 s
dist_mn node 1: 20132659 x 16777216 limbs over 4 x 4 ranks (cap 2^26): 1 x 1 pieces, 1 formed, 0 skipped (low cut) (cache 0 slots: 0 hits, 0 misses)
dist_mn node 2: 2^26 = 2^13 x 2^13 over 4 x 4 ranks, 3 primes (rows 512..512; 20132659 + 16777216 limbs at 0, window [18454937, 27682406) of share [18454937, 27682406)): redistribute 0.027 ntt 0.371 crt 0.000 out 0.018 spills+carry 0.001 total 0.407 s
dist_mn node 2: 20132659 x 16777216 limbs over 4 x 4 ranks (cap 2^26): 1 x 1 pieces, 1 formed, 0 skipped (low cut) (cache 0 slots: 0 hits, 0 misses)
dist_mn node 3: 2^26 = 2^13 x 2^13 over 4 x 4 ranks, 3 primes (rows 512..512; 20132659 + 16777216 limbs at 0, window [27682406, 36909875) of share [27682406, 36909875)): redistribute 0.024 ntt 0.372 crt 0.000 out 0.016 spills+carry 0.001 total 0.407 s
dist_mn node 3: 20132659 x 16777216 limbs over 4 x 4 ranks (cap 2^26): 1 x 1 pieces, 1 formed, 0 skipped (low cut) (cache 0 slots: 0 hits, 0 misses)
dist_mn node 0: 20132659 + 16777216 limbs -> 36909875 (share 9227468): redistribute 0.021 ntt 0.376 crt 0.000 out 0.014 spills+carry 0.001, total 0.408 s
dist_mn node 1: 20132659 + 16777216 limbs -> 36909875 (share 9227469): redistribute 0.024 ntt 0.372 crt 0.000 out 0.018 spills+carry 0.001, total 0.408 s
dist_mn node 2: 20132659 + 16777216 limbs -> 36909875 (share 9227469): redistribute 0.027 ntt 0.371 crt 0.000 out 0.018 spills+carry 0.001, total 0.408 s
dist_mn node 3: 20132659 + 16777216 limbs -> 36909875 (share 9227469): redistribute 0.024 ntt 0.372 crt 0.000 out 0.016 spills+carry 0.001, total 0.408 s
dist_mn node 0: 2^26 = 2^13 x 2^13 over 4 x 4 ranks, 3 primes (rows 512..512; 20132659 + 16777216 limbs at 0, window [0, 9227468) of share [0, 9227468)): redistribute 0.022 ntt 0.369 crt 0.001 out 0.016 spills+carry 0.001 total 0.404 s
dist_mn node 0: 20132659 x 16777216 limbs over 4 x 4 ranks (cap 2^26): 1 x 1 pieces, 1 formed, 0 skipped (low product) (low cut) (cache 0 slots: 0 hits, 0 misses)
dist_mn node 1: 2^26 = 2^13 x 2^13 over 4 x 4 ranks, 3 primes (rows 512..512; 20132659 + 16777216 limbs at 0, window [9227468, 18454937) of share [9227468, 18454937)): redistribute 0.022 ntt 0.369 crt 0.000 out 0.017 spills+carry 0.001 total 0.404 s
dist_mn node 1: 20132659 x 16777216 limbs over 4 x 4 ranks (cap 2^26): 1 x 1 pieces, 1 formed, 0 skipped (low product) (low cut) (cache 0 slots: 0 hits, 0 misses)
dist_mn node 2: 2^26 = 2^13 x 2^13 over 4 x 4 ranks, 3 primes (rows 512..512; 20132659 + 16777216 limbs at 0, window [18454937, 27682405) of share [18454937, 27682405)): redistribute 0.021 ntt 0.367 crt 0.001 out 0.018 spills+carry 0.001 total 0.404 s
dist_mn node 2: 20132659 x 16777216 limbs over 4 x 4 ranks (cap 2^26): 1 x 1 pieces, 1 formed, 0 skipped (low product) (low cut) (cache 0 slots: 0 hits, 0 misses)
dist_mn node 3: 2^26 = 2^13 x 2^13 over 4 x 4 ranks, 3 primes (rows 512..512; 20132659 + 16777216 limbs at 0, window [27682405, 36909874) of share [27682405, 36909874)): redistribute 0.024 ntt 0.366 crt 0.000 out 0.018 spills+carry 0.001 total 0.404 s
dist_mn node 3: 20132659 x 16777216 limbs over 4 x 4 ranks (cap 2^26): 1 x 1 pieces, 1 formed, 0 skipped (low product) (low cut) (cache 0 slots: 0 hits, 0 misses)
dist_mn node 0: 20132659 + 16777216 limbs -> 36909874 (share 9227468): redistribute 0.022 ntt 0.369 crt 0.001 out 0.016 spills+carry 0.001, total 0.405 s
dist_mn node 1: 20132659 + 16777216 limbs -> 36909874 (share 9227469): redistribute 0.022 ntt 0.369 crt 0.000 out 0.017 spills+carry 0.001, total 0.405 s
dist_mn node 2: 20132659 + 16777216 limbs -> 36909874 (share 9227468): redistribute 0.021 ntt 0.367 crt 0.001 out 0.018 spills+carry 0.001, total 0.405 s
dist_mn node 3: 20132659 + 16777216 limbs -> 36909874 (share 9227469): redistribute 0.024 ntt 0.366 crt 0.000 out 0.018 spills+carry 0.001, total 0.405 s
dist_mn node 0: 2^26 = 2^13 x 2^13 over 4 x 4 ranks, 3 primes (rows 512..512; 20132659 + 16777216 limbs at 0, window [0, 9227468) of share [0, 9227468)): redistribute 0.028 ntt 0.355 crt 0.001 out 0.022 spills+carry 0.001 total 0.394 s
dist_mn node 0: 20132659 x 16777216 limbs over 4 x 4 ranks (cap 2^26): 1 x 1 pieces, 1 formed, 0 skipped (low cut) (cache 0 slots: 0 hits, 0 misses)
dist_mn node 1: 2^26 = 2^13 x 2^13 over 4 x 4 ranks, 3 primes (rows 512..512; 20132659 + 16777216 limbs at 0, window [9227468, 18454937) of share [9227468, 18454937)): redistribute 0.024 ntt 0.353 crt 0.001 out 0.022 spills+carry 0.001 total 0.394 s
dist_mn node 1: 20132659 x 16777216 limbs over 4 x 4 ranks (cap 2^26): 1 x 1 pieces, 1 formed, 0 skipped (low cut) (cache 0 slots: 0 hits, 0 misses)
dist_mn node 2: 2^26 = 2^13 x 2^13 over 4 x 4 ranks, 3 primes (rows 512..512; 20132659 + 16777216 limbs at 0, window [18454937, 27682406) of share [18454937, 27682406)): redistribute 0.027 ntt 0.353 crt 0.001 out 0.020 spills+carry 0.001 total 0.394 s
dist_mn node 2: 20132659 x 16777216 limbs over 4 x 4 ranks (cap 2^26): 1 x 1 pieces, 1 formed, 0 skipped (low cut) (cache 0 slots: 0 hits, 0 misses)
dist_mn node 3: 2^26 = 2^13 x 2^13 over 4 x 4 ranks, 3 primes (rows 512..512; 20132659 + 16777216 limbs at 0, window [27682406, 36909875) of share [27682406, 36909875)): redistribute 0.022 ntt 0.358 crt 0.001 out 0.020 spills+carry 0.001 total 0.394 s
dist_mn node 3: 20132659 x 16777216 limbs over 4 x 4 ranks (cap 2^26): 1 x 1 pieces, 1 formed, 0 skipped (low cut) (cache 0 slots: 0 hits, 0 misses)
dist_mn node 0: 20132659 + 16777216 limbs -> 36909875 (share 9227468): redistribute 0.028 ntt 0.355 crt 0.001 out 0.022 spills+carry 0.001, total 0.395 s
dist_mn node 1: 20132659 + 16777216 limbs -> 36909875 (share 9227469): redistribute 0.024 ntt 0.353 crt 0.001 out 0.022 spills+carry 0.001, total 0.395 s
dist_mn node 2: 20132659 + 16777216 limbs -> 36909875 (share 9227469): redistribute 0.027 ntt 0.353 crt 0.001 out 0.020 spills+carry 0.001, total 0.395 s
dist_mn node 3: 20132659 + 16777216 limbs -> 36909875 (share 9227469): redistribute 0.022 ntt 0.358 crt 0.001 out 0.020 spills+carry 0.001, total 0.395 s
dist_mn node 0: 2^26 = 2^13 x 2^13 over 4 x 4 ranks, 3 primes (rows 512..512; 20132659 + 16777216 limbs at 0, window [0, 9227468) of share [0, 9227468)): redistribute 0.033 ntt 0.373 crt 0.000 out 0.018 spills+carry 0.001 total 0.408 s
dist_mn node 0: 20132659 x 16777216 limbs over 4 x 4 ranks (cap 2^26): 1 x 1 pieces, 1 formed, 0 skipped (low product) (low cut) (cache 0 slots: 0 hits, 0 misses)
dist_mn node 1: 2^26 = 2^13 x 2^13 over 4 x 4 ranks, 3 primes (rows 512..512; 20132659 + 16777216 limbs at 0, window [9227468, 18454937) of share [9227468, 18454937)): redistribute 0.034 ntt 0.374 crt 0.001 out 0.014 spills+carry 0.001 total 0.408 s
dist_mn node 1: 20132659 x 16777216 limbs over 4 x 4 ranks (cap 2^26): 1 x 1 pieces, 1 formed, 0 skipped (low product) (low cut) (cache 0 slots: 0 hits, 0 misses)
dist_mn node 2: 2^26 = 2^13 x 2^13 over 4 x 4 ranks, 3 primes (rows 512..512; 20132659 + 16777216 limbs at 0, window [18454937, 27682405) of share [18454937, 27682405)): redistribute 0.032 ntt 0.373 crt 0.001 out 0.015 spills+carry 0.001 total 0.408 s
dist_mn node 2: 20132659 x 16777216 limbs over 4 x 4 ranks (cap 2^26): 1 x 1 pieces, 1 formed, 0 skipped (low product) (low cut) (cache 0 slots: 0 hits, 0 misses)
dist_mn node 3: 2^26 = 2^13 x 2^13 over 4 x 4 ranks, 3 primes (rows 512..512; 20132659 + 16777216 limbs at 0, window [27682405, 36909874) of share [27682405, 36909874)): redistribute 0.038 ntt 0.371 crt 0.000 out 0.018 spills+carry 0.001 total 0.408 s
dist_mn node 3: 20132659 x 16777216 limbs over 4 x 4 ranks (cap 2^26): 1 x 1 pieces, 1 formed, 0 skipped (low product) (low cut) (cache 0 slots: 0 hits, 0 misses)
dist_mn node 0: 20132659 + 16777216 limbs -> 36909874 (share 9227468): redistribute 0.033 ntt 0.373 crt 0.000 out 0.018 spills+carry 0.001, total 0.409 s
dist_mn node 1: 20132659 + 16777216 limbs -> 36909874 (share 9227469): redistribute 0.034 ntt 0.374 crt 0.001 out 0.014 spills+carry 0.001, total 0.409 s
dist_mn node 2: 20132659 + 16777216 limbs -> 36909874 (share 9227468): redistribute 0.032 ntt 0.373 crt 0.001 out 0.015 spills+carry 0.001, total 0.409 s
dist_mn node 3: 20132659 + 16777216 limbs -> 36909874 (share 9227469): redistribute 0.038 ntt 0.371 crt 0.000 out 0.018 spills+carry 0.001, total 0.409 s
dist_mn node 0: 20132659 x 16777216 limbs over 4 x 4 ranks (cap 2^26): 1 x 1 pieces, 0 formed, 1 skipped (low cut) (cache 0 slots: 0 hits, 0 misses)
dist_mn node 1: 20132659 x 16777216 limbs over 4 x 4 ranks (cap 2^26): 1 x 1 pieces, 0 formed, 1 skipped (low cut) (cache 0 slots: 0 hits, 0 misses)
dist_mn node 2: 20132659 x 16777216 limbs over 4 x 4 ranks (cap 2^26): 1 x 1 pieces, 0 formed, 1 skipped (low cut) (cache 0 slots: 0 hits, 0 misses)
dist_mn node 3: 20132659 x 16777216 limbs over 4 x 4 ranks (cap 2^26): 1 x 1 pieces, 0 formed, 1 skipped (low cut) (cache 0 slots: 0 hits, 0 misses)
dist_mn node 0: 20132659 + 16777216 limbs -> 0 (share 9227468): redistribute 0.000 ntt 0.000 crt 0.000 out 0.000 spills+carry 0.000, total 0.000 s
dist_mn node 1: 20132659 + 16777216 limbs -> 0 (share 9227469): redistribute 0.000 ntt 0.000 crt 0.000 out 0.000 spills+carry 0.000, total 0.000 s
dist_mn node 2: 20132659 + 16777216 limbs -> 0 (share 9227469): redistribute 0.000 ntt 0.000 crt 0.000 out 0.000 spills+carry 0.000, total 0.000 s
dist_mn node 3: 20132659 + 16777216 limbs -> 0 (share 9227469): redistribute 0.000 ntt 0.000 crt 0.000 out 0.000 spills+carry 0.000, total 0.000 s
mdev 3*2^24 (36909875 limbs): repack 0.061 h2d 0.001 fwd 0.013 inv 0.010 d2h 0.023 crt 0.019 total 0.107 s
mdev 3*2^24 (36909875 limbs): repack 0.077 h2d 0.001 fwd 0.020 inv 0.008 d2h 0.063 crt 0.027 total 0.153 s
mdev 3*2^24 (36909875 limbs): repack 0.071 h2d 0.001 fwd 0.019 inv 0.009 d2h 0.053 crt 0.037 total 0.159 s
mdev 3*2^24 (36909875 limbs): repack 0.054 h2d 0.001 fwd 0.019 inv 0.009 d2h 0.083 crt 0.040 total 0.166 s
dist_mn node 0: 20132659 x 16777216 limbs over 4 x 4 ranks (cap 2^26): 1 x 1 pieces, 0 formed, 1 skipped (low product) (low cut) (cache 0 slots: 0 hits, 0 misses)
dist_mn node 1: 20132659 x 16777216 limbs over 4 x 4 ranks (cap 2^26): 1 x 1 pieces, 0 formed, 1 skipped (low product) (low cut) (cache 0 slots: 0 hits, 0 misses)
dist_mn node 2: 20132659 x 16777216 limbs over 4 x 4 ranks (cap 2^26): 1 x 1 pieces, 0 formed, 1 skipped (low product) (low cut) (cache 0 slots: 0 hits, 0 misses)
dist_mn node 3: 20132659 x 16777216 limbs over 4 x 4 ranks (cap 2^26): 1 x 1 pieces, 0 formed, 1 skipped (low product) (low cut) (cache 0 slots: 0 hits, 0 misses)
dist_mn node 0: 20132659 + 16777216 limbs -> 0 (share 9227468): redistribute 0.000 ntt 0.000 crt 0.000 out 0.000 spills+carry 0.000, total 0.000 s
dist_mn node 1: 20132659 + 16777216 limbs -> 0 (share 9227469): redistribute 0.000 ntt 0.000 crt 0.000 out 0.000 spills+carry 0.000, total 0.000 s
dist_mn node 2: 20132659 + 16777216 limbs -> 0 (share 9227468): redistribute 0.000 ntt 0.000 crt 0.000 out 0.000 spills+carry 0.000, total 0.000 s
dist_mn node 3: 20132659 + 16777216 limbs -> 0 (share 9227469): redistribute 0.000 ntt 0.000 crt 0.000 out 0.000 spills+carry 0.000, total 0.000 s
mdev 3*2^24 (36909875 limbs): repack 0.064 h2d 0.001 fwd 0.020 inv 0.010 d2h 0.037 crt 0.034 total 0.137 s
mdev 3*2^24 (36909875 limbs): repack 0.062 h2d 0.001 fwd 0.011 inv 0.009 d2h 0.059 crt 0.050 total 0.146 s
mdev 3*2^24 (36909875 limbs): repack 0.043 h2d 0.001 fwd 0.020 inv 0.006 d2h 0.086 crt 0.027 total 0.162 s
mdev 3*2^24 (36909875 limbs): repack 0.058 h2d 0.001 fwd 0.019 inv 0.009 d2h 0.109 crt 0.052 total 0.201 s
   transform cache: 2 of 2 slots of 0.1 GiB per APU allocated in 0.06 s (margin 24 GB) = 1.07 GB per node-process
   transform cache: 2 of 2 slots of 0.1 GiB per APU allocated in 0.05 s (margin 24 GB) = 1.07 GB per node-process
   transform cache: 2 of 2 slots of 0.1 GiB per APU allocated in 0.06 s (margin 24 GB) = 1.07 GB per node-process
   transform cache: 2 of 2 slots of 0.1 GiB per APU allocated in 0.05 s (margin 24 GB) = 1.07 GB per node-process
dist_mn node 0: 2^26 = 2^13 x 2^13 over 4 x 4 ranks, 3 primes (rows 512..512; 20132659 + 16777216 limbs at 0, window [0, 9227468) of share [0, 9227468)): redistribute 0.018 ntt 0.325 crt 0.001 out 0.025 spills+carry 0.001 total 0.369 s [B cached]
dist_mn node 0: 20132659 x 16777216 limbs over 4 x 4 ranks (cap 2^26): 1 x 1 pieces, 1 formed, 0 skipped (cache 2 slots: 0 hits, 1 misses)
dist_mn node 1: 2^26 = 2^13 x 2^13 over 4 x 4 ranks, 3 primes (rows 512..512; 20132659 + 16777216 limbs at 0, window [9227468, 18454937) of share [9227468, 18454937)): redistribute 0.018 ntt 0.330 crt 0.001 out 0.021 spills+carry 0.001 total 0.369 s [B cached]
dist_mn node 1: 20132659 x 16777216 limbs over 4 x 4 ranks (cap 2^26): 1 x 1 pieces, 1 formed, 0 skipped (cache 2 slots: 0 hits, 1 misses)
dist_mn node 2: 2^26 = 2^13 x 2^13 over 4 x 4 ranks, 3 primes (rows 512..512; 20132659 + 16777216 limbs at 0, window [18454937, 27682406) of share [18454937, 27682406)): redistribute 0.019 ntt 0.333 crt 0.001 out 0.021 spills+carry 0.001 total 0.368 s [B cached]
dist_mn node 2: 20132659 x 16777216 limbs over 4 x 4 ranks (cap 2^26): 1 x 1 pieces, 1 formed, 0 skipped (cache 2 slots: 0 hits, 1 misses)
dist_mn node 3: 2^26 = 2^13 x 2^13 over 4 x 4 ranks, 3 primes (rows 512..512; 20132659 + 16777216 limbs at 0, window [27682406, 36909875) of share [27682406, 36909875)): redistribute 0.019 ntt 0.332 crt 0.000 out 0.019 spills+carry 0.001 total 0.368 s [B cached]
dist_mn node 3: 20132659 x 16777216 limbs over 4 x 4 ranks (cap 2^26): 1 x 1 pieces, 1 formed, 0 skipped (cache 2 slots: 0 hits, 1 misses)
dist_mn node 0: 20132659 + 16777216 limbs -> 36909875 (share 9227468): redistribute 0.018 ntt 0.325 crt 0.001 out 0.025 spills+carry 0.001, total 0.547 s
dist_mn node 1: 20132659 + 16777216 limbs -> 36909875 (share 9227469): redistribute 0.018 ntt 0.330 crt 0.001 out 0.021 spills+carry 0.001, total 0.497 s
dist_mn node 2: 20132659 + 16777216 limbs -> 36909875 (share 9227469): redistribute 0.019 ntt 0.333 crt 0.001 out 0.021 spills+carry 0.001, total 0.496 s
dist_mn node 3: 20132659 + 16777216 limbs -> 36909875 (share 9227469): redistribute 0.019 ntt 0.332 crt 0.000 out 0.019 spills+carry 0.001, total 0.421 s
dist_mn node 0: 2^26 = 2^13 x 2^13 over 4 x 4 ranks, 3 primes (rows 512..512; 20132659 + 16777216 limbs at 0, window [0, 9227468) of share [0, 9227468)): redistribute 0.010 ntt 0.225 crt 0.001 out 0.023 spills+carry 0.001 total 0.257 s [B hit]
dist_mn node 0: 20132659 x 16777216 limbs over 4 x 4 ranks (cap 2^26): 1 x 1 pieces, 1 formed, 0 skipped (low product) (cache 0 slots: 1 hits, 1 misses)
dist_mn node 1: 2^26 = 2^13 x 2^13 over 4 x 4 ranks, 3 primes (rows 512..512; 20132659 + 16777216 limbs at 0, window [9227468, 18454937) of share [9227468, 18454937)): redistribute 0.010 ntt 0.224 crt 0.000 out 0.022 spills+carry 0.001 total 0.257 s [B hit]
dist_mn node 1: 20132659 x 16777216 limbs over 4 x 4 ranks (cap 2^26): 1 x 1 pieces, 1 formed, 0 skipped (low product) (cache 0 slots: 1 hits, 1 misses)
dist_mn node 2: 2^26 = 2^13 x 2^13 over 4 x 4 ranks, 3 primes (rows 512..512; 20132659 + 16777216 limbs at 0, window [18454937, 27682405) of share [18454937, 27682405)): redistribute 0.010 ntt 0.225 crt 0.000 out 0.021 spills+carry 0.001 total 0.256 s [B hit]
dist_mn node 2: 20132659 x 16777216 limbs over 4 x 4 ranks (cap 2^26): 1 x 1 pieces, 1 formed, 0 skipped (low product) (cache 0 slots: 1 hits, 1 misses)
dist_mn node 3: 2^26 = 2^13 x 2^13 over 4 x 4 ranks, 3 primes (rows 512..512; 20132659 + 16777216 limbs at 0, window [27682405, 36909874) of share [27682405, 36909874)): redistribute 0.010 ntt 0.223 crt 0.001 out 0.024 spills+carry 0.001 total 0.257 s [B hit]
dist_mn node 3: 20132659 x 16777216 limbs over 4 x 4 ranks (cap 2^26): 1 x 1 pieces, 1 formed, 0 skipped (low product) (cache 0 slots: 1 hits, 1 misses)
dist_mn node 0: 20132659 + 16777216 limbs -> 36909874 (share 9227468): redistribute 0.010 ntt 0.225 crt 0.001 out 0.023 spills+carry 0.001, total 0.258 s
dist_mn node 1: 20132659 + 16777216 limbs -> 36909874 (share 9227469): redistribute 0.010 ntt 0.224 crt 0.000 out 0.022 spills+carry 0.001, total 0.258 s
dist_mn node 2: 20132659 + 16777216 limbs -> 36909874 (share 9227468): redistribute 0.010 ntt 0.225 crt 0.000 out 0.021 spills+carry 0.001, total 0.257 s
dist_mn node 3: 20132659 + 16777216 limbs -> 36909874 (share 9227469): redistribute 0.010 ntt 0.223 crt 0.001 out 0.024 spills+carry 0.001, total 0.258 s
dist_mn node 0: 2^25 = 2^12 x 2^13 over 4 x 4 ranks, 3 primes (rows 256..256; 10066329 + 16777209 limbs at 0, window [0, 6710884) of share [0, 6710884)): redistribute 0.049 ntt 0.239 crt 0.000 out 0.013 spills+carry 0.001 total 0.321 s
dist_mn node 0: 10066329 x 16777209 limbs over 4 x 4 ranks (cap 2^26): 1 x 1 pieces, 1 formed, 0 skipped (cache 0 slots: 0 hits, 0 misses)
dist_mn node 1: 2^25 = 2^12 x 2^13 over 4 x 4 ranks, 3 primes (rows 256..256; 10066329 + 16777209 limbs at 0, window [6710884, 13421769) of share [6710884, 13421769)): redistribute 0.022 ntt 0.241 crt 0.000 out 0.013 spills+carry 0.000 total 0.323 s
dist_mn node 1: 10066329 x 16777209 limbs over 4 x 4 ranks (cap 2^26): 1 x 1 pieces, 1 formed, 0 skipped (cache 0 slots: 0 hits, 0 misses)
dist_mn node 2: 2^25 = 2^12 x 2^13 over 4 x 4 ranks, 3 primes (rows 256..256; 10066329 + 16777209 limbs at 0, window [13421769, 20132653) of share [13421769, 20132653)): redistribute 0.033 ntt 0.244 crt 0.000 out 0.009 spills+carry 0.001 total 0.321 s
dist_mn node 2: 10066329 x 16777209 limbs over 4 x 4 ranks (cap 2^26): 1 x 1 pieces, 1 formed, 0 skipped (cache 0 slots: 0 hits, 0 misses)
dist_mn node 3: 2^25 = 2^12 x 2^13 over 4 x 4 ranks, 3 primes (rows 256..256; 10066329 + 16777209 limbs at 0, window [20132653, 26843538) of share [20132653, 26843538)): redistribute 0.057 ntt 0.243 crt 0.000 out 0.012 spills+carry 0.001 total 0.323 s
dist_mn node 3: 10066329 x 16777209 limbs over 4 x 4 ranks (cap 2^26): 1 x 1 pieces, 1 formed, 0 skipped (cache 0 slots: 0 hits, 0 misses)
dist_mn node 0: 10066329 + 16777209 limbs -> 26843538 (share 6710884): redistribute 0.049 ntt 0.239 crt 0.000 out 0.013 spills+carry 0.001, total 0.324 s
dist_mn node 1: 10066329 + 16777209 limbs -> 26843538 (share 6710885): redistribute 0.022 ntt 0.241 crt 0.000 out 0.013 spills+carry 0.000, total 0.323 s
dist_mn node 2: 10066329 + 16777209 limbs -> 26843538 (share 6710884): redistribute 0.033 ntt 0.244 crt 0.000 out 0.009 spills+carry 0.001, total 0.321 s
dist_mn node 3: 10066329 + 16777209 limbs -> 26843538 (share 6710885): redistribute 0.057 ntt 0.243 crt 0.000 out 0.012 spills+carry 0.001, total 0.324 s
mdev 2^25 (26843538 limbs): repack 0.055 h2d 0.001 fwd 0.009 inv 0.005 d2h 0.069 crt 0.016 total 0.136 s
mdev 2^25 (26843538 limbs): repack 0.059 h2d 0.001 fwd 0.012 inv 0.005 d2h 0.073 crt 0.029 total 0.153 s
mdev 2^25 (26843538 limbs): repack 0.059 h2d 0.001 fwd 0.012 inv 0.004 d2h 0.086 crt 0.045 total 0.166 s
mdev 2^25 (26843538 limbs): repack 0.057 h2d 0.001 fwd 0.010 inv 0.005 d2h 0.108 crt 0.026 total 0.180 s
dist_mn node 0: 2^25 = 2^12 x 2^13 over 4 x 4 ranks, 3 primes (rows 256..256; 10066329 + 16777209 limbs at 0, window [0, 2516583) of share [0, 2516583)): redistribute 0.081 ntt 0.210 crt 0.000 out 0.008 spills+carry 0.001 total 0.297 s
dist_mn node 0: 10066329 x 16777209 limbs over 4 x 4 ranks (cap 2^26): 1 x 1 pieces, 1 formed, 0 skipped (low product) (cache 0 slots: 0 hits, 0 misses)
dist_mn node 1: 2^25 = 2^12 x 2^13 over 4 x 4 ranks, 3 primes (rows 256..256; 10066329 + 16777209 limbs at 0, window [2516583, 5033166) of share [2516583, 5033166)): redistribute 0.037 ntt 0.208 crt 0.000 out 0.010 spills+carry 0.001 total 0.251 s
dist_mn node 1: 10066329 x 16777209 limbs over 4 x 4 ranks (cap 2^26): 1 x 1 pieces, 1 formed, 0 skipped (low product) (cache 0 slots: 0 hits, 0 misses)
dist_mn node 3: 2^25 = 2^12 x 2^13 over 4 x 4 ranks, 3 primes (rows 256..256; 10066329 + 16777209 limbs at 0, window [7549749, 10066332) of share [7549749, 10066332)): redistribute 0.085 ntt 0.206 crt 0.000 out 0.008 spills+carry 0.000 total 0.300 s
dist_mn node 3: 10066329 x 16777209 limbs over 4 x 4 ranks (cap 2^26): 1 x 1 pieces, 1 formed, 0 skipped (low product) (cache 0 slots: 0 hits, 0 misses)
dist_mn node 2: 2^25 = 2^12 x 2^13 over 4 x 4 ranks, 3 primes (rows 256..256; 10066329 + 16777209 limbs at 0, window [5033166, 7549749) of share [5033166, 7549749)): redistribute 0.013 ntt 0.208 crt 0.000 out 0.010 spills+carry 0.000 total 0.227 s
dist_mn node 2: 10066329 x 16777209 limbs over 4 x 4 ranks (cap 2^26): 1 x 1 pieces, 1 formed, 0 skipped (low product) (cache 0 slots: 0 hits, 0 misses)
dist_mn node 0: 10066329 + 16777209 limbs -> 10066332 (share 2516583): redistribute 0.081 ntt 0.210 crt 0.000 out 0.008 spills+carry 0.001, total 0.299 s
dist_mn node 1: 10066329 + 16777209 limbs -> 10066332 (share 2516583): redistribute 0.037 ntt 0.208 crt 0.000 out 0.010 spills+carry 0.001, total 0.252 s
dist_mn node 3: 10066329 + 16777209 limbs -> 10066332 (share 2516583): redistribute 0.085 ntt 0.206 crt 0.000 out 0.008 spills+carry 0.000, total 0.301 s
dist_mn node 2: 10066329 + 16777209 limbs -> 10066332 (share 2516583): redistribute 0.013 ntt 0.208 crt 0.000 out 0.010 spills+carry 0.000, total 0.228 s
dist_mn node 0: 2^26 = 2^13 x 2^13 over 4 x 4 ranks, 3 primes (rows 512..512; 20132659 + 16777216 + x limbs at 0, window [0, 9227469) of share [0, 9227469)): redistribute 0.034 ntt 0.392 crt 0.001 out 0.021 spills+carry 0.001 total 0.475 s
dist_mn node 0: 20132659 x 16777216 limbs over 4 x 4 ranks (cap 2^26): 1 x 1 pieces, 1 formed, 0 skipped (cache 0 slots: 0 hits, 0 misses)
dist_mn node 1: 2^26 = 2^13 x 2^13 over 4 x 4 ranks, 3 primes (rows 512..512; 20132659 + 16777216 + x limbs at 0, window [9227469, 18454938) of share [9227469, 18454938)): redistribute 0.033 ntt 0.395 crt 0.001 out 0.021 spills+carry 0.001 total 0.477 s
dist_mn node 1: 20132659 x 16777216 limbs over 4 x 4 ranks (cap 2^26): 1 x 1 pieces, 1 formed, 0 skipped (cache 0 slots: 0 hits, 0 misses)
dist_mn node 2: 2^26 = 2^13 x 2^13 over 4 x 4 ranks, 3 primes (rows 512..512; 20132659 + 16777216 + x limbs at 0, window [18454938, 27682407) of share [18454938, 27682407)): redistribute 0.036 ntt 0.399 crt 0.000 out 0.017 spills+carry 0.001 total 0.468 s
dist_mn node 2: 20132659 x 16777216 limbs over 4 x 4 ranks (cap 2^26): 1 x 1 pieces, 1 formed, 0 skipped (cache 0 slots: 0 hits, 0 misses)
dist_mn node 3: 2^26 = 2^13 x 2^13 over 4 x 4 ranks, 3 primes (rows 512..512; 20132659 + 16777216 + x limbs at 0, window [27682407, 36909876) of share [27682407, 36909876)): redistribute 0.033 ntt 0.393 crt 0.001 out 0.020 spills+carry 0.001 total 0.468 s
dist_mn node 3: 20132659 x 16777216 limbs over 4 x 4 ranks (cap 2^26): 1 x 1 pieces, 1 formed, 0 skipped (cache 0 slots: 0 hits, 0 misses)
dist_mn node 0: 20132659 + 16777216 + x limbs -> 36909875 (share 9227469): redistribute 0.034 ntt 0.392 crt 0.001 out 0.021 spills+carry 0.001, total 0.475 s
dist_mn node 1: 20132659 + 16777216 + x limbs -> 36909875 (share 9227469): redistribute 0.033 ntt 0.395 crt 0.001 out 0.021 spills+carry 0.001, total 0.478 s
dist_mn node 2: 20132659 + 16777216 + x limbs -> 36909875 (share 9227469): redistribute 0.036 ntt 0.399 crt 0.000 out 0.017 spills+carry 0.001, total 0.468 s
dist_mn node 3: 20132659 + 16777216 + x limbs -> 36909875 (share 9227469): redistribute 0.033 ntt 0.393 crt 0.001 out 0.020 spills+carry 0.001, total 0.469 s
mdb_add_shifted node 0: 16777213 limbs at 0 into a basis of 36909876 (my window [0, 9227469), 1 rounds of 2306880; slabs 2306867 + 2306867 limbs per APU 0): 0.057 s
mdb_add_shifted node 1: 16777213 limbs at 0 into a basis of 36909876 (my window [9227469, 16777213), 1 rounds of 2306880; slabs 0 + 1887436 limbs per APU 0): 0.056 s
mdb_add_shifted node 2: 16777213 limbs at 0 into a basis of 36909876 (my window [18454938, 18454938), 1 rounds of 2306880; slabs 1887436 + 0 limbs per APU 0): 0.059 s
mdb_add_shifted node 3: 16777213 limbs at 0 into a basis of 36909876 (my window [27682407, 27682407), 1 rounds of 2306880; slabs 0 + 0 limbs per APU 0): 0.040 s
mdb_add_shifted node 0: 16777213 limbs at 7 into a basis of 36909876 (my window [7, 9227469), 1 rounds of 2306880; slabs 2306865 + 2306865 limbs per APU 0): 0.064 s
mdb_add_shifted node 1: 16777213 limbs at 7 into a basis of 36909876 (my window [9227469, 16777220), 1 rounds of 2306880; slabs 0 + 1887437 limbs per APU 0): 0.051 s
mdb_add_shifted node 2: 16777213 limbs at 7 into a basis of 36909876 (my window [18454938, 18454938), 1 rounds of 2306880; slabs 1887437 + 0 limbs per APU 0): 0.038 s
mdb_add_shifted node 3: 16777213 limbs at 7 into a basis of 36909876 (my window [27682407, 27682407), 1 rounds of 2306880; slabs 0 + 0 limbs per APU 0): 0.053 s
mdb_add_shifted node 0: 16777213 limbs at 10066329 into a basis of 36909876 (my window [10066329, 10066329), 1 rounds of 2097168; slabs 2097152 + 0 limbs per APU 0): 0.043 s
mdb_add_shifted node 1: 16777213 limbs at 10066329 into a basis of 36909876 (my window [10066329, 18454938), 1 rounds of 2097168; slabs 0 + 2097152 limbs per APU 0): 0.035 s
mdb_add_shifted node 2: 16777213 limbs at 10066329 into a basis of 36909876 (my window [18454938, 26843542), 1 rounds of 2097168; slabs 2097151 + 2097151 limbs per APU 0): 0.012 s
mdb_add_shifted node 3: 16777213 limbs at 10066329 into a basis of 36909876 (my window [27682407, 27682407), 1 rounds of 2097168; slabs 0 + 0 limbs per APU 0): 0.024 s
mdb_add_shifted node 0: 16777213 limbs at 20132659 into a basis of 36909876 (my window [20132659, 20132659), 1 rounds of 2306880; slabs 1887437 + 0 limbs per APU 0): 0.050 s
mdb_add_shifted node 1: 16777213 limbs at 20132659 into a basis of 36909876 (my window [20132659, 20132659), 1 rounds of 2306880; slabs 838860 + 0 limbs per APU 0): 0.052 s
mdb_add_shifted node 2: 16777213 limbs at 20132659 into a basis of 36909876 (my window [20132659, 27682407), 1 rounds of 2306880; slabs 1468006 + 1887437 limbs per APU 0): 0.040 s
mdb_add_shifted node 3: 16777213 limbs at 20132659 into a basis of 36909876 (my window [27682407, 36909872), 1 rounds of 2306880; slabs 0 + 2306866 limbs per APU 0): 0.052 s
dist_mn node 0: 2^26 = 2^13 x 2^13 over 4 x 4 ranks, 3 primes (rows 512..512; 20132659 + 16777216 limbs at 0, window [0, 9227468) of share [0, 9227468)): redistribute 0.043 ntt 0.371 crt 0.001 out 0.017 spills+carry 0.003 total 0.431 s
dist_mn node 0: 20132659 x 16777216 limbs over 4 x 4 ranks (cap 2^26): 1 x 1 pieces, 1 formed, 0 skipped (cache 0 slots: 0 hits, 0 misses)
dist_mn node 1: 2^26 = 2^13 x 2^13 over 4 x 4 ranks, 3 primes (rows 512..512; 20132659 + 16777216 limbs at 0, window [9227468, 18454937) of share [9227468, 18454937)): redistribute 0.039 ntt 0.368 crt 0.000 out 0.021 spills+carry 0.003 total 0.418 s
dist_mn node 1: 20132659 x 16777216 limbs over 4 x 4 ranks (cap 2^26): 1 x 1 pieces, 1 formed, 0 skipped (cache 0 slots: 0 hits, 0 misses)
dist_mn node 2: 2^26 = 2^13 x 2^13 over 4 x 4 ranks, 3 primes (rows 512..512; 20132659 + 16777216 limbs at 0, window [18454937, 27682406) of share [18454937, 27682406)): redistribute 0.023 ntt 0.368 crt 0.001 out 0.017 spills+carry 0.003 total 0.404 s
dist_mn node 2: 20132659 x 16777216 limbs over 4 x 4 ranks (cap 2^26): 1 x 1 pieces, 1 formed, 0 skipped (cache 0 slots: 0 hits, 0 misses)
dist_mn node 3: 2^26 = 2^13 x 2^13 over 4 x 4 ranks, 3 primes (rows 512..512; 20132659 + 16777216 limbs at 0, window [27682406, 36909875) of share [27682406, 36909875)): redistribute 0.046 ntt 0.370 crt 0.001 out 0.018 spills+carry 0.003 total 0.430 s
dist_mn node 3: 20132659 x 16777216 limbs over 4 x 4 ranks (cap 2^26): 1 x 1 pieces, 1 formed, 0 skipped (cache 0 slots: 0 hits, 0 misses)
dist_mn node 0: 20132659 + 16777216 limbs -> 36909875 (share 9227468): redistribute 0.043 ntt 0.371 crt 0.001 out 0.017 spills+carry 0.003, total 0.432 s
dist_mn node 1: 20132659 + 16777216 limbs -> 36909875 (share 9227469): redistribute 0.039 ntt 0.368 crt 0.000 out 0.021 spills+carry 0.003, total 0.419 s
dist_mn node 2: 20132659 + 16777216 limbs -> 36909875 (share 9227469): redistribute 0.023 ntt 0.368 crt 0.001 out 0.017 spills+carry 0.003, total 0.405 s
dist_mn node 3: 20132659 + 16777216 limbs -> 36909875 (share 9227469): redistribute 0.046 ntt 0.370 crt 0.001 out 0.018 spills+carry 0.003, total 0.430 s
mdev 3*2^24 (36909875 limbs): repack 0.088 h2d 0.001 fwd 0.018 inv 0.006 d2h 0.054 crt 0.058 total 0.158 s
mdev 3*2^24 (36909875 limbs): repack 0.074 h2d 0.001 fwd 0.015 inv 0.009 d2h 0.075 crt 0.046 total 0.164 s
mdev 3*2^24 (36909875 limbs): repack 0.078 h2d 0.001 fwd 0.013 inv 0.010 d2h 0.088 crt 0.054 total 0.184 s
mdev 3*2^24 (36909875 limbs): repack 0.095 h2d 0.001 fwd 0.013 inv 0.003 d2h 0.088 crt 0.060 total 0.196 s
dist_mn node 0: 2^26 = 2^13 x 2^13 over 4 x 4 ranks, 3 primes (rows 512..512; 20132659 + 16777216 + x limbs at 0, window [0, 9227469) of share [0, 9227469)): redistribute 0.027 ntt 0.332 crt 0.001 out 0.017 spills+carry 0.003 total 0.377 s
dist_mn node 0: 20132659 x 16777216 limbs over 4 x 4 ranks (cap 2^26): 1 x 1 pieces, 1 formed, 0 skipped (cache 0 slots: 0 hits, 0 misses)
dist_mn node 1: 2^26 = 2^13 x 2^13 over 4 x 4 ranks, 3 primes (rows 512..512; 20132659 + 16777216 + x limbs at 0, window [9227469, 18454938) of share [9227469, 18454938)): redistribute 0.021 ntt 0.336 crt 0.000 out 0.014 spills+carry 0.003 total 0.375 s
dist_mn node 1: 20132659 x 16777216 limbs over 4 x 4 ranks (cap 2^26): 1 x 1 pieces, 1 formed, 0 skipped (cache 0 slots: 0 hits, 0 misses)
dist_mn node 2: 2^26 = 2^13 x 2^13 over 4 x 4 ranks, 3 primes (rows 512..512; 20132659 + 16777216 + x limbs at 0, window [18454938, 27682407) of share [18454938, 27682407)): redistribute 0.071 ntt 0.330 crt 0.001 out 0.018 spills+carry 0.003 total 0.419 s
dist_mn node 2: 20132659 x 16777216 limbs over 4 x 4 ranks (cap 2^26): 1 x 1 pieces, 1 formed, 0 skipped (cache 0 slots: 0 hits, 0 misses)
dist_mn node 3: 2^26 = 2^13 x 2^13 over 4 x 4 ranks, 3 primes (rows 512..512; 20132659 + 16777216 + x limbs at 0, window [27682407, 36909876) of share [27682407, 36909876)): redistribute 0.029 ntt 0.336 crt 0.000 out 0.015 spills+carry 0.003 total 0.384 s
dist_mn node 3: 20132659 x 16777216 limbs over 4 x 4 ranks (cap 2^26): 1 x 1 pieces, 1 formed, 0 skipped (cache 0 slots: 0 hits, 0 misses)
dist_mn node 0: 20132659 + 16777216 + x limbs -> 36909875 (share 9227469): redistribute 0.027 ntt 0.332 crt 0.001 out 0.017 spills+carry 0.003, total 0.378 s
dist_mn node 1: 20132659 + 16777216 + x limbs -> 36909875 (share 9227469): redistribute 0.021 ntt 0.336 crt 0.000 out 0.014 spills+carry 0.003, total 0.376 s
dist_mn node 2: 20132659 + 16777216 + x limbs -> 36909875 (share 9227469): redistribute 0.071 ntt 0.330 crt 0.001 out 0.018 spills+carry 0.003, total 0.420 s
dist_mn node 3: 20132659 + 16777216 + x limbs -> 36909875 (share 9227469): redistribute 0.029 ntt 0.336 crt 0.000 out 0.015 spills+carry 0.003, total 0.385 s
dist_mn node 0: 2^26 = 2^13 x 2^13 over 4 x 4 ranks, 3 primes (rows 512..512; 20132659 + 16777216 limbs at 0, window [0, 5033165) of share [0, 5033165)): redistribute 0.020 ntt 0.353 crt 0.001 out 0.018 spills+carry 0.003 total 0.392 s
dist_mn node 0: 20132659 x 16777216 limbs over 4 x 4 ranks (cap 2^26): 1 x 1 pieces, 1 formed, 0 skipped (low product) (cache 0 slots: 0 hits, 0 misses)
dist_mn node 1: 2^26 = 2^13 x 2^13 over 4 x 4 ranks, 3 primes (rows 512..512; 20132659 + 16777216 limbs at 0, window [5033165, 10066330) of share [5033165, 10066330)): redistribute 0.020 ntt 0.353 crt 0.001 out 0.020 spills+carry 0.003 total 0.392 s
dist_mn node 1: 20132659 x 16777216 limbs over 4 x 4 ranks (cap 2^26): 1 x 1 pieces, 1 formed, 0 skipped (low product) (cache 0 slots: 0 hits, 0 misses)
dist_mn node 2: 2^26 = 2^13 x 2^13 over 4 x 4 ranks, 3 primes (rows 512..512; 20132659 + 16777216 limbs at 0, window [10066330, 15099495) of share [10066330, 15099495)): redistribute 0.024 ntt 0.349 crt 0.001 out 0.019 spills+carry 0.003 total 0.392 s
dist_mn node 2: 20132659 x 16777216 limbs over 4 x 4 ranks (cap 2^26): 1 x 1 pieces, 1 formed, 0 skipped (low product) (cache 0 slots: 0 hits, 0 misses)
dist_mn node 3: 2^26 = 2^13 x 2^13 over 4 x 4 ranks, 3 primes (rows 512..512; 20132659 + 16777216 limbs at 0, window [15099495, 20132661) of share [15099495, 20132661)): redistribute 0.018 ntt 0.354 crt 0.000 out 0.016 spills+carry 0.003 total 0.392 s
dist_mn node 3: 20132659 x 16777216 limbs over 4 x 4 ranks (cap 2^26): 1 x 1 pieces, 1 formed, 0 skipped (low product) (cache 0 slots: 0 hits, 0 misses)
dist_mn node 0: 20132659 + 16777216 limbs -> 20132661 (share 5033165): redistribute 0.020 ntt 0.353 crt 0.001 out 0.018 spills+carry 0.003, total 0.392 s
dist_mn node 1: 20132659 + 16777216 limbs -> 20132661 (share 5033165): redistribute 0.020 ntt 0.353 crt 0.001 out 0.020 spills+carry 0.003, total 0.392 s
dist_mn node 2: 20132659 + 16777216 limbs -> 20132661 (share 5033165): redistribute 0.024 ntt 0.349 crt 0.001 out 0.019 spills+carry 0.003, total 0.392 s
dist_mn node 3: 20132659 + 16777216 limbs -> 20132661 (share 5033166): redistribute 0.018 ntt 0.354 crt 0.000 out 0.016 spills+carry 0.003, total 0.392 s
dist_mn node 0: 2^25 = 2^12 x 2^13 over 4 x 4 ranks, 3 primes (rows 256..256; 10066330 + 10066330 limbs at 0, window [0, 2516582) of share [0, 2516582)): redistribute 0.018 ntt 0.225 crt 0.000 out 0.007 spills+carry 0.003 total 0.287 s
dist_mn node 0: 10066330 x 10066330 limbs over 4 x 4 ranks (cap 2^26): 1 x 1 pieces, 1 formed, 0 skipped (low product) (cache 0 slots: 0 hits, 0 misses)
dist_mn node 1: 2^25 = 2^12 x 2^13 over 4 x 4 ranks, 3 primes (rows 256..256; 10066330 + 10066330 limbs at 0, window [2516582, 5033165) of share [2516582, 5033165)): redistribute 0.027 ntt 0.227 crt 0.000 out 0.007 spills+carry 0.003 total 0.287 s
dist_mn node 1: 10066330 x 10066330 limbs over 4 x 4 ranks (cap 2^26): 1 x 1 pieces, 1 formed, 0 skipped (low product) (cache 0 slots: 0 hits, 0 misses)
dist_mn node 2: 2^25 = 2^12 x 2^13 over 4 x 4 ranks, 3 primes (rows 256..256; 10066330 + 10066330 limbs at 0, window [5033165, 7549747) of share [5033165, 7549747)): redistribute 0.033 ntt 0.227 crt 0.000 out 0.006 spills+carry 0.003 total 0.287 s
dist_mn node 2: 10066330 x 10066330 limbs over 4 x 4 ranks (cap 2^26): 1 x 1 pieces, 1 formed, 0 skipped (low product) (cache 0 slots: 0 hits, 0 misses)
dist_mn node 3: 2^25 = 2^12 x 2^13 over 4 x 4 ranks, 3 primes (rows 256..256; 10066330 + 10066330 limbs at 0, window [7549747, 10066330) of share [7549747, 10066330)): redistribute 0.031 ntt 0.224 crt 0.000 out 0.007 spills+carry 0.003 total 0.287 s
dist_mn node 3: 10066330 x 10066330 limbs over 4 x 4 ranks (cap 2^26): 1 x 1 pieces, 1 formed, 0 skipped (low product) (cache 0 slots: 0 hits, 0 misses)
dist_mn node 0: 10066330 + 10066330 limbs -> 1 (share 2516582): redistribute 0.018 ntt 0.225 crt 0.000 out 0.007 spills+carry 0.003, total 0.288 s
dist_mn node 1: 10066330 + 10066330 limbs -> 1 (share 2516583): redistribute 0.027 ntt 0.227 crt 0.000 out 0.007 spills+carry 0.003, total 0.288 s
dist_mn node 2: 10066330 + 10066330 limbs -> 1 (share 2516582): redistribute 0.033 ntt 0.227 crt 0.000 out 0.006 spills+carry 0.003, total 0.288 s
dist_mn node 3: 10066330 + 10066330 limbs -> 1 (share 2516583): redistribute 0.031 ntt 0.224 crt 0.000 out 0.007 spills+carry 0.003, total 0.288 s
dist_mn node 0: 2^26 = 2^13 x 2^13 over 4 x 4 ranks, 3 primes (rows 512..512; 20132659 + 16777216 limbs at 0, window [0, 9227468) of share [0, 9227468)): redistribute 0.019 ntt 0.375 crt 0.001 out 0.016 spills+carry 0.003 total 0.449 s
dist_mn node 0: 20132659 x 16777216 limbs over 4 x 4 ranks (cap 2^26): 1 x 1 pieces, 1 formed, 0 skipped (low product) (cache 0 slots: 0 hits, 0 misses)
dist_mn node 1: 2^26 = 2^13 x 2^13 over 4 x 4 ranks, 3 primes (rows 512..512; 20132659 + 16777216 limbs at 0, window [9227468, 18454937) of share [9227468, 18454937)): redistribute 0.026 ntt 0.372 crt 0.001 out 0.018 spills+carry 0.003 total 0.449 s
dist_mn node 1: 20132659 x 16777216 limbs over 4 x 4 ranks (cap 2^26): 1 x 1 pieces, 1 formed, 0 skipped (low product) (cache 0 slots: 0 hits, 0 misses)
dist_mn node 2: 2^26 = 2^13 x 2^13 over 4 x 4 ranks, 3 primes (rows 512..512; 20132659 + 16777216 limbs at 0, window [18454937, 27682405) of share [18454937, 27682405)): redistribute 0.027 ntt 0.373 crt 0.000 out 0.017 spills+carry 0.003 total 0.449 s
dist_mn node 2: 20132659 x 16777216 limbs over 4 x 4 ranks (cap 2^26): 1 x 1 pieces, 1 formed, 0 skipped (low product) (cache 0 slots: 0 hits, 0 misses)
dist_mn node 3: 2^26 = 2^13 x 2^13 over 4 x 4 ranks, 3 primes (rows 512..512; 20132659 + 16777216 limbs at 0, window [27682405, 36909874) of share [27682405, 36909874)): redistribute 0.043 ntt 0.370 crt 0.000 out 0.016 spills+carry 0.003 total 0.449 s
dist_mn node 3: 20132659 x 16777216 limbs over 4 x 4 ranks (cap 2^26): 1 x 1 pieces, 1 formed, 0 skipped (low product) (cache 0 slots: 0 hits, 0 misses)
dist_mn node 1: 20132659 + 16777216 limbs -> 36909874 (share 9227469): redistribute 0.026 ntt 0.372 crt 0.001 out 0.018 spills+carry 0.003, total 0.450 s
dist_mn node 0: 20132659 + 16777216 limbs -> 36909874 (share 9227468): redistribute 0.019 ntt 0.375 crt 0.001 out 0.016 spills+carry 0.003, total 0.450 s
dist_mn node 2: 20132659 + 16777216 limbs -> 36909874 (share 9227468): redistribute 0.027 ntt 0.373 crt 0.000 out 0.017 spills+carry 0.003, total 0.450 s
dist_mn node 3: 20132659 + 16777216 limbs -> 36909874 (share 9227469): redistribute 0.043 ntt 0.370 crt 0.000 out 0.016 spills+carry 0.003, total 0.450 s
dist_mn node 0: 2^26 = 2^13 x 2^13 over 4 x 4 ranks, 3 primes (rows 512..512; 20132659 + 16777216 limbs at 0, window [0, 9227468) of share [0, 9227468)): redistribute 0.032 ntt 0.385 crt 0.000 out 0.015 spills+carry 0.003 total 0.417 s
dist_mn node 0: 20132659 x 16777216 limbs over 4 x 4 ranks (cap 2^26): 1 x 1 pieces, 1 formed, 0 skipped (low cut) (cache 0 slots: 0 hits, 0 misses)
dist_mn node 1: 2^26 = 2^13 x 2^13 over 4 x 4 ranks, 3 primes (rows 512..512; 20132659 + 16777216 limbs at 0, window [9227468, 18454937) of share [9227468, 18454937)): redistribute 0.034 ntt 0.385 crt 0.001 out 0.014 spills+carry 0.003 total 0.417 s
dist_mn node 1: 20132659 x 16777216 limbs over 4 x 4 ranks (cap 2^26): 1 x 1 pieces, 1 formed, 0 skipped (low cut) (cache 0 slots: 0 hits, 0 misses)
dist_mn node 2: 2^26 = 2^13 x 2^13 over 4 x 4 ranks, 3 primes (rows 512..512; 20132659 + 16777216 limbs at 0, window [18454937, 27682406) of share [18454937, 27682406)): redistribute 0.036 ntt 0.384 crt 0.001 out 0.015 spills+carry 0.003 total 0.417 s
dist_mn node 2: 20132659 x 16777216 limbs over 4 x 4 ranks (cap 2^26): 1 x 1 pieces, 1 formed, 0 skipped (low cut) (cache 0 slots: 0 hits, 0 misses)
dist_mn node 3: 2^26 = 2^13 x 2^13 over 4 x 4 ranks, 3 primes (rows 512..512; 20132659 + 16777216 limbs at 0, window [27682406, 36909875) of share [27682406, 36909875)): redistribute 0.031 ntt 0.379 crt 0.000 out 0.016 spills+carry 0.003 total 0.417 s
dist_mn node 3: 20132659 x 16777216 limbs over 4 x 4 ranks (cap 2^26): 1 x 1 pieces, 1 formed, 0 skipped (low cut) (cache 0 slots: 0 hits, 0 misses)
dist_mn node 3: 20132659 + 16777216 limbs -> 36909875 (share 9227469): redistribute 0.031 ntt 0.379 crt 0.000 out 0.016 spills+carry 0.003, total 0.417 s
dist_mn node 0: 20132659 + 16777216 limbs -> 36909875 (share 9227468): redistribute 0.032 ntt 0.385 crt 0.000 out 0.015 spills+carry 0.003, total 0.417 s
dist_mn node 1: 20132659 + 16777216 limbs -> 36909875 (share 9227469): redistribute 0.034 ntt 0.385 crt 0.001 out 0.014 spills+carry 0.003, total 0.417 s
dist_mn node 2: 20132659 + 16777216 limbs -> 36909875 (share 9227469): redistribute 0.036 ntt 0.384 crt 0.001 out 0.015 spills+carry 0.003, total 0.417 s
dist_mn node 0: 2^26 = 2^13 x 2^13 over 4 x 4 ranks, 3 primes (rows 512..512; 20132659 + 16777216 limbs at 0, window [0, 9227468) of share [0, 9227468)): redistribute 0.024 ntt 0.380 crt 0.001 out 0.020 spills+carry 0.003 total 0.420 s
dist_mn node 0: 20132659 x 16777216 limbs over 4 x 4 ranks (cap 2^26): 1 x 1 pieces, 1 formed, 0 skipped (low product) (low cut) (cache 0 slots: 0 hits, 0 misses)
dist_mn node 1: 2^26 = 2^13 x 2^13 over 4 x 4 ranks, 3 primes (rows 512..512; 20132659 + 16777216 limbs at 0, window [9227468, 18454937) of share [9227468, 18454937)): redistribute 0.026 ntt 0.378 crt 0.001 out 0.020 spills+carry 0.003 total 0.420 s
dist_mn node 1: 20132659 x 16777216 limbs over 4 x 4 ranks (cap 2^26): 1 x 1 pieces, 1 formed, 0 skipped (low product) (low cut) (cache 0 slots: 0 hits, 0 misses)
dist_mn node 2: 2^26 = 2^13 x 2^13 over 4 x 4 ranks, 3 primes (rows 512..512; 20132659 + 16777216 limbs at 0, window [18454937, 27682405) of share [18454937, 27682405)): redistribute 0.028 ntt 0.384 crt 0.000 out 0.017 spills+carry 0.003 total 0.420 s
dist_mn node 2: 20132659 x 16777216 limbs over 4 x 4 ranks (cap 2^26): 1 x 1 pieces, 1 formed, 0 skipped (low product) (low cut) (cache 0 slots: 0 hits, 0 misses)
dist_mn node 3: 2^26 = 2^13 x 2^13 over 4 x 4 ranks, 3 primes (rows 512..512; 20132659 + 16777216 limbs at 0, window [27682405, 36909874) of share [27682405, 36909874)): redistribute 0.023 ntt 0.382 crt 0.000 out 0.019 spills+carry 0.003 total 0.420 s
dist_mn node 3: 20132659 x 16777216 limbs over 4 x 4 ranks (cap 2^26): 1 x 1 pieces, 1 formed, 0 skipped (low product) (low cut) (cache 0 slots: 0 hits, 0 misses)
dist_mn node 1: 20132659 + 16777216 limbs -> 36909874 (share 9227469): redistribute 0.026 ntt 0.378 crt 0.001 out 0.020 spills+carry 0.003, total 0.421 s
dist_mn node 2: 20132659 + 16777216 limbs -> 36909874 (share 9227468): redistribute 0.028 ntt 0.384 crt 0.000 out 0.017 spills+carry 0.003, total 0.421 s
dist_mn node 3: 20132659 + 16777216 limbs -> 36909874 (share 9227469): redistribute 0.023 ntt 0.382 crt 0.000 out 0.019 spills+carry 0.003, total 0.421 s
dist_mn node 0: 20132659 + 16777216 limbs -> 36909874 (share 9227468): redistribute 0.024 ntt 0.380 crt 0.001 out 0.020 spills+carry 0.003, total 0.421 s
dist_mn node 0: 2^26 = 2^13 x 2^13 over 4 x 4 ranks, 3 primes (rows 512..512; 20132659 + 16777216 limbs at 0, window [0, 9227468) of share [0, 9227468)): redistribute 0.027 ntt 0.361 crt 0.001 out 0.016 spills+carry 0.003 total 0.402 s
dist_mn node 0: 20132659 x 16777216 limbs over 4 x 4 ranks (cap 2^26): 1 x 1 pieces, 1 formed, 0 skipped (low cut) (cache 0 slots: 0 hits, 0 misses)
dist_mn node 1: 2^26 = 2^13 x 2^13 over 4 x 4 ranks, 3 primes (rows 512..512; 20132659 + 16777216 limbs at 0, window [9227468, 18454937) of share [9227468, 18454937)): redistribute 0.022 ntt 0.361 crt 0.001 out 0.015 spills+carry 0.004 total 0.402 s
dist_mn node 1: 20132659 x 16777216 limbs over 4 x 4 ranks (cap 2^26): 1 x 1 pieces, 1 formed, 0 skipped (low cut) (cache 0 slots: 0 hits, 0 misses)
dist_mn node 2: 2^26 = 2^13 x 2^13 over 4 x 4 ranks, 3 primes (rows 512..512; 20132659 + 16777216 limbs at 0, window [18454937, 27682406) of share [18454937, 27682406)): redistribute 0.023 ntt 0.362 crt 0.001 out 0.014 spills+carry 0.004 total 0.402 s
dist_mn node 2: 20132659 x 16777216 limbs over 4 x 4 ranks (cap 2^26): 1 x 1 pieces, 1 formed, 0 skipped (low cut) (cache 0 slots: 0 hits, 0 misses)
dist_mn node 3: 2^26 = 2^13 x 2^13 over 4 x 4 ranks, 3 primes (rows 512..512; 20132659 + 16777216 limbs at 0, window [27682406, 36909875) of share [27682406, 36909875)): redistribute 0.031 ntt 0.356 crt 0.001 out 0.012 spills+carry 0.004 total 0.402 s
dist_mn node 3: 20132659 x 16777216 limbs over 4 x 4 ranks (cap 2^26): 1 x 1 pieces, 1 formed, 0 skipped (low cut) (cache 0 slots: 0 hits, 0 misses)
dist_mn node 1: 20132659 + 16777216 limbs -> 36909875 (share 9227469): redistribute 0.022 ntt 0.361 crt 0.001 out 0.015 spills+carry 0.004, total 0.403 s
dist_mn node 0: 20132659 + 16777216 limbs -> 36909875 (share 9227468): redistribute 0.027 ntt 0.361 crt 0.001 out 0.016 spills+carry 0.003, total 0.403 s
dist_mn node 2: 20132659 + 16777216 limbs -> 36909875 (share 9227469): redistribute 0.023 ntt 0.362 crt 0.001 out 0.014 spills+carry 0.004, total 0.403 s
dist_mn node 3: 20132659 + 16777216 limbs -> 36909875 (share 9227469): redistribute 0.031 ntt 0.356 crt 0.001 out 0.012 spills+carry 0.004, total 0.403 s
dist_mn node 0: 2^26 = 2^13 x 2^13 over 4 x 4 ranks, 3 primes (rows 512..512; 20132659 + 16777216 limbs at 0, window [0, 9227468) of share [0, 9227468)): redistribute 0.024 ntt 0.382 crt 0.001 out 0.019 spills+carry 0.003 total 0.424 s
dist_mn node 0: 20132659 x 16777216 limbs over 4 x 4 ranks (cap 2^26): 1 x 1 pieces, 1 formed, 0 skipped (low product) (low cut) (cache 0 slots: 0 hits, 0 misses)
dist_mn node 1: 2^26 = 2^13 x 2^13 over 4 x 4 ranks, 3 primes (rows 512..512; 20132659 + 16777216 limbs at 0, window [9227468, 18454937) of share [9227468, 18454937)): redistribute 0.022 ntt 0.382 crt 0.001 out 0.018 spills+carry 0.003 total 0.424 s
dist_mn node 1: 20132659 x 16777216 limbs over 4 x 4 ranks (cap 2^26): 1 x 1 pieces, 1 formed, 0 skipped (low product) (low cut) (cache 0 slots: 0 hits, 0 misses)
dist_mn node 2: 2^26 = 2^13 x 2^13 over 4 x 4 ranks, 3 primes (rows 512..512; 20132659 + 16777216 limbs at 0, window [18454937, 27682405) of share [18454937, 27682405)): redistribute 0.040 ntt 0.375 crt 0.001 out 0.015 spills+carry 0.003 total 0.424 s
dist_mn node 2: 20132659 x 16777216 limbs over 4 x 4 ranks (cap 2^26): 1 x 1 pieces, 1 formed, 0 skipped (low product) (low cut) (cache 0 slots: 0 hits, 0 misses)
dist_mn node 3: 2^26 = 2^13 x 2^13 over 4 x 4 ranks, 3 primes (rows 512..512; 20132659 + 16777216 limbs at 0, window [27682405, 36909874) of share [27682405, 36909874)): redistribute 0.022 ntt 0.385 crt 0.000 out 0.015 spills+carry 0.003 total 0.424 s
dist_mn node 3: 20132659 x 16777216 limbs over 4 x 4 ranks (cap 2^26): 1 x 1 pieces, 1 formed, 0 skipped (low product) (low cut) (cache 0 slots: 0 hits, 0 misses)
dist_mn node 0: 20132659 + 16777216 limbs -> 36909874 (share 9227468): redistribute 0.024 ntt 0.382 crt 0.001 out 0.019 spills+carry 0.003, total 0.425 s
dist_mn node 1: 20132659 + 16777216 limbs -> 36909874 (share 9227469): redistribute 0.022 ntt 0.382 crt 0.001 out 0.018 spills+carry 0.003, total 0.425 s
dist_mn node 3: 20132659 + 16777216 limbs -> 36909874 (share 9227469): redistribute 0.022 ntt 0.385 crt 0.000 out 0.015 spills+carry 0.003, total 0.425 s
dist_mn node 2: 20132659 + 16777216 limbs -> 36909874 (share 9227468): redistribute 0.040 ntt 0.375 crt 0.001 out 0.015 spills+carry 0.003, total 0.425 s
dist_mn node 0: 20132659 x 16777216 limbs over 4 x 4 ranks (cap 2^26): 1 x 1 pieces, 0 formed, 1 skipped (low cut) (cache 0 slots: 0 hits, 0 misses)
dist_mn node 1: 20132659 x 16777216 limbs over 4 x 4 ranks (cap 2^26): 1 x 1 pieces, 0 formed, 1 skipped (low cut) (cache 0 slots: 0 hits, 0 misses)
dist_mn node 3: 20132659 x 16777216 limbs over 4 x 4 ranks (cap 2^26): 1 x 1 pieces, 0 formed, 1 skipped (low cut) (cache 0 slots: 0 hits, 0 misses)
dist_mn node 2: 20132659 x 16777216 limbs over 4 x 4 ranks (cap 2^26): 1 x 1 pieces, 0 formed, 1 skipped (low cut) (cache 0 slots: 0 hits, 0 misses)
dist_mn node 0: 20132659 + 16777216 limbs -> 0 (share 9227468): redistribute 0.000 ntt 0.000 crt 0.000 out 0.000 spills+carry 0.000, total 0.001 s
dist_mn node 1: 20132659 + 16777216 limbs -> 0 (share 9227469): redistribute 0.000 ntt 0.000 crt 0.000 out 0.000 spills+carry 0.000, total 0.001 s
dist_mn node 2: 20132659 + 16777216 limbs -> 0 (share 9227469): redistribute 0.000 ntt 0.000 crt 0.000 out 0.000 spills+carry 0.000, total 0.001 s
dist_mn node 3: 20132659 + 16777216 limbs -> 0 (share 9227469): redistribute 0.000 ntt 0.000 crt 0.000 out 0.000 spills+carry 0.000, total 0.001 s
mdev 3*2^24 (36909875 limbs): repack 0.064 h2d 0.001 fwd 0.008 inv 0.004 d2h 0.034 crt 0.032 total 0.111 s
mdev 3*2^24 (36909875 limbs): repack 0.064 h2d 0.001 fwd 0.005 inv 0.003 d2h 0.061 crt 0.067 total 0.147 s
mdev 3*2^24 (36909875 limbs): repack 0.090 h2d 0.001 fwd 0.006 inv 0.003 d2h 0.078 crt 0.102 total 0.192 s
mdev 3*2^24 (36909875 limbs): repack 0.077 h2d 0.001 fwd 0.006 inv 0.005 d2h 0.081 crt 0.088 total 0.173 s
dist_mn node 0: 20132659 x 16777216 limbs over 4 x 4 ranks (cap 2^26): 1 x 1 pieces, 0 formed, 1 skipped (low product) (low cut) (cache 0 slots: 0 hits, 0 misses)
dist_mn node 2: 20132659 x 16777216 limbs over 4 x 4 ranks (cap 2^26): 1 x 1 pieces, 0 formed, 1 skipped (low product) (low cut) (cache 0 slots: 0 hits, 0 misses)
dist_mn node 3: 20132659 x 16777216 limbs over 4 x 4 ranks (cap 2^26): 1 x 1 pieces, 0 formed, 1 skipped (low product) (low cut) (cache 0 slots: 0 hits, 0 misses)
dist_mn node 1: 20132659 x 16777216 limbs over 4 x 4 ranks (cap 2^26): 1 x 1 pieces, 0 formed, 1 skipped (low product) (low cut) (cache 0 slots: 0 hits, 0 misses)
dist_mn node 0: 20132659 + 16777216 limbs -> 0 (share 9227468): redistribute 0.000 ntt 0.000 crt 0.000 out 0.000 spills+carry 0.000, total 0.002 s
dist_mn node 3: 20132659 + 16777216 limbs -> 0 (share 9227469): redistribute 0.000 ntt 0.000 crt 0.000 out 0.000 spills+carry 0.000, total 0.001 s
dist_mn node 2: 20132659 + 16777216 limbs -> 0 (share 9227468): redistribute 0.000 ntt 0.000 crt 0.000 out 0.000 spills+carry 0.000, total 0.002 s
dist_mn node 1: 20132659 + 16777216 limbs -> 0 (share 9227469): redistribute 0.000 ntt 0.000 crt 0.000 out 0.000 spills+carry 0.000, total 0.002 s
mdev 3*2^24 (36909875 limbs): repack 0.043 h2d 0.001 fwd 0.010 inv 0.006 d2h 0.052 crt 0.045 total 0.114 s
mdev 3*2^24 (36909875 limbs): repack 0.049 h2d 0.001 fwd 0.011 inv 0.007 d2h 0.108 crt 0.064 total 0.177 s
mdev 3*2^24 (36909875 limbs): repack 0.061 h2d 0.001 fwd 0.007 inv 0.004 d2h 0.086 crt 0.051 total 0.162 s
mdev 3*2^24 (36909875 limbs): repack 0.049 h2d 0.001 fwd 0.005 inv 0.005 d2h 0.102 crt 0.037 total 0.167 s
dist_mn node 0: 2^26 = 2^13 x 2^13 over 4 x 4 ranks, 3 primes (rows 512..512; 20132659 + 16777216 limbs at 0, window [0, 9227468) of share [0, 9227468)): redistribute 0.016 ntt 0.309 crt 0.001 out 0.015 spills+carry 0.003 total 0.343 s [B cached]
dist_mn node 0: 20132659 x 16777216 limbs over 4 x 4 ranks (cap 2^26): 1 x 1 pieces, 1 formed, 0 skipped (cache 2 slots: 0 hits, 1 misses)
dist_mn node 1: 2^26 = 2^13 x 2^13 over 4 x 4 ranks, 3 primes (rows 512..512; 20132659 + 16777216 limbs at 0, window [9227468, 18454937) of share [9227468, 18454937)): redistribute 0.017 ntt 0.307 crt 0.000 out 0.018 spills+carry 0.003 total 0.343 s [B cached]
dist_mn node 1: 20132659 x 16777216 limbs over 4 x 4 ranks (cap 2^26): 1 x 1 pieces, 1 formed, 0 skipped (cache 2 slots: 0 hits, 1 misses)
dist_mn node 2: 2^26 = 2^13 x 2^13 over 4 x 4 ranks, 3 primes (rows 512..512; 20132659 + 16777216 limbs at 0, window [18454937, 27682406) of share [18454937, 27682406)): redistribute 0.017 ntt 0.308 crt 0.000 out 0.017 spills+carry 0.003 total 0.343 s [B cached]
dist_mn node 2: 20132659 x 16777216 limbs over 4 x 4 ranks (cap 2^26): 1 x 1 pieces, 1 formed, 0 skipped (cache 2 slots: 0 hits, 1 misses)
dist_mn node 3: 2^26 = 2^13 x 2^13 over 4 x 4 ranks, 3 primes (rows 512..512; 20132659 + 16777216 limbs at 0, window [27682406, 36909875) of share [27682406, 36909875)): redistribute 0.020 ntt 0.306 crt 0.001 out 0.018 spills+carry 0.003 total 0.343 s [B cached]
dist_mn node 3: 20132659 x 16777216 limbs over 4 x 4 ranks (cap 2^26): 1 x 1 pieces, 1 formed, 0 skipped (cache 2 slots: 0 hits, 1 misses)
dist_mn node 0: 20132659 + 16777216 limbs -> 36909875 (share 9227468): redistribute 0.016 ntt 0.309 crt 0.001 out 0.015 spills+carry 0.003, total 0.437 s
dist_mn node 1: 20132659 + 16777216 limbs -> 36909875 (share 9227469): redistribute 0.017 ntt 0.307 crt 0.000 out 0.018 spills+carry 0.003, total 0.403 s
dist_mn node 2: 20132659 + 16777216 limbs -> 36909875 (share 9227469): redistribute 0.017 ntt 0.308 crt 0.000 out 0.017 spills+carry 0.003, total 0.344 s
dist_mn node 3: 20132659 + 16777216 limbs -> 36909875 (share 9227469): redistribute 0.020 ntt 0.306 crt 0.001 out 0.018 spills+carry 0.003, total 0.378 s
dist_mn node 0: 2^26 = 2^13 x 2^13 over 4 x 4 ranks, 3 primes (rows 512..512; 20132659 + 16777216 limbs at 0, window [0, 9227468) of share [0, 9227468)): redistribute 0.010 ntt 0.242 crt 0.001 out 0.017 spills+carry 0.003 total 0.273 s [B hit]
dist_mn node 0: 20132659 x 16777216 limbs over 4 x 4 ranks (cap 2^26): 1 x 1 pieces, 1 formed, 0 skipped (low product) (cache 0 slots: 1 hits, 1 misses)
dist_mn node 1: 2^26 = 2^13 x 2^13 over 4 x 4 ranks, 3 primes (rows 512..512; 20132659 + 16777216 limbs at 0, window [9227468, 18454937) of share [9227468, 18454937)): redistribute 0.009 ntt 0.242 crt 0.001 out 0.018 spills+carry 0.003 total 0.272 s [B hit]
dist_mn node 1: 20132659 x 16777216 limbs over 4 x 4 ranks (cap 2^26): 1 x 1 pieces, 1 formed, 0 skipped (low product) (cache 0 slots: 1 hits, 1 misses)
dist_mn node 2: 2^26 = 2^13 x 2^13 over 4 x 4 ranks, 3 primes (rows 512..512; 20132659 + 16777216 limbs at 0, window [18454937, 27682405) of share [18454937, 27682405)): redistribute 0.014 ntt 0.238 crt 0.000 out 0.016 spills+carry 0.003 total 0.272 s [B hit]
dist_mn node 2: 20132659 x 16777216 limbs over 4 x 4 ranks (cap 2^26): 1 x 1 pieces, 1 formed, 0 skipped (low product) (cache 0 slots: 1 hits, 1 misses)
dist_mn node 3: 2^26 = 2^13 x 2^13 over 4 x 4 ranks, 3 primes (rows 512..512; 20132659 + 16777216 limbs at 0, window [27682405, 36909874) of share [27682405, 36909874)): redistribute 0.009 ntt 0.242 crt 0.000 out 0.020 spills+carry 0.003 total 0.273 s [B hit]
dist_mn node 3: 20132659 x 16777216 limbs over 4 x 4 ranks (cap 2^26): 1 x 1 pieces, 1 formed, 0 skipped (low product) (cache 0 slots: 1 hits, 1 misses)
dist_mn node 0: 20132659 + 16777216 limbs -> 36909874 (share 9227468): redistribute 0.010 ntt 0.242 crt 0.001 out 0.017 spills+carry 0.003, total 0.273 s
dist_mn node 1: 20132659 + 16777216 limbs -> 36909874 (share 9227469): redistribute 0.009 ntt 0.242 crt 0.001 out 0.018 spills+carry 0.003, total 0.273 s
dist_mn node 2: 20132659 + 16777216 limbs -> 36909874 (share 9227468): redistribute 0.014 ntt 0.238 crt 0.000 out 0.016 spills+carry 0.003, total 0.273 s
dist_mn node 3: 20132659 + 16777216 limbs -> 36909874 (share 9227469): redistribute 0.009 ntt 0.242 crt 0.000 out 0.020 spills+carry 0.003, total 0.273 s
dist_mn node 0: 2^25 = 2^12 x 2^13 over 4 x 4 ranks, 3 primes (rows 256..256; 10066329 + 16777209 limbs at 0, window [0, 6710884) of share [0, 6710884)): redistribute 0.024 ntt 0.241 crt 0.000 out 0.013 spills+carry 0.003 total 0.320 s
dist_mn node 0: 10066329 x 16777209 limbs over 4 x 4 ranks (cap 2^26): 1 x 1 pieces, 1 formed, 0 skipped (cache 0 slots: 0 hits, 0 misses)
dist_mn node 1: 2^25 = 2^12 x 2^13 over 4 x 4 ranks, 3 primes (rows 256..256; 10066329 + 16777209 limbs at 0, window [6710884, 13421769) of share [6710884, 13421769)): redistribute 0.034 ntt 0.241 crt 0.000 out 0.012 spills+carry 0.003 total 0.321 s
dist_mn node 1: 10066329 x 16777209 limbs over 4 x 4 ranks (cap 2^26): 1 x 1 pieces, 1 formed, 0 skipped (cache 0 slots: 0 hits, 0 misses)
dist_mn node 2: 2^25 = 2^12 x 2^13 over 4 x 4 ranks, 3 primes (rows 256..256; 10066329 + 16777209 limbs at 0, window [13421769, 20132653) of share [13421769, 20132653)): redistribute 0.043 ntt 0.244 crt 0.000 out 0.011 spills+carry 0.003 total 0.321 s
dist_mn node 2: 10066329 x 16777209 limbs over 4 x 4 ranks (cap 2^26): 1 x 1 pieces, 1 formed, 0 skipped (cache 0 slots: 0 hits, 0 misses)
dist_mn node 3: 2^25 = 2^12 x 2^13 over 4 x 4 ranks, 3 primes (rows 256..256; 10066329 + 16777209 limbs at 0, window [20132653, 26843538) of share [20132653, 26843538)): redistribute 0.046 ntt 0.239 crt 0.000 out 0.013 spills+carry 0.003 total 0.321 s
dist_mn node 3: 10066329 x 16777209 limbs over 4 x 4 ranks (cap 2^26): 1 x 1 pieces, 1 formed, 0 skipped (cache 0 slots: 0 hits, 0 misses)
dist_mn node 0: 10066329 + 16777209 limbs -> 26843538 (share 6710884): redistribute 0.024 ntt 0.241 crt 0.000 out 0.013 spills+carry 0.003, total 0.321 s
dist_mn node 1: 10066329 + 16777209 limbs -> 26843538 (share 6710885): redistribute 0.034 ntt 0.241 crt 0.000 out 0.012 spills+carry 0.003, total 0.321 s
dist_mn node 2: 10066329 + 16777209 limbs -> 26843538 (share 6710884): redistribute 0.043 ntt 0.244 crt 0.000 out 0.011 spills+carry 0.003, total 0.321 s
dist_mn node 3: 10066329 + 16777209 limbs -> 26843538 (share 6710885): redistribute 0.046 ntt 0.239 crt 0.000 out 0.013 spills+carry 0.003, total 0.321 s
mdev 2^25 (26843538 limbs): repack 0.059 h2d 0.001 fwd 0.010 inv 0.006 d2h 0.058 crt 0.022 total 0.132 s
mdev 2^25 (26843538 limbs): repack 0.078 h2d 0.001 fwd 0.012 inv 0.004 d2h 0.051 crt 0.012 total 0.134 s
mdev 2^25 (26843538 limbs): repack 0.057 h2d 0.001 fwd 0.011 inv 0.005 d2h 0.123 crt 0.093 total 0.190 s
mdev 2^25 (26843538 limbs): repack 0.054 h2d 0.000 fwd 0.005 inv 0.007 d2h 0.147 crt 0.051 total 0.219 s
dist_mn node 0: 2^25 = 2^12 x 2^13 over 4 x 4 ranks, 3 primes (rows 256..256; 10066329 + 16777209 limbs at 0, window [0, 2516583) of share [0, 2516583)): redistribute 0.010 ntt 0.173 crt 0.000 out 0.007 spills+carry 0.003 total 0.191 s
dist_mn node 0: 10066329 x 16777209 limbs over 4 x 4 ranks (cap 2^26): 1 x 1 pieces, 1 formed, 0 skipped (low product) (cache 0 slots: 0 hits, 0 misses)
dist_mn node 1: 2^25 = 2^12 x 2^13 over 4 x 4 ranks, 3 primes (rows 256..256; 10066329 + 16777209 limbs at 0, window [2516583, 5033166) of share [2516583, 5033166)): redistribute 0.068 ntt 0.175 crt 0.000 out 0.006 spills+carry 0.003 total 0.250 s
dist_mn node 1: 10066329 x 16777209 limbs over 4 x 4 ranks (cap 2^26): 1 x 1 pieces, 1 formed, 0 skipped (low product) (cache 0 slots: 0 hits, 0 misses)
dist_mn node 1: 10066329 + 16777209 limbs -> 10066332 (share 2516583): redistribute 0.068 ntt 0.175 crt 0.000 out 0.006 spills+carry 0.003, total 0.250 s
dist_mn node 2: 2^25 = 2^12 x 2^13 over 4 x 4 ranks, 3 primes (rows 256..256; 10066329 + 16777209 limbs at 0, window [5033166, 7549749) of share [5033166, 7549749)): redistribute 0.031 ntt 0.173 crt 0.000 out 0.008 spills+carry 0.003 total 0.213 s
dist_mn node 2: 10066329 x 16777209 limbs over 4 x 4 ranks (cap 2^26): 1 x 1 pieces, 1 formed, 0 skipped (low product) (cache 0 slots: 0 hits, 0 misses)
dist_mn node 2: 10066329 + 16777209 limbs -> 10066332 (share 2516583): redistribute 0.031 ntt 0.173 crt 0.000 out 0.008 spills+carry 0.003, total 0.213 s
dist_mn node 3: 2^25 = 2^12 x 2^13 over 4 x 4 ranks, 3 primes (rows 256..256; 10066329 + 16777209 limbs at 0, window [7549749, 10066332) of share [7549749, 10066332)): redistribute 0.047 ntt 0.174 crt 0.000 out 0.006 spills+carry 0.003 total 0.230 s
dist_mn node 3: 10066329 x 16777209 limbs over 4 x 4 ranks (cap 2^26): 1 x 1 pieces, 1 formed, 0 skipped (low product) (cache 0 slots: 0 hits, 0 misses)
dist_mn node 3: 10066329 + 16777209 limbs -> 10066332 (share 2516583): redistribute 0.047 ntt 0.174 crt 0.000 out 0.006 spills+carry 0.003, total 0.231 s
dist_mn node 0: 10066329 + 16777209 limbs -> 10066332 (share 2516583): redistribute 0.010 ntt 0.173 crt 0.000 out 0.007 spills+carry 0.003, total 0.192 s
dist_mn node 0: 2^26 = 2^13 x 2^13 over 4 x 4 ranks, 3 primes (rows 512..512; 20132659 + 16777216 + x limbs at 0, window [0, 9227469) of share [0, 9227469)): redistribute 0.045 ntt 0.352 crt 0.000 out 0.019 spills+carry 0.003 total 0.442 s
dist_mn node 0: 20132659 x 16777216 limbs over 4 x 4 ranks (cap 2^26): 1 x 1 pieces, 1 formed, 0 skipped (cache 0 slots: 0 hits, 0 misses)
dist_mn node 1: 2^26 = 2^13 x 2^13 over 4 x 4 ranks, 3 primes (rows 512..512; 20132659 + 16777216 + x limbs at 0, window [9227469, 18454938) of share [9227469, 18454938)): redistribute 0.041 ntt 0.357 crt 0.001 out 0.016 spills+carry 0.003 total 0.438 s
dist_mn node 1: 20132659 x 16777216 limbs over 4 x 4 ranks (cap 2^26): 1 x 1 pieces, 1 formed, 0 skipped (cache 0 slots: 0 hits, 0 misses)
dist_mn node 2: 2^26 = 2^13 x 2^13 over 4 x 4 ranks, 3 primes (rows 512..512; 20132659 + 16777216 + x limbs at 0, window [18454938, 27682407) of share [18454938, 27682407)): redistribute 0.021 ntt 0.354 crt 0.000 out 0.020 spills+carry 0.003 total 0.429 s
dist_mn node 2: 20132659 x 16777216 limbs over 4 x 4 ranks (cap 2^26): 1 x 1 pieces, 1 formed, 0 skipped (cache 0 slots: 0 hits, 0 misses)
dist_mn node 3: 2^26 = 2^13 x 2^13 over 4 x 4 ranks, 3 primes (rows 512..512; 20132659 + 16777216 + x limbs at 0, window [27682407, 36909876) of share [27682407, 36909876)): redistribute 0.040 ntt 0.362 crt 0.001 out 0.012 spills+carry 0.003 total 0.439 s
dist_mn node 3: 20132659 x 16777216 limbs over 4 x 4 ranks (cap 2^26): 1 x 1 pieces, 1 formed, 0 skipped (cache 0 slots: 0 hits, 0 misses)
dist_mn node 0: 20132659 + 16777216 + x limbs -> 36909875 (share 9227469): redistribute 0.045 ntt 0.352 crt 0.000 out 0.019 spills+carry 0.003, total 0.443 s
dist_mn node 1: 20132659 + 16777216 + x limbs -> 36909875 (share 9227469): redistribute 0.041 ntt 0.357 crt 0.001 out 0.016 spills+carry 0.003, total 0.439 s
dist_mn node 2: 20132659 + 16777216 + x limbs -> 36909875 (share 9227469): redistribute 0.021 ntt 0.354 crt 0.000 out 0.020 spills+carry 0.003, total 0.429 s
dist_mn node 3: 20132659 + 16777216 + x limbs -> 36909875 (share 9227469): redistribute 0.040 ntt 0.362 crt 0.001 out 0.012 spills+carry 0.003, total 0.440 s
mdb_add_shifted node 0: 16777213 limbs at 0 into a basis of 36909876 (my window [0, 9227469), 1 rounds of 2306880; slabs 2306867 + 2306867 limbs per APU 0): 0.074 s
mdb_add_shifted node 1: 16777213 limbs at 0 into a basis of 36909876 (my window [9227469, 16777213), 1 rounds of 2306880; slabs 0 + 1887436 limbs per APU 0): 0.054 s
mdb_add_shifted node 2: 16777213 limbs at 0 into a basis of 36909876 (my window [18454938, 18454938), 1 rounds of 2306880; slabs 1887436 + 0 limbs per APU 0): 0.046 s
mdb_add_shifted node 3: 16777213 limbs at 0 into a basis of 36909876 (my window [27682407, 27682407), 1 rounds of 2306880; slabs 0 + 0 limbs per APU 0): 0.034 s
mdb_add_shifted node 0: 16777213 limbs at 7 into a basis of 36909876 (my window [7, 9227469), 1 rounds of 2306880; slabs 2306865 + 2306865 limbs per APU 0): 0.045 s
mdb_add_shifted node 1: 16777213 limbs at 7 into a basis of 36909876 (my window [9227469, 16777220), 1 rounds of 2306880; slabs 0 + 1887437 limbs per APU 0): 0.041 s
mdb_add_shifted node 2: 16777213 limbs at 7 into a basis of 36909876 (my window [18454938, 18454938), 1 rounds of 2306880; slabs 1887437 + 0 limbs per APU 0): 0.029 s
mdb_add_shifted node 3: 16777213 limbs at 7 into a basis of 36909876 (my window [27682407, 27682407), 1 rounds of 2306880; slabs 0 + 0 limbs per APU 0): 0.024 s
mdb_add_shifted node 0: 16777213 limbs at 10066329 into a basis of 36909876 (my window [10066329, 10066329), 1 rounds of 2097168; slabs 2097152 + 0 limbs per APU 0): 0.037 s
mdb_add_shifted node 1: 16777213 limbs at 10066329 into a basis of 36909876 (my window [10066329, 18454938), 1 rounds of 2097168; slabs 0 + 2097152 limbs per APU 0): 0.035 s
mdb_add_shifted node 2: 16777213 limbs at 10066329 into a basis of 36909876 (my window [18454938, 26843542), 1 rounds of 2097168; slabs 2097151 + 2097151 limbs per APU 0): 0.039 s
mdb_add_shifted node 3: 16777213 limbs at 10066329 into a basis of 36909876 (my window [27682407, 27682407), 1 rounds of 2097168; slabs 0 + 0 limbs per APU 0): 0.022 s
mdb_add_shifted node 0: 16777213 limbs at 20132659 into a basis of 36909876 (my window [20132659, 20132659), 1 rounds of 2306880; slabs 1887437 + 0 limbs per APU 0): 0.023 s
mdb_add_shifted node 1: 16777213 limbs at 20132659 into a basis of 36909876 (my window [20132659, 20132659), 1 rounds of 2306880; slabs 838860 + 0 limbs per APU 0): 0.034 s
mdb_add_shifted node 2: 16777213 limbs at 20132659 into a basis of 36909876 (my window [20132659, 27682407), 1 rounds of 2306880; slabs 1468006 + 1887437 limbs per APU 0): 0.018 s
mdb_add_shifted node 3: 16777213 limbs at 20132659 into a basis of 36909876 (my window [27682407, 36909872), 1 rounds of 2306880; slabs 0 + 2306866 limbs per APU 0): 0.038 s
dbig pool: APU0 hipMalloc 0.04 GB inside the phase (free 0.11 GB in 12 extents, largest 0.03; live 0.07 GB in 16 blocks)
dbig pool: APU0 hipMalloc 0.04 GB inside the phase (free 0.11 GB in 12 extents, largest 0.03; live 0.07 GB in 16 blocks)
dbig pool: APU1 hipMalloc 0.04 GB inside the phase (free 0.11 GB in 12 extents, largest 0.03; live 0.07 GB in 17 blocks)
dbig pool: APU1 hipMalloc 0.04 GB inside the phase (free 0.11 GB in 12 extents, largest 0.03; live 0.07 GB in 17 blocks)
dbig pool: APU2 hipMalloc 0.04 GB inside the phase (free 0.11 GB in 12 extents, largest 0.03; live 0.07 GB in 18 blocks)
dbig pool: APU2 hipMalloc 0.04 GB inside the phase (free 0.11 GB in 12 extents, largest 0.03; live 0.07 GB in 18 blocks)
dbig pool: APU3 hipMalloc 0.04 GB inside the phase (free 0.11 GB in 12 extents, largest 0.03; live 0.07 GB in 19 blocks)
dbig pool: APU3 hipMalloc 0.04 GB inside the phase (free 0.11 GB in 12 extents, largest 0.03; live 0.07 GB in 19 blocks)
dbig pool: APU0 hipMalloc 0.04 GB inside the phase (free 0.11 GB in 12 extents, largest 0.03; live 0.07 GB in 16 blocks)
dbig pool: APU1 hipMalloc 0.04 GB inside the phase (free 0.11 GB in 12 extents, largest 0.03; live 0.07 GB in 17 blocks)
dbig pool: APU2 hipMalloc 0.04 GB inside the phase (free 0.11 GB in 12 extents, largest 0.03; live 0.07 GB in 18 blocks)
dbig pool: APU3 hipMalloc 0.04 GB inside the phase (free 0.11 GB in 12 extents, largest 0.03; live 0.07 GB in 19 blocks)
dbig pool: APU0 hipMalloc 0.04 GB inside the phase (free 0.11 GB in 12 extents, largest 0.03; live 0.07 GB in 16 blocks)
dbig pool: APU1 hipMalloc 0.04 GB inside the phase (free 0.11 GB in 12 extents, largest 0.03; live 0.07 GB in 17 blocks)
dbig pool: APU2 hipMalloc 0.04 GB inside the phase (free 0.11 GB in 12 extents, largest 0.03; live 0.07 GB in 18 blocks)
dbig pool: APU3 hipMalloc 0.04 GB inside the phase (free 0.11 GB in 12 extents, largest 0.03; live 0.07 GB in 19 blocks)
dbig pool: APU0 hipMalloc 0.02 GB inside the phase (free 0.08 GB in 10 extents, largest 0.01; live 0.14 GB in 23 blocks)
dbig pool: APU0 hipMalloc 0.02 GB inside the phase (free 0.08 GB in 10 extents, largest 0.01; live 0.14 GB in 24 blocks)
dbig pool: APU3 hipMalloc 0.02 GB inside the phase (free 0.08 GB in 10 extents, largest 0.01; live 0.14 GB in 25 blocks)
dbig pool: APU3 hipMalloc 0.02 GB inside the phase (free 0.08 GB in 10 extents, largest 0.01; live 0.14 GB in 26 blocks)
dbig pool: APU0 hipMalloc 0.02 GB inside the phase (free 0.08 GB in 10 extents, largest 0.01; live 0.16 GB in 24 blocks)
dbig pool: APU0 hipMalloc 0.02 GB inside the phase (free 0.08 GB in 10 extents, largest 0.01; live 0.16 GB in 25 blocks)
dbig pool: APU3 hipMalloc 0.02 GB inside the phase (free 0.08 GB in 10 extents, largest 0.01; live 0.16 GB in 26 blocks)
dbig pool: APU3 hipMalloc 0.02 GB inside the phase (free 0.08 GB in 10 extents, largest 0.01; live 0.16 GB in 27 blocks)
dbig pool: APU1 hipMalloc 0.02 GB inside the phase (free 0.08 GB in 10 extents, largest 0.01; live 0.14 GB in 27 blocks)
dbig pool: APU3 hipMalloc 0.02 GB inside the phase (free 0.08 GB in 10 extents, largest 0.01; live 0.14 GB in 26 blocks)
dbig pool: APU0 hipMalloc 0.02 GB inside the phase (free 0.08 GB in 10 extents, largest 0.01; live 0.14 GB in 28 blocks)
dbig pool: APU2 hipMalloc 0.02 GB inside the phase (free 0.08 GB in 10 extents, largest 0.01; live 0.14 GB in 28 blocks)
dbig pool: APU1 hipMalloc 0.02 GB inside the phase (free 0.08 GB in 10 extents, largest 0.01; live 0.16 GB in 28 blocks)
dbig pool: APU0 hipMalloc 0.02 GB inside the phase (free 0.08 GB in 10 extents, largest 0.01; live 0.16 GB in 29 blocks)
dbig pool: APU3 hipMalloc 0.02 GB inside the phase (free 0.08 GB in 10 extents, largest 0.01; live 0.16 GB in 27 blocks)
dbig pool: APU2 hipMalloc 0.02 GB inside the phase (free 0.08 GB in 10 extents, largest 0.01; live 0.16 GB in 29 blocks)
dbig pool: APU2 hipMalloc 0.02 GB inside the phase (free 0.08 GB in 10 extents, largest 0.01; live 0.14 GB in 31 blocks)
dbig pool: APU1 hipMalloc 0.02 GB inside the phase (free 0.08 GB in 10 extents, largest 0.01; live 0.14 GB in 30 blocks)
dbig pool: APU2 hipMalloc 0.02 GB inside the phase (free 0.08 GB in 10 extents, largest 0.01; live 0.14 GB in 30 blocks)
dbig pool: APU0 hipMalloc 0.02 GB inside the phase (free 0.08 GB in 10 extents, largest 0.01; live 0.14 GB in 30 blocks)
dbig pool: APU2 hipMalloc 0.02 GB inside the phase (free 0.08 GB in 10 extents, largest 0.01; live 0.16 GB in 32 blocks)
dbig pool: APU0 hipMalloc 0.02 GB inside the phase (free 0.08 GB in 10 extents, largest 0.01; live 0.16 GB in 31 blocks)
dbig pool: APU1 hipMalloc 0.02 GB inside the phase (free 0.08 GB in 10 extents, largest 0.01; live 0.16 GB in 31 blocks)
dbig pool: APU2 hipMalloc 0.02 GB inside the phase (free 0.08 GB in 10 extents, largest 0.01; live 0.16 GB in 31 blocks)
dbig pool: APU2 hipMalloc 0.02 GB inside the phase (free 0.08 GB in 10 extents, largest 0.01; live 0.14 GB in 34 blocks)
dbig pool: APU1 hipMalloc 0.02 GB inside the phase (free 0.08 GB in 10 extents, largest 0.01; live 0.14 GB in 34 blocks)
dbig pool: APU1 hipMalloc 0.02 GB inside the phase (free 0.08 GB in 10 extents, largest 0.01; live 0.16 GB in 35 blocks)
dbig pool: APU1 hipMalloc 0.02 GB inside the phase (free 0.08 GB in 10 extents, largest 0.01; live 0.14 GB in 34 blocks)
dbig pool: APU2 hipMalloc 0.02 GB inside the phase (free 0.08 GB in 10 extents, largest 0.01; live 0.16 GB in 35 blocks)
dbig pool: APU3 hipMalloc 0.02 GB inside the phase (free 0.08 GB in 10 extents, largest 0.01; live 0.14 GB in 34 blocks)
dbig pool: APU1 hipMalloc 0.02 GB inside the phase (free 0.08 GB in 10 extents, largest 0.01; live 0.16 GB in 35 blocks)
dbig pool: APU3 hipMalloc 0.02 GB inside the phase (free 0.08 GB in 10 extents, largest 0.01; live 0.16 GB in 35 blocks)
dbig pool: APU2 hipMalloc 0.04 GB inside the phase (free 0.12 GB in 12 extents, largest 0.02; live 0.14 GB in 31 blocks)
dbig pool: APU2 hipMalloc 0.04 GB inside the phase (free 0.12 GB in 12 extents, largest 0.02; live 0.14 GB in 30 blocks)
dbig pool: APU0 hipMalloc 0.04 GB inside the phase (free 0.12 GB in 12 extents, largest 0.02; live 0.14 GB in 29 blocks)
dbig pool: APU0 hipMalloc 0.04 GB inside the phase (free 0.12 GB in 12 extents, largest 0.02; live 0.14 GB in 31 blocks)
dbig pool: APU2 hipMalloc 0.04 GB inside the phase (free 0.12 GB in 12 extents, largest 0.02; live 0.14 GB in 30 blocks)
dbig pool: APU1 hipMalloc 0.04 GB inside the phase (free 0.12 GB in 12 extents, largest 0.02; live 0.14 GB in 30 blocks)
dbig pool: APU1 hipMalloc 0.04 GB inside the phase (free 0.12 GB in 12 extents, largest 0.02; live 0.14 GB in 31 blocks)
dbig pool: APU0 hipMalloc 0.04 GB inside the phase (free 0.12 GB in 12 extents, largest 0.02; live 0.14 GB in 31 blocks)
dbig pool: APU1 hipMalloc 0.04 GB inside the phase (free 0.12 GB in 12 extents, largest 0.02; live 0.14 GB in 31 blocks)
dbig pool: APU3 hipMalloc 0.04 GB inside the phase (free 0.12 GB in 12 extents, largest 0.02; live 0.14 GB in 31 blocks)
dbig pool: APU3 hipMalloc 0.04 GB inside the phase (free 0.12 GB in 12 extents, largest 0.02; live 0.14 GB in 31 blocks)
dbig pool: APU3 hipMalloc 0.04 GB inside the phase (free 0.12 GB in 12 extents, largest 0.02; live 0.14 GB in 31 blocks)
dist_mn node 0: 2^26 = 2^13 x 2^13 over 4 x 4 ranks, 3 primes (rows 512..512; 40265318 + 16777216 limbs at 0, window [0, 18454937) of share [0, 18454937)): redistribute 0.126 ntt 0.385 crt 0.002 out 0.146 spills+carry 0.006 total 0.683 s [A cached] [B cached]
dist_mn node 1: 2^26 = 2^13 x 2^13 over 4 x 4 ranks, 3 primes (rows 512..512; 40265318 + 16777216 limbs at 0, window [18454937, 36909875) of share [18454937, 36909875)): redistribute 0.132 ntt 0.387 crt 0.003 out 0.157 spills+carry 0.006 total 0.683 s [A cached] [B cached]
dist_mn node 2: 2^26 = 2^13 x 2^13 over 4 x 4 ranks, 3 primes (rows 512..512; 40265318 + 16777216 limbs at 0, window [36909875, 55364812) of share [36909875, 55364812)): redistribute 0.120 ntt 0.384 crt 0.003 out 0.176 spills+carry 0.006 total 0.683 s [A cached] [B cached]
dist_mn node 3: 2^26 = 2^13 x 2^13 over 4 x 4 ranks, 3 primes (rows 512..512; 40265318 + 16777216 limbs at 0, window [55364812, 57042534) of share [55364812, 73819750)): redistribute 0.136 ntt 0.388 crt 0.001 out 0.181 spills+carry 0.006 total 0.683 s [A cached] [B cached]
dbig pool: APU0 hipMalloc 0.04 GB inside the phase (free 0.15 GB in 14 extents, largest 0.03; live 0.11 GB in 20 blocks)
dbig pool: APU1 hipMalloc 0.04 GB inside the phase (free 0.15 GB in 14 extents, largest 0.03; live 0.11 GB in 21 blocks)
dbig pool: APU2 hipMalloc 0.04 GB inside the phase (free 0.15 GB in 14 extents, largest 0.03; live 0.11 GB in 22 blocks)
dbig pool: APU3 hipMalloc 0.04 GB inside the phase (free 0.15 GB in 14 extents, largest 0.03; live 0.11 GB in 23 blocks)
dbig pool: APU2 hipMalloc 0.04 GB inside the phase (free 0.12 GB in 12 extents, largest 0.02; live 0.18 GB in 35 blocks)
dbig pool: APU1 hipMalloc 0.04 GB inside the phase (free 0.12 GB in 12 extents, largest 0.02; live 0.18 GB in 35 blocks)
dbig pool: APU0 hipMalloc 0.04 GB inside the phase (free 0.12 GB in 12 extents, largest 0.02; live 0.18 GB in 35 blocks)
dbig pool: APU2 hipMalloc 0.04 GB inside the phase (free 0.12 GB in 12 extents, largest 0.02; live 0.18 GB in 34 blocks)
dbig pool: APU2 hipMalloc 0.04 GB inside the phase (free 0.12 GB in 12 extents, largest 0.02; live 0.18 GB in 34 blocks)
dbig pool: APU1 hipMalloc 0.04 GB inside the phase (free 0.12 GB in 12 extents, largest 0.02; live 0.18 GB in 34 blocks)
dbig pool: APU1 hipMalloc 0.04 GB inside the phase (free 0.12 GB in 12 extents, largest 0.02; live 0.18 GB in 35 blocks)
dbig pool: APU0 hipMalloc 0.04 GB inside the phase (free 0.12 GB in 12 extents, largest 0.02; live 0.18 GB in 35 blocks)
dbig pool: APU3 hipMalloc 0.04 GB inside the phase (free 0.12 GB in 12 extents, largest 0.02; live 0.18 GB in 35 blocks)
dbig pool: APU3 hipMalloc 0.04 GB inside the phase (free 0.12 GB in 12 extents, largest 0.02; live 0.18 GB in 35 blocks)
dbig pool: APU0 hipMalloc 0.04 GB inside the phase (free 0.12 GB in 12 extents, largest 0.02; live 0.18 GB in 35 blocks)
dbig pool: APU3 hipMalloc 0.04 GB inside the phase (free 0.12 GB in 12 extents, largest 0.02; live 0.18 GB in 35 blocks)
dist_mn node 0: 2^26 = 2^13 x 2^13 over 4 x 4 ranks, 3 primes (rows 512..512; 40265318 + 16777216 limbs at 16777216, window [0, 1677721) of share [0, 18454937), accumulated): redistribute 0.024 ntt 0.223 crt 0.001 out 0.138 spills+carry 0.009 total 0.383 s [A hit] [B cached]
dist_mn node 0: 40265318 x 33554432 limbs over 4 x 4 ranks (cap 2^26): 1 x 2 pieces, 2 formed, 0 skipped (cache 2 slots: 1 hits, 3 misses)
dist_mn node 1: 2^26 = 2^13 x 2^13 over 4 x 4 ranks, 3 primes (rows 512..512; 40265318 + 16777216 limbs at 16777216, window [1677721, 20132659) of share [18454937, 36909875), accumulated): redistribute 0.021 ntt 0.226 crt 0.001 out 0.132 spills+carry 0.008 total 0.383 s [A hit] [B cached]
dist_mn node 1: 40265318 x 33554432 limbs over 4 x 4 ranks (cap 2^26): 1 x 2 pieces, 2 formed, 0 skipped (cache 2 slots: 1 hits, 3 misses)
dist_mn node 2: 2^26 = 2^13 x 2^13 over 4 x 4 ranks, 3 primes (rows 512..512; 40265318 + 16777216 limbs at 16777216, window [20132659, 38587596) of share [36909875, 55364812), accumulated): redistribute 0.023 ntt 0.226 crt 0.001 out 0.137 spills+carry 0.008 total 0.383 s [A hit] [B cached]
dist_mn node 2: 40265318 x 33554432 limbs over 4 x 4 ranks (cap 2^26): 1 x 2 pieces, 2 formed, 0 skipped (cache 2 slots: 1 hits, 3 misses)
dist_mn node 3: 2^26 = 2^13 x 2^13 over 4 x 4 ranks, 3 primes (rows 512..512; 40265318 + 16777216 limbs at 16777216, window [38587596, 57042534) of share [55364812, 73819750), accumulated): redistribute 0.009 ntt 0.252 crt 0.001 out 0.100 spills+carry 0.008 total 0.383 s [A hit] [B cached]
dist_mn node 3: 40265318 x 33554432 limbs over 4 x 4 ranks (cap 2^26): 1 x 2 pieces, 2 formed, 0 skipped (cache 2 slots: 1 hits, 3 misses)
dist_mn node 1: 40265318 + 33554432 limbs -> 73819750 (share 18454938): redistribute 0.153 ntt 0.614 crt 0.003 out 0.289 spills+carry 0.015, total 1.428 s
dist_mn node 2: 40265318 + 33554432 limbs -> 73819750 (share 18454937): redistribute 0.143 ntt 0.610 crt 0.003 out 0.313 spills+carry 0.014, total 1.430 s
dist_mn node 3: 40265318 + 33554432 limbs -> 73819750 (share 18454938): redistribute 0.145 ntt 0.640 crt 0.002 out 0.281 spills+carry 0.015, total 1.081 s
dist_mn node 0: 40265318 + 33554432 limbs -> 73819750 (share 18454937): redistribute 0.150 ntt 0.609 crt 0.002 out 0.284 spills+carry 0.015, total 1.150 s
mdev 3*2^25 (73819750 limbs): repack 0.137 h2d 0.002 fwd 0.035 inv 0.013 d2h 0.106 crt 0.036 total 0.285 s
mdev 3*2^25 (73819750 limbs): repack 0.122 h2d 0.001 fwd 0.024 inv 0.016 d2h 0.141 crt 0.036 total 0.296 s
mdev 3*2^25 (73819750 limbs): repack 0.132 h2d 0.002 fwd 0.035 inv 0.015 d2h 0.141 crt 0.087 total 0.334 s
mdev 3*2^25 (73819750 limbs): repack 0.164 h2d 0.002 fwd 0.037 inv 0.010 d2h 0.147 crt 0.061 total 0.351 s
   2 pieces 40265318 x 33554432: 1.52 s
dbig pool: APU1 hipMalloc 0.04 GB inside the phase (free 0.14 GB in 13 extents, largest 0.02; live 0.16 GB in 31 blocks)
dbig pool: APU2 hipMalloc 0.04 GB inside the phase (free 0.14 GB in 13 extents, largest 0.02; live 0.16 GB in 30 blocks)
dbig pool: APU0 hipMalloc 0.04 GB inside the phase (free 0.14 GB in 13 extents, largest 0.02; live 0.16 GB in 31 blocks)
dbig pool: APU3 hipMalloc 0.04 GB inside the phase (free 0.14 GB in 13 extents, largest 0.02; live 0.16 GB in 31 blocks)
dist_mn node 0: 2^26 = 2^13 x 2^13 over 4 x 4 ranks, 3 primes (rows 512..512; 40265318 + 16777216 limbs at 0, window [0, 18454937) of share [0, 18454937)): redistribute 0.042 ntt 0.355 crt 0.001 out 0.046 spills+carry 0.002 total 0.418 s [A cached] [B cached]
dist_mn node 1: 2^26 = 2^13 x 2^13 over 4 x 4 ranks, 3 primes (rows 512..512; 40265318 + 16777216 limbs at 0, window [18454937, 36909875) of share [18454937, 36909875)): redistribute 0.032 ntt 0.353 crt 0.000 out 0.048 spills+carry 0.001 total 0.418 s [A cached] [B cached]
dist_mn node 2: 2^26 = 2^13 x 2^13 over 4 x 4 ranks, 3 primes (rows 512..512; 40265318 + 16777216 limbs at 0, window [36909875, 55364813) of share [36909875, 55364813)): redistribute 0.041 ntt 0.356 crt 0.005 out 0.047 spills+carry 0.001 total 0.418 s [A cached] [B cached]
dist_mn node 3: 2^26 = 2^13 x 2^13 over 4 x 4 ranks, 3 primes (rows 512..512; 40265318 + 16777216 limbs at 0, window [55364813, 57042534) of share [55364813, 73819751)): redistribute 0.031 ntt 0.354 crt 0.001 out 0.046 spills+carry 0.001 total 0.418 s [A cached] [B cached]
dbig pool: APU2 hipMalloc 0.04 GB inside the phase (free 0.14 GB in 13 extents, largest 0.02; live 0.20 GB in 35 blocks)
dbig pool: APU1 hipMalloc 0.04 GB inside the phase (free 0.14 GB in 13 extents, largest 0.02; live 0.20 GB in 33 blocks)
dbig pool: APU0 hipMalloc 0.04 GB inside the phase (free 0.14 GB in 13 extents, largest 0.02; live 0.20 GB in 35 blocks)
dbig pool: APU0 hipMalloc 0.04 GB inside the phase (free 0.14 GB in 13 extents, largest 0.02; live 0.20 GB in 34 blocks)
dbig pool: APU0 hipMalloc 0.04 GB inside the phase (free 0.14 GB in 13 extents, largest 0.02; live 0.20 GB in 34 blocks)
dbig pool: APU2 hipMalloc 0.04 GB inside the phase (free 0.14 GB in 13 extents, largest 0.02; live 0.20 GB in 35 blocks)
dbig pool: APU1 hipMalloc 0.04 GB inside the phase (free 0.14 GB in 13 extents, largest 0.02; live 0.20 GB in 35 blocks)
dbig pool: APU2 hipMalloc 0.04 GB inside the phase (free 0.14 GB in 13 extents, largest 0.02; live 0.20 GB in 35 blocks)
dbig pool: APU1 hipMalloc 0.04 GB inside the phase (free 0.14 GB in 13 extents, largest 0.02; live 0.20 GB in 35 blocks)
dbig pool: APU3 hipMalloc 0.04 GB inside the phase (free 0.14 GB in 13 extents, largest 0.02; live 0.20 GB in 35 blocks)
dbig pool: APU3 hipMalloc 0.04 GB inside the phase (free 0.14 GB in 13 extents, largest 0.02; live 0.20 GB in 35 blocks)
dbig pool: APU3 hipMalloc 0.04 GB inside the phase (free 0.14 GB in 13 extents, largest 0.02; live 0.20 GB in 35 blocks)
dist_mn node 0: 2^26 = 2^13 x 2^13 over 4 x 4 ranks, 3 primes (rows 512..512; 40265318 + 16777216 limbs at 16777216, window [0, 1677721) of share [0, 18454937), accumulated): redistribute 0.008 ntt 0.243 crt 0.000 out 0.025 spills+carry 0.004 total 0.274 s [A hit] [B cached]
dist_mn node 1: 2^26 = 2^13 x 2^13 over 4 x 4 ranks, 3 primes (rows 512..512; 40265318 + 16777216 limbs at 16777216, window [1677721, 20132659) of share [18454937, 36909875), accumulated): redistribute 0.010 ntt 0.236 crt 0.000 out 0.023 spills+carry 0.004 total 0.274 s [A hit] [B cached]
dist_mn node 2: 2^26 = 2^13 x 2^13 over 4 x 4 ranks, 3 primes (rows 512..512; 40265318 + 16777216 limbs at 16777216, window [20132659, 38587597) of share [36909875, 55364813), accumulated): redistribute 0.012 ntt 0.236 crt 0.001 out 0.020 spills+carry 0.004 total 0.274 s [A hit] [B cached]
dist_mn node 3: 2^26 = 2^13 x 2^13 over 4 x 4 ranks, 3 primes (rows 512..512; 40265318 + 16777216 limbs at 16777216, window [38587597, 57042534) of share [55364813, 73819751), accumulated): redistribute 0.011 ntt 0.237 crt 0.000 out 0.019 spills+carry 0.004 total 0.274 s [A hit] [B cached]
dbig pool: APU0 hipMalloc 0.04 GB inside the phase (free 0.17 GB in 15 extents, largest 0.03; live 0.16 GB in 24 blocks)
dbig pool: APU0 hipMalloc 0.04 GB inside the phase (free 0.17 GB in 15 extents, largest 0.03; live 0.20 GB in 25 blocks)
dbig pool: APU3 hipMalloc 0.04 GB inside the phase (free 0.17 GB in 14 extents, largest 0.03; live 0.16 GB in 28 blocks)
dbig pool: APU1 hipMalloc 0.04 GB inside the phase (free 0.14 GB in 15 extents, largest 0.02; live 0.19 GB in 31 blocks)
dbig pool: APU2 hipMalloc 0.04 GB inside the phase (free 0.17 GB in 14 extents, largest 0.03; live 0.16 GB in 31 blocks)
mdb_add_shifted node 0: 33554429 limbs at 0 into a basis of 73819751 (my window [0, 18454937), 1 rounds of 4613744; slabs 4613734 + 4613734 limbs per APU 0): 0.073 s
dist_mn node 0: 40265318 x 33554432 limbs over 4 x 4 ranks (cap 2^26): 1 x 2 pieces, 2 formed, 0 skipped (cache 2 slots: 2 hits, 6 misses)
mdb_add_shifted node 1: 33554429 limbs at 0 into a basis of 73819751 (my window [18454937, 33554429), 1 rounds of 4613744; slabs 0 + 3774873 limbs per APU 0): 0.073 s
dist_mn node 1: 40265318 x 33554432 limbs over 4 x 4 ranks (cap 2^26): 1 x 2 pieces, 2 formed, 0 skipped (cache 2 slots: 2 hits, 6 misses)
mdb_add_shifted node 2: 33554429 limbs at 0 into a basis of 73819751 (my window [36909875, 36909875), 1 rounds of 4613744; slabs 3774873 + 0 limbs per APU 0): 0.073 s
dist_mn node 2: 40265318 x 33554432 limbs over 4 x 4 ranks (cap 2^26): 1 x 2 pieces, 2 formed, 0 skipped (cache 2 slots: 2 hits, 6 misses)
mdb_add_shifted node 3: 33554429 limbs at 0 into a basis of 73819751 (my window [55364813, 55364813), 1 rounds of 4613744; slabs 0 + 0 limbs per APU 0): 0.073 s
dist_mn node 3: 40265318 x 33554432 limbs over 4 x 4 ranks (cap 2^26): 1 x 2 pieces, 2 formed, 0 skipped (cache 2 slots: 2 hits, 6 misses)
dist_mn node 0: 40265318 + 33554432 + x limbs -> 73819750 (share 18454937): redistribute 0.050 ntt 0.597 crt 0.001 out 0.071 spills+carry 0.006, total 0.822 s
dist_mn node 1: 40265318 + 33554432 + x limbs -> 73819750 (share 18454938): redistribute 0.042 ntt 0.589 crt 0.001 out 0.071 spills+carry 0.006, total 0.781 s
dist_mn node 2: 40265318 + 33554432 + x limbs -> 73819750 (share 18454938): redistribute 0.053 ntt 0.591 crt 0.006 out 0.067 spills+carry 0.005, total 0.857 s
dist_mn node 3: 40265318 + 33554432 + x limbs -> 73819750 (share 18454938): redistribute 0.041 ntt 0.592 crt 0.001 out 0.066 spills+carry 0.005, total 0.768 s
dist_mn node 0: 2^26 = 2^13 x 2^13 over 4 x 4 ranks, 3 primes (rows 512..512; 40265318 + 16777216 limbs at 0, window [0, 10066330) of share [0, 10066330)): redistribute 0.049 ntt 0.398 crt 0.001 out 0.022 spills+carry 0.001 total 0.439 s [A cached] [B cached]
dist_mn node 1: 2^26 = 2^13 x 2^13 over 4 x 4 ranks, 3 primes (rows 512..512; 40265318 + 16777216 limbs at 0, window [10066330, 20132660) of share [10066330, 20132660)): redistribute 0.047 ntt 0.403 crt 0.001 out 0.018 spills+carry 0.001 total 0.439 s [A cached] [B cached]
dist_mn node 2: 2^26 = 2^13 x 2^13 over 4 x 4 ranks, 3 primes (rows 512..512; 40265318 + 16777216 limbs at 0, window [20132660, 30198990) of share [20132660, 30198990)): redistribute 0.053 ntt 0.399 crt 0.001 out 0.020 spills+carry 0.001 total 0.439 s [A cached] [B cached]
dist_mn node 3: 2^26 = 2^13 x 2^13 over 4 x 4 ranks, 3 primes (rows 512..512; 40265318 + 16777216 limbs at 0, window [30198990, 40265320) of share [30198990, 40265320)): redistribute 0.052 ntt 0.398 crt 0.000 out 0.017 spills+carry 0.001 total 0.439 s [A cached] [B cached]
dist_mn node 0: 2^26 = 2^13 x 2^13 over 4 x 4 ranks, 3 primes (rows 512..512; 40265318 + 16777216 limbs at 16777216, window [0, 0) of share [0, 10066330), accumulated): redistribute 0.011 ntt 0.236 crt 0.001 out 0.015 spills+carry 0.003 total 0.263 s [A hit] [B cached]
dist_mn node 0: 40265318 x 33554432 limbs over 4 x 4 ranks (cap 2^26): 1 x 2 pieces, 2 formed, 0 skipped (low product) (cache 2 slots: 3 hits, 9 misses)
dist_mn node 1: 2^26 = 2^13 x 2^13 over 4 x 4 ranks, 3 primes (rows 512..512; 40265318 + 16777216 limbs at 16777216, window [0, 3355444) of share [10066330, 20132660), accumulated): redistribute 0.010 ntt 0.233 crt 0.001 out 0.017 spills+carry 0.003 total 0.263 s [A hit] [B cached]
dist_mn node 1: 40265318 x 33554432 limbs over 4 x 4 ranks (cap 2^26): 1 x 2 pieces, 2 formed, 0 skipped (low product) (cache 2 slots: 3 hits, 9 misses)
dist_mn node 2: 2^26 = 2^13 x 2^13 over 4 x 4 ranks, 3 primes (rows 512..512; 40265318 + 16777216 limbs at 16777216, window [3355444, 13421774) of share [20132660, 30198990), accumulated): redistribute 0.011 ntt 0.235 crt 0.001 out 0.015 spills+carry 0.003 total 0.263 s [A hit] [B cached]
dist_mn node 2: 40265318 x 33554432 limbs over 4 x 4 ranks (cap 2^26): 1 x 2 pieces, 2 formed, 0 skipped (low product) (cache 2 slots: 3 hits, 9 misses)
dist_mn node 3: 2^26 = 2^13 x 2^13 over 4 x 4 ranks, 3 primes (rows 512..512; 40265318 + 16777216 limbs at 16777216, window [13421774, 23488104) of share [30198990, 40265320), accumulated): redistribute 0.011 ntt 0.235 crt 0.000 out 0.014 spills+carry 0.003 total 0.263 s [A hit] [B cached]
dist_mn node 3: 40265318 x 33554432 limbs over 4 x 4 ranks (cap 2^26): 1 x 2 pieces, 2 formed, 0 skipped (low product) (cache 2 slots: 3 hits, 9 misses)
dist_mn node 1: 40265318 + 33554432 limbs -> 40265320 (share 10066330): redistribute 0.056 ntt 0.636 crt 0.002 out 0.035 spills+carry 0.004, total 0.704 s
dist_mn node 2: 40265318 + 33554432 limbs -> 40265320 (share 10066330): redistribute 0.064 ntt 0.634 crt 0.002 out 0.036 spills+carry 0.004, total 0.704 s
dist_mn node 0: 40265318 + 33554432 limbs -> 40265320 (share 10066330): redistribute 0.060 ntt 0.633 crt 0.002 out 0.037 spills+carry 0.004, total 0.704 s
dist_mn node 3: 40265318 + 33554432 limbs -> 40265320 (share 10066330): redistribute 0.062 ntt 0.633 crt 0.001 out 0.031 spills+carry 0.004, total 0.704 s
dist_mn node 0: 2^25 = 2^12 x 2^13 over 4 x 4 ranks, 4 primes, P24 (rows 256..256; 20132660 + 20132660 limbs at 0, window [0, 5033165) of share [0, 5033165)): redistribute 0.040 ntt 0.308 crt 0.002 out 0.021 spills+carry 0.001 total 0.402 s
dist_mn node 0: 20132660 x 20132660 limbs over 4 x 4 ranks (cap 2^26 points, P24): 1 x 1 pieces, 1 formed, 0 skipped (low product) (cache 0 slots: 3 hits, 9 misses)
dist_mn node 1: 2^25 = 2^12 x 2^13 over 4 x 4 ranks, 4 primes, P24 (rows 256..256; 20132660 + 20132660 limbs at 0, window [5033165, 10066330) of share [5033165, 10066330)): redistribute 0.045 ntt 0.308 crt 0.002 out 0.020 spills+carry 0.000 total 0.402 s
dist_mn node 1: 20132660 x 20132660 limbs over 4 x 4 ranks (cap 2^26 points, P24): 1 x 1 pieces, 1 formed, 0 skipped (low product) (cache 0 slots: 3 hits, 9 misses)
dist_mn node 2: 2^25 = 2^12 x 2^13 over 4 x 4 ranks, 4 primes, P24 (rows 256..256; 20132660 + 20132660 limbs at 0, window [10066330, 15099495) of share [10066330, 15099495)): redistribute 0.051 ntt 0.310 crt 0.002 out 0.019 spills+carry 0.001 total 0.402 s
dist_mn node 2: 20132660 x 20132660 limbs over 4 x 4 ranks (cap 2^26 points, P24): 1 x 1 pieces, 1 formed, 0 skipped (low product) (cache 0 slots: 3 hits, 9 misses)
dist_mn node 3: 2^25 = 2^12 x 2^13 over 4 x 4 ranks, 4 primes, P24 (rows 256..256; 20132660 + 20132660 limbs at 0, window [15099495, 20132660) of share [15099495, 20132660)): redistribute 0.024 ntt 0.311 crt 0.010 out 0.015 spills+carry 0.001 total 0.402 s
dist_mn node 3: 20132660 x 20132660 limbs over 4 x 4 ranks (cap 2^26 points, P24): 1 x 1 pieces, 1 formed, 0 skipped (low product) (cache 0 slots: 3 hits, 9 misses)
dist_mn node 0: 20132660 + 20132660 limbs -> 20132660 (share 5033165): redistribute 0.040 ntt 0.308 crt 0.002 out 0.021 spills+carry 0.001, total 0.402 s
dist_mn node 1: 20132660 + 20132660 limbs -> 20132660 (share 5033165): redistribute 0.045 ntt 0.308 crt 0.002 out 0.020 spills+carry 0.000, total 0.402 s
dist_mn node 2: 20132660 + 20132660 limbs -> 20132660 (share 5033165): redistribute 0.051 ntt 0.310 crt 0.002 out 0.019 spills+carry 0.001, total 0.402 s
dist_mn node 3: 20132660 + 20132660 limbs -> 20132660 (share 5033165): redistribute 0.024 ntt 0.311 crt 0.010 out 0.015 spills+carry 0.001, total 0.402 s
dist_mn node 0: 2^26 = 2^13 x 2^13 over 4 x 4 ranks, 3 primes (rows 512..512; 40265318 + 16777216 limbs at 0, window [0, 18454937) of share [0, 18454937)): redistribute 0.045 ntt 0.364 crt 0.000 out 0.050 spills+carry 0.002 total 0.465 s [A cached] [B cached]
dist_mn node 1: 2^26 = 2^13 x 2^13 over 4 x 4 ranks, 3 primes (rows 512..512; 40265318 + 16777216 limbs at 0, window [18454937, 36909874) of share [18454937, 36909874)): redistribute 0.037 ntt 0.366 crt 0.001 out 0.051 spills+carry 0.001 total 0.465 s [A cached] [B cached]
dist_mn node 2: 2^26 = 2^13 x 2^13 over 4 x 4 ranks, 3 primes (rows 512..512; 40265318 + 16777216 limbs at 0, window [36909874, 55364811) of share [36909874, 55364811)): redistribute 0.028 ntt 0.365 crt 0.001 out 0.051 spills+carry 0.001 total 0.465 s [A cached] [B cached]
dist_mn node 3: 2^26 = 2^13 x 2^13 over 4 x 4 ranks, 3 primes (rows 512..512; 40265318 + 16777216 limbs at 0, window [55364811, 57042534) of share [55364811, 73819749)): redistribute 0.044 ntt 0.362 crt 0.001 out 0.053 spills+carry 0.001 total 0.465 s [A cached] [B cached]
dist_mn node 0: 2^26 = 2^13 x 2^13 over 4 x 4 ranks, 3 primes (rows 512..512; 40265318 + 16777216 limbs at 16777216, window [0, 1677721) of share [0, 18454937), accumulated): redistribute 0.009 ntt 0.234 crt 0.000 out 0.042 spills+carry 0.005 total 0.282 s [A hit] [B cached]
dist_mn node 0: 40265318 x 33554432 limbs over 4 x 4 ranks (cap 2^26): 1 x 2 pieces, 2 formed, 0 skipped (low product) (cache 2 slots: 4 hits, 12 misses)
dist_mn node 1: 2^26 = 2^13 x 2^13 over 4 x 4 ranks, 3 primes (rows 512..512; 40265318 + 16777216 limbs at 16777216, window [1677721, 20132658) of share [18454937, 36909874), accumulated): redistribute 0.010 ntt 0.235 crt 0.000 out 0.044 spills+carry 0.005 total 0.282 s [A hit] [B cached]
dist_mn node 1: 40265318 x 33554432 limbs over 4 x 4 ranks (cap 2^26): 1 x 2 pieces, 2 formed, 0 skipped (low product) (cache 2 slots: 4 hits, 12 misses)
dist_mn node 2: 2^26 = 2^13 x 2^13 over 4 x 4 ranks, 3 primes (rows 512..512; 40265318 + 16777216 limbs at 16777216, window [20132658, 38587595) of share [36909874, 55364811), accumulated): redistribute 0.011 ntt 0.241 crt 0.001 out 0.045 spills+carry 0.005 total 0.282 s [A hit] [B cached]
dist_mn node 2: 40265318 x 33554432 limbs over 4 x 4 ranks (cap 2^26): 1 x 2 pieces, 2 formed, 0 skipped (low product) (cache 2 slots: 4 hits, 12 misses)
dist_mn node 3: 2^26 = 2^13 x 2^13 over 4 x 4 ranks, 3 primes (rows 512..512; 40265318 + 16777216 limbs at 16777216, window [38587595, 57042533) of share [55364811, 73819749), accumulated): redistribute 0.009 ntt 0.244 crt 0.005 out 0.044 spills+carry 0.005 total 0.282 s [A hit] [B cached]
dist_mn node 3: 40265318 x 33554432 limbs over 4 x 4 ranks (cap 2^26): 1 x 2 pieces, 2 formed, 0 skipped (low product) (cache 2 slots: 4 hits, 12 misses)
dist_mn node 0: 40265318 + 33554432 limbs -> 73819749 (share 18454937): redistribute 0.055 ntt 0.599 crt 0.001 out 0.092 spills+carry 0.006, total 0.748 s
dist_mn node 1: 40265318 + 33554432 limbs -> 73819749 (share 18454937): redistribute 0.047 ntt 0.601 crt 0.001 out 0.095 spills+carry 0.006, total 0.748 s
dist_mn node 2: 40265318 + 33554432 limbs -> 73819749 (share 18454937): redistribute 0.038 ntt 0.607 crt 0.002 out 0.097 spills+carry 0.006, total 0.748 s
dist_mn node 3: 40265318 + 33554432 limbs -> 73819749 (share 18454938): redistribute 0.054 ntt 0.606 crt 0.005 out 0.097 spills+carry 0.005, total 0.748 s
dist_mn node 0: 2^26 = 2^13 x 2^13 over 4 x 4 ranks, 3 primes (rows 512..512; 40265318 + 16777216 limbs at 0, window [0, 18454937) of share [0, 18454937)): redistribute 0.047 ntt 0.386 crt 0.001 out 0.029 spills+carry 0.001 total 0.443 s [A cached] [B cached]
dist_mn node 1: 2^26 = 2^13 x 2^13 over 4 x 4 ranks, 3 primes (rows 512..512; 40265318 + 16777216 limbs at 0, window [18454937, 36909875) of share [18454937, 36909875)): redistribute 0.056 ntt 0.392 crt 0.001 out 0.026 spills+carry 0.001 total 0.443 s [A cached] [B cached]
dist_mn node 2: 2^26 = 2^13 x 2^13 over 4 x 4 ranks, 3 primes (rows 512..512; 40265318 + 16777216 limbs at 0, window [36909875, 55364812) of share [36909875, 55364812)): redistribute 0.055 ntt 0.391 crt 0.001 out 0.027 spills+carry 0.002 total 0.443 s [A cached] [B cached]
dist_mn node 3: 2^26 = 2^13 x 2^13 over 4 x 4 ranks, 3 primes (rows 512..512; 40265318 + 16777216 limbs at 0, window [55364812, 57042534) of share [55364812, 73819750)): redistribute 0.056 ntt 0.393 crt 0.001 out 0.025 spills+carry 0.001 total 0.443 s [A cached] [B cached]
dist_mn node 0: 2^26 = 2^13 x 2^13 over 4 x 4 ranks, 3 primes (rows 512..512; 40265318 + 16777216 limbs at 16777216, window [0, 1677721) of share [0, 18454937), accumulated): redistribute 0.009 ntt 0.236 crt 0.000 out 0.018 spills+carry 0.005 total 0.268 s [A hit] [B cached]
dist_mn node 0: 40265318 x 33554432 limbs over 4 x 4 ranks (cap 2^26): 1 x 2 pieces, 2 formed, 0 skipped (low cut) (cache 2 slots: 5 hits, 15 misses)
dist_mn node 1: 2^26 = 2^13 x 2^13 over 4 x 4 ranks, 3 primes (rows 512..512; 40265318 + 16777216 limbs at 16777216, window [1677721, 20132659) of share [18454937, 36909875), accumulated): redistribute 0.010 ntt 0.240 crt 0.001 out 0.015 spills+carry 0.004 total 0.268 s [A hit] [B cached]
dist_mn node 1: 40265318 x 33554432 limbs over 4 x 4 ranks (cap 2^26): 1 x 2 pieces, 2 formed, 0 skipped (low cut) (cache 2 slots: 5 hits, 15 misses)
dist_mn node 2: 2^26 = 2^13 x 2^13 over 4 x 4 ranks, 3 primes (rows 512..512; 40265318 + 16777216 limbs at 16777216, window [20132659, 38587596) of share [36909875, 55364812), accumulated): redistribute 0.012 ntt 0.233 crt 0.000 out 0.020 spills+carry 0.004 total 0.268 s [A hit] [B cached]
dist_mn node 2: 40265318 x 33554432 limbs over 4 x 4 ranks (cap 2^26): 1 x 2 pieces, 2 formed, 0 skipped (low cut) (cache 2 slots: 5 hits, 15 misses)
dist_mn node 3: 2^26 = 2^13 x 2^13 over 4 x 4 ranks, 3 primes (rows 512..512; 40265318 + 16777216 limbs at 16777216, window [38587596, 57042534) of share [55364812, 73819750), accumulated): redistribute 0.009 ntt 0.234 crt 0.001 out 0.020 spills+carry 0.004 total 0.268 s [A hit] [B cached]
dist_mn node 3: 40265318 x 33554432 limbs over 4 x 4 ranks (cap 2^26): 1 x 2 pieces, 2 formed, 0 skipped (low cut) (cache 2 slots: 5 hits, 15 misses)
dist_mn node 1: 40265318 + 33554432 limbs -> 73819750 (share 18454938): redistribute 0.066 ntt 0.632 crt 0.001 out 0.041 spills+carry 0.006, total 0.712 s
dist_mn node 2: 40265318 + 33554432 limbs -> 73819750 (share 18454937): redistribute 0.067 ntt 0.624 crt 0.001 out 0.047 spills+carry 0.006, total 0.712 s
dist_mn node 0: 40265318 + 33554432 limbs -> 73819750 (share 18454937): redistribute 0.056 ntt 0.622 crt 0.001 out 0.047 spills+carry 0.006, total 0.712 s
dist_mn node 3: 40265318 + 33554432 limbs -> 73819750 (share 18454938): redistribute 0.065 ntt 0.627 crt 0.001 out 0.046 spills+carry 0.006, total 0.712 s
dist_mn node 0: 2^26 = 2^13 x 2^13 over 4 x 4 ranks, 3 primes (rows 512..512; 40265318 + 16777216 limbs at 0, window [0, 18454937) of share [0, 18454937)): redistribute 0.042 ntt 0.369 crt 0.000 out 0.027 spills+carry 0.001 total 0.420 s [A cached] [B cached]
dist_mn node 1: 2^26 = 2^13 x 2^13 over 4 x 4 ranks, 3 primes (rows 512..512; 40265318 + 16777216 limbs at 0, window [18454937, 36909874) of share [18454937, 36909874)): redistribute 0.044 ntt 0.372 crt 0.001 out 0.023 spills+carry 0.001 total 0.420 s [A cached] [B cached]
dist_mn node 2: 2^26 = 2^13 x 2^13 over 4 x 4 ranks, 3 primes (rows 512..512; 40265318 + 16777216 limbs at 0, window [36909874, 55364811) of share [36909874, 55364811)): redistribute 0.046 ntt 0.368 crt 0.000 out 0.024 spills+carry 0.001 total 0.420 s [A cached] [B cached]
dist_mn node 3: 2^26 = 2^13 x 2^13 over 4 x 4 ranks, 3 primes (rows 512..512; 40265318 + 16777216 limbs at 0, window [55364811, 57042534) of share [55364811, 73819749)): redistribute 0.043 ntt 0.369 crt 0.001 out 0.028 spills+carry 0.001 total 0.420 s [A cached] [B cached]
dist_mn node 0: 2^26 = 2^13 x 2^13 over 4 x 4 ranks, 3 primes (rows 512..512; 40265318 + 16777216 limbs at 16777216, window [0, 1677721) of share [0, 18454937), accumulated): redistribute 0.010 ntt 0.234 crt 0.001 out 0.021 spills+carry 0.005 total 0.267 s [A hit] [B cached]
dist_mn node 0: 40265318 x 33554432 limbs over 4 x 4 ranks (cap 2^26): 1 x 2 pieces, 2 formed, 0 skipped (low product) (low cut) (cache 2 slots: 6 hits, 18 misses)
dist_mn node 1: 2^26 = 2^13 x 2^13 over 4 x 4 ranks, 3 primes (rows 512..512; 40265318 + 16777216 limbs at 16777216, window [1677721, 20132658) of share [18454937, 36909874), accumulated): redistribute 0.013 ntt 0.231 crt 0.001 out 0.021 spills+carry 0.005 total 0.267 s [A hit] [B cached]
dist_mn node 1: 40265318 x 33554432 limbs over 4 x 4 ranks (cap 2^26): 1 x 2 pieces, 2 formed, 0 skipped (low product) (low cut) (cache 2 slots: 6 hits, 18 misses)
dist_mn node 2: 2^26 = 2^13 x 2^13 over 4 x 4 ranks, 3 primes (rows 512..512; 40265318 + 16777216 limbs at 16777216, window [20132658, 38587595) of share [36909874, 55364811), accumulated): redistribute 0.009 ntt 0.239 crt 0.001 out 0.021 spills+carry 0.005 total 0.267 s [A hit] [B cached]
dist_mn node 2: 40265318 x 33554432 limbs over 4 x 4 ranks (cap 2^26): 1 x 2 pieces, 2 formed, 0 skipped (low product) (low cut) (cache 2 slots: 6 hits, 18 misses)
dist_mn node 3: 2^26 = 2^13 x 2^13 over 4 x 4 ranks, 3 primes (rows 512..512; 40265318 + 16777216 limbs at 16777216, window [38587595, 57042533) of share [55364811, 73819749), accumulated): redistribute 0.012 ntt 0.231 crt 0.001 out 0.023 spills+carry 0.005 total 0.267 s [A hit] [B cached]
dist_mn node 3: 40265318 x 33554432 limbs over 4 x 4 ranks (cap 2^26): 1 x 2 pieces, 2 formed, 0 skipped (low product) (low cut) (cache 2 slots: 6 hits, 18 misses)
dist_mn node 1: 40265318 + 33554432 limbs -> 73819749 (share 18454937): redistribute 0.058 ntt 0.603 crt 0.002 out 0.044 spills+carry 0.006, total 0.689 s
dist_mn node 0: 40265318 + 33554432 limbs -> 73819749 (share 18454937): redistribute 0.052 ntt 0.603 crt 0.001 out 0.048 spills+carry 0.006, total 0.689 s
dist_mn node 2: 40265318 + 33554432 limbs -> 73819749 (share 18454937): redistribute 0.055 ntt 0.607 crt 0.001 out 0.046 spills+carry 0.006, total 0.689 s
dist_mn node 3: 40265318 + 33554432 limbs -> 73819749 (share 18454938): redistribute 0.055 ntt 0.600 crt 0.001 out 0.051 spills+carry 0.006, total 0.689 s
dist_mn node 0: 2^26 = 2^13 x 2^13 over 4 x 4 ranks, 3 primes (rows 512..512; 40265318 + 16777216 limbs at 0, window [0, 18454937) of share [0, 18454937)): redistribute 0.041 ntt 0.377 crt 0.001 out 0.024 spills+carry 0.001 total 0.426 s [A cached] [B cached]
dist_mn node 1: 2^26 = 2^13 x 2^13 over 4 x 4 ranks, 3 primes (rows 512..512; 40265318 + 16777216 limbs at 0, window [18454937, 36909875) of share [18454937, 36909875)): redistribute 0.036 ntt 0.376 crt 0.001 out 0.025 spills+carry 0.001 total 0.426 s [A cached] [B cached]
dist_mn node 2: 2^26 = 2^13 x 2^13 over 4 x 4 ranks, 3 primes (rows 512..512; 40265318 + 16777216 limbs at 0, window [36909875, 55364812) of share [36909875, 55364812)): redistribute 0.038 ntt 0.378 crt 0.001 out 0.023 spills+carry 0.001 total 0.426 s [A cached] [B cached]
dist_mn node 3: 2^26 = 2^13 x 2^13 over 4 x 4 ranks, 3 primes (rows 512..512; 40265318 + 16777216 limbs at 0, window [55364812, 57042534) of share [55364812, 73819750)): redistribute 0.032 ntt 0.375 crt 0.001 out 0.027 spills+carry 0.001 total 0.426 s [A cached] [B cached]
dist_mn node 0: 2^26 = 2^13 x 2^13 over 4 x 4 ranks, 3 primes (rows 512..512; 40265318 + 16777216 limbs at 16777216, window [0, 1677721) of share [0, 18454937), accumulated): redistribute 0.010 ntt 0.227 crt 0.000 out 0.021 spills+carry 0.005 total 0.259 s [A hit] [B cached]
dist_mn node 0: 40265318 x 33554432 limbs over 4 x 4 ranks (cap 2^26): 1 x 2 pieces, 2 formed, 0 skipped (low cut) (cache 2 slots: 7 hits, 21 misses)
dist_mn node 1: 2^26 = 2^13 x 2^13 over 4 x 4 ranks, 3 primes (rows 512..512; 40265318 + 16777216 limbs at 16777216, window [1677721, 20132659) of share [18454937, 36909875), accumulated): redistribute 0.009 ntt 0.226 crt 0.000 out 0.021 spills+carry 0.004 total 0.259 s [A hit] [B cached]
dist_mn node 1: 40265318 x 33554432 limbs over 4 x 4 ranks (cap 2^26): 1 x 2 pieces, 2 formed, 0 skipped (low cut) (cache 2 slots: 7 hits, 21 misses)
dist_mn node 2: 2^26 = 2^13 x 2^13 over 4 x 4 ranks, 3 primes (rows 512..512; 40265318 + 16777216 limbs at 16777216, window [20132659, 38587596) of share [36909875, 55364812), accumulated): redistribute 0.010 ntt 0.228 crt 0.000 out 0.020 spills+carry 0.004 total 0.259 s [A hit] [B cached]
dist_mn node 2: 40265318 x 33554432 limbs over 4 x 4 ranks (cap 2^26): 1 x 2 pieces, 2 formed, 0 skipped (low cut) (cache 2 slots: 7 hits, 21 misses)
dist_mn node 3: 2^26 = 2^13 x 2^13 over 4 x 4 ranks, 3 primes (rows 512..512; 40265318 + 16777216 limbs at 16777216, window [38587596, 57042534) of share [55364812, 73819750), accumulated): redistribute 0.011 ntt 0.227 crt 0.000 out 0.022 spills+carry 0.004 total 0.259 s [A hit] [B cached]
dist_mn node 3: 40265318 x 33554432 limbs over 4 x 4 ranks (cap 2^26): 1 x 2 pieces, 2 formed, 0 skipped (low cut) (cache 2 slots: 7 hits, 21 misses)
dist_mn node 0: 40265318 + 33554432 limbs -> 73819750 (share 18454937): redistribute 0.052 ntt 0.604 crt 0.001 out 0.045 spills+carry 0.006, total 0.686 s
dist_mn node 2: 40265318 + 33554432 limbs -> 73819750 (share 18454937): redistribute 0.048 ntt 0.605 crt 0.001 out 0.043 spills+carry 0.006, total 0.686 s
dist_mn node 1: 40265318 + 33554432 limbs -> 73819750 (share 18454938): redistribute 0.045 ntt 0.602 crt 0.001 out 0.045 spills+carry 0.005, total 0.686 s
dist_mn node 3: 40265318 + 33554432 limbs -> 73819750 (share 18454938): redistribute 0.043 ntt 0.602 crt 0.001 out 0.048 spills+carry 0.006, total 0.686 s
dist_mn node 0: 2^26 = 2^13 x 2^13 over 4 x 4 ranks, 3 primes (rows 512..512; 40265318 + 16777216 limbs at 0, window [0, 18454937) of share [0, 18454937)): redistribute 0.041 ntt 0.369 crt 0.001 out 0.031 spills+carry 0.001 total 0.426 s [A cached] [B cached]
dist_mn node 1: 2^26 = 2^13 x 2^13 over 4 x 4 ranks, 3 primes (rows 512..512; 40265318 + 16777216 limbs at 0, window [18454937, 36909874) of share [18454937, 36909874)): redistribute 0.043 ntt 0.367 crt 0.001 out 0.033 spills+carry 0.001 total 0.426 s [A cached] [B cached]
dist_mn node 2: 2^26 = 2^13 x 2^13 over 4 x 4 ranks, 3 primes (rows 512..512; 40265318 + 16777216 limbs at 0, window [36909874, 55364811) of share [36909874, 55364811)): redistribute 0.034 ntt 0.368 crt 0.001 out 0.031 spills+carry 0.001 total 0.426 s [A cached] [B cached]
dist_mn node 3: 2^26 = 2^13 x 2^13 over 4 x 4 ranks, 3 primes (rows 512..512; 40265318 + 16777216 limbs at 0, window [55364811, 57042534) of share [55364811, 73819749)): redistribute 0.032 ntt 0.372 crt 0.001 out 0.032 spills+carry 0.001 total 0.426 s [A cached] [B cached]
dist_mn node 0: 2^26 = 2^13 x 2^13 over 4 x 4 ranks, 3 primes (rows 512..512; 40265318 + 16777216 limbs at 16777216, window [0, 1677721) of share [0, 18454937), accumulated): redistribute 0.011 ntt 0.250 crt 0.001 out 0.021 spills+carry 0.005 total 0.288 s [A hit] [B cached]
dist_mn node 0: 40265318 x 33554432 limbs over 4 x 4 ranks (cap 2^26): 1 x 2 pieces, 2 formed, 0 skipped (low product) (low cut) (cache 2 slots: 8 hits, 24 misses)
dist_mn node 1: 2^26 = 2^13 x 2^13 over 4 x 4 ranks, 3 primes (rows 512..512; 40265318 + 16777216 limbs at 16777216, window [1677721, 20132658) of share [18454937, 36909874), accumulated): redistribute 0.011 ntt 0.251 crt 0.001 out 0.021 spills+carry 0.005 total 0.288 s [A hit] [B cached]
dist_mn node 1: 40265318 x 33554432 limbs over 4 x 4 ranks (cap 2^26): 1 x 2 pieces, 2 formed, 0 skipped (low product) (low cut) (cache 2 slots: 8 hits, 24 misses)
dist_mn node 2: 2^26 = 2^13 x 2^13 over 4 x 4 ranks, 3 primes (rows 512..512; 40265318 + 16777216 limbs at 16777216, window [20132658, 38587595) of share [36909874, 55364811), accumulated): redistribute 0.010 ntt 0.252 crt 0.001 out 0.021 spills+carry 0.005 total 0.288 s [A hit] [B cached]
dist_mn node 2: 40265318 x 33554432 limbs over 4 x 4 ranks (cap 2^26): 1 x 2 pieces, 2 formed, 0 skipped (low product) (low cut) (cache 2 slots: 8 hits, 24 misses)
dist_mn node 3: 2^26 = 2^13 x 2^13 over 4 x 4 ranks, 3 primes (rows 512..512; 40265318 + 16777216 limbs at 16777216, window [38587595, 57042533) of share [55364811, 73819749), accumulated): redistribute 0.010 ntt 0.251 crt 0.001 out 0.021 spills+carry 0.005 total 0.288 s [A hit] [B cached]
dist_mn node 3: 40265318 x 33554432 limbs over 4 x 4 ranks (cap 2^26): 1 x 2 pieces, 2 formed, 0 skipped (low product) (low cut) (cache 2 slots: 8 hits, 24 misses)
dist_mn node 2: 40265318 + 33554432 limbs -> 73819749 (share 18454937): redistribute 0.044 ntt 0.621 crt 0.001 out 0.051 spills+carry 0.006, total 0.715 s
dist_mn node 0: 40265318 + 33554432 limbs -> 73819749 (share 18454937): redistribute 0.052 ntt 0.620 crt 0.001 out 0.052 spills+carry 0.006, total 0.715 s
dist_mn node 1: 40265318 + 33554432 limbs -> 73819749 (share 18454937): redistribute 0.054 ntt 0.618 crt 0.001 out 0.054 spills+carry 0.006, total 0.715 s
dist_mn node 3: 40265318 + 33554432 limbs -> 73819749 (share 18454938): redistribute 0.042 ntt 0.623 crt 0.001 out 0.054 spills+carry 0.006, total 0.715 s
dist_mn node 0: 40265318 x 33554432 limbs over 4 x 4 ranks (cap 2^26): 1 x 2 pieces, 0 formed, 2 skipped (low cut) (cache 2 slots: 8 hits, 24 misses)
dist_mn node 1: 40265318 x 33554432 limbs over 4 x 4 ranks (cap 2^26): 1 x 2 pieces, 0 formed, 2 skipped (low cut) (cache 2 slots: 8 hits, 24 misses)
dist_mn node 2: 40265318 x 33554432 limbs over 4 x 4 ranks (cap 2^26): 1 x 2 pieces, 0 formed, 2 skipped (low cut) (cache 2 slots: 8 hits, 24 misses)
dist_mn node 3: 40265318 x 33554432 limbs over 4 x 4 ranks (cap 2^26): 1 x 2 pieces, 0 formed, 2 skipped (low cut) (cache 2 slots: 8 hits, 24 misses)
dist_mn node 0: 40265318 + 33554432 limbs -> 0 (share 18454937): redistribute 0.000 ntt 0.000 crt 0.000 out 0.000 spills+carry 0.000, total 0.001 s
dist_mn node 1: 40265318 + 33554432 limbs -> 0 (share 18454938): redistribute 0.000 ntt 0.000 crt 0.000 out 0.000 spills+carry 0.000, total 0.001 s
dist_mn node 2: 40265318 + 33554432 limbs -> 0 (share 18454937): redistribute 0.000 ntt 0.000 crt 0.000 out 0.000 spills+carry 0.000, total 0.001 s
dist_mn node 3: 40265318 + 33554432 limbs -> 0 (share 18454938): redistribute 0.000 ntt 0.000 crt 0.000 out 0.000 spills+carry 0.000, total 0.001 s
mdev 2^26 (57042534 limbs): repack 0.091 h2d 0.001 fwd 0.011 inv 0.004 d2h 0.091 crt 0.055 total 0.200 s
mdev 2^26 (57042534 limbs): repack 0.051 h2d 0.001 fwd 0.009 inv 0.007 d2h 0.165 crt 0.010 total 0.220 s
mdev 2^26 (57042534 limbs): repack 0.132 h2d 0.001 fwd 0.006 inv 0.003 d2h 0.136 crt 0.096 total 0.282 s
mdev 2^26 (57042534 limbs): repack 0.175 h2d 0.001 fwd 0.008 inv 0.004 d2h 0.127 crt 0.164 total 0.319 s
mdev 2^26 (57042534 limbs): repack 0.083 h2d 0.001 fwd 0.006 inv 0.003 d2h 0.128 crt 0.045 total 0.230 s
mdev 2^26 (57042534 limbs): repack 0.106 h2d 0.001 fwd 0.006 inv 0.004 d2h 0.109 crt 0.091 total 0.232 s
mdev 2^26 (57042534 limbs): repack 0.114 h2d 0.001 fwd 0.006 inv 0.003 d2h 0.074 crt 0.098 total 0.203 s
mdev 2^26 (57042534 limbs): repack 0.140 h2d 0.001 fwd 0.006 inv 0.004 d2h 0.143 crt 0.124 total 0.299 s
dist_mn node 0: 40265318 x 33554432 limbs over 4 x 4 ranks (cap 2^26): 1 x 2 pieces, 0 formed, 2 skipped (low product) (low cut) (cache 2 slots: 8 hits, 24 misses)
dist_mn node 1: 40265318 x 33554432 limbs over 4 x 4 ranks (cap 2^26): 1 x 2 pieces, 0 formed, 2 skipped (low product) (low cut) (cache 2 slots: 8 hits, 24 misses)
dist_mn node 2: 40265318 x 33554432 limbs over 4 x 4 ranks (cap 2^26): 1 x 2 pieces, 0 formed, 2 skipped (low product) (low cut) (cache 2 slots: 8 hits, 24 misses)
dist_mn node 3: 40265318 x 33554432 limbs over 4 x 4 ranks (cap 2^26): 1 x 2 pieces, 0 formed, 2 skipped (low product) (low cut) (cache 2 slots: 8 hits, 24 misses)
dist_mn node 0: 40265318 + 33554432 limbs -> 0 (share 18454937): redistribute 0.000 ntt 0.000 crt 0.000 out 0.000 spills+carry 0.000, total 0.002 s
dist_mn node 1: 40265318 + 33554432 limbs -> 0 (share 18454937): redistribute 0.000 ntt 0.000 crt 0.000 out 0.000 spills+carry 0.000, total 0.002 s
dist_mn node 2: 40265318 + 33554432 limbs -> 0 (share 18454937): redistribute 0.000 ntt 0.000 crt 0.000 out 0.000 spills+carry 0.000, total 0.002 s
dist_mn node 3: 40265318 + 33554432 limbs -> 0 (share 18454938): redistribute 0.000 ntt 0.000 crt 0.000 out 0.000 spills+carry 0.000, total 0.002 s
mdev 2^26 (57042534 limbs): repack 0.081 h2d 0.001 fwd 0.010 inv 0.007 d2h 0.018 crt 0.053 total 0.157 s
mdev 2^26 (57042534 limbs): repack 0.071 h2d 0.001 fwd 0.015 inv 0.006 d2h 0.098 crt 0.029 total 0.187 s
mdev 2^26 (57042534 limbs): repack 0.092 h2d 0.001 fwd 0.016 inv 0.007 d2h 0.092 crt 0.042 total 0.218 s
mdev 2^26 (57042534 limbs): repack 0.088 h2d 0.001 fwd 0.012 inv 0.008 d2h 0.106 crt 0.062 total 0.228 s
mdev 2^26 (57042534 limbs): repack 0.065 h2d 0.001 fwd 0.006 inv 0.003 d2h 0.088 crt 0.092 total 0.190 s
mdev 2^26 (57042534 limbs): repack 0.114 h2d 0.001 fwd 0.008 inv 0.006 d2h 0.089 crt 0.065 total 0.218 s
mdev 2^26 (57042534 limbs): repack 0.095 h2d 0.001 fwd 0.010 inv 0.003 d2h 0.085 crt 0.062 total 0.197 s
mdev 2^26 (57042534 limbs): repack 0.113 h2d 0.001 fwd 0.007 inv 0.004 d2h 0.071 crt 0.090 total 0.212 s
dist_mn node 0: 2^26 = 2^13 x 2^13 over 4 x 4 ranks, 3 primes (rows 512..512; 40265318 + 16777216 limbs at 0, window [0, 18454937) of share [0, 18454937)): redistribute 0.030 ntt 0.344 crt 0.001 out 0.022 spills+carry 0.001 total 0.388 s [B cached]
dist_mn node 1: 2^26 = 2^13 x 2^13 over 4 x 4 ranks, 3 primes (rows 512..512; 40265318 + 16777216 limbs at 0, window [18454937, 36909875) of share [18454937, 36909875)): redistribute 0.030 ntt 0.340 crt 0.001 out 0.023 spills+carry 0.001 total 0.388 s [B cached]
dist_mn node 2: 2^26 = 2^13 x 2^13 over 4 x 4 ranks, 3 primes (rows 512..512; 40265318 + 16777216 limbs at 0, window [36909875, 55364812) of share [36909875, 55364812)): redistribute 0.030 ntt 0.343 crt 0.001 out 0.022 spills+carry 0.001 total 0.388 s [B cached]
dist_mn node 3: 2^26 = 2^13 x 2^13 over 4 x 4 ranks, 3 primes (rows 512..512; 40265318 + 16777216 limbs at 0, window [55364812, 57042534) of share [55364812, 73819750)): redistribute 0.030 ntt 0.341 crt 0.000 out 0.024 spills+carry 0.000 total 0.388 s [B cached]
dist_mn node 0: 2^26 = 2^13 x 2^13 over 4 x 4 ranks, 3 primes (rows 512..512; 40265318 + 16777216 limbs at 16777216, window [0, 1677721) of share [0, 18454937), accumulated): redistribute 0.023 ntt 0.348 crt 0.001 out 0.021 spills+carry 0.005 total 0.393 s [B cached]
dist_mn node 0: 40265318 x 33554432 limbs over 4 x 4 ranks (cap 2^26): 1 x 2 pieces, 2 formed, 0 skipped (cache 2 slots: 8 hits, 26 misses)
dist_mn node 1: 2^26 = 2^13 x 2^13 over 4 x 4 ranks, 3 primes (rows 512..512; 40265318 + 16777216 limbs at 16777216, window [1677721, 20132659) of share [18454937, 36909875), accumulated): redistribute 0.019 ntt 0.349 crt 0.001 out 0.020 spills+carry 0.004 total 0.393 s [B cached]
dist_mn node 1: 40265318 x 33554432 limbs over 4 x 4 ranks (cap 2^26): 1 x 2 pieces, 2 formed, 0 skipped (cache 2 slots: 8 hits, 26 misses)
dist_mn node 2: 2^26 = 2^13 x 2^13 over 4 x 4 ranks, 3 primes (rows 512..512; 40265318 + 16777216 limbs at 16777216, window [20132659, 38587596) of share [36909875, 55364812), accumulated): redistribute 0.022 ntt 0.349 crt 0.001 out 0.020 spills+carry 0.004 total 0.393 s [B cached]
dist_mn node 2: 40265318 x 33554432 limbs over 4 x 4 ranks (cap 2^26): 1 x 2 pieces, 2 formed, 0 skipped (cache 2 slots: 8 hits, 26 misses)
dist_mn node 3: 2^26 = 2^13 x 2^13 over 4 x 4 ranks, 3 primes (rows 512..512; 40265318 + 16777216 limbs at 16777216, window [38587596, 57042534) of share [55364812, 73819750), accumulated): redistribute 0.024 ntt 0.350 crt 0.001 out 0.018 spills+carry 0.004 total 0.393 s [B cached]
dist_mn node 3: 40265318 x 33554432 limbs over 4 x 4 ranks (cap 2^26): 1 x 2 pieces, 2 formed, 0 skipped (cache 2 slots: 8 hits, 26 misses)
dist_mn node 0: 40265318 + 33554432 limbs -> 73819750 (share 18454937): redistribute 0.053 ntt 0.692 crt 0.002 out 0.043 spills+carry 0.006, total 0.843 s
dist_mn node 1: 40265318 + 33554432 limbs -> 73819750 (share 18454938): redistribute 0.049 ntt 0.690 crt 0.001 out 0.042 spills+carry 0.006, total 0.783 s
dist_mn node 3: 40265318 + 33554432 limbs -> 73819750 (share 18454938): redistribute 0.053 ntt 0.692 crt 0.001 out 0.042 spills+carry 0.005, total 0.916 s
dist_mn node 2: 40265318 + 33554432 limbs -> 73819750 (share 18454937): redistribute 0.052 ntt 0.691 crt 0.002 out 0.042 spills+carry 0.006, total 0.784 s
dist_mn node 0: 2^26 = 2^13 x 2^13 over 4 x 4 ranks, 3 primes (rows 512..512; 40265318 + 16777216 limbs at 0, window [0, 18454937) of share [0, 18454937)): redistribute 0.022 ntt 0.221 crt 0.001 out 0.029 spills+carry 0.001 total 0.266 s [B hit]
dist_mn node 1: 2^26 = 2^13 x 2^13 over 4 x 4 ranks, 3 primes (rows 512..512; 40265318 + 16777216 limbs at 0, window [18454937, 36909874) of share [18454937, 36909874)): redistribute 0.016 ntt 0.219 crt 0.001 out 0.030 spills+carry 0.001 total 0.266 s [B hit]
dist_mn node 2: 2^26 = 2^13 x 2^13 over 4 x 4 ranks, 3 primes (rows 512..512; 40265318 + 16777216 limbs at 0, window [36909874, 55364811) of share [36909874, 55364811)): redistribute 0.021 ntt 0.226 crt 0.001 out 0.027 spills+carry 0.001 total 0.266 s [B hit]
dist_mn node 3: 2^26 = 2^13 x 2^13 over 4 x 4 ranks, 3 primes (rows 512..512; 40265318 + 16777216 limbs at 0, window [55364811, 57042534) of share [55364811, 73819749)): redistribute 0.020 ntt 0.219 crt 0.001 out 0.029 spills+carry 0.001 total 0.266 s [B hit]
dist_mn node 0: 2^26 = 2^13 x 2^13 over 4 x 4 ranks, 3 primes (rows 512..512; 40265318 + 16777216 limbs at 16777216, window [0, 1677721) of share [0, 18454937), accumulated): redistribute 0.012 ntt 0.218 crt 0.001 out 0.017 spills+carry 0.005 total 0.252 s [B hit]
dist_mn node 0: 40265318 x 33554432 limbs over 4 x 4 ranks (cap 2^26): 1 x 2 pieces, 2 formed, 0 skipped (low product) (cache 2 slots: 10 hits, 26 misses)
dist_mn node 1: 2^26 = 2^13 x 2^13 over 4 x 4 ranks, 3 primes (rows 512..512; 40265318 + 16777216 limbs at 16777216, window [1677721, 20132658) of share [18454937, 36909874), accumulated): redistribute 0.013 ntt 0.217 crt 0.001 out 0.018 spills+carry 0.005 total 0.252 s [B hit]
dist_mn node 1: 40265318 x 33554432 limbs over 4 x 4 ranks (cap 2^26): 1 x 2 pieces, 2 formed, 0 skipped (low product) (cache 2 slots: 10 hits, 26 misses)
dist_mn node 2: 2^26 = 2^13 x 2^13 over 4 x 4 ranks, 3 primes (rows 512..512; 40265318 + 16777216 limbs at 16777216, window [20132658, 38587595) of share [36909874, 55364811), accumulated): redistribute 0.013 ntt 0.214 crt 0.001 out 0.020 spills+carry 0.005 total 0.252 s [B hit]
dist_mn node 2: 40265318 x 33554432 limbs over 4 x 4 ranks (cap 2^26): 1 x 2 pieces, 2 formed, 0 skipped (low product) (cache 2 slots: 10 hits, 26 misses)
dist_mn node 3: 2^26 = 2^13 x 2^13 over 4 x 4 ranks, 3 primes (rows 512..512; 40265318 + 16777216 limbs at 16777216, window [38587595, 57042533) of share [55364811, 73819749), accumulated): redistribute 0.011 ntt 0.219 crt 0.000 out 0.016 spills+carry 0.004 total 0.252 s [B hit]
dist_mn node 3: 40265318 x 33554432 limbs over 4 x 4 ranks (cap 2^26): 1 x 2 pieces, 2 formed, 0 skipped (low product) (cache 2 slots: 10 hits, 26 misses)
dist_mn node 0: 40265318 + 33554432 limbs -> 73819749 (share 18454937): redistribute 0.035 ntt 0.438 crt 0.002 out 0.046 spills+carry 0.006, total 0.519 s
dist_mn node 1: 40265318 + 33554432 limbs -> 73819749 (share 18454937): redistribute 0.029 ntt 0.436 crt 0.002 out 0.048 spills+carry 0.006, total 0.519 s
dist_mn node 2: 40265318 + 33554432 limbs -> 73819749 (share 18454937): redistribute 0.035 ntt 0.440 crt 0.002 out 0.046 spills+carry 0.006, total 0.519 s
dist_mn node 3: 40265318 + 33554432 limbs -> 73819749 (share 18454938): redistribute 0.031 ntt 0.438 crt 0.001 out 0.045 spills+carry 0.006, total 0.519 s
dist_mn node 0: 2^26 = 2^13 x 2^13 over 4 x 4 ranks, 4 primes, P24 (rows 512..512; 20132659 + 33554425 limbs at 0, window [0, 13421771) of share [0, 13421771)): redistribute 0.033 ntt 0.474 crt 0.003 out 0.018 spills+carry 0.001 total 0.531 s
dist_mn node 0: 20132659 x 33554425 limbs over 4 x 4 ranks (cap 2^26 points, P24): 1 x 1 pieces, 1 formed, 0 skipped (cache 0 slots: 0 hits, 0 misses)
dist_mn node 1: 2^26 = 2^13 x 2^13 over 4 x 4 ranks, 4 primes, P24 (rows 512..512; 20132659 + 33554425 limbs at 0, window [13421771, 26843542) of share [13421771, 26843542)): redistribute 0.028 ntt 0.473 crt 0.002 out 0.019 spills+carry 0.001 total 0.531 s
dist_mn node 1: 20132659 x 33554425 limbs over 4 x 4 ranks (cap 2^26 points, P24): 1 x 1 pieces, 1 formed, 0 skipped (cache 0 slots: 0 hits, 0 misses)
dist_mn node 2: 2^26 = 2^13 x 2^13 over 4 x 4 ranks, 4 primes, P24 (rows 512..512; 20132659 + 33554425 limbs at 0, window [26843542, 40265313) of share [26843542, 40265313)): redistribute 0.042 ntt 0.474 crt 0.003 out 0.017 spills+carry 0.001 total 0.531 s
dist_mn node 2: 20132659 x 33554425 limbs over 4 x 4 ranks (cap 2^26 points, P24): 1 x 1 pieces, 1 formed, 0 skipped (cache 0 slots: 0 hits, 0 misses)
dist_mn node 3: 2^26 = 2^13 x 2^13 over 4 x 4 ranks, 4 primes, P24 (rows 512..512; 20132659 + 33554425 limbs at 0, window [40265313, 53687084) of share [40265313, 53687084)): redistribute 0.031 ntt 0.469 crt 0.003 out 0.017 spills+carry 0.001 total 0.531 s
dist_mn node 3: 20132659 x 33554425 limbs over 4 x 4 ranks (cap 2^26 points, P24): 1 x 1 pieces, 1 formed, 0 skipped (cache 0 slots: 0 hits, 0 misses)
dist_mn node 0: 20132659 + 33554425 limbs -> 53687084 (share 13421771): redistribute 0.033 ntt 0.474 crt 0.003 out 0.018 spills+carry 0.001, total 0.532 s
dist_mn node 2: 20132659 + 33554425 limbs -> 53687084 (share 13421771): redistribute 0.042 ntt 0.474 crt 0.003 out 0.017 spills+carry 0.001, total 0.532 s
dist_mn node 3: 20132659 + 33554425 limbs -> 53687084 (share 13421771): redistribute 0.031 ntt 0.469 crt 0.003 out 0.017 spills+carry 0.001, total 0.532 s
dist_mn node 1: 20132659 + 33554425 limbs -> 53687084 (share 13421771): redistribute 0.028 ntt 0.473 crt 0.002 out 0.019 spills+carry 0.001, total 0.532 s
mdev 2^26 (53687084 limbs): repack 0.113 h2d 0.001 fwd 0.019 inv 0.009 d2h 0.071 crt 0.054 total 0.219 s
mdev 2^26 (53687084 limbs): repack 0.111 h2d 0.001 fwd 0.015 inv 0.009 d2h 0.107 crt 0.048 total 0.247 s
mdev 2^26 (53687084 limbs): repack 0.120 h2d 0.001 fwd 0.016 inv 0.009 d2h 0.109 crt 0.050 total 0.258 s
mdev 2^26 (53687084 limbs): repack 0.107 h2d 0.001 fwd 0.015 inv 0.009 d2h 0.131 crt 0.053 total 0.269 s
dist_mn node 0: 2^26 = 2^13 x 2^13 over 4 x 4 ranks, 4 primes, P24 (rows 512..512; 20132659 + 33554425 limbs at 0, window [0, 5033165) of share [0, 5033165)): redistribute 0.069 ntt 0.483 crt 0.002 out 0.011 spills+carry 0.001 total 0.558 s
dist_mn node 0: 20132659 x 33554425 limbs over 4 x 4 ranks (cap 2^26 points, P24): 1 x 1 pieces, 1 formed, 0 skipped (low product) (cache 0 slots: 0 hits, 0 misses)
dist_mn node 1: 2^26 = 2^13 x 2^13 over 4 x 4 ranks, 4 primes, P24 (rows 512..512; 20132659 + 33554425 limbs at 0, window [5033165, 10066331) of share [5033165, 10066331)): redistribute 0.111 ntt 0.487 crt 0.002 out 0.011 spills+carry 0.001 total 0.603 s
dist_mn node 1: 20132659 x 33554425 limbs over 4 x 4 ranks (cap 2^26 points, P24): 1 x 1 pieces, 1 formed, 0 skipped (low product) (cache 0 slots: 0 hits, 0 misses)
dist_mn node 2: 2^26 = 2^13 x 2^13 over 4 x 4 ranks, 4 primes, P24 (rows 512..512; 20132659 + 33554425 limbs at 0, window [10066331, 15099496) of share [10066331, 15099496)): redistribute 0.029 ntt 0.486 crt 0.001 out 0.010 spills+carry 0.001 total 0.517 s
dist_mn node 2: 20132659 x 33554425 limbs over 4 x 4 ranks (cap 2^26 points, P24): 1 x 1 pieces, 1 formed, 0 skipped (low product) (cache 0 slots: 0 hits, 0 misses)
dist_mn node 3: 2^26 = 2^13 x 2^13 over 4 x 4 ranks, 4 primes, P24 (rows 512..512; 20132659 + 33554425 limbs at 0, window [15099496, 20132662) of share [15099496, 20132662)): redistribute 0.069 ntt 0.486 crt 0.001 out 0.013 spills+carry 0.001 total 0.564 s
dist_mn node 3: 20132659 x 33554425 limbs over 4 x 4 ranks (cap 2^26 points, P24): 1 x 1 pieces, 1 formed, 0 skipped (low product) (cache 0 slots: 0 hits, 0 misses)
dist_mn node 0: 20132659 + 33554425 limbs -> 20132662 (share 5033165): redistribute 0.069 ntt 0.483 crt 0.002 out 0.011 spills+carry 0.001, total 0.559 s
dist_mn node 1: 20132659 + 33554425 limbs -> 20132662 (share 5033166): redistribute 0.111 ntt 0.487 crt 0.002 out 0.011 spills+carry 0.001, total 0.603 s
dist_mn node 2: 20132659 + 33554425 limbs -> 20132662 (share 5033165): redistribute 0.029 ntt 0.486 crt 0.001 out 0.010 spills+carry 0.001, total 0.518 s
dist_mn node 3: 20132659 + 33554425 limbs -> 20132662 (share 5033166): redistribute 0.069 ntt 0.486 crt 0.001 out 0.013 spills+carry 0.001, total 0.565 s
dist_mn node 0: 2^26 = 2^13 x 2^13 over 4 x 4 ranks, 3 primes (rows 512..512; 40265318 + 16777216 limbs at 0, window [0, 18454937) of share [0, 18454937)): redistribute 0.035 ntt 0.364 crt 0.001 out 0.028 spills+carry 0.001 total 0.412 s [A cached] [B cached]
dist_mn node 1: 2^26 = 2^13 x 2^13 over 4 x 4 ranks, 3 primes (rows 512..512; 40265318 + 16777216 limbs at 0, window [18454937, 36909875) of share [18454937, 36909875)): redistribute 0.031 ntt 0.366 crt 0.000 out 0.026 spills+carry 0.001 total 0.412 s [A cached] [B cached]
dist_mn node 2: 2^26 = 2^13 x 2^13 over 4 x 4 ranks, 3 primes (rows 512..512; 40265318 + 16777216 limbs at 0, window [36909875, 55364813) of share [36909875, 55364813)): redistribute 0.031 ntt 0.363 crt 0.001 out 0.028 spills+carry 0.002 total 0.411 s [A cached] [B cached]
dist_mn node 3: 2^26 = 2^13 x 2^13 over 4 x 4 ranks, 3 primes (rows 512..512; 40265318 + 16777216 limbs at 0, window [55364813, 57042534) of share [55364813, 73819751)): redistribute 0.035 ntt 0.363 crt 0.001 out 0.027 spills+carry 0.002 total 0.412 s [A cached] [B cached]
dist_mn node 0: 2^26 = 2^13 x 2^13 over 4 x 4 ranks, 3 primes (rows 512..512; 40265318 + 16777216 limbs at 16777216, window [0, 1677721) of share [0, 18454937), accumulated): redistribute 0.010 ntt 0.226 crt 0.001 out 0.023 spills+carry 0.004 total 0.265 s [A hit] [B cached]
dist_mn node 1: 2^26 = 2^13 x 2^13 over 4 x 4 ranks, 3 primes (rows 512..512; 40265318 + 16777216 limbs at 16777216, window [1677721, 20132659) of share [18454937, 36909875), accumulated): redistribute 0.012 ntt 0.224 crt 0.001 out 0.024 spills+carry 0.004 total 0.265 s [A hit] [B cached]
dist_mn node 2: 2^26 = 2^13 x 2^13 over 4 x 4 ranks, 3 primes (rows 512..512; 40265318 + 16777216 limbs at 16777216, window [20132659, 38587597) of share [36909875, 55364813), accumulated): redistribute 0.010 ntt 0.230 crt 0.000 out 0.020 spills+carry 0.004 total 0.265 s [A hit] [B cached]
dist_mn node 3: 2^26 = 2^13 x 2^13 over 4 x 4 ranks, 3 primes (rows 512..512; 40265318 + 16777216 limbs at 16777216, window [38587597, 57042534) of share [55364813, 73819751), accumulated): redistribute 0.012 ntt 0.226 crt 0.001 out 0.022 spills+carry 0.004 total 0.265 s [A hit] [B cached]
mdb_add_shifted node 0: 33554429 limbs at 0 into a basis of 73819751 (my window [0, 18454937), 1 rounds of 4613744; slabs 4613734 + 4613734 limbs per APU 0): 0.045 s
dist_mn node 0: 40265318 x 33554432 limbs over 4 x 4 ranks (cap 2^26): 1 x 2 pieces, 2 formed, 0 skipped (cache 2 slots: 1 hits, 3 misses)
mdb_add_shifted node 1: 33554429 limbs at 0 into a basis of 73819751 (my window [18454937, 33554429), 1 rounds of 4613744; slabs 0 + 3774873 limbs per APU 0): 0.045 s
dist_mn node 1: 40265318 x 33554432 limbs over 4 x 4 ranks (cap 2^26): 1 x 2 pieces, 2 formed, 0 skipped (cache 2 slots: 1 hits, 3 misses)
mdb_add_shifted node 2: 33554429 limbs at 0 into a basis of 73819751 (my window [36909875, 36909875), 1 rounds of 4613744; slabs 3774873 + 0 limbs per APU 0): 0.045 s
dist_mn node 2: 40265318 x 33554432 limbs over 4 x 4 ranks (cap 2^26): 1 x 2 pieces, 2 formed, 0 skipped (cache 2 slots: 1 hits, 3 misses)
mdb_add_shifted node 3: 33554429 limbs at 0 into a basis of 73819751 (my window [55364813, 55364813), 1 rounds of 4613744; slabs 0 + 0 limbs per APU 0): 0.045 s
dist_mn node 3: 40265318 x 33554432 limbs over 4 x 4 ranks (cap 2^26): 1 x 2 pieces, 2 formed, 0 skipped (cache 2 slots: 1 hits, 3 misses)
dist_mn node 0: 40265318 + 33554432 + x limbs -> 73819750 (share 18454937): redistribute 0.045 ntt 0.590 crt 0.001 out 0.051 spills+carry 0.006, total 0.743 s
dist_mn node 2: 40265318 + 33554432 + x limbs -> 73819750 (share 18454938): redistribute 0.042 ntt 0.593 crt 0.001 out 0.048 spills+carry 0.006, total 0.724 s
dist_mn node 1: 40265318 + 33554432 + x limbs -> 73819750 (share 18454938): redistribute 0.043 ntt 0.590 crt 0.001 out 0.050 spills+carry 0.006, total 0.751 s
dist_mn node 3: 40265318 + 33554432 + x limbs -> 73819750 (share 18454938): redistribute 0.048 ntt 0.589 crt 0.001 out 0.048 spills+carry 0.006, total 0.746 s
mdb_add_shifted node 0: 33554429 limbs at 0 into a basis of 73819751 (my window [0, 18454937), 1 rounds of 4613744; slabs 4613734 + 4613734 limbs per APU 0): 0.059 s
mdb_add_shifted node 1: 33554429 limbs at 0 into a basis of 73819751 (my window [18454937, 33554429), 1 rounds of 4613744; slabs 0 + 3774873 limbs per APU 0): 0.078 s
mdb_add_shifted node 2: 33554429 limbs at 0 into a basis of 73819751 (my window [36909875, 36909875), 1 rounds of 4613744; slabs 3774873 + 0 limbs per APU 0): 0.058 s
mdb_add_shifted node 3: 33554429 limbs at 0 into a basis of 73819751 (my window [55364813, 55364813), 1 rounds of 4613744; slabs 0 + 0 limbs per APU 0): 0.061 s
mdb_add_shifted node 0: 33554429 limbs at 7 into a basis of 73819751 (my window [7, 18454937), 1 rounds of 4613744; slabs 4613732 + 4613732 limbs per APU 0): 0.067 s
mdb_add_shifted node 1: 33554429 limbs at 7 into a basis of 73819751 (my window [18454937, 33554436), 1 rounds of 4613744; slabs 0 + 3774874 limbs per APU 0): 0.068 s
mdb_add_shifted node 2: 33554429 limbs at 7 into a basis of 73819751 (my window [36909875, 36909875), 1 rounds of 4613744; slabs 3774874 + 0 limbs per APU 0): 0.044 s
mdb_add_shifted node 3: 33554429 limbs at 7 into a basis of 73819751 (my window [55364813, 55364813), 1 rounds of 4613744; slabs 0 + 0 limbs per APU 0): 0.042 s
mdb_add_shifted node 0: 33554429 limbs at 20132659 into a basis of 73819751 (my window [20132659, 20132659), 1 rounds of 4194304; slabs 4194304 + 0 limbs per APU 0): 0.049 s
mdb_add_shifted node 1: 33554429 limbs at 20132659 into a basis of 73819751 (my window [20132659, 36909875), 1 rounds of 4194304; slabs 0 + 4194304 limbs per APU 0): 0.036 s
mdb_add_shifted node 2: 33554429 limbs at 20132659 into a basis of 73819751 (my window [36909875, 53687088), 1 rounds of 4194304; slabs 4194303 + 4194303 limbs per APU 0): 0.037 s
mdb_add_shifted node 3: 33554429 limbs at 20132659 into a basis of 73819751 (my window [55364813, 55364813), 1 rounds of 4194304; slabs 0 + 0 limbs per APU 0): 0.037 s
mdb_add_shifted node 0: 33554429 limbs at 40265318 into a basis of 73819751 (my window [40265318, 40265318), 1 rounds of 4613744; slabs 3774873 + 0 limbs per APU 0): 0.086 s
mdb_add_shifted node 1: 33554429 limbs at 40265318 into a basis of 73819751 (my window [40265318, 40265318), 1 rounds of 4613744; slabs 1677721 + 0 limbs per APU 0): 0.107 s
mdb_add_shifted node 2: 33554429 limbs at 40265318 into a basis of 73819751 (my window [40265318, 55364813), 1 rounds of 4613744; slabs 2936012 + 3774873 limbs per APU 0): 0.064 s
mdb_add_shifted node 3: 33554429 limbs at 40265318 into a basis of 73819751 (my window [55364813, 73819747), 1 rounds of 4613744; slabs 0 + 4613733 limbs per APU 0): 0.084 s
dist_mn node 0: 2^26 = 2^13 x 2^13 over 4 x 4 ranks, 3 primes (rows 512..512; 40265318 + 16777216 limbs at 0, window [0, 18454937) of share [0, 18454937)): redistribute 0.039 ntt 0.403 crt 0.001 out 0.026 spills+carry 0.002 total 0.456 s [A cached] [B cached]
dist_mn node 1: 2^26 = 2^13 x 2^13 over 4 x 4 ranks, 3 primes (rows 512..512; 40265318 + 16777216 limbs at 0, window [18454937, 36909875) of share [18454937, 36909875)): redistribute 0.044 ntt 0.402 crt 0.001 out 0.028 spills+carry 0.002 total 0.456 s [A cached] [B cached]
dist_mn node 2: 2^26 = 2^13 x 2^13 over 4 x 4 ranks, 3 primes (rows 512..512; 40265318 + 16777216 limbs at 0, window [36909875, 55364812) of share [36909875, 55364812)): redistribute 0.035 ntt 0.405 crt 0.001 out 0.026 spills+carry 0.002 total 0.456 s [A cached] [B cached]
dist_mn node 3: 2^26 = 2^13 x 2^13 over 4 x 4 ranks, 3 primes (rows 512..512; 40265318 + 16777216 limbs at 0, window [55364812, 57042534) of share [55364812, 73819750)): redistribute 0.043 ntt 0.400 crt 0.001 out 0.026 spills+carry 0.002 total 0.455 s [A cached] [B cached]
dist_mn node 0: 2^26 = 2^13 x 2^13 over 4 x 4 ranks, 3 primes (rows 512..512; 40265318 + 16777216 limbs at 16777216, window [0, 1677721) of share [0, 18454937), accumulated): redistribute 0.009 ntt 0.223 crt 0.001 out 0.020 spills+carry 0.010 total 0.262 s [A hit] [B cached]
dist_mn node 0: 40265318 x 33554432 limbs over 4 x 4 ranks (cap 2^26): 1 x 2 pieces, 2 formed, 0 skipped (cache 2 slots: 2 hits, 6 misses)
dist_mn node 1: 2^26 = 2^13 x 2^13 over 4 x 4 ranks, 3 primes (rows 512..512; 40265318 + 16777216 limbs at 16777216, window [1677721, 20132659) of share [18454937, 36909875), accumulated): redistribute 0.011 ntt 0.221 crt 0.000 out 0.020 spills+carry 0.010 total 0.262 s [A hit] [B cached]
dist_mn node 1: 40265318 x 33554432 limbs over 4 x 4 ranks (cap 2^26): 1 x 2 pieces, 2 formed, 0 skipped (cache 2 slots: 2 hits, 6 misses)
dist_mn node 2: 2^26 = 2^13 x 2^13 over 4 x 4 ranks, 3 primes (rows 512..512; 40265318 + 16777216 limbs at 16777216, window [20132659, 38587596) of share [36909875, 55364812), accumulated): redistribute 0.012 ntt 0.218 crt 0.001 out 0.022 spills+carry 0.010 total 0.262 s [A hit] [B cached]
dist_mn node 2: 40265318 x 33554432 limbs over 4 x 4 ranks (cap 2^26): 1 x 2 pieces, 2 formed, 0 skipped (cache 2 slots: 2 hits, 6 misses)
dist_mn node 3: 2^26 = 2^13 x 2^13 over 4 x 4 ranks, 3 primes (rows 512..512; 40265318 + 16777216 limbs at 16777216, window [38587596, 57042534) of share [55364812, 73819750), accumulated): redistribute 0.010 ntt 0.221 crt 0.001 out 0.021 spills+carry 0.010 total 0.262 s [A hit] [B cached]
dist_mn node 3: 40265318 x 33554432 limbs over 4 x 4 ranks (cap 2^26): 1 x 2 pieces, 2 formed, 0 skipped (cache 2 slots: 2 hits, 6 misses)
dist_mn node 1: 40265318 + 33554432 limbs -> 73819750 (share 18454938): redistribute 0.056 ntt 0.623 crt 0.001 out 0.048 spills+carry 0.012, total 0.878 s
dist_mn node 0: 40265318 + 33554432 limbs -> 73819750 (share 18454937): redistribute 0.048 ntt 0.627 crt 0.001 out 0.047 spills+carry 0.012, total 0.720 s
dist_mn node 2: 40265318 + 33554432 limbs -> 73819750 (share 18454937): redistribute 0.047 ntt 0.623 crt 0.001 out 0.048 spills+carry 0.012, total 0.786 s
dist_mn node 3: 40265318 + 33554432 limbs -> 73819750 (share 18454938): redistribute 0.053 ntt 0.622 crt 0.001 out 0.047 spills+carry 0.011, total 0.728 s
mdev 3*2^25 (73819750 limbs): repack 0.139 h2d 0.001 fwd 0.039 inv 0.016 d2h 0.109 crt 0.141 total 0.301 s
mdev 3*2^25 (73819750 limbs): repack 0.140 h2d 0.002 fwd 0.035 inv 0.019 d2h 0.121 crt 0.106 total 0.309 s
mdev 3*2^25 (73819750 limbs): repack 0.154 h2d 0.002 fwd 0.029 inv 0.022 d2h 0.127 crt 0.137 total 0.331 s
mdev 3*2^25 (73819750 limbs): repack 0.156 h2d 0.002 fwd 0.038 inv 0.013 d2h 0.167 crt 0.149 total 0.374 s
dist_mn node 0: 2^26 = 2^13 x 2^13 over 4 x 4 ranks, 3 primes (rows 512..512; 40265318 + 16777216 limbs at 0, window [0, 18454937) of share [0, 18454937)): redistribute 0.029 ntt 0.315 crt 0.001 out 0.027 spills+carry 0.002 total 0.364 s [A cached] [B cached]
dist_mn node 1: 2^26 = 2^13 x 2^13 over 4 x 4 ranks, 3 primes (rows 512..512; 40265318 + 16777216 limbs at 0, window [18454937, 36909875) of share [18454937, 36909875)): redistribute 0.026 ntt 0.313 crt 0.001 out 0.027 spills+carry 0.003 total 0.363 s [A cached] [B cached]
dist_mn node 2: 2^26 = 2^13 x 2^13 over 4 x 4 ranks, 3 primes (rows 512..512; 40265318 + 16777216 limbs at 0, window [36909875, 55364813) of share [36909875, 55364813)): redistribute 0.023 ntt 0.320 crt 0.001 out 0.022 spills+carry 0.002 total 0.363 s [A cached] [B cached]
dist_mn node 3: 2^26 = 2^13 x 2^13 over 4 x 4 ranks, 3 primes (rows 512..512; 40265318 + 16777216 limbs at 0, window [55364813, 57042534) of share [55364813, 73819751)): redistribute 0.023 ntt 0.316 crt 0.001 out 0.024 spills+carry 0.003 total 0.362 s [A cached] [B cached]
dist_mn node 0: 2^26 = 2^13 x 2^13 over 4 x 4 ranks, 3 primes (rows 512..512; 40265318 + 16777216 limbs at 16777216, window [0, 1677721) of share [0, 18454937), accumulated): redistribute 0.010 ntt 0.228 crt 0.001 out 0.020 spills+carry 0.010 total 0.267 s [A hit] [B cached]
dist_mn node 1: 2^26 = 2^13 x 2^13 over 4 x 4 ranks, 3 primes (rows 512..512; 40265318 + 16777216 limbs at 16777216, window [1677721, 20132659) of share [18454937, 36909875), accumulated): redistribute 0.010 ntt 0.226 crt 0.001 out 0.020 spills+carry 0.010 total 0.267 s [A hit] [B cached]
dist_mn node 2: 2^26 = 2^13 x 2^13 over 4 x 4 ranks, 3 primes (rows 512..512; 40265318 + 16777216 limbs at 16777216, window [20132659, 38587597) of share [36909875, 55364813), accumulated): redistribute 0.014 ntt 0.219 crt 0.001 out 0.024 spills+carry 0.010 total 0.267 s [A hit] [B cached]
dist_mn node 3: 2^26 = 2^13 x 2^13 over 4 x 4 ranks, 3 primes (rows 512..512; 40265318 + 16777216 limbs at 16777216, window [38587597, 57042534) of share [55364813, 73819751), accumulated): redistribute 0.011 ntt 0.222 crt 0.000 out 0.023 spills+carry 0.010 total 0.267 s [A hit] [B cached]
mdb_add_shifted node 0: 33554429 limbs at 0 into a basis of 73819751 (my window [0, 18454937), 1 rounds of 4613744; slabs 4613734 + 4613734 limbs per APU 0): 0.045 s
dist_mn node 0: 40265318 x 33554432 limbs over 4 x 4 ranks (cap 2^26): 1 x 2 pieces, 2 formed, 0 skipped (cache 2 slots: 3 hits, 9 misses)
mdb_add_shifted node 1: 33554429 limbs at 0 into a basis of 73819751 (my window [18454937, 33554429), 1 rounds of 4613744; slabs 0 + 3774873 limbs per APU 0): 0.045 s
dist_mn node 1: 40265318 x 33554432 limbs over 4 x 4 ranks (cap 2^26): 1 x 2 pieces, 2 formed, 0 skipped (cache 2 slots: 3 hits, 9 misses)
mdb_add_shifted node 2: 33554429 limbs at 0 into a basis of 73819751 (my window [36909875, 36909875), 1 rounds of 4613744; slabs 3774873 + 0 limbs per APU 0): 0.045 s
dist_mn node 2: 40265318 x 33554432 limbs over 4 x 4 ranks (cap 2^26): 1 x 2 pieces, 2 formed, 0 skipped (cache 2 slots: 3 hits, 9 misses)
mdb_add_shifted node 3: 33554429 limbs at 0 into a basis of 73819751 (my window [55364813, 55364813), 1 rounds of 4613744; slabs 0 + 0 limbs per APU 0): 0.045 s
dist_mn node 3: 40265318 x 33554432 limbs over 4 x 4 ranks (cap 2^26): 1 x 2 pieces, 2 formed, 0 skipped (cache 2 slots: 3 hits, 9 misses)
dist_mn node 0: 40265318 + 33554432 + x limbs -> 73819750 (share 18454937): redistribute 0.038 ntt 0.544 crt 0.002 out 0.047 spills+carry 0.012, total 0.715 s
dist_mn node 1: 40265318 + 33554432 + x limbs -> 73819750 (share 18454938): redistribute 0.036 ntt 0.539 crt 0.001 out 0.047 spills+carry 0.012, total 0.706 s
dist_mn node 2: 40265318 + 33554432 + x limbs -> 73819750 (share 18454938): redistribute 0.036 ntt 0.538 crt 0.002 out 0.046 spills+carry 0.012, total 0.717 s
dist_mn node 3: 40265318 + 33554432 + x limbs -> 73819750 (share 18454938): redistribute 0.034 ntt 0.539 crt 0.002 out 0.047 spills+carry 0.012, total 0.679 s
dist_mn node 0: 2^26 = 2^13 x 2^13 over 4 x 4 ranks, 3 primes (rows 512..512; 40265318 + 16777216 limbs at 0, window [0, 10066330) of share [0, 10066330)): redistribute 0.029 ntt 0.332 crt 0.001 out 0.017 spills+carry 0.003 total 0.374 s [A cached] [B cached]
dist_mn node 1: 2^26 = 2^13 x 2^13 over 4 x 4 ranks, 3 primes (rows 512..512; 40265318 + 16777216 limbs at 0, window [10066330, 20132660) of share [10066330, 20132660)): redistribute 0.025 ntt 0.333 crt 0.001 out 0.018 spills+carry 0.003 total 0.374 s [A cached] [B cached]
dist_mn node 2: 2^26 = 2^13 x 2^13 over 4 x 4 ranks, 3 primes (rows 512..512; 40265318 + 16777216 limbs at 0, window [20132660, 30198990) of share [20132660, 30198990)): redistribute 0.025 ntt 0.328 crt 0.001 out 0.018 spills+carry 0.003 total 0.372 s [A cached] [B cached]
dist_mn node 3: 2^26 = 2^13 x 2^13 over 4 x 4 ranks, 3 primes (rows 512..512; 40265318 + 16777216 limbs at 0, window [30198990, 40265320) of share [30198990, 40265320)): redistribute 0.026 ntt 0.333 crt 0.001 out 0.017 spills+carry 0.003 total 0.374 s [A cached] [B cached]
dist_mn node 0: 2^26 = 2^13 x 2^13 over 4 x 4 ranks, 3 primes (rows 512..512; 40265318 + 16777216 limbs at 16777216, window [0, 0) of share [0, 10066330), accumulated): redistribute 0.010 ntt 0.234 crt 0.000 out 0.015 spills+carry 0.008 total 0.268 s [A hit] [B cached]
dist_mn node 0: 40265318 x 33554432 limbs over 4 x 4 ranks (cap 2^26): 1 x 2 pieces, 2 formed, 0 skipped (low product) (cache 2 slots: 4 hits, 12 misses)
dist_mn node 1: 2^26 = 2^13 x 2^13 over 4 x 4 ranks, 3 primes (rows 512..512; 40265318 + 16777216 limbs at 16777216, window [0, 3355444) of share [10066330, 20132660), accumulated): redistribute 0.009 ntt 0.234 crt 0.000 out 0.016 spills+carry 0.008 total 0.268 s [A hit] [B cached]
dist_mn node 1: 40265318 x 33554432 limbs over 4 x 4 ranks (cap 2^26): 1 x 2 pieces, 2 formed, 0 skipped (low product) (cache 2 slots: 4 hits, 12 misses)
dist_mn node 2: 2^26 = 2^13 x 2^13 over 4 x 4 ranks, 3 primes (rows 512..512; 40265318 + 16777216 limbs at 16777216, window [3355444, 13421774) of share [20132660, 30198990), accumulated): redistribute 0.010 ntt 0.236 crt 0.001 out 0.014 spills+carry 0.008 total 0.268 s [A hit] [B cached]
dist_mn node 2: 40265318 x 33554432 limbs over 4 x 4 ranks (cap 2^26): 1 x 2 pieces, 2 formed, 0 skipped (low product) (cache 2 slots: 4 hits, 12 misses)
dist_mn node 3: 2^26 = 2^13 x 2^13 over 4 x 4 ranks, 3 primes (rows 512..512; 40265318 + 16777216 limbs at 16777216, window [13421774, 23488104) of share [30198990, 40265320), accumulated): redistribute 0.012 ntt 0.237 crt 0.000 out 0.011 spills+carry 0.008 total 0.268 s [A hit] [B cached]
dist_mn node 3: 40265318 x 33554432 limbs over 4 x 4 ranks (cap 2^26): 1 x 2 pieces, 2 formed, 0 skipped (low product) (cache 2 slots: 4 hits, 12 misses)
dist_mn node 1: 40265318 + 33554432 limbs -> 40265320 (share 10066330): redistribute 0.034 ntt 0.567 crt 0.001 out 0.035 spills+carry 0.012, total 0.644 s
dist_mn node 2: 40265318 + 33554432 limbs -> 40265320 (share 10066330): redistribute 0.034 ntt 0.564 crt 0.001 out 0.032 spills+carry 0.012, total 0.644 s
dist_mn node 0: 40265318 + 33554432 limbs -> 40265320 (share 10066330): redistribute 0.039 ntt 0.566 crt 0.001 out 0.032 spills+carry 0.012, total 0.644 s
dist_mn node 3: 40265318 + 33554432 limbs -> 40265320 (share 10066330): redistribute 0.038 ntt 0.570 crt 0.001 out 0.028 spills+carry 0.011, total 0.644 s
dist_mn node 0: 2^25 = 2^12 x 2^13 over 4 x 4 ranks, 4 primes, P24 (rows 256..256; 20132660 + 20132660 limbs at 0, window [0, 5033165) of share [0, 5033165)): redistribute 0.030 ntt 0.302 crt 0.001 out 0.007 spills+carry 0.003 total 0.378 s
dist_mn node 0: 20132660 x 20132660 limbs over 4 x 4 ranks (cap 2^26 points, P24): 1 x 1 pieces, 1 formed, 0 skipped (low product) (cache 0 slots: 4 hits, 12 misses)
dist_mn node 1: 2^25 = 2^12 x 2^13 over 4 x 4 ranks, 4 primes, P24 (rows 256..256; 20132660 + 20132660 limbs at 0, window [5033165, 10066330) of share [5033165, 10066330)): redistribute 0.028 ntt 0.296 crt 0.001 out 0.010 spills+carry 0.003 total 0.377 s
dist_mn node 1: 20132660 x 20132660 limbs over 4 x 4 ranks (cap 2^26 points, P24): 1 x 1 pieces, 1 formed, 0 skipped (low product) (cache 0 slots: 4 hits, 12 misses)
dist_mn node 2: 2^25 = 2^12 x 2^13 over 4 x 4 ranks, 4 primes, P24 (rows 256..256; 20132660 + 20132660 limbs at 0, window [10066330, 15099495) of share [10066330, 15099495)): redistribute 0.030 ntt 0.299 crt 0.001 out 0.009 spills+carry 0.003 total 0.378 s
dist_mn node 2: 20132660 x 20132660 limbs over 4 x 4 ranks (cap 2^26 points, P24): 1 x 1 pieces, 1 formed, 0 skipped (low product) (cache 0 slots: 4 hits, 12 misses)
dist_mn node 3: 2^25 = 2^12 x 2^13 over 4 x 4 ranks, 4 primes, P24 (rows 256..256; 20132660 + 20132660 limbs at 0, window [15099495, 20132660) of share [15099495, 20132660)): redistribute 0.033 ntt 0.299 crt 0.001 out 0.008 spills+carry 0.003 total 0.378 s
dist_mn node 3: 20132660 x 20132660 limbs over 4 x 4 ranks (cap 2^26 points, P24): 1 x 1 pieces, 1 formed, 0 skipped (low product) (cache 0 slots: 4 hits, 12 misses)
dist_mn node 0: 20132660 + 20132660 limbs -> 1 (share 5033165): redistribute 0.030 ntt 0.302 crt 0.001 out 0.007 spills+carry 0.003, total 0.378 s
dist_mn node 1: 20132660 + 20132660 limbs -> 1 (share 5033165): redistribute 0.028 ntt 0.296 crt 0.001 out 0.010 spills+carry 0.003, total 0.378 s
dist_mn node 2: 20132660 + 20132660 limbs -> 1 (share 5033165): redistribute 0.030 ntt 0.299 crt 0.001 out 0.009 spills+carry 0.003, total 0.378 s
dist_mn node 3: 20132660 + 20132660 limbs -> 1 (share 5033165): redistribute 0.033 ntt 0.299 crt 0.001 out 0.008 spills+carry 0.003, total 0.378 s
dist_mn node 0: 2^26 = 2^13 x 2^13 over 4 x 4 ranks, 3 primes (rows 512..512; 40265318 + 16777216 limbs at 0, window [0, 18454937) of share [0, 18454937)): redistribute 0.031 ntt 0.371 crt 0.001 out 0.025 spills+carry 0.002 total 0.476 s [A cached] [B cached]
dist_mn node 1: 2^26 = 2^13 x 2^13 over 4 x 4 ranks, 3 primes (rows 512..512; 40265318 + 16777216 limbs at 0, window [18454937, 36909874) of share [18454937, 36909874)): redistribute 0.056 ntt 0.373 crt 0.001 out 0.024 spills+carry 0.003 total 0.476 s [A cached] [B cached]
dist_mn node 2: 2^26 = 2^13 x 2^13 over 4 x 4 ranks, 3 primes (rows 512..512; 40265318 + 16777216 limbs at 0, window [36909874, 55364811) of share [36909874, 55364811)): redistribute 0.058 ntt 0.377 crt 0.001 out 0.020 spills+carry 0.003 total 0.476 s [A cached] [B cached]
dist_mn node 3: 2^26 = 2^13 x 2^13 over 4 x 4 ranks, 3 primes (rows 512..512; 40265318 + 16777216 limbs at 0, window [55364811, 57042534) of share [55364811, 73819749)): redistribute 0.062 ntt 0.376 crt 0.001 out 0.021 spills+carry 0.002 total 0.476 s [A cached] [B cached]
dist_mn node 0: 2^26 = 2^13 x 2^13 over 4 x 4 ranks, 3 primes (rows 512..512; 40265318 + 16777216 limbs at 16777216, window [0, 1677721) of share [0, 18454937), accumulated): redistribute 0.013 ntt 0.232 crt 0.001 out 0.022 spills+carry 0.010 total 0.278 s [A hit] [B cached]
dist_mn node 0: 40265318 x 33554432 limbs over 4 x 4 ranks (cap 2^26): 1 x 2 pieces, 2 formed, 0 skipped (low product) (cache 2 slots: 5 hits, 15 misses)
dist_mn node 1: 2^26 = 2^13 x 2^13 over 4 x 4 ranks, 3 primes (rows 512..512; 40265318 + 16777216 limbs at 16777216, window [1677721, 20132658) of share [18454937, 36909874), accumulated): redistribute 0.010 ntt 0.234 crt 0.000 out 0.023 spills+carry 0.010 total 0.278 s [A hit] [B cached]
dist_mn node 1: 40265318 x 33554432 limbs over 4 x 4 ranks (cap 2^26): 1 x 2 pieces, 2 formed, 0 skipped (low product) (cache 2 slots: 5 hits, 15 misses)
dist_mn node 2: 2^26 = 2^13 x 2^13 over 4 x 4 ranks, 3 primes (rows 512..512; 40265318 + 16777216 limbs at 16777216, window [20132658, 38587595) of share [36909874, 55364811), accumulated): redistribute 0.010 ntt 0.237 crt 0.001 out 0.021 spills+carry 0.010 total 0.278 s [A hit] [B cached]
dist_mn node 2: 40265318 x 33554432 limbs over 4 x 4 ranks (cap 2^26): 1 x 2 pieces, 2 formed, 0 skipped (low product) (cache 2 slots: 5 hits, 15 misses)
dist_mn node 3: 2^26 = 2^13 x 2^13 over 4 x 4 ranks, 3 primes (rows 512..512; 40265318 + 16777216 limbs at 16777216, window [38587595, 57042533) of share [55364811, 73819749), accumulated): redistribute 0.011 ntt 0.235 crt 0.001 out 0.022 spills+carry 0.010 total 0.278 s [A hit] [B cached]
dist_mn node 3: 40265318 x 33554432 limbs over 4 x 4 ranks (cap 2^26): 1 x 2 pieces, 2 formed, 0 skipped (low product) (cache 2 slots: 5 hits, 15 misses)
dist_mn node 0: 40265318 + 33554432 limbs -> 73819749 (share 18454937): redistribute 0.044 ntt 0.603 crt 0.002 out 0.048 spills+carry 0.013, total 0.757 s
dist_mn node 1: 40265318 + 33554432 limbs -> 73819749 (share 18454937): redistribute 0.066 ntt 0.607 crt 0.001 out 0.047 spills+carry 0.013, total 0.757 s
dist_mn node 2: 40265318 + 33554432 limbs -> 73819749 (share 18454937): redistribute 0.068 ntt 0.614 crt 0.002 out 0.041 spills+carry 0.013, total 0.757 s
dist_mn node 3: 40265318 + 33554432 limbs -> 73819749 (share 18454938): redistribute 0.073 ntt 0.611 crt 0.002 out 0.043 spills+carry 0.012, total 0.757 s
dist_mn node 0: 2^26 = 2^13 x 2^13 over 4 x 4 ranks, 3 primes (rows 512..512; 40265318 + 16777216 limbs at 0, window [0, 18454937) of share [0, 18454937)): redistribute 0.030 ntt 0.370 crt 0.001 out 0.031 spills+carry 0.003 total 0.424 s [A cached] [B cached]
dist_mn node 1: 2^26 = 2^13 x 2^13 over 4 x 4 ranks, 3 primes (rows 512..512; 40265318 + 16777216 limbs at 0, window [18454937, 36909875) of share [18454937, 36909875)): redistribute 0.027 ntt 0.368 crt 0.001 out 0.030 spills+carry 0.003 total 0.424 s [A cached] [B cached]
dist_mn node 2: 2^26 = 2^13 x 2^13 over 4 x 4 ranks, 3 primes (rows 512..512; 40265318 + 16777216 limbs at 0, window [36909875, 55364812) of share [36909875, 55364812)): redistribute 0.027 ntt 0.375 crt 0.001 out 0.026 spills+carry 0.003 total 0.423 s [A cached] [B cached]
dist_mn node 3: 2^26 = 2^13 x 2^13 over 4 x 4 ranks, 3 primes (rows 512..512; 40265318 + 16777216 limbs at 0, window [55364812, 57042534) of share [55364812, 73819750)): redistribute 0.028 ntt 0.375 crt 0.000 out 0.025 spills+carry 0.003 total 0.424 s [A cached] [B cached]
dist_mn node 0: 2^26 = 2^13 x 2^13 over 4 x 4 ranks, 3 primes (rows 512..512; 40265318 + 16777216 limbs at 16777216, window [0, 1677721) of share [0, 18454937), accumulated): redistribute 0.011 ntt 0.224 crt 0.001 out 0.023 spills+carry 0.010 total 0.269 s [A hit] [B cached]
dist_mn node 0: 40265318 x 33554432 limbs over 4 x 4 ranks (cap 2^26): 1 x 2 pieces, 2 formed, 0 skipped (low cut) (cache 2 slots: 6 hits, 18 misses)
dist_mn node 1: 2^26 = 2^13 x 2^13 over 4 x 4 ranks, 3 primes (rows 512..512; 40265318 + 16777216 limbs at 16777216, window [1677721, 20132659) of share [18454937, 36909875), accumulated): redistribute 0.008 ntt 0.231 crt 0.001 out 0.020 spills+carry 0.009 total 0.269 s [A hit] [B cached]
dist_mn node 1: 40265318 x 33554432 limbs over 4 x 4 ranks (cap 2^26): 1 x 2 pieces, 2 formed, 0 skipped (low cut) (cache 2 slots: 6 hits, 18 misses)
dist_mn node 2: 2^26 = 2^13 x 2^13 over 4 x 4 ranks, 3 primes (rows 512..512; 40265318 + 16777216 limbs at 16777216, window [20132659, 38587596) of share [36909875, 55364812), accumulated): redistribute 0.010 ntt 0.228 crt 0.001 out 0.022 spills+carry 0.010 total 0.269 s [A hit] [B cached]
dist_mn node 2: 40265318 x 33554432 limbs over 4 x 4 ranks (cap 2^26): 1 x 2 pieces, 2 formed, 0 skipped (low cut) (cache 2 slots: 6 hits, 18 misses)
dist_mn node 3: 2^26 = 2^13 x 2^13 over 4 x 4 ranks, 3 primes (rows 512..512; 40265318 + 16777216 limbs at 16777216, window [38587596, 57042534) of share [55364812, 73819750), accumulated): redistribute 0.013 ntt 0.221 crt 0.001 out 0.025 spills+carry 0.010 total 0.269 s [A hit] [B cached]
dist_mn node 3: 40265318 x 33554432 limbs over 4 x 4 ranks (cap 2^26): 1 x 2 pieces, 2 formed, 0 skipped (low cut) (cache 2 slots: 6 hits, 18 misses)
dist_mn node 1: 40265318 + 33554432 limbs -> 73819750 (share 18454938): redistribute 0.035 ntt 0.599 crt 0.001 out 0.051 spills+carry 0.012, total 0.696 s
dist_mn node 2: 40265318 + 33554432 limbs -> 73819750 (share 18454937): redistribute 0.036 ntt 0.602 crt 0.001 out 0.047 spills+carry 0.012, total 0.696 s
dist_mn node 0: 40265318 + 33554432 limbs -> 73819750 (share 18454937): redistribute 0.041 ntt 0.594 crt 0.001 out 0.054 spills+carry 0.013, total 0.696 s
dist_mn node 3: 40265318 + 33554432 limbs -> 73819750 (share 18454938): redistribute 0.041 ntt 0.597 crt 0.001 out 0.050 spills+carry 0.012, total 0.696 s
dist_mn node 0: 2^26 = 2^13 x 2^13 over 4 x 4 ranks, 3 primes (rows 512..512; 40265318 + 16777216 limbs at 0, window [0, 18454937) of share [0, 18454937)): redistribute 0.035 ntt 0.371 crt 0.001 out 0.022 spills+carry 0.002 total 0.414 s [A cached] [B cached]
dist_mn node 1: 2^26 = 2^13 x 2^13 over 4 x 4 ranks, 3 primes (rows 512..512; 40265318 + 16777216 limbs at 0, window [18454937, 36909874) of share [18454937, 36909874)): redistribute 0.034 ntt 0.371 crt 0.001 out 0.023 spills+carry 0.002 total 0.414 s [A cached] [B cached]
dist_mn node 2: 2^26 = 2^13 x 2^13 over 4 x 4 ranks, 3 primes (rows 512..512; 40265318 + 16777216 limbs at 0, window [36909874, 55364811) of share [36909874, 55364811)): redistribute 0.030 ntt 0.368 crt 0.001 out 0.023 spills+carry 0.002 total 0.413 s [A cached] [B cached]
dist_mn node 3: 2^26 = 2^13 x 2^13 over 4 x 4 ranks, 3 primes (rows 512..512; 40265318 + 16777216 limbs at 0, window [55364811, 57042534) of share [55364811, 73819749)): redistribute 0.032 ntt 0.371 crt 0.000 out 0.021 spills+carry 0.003 total 0.413 s [A cached] [B cached]
dist_mn node 0: 2^26 = 2^13 x 2^13 over 4 x 4 ranks, 3 primes (rows 512..512; 40265318 + 16777216 limbs at 16777216, window [0, 1677721) of share [0, 18454937), accumulated): redistribute 0.008 ntt 0.240 crt 0.001 out 0.020 spills+carry 0.010 total 0.277 s [A hit] [B cached]
dist_mn node 0: 40265318 x 33554432 limbs over 4 x 4 ranks (cap 2^26): 1 x 2 pieces, 2 formed, 0 skipped (low product) (low cut) (cache 2 slots: 7 hits, 21 misses)
dist_mn node 1: 2^26 = 2^13 x 2^13 over 4 x 4 ranks, 3 primes (rows 512..512; 40265318 + 16777216 limbs at 16777216, window [1677721, 20132658) of share [18454937, 36909874), accumulated): redistribute 0.010 ntt 0.236 crt 0.001 out 0.021 spills+carry 0.010 total 0.277 s [A hit] [B cached]
dist_mn node 1: 40265318 x 33554432 limbs over 4 x 4 ranks (cap 2^26): 1 x 2 pieces, 2 formed, 0 skipped (low product) (low cut) (cache 2 slots: 7 hits, 21 misses)
dist_mn node 2: 2^26 = 2^13 x 2^13 over 4 x 4 ranks, 3 primes (rows 512..512; 40265318 + 16777216 limbs at 16777216, window [20132658, 38587595) of share [36909874, 55364811), accumulated): redistribute 0.010 ntt 0.237 crt 0.001 out 0.021 spills+carry 0.010 total 0.277 s [A hit] [B cached]
dist_mn node 2: 40265318 x 33554432 limbs over 4 x 4 ranks (cap 2^26): 1 x 2 pieces, 2 formed, 0 skipped (low product) (low cut) (cache 2 slots: 7 hits, 21 misses)
dist_mn node 3: 2^26 = 2^13 x 2^13 over 4 x 4 ranks, 3 primes (rows 512..512; 40265318 + 16777216 limbs at 16777216, window [38587595, 57042533) of share [55364811, 73819749), accumulated): redistribute 0.009 ntt 0.242 crt 0.000 out 0.019 spills+carry 0.010 total 0.277 s [A hit] [B cached]
dist_mn node 3: 40265318 x 33554432 limbs over 4 x 4 ranks (cap 2^26): 1 x 2 pieces, 2 formed, 0 skipped (low product) (low cut) (cache 2 slots: 7 hits, 21 misses)
dist_mn node 1: 40265318 + 33554432 limbs -> 73819749 (share 18454937): redistribute 0.044 ntt 0.607 crt 0.002 out 0.044 spills+carry 0.012, total 0.692 s
dist_mn node 0: 40265318 + 33554432 limbs -> 73819749 (share 18454937): redistribute 0.043 ntt 0.611 crt 0.002 out 0.043 spills+carry 0.012, total 0.692 s
dist_mn node 2: 40265318 + 33554432 limbs -> 73819749 (share 18454937): redistribute 0.039 ntt 0.605 crt 0.002 out 0.043 spills+carry 0.012, total 0.692 s
dist_mn node 3: 40265318 + 33554432 limbs -> 73819749 (share 18454938): redistribute 0.040 ntt 0.614 crt 0.001 out 0.040 spills+carry 0.012, total 0.692 s
dist_mn node 0: 2^26 = 2^13 x 2^13 over 4 x 4 ranks, 3 primes (rows 512..512; 40265318 + 16777216 limbs at 0, window [0, 18454937) of share [0, 18454937)): redistribute 0.029 ntt 0.383 crt 0.001 out 0.030 spills+carry 0.003 total 0.440 s [A cached] [B cached]
dist_mn node 1: 2^26 = 2^13 x 2^13 over 4 x 4 ranks, 3 primes (rows 512..512; 40265318 + 16777216 limbs at 0, window [18454937, 36909875) of share [18454937, 36909875)): redistribute 0.030 ntt 0.384 crt 0.001 out 0.028 spills+carry 0.003 total 0.438 s [A cached] [B cached]
dist_mn node 2: 2^26 = 2^13 x 2^13 over 4 x 4 ranks, 3 primes (rows 512..512; 40265318 + 16777216 limbs at 0, window [36909875, 55364812) of share [36909875, 55364812)): redistribute 0.031 ntt 0.384 crt 0.000 out 0.029 spills+carry 0.003 total 0.439 s [A cached] [B cached]
dist_mn node 3: 2^26 = 2^13 x 2^13 over 4 x 4 ranks, 3 primes (rows 512..512; 40265318 + 16777216 limbs at 0, window [55364812, 57042534) of share [55364812, 73819750)): redistribute 0.027 ntt 0.383 crt 0.001 out 0.031 spills+carry 0.002 total 0.440 s [A cached] [B cached]
dist_mn node 0: 2^26 = 2^13 x 2^13 over 4 x 4 ranks, 3 primes (rows 512..512; 40265318 + 16777216 limbs at 16777216, window [0, 1677721) of share [0, 18454937), accumulated): redistribute 0.008 ntt 0.238 crt 0.001 out 0.017 spills+carry 0.010 total 0.274 s [A hit] [B cached]
dist_mn node 0: 40265318 x 33554432 limbs over 4 x 4 ranks (cap 2^26): 1 x 2 pieces, 2 formed, 0 skipped (low cut) (cache 2 slots: 8 hits, 24 misses)
dist_mn node 1: 2^26 = 2^13 x 2^13 over 4 x 4 ranks, 3 primes (rows 512..512; 40265318 + 16777216 limbs at 16777216, window [1677721, 20132659) of share [18454937, 36909875), accumulated): redistribute 0.012 ntt 0.231 crt 0.001 out 0.020 spills+carry 0.010 total 0.274 s [A hit] [B cached]
dist_mn node 1: 40265318 x 33554432 limbs over 4 x 4 ranks (cap 2^26): 1 x 2 pieces, 2 formed, 0 skipped (low cut) (cache 2 slots: 8 hits, 24 misses)
dist_mn node 2: 2^26 = 2^13 x 2^13 over 4 x 4 ranks, 3 primes (rows 512..512; 40265318 + 16777216 limbs at 16777216, window [20132659, 38587596) of share [36909875, 55364812), accumulated): redistribute 0.012 ntt 0.232 crt 0.000 out 0.019 spills+carry 0.010 total 0.274 s [A hit] [B cached]
dist_mn node 2: 40265318 x 33554432 limbs over 4 x 4 ranks (cap 2^26): 1 x 2 pieces, 2 formed, 0 skipped (low cut) (cache 2 slots: 8 hits, 24 misses)
dist_mn node 3: 2^26 = 2^13 x 2^13 over 4 x 4 ranks, 3 primes (rows 512..512; 40265318 + 16777216 limbs at 16777216, window [38587596, 57042534) of share [55364812, 73819750), accumulated): redistribute 0.009 ntt 0.234 crt 0.001 out 0.020 spills+carry 0.010 total 0.274 s [A hit] [B cached]
dist_mn node 3: 40265318 x 33554432 limbs over 4 x 4 ranks (cap 2^26): 1 x 2 pieces, 2 formed, 0 skipped (low cut) (cache 2 slots: 8 hits, 24 misses)
dist_mn node 2: 40265318 + 33554432 limbs -> 73819750 (share 18454937): redistribute 0.043 ntt 0.617 crt 0.001 out 0.048 spills+carry 0.013, total 0.715 s
dist_mn node 0: 40265318 + 33554432 limbs -> 73819750 (share 18454937): redistribute 0.037 ntt 0.621 crt 0.002 out 0.047 spills+carry 0.013, total 0.715 s
dist_mn node 1: 40265318 + 33554432 limbs -> 73819750 (share 18454938): redistribute 0.041 ntt 0.615 crt 0.002 out 0.049 spills+carry 0.012, total 0.715 s
dist_mn node 3: 40265318 + 33554432 limbs -> 73819750 (share 18454938): redistribute 0.036 ntt 0.617 crt 0.002 out 0.051 spills+carry 0.012, total 0.715 s
dist_mn node 0: 2^26 = 2^13 x 2^13 over 4 x 4 ranks, 3 primes (rows 512..512; 40265318 + 16777216 limbs at 0, window [0, 18454937) of share [0, 18454937)): redistribute 0.029 ntt 0.335 crt 0.001 out 0.025 spills+carry 0.003 total 0.387 s [A cached] [B cached]
dist_mn node 1: 2^26 = 2^13 x 2^13 over 4 x 4 ranks, 3 primes (rows 512..512; 40265318 + 16777216 limbs at 0, window [18454937, 36909874) of share [18454937, 36909874)): redistribute 0.030 ntt 0.334 crt 0.001 out 0.025 spills+carry 0.003 total 0.386 s [A cached] [B cached]
dist_mn node 2: 2^26 = 2^13 x 2^13 over 4 x 4 ranks, 3 primes (rows 512..512; 40265318 + 16777216 limbs at 0, window [36909874, 55364811) of share [36909874, 55364811)): redistribute 0.029 ntt 0.335 crt 0.001 out 0.025 spills+carry 0.003 total 0.386 s [A cached] [B cached]
dist_mn node 3: 2^26 = 2^13 x 2^13 over 4 x 4 ranks, 3 primes (rows 512..512; 40265318 + 16777216 limbs at 0, window [55364811, 57042534) of share [55364811, 73819749)): redistribute 0.029 ntt 0.335 crt 0.001 out 0.024 spills+carry 0.003 total 0.386 s [A cached] [B cached]
dist_mn node 0: 2^26 = 2^13 x 2^13 over 4 x 4 ranks, 3 primes (rows 512..512; 40265318 + 16777216 limbs at 16777216, window [0, 1677721) of share [0, 18454937), accumulated): redistribute 0.007 ntt 0.215 crt 0.001 out 0.024 spills+carry 0.010 total 0.258 s [A hit] [B cached]
dist_mn node 0: 40265318 x 33554432 limbs over 4 x 4 ranks (cap 2^26): 1 x 2 pieces, 2 formed, 0 skipped (low product) (low cut) (cache 2 slots: 9 hits, 27 misses)
dist_mn node 1: 2^26 = 2^13 x 2^13 over 4 x 4 ranks, 3 primes (rows 512..512; 40265318 + 16777216 limbs at 16777216, window [1677721, 20132658) of share [18454937, 36909874), accumulated): redistribute 0.011 ntt 0.213 crt 0.001 out 0.023 spills+carry 0.010 total 0.258 s [A hit] [B cached]
dist_mn node 1: 40265318 x 33554432 limbs over 4 x 4 ranks (cap 2^26): 1 x 2 pieces, 2 formed, 0 skipped (low product) (low cut) (cache 2 slots: 9 hits, 27 misses)
dist_mn node 2: 2^26 = 2^13 x 2^13 over 4 x 4 ranks, 3 primes (rows 512..512; 40265318 + 16777216 limbs at 16777216, window [20132658, 38587595) of share [36909874, 55364811), accumulated): redistribute 0.010 ntt 0.215 crt 0.001 out 0.021 spills+carry 0.010 total 0.258 s [A hit] [B cached]
dist_mn node 2: 40265318 x 33554432 limbs over 4 x 4 ranks (cap 2^26): 1 x 2 pieces, 2 formed, 0 skipped (low product) (low cut) (cache 2 slots: 9 hits, 27 misses)
dist_mn node 3: 2^26 = 2^13 x 2^13 over 4 x 4 ranks, 3 primes (rows 512..512; 40265318 + 16777216 limbs at 16777216, window [38587595, 57042533) of share [55364811, 73819749), accumulated): redistribute 0.012 ntt 0.220 crt 0.000 out 0.015 spills+carry 0.010 total 0.258 s [A hit] [B cached]
dist_mn node 3: 40265318 x 33554432 limbs over 4 x 4 ranks (cap 2^26): 1 x 2 pieces, 2 formed, 0 skipped (low product) (low cut) (cache 2 slots: 9 hits, 27 misses)
dist_mn node 1: 40265318 + 33554432 limbs -> 73819749 (share 18454937): redistribute 0.040 ntt 0.546 crt 0.002 out 0.048 spills+carry 0.013, total 0.646 s
dist_mn node 2: 40265318 + 33554432 limbs -> 73819749 (share 18454937): redistribute 0.039 ntt 0.550 crt 0.002 out 0.046 spills+carry 0.013, total 0.646 s
dist_mn node 0: 40265318 + 33554432 limbs -> 73819749 (share 18454937): redistribute 0.037 ntt 0.550 crt 0.002 out 0.049 spills+carry 0.013, total 0.646 s
dist_mn node 3: 40265318 + 33554432 limbs -> 73819749 (share 18454938): redistribute 0.040 ntt 0.555 crt 0.001 out 0.040 spills+carry 0.013, total 0.646 s
dist_mn node 1: 40265318 x 33554432 limbs over 4 x 4 ranks (cap 2^26): 1 x 2 pieces, 0 formed, 2 skipped (low cut) (cache 2 slots: 9 hits, 27 misses)
dist_mn node 2: 40265318 x 33554432 limbs over 4 x 4 ranks (cap 2^26): 1 x 2 pieces, 0 formed, 2 skipped (low cut) (cache 2 slots: 9 hits, 27 misses)
dist_mn node 3: 40265318 x 33554432 limbs over 4 x 4 ranks (cap 2^26): 1 x 2 pieces, 0 formed, 2 skipped (low cut) (cache 2 slots: 9 hits, 27 misses)
dist_mn node 0: 40265318 x 33554432 limbs over 4 x 4 ranks (cap 2^26): 1 x 2 pieces, 0 formed, 2 skipped (low cut) (cache 2 slots: 9 hits, 27 misses)
dist_mn node 0: 40265318 + 33554432 limbs -> 0 (share 18454937): redistribute 0.000 ntt 0.000 crt 0.000 out 0.000 spills+carry 0.000, total 0.002 s
dist_mn node 1: 40265318 + 33554432 limbs -> 0 (share 18454938): redistribute 0.000 ntt 0.000 crt 0.000 out 0.000 spills+carry 0.000, total 0.007 s
dist_mn node 2: 40265318 + 33554432 limbs -> 0 (share 18454937): redistribute 0.000 ntt 0.000 crt 0.000 out 0.000 spills+carry 0.000, total 0.007 s
dist_mn node 3: 40265318 + 33554432 limbs -> 0 (share 18454938): redistribute 0.000 ntt 0.000 crt 0.000 out 0.000 spills+carry 0.000, total 0.008 s
mdev 2^26 (57042534 limbs): repack 0.071 h2d 0.001 fwd 0.011 inv 0.006 d2h 0.150 crt 0.097 total 0.267 s
mdev 2^26 (57042534 limbs): repack 0.062 h2d 0.001 fwd 0.006 inv 0.007 d2h 0.141 crt 0.078 total 0.230 s
mdev 2^26 (57042534 limbs): repack 0.105 h2d 0.001 fwd 0.010 inv 0.006 d2h 0.211 crt 0.116 total 0.339 s
mdev 2^26 (57042534 limbs): repack 0.095 h2d 0.001 fwd 0.005 inv 0.004 d2h 0.125 crt 0.086 total 0.234 s
mdev 2^26 (57042534 limbs): repack 0.054 h2d 0.001 fwd 0.006 inv 0.003 d2h 0.119 crt 0.051 total 0.189 s
mdev 2^26 (57042534 limbs): repack 0.085 h2d 0.001 fwd 0.005 inv 0.003 d2h 0.120 crt 0.088 total 0.222 s
mdev 2^26 (57042534 limbs): repack 0.074 h2d 0.001 fwd 0.006 inv 0.004 d2h 0.146 crt 0.146 total 0.252 s
mdev 2^26 (57042534 limbs): repack 0.076 h2d 0.001 fwd 0.005 inv 0.003 d2h 0.102 crt 0.095 total 0.195 s
dist_mn node 0: 40265318 x 33554432 limbs over 4 x 4 ranks (cap 2^26): 1 x 2 pieces, 0 formed, 2 skipped (low product) (low cut) (cache 2 slots: 9 hits, 27 misses)
dist_mn node 1: 40265318 x 33554432 limbs over 4 x 4 ranks (cap 2^26): 1 x 2 pieces, 0 formed, 2 skipped (low product) (low cut) (cache 2 slots: 9 hits, 27 misses)
dist_mn node 2: 40265318 x 33554432 limbs over 4 x 4 ranks (cap 2^26): 1 x 2 pieces, 0 formed, 2 skipped (low product) (low cut) (cache 2 slots: 9 hits, 27 misses)
dist_mn node 3: 40265318 x 33554432 limbs over 4 x 4 ranks (cap 2^26): 1 x 2 pieces, 0 formed, 2 skipped (low product) (low cut) (cache 2 slots: 9 hits, 27 misses)
dist_mn node 0: 40265318 + 33554432 limbs -> 0 (share 18454937): redistribute 0.000 ntt 0.000 crt 0.000 out 0.000 spills+carry 0.000, total 0.001 s
dist_mn node 1: 40265318 + 33554432 limbs -> 0 (share 18454937): redistribute 0.000 ntt 0.000 crt 0.000 out 0.000 spills+carry 0.000, total 0.001 s
dist_mn node 2: 40265318 + 33554432 limbs -> 0 (share 18454937): redistribute 0.000 ntt 0.000 crt 0.000 out 0.000 spills+carry 0.000, total 0.001 s
dist_mn node 3: 40265318 + 33554432 limbs -> 0 (share 18454938): redistribute 0.000 ntt 0.000 crt 0.000 out 0.000 spills+carry 0.000, total 0.001 s
mdev 2^26 (57042534 limbs): repack 0.087 h2d 0.001 fwd 0.011 inv 0.004 d2h 0.098 crt 0.028 total 0.203 s
mdev 2^26 (57042534 limbs): repack 0.095 h2d 0.001 fwd 0.011 inv 0.004 d2h 0.059 crt 0.059 total 0.176 s
mdev 2^26 (57042534 limbs): repack 0.098 h2d 0.001 fwd 0.008 inv 0.007 d2h 0.201 crt 0.173 total 0.326 s
mdev 2^26 (57042534 limbs): repack 0.103 h2d 0.001 fwd 0.008 inv 0.006 d2h 0.207 crt 0.124 total 0.333 s
mdev 2^26 (57042534 limbs): repack 0.106 h2d 0.001 fwd 0.005 inv 0.003 d2h 0.124 crt 0.115 total 0.250 s
mdev 2^26 (57042534 limbs): repack 0.081 h2d 0.001 fwd 0.005 inv 0.003 d2h 0.185 crt 0.105 total 0.286 s
mdev 2^26 (57042534 limbs): repack 0.111 h2d 0.001 fwd 0.005 inv 0.003 d2h 0.165 crt 0.126 total 0.288 s
mdev 2^26 (57042534 limbs): repack 0.127 h2d 0.001 fwd 0.005 inv 0.003 d2h 0.116 crt 0.127 total 0.258 s
dist_mn node 0: 2^26 = 2^13 x 2^13 over 4 x 4 ranks, 3 primes (rows 512..512; 40265318 + 16777216 limbs at 0, window [0, 18454937) of share [0, 18454937)): redistribute 0.034 ntt 0.372 crt 0.001 out 0.031 spills+carry 0.003 total 0.429 s [B cached]
dist_mn node 1: 2^26 = 2^13 x 2^13 over 4 x 4 ranks, 3 primes (rows 512..512; 40265318 + 16777216 limbs at 0, window [18454937, 36909875) of share [18454937, 36909875)): redistribute 0.042 ntt 0.374 crt 0.001 out 0.031 spills+carry 0.002 total 0.429 s [B cached]
dist_mn node 2: 2^26 = 2^13 x 2^13 over 4 x 4 ranks, 3 primes (rows 512..512; 40265318 + 16777216 limbs at 0, window [36909875, 55364812) of share [36909875, 55364812)): redistribute 0.041 ntt 0.377 crt 0.000 out 0.028 spills+carry 0.002 total 0.429 s [B cached]
dist_mn node 3: 2^26 = 2^13 x 2^13 over 4 x 4 ranks, 3 primes (rows 512..512; 40265318 + 16777216 limbs at 0, window [55364812, 57042534) of share [55364812, 73819750)): redistribute 0.041 ntt 0.375 crt 0.001 out 0.028 spills+carry 0.002 total 0.429 s [B cached]
dist_mn node 0: 2^26 = 2^13 x 2^13 over 4 x 4 ranks, 3 primes (rows 512..512; 40265318 + 16777216 limbs at 16777216, window [0, 1677721) of share [0, 18454937), accumulated): redistribute 0.027 ntt 0.350 crt 0.001 out 0.018 spills+carry 0.010 total 0.405 s [B cached]
dist_mn node 0: 40265318 x 33554432 limbs over 4 x 4 ranks (cap 2^26): 1 x 2 pieces, 2 formed, 0 skipped (cache 2 slots: 9 hits, 29 misses)
dist_mn node 1: 2^26 = 2^13 x 2^13 over 4 x 4 ranks, 3 primes (rows 512..512; 40265318 + 16777216 limbs at 16777216, window [1677721, 20132659) of share [18454937, 36909875), accumulated): redistribute 0.030 ntt 0.352 crt 0.001 out 0.019 spills+carry 0.010 total 0.405 s [B cached]
dist_mn node 1: 40265318 x 33554432 limbs over 4 x 4 ranks (cap 2^26): 1 x 2 pieces, 2 formed, 0 skipped (cache 2 slots: 9 hits, 29 misses)
dist_mn node 2: 2^26 = 2^13 x 2^13 over 4 x 4 ranks, 3 primes (rows 512..512; 40265318 + 16777216 limbs at 16777216, window [20132659, 38587596) of share [36909875, 55364812), accumulated): redistribute 0.032 ntt 0.350 crt 0.001 out 0.018 spills+carry 0.010 total 0.405 s [B cached]
dist_mn node 2: 40265318 x 33554432 limbs over 4 x 4 ranks (cap 2^26): 1 x 2 pieces, 2 formed, 0 skipped (cache 2 slots: 9 hits, 29 misses)
dist_mn node 3: 2^26 = 2^13 x 2^13 over 4 x 4 ranks, 3 primes (rows 512..512; 40265318 + 16777216 limbs at 16777216, window [38587596, 57042534) of share [55364812, 73819750), accumulated): redistribute 0.024 ntt 0.352 crt 0.001 out 0.019 spills+carry 0.010 total 0.405 s [B cached]
dist_mn node 3: 40265318 x 33554432 limbs over 4 x 4 ranks (cap 2^26): 1 x 2 pieces, 2 formed, 0 skipped (cache 2 slots: 9 hits, 29 misses)
dist_mn node 0: 40265318 + 33554432 limbs -> 73819750 (share 18454937): redistribute 0.061 ntt 0.723 crt 0.002 out 0.049 spills+carry 0.012, total 0.851 s
dist_mn node 1: 40265318 + 33554432 limbs -> 73819750 (share 18454938): redistribute 0.072 ntt 0.725 crt 0.002 out 0.050 spills+carry 0.012, total 0.836 s
dist_mn node 3: 40265318 + 33554432 limbs -> 73819750 (share 18454938): redistribute 0.064 ntt 0.727 crt 0.002 out 0.047 spills+carry 0.011, total 0.893 s
dist_mn node 2: 40265318 + 33554432 limbs -> 73819750 (share 18454937): redistribute 0.072 ntt 0.728 crt 0.001 out 0.046 spills+carry 0.012, total 1.057 s
dist_mn node 0: 2^26 = 2^13 x 2^13 over 4 x 4 ranks, 3 primes (rows 512..512; 40265318 + 16777216 limbs at 0, window [0, 18454937) of share [0, 18454937)): redistribute 0.053 ntt 0.294 crt 0.001 out 0.024 spills+carry 0.002 total 0.334 s [B hit]
dist_mn node 1: 2^26 = 2^13 x 2^13 over 4 x 4 ranks, 3 primes (rows 512..512; 40265318 + 16777216 limbs at 0, window [18454937, 36909874) of share [18454937, 36909874)): redistribute 0.053 ntt 0.293 crt 0.001 out 0.026 spills+carry 0.002 total 0.334 s [B hit]
dist_mn node 2: 2^26 = 2^13 x 2^13 over 4 x 4 ranks, 3 primes (rows 512..512; 40265318 + 16777216 limbs at 0, window [36909874, 55364811) of share [36909874, 55364811)): redistribute 0.044 ntt 0.294 crt 0.000 out 0.023 spills+carry 0.002 total 0.334 s [B hit]
dist_mn node 3: 2^26 = 2^13 x 2^13 over 4 x 4 ranks, 3 primes (rows 512..512; 40265318 + 16777216 limbs at 0, window [55364811, 57042534) of share [55364811, 73819749)): redistribute 0.043 ntt 0.294 crt 0.000 out 0.024 spills+carry 0.003 total 0.334 s [B hit]
dist_mn node 0: 2^26 = 2^13 x 2^13 over 4 x 4 ranks, 3 primes (rows 512..512; 40265318 + 16777216 limbs at 16777216, window [0, 1677721) of share [0, 18454937), accumulated): redistribute 0.013 ntt 0.235 crt 0.001 out 0.025 spills+carry 0.010 total 0.283 s [B hit]
dist_mn node 0: 40265318 x 33554432 limbs over 4 x 4 ranks (cap 2^26): 1 x 2 pieces, 2 formed, 0 skipped (low product) (cache 2 slots: 11 hits, 29 misses)
dist_mn node 1: 2^26 = 2^13 x 2^13 over 4 x 4 ranks, 3 primes (rows 512..512; 40265318 + 16777216 limbs at 16777216, window [1677721, 20132658) of share [18454937, 36909874), accumulated): redistribute 0.014 ntt 0.234 crt 0.001 out 0.025 spills+carry 0.010 total 0.283 s [B hit]
dist_mn node 1: 40265318 x 33554432 limbs over 4 x 4 ranks (cap 2^26): 1 x 2 pieces, 2 formed, 0 skipped (low product) (cache 2 slots: 11 hits, 29 misses)
dist_mn node 2: 2^26 = 2^13 x 2^13 over 4 x 4 ranks, 3 primes (rows 512..512; 40265318 + 16777216 limbs at 16777216, window [20132658, 38587595) of share [36909874, 55364811), accumulated): redistribute 0.014 ntt 0.233 crt 0.001 out 0.025 spills+carry 0.010 total 0.283 s [B hit]
dist_mn node 2: 40265318 x 33554432 limbs over 4 x 4 ranks (cap 2^26): 1 x 2 pieces, 2 formed, 0 skipped (low product) (cache 2 slots: 11 hits, 29 misses)
dist_mn node 3: 2^26 = 2^13 x 2^13 over 4 x 4 ranks, 3 primes (rows 512..512; 40265318 + 16777216 limbs at 16777216, window [38587595, 57042533) of share [55364811, 73819749), accumulated): redistribute 0.017 ntt 0.237 crt 0.000 out 0.019 spills+carry 0.010 total 0.283 s [B hit]
dist_mn node 3: 40265318 x 33554432 limbs over 4 x 4 ranks (cap 2^26): 1 x 2 pieces, 2 formed, 0 skipped (low product) (cache 2 slots: 11 hits, 29 misses)
dist_mn node 1: 40265318 + 33554432 limbs -> 73819749 (share 18454937): redistribute 0.067 ntt 0.527 crt 0.002 out 0.051 spills+carry 0.013, total 0.619 s
dist_mn node 0: 40265318 + 33554432 limbs -> 73819749 (share 18454937): redistribute 0.066 ntt 0.529 crt 0.002 out 0.049 spills+carry 0.013, total 0.619 s
dist_mn node 2: 40265318 + 33554432 limbs -> 73819749 (share 18454937): redistribute 0.059 ntt 0.527 crt 0.001 out 0.048 spills+carry 0.012, total 0.619 s
dist_mn node 3: 40265318 + 33554432 limbs -> 73819749 (share 18454938): redistribute 0.060 ntt 0.531 crt 0.001 out 0.042 spills+carry 0.013, total 0.619 s
dist_mn node 0: 2^26 = 2^13 x 2^13 over 4 x 4 ranks, 4 primes, P24 (rows 512..512; 20132659 + 33554425 limbs at 0, window [0, 13421771) of share [0, 13421771)): redistribute 0.023 ntt 0.485 crt 0.002 out 0.026 spills+carry 0.004 total 0.551 s
dist_mn node 0: 20132659 x 33554425 limbs over 4 x 4 ranks (cap 2^26 points, P24): 1 x 1 pieces, 1 formed, 0 skipped (cache 0 slots: 0 hits, 0 misses)
dist_mn node 1: 2^26 = 2^13 x 2^13 over 4 x 4 ranks, 4 primes, P24 (rows 512..512; 20132659 + 33554425 limbs at 0, window [13421771, 26843542) of share [13421771, 26843542)): redistribute 0.030 ntt 0.488 crt 0.001 out 0.024 spills+carry 0.004 total 0.551 s
dist_mn node 1: 20132659 x 33554425 limbs over 4 x 4 ranks (cap 2^26 points, P24): 1 x 1 pieces, 1 formed, 0 skipped (cache 0 slots: 0 hits, 0 misses)
dist_mn node 2: 2^26 = 2^13 x 2^13 over 4 x 4 ranks, 4 primes, P24 (rows 512..512; 20132659 + 33554425 limbs at 0, window [26843542, 40265313) of share [26843542, 40265313)): redistribute 0.031 ntt 0.489 crt 0.002 out 0.022 spills+carry 0.004 total 0.551 s
dist_mn node 2: 20132659 x 33554425 limbs over 4 x 4 ranks (cap 2^26 points, P24): 1 x 1 pieces, 1 formed, 0 skipped (cache 0 slots: 0 hits, 0 misses)
dist_mn node 3: 2^26 = 2^13 x 2^13 over 4 x 4 ranks, 4 primes, P24 (rows 512..512; 20132659 + 33554425 limbs at 0, window [40265313, 53687084) of share [40265313, 53687084)): redistribute 0.032 ntt 0.486 crt 0.001 out 0.025 spills+carry 0.004 total 0.551 s
dist_mn node 3: 20132659 x 33554425 limbs over 4 x 4 ranks (cap 2^26 points, P24): 1 x 1 pieces, 1 formed, 0 skipped (cache 0 slots: 0 hits, 0 misses)
dist_mn node 0: 20132659 + 33554425 limbs -> 53687084 (share 13421771): redistribute 0.023 ntt 0.485 crt 0.002 out 0.026 spills+carry 0.004, total 0.552 s
dist_mn node 1: 20132659 + 33554425 limbs -> 53687084 (share 13421771): redistribute 0.030 ntt 0.488 crt 0.001 out 0.024 spills+carry 0.004, total 0.552 s
dist_mn node 2: 20132659 + 33554425 limbs -> 53687084 (share 13421771): redistribute 0.031 ntt 0.489 crt 0.002 out 0.022 spills+carry 0.004, total 0.552 s
dist_mn node 3: 20132659 + 33554425 limbs -> 53687084 (share 13421771): redistribute 0.032 ntt 0.486 crt 0.001 out 0.025 spills+carry 0.004, total 0.552 s
mdev 2^26 (53687084 limbs): repack 0.094 h2d 0.002 fwd 0.019 inv 0.010 d2h 0.135 crt 0.041 total 0.265 s
mdev 2^26 (53687084 limbs): repack 0.095 h2d 0.002 fwd 0.015 inv 0.010 d2h 0.150 crt 0.033 total 0.276 s
mdev 2^26 (53687084 limbs): repack 0.110 h2d 0.001 fwd 0.008 inv 0.005 d2h 0.150 crt 0.070 total 0.287 s
mdev 2^26 (53687084 limbs): repack 0.099 h2d 0.001 fwd 0.015 inv 0.009 d2h 0.217 crt 0.041 total 0.349 s
dist_mn node 0: 2^26 = 2^13 x 2^13 over 4 x 4 ranks, 4 primes, P24 (rows 512..512; 20132659 + 33554425 limbs at 0, window [0, 5033165) of share [0, 5033165)): redistribute 0.141 ntt 0.453 crt 0.002 out 0.012 spills+carry 0.003 total 0.607 s
dist_mn node 0: 20132659 x 33554425 limbs over 4 x 4 ranks (cap 2^26 points, P24): 1 x 1 pieces, 1 formed, 0 skipped (low product) (cache 0 slots: 0 hits, 0 misses)
dist_mn node 1: 2^26 = 2^13 x 2^13 over 4 x 4 ranks, 4 primes, P24 (rows 512..512; 20132659 + 33554425 limbs at 0, window [5033165, 10066331) of share [5033165, 10066331)): redistribute 0.021 ntt 0.453 crt 0.002 out 0.014 spills+carry 0.003 total 0.489 s
dist_mn node 1: 20132659 x 33554425 limbs over 4 x 4 ranks (cap 2^26 points, P24): 1 x 1 pieces, 1 formed, 0 skipped (low product) (cache 0 slots: 0 hits, 0 misses)
dist_mn node 2: 2^26 = 2^13 x 2^13 over 4 x 4 ranks, 4 primes, P24 (rows 512..512; 20132659 + 33554425 limbs at 0, window [10066331, 15099496) of share [10066331, 15099496)): redistribute 0.146 ntt 0.455 crt 0.002 out 0.011 spills+carry 0.003 total 0.610 s
dist_mn node 2: 20132659 x 33554425 limbs over 4 x 4 ranks (cap 2^26 points, P24): 1 x 1 pieces, 1 formed, 0 skipped (low product) (cache 0 slots: 0 hits, 0 misses)
dist_mn node 3: 2^26 = 2^13 x 2^13 over 4 x 4 ranks, 4 primes, P24 (rows 512..512; 20132659 + 33554425 limbs at 0, window [15099496, 20132662) of share [15099496, 20132662)): redistribute 0.149 ntt 0.451 crt 0.001 out 0.017 spills+carry 0.003 total 0.612 s
dist_mn node 3: 20132659 x 33554425 limbs over 4 x 4 ranks (cap 2^26 points, P24): 1 x 1 pieces, 1 formed, 0 skipped (low product) (cache 0 slots: 0 hits, 0 misses)
dist_mn node 0: 20132659 + 33554425 limbs -> 20132662 (share 5033165): redistribute 0.141 ntt 0.453 crt 0.002 out 0.012 spills+carry 0.003, total 0.607 s
dist_mn node 1: 20132659 + 33554425 limbs -> 20132662 (share 5033166): redistribute 0.021 ntt 0.453 crt 0.002 out 0.014 spills+carry 0.003, total 0.491 s
dist_mn node 2: 20132659 + 33554425 limbs -> 20132662 (share 5033165): redistribute 0.146 ntt 0.455 crt 0.002 out 0.011 spills+carry 0.003, total 0.611 s
dist_mn node 3: 20132659 + 33554425 limbs -> 20132662 (share 5033166): redistribute 0.149 ntt 0.451 crt 0.001 out 0.017 spills+carry 0.003, total 0.613 s
dist_mn node 0: 2^26 = 2^13 x 2^13 over 4 x 4 ranks, 3 primes (rows 512..512; 40265318 + 16777216 limbs at 0, window [0, 18454937) of share [0, 18454937)): redistribute 0.037 ntt 0.405 crt 0.001 out 0.027 spills+carry 0.003 total 0.457 s [A cached] [B cached]
dist_mn node 1: 2^26 = 2^13 x 2^13 over 4 x 4 ranks, 3 primes (rows 512..512; 40265318 + 16777216 limbs at 0, window [18454937, 36909875) of share [18454937, 36909875)): redistribute 0.036 ntt 0.403 crt 0.001 out 0.027 spills+carry 0.002 total 0.456 s [A cached] [B cached]
dist_mn node 2: 2^26 = 2^13 x 2^13 over 4 x 4 ranks, 3 primes (rows 512..512; 40265318 + 16777216 limbs at 0, window [36909875, 55364813) of share [36909875, 55364813)): redistribute 0.049 ntt 0.407 crt 0.001 out 0.026 spills+carry 0.003 total 0.457 s [A cached] [B cached]
dist_mn node 3: 2^26 = 2^13 x 2^13 over 4 x 4 ranks, 3 primes (rows 512..512; 40265318 + 16777216 limbs at 0, window [55364813, 57042534) of share [55364813, 73819751)): redistribute 0.045 ntt 0.402 crt 0.001 out 0.028 spills+carry 0.003 total 0.457 s [A cached] [B cached]
dist_mn node 0: 2^26 = 2^13 x 2^13 over 4 x 4 ranks, 3 primes (rows 512..512; 40265318 + 16777216 limbs at 16777216, window [0, 1677721) of share [0, 18454937), accumulated): redistribute 0.010 ntt 0.225 crt 0.000 out 0.019 spills+carry 0.010 total 0.263 s [A hit] [B cached]
dist_mn node 1: 2^26 = 2^13 x 2^13 over 4 x 4 ranks, 3 primes (rows 512..512; 40265318 + 16777216 limbs at 16777216, window [1677721, 20132659) of share [18454937, 36909875), accumulated): redistribute 0.010 ntt 0.221 crt 0.001 out 0.022 spills+carry 0.010 total 0.263 s [A hit] [B cached]
dist_mn node 2: 2^26 = 2^13 x 2^13 over 4 x 4 ranks, 3 primes (rows 512..512; 40265318 + 16777216 limbs at 16777216, window [20132659, 38587597) of share [36909875, 55364813), accumulated): redistribute 0.016 ntt 0.218 crt 0.000 out 0.019 spills+carry 0.010 total 0.263 s [A hit] [B cached]
dist_mn node 3: 2^26 = 2^13 x 2^13 over 4 x 4 ranks, 3 primes (rows 512..512; 40265318 + 16777216 limbs at 16777216, window [38587597, 57042534) of share [55364813, 73819751), accumulated): redistribute 0.012 ntt 0.219 crt 0.001 out 0.022 spills+carry 0.009 total 0.263 s [A hit] [B cached]
mdb_add_shifted node 0: 33554429 limbs at 0 into a basis of 73819751 (my window [0, 18454937), 1 rounds of 4613744; slabs 4613734 + 4613734 limbs per APU 0): 0.057 s
dist_mn node 0: 40265318 x 33554432 limbs over 4 x 4 ranks (cap 2^26): 1 x 2 pieces, 2 formed, 0 skipped (cache 2 slots: 1 hits, 3 misses)
mdb_add_shifted node 1: 33554429 limbs at 0 into a basis of 73819751 (my window [18454937, 33554429), 1 rounds of 4613744; slabs 0 + 3774873 limbs per APU 0): 0.057 s
dist_mn node 1: 40265318 x 33554432 limbs over 4 x 4 ranks (cap 2^26): 1 x 2 pieces, 2 formed, 0 skipped (cache 2 slots: 1 hits, 3 misses)
mdb_add_shifted node 2: 33554429 limbs at 0 into a basis of 73819751 (my window [36909875, 36909875), 1 rounds of 4613744; slabs 3774873 + 0 limbs per APU 0): 0.057 s
dist_mn node 2: 40265318 x 33554432 limbs over 4 x 4 ranks (cap 2^26): 1 x 2 pieces, 2 formed, 0 skipped (cache 2 slots: 1 hits, 3 misses)
mdb_add_shifted node 3: 33554429 limbs at 0 into a basis of 73819751 (my window [55364813, 55364813), 1 rounds of 4613744; slabs 0 + 0 limbs per APU 0): 0.057 s
dist_mn node 3: 40265318 x 33554432 limbs over 4 x 4 ranks (cap 2^26): 1 x 2 pieces, 2 formed, 0 skipped (cache 2 slots: 1 hits, 3 misses)
dist_mn node 0: 40265318 + 33554432 + x limbs -> 73819750 (share 18454937): redistribute 0.047 ntt 0.629 crt 0.001 out 0.046 spills+carry 0.012, total 0.783 s
dist_mn node 1: 40265318 + 33554432 + x limbs -> 73819750 (share 18454938): redistribute 0.046 ntt 0.624 crt 0.001 out 0.048 spills+carry 0.012, total 0.789 s
dist_mn node 2: 40265318 + 33554432 + x limbs -> 73819750 (share 18454938): redistribute 0.065 ntt 0.625 crt 0.001 out 0.044 spills+carry 0.012, total 0.780 s
dist_mn node 3: 40265318 + 33554432 + x limbs -> 73819750 (share 18454938): redistribute 0.057 ntt 0.621 crt 0.001 out 0.049 spills+carry 0.012, total 0.797 s
mdb_add_shifted node 0: 33554429 limbs at 0 into a basis of 73819751 (my window [0, 18454937), 1 rounds of 4613744; slabs 4613734 + 4613734 limbs per APU 0): 0.177 s
mdb_add_shifted node 1: 33554429 limbs at 0 into a basis of 73819751 (my window [18454937, 33554429), 1 rounds of 4613744; slabs 0 + 3774873 limbs per APU 0): 0.114 s
mdb_add_shifted node 2: 33554429 limbs at 0 into a basis of 73819751 (my window [36909875, 36909875), 1 rounds of 4613744; slabs 3774873 + 0 limbs per APU 0): 0.024 s
mdb_add_shifted node 3: 33554429 limbs at 0 into a basis of 73819751 (my window [55364813, 55364813), 1 rounds of 4613744; slabs 0 + 0 limbs per APU 0): 0.097 s
mdb_add_shifted node 0: 33554429 limbs at 7 into a basis of 73819751 (my window [7, 18454937), 1 rounds of 4613744; slabs 4613732 + 4613732 limbs per APU 0): 0.058 s
mdb_add_shifted node 3: 33554429 limbs at 7 into a basis of 73819751 (my window [55364813, 55364813), 1 rounds of 4613744; slabs 0 + 0 limbs per APU 0): 0.045 s
mdb_add_shifted node 1: 33554429 limbs at 7 into a basis of 73819751 (my window [18454937, 33554436), 1 rounds of 4613744; slabs 0 + 3774874 limbs per APU 0): 0.082 s
mdb_add_shifted node 2: 33554429 limbs at 7 into a basis of 73819751 (my window [36909875, 36909875), 1 rounds of 4613744; slabs 3774874 + 0 limbs per APU 0): 0.035 s
mdb_add_shifted node 0: 33554429 limbs at 20132659 into a basis of 73819751 (my window [20132659, 20132659), 1 rounds of 4194304; slabs 4194304 + 0 limbs per APU 0): 0.128 s
mdb_add_shifted node 3: 33554429 limbs at 20132659 into a basis of 73819751 (my window [55364813, 55364813), 1 rounds of 4194304; slabs 0 + 0 limbs per APU 0): 0.048 s
mdb_add_shifted node 1: 33554429 limbs at 20132659 into a basis of 73819751 (my window [20132659, 36909875), 1 rounds of 4194304; slabs 0 + 4194304 limbs per APU 0): 0.059 s
mdb_add_shifted node 2: 33554429 limbs at 20132659 into a basis of 73819751 (my window [36909875, 53687088), 1 rounds of 4194304; slabs 4194303 + 4194303 limbs per APU 0): 0.124 s
mdb_add_shifted node 0: 33554429 limbs at 40265318 into a basis of 73819751 (my window [40265318, 40265318), 1 rounds of 4613744; slabs 3774873 + 0 limbs per APU 0): 0.160 s
mdb_add_shifted node 2: 33554429 limbs at 40265318 into a basis of 73819751 (my window [40265318, 55364813), 1 rounds of 4613744; slabs 2936012 + 3774873 limbs per APU 0): 0.182 s
mdb_add_shifted node 3: 33554429 limbs at 40265318 into a basis of 73819751 (my window [55364813, 73819747), 1 rounds of 4613744; slabs 0 + 4613733 limbs per APU 0): 0.031 s
mdb_add_shifted node 1: 33554429 limbs at 40265318 into a basis of 73819751 (my window [40265318, 40265318), 1 rounds of 4613744; slabs 1677721 + 0 limbs per APU 0): 0.131 s
dbig pool: APU0 hipMalloc 0.07 GB inside the phase (free 0.27 GB in 19 extents, largest 0.04; live 0.14 GB in 16 blocks)
dbig pool: APU1 hipMalloc 0.07 GB inside the phase (free 0.23 GB in 18 extents, largest 0.03; live 0.14 GB in 17 blocks)
dbig pool: APU2 hipMalloc 0.07 GB inside the phase (free 0.23 GB in 18 extents, largest 0.03; live 0.14 GB in 18 blocks)
dbig pool: APU3 hipMalloc 0.07 GB inside the phase (free 0.23 GB in 18 extents, largest 0.03; live 0.14 GB in 19 blocks)
dbig pool: APU0 hipMalloc 0.07 GB inside the phase (free 0.23 GB in 18 extents, largest 0.03; live 0.14 GB in 16 blocks)
dbig pool: APU1 hipMalloc 0.07 GB inside the phase (free 0.23 GB in 18 extents, largest 0.03; live 0.14 GB in 17 blocks)
dbig pool: APU2 hipMalloc 0.07 GB inside the phase (free 0.23 GB in 18 extents, largest 0.03; live 0.14 GB in 18 blocks)
dbig pool: APU3 hipMalloc 0.07 GB inside the phase (free 0.23 GB in 18 extents, largest 0.03; live 0.14 GB in 19 blocks)
dbig pool: APU0 hipMalloc 0.07 GB inside the phase (free 0.23 GB in 18 extents, largest 0.03; live 0.14 GB in 16 blocks)
dbig pool: APU1 hipMalloc 0.07 GB inside the phase (free 0.23 GB in 18 extents, largest 0.03; live 0.14 GB in 17 blocks)
dbig pool: APU2 hipMalloc 0.07 GB inside the phase (free 0.23 GB in 18 extents, largest 0.03; live 0.14 GB in 18 blocks)
dbig pool: APU3 hipMalloc 0.07 GB inside the phase (free 0.23 GB in 18 extents, largest 0.03; live 0.14 GB in 19 blocks)
dbig pool: APU0 hipMalloc 0.07 GB inside the phase (free 0.23 GB in 18 extents, largest 0.03; live 0.14 GB in 16 blocks)
dbig pool: APU1 hipMalloc 0.07 GB inside the phase (free 0.23 GB in 18 extents, largest 0.03; live 0.14 GB in 17 blocks)
dbig pool: APU2 hipMalloc 0.07 GB inside the phase (free 0.23 GB in 18 extents, largest 0.03; live 0.14 GB in 18 blocks)
dbig pool: APU3 hipMalloc 0.07 GB inside the phase (free 0.23 GB in 18 extents, largest 0.03; live 0.14 GB in 19 blocks)
dbig pool: APU0 hipMalloc 0.03 GB inside the phase (free 0.20 GB in 17 extents, largest 0.03; live 0.28 GB in 24 blocks)
dbig pool: APU0 hipMalloc 0.03 GB inside the phase (free 0.20 GB in 16 extents, largest 0.03; live 0.24 GB in 23 blocks)
dbig pool: APU0 hipMalloc 0.03 GB inside the phase (free 0.20 GB in 16 extents, largest 0.03; live 0.24 GB in 26 blocks)
dbig pool: APU2 hipMalloc 0.03 GB inside the phase (free 0.20 GB in 16 extents, largest 0.03; live 0.24 GB in 26 blocks)
dbig pool: APU2 hipMalloc 0.03 GB inside the phase (free 0.20 GB in 16 extents, largest 0.03; live 0.28 GB in 27 blocks)
dbig pool: APU0 hipMalloc 0.03 GB inside the phase (free 0.20 GB in 16 extents, largest 0.03; live 0.28 GB in 24 blocks)
dbig pool: APU0 hipMalloc 0.03 GB inside the phase (free 0.20 GB in 16 extents, largest 0.03; live 0.28 GB in 27 blocks)
dbig pool: APU2 hipMalloc 0.03 GB inside the phase (free 0.20 GB in 16 extents, largest 0.03; live 0.24 GB in 27 blocks)
dbig pool: APU2 hipMalloc 0.03 GB inside the phase (free 0.20 GB in 16 extents, largest 0.03; live 0.28 GB in 28 blocks)
dbig pool: APU3 hipMalloc 0.03 GB inside the phase (free 0.20 GB in 16 extents, largest 0.03; live 0.24 GB in 26 blocks)
dbig pool: APU1 hipMalloc 0.03 GB inside the phase (free 0.20 GB in 16 extents, largest 0.03; live 0.24 GB in 29 blocks)
dbig pool: APU1 hipMalloc 0.03 GB inside the phase (free 0.20 GB in 16 extents, largest 0.03; live 0.28 GB in 30 blocks)
dbig pool: APU1 hipMalloc 0.03 GB inside the phase (free 0.20 GB in 16 extents, largest 0.03; live 0.24 GB in 28 blocks)
dbig pool: APU3 hipMalloc 0.03 GB inside the phase (free 0.20 GB in 16 extents, largest 0.03; live 0.28 GB in 27 blocks)
dbig pool: APU3 hipMalloc 0.03 GB inside the phase (free 0.20 GB in 16 extents, largest 0.03; live 0.24 GB in 30 blocks)
dbig pool: APU1 hipMalloc 0.03 GB inside the phase (free 0.20 GB in 16 extents, largest 0.03; live 0.28 GB in 29 blocks)
dbig pool: APU0 hipMalloc 0.03 GB inside the phase (free 0.20 GB in 16 extents, largest 0.03; live 0.24 GB in 31 blocks)
dbig pool: APU1 hipMalloc 0.03 GB inside the phase (free 0.20 GB in 16 extents, largest 0.03; live 0.24 GB in 30 blocks)
dbig pool: APU3 hipMalloc 0.03 GB inside the phase (free 0.20 GB in 16 extents, largest 0.03; live 0.28 GB in 31 blocks)
dbig pool: APU3 hipMalloc 0.03 GB inside the phase (free 0.20 GB in 16 extents, largest 0.03; live 0.24 GB in 30 blocks)
dbig pool: APU0 hipMalloc 0.03 GB inside the phase (free 0.20 GB in 16 extents, largest 0.03; live 0.28 GB in 32 blocks)
dbig pool: APU1 hipMalloc 0.03 GB inside the phase (free 0.20 GB in 16 extents, largest 0.03; live 0.24 GB in 34 blocks)
dbig pool: APU3 hipMalloc 0.03 GB inside the phase (free 0.20 GB in 16 extents, largest 0.03; live 0.24 GB in 34 blocks)
dbig pool: APU3 hipMalloc 0.03 GB inside the phase (free 0.20 GB in 16 extents, largest 0.03; live 0.28 GB in 31 blocks)
dbig pool: APU1 hipMalloc 0.03 GB inside the phase (free 0.20 GB in 16 extents, largest 0.03; live 0.28 GB in 31 blocks)
dbig pool: APU1 hipMalloc 0.03 GB inside the phase (free 0.20 GB in 16 extents, largest 0.03; live 0.28 GB in 35 blocks)
dbig pool: APU3 hipMalloc 0.03 GB inside the phase (free 0.20 GB in 16 extents, largest 0.03; live 0.28 GB in 35 blocks)
dbig pool: APU2 hipMalloc 0.03 GB inside the phase (free 0.20 GB in 16 extents, largest 0.03; live 0.24 GB in 34 blocks)
dbig pool: APU2 hipMalloc 0.03 GB inside the phase (free 0.20 GB in 16 extents, largest 0.03; live 0.24 GB in 34 blocks)
dbig pool: APU2 hipMalloc 0.03 GB inside the phase (free 0.20 GB in 16 extents, largest 0.03; live 0.28 GB in 35 blocks)
dbig pool: APU2 hipMalloc 0.03 GB inside the phase (free 0.20 GB in 16 extents, largest 0.03; live 0.28 GB in 35 blocks)
dbig pool: APU1 hipMalloc 0.07 GB inside the phase (free 0.27 GB in 18 extents, largest 0.03; live 0.24 GB in 30 blocks)
dbig pool: APU2 hipMalloc 0.07 GB inside the phase (free 0.27 GB in 18 extents, largest 0.03; live 0.24 GB in 30 blocks)
dbig pool: APU0 hipMalloc 0.07 GB inside the phase (free 0.27 GB in 18 extents, largest 0.03; live 0.24 GB in 30 blocks)
dbig pool: APU0 hipMalloc 0.07 GB inside the phase (free 0.27 GB in 18 extents, largest 0.04; live 0.24 GB in 30 blocks)
dbig pool: APU2 hipMalloc 0.07 GB inside the phase (free 0.27 GB in 18 extents, largest 0.03; live 0.24 GB in 30 blocks)
dbig pool: APU1 hipMalloc 0.07 GB inside the phase (free 0.27 GB in 18 extents, largest 0.03; live 0.24 GB in 31 blocks)
dbig pool: APU3 hipMalloc 0.07 GB inside the phase (free 0.27 GB in 18 extents, largest 0.03; live 0.24 GB in 31 blocks)
dbig pool: APU3 hipMalloc 0.07 GB inside the phase (free 0.27 GB in 18 extents, largest 0.03; live 0.24 GB in 31 blocks)
dist_mn node 0: 2^26 = 2^13 x 2^13 over 4 x 4 ranks, 4 primes, P24 (rows 512..512; 69122129 + 17280533 limbs at 0, window [0, 34561064) of share [0, 34561064)): redistribute 0.044 ntt 0.479 crt 0.003 out 0.211 spills+carry 0.006 total 0.748 s
dist_mn node 1: 2^26 = 2^13 x 2^13 over 4 x 4 ranks, 4 primes, P24 (rows 512..512; 69122129 + 17280533 limbs at 0, window [34561064, 69122129) of share [34561064, 69122129)): redistribute 0.050 ntt 0.466 crt 0.005 out 0.169 spills+carry 0.006 total 0.748 s
dist_mn node 2: 2^26 = 2^13 x 2^13 over 4 x 4 ranks, 4 primes, P24 (rows 512..512; 69122129 + 17280533 limbs at 0, window [69122129, 86402662) of share [69122129, 103683193)): redistribute 0.044 ntt 0.457 crt 0.003 out 0.245 spills+carry 0.006 total 0.748 s
dbig pool: APU0 hipMalloc 0.07 GB inside the phase (free 0.30 GB in 20 extents, largest 0.03; live 0.21 GB in 20 blocks)
dist_mn node 3: 2^26 = 2^13 x 2^13 over 4 x 4 ranks, 4 primes, P24 (rows 512..512; 69122129 + 17280533 limbs at 0, window [86402662, 86402662) of share [103683193, 138244258)): redistribute 0.049 ntt 0.473 crt 0.004 out 0.216 spills+carry 0.007 total 0.749 s
dbig pool: APU1 hipMalloc 0.07 GB inside the phase (free 0.30 GB in 20 extents, largest 0.03; live 0.21 GB in 21 blocks)
dbig pool: APU2 hipMalloc 0.07 GB inside the phase (free 0.30 GB in 20 extents, largest 0.03; live 0.21 GB in 22 blocks)
dbig pool: APU3 hipMalloc 0.07 GB inside the phase (free 0.30 GB in 20 extents, largest 0.03; live 0.21 GB in 23 blocks)
dbig pool: APU1 hipMalloc 0.07 GB inside the phase (free 0.27 GB in 18 extents, largest 0.03; live 0.31 GB in 34 blocks)
dbig pool: APU1 hipMalloc 0.07 GB inside the phase (free 0.27 GB in 18 extents, largest 0.03; live 0.31 GB in 34 blocks)
dbig pool: APU0 hipMalloc 0.07 GB inside the phase (free 0.27 GB in 18 extents, largest 0.03; live 0.31 GB in 34 blocks)
dbig pool: APU0 hipMalloc 0.07 GB inside the phase (free 0.27 GB in 18 extents, largest 0.03; live 0.31 GB in 35 blocks)
dbig pool: APU2 hipMalloc 0.07 GB inside the phase (free 0.27 GB in 18 extents, largest 0.03; live 0.31 GB in 34 blocks)
dbig pool: APU2 hipMalloc 0.07 GB inside the phase (free 0.27 GB in 18 extents, largest 0.03; live 0.31 GB in 35 blocks)
dbig pool: APU3 hipMalloc 0.07 GB inside the phase (free 0.27 GB in 18 extents, largest 0.03; live 0.31 GB in 35 blocks)
dbig pool: APU3 hipMalloc 0.07 GB inside the phase (free 0.27 GB in 18 extents, largest 0.03; live 0.31 GB in 35 blocks)
dist_mn node 0: 2^26 = 2^13 x 2^13 over 4 x 4 ranks, 4 primes, P24 (rows 512..512; 69122129 + 17280533 limbs at 17280533, window [0, 17280531) of share [0, 34561064), accumulated): redistribute 0.047 ntt 0.469 crt 0.002 out 0.211 spills+carry 0.020 total 0.738 s
dist_mn node 1: 2^26 = 2^13 x 2^13 over 4 x 4 ranks, 4 primes, P24 (rows 512..512; 69122129 + 17280533 limbs at 17280533, window [17280531, 51841596) of share [34561064, 69122129), accumulated): redistribute 0.047 ntt 0.467 crt 0.003 out 0.205 spills+carry 0.020 total 0.738 s
dist_mn node 2: 2^26 = 2^13 x 2^13 over 4 x 4 ranks, 4 primes, P24 (rows 512..512; 69122129 + 17280533 limbs at 17280533, window [51841596, 86402660) of share [69122129, 103683193), accumulated): redistribute 0.021 ntt 0.514 crt 0.006 out 0.185 spills+carry 0.020 total 0.738 s
dist_mn node 3: 2^26 = 2^13 x 2^13 over 4 x 4 ranks, 4 primes, P24 (rows 512..512; 69122129 + 17280533 limbs at 17280533, window [86402660, 86402662) of share [103683193, 138244258), accumulated): redistribute 0.044 ntt 0.467 crt 0.002 out 0.212 spills+carry 0.020 total 0.738 s
dbig pool: APU0 hipMalloc 0.03 GB inside the phase (free 0.20 GB in 17 extents, largest 0.03; live 0.31 GB in 33 blocks)
dbig pool: APU1 hipMalloc 0.03 GB inside the phase (free 0.20 GB in 17 extents, largest 0.03; live 0.31 GB in 35 blocks)
dbig pool: APU3 hipMalloc 0.03 GB inside the phase (free 0.20 GB in 17 extents, largest 0.03; live 0.31 GB in 37 blocks)
dbig pool: APU2 hipMalloc 0.03 GB inside the phase (free 0.20 GB in 17 extents, largest 0.03; live 0.31 GB in 39 blocks)
dist_mn node 0: 2^26 = 2^13 x 2^13 over 4 x 4 ranks, 4 primes, P24 (rows 512..512; 69122129 + 17280533 limbs at 34561066, window [0, 0) of share [0, 34561064), accumulated): redistribute 0.033 ntt 0.474 crt 0.002 out 0.087 spills+carry 0.017 total 0.599 s
dist_mn node 1: 2^26 = 2^13 x 2^13 over 4 x 4 ranks, 4 primes, P24 (rows 512..512; 69122129 + 17280533 limbs at 34561066, window [0, 34561063) of share [34561064, 69122129), accumulated): redistribute 0.033 ntt 0.468 crt 0.002 out 0.087 spills+carry 0.017 total 0.599 s
dist_mn node 2: 2^26 = 2^13 x 2^13 over 4 x 4 ranks, 4 primes, P24 (rows 512..512; 69122129 + 17280533 limbs at 34561066, window [34561063, 69122127) of share [69122129, 103683193), accumulated): redistribute 0.032 ntt 0.468 crt 0.002 out 0.089 spills+carry 0.017 total 0.599 s
dist_mn node 3: 2^26 = 2^13 x 2^13 over 4 x 4 ranks, 4 primes, P24 (rows 512..512; 69122129 + 17280533 limbs at 34561066, window [69122127, 86402662) of share [103683193, 138244258), accumulated): redistribute 0.038 ntt 0.468 crt 0.002 out 0.089 spills+carry 0.017 total 0.599 s
dbig pool: APU0 hipMalloc 0.07 GB inside the phase (free 0.34 GB in 21 extents, largest 0.03; live 0.21 GB in 20 blocks)
dbig pool: APU1 hipMalloc 0.07 GB inside the phase (free 0.34 GB in 21 extents, largest 0.03; live 0.21 GB in 21 blocks)
dbig pool: APU2 hipMalloc 0.07 GB inside the phase (free 0.34 GB in 21 extents, largest 0.03; live 0.21 GB in 22 blocks)
dbig pool: APU3 hipMalloc 0.07 GB inside the phase (free 0.34 GB in 21 extents, largest 0.03; live 0.21 GB in 23 blocks)
dbig pool: APU1 hipMalloc 0.07 GB inside the phase (free 0.30 GB in 19 extents, largest 0.03; live 0.31 GB in 34 blocks)
dbig pool: APU0 hipMalloc 0.07 GB inside the phase (free 0.30 GB in 19 extents, largest 0.03; live 0.31 GB in 34 blocks)
dbig pool: APU2 hipMalloc 0.07 GB inside the phase (free 0.30 GB in 19 extents, largest 0.03; live 0.31 GB in 35 blocks)
dbig pool: APU3 hipMalloc 0.07 GB inside the phase (free 0.30 GB in 19 extents, largest 0.03; live 0.31 GB in 35 blocks)
dist_mn node 0: 2^26 = 2^13 x 2^13 over 4 x 4 ranks, 4 primes, P24 (rows 512..512; 69122129 + 17280530 limbs at 51841599, window [0, 0) of share [0, 34561064), accumulated): redistribute 0.051 ntt 0.464 crt 0.002 out 0.200 spills+carry 0.017 total 0.721 s
dist_mn node 0: 69122129 x 69122129 limbs over 4 x 4 ranks (cap 2^26 points, P24): 1 x 4 pieces, 4 formed, 0 skipped (cache 0 slots: 1 hits, 3 misses)
dist_mn node 1: 2^26 = 2^13 x 2^13 over 4 x 4 ranks, 4 primes, P24 (rows 512..512; 69122129 + 17280530 limbs at 51841599, window [0, 17280530) of share [34561064, 69122129), accumulated): redistribute 0.047 ntt 0.465 crt 0.002 out 0.201 spills+carry 0.017 total 0.721 s
dist_mn node 1: 69122129 x 69122129 limbs over 4 x 4 ranks (cap 2^26 points, P24): 1 x 4 pieces, 4 formed, 0 skipped (cache 0 slots: 1 hits, 3 misses)
dist_mn node 2: 2^26 = 2^13 x 2^13 over 4 x 4 ranks, 4 primes, P24 (rows 512..512; 69122129 + 17280530 limbs at 51841599, window [17280530, 51841594) of share [69122129, 103683193), accumulated): redistribute 0.046 ntt 0.484 crt 0.002 out 0.201 spills+carry 0.017 total 0.721 s
dist_mn node 2: 69122129 x 69122129 limbs over 4 x 4 ranks (cap 2^26 points, P24): 1 x 4 pieces, 4 formed, 0 skipped (cache 0 slots: 1 hits, 3 misses)
dist_mn node 3: 2^26 = 2^13 x 2^13 over 4 x 4 ranks, 4 primes, P24 (rows 512..512; 69122129 + 17280530 limbs at 51841599, window [51841594, 86402659) of share [103683193, 138244258), accumulated): redistribute 0.029 ntt 0.510 crt 0.005 out 0.148 spills+carry 0.016 total 0.721 s
dist_mn node 3: 69122129 x 69122129 limbs over 4 x 4 ranks (cap 2^26 points, P24): 1 x 4 pieces, 4 formed, 0 skipped (cache 0 slots: 1 hits, 3 misses)
dist_mn node 0: 69122129 + 69122129 limbs -> 138244258 (share 34561064): redistribute 0.175 ntt 1.886 crt 0.008 out 0.708 spills+carry 0.061, total 3.202 s
dist_mn node 1: 69122129 + 69122129 limbs -> 138244258 (share 34561065): redistribute 0.177 ntt 1.867 crt 0.011 out 0.662 spills+carry 0.060, total 3.121 s
dist_mn node 2: 69122129 + 69122129 limbs -> 138244258 (share 34561064): redistribute 0.143 ntt 1.923 crt 0.012 out 0.719 spills+carry 0.060, total 3.064 s
dist_mn node 3: 69122129 + 69122129 limbs -> 138244258 (share 34561065): redistribute 0.160 ntt 1.918 crt 0.012 out 0.665 spills+carry 0.060, total 2.830 s
mdev 3*2^26 (138244258 limbs): repack 0.256 h2d 0.002 fwd 0.070 inv 0.029 d2h 0.262 crt 0.285 total 0.634 s
mdev 3*2^26 (138244258 limbs): repack 0.251 h2d 0.004 fwd 0.061 inv 0.033 d2h 0.272 crt 0.134 total 0.643 s
mdev 3*2^26 (138244258 limbs): repack 0.250 h2d 0.004 fwd 0.058 inv 0.034 d2h 0.278 crt 0.168 total 0.651 s
mdev 3*2^26 (138244258 limbs): repack 0.248 h2d 0.005 fwd 0.063 inv 0.034 d2h 0.281 crt 0.143 total 0.651 s
   2x3 69122129 x 69122129: 4.00 s
dbig pool: APU1 hipMalloc 0.07 GB inside the phase (free 0.31 GB in 19 extents, largest 0.04; live 0.28 GB in 29 blocks)
dbig pool: APU0 hipMalloc 0.07 GB inside the phase (free 0.31 GB in 19 extents, largest 0.04; live 0.28 GB in 30 blocks)
dbig pool: APU2 hipMalloc 0.07 GB inside the phase (free 0.31 GB in 19 extents, largest 0.04; live 0.28 GB in 31 blocks)
dbig pool: APU3 hipMalloc 0.07 GB inside the phase (free 0.31 GB in 19 extents, largest 0.04; live 0.28 GB in 31 blocks)
dist_mn node 0: 2^26 = 2^13 x 2^13 over 4 x 4 ranks, 4 primes, P24 (rows 512..512; 69122129 + 17280533 limbs at 0, window [0, 34561064) of share [0, 34561064)): redistribute 0.046 ntt 0.465 crt 0.002 out 0.030 spills+carry 0.002 total 0.532 s
dist_mn node 1: 2^26 = 2^13 x 2^13 over 4 x 4 ranks, 4 primes, P24 (rows 512..512; 69122129 + 17280533 limbs at 0, window [34561064, 69122129) of share [34561064, 69122129)): redistribute 0.037 ntt 0.464 crt 0.002 out 0.037 spills+carry 0.002 total 0.532 s
dist_mn node 2: 2^26 = 2^13 x 2^13 over 4 x 4 ranks, 4 primes, P24 (rows 512..512; 69122129 + 17280533 limbs at 0, window [69122129, 86402662) of share [69122129, 103683194)): redistribute 0.037 ntt 0.466 crt 0.002 out 0.035 spills+carry 0.002 total 0.532 s
dist_mn node 3: 2^26 = 2^13 x 2^13 over 4 x 4 ranks, 4 primes, P24 (rows 512..512; 69122129 + 17280533 limbs at 0, window [86402662, 86402662) of share [103683194, 138244259)): redistribute 0.046 ntt 0.461 crt 0.002 out 0.038 spills+carry 0.002 total 0.532 s
dbig pool: APU2 hipMalloc 0.07 GB inside the phase (free 0.31 GB in 19 extents, largest 0.04; live 0.34 GB in 35 blocks)
dbig pool: APU1 hipMalloc 0.07 GB inside the phase (free 0.31 GB in 19 extents, largest 0.04; live 0.34 GB in 34 blocks)
dbig pool: APU0 hipMalloc 0.07 GB inside the phase (free 0.31 GB in 19 extents, largest 0.04; live 0.34 GB in 34 blocks)
dbig pool: APU0 hipMalloc 0.07 GB inside the phase (free 0.31 GB in 19 extents, largest 0.04; live 0.34 GB in 34 blocks)
dbig pool: APU1 hipMalloc 0.07 GB inside the phase (free 0.31 GB in 19 extents, largest 0.04; live 0.34 GB in 35 blocks)
dbig pool: APU3 hipMalloc 0.07 GB inside the phase (free 0.31 GB in 19 extents, largest 0.04; live 0.34 GB in 35 blocks)
dbig pool: APU2 hipMalloc 0.07 GB inside the phase (free 0.31 GB in 19 extents, largest 0.04; live 0.34 GB in 35 blocks)
dbig pool: APU3 hipMalloc 0.07 GB inside the phase (free 0.31 GB in 19 extents, largest 0.04; live 0.34 GB in 37 blocks)
dist_mn node 0: 2^26 = 2^13 x 2^13 over 4 x 4 ranks, 4 primes, P24 (rows 512..512; 69122129 + 17280533 limbs at 17280533, window [0, 17280531) of share [0, 34561064), accumulated): redistribute 0.029 ntt 0.441 crt 0.001 out 0.082 spills+carry 0.018 total 0.572 s
dist_mn node 1: 2^26 = 2^13 x 2^13 over 4 x 4 ranks, 4 primes, P24 (rows 512..512; 69122129 + 17280533 limbs at 17280533, window [17280531, 51841596) of share [34561064, 69122129), accumulated): redistribute 0.029 ntt 0.443 crt 0.001 out 0.074 spills+carry 0.018 total 0.572 s
dist_mn node 2: 2^26 = 2^13 x 2^13 over 4 x 4 ranks, 4 primes, P24 (rows 512..512; 69122129 + 17280533 limbs at 17280533, window [51841596, 86402661) of share [69122129, 103683194), accumulated): redistribute 0.028 ntt 0.482 crt 0.010 out 0.076 spills+carry 0.018 total 0.572 s
dist_mn node 3: 2^26 = 2^13 x 2^13 over 4 x 4 ranks, 4 primes, P24 (rows 512..512; 69122129 + 17280533 limbs at 17280533, window [86402661, 86402662) of share [103683194, 138244259), accumulated): redistribute 0.028 ntt 0.442 crt 0.001 out 0.083 spills+carry 0.018 total 0.572 s
dist_mn node 0: 2^26 = 2^13 x 2^13 over 4 x 4 ranks, 4 primes, P24 (rows 512..512; 69122129 + 17280533 limbs at 34561066, window [0, 0) of share [0, 34561064), accumulated): redistribute 0.033 ntt 0.468 crt 0.002 out 0.030 spills+carry 0.018 total 0.549 s
dist_mn node 1: 2^26 = 2^13 x 2^13 over 4 x 4 ranks, 4 primes, P24 (rows 512..512; 69122129 + 17280533 limbs at 34561066, window [0, 34561063) of share [34561064, 69122129), accumulated): redistribute 0.032 ntt 0.469 crt 0.001 out 0.032 spills+carry 0.017 total 0.549 s
dist_mn node 2: 2^26 = 2^13 x 2^13 over 4 x 4 ranks, 4 primes, P24 (rows 512..512; 69122129 + 17280533 limbs at 34561066, window [34561063, 69122128) of share [69122129, 103683194), accumulated): redistribute 0.032 ntt 0.470 crt 0.001 out 0.028 spills+carry 0.017 total 0.549 s
dist_mn node 3: 2^26 = 2^13 x 2^13 over 4 x 4 ranks, 4 primes, P24 (rows 512..512; 69122129 + 17280533 limbs at 34561066, window [69122128, 86402662) of share [103683194, 138244259), accumulated): redistribute 0.036 ntt 0.468 crt 0.002 out 0.029 spills+carry 0.017 total 0.549 s
dbig pool: APU1 hipMalloc 0.07 GB inside the phase (free 0.34 GB in 20 extents, largest 0.04; live 0.34 GB in 34 blocks)
dbig pool: APU0 hipMalloc 0.07 GB inside the phase (free 0.34 GB in 20 extents, largest 0.04; live 0.34 GB in 35 blocks)
dbig pool: APU2 hipMalloc 0.07 GB inside the phase (free 0.34 GB in 20 extents, largest 0.04; live 0.34 GB in 34 blocks)
dbig pool: APU3 hipMalloc 0.07 GB inside the phase (free 0.34 GB in 20 extents, largest 0.04; live 0.34 GB in 35 blocks)
dist_mn node 0: 2^26 = 2^13 x 2^13 over 4 x 4 ranks, 4 primes, P24 (rows 512..512; 69122129 + 17280530 limbs at 51841599, window [0, 0) of share [0, 34561064), accumulated): redistribute 0.028 ntt 0.457 crt 0.003 out 0.044 spills+carry 0.017 total 0.541 s
dist_mn node 1: 2^26 = 2^13 x 2^13 over 4 x 4 ranks, 4 primes, P24 (rows 512..512; 69122129 + 17280530 limbs at 51841599, window [0, 17280530) of share [34561064, 69122129), accumulated): redistribute 0.028 ntt 0.461 crt 0.003 out 0.044 spills+carry 0.017 total 0.541 s
dist_mn node 2: 2^26 = 2^13 x 2^13 over 4 x 4 ranks, 4 primes, P24 (rows 512..512; 69122129 + 17280530 limbs at 51841599, window [17280530, 51841595) of share [69122129, 103683194), accumulated): redistribute 0.034 ntt 0.459 crt 0.003 out 0.044 spills+carry 0.016 total 0.541 s
dist_mn node 3: 2^26 = 2^13 x 2^13 over 4 x 4 ranks, 4 primes, P24 (rows 512..512; 69122129 + 17280530 limbs at 51841599, window [51841595, 86402659) of share [103683194, 138244259), accumulated): redistribute 0.029 ntt 0.463 crt 0.001 out 0.037 spills+carry 0.016 total 0.541 s
dbig pool: APU0 hipMalloc 0.07 GB inside the phase (free 0.34 GB in 21 extents, largest 0.04; live 0.31 GB in 24 blocks)
dbig pool: APU2 hipMalloc 0.07 GB inside the phase (free 0.34 GB in 21 extents, largest 0.04; live 0.38 GB in 31 blocks)
dbig pool: APU0 hipMalloc 0.07 GB inside the phase (free 0.34 GB in 21 extents, largest 0.04; live 0.38 GB in 25 blocks)
dbig pool: APU3 hipMalloc 0.07 GB inside the phase (free 0.34 GB in 21 extents, largest 0.04; live 0.38 GB in 34 blocks)
dbig pool: APU2 hipMalloc 0.07 GB inside the phase (free 0.34 GB in 20 extents, largest 0.04; live 0.31 GB in 28 blocks)
dbig pool: APU1 hipMalloc 0.07 GB inside the phase (free 0.34 GB in 21 extents, largest 0.04; live 0.31 GB in 30 blocks)
dbig pool: APU1 hipMalloc 0.07 GB inside the phase (free 0.34 GB in 21 extents, largest 0.04; live 0.38 GB in 31 blocks)
dbig pool: APU3 hipMalloc 0.07 GB inside the phase (free 0.34 GB in 20 extents, largest 0.04; live 0.31 GB in 31 blocks)
mdb_add_shifted node 0: 69122126 limbs at 0 into a basis of 138244259 (my window [0, 34561064), 1 rounds of 8640272; slabs 8640266 + 8640266 limbs per APU 0): 0.142 s
dist_mn node 0: 69122129 x 69122129 limbs over 4 x 4 ranks (cap 2^26 points, P24): 1 x 4 pieces, 4 formed, 0 skipped (cache 0 slots: 1 hits, 3 misses)
mdb_add_shifted node 1: 69122126 limbs at 0 into a basis of 138244259 (my window [34561064, 69122126), 1 rounds of 8640272; slabs 0 + 8640265 limbs per APU 0): 0.143 s
dist_mn node 1: 69122129 x 69122129 limbs over 4 x 4 ranks (cap 2^26 points, P24): 1 x 4 pieces, 4 formed, 0 skipped (cache 0 slots: 1 hits, 3 misses)
mdb_add_shifted node 2: 69122126 limbs at 0 into a basis of 138244259 (my window [69122129, 69122129), 1 rounds of 8640272; slabs 8640265 + 0 limbs per APU 0): 0.143 s
dist_mn node 2: 69122129 x 69122129 limbs over 4 x 4 ranks (cap 2^26 points, P24): 1 x 4 pieces, 4 formed, 0 skipped (cache 0 slots: 1 hits, 3 misses)
mdb_add_shifted node 3: 69122126 limbs at 0 into a basis of 138244259 (my window [103683194, 103683194), 1 rounds of 8640272; slabs 0 + 0 limbs per APU 0): 0.142 s
dist_mn node 3: 69122129 x 69122129 limbs over 4 x 4 ranks (cap 2^26 points, P24): 1 x 4 pieces, 4 formed, 0 skipped (cache 0 slots: 1 hits, 3 misses)
dist_mn node 0: 69122129 + 69122129 + x limbs -> 138244258 (share 34561064): redistribute 0.137 ntt 1.831 crt 0.007 out 0.187 spills+carry 0.054, total 2.343 s
dist_mn node 1: 69122129 + 69122129 + x limbs -> 138244258 (share 34561065): redistribute 0.126 ntt 1.838 crt 0.006 out 0.187 spills+carry 0.054, total 2.357 s
dist_mn node 2: 69122129 + 69122129 + x limbs -> 138244258 (share 34561065): redistribute 0.131 ntt 1.876 crt 0.015 out 0.184 spills+carry 0.054, total 2.342 s
dist_mn node 3: 69122129 + 69122129 + x limbs -> 138244258 (share 34561065): redistribute 0.138 ntt 1.834 crt 0.005 out 0.187 spills+carry 0.054, total 2.340 s
dist_mn node 0: 2^26 = 2^13 x 2^13 over 4 x 4 ranks, 4 primes, P24 (rows 512..512; 69122129 + 17280533 limbs at 0, window [0, 17280532) of share [0, 17280532)): redistribute 0.059 ntt 0.498 crt 0.003 out 0.027 spills+carry 0.002 total 0.555 s
dist_mn node 1: 2^26 = 2^13 x 2^13 over 4 x 4 ranks, 4 primes, P24 (rows 512..512; 69122129 + 17280533 limbs at 0, window [17280532, 34561065) of share [17280532, 34561065)): redistribute 0.059 ntt 0.497 crt 0.003 out 0.026 spills+carry 0.001 total 0.555 s
dist_mn node 2: 2^26 = 2^13 x 2^13 over 4 x 4 ranks, 4 primes, P24 (rows 512..512; 69122129 + 17280533 limbs at 0, window [34561065, 51841598) of share [34561065, 51841598)): redistribute 0.054 ntt 0.497 crt 0.002 out 0.023 spills+carry 0.001 total 0.555 s
dist_mn node 3: 2^26 = 2^13 x 2^13 over 4 x 4 ranks, 4 primes, P24 (rows 512..512; 69122129 + 17280533 limbs at 0, window [51841598, 69122131) of share [51841598, 69122131)): redistribute 0.059 ntt 0.498 crt 0.002 out 0.023 spills+carry 0.001 total 0.555 s
dist_mn node 0: 2^26 = 2^13 x 2^13 over 4 x 4 ranks, 4 primes, P24 (rows 512..512; 69122129 + 17280533 limbs at 17280533, window [0, 0) of share [0, 17280532), accumulated): redistribute 0.034 ntt 0.453 crt 0.002 out 0.015 spills+carry 0.004 total 0.499 s
dist_mn node 1: 2^26 = 2^13 x 2^13 over 4 x 4 ranks, 4 primes, P24 (rows 512..512; 69122129 + 17280533 limbs at 17280533, window [0, 17280532) of share [17280532, 34561065), accumulated): redistribute 0.034 ntt 0.451 crt 0.002 out 0.017 spills+carry 0.003 total 0.499 s
dist_mn node 2: 2^26 = 2^13 x 2^13 over 4 x 4 ranks, 4 primes, P24 (rows 512..512; 69122129 + 17280533 limbs at 17280533, window [17280532, 34561065) of share [34561065, 51841598), accumulated): redistribute 0.030 ntt 0.450 crt 0.001 out 0.015 spills+carry 0.003 total 0.499 s
dist_mn node 3: 2^26 = 2^13 x 2^13 over 4 x 4 ranks, 4 primes, P24 (rows 512..512; 69122129 + 17280533 limbs at 17280533, window [34561065, 51841598) of share [51841598, 69122131), accumulated): redistribute 0.028 ntt 0.453 crt 0.001 out 0.016 spills+carry 0.003 total 0.499 s
dist_mn node 0: 2^26 = 2^13 x 2^13 over 4 x 4 ranks, 4 primes, P24 (rows 512..512; 69122129 + 17280533 limbs at 34561066, window [0, 0) of share [0, 17280532), accumulated): redistribute 0.033 ntt 0.438 crt 0.002 out 0.018 spills+carry 0.002 total 0.493 s
dist_mn node 1: 2^26 = 2^13 x 2^13 over 4 x 4 ranks, 4 primes, P24 (rows 512..512; 69122129 + 17280533 limbs at 34561066, window [0, 0) of share [17280532, 34561065), accumulated): redistribute 0.032 ntt 0.441 crt 0.002 out 0.017 spills+carry 0.002 total 0.494 s
dist_mn node 2: 2^26 = 2^13 x 2^13 over 4 x 4 ranks, 4 primes, P24 (rows 512..512; 69122129 + 17280533 limbs at 34561066, window [0, 17280532) of share [34561065, 51841598), accumulated): redistribute 0.033 ntt 0.437 crt 0.002 out 0.020 spills+carry 0.002 total 0.493 s
dist_mn node 3: 2^26 = 2^13 x 2^13 over 4 x 4 ranks, 4 primes, P24 (rows 512..512; 69122129 + 17280533 limbs at 34561066, window [17280532, 34561065) of share [51841598, 69122131), accumulated): redistribute 0.038 ntt 0.440 crt 0.002 out 0.018 spills+carry 0.002 total 0.494 s
dist_mn node 0: 2^26 = 2^13 x 2^13 over 4 x 4 ranks, 4 primes, P24 (rows 512..512; 69122129 + 17280530 limbs at 51841599, window [0, 0) of share [0, 17280532), accumulated): redistribute 0.036 ntt 0.459 crt 0.003 out 0.017 spills+carry 0.002 total 0.516 s
dist_mn node 0: 69122129 x 69122129 limbs over 4 x 4 ranks (cap 2^26 points, P24): 1 x 4 pieces, 4 formed, 0 skipped (low product) (cache 0 slots: 1 hits, 3 misses)
dist_mn node 1: 2^26 = 2^13 x 2^13 over 4 x 4 ranks, 4 primes, P24 (rows 512..512; 69122129 + 17280530 limbs at 51841599, window [0, 0) of share [17280532, 34561065), accumulated): redistribute 0.034 ntt 0.459 crt 0.003 out 0.021 spills+carry 0.002 total 0.516 s
dist_mn node 1: 69122129 x 69122129 limbs over 4 x 4 ranks (cap 2^26 points, P24): 1 x 4 pieces, 4 formed, 0 skipped (low product) (cache 0 slots: 1 hits, 3 misses)
dist_mn node 2: 2^26 = 2^13 x 2^13 over 4 x 4 ranks, 4 primes, P24 (rows 512..512; 69122129 + 17280530 limbs at 51841599, window [0, 0) of share [34561065, 51841598), accumulated): redistribute 0.037 ntt 0.456 crt 0.003 out 0.020 spills+carry 0.002 total 0.516 s
dist_mn node 2: 69122129 x 69122129 limbs over 4 x 4 ranks (cap 2^26 points, P24): 1 x 4 pieces, 4 formed, 0 skipped (low product) (cache 0 slots: 1 hits, 3 misses)
dist_mn node 3: 2^26 = 2^13 x 2^13 over 4 x 4 ranks, 4 primes, P24 (rows 512..512; 69122129 + 17280530 limbs at 51841599, window [0, 17280532) of share [51841598, 69122131), accumulated): redistribute 0.036 ntt 0.459 crt 0.003 out 0.018 spills+carry 0.001 total 0.516 s
dist_mn node 3: 69122129 x 69122129 limbs over 4 x 4 ranks (cap 2^26 points, P24): 1 x 4 pieces, 4 formed, 0 skipped (low product) (cache 0 slots: 1 hits, 3 misses)
dist_mn node 1: 69122129 + 69122129 limbs -> 69122131 (share 17280533): redistribute 0.158 ntt 1.848 crt 0.010 out 0.080 spills+carry 0.009, total 2.066 s
dist_mn node 2: 69122129 + 69122129 limbs -> 69122131 (share 17280533): redistribute 0.154 ntt 1.841 crt 0.008 out 0.078 spills+carry 0.008, total 2.066 s
dist_mn node 0: 69122129 + 69122129 limbs -> 69122131 (share 17280532): redistribute 0.163 ntt 1.848 crt 0.009 out 0.077 spills+carry 0.009, total 2.066 s
dist_mn node 3: 69122129 + 69122129 limbs -> 69122131 (share 17280533): redistribute 0.160 ntt 1.849 crt 0.009 out 0.075 spills+carry 0.008, total 2.066 s
dist_mn node 0: 2^26 = 2^13 x 2^13 over 4 x 4 ranks, 3 primes (rows 512..512; 34561065 + 17280533 limbs at 0, window [0, 8640266) of share [0, 8640266)): redistribute 0.053 ntt 0.411 crt 0.001 out 0.015 spills+carry 0.001 total 0.459 s [A cached] [B cached]
dist_mn node 1: 2^26 = 2^13 x 2^13 over 4 x 4 ranks, 3 primes (rows 512..512; 34561065 + 17280533 limbs at 0, window [8640266, 17280532) of share [8640266, 17280532)): redistribute 0.053 ntt 0.411 crt 0.001 out 0.018 spills+carry 0.001 total 0.459 s [A cached] [B cached]
dist_mn node 2: 2^26 = 2^13 x 2^13 over 4 x 4 ranks, 3 primes (rows 512..512; 34561065 + 17280533 limbs at 0, window [17280532, 25920798) of share [17280532, 25920798)): redistribute 0.047 ntt 0.414 crt 0.000 out 0.017 spills+carry 0.001 total 0.459 s [A cached] [B cached]
dist_mn node 3: 2^26 = 2^13 x 2^13 over 4 x 4 ranks, 3 primes (rows 512..512; 34561065 + 17280533 limbs at 0, window [25920798, 34561065) of share [25920798, 34561065)): redistribute 0.051 ntt 0.413 crt 0.000 out 0.017 spills+carry 0.001 total 0.459 s [A cached] [B cached]
dist_mn node 0: 2^26 = 2^13 x 2^13 over 4 x 4 ranks, 3 primes (rows 512..512; 34561065 + 17280532 limbs at 17280533, window [0, 0) of share [0, 8640266), accumulated): redistribute 0.010 ntt 0.237 crt 0.001 out 0.015 spills+carry 0.002 total 0.263 s [A hit] [B cached]
dist_mn node 0: 34561065 x 34561065 limbs over 4 x 4 ranks (cap 2^26): 1 x 2 pieces, 2 formed, 0 skipped (low product) (cache 2 slots: 2 hits, 6 misses)
dist_mn node 1: 2^26 = 2^13 x 2^13 over 4 x 4 ranks, 3 primes (rows 512..512; 34561065 + 17280532 limbs at 17280533, window [0, 0) of share [8640266, 17280532), accumulated): redistribute 0.014 ntt 0.234 crt 0.001 out 0.014 spills+carry 0.002 total 0.263 s [A hit] [B cached]
dist_mn node 1: 34561065 x 34561065 limbs over 4 x 4 ranks (cap 2^26): 1 x 2 pieces, 2 formed, 0 skipped (low product) (cache 2 slots: 2 hits, 6 misses)
dist_mn node 2: 2^26 = 2^13 x 2^13 over 4 x 4 ranks, 3 primes (rows 512..512; 34561065 + 17280532 limbs at 17280533, window [0, 8640265) of share [17280532, 25920798), accumulated): redistribute 0.021 ntt 0.235 crt 0.001 out 0.013 spills+carry 0.002 total 0.263 s [A hit] [B cached]
dist_mn node 2: 34561065 x 34561065 limbs over 4 x 4 ranks (cap 2^26): 1 x 2 pieces, 2 formed, 0 skipped (low product) (cache 2 slots: 2 hits, 6 misses)
dist_mn node 3: 2^26 = 2^13 x 2^13 over 4 x 4 ranks, 3 primes (rows 512..512; 34561065 + 17280532 limbs at 17280533, window [8640265, 17280532) of share [25920798, 34561065), accumulated): redistribute 0.019 ntt 0.226 crt 0.001 out 0.016 spills+carry 0.001 total 0.263 s [A hit] [B cached]
dist_mn node 3: 34561065 x 34561065 limbs over 4 x 4 ranks (cap 2^26): 1 x 2 pieces, 2 formed, 0 skipped (low product) (cache 2 slots: 2 hits, 6 misses)
dist_mn node 1: 34561065 + 34561065 limbs -> 34561065 (share 8640266): redistribute 0.067 ntt 0.645 crt 0.002 out 0.032 spills+carry 0.003, total 0.724 s
dist_mn node 0: 34561065 + 34561065 limbs -> 34561065 (share 8640266): redistribute 0.064 ntt 0.647 crt 0.002 out 0.030 spills+carry 0.003, total 0.724 s
dist_mn node 2: 34561065 + 34561065 limbs -> 34561065 (share 8640266): redistribute 0.068 ntt 0.648 crt 0.002 out 0.031 spills+carry 0.003, total 0.724 s
dist_mn node 3: 34561065 + 34561065 limbs -> 34561065 (share 8640267): redistribute 0.070 ntt 0.640 crt 0.002 out 0.033 spills+carry 0.002, total 0.724 s
dist_mn node 0: 2^26 = 2^13 x 2^13 over 4 x 4 ranks, 4 primes, P24 (rows 512..512; 69122129 + 17280533 limbs at 0, window [0, 34561064) of share [0, 34561064)): redistribute 0.052 ntt 0.494 crt 0.001 out 0.038 spills+carry 0.002 total 0.570 s
dist_mn node 1: 2^26 = 2^13 x 2^13 over 4 x 4 ranks, 4 primes, P24 (rows 512..512; 69122129 + 17280533 limbs at 0, window [34561064, 69122128) of share [34561064, 69122128)): redistribute 0.052 ntt 0.494 crt 0.002 out 0.040 spills+carry 0.002 total 0.570 s
dist_mn node 2: 2^26 = 2^13 x 2^13 over 4 x 4 ranks, 4 primes, P24 (rows 512..512; 69122129 + 17280533 limbs at 0, window [69122128, 86402662) of share [69122128, 103683192)): redistribute 0.054 ntt 0.501 crt 0.002 out 0.036 spills+carry 0.002 total 0.570 s
dist_mn node 3: 2^26 = 2^13 x 2^13 over 4 x 4 ranks, 4 primes, P24 (rows 512..512; 69122129 + 17280533 limbs at 0, window [86402662, 86402662) of share [103683192, 138244257)): redistribute 0.059 ntt 0.497 crt 0.001 out 0.039 spills+carry 0.002 total 0.570 s
dist_mn node 0: 2^26 = 2^13 x 2^13 over 4 x 4 ranks, 4 primes, P24 (rows 512..512; 69122129 + 17280533 limbs at 17280533, window [0, 17280531) of share [0, 34561064), accumulated): redistribute 0.030 ntt 0.488 crt 0.002 out 0.030 spills+carry 0.017 total 0.566 s
dist_mn node 1: 2^26 = 2^13 x 2^13 over 4 x 4 ranks, 4 primes, P24 (rows 512..512; 69122129 + 17280533 limbs at 17280533, window [17280531, 51841595) of share [34561064, 69122128), accumulated): redistribute 0.030 ntt 0.485 crt 0.002 out 0.033 spills+carry 0.017 total 0.566 s
dist_mn node 2: 2^26 = 2^13 x 2^13 over 4 x 4 ranks, 4 primes, P24 (rows 512..512; 69122129 + 17280533 limbs at 17280533, window [51841595, 86402659) of share [69122128, 103683192), accumulated): redistribute 0.028 ntt 0.489 crt 0.002 out 0.031 spills+carry 0.016 total 0.566 s
dist_mn node 3: 2^26 = 2^13 x 2^13 over 4 x 4 ranks, 4 primes, P24 (rows 512..512; 69122129 + 17280533 limbs at 17280533, window [86402659, 86402662) of share [103683192, 138244257), accumulated): redistribute 0.030 ntt 0.488 crt 0.002 out 0.032 spills+carry 0.017 total 0.566 s
dist_mn node 0: 2^26 = 2^13 x 2^13 over 4 x 4 ranks, 4 primes, P24 (rows 512..512; 69122129 + 17280533 limbs at 34561066, window [0, 0) of share [0, 34561064), accumulated): redistribute 0.031 ntt 0.466 crt 0.002 out 0.028 spills+carry 0.018 total 0.543 s
dist_mn node 1: 2^26 = 2^13 x 2^13 over 4 x 4 ranks, 4 primes, P24 (rows 512..512; 69122129 + 17280533 limbs at 34561066, window [0, 34561062) of share [34561064, 69122128), accumulated): redistribute 0.027 ntt 0.471 crt 0.002 out 0.028 spills+carry 0.017 total 0.543 s
dist_mn node 2: 2^26 = 2^13 x 2^13 over 4 x 4 ranks, 4 primes, P24 (rows 512..512; 69122129 + 17280533 limbs at 34561066, window [34561062, 69122126) of share [69122128, 103683192), accumulated): redistribute 0.030 ntt 0.465 crt 0.002 out 0.029 spills+carry 0.017 total 0.543 s
dist_mn node 3: 2^26 = 2^13 x 2^13 over 4 x 4 ranks, 4 primes, P24 (rows 512..512; 69122129 + 17280533 limbs at 34561066, window [69122126, 86402662) of share [103683192, 138244257), accumulated): redistribute 0.037 ntt 0.467 crt 0.002 out 0.028 spills+carry 0.017 total 0.543 s
dist_mn node 0: 2^26 = 2^13 x 2^13 over 4 x 4 ranks, 4 primes, P24 (rows 512..512; 69122129 + 17280530 limbs at 51841599, window [0, 0) of share [0, 34561064), accumulated): redistribute 0.029 ntt 0.467 crt 0.001 out 0.068 spills+carry 0.017 total 0.574 s
dist_mn node 0: 69122129 x 69122129 limbs over 4 x 4 ranks (cap 2^26 points, P24): 1 x 4 pieces, 4 formed, 0 skipped (low product) (cache 0 slots: 2 hits, 6 misses)
dist_mn node 1: 2^26 = 2^13 x 2^13 over 4 x 4 ranks, 4 primes, P24 (rows 512..512; 69122129 + 17280530 limbs at 51841599, window [0, 17280529) of share [34561064, 69122128), accumulated): redistribute 0.028 ntt 0.465 crt 0.001 out 0.068 spills+carry 0.017 total 0.574 s
dist_mn node 1: 69122129 x 69122129 limbs over 4 x 4 ranks (cap 2^26 points, P24): 1 x 4 pieces, 4 formed, 0 skipped (low product) (cache 0 slots: 2 hits, 6 misses)
dist_mn node 2: 2^26 = 2^13 x 2^13 over 4 x 4 ranks, 4 primes, P24 (rows 512..512; 69122129 + 17280530 limbs at 51841599, window [17280529, 51841593) of share [69122128, 103683192), accumulated): redistribute 0.028 ntt 0.468 crt 0.002 out 0.066 spills+carry 0.017 total 0.574 s
dist_mn node 2: 69122129 x 69122129 limbs over 4 x 4 ranks (cap 2^26 points, P24): 1 x 4 pieces, 4 formed, 0 skipped (low product) (cache 0 slots: 2 hits, 6 misses)
dist_mn node 3: 2^26 = 2^13 x 2^13 over 4 x 4 ranks, 4 primes, P24 (rows 512..512; 69122129 + 17280530 limbs at 51841599, window [51841593, 86402658) of share [103683192, 138244257), accumulated): redistribute 0.028 ntt 0.477 crt 0.016 out 0.067 spills+carry 0.017 total 0.574 s
dist_mn node 3: 69122129 x 69122129 limbs over 4 x 4 ranks (cap 2^26 points, P24): 1 x 4 pieces, 4 formed, 0 skipped (low product) (cache 0 slots: 2 hits, 6 misses)
dist_mn node 0: 69122129 + 69122129 limbs -> 138244257 (share 34561064): redistribute 0.142 ntt 1.915 crt 0.007 out 0.164 spills+carry 0.053, total 2.256 s
dist_mn node 2: 69122129 + 69122129 limbs -> 138244257 (share 34561064): redistribute 0.139 ntt 1.924 crt 0.008 out 0.163 spills+carry 0.052, total 2.256 s
dist_mn node 3: 69122129 + 69122129 limbs -> 138244257 (share 34561065): redistribute 0.154 ntt 1.929 crt 0.022 out 0.166 spills+carry 0.053, total 2.256 s
dist_mn node 1: 69122129 + 69122129 limbs -> 138244257 (share 34561064): redistribute 0.138 ntt 1.915 crt 0.006 out 0.168 spills+carry 0.053, total 2.256 s
dist_mn node 0: 2^26 = 2^13 x 2^13 over 4 x 4 ranks, 4 primes, P24 (rows 512..512; 69122129 + 17280533 limbs at 0, window [0, 34561064) of share [0, 34561064)): redistribute 0.061 ntt 0.502 crt 0.002 out 0.033 spills+carry 0.002 total 0.565 s
dist_mn node 1: 2^26 = 2^13 x 2^13 over 4 x 4 ranks, 4 primes, P24 (rows 512..512; 69122129 + 17280533 limbs at 0, window [34561064, 69122129) of share [34561064, 69122129)): redistribute 0.057 ntt 0.498 crt 0.002 out 0.036 spills+carry 0.002 total 0.565 s
dist_mn node 2: 2^26 = 2^13 x 2^13 over 4 x 4 ranks, 4 primes, P24 (rows 512..512; 69122129 + 17280533 limbs at 0, window [69122129, 86402662) of share [69122129, 103683193)): redistribute 0.062 ntt 0.495 crt 0.002 out 0.036 spills+carry 0.002 total 0.565 s
dist_mn node 3: 2^26 = 2^13 x 2^13 over 4 x 4 ranks, 4 primes, P24 (rows 512..512; 69122129 + 17280533 limbs at 0, window [86402662, 86402662) of share [103683193, 138244258)): redistribute 0.057 ntt 0.502 crt 0.002 out 0.035 spills+carry 0.002 total 0.565 s
dist_mn node 0: 2^26 = 2^13 x 2^13 over 4 x 4 ranks, 4 primes, P24 (rows 512..512; 69122129 + 17280533 limbs at 17280533, window [0, 17280531) of share [0, 34561064), accumulated): redistribute 0.028 ntt 0.458 crt 0.002 out 0.035 spills+carry 0.016 total 0.538 s
dist_mn node 2: 2^26 = 2^13 x 2^13 over 4 x 4 ranks, 4 primes, P24 (rows 512..512; 69122129 + 17280533 limbs at 17280533, window [51841596, 86402660) of share [69122129, 103683193), accumulated): redistribute 0.026 ntt 0.460 crt 0.002 out 0.035 spills+carry 0.016 total 0.538 s
dist_mn node 1: 2^26 = 2^13 x 2^13 over 4 x 4 ranks, 4 primes, P24 (rows 512..512; 69122129 + 17280533 limbs at 17280533, window [17280531, 51841596) of share [34561064, 69122129), accumulated): redistribute 0.028 ntt 0.461 crt 0.002 out 0.032 spills+carry 0.016 total 0.538 s
dist_mn node 3: 2^26 = 2^13 x 2^13 over 4 x 4 ranks, 4 primes, P24 (rows 512..512; 69122129 + 17280533 limbs at 17280533, window [86402660, 86402662) of share [103683193, 138244258), accumulated): redistribute 0.027 ntt 0.461 crt 0.002 out 0.034 spills+carry 0.016 total 0.538 s
dist_mn node 0: 2^26 = 2^13 x 2^13 over 4 x 4 ranks, 4 primes, P24 (rows 512..512; 69122129 + 17280533 limbs at 34561066, window [0, 0) of share [0, 34561064), accumulated): redistribute 0.032 ntt 0.461 crt 0.002 out 0.028 spills+carry 0.018 total 0.541 s
dist_mn node 1: 2^26 = 2^13 x 2^13 over 4 x 4 ranks, 4 primes, P24 (rows 512..512; 69122129 + 17280533 limbs at 34561066, window [0, 34561063) of share [34561064, 69122129), accumulated): redistribute 0.030 ntt 0.466 crt 0.001 out 0.027 spills+carry 0.017 total 0.541 s
dist_mn node 2: 2^26 = 2^13 x 2^13 over 4 x 4 ranks, 4 primes, P24 (rows 512..512; 69122129 + 17280533 limbs at 34561066, window [34561063, 69122127) of share [69122129, 103683193), accumulated): redistribute 0.032 ntt 0.461 crt 0.002 out 0.029 spills+carry 0.017 total 0.541 s
dist_mn node 3: 2^26 = 2^13 x 2^13 over 4 x 4 ranks, 4 primes, P24 (rows 512..512; 69122129 + 17280533 limbs at 34561066, window [69122127, 86402662) of share [103683193, 138244258), accumulated): redistribute 0.033 ntt 0.463 crt 0.002 out 0.028 spills+carry 0.017 total 0.541 s
dist_mn node 0: 2^26 = 2^13 x 2^13 over 4 x 4 ranks, 4 primes, P24 (rows 512..512; 69122129 + 17280530 limbs at 51841599, window [0, 0) of share [0, 34561064), accumulated): redistribute 0.032 ntt 0.468 crt 0.002 out 0.030 spills+carry 0.018 total 0.550 s
dist_mn node 0: 69122129 x 69122129 limbs over 4 x 4 ranks (cap 2^26 points, P24): 1 x 4 pieces, 4 formed, 0 skipped (low cut) (cache 0 slots: 2 hits, 6 misses)
dist_mn node 1: 2^26 = 2^13 x 2^13 over 4 x 4 ranks, 4 primes, P24 (rows 512..512; 69122129 + 17280530 limbs at 51841599, window [0, 17280530) of share [34561064, 69122129), accumulated): redistribute 0.040 ntt 0.472 crt 0.001 out 0.029 spills+carry 0.018 total 0.550 s
dist_mn node 1: 69122129 x 69122129 limbs over 4 x 4 ranks (cap 2^26 points, P24): 1 x 4 pieces, 4 formed, 0 skipped (low cut) (cache 0 slots: 2 hits, 6 misses)
dist_mn node 2: 2^26 = 2^13 x 2^13 over 4 x 4 ranks, 4 primes, P24 (rows 512..512; 69122129 + 17280530 limbs at 51841599, window [17280530, 51841594) of share [69122129, 103683193), accumulated): redistribute 0.030 ntt 0.472 crt 0.001 out 0.032 spills+carry 0.018 total 0.550 s
dist_mn node 2: 69122129 x 69122129 limbs over 4 x 4 ranks (cap 2^26 points, P24): 1 x 4 pieces, 4 formed, 0 skipped (low cut) (cache 0 slots: 2 hits, 6 misses)
dist_mn node 3: 2^26 = 2^13 x 2^13 over 4 x 4 ranks, 4 primes, P24 (rows 512..512; 69122129 + 17280530 limbs at 51841599, window [51841594, 86402659) of share [103683193, 138244258), accumulated): redistribute 0.032 ntt 0.468 crt 0.002 out 0.030 spills+carry 0.018 total 0.550 s
dist_mn node 3: 69122129 x 69122129 limbs over 4 x 4 ranks (cap 2^26 points, P24): 1 x 4 pieces, 4 formed, 0 skipped (low cut) (cache 0 slots: 2 hits, 6 misses)
dist_mn node 0: 69122129 + 69122129 limbs -> 138244258 (share 34561064): redistribute 0.154 ntt 1.890 crt 0.008 out 0.126 spills+carry 0.053, total 2.197 s
dist_mn node 1: 69122129 + 69122129 limbs -> 138244258 (share 34561065): redistribute 0.155 ntt 1.898 crt 0.006 out 0.123 spills+carry 0.053, total 2.197 s
dist_mn node 2: 69122129 + 69122129 limbs -> 138244258 (share 34561064): redistribute 0.150 ntt 1.888 crt 0.007 out 0.132 spills+carry 0.053, total 2.197 s
dist_mn node 3: 69122129 + 69122129 limbs -> 138244258 (share 34561065): redistribute 0.149 ntt 1.893 crt 0.008 out 0.126 spills+carry 0.053, total 2.197 s
dist_mn node 0: 2^26 = 2^13 x 2^13 over 4 x 4 ranks, 4 primes, P24 (rows 512..512; 69122129 + 17280533 limbs at 0, window [0, 34561064) of share [0, 34561064)): redistribute 0.062 ntt 0.499 crt 0.002 out 0.040 spills+carry 0.002 total 0.576 s
dist_mn node 1: 2^26 = 2^13 x 2^13 over 4 x 4 ranks, 4 primes, P24 (rows 512..512; 69122129 + 17280533 limbs at 0, window [34561064, 69122128) of share [34561064, 69122128)): redistribute 0.063 ntt 0.500 crt 0.002 out 0.040 spills+carry 0.002 total 0.576 s
dist_mn node 2: 2^26 = 2^13 x 2^13 over 4 x 4 ranks, 4 primes, P24 (rows 512..512; 69122129 + 17280533 limbs at 0, window [69122128, 86402662) of share [69122128, 103683192)): redistribute 0.062 ntt 0.505 crt 0.002 out 0.037 spills+carry 0.002 total 0.576 s
dist_mn node 3: 2^26 = 2^13 x 2^13 over 4 x 4 ranks, 4 primes, P24 (rows 512..512; 69122129 + 17280533 limbs at 0, window [86402662, 86402662) of share [103683192, 138244257)): redistribute 0.061 ntt 0.501 crt 0.002 out 0.042 spills+carry 0.002 total 0.576 s
dist_mn node 0: 2^26 = 2^13 x 2^13 over 4 x 4 ranks, 4 primes, P24 (rows 512..512; 69122129 + 17280533 limbs at 17280533, window [0, 17280531) of share [0, 34561064), accumulated): redistribute 0.032 ntt 0.461 crt 0.003 out 0.030 spills+carry 0.018 total 0.543 s
dist_mn node 1: 2^26 = 2^13 x 2^13 over 4 x 4 ranks, 4 primes, P24 (rows 512..512; 69122129 + 17280533 limbs at 17280533, window [17280531, 51841595) of share [34561064, 69122128), accumulated): redistribute 0.032 ntt 0.459 crt 0.002 out 0.033 spills+carry 0.018 total 0.543 s
dist_mn node 2: 2^26 = 2^13 x 2^13 over 4 x 4 ranks, 4 primes, P24 (rows 512..512; 69122129 + 17280533 limbs at 17280533, window [51841595, 86402659) of share [69122128, 103683192), accumulated): redistribute 0.026 ntt 0.464 crt 0.002 out 0.034 spills+carry 0.017 total 0.543 s
dist_mn node 3: 2^26 = 2^13 x 2^13 over 4 x 4 ranks, 4 primes, P24 (rows 512..512; 69122129 + 17280533 limbs at 17280533, window [86402659, 86402662) of share [103683192, 138244257), accumulated): redistribute 0.029 ntt 0.462 crt 0.002 out 0.033 spills+carry 0.018 total 0.543 s
dist_mn node 0: 2^26 = 2^13 x 2^13 over 4 x 4 ranks, 4 primes, P24 (rows 512..512; 69122129 + 17280533 limbs at 34561066, window [0, 0) of share [0, 34561064), accumulated): redistribute 0.033 ntt 0.450 crt 0.002 out 0.034 spills+carry 0.017 total 0.533 s
dist_mn node 1: 2^26 = 2^13 x 2^13 over 4 x 4 ranks, 4 primes, P24 (rows 512..512; 69122129 + 17280533 limbs at 34561066, window [0, 34561062) of share [34561064, 69122128), accumulated): redistribute 0.032 ntt 0.450 crt 0.002 out 0.037 spills+carry 0.017 total 0.533 s
dist_mn node 2: 2^26 = 2^13 x 2^13 over 4 x 4 ranks, 4 primes, P24 (rows 512..512; 69122129 + 17280533 limbs at 34561066, window [34561062, 69122126) of share [69122128, 103683192), accumulated): redistribute 0.032 ntt 0.448 crt 0.002 out 0.036 spills+carry 0.017 total 0.533 s
dist_mn node 3: 2^26 = 2^13 x 2^13 over 4 x 4 ranks, 4 primes, P24 (rows 512..512; 69122129 + 17280533 limbs at 34561066, window [69122126, 86402662) of share [103683192, 138244257), accumulated): redistribute 0.040 ntt 0.448 crt 0.001 out 0.033 spills+carry 0.017 total 0.533 s
dist_mn node 0: 2^26 = 2^13 x 2^13 over 4 x 4 ranks, 4 primes, P24 (rows 512..512; 69122129 + 17280530 limbs at 51841599, window [0, 0) of share [0, 34561064), accumulated): redistribute 0.031 ntt 0.443 crt 0.001 out 0.031 spills+carry 0.017 total 0.522 s
dist_mn node 0: 69122129 x 69122129 limbs over 4 x 4 ranks (cap 2^26 points, P24): 1 x 4 pieces, 4 formed, 0 skipped (low product) (low cut) (cache 0 slots: 2 hits, 6 misses)
dist_mn node 1: 2^26 = 2^13 x 2^13 over 4 x 4 ranks, 4 primes, P24 (rows 512..512; 69122129 + 17280530 limbs at 51841599, window [0, 17280529) of share [34561064, 69122128), accumulated): redistribute 0.036 ntt 0.445 crt 0.001 out 0.030 spills+carry 0.017 total 0.522 s
dist_mn node 1: 69122129 x 69122129 limbs over 4 x 4 ranks (cap 2^26 points, P24): 1 x 4 pieces, 4 formed, 0 skipped (low product) (low cut) (cache 0 slots: 2 hits, 6 misses)
dist_mn node 2: 2^26 = 2^13 x 2^13 over 4 x 4 ranks, 4 primes, P24 (rows 512..512; 69122129 + 17280530 limbs at 51841599, window [17280529, 51841593) of share [69122128, 103683192), accumulated): redistribute 0.032 ntt 0.447 crt 0.001 out 0.027 spills+carry 0.017 total 0.522 s
dist_mn node 2: 69122129 x 69122129 limbs over 4 x 4 ranks (cap 2^26 points, P24): 1 x 4 pieces, 4 formed, 0 skipped (low product) (low cut) (cache 0 slots: 2 hits, 6 misses)
dist_mn node 3: 2^26 = 2^13 x 2^13 over 4 x 4 ranks, 4 primes, P24 (rows 512..512; 69122129 + 17280530 limbs at 51841599, window [51841593, 86402658) of share [103683192, 138244257), accumulated): redistribute 0.031 ntt 0.441 crt 0.001 out 0.032 spills+carry 0.017 total 0.522 s
dist_mn node 3: 69122129 x 69122129 limbs over 4 x 4 ranks (cap 2^26 points, P24): 1 x 4 pieces, 4 formed, 0 skipped (low product) (low cut) (cache 0 slots: 2 hits, 6 misses)
dist_mn node 0: 69122129 + 69122129 limbs -> 138244257 (share 34561064): redistribute 0.158 ntt 1.853 crt 0.007 out 0.135 spills+carry 0.054, total 2.177 s
dist_mn node 1: 69122129 + 69122129 limbs -> 138244257 (share 34561064): redistribute 0.164 ntt 1.853 crt 0.008 out 0.139 spills+carry 0.053, total 2.177 s
dist_mn node 2: 69122129 + 69122129 limbs -> 138244257 (share 34561064): redistribute 0.152 ntt 1.865 crt 0.007 out 0.134 spills+carry 0.053, total 2.177 s
dist_mn node 3: 69122129 + 69122129 limbs -> 138244257 (share 34561065): redistribute 0.161 ntt 1.852 crt 0.006 out 0.140 spills+carry 0.053, total 2.177 s
dist_mn node 0: 2^26 = 2^13 x 2^13 over 4 x 4 ranks, 4 primes, P24 (rows 512..512; 69122129 + 17280533 limbs at 0, window [0, 34561064) of share [0, 34561064)): redistribute 0.083 ntt 0.502 crt 0.001 out 0.034 spills+carry 0.002 total 0.570 s
dist_mn node 1: 2^26 = 2^13 x 2^13 over 4 x 4 ranks, 4 primes, P24 (rows 512..512; 69122129 + 17280533 limbs at 0, window [34561064, 69122129) of share [34561064, 69122129)): redistribute 0.083 ntt 0.505 crt 0.001 out 0.038 spills+carry 0.002 total 0.570 s
dist_mn node 2: 2^26 = 2^13 x 2^13 over 4 x 4 ranks, 4 primes, P24 (rows 512..512; 69122129 + 17280533 limbs at 0, window [69122129, 86402662) of share [69122129, 103683193)): redistribute 0.082 ntt 0.502 crt 0.001 out 0.039 spills+carry 0.002 total 0.570 s
dist_mn node 3: 2^26 = 2^13 x 2^13 over 4 x 4 ranks, 4 primes, P24 (rows 512..512; 69122129 + 17280533 limbs at 0, window [86402662, 86402662) of share [103683193, 138244258)): redistribute 0.083 ntt 0.506 crt 0.002 out 0.036 spills+carry 0.002 total 0.570 s
dist_mn node 0: 2^26 = 2^13 x 2^13 over 4 x 4 ranks, 4 primes, P24 (rows 512..512; 69122129 + 17280533 limbs at 17280533, window [0, 17280531) of share [0, 34561064), accumulated): redistribute 0.031 ntt 0.469 crt 0.003 out 0.041 spills+carry 0.018 total 0.561 s
dist_mn node 1: 2^26 = 2^13 x 2^13 over 4 x 4 ranks, 4 primes, P24 (rows 512..512; 69122129 + 17280533 limbs at 17280533, window [17280531, 51841596) of share [34561064, 69122129), accumulated): redistribute 0.032 ntt 0.468 crt 0.002 out 0.041 spills+carry 0.018 total 0.561 s
dist_mn node 2: 2^26 = 2^13 x 2^13 over 4 x 4 ranks, 4 primes, P24 (rows 512..512; 69122129 + 17280533 limbs at 17280533, window [51841596, 86402660) of share [69122129, 103683193), accumulated): redistribute 0.039 ntt 0.466 crt 0.003 out 0.041 spills+carry 0.018 total 0.561 s
dist_mn node 3: 2^26 = 2^13 x 2^13 over 4 x 4 ranks, 4 primes, P24 (rows 512..512; 69122129 + 17280533 limbs at 17280533, window [86402660, 86402662) of share [103683193, 138244258), accumulated): redistribute 0.033 ntt 0.465 crt 0.002 out 0.043 spills+carry 0.018 total 0.561 s
dist_mn node 0: 2^26 = 2^13 x 2^13 over 4 x 4 ranks, 4 primes, P24 (rows 512..512; 69122129 + 17280533 limbs at 34561066, window [0, 0) of share [0, 34561064), accumulated): redistribute 0.033 ntt 0.445 crt 0.002 out 0.032 spills+carry 0.016 total 0.523 s
dist_mn node 1: 2^26 = 2^13 x 2^13 over 4 x 4 ranks, 4 primes, P24 (rows 512..512; 69122129 + 17280533 limbs at 34561066, window [0, 34561063) of share [34561064, 69122129), accumulated): redistribute 0.029 ntt 0.450 crt 0.001 out 0.032 spills+carry 0.017 total 0.523 s
dist_mn node 2: 2^26 = 2^13 x 2^13 over 4 x 4 ranks, 4 primes, P24 (rows 512..512; 69122129 + 17280533 limbs at 34561066, window [34561063, 69122127) of share [69122129, 103683193), accumulated): redistribute 0.034 ntt 0.446 crt 0.002 out 0.032 spills+carry 0.017 total 0.523 s
dist_mn node 3: 2^26 = 2^13 x 2^13 over 4 x 4 ranks, 4 primes, P24 (rows 512..512; 69122129 + 17280533 limbs at 34561066, window [69122127, 86402662) of share [103683193, 138244258), accumulated): redistribute 0.037 ntt 0.444 crt 0.002 out 0.035 spills+carry 0.017 total 0.523 s
dist_mn node 0: 2^26 = 2^13 x 2^13 over 4 x 4 ranks, 4 primes, P24 (rows 512..512; 69122129 + 17280530 limbs at 51841599, window [0, 0) of share [0, 34561064), accumulated): redistribute 0.028 ntt 0.467 crt 0.002 out 0.031 spills+carry 0.016 total 0.543 s
dist_mn node 0: 69122129 x 69122129 limbs over 4 x 4 ranks (cap 2^26 points, P24): 1 x 4 pieces, 4 formed, 0 skipped (low cut) (cache 0 slots: 2 hits, 6 misses)
dist_mn node 1: 2^26 = 2^13 x 2^13 over 4 x 4 ranks, 4 primes, P24 (rows 512..512; 69122129 + 17280530 limbs at 51841599, window [0, 17280530) of share [34561064, 69122129), accumulated): redistribute 0.027 ntt 0.465 crt 0.002 out 0.033 spills+carry 0.016 total 0.543 s
dist_mn node 1: 69122129 x 69122129 limbs over 4 x 4 ranks (cap 2^26 points, P24): 1 x 4 pieces, 4 formed, 0 skipped (low cut) (cache 0 slots: 2 hits, 6 misses)
dist_mn node 2: 2^26 = 2^13 x 2^13 over 4 x 4 ranks, 4 primes, P24 (rows 512..512; 69122129 + 17280530 limbs at 51841599, window [17280530, 51841594) of share [69122129, 103683193), accumulated): redistribute 0.029 ntt 0.467 crt 0.002 out 0.030 spills+carry 0.016 total 0.543 s
dist_mn node 2: 69122129 x 69122129 limbs over 4 x 4 ranks (cap 2^26 points, P24): 1 x 4 pieces, 4 formed, 0 skipped (low cut) (cache 0 slots: 2 hits, 6 misses)
dist_mn node 3: 2^26 = 2^13 x 2^13 over 4 x 4 ranks, 4 primes, P24 (rows 512..512; 69122129 + 17280530 limbs at 51841599, window [51841594, 86402659) of share [103683193, 138244258), accumulated): redistribute 0.029 ntt 0.469 crt 0.002 out 0.028 spills+carry 0.016 total 0.543 s
dist_mn node 3: 69122129 x 69122129 limbs over 4 x 4 ranks (cap 2^26 points, P24): 1 x 4 pieces, 4 formed, 0 skipped (low cut) (cache 0 slots: 2 hits, 6 misses)
dist_mn node 0: 69122129 + 69122129 limbs -> 138244258 (share 34561064): redistribute 0.174 ntt 1.884 crt 0.007 out 0.137 spills+carry 0.053, total 2.201 s
dist_mn node 1: 69122129 + 69122129 limbs -> 138244258 (share 34561065): redistribute 0.171 ntt 1.888 crt 0.006 out 0.144 spills+carry 0.054, total 2.201 s
dist_mn node 2: 69122129 + 69122129 limbs -> 138244258 (share 34561064): redistribute 0.184 ntt 1.881 crt 0.007 out 0.142 spills+carry 0.053, total 2.201 s
dist_mn node 3: 69122129 + 69122129 limbs -> 138244258 (share 34561065): redistribute 0.181 ntt 1.885 crt 0.007 out 0.143 spills+carry 0.054, total 2.201 s
dist_mn node 0: 2^26 = 2^13 x 2^13 over 4 x 4 ranks, 4 primes, P24 (rows 512..512; 69122129 + 17280533 limbs at 0, window [0, 34561064) of share [0, 34561064)): redistribute 0.084 ntt 0.530 crt 0.002 out 0.040 spills+carry 0.002 total 0.604 s
dist_mn node 1: 2^26 = 2^13 x 2^13 over 4 x 4 ranks, 4 primes, P24 (rows 512..512; 69122129 + 17280533 limbs at 0, window [34561064, 69122128) of share [34561064, 69122128)): redistribute 0.081 ntt 0.532 crt 0.002 out 0.040 spills+carry 0.002 total 0.604 s
dist_mn node 2: 2^26 = 2^13 x 2^13 over 4 x 4 ranks, 4 primes, P24 (rows 512..512; 69122129 + 17280533 limbs at 0, window [69122128, 86402662) of share [69122128, 103683192)): redistribute 0.085 ntt 0.537 crt 0.002 out 0.036 spills+carry 0.002 total 0.604 s
dist_mn node 3: 2^26 = 2^13 x 2^13 over 4 x 4 ranks, 4 primes, P24 (rows 512..512; 69122129 + 17280533 limbs at 0, window [86402662, 86402662) of share [103683192, 138244257)): redistribute 0.080 ntt 0.533 crt 0.002 out 0.041 spills+carry 0.002 total 0.604 s
dist_mn node 0: 2^26 = 2^13 x 2^13 over 4 x 4 ranks, 4 primes, P24 (rows 512..512; 69122129 + 17280533 limbs at 17280533, window [0, 17280531) of share [0, 34561064), accumulated): redistribute 0.027 ntt 0.477 crt 0.002 out 0.040 spills+carry 0.015 total 0.562 s
dist_mn node 1: 2^26 = 2^13 x 2^13 over 4 x 4 ranks, 4 primes, P24 (rows 512..512; 69122129 + 17280533 limbs at 17280533, window [17280531, 51841595) of share [34561064, 69122128), accumulated): redistribute 0.027 ntt 0.476 crt 0.002 out 0.043 spills+carry 0.015 total 0.562 s
dist_mn node 2: 2^26 = 2^13 x 2^13 over 4 x 4 ranks, 4 primes, P24 (rows 512..512; 69122129 + 17280533 limbs at 17280533, window [51841595, 86402659) of share [69122128, 103683192), accumulated): redistribute 0.028 ntt 0.477 crt 0.002 out 0.041 spills+carry 0.015 total 0.562 s
dist_mn node 3: 2^26 = 2^13 x 2^13 over 4 x 4 ranks, 4 primes, P24 (rows 512..512; 69122129 + 17280533 limbs at 17280533, window [86402659, 86402662) of share [103683192, 138244257), accumulated): redistribute 0.026 ntt 0.477 crt 0.003 out 0.040 spills+carry 0.015 total 0.562 s
dist_mn node 0: 2^26 = 2^13 x 2^13 over 4 x 4 ranks, 4 primes, P24 (rows 512..512; 69122129 + 17280533 limbs at 34561066, window [0, 0) of share [0, 34561064), accumulated): redistribute 0.034 ntt 0.453 crt 0.002 out 0.032 spills+carry 0.017 total 0.536 s
dist_mn node 1: 2^26 = 2^13 x 2^13 over 4 x 4 ranks, 4 primes, P24 (rows 512..512; 69122129 + 17280533 limbs at 34561066, window [0, 34561062) of share [34561064, 69122128), accumulated): redistribute 0.032 ntt 0.458 crt 0.002 out 0.029 spills+carry 0.016 total 0.536 s
dist_mn node 2: 2^26 = 2^13 x 2^13 over 4 x 4 ranks, 4 primes, P24 (rows 512..512; 69122129 + 17280533 limbs at 34561066, window [34561062, 69122126) of share [69122128, 103683192), accumulated): redistribute 0.033 ntt 0.456 crt 0.001 out 0.030 spills+carry 0.016 total 0.536 s
dist_mn node 3: 2^26 = 2^13 x 2^13 over 4 x 4 ranks, 4 primes, P24 (rows 512..512; 69122129 + 17280533 limbs at 34561066, window [69122126, 86402662) of share [103683192, 138244257), accumulated): redistribute 0.033 ntt 0.456 crt 0.002 out 0.032 spills+carry 0.016 total 0.536 s
dist_mn node 0: 2^26 = 2^13 x 2^13 over 4 x 4 ranks, 4 primes, P24 (rows 512..512; 69122129 + 17280530 limbs at 51841599, window [0, 0) of share [0, 34561064), accumulated): redistribute 0.030 ntt 0.452 crt 0.001 out 0.029 spills+carry 0.016 total 0.529 s
dist_mn node 0: 69122129 x 69122129 limbs over 4 x 4 ranks (cap 2^26 points, P24): 1 x 4 pieces, 4 formed, 0 skipped (low product) (low cut) (cache 0 slots: 2 hits, 6 misses)
dist_mn node 1: 2^26 = 2^13 x 2^13 over 4 x 4 ranks, 4 primes, P24 (rows 512..512; 69122129 + 17280530 limbs at 51841599, window [0, 17280529) of share [34561064, 69122128), accumulated): redistribute 0.028 ntt 0.455 crt 0.002 out 0.028 spills+carry 0.016 total 0.529 s
dist_mn node 1: 69122129 x 69122129 limbs over 4 x 4 ranks (cap 2^26 points, P24): 1 x 4 pieces, 4 formed, 0 skipped (low product) (low cut) (cache 0 slots: 2 hits, 6 misses)
dist_mn node 2: 2^26 = 2^13 x 2^13 over 4 x 4 ranks, 4 primes, P24 (rows 512..512; 69122129 + 17280530 limbs at 51841599, window [17280529, 51841593) of share [69122128, 103683192), accumulated): redistribute 0.027 ntt 0.452 crt 0.002 out 0.030 spills+carry 0.016 total 0.529 s
dist_mn node 2: 69122129 x 69122129 limbs over 4 x 4 ranks (cap 2^26 points, P24): 1 x 4 pieces, 4 formed, 0 skipped (low product) (low cut) (cache 0 slots: 2 hits, 6 misses)
dist_mn node 3: 2^26 = 2^13 x 2^13 over 4 x 4 ranks, 4 primes, P24 (rows 512..512; 69122129 + 17280530 limbs at 51841599, window [51841593, 86402658) of share [103683192, 138244257), accumulated): redistribute 0.029 ntt 0.451 crt 0.002 out 0.030 spills+carry 0.016 total 0.529 s
dist_mn node 3: 69122129 x 69122129 limbs over 4 x 4 ranks (cap 2^26 points, P24): 1 x 4 pieces, 4 formed, 0 skipped (low product) (low cut) (cache 0 slots: 2 hits, 6 misses)
dist_mn node 0: 69122129 + 69122129 limbs -> 138244257 (share 34561064): redistribute 0.174 ntt 1.913 crt 0.008 out 0.141 spills+carry 0.050, total 2.233 s
dist_mn node 1: 69122129 + 69122129 limbs -> 138244257 (share 34561064): redistribute 0.167 ntt 1.921 crt 0.007 out 0.140 spills+carry 0.050, total 2.233 s
dist_mn node 2: 69122129 + 69122129 limbs -> 138244257 (share 34561064): redistribute 0.173 ntt 1.922 crt 0.007 out 0.137 spills+carry 0.048, total 2.233 s
dist_mn node 3: 69122129 + 69122129 limbs -> 138244257 (share 34561065): redistribute 0.168 ntt 1.917 crt 0.008 out 0.144 spills+carry 0.049, total 2.233 s
dist_mn node 0: 69122129 x 69122129 limbs over 4 x 4 ranks (cap 2^26 points, P24): 1 x 4 pieces, 0 formed, 4 skipped (low cut) (cache 0 slots: 2 hits, 6 misses)
dist_mn node 1: 69122129 x 69122129 limbs over 4 x 4 ranks (cap 2^26 points, P24): 1 x 4 pieces, 0 formed, 4 skipped (low cut) (cache 0 slots: 2 hits, 6 misses)
dist_mn node 2: 69122129 x 69122129 limbs over 4 x 4 ranks (cap 2^26 points, P24): 1 x 4 pieces, 0 formed, 4 skipped (low cut) (cache 0 slots: 2 hits, 6 misses)
dist_mn node 3: 69122129 x 69122129 limbs over 4 x 4 ranks (cap 2^26 points, P24): 1 x 4 pieces, 0 formed, 4 skipped (low cut) (cache 0 slots: 2 hits, 6 misses)
dist_mn node 0: 69122129 + 69122129 limbs -> 0 (share 34561064): redistribute 0.000 ntt 0.000 crt 0.000 out 0.000 spills+carry 0.000, total 0.003 s
dist_mn node 1: 69122129 + 69122129 limbs -> 0 (share 34561065): redistribute 0.000 ntt 0.000 crt 0.000 out 0.000 spills+carry 0.000, total 0.003 s
dist_mn node 2: 69122129 + 69122129 limbs -> 0 (share 34561064): redistribute 0.000 ntt 0.000 crt 0.000 out 0.000 spills+carry 0.000, total 0.003 s
dist_mn node 3: 69122129 + 69122129 limbs -> 0 (share 34561065): redistribute 0.000 ntt 0.000 crt 0.000 out 0.000 spills+carry 0.000, total 0.003 s
mdev 3*2^25 (86402662 limbs): repack 0.136 h2d 0.002 fwd 0.025 inv 0.016 d2h 0.127 crt 0.076 total 0.310 s
mdev 3*2^25 (86402662 limbs): repack 0.152 h2d 0.002 fwd 0.030 inv 0.014 d2h 0.118 crt 0.120 total 0.337 s
mdev 3*2^25 (86402662 limbs): repack 0.183 h2d 0.002 fwd 0.031 inv 0.012 d2h 0.134 crt 0.113 total 0.381 s
mdev 3*2^25 (86402662 limbs): repack 0.183 h2d 0.002 fwd 0.025 inv 0.015 d2h 0.143 crt 0.128 total 0.392 s
mdev 3*2^25 (86402662 limbs): repack 0.180 h2d 0.002 fwd 0.034 inv 0.013 d2h 0.080 crt 0.185 total 0.316 s
mdev 3*2^25 (86402662 limbs): repack 0.142 h2d 0.002 fwd 0.034 inv 0.016 d2h 0.180 crt 0.124 total 0.377 s
mdev 3*2^25 (86402662 limbs): repack 0.145 h2d 0.002 fwd 0.025 inv 0.017 d2h 0.184 crt 0.107 total 0.379 s
mdev 3*2^25 (86402662 limbs): repack 0.151 h2d 0.002 fwd 0.035 inv 0.007 d2h 0.238 crt 0.129 total 0.443 s
mdev 3*2^25 (86402662 limbs): repack 0.180 h2d 0.002 fwd 0.011 inv 0.006 d2h 0.139 crt 0.178 total 0.361 s
mdev 3*2^25 (86402662 limbs): repack 0.143 h2d 0.001 fwd 0.022 inv 0.014 d2h 0.255 crt 0.055 total 0.413 s
mdev 3*2^25 (86402662 limbs): repack 0.218 h2d 0.001 fwd 0.026 inv 0.008 d2h 0.190 crt 0.139 total 0.430 s
mdev 3*2^25 (86402662 limbs): repack 0.187 h2d 0.002 fwd 0.024 inv 0.012 d2h 0.211 crt 0.118 total 0.425 s
mdev 3*2^25 (86402659 limbs): repack 0.155 h2d 0.002 fwd 0.010 inv 0.006 d2h 0.176 crt 0.127 total 0.357 s
mdev 3*2^25 (86402659 limbs): repack 0.170 h2d 0.002 fwd 0.010 inv 0.006 d2h 0.117 crt 0.137 total 0.314 s
mdev 3*2^25 (86402659 limbs): repack 0.100 h2d 0.002 fwd 0.020 inv 0.013 d2h 0.075 crt 0.087 total 0.218 s
mdev 3*2^25 (86402659 limbs): repack 0.136 h2d 0.001 fwd 0.023 inv 0.010 d2h 0.120 crt 0.119 total 0.296 s
dist_mn node 0: 69122129 x 69122129 limbs over 4 x 4 ranks (cap 2^26 points, P24): 1 x 4 pieces, 0 formed, 4 skipped (low product) (low cut) (cache 0 slots: 2 hits, 6 misses)
dist_mn node 1: 69122129 x 69122129 limbs over 4 x 4 ranks (cap 2^26 points, P24): 1 x 4 pieces, 0 formed, 4 skipped (low product) (low cut) (cache 0 slots: 2 hits, 6 misses)
dist_mn node 2: 69122129 x 69122129 limbs over 4 x 4 ranks (cap 2^26 points, P24): 1 x 4 pieces, 0 formed, 4 skipped (low product) (low cut) (cache 0 slots: 2 hits, 6 misses)
dist_mn node 3: 69122129 x 69122129 limbs over 4 x 4 ranks (cap 2^26 points, P24): 1 x 4 pieces, 0 formed, 4 skipped (low product) (low cut) (cache 0 slots: 2 hits, 6 misses)
dist_mn node 0: 69122129 + 69122129 limbs -> 0 (share 34561064): redistribute 0.000 ntt 0.000 crt 0.000 out 0.000 spills+carry 0.000, total 0.002 s
dist_mn node 2: 69122129 + 69122129 limbs -> 0 (share 34561064): redistribute 0.000 ntt 0.000 crt 0.000 out 0.000 spills+carry 0.000, total 0.002 s
dist_mn node 3: 69122129 + 69122129 limbs -> 0 (share 34561065): redistribute 0.000 ntt 0.000 crt 0.000 out 0.000 spills+carry 0.000, total 0.002 s
dist_mn node 1: 69122129 + 69122129 limbs -> 0 (share 34561064): redistribute 0.000 ntt 0.000 crt 0.000 out 0.000 spills+carry 0.000, total 0.002 s
mdev 3*2^25 (86402662 limbs): repack 0.162 h2d 0.002 fwd 0.029 inv 0.015 d2h 0.082 crt 0.088 total 0.309 s
mdev 3*2^25 (86402662 limbs): repack 0.157 h2d 0.001 fwd 0.027 inv 0.016 d2h 0.205 crt 0.147 total 0.437 s
mdev 3*2^25 (86402662 limbs): repack 0.176 h2d 0.002 fwd 0.026 inv 0.017 d2h 0.257 crt 0.085 total 0.474 s
mdev 3*2^25 (86402662 limbs): repack 0.136 h2d 0.002 fwd 0.029 inv 0.015 d2h 0.275 crt 0.079 total 0.463 s
mdev 3*2^25 (86402662 limbs): repack 0.171 h2d 0.002 fwd 0.009 inv 0.006 d2h 0.193 crt 0.172 total 0.390 s
mdev 3*2^25 (86402662 limbs): repack 0.159 h2d 0.001 fwd 0.026 inv 0.008 d2h 0.046 crt 0.048 total 0.246 s
mdev 3*2^25 (86402662 limbs): repack 0.189 h2d 0.001 fwd 0.013 inv 0.014 d2h 0.142 crt 0.082 total 0.374 s
mdev 3*2^25 (86402662 limbs): repack 0.182 h2d 0.002 fwd 0.020 inv 0.010 d2h 0.144 crt 0.155 total 0.369 s
mdev 3*2^25 (86402662 limbs): repack 0.192 h2d 0.002 fwd 0.010 inv 0.006 d2h 0.109 crt 0.185 total 0.328 s
mdev 3*2^25 (86402662 limbs): repack 0.153 h2d 0.002 fwd 0.012 inv 0.012 d2h 0.241 crt 0.108 total 0.416 s
mdev 3*2^25 (86402662 limbs): repack 0.206 h2d 0.002 fwd 0.016 inv 0.010 d2h 0.257 crt 0.146 total 0.499 s
mdev 3*2^25 (86402662 limbs): repack 0.154 h2d 0.001 fwd 0.009 inv 0.007 d2h 0.194 crt 0.126 total 0.377 s
mdev 3*2^25 (86402659 limbs): repack 0.100 h2d 0.001 fwd 0.010 inv 0.006 d2h 0.195 crt 0.084 total 0.319 s
mdev 3*2^25 (86402659 limbs): repack 0.101 h2d 0.002 fwd 0.010 inv 0.008 d2h 0.262 crt 0.100 total 0.383 s
mdev 3*2^25 (86402659 limbs): repack 0.126 h2d 0.002 fwd 0.022 inv 0.009 d2h 0.196 crt 0.056 total 0.344 s
mdev 3*2^25 (86402659 limbs): repack 0.201 h2d 0.002 fwd 0.016 inv 0.014 d2h 0.180 crt 0.139 total 0.408 s
dist_mn node 0: 2^26 = 2^13 x 2^13 over 4 x 4 ranks, 4 primes, P24 (rows 512..512; 69122129 + 17280533 limbs at 0, window [0, 34561064) of share [0, 34561064)): redistribute 0.041 ntt 0.467 crt 0.002 out 0.035 spills+carry 0.002 total 0.535 s
dist_mn node 1: 2^26 = 2^13 x 2^13 over 4 x 4 ranks, 4 primes, P24 (rows 512..512; 69122129 + 17280533 limbs at 0, window [34561064, 69122129) of share [34561064, 69122129)): redistribute 0.037 ntt 0.470 crt 0.002 out 0.034 spills+carry 0.002 total 0.535 s
dist_mn node 2: 2^26 = 2^13 x 2^13 over 4 x 4 ranks, 4 primes, P24 (rows 512..512; 69122129 + 17280533 limbs at 0, window [69122129, 86402662) of share [69122129, 103683193)): redistribute 0.041 ntt 0.469 crt 0.002 out 0.034 spills+carry 0.002 total 0.535 s
dist_mn node 3: 2^26 = 2^13 x 2^13 over 4 x 4 ranks, 4 primes, P24 (rows 512..512; 69122129 + 17280533 limbs at 0, window [86402662, 86402662) of share [103683193, 138244258)): redistribute 0.037 ntt 0.468 crt 0.002 out 0.035 spills+carry 0.002 total 0.535 s
dist_mn node 0: 2^26 = 2^13 x 2^13 over 4 x 4 ranks, 4 primes, P24 (rows 512..512; 69122129 + 17280533 limbs at 17280533, window [0, 17280531) of share [0, 34561064), accumulated): redistribute 0.033 ntt 0.447 crt 0.002 out 0.037 spills+carry 0.016 total 0.534 s
dist_mn node 1: 2^26 = 2^13 x 2^13 over 4 x 4 ranks, 4 primes, P24 (rows 512..512; 69122129 + 17280533 limbs at 17280533, window [17280531, 51841596) of share [34561064, 69122129), accumulated): redistribute 0.033 ntt 0.448 crt 0.002 out 0.036 spills+carry 0.016 total 0.535 s
dist_mn node 2: 2^26 = 2^13 x 2^13 over 4 x 4 ranks, 4 primes, P24 (rows 512..512; 69122129 + 17280533 limbs at 17280533, window [51841596, 86402660) of share [69122129, 103683193), accumulated): redistribute 0.029 ntt 0.455 crt 0.002 out 0.033 spills+carry 0.016 total 0.535 s
dist_mn node 3: 2^26 = 2^13 x 2^13 over 4 x 4 ranks, 4 primes, P24 (rows 512..512; 69122129 + 17280533 limbs at 17280533, window [86402660, 86402662) of share [103683193, 138244258), accumulated): redistribute 0.033 ntt 0.446 crt 0.002 out 0.039 spills+carry 0.016 total 0.535 s
dist_mn node 0: 2^26 = 2^13 x 2^13 over 4 x 4 ranks, 4 primes, P24 (rows 512..512; 69122129 + 17280533 limbs at 34561066, window [0, 0) of share [0, 34561064), accumulated): redistribute 0.030 ntt 0.453 crt 0.002 out 0.027 spills+carry 0.018 total 0.529 s
dist_mn node 1: 2^26 = 2^13 x 2^13 over 4 x 4 ranks, 4 primes, P24 (rows 512..512; 69122129 + 17280533 limbs at 34561066, window [0, 34561063) of share [34561064, 69122129), accumulated): redistribute 0.029 ntt 0.452 crt 0.001 out 0.029 spills+carry 0.018 total 0.529 s
dist_mn node 2: 2^26 = 2^13 x 2^13 over 4 x 4 ranks, 4 primes, P24 (rows 512..512; 69122129 + 17280533 limbs at 34561066, window [34561063, 69122127) of share [69122129, 103683193), accumulated): redistribute 0.031 ntt 0.451 crt 0.002 out 0.028 spills+carry 0.017 total 0.529 s
dist_mn node 3: 2^26 = 2^13 x 2^13 over 4 x 4 ranks, 4 primes, P24 (rows 512..512; 69122129 + 17280533 limbs at 34561066, window [69122127, 86402662) of share [103683193, 138244258), accumulated): redistribute 0.031 ntt 0.453 crt 0.001 out 0.028 spills+carry 0.018 total 0.529 s
dist_mn node 0: 2^26 = 2^13 x 2^13 over 4 x 4 ranks, 4 primes, P24 (rows 512..512; 69122129 + 17280530 limbs at 51841599, window [0, 0) of share [0, 34561064), accumulated): redistribute 0.030 ntt 0.443 crt 0.003 out 0.029 spills+carry 0.016 total 0.521 s
dist_mn node 0: 69122129 x 69122129 limbs over 4 x 4 ranks (cap 2^26 points, P24): 1 x 4 pieces, 4 formed, 0 skipped (cache 0 slots: 2 hits, 6 misses)
dist_mn node 1: 2^26 = 2^13 x 2^13 over 4 x 4 ranks, 4 primes, P24 (rows 512..512; 69122129 + 17280530 limbs at 51841599, window [0, 17280530) of share [34561064, 69122129), accumulated): redistribute 0.030 ntt 0.445 crt 0.002 out 0.029 spills+carry 0.015 total 0.521 s
dist_mn node 1: 69122129 x 69122129 limbs over 4 x 4 ranks (cap 2^26 points, P24): 1 x 4 pieces, 4 formed, 0 skipped (cache 0 slots: 2 hits, 6 misses)
dist_mn node 2: 2^26 = 2^13 x 2^13 over 4 x 4 ranks, 4 primes, P24 (rows 512..512; 69122129 + 17280530 limbs at 51841599, window [17280530, 51841594) of share [69122129, 103683193), accumulated): redistribute 0.029 ntt 0.445 crt 0.003 out 0.029 spills+carry 0.015 total 0.521 s
dist_mn node 2: 69122129 x 69122129 limbs over 4 x 4 ranks (cap 2^26 points, P24): 1 x 4 pieces, 4 formed, 0 skipped (cache 0 slots: 2 hits, 6 misses)
dist_mn node 3: 2^26 = 2^13 x 2^13 over 4 x 4 ranks, 4 primes, P24 (rows 512..512; 69122129 + 17280530 limbs at 51841599, window [51841594, 86402659) of share [103683193, 138244258), accumulated): redistribute 0.030 ntt 0.443 crt 0.003 out 0.030 spills+carry 0.015 total 0.521 s
dist_mn node 3: 69122129 x 69122129 limbs over 4 x 4 ranks (cap 2^26 points, P24): 1 x 4 pieces, 4 formed, 0 skipped (cache 0 slots: 2 hits, 6 misses)
dist_mn node 0: 69122129 + 69122129 limbs -> 138244258 (share 34561064): redistribute 0.135 ntt 1.809 crt 0.009 out 0.129 spills+carry 0.052, total 2.122 s
dist_mn node 1: 69122129 + 69122129 limbs -> 138244258 (share 34561065): redistribute 0.129 ntt 1.814 crt 0.007 out 0.129 spills+carry 0.052, total 2.256 s
dist_mn node 2: 69122129 + 69122129 limbs -> 138244258 (share 34561064): redistribute 0.129 ntt 1.820 crt 0.009 out 0.125 spills+carry 0.051, total 2.131 s
dist_mn node 3: 69122129 + 69122129 limbs -> 138244258 (share 34561065): redistribute 0.130 ntt 1.810 crt 0.007 out 0.132 spills+carry 0.052, total 2.482 s
dist_mn node 0: 2^26 = 2^13 x 2^13 over 4 x 4 ranks, 4 primes, P24 (rows 512..512; 69122129 + 17280533 limbs at 0, window [0, 34561064) of share [0, 34561064)): redistribute 0.086 ntt 0.507 crt 0.002 out 0.043 spills+carry 0.002 total 0.584 s
dist_mn node 1: 2^26 = 2^13 x 2^13 over 4 x 4 ranks, 4 primes, P24 (rows 512..512; 69122129 + 17280533 limbs at 0, window [34561064, 69122128) of share [34561064, 69122128)): redistribute 0.086 ntt 0.508 crt 0.002 out 0.041 spills+carry 0.002 total 0.584 s
dist_mn node 2: 2^26 = 2^13 x 2^13 over 4 x 4 ranks, 4 primes, P24 (rows 512..512; 69122129 + 17280533 limbs at 0, window [69122128, 86402662) of share [69122128, 103683192)): redistribute 0.082 ntt 0.511 crt 0.002 out 0.040 spills+carry 0.002 total 0.584 s
dist_mn node 3: 2^26 = 2^13 x 2^13 over 4 x 4 ranks, 4 primes, P24 (rows 512..512; 69122129 + 17280533 limbs at 0, window [86402662, 86402662) of share [103683192, 138244257)): redistribute 0.084 ntt 0.504 crt 0.002 out 0.045 spills+carry 0.002 total 0.584 s
dist_mn node 0: 2^26 = 2^13 x 2^13 over 4 x 4 ranks, 4 primes, P24 (rows 512..512; 69122129 + 17280533 limbs at 17280533, window [0, 17280531) of share [0, 34561064), accumulated): redistribute 0.031 ntt 0.447 crt 0.002 out 0.033 spills+carry 0.015 total 0.526 s
dist_mn node 1: 2^26 = 2^13 x 2^13 over 4 x 4 ranks, 4 primes, P24 (rows 512..512; 69122129 + 17280533 limbs at 17280533, window [17280531, 51841595) of share [34561064, 69122128), accumulated): redistribute 0.031 ntt 0.449 crt 0.002 out 0.030 spills+carry 0.015 total 0.526 s
dist_mn node 2: 2^26 = 2^13 x 2^13 over 4 x 4 ranks, 4 primes, P24 (rows 512..512; 69122129 + 17280533 limbs at 17280533, window [51841595, 86402659) of share [69122128, 103683192), accumulated): redistribute 0.028 ntt 0.450 crt 0.002 out 0.031 spills+carry 0.015 total 0.525 s
dist_mn node 3: 2^26 = 2^13 x 2^13 over 4 x 4 ranks, 4 primes, P24 (rows 512..512; 69122129 + 17280533 limbs at 17280533, window [86402659, 86402662) of share [103683192, 138244257), accumulated): redistribute 0.032 ntt 0.449 crt 0.002 out 0.028 spills+carry 0.015 total 0.526 s
dist_mn node 0: 2^26 = 2^13 x 2^13 over 4 x 4 ranks, 4 primes, P24 (rows 512..512; 69122129 + 17280533 limbs at 34561066, window [0, 0) of share [0, 34561064), accumulated): redistribute 0.030 ntt 0.452 crt 0.002 out 0.031 spills+carry 0.017 total 0.530 s
dist_mn node 1: 2^26 = 2^13 x 2^13 over 4 x 4 ranks, 4 primes, P24 (rows 512..512; 69122129 + 17280533 limbs at 34561066, window [0, 34561062) of share [34561064, 69122128), accumulated): redistribute 0.028 ntt 0.454 crt 0.002 out 0.029 spills+carry 0.017 total 0.530 s
dist_mn node 3: 2^26 = 2^13 x 2^13 over 4 x 4 ranks, 4 primes, P24 (rows 512..512; 69122129 + 17280533 limbs at 34561066, window [69122126, 86402662) of share [103683192, 138244257), accumulated): redistribute 0.029 ntt 0.453 crt 0.002 out 0.029 spills+carry 0.017 total 0.530 s
dist_mn node 2: 2^26 = 2^13 x 2^13 over 4 x 4 ranks, 4 primes, P24 (rows 512..512; 69122129 + 17280533 limbs at 34561066, window [34561062, 69122126) of share [69122128, 103683192), accumulated): redistribute 0.030 ntt 0.451 crt 0.002 out 0.032 spills+carry 0.017 total 0.530 s
dist_mn node 0: 2^26 = 2^13 x 2^13 over 4 x 4 ranks, 4 primes, P24 (rows 512..512; 69122129 + 17280530 limbs at 51841599, window [0, 0) of share [0, 34561064), accumulated): redistribute 0.030 ntt 0.471 crt 0.002 out 0.028 spills+carry 0.017 total 0.546 s
dist_mn node 0: 69122129 x 69122129 limbs over 4 x 4 ranks (cap 2^26 points, P24): 1 x 4 pieces, 4 formed, 0 skipped (low product) (cache 0 slots: 2 hits, 6 misses)
dist_mn node 1: 2^26 = 2^13 x 2^13 over 4 x 4 ranks, 4 primes, P24 (rows 512..512; 69122129 + 17280530 limbs at 51841599, window [0, 17280529) of share [34561064, 69122128), accumulated): redistribute 0.028 ntt 0.468 crt 0.002 out 0.032 spills+carry 0.016 total 0.546 s
dist_mn node 1: 69122129 x 69122129 limbs over 4 x 4 ranks (cap 2^26 points, P24): 1 x 4 pieces, 4 formed, 0 skipped (low product) (cache 0 slots: 2 hits, 6 misses)
dist_mn node 2: 2^26 = 2^13 x 2^13 over 4 x 4 ranks, 4 primes, P24 (rows 512..512; 69122129 + 17280530 limbs at 51841599, window [17280529, 51841593) of share [69122128, 103683192), accumulated): redistribute 0.028 ntt 0.469 crt 0.002 out 0.031 spills+carry 0.016 total 0.546 s
dist_mn node 2: 69122129 x 69122129 limbs over 4 x 4 ranks (cap 2^26 points, P24): 1 x 4 pieces, 4 formed, 0 skipped (low product) (cache 0 slots: 2 hits, 6 misses)
dist_mn node 3: 2^26 = 2^13 x 2^13 over 4 x 4 ranks, 4 primes, P24 (rows 512..512; 69122129 + 17280530 limbs at 51841599, window [51841593, 86402658) of share [103683192, 138244257), accumulated): redistribute 0.029 ntt 0.466 crt 0.002 out 0.033 spills+carry 0.016 total 0.546 s
dist_mn node 3: 69122129 x 69122129 limbs over 4 x 4 ranks (cap 2^26 points, P24): 1 x 4 pieces, 4 formed, 0 skipped (low product) (cache 0 slots: 2 hits, 6 misses)
dist_mn node 1: 69122129 + 69122129 limbs -> 138244257 (share 34561064): redistribute 0.173 ntt 1.880 crt 0.008 out 0.133 spills+carry 0.051, total 2.189 s
dist_mn node 2: 69122129 + 69122129 limbs -> 138244257 (share 34561064): redistribute 0.168 ntt 1.881 crt 0.008 out 0.135 spills+carry 0.051, total 2.189 s
dist_mn node 0: 69122129 + 69122129 limbs -> 138244257 (share 34561064): redistribute 0.177 ntt 1.876 crt 0.009 out 0.135 spills+carry 0.051, total 2.189 s
dist_mn node 3: 69122129 + 69122129 limbs -> 138244257 (share 34561065): redistribute 0.174 ntt 1.872 crt 0.007 out 0.135 spills+carry 0.051, total 2.189 s
dist_mn node 0: 2^26 = 2^13 x 2^13 over 4 x 4 ranks, 4 primes, P24 (rows 512..512; 34561064 + 34561061 limbs at 0, window [0, 25920796) of share [0, 25920796)): redistribute 0.044 ntt 0.471 crt 0.002 out 0.026 spills+carry 0.002 total 0.533 s
dist_mn node 1: 2^26 = 2^13 x 2^13 over 4 x 4 ranks, 4 primes, P24 (rows 512..512; 34561064 + 34561061 limbs at 0, window [25920796, 51841593) of share [25920796, 51841593)): redistribute 0.043 ntt 0.480 crt 0.003 out 0.023 spills+carry 0.002 total 0.533 s
dist_mn node 2: 2^26 = 2^13 x 2^13 over 4 x 4 ranks, 4 primes, P24 (rows 512..512; 34561064 + 34561061 limbs at 0, window [51841593, 69122125) of share [51841593, 77762389)): redistribute 0.046 ntt 0.475 crt 0.003 out 0.028 spills+carry 0.002 total 0.533 s
dist_mn node 3: 2^26 = 2^13 x 2^13 over 4 x 4 ranks, 4 primes, P24 (rows 512..512; 34561064 + 34561061 limbs at 0, window [69122125, 69122125) of share [77762389, 103683186)): redistribute 0.038 ntt 0.478 crt 0.002 out 0.023 spills+carry 0.002 total 0.533 s
dist_mn node 0: 2^26 = 2^13 x 2^13 over 4 x 4 ranks, 4 primes, P24 (rows 512..512; 34561064 + 34561061 limbs at 34561061, window [0, 0) of share [0, 25920796), accumulated): redistribute 0.034 ntt 0.470 crt 0.003 out 0.023 spills+carry 0.011 total 0.538 s
dist_mn node 0: 34561064 x 69122122 limbs over 4 x 4 ranks (cap 2^26 points, P24): 1 x 2 pieces, 2 formed, 0 skipped (cache 0 slots: 0 hits, 0 misses)
dist_mn node 1: 2^26 = 2^13 x 2^13 over 4 x 4 ranks, 4 primes, P24 (rows 512..512; 34561064 + 34561061 limbs at 34561061, window [0, 17280532) of share [25920796, 51841593), accumulated): redistribute 0.030 ntt 0.471 crt 0.003 out 0.025 spills+carry 0.011 total 0.538 s
dist_mn node 1: 34561064 x 69122122 limbs over 4 x 4 ranks (cap 2^26 points, P24): 1 x 2 pieces, 2 formed, 0 skipped (cache 0 slots: 0 hits, 0 misses)
dist_mn node 2: 2^26 = 2^13 x 2^13 over 4 x 4 ranks, 4 primes, P24 (rows 512..512; 34561064 + 34561061 limbs at 34561061, window [17280532, 43201328) of share [51841593, 77762389), accumulated): redistribute 0.038 ntt 0.466 crt 0.003 out 0.023 spills+carry 0.010 total 0.538 s
dist_mn node 2: 34561064 x 69122122 limbs over 4 x 4 ranks (cap 2^26 points, P24): 1 x 2 pieces, 2 formed, 0 skipped (cache 0 slots: 0 hits, 0 misses)
dist_mn node 3: 2^26 = 2^13 x 2^13 over 4 x 4 ranks, 4 primes, P24 (rows 512..512; 34561064 + 34561061 limbs at 34561061, window [43201328, 69122125) of share [77762389, 103683186), accumulated): redistribute 0.029 ntt 0.475 crt 0.003 out 0.021 spills+carry 0.010 total 0.538 s
dist_mn node 3: 34561064 x 69122122 limbs over 4 x 4 ranks (cap 2^26 points, P24): 1 x 2 pieces, 2 formed, 0 skipped (cache 0 slots: 0 hits, 0 misses)
dist_mn node 0: 34561064 + 69122122 limbs -> 103683186 (share 25920796): redistribute 0.078 ntt 0.941 crt 0.004 out 0.049 spills+carry 0.012, total 1.073 s
dist_mn node 1: 34561064 + 69122122 limbs -> 103683186 (share 25920797): redistribute 0.073 ntt 0.951 crt 0.006 out 0.048 spills+carry 0.012, total 1.073 s
dist_mn node 2: 34561064 + 69122122 limbs -> 103683186 (share 25920796): redistribute 0.084 ntt 0.941 crt 0.005 out 0.050 spills+carry 0.012, total 1.073 s
dist_mn node 3: 34561064 + 69122122 limbs -> 103683186 (share 25920797): redistribute 0.067 ntt 0.953 crt 0.005 out 0.045 spills+carry 0.012, total 1.073 s
mdev 2^27 (103683186 limbs): repack 0.190 h2d 0.002 fwd 0.056 inv 0.032 d2h 0.093 crt 0.095 total 0.375 s
mdev 2^27 (103683186 limbs): repack 0.172 h2d 0.003 fwd 0.063 inv 0.037 d2h 0.093 crt 0.101 total 0.375 s
mdev 2^27 (103683186 limbs): repack 0.182 h2d 0.002 fwd 0.069 inv 0.019 d2h 0.117 crt 0.131 total 0.399 s
mdev 2^27 (103683186 limbs): repack 0.167 h2d 0.001 fwd 0.035 inv 0.033 d2h 0.157 crt 0.183 total 0.410 s
dist_mn node 0: 2^26 = 2^13 x 2^13 over 4 x 4 ranks, 4 primes, P24 (rows 512..512; 34561064 + 34561061 limbs at 0, window [0, 8640266) of share [0, 8640266)): redistribute 0.037 ntt 0.440 crt 0.001 out 0.015 spills+carry 0.001 total 0.490 s
dist_mn node 1: 2^26 = 2^13 x 2^13 over 4 x 4 ranks, 4 primes, P24 (rows 512..512; 34561064 + 34561061 limbs at 0, window [8640266, 17280533) of share [8640266, 17280533)): redistribute 0.041 ntt 0.440 crt 0.002 out 0.018 spills+carry 0.001 total 0.489 s
dist_mn node 2: 2^26 = 2^13 x 2^13 over 4 x 4 ranks, 4 primes, P24 (rows 512..512; 34561064 + 34561061 limbs at 0, window [17280533, 25920800) of share [17280533, 25920800)): redistribute 0.031 ntt 0.438 crt 0.002 out 0.018 spills+carry 0.001 total 0.489 s
dist_mn node 3: 2^26 = 2^13 x 2^13 over 4 x 4 ranks, 4 primes, P24 (rows 512..512; 34561064 + 34561061 limbs at 0, window [25920800, 34561067) of share [25920800, 34561067)): redistribute 0.032 ntt 0.439 crt 0.002 out 0.017 spills+carry 0.001 total 0.488 s
dist_mn node 0: 2^26 = 2^13 x 2^13 over 4 x 4 ranks, 4 primes, P24 (rows 512..512; 34561064 + 34561061 limbs at 34561061, window [0, 0) of share [0, 8640266), accumulated): redistribute 0.031 ntt 0.458 crt 0.002 out 0.002 spills+carry 0.001 total 0.491 s
dist_mn node 0: 34561064 x 69122122 limbs over 4 x 4 ranks (cap 2^26 points, P24): 1 x 2 pieces, 2 formed, 0 skipped (low product) (cache 0 slots: 0 hits, 0 misses)
dist_mn node 1: 2^26 = 2^13 x 2^13 over 4 x 4 ranks, 4 primes, P24 (rows 512..512; 34561064 + 34561061 limbs at 34561061, window [0, 0) of share [8640266, 17280533), accumulated): redistribute 0.032 ntt 0.458 crt 0.001 out 0.004 spills+carry 0.001 total 0.491 s
dist_mn node 1: 34561064 x 69122122 limbs over 4 x 4 ranks (cap 2^26 points, P24): 1 x 2 pieces, 2 formed, 0 skipped (low product) (cache 0 slots: 0 hits, 0 misses)
dist_mn node 2: 2^26 = 2^13 x 2^13 over 4 x 4 ranks, 4 primes, P24 (rows 512..512; 34561064 + 34561061 limbs at 34561061, window [0, 0) of share [17280533, 25920800), accumulated): redistribute 0.033 ntt 0.453 crt 0.001 out 0.004 spills+carry 0.001 total 0.491 s
dist_mn node 2: 34561064 x 69122122 limbs over 4 x 4 ranks (cap 2^26 points, P24): 1 x 2 pieces, 2 formed, 0 skipped (low product) (cache 0 slots: 0 hits, 0 misses)
dist_mn node 3: 2^26 = 2^13 x 2^13 over 4 x 4 ranks, 4 primes, P24 (rows 512..512; 34561064 + 34561061 limbs at 34561061, window [0, 6) of share [25920800, 34561067), accumulated): redistribute 0.031 ntt 0.453 crt 0.002 out 0.005 spills+carry 0.001 total 0.491 s
dist_mn node 3: 34561064 x 69122122 limbs over 4 x 4 ranks (cap 2^26 points, P24): 1 x 2 pieces, 2 formed, 0 skipped (low product) (cache 0 slots: 0 hits, 0 misses)
dist_mn node 0: 34561064 + 69122122 limbs -> 34561067 (share 8640266): redistribute 0.067 ntt 0.898 crt 0.003 out 0.018 spills+carry 0.002, total 1.043 s
dist_mn node 2: 34561064 + 69122122 limbs -> 34561067 (share 8640267): redistribute 0.064 ntt 0.891 crt 0.003 out 0.022 spills+carry 0.002, total 0.983 s
dist_mn node 1: 34561064 + 69122122 limbs -> 34561067 (share 8640267): redistribute 0.072 ntt 0.898 crt 0.003 out 0.022 spills+carry 0.002, total 1.060 s
dist_mn node 3: 34561064 + 69122122 limbs -> 34561067 (share 8640267): redistribute 0.063 ntt 0.892 crt 0.003 out 0.022 spills+carry 0.002, total 1.036 s
dist_mn node 0: 2^26 = 2^13 x 2^13 over 4 x 4 ranks, 4 primes, P24 (rows 512..512; 69122129 + 17280533 limbs at 0, window [0, 34561064) of share [0, 34561064)): redistribute 0.037 ntt 0.475 crt 0.002 out 0.031 spills+carry 0.002 total 0.537 s
dist_mn node 1: 2^26 = 2^13 x 2^13 over 4 x 4 ranks, 4 primes, P24 (rows 512..512; 69122129 + 17280533 limbs at 0, window [34561064, 69122129) of share [34561064, 69122129)): redistribute 0.036 ntt 0.475 crt 0.002 out 0.032 spills+carry 0.002 total 0.536 s
dist_mn node 2: 2^26 = 2^13 x 2^13 over 4 x 4 ranks, 4 primes, P24 (rows 512..512; 69122129 + 17280533 limbs at 0, window [69122129, 86402662) of share [69122129, 103683194)): redistribute 0.033 ntt 0.474 crt 0.002 out 0.030 spills+carry 0.002 total 0.532 s
dist_mn node 3: 2^26 = 2^13 x 2^13 over 4 x 4 ranks, 4 primes, P24 (rows 512..512; 69122129 + 17280533 limbs at 0, window [86402662, 86402662) of share [103683194, 138244259)): redistribute 0.031 ntt 0.475 crt 0.001 out 0.029 spills+carry 0.002 total 0.535 s
dist_mn node 0: 2^26 = 2^13 x 2^13 over 4 x 4 ranks, 4 primes, P24 (rows 512..512; 69122129 + 17280533 limbs at 17280533, window [0, 17280531) of share [0, 34561064), accumulated): redistribute 0.028 ntt 0.461 crt 0.002 out 0.032 spills+carry 0.018 total 0.541 s
dist_mn node 1: 2^26 = 2^13 x 2^13 over 4 x 4 ranks, 4 primes, P24 (rows 512..512; 69122129 + 17280533 limbs at 17280533, window [17280531, 51841596) of share [34561064, 69122129), accumulated): redistribute 0.028 ntt 0.461 crt 0.002 out 0.032 spills+carry 0.018 total 0.541 s
dist_mn node 2: 2^26 = 2^13 x 2^13 over 4 x 4 ranks, 4 primes, P24 (rows 512..512; 69122129 + 17280533 limbs at 17280533, window [51841596, 86402661) of share [69122129, 103683194), accumulated): redistribute 0.026 ntt 0.460 crt 0.002 out 0.035 spills+carry 0.018 total 0.541 s
dist_mn node 3: 2^26 = 2^13 x 2^13 over 4 x 4 ranks, 4 primes, P24 (rows 512..512; 69122129 + 17280533 limbs at 17280533, window [86402661, 86402662) of share [103683194, 138244259), accumulated): redistribute 0.027 ntt 0.461 crt 0.002 out 0.034 spills+carry 0.018 total 0.541 s
dist_mn node 0: 2^26 = 2^13 x 2^13 over 4 x 4 ranks, 4 primes, P24 (rows 512..512; 69122129 + 17280533 limbs at 34561066, window [0, 0) of share [0, 34561064), accumulated): redistribute 0.031 ntt 0.443 crt 0.001 out 0.030 spills+carry 0.018 total 0.522 s
dist_mn node 1: 2^26 = 2^13 x 2^13 over 4 x 4 ranks, 4 primes, P24 (rows 512..512; 69122129 + 17280533 limbs at 34561066, window [0, 34561063) of share [34561064, 69122129), accumulated): redistribute 0.032 ntt 0.443 crt 0.001 out 0.029 spills+carry 0.018 total 0.522 s
dist_mn node 2: 2^26 = 2^13 x 2^13 over 4 x 4 ranks, 4 primes, P24 (rows 512..512; 69122129 + 17280533 limbs at 34561066, window [34561063, 69122128) of share [69122129, 103683194), accumulated): redistribute 0.032 ntt 0.443 crt 0.001 out 0.029 spills+carry 0.017 total 0.522 s
dist_mn node 3: 2^26 = 2^13 x 2^13 over 4 x 4 ranks, 4 primes, P24 (rows 512..512; 69122129 + 17280533 limbs at 34561066, window [69122128, 86402662) of share [103683194, 138244259), accumulated): redistribute 0.032 ntt 0.446 crt 0.001 out 0.027 spills+carry 0.018 total 0.522 s
dist_mn node 0: 2^26 = 2^13 x 2^13 over 4 x 4 ranks, 4 primes, P24 (rows 512..512; 69122129 + 17280530 limbs at 51841599, window [0, 0) of share [0, 34561064), accumulated): redistribute 0.029 ntt 0.444 crt 0.002 out 0.030 spills+carry 0.017 total 0.521 s
dist_mn node 1: 2^26 = 2^13 x 2^13 over 4 x 4 ranks, 4 primes, P24 (rows 512..512; 69122129 + 17280530 limbs at 51841599, window [0, 17280530) of share [34561064, 69122129), accumulated): redistribute 0.031 ntt 0.440 crt 0.003 out 0.032 spills+carry 0.017 total 0.521 s
dist_mn node 3: 2^26 = 2^13 x 2^13 over 4 x 4 ranks, 4 primes, P24 (rows 512..512; 69122129 + 17280530 limbs at 51841599, window [51841595, 86402659) of share [103683194, 138244259), accumulated): redistribute 0.030 ntt 0.440 crt 0.003 out 0.033 spills+carry 0.017 total 0.521 s
dist_mn node 2: 2^26 = 2^13 x 2^13 over 4 x 4 ranks, 4 primes, P24 (rows 512..512; 69122129 + 17280530 limbs at 51841599, window [17280530, 51841595) of share [69122129, 103683194), accumulated): redistribute 0.028 ntt 0.444 crt 0.001 out 0.031 spills+carry 0.017 total 0.521 s
mdb_add_shifted node 0: 69122126 limbs at 0 into a basis of 138244259 (my window [0, 34561064), 1 rounds of 8640272; slabs 8640266 + 8640266 limbs per APU 0): 0.072 s
dist_mn node 0: 69122129 x 69122129 limbs over 4 x 4 ranks (cap 2^26 points, P24): 1 x 4 pieces, 4 formed, 0 skipped (cache 0 slots: 0 hits, 0 misses)
mdb_add_shifted node 1: 69122126 limbs at 0 into a basis of 138244259 (my window [34561064, 69122126), 1 rounds of 8640272; slabs 0 + 8640265 limbs per APU 0): 0.072 s
dist_mn node 1: 69122129 x 69122129 limbs over 4 x 4 ranks (cap 2^26 points, P24): 1 x 4 pieces, 4 formed, 0 skipped (cache 0 slots: 0 hits, 0 misses)
mdb_add_shifted node 2: 69122126 limbs at 0 into a basis of 138244259 (my window [69122129, 69122129), 1 rounds of 8640272; slabs 8640265 + 0 limbs per APU 0): 0.072 s
dist_mn node 2: 69122129 x 69122129 limbs over 4 x 4 ranks (cap 2^26 points, P24): 1 x 4 pieces, 4 formed, 0 skipped (cache 0 slots: 0 hits, 0 misses)
mdb_add_shifted node 3: 69122126 limbs at 0 into a basis of 138244259 (my window [103683194, 103683194), 1 rounds of 8640272; slabs 0 + 0 limbs per APU 0): 0.072 s
dist_mn node 3: 69122129 x 69122129 limbs over 4 x 4 ranks (cap 2^26 points, P24): 1 x 4 pieces, 4 formed, 0 skipped (cache 0 slots: 0 hits, 0 misses)
dist_mn node 0: 69122129 + 69122129 + x limbs -> 138244258 (share 34561064): redistribute 0.125 ntt 1.823 crt 0.008 out 0.122 spills+carry 0.055, total 2.204 s
dist_mn node 1: 69122129 + 69122129 + x limbs -> 138244258 (share 34561065): redistribute 0.127 ntt 1.818 crt 0.008 out 0.125 spills+carry 0.055, total 2.209 s
dist_mn node 2: 69122129 + 69122129 + x limbs -> 138244258 (share 34561065): redistribute 0.119 ntt 1.820 crt 0.006 out 0.125 spills+carry 0.054, total 2.203 s
dist_mn node 3: 69122129 + 69122129 + x limbs -> 138244258 (share 34561065): redistribute 0.120 ntt 1.823 crt 0.007 out 0.123 spills+carry 0.055, total 2.197 s
mdb_add_shifted node 0: 69122126 limbs at 0 into a basis of 138244259 (my window [0, 34561064), 1 rounds of 8640272; slabs 8640266 + 8640266 limbs per APU 0): 0.159 s
mdb_add_shifted node 1: 69122126 limbs at 0 into a basis of 138244259 (my window [34561064, 69122126), 1 rounds of 8640272; slabs 0 + 8640265 limbs per APU 0): 0.166 s
mdb_add_shifted node 3: 69122126 limbs at 0 into a basis of 138244259 (my window [103683194, 103683194), 1 rounds of 8640272; slabs 0 + 0 limbs per APU 0): 0.206 s
mdb_add_shifted node 2: 69122126 limbs at 0 into a basis of 138244259 (my window [69122129, 69122129), 1 rounds of 8640272; slabs 8640265 + 0 limbs per APU 0): 0.170 s
mdb_add_shifted node 0: 69122126 limbs at 7 into a basis of 138244259 (my window [7, 34561064), 1 rounds of 8640272; slabs 8640264 + 8640264 limbs per APU 0): 0.185 s
mdb_add_shifted node 1: 69122126 limbs at 7 into a basis of 138244259 (my window [34561064, 69122129), 1 rounds of 8640272; slabs 7 + 8640266 limbs per APU 0): 0.132 s
mdb_add_shifted node 2: 69122126 limbs at 7 into a basis of 138244259 (my window [69122129, 69122133), 1 rounds of 8640272; slabs 8640259 + 1 limbs per APU 0): 0.126 s
mdb_add_shifted node 3: 69122126 limbs at 7 into a basis of 138244259 (my window [103683194, 103683194), 1 rounds of 8640272; slabs 1 + 0 limbs per APU 0): 0.063 s
mdb_add_shifted node 0: 69122126 limbs at 34561064 into a basis of 138244259 (my window [34561064, 34561064), 1 rounds of 8640272; slabs 8640266 + 0 limbs per APU 0): 0.130 s
mdb_add_shifted node 1: 69122126 limbs at 34561064 into a basis of 138244259 (my window [34561064, 69122129), 1 rounds of 8640272; slabs 0 + 8640266 limbs per APU 0): 0.143 s
mdb_add_shifted node 2: 69122126 limbs at 34561064 into a basis of 138244259 (my window [69122129, 103683190), 1 rounds of 8640272; slabs 8640265 + 8640265 limbs per APU 0): 0.121 s
mdb_add_shifted node 3: 69122126 limbs at 34561064 into a basis of 138244259 (my window [103683194, 103683194), 1 rounds of 8640272; slabs 0 + 0 limbs per APU 0): 0.072 s
mdb_add_shifted node 0: 69122126 limbs at 69122129 into a basis of 138244259 (my window [69122129, 69122129), 1 rounds of 8640272; slabs 8640266 + 0 limbs per APU 0): 0.169 s
mdb_add_shifted node 1: 69122126 limbs at 69122129 into a basis of 138244259 (my window [69122129, 69122129), 1 rounds of 8640272; slabs 0 + 0 limbs per APU 0): 0.188 s
mdb_add_shifted node 2: 69122126 limbs at 69122129 into a basis of 138244259 (my window [69122129, 103683194), 1 rounds of 8640272; slabs 8640265 + 8640266 limbs per APU 0): 0.200 s
mdb_add_shifted node 3: 69122126 limbs at 69122129 into a basis of 138244259 (my window [103683194, 138244255), 1 rounds of 8640272; slabs 0 + 8640265 limbs per APU 0): 0.103 s
dist_mn node 0: 2^26 = 2^13 x 2^13 over 4 x 4 ranks, 4 primes, P24 (rows 512..512; 69122129 + 17280533 limbs at 0, window [0, 34561064) of share [0, 34561064)): redistribute 0.042 ntt 0.457 crt 0.002 out 0.039 spills+carry 0.004 total 0.530 s
dist_mn node 1: 2^26 = 2^13 x 2^13 over 4 x 4 ranks, 4 primes, P24 (rows 512..512; 69122129 + 17280533 limbs at 0, window [34561064, 69122129) of share [34561064, 69122129)): redistribute 0.037 ntt 0.457 crt 0.002 out 0.041 spills+carry 0.003 total 0.530 s
dist_mn node 2: 2^26 = 2^13 x 2^13 over 4 x 4 ranks, 4 primes, P24 (rows 512..512; 69122129 + 17280533 limbs at 0, window [69122129, 86402662) of share [69122129, 103683193)): redistribute 0.033 ntt 0.461 crt 0.002 out 0.035 spills+carry 0.004 total 0.527 s
dist_mn node 3: 2^26 = 2^13 x 2^13 over 4 x 4 ranks, 4 primes, P24 (rows 512..512; 69122129 + 17280533 limbs at 0, window [86402662, 86402662) of share [103683193, 138244258)): redistribute 0.042 ntt 0.458 crt 0.002 out 0.037 spills+carry 0.004 total 0.530 s
dist_mn node 0: 2^26 = 2^13 x 2^13 over 4 x 4 ranks, 4 primes, P24 (rows 512..512; 69122129 + 17280533 limbs at 17280533, window [0, 17280531) of share [0, 34561064), accumulated): redistribute 0.029 ntt 0.478 crt 0.002 out 0.037 spills+carry 0.021 total 0.567 s
dist_mn node 1: 2^26 = 2^13 x 2^13 over 4 x 4 ranks, 4 primes, P24 (rows 512..512; 69122129 + 17280533 limbs at 17280533, window [17280531, 51841596) of share [34561064, 69122129), accumulated): redistribute 0.030 ntt 0.476 crt 0.001 out 0.039 spills+carry 0.021 total 0.567 s
dist_mn node 2: 2^26 = 2^13 x 2^13 over 4 x 4 ranks, 4 primes, P24 (rows 512..512; 69122129 + 17280533 limbs at 17280533, window [51841596, 86402660) of share [69122129, 103683193), accumulated): redistribute 0.029 ntt 0.479 crt 0.001 out 0.036 spills+carry 0.021 total 0.567 s
dist_mn node 3: 2^26 = 2^13 x 2^13 over 4 x 4 ranks, 4 primes, P24 (rows 512..512; 69122129 + 17280533 limbs at 17280533, window [86402660, 86402662) of share [103683193, 138244258), accumulated): redistribute 0.027 ntt 0.479 crt 0.002 out 0.037 spills+carry 0.021 total 0.567 s
dist_mn node 0: 2^26 = 2^13 x 2^13 over 4 x 4 ranks, 4 primes, P24 (rows 512..512; 69122129 + 17280533 limbs at 34561066, window [0, 0) of share [0, 34561064), accumulated): redistribute 0.031 ntt 0.444 crt 0.002 out 0.030 spills+carry 0.021 total 0.527 s
dist_mn node 1: 2^26 = 2^13 x 2^13 over 4 x 4 ranks, 4 primes, P24 (rows 512..512; 69122129 + 17280533 limbs at 34561066, window [0, 34561063) of share [34561064, 69122129), accumulated): redistribute 0.027 ntt 0.446 crt 0.002 out 0.032 spills+carry 0.020 total 0.527 s
dist_mn node 2: 2^26 = 2^13 x 2^13 over 4 x 4 ranks, 4 primes, P24 (rows 512..512; 69122129 + 17280533 limbs at 34561066, window [34561063, 69122127) of share [69122129, 103683193), accumulated): redistribute 0.031 ntt 0.447 crt 0.002 out 0.028 spills+carry 0.020 total 0.527 s
dist_mn node 3: 2^26 = 2^13 x 2^13 over 4 x 4 ranks, 4 primes, P24 (rows 512..512; 69122129 + 17280533 limbs at 34561066, window [69122127, 86402662) of share [103683193, 138244258), accumulated): redistribute 0.034 ntt 0.438 crt 0.002 out 0.033 spills+carry 0.020 total 0.527 s
dist_mn node 0: 2^26 = 2^13 x 2^13 over 4 x 4 ranks, 4 primes, P24 (rows 512..512; 69122129 + 17280530 limbs at 51841599, window [0, 0) of share [0, 34561064), accumulated): redistribute 0.031 ntt 0.446 crt 0.002 out 0.039 spills+carry 0.020 total 0.537 s
dist_mn node 0: 69122129 x 69122129 limbs over 4 x 4 ranks (cap 2^26 points, P24): 1 x 4 pieces, 4 formed, 0 skipped (cache 0 slots: 0 hits, 0 misses)
dist_mn node 1: 2^26 = 2^13 x 2^13 over 4 x 4 ranks, 4 primes, P24 (rows 512..512; 69122129 + 17280530 limbs at 51841599, window [0, 17280530) of share [34561064, 69122129), accumulated): redistribute 0.029 ntt 0.449 crt 0.002 out 0.038 spills+carry 0.020 total 0.537 s
dist_mn node 1: 69122129 x 69122129 limbs over 4 x 4 ranks (cap 2^26 points, P24): 1 x 4 pieces, 4 formed, 0 skipped (cache 0 slots: 0 hits, 0 misses)
dist_mn node 2: 2^26 = 2^13 x 2^13 over 4 x 4 ranks, 4 primes, P24 (rows 512..512; 69122129 + 17280530 limbs at 51841599, window [17280530, 51841594) of share [69122129, 103683193), accumulated): redistribute 0.029 ntt 0.448 crt 0.001 out 0.039 spills+carry 0.020 total 0.537 s
dist_mn node 2: 69122129 x 69122129 limbs over 4 x 4 ranks (cap 2^26 points, P24): 1 x 4 pieces, 4 formed, 0 skipped (cache 0 slots: 0 hits, 0 misses)
dist_mn node 3: 2^26 = 2^13 x 2^13 over 4 x 4 ranks, 4 primes, P24 (rows 512..512; 69122129 + 17280530 limbs at 51841599, window [51841594, 86402659) of share [103683193, 138244258), accumulated): redistribute 0.030 ntt 0.451 crt 0.002 out 0.035 spills+carry 0.020 total 0.537 s
dist_mn node 3: 69122129 x 69122129 limbs over 4 x 4 ranks (cap 2^26 points, P24): 1 x 4 pieces, 4 formed, 0 skipped (cache 0 slots: 0 hits, 0 misses)
dist_mn node 0: 69122129 + 69122129 limbs -> 138244258 (share 34561064): redistribute 0.132 ntt 1.824 crt 0.006 out 0.146 spills+carry 0.065, total 2.377 s
dist_mn node 1: 69122129 + 69122129 limbs -> 138244258 (share 34561065): redistribute 0.123 ntt 1.828 crt 0.007 out 0.149 spills+carry 0.064, total 2.317 s
dist_mn node 2: 69122129 + 69122129 limbs -> 138244258 (share 34561064): redistribute 0.122 ntt 1.834 crt 0.006 out 0.138 spills+carry 0.065, total 2.163 s
dist_mn node 3: 69122129 + 69122129 limbs -> 138244258 (share 34561065): redistribute 0.134 ntt 1.827 crt 0.007 out 0.142 spills+carry 0.065, total 2.296 s
mdev 3*2^26 (138244258 limbs): repack 0.279 h2d 0.003 fwd 0.074 inv 0.054 d2h 0.100 crt 0.249 total 0.528 s
mdev 3*2^26 (138244258 limbs): repack 0.289 h2d 0.004 fwd 0.067 inv 0.053 d2h 0.125 crt 0.247 total 0.554 s
mdev 3*2^26 (138244258 limbs): repack 0.266 h2d 0.004 fwd 0.082 inv 0.039 d2h 0.215 crt 0.363 total 0.620 s
mdev 3*2^26 (138244258 limbs): repack 0.262 h2d 0.005 fwd 0.089 inv 0.034 d2h 0.219 crt 0.235 total 0.625 s
dist_mn node 0: 2^26 = 2^13 x 2^13 over 4 x 4 ranks, 4 primes, P24 (rows 512..512; 69122129 + 17280533 limbs at 0, window [0, 34561064) of share [0, 34561064)): redistribute 0.037 ntt 0.467 crt 0.001 out 0.038 spills+carry 0.004 total 0.537 s
dist_mn node 1: 2^26 = 2^13 x 2^13 over 4 x 4 ranks, 4 primes, P24 (rows 512..512; 69122129 + 17280533 limbs at 0, window [34561064, 69122129) of share [34561064, 69122129)): redistribute 0.030 ntt 0.467 crt 0.002 out 0.039 spills+carry 0.004 total 0.535 s
dist_mn node 2: 2^26 = 2^13 x 2^13 over 4 x 4 ranks, 4 primes, P24 (rows 512..512; 69122129 + 17280533 limbs at 0, window [69122129, 86402662) of share [69122129, 103683194)): redistribute 0.037 ntt 0.470 crt 0.002 out 0.035 spills+carry 0.004 total 0.537 s
dist_mn node 3: 2^26 = 2^13 x 2^13 over 4 x 4 ranks, 4 primes, P24 (rows 512..512; 69122129 + 17280533 limbs at 0, window [86402662, 86402662) of share [103683194, 138244259)): redistribute 0.033 ntt 0.475 crt 0.001 out 0.032 spills+carry 0.004 total 0.537 s
dist_mn node 0: 2^26 = 2^13 x 2^13 over 4 x 4 ranks, 4 primes, P24 (rows 512..512; 69122129 + 17280533 limbs at 17280533, window [0, 17280531) of share [0, 34561064), accumulated): redistribute 0.034 ntt 0.457 crt 0.002 out 0.028 spills+carry 0.019 total 0.540 s
dist_mn node 1: 2^26 = 2^13 x 2^13 over 4 x 4 ranks, 4 primes, P24 (rows 512..512; 69122129 + 17280533 limbs at 17280533, window [17280531, 51841596) of share [34561064, 69122129), accumulated): redistribute 0.034 ntt 0.458 crt 0.001 out 0.030 spills+carry 0.019 total 0.540 s
dist_mn node 2: 2^26 = 2^13 x 2^13 over 4 x 4 ranks, 4 primes, P24 (rows 512..512; 69122129 + 17280533 limbs at 17280533, window [51841596, 86402661) of share [69122129, 103683194), accumulated): redistribute 0.027 ntt 0.462 crt 0.002 out 0.029 spills+carry 0.019 total 0.540 s
dist_mn node 3: 2^26 = 2^13 x 2^13 over 4 x 4 ranks, 4 primes, P24 (rows 512..512; 69122129 + 17280533 limbs at 17280533, window [86402661, 86402662) of share [103683194, 138244259), accumulated): redistribute 0.029 ntt 0.465 crt 0.001 out 0.026 spills+carry 0.019 total 0.540 s
dist_mn node 0: 2^26 = 2^13 x 2^13 over 4 x 4 ranks, 4 primes, P24 (rows 512..512; 69122129 + 17280533 limbs at 34561066, window [0, 0) of share [0, 34561064), accumulated): redistribute 0.033 ntt 0.465 crt 0.003 out 0.032 spills+carry 0.021 total 0.552 s
dist_mn node 1: 2^26 = 2^13 x 2^13 over 4 x 4 ranks, 4 primes, P24 (rows 512..512; 69122129 + 17280533 limbs at 34561066, window [0, 34561063) of share [34561064, 69122129), accumulated): redistribute 0.032 ntt 0.468 crt 0.003 out 0.030 spills+carry 0.021 total 0.552 s
dist_mn node 2: 2^26 = 2^13 x 2^13 over 4 x 4 ranks, 4 primes, P24 (rows 512..512; 69122129 + 17280533 limbs at 34561066, window [34561063, 69122128) of share [69122129, 103683194), accumulated): redistribute 0.032 ntt 0.464 crt 0.003 out 0.033 spills+carry 0.021 total 0.552 s
dist_mn node 3: 2^26 = 2^13 x 2^13 over 4 x 4 ranks, 4 primes, P24 (rows 512..512; 69122129 + 17280533 limbs at 34561066, window [69122128, 86402662) of share [103683194, 138244259), accumulated): redistribute 0.034 ntt 0.462 crt 0.003 out 0.034 spills+carry 0.021 total 0.552 s
dist_mn node 0: 2^26 = 2^13 x 2^13 over 4 x 4 ranks, 4 primes, P24 (rows 512..512; 69122129 + 17280530 limbs at 51841599, window [0, 0) of share [0, 34561064), accumulated): redistribute 0.030 ntt 0.436 crt 0.001 out 0.031 spills+carry 0.021 total 0.519 s
dist_mn node 1: 2^26 = 2^13 x 2^13 over 4 x 4 ranks, 4 primes, P24 (rows 512..512; 69122129 + 17280530 limbs at 51841599, window [0, 17280530) of share [34561064, 69122129), accumulated): redistribute 0.029 ntt 0.440 crt 0.001 out 0.028 spills+carry 0.021 total 0.519 s
dist_mn node 2: 2^26 = 2^13 x 2^13 over 4 x 4 ranks, 4 primes, P24 (rows 512..512; 69122129 + 17280530 limbs at 51841599, window [17280530, 51841595) of share [69122129, 103683194), accumulated): redistribute 0.028 ntt 0.438 crt 0.001 out 0.030 spills+carry 0.021 total 0.519 s
dist_mn node 3: 2^26 = 2^13 x 2^13 over 4 x 4 ranks, 4 primes, P24 (rows 512..512; 69122129 + 17280530 limbs at 51841599, window [51841595, 86402659) of share [103683194, 138244259), accumulated): redistribute 0.030 ntt 0.440 crt 0.001 out 0.027 spills+carry 0.020 total 0.519 s
mdb_add_shifted node 0: 69122126 limbs at 0 into a basis of 138244259 (my window [0, 34561064), 1 rounds of 8640272; slabs 8640266 + 8640266 limbs per APU 0): 0.098 s
dist_mn node 0: 69122129 x 69122129 limbs over 4 x 4 ranks (cap 2^26 points, P24): 1 x 4 pieces, 4 formed, 0 skipped (cache 0 slots: 0 hits, 0 misses)
mdb_add_shifted node 1: 69122126 limbs at 0 into a basis of 138244259 (my window [34561064, 69122126), 1 rounds of 8640272; slabs 0 + 8640265 limbs per APU 0): 0.098 s
dist_mn node 1: 69122129 x 69122129 limbs over 4 x 4 ranks (cap 2^26 points, P24): 1 x 4 pieces, 4 formed, 0 skipped (cache 0 slots: 0 hits, 0 misses)
mdb_add_shifted node 2: 69122126 limbs at 0 into a basis of 138244259 (my window [69122129, 69122129), 1 rounds of 8640272; slabs 8640265 + 0 limbs per APU 0): 0.098 s
dist_mn node 2: 69122129 x 69122129 limbs over 4 x 4 ranks (cap 2^26 points, P24): 1 x 4 pieces, 4 formed, 0 skipped (cache 0 slots: 0 hits, 0 misses)
mdb_add_shifted node 3: 69122126 limbs at 0 into a basis of 138244259 (my window [103683194, 103683194), 1 rounds of 8640272; slabs 0 + 0 limbs per APU 0): 0.098 s
dist_mn node 3: 69122129 x 69122129 limbs over 4 x 4 ranks (cap 2^26 points, P24): 1 x 4 pieces, 4 formed, 0 skipped (cache 0 slots: 0 hits, 0 misses)
dist_mn node 0: 69122129 + 69122129 + x limbs -> 138244258 (share 34561064): redistribute 0.135 ntt 1.825 crt 0.007 out 0.129 spills+carry 0.065, total 2.249 s
dist_mn node 1: 69122129 + 69122129 + x limbs -> 138244258 (share 34561065): redistribute 0.125 ntt 1.833 crt 0.007 out 0.127 spills+carry 0.064, total 2.363 s
dist_mn node 2: 69122129 + 69122129 + x limbs -> 138244258 (share 34561065): redistribute 0.125 ntt 1.835 crt 0.008 out 0.128 spills+carry 0.064, total 2.294 s
dist_mn node 3: 69122129 + 69122129 + x limbs -> 138244258 (share 34561065): redistribute 0.125 ntt 1.843 crt 0.006 out 0.119 spills+carry 0.064, total 2.248 s
dist_mn node 0: 2^26 = 2^13 x 2^13 over 4 x 4 ranks, 4 primes, P24 (rows 512..512; 69122129 + 17280533 limbs at 0, window [0, 17280532) of share [0, 17280532)): redistribute 0.035 ntt 0.479 crt 0.002 out 0.022 spills+carry 0.003 total 0.534 s
dist_mn node 1: 2^26 = 2^13 x 2^13 over 4 x 4 ranks, 4 primes, P24 (rows 512..512; 69122129 + 17280533 limbs at 0, window [17280532, 34561065) of share [17280532, 34561065)): redistribute 0.033 ntt 0.479 crt 0.002 out 0.022 spills+carry 0.003 total 0.534 s
dist_mn node 2: 2^26 = 2^13 x 2^13 over 4 x 4 ranks, 4 primes, P24 (rows 512..512; 69122129 + 17280533 limbs at 0, window [34561065, 51841598) of share [34561065, 51841598)): redistribute 0.035 ntt 0.485 crt 0.002 out 0.016 spills+carry 0.003 total 0.534 s
dist_mn node 3: 2^26 = 2^13 x 2^13 over 4 x 4 ranks, 4 primes, P24 (rows 512..512; 69122129 + 17280533 limbs at 0, window [51841598, 69122131) of share [51841598, 69122131)): redistribute 0.035 ntt 0.480 crt 0.002 out 0.021 spills+carry 0.003 total 0.534 s
dist_mn node 0: 2^26 = 2^13 x 2^13 over 4 x 4 ranks, 4 primes, P24 (rows 512..512; 69122129 + 17280533 limbs at 17280533, window [0, 0) of share [0, 17280532), accumulated): redistribute 0.033 ntt 0.462 crt 0.002 out 0.021 spills+carry 0.007 total 0.521 s
dist_mn node 1: 2^26 = 2^13 x 2^13 over 4 x 4 ranks, 4 primes, P24 (rows 512..512; 69122129 + 17280533 limbs at 17280533, window [0, 17280532) of share [17280532, 34561065), accumulated): redistribute 0.033 ntt 0.463 crt 0.002 out 0.018 spills+carry 0.006 total 0.521 s
dist_mn node 2: 2^26 = 2^13 x 2^13 over 4 x 4 ranks, 4 primes, P24 (rows 512..512; 69122129 + 17280533 limbs at 17280533, window [17280532, 34561065) of share [34561065, 51841598), accumulated): redistribute 0.027 ntt 0.467 crt 0.002 out 0.020 spills+carry 0.007 total 0.521 s
dist_mn node 3: 2^26 = 2^13 x 2^13 over 4 x 4 ranks, 4 primes, P24 (rows 512..512; 69122129 + 17280533 limbs at 17280533, window [34561065, 51841598) of share [51841598, 69122131), accumulated): redistribute 0.027 ntt 0.469 crt 0.002 out 0.019 spills+carry 0.007 total 0.521 s
dist_mn node 0: 2^26 = 2^13 x 2^13 over 4 x 4 ranks, 4 primes, P24 (rows 512..512; 69122129 + 17280533 limbs at 34561066, window [0, 0) of share [0, 17280532), accumulated): redistribute 0.029 ntt 0.462 crt 0.002 out 0.018 spills+carry 0.006 total 0.516 s
dist_mn node 1: 2^26 = 2^13 x 2^13 over 4 x 4 ranks, 4 primes, P24 (rows 512..512; 69122129 + 17280533 limbs at 34561066, window [0, 0) of share [17280532, 34561065), accumulated): redistribute 0.027 ntt 0.465 crt 0.002 out 0.017 spills+carry 0.005 total 0.516 s
dist_mn node 2: 2^26 = 2^13 x 2^13 over 4 x 4 ranks, 4 primes, P24 (rows 512..512; 69122129 + 17280533 limbs at 34561066, window [0, 17280532) of share [34561065, 51841598), accumulated): redistribute 0.032 ntt 0.458 crt 0.002 out 0.020 spills+carry 0.005 total 0.516 s
dist_mn node 3: 2^26 = 2^13 x 2^13 over 4 x 4 ranks, 4 primes, P24 (rows 512..512; 69122129 + 17280533 limbs at 34561066, window [17280532, 34561065) of share [51841598, 69122131), accumulated): redistribute 0.032 ntt 0.460 crt 0.002 out 0.017 spills+carry 0.005 total 0.516 s
dist_mn node 0: 2^26 = 2^13 x 2^13 over 4 x 4 ranks, 4 primes, P24 (rows 512..512; 69122129 + 17280530 limbs at 51841599, window [0, 0) of share [0, 17280532), accumulated): redistribute 0.030 ntt 0.447 crt 0.002 out 0.021 spills+carry 0.004 total 0.502 s
dist_mn node 0: 69122129 x 69122129 limbs over 4 x 4 ranks (cap 2^26 points, P24): 1 x 4 pieces, 4 formed, 0 skipped (low product) (cache 0 slots: 0 hits, 0 misses)
dist_mn node 1: 2^26 = 2^13 x 2^13 over 4 x 4 ranks, 4 primes, P24 (rows 512..512; 69122129 + 17280530 limbs at 51841599, window [0, 0) of share [17280532, 34561065), accumulated): redistribute 0.030 ntt 0.449 crt 0.002 out 0.018 spills+carry 0.004 total 0.502 s
dist_mn node 1: 69122129 x 69122129 limbs over 4 x 4 ranks (cap 2^26 points, P24): 1 x 4 pieces, 4 formed, 0 skipped (low product) (cache 0 slots: 0 hits, 0 misses)
dist_mn node 2: 2^26 = 2^13 x 2^13 over 4 x 4 ranks, 4 primes, P24 (rows 512..512; 69122129 + 17280530 limbs at 51841599, window [0, 0) of share [34561065, 51841598), accumulated): redistribute 0.037 ntt 0.449 crt 0.002 out 0.015 spills+carry 0.004 total 0.502 s
dist_mn node 2: 69122129 x 69122129 limbs over 4 x 4 ranks (cap 2^26 points, P24): 1 x 4 pieces, 4 formed, 0 skipped (low product) (cache 0 slots: 0 hits, 0 misses)
dist_mn node 3: 2^26 = 2^13 x 2^13 over 4 x 4 ranks, 4 primes, P24 (rows 512..512; 69122129 + 17280530 limbs at 51841599, window [0, 17280532) of share [51841598, 69122131), accumulated): redistribute 0.033 ntt 0.447 crt 0.001 out 0.017 spills+carry 0.004 total 0.502 s
dist_mn node 3: 69122129 x 69122129 limbs over 4 x 4 ranks (cap 2^26 points, P24): 1 x 4 pieces, 4 formed, 0 skipped (low product) (cache 0 slots: 0 hits, 0 misses)
dist_mn node 0: 69122129 + 69122129 limbs -> 69122131 (share 17280532): redistribute 0.127 ntt 1.850 crt 0.008 out 0.082 spills+carry 0.020, total 2.075 s
dist_mn node 3: 69122129 + 69122129 limbs -> 69122131 (share 17280533): redistribute 0.127 ntt 1.856 crt 0.007 out 0.074 spills+carry 0.019, total 2.076 s
dist_mn node 1: 69122129 + 69122129 limbs -> 69122131 (share 17280533): redistribute 0.123 ntt 1.856 crt 0.007 out 0.074 spills+carry 0.019, total 2.076 s
dist_mn node 2: 69122129 + 69122129 limbs -> 69122131 (share 17280533): redistribute 0.131 ntt 1.860 crt 0.008 out 0.071 spills+carry 0.019, total 2.076 s
dist_mn node 0: 2^26 = 2^13 x 2^13 over 4 x 4 ranks, 3 primes (rows 512..512; 34561065 + 17280533 limbs at 0, window [0, 8640266) of share [0, 8640266)): redistribute 0.040 ntt 0.364 crt 0.001 out 0.021 spills+carry 0.003 total 0.411 s [A cached] [B cached]
dist_mn node 1: 2^26 = 2^13 x 2^13 over 4 x 4 ranks, 3 primes (rows 512..512; 34561065 + 17280533 limbs at 0, window [8640266, 17280532) of share [8640266, 17280532)): redistribute 0.038 ntt 0.364 crt 0.000 out 0.019 spills+carry 0.003 total 0.410 s [A cached] [B cached]
dist_mn node 2: 2^26 = 2^13 x 2^13 over 4 x 4 ranks, 3 primes (rows 512..512; 34561065 + 17280533 limbs at 0, window [17280532, 25920798) of share [17280532, 25920798)): redistribute 0.035 ntt 0.365 crt 0.000 out 0.020 spills+carry 0.003 total 0.411 s [A cached] [B cached]
dist_mn node 3: 2^26 = 2^13 x 2^13 over 4 x 4 ranks, 3 primes (rows 512..512; 34561065 + 17280533 limbs at 0, window [25920798, 34561065) of share [25920798, 34561065)): redistribute 0.041 ntt 0.366 crt 0.001 out 0.019 spills+carry 0.003 total 0.410 s [A cached] [B cached]
dist_mn node 0: 2^26 = 2^13 x 2^13 over 4 x 4 ranks, 3 primes (rows 512..512; 34561065 + 17280532 limbs at 17280533, window [0, 0) of share [0, 8640266), accumulated): redistribute 0.010 ntt 0.226 crt 0.001 out 0.018 spills+carry 0.007 total 0.259 s [A hit] [B cached]
dist_mn node 0: 34561065 x 34561065 limbs over 4 x 4 ranks (cap 2^26): 1 x 2 pieces, 2 formed, 0 skipped (low product) (cache 2 slots: 1 hits, 3 misses)
dist_mn node 1: 2^26 = 2^13 x 2^13 over 4 x 4 ranks, 3 primes (rows 512..512; 34561065 + 17280532 limbs at 17280533, window [0, 0) of share [8640266, 17280532), accumulated): redistribute 0.010 ntt 0.224 crt 0.001 out 0.018 spills+carry 0.006 total 0.259 s [A hit] [B cached]
dist_mn node 1: 34561065 x 34561065 limbs over 4 x 4 ranks (cap 2^26): 1 x 2 pieces, 2 formed, 0 skipped (low product) (cache 2 slots: 1 hits, 3 misses)
dist_mn node 2: 2^26 = 2^13 x 2^13 over 4 x 4 ranks, 3 primes (rows 512..512; 34561065 + 17280532 limbs at 17280533, window [0, 8640265) of share [17280532, 25920798), accumulated): redistribute 0.011 ntt 0.224 crt 0.001 out 0.017 spills+carry 0.006 total 0.259 s [A hit] [B cached]
dist_mn node 2: 34561065 x 34561065 limbs over 4 x 4 ranks (cap 2^26): 1 x 2 pieces, 2 formed, 0 skipped (low product) (cache 2 slots: 1 hits, 3 misses)
dist_mn node 3: 2^26 = 2^13 x 2^13 over 4 x 4 ranks, 3 primes (rows 512..512; 34561065 + 17280532 limbs at 17280533, window [8640265, 17280532) of share [25920798, 34561065), accumulated): redistribute 0.009 ntt 0.231 crt 0.000 out 0.013 spills+carry 0.006 total 0.259 s [A hit] [B cached]
dist_mn node 3: 34561065 x 34561065 limbs over 4 x 4 ranks (cap 2^26): 1 x 2 pieces, 2 formed, 0 skipped (low product) (cache 2 slots: 1 hits, 3 misses)
dist_mn node 0: 34561065 + 34561065 limbs -> 1 (share 8640266): redistribute 0.050 ntt 0.590 crt 0.001 out 0.038 spills+carry 0.010, total 0.672 s
dist_mn node 2: 34561065 + 34561065 limbs -> 1 (share 8640266): redistribute 0.046 ntt 0.590 crt 0.001 out 0.037 spills+carry 0.010, total 0.672 s
dist_mn node 1: 34561065 + 34561065 limbs -> 1 (share 8640266): redistribute 0.048 ntt 0.588 crt 0.001 out 0.037 spills+carry 0.010, total 0.672 s
dist_mn node 3: 34561065 + 34561065 limbs -> 1 (share 8640267): redistribute 0.050 ntt 0.597 crt 0.001 out 0.032 spills+carry 0.010, total 0.672 s
dist_mn node 0: 2^26 = 2^13 x 2^13 over 4 x 4 ranks, 4 primes, P24 (rows 512..512; 69122129 + 17280533 limbs at 0, window [0, 34561064) of share [0, 34561064)): redistribute 0.039 ntt 0.495 crt 0.002 out 0.036 spills+carry 0.004 total 0.562 s
dist_mn node 1: 2^26 = 2^13 x 2^13 over 4 x 4 ranks, 4 primes, P24 (rows 512..512; 69122129 + 17280533 limbs at 0, window [34561064, 69122128) of share [34561064, 69122128)): redistribute 0.032 ntt 0.493 crt 0.001 out 0.038 spills+carry 0.004 total 0.559 s
dist_mn node 2: 2^26 = 2^13 x 2^13 over 4 x 4 ranks, 4 primes, P24 (rows 512..512; 69122129 + 17280533 limbs at 0, window [69122128, 86402662) of share [69122128, 103683192)): redistribute 0.033 ntt 0.493 crt 0.002 out 0.038 spills+carry 0.004 total 0.560 s
dist_mn node 3: 2^26 = 2^13 x 2^13 over 4 x 4 ranks, 4 primes, P24 (rows 512..512; 69122129 + 17280533 limbs at 0, window [86402662, 86402662) of share [103683192, 138244257)): redistribute 0.038 ntt 0.492 crt 0.002 out 0.036 spills+carry 0.004 total 0.562 s
dist_mn node 0: 2^26 = 2^13 x 2^13 over 4 x 4 ranks, 4 primes, P24 (rows 512..512; 69122129 + 17280533 limbs at 17280533, window [0, 17280531) of share [0, 34561064), accumulated): redistribute 0.030 ntt 0.475 crt 0.001 out 0.035 spills+carry 0.021 total 0.559 s
dist_mn node 1: 2^26 = 2^13 x 2^13 over 4 x 4 ranks, 4 primes, P24 (rows 512..512; 69122129 + 17280533 limbs at 17280533, window [17280531, 51841595) of share [34561064, 69122128), accumulated): redistribute 0.030 ntt 0.475 crt 0.002 out 0.035 spills+carry 0.021 total 0.559 s
dist_mn node 2: 2^26 = 2^13 x 2^13 over 4 x 4 ranks, 4 primes, P24 (rows 512..512; 69122129 + 17280533 limbs at 17280533, window [51841595, 86402659) of share [69122128, 103683192), accumulated): redistribute 0.026 ntt 0.477 crt 0.002 out 0.034 spills+carry 0.021 total 0.559 s
dist_mn node 3: 2^26 = 2^13 x 2^13 over 4 x 4 ranks, 4 primes, P24 (rows 512..512; 69122129 + 17280533 limbs at 17280533, window [86402659, 86402662) of share [103683192, 138244257), accumulated): redistribute 0.034 ntt 0.472 crt 0.002 out 0.033 spills+carry 0.021 total 0.559 s
dist_mn node 0: 2^26 = 2^13 x 2^13 over 4 x 4 ranks, 4 primes, P24 (rows 512..512; 69122129 + 17280533 limbs at 34561066, window [0, 0) of share [0, 34561064), accumulated): redistribute 0.032 ntt 0.440 crt 0.002 out 0.034 spills+carry 0.022 total 0.527 s
dist_mn node 1: 2^26 = 2^13 x 2^13 over 4 x 4 ranks, 4 primes, P24 (rows 512..512; 69122129 + 17280533 limbs at 34561066, window [0, 34561062) of share [34561064, 69122128), accumulated): redistribute 0.030 ntt 0.444 crt 0.002 out 0.031 spills+carry 0.021 total 0.527 s
dist_mn node 2: 2^26 = 2^13 x 2^13 over 4 x 4 ranks, 4 primes, P24 (rows 512..512; 69122129 + 17280533 limbs at 34561066, window [34561062, 69122126) of share [69122128, 103683192), accumulated): redistribute 0.034 ntt 0.440 crt 0.002 out 0.033 spills+carry 0.021 total 0.527 s
dist_mn node 3: 2^26 = 2^13 x 2^13 over 4 x 4 ranks, 4 primes, P24 (rows 512..512; 69122129 + 17280533 limbs at 34561066, window [69122126, 86402662) of share [103683192, 138244257), accumulated): redistribute 0.034 ntt 0.442 crt 0.002 out 0.032 spills+carry 0.021 total 0.527 s
dist_mn node 0: 2^26 = 2^13 x 2^13 over 4 x 4 ranks, 4 primes, P24 (rows 512..512; 69122129 + 17280530 limbs at 51841599, window [0, 0) of share [0, 34561064), accumulated): redistribute 0.029 ntt 0.437 crt 0.002 out 0.035 spills+carry 0.020 total 0.522 s
dist_mn node 0: 69122129 x 69122129 limbs over 4 x 4 ranks (cap 2^26 points, P24): 1 x 4 pieces, 4 formed, 0 skipped (low product) (cache 0 slots: 1 hits, 3 misses)
dist_mn node 1: 2^26 = 2^13 x 2^13 over 4 x 4 ranks, 4 primes, P24 (rows 512..512; 69122129 + 17280530 limbs at 51841599, window [0, 17280529) of share [34561064, 69122128), accumulated): redistribute 0.030 ntt 0.438 crt 0.002 out 0.034 spills+carry 0.020 total 0.522 s
dist_mn node 1: 69122129 x 69122129 limbs over 4 x 4 ranks (cap 2^26 points, P24): 1 x 4 pieces, 4 formed, 0 skipped (low product) (cache 0 slots: 1 hits, 3 misses)
dist_mn node 2: 2^26 = 2^13 x 2^13 over 4 x 4 ranks, 4 primes, P24 (rows 512..512; 69122129 + 17280530 limbs at 51841599, window [17280529, 51841593) of share [69122128, 103683192), accumulated): redistribute 0.030 ntt 0.435 crt 0.001 out 0.037 spills+carry 0.019 total 0.522 s
dist_mn node 2: 69122129 x 69122129 limbs over 4 x 4 ranks (cap 2^26 points, P24): 1 x 4 pieces, 4 formed, 0 skipped (low product) (cache 0 slots: 1 hits, 3 misses)
dist_mn node 3: 2^26 = 2^13 x 2^13 over 4 x 4 ranks, 4 primes, P24 (rows 512..512; 69122129 + 17280530 limbs at 51841599, window [51841593, 86402658) of share [103683192, 138244257), accumulated): redistribute 0.030 ntt 0.441 crt 0.002 out 0.030 spills+carry 0.019 total 0.522 s
dist_mn node 3: 69122129 x 69122129 limbs over 4 x 4 ranks (cap 2^26 points, P24): 1 x 4 pieces, 4 formed, 0 skipped (low product) (cache 0 slots: 1 hits, 3 misses)
dist_mn node 0: 69122129 + 69122129 limbs -> 138244257 (share 34561064): redistribute 0.130 ntt 1.847 crt 0.007 out 0.140 spills+carry 0.066, total 2.172 s
dist_mn node 1: 69122129 + 69122129 limbs -> 138244257 (share 34561064): redistribute 0.123 ntt 1.850 crt 0.007 out 0.138 spills+carry 0.066, total 2.172 s
dist_mn node 2: 69122129 + 69122129 limbs -> 138244257 (share 34561064): redistribute 0.123 ntt 1.844 crt 0.006 out 0.142 spills+carry 0.065, total 2.172 s
dist_mn node 3: 69122129 + 69122129 limbs -> 138244257 (share 34561065): redistribute 0.135 ntt 1.847 crt 0.008 out 0.131 spills+carry 0.066, total 2.172 s
dist_mn node 0: 2^26 = 2^13 x 2^13 over 4 x 4 ranks, 4 primes, P24 (rows 512..512; 69122129 + 17280533 limbs at 0, window [0, 34561064) of share [0, 34561064)): redistribute 0.047 ntt 0.464 crt 0.002 out 0.036 spills+carry 0.004 total 0.531 s
dist_mn node 1: 2^26 = 2^13 x 2^13 over 4 x 4 ranks, 4 primes, P24 (rows 512..512; 69122129 + 17280533 limbs at 0, window [34561064, 69122129) of share [34561064, 69122129)): redistribute 0.047 ntt 0.465 crt 0.002 out 0.035 spills+carry 0.004 total 0.531 s
dist_mn node 2: 2^26 = 2^13 x 2^13 over 4 x 4 ranks, 4 primes, P24 (rows 512..512; 69122129 + 17280533 limbs at 0, window [69122129, 86402662) of share [69122129, 103683193)): redistribute 0.049 ntt 0.467 crt 0.002 out 0.032 spills+carry 0.004 total 0.531 s
dist_mn node 3: 2^26 = 2^13 x 2^13 over 4 x 4 ranks, 4 primes, P24 (rows 512..512; 69122129 + 17280533 limbs at 0, window [86402662, 86402662) of share [103683193, 138244258)): redistribute 0.049 ntt 0.465 crt 0.001 out 0.033 spills+carry 0.004 total 0.531 s
dist_mn node 0: 2^26 = 2^13 x 2^13 over 4 x 4 ranks, 4 primes, P24 (rows 512..512; 69122129 + 17280533 limbs at 17280533, window [0, 17280531) of share [0, 34561064), accumulated): redistribute 0.029 ntt 0.456 crt 0.003 out 0.037 spills+carry 0.021 total 0.545 s
dist_mn node 1: 2^26 = 2^13 x 2^13 over 4 x 4 ranks, 4 primes, P24 (rows 512..512; 69122129 + 17280533 limbs at 17280533, window [17280531, 51841596) of share [34561064, 69122129), accumulated): redistribute 0.029 ntt 0.461 crt 0.003 out 0.032 spills+carry 0.021 total 0.545 s
dist_mn node 2: 2^26 = 2^13 x 2^13 over 4 x 4 ranks, 4 primes, P24 (rows 512..512; 69122129 + 17280533 limbs at 17280533, window [51841596, 86402660) of share [69122129, 103683193), accumulated): redistribute 0.028 ntt 0.458 crt 0.003 out 0.036 spills+carry 0.021 total 0.545 s
dist_mn node 3: 2^26 = 2^13 x 2^13 over 4 x 4 ranks, 4 primes, P24 (rows 512..512; 69122129 + 17280533 limbs at 17280533, window [86402660, 86402662) of share [103683193, 138244258), accumulated): redistribute 0.027 ntt 0.460 crt 0.003 out 0.035 spills+carry 0.021 total 0.545 s
dist_mn node 0: 2^26 = 2^13 x 2^13 over 4 x 4 ranks, 4 primes, P24 (rows 512..512; 69122129 + 17280533 limbs at 34561066, window [0, 0) of share [0, 34561064), accumulated): redistribute 0.035 ntt 0.448 crt 0.001 out 0.030 spills+carry 0.020 total 0.532 s
dist_mn node 1: 2^26 = 2^13 x 2^13 over 4 x 4 ranks, 4 primes, P24 (rows 512..512; 69122129 + 17280533 limbs at 34561066, window [0, 34561063) of share [34561064, 69122129), accumulated): redistribute 0.033 ntt 0.450 crt 0.001 out 0.032 spills+carry 0.020 total 0.532 s
dist_mn node 2: 2^26 = 2^13 x 2^13 over 4 x 4 ranks, 4 primes, P24 (rows 512..512; 69122129 + 17280533 limbs at 34561066, window [34561063, 69122127) of share [69122129, 103683193), accumulated): redistribute 0.034 ntt 0.449 crt 0.001 out 0.027 spills+carry 0.020 total 0.532 s
dist_mn node 3: 2^26 = 2^13 x 2^13 over 4 x 4 ranks, 4 primes, P24 (rows 512..512; 69122129 + 17280533 limbs at 34561066, window [69122127, 86402662) of share [103683193, 138244258), accumulated): redistribute 0.031 ntt 0.450 crt 0.001 out 0.029 spills+carry 0.020 total 0.532 s
dist_mn node 0: 2^26 = 2^13 x 2^13 over 4 x 4 ranks, 4 primes, P24 (rows 512..512; 69122129 + 17280530 limbs at 51841599, window [0, 0) of share [0, 34561064), accumulated): redistribute 0.032 ntt 0.459 crt 0.001 out 0.030 spills+carry 0.021 total 0.543 s
dist_mn node 0: 69122129 x 69122129 limbs over 4 x 4 ranks (cap 2^26 points, P24): 1 x 4 pieces, 4 formed, 0 skipped (low cut) (cache 0 slots: 1 hits, 3 misses)
dist_mn node 1: 2^26 = 2^13 x 2^13 over 4 x 4 ranks, 4 primes, P24 (rows 512..512; 69122129 + 17280530 limbs at 51841599, window [0, 17280530) of share [34561064, 69122129), accumulated): redistribute 0.032 ntt 0.458 crt 0.001 out 0.032 spills+carry 0.021 total 0.543 s
dist_mn node 1: 69122129 x 69122129 limbs over 4 x 4 ranks (cap 2^26 points, P24): 1 x 4 pieces, 4 formed, 0 skipped (low cut) (cache 0 slots: 1 hits, 3 misses)
dist_mn node 2: 2^26 = 2^13 x 2^13 over 4 x 4 ranks, 4 primes, P24 (rows 512..512; 69122129 + 17280530 limbs at 51841599, window [17280530, 51841594) of share [69122129, 103683193), accumulated): redistribute 0.037 ntt 0.459 crt 0.001 out 0.027 spills+carry 0.021 total 0.543 s
dist_mn node 2: 69122129 x 69122129 limbs over 4 x 4 ranks (cap 2^26 points, P24): 1 x 4 pieces, 4 formed, 0 skipped (low cut) (cache 0 slots: 1 hits, 3 misses)
dist_mn node 3: 2^26 = 2^13 x 2^13 over 4 x 4 ranks, 4 primes, P24 (rows 512..512; 69122129 + 17280530 limbs at 51841599, window [51841594, 86402659) of share [103683193, 138244258), accumulated): redistribute 0.032 ntt 0.459 crt 0.001 out 0.036 spills+carry 0.021 total 0.543 s
dist_mn node 3: 69122129 x 69122129 limbs over 4 x 4 ranks (cap 2^26 points, P24): 1 x 4 pieces, 4 formed, 0 skipped (low cut) (cache 0 slots: 1 hits, 3 misses)
dist_mn node 0: 69122129 + 69122129 limbs -> 138244258 (share 34561064): redistribute 0.143 ntt 1.827 crt 0.008 out 0.133 spills+carry 0.066, total 2.153 s
dist_mn node 1: 69122129 + 69122129 limbs -> 138244258 (share 34561065): redistribute 0.140 ntt 1.835 crt 0.008 out 0.130 spills+carry 0.066, total 2.153 s
dist_mn node 2: 69122129 + 69122129 limbs -> 138244258 (share 34561064): redistribute 0.149 ntt 1.834 crt 0.008 out 0.122 spills+carry 0.066, total 2.153 s
dist_mn node 3: 69122129 + 69122129 limbs -> 138244258 (share 34561065): redistribute 0.139 ntt 1.834 crt 0.007 out 0.133 spills+carry 0.066, total 2.153 s
dist_mn node 0: 2^26 = 2^13 x 2^13 over 4 x 4 ranks, 4 primes, P24 (rows 512..512; 69122129 + 17280533 limbs at 0, window [0, 34561064) of share [0, 34561064)): redistribute 0.036 ntt 0.459 crt 0.001 out 0.036 spills+carry 0.004 total 0.531 s
dist_mn node 1: 2^26 = 2^13 x 2^13 over 4 x 4 ranks, 4 primes, P24 (rows 512..512; 69122129 + 17280533 limbs at 0, window [34561064, 69122128) of share [34561064, 69122128)): redistribute 0.032 ntt 0.461 crt 0.001 out 0.037 spills+carry 0.004 total 0.531 s
dist_mn node 2: 2^26 = 2^13 x 2^13 over 4 x 4 ranks, 4 primes, P24 (rows 512..512; 69122129 + 17280533 limbs at 0, window [69122128, 86402662) of share [69122128, 103683192)): redistribute 0.031 ntt 0.465 crt 0.001 out 0.031 spills+carry 0.004 total 0.531 s
dist_mn node 3: 2^26 = 2^13 x 2^13 over 4 x 4 ranks, 4 primes, P24 (rows 512..512; 69122129 + 17280533 limbs at 0, window [86402662, 86402662) of share [103683192, 138244257)): redistribute 0.041 ntt 0.455 crt 0.001 out 0.035 spills+carry 0.004 total 0.531 s
dist_mn node 0: 2^26 = 2^13 x 2^13 over 4 x 4 ranks, 4 primes, P24 (rows 512..512; 69122129 + 17280533 limbs at 17280533, window [0, 17280531) of share [0, 34561064), accumulated): redistribute 0.030 ntt 0.463 crt 0.002 out 0.032 spills+carry 0.021 total 0.546 s
dist_mn node 1: 2^26 = 2^13 x 2^13 over 4 x 4 ranks, 4 primes, P24 (rows 512..512; 69122129 + 17280533 limbs at 17280533, window [17280531, 51841595) of share [34561064, 69122128), accumulated): redistribute 0.029 ntt 0.462 crt 0.002 out 0.033 spills+carry 0.021 total 0.546 s
dist_mn node 2: 2^26 = 2^13 x 2^13 over 4 x 4 ranks, 4 primes, P24 (rows 512..512; 69122129 + 17280533 limbs at 17280533, window [51841595, 86402659) of share [69122128, 103683192), accumulated): redistribute 0.027 ntt 0.466 crt 0.002 out 0.031 spills+carry 0.020 total 0.546 s
dist_mn node 3: 2^26 = 2^13 x 2^13 over 4 x 4 ranks, 4 primes, P24 (rows 512..512; 69122129 + 17280533 limbs at 17280533, window [86402659, 86402662) of share [103683192, 138244257), accumulated): redistribute 0.027 ntt 0.466 crt 0.002 out 0.031 spills+carry 0.020 total 0.546 s
dist_mn node 0: 2^26 = 2^13 x 2^13 over 4 x 4 ranks, 4 primes, P24 (rows 512..512; 69122129 + 17280533 limbs at 34561066, window [0, 0) of share [0, 34561064), accumulated): redistribute 0.034 ntt 0.467 crt 0.003 out 0.035 spills+carry 0.021 total 0.555 s
dist_mn node 1: 2^26 = 2^13 x 2^13 over 4 x 4 ranks, 4 primes, P24 (rows 512..512; 69122129 + 17280533 limbs at 34561066, window [0, 34561062) of share [34561064, 69122128), accumulated): redistribute 0.030 ntt 0.469 crt 0.003 out 0.034 spills+carry 0.021 total 0.555 s
dist_mn node 2: 2^26 = 2^13 x 2^13 over 4 x 4 ranks, 4 primes, P24 (rows 512..512; 69122129 + 17280533 limbs at 34561066, window [34561062, 69122126) of share [69122128, 103683192), accumulated): redistribute 0.034 ntt 0.469 crt 0.002 out 0.031 spills+carry 0.020 total 0.555 s
dist_mn node 3: 2^26 = 2^13 x 2^13 over 4 x 4 ranks, 4 primes, P24 (rows 512..512; 69122129 + 17280533 limbs at 34561066, window [69122126, 86402662) of share [103683192, 138244257), accumulated): redistribute 0.031 ntt 0.471 crt 0.003 out 0.031 spills+carry 0.021 total 0.555 s
dist_mn node 0: 2^26 = 2^13 x 2^13 over 4 x 4 ranks, 4 primes, P24 (rows 512..512; 69122129 + 17280530 limbs at 51841599, window [0, 0) of share [0, 34561064), accumulated): redistribute 0.031 ntt 0.454 crt 0.002 out 0.027 spills+carry 0.021 total 0.534 s
dist_mn node 0: 69122129 x 69122129 limbs over 4 x 4 ranks (cap 2^26 points, P24): 1 x 4 pieces, 4 formed, 0 skipped (low product) (low cut) (cache 0 slots: 1 hits, 3 misses)
dist_mn node 1: 2^26 = 2^13 x 2^13 over 4 x 4 ranks, 4 primes, P24 (rows 512..512; 69122129 + 17280530 limbs at 51841599, window [0, 17280529) of share [34561064, 69122128), accumulated): redistribute 0.030 ntt 0.452 crt 0.002 out 0.030 spills+carry 0.021 total 0.534 s
dist_mn node 1: 69122129 x 69122129 limbs over 4 x 4 ranks (cap 2^26 points, P24): 1 x 4 pieces, 4 formed, 0 skipped (low product) (low cut) (cache 0 slots: 1 hits, 3 misses)
dist_mn node 2: 2^26 = 2^13 x 2^13 over 4 x 4 ranks, 4 primes, P24 (rows 512..512; 69122129 + 17280530 limbs at 51841599, window [17280529, 51841593) of share [69122128, 103683192), accumulated): redistribute 0.031 ntt 0.453 crt 0.002 out 0.029 spills+carry 0.021 total 0.534 s
dist_mn node 2: 69122129 x 69122129 limbs over 4 x 4 ranks (cap 2^26 points, P24): 1 x 4 pieces, 4 formed, 0 skipped (low product) (low cut) (cache 0 slots: 1 hits, 3 misses)
dist_mn node 3: 2^26 = 2^13 x 2^13 over 4 x 4 ranks, 4 primes, P24 (rows 512..512; 69122129 + 17280530 limbs at 51841599, window [51841593, 86402658) of share [103683192, 138244257), accumulated): redistribute 0.031 ntt 0.457 crt 0.002 out 0.027 spills+carry 0.021 total 0.534 s
dist_mn node 3: 69122129 x 69122129 limbs over 4 x 4 ranks (cap 2^26 points, P24): 1 x 4 pieces, 4 formed, 0 skipped (low product) (low cut) (cache 0 slots: 1 hits, 3 misses)
dist_mn node 1: 69122129 + 69122129 limbs -> 138244257 (share 34561064): redistribute 0.122 ntt 1.844 crt 0.008 out 0.134 spills+carry 0.066, total 2.167 s
dist_mn node 2: 69122129 + 69122129 limbs -> 138244257 (share 34561064): redistribute 0.123 ntt 1.853 crt 0.007 out 0.122 spills+carry 0.065, total 2.167 s
dist_mn node 0: 69122129 + 69122129 limbs -> 138244257 (share 34561064): redistribute 0.131 ntt 1.843 crt 0.009 out 0.130 spills+carry 0.067, total 2.167 s
dist_mn node 3: 69122129 + 69122129 limbs -> 138244257 (share 34561065): redistribute 0.130 ntt 1.849 crt 0.007 out 0.124 spills+carry 0.066, total 2.167 s
dist_mn node 0: 2^26 = 2^13 x 2^13 over 4 x 4 ranks, 4 primes, P24 (rows 512..512; 69122129 + 17280533 limbs at 0, window [0, 34561064) of share [0, 34561064)): redistribute 0.048 ntt 0.474 crt 0.002 out 0.035 spills+carry 0.004 total 0.546 s
dist_mn node 1: 2^26 = 2^13 x 2^13 over 4 x 4 ranks, 4 primes, P24 (rows 512..512; 69122129 + 17280533 limbs at 0, window [34561064, 69122129) of share [34561064, 69122129)): redistribute 0.045 ntt 0.479 crt 0.002 out 0.037 spills+carry 0.004 total 0.546 s
dist_mn node 2: 2^26 = 2^13 x 2^13 over 4 x 4 ranks, 4 primes, P24 (rows 512..512; 69122129 + 17280533 limbs at 0, window [69122129, 86402662) of share [69122129, 103683193)): redistribute 0.054 ntt 0.470 crt 0.002 out 0.039 spills+carry 0.004 total 0.546 s
dist_mn node 3: 2^26 = 2^13 x 2^13 over 4 x 4 ranks, 4 primes, P24 (rows 512..512; 69122129 + 17280533 limbs at 0, window [86402662, 86402662) of share [103683193, 138244258)): redistribute 0.047 ntt 0.479 crt 0.002 out 0.036 spills+carry 0.004 total 0.546 s
dist_mn node 0: 2^26 = 2^13 x 2^13 over 4 x 4 ranks, 4 primes, P24 (rows 512..512; 69122129 + 17280533 limbs at 17280533, window [0, 17280531) of share [0, 34561064), accumulated): redistribute 0.030 ntt 0.452 crt 0.002 out 0.028 spills+carry 0.019 total 0.530 s
dist_mn node 1: 2^26 = 2^13 x 2^13 over 4 x 4 ranks, 4 primes, P24 (rows 512..512; 69122129 + 17280533 limbs at 17280533, window [17280531, 51841596) of share [34561064, 69122129), accumulated): redistribute 0.030 ntt 0.454 crt 0.002 out 0.027 spills+carry 0.019 total 0.530 s
dist_mn node 2: 2^26 = 2^13 x 2^13 over 4 x 4 ranks, 4 primes, P24 (rows 512..512; 69122129 + 17280533 limbs at 17280533, window [51841596, 86402660) of share [69122129, 103683193), accumulated): redistribute 0.026 ntt 0.456 crt 0.002 out 0.028 spills+carry 0.019 total 0.530 s
dist_mn node 3: 2^26 = 2^13 x 2^13 over 4 x 4 ranks, 4 primes, P24 (rows 512..512; 69122129 + 17280533 limbs at 17280533, window [86402660, 86402662) of share [103683193, 138244258), accumulated): redistribute 0.027 ntt 0.455 crt 0.001 out 0.029 spills+carry 0.019 total 0.530 s
dist_mn node 0: 2^26 = 2^13 x 2^13 over 4 x 4 ranks, 4 primes, P24 (rows 512..512; 69122129 + 17280533 limbs at 34561066, window [0, 0) of share [0, 34561064), accumulated): redistribute 0.030 ntt 0.450 crt 0.001 out 0.032 spills+carry 0.020 total 0.531 s
dist_mn node 1: 2^26 = 2^13 x 2^13 over 4 x 4 ranks, 4 primes, P24 (rows 512..512; 69122129 + 17280533 limbs at 34561066, window [0, 34561063) of share [34561064, 69122129), accumulated): redistribute 0.028 ntt 0.452 crt 0.002 out 0.031 spills+carry 0.020 total 0.531 s
dist_mn node 2: 2^26 = 2^13 x 2^13 over 4 x 4 ranks, 4 primes, P24 (rows 512..512; 69122129 + 17280533 limbs at 34561066, window [34561063, 69122127) of share [69122129, 103683193), accumulated): redistribute 0.030 ntt 0.451 crt 0.002 out 0.031 spills+carry 0.020 total 0.531 s
dist_mn node 3: 2^26 = 2^13 x 2^13 over 4 x 4 ranks, 4 primes, P24 (rows 512..512; 69122129 + 17280533 limbs at 34561066, window [69122127, 86402662) of share [103683193, 138244258), accumulated): redistribute 0.028 ntt 0.448 crt 0.002 out 0.034 spills+carry 0.020 total 0.531 s
dist_mn node 0: 2^26 = 2^13 x 2^13 over 4 x 4 ranks, 4 primes, P24 (rows 512..512; 69122129 + 17280530 limbs at 51841599, window [0, 0) of share [0, 34561064), accumulated): redistribute 0.043 ntt 0.469 crt 0.002 out 0.031 spills+carry 0.020 total 0.555 s
dist_mn node 0: 69122129 x 69122129 limbs over 4 x 4 ranks (cap 2^26 points, P24): 1 x 4 pieces, 4 formed, 0 skipped (low cut) (cache 0 slots: 1 hits, 3 misses)
dist_mn node 1: 2^26 = 2^13 x 2^13 over 4 x 4 ranks, 4 primes, P24 (rows 512..512; 69122129 + 17280530 limbs at 51841599, window [0, 17280530) of share [34561064, 69122129), accumulated): redistribute 0.039 ntt 0.469 crt 0.002 out 0.034 spills+carry 0.019 total 0.555 s
dist_mn node 1: 69122129 x 69122129 limbs over 4 x 4 ranks (cap 2^26 points, P24): 1 x 4 pieces, 4 formed, 0 skipped (low cut) (cache 0 slots: 1 hits, 3 misses)
dist_mn node 2: 2^26 = 2^13 x 2^13 over 4 x 4 ranks, 4 primes, P24 (rows 512..512; 69122129 + 17280530 limbs at 51841599, window [17280530, 51841594) of share [69122129, 103683193), accumulated): redistribute 0.041 ntt 0.469 crt 0.002 out 0.033 spills+carry 0.019 total 0.555 s
dist_mn node 2: 69122129 x 69122129 limbs over 4 x 4 ranks (cap 2^26 points, P24): 1 x 4 pieces, 4 formed, 0 skipped (low cut) (cache 0 slots: 1 hits, 3 misses)
dist_mn node 3: 2^26 = 2^13 x 2^13 over 4 x 4 ranks, 4 primes, P24 (rows 512..512; 69122129 + 17280530 limbs at 51841599, window [51841594, 86402659) of share [103683193, 138244258), accumulated): redistribute 0.043 ntt 0.468 crt 0.002 out 0.029 spills+carry 0.019 total 0.555 s
dist_mn node 3: 69122129 x 69122129 limbs over 4 x 4 ranks (cap 2^26 points, P24): 1 x 4 pieces, 4 formed, 0 skipped (low cut) (cache 0 slots: 1 hits, 3 misses)
dist_mn node 0: 69122129 + 69122129 limbs -> 138244258 (share 34561064): redistribute 0.151 ntt 1.844 crt 0.007 out 0.127 spills+carry 0.063, total 2.165 s
dist_mn node 1: 69122129 + 69122129 limbs -> 138244258 (share 34561065): redistribute 0.141 ntt 1.854 crt 0.008 out 0.129 spills+carry 0.062, total 2.165 s
dist_mn node 2: 69122129 + 69122129 limbs -> 138244258 (share 34561064): redistribute 0.151 ntt 1.845 crt 0.007 out 0.131 spills+carry 0.063, total 2.165 s
dist_mn node 3: 69122129 + 69122129 limbs -> 138244258 (share 34561065): redistribute 0.144 ntt 1.849 crt 0.006 out 0.129 spills+carry 0.063, total 2.165 s
dist_mn node 0: 2^26 = 2^13 x 2^13 over 4 x 4 ranks, 4 primes, P24 (rows 512..512; 69122129 + 17280533 limbs at 0, window [0, 34561064) of share [0, 34561064)): redistribute 0.064 ntt 0.496 crt 0.002 out 0.035 spills+carry 0.004 total 0.564 s
dist_mn node 1: 2^26 = 2^13 x 2^13 over 4 x 4 ranks, 4 primes, P24 (rows 512..512; 69122129 + 17280533 limbs at 0, window [34561064, 69122128) of share [34561064, 69122128)): redistribute 0.065 ntt 0.495 crt 0.003 out 0.039 spills+carry 0.003 total 0.564 s
dist_mn node 2: 2^26 = 2^13 x 2^13 over 4 x 4 ranks, 4 primes, P24 (rows 512..512; 69122129 + 17280533 limbs at 0, window [69122128, 86402662) of share [69122128, 103683192)): redistribute 0.067 ntt 0.491 crt 0.002 out 0.039 spills+carry 0.004 total 0.564 s
dist_mn node 3: 2^26 = 2^13 x 2^13 over 4 x 4 ranks, 4 primes, P24 (rows 512..512; 69122129 + 17280533 limbs at 0, window [86402662, 86402662) of share [103683192, 138244257)): redistribute 0.065 ntt 0.493 crt 0.003 out 0.038 spills+carry 0.003 total 0.564 s
dist_mn node 0: 2^26 = 2^13 x 2^13 over 4 x 4 ranks, 4 primes, P24 (rows 512..512; 69122129 + 17280533 limbs at 17280533, window [0, 17280531) of share [0, 34561064), accumulated): redistribute 0.030 ntt 0.464 crt 0.001 out 0.028 spills+carry 0.021 total 0.544 s
dist_mn node 1: 2^26 = 2^13 x 2^13 over 4 x 4 ranks, 4 primes, P24 (rows 512..512; 69122129 + 17280533 limbs at 17280533, window [17280531, 51841595) of share [34561064, 69122128), accumulated): redistribute 0.031 ntt 0.458 crt 0.001 out 0.033 spills+carry 0.021 total 0.544 s
dist_mn node 2: 2^26 = 2^13 x 2^13 over 4 x 4 ranks, 4 primes, P24 (rows 512..512; 69122129 + 17280533 limbs at 17280533, window [51841595, 86402659) of share [69122128, 103683192), accumulated): redistribute 0.032 ntt 0.458 crt 0.001 out 0.032 spills+carry 0.021 total 0.544 s
dist_mn node 3: 2^26 = 2^13 x 2^13 over 4 x 4 ranks, 4 primes, P24 (rows 512..512; 69122129 + 17280533 limbs at 17280533, window [86402659, 86402662) of share [103683192, 138244257), accumulated): redistribute 0.027 ntt 0.466 crt 0.002 out 0.029 spills+carry 0.021 total 0.544 s
dist_mn node 0: 2^26 = 2^13 x 2^13 over 4 x 4 ranks, 4 primes, P24 (rows 512..512; 69122129 + 17280533 limbs at 34561066, window [0, 0) of share [0, 34561064), accumulated): redistribute 0.031 ntt 0.452 crt 0.001 out 0.028 spills+carry 0.021 total 0.530 s
dist_mn node 1: 2^26 = 2^13 x 2^13 over 4 x 4 ranks, 4 primes, P24 (rows 512..512; 69122129 + 17280533 limbs at 34561066, window [0, 34561062) of share [34561064, 69122128), accumulated): redistribute 0.027 ntt 0.456 crt 0.002 out 0.029 spills+carry 0.020 total 0.530 s
dist_mn node 2: 2^26 = 2^13 x 2^13 over 4 x 4 ranks, 4 primes, P24 (rows 512..512; 69122129 + 17280533 limbs at 34561066, window [34561062, 69122126) of share [69122128, 103683192), accumulated): redistribute 0.030 ntt 0.453 crt 0.002 out 0.031 spills+carry 0.021 total 0.530 s
dist_mn node 3: 2^26 = 2^13 x 2^13 over 4 x 4 ranks, 4 primes, P24 (rows 512..512; 69122129 + 17280533 limbs at 34561066, window [69122126, 86402662) of share [103683192, 138244257), accumulated): redistribute 0.029 ntt 0.451 crt 0.002 out 0.030 spills+carry 0.020 total 0.530 s
dist_mn node 0: 2^26 = 2^13 x 2^13 over 4 x 4 ranks, 4 primes, P24 (rows 512..512; 69122129 + 17280530 limbs at 51841599, window [0, 0) of share [0, 34561064), accumulated): redistribute 0.033 ntt 0.439 crt 0.002 out 0.030 spills+carry 0.020 total 0.517 s
dist_mn node 0: 69122129 x 69122129 limbs over 4 x 4 ranks (cap 2^26 points, P24): 1 x 4 pieces, 4 formed, 0 skipped (low product) (low cut) (cache 0 slots: 1 hits, 3 misses)
dist_mn node 1: 2^26 = 2^13 x 2^13 over 4 x 4 ranks, 4 primes, P24 (rows 512..512; 69122129 + 17280530 limbs at 51841599, window [0, 17280529) of share [34561064, 69122128), accumulated): redistribute 0.030 ntt 0.439 crt 0.002 out 0.033 spills+carry 0.020 total 0.517 s
dist_mn node 1: 69122129 x 69122129 limbs over 4 x 4 ranks (cap 2^26 points, P24): 1 x 4 pieces, 4 formed, 0 skipped (low product) (low cut) (cache 0 slots: 1 hits, 3 misses)
dist_mn node 2: 2^26 = 2^13 x 2^13 over 4 x 4 ranks, 4 primes, P24 (rows 512..512; 69122129 + 17280530 limbs at 51841599, window [17280529, 51841593) of share [69122128, 103683192), accumulated): redistribute 0.036 ntt 0.435 crt 0.002 out 0.034 spills+carry 0.020 total 0.517 s
dist_mn node 2: 69122129 x 69122129 limbs over 4 x 4 ranks (cap 2^26 points, P24): 1 x 4 pieces, 4 formed, 0 skipped (low product) (low cut) (cache 0 slots: 1 hits, 3 misses)
dist_mn node 3: 2^26 = 2^13 x 2^13 over 4 x 4 ranks, 4 primes, P24 (rows 512..512; 69122129 + 17280530 limbs at 51841599, window [51841593, 86402658) of share [103683192, 138244257), accumulated): redistribute 0.033 ntt 0.442 crt 0.001 out 0.034 spills+carry 0.020 total 0.517 s
dist_mn node 3: 69122129 x 69122129 limbs over 4 x 4 ranks (cap 2^26 points, P24): 1 x 4 pieces, 4 formed, 0 skipped (low product) (low cut) (cache 0 slots: 1 hits, 3 misses)
dist_mn node 1: 69122129 + 69122129 limbs -> 138244257 (share 34561064): redistribute 0.154 ntt 1.848 crt 0.008 out 0.134 spills+carry 0.064, total 2.157 s
dist_mn node 0: 69122129 + 69122129 limbs -> 138244257 (share 34561064): redistribute 0.158 ntt 1.851 crt 0.007 out 0.120 spills+carry 0.065, total 2.157 s
dist_mn node 2: 69122129 + 69122129 limbs -> 138244257 (share 34561064): redistribute 0.165 ntt 1.836 crt 0.008 out 0.136 spills+carry 0.064, total 2.157 s
dist_mn node 3: 69122129 + 69122129 limbs -> 138244257 (share 34561065): redistribute 0.153 ntt 1.852 crt 0.008 out 0.130 spills+carry 0.064, total 2.157 s
dist_mn node 0: 69122129 x 69122129 limbs over 4 x 4 ranks (cap 2^26 points, P24): 1 x 4 pieces, 0 formed, 4 skipped (low cut) (cache 0 slots: 1 hits, 3 misses)
dist_mn node 2: 69122129 x 69122129 limbs over 4 x 4 ranks (cap 2^26 points, P24): 1 x 4 pieces, 0 formed, 4 skipped (low cut) (cache 0 slots: 1 hits, 3 misses)
dist_mn node 1: 69122129 x 69122129 limbs over 4 x 4 ranks (cap 2^26 points, P24): 1 x 4 pieces, 0 formed, 4 skipped (low cut) (cache 0 slots: 1 hits, 3 misses)
dist_mn node 3: 69122129 x 69122129 limbs over 4 x 4 ranks (cap 2^26 points, P24): 1 x 4 pieces, 0 formed, 4 skipped (low cut) (cache 0 slots: 1 hits, 3 misses)
dist_mn node 0: 69122129 + 69122129 limbs -> 0 (share 34561064): redistribute 0.000 ntt 0.000 crt 0.000 out 0.000 spills+carry 0.000, total 0.003 s
dist_mn node 1: 69122129 + 69122129 limbs -> 0 (share 34561065): redistribute 0.000 ntt 0.000 crt 0.000 out 0.000 spills+carry 0.000, total 0.003 s
dist_mn node 3: 69122129 + 69122129 limbs -> 0 (share 34561065): redistribute 0.000 ntt 0.000 crt 0.000 out 0.000 spills+carry 0.000, total 0.003 s
dist_mn node 2: 69122129 + 69122129 limbs -> 0 (share 34561064): redistribute 0.000 ntt 0.000 crt 0.000 out 0.000 spills+carry 0.000, total 0.003 s
mdev 3*2^25 (86402662 limbs): repack 0.231 h2d 0.001 fwd 0.012 inv 0.010 d2h 0.081 crt 0.254 total 0.352 s
mdev 3*2^25 (86402662 limbs): repack 0.175 h2d 0.001 fwd 0.010 inv 0.006 d2h 0.192 crt 0.177 total 0.395 s
mdev 3*2^25 (86402662 limbs): repack 0.143 h2d 0.002 fwd 0.024 inv 0.011 d2h 0.223 crt 0.118 total 0.396 s
mdev 3*2^25 (86402662 limbs): repack 0.174 h2d 0.002 fwd 0.020 inv 0.006 d2h 0.194 crt 0.118 total 0.397 s
mdev 3*2^25 (86402662 limbs): repack 0.149 h2d 0.002 fwd 0.009 inv 0.007 d2h 0.194 crt 0.230 total 0.375 s
mdev 3*2^25 (86402662 limbs): repack 0.159 h2d 0.002 fwd 0.021 inv 0.012 d2h 0.233 crt 0.146 total 0.434 s
mdev 3*2^25 (86402662 limbs): repack 0.164 h2d 0.001 fwd 0.015 inv 0.012 d2h 0.246 crt 0.110 total 0.445 s
mdev 3*2^25 (86402662 limbs): repack 0.171 h2d 0.003 fwd 0.022 inv 0.010 d2h 0.233 crt 0.117 total 0.433 s
mdev 3*2^25 (86402662 limbs): repack 0.148 h2d 0.001 fwd 0.010 inv 0.006 d2h 0.137 crt 0.148 total 0.312 s
mdev 3*2^25 (86402662 limbs): repack 0.149 h2d 0.002 fwd 0.015 inv 0.008 d2h 0.056 crt 0.048 total 0.231 s
mdev 3*2^25 (86402662 limbs): repack 0.163 h2d 0.002 fwd 0.010 inv 0.006 d2h 0.159 crt 0.136 total 0.345 s
mdev 3*2^25 (86402662 limbs): repack 0.162 h2d 0.002 fwd 0.017 inv 0.006 d2h 0.100 crt 0.142 total 0.287 s
mdev 3*2^25 (86402659 limbs): repack 0.138 h2d 0.002 fwd 0.010 inv 0.007 d2h 0.149 crt 0.123 total 0.312 s
mdev 3*2^25 (86402659 limbs): repack 0.187 h2d 0.001 fwd 0.019 inv 0.013 d2h 0.152 crt 0.079 total 0.387 s
mdev 3*2^25 (86402659 limbs): repack 0.175 h2d 0.002 fwd 0.023 inv 0.010 d2h 0.225 crt 0.182 total 0.446 s
mdev 3*2^25 (86402659 limbs): repack 0.182 h2d 0.001 fwd 0.009 inv 0.006 d2h 0.142 crt 0.264 total 0.373 s
dist_mn node 0: 69122129 x 69122129 limbs over 4 x 4 ranks (cap 2^26 points, P24): 1 x 4 pieces, 0 formed, 4 skipped (low product) (low cut) (cache 0 slots: 1 hits, 3 misses)
dist_mn node 1: 69122129 x 69122129 limbs over 4 x 4 ranks (cap 2^26 points, P24): 1 x 4 pieces, 0 formed, 4 skipped (low product) (low cut) (cache 0 slots: 1 hits, 3 misses)
dist_mn node 2: 69122129 x 69122129 limbs over 4 x 4 ranks (cap 2^26 points, P24): 1 x 4 pieces, 0 formed, 4 skipped (low product) (low cut) (cache 0 slots: 1 hits, 3 misses)
dist_mn node 3: 69122129 x 69122129 limbs over 4 x 4 ranks (cap 2^26 points, P24): 1 x 4 pieces, 0 formed, 4 skipped (low product) (low cut) (cache 0 slots: 1 hits, 3 misses)
dist_mn node 0: 69122129 + 69122129 limbs -> 0 (share 34561064): redistribute 0.000 ntt 0.000 crt 0.000 out 0.000 spills+carry 0.000, total 0.002 s
dist_mn node 1: 69122129 + 69122129 limbs -> 0 (share 34561064): redistribute 0.000 ntt 0.000 crt 0.000 out 0.000 spills+carry 0.000, total 0.002 s
dist_mn node 2: 69122129 + 69122129 limbs -> 0 (share 34561064): redistribute 0.000 ntt 0.000 crt 0.000 out 0.000 spills+carry 0.000, total 0.002 s
dist_mn node 3: 69122129 + 69122129 limbs -> 0 (share 34561065): redistribute 0.000 ntt 0.000 crt 0.000 out 0.000 spills+carry 0.000, total 0.002 s
mdev 3*2^25 (86402662 limbs): repack 0.140 h2d 0.002 fwd 0.035 inv 0.013 d2h 0.063 crt 0.143 total 0.285 s
mdev 3*2^25 (86402662 limbs): repack 0.148 h2d 0.001 fwd 0.026 inv 0.018 d2h 0.145 crt 0.108 total 0.333 s
mdev 3*2^25 (86402662 limbs): repack 0.134 h2d 0.002 fwd 0.030 inv 0.017 d2h 0.134 crt 0.128 total 0.326 s
mdev 3*2^25 (86402662 limbs): repack 0.143 h2d 0.002 fwd 0.034 inv 0.010 d2h 0.145 crt 0.136 total 0.334 s
mdev 3*2^25 (86402662 limbs): repack 0.134 h2d 0.002 fwd 0.010 inv 0.006 d2h 0.132 crt 0.145 total 0.291 s
mdev 3*2^25 (86402662 limbs): repack 0.156 h2d 0.002 fwd 0.017 inv 0.009 d2h 0.100 crt 0.113 total 0.285 s
mdev 3*2^25 (86402662 limbs): repack 0.180 h2d 0.002 fwd 0.018 inv 0.009 d2h 0.192 crt 0.145 total 0.398 s
mdev 3*2^25 (86402662 limbs): repack 0.121 h2d 0.002 fwd 0.010 inv 0.006 d2h 0.188 crt 0.085 total 0.338 s
mdev 3*2^25 (86402662 limbs): repack 0.080 h2d 0.002 fwd 0.010 inv 0.006 d2h 0.185 crt 0.061 total 0.290 s
mdev 3*2^25 (86402662 limbs): repack 0.061 h2d 0.002 fwd 0.019 inv 0.007 d2h 0.101 crt 0.073 total 0.187 s
mdev 3*2^25 (86402662 limbs): repack 0.176 h2d 0.001 fwd 0.017 inv 0.007 d2h 0.141 crt 0.178 total 0.350 s
mdev 3*2^25 (86402662 limbs): repack 0.136 h2d 0.002 fwd 0.010 inv 0.005 d2h 0.182 crt 0.135 total 0.342 s
mdev 3*2^25 (86402659 limbs): repack 0.118 h2d 0.002 fwd 0.011 inv 0.006 d2h 0.148 crt 0.097 total 0.295 s
mdev 3*2^25 (86402659 limbs): repack 0.080 h2d 0.002 fwd 0.011 inv 0.006 d2h 0.133 crt 0.137 total 0.245 s
mdev 3*2^25 (86402659 limbs): repack 0.136 h2d 0.002 fwd 0.010 inv 0.006 d2h 0.111 crt 0.120 total 0.270 s
mdev 3*2^25 (86402659 limbs): repack 0.071 h2d 0.002 fwd 0.010 inv 0.006 d2h 0.176 crt 0.048 total 0.270 s
dist_mn node 0: 2^26 = 2^13 x 2^13 over 4 x 4 ranks, 4 primes, P24 (rows 512..512; 69122129 + 17280533 limbs at 0, window [0, 34561064) of share [0, 34561064)): redistribute 0.031 ntt 0.452 crt 0.002 out 0.041 spills+carry 0.003 total 0.529 s
dist_mn node 1: 2^26 = 2^13 x 2^13 over 4 x 4 ranks, 4 primes, P24 (rows 512..512; 69122129 + 17280533 limbs at 0, window [34561064, 69122129) of share [34561064, 69122129)): redistribute 0.034 ntt 0.450 crt 0.002 out 0.043 spills+carry 0.003 total 0.529 s
dist_mn node 2: 2^26 = 2^13 x 2^13 over 4 x 4 ranks, 4 primes, P24 (rows 512..512; 69122129 + 17280533 limbs at 0, window [69122129, 86402662) of share [69122129, 103683193)): redistribute 0.029 ntt 0.454 crt 0.001 out 0.042 spills+carry 0.003 total 0.529 s
dist_mn node 3: 2^26 = 2^13 x 2^13 over 4 x 4 ranks, 4 primes, P24 (rows 512..512; 69122129 + 17280533 limbs at 0, window [86402662, 86402662) of share [103683193, 138244258)): redistribute 0.031 ntt 0.453 crt 0.002 out 0.040 spills+carry 0.004 total 0.529 s
dist_mn node 0: 2^26 = 2^13 x 2^13 over 4 x 4 ranks, 4 primes, P24 (rows 512..512; 69122129 + 17280533 limbs at 17280533, window [0, 17280531) of share [0, 34561064), accumulated): redistribute 0.029 ntt 0.457 crt 0.001 out 0.037 spills+carry 0.019 total 0.543 s
dist_mn node 1: 2^26 = 2^13 x 2^13 over 4 x 4 ranks, 4 primes, P24 (rows 512..512; 69122129 + 17280533 limbs at 17280533, window [17280531, 51841596) of share [34561064, 69122129), accumulated): redistribute 0.029 ntt 0.458 crt 0.002 out 0.035 spills+carry 0.019 total 0.543 s
dist_mn node 2: 2^26 = 2^13 x 2^13 over 4 x 4 ranks, 4 primes, P24 (rows 512..512; 69122129 + 17280533 limbs at 17280533, window [51841596, 86402660) of share [69122129, 103683193), accumulated): redistribute 0.030 ntt 0.457 crt 0.002 out 0.035 spills+carry 0.019 total 0.543 s
dist_mn node 3: 2^26 = 2^13 x 2^13 over 4 x 4 ranks, 4 primes, P24 (rows 512..512; 69122129 + 17280533 limbs at 17280533, window [86402660, 86402662) of share [103683193, 138244258), accumulated): redistribute 0.025 ntt 0.461 crt 0.002 out 0.035 spills+carry 0.019 total 0.543 s
dist_mn node 0: 2^26 = 2^13 x 2^13 over 4 x 4 ranks, 4 primes, P24 (rows 512..512; 69122129 + 17280533 limbs at 34561066, window [0, 0) of share [0, 34561064), accumulated): redistribute 0.035 ntt 0.473 crt 0.003 out 0.031 spills+carry 0.021 total 0.554 s
dist_mn node 1: 2^26 = 2^13 x 2^13 over 4 x 4 ranks, 4 primes, P24 (rows 512..512; 69122129 + 17280533 limbs at 34561066, window [0, 34561063) of share [34561064, 69122129), accumulated): redistribute 0.027 ntt 0.477 crt 0.003 out 0.032 spills+carry 0.021 total 0.554 s
dist_mn node 2: 2^26 = 2^13 x 2^13 over 4 x 4 ranks, 4 primes, P24 (rows 512..512; 69122129 + 17280533 limbs at 34561066, window [34561063, 69122127) of share [69122129, 103683193), accumulated): redistribute 0.034 ntt 0.472 crt 0.003 out 0.032 spills+carry 0.021 total 0.554 s
dist_mn node 3: 2^26 = 2^13 x 2^13 over 4 x 4 ranks, 4 primes, P24 (rows 512..512; 69122129 + 17280533 limbs at 34561066, window [69122127, 86402662) of share [103683193, 138244258), accumulated): redistribute 0.027 ntt 0.478 crt 0.002 out 0.033 spills+carry 0.021 total 0.554 s
dist_mn node 0: 2^26 = 2^13 x 2^13 over 4 x 4 ranks, 4 primes, P24 (rows 512..512; 69122129 + 17280530 limbs at 51841599, window [0, 0) of share [0, 34561064), accumulated): redistribute 0.030 ntt 0.469 crt 0.002 out 0.026 spills+carry 0.021 total 0.545 s
dist_mn node 0: 69122129 x 69122129 limbs over 4 x 4 ranks (cap 2^26 points, P24): 1 x 4 pieces, 4 formed, 0 skipped (cache 0 slots: 1 hits, 3 misses)
dist_mn node 1: 2^26 = 2^13 x 2^13 over 4 x 4 ranks, 4 primes, P24 (rows 512..512; 69122129 + 17280530 limbs at 51841599, window [0, 17280530) of share [34561064, 69122129), accumulated): redistribute 0.029 ntt 0.467 crt 0.002 out 0.028 spills+carry 0.020 total 0.545 s
dist_mn node 1: 69122129 x 69122129 limbs over 4 x 4 ranks (cap 2^26 points, P24): 1 x 4 pieces, 4 formed, 0 skipped (cache 0 slots: 1 hits, 3 misses)
dist_mn node 2: 2^26 = 2^13 x 2^13 over 4 x 4 ranks, 4 primes, P24 (rows 512..512; 69122129 + 17280530 limbs at 51841599, window [17280530, 51841594) of share [69122129, 103683193), accumulated): redistribute 0.029 ntt 0.471 crt 0.001 out 0.026 spills+carry 0.020 total 0.545 s
dist_mn node 2: 69122129 x 69122129 limbs over 4 x 4 ranks (cap 2^26 points, P24): 1 x 4 pieces, 4 formed, 0 skipped (cache 0 slots: 1 hits, 3 misses)
dist_mn node 3: 2^26 = 2^13 x 2^13 over 4 x 4 ranks, 4 primes, P24 (rows 512..512; 69122129 + 17280530 limbs at 51841599, window [51841594, 86402659) of share [103683193, 138244258), accumulated): redistribute 0.030 ntt 0.465 crt 0.001 out 0.031 spills+carry 0.020 total 0.545 s
dist_mn node 3: 69122129 x 69122129 limbs over 4 x 4 ranks (cap 2^26 points, P24): 1 x 4 pieces, 4 formed, 0 skipped (cache 0 slots: 1 hits, 3 misses)
dist_mn node 0: 69122129 + 69122129 limbs -> 138244258 (share 34561064): redistribute 0.125 ntt 1.851 crt 0.007 out 0.136 spills+carry 0.065, total 2.496 s
dist_mn node 1: 69122129 + 69122129 limbs -> 138244258 (share 34561065): redistribute 0.118 ntt 1.853 crt 0.008 out 0.138 spills+carry 0.064, total 2.397 s
dist_mn node 2: 69122129 + 69122129 limbs -> 138244258 (share 34561064): redistribute 0.122 ntt 1.853 crt 0.008 out 0.135 spills+carry 0.064, total 2.174 s
dist_mn node 3: 69122129 + 69122129 limbs -> 138244258 (share 34561065): redistribute 0.114 ntt 1.857 crt 0.007 out 0.138 spills+carry 0.064, total 2.379 s
dist_mn node 0: 2^26 = 2^13 x 2^13 over 4 x 4 ranks, 4 primes, P24 (rows 512..512; 69122129 + 17280533 limbs at 0, window [0, 34561064) of share [0, 34561064)): redistribute 0.037 ntt 0.504 crt 0.002 out 0.037 spills+carry 0.003 total 0.575 s
dist_mn node 1: 2^26 = 2^13 x 2^13 over 4 x 4 ranks, 4 primes, P24 (rows 512..512; 69122129 + 17280533 limbs at 0, window [34561064, 69122128) of share [34561064, 69122128)): redistribute 0.037 ntt 0.498 crt 0.002 out 0.042 spills+carry 0.003 total 0.575 s
dist_mn node 2: 2^26 = 2^13 x 2^13 over 4 x 4 ranks, 4 primes, P24 (rows 512..512; 69122129 + 17280533 limbs at 0, window [69122128, 86402662) of share [69122128, 103683192)): redistribute 0.041 ntt 0.497 crt 0.001 out 0.040 spills+carry 0.003 total 0.575 s
dist_mn node 3: 2^26 = 2^13 x 2^13 over 4 x 4 ranks, 4 primes, P24 (rows 512..512; 69122129 + 17280533 limbs at 0, window [86402662, 86402662) of share [103683192, 138244257)): redistribute 0.043 ntt 0.499 crt 0.001 out 0.041 spills+carry 0.003 total 0.575 s
dist_mn node 0: 2^26 = 2^13 x 2^13 over 4 x 4 ranks, 4 primes, P24 (rows 512..512; 69122129 + 17280533 limbs at 17280533, window [0, 17280531) of share [0, 34561064), accumulated): redistribute 0.029 ntt 0.453 crt 0.002 out 0.034 spills+carry 0.021 total 0.538 s
dist_mn node 1: 2^26 = 2^13 x 2^13 over 4 x 4 ranks, 4 primes, P24 (rows 512..512; 69122129 + 17280533 limbs at 17280533, window [17280531, 51841595) of share [34561064, 69122128), accumulated): redistribute 0.028 ntt 0.451 crt 0.001 out 0.037 spills+carry 0.021 total 0.538 s
dist_mn node 2: 2^26 = 2^13 x 2^13 over 4 x 4 ranks, 4 primes, P24 (rows 512..512; 69122129 + 17280533 limbs at 17280533, window [51841595, 86402659) of share [69122128, 103683192), accumulated): redistribute 0.027 ntt 0.453 crt 0.002 out 0.036 spills+carry 0.021 total 0.538 s
dist_mn node 3: 2^26 = 2^13 x 2^13 over 4 x 4 ranks, 4 primes, P24 (rows 512..512; 69122129 + 17280533 limbs at 17280533, window [86402659, 86402662) of share [103683192, 138244257), accumulated): redistribute 0.027 ntt 0.454 crt 0.002 out 0.034 spills+carry 0.021 total 0.538 s
dist_mn node 0: 2^26 = 2^13 x 2^13 over 4 x 4 ranks, 4 primes, P24 (rows 512..512; 69122129 + 17280533 limbs at 34561066, window [0, 0) of share [0, 34561064), accumulated): redistribute 0.031 ntt 0.456 crt 0.002 out 0.034 spills+carry 0.021 total 0.544 s
dist_mn node 1: 2^26 = 2^13 x 2^13 over 4 x 4 ranks, 4 primes, P24 (rows 512..512; 69122129 + 17280533 limbs at 34561066, window [0, 34561062) of share [34561064, 69122128), accumulated): redistribute 0.034 ntt 0.456 crt 0.001 out 0.034 spills+carry 0.021 total 0.544 s
dist_mn node 2: 2^26 = 2^13 x 2^13 over 4 x 4 ranks, 4 primes, P24 (rows 512..512; 69122129 + 17280533 limbs at 34561066, window [34561062, 69122126) of share [69122128, 103683192), accumulated): redistribute 0.031 ntt 0.463 crt 0.001 out 0.027 spills+carry 0.021 total 0.544 s
dist_mn node 3: 2^26 = 2^13 x 2^13 over 4 x 4 ranks, 4 primes, P24 (rows 512..512; 69122129 + 17280533 limbs at 34561066, window [69122126, 86402662) of share [103683192, 138244257), accumulated): redistribute 0.036 ntt 0.455 crt 0.002 out 0.033 spills+carry 0.021 total 0.544 s
dist_mn node 0: 2^26 = 2^13 x 2^13 over 4 x 4 ranks, 4 primes, P24 (rows 512..512; 69122129 + 17280530 limbs at 51841599, window [0, 0) of share [0, 34561064), accumulated): redistribute 0.032 ntt 0.437 crt 0.002 out 0.033 spills+carry 0.021 total 0.524 s
dist_mn node 0: 69122129 x 69122129 limbs over 4 x 4 ranks (cap 2^26 points, P24): 1 x 4 pieces, 4 formed, 0 skipped (low product) (cache 0 slots: 1 hits, 3 misses)
dist_mn node 1: 2^26 = 2^13 x 2^13 over 4 x 4 ranks, 4 primes, P24 (rows 512..512; 69122129 + 17280530 limbs at 51841599, window [0, 17280529) of share [34561064, 69122128), accumulated): redistribute 0.035 ntt 0.438 crt 0.001 out 0.033 spills+carry 0.021 total 0.524 s
dist_mn node 1: 69122129 x 69122129 limbs over 4 x 4 ranks (cap 2^26 points, P24): 1 x 4 pieces, 4 formed, 0 skipped (low product) (cache 0 slots: 1 hits, 3 misses)
dist_mn node 2: 2^26 = 2^13 x 2^13 over 4 x 4 ranks, 4 primes, P24 (rows 512..512; 69122129 + 17280530 limbs at 51841599, window [17280529, 51841593) of share [69122128, 103683192), accumulated): redistribute 0.033 ntt 0.441 crt 0.002 out 0.028 spills+carry 0.021 total 0.524 s
dist_mn node 2: 69122129 x 69122129 limbs over 4 x 4 ranks (cap 2^26 points, P24): 1 x 4 pieces, 4 formed, 0 skipped (low product) (cache 0 slots: 1 hits, 3 misses)
dist_mn node 3: 2^26 = 2^13 x 2^13 over 4 x 4 ranks, 4 primes, P24 (rows 512..512; 69122129 + 17280530 limbs at 51841599, window [51841593, 86402658) of share [103683192, 138244257), accumulated): redistribute 0.032 ntt 0.438 crt 0.001 out 0.032 spills+carry 0.021 total 0.524 s
dist_mn node 3: 69122129 x 69122129 limbs over 4 x 4 ranks (cap 2^26 points, P24): 1 x 4 pieces, 4 formed, 0 skipped (low product) (cache 0 slots: 1 hits, 3 misses)
dist_mn node 1: 69122129 + 69122129 limbs -> 138244257 (share 34561064): redistribute 0.135 ntt 1.844 crt 0.005 out 0.145 spills+carry 0.066, total 2.185 s
dist_mn node 2: 69122129 + 69122129 limbs -> 138244257 (share 34561064): redistribute 0.132 ntt 1.855 crt 0.006 out 0.131 spills+carry 0.066, total 2.185 s
dist_mn node 0: 69122129 + 69122129 limbs -> 138244257 (share 34561064): redistribute 0.129 ntt 1.850 crt 0.007 out 0.138 spills+carry 0.066, total 2.185 s
dist_mn node 3: 69122129 + 69122129 limbs -> 138244257 (share 34561065): redistribute 0.137 ntt 1.848 crt 0.006 out 0.140 spills+carry 0.066, total 2.185 s
dist_mn node 0: 2^26 = 2^13 x 2^13 over 4 x 4 ranks, 4 primes, P24 (rows 512..512; 34561064 + 34561061 limbs at 0, window [0, 25920796) of share [0, 25920796)): redistribute 0.048 ntt 0.489 crt 0.002 out 0.034 spills+carry 0.005 total 0.556 s
dist_mn node 1: 2^26 = 2^13 x 2^13 over 4 x 4 ranks, 4 primes, P24 (rows 512..512; 34561064 + 34561061 limbs at 0, window [25920796, 51841593) of share [25920796, 51841593)): redistribute 0.050 ntt 0.491 crt 0.002 out 0.030 spills+carry 0.005 total 0.556 s
dist_mn node 2: 2^26 = 2^13 x 2^13 over 4 x 4 ranks, 4 primes, P24 (rows 512..512; 34561064 + 34561061 limbs at 0, window [51841593, 69122125) of share [51841593, 77762389)): redistribute 0.060 ntt 0.490 crt 0.002 out 0.033 spills+carry 0.005 total 0.556 s
dist_mn node 3: 2^26 = 2^13 x 2^13 over 4 x 4 ranks, 4 primes, P24 (rows 512..512; 34561064 + 34561061 limbs at 0, window [69122125, 69122125) of share [77762389, 103683186)): redistribute 0.043 ntt 0.490 crt 0.001 out 0.032 spills+carry 0.005 total 0.556 s
dist_mn node 0: 2^26 = 2^13 x 2^13 over 4 x 4 ranks, 4 primes, P24 (rows 512..512; 34561064 + 34561061 limbs at 34561061, window [0, 0) of share [0, 25920796), accumulated): redistribute 0.030 ntt 0.432 crt 0.002 out 0.027 spills+carry 0.018 total 0.507 s
dist_mn node 0: 34561064 x 69122122 limbs over 4 x 4 ranks (cap 2^26 points, P24): 1 x 2 pieces, 2 formed, 0 skipped (cache 0 slots: 0 hits, 0 misses)
dist_mn node 1: 2^26 = 2^13 x 2^13 over 4 x 4 ranks, 4 primes, P24 (rows 512..512; 34561064 + 34561061 limbs at 34561061, window [0, 17280532) of share [25920796, 51841593), accumulated): redistribute 0.030 ntt 0.432 crt 0.002 out 0.026 spills+carry 0.017 total 0.507 s
dist_mn node 1: 34561064 x 69122122 limbs over 4 x 4 ranks (cap 2^26 points, P24): 1 x 2 pieces, 2 formed, 0 skipped (cache 0 slots: 0 hits, 0 misses)
dist_mn node 2: 2^26 = 2^13 x 2^13 over 4 x 4 ranks, 4 primes, P24 (rows 512..512; 34561064 + 34561061 limbs at 34561061, window [17280532, 43201328) of share [51841593, 77762389), accumulated): redistribute 0.031 ntt 0.435 crt 0.002 out 0.023 spills+carry 0.017 total 0.507 s
dist_mn node 2: 34561064 x 69122122 limbs over 4 x 4 ranks (cap 2^26 points, P24): 1 x 2 pieces, 2 formed, 0 skipped (cache 0 slots: 0 hits, 0 misses)
dist_mn node 3: 2^26 = 2^13 x 2^13 over 4 x 4 ranks, 4 primes, P24 (rows 512..512; 34561064 + 34561061 limbs at 34561061, window [43201328, 69122125) of share [77762389, 103683186), accumulated): redistribute 0.025 ntt 0.441 crt 0.002 out 0.022 spills+carry 0.017 total 0.507 s
dist_mn node 3: 34561064 x 69122122 limbs over 4 x 4 ranks (cap 2^26 points, P24): 1 x 2 pieces, 2 formed, 0 skipped (cache 0 slots: 0 hits, 0 misses)
dist_mn node 0: 34561064 + 69122122 limbs -> 103683186 (share 25920796): redistribute 0.078 ntt 0.920 crt 0.004 out 0.062 spills+carry 0.022, total 1.065 s
dist_mn node 1: 34561064 + 69122122 limbs -> 103683186 (share 25920797): redistribute 0.080 ntt 0.923 crt 0.004 out 0.056 spills+carry 0.023, total 1.065 s
dist_mn node 2: 34561064 + 69122122 limbs -> 103683186 (share 25920796): redistribute 0.091 ntt 0.925 crt 0.004 out 0.056 spills+carry 0.023, total 1.065 s
dist_mn node 3: 34561064 + 69122122 limbs -> 103683186 (share 25920797): redistribute 0.068 ntt 0.932 crt 0.003 out 0.054 spills+carry 0.022, total 1.065 s
mdev 2^27 (103683186 limbs): repack 0.181 h2d 0.002 fwd 0.051 inv 0.030 d2h 0.102 crt 0.105 total 0.361 s
mdev 2^27 (103683186 limbs): repack 0.179 h2d 0.002 fwd 0.044 inv 0.032 d2h 0.146 crt 0.132 total 0.403 s
mdev 2^27 (103683186 limbs): repack 0.197 h2d 0.002 fwd 0.054 inv 0.029 d2h 0.136 crt 0.150 total 0.416 s
mdev 2^27 (103683186 limbs): repack 0.191 h2d 0.002 fwd 0.055 inv 0.014 d2h 0.176 crt 0.229 total 0.469 s
dist_mn node 0: 2^26 = 2^13 x 2^13 over 4 x 4 ranks, 4 primes, P24 (rows 512..512; 34561064 + 34561061 limbs at 0, window [0, 8640266) of share [0, 8640266)): redistribute 0.045 ntt 0.464 crt 0.002 out 0.018 spills+carry 0.004 total 0.516 s
dist_mn node 1: 2^26 = 2^13 x 2^13 over 4 x 4 ranks, 4 primes, P24 (rows 512..512; 34561064 + 34561061 limbs at 0, window [8640266, 17280533) of share [8640266, 17280533)): redistribute 0.036 ntt 0.464 crt 0.002 out 0.018 spills+carry 0.004 total 0.516 s
dist_mn node 2: 2^26 = 2^13 x 2^13 over 4 x 4 ranks, 4 primes, P24 (rows 512..512; 34561064 + 34561061 limbs at 0, window [17280533, 25920800) of share [17280533, 25920800)): redistribute 0.042 ntt 0.470 crt 0.003 out 0.015 spills+carry 0.004 total 0.514 s
dist_mn node 3: 2^26 = 2^13 x 2^13 over 4 x 4 ranks, 4 primes, P24 (rows 512..512; 34561064 + 34561061 limbs at 0, window [25920800, 34561067) of share [25920800, 34561067)): redistribute 0.047 ntt 0.466 crt 0.003 out 0.017 spills+carry 0.004 total 0.516 s
dist_mn node 0: 2^26 = 2^13 x 2^13 over 4 x 4 ranks, 4 primes, P24 (rows 512..512; 34561064 + 34561061 limbs at 34561061, window [0, 0) of share [0, 8640266), accumulated): redistribute 0.037 ntt 0.451 crt 0.002 out 0.004 spills+carry 0.001 total 0.493 s
dist_mn node 0: 34561064 x 69122122 limbs over 4 x 4 ranks (cap 2^26 points, P24): 1 x 2 pieces, 2 formed, 0 skipped (low product) (cache 0 slots: 0 hits, 0 misses)
dist_mn node 1: 2^26 = 2^13 x 2^13 over 4 x 4 ranks, 4 primes, P24 (rows 512..512; 34561064 + 34561061 limbs at 34561061, window [0, 0) of share [8640266, 17280533), accumulated): redistribute 0.036 ntt 0.456 crt 0.001 out 0.002 spills+carry 0.001 total 0.493 s
dist_mn node 1: 34561064 x 69122122 limbs over 4 x 4 ranks (cap 2^26 points, P24): 1 x 2 pieces, 2 formed, 0 skipped (low product) (cache 0 slots: 0 hits, 0 misses)
dist_mn node 2: 2^26 = 2^13 x 2^13 over 4 x 4 ranks, 4 primes, P24 (rows 512..512; 34561064 + 34561061 limbs at 34561061, window [0, 0) of share [17280533, 25920800), accumulated): redistribute 0.038 ntt 0.451 crt 0.002 out 0.003 spills+carry 0.001 total 0.493 s
dist_mn node 2: 34561064 x 69122122 limbs over 4 x 4 ranks (cap 2^26 points, P24): 1 x 2 pieces, 2 formed, 0 skipped (low product) (cache 0 slots: 0 hits, 0 misses)
dist_mn node 3: 2^26 = 2^13 x 2^13 over 4 x 4 ranks, 4 primes, P24 (rows 512..512; 34561064 + 34561061 limbs at 34561061, window [0, 6) of share [25920800, 34561067), accumulated): redistribute 0.029 ntt 0.460 crt 0.002 out 0.003 spills+carry 0.001 total 0.493 s
dist_mn node 3: 34561064 x 69122122 limbs over 4 x 4 ranks (cap 2^26 points, P24): 1 x 2 pieces, 2 formed, 0 skipped (low product) (cache 0 slots: 0 hits, 0 misses)
dist_mn node 0: 34561064 + 69122122 limbs -> 34561067 (share 8640266): redistribute 0.082 ntt 0.915 crt 0.004 out 0.022 spills+carry 0.005, total 1.012 s
dist_mn node 2: 34561064 + 69122122 limbs -> 34561067 (share 8640267): redistribute 0.080 ntt 0.921 crt 0.005 out 0.018 spills+carry 0.004, total 1.047 s
dist_mn node 3: 34561064 + 69122122 limbs -> 34561067 (share 8640267): redistribute 0.076 ntt 0.926 crt 0.005 out 0.020 spills+carry 0.004, total 1.105 s
dist_mn node 1: 34561064 + 69122122 limbs -> 34561067 (share 8640267): redistribute 0.073 ntt 0.920 crt 0.003 out 0.019 spills+carry 0.004, total 1.074 s
dist_mn node 0: 2^26 = 2^13 x 2^13 over 4 x 4 ranks, 4 primes, P24 (rows 512..512; 69122129 + 17280533 limbs at 0, window [0, 34561064) of share [0, 34561064)): redistribute 0.060 ntt 0.475 crt 0.003 out 0.034 spills+carry 0.004 total 0.542 s
dist_mn node 1: 2^26 = 2^13 x 2^13 over 4 x 4 ranks, 4 primes, P24 (rows 512..512; 69122129 + 17280533 limbs at 0, window [34561064, 69122129) of share [34561064, 69122129)): redistribute 0.056 ntt 0.475 crt 0.002 out 0.035 spills+carry 0.004 total 0.543 s
dist_mn node 2: 2^26 = 2^13 x 2^13 over 4 x 4 ranks, 4 primes, P24 (rows 512..512; 69122129 + 17280533 limbs at 0, window [69122129, 86402662) of share [69122129, 103683194)): redistribute 0.052 ntt 0.474 crt 0.003 out 0.033 spills+carry 0.004 total 0.537 s
dist_mn node 3: 2^26 = 2^13 x 2^13 over 4 x 4 ranks, 4 primes, P24 (rows 512..512; 69122129 + 17280533 limbs at 0, window [86402662, 86402662) of share [103683194, 138244259)): redistribute 0.052 ntt 0.474 crt 0.003 out 0.036 spills+carry 0.004 total 0.537 s
dist_mn node 0: 2^26 = 2^13 x 2^13 over 4 x 4 ranks, 4 primes, P24 (rows 512..512; 69122129 + 17280533 limbs at 17280533, window [0, 17280531) of share [0, 34561064), accumulated): redistribute 0.028 ntt 0.437 crt 0.002 out 0.032 spills+carry 0.020 total 0.517 s
dist_mn node 1: 2^26 = 2^13 x 2^13 over 4 x 4 ranks, 4 primes, P24 (rows 512..512; 69122129 + 17280533 limbs at 17280533, window [17280531, 51841596) of share [34561064, 69122129), accumulated): redistribute 0.027 ntt 0.441 crt 0.002 out 0.030 spills+carry 0.020 total 0.517 s
dist_mn node 2: 2^26 = 2^13 x 2^13 over 4 x 4 ranks, 4 primes, P24 (rows 512..512; 69122129 + 17280533 limbs at 17280533, window [51841596, 86402661) of share [69122129, 103683194), accumulated): redistribute 0.027 ntt 0.442 crt 0.001 out 0.031 spills+carry 0.020 total 0.518 s
dist_mn node 3: 2^26 = 2^13 x 2^13 over 4 x 4 ranks, 4 primes, P24 (rows 512..512; 69122129 + 17280533 limbs at 17280533, window [86402661, 86402662) of share [103683194, 138244259), accumulated): redistribute 0.028 ntt 0.439 crt 0.001 out 0.029 spills+carry 0.020 total 0.517 s
dist_mn node 0: 2^26 = 2^13 x 2^13 over 4 x 4 ranks, 4 primes, P24 (rows 512..512; 69122129 + 17280533 limbs at 34561066, window [0, 0) of share [0, 34561064), accumulated): redistribute 0.028 ntt 0.457 crt 0.002 out 0.031 spills+carry 0.021 total 0.539 s
dist_mn node 1: 2^26 = 2^13 x 2^13 over 4 x 4 ranks, 4 primes, P24 (rows 512..512; 69122129 + 17280533 limbs at 34561066, window [0, 34561063) of share [34561064, 69122129), accumulated): redistribute 0.026 ntt 0.458 crt 0.002 out 0.032 spills+carry 0.021 total 0.539 s
dist_mn node 2: 2^26 = 2^13 x 2^13 over 4 x 4 ranks, 4 primes, P24 (rows 512..512; 69122129 + 17280533 limbs at 34561066, window [34561063, 69122128) of share [69122129, 103683194), accumulated): redistribute 0.027 ntt 0.456 crt 0.002 out 0.033 spills+carry 0.021 total 0.539 s
dist_mn node 3: 2^26 = 2^13 x 2^13 over 4 x 4 ranks, 4 primes, P24 (rows 512..512; 69122129 + 17280533 limbs at 34561066, window [69122128, 86402662) of share [103683194, 138244259), accumulated): redistribute 0.030 ntt 0.457 crt 0.001 out 0.030 spills+carry 0.021 total 0.539 s
dist_mn node 0: 2^26 = 2^13 x 2^13 over 4 x 4 ranks, 4 primes, P24 (rows 512..512; 69122129 + 17280530 limbs at 51841599, window [0, 0) of share [0, 34561064), accumulated): redistribute 0.032 ntt 0.440 crt 0.002 out 0.033 spills+carry 0.022 total 0.529 s
dist_mn node 1: 2^26 = 2^13 x 2^13 over 4 x 4 ranks, 4 primes, P24 (rows 512..512; 69122129 + 17280530 limbs at 51841599, window [0, 17280530) of share [34561064, 69122129), accumulated): redistribute 0.030 ntt 0.443 crt 0.002 out 0.033 spills+carry 0.022 total 0.529 s
dist_mn node 2: 2^26 = 2^13 x 2^13 over 4 x 4 ranks, 4 primes, P24 (rows 512..512; 69122129 + 17280530 limbs at 51841599, window [17280530, 51841595) of share [69122129, 103683194), accumulated): redistribute 0.030 ntt 0.443 crt 0.002 out 0.032 spills+carry 0.022 total 0.529 s
dist_mn node 3: 2^26 = 2^13 x 2^13 over 4 x 4 ranks, 4 primes, P24 (rows 512..512; 69122129 + 17280530 limbs at 51841599, window [51841595, 86402659) of share [103683194, 138244259), accumulated): redistribute 0.031 ntt 0.443 crt 0.002 out 0.031 spills+carry 0.022 total 0.529 s
mdb_add_shifted node 0: 69122126 limbs at 0 into a basis of 138244259 (my window [0, 34561064), 1 rounds of 8640272; slabs 8640266 + 8640266 limbs per APU 0): 0.100 s
dist_mn node 0: 69122129 x 69122129 limbs over 4 x 4 ranks (cap 2^26 points, P24): 1 x 4 pieces, 4 formed, 0 skipped (cache 0 slots: 0 hits, 0 misses)
mdb_add_shifted node 1: 69122126 limbs at 0 into a basis of 138244259 (my window [34561064, 69122126), 1 rounds of 8640272; slabs 0 + 8640265 limbs per APU 0): 0.100 s
dist_mn node 1: 69122129 x 69122129 limbs over 4 x 4 ranks (cap 2^26 points, P24): 1 x 4 pieces, 4 formed, 0 skipped (cache 0 slots: 0 hits, 0 misses)
mdb_add_shifted node 2: 69122126 limbs at 0 into a basis of 138244259 (my window [69122129, 69122129), 1 rounds of 8640272; slabs 8640265 + 0 limbs per APU 0): 0.100 s
dist_mn node 2: 69122129 x 69122129 limbs over 4 x 4 ranks (cap 2^26 points, P24): 1 x 4 pieces, 4 formed, 0 skipped (cache 0 slots: 0 hits, 0 misses)
mdb_add_shifted node 3: 69122126 limbs at 0 into a basis of 138244259 (my window [103683194, 103683194), 1 rounds of 8640272; slabs 0 + 0 limbs per APU 0): 0.100 s
dist_mn node 3: 69122129 x 69122129 limbs over 4 x 4 ranks (cap 2^26 points, P24): 1 x 4 pieces, 4 formed, 0 skipped (cache 0 slots: 0 hits, 0 misses)
dist_mn node 0: 69122129 + 69122129 + x limbs -> 138244258 (share 34561064): redistribute 0.147 ntt 1.809 crt 0.008 out 0.131 spills+carry 0.067, total 2.239 s
dist_mn node 1: 69122129 + 69122129 + x limbs -> 138244258 (share 34561065): redistribute 0.138 ntt 1.817 crt 0.008 out 0.130 spills+carry 0.066, total 2.231 s
dist_mn node 2: 69122129 + 69122129 + x limbs -> 138244258 (share 34561065): redistribute 0.136 ntt 1.816 crt 0.009 out 0.129 spills+carry 0.067, total 2.235 s
dist_mn node 3: 69122129 + 69122129 + x limbs -> 138244258 (share 34561065): redistribute 0.141 ntt 1.813 crt 0.007 out 0.126 spills+carry 0.067, total 2.239 s
mdb_add_shifted node 0: 69122126 limbs at 0 into a basis of 138244259 (my window [0, 34561064), 1 rounds of 8640272; slabs 8640266 + 8640266 limbs per APU 0): 0.234 s
mdb_add_shifted node 1: 69122126 limbs at 0 into a basis of 138244259 (my window [34561064, 69122126), 1 rounds of 8640272; slabs 0 + 8640265 limbs per APU 0): 0.086 s
mdb_add_shifted node 2: 69122126 limbs at 0 into a basis of 138244259 (my window [69122129, 69122129), 1 rounds of 8640272; slabs 8640265 + 0 limbs per APU 0): 0.091 s
mdb_add_shifted node 3: 69122126 limbs at 0 into a basis of 138244259 (my window [103683194, 103683194), 1 rounds of 8640272; slabs 0 + 0 limbs per APU 0): 0.174 s
mdb_add_shifted node 0: 69122126 limbs at 7 into a basis of 138244259 (my window [7, 34561064), 1 rounds of 8640272; slabs 8640264 + 8640264 limbs per APU 0): 0.098 s
mdb_add_shifted node 3: 69122126 limbs at 7 into a basis of 138244259 (my window [103683194, 103683194), 1 rounds of 8640272; slabs 1 + 0 limbs per APU 0): 0.109 s
mdb_add_shifted node 1: 69122126 limbs at 7 into a basis of 138244259 (my window [34561064, 69122129), 1 rounds of 8640272; slabs 7 + 8640266 limbs per APU 0): 0.100 s
mdb_add_shifted node 2: 69122126 limbs at 7 into a basis of 138244259 (my window [69122129, 69122133), 1 rounds of 8640272; slabs 8640259 + 1 limbs per APU 0): 0.092 s
mdb_add_shifted node 0: 69122126 limbs at 34561064 into a basis of 138244259 (my window [34561064, 34561064), 1 rounds of 8640272; slabs 8640266 + 0 limbs per APU 0): 0.087 s
mdb_add_shifted node 1: 69122126 limbs at 34561064 into a basis of 138244259 (my window [34561064, 69122129), 1 rounds of 8640272; slabs 0 + 8640266 limbs per APU 0): 0.084 s
mdb_add_shifted node 2: 69122126 limbs at 34561064 into a basis of 138244259 (my window [69122129, 103683190), 1 rounds of 8640272; slabs 8640265 + 8640265 limbs per APU 0): 0.139 s
mdb_add_shifted node 3: 69122126 limbs at 34561064 into a basis of 138244259 (my window [103683194, 103683194), 1 rounds of 8640272; slabs 0 + 0 limbs per APU 0): 0.139 s
mdb_add_shifted node 0: 69122126 limbs at 69122129 into a basis of 138244259 (my window [69122129, 69122129), 1 rounds of 8640272; slabs 8640266 + 0 limbs per APU 0): 0.112 s
mdb_add_shifted node 1: 69122126 limbs at 69122129 into a basis of 138244259 (my window [69122129, 69122129), 1 rounds of 8640272; slabs 0 + 0 limbs per APU 0): 0.135 s
mdb_add_shifted node 2: 69122126 limbs at 69122129 into a basis of 138244259 (my window [69122129, 103683194), 1 rounds of 8640272; slabs 8640265 + 8640266 limbs per APU 0): 0.106 s
mdb_add_shifted node 3: 69122126 limbs at 69122129 into a basis of 138244259 (my window [103683194, 138244255), 1 rounds of 8640272; slabs 0 + 8640265 limbs per APU 0): 0.162 s
dist_mn node 0: 2^26 = 2^13 x 2^13 over 4 x 4 ranks, 4 primes, P24 (rows 512..512; 50331648 + 26843545 limbs at 0, window [0, 31876710) of share [0, 31876710)): redistribute 0.043 ntt 0.461 crt 0.002 out 0.037 spills+carry 0.002 total 0.535 s
dist_mn node 1: 2^26 = 2^13 x 2^13 over 4 x 4 ranks, 4 primes, P24 (rows 512..512; 50331648 + 26843545 limbs at 0, window [31876710, 63753420) of share [31876710, 63753420)): redistribute 0.046 ntt 0.456 crt 0.002 out 0.041 spills+carry 0.002 total 0.535 s
dist_mn node 2: 2^26 = 2^13 x 2^13 over 4 x 4 ranks, 4 primes, P24 (rows 512..512; 50331648 + 26843545 limbs at 0, window [63753420, 77175193) of share [63753420, 95630130)): redistribute 0.041 ntt 0.460 crt 0.002 out 0.040 spills+carry 0.002 total 0.535 s
dist_mn node 3: 2^26 = 2^13 x 2^13 over 4 x 4 ranks, 4 primes, P24 (rows 512..512; 50331648 + 26843545 limbs at 0, window [77175193, 77175193) of share [95630130, 127506841)): redistribute 0.039 ntt 0.459 crt 0.002 out 0.042 spills+carry 0.002 total 0.535 s
dbig pool: APU0 hipMalloc 0.05 GB inside the phase (free 0.45 GB in 23 extents, largest 0.04; live 0.31 GB in 28 blocks)
dbig pool: APU0 hipMalloc 0.05 GB inside the phase (free 0.41 GB in 22 extents, largest 0.04; live 0.31 GB in 29 blocks)
dbig pool: APU2 hipMalloc 0.05 GB inside the phase (free 0.41 GB in 22 extents, largest 0.04; live 0.31 GB in 32 blocks)
dbig pool: APU1 hipMalloc 0.05 GB inside the phase (free 0.45 GB in 23 extents, largest 0.04; live 0.31 GB in 31 blocks)
dbig pool: APU1 hipMalloc 0.05 GB inside the phase (free 0.41 GB in 22 extents, largest 0.04; live 0.31 GB in 36 blocks)
dbig pool: APU2 hipMalloc 0.05 GB inside the phase (free 0.45 GB in 23 extents, largest 0.04; live 0.31 GB in 35 blocks)
dbig pool: APU3 hipMalloc 0.05 GB inside the phase (free 0.45 GB in 23 extents, largest 0.04; live 0.31 GB in 38 blocks)
dbig pool: APU3 hipMalloc 0.05 GB inside the phase (free 0.41 GB in 22 extents, largest 0.04; live 0.31 GB in 38 blocks)
dbig pool: APU1 hipMalloc 0.06 GB inside the phase (free 0.46 GB in 23 extents, largest 0.05; live 0.31 GB in 35 blocks)
dbig pool: APU2 hipMalloc 0.06 GB inside the phase (free 0.50 GB in 24 extents, largest 0.05; live 0.31 GB in 33 blocks)
dbig pool: APU2 hipMalloc 0.06 GB inside the phase (free 0.46 GB in 23 extents, largest 0.05; live 0.31 GB in 34 blocks)
dbig pool: APU0 hipMalloc 0.06 GB inside the phase (free 0.50 GB in 24 extents, largest 0.05; live 0.31 GB in 34 blocks)
dbig pool: APU0 hipMalloc 0.06 GB inside the phase (free 0.46 GB in 23 extents, largest 0.05; live 0.31 GB in 35 blocks)
dbig pool: APU1 hipMalloc 0.06 GB inside the phase (free 0.50 GB in 24 extents, largest 0.05; live 0.31 GB in 35 blocks)
dbig pool: APU3 hipMalloc 0.06 GB inside the phase (free 0.50 GB in 24 extents, largest 0.05; live 0.31 GB in 35 blocks)
dbig pool: APU3 hipMalloc 0.06 GB inside the phase (free 0.46 GB in 23 extents, largest 0.05; live 0.31 GB in 34 blocks)
dist_mn node 0: 2^26 = 2^13 x 2^13 over 4 x 4 ranks, 4 primes, P24 (rows 512..512; 50331648 + 26843545 limbs at 50331648, window [0, 0) of share [0, 31876710), accumulated): redistribute 0.039 ntt 0.463 crt 0.002 out 0.037 spills+carry 0.011 total 0.550 s
dist_mn node 0: 100663296 x 26843545 limbs over 4 x 4 ranks (cap 2^26 points, P24): 2 x 1 pieces, 2 formed, 0 skipped (cache 0 slots: 0 hits, 0 misses)
dist_mn node 1: 2^26 = 2^13 x 2^13 over 4 x 4 ranks, 4 primes, P24 (rows 512..512; 50331648 + 26843545 limbs at 50331648, window [0, 13421772) of share [31876710, 63753420), accumulated): redistribute 0.041 ntt 0.465 crt 0.002 out 0.039 spills+carry 0.011 total 0.550 s
dist_mn node 1: 100663296 x 26843545 limbs over 4 x 4 ranks (cap 2^26 points, P24): 2 x 1 pieces, 2 formed, 0 skipped (cache 0 slots: 0 hits, 0 misses)
dist_mn node 2: 2^26 = 2^13 x 2^13 over 4 x 4 ranks, 4 primes, P24 (rows 512..512; 50331648 + 26843545 limbs at 50331648, window [13421772, 45298482) of share [63753420, 95630130), accumulated): redistribute 0.039 ntt 0.473 crt 0.001 out 0.030 spills+carry 0.011 total 0.550 s
dist_mn node 2: 100663296 x 26843545 limbs over 4 x 4 ranks (cap 2^26 points, P24): 2 x 1 pieces, 2 formed, 0 skipped (cache 0 slots: 0 hits, 0 misses)
dist_mn node 3: 2^26 = 2^13 x 2^13 over 4 x 4 ranks, 4 primes, P24 (rows 512..512; 50331648 + 26843545 limbs at 50331648, window [45298482, 77175193) of share [95630130, 127506841), accumulated): redistribute 0.042 ntt 0.464 crt 0.002 out 0.031 spills+carry 0.011 total 0.550 s
dist_mn node 3: 100663296 x 26843545 limbs over 4 x 4 ranks (cap 2^26 points, P24): 2 x 1 pieces, 2 formed, 0 skipped (cache 0 slots: 0 hits, 0 misses)
dist_mn node 0: 100663296 + 26843545 limbs -> 127506841 (share 31876710): redistribute 0.082 ntt 0.924 crt 0.004 out 0.074 spills+carry 0.013, total 1.127 s
dist_mn node 1: 100663296 + 26843545 limbs -> 127506841 (share 31876710): redistribute 0.087 ntt 0.922 crt 0.004 out 0.081 spills+carry 0.013, total 1.188 s
dist_mn node 2: 100663296 + 26843545 limbs -> 127506841 (share 31876710): redistribute 0.080 ntt 0.933 crt 0.003 out 0.070 spills+carry 0.013, total 1.087 s
dist_mn node 3: 100663296 + 26843545 limbs -> 127506841 (share 31876711): redistribute 0.081 ntt 0.922 crt 0.003 out 0.073 spills+carry 0.013, total 1.345 s
mdev 2^27 (127506841 limbs): repack 0.228 h2d 0.002 fwd 0.066 inv 0.025 d2h 0.123 crt 0.102 total 0.441 s
mdev 2^27 (127506841 limbs): repack 0.231 h2d 0.002 fwd 0.073 inv 0.027 d2h 0.112 crt 0.112 total 0.441 s
mdev 2^27 (127506841 limbs): repack 0.229 h2d 0.002 fwd 0.055 inv 0.036 d2h 0.147 crt 0.106 total 0.472 s
mdev 2^27 (127506841 limbs): repack 0.233 h2d 0.002 fwd 0.049 inv 0.043 d2h 0.186 crt 0.112 total 0.513 s
   3x1 100663296 x 26843545: 1.66 s
dist_mn node 0: 2^26 = 2^13 x 2^13 over 4 x 4 ranks, 4 primes, P24 (rows 512..512; 50331648 + 26843545 limbs at 0, window [0, 31876710) of share [0, 31876710)): redistribute 0.037 ntt 0.468 crt 0.002 out 0.035 spills+carry 0.002 total 0.535 s
dist_mn node 1: 2^26 = 2^13 x 2^13 over 4 x 4 ranks, 4 primes, P24 (rows 512..512; 50331648 + 26843545 limbs at 0, window [31876710, 63753421) of share [31876710, 63753421)): redistribute 0.044 ntt 0.466 crt 0.002 out 0.033 spills+carry 0.002 total 0.535 s
dist_mn node 2: 2^26 = 2^13 x 2^13 over 4 x 4 ranks, 4 primes, P24 (rows 512..512; 50331648 + 26843545 limbs at 0, window [63753421, 77175193) of share [63753421, 95630131)): redistribute 0.038 ntt 0.466 crt 0.002 out 0.034 spills+carry 0.002 total 0.535 s
dist_mn node 3: 2^26 = 2^13 x 2^13 over 4 x 4 ranks, 4 primes, P24 (rows 512..512; 50331648 + 26843545 limbs at 0, window [77175193, 77175193) of share [95630131, 127506842)): redistribute 0.037 ntt 0.468 crt 0.001 out 0.036 spills+carry 0.002 total 0.535 s
dist_mn node 0: 2^26 = 2^13 x 2^13 over 4 x 4 ranks, 4 primes, P24 (rows 512..512; 50331648 + 26843545 limbs at 50331648, window [0, 0) of share [0, 31876710), accumulated): redistribute 0.032 ntt 0.448 crt 0.002 out 0.023 spills+carry 0.014 total 0.517 s
dist_mn node 1: 2^26 = 2^13 x 2^13 over 4 x 4 ranks, 4 primes, P24 (rows 512..512; 50331648 + 26843545 limbs at 50331648, window [0, 13421773) of share [31876710, 63753421), accumulated): redistribute 0.038 ntt 0.449 crt 0.002 out 0.023 spills+carry 0.014 total 0.517 s
dist_mn node 2: 2^26 = 2^13 x 2^13 over 4 x 4 ranks, 4 primes, P24 (rows 512..512; 50331648 + 26843545 limbs at 50331648, window [13421773, 45298483) of share [63753421, 95630131), accumulated): redistribute 0.030 ntt 0.448 crt 0.003 out 0.024 spills+carry 0.014 total 0.517 s
dist_mn node 3: 2^26 = 2^13 x 2^13 over 4 x 4 ranks, 4 primes, P24 (rows 512..512; 50331648 + 26843545 limbs at 50331648, window [45298483, 77175193) of share [95630131, 127506842), accumulated): redistribute 0.038 ntt 0.447 crt 0.002 out 0.021 spills+carry 0.014 total 0.517 s
dbig pool: APU0 hipMalloc 0.05 GB inside the phase (free 0.48 GB in 26 extents, largest 0.04; live 0.31 GB in 25 blocks)
dbig pool: APU3 hipMalloc 0.05 GB inside the phase (free 0.46 GB in 24 extents, largest 0.04; live 0.26 GB in 28 blocks)
dbig pool: APU2 hipMalloc 0.05 GB inside the phase (free 0.46 GB in 24 extents, largest 0.04; live 0.26 GB in 34 blocks)
mdb_add_shifted node 0: 26843542 limbs at 0 into a basis of 127506842 (my window [0, 26843542), 1 rounds of 6710896; slabs 6710885 + 6710885 limbs per APU 0): 0.048 s
dist_mn node 0: 100663296 x 26843545 limbs over 4 x 4 ranks (cap 2^26 points, P24): 2 x 1 pieces, 2 formed, 0 skipped (cache 0 slots: 0 hits, 0 misses)
mdb_add_shifted node 1: 26843542 limbs at 0 into a basis of 127506842 (my window [31876710, 31876710), 1 rounds of 6710896; slabs 0 + 0 limbs per APU 0): 0.048 s
dist_mn node 1: 100663296 x 26843545 limbs over 4 x 4 ranks (cap 2^26 points, P24): 2 x 1 pieces, 2 formed, 0 skipped (cache 0 slots: 0 hits, 0 misses)
mdb_add_shifted node 2: 26843542 limbs at 0 into a basis of 127506842 (my window [63753421, 63753421), 1 rounds of 6710896; slabs 0 + 0 limbs per APU 0): 0.048 s
dist_mn node 2: 100663296 x 26843545 limbs over 4 x 4 ranks (cap 2^26 points, P24): 2 x 1 pieces, 2 formed, 0 skipped (cache 0 slots: 0 hits, 0 misses)
mdb_add_shifted node 3: 26843542 limbs at 0 into a basis of 127506842 (my window [95630131, 95630131), 1 rounds of 6710896; slabs 0 + 0 limbs per APU 0): 0.048 s
dist_mn node 3: 100663296 x 26843545 limbs over 4 x 4 ranks (cap 2^26 points, P24): 2 x 1 pieces, 2 formed, 0 skipped (cache 0 slots: 0 hits, 0 misses)
dist_mn node 0: 100663296 + 26843545 + x limbs -> 127506841 (share 31876710): redistribute 0.069 ntt 0.916 crt 0.004 out 0.058 spills+carry 0.016, total 1.161 s
dist_mn node 1: 100663296 + 26843545 + x limbs -> 127506841 (share 31876711): redistribute 0.082 ntt 0.915 crt 0.004 out 0.056 spills+carry 0.016, total 1.103 s
dist_mn node 2: 100663296 + 26843545 + x limbs -> 127506841 (share 31876710): redistribute 0.068 ntt 0.914 crt 0.004 out 0.057 spills+carry 0.015, total 1.119 s
dist_mn node 3: 100663296 + 26843545 + x limbs -> 127506841 (share 31876711): redistribute 0.075 ntt 0.914 crt 0.003 out 0.057 spills+carry 0.016, total 1.144 s
dist_mn node 0: 2^26 = 2^13 x 2^13 over 4 x 4 ranks, 4 primes, P24 (rows 512..512; 50331648 + 26843545 limbs at 0, window [0, 25165824) of share [0, 25165824)): redistribute 0.034 ntt 0.481 crt 0.002 out 0.036 spills+carry 0.001 total 0.546 s
dist_mn node 1: 2^26 = 2^13 x 2^13 over 4 x 4 ranks, 4 primes, P24 (rows 512..512; 50331648 + 26843545 limbs at 0, window [25165824, 50331649) of share [25165824, 50331649)): redistribute 0.042 ntt 0.478 crt 0.002 out 0.028 spills+carry 0.002 total 0.546 s
dist_mn node 2: 2^26 = 2^13 x 2^13 over 4 x 4 ranks, 4 primes, P24 (rows 512..512; 50331648 + 26843545 limbs at 0, window [50331649, 75497473) of share [50331649, 75497473)): redistribute 0.037 ntt 0.483 crt 0.002 out 0.029 spills+carry 0.001 total 0.546 s
dist_mn node 3: 2^26 = 2^13 x 2^13 over 4 x 4 ranks, 4 primes, P24 (rows 512..512; 50331648 + 26843545 limbs at 0, window [75497473, 77175193) of share [75497473, 100663298)): redistribute 0.042 ntt 0.484 crt 0.002 out 0.033 spills+carry 0.002 total 0.546 s
dist_mn node 0: 2^26 = 2^13 x 2^13 over 4 x 4 ranks, 4 primes, P24 (rows 512..512; 50331648 + 26843545 limbs at 50331648, window [0, 0) of share [0, 25165824), accumulated): redistribute 0.040 ntt 0.457 crt 0.003 out 0.021 spills+carry 0.004 total 0.514 s
dist_mn node 0: 100663296 x 26843545 limbs over 4 x 4 ranks (cap 2^26 points, P24): 2 x 1 pieces, 2 formed, 0 skipped (low product) (cache 0 slots: 0 hits, 0 misses)
dist_mn node 1: 2^26 = 2^13 x 2^13 over 4 x 4 ranks, 4 primes, P24 (rows 512..512; 50331648 + 26843545 limbs at 50331648, window [0, 1) of share [25165824, 50331649), accumulated): redistribute 0.029 ntt 0.463 crt 0.003 out 0.022 spills+carry 0.004 total 0.514 s
dist_mn node 1: 100663296 x 26843545 limbs over 4 x 4 ranks (cap 2^26 points, P24): 2 x 1 pieces, 2 formed, 0 skipped (low product) (cache 0 slots: 0 hits, 0 misses)
dist_mn node 2: 2^26 = 2^13 x 2^13 over 4 x 4 ranks, 4 primes, P24 (rows 512..512; 50331648 + 26843545 limbs at 50331648, window [1, 25165825) of share [50331649, 75497473), accumulated): redistribute 0.031 ntt 0.458 crt 0.003 out 0.021 spills+carry 0.004 total 0.514 s
dist_mn node 2: 100663296 x 26843545 limbs over 4 x 4 ranks (cap 2^26 points, P24): 2 x 1 pieces, 2 formed, 0 skipped (low product) (cache 0 slots: 0 hits, 0 misses)
dist_mn node 3: 2^26 = 2^13 x 2^13 over 4 x 4 ranks, 4 primes, P24 (rows 512..512; 50331648 + 26843545 limbs at 50331648, window [25165825, 50331650) of share [75497473, 100663298), accumulated): redistribute 0.036 ntt 0.458 crt 0.002 out 0.020 spills+carry 0.004 total 0.514 s
dist_mn node 3: 100663296 x 26843545 limbs over 4 x 4 ranks (cap 2^26 points, P24): 2 x 1 pieces, 2 formed, 0 skipped (low product) (cache 0 slots: 0 hits, 0 misses)
dist_mn node 1: 100663296 + 26843545 limbs -> 100663298 (share 25165825): redistribute 0.072 ntt 0.941 crt 0.004 out 0.050 spills+carry 0.006, total 1.062 s
dist_mn node 2: 100663296 + 26843545 limbs -> 100663298 (share 25165824): redistribute 0.068 ntt 0.941 crt 0.004 out 0.050 spills+carry 0.006, total 1.062 s
dist_mn node 0: 100663296 + 26843545 limbs -> 100663298 (share 25165824): redistribute 0.074 ntt 0.938 crt 0.004 out 0.057 spills+carry 0.006, total 1.062 s
dist_mn node 3: 100663296 + 26843545 limbs -> 100663298 (share 25165825): redistribute 0.078 ntt 0.942 crt 0.003 out 0.053 spills+carry 0.006, total 1.062 s
dist_mn node 0: 2^26 = 2^13 x 2^13 over 4 x 4 ranks, 3 primes (rows 512..512; 50331649 + 13421773 limbs at 0, window [0, 12582912) of share [0, 12582912)): redistribute 0.048 ntt 0.370 crt 0.001 out 0.016 spills+carry 0.014 total 0.428 s [A cached] [B cached]
dist_mn node 1: 2^26 = 2^13 x 2^13 over 4 x 4 ranks, 3 primes (rows 512..512; 50331649 + 13421773 limbs at 0, window [12582912, 25165824) of share [12582912, 25165824)): redistribute 0.043 ntt 0.370 crt 0.001 out 0.017 spills+carry 0.014 total 0.428 s [A cached] [B cached]
dist_mn node 2: 2^26 = 2^13 x 2^13 over 4 x 4 ranks, 3 primes (rows 512..512; 50331649 + 13421773 limbs at 0, window [25165824, 37748736) of share [25165824, 37748736)): redistribute 0.048 ntt 0.369 crt 0.001 out 0.031 spills+carry 0.001 total 0.428 s [A cached] [B cached]
dist_mn node 3: 2^26 = 2^13 x 2^13 over 4 x 4 ranks, 3 primes (rows 512..512; 50331649 + 13421773 limbs at 0, window [37748736, 50331649) of share [37748736, 50331649)): redistribute 0.044 ntt 0.370 crt 0.000 out 0.032 spills+carry 0.001 total 0.428 s [A cached] [B cached]
dist_mn node 0: 2^26 = 2^13 x 2^13 over 4 x 4 ranks, 3 primes (rows 512..512; 50331649 + 13421772 limbs at 13421773, window [0, 0) of share [0, 12582912), accumulated): redistribute 0.008 ntt 0.226 crt 0.000 out 0.017 spills+carry 0.003 total 0.254 s [A hit] [B cached]
dist_mn node 0: 50331649 x 26843545 limbs over 4 x 4 ranks (cap 2^26): 1 x 2 pieces, 2 formed, 0 skipped (low product) (cache 2 slots: 1 hits, 3 misses)
dist_mn node 1: 2^26 = 2^13 x 2^13 over 4 x 4 ranks, 3 primes (rows 512..512; 50331649 + 13421772 limbs at 13421773, window [0, 11744051) of share [12582912, 25165824), accumulated): redistribute 0.010 ntt 0.223 crt 0.000 out 0.017 spills+carry 0.003 total 0.254 s [A hit] [B cached]
dist_mn node 1: 50331649 x 26843545 limbs over 4 x 4 ranks (cap 2^26): 1 x 2 pieces, 2 formed, 0 skipped (low product) (cache 2 slots: 1 hits, 3 misses)
dist_mn node 3: 2^26 = 2^13 x 2^13 over 4 x 4 ranks, 3 primes (rows 512..512; 50331649 + 13421772 limbs at 13421773, window [24326963, 36909876) of share [37748736, 50331649), accumulated): redistribute 0.009 ntt 0.225 crt 0.000 out 0.016 spills+carry 0.003 total 0.254 s [A hit] [B cached]
dist_mn node 3: 50331649 x 26843545 limbs over 4 x 4 ranks (cap 2^26): 1 x 2 pieces, 2 formed, 0 skipped (low product) (cache 2 slots: 1 hits, 3 misses)
dist_mn node 2: 2^26 = 2^13 x 2^13 over 4 x 4 ranks, 3 primes (rows 512..512; 50331649 + 13421772 limbs at 13421773, window [11744051, 24326963) of share [25165824, 37748736), accumulated): redistribute 0.010 ntt 0.223 crt 0.000 out 0.018 spills+carry 0.003 total 0.254 s [A hit] [B cached]
dist_mn node 2: 50331649 x 26843545 limbs over 4 x 4 ranks (cap 2^26): 1 x 2 pieces, 2 formed, 0 skipped (low product) (cache 2 slots: 1 hits, 3 misses)
dist_mn node 0: 50331649 + 26843545 limbs -> 50331649 (share 12582912): redistribute 0.056 ntt 0.596 crt 0.001 out 0.033 spills+carry 0.017, total 0.685 s
dist_mn node 1: 50331649 + 26843545 limbs -> 50331649 (share 12582912): redistribute 0.053 ntt 0.593 crt 0.001 out 0.035 spills+carry 0.017, total 0.685 s
dist_mn node 2: 50331649 + 26843545 limbs -> 50331649 (share 12582912): redistribute 0.057 ntt 0.592 crt 0.001 out 0.049 spills+carry 0.004, total 0.685 s
dist_mn node 3: 50331649 + 26843545 limbs -> 50331649 (share 12582913): redistribute 0.053 ntt 0.596 crt 0.001 out 0.048 spills+carry 0.004, total 0.685 s
dist_mn node 0: 2^26 = 2^13 x 2^13 over 4 x 4 ranks, 4 primes, P24 (rows 512..512; 50331648 + 26843545 limbs at 0, window [0, 31876710) of share [0, 31876710)): redistribute 0.067 ntt 0.502 crt 0.002 out 0.037 spills+carry 0.002 total 0.577 s
dist_mn node 1: 2^26 = 2^13 x 2^13 over 4 x 4 ranks, 4 primes, P24 (rows 512..512; 50331648 + 26843545 limbs at 0, window [31876710, 63753420) of share [31876710, 63753420)): redistribute 0.062 ntt 0.500 crt 0.002 out 0.038 spills+carry 0.002 total 0.577 s
dist_mn node 2: 2^26 = 2^13 x 2^13 over 4 x 4 ranks, 4 primes, P24 (rows 512..512; 50331648 + 26843545 limbs at 0, window [63753420, 77175193) of share [63753420, 95630130)): redistribute 0.063 ntt 0.505 crt 0.002 out 0.039 spills+carry 0.002 total 0.577 s
dist_mn node 3: 2^26 = 2^13 x 2^13 over 4 x 4 ranks, 4 primes, P24 (rows 512..512; 50331648 + 26843545 limbs at 0, window [77175193, 77175193) of share [95630130, 127506840)): redistribute 0.069 ntt 0.504 crt 0.002 out 0.036 spills+carry 0.002 total 0.577 s
dist_mn node 0: 2^26 = 2^13 x 2^13 over 4 x 4 ranks, 4 primes, P24 (rows 512..512; 50331648 + 26843545 limbs at 50331648, window [0, 0) of share [0, 31876710), accumulated): redistribute 0.034 ntt 0.450 crt 0.002 out 0.029 spills+carry 0.010 total 0.525 s
dist_mn node 0: 100663296 x 26843545 limbs over 4 x 4 ranks (cap 2^26 points, P24): 2 x 1 pieces, 2 formed, 0 skipped (low product) (cache 0 slots: 1 hits, 3 misses)
dist_mn node 1: 2^26 = 2^13 x 2^13 over 4 x 4 ranks, 4 primes, P24 (rows 512..512; 50331648 + 26843545 limbs at 50331648, window [0, 13421772) of share [31876710, 63753420), accumulated): redistribute 0.031 ntt 0.453 crt 0.002 out 0.029 spills+carry 0.010 total 0.525 s
dist_mn node 1: 100663296 x 26843545 limbs over 4 x 4 ranks (cap 2^26 points, P24): 2 x 1 pieces, 2 formed, 0 skipped (low product) (cache 0 slots: 1 hits, 3 misses)
dist_mn node 2: 2^26 = 2^13 x 2^13 over 4 x 4 ranks, 4 primes, P24 (rows 512..512; 50331648 + 26843545 limbs at 50331648, window [13421772, 45298482) of share [63753420, 95630130), accumulated): redistribute 0.037 ntt 0.449 crt 0.002 out 0.031 spills+carry 0.010 total 0.525 s
dist_mn node 2: 100663296 x 26843545 limbs over 4 x 4 ranks (cap 2^26 points, P24): 2 x 1 pieces, 2 formed, 0 skipped (low product) (cache 0 slots: 1 hits, 3 misses)
dist_mn node 3: 2^26 = 2^13 x 2^13 over 4 x 4 ranks, 4 primes, P24 (rows 512..512; 50331648 + 26843545 limbs at 50331648, window [45298482, 77175192) of share [95630130, 127506840), accumulated): redistribute 0.039 ntt 0.449 crt 0.001 out 0.026 spills+carry 0.010 total 0.525 s
dist_mn node 3: 100663296 x 26843545 limbs over 4 x 4 ranks (cap 2^26 points, P24): 2 x 1 pieces, 2 formed, 0 skipped (low product) (cache 0 slots: 1 hits, 3 misses)
dist_mn node 0: 100663296 + 26843545 limbs -> 127506840 (share 31876710): redistribute 0.101 ntt 0.952 crt 0.004 out 0.067 spills+carry 0.012, total 1.104 s
dist_mn node 1: 100663296 + 26843545 limbs -> 127506840 (share 31876710): redistribute 0.093 ntt 0.954 crt 0.003 out 0.067 spills+carry 0.012, total 1.104 s
dist_mn node 2: 100663296 + 26843545 limbs -> 127506840 (share 31876710): redistribute 0.100 ntt 0.954 crt 0.004 out 0.070 spills+carry 0.012, total 1.104 s
dist_mn node 3: 100663296 + 26843545 limbs -> 127506840 (share 31876710): redistribute 0.108 ntt 0.953 crt 0.002 out 0.062 spills+carry 0.012, total 1.104 s
dist_mn node 0: 2^26 = 2^13 x 2^13 over 4 x 4 ranks, 4 primes, P24 (rows 512..512; 50331648 + 26843545 limbs at 0, window [0, 31876710) of share [0, 31876710)): redistribute 0.043 ntt 0.486 crt 0.003 out 0.044 spills+carry 0.002 total 0.561 s
dist_mn node 1: 2^26 = 2^13 x 2^13 over 4 x 4 ranks, 4 primes, P24 (rows 512..512; 50331648 + 26843545 limbs at 0, window [31876710, 63753420) of share [31876710, 63753420)): redistribute 0.044 ntt 0.487 crt 0.003 out 0.041 spills+carry 0.001 total 0.561 s
dist_mn node 2: 2^26 = 2^13 x 2^13 over 4 x 4 ranks, 4 primes, P24 (rows 512..512; 50331648 + 26843545 limbs at 0, window [63753420, 77175193) of share [63753420, 95630130)): redistribute 0.044 ntt 0.485 crt 0.001 out 0.043 spills+carry 0.002 total 0.561 s
dist_mn node 3: 2^26 = 2^13 x 2^13 over 4 x 4 ranks, 4 primes, P24 (rows 512..512; 50331648 + 26843545 limbs at 0, window [77175193, 77175193) of share [95630130, 127506841)): redistribute 0.046 ntt 0.488 crt 0.002 out 0.041 spills+carry 0.002 total 0.561 s
dist_mn node 0: 2^26 = 2^13 x 2^13 over 4 x 4 ranks, 4 primes, P24 (rows 512..512; 50331648 + 26843545 limbs at 50331648, window [0, 0) of share [0, 31876710), accumulated): redistribute 0.034 ntt 0.463 crt 0.002 out 0.026 spills+carry 0.010 total 0.530 s
dist_mn node 0: 100663296 x 26843545 limbs over 4 x 4 ranks (cap 2^26 points, P24): 2 x 1 pieces, 2 formed, 0 skipped (low cut) (cache 0 slots: 1 hits, 3 misses)
dist_mn node 1: 2^26 = 2^13 x 2^13 over 4 x 4 ranks, 4 primes, P24 (rows 512..512; 50331648 + 26843545 limbs at 50331648, window [0, 13421772) of share [31876710, 63753420), accumulated): redistribute 0.036 ntt 0.466 crt 0.001 out 0.022 spills+carry 0.010 total 0.530 s
dist_mn node 1: 100663296 x 26843545 limbs over 4 x 4 ranks (cap 2^26 points, P24): 2 x 1 pieces, 2 formed, 0 skipped (low cut) (cache 0 slots: 1 hits, 3 misses)
dist_mn node 2: 2^26 = 2^13 x 2^13 over 4 x 4 ranks, 4 primes, P24 (rows 512..512; 50331648 + 26843545 limbs at 50331648, window [13421772, 45298482) of share [63753420, 95630130), accumulated): redistribute 0.032 ntt 0.462 crt 0.002 out 0.025 spills+carry 0.010 total 0.530 s
dist_mn node 2: 100663296 x 26843545 limbs over 4 x 4 ranks (cap 2^26 points, P24): 2 x 1 pieces, 2 formed, 0 skipped (low cut) (cache 0 slots: 1 hits, 3 misses)
dist_mn node 3: 2^26 = 2^13 x 2^13 over 4 x 4 ranks, 4 primes, P24 (rows 512..512; 50331648 + 26843545 limbs at 50331648, window [45298482, 77175193) of share [95630130, 127506841), accumulated): redistribute 0.036 ntt 0.462 crt 0.001 out 0.024 spills+carry 0.010 total 0.530 s
dist_mn node 3: 100663296 x 26843545 limbs over 4 x 4 ranks (cap 2^26 points, P24): 2 x 1 pieces, 2 formed, 0 skipped (low cut) (cache 0 slots: 1 hits, 3 misses)
dist_mn node 1: 100663296 + 26843545 limbs -> 127506841 (share 31876710): redistribute 0.079 ntt 0.952 crt 0.004 out 0.064 spills+carry 0.011, total 1.093 s
dist_mn node 2: 100663296 + 26843545 limbs -> 127506841 (share 31876710): redistribute 0.076 ntt 0.947 crt 0.003 out 0.068 spills+carry 0.012, total 1.093 s
dist_mn node 0: 100663296 + 26843545 limbs -> 127506841 (share 31876710): redistribute 0.077 ntt 0.948 crt 0.004 out 0.069 spills+carry 0.012, total 1.093 s
dist_mn node 3: 100663296 + 26843545 limbs -> 127506841 (share 31876711): redistribute 0.082 ntt 0.950 crt 0.003 out 0.065 spills+carry 0.011, total 1.093 s
dist_mn node 0: 2^26 = 2^13 x 2^13 over 4 x 4 ranks, 4 primes, P24 (rows 512..512; 50331648 + 26843545 limbs at 0, window [0, 31876710) of share [0, 31876710)): redistribute 0.058 ntt 0.522 crt 0.002 out 0.033 spills+carry 0.002 total 0.592 s
dist_mn node 1: 2^26 = 2^13 x 2^13 over 4 x 4 ranks, 4 primes, P24 (rows 512..512; 50331648 + 26843545 limbs at 0, window [31876710, 63753420) of share [31876710, 63753420)): redistribute 0.060 ntt 0.518 crt 0.001 out 0.035 spills+carry 0.002 total 0.592 s
dist_mn node 2: 2^26 = 2^13 x 2^13 over 4 x 4 ranks, 4 primes, P24 (rows 512..512; 50331648 + 26843545 limbs at 0, window [63753420, 77175193) of share [63753420, 95630130)): redistribute 0.062 ntt 0.525 crt 0.002 out 0.037 spills+carry 0.002 total 0.592 s
dist_mn node 3: 2^26 = 2^13 x 2^13 over 4 x 4 ranks, 4 primes, P24 (rows 512..512; 50331648 + 26843545 limbs at 0, window [77175193, 77175193) of share [95630130, 127506840)): redistribute 0.056 ntt 0.523 crt 0.001 out 0.036 spills+carry 0.002 total 0.592 s
dist_mn node 0: 2^26 = 2^13 x 2^13 over 4 x 4 ranks, 4 primes, P24 (rows 512..512; 50331648 + 26843545 limbs at 50331648, window [0, 0) of share [0, 31876710), accumulated): redistribute 0.027 ntt 0.458 crt 0.002 out 0.023 spills+carry 0.011 total 0.521 s
dist_mn node 0: 100663296 x 26843545 limbs over 4 x 4 ranks (cap 2^26 points, P24): 2 x 1 pieces, 2 formed, 0 skipped (low product) (low cut) (cache 0 slots: 1 hits, 3 misses)
dist_mn node 1: 2^26 = 2^13 x 2^13 over 4 x 4 ranks, 4 primes, P24 (rows 512..512; 50331648 + 26843545 limbs at 50331648, window [0, 13421772) of share [31876710, 63753420), accumulated): redistribute 0.026 ntt 0.460 crt 0.003 out 0.023 spills+carry 0.011 total 0.521 s
dist_mn node 1: 100663296 x 26843545 limbs over 4 x 4 ranks (cap 2^26 points, P24): 2 x 1 pieces, 2 formed, 0 skipped (low product) (low cut) (cache 0 slots: 1 hits, 3 misses)
dist_mn node 2: 2^26 = 2^13 x 2^13 over 4 x 4 ranks, 4 primes, P24 (rows 512..512; 50331648 + 26843545 limbs at 50331648, window [13421772, 45298482) of share [63753420, 95630130), accumulated): redistribute 0.027 ntt 0.460 crt 0.002 out 0.023 spills+carry 0.011 total 0.521 s
dist_mn node 2: 100663296 x 26843545 limbs over 4 x 4 ranks (cap 2^26 points, P24): 2 x 1 pieces, 2 formed, 0 skipped (low product) (low cut) (cache 0 slots: 1 hits, 3 misses)
dist_mn node 3: 2^26 = 2^13 x 2^13 over 4 x 4 ranks, 4 primes, P24 (rows 512..512; 50331648 + 26843545 limbs at 50331648, window [45298482, 77175192) of share [95630130, 127506840), accumulated): redistribute 0.037 ntt 0.451 crt 0.003 out 0.025 spills+carry 0.011 total 0.521 s
dist_mn node 3: 100663296 x 26843545 limbs over 4 x 4 ranks (cap 2^26 points, P24): 2 x 1 pieces, 2 formed, 0 skipped (low product) (low cut) (cache 0 slots: 1 hits, 3 misses)
dist_mn node 1: 100663296 + 26843545 limbs -> 127506840 (share 31876710): redistribute 0.087 ntt 0.978 crt 0.004 out 0.058 spills+carry 0.013, total 1.115 s
dist_mn node 0: 100663296 + 26843545 limbs -> 127506840 (share 31876710): redistribute 0.086 ntt 0.980 crt 0.004 out 0.056 spills+carry 0.013, total 1.115 s
dist_mn node 2: 100663296 + 26843545 limbs -> 127506840 (share 31876710): redistribute 0.089 ntt 0.985 crt 0.003 out 0.060 spills+carry 0.013, total 1.115 s
dist_mn node 3: 100663296 + 26843545 limbs -> 127506840 (share 31876710): redistribute 0.093 ntt 0.974 crt 0.004 out 0.061 spills+carry 0.013, total 1.115 s
dist_mn node 0: 2^26 = 2^13 x 2^13 over 4 x 4 ranks, 4 primes, P24 (rows 512..512; 50331648 + 26843545 limbs at 0, window [0, 31876710) of share [0, 31876710)): redistribute 0.048 ntt 0.481 crt 0.001 out 0.040 spills+carry 0.002 total 0.555 s
dist_mn node 1: 2^26 = 2^13 x 2^13 over 4 x 4 ranks, 4 primes, P24 (rows 512..512; 50331648 + 26843545 limbs at 0, window [31876710, 63753420) of share [31876710, 63753420)): redistribute 0.055 ntt 0.482 crt 0.002 out 0.038 spills+carry 0.002 total 0.555 s
dist_mn node 2: 2^26 = 2^13 x 2^13 over 4 x 4 ranks, 4 primes, P24 (rows 512..512; 50331648 + 26843545 limbs at 0, window [63753420, 77175193) of share [63753420, 95630130)): redistribute 0.046 ntt 0.482 crt 0.002 out 0.038 spills+carry 0.002 total 0.555 s
dist_mn node 3: 2^26 = 2^13 x 2^13 over 4 x 4 ranks, 4 primes, P24 (rows 512..512; 50331648 + 26843545 limbs at 0, window [77175193, 77175193) of share [95630130, 127506841)): redistribute 0.046 ntt 0.485 crt 0.002 out 0.037 spills+carry 0.002 total 0.555 s
dist_mn node 0: 2^26 = 2^13 x 2^13 over 4 x 4 ranks, 4 primes, P24 (rows 512..512; 50331648 + 26843545 limbs at 50331648, window [0, 0) of share [0, 31876710), accumulated): redistribute 0.037 ntt 0.445 crt 0.002 out 0.022 spills+carry 0.011 total 0.515 s
dist_mn node 0: 100663296 x 26843545 limbs over 4 x 4 ranks (cap 2^26 points, P24): 2 x 1 pieces, 2 formed, 0 skipped (low cut) (cache 0 slots: 1 hits, 3 misses)
dist_mn node 1: 2^26 = 2^13 x 2^13 over 4 x 4 ranks, 4 primes, P24 (rows 512..512; 50331648 + 26843545 limbs at 50331648, window [0, 13421772) of share [31876710, 63753420), accumulated): redistribute 0.033 ntt 0.449 crt 0.002 out 0.021 spills+carry 0.011 total 0.515 s
dist_mn node 1: 100663296 x 26843545 limbs over 4 x 4 ranks (cap 2^26 points, P24): 2 x 1 pieces, 2 formed, 0 skipped (low cut) (cache 0 slots: 1 hits, 3 misses)
dist_mn node 2: 2^26 = 2^13 x 2^13 over 4 x 4 ranks, 4 primes, P24 (rows 512..512; 50331648 + 26843545 limbs at 50331648, window [13421772, 45298482) of share [63753420, 95630130), accumulated): redistribute 0.034 ntt 0.446 crt 0.001 out 0.023 spills+carry 0.011 total 0.515 s
dist_mn node 2: 100663296 x 26843545 limbs over 4 x 4 ranks (cap 2^26 points, P24): 2 x 1 pieces, 2 formed, 0 skipped (low cut) (cache 0 slots: 1 hits, 3 misses)
dist_mn node 3: 2^26 = 2^13 x 2^13 over 4 x 4 ranks, 4 primes, P24 (rows 512..512; 50331648 + 26843545 limbs at 50331648, window [45298482, 77175193) of share [95630130, 127506841), accumulated): redistribute 0.034 ntt 0.445 crt 0.002 out 0.024 spills+carry 0.011 total 0.515 s
dist_mn node 3: 100663296 x 26843545 limbs over 4 x 4 ranks (cap 2^26 points, P24): 2 x 1 pieces, 2 formed, 0 skipped (low cut) (cache 0 slots: 1 hits, 3 misses)
dist_mn node 1: 100663296 + 26843545 limbs -> 127506841 (share 31876710): redistribute 0.087 ntt 0.931 crt 0.004 out 0.059 spills+carry 0.013, total 1.072 s
dist_mn node 2: 100663296 + 26843545 limbs -> 127506841 (share 31876710): redistribute 0.079 ntt 0.928 crt 0.004 out 0.061 spills+carry 0.013, total 1.072 s
dist_mn node 0: 100663296 + 26843545 limbs -> 127506841 (share 31876710): redistribute 0.085 ntt 0.926 crt 0.004 out 0.062 spills+carry 0.013, total 1.072 s
dist_mn node 3: 100663296 + 26843545 limbs -> 127506841 (share 31876711): redistribute 0.080 ntt 0.929 crt 0.005 out 0.061 spills+carry 0.013, total 1.072 s
dist_mn node 0: 2^26 = 2^13 x 2^13 over 4 x 4 ranks, 4 primes, P24 (rows 512..512; 50331648 + 26843545 limbs at 0, window [0, 31876710) of share [0, 31876710)): redistribute 0.042 ntt 0.490 crt 0.002 out 0.044 spills+carry 0.001 total 0.567 s
dist_mn node 1: 2^26 = 2^13 x 2^13 over 4 x 4 ranks, 4 primes, P24 (rows 512..512; 50331648 + 26843545 limbs at 0, window [31876710, 63753420) of share [31876710, 63753420)): redistribute 0.044 ntt 0.490 crt 0.002 out 0.041 spills+carry 0.002 total 0.567 s
dist_mn node 2: 2^26 = 2^13 x 2^13 over 4 x 4 ranks, 4 primes, P24 (rows 512..512; 50331648 + 26843545 limbs at 0, window [63753420, 77175193) of share [63753420, 95630130)): redistribute 0.042 ntt 0.494 crt 0.002 out 0.040 spills+carry 0.004 total 0.567 s
dist_mn node 3: 2^26 = 2^13 x 2^13 over 4 x 4 ranks, 4 primes, P24 (rows 512..512; 50331648 + 26843545 limbs at 0, window [77175193, 77175193) of share [95630130, 127506840)): redistribute 0.040 ntt 0.497 crt 0.002 out 0.039 spills+carry 0.001 total 0.567 s
dist_mn node 0: 2^26 = 2^13 x 2^13 over 4 x 4 ranks, 4 primes, P24 (rows 512..512; 50331648 + 26843545 limbs at 50331648, window [0, 0) of share [0, 31876710), accumulated): redistribute 0.031 ntt 0.451 crt 0.001 out 0.027 spills+carry 0.013 total 0.522 s
dist_mn node 0: 100663296 x 26843545 limbs over 4 x 4 ranks (cap 2^26 points, P24): 2 x 1 pieces, 2 formed, 0 skipped (low product) (low cut) (cache 0 slots: 1 hits, 3 misses)
dist_mn node 1: 2^26 = 2^13 x 2^13 over 4 x 4 ranks, 4 primes, P24 (rows 512..512; 50331648 + 26843545 limbs at 50331648, window [0, 13421772) of share [31876710, 63753420), accumulated): redistribute 0.031 ntt 0.452 crt 0.002 out 0.025 spills+carry 0.013 total 0.522 s
dist_mn node 1: 100663296 x 26843545 limbs over 4 x 4 ranks (cap 2^26 points, P24): 2 x 1 pieces, 2 formed, 0 skipped (low product) (low cut) (cache 0 slots: 1 hits, 3 misses)
dist_mn node 2: 2^26 = 2^13 x 2^13 over 4 x 4 ranks, 4 primes, P24 (rows 512..512; 50331648 + 26843545 limbs at 50331648, window [13421772, 45298482) of share [63753420, 95630130), accumulated): redistribute 0.030 ntt 0.451 crt 0.002 out 0.027 spills+carry 0.013 total 0.522 s
dist_mn node 2: 100663296 x 26843545 limbs over 4 x 4 ranks (cap 2^26 points, P24): 2 x 1 pieces, 2 formed, 0 skipped (low product) (low cut) (cache 0 slots: 1 hits, 3 misses)
dist_mn node 3: 2^26 = 2^13 x 2^13 over 4 x 4 ranks, 4 primes, P24 (rows 512..512; 50331648 + 26843545 limbs at 50331648, window [45298482, 77175192) of share [95630130, 127506840), accumulated): redistribute 0.037 ntt 0.447 crt 0.002 out 0.025 spills+carry 0.012 total 0.522 s
dist_mn node 3: 100663296 x 26843545 limbs over 4 x 4 ranks (cap 2^26 points, P24): 2 x 1 pieces, 2 formed, 0 skipped (low product) (low cut) (cache 0 slots: 1 hits, 3 misses)
dist_mn node 0: 100663296 + 26843545 limbs -> 127506840 (share 31876710): redistribute 0.073 ntt 0.941 crt 0.004 out 0.071 spills+carry 0.014, total 1.091 s
dist_mn node 1: 100663296 + 26843545 limbs -> 127506840 (share 31876710): redistribute 0.075 ntt 0.942 crt 0.004 out 0.067 spills+carry 0.014, total 1.091 s
dist_mn node 2: 100663296 + 26843545 limbs -> 127506840 (share 31876710): redistribute 0.072 ntt 0.945 crt 0.004 out 0.067 spills+carry 0.016, total 1.091 s
dist_mn node 3: 100663296 + 26843545 limbs -> 127506840 (share 31876710): redistribute 0.077 ntt 0.945 crt 0.004 out 0.064 spills+carry 0.014, total 1.091 s
dist_mn node 0: 100663296 x 26843545 limbs over 4 x 4 ranks (cap 2^26 points, P24): 2 x 1 pieces, 0 formed, 2 skipped (low cut) (cache 0 slots: 1 hits, 3 misses)
dist_mn node 1: 100663296 x 26843545 limbs over 4 x 4 ranks (cap 2^26 points, P24): 2 x 1 pieces, 0 formed, 2 skipped (low cut) (cache 0 slots: 1 hits, 3 misses)
dist_mn node 2: 100663296 x 26843545 limbs over 4 x 4 ranks (cap 2^26 points, P24): 2 x 1 pieces, 0 formed, 2 skipped (low cut) (cache 0 slots: 1 hits, 3 misses)
dist_mn node 3: 100663296 x 26843545 limbs over 4 x 4 ranks (cap 2^26 points, P24): 2 x 1 pieces, 0 formed, 2 skipped (low cut) (cache 0 slots: 1 hits, 3 misses)
dist_mn node 0: 100663296 + 26843545 limbs -> 0 (share 31876710): redistribute 0.000 ntt 0.000 crt 0.000 out 0.000 spills+carry 0.000, total 0.004 s
dist_mn node 1: 100663296 + 26843545 limbs -> 0 (share 31876710): redistribute 0.000 ntt 0.000 crt 0.000 out 0.000 spills+carry 0.000, total 0.003 s
dist_mn node 2: 100663296 + 26843545 limbs -> 0 (share 31876710): redistribute 0.000 ntt 0.000 crt 0.000 out 0.000 spills+carry 0.000, total 0.003 s
dist_mn node 3: 100663296 + 26843545 limbs -> 0 (share 31876711): redistribute 0.000 ntt 0.000 crt 0.000 out 0.000 spills+carry 0.000, total 0.003 s
mdev 3*2^25 (77175193 limbs): repack 0.107 h2d 0.002 fwd 0.021 inv 0.006 d2h 0.139 crt 0.091 total 0.286 s
mdev 3*2^25 (77175193 limbs): repack 0.189 h2d 0.001 fwd 0.014 inv 0.011 d2h 0.237 crt 0.166 total 0.450 s
mdev 3*2^25 (77175193 limbs): repack 0.154 h2d 0.002 fwd 0.010 inv 0.007 d2h 0.166 crt 0.138 total 0.347 s
mdev 3*2^25 (77175193 limbs): repack 0.142 h2d 0.002 fwd 0.015 inv 0.008 d2h 0.201 crt 0.072 total 0.374 s
mdev 3*2^25 (77175193 limbs): repack 0.120 h2d 0.002 fwd 0.011 inv 0.006 d2h 0.086 crt 0.074 total 0.235 s
mdev 3*2^25 (77175193 limbs): repack 0.135 h2d 0.001 fwd 0.027 inv 0.019 d2h 0.045 crt 0.110 total 0.238 s
mdev 3*2^25 (77175193 limbs): repack 0.090 h2d 0.002 fwd 0.030 inv 0.016 d2h 0.044 crt 0.089 total 0.193 s
mdev 3*2^25 (77175193 limbs): repack 0.150 h2d 0.002 fwd 0.035 inv 0.014 d2h 0.085 crt 0.150 total 0.290 s
dist_mn node 0: 100663296 x 26843545 limbs over 4 x 4 ranks (cap 2^26 points, P24): 2 x 1 pieces, 0 formed, 2 skipped (low product) (low cut) (cache 0 slots: 1 hits, 3 misses)
dist_mn node 1: 100663296 x 26843545 limbs over 4 x 4 ranks (cap 2^26 points, P24): 2 x 1 pieces, 0 formed, 2 skipped (low product) (low cut) (cache 0 slots: 1 hits, 3 misses)
dist_mn node 2: 100663296 x 26843545 limbs over 4 x 4 ranks (cap 2^26 points, P24): 2 x 1 pieces, 0 formed, 2 skipped (low product) (low cut) (cache 0 slots: 1 hits, 3 misses)
dist_mn node 3: 100663296 x 26843545 limbs over 4 x 4 ranks (cap 2^26 points, P24): 2 x 1 pieces, 0 formed, 2 skipped (low product) (low cut) (cache 0 slots: 1 hits, 3 misses)
dist_mn node 0: 100663296 + 26843545 limbs -> 0 (share 31876710): redistribute 0.000 ntt 0.000 crt 0.000 out 0.000 spills+carry 0.000, total 0.002 s
dist_mn node 1: 100663296 + 26843545 limbs -> 0 (share 31876710): redistribute 0.000 ntt 0.000 crt 0.000 out 0.000 spills+carry 0.000, total 0.002 s
dist_mn node 2: 100663296 + 26843545 limbs -> 0 (share 31876710): redistribute 0.000 ntt 0.000 crt 0.000 out 0.000 spills+carry 0.000, total 0.002 s
dist_mn node 3: 100663296 + 26843545 limbs -> 0 (share 31876710): redistribute 0.000 ntt 0.000 crt 0.000 out 0.000 spills+carry 0.000, total 0.002 s
mdev 3*2^25 (77175193 limbs): repack 0.130 h2d 0.002 fwd 0.030 inv 0.021 d2h 0.116 crt 0.096 total 0.301 s
mdev 3*2^25 (77175193 limbs): repack 0.145 h2d 0.001 fwd 0.035 inv 0.018 d2h 0.107 crt 0.094 total 0.317 s
mdev 3*2^25 (77175193 limbs): repack 0.136 h2d 0.001 fwd 0.026 inv 0.016 d2h 0.156 crt 0.070 total 0.355 s
mdev 3*2^25 (77175193 limbs): repack 0.140 h2d 0.002 fwd 0.037 inv 0.010 d2h 0.149 crt 0.094 total 0.349 s
mdev 3*2^25 (77175193 limbs): repack 0.108 h2d 0.002 fwd 0.030 inv 0.018 d2h 0.108 crt 0.083 total 0.278 s
mdev 3*2^25 (77175193 limbs): repack 0.110 h2d 0.002 fwd 0.039 inv 0.011 d2h 0.102 crt 0.091 total 0.271 s
mdev 3*2^25 (77175193 limbs): repack 0.145 h2d 0.002 fwd 0.028 inv 0.017 d2h 0.108 crt 0.187 total 0.331 s
mdev 3*2^25 (77175193 limbs): repack 0.147 h2d 0.002 fwd 0.034 inv 0.009 d2h 0.126 crt 0.147 total 0.333 s
dist_mn node 0: 2^26 = 2^13 x 2^13 over 4 x 4 ranks, 4 primes, P24 (rows 512..512; 50331648 + 26843545 limbs at 0, window [0, 31876710) of share [0, 31876710)): redistribute 0.046 ntt 0.515 crt 0.001 out 0.039 spills+carry 0.001 total 0.585 s
dist_mn node 1: 2^26 = 2^13 x 2^13 over 4 x 4 ranks, 4 primes, P24 (rows 512..512; 50331648 + 26843545 limbs at 0, window [31876710, 63753420) of share [31876710, 63753420)): redistribute 0.044 ntt 0.510 crt 0.002 out 0.037 spills+carry 0.002 total 0.585 s
dist_mn node 2: 2^26 = 2^13 x 2^13 over 4 x 4 ranks, 4 primes, P24 (rows 512..512; 50331648 + 26843545 limbs at 0, window [63753420, 77175193) of share [63753420, 95630130)): redistribute 0.046 ntt 0.510 crt 0.002 out 0.041 spills+carry 0.002 total 0.585 s
dist_mn node 3: 2^26 = 2^13 x 2^13 over 4 x 4 ranks, 4 primes, P24 (rows 512..512; 50331648 + 26843545 limbs at 0, window [77175193, 77175193) of share [95630130, 127506841)): redistribute 0.046 ntt 0.517 crt 0.001 out 0.038 spills+carry 0.002 total 0.585 s
dist_mn node 0: 2^26 = 2^13 x 2^13 over 4 x 4 ranks, 4 primes, P24 (rows 512..512; 50331648 + 26843545 limbs at 50331648, window [0, 0) of share [0, 31876710), accumulated): redistribute 0.030 ntt 0.474 crt 0.002 out 0.024 spills+carry 0.010 total 0.541 s
dist_mn node 0: 100663296 x 26843545 limbs over 4 x 4 ranks (cap 2^26 points, P24): 2 x 1 pieces, 2 formed, 0 skipped (cache 0 slots: 1 hits, 3 misses)
dist_mn node 1: 2^26 = 2^13 x 2^13 over 4 x 4 ranks, 4 primes, P24 (rows 512..512; 50331648 + 26843545 limbs at 50331648, window [0, 13421772) of share [31876710, 63753420), accumulated): redistribute 0.029 ntt 0.479 crt 0.002 out 0.026 spills+carry 0.010 total 0.541 s
dist_mn node 1: 100663296 x 26843545 limbs over 4 x 4 ranks (cap 2^26 points, P24): 2 x 1 pieces, 2 formed, 0 skipped (cache 0 slots: 1 hits, 3 misses)
dist_mn node 2: 2^26 = 2^13 x 2^13 over 4 x 4 ranks, 4 primes, P24 (rows 512..512; 50331648 + 26843545 limbs at 50331648, window [13421772, 45298482) of share [63753420, 95630130), accumulated): redistribute 0.030 ntt 0.474 crt 0.002 out 0.025 spills+carry 0.010 total 0.541 s
dist_mn node 2: 100663296 x 26843545 limbs over 4 x 4 ranks (cap 2^26 points, P24): 2 x 1 pieces, 2 formed, 0 skipped (cache 0 slots: 1 hits, 3 misses)
dist_mn node 3: 2^26 = 2^13 x 2^13 over 4 x 4 ranks, 4 primes, P24 (rows 512..512; 50331648 + 26843545 limbs at 50331648, window [45298482, 77175193) of share [95630130, 127506841), accumulated): redistribute 0.040 ntt 0.466 crt 0.002 out 0.025 spills+carry 0.010 total 0.541 s
dist_mn node 3: 100663296 x 26843545 limbs over 4 x 4 ranks (cap 2^26 points, P24): 2 x 1 pieces, 2 formed, 0 skipped (cache 0 slots: 1 hits, 3 misses)
dist_mn node 1: 100663296 + 26843545 limbs -> 127506841 (share 31876710): redistribute 0.073 ntt 0.989 crt 0.004 out 0.063 spills+carry 0.011, total 1.208 s
dist_mn node 2: 100663296 + 26843545 limbs -> 127506841 (share 31876710): redistribute 0.075 ntt 0.984 crt 0.004 out 0.067 spills+carry 0.012, total 1.128 s
dist_mn node 0: 100663296 + 26843545 limbs -> 127506841 (share 31876710): redistribute 0.076 ntt 0.989 crt 0.003 out 0.064 spills+carry 0.011, total 1.199 s
dist_mn node 3: 100663296 + 26843545 limbs -> 127506841 (share 31876711): redistribute 0.087 ntt 0.983 crt 0.003 out 0.063 spills+carry 0.011, total 1.132 s
dist_mn node 1: 2^26 = 2^13 x 2^13 over 4 x 4 ranks, 4 primes, P24 (rows 512..512; 50331648 + 26843545 limbs at 0, window [31876710, 63753420) of share [31876710, 63753420)): redistribute 0.070 ntt 0.496 crt 0.002 out 0.032 spills+carry 0.002 total 0.564 s
dist_mn node 2: 2^26 = 2^13 x 2^13 over 4 x 4 ranks, 4 primes, P24 (rows 512..512; 50331648 + 26843545 limbs at 0, window [63753420, 77175193) of share [63753420, 95630130)): redistribute 0.072 ntt 0.503 crt 0.001 out 0.030 spills+carry 0.002 total 0.564 s
dist_mn node 3: 2^26 = 2^13 x 2^13 over 4 x 4 ranks, 4 primes, P24 (rows 512..512; 50331648 + 26843545 limbs at 0, window [77175193, 77175193) of share [95630130, 127506840)): redistribute 0.072 ntt 0.505 crt 0.002 out 0.028 spills+carry 0.002 total 0.564 s
dist_mn node 0: 2^26 = 2^13 x 2^13 over 4 x 4 ranks, 4 primes, P24 (rows 512..512; 50331648 + 26843545 limbs at 0, window [0, 31876710) of share [0, 31876710)): redistribute 0.070 ntt 0.501 crt 0.002 out 0.032 spills+carry 0.002 total 0.564 s
dist_mn node 0: 2^26 = 2^13 x 2^13 over 4 x 4 ranks, 4 primes, P24 (rows 512..512; 50331648 + 26843545 limbs at 50331648, window [0, 0) of share [0, 31876710), accumulated): redistribute 0.034 ntt 0.478 crt 0.002 out 0.023 spills+carry 0.011 total 0.545 s
dist_mn node 0: 100663296 x 26843545 limbs over 4 x 4 ranks (cap 2^26 points, P24): 2 x 1 pieces, 2 formed, 0 skipped (low product) (cache 0 slots: 1 hits, 3 misses)
dist_mn node 1: 2^26 = 2^13 x 2^13 over 4 x 4 ranks, 4 primes, P24 (rows 512..512; 50331648 + 26843545 limbs at 50331648, window [0, 13421772) of share [31876710, 63753420), accumulated): redistribute 0.033 ntt 0.477 crt 0.002 out 0.025 spills+carry 0.011 total 0.545 s
dist_mn node 1: 100663296 x 26843545 limbs over 4 x 4 ranks (cap 2^26 points, P24): 2 x 1 pieces, 2 formed, 0 skipped (low product) (cache 0 slots: 1 hits, 3 misses)
dist_mn node 2: 2^26 = 2^13 x 2^13 over 4 x 4 ranks, 4 primes, P24 (rows 512..512; 50331648 + 26843545 limbs at 50331648, window [13421772, 45298482) of share [63753420, 95630130), accumulated): redistribute 0.034 ntt 0.479 crt 0.001 out 0.022 spills+carry 0.011 total 0.545 s
dist_mn node 2: 100663296 x 26843545 limbs over 4 x 4 ranks (cap 2^26 points, P24): 2 x 1 pieces, 2 formed, 0 skipped (low product) (cache 0 slots: 1 hits, 3 misses)
dist_mn node 3: 2^26 = 2^13 x 2^13 over 4 x 4 ranks, 4 primes, P24 (rows 512..512; 50331648 + 26843545 limbs at 50331648, window [45298482, 77175192) of share [95630130, 127506840), accumulated): redistribute 0.039 ntt 0.474 crt 0.001 out 0.025 spills+carry 0.011 total 0.545 s
dist_mn node 3: 100663296 x 26843545 limbs over 4 x 4 ranks (cap 2^26 points, P24): 2 x 1 pieces, 2 formed, 0 skipped (low product) (cache 0 slots: 1 hits, 3 misses)
dist_mn node 0: 100663296 + 26843545 limbs -> 127506840 (share 31876710): redistribute 0.104 ntt 0.979 crt 0.004 out 0.056 spills+carry 0.013, total 1.112 s
dist_mn node 1: 100663296 + 26843545 limbs -> 127506840 (share 31876710): redistribute 0.103 ntt 0.974 crt 0.004 out 0.057 spills+carry 0.013, total 1.112 s
dist_mn node 2: 100663296 + 26843545 limbs -> 127506840 (share 31876710): redistribute 0.106 ntt 0.982 crt 0.002 out 0.052 spills+carry 0.013, total 1.112 s
dist_mn node 3: 100663296 + 26843545 limbs -> 127506840 (share 31876710): redistribute 0.111 ntt 0.978 crt 0.003 out 0.053 spills+carry 0.013, total 1.112 s
dist_mn node 0: 2^26 = 2^13 x 2^13 over 4 x 4 ranks, 3 primes (rows 512..512; 50331648 + 13421769 limbs at 0, window [0, 19293796) of share [0, 19293796)): redistribute 0.066 ntt 0.396 crt 0.000 out 0.024 spills+carry 0.001 total 0.445 s [A cached] [B cached]
dist_mn node 1: 2^26 = 2^13 x 2^13 over 4 x 4 ranks, 3 primes (rows 512..512; 50331648 + 13421769 limbs at 0, window [19293796, 38587593) of share [19293796, 38587593)): redistribute 0.061 ntt 0.391 crt 0.001 out 0.027 spills+carry 0.002 total 0.445 s [A cached] [B cached]
dist_mn node 2: 2^26 = 2^13 x 2^13 over 4 x 4 ranks, 3 primes (rows 512..512; 50331648 + 13421769 limbs at 0, window [38587593, 57881389) of share [38587593, 57881389)): redistribute 0.071 ntt 0.390 crt 0.001 out 0.023 spills+carry 0.002 total 0.445 s [A cached] [B cached]
dist_mn node 3: 2^26 = 2^13 x 2^13 over 4 x 4 ranks, 3 primes (rows 512..512; 50331648 + 13421769 limbs at 0, window [57881389, 63753417) of share [57881389, 77175186)): redistribute 0.062 ntt 0.394 crt 0.001 out 0.027 spills+carry 0.002 total 0.445 s [A cached] [B cached]
dbig pool: APU0 hipMalloc 0.04 GB inside the phase (free 0.47 GB in 23 extents, largest 0.04; live 0.25 GB in 35 blocks)
dbig pool: APU1 hipMalloc 0.04 GB inside the phase (free 0.47 GB in 23 extents, largest 0.04; live 0.25 GB in 35 blocks)
dist_mn node 0: 2^26 = 2^13 x 2^13 over 4 x 4 ranks, 3 primes (rows 512..512; 50331648 + 13421769 limbs at 13421769, window [0, 5872027) of share [0, 19293796), accumulated): redistribute 0.008 ntt 0.223 crt 0.000 out 0.022 spills+carry 0.007 total 0.262 s [A hit] [B cached]
dist_mn node 0: 50331648 x 26843538 limbs over 4 x 4 ranks (cap 2^26): 1 x 2 pieces, 2 formed, 0 skipped (cache 2 slots: 1 hits, 3 misses)
dist_mn node 1: 2^26 = 2^13 x 2^13 over 4 x 4 ranks, 3 primes (rows 512..512; 50331648 + 13421769 limbs at 13421769, window [5872027, 25165824) of share [19293796, 38587593), accumulated): redistribute 0.010 ntt 0.227 crt 0.000 out 0.017 spills+carry 0.007 total 0.262 s [A hit] [B cached]
dist_mn node 1: 50331648 x 26843538 limbs over 4 x 4 ranks (cap 2^26): 1 x 2 pieces, 2 formed, 0 skipped (cache 2 slots: 1 hits, 3 misses)
dist_mn node 3: 2^26 = 2^13 x 2^13 over 4 x 4 ranks, 3 primes (rows 512..512; 50331648 + 13421769 limbs at 13421769, window [44459620, 63753417) of share [57881389, 77175186), accumulated): redistribute 0.011 ntt 0.229 crt 0.000 out 0.019 spills+carry 0.007 total 0.262 s [A hit] [B cached]
dist_mn node 3: 50331648 x 26843538 limbs over 4 x 4 ranks (cap 2^26): 1 x 2 pieces, 2 formed, 0 skipped (cache 2 slots: 1 hits, 3 misses)
dist_mn node 2: 2^26 = 2^13 x 2^13 over 4 x 4 ranks, 3 primes (rows 512..512; 50331648 + 13421769 limbs at 13421769, window [25165824, 44459620) of share [38587593, 57881389), accumulated): redistribute 0.010 ntt 0.224 crt 0.001 out 0.020 spills+carry 0.007 total 0.262 s [A hit] [B cached]
dist_mn node 2: 50331648 x 26843538 limbs over 4 x 4 ranks (cap 2^26): 1 x 2 pieces, 2 formed, 0 skipped (cache 2 slots: 1 hits, 3 misses)
dist_mn node 0: 50331648 + 26843538 limbs -> 77175186 (share 19293796): redistribute 0.075 ntt 0.620 crt 0.001 out 0.046 spills+carry 0.009, total 0.709 s
dist_mn node 1: 50331648 + 26843538 limbs -> 77175186 (share 19293797): redistribute 0.071 ntt 0.618 crt 0.001 out 0.044 spills+carry 0.009, total 0.709 s
dist_mn node 2: 50331648 + 26843538 limbs -> 77175186 (share 19293796): redistribute 0.080 ntt 0.614 crt 0.001 out 0.043 spills+carry 0.009, total 0.709 s
dist_mn node 3: 50331648 + 26843538 limbs -> 77175186 (share 19293797): redistribute 0.073 ntt 0.623 crt 0.001 out 0.046 spills+carry 0.009, total 0.709 s
mdev 3*2^25 (77175186 limbs): repack 0.151 h2d 0.002 fwd 0.029 inv 0.016 d2h 0.083 crt 0.055 total 0.287 s
mdev 3*2^25 (77175186 limbs): repack 0.157 h2d 0.002 fwd 0.035 inv 0.014 d2h 0.108 crt 0.074 total 0.321 s
mdev 3*2^25 (77175186 limbs): repack 0.160 h2d 0.003 fwd 0.031 inv 0.012 d2h 0.140 crt 0.096 total 0.349 s
mdev 3*2^25 (77175186 limbs): repack 0.150 h2d 0.002 fwd 0.029 inv 0.012 d2h 0.151 crt 0.078 total 0.350 s
dist_mn node 0: 2^26 = 2^13 x 2^13 over 4 x 4 ranks, 3 primes (rows 512..512; 50331648 + 13421769 limbs at 0, window [0, 12582912) of share [0, 12582912)): redistribute 0.042 ntt 0.351 crt 0.001 out 0.025 spills+carry 0.001 total 0.405 s [A cached] [B cached]
dist_mn node 1: 2^26 = 2^13 x 2^13 over 4 x 4 ranks, 3 primes (rows 512..512; 50331648 + 13421769 limbs at 0, window [12582912, 25165825) of share [12582912, 25165825)): redistribute 0.034 ntt 0.352 crt 0.001 out 0.022 spills+carry 0.001 total 0.405 s [A cached] [B cached]
dist_mn node 2: 2^26 = 2^13 x 2^13 over 4 x 4 ranks, 3 primes (rows 512..512; 50331648 + 13421769 limbs at 0, window [25165825, 37748738) of share [25165825, 37748738)): redistribute 0.036 ntt 0.354 crt 0.001 out 0.022 spills+carry 0.001 total 0.405 s [A cached] [B cached]
dist_mn node 3: 2^26 = 2^13 x 2^13 over 4 x 4 ranks, 3 primes (rows 512..512; 50331648 + 13421769 limbs at 0, window [37748738, 50331651) of share [37748738, 50331651)): redistribute 0.041 ntt 0.351 crt 0.001 out 0.025 spills+carry 0.001 total 0.405 s [A cached] [B cached]
dist_mn node 0: 2^26 = 2^13 x 2^13 over 4 x 4 ranks, 3 primes (rows 512..512; 50331648 + 13421769 limbs at 13421769, window [0, 0) of share [0, 12582912), accumulated): redistribute 0.007 ntt 0.224 crt 0.001 out 0.017 spills+carry 0.003 total 0.251 s [A hit] [B cached]
dist_mn node 0: 50331648 x 26843538 limbs over 4 x 4 ranks (cap 2^26): 1 x 2 pieces, 2 formed, 0 skipped (low product) (cache 2 slots: 2 hits, 6 misses)
dist_mn node 2: 2^26 = 2^13 x 2^13 over 4 x 4 ranks, 3 primes (rows 512..512; 50331648 + 13421769 limbs at 13421769, window [11744056, 24326969) of share [25165825, 37748738), accumulated): redistribute 0.009 ntt 0.223 crt 0.001 out 0.015 spills+carry 0.003 total 0.251 s [A hit] [B cached]
dist_mn node 2: 50331648 x 26843538 limbs over 4 x 4 ranks (cap 2^26): 1 x 2 pieces, 2 formed, 0 skipped (low product) (cache 2 slots: 2 hits, 6 misses)
dist_mn node 3: 2^26 = 2^13 x 2^13 over 4 x 4 ranks, 3 primes (rows 512..512; 50331648 + 13421769 limbs at 13421769, window [24326969, 36909882) of share [37748738, 50331651), accumulated): redistribute 0.010 ntt 0.221 crt 0.000 out 0.016 spills+carry 0.003 total 0.251 s [A hit] [B cached]
dist_mn node 3: 50331648 x 26843538 limbs over 4 x 4 ranks (cap 2^26): 1 x 2 pieces, 2 formed, 0 skipped (low product) (cache 2 slots: 2 hits, 6 misses)
dist_mn node 1: 2^26 = 2^13 x 2^13 over 4 x 4 ranks, 3 primes (rows 512..512; 50331648 + 13421769 limbs at 13421769, window [0, 11744056) of share [12582912, 25165825), accumulated): redistribute 0.009 ntt 0.225 crt 0.001 out 0.015 spills+carry 0.003 total 0.251 s [A hit] [B cached]
dist_mn node 1: 50331648 x 26843538 limbs over 4 x 4 ranks (cap 2^26): 1 x 2 pieces, 2 formed, 0 skipped (low product) (cache 2 slots: 2 hits, 6 misses)
dist_mn node 0: 50331648 + 26843538 limbs -> 50331651 (share 12582912): redistribute 0.049 ntt 0.575 crt 0.001 out 0.042 spills+carry 0.004, total 0.692 s
dist_mn node 2: 50331648 + 26843538 limbs -> 50331651 (share 12582913): redistribute 0.045 ntt 0.577 crt 0.001 out 0.038 spills+carry 0.004, total 0.658 s
dist_mn node 3: 50331648 + 26843538 limbs -> 50331651 (share 12582913): redistribute 0.051 ntt 0.572 crt 0.001 out 0.042 spills+carry 0.004, total 0.671 s
dist_mn node 1: 50331648 + 26843538 limbs -> 50331651 (share 12582913): redistribute 0.043 ntt 0.577 crt 0.001 out 0.037 spills+carry 0.004, total 0.706 s
dist_mn node 0: 2^26 = 2^13 x 2^13 over 4 x 4 ranks, 4 primes, P24 (rows 512..512; 50331648 + 26843545 limbs at 0, window [0, 31876710) of share [0, 31876710)): redistribute 0.055 ntt 0.499 crt 0.002 out 0.035 spills+carry 0.002 total 0.563 s
dist_mn node 1: 2^26 = 2^13 x 2^13 over 4 x 4 ranks, 4 primes, P24 (rows 512..512; 50331648 + 26843545 limbs at 0, window [31876710, 63753421) of share [31876710, 63753421)): redistribute 0.067 ntt 0.497 crt 0.002 out 0.032 spills+carry 0.002 total 0.563 s
dist_mn node 2: 2^26 = 2^13 x 2^13 over 4 x 4 ranks, 4 primes, P24 (rows 512..512; 50331648 + 26843545 limbs at 0, window [63753421, 77175193) of share [63753421, 95630131)): redistribute 0.053 ntt 0.499 crt 0.002 out 0.033 spills+carry 0.002 total 0.560 s
dist_mn node 3: 2^26 = 2^13 x 2^13 over 4 x 4 ranks, 4 primes, P24 (rows 512..512; 50331648 + 26843545 limbs at 0, window [77175193, 77175193) of share [95630131, 127506842)): redistribute 0.058 ntt 0.501 crt 0.002 out 0.033 spills+carry 0.002 total 0.563 s
dist_mn node 0: 2^26 = 2^13 x 2^13 over 4 x 4 ranks, 4 primes, P24 (rows 512..512; 50331648 + 26843545 limbs at 50331648, window [0, 0) of share [0, 31876710), accumulated): redistribute 0.031 ntt 0.472 crt 0.003 out 0.022 spills+carry 0.012 total 0.536 s
dist_mn node 1: 2^26 = 2^13 x 2^13 over 4 x 4 ranks, 4 primes, P24 (rows 512..512; 50331648 + 26843545 limbs at 50331648, window [0, 13421773) of share [31876710, 63753421), accumulated): redistribute 0.030 ntt 0.470 crt 0.003 out 0.023 spills+carry 0.012 total 0.536 s
dist_mn node 2: 2^26 = 2^13 x 2^13 over 4 x 4 ranks, 4 primes, P24 (rows 512..512; 50331648 + 26843545 limbs at 50331648, window [13421773, 45298483) of share [63753421, 95630131), accumulated): redistribute 0.031 ntt 0.468 crt 0.002 out 0.024 spills+carry 0.012 total 0.536 s
dist_mn node 3: 2^26 = 2^13 x 2^13 over 4 x 4 ranks, 4 primes, P24 (rows 512..512; 50331648 + 26843545 limbs at 50331648, window [45298483, 77175193) of share [95630131, 127506842), accumulated): redistribute 0.036 ntt 0.469 crt 0.001 out 0.021 spills+carry 0.012 total 0.536 s
mdb_add_shifted node 0: 26843542 limbs at 0 into a basis of 127506842 (my window [0, 26843542), 1 rounds of 6710896; slabs 6710885 + 6710885 limbs per APU 0): 0.064 s
dist_mn node 0: 100663296 x 26843545 limbs over 4 x 4 ranks (cap 2^26 points, P24): 2 x 1 pieces, 2 formed, 0 skipped (cache 0 slots: 2 hits, 6 misses)
mdb_add_shifted node 1: 26843542 limbs at 0 into a basis of 127506842 (my window [31876710, 31876710), 1 rounds of 6710896; slabs 0 + 0 limbs per APU 0): 0.064 s
dist_mn node 1: 100663296 x 26843545 limbs over 4 x 4 ranks (cap 2^26 points, P24): 2 x 1 pieces, 2 formed, 0 skipped (cache 0 slots: 2 hits, 6 misses)
mdb_add_shifted node 2: 26843542 limbs at 0 into a basis of 127506842 (my window [63753421, 63753421), 1 rounds of 6710896; slabs 0 + 0 limbs per APU 0): 0.064 s
dist_mn node 2: 100663296 x 26843545 limbs over 4 x 4 ranks (cap 2^26 points, P24): 2 x 1 pieces, 2 formed, 0 skipped (cache 0 slots: 2 hits, 6 misses)
mdb_add_shifted node 3: 26843542 limbs at 0 into a basis of 127506842 (my window [95630131, 95630131), 1 rounds of 6710896; slabs 0 + 0 limbs per APU 0): 0.064 s
dist_mn node 3: 100663296 x 26843545 limbs over 4 x 4 ranks (cap 2^26 points, P24): 2 x 1 pieces, 2 formed, 0 skipped (cache 0 slots: 2 hits, 6 misses)
dist_mn node 0: 100663296 + 26843545 + x limbs -> 127506841 (share 31876710): redistribute 0.086 ntt 0.971 crt 0.004 out 0.058 spills+carry 0.014, total 1.179 s
dist_mn node 1: 100663296 + 26843545 + x limbs -> 127506841 (share 31876711): redistribute 0.097 ntt 0.967 crt 0.004 out 0.055 spills+carry 0.014, total 1.180 s
dist_mn node 2: 100663296 + 26843545 + x limbs -> 127506841 (share 31876710): redistribute 0.084 ntt 0.967 crt 0.004 out 0.058 spills+carry 0.014, total 1.165 s
dist_mn node 3: 100663296 + 26843545 + x limbs -> 127506841 (share 31876711): redistribute 0.095 ntt 0.970 crt 0.003 out 0.054 spills+carry 0.014, total 1.169 s
mdb_add_shifted node 0: 26843542 limbs at 0 into a basis of 127506842 (my window [0, 26843542), 1 rounds of 6710896; slabs 6710885 + 6710885 limbs per APU 0): 0.144 s
mdb_add_shifted node 1: 26843542 limbs at 0 into a basis of 127506842 (my window [31876710, 31876710), 1 rounds of 6710896; slabs 0 + 0 limbs per APU 0): 0.096 s
mdb_add_shifted node 2: 26843542 limbs at 0 into a basis of 127506842 (my window [63753421, 63753421), 1 rounds of 6710896; slabs 0 + 0 limbs per APU 0): 0.053 s
mdb_add_shifted node 3: 26843542 limbs at 0 into a basis of 127506842 (my window [95630131, 95630131), 1 rounds of 6710896; slabs 0 + 0 limbs per APU 0): 0.050 s
mdb_add_shifted node 0: 26843542 limbs at 7 into a basis of 127506842 (my window [7, 26843549), 1 rounds of 6710896; slabs 6710885 + 6710885 limbs per APU 0): 0.073 s
mdb_add_shifted node 1: 26843542 limbs at 7 into a basis of 127506842 (my window [31876710, 31876710), 1 rounds of 6710896; slabs 0 + 0 limbs per APU 0): 0.081 s
mdb_add_shifted node 2: 26843542 limbs at 7 into a basis of 127506842 (my window [63753421, 63753421), 1 rounds of 6710896; slabs 0 + 0 limbs per APU 0): 0.083 s
mdb_add_shifted node 3: 26843542 limbs at 7 into a basis of 127506842 (my window [95630131, 95630131), 1 rounds of 6710896; slabs 0 + 0 limbs per APU 0): 0.082 s
mdb_add_shifted node 1: 26843542 limbs at 50331648 into a basis of 127506842 (my window [50331648, 63753421), 1 rounds of 3355456; slabs 0 + 3355443 limbs per APU 0): 0.086 s
mdb_add_shifted node 3: 26843542 limbs at 50331648 into a basis of 127506842 (my window [95630131, 95630131), 1 rounds of 3355456; slabs 0 + 0 limbs per APU 0): 0.044 s
mdb_add_shifted node 0: 26843542 limbs at 50331648 into a basis of 127506842 (my window [50331648, 50331648), 1 rounds of 3355456; slabs 3355443 + 0 limbs per APU 0): 0.075 s
mdb_add_shifted node 2: 26843542 limbs at 50331648 into a basis of 127506842 (my window [63753421, 77175190), 1 rounds of 3355456; slabs 3355442 + 3355442 limbs per APU 0): 0.039 s
mdb_add_shifted node 0: 26843542 limbs at 100663296 into a basis of 127506842 (my window [100663296, 100663296), 1 rounds of 6710896; slabs 6710885 + 0 limbs per APU 0): 0.093 s
mdb_add_shifted node 1: 26843542 limbs at 100663296 into a basis of 127506842 (my window [100663296, 100663296), 1 rounds of 6710896; slabs 0 + 0 limbs per APU 0): 0.114 s
mdb_add_shifted node 2: 26843542 limbs at 100663296 into a basis of 127506842 (my window [100663296, 100663296), 1 rounds of 6710896; slabs 0 + 0 limbs per APU 0): 0.094 s
mdb_add_shifted node 3: 26843542 limbs at 100663296 into a basis of 127506842 (my window [100663296, 127506838), 1 rounds of 6710896; slabs 0 + 6710885 limbs per APU 0): 0.083 s
dist_mn node 0: 2^26 = 2^13 x 2^13 over 4 x 4 ranks, 4 primes, P24 (rows 512..512; 50331648 + 26843545 limbs at 0, window [0, 31876710) of share [0, 31876710)): redistribute 0.055 ntt 0.487 crt 0.003 out 0.038 spills+carry 0.003 total 0.562 s
dist_mn node 1: 2^26 = 2^13 x 2^13 over 4 x 4 ranks, 4 primes, P24 (rows 512..512; 50331648 + 26843545 limbs at 0, window [31876710, 63753420) of share [31876710, 63753420)): redistribute 0.053 ntt 0.485 crt 0.002 out 0.039 spills+carry 0.003 total 0.562 s
dist_mn node 2: 2^26 = 2^13 x 2^13 over 4 x 4 ranks, 4 primes, P24 (rows 512..512; 50331648 + 26843545 limbs at 0, window [63753420, 77175193) of share [63753420, 95630130)): redistribute 0.057 ntt 0.488 crt 0.002 out 0.035 spills+carry 0.003 total 0.562 s
dist_mn node 3: 2^26 = 2^13 x 2^13 over 4 x 4 ranks, 4 primes, P24 (rows 512..512; 50331648 + 26843545 limbs at 0, window [77175193, 77175193) of share [95630130, 127506841)): redistribute 0.051 ntt 0.486 crt 0.003 out 0.038 spills+carry 0.004 total 0.561 s
dist_mn node 0: 2^26 = 2^13 x 2^13 over 4 x 4 ranks, 4 primes, P24 (rows 512..512; 50331648 + 26843545 limbs at 50331648, window [0, 0) of share [0, 31876710), accumulated): redistribute 0.031 ntt 0.453 crt 0.002 out 0.026 spills+carry 0.013 total 0.524 s
dist_mn node 0: 100663296 x 26843545 limbs over 4 x 4 ranks (cap 2^26 points, P24): 2 x 1 pieces, 2 formed, 0 skipped (cache 0 slots: 2 hits, 6 misses)
dist_mn node 1: 2^26 = 2^13 x 2^13 over 4 x 4 ranks, 4 primes, P24 (rows 512..512; 50331648 + 26843545 limbs at 50331648, window [0, 13421772) of share [31876710, 63753420), accumulated): redistribute 0.033 ntt 0.450 crt 0.001 out 0.028 spills+carry 0.013 total 0.524 s
dist_mn node 1: 100663296 x 26843545 limbs over 4 x 4 ranks (cap 2^26 points, P24): 2 x 1 pieces, 2 formed, 0 skipped (cache 0 slots: 2 hits, 6 misses)
dist_mn node 2: 2^26 = 2^13 x 2^13 over 4 x 4 ranks, 4 primes, P24 (rows 512..512; 50331648 + 26843545 limbs at 50331648, window [13421772, 45298482) of share [63753420, 95630130), accumulated): redistribute 0.029 ntt 0.455 crt 0.001 out 0.026 spills+carry 0.013 total 0.524 s
dist_mn node 2: 100663296 x 26843545 limbs over 4 x 4 ranks (cap 2^26 points, P24): 2 x 1 pieces, 2 formed, 0 skipped (cache 0 slots: 2 hits, 6 misses)
dist_mn node 3: 2^26 = 2^13 x 2^13 over 4 x 4 ranks, 4 primes, P24 (rows 512..512; 50331648 + 26843545 limbs at 50331648, window [45298482, 77175193) of share [95630130, 127506841), accumulated): redistribute 0.029 ntt 0.453 crt 0.002 out 0.029 spills+carry 0.013 total 0.524 s
dist_mn node 3: 100663296 x 26843545 limbs over 4 x 4 ranks (cap 2^26 points, P24): 2 x 1 pieces, 2 formed, 0 skipped (cache 0 slots: 2 hits, 6 misses)
dist_mn node 1: 100663296 + 26843545 limbs -> 127506841 (share 31876710): redistribute 0.085 ntt 0.935 crt 0.003 out 0.067 spills+carry 0.016, total 1.197 s
dist_mn node 0: 100663296 + 26843545 limbs -> 127506841 (share 31876710): redistribute 0.086 ntt 0.939 crt 0.004 out 0.064 spills+carry 0.016, total 1.088 s
dist_mn node 2: 100663296 + 26843545 limbs -> 127506841 (share 31876710): redistribute 0.086 ntt 0.944 crt 0.004 out 0.061 spills+carry 0.016, total 1.107 s
dist_mn node 3: 100663296 + 26843545 limbs -> 127506841 (share 31876711): redistribute 0.079 ntt 0.939 crt 0.004 out 0.067 spills+carry 0.016, total 1.138 s
mdev 2^27 (127506841 limbs): repack 0.206 h2d 0.002 fwd 0.053 inv 0.033 d2h 0.094 crt 0.115 total 0.412 s
mdev 2^27 (127506841 limbs): repack 0.216 h2d 0.002 fwd 0.054 inv 0.039 d2h 0.110 crt 0.203 total 0.428 s
mdev 2^27 (127506841 limbs): repack 0.210 h2d 0.002 fwd 0.069 inv 0.024 d2h 0.120 crt 0.228 total 0.443 s
mdev 2^27 (127506841 limbs): repack 0.209 h2d 0.002 fwd 0.062 inv 0.026 d2h 0.131 crt 0.126 total 0.453 s
dist_mn node 0: 2^26 = 2^13 x 2^13 over 4 x 4 ranks, 4 primes, P24 (rows 512..512; 50331648 + 26843545 limbs at 0, window [0, 31876710) of share [0, 31876710)): redistribute 0.046 ntt 0.469 crt 0.004 out 0.031 spills+carry 0.004 total 0.531 s
dist_mn node 1: 2^26 = 2^13 x 2^13 over 4 x 4 ranks, 4 primes, P24 (rows 512..512; 50331648 + 26843545 limbs at 0, window [31876710, 63753421) of share [31876710, 63753421)): redistribute 0.039 ntt 0.470 crt 0.003 out 0.032 spills+carry 0.004 total 0.531 s
dist_mn node 2: 2^26 = 2^13 x 2^13 over 4 x 4 ranks, 4 primes, P24 (rows 512..512; 50331648 + 26843545 limbs at 0, window [63753421, 77175193) of share [63753421, 95630131)): redistribute 0.046 ntt 0.466 crt 0.004 out 0.033 spills+carry 0.004 total 0.531 s
dist_mn node 3: 2^26 = 2^13 x 2^13 over 4 x 4 ranks, 4 primes, P24 (rows 512..512; 50331648 + 26843545 limbs at 0, window [77175193, 77175193) of share [95630131, 127506842)): redistribute 0.048 ntt 0.462 crt 0.004 out 0.033 spills+carry 0.004 total 0.531 s
dist_mn node 0: 2^26 = 2^13 x 2^13 over 4 x 4 ranks, 4 primes, P24 (rows 512..512; 50331648 + 26843545 limbs at 50331648, window [0, 0) of share [0, 31876710), accumulated): redistribute 0.035 ntt 0.460 crt 0.002 out 0.023 spills+carry 0.015 total 0.534 s
dist_mn node 1: 2^26 = 2^13 x 2^13 over 4 x 4 ranks, 4 primes, P24 (rows 512..512; 50331648 + 26843545 limbs at 50331648, window [0, 13421773) of share [31876710, 63753421), accumulated): redistribute 0.035 ntt 0.460 crt 0.002 out 0.024 spills+carry 0.015 total 0.534 s
dist_mn node 2: 2^26 = 2^13 x 2^13 over 4 x 4 ranks, 4 primes, P24 (rows 512..512; 50331648 + 26843545 limbs at 50331648, window [13421773, 45298483) of share [63753421, 95630131), accumulated): redistribute 0.034 ntt 0.462 crt 0.001 out 0.023 spills+carry 0.014 total 0.534 s
dist_mn node 3: 2^26 = 2^13 x 2^13 over 4 x 4 ranks, 4 primes, P24 (rows 512..512; 50331648 + 26843545 limbs at 50331648, window [45298483, 77175193) of share [95630131, 127506842), accumulated): redistribute 0.039 ntt 0.460 crt 0.002 out 0.024 spills+carry 0.014 total 0.534 s
mdb_add_shifted node 0: 26843542 limbs at 0 into a basis of 127506842 (my window [0, 26843542), 1 rounds of 6710896; slabs 6710885 + 6710885 limbs per APU 0): 0.044 s
dist_mn node 0: 100663296 x 26843545 limbs over 4 x 4 ranks (cap 2^26 points, P24): 2 x 1 pieces, 2 formed, 0 skipped (cache 0 slots: 2 hits, 6 misses)
mdb_add_shifted node 1: 26843542 limbs at 0 into a basis of 127506842 (my window [31876710, 31876710), 1 rounds of 6710896; slabs 0 + 0 limbs per APU 0): 0.044 s
dist_mn node 1: 100663296 x 26843545 limbs over 4 x 4 ranks (cap 2^26 points, P24): 2 x 1 pieces, 2 formed, 0 skipped (cache 0 slots: 2 hits, 6 misses)
mdb_add_shifted node 2: 26843542 limbs at 0 into a basis of 127506842 (my window [63753421, 63753421), 1 rounds of 6710896; slabs 0 + 0 limbs per APU 0): 0.044 s
dist_mn node 2: 100663296 x 26843545 limbs over 4 x 4 ranks (cap 2^26 points, P24): 2 x 1 pieces, 2 formed, 0 skipped (cache 0 slots: 2 hits, 6 misses)
mdb_add_shifted node 3: 26843542 limbs at 0 into a basis of 127506842 (my window [95630131, 95630131), 1 rounds of 6710896; slabs 0 + 0 limbs per APU 0): 0.044 s
dist_mn node 3: 100663296 x 26843545 limbs over 4 x 4 ranks (cap 2^26 points, P24): 2 x 1 pieces, 2 formed, 0 skipped (cache 0 slots: 2 hits, 6 misses)
dist_mn node 0: 100663296 + 26843545 + x limbs -> 127506841 (share 31876710): redistribute 0.081 ntt 0.929 crt 0.006 out 0.054 spills+carry 0.019, total 1.201 s
dist_mn node 1: 100663296 + 26843545 + x limbs -> 127506841 (share 31876711): redistribute 0.074 ntt 0.930 crt 0.006 out 0.055 spills+carry 0.018, total 1.112 s
dist_mn node 2: 100663296 + 26843545 + x limbs -> 127506841 (share 31876710): redistribute 0.079 ntt 0.928 crt 0.005 out 0.056 spills+carry 0.018, total 1.124 s
dist_mn node 3: 100663296 + 26843545 + x limbs -> 127506841 (share 31876711): redistribute 0.087 ntt 0.923 crt 0.005 out 0.058 spills+carry 0.018, total 1.187 s
dist_mn node 0: 2^26 = 2^13 x 2^13 over 4 x 4 ranks, 4 primes, P24 (rows 512..512; 50331648 + 26843545 limbs at 0, window [0, 25165824) of share [0, 25165824)): redistribute 0.037 ntt 0.447 crt 0.003 out 0.033 spills+carry 0.005 total 0.522 s
dist_mn node 1: 2^26 = 2^13 x 2^13 over 4 x 4 ranks, 4 primes, P24 (rows 512..512; 50331648 + 26843545 limbs at 0, window [25165824, 50331649) of share [25165824, 50331649)): redistribute 0.034 ntt 0.448 crt 0.003 out 0.033 spills+carry 0.005 total 0.522 s
dist_mn node 2: 2^26 = 2^13 x 2^13 over 4 x 4 ranks, 4 primes, P24 (rows 512..512; 50331648 + 26843545 limbs at 0, window [50331649, 75497473) of share [50331649, 75497473)): redistribute 0.036 ntt 0.448 crt 0.003 out 0.033 spills+carry 0.004 total 0.522 s
dist_mn node 3: 2^26 = 2^13 x 2^13 over 4 x 4 ranks, 4 primes, P24 (rows 512..512; 50331648 + 26843545 limbs at 0, window [75497473, 77175193) of share [75497473, 100663298)): redistribute 0.037 ntt 0.452 crt 0.002 out 0.027 spills+carry 0.005 total 0.522 s
dist_mn node 0: 2^26 = 2^13 x 2^13 over 4 x 4 ranks, 4 primes, P24 (rows 512..512; 50331648 + 26843545 limbs at 50331648, window [0, 0) of share [0, 25165824), accumulated): redistribute 0.033 ntt 0.443 crt 0.002 out 0.024 spills+carry 0.007 total 0.509 s
dist_mn node 0: 100663296 x 26843545 limbs over 4 x 4 ranks (cap 2^26 points, P24): 2 x 1 pieces, 2 formed, 0 skipped (low product) (cache 0 slots: 2 hits, 6 misses)
dist_mn node 1: 2^26 = 2^13 x 2^13 over 4 x 4 ranks, 4 primes, P24 (rows 512..512; 50331648 + 26843545 limbs at 50331648, window [0, 1) of share [25165824, 50331649), accumulated): redistribute 0.032 ntt 0.445 crt 0.002 out 0.023 spills+carry 0.007 total 0.509 s
dist_mn node 1: 100663296 x 26843545 limbs over 4 x 4 ranks (cap 2^26 points, P24): 2 x 1 pieces, 2 formed, 0 skipped (low product) (cache 0 slots: 2 hits, 6 misses)
dist_mn node 2: 2^26 = 2^13 x 2^13 over 4 x 4 ranks, 4 primes, P24 (rows 512..512; 50331648 + 26843545 limbs at 50331648, window [1, 25165825) of share [50331649, 75497473), accumulated): redistribute 0.031 ntt 0.446 crt 0.002 out 0.023 spills+carry 0.007 total 0.509 s
dist_mn node 2: 100663296 x 26843545 limbs over 4 x 4 ranks (cap 2^26 points, P24): 2 x 1 pieces, 2 formed, 0 skipped (low product) (cache 0 slots: 2 hits, 6 misses)
dist_mn node 3: 2^26 = 2^13 x 2^13 over 4 x 4 ranks, 4 primes, P24 (rows 512..512; 50331648 + 26843545 limbs at 50331648, window [25165825, 50331650) of share [75497473, 100663298), accumulated): redistribute 0.037 ntt 0.440 crt 0.002 out 0.024 spills+carry 0.007 total 0.509 s
dist_mn node 3: 100663296 x 26843545 limbs over 4 x 4 ranks (cap 2^26 points, P24): 2 x 1 pieces, 2 formed, 0 skipped (low product) (cache 0 slots: 2 hits, 6 misses)
dist_mn node 0: 100663296 + 26843545 limbs -> 100663298 (share 25165824): redistribute 0.069 ntt 0.890 crt 0.005 out 0.058 spills+carry 0.012, total 1.032 s
dist_mn node 1: 100663296 + 26843545 limbs -> 100663298 (share 25165825): redistribute 0.067 ntt 0.893 crt 0.005 out 0.056 spills+carry 0.012, total 1.032 s
dist_mn node 2: 100663296 + 26843545 limbs -> 100663298 (share 25165824): redistribute 0.067 ntt 0.894 crt 0.005 out 0.055 spills+carry 0.011, total 1.032 s
dist_mn node 3: 100663296 + 26843545 limbs -> 100663298 (share 25165825): redistribute 0.074 ntt 0.891 crt 0.004 out 0.052 spills+carry 0.011, total 1.032 s
dist_mn node 0: 2^26 = 2^13 x 2^13 over 4 x 4 ranks, 3 primes (rows 512..512; 50331649 + 13421773 limbs at 0, window [0, 12582912) of share [0, 12582912)): redistribute 0.058 ntt 0.387 crt 0.001 out 0.022 spills+carry 0.004 total 0.441 s [A cached] [B cached]
dist_mn node 1: 2^26 = 2^13 x 2^13 over 4 x 4 ranks, 3 primes (rows 512..512; 50331649 + 13421773 limbs at 0, window [12582912, 25165824) of share [12582912, 25165824)): redistribute 0.058 ntt 0.386 crt 0.001 out 0.021 spills+carry 0.004 total 0.440 s [A cached] [B cached]
dist_mn node 2: 2^26 = 2^13 x 2^13 over 4 x 4 ranks, 3 primes (rows 512..512; 50331649 + 13421773 limbs at 0, window [25165824, 37748736) of share [25165824, 37748736)): redistribute 0.058 ntt 0.386 crt 0.001 out 0.021 spills+carry 0.003 total 0.441 s [A cached] [B cached]
dist_mn node 3: 2^26 = 2^13 x 2^13 over 4 x 4 ranks, 3 primes (rows 512..512; 50331649 + 13421773 limbs at 0, window [37748736, 50331649) of share [37748736, 50331649)): redistribute 0.060 ntt 0.389 crt 0.000 out 0.020 spills+carry 0.003 total 0.441 s [A cached] [B cached]
dist_mn node 0: 2^26 = 2^13 x 2^13 over 4 x 4 ranks, 3 primes (rows 512..512; 50331649 + 13421772 limbs at 13421773, window [0, 0) of share [0, 12582912), accumulated): redistribute 0.009 ntt 0.212 crt 0.001 out 0.015 spills+carry 0.008 total 0.245 s [A hit] [B cached]
dist_mn node 0: 50331649 x 26843545 limbs over 4 x 4 ranks (cap 2^26): 1 x 2 pieces, 2 formed, 0 skipped (low product) (cache 2 slots: 3 hits, 9 misses)
dist_mn node 1: 2^26 = 2^13 x 2^13 over 4 x 4 ranks, 3 primes (rows 512..512; 50331649 + 13421772 limbs at 13421773, window [0, 11744051) of share [12582912, 25165824), accumulated): redistribute 0.008 ntt 0.212 crt 0.001 out 0.015 spills+carry 0.008 total 0.245 s [A hit] [B cached]
dist_mn node 1: 50331649 x 26843545 limbs over 4 x 4 ranks (cap 2^26): 1 x 2 pieces, 2 formed, 0 skipped (low product) (cache 2 slots: 3 hits, 9 misses)
dist_mn node 2: 2^26 = 2^13 x 2^13 over 4 x 4 ranks, 3 primes (rows 512..512; 50331649 + 13421772 limbs at 13421773, window [11744051, 24326963) of share [25165824, 37748736), accumulated): redistribute 0.008 ntt 0.214 crt 0.001 out 0.015 spills+carry 0.008 total 0.245 s [A hit] [B cached]
dist_mn node 2: 50331649 x 26843545 limbs over 4 x 4 ranks (cap 2^26): 1 x 2 pieces, 2 formed, 0 skipped (low product) (cache 2 slots: 3 hits, 9 misses)
dist_mn node 3: 2^26 = 2^13 x 2^13 over 4 x 4 ranks, 3 primes (rows 512..512; 50331649 + 13421772 limbs at 13421773, window [24326963, 36909876) of share [37748736, 50331649), accumulated): redistribute 0.009 ntt 0.213 crt 0.000 out 0.015 spills+carry 0.008 total 0.245 s [A hit] [B cached]
dist_mn node 3: 50331649 x 26843545 limbs over 4 x 4 ranks (cap 2^26): 1 x 2 pieces, 2 formed, 0 skipped (low product) (cache 2 slots: 3 hits, 9 misses)
dist_mn node 0: 50331649 + 26843545 limbs -> 50331649 (share 12582912): redistribute 0.067 ntt 0.599 crt 0.002 out 0.037 spills+carry 0.012, total 0.687 s
dist_mn node 1: 50331649 + 26843545 limbs -> 50331649 (share 12582912): redistribute 0.066 ntt 0.598 crt 0.002 out 0.036 spills+carry 0.012, total 0.687 s
dist_mn node 2: 50331649 + 26843545 limbs -> 50331649 (share 12582912): redistribute 0.066 ntt 0.600 crt 0.002 out 0.036 spills+carry 0.011, total 0.687 s
dist_mn node 3: 50331649 + 26843545 limbs -> 50331649 (share 12582913): redistribute 0.069 ntt 0.602 crt 0.001 out 0.035 spills+carry 0.011, total 0.687 s
dist_mn node 0: 2^26 = 2^13 x 2^13 over 4 x 4 ranks, 4 primes, P24 (rows 512..512; 50331648 + 26843545 limbs at 0, window [0, 31876710) of share [0, 31876710)): redistribute 0.043 ntt 0.464 crt 0.002 out 0.036 spills+carry 0.004 total 0.538 s
dist_mn node 1: 2^26 = 2^13 x 2^13 over 4 x 4 ranks, 4 primes, P24 (rows 512..512; 50331648 + 26843545 limbs at 0, window [31876710, 63753420) of share [31876710, 63753420)): redistribute 0.043 ntt 0.459 crt 0.001 out 0.041 spills+carry 0.004 total 0.536 s
dist_mn node 2: 2^26 = 2^13 x 2^13 over 4 x 4 ranks, 4 primes, P24 (rows 512..512; 50331648 + 26843545 limbs at 0, window [63753420, 77175193) of share [63753420, 95630130)): redistribute 0.043 ntt 0.459 crt 0.002 out 0.038 spills+carry 0.004 total 0.538 s
dist_mn node 3: 2^26 = 2^13 x 2^13 over 4 x 4 ranks, 4 primes, P24 (rows 512..512; 50331648 + 26843545 limbs at 0, window [77175193, 77175193) of share [95630130, 127506840)): redistribute 0.041 ntt 0.460 crt 0.001 out 0.042 spills+carry 0.004 total 0.538 s
dist_mn node 0: 2^26 = 2^13 x 2^13 over 4 x 4 ranks, 4 primes, P24 (rows 512..512; 50331648 + 26843545 limbs at 50331648, window [0, 0) of share [0, 31876710), accumulated): redistribute 0.035 ntt 0.462 crt 0.002 out 0.028 spills+carry 0.014 total 0.536 s
dist_mn node 0: 100663296 x 26843545 limbs over 4 x 4 ranks (cap 2^26 points, P24): 2 x 1 pieces, 2 formed, 0 skipped (low product) (cache 0 slots: 3 hits, 9 misses)
dist_mn node 1: 2^26 = 2^13 x 2^13 over 4 x 4 ranks, 4 primes, P24 (rows 512..512; 50331648 + 26843545 limbs at 50331648, window [0, 13421772) of share [31876710, 63753420), accumulated): redistribute 0.038 ntt 0.462 crt 0.002 out 0.027 spills+carry 0.013 total 0.536 s
dist_mn node 1: 100663296 x 26843545 limbs over 4 x 4 ranks (cap 2^26 points, P24): 2 x 1 pieces, 2 formed, 0 skipped (low product) (cache 0 slots: 3 hits, 9 misses)
dist_mn node 2: 2^26 = 2^13 x 2^13 over 4 x 4 ranks, 4 primes, P24 (rows 512..512; 50331648 + 26843545 limbs at 50331648, window [13421772, 45298482) of share [63753420, 95630130), accumulated): redistribute 0.036 ntt 0.463 crt 0.002 out 0.026 spills+carry 0.013 total 0.536 s
dist_mn node 2: 100663296 x 26843545 limbs over 4 x 4 ranks (cap 2^26 points, P24): 2 x 1 pieces, 2 formed, 0 skipped (low product) (cache 0 slots: 3 hits, 9 misses)
dist_mn node 3: 2^26 = 2^13 x 2^13 over 4 x 4 ranks, 4 primes, P24 (rows 512..512; 50331648 + 26843545 limbs at 50331648, window [45298482, 77175192) of share [95630130, 127506840), accumulated): redistribute 0.044 ntt 0.464 crt 0.001 out 0.023 spills+carry 0.013 total 0.536 s
dist_mn node 3: 100663296 x 26843545 limbs over 4 x 4 ranks (cap 2^26 points, P24): 2 x 1 pieces, 2 formed, 0 skipped (low product) (cache 0 slots: 3 hits, 9 misses)
dist_mn node 1: 100663296 + 26843545 limbs -> 127506840 (share 31876710): redistribute 0.081 ntt 0.921 crt 0.004 out 0.068 spills+carry 0.017, total 1.077 s
dist_mn node 2: 100663296 + 26843545 limbs -> 127506840 (share 31876710): redistribute 0.079 ntt 0.921 crt 0.004 out 0.064 spills+carry 0.017, total 1.077 s
dist_mn node 3: 100663296 + 26843545 limbs -> 127506840 (share 31876710): redistribute 0.085 ntt 0.923 crt 0.002 out 0.065 spills+carry 0.017, total 1.077 s
dist_mn node 0: 100663296 + 26843545 limbs -> 127506840 (share 31876710): redistribute 0.078 ntt 0.925 crt 0.003 out 0.064 spills+carry 0.018, total 1.077 s
dist_mn node 0: 2^26 = 2^13 x 2^13 over 4 x 4 ranks, 4 primes, P24 (rows 512..512; 50331648 + 26843545 limbs at 0, window [0, 31876710) of share [0, 31876710)): redistribute 0.043 ntt 0.502 crt 0.002 out 0.034 spills+carry 0.003 total 0.567 s
dist_mn node 1: 2^26 = 2^13 x 2^13 over 4 x 4 ranks, 4 primes, P24 (rows 512..512; 50331648 + 26843545 limbs at 0, window [31876710, 63753420) of share [31876710, 63753420)): redistribute 0.046 ntt 0.502 crt 0.001 out 0.035 spills+carry 0.004 total 0.567 s
dist_mn node 2: 2^26 = 2^13 x 2^13 over 4 x 4 ranks, 4 primes, P24 (rows 512..512; 50331648 + 26843545 limbs at 0, window [63753420, 77175193) of share [63753420, 95630130)): redistribute 0.043 ntt 0.498 crt 0.001 out 0.037 spills+carry 0.004 total 0.567 s
dist_mn node 3: 2^26 = 2^13 x 2^13 over 4 x 4 ranks, 4 primes, P24 (rows 512..512; 50331648 + 26843545 limbs at 0, window [77175193, 77175193) of share [95630130, 127506841)): redistribute 0.046 ntt 0.501 crt 0.002 out 0.038 spills+carry 0.004 total 0.567 s
dist_mn node 0: 2^26 = 2^13 x 2^13 over 4 x 4 ranks, 4 primes, P24 (rows 512..512; 50331648 + 26843545 limbs at 50331648, window [0, 0) of share [0, 31876710), accumulated): redistribute 0.030 ntt 0.449 crt 0.002 out 0.026 spills+carry 0.016 total 0.522 s
dist_mn node 0: 100663296 x 26843545 limbs over 4 x 4 ranks (cap 2^26 points, P24): 2 x 1 pieces, 2 formed, 0 skipped (low cut) (cache 0 slots: 3 hits, 9 misses)
dist_mn node 1: 2^26 = 2^13 x 2^13 over 4 x 4 ranks, 4 primes, P24 (rows 512..512; 50331648 + 26843545 limbs at 50331648, window [0, 13421772) of share [31876710, 63753420), accumulated): redistribute 0.034 ntt 0.447 crt 0.002 out 0.025 spills+carry 0.016 total 0.522 s
dist_mn node 1: 100663296 x 26843545 limbs over 4 x 4 ranks (cap 2^26 points, P24): 2 x 1 pieces, 2 formed, 0 skipped (low cut) (cache 0 slots: 3 hits, 9 misses)
dist_mn node 2: 2^26 = 2^13 x 2^13 over 4 x 4 ranks, 4 primes, P24 (rows 512..512; 50331648 + 26843545 limbs at 50331648, window [13421772, 45298482) of share [63753420, 95630130), accumulated): redistribute 0.029 ntt 0.451 crt 0.002 out 0.025 spills+carry 0.016 total 0.522 s
dist_mn node 2: 100663296 x 26843545 limbs over 4 x 4 ranks (cap 2^26 points, P24): 2 x 1 pieces, 2 formed, 0 skipped (low cut) (cache 0 slots: 3 hits, 9 misses)
dist_mn node 3: 2^26 = 2^13 x 2^13 over 4 x 4 ranks, 4 primes, P24 (rows 512..512; 50331648 + 26843545 limbs at 50331648, window [45298482, 77175193) of share [95630130, 127506841), accumulated): redistribute 0.034 ntt 0.444 crt 0.002 out 0.027 spills+carry 0.016 total 0.522 s
dist_mn node 3: 100663296 x 26843545 limbs over 4 x 4 ranks (cap 2^26 points, P24): 2 x 1 pieces, 2 formed, 0 skipped (low cut) (cache 0 slots: 3 hits, 9 misses)
dist_mn node 0: 100663296 + 26843545 limbs -> 127506841 (share 31876710): redistribute 0.073 ntt 0.950 crt 0.004 out 0.060 spills+carry 0.020, total 1.091 s
dist_mn node 1: 100663296 + 26843545 limbs -> 127506841 (share 31876710): redistribute 0.080 ntt 0.950 crt 0.003 out 0.060 spills+carry 0.020, total 1.091 s
dist_mn node 3: 100663296 + 26843545 limbs -> 127506841 (share 31876711): redistribute 0.080 ntt 0.945 crt 0.004 out 0.065 spills+carry 0.020, total 1.091 s
dist_mn node 2: 100663296 + 26843545 limbs -> 127506841 (share 31876710): redistribute 0.071 ntt 0.948 crt 0.003 out 0.062 spills+carry 0.019, total 1.091 s
dist_mn node 0: 2^26 = 2^13 x 2^13 over 4 x 4 ranks, 4 primes, P24 (rows 512..512; 50331648 + 26843545 limbs at 0, window [0, 31876710) of share [0, 31876710)): redistribute 0.051 ntt 0.496 crt 0.002 out 0.041 spills+carry 0.003 total 0.574 s
dist_mn node 1: 2^26 = 2^13 x 2^13 over 4 x 4 ranks, 4 primes, P24 (rows 512..512; 50331648 + 26843545 limbs at 0, window [31876710, 63753420) of share [31876710, 63753420)): redistribute 0.047 ntt 0.496 crt 0.002 out 0.041 spills+carry 0.003 total 0.572 s
dist_mn node 2: 2^26 = 2^13 x 2^13 over 4 x 4 ranks, 4 primes, P24 (rows 512..512; 50331648 + 26843545 limbs at 0, window [63753420, 77175193) of share [63753420, 95630130)): redistribute 0.051 ntt 0.498 crt 0.001 out 0.039 spills+carry 0.003 total 0.573 s
dist_mn node 3: 2^26 = 2^13 x 2^13 over 4 x 4 ranks, 4 primes, P24 (rows 512..512; 50331648 + 26843545 limbs at 0, window [77175193, 77175193) of share [95630130, 127506840)): redistribute 0.052 ntt 0.496 crt 0.001 out 0.043 spills+carry 0.003 total 0.573 s
dist_mn node 0: 2^26 = 2^13 x 2^13 over 4 x 4 ranks, 4 primes, P24 (rows 512..512; 50331648 + 26843545 limbs at 50331648, window [0, 0) of share [0, 31876710), accumulated): redistribute 0.029 ntt 0.460 crt 0.002 out 0.024 spills+carry 0.014 total 0.527 s
dist_mn node 0: 100663296 x 26843545 limbs over 4 x 4 ranks (cap 2^26 points, P24): 2 x 1 pieces, 2 formed, 0 skipped (low product) (low cut) (cache 0 slots: 3 hits, 9 misses)
dist_mn node 1: 2^26 = 2^13 x 2^13 over 4 x 4 ranks, 4 primes, P24 (rows 512..512; 50331648 + 26843545 limbs at 50331648, window [0, 13421772) of share [31876710, 63753420), accumulated): redistribute 0.032 ntt 0.458 crt 0.003 out 0.023 spills+carry 0.013 total 0.527 s
dist_mn node 1: 100663296 x 26843545 limbs over 4 x 4 ranks (cap 2^26 points, P24): 2 x 1 pieces, 2 formed, 0 skipped (low product) (low cut) (cache 0 slots: 3 hits, 9 misses)
dist_mn node 2: 2^26 = 2^13 x 2^13 over 4 x 4 ranks, 4 primes, P24 (rows 512..512; 50331648 + 26843545 limbs at 50331648, window [13421772, 45298482) of share [63753420, 95630130), accumulated): redistribute 0.028 ntt 0.463 crt 0.002 out 0.024 spills+carry 0.013 total 0.527 s
dist_mn node 2: 100663296 x 26843545 limbs over 4 x 4 ranks (cap 2^26 points, P24): 2 x 1 pieces, 2 formed, 0 skipped (low product) (low cut) (cache 0 slots: 3 hits, 9 misses)
dist_mn node 3: 2^26 = 2^13 x 2^13 over 4 x 4 ranks, 4 primes, P24 (rows 512..512; 50331648 + 26843545 limbs at 50331648, window [45298482, 77175192) of share [95630130, 127506840), accumulated): redistribute 0.032 ntt 0.461 crt 0.001 out 0.021 spills+carry 0.013 total 0.527 s
dist_mn node 3: 100663296 x 26843545 limbs over 4 x 4 ranks (cap 2^26 points, P24): 2 x 1 pieces, 2 formed, 0 skipped (low product) (low cut) (cache 0 slots: 3 hits, 9 misses)
dist_mn node 0: 100663296 + 26843545 limbs -> 127506840 (share 31876710): redistribute 0.079 ntt 0.956 crt 0.004 out 0.065 spills+carry 0.017, total 1.104 s
dist_mn node 1: 100663296 + 26843545 limbs -> 127506840 (share 31876710): redistribute 0.079 ntt 0.954 crt 0.004 out 0.064 spills+carry 0.017, total 1.104 s
dist_mn node 2: 100663296 + 26843545 limbs -> 127506840 (share 31876710): redistribute 0.078 ntt 0.960 crt 0.003 out 0.063 spills+carry 0.016, total 1.104 s
dist_mn node 3: 100663296 + 26843545 limbs -> 127506840 (share 31876710): redistribute 0.084 ntt 0.957 crt 0.002 out 0.063 spills+carry 0.017, total 1.104 s
dist_mn node 0: 2^26 = 2^13 x 2^13 over 4 x 4 ranks, 4 primes, P24 (rows 512..512; 50331648 + 26843545 limbs at 0, window [0, 31876710) of share [0, 31876710)): redistribute 0.056 ntt 0.474 crt 0.001 out 0.031 spills+carry 0.003 total 0.539 s
dist_mn node 1: 2^26 = 2^13 x 2^13 over 4 x 4 ranks, 4 primes, P24 (rows 512..512; 50331648 + 26843545 limbs at 0, window [31876710, 63753420) of share [31876710, 63753420)): redistribute 0.056 ntt 0.474 crt 0.002 out 0.032 spills+carry 0.003 total 0.539 s
dist_mn node 2: 2^26 = 2^13 x 2^13 over 4 x 4 ranks, 4 primes, P24 (rows 512..512; 50331648 + 26843545 limbs at 0, window [63753420, 77175193) of share [63753420, 95630130)): redistribute 0.058 ntt 0.477 crt 0.002 out 0.028 spills+carry 0.003 total 0.539 s
dist_mn node 3: 2^26 = 2^13 x 2^13 over 4 x 4 ranks, 4 primes, P24 (rows 512..512; 50331648 + 26843545 limbs at 0, window [77175193, 77175193) of share [95630130, 127506841)): redistribute 0.053 ntt 0.473 crt 0.001 out 0.030 spills+carry 0.003 total 0.536 s
dist_mn node 0: 2^26 = 2^13 x 2^13 over 4 x 4 ranks, 4 primes, P24 (rows 512..512; 50331648 + 26843545 limbs at 50331648, window [0, 0) of share [0, 31876710), accumulated): redistribute 0.040 ntt 0.466 crt 0.002 out 0.026 spills+carry 0.014 total 0.543 s
dist_mn node 0: 100663296 x 26843545 limbs over 4 x 4 ranks (cap 2^26 points, P24): 2 x 1 pieces, 2 formed, 0 skipped (low cut) (cache 0 slots: 3 hits, 9 misses)
dist_mn node 1: 2^26 = 2^13 x 2^13 over 4 x 4 ranks, 4 primes, P24 (rows 512..512; 50331648 + 26843545 limbs at 50331648, window [0, 13421772) of share [31876710, 63753420), accumulated): redistribute 0.040 ntt 0.466 crt 0.002 out 0.022 spills+carry 0.014 total 0.543 s
dist_mn node 1: 100663296 x 26843545 limbs over 4 x 4 ranks (cap 2^26 points, P24): 2 x 1 pieces, 2 formed, 0 skipped (low cut) (cache 0 slots: 3 hits, 9 misses)
dist_mn node 2: 2^26 = 2^13 x 2^13 over 4 x 4 ranks, 4 primes, P24 (rows 512..512; 50331648 + 26843545 limbs at 50331648, window [13421772, 45298482) of share [63753420, 95630130), accumulated): redistribute 0.038 ntt 0.467 crt 0.003 out 0.023 spills+carry 0.014 total 0.543 s
dist_mn node 2: 100663296 x 26843545 limbs over 4 x 4 ranks (cap 2^26 points, P24): 2 x 1 pieces, 2 formed, 0 skipped (low cut) (cache 0 slots: 3 hits, 9 misses)
dist_mn node 3: 2^26 = 2^13 x 2^13 over 4 x 4 ranks, 4 primes, P24 (rows 512..512; 50331648 + 26843545 limbs at 50331648, window [45298482, 77175193) of share [95630130, 127506841), accumulated): redistribute 0.049 ntt 0.465 crt 0.002 out 0.022 spills+carry 0.014 total 0.543 s
dist_mn node 3: 100663296 x 26843545 limbs over 4 x 4 ranks (cap 2^26 points, P24): 2 x 1 pieces, 2 formed, 0 skipped (low cut) (cache 0 slots: 3 hits, 9 misses)
dist_mn node 0: 100663296 + 26843545 limbs -> 127506841 (share 31876710): redistribute 0.096 ntt 0.940 crt 0.004 out 0.057 spills+carry 0.018, total 1.084 s
dist_mn node 1: 100663296 + 26843545 limbs -> 127506841 (share 31876710): redistribute 0.096 ntt 0.940 crt 0.004 out 0.054 spills+carry 0.017, total 1.084 s
dist_mn node 3: 100663296 + 26843545 limbs -> 127506841 (share 31876711): redistribute 0.102 ntt 0.938 crt 0.004 out 0.052 spills+carry 0.017, total 1.084 s
dist_mn node 2: 100663296 + 26843545 limbs -> 127506841 (share 31876710): redistribute 0.095 ntt 0.944 crt 0.004 out 0.051 spills+carry 0.018, total 1.084 s
dist_mn node 0: 2^26 = 2^13 x 2^13 over 4 x 4 ranks, 4 primes, P24 (rows 512..512; 50331648 + 26843545 limbs at 0, window [0, 31876710) of share [0, 31876710)): redistribute 0.051 ntt 0.487 crt 0.003 out 0.032 spills+carry 0.004 total 0.556 s
dist_mn node 1: 2^26 = 2^13 x 2^13 over 4 x 4 ranks, 4 primes, P24 (rows 512..512; 50331648 + 26843545 limbs at 0, window [31876710, 63753420) of share [31876710, 63753420)): redistribute 0.051 ntt 0.484 crt 0.003 out 0.033 spills+carry 0.004 total 0.556 s
dist_mn node 2: 2^26 = 2^13 x 2^13 over 4 x 4 ranks, 4 primes, P24 (rows 512..512; 50331648 + 26843545 limbs at 0, window [63753420, 77175193) of share [63753420, 95630130)): redistribute 0.051 ntt 0.483 crt 0.003 out 0.033 spills+carry 0.004 total 0.556 s
dist_mn node 3: 2^26 = 2^13 x 2^13 over 4 x 4 ranks, 4 primes, P24 (rows 512..512; 50331648 + 26843545 limbs at 0, window [77175193, 77175193) of share [95630130, 127506840)): redistribute 0.051 ntt 0.490 crt 0.002 out 0.030 spills+carry 0.004 total 0.556 s
dist_mn node 0: 2^26 = 2^13 x 2^13 over 4 x 4 ranks, 4 primes, P24 (rows 512..512; 50331648 + 26843545 limbs at 50331648, window [0, 0) of share [0, 31876710), accumulated): redistribute 0.036 ntt 0.441 crt 0.002 out 0.025 spills+carry 0.014 total 0.515 s
dist_mn node 0: 100663296 x 26843545 limbs over 4 x 4 ranks (cap 2^26 points, P24): 2 x 1 pieces, 2 formed, 0 skipped (low product) (low cut) (cache 0 slots: 3 hits, 9 misses)
dist_mn node 1: 2^26 = 2^13 x 2^13 over 4 x 4 ranks, 4 primes, P24 (rows 512..512; 50331648 + 26843545 limbs at 50331648, window [0, 13421772) of share [31876710, 63753420), accumulated): redistribute 0.032 ntt 0.449 crt 0.002 out 0.022 spills+carry 0.014 total 0.515 s
dist_mn node 1: 100663296 x 26843545 limbs over 4 x 4 ranks (cap 2^26 points, P24): 2 x 1 pieces, 2 formed, 0 skipped (low product) (low cut) (cache 0 slots: 3 hits, 9 misses)
dist_mn node 2: 2^26 = 2^13 x 2^13 over 4 x 4 ranks, 4 primes, P24 (rows 512..512; 50331648 + 26843545 limbs at 50331648, window [13421772, 45298482) of share [63753420, 95630130), accumulated): redistribute 0.032 ntt 0.445 crt 0.002 out 0.026 spills+carry 0.014 total 0.515 s
dist_mn node 2: 100663296 x 26843545 limbs over 4 x 4 ranks (cap 2^26 points, P24): 2 x 1 pieces, 2 formed, 0 skipped (low product) (low cut) (cache 0 slots: 3 hits, 9 misses)
dist_mn node 3: 2^26 = 2^13 x 2^13 over 4 x 4 ranks, 4 primes, P24 (rows 512..512; 50331648 + 26843545 limbs at 50331648, window [45298482, 77175192) of share [95630130, 127506840), accumulated): redistribute 0.040 ntt 0.445 crt 0.002 out 0.025 spills+carry 0.014 total 0.515 s
dist_mn node 3: 100663296 x 26843545 limbs over 4 x 4 ranks (cap 2^26 points, P24): 2 x 1 pieces, 2 formed, 0 skipped (low product) (low cut) (cache 0 slots: 3 hits, 9 misses)
dist_mn node 1: 100663296 + 26843545 limbs -> 127506840 (share 31876710): redistribute 0.083 ntt 0.934 crt 0.004 out 0.055 spills+carry 0.017, total 1.073 s
dist_mn node 0: 100663296 + 26843545 limbs -> 127506840 (share 31876710): redistribute 0.087 ntt 0.928 crt 0.005 out 0.057 spills+carry 0.018, total 1.073 s
dist_mn node 2: 100663296 + 26843545 limbs -> 127506840 (share 31876710): redistribute 0.082 ntt 0.928 crt 0.004 out 0.059 spills+carry 0.017, total 1.073 s
dist_mn node 3: 100663296 + 26843545 limbs -> 127506840 (share 31876710): redistribute 0.092 ntt 0.935 crt 0.004 out 0.054 spills+carry 0.018, total 1.073 s
dist_mn node 0: 100663296 x 26843545 limbs over 4 x 4 ranks (cap 2^26 points, P24): 2 x 1 pieces, 0 formed, 2 skipped (low cut) (cache 0 slots: 3 hits, 9 misses)
dist_mn node 1: 100663296 x 26843545 limbs over 4 x 4 ranks (cap 2^26 points, P24): 2 x 1 pieces, 0 formed, 2 skipped (low cut) (cache 0 slots: 3 hits, 9 misses)
dist_mn node 2: 100663296 x 26843545 limbs over 4 x 4 ranks (cap 2^26 points, P24): 2 x 1 pieces, 0 formed, 2 skipped (low cut) (cache 0 slots: 3 hits, 9 misses)
dist_mn node 3: 100663296 x 26843545 limbs over 4 x 4 ranks (cap 2^26 points, P24): 2 x 1 pieces, 0 formed, 2 skipped (low cut) (cache 0 slots: 3 hits, 9 misses)
dist_mn node 0: 100663296 + 26843545 limbs -> 0 (share 31876710): redistribute 0.000 ntt 0.000 crt 0.000 out 0.000 spills+carry 0.000, total 0.002 s
dist_mn node 1: 100663296 + 26843545 limbs -> 0 (share 31876710): redistribute 0.000 ntt 0.000 crt 0.000 out 0.000 spills+carry 0.000, total 0.002 s
dist_mn node 2: 100663296 + 26843545 limbs -> 0 (share 31876710): redistribute 0.000 ntt 0.000 crt 0.000 out 0.000 spills+carry 0.000, total 0.002 s
dist_mn node 3: 100663296 + 26843545 limbs -> 0 (share 31876711): redistribute 0.000 ntt 0.000 crt 0.000 out 0.000 spills+carry 0.000, total 0.006 s
mdev 3*2^25 (77175193 limbs): repack 0.124 h2d 0.002 fwd 0.024 inv 0.010 d2h 0.079 crt 0.118 total 0.247 s
mdev 3*2^25 (77175193 limbs): repack 0.175 h2d 0.002 fwd 0.020 inv 0.009 d2h 0.226 crt 0.165 total 0.431 s
mdev 3*2^25 (77175193 limbs): repack 0.134 h2d 0.002 fwd 0.025 inv 0.009 d2h 0.287 crt 0.180 total 0.458 s
mdev 3*2^25 (77175193 limbs): repack 0.129 h2d 0.001 fwd 0.016 inv 0.015 d2h 0.307 crt 0.263 total 0.475 s
mdev 3*2^25 (77175193 limbs): repack 0.240 h2d 0.001 fwd 0.009 inv 0.006 d2h 0.168 crt 0.263 total 0.432 s
mdev 3*2^25 (77175193 limbs): repack 0.172 h2d 0.001 fwd 0.024 inv 0.015 d2h 0.242 crt 0.180 total 0.464 s
mdev 3*2^25 (77175193 limbs): repack 0.173 h2d 0.002 fwd 0.020 inv 0.017 d2h 0.245 crt 0.124 total 0.467 s
mdev 3*2^25 (77175193 limbs): repack 0.180 h2d 0.001 fwd 0.029 inv 0.005 d2h 0.282 crt 0.159 total 0.503 s
dist_mn node 0: 100663296 x 26843545 limbs over 4 x 4 ranks (cap 2^26 points, P24): 2 x 1 pieces, 0 formed, 2 skipped (low product) (low cut) (cache 0 slots: 3 hits, 9 misses)
dist_mn node 1: 100663296 x 26843545 limbs over 4 x 4 ranks (cap 2^26 points, P24): 2 x 1 pieces, 0 formed, 2 skipped (low product) (low cut) (cache 0 slots: 3 hits, 9 misses)
dist_mn node 2: 100663296 x 26843545 limbs over 4 x 4 ranks (cap 2^26 points, P24): 2 x 1 pieces, 0 formed, 2 skipped (low product) (low cut) (cache 0 slots: 3 hits, 9 misses)
dist_mn node 3: 100663296 x 26843545 limbs over 4 x 4 ranks (cap 2^26 points, P24): 2 x 1 pieces, 0 formed, 2 skipped (low product) (low cut) (cache 0 slots: 3 hits, 9 misses)
dist_mn node 0: 100663296 + 26843545 limbs -> 0 (share 31876710): redistribute 0.000 ntt 0.000 crt 0.000 out 0.000 spills+carry 0.000, total 0.002 s
dist_mn node 1: 100663296 + 26843545 limbs -> 0 (share 31876710): redistribute 0.000 ntt 0.000 crt 0.000 out 0.000 spills+carry 0.000, total 0.002 s
dist_mn node 2: 100663296 + 26843545 limbs -> 0 (share 31876710): redistribute 0.000 ntt 0.000 crt 0.000 out 0.000 spills+carry 0.000, total 0.002 s
dist_mn node 3: 100663296 + 26843545 limbs -> 0 (share 31876710): redistribute 0.000 ntt 0.000 crt 0.000 out 0.000 spills+carry 0.000, total 0.002 s
mdev 3*2^25 (77175193 limbs): repack 0.124 h2d 0.001 fwd 0.011 inv 0.011 d2h 0.061 crt 0.112 total 0.218 s
mdev 3*2^25 (77175193 limbs): repack 0.092 h2d 0.002 fwd 0.017 inv 0.009 d2h 0.094 crt 0.088 total 0.220 s
mdev 3*2^25 (77175193 limbs): repack 0.107 h2d 0.002 fwd 0.021 inv 0.011 d2h 0.188 crt 0.108 total 0.344 s
mdev 3*2^25 (77175193 limbs): repack 0.106 h2d 0.001 fwd 0.010 inv 0.006 d2h 0.336 crt 0.308 total 0.467 s
mdev 3*2^25 (77175193 limbs): repack 0.135 h2d 0.001 fwd 0.010 inv 0.007 d2h 0.189 crt 0.140 total 0.367 s
mdev 3*2^25 (77175193 limbs): repack 0.191 h2d 0.001 fwd 0.010 inv 0.007 d2h 0.163 crt 0.178 total 0.378 s
mdev 3*2^25 (77175193 limbs): repack 0.132 h2d 0.001 fwd 0.014 inv 0.012 d2h 0.139 crt 0.140 total 0.307 s
mdev 3*2^25 (77175193 limbs): repack 0.155 h2d 0.002 fwd 0.021 inv 0.006 d2h 0.138 crt 0.134 total 0.326 s
dist_mn node 0: 2^26 = 2^13 x 2^13 over 4 x 4 ranks, 4 primes, P24 (rows 512..512; 50331648 + 26843545 limbs at 0, window [0, 31876710) of share [0, 31876710)): redistribute 0.050 ntt 0.483 crt 0.002 out 0.044 spills+carry 0.003 total 0.566 s
dist_mn node 1: 2^26 = 2^13 x 2^13 over 4 x 4 ranks, 4 primes, P24 (rows 512..512; 50331648 + 26843545 limbs at 0, window [31876710, 63753420) of share [31876710, 63753420)): redistribute 0.056 ntt 0.484 crt 0.002 out 0.043 spills+carry 0.003 total 0.566 s
dist_mn node 2: 2^26 = 2^13 x 2^13 over 4 x 4 ranks, 4 primes, P24 (rows 512..512; 50331648 + 26843545 limbs at 0, window [63753420, 77175193) of share [63753420, 95630130)): redistribute 0.049 ntt 0.486 crt 0.001 out 0.037 spills+carry 0.004 total 0.566 s
dist_mn node 3: 2^26 = 2^13 x 2^13 over 4 x 4 ranks, 4 primes, P24 (rows 512..512; 50331648 + 26843545 limbs at 0, window [77175193, 77175193) of share [95630130, 127506841)): redistribute 0.048 ntt 0.486 crt 0.002 out 0.042 spills+carry 0.004 total 0.566 s
dist_mn node 0: 2^26 = 2^13 x 2^13 over 4 x 4 ranks, 4 primes, P24 (rows 512..512; 50331648 + 26843545 limbs at 50331648, window [0, 0) of share [0, 31876710), accumulated): redistribute 0.029 ntt 0.448 crt 0.001 out 0.030 spills+carry 0.013 total 0.521 s
dist_mn node 0: 100663296 x 26843545 limbs over 4 x 4 ranks (cap 2^26 points, P24): 2 x 1 pieces, 2 formed, 0 skipped (cache 0 slots: 3 hits, 9 misses)
dist_mn node 1: 2^26 = 2^13 x 2^13 over 4 x 4 ranks, 4 primes, P24 (rows 512..512; 50331648 + 26843545 limbs at 50331648, window [0, 13421772) of share [31876710, 63753420), accumulated): redistribute 0.029 ntt 0.450 crt 0.002 out 0.028 spills+carry 0.013 total 0.521 s
dist_mn node 1: 100663296 x 26843545 limbs over 4 x 4 ranks (cap 2^26 points, P24): 2 x 1 pieces, 2 formed, 0 skipped (cache 0 slots: 3 hits, 9 misses)
dist_mn node 2: 2^26 = 2^13 x 2^13 over 4 x 4 ranks, 4 primes, P24 (rows 512..512; 50331648 + 26843545 limbs at 50331648, window [13421772, 45298482) of share [63753420, 95630130), accumulated): redistribute 0.033 ntt 0.447 crt 0.002 out 0.027 spills+carry 0.013 total 0.522 s
dist_mn node 2: 100663296 x 26843545 limbs over 4 x 4 ranks (cap 2^26 points, P24): 2 x 1 pieces, 2 formed, 0 skipped (cache 0 slots: 3 hits, 9 misses)
dist_mn node 3: 2^26 = 2^13 x 2^13 over 4 x 4 ranks, 4 primes, P24 (rows 512..512; 50331648 + 26843545 limbs at 50331648, window [45298482, 77175193) of share [95630130, 127506841), accumulated): redistribute 0.033 ntt 0.448 crt 0.002 out 0.028 spills+carry 0.013 total 0.522 s
dist_mn node 3: 100663296 x 26843545 limbs over 4 x 4 ranks (cap 2^26 points, P24): 2 x 1 pieces, 2 formed, 0 skipped (cache 0 slots: 3 hits, 9 misses)
dist_mn node 0: 100663296 + 26843545 limbs -> 127506841 (share 31876710): redistribute 0.079 ntt 0.932 crt 0.003 out 0.074 spills+carry 0.016, total 1.252 s
dist_mn node 1: 100663296 + 26843545 limbs -> 127506841 (share 31876710): redistribute 0.085 ntt 0.934 crt 0.004 out 0.072 spills+carry 0.016, total 1.090 s
dist_mn node 2: 100663296 + 26843545 limbs -> 127506841 (share 31876710): redistribute 0.082 ntt 0.933 crt 0.003 out 0.065 spills+carry 0.016, total 1.114 s
dist_mn node 3: 100663296 + 26843545 limbs -> 127506841 (share 31876711): redistribute 0.081 ntt 0.934 crt 0.004 out 0.070 spills+carry 0.016, total 1.224 s
dist_mn node 0: 2^26 = 2^13 x 2^13 over 4 x 4 ranks, 4 primes, P24 (rows 512..512; 50331648 + 26843545 limbs at 0, window [0, 31876710) of share [0, 31876710)): redistribute 0.068 ntt 0.482 crt 0.002 out 0.032 spills+carry 0.004 total 0.550 s
dist_mn node 1: 2^26 = 2^13 x 2^13 over 4 x 4 ranks, 4 primes, P24 (rows 512..512; 50331648 + 26843545 limbs at 0, window [31876710, 63753420) of share [31876710, 63753420)): redistribute 0.069 ntt 0.479 crt 0.002 out 0.033 spills+carry 0.004 total 0.550 s
dist_mn node 2: 2^26 = 2^13 x 2^13 over 4 x 4 ranks, 4 primes, P24 (rows 512..512; 50331648 + 26843545 limbs at 0, window [63753420, 77175193) of share [63753420, 95630130)): redistribute 0.067 ntt 0.478 crt 0.002 out 0.032 spills+carry 0.004 total 0.550 s
dist_mn node 3: 2^26 = 2^13 x 2^13 over 4 x 4 ranks, 4 primes, P24 (rows 512..512; 50331648 + 26843545 limbs at 0, window [77175193, 77175193) of share [95630130, 127506840)): redistribute 0.066 ntt 0.478 crt 0.002 out 0.033 spills+carry 0.004 total 0.550 s
dist_mn node 0: 2^26 = 2^13 x 2^13 over 4 x 4 ranks, 4 primes, P24 (rows 512..512; 50331648 + 26843545 limbs at 50331648, window [0, 0) of share [0, 31876710), accumulated): redistribute 0.038 ntt 0.468 crt 0.001 out 0.026 spills+carry 0.014 total 0.541 s
dist_mn node 0: 100663296 x 26843545 limbs over 4 x 4 ranks (cap 2^26 points, P24): 2 x 1 pieces, 2 formed, 0 skipped (low product) (cache 0 slots: 3 hits, 9 misses)
dist_mn node 1: 2^26 = 2^13 x 2^13 over 4 x 4 ranks, 4 primes, P24 (rows 512..512; 50331648 + 26843545 limbs at 50331648, window [0, 13421772) of share [31876710, 63753420), accumulated): redistribute 0.042 ntt 0.467 crt 0.002 out 0.028 spills+carry 0.014 total 0.541 s
dist_mn node 1: 100663296 x 26843545 limbs over 4 x 4 ranks (cap 2^26 points, P24): 2 x 1 pieces, 2 formed, 0 skipped (low product) (cache 0 slots: 3 hits, 9 misses)
dist_mn node 2: 2^26 = 2^13 x 2^13 over 4 x 4 ranks, 4 primes, P24 (rows 512..512; 50331648 + 26843545 limbs at 50331648, window [13421772, 45298482) of share [63753420, 95630130), accumulated): redistribute 0.034 ntt 0.469 crt 0.002 out 0.024 spills+carry 0.013 total 0.541 s
dist_mn node 2: 100663296 x 26843545 limbs over 4 x 4 ranks (cap 2^26 points, P24): 2 x 1 pieces, 2 formed, 0 skipped (low product) (cache 0 slots: 3 hits, 9 misses)
dist_mn node 3: 2^26 = 2^13 x 2^13 over 4 x 4 ranks, 4 primes, P24 (rows 512..512; 50331648 + 26843545 limbs at 50331648, window [45298482, 77175192) of share [95630130, 127506840), accumulated): redistribute 0.037 ntt 0.467 crt 0.002 out 0.023 spills+carry 0.014 total 0.541 s
dist_mn node 3: 100663296 x 26843545 limbs over 4 x 4 ranks (cap 2^26 points, P24): 2 x 1 pieces, 2 formed, 0 skipped (low product) (cache 0 slots: 3 hits, 9 misses)
dist_mn node 1: 100663296 + 26843545 limbs -> 127506840 (share 31876710): redistribute 0.112 ntt 0.946 crt 0.003 out 0.061 spills+carry 0.018, total 1.094 s
dist_mn node 2: 100663296 + 26843545 limbs -> 127506840 (share 31876710): redistribute 0.100 ntt 0.947 crt 0.003 out 0.056 spills+carry 0.017, total 1.094 s
dist_mn node 0: 100663296 + 26843545 limbs -> 127506840 (share 31876710): redistribute 0.106 ntt 0.950 crt 0.003 out 0.058 spills+carry 0.018, total 1.094 s
dist_mn node 3: 100663296 + 26843545 limbs -> 127506840 (share 31876710): redistribute 0.102 ntt 0.945 crt 0.004 out 0.056 spills+carry 0.018, total 1.094 s
dist_mn node 0: 2^26 = 2^13 x 2^13 over 4 x 4 ranks, 3 primes (rows 512..512; 50331648 + 13421769 limbs at 0, window [0, 19293796) of share [0, 19293796)): redistribute 0.073 ntt 0.395 crt 0.001 out 0.020 spills+carry 0.003 total 0.441 s [A cached] [B cached]
dist_mn node 1: 2^26 = 2^13 x 2^13 over 4 x 4 ranks, 3 primes (rows 512..512; 50331648 + 13421769 limbs at 0, window [19293796, 38587593) of share [19293796, 38587593)): redistribute 0.073 ntt 0.391 crt 0.001 out 0.022 spills+carry 0.003 total 0.441 s [A cached] [B cached]
dist_mn node 2: 2^26 = 2^13 x 2^13 over 4 x 4 ranks, 3 primes (rows 512..512; 50331648 + 13421769 limbs at 0, window [38587593, 57881389) of share [38587593, 57881389)): redistribute 0.072 ntt 0.388 crt 0.000 out 0.021 spills+carry 0.003 total 0.441 s [A cached] [B cached]
dist_mn node 3: 2^26 = 2^13 x 2^13 over 4 x 4 ranks, 3 primes (rows 512..512; 50331648 + 13421769 limbs at 0, window [57881389, 63753417) of share [57881389, 77175186)): redistribute 0.070 ntt 0.392 crt 0.000 out 0.023 spills+carry 0.003 total 0.441 s [A cached] [B cached]
dist_mn node 0: 2^26 = 2^13 x 2^13 over 4 x 4 ranks, 3 primes (rows 512..512; 50331648 + 13421769 limbs at 13421769, window [0, 5872027) of share [0, 19293796), accumulated): redistribute 0.007 ntt 0.224 crt 0.001 out 0.028 spills+carry 0.012 total 0.268 s [A hit] [B cached]
dist_mn node 0: 50331648 x 26843538 limbs over 4 x 4 ranks (cap 2^26): 1 x 2 pieces, 2 formed, 0 skipped (cache 2 slots: 1 hits, 3 misses)
dist_mn node 1: 2^26 = 2^13 x 2^13 over 4 x 4 ranks, 3 primes (rows 512..512; 50331648 + 13421769 limbs at 13421769, window [5872027, 25165824) of share [19293796, 38587593), accumulated): redistribute 0.008 ntt 0.225 crt 0.001 out 0.024 spills+carry 0.012 total 0.268 s [A hit] [B cached]
dist_mn node 1: 50331648 x 26843538 limbs over 4 x 4 ranks (cap 2^26): 1 x 2 pieces, 2 formed, 0 skipped (cache 2 slots: 1 hits, 3 misses)
dist_mn node 2: 2^26 = 2^13 x 2^13 over 4 x 4 ranks, 3 primes (rows 512..512; 50331648 + 13421769 limbs at 13421769, window [25165824, 44459620) of share [38587593, 57881389), accumulated): redistribute 0.007 ntt 0.222 crt 0.001 out 0.027 spills+carry 0.011 total 0.268 s [A hit] [B cached]
dist_mn node 2: 50331648 x 26843538 limbs over 4 x 4 ranks (cap 2^26): 1 x 2 pieces, 2 formed, 0 skipped (cache 2 slots: 1 hits, 3 misses)
dist_mn node 3: 2^26 = 2^13 x 2^13 over 4 x 4 ranks, 3 primes (rows 512..512; 50331648 + 13421769 limbs at 13421769, window [44459620, 63753417) of share [57881389, 77175186), accumulated): redistribute 0.008 ntt 0.225 crt 0.001 out 0.024 spills+carry 0.012 total 0.268 s [A hit] [B cached]
dist_mn node 3: 50331648 x 26843538 limbs over 4 x 4 ranks (cap 2^26): 1 x 2 pieces, 2 formed, 0 skipped (cache 2 slots: 1 hits, 3 misses)
dist_mn node 1: 50331648 + 26843538 limbs -> 77175186 (share 19293797): redistribute 0.080 ntt 0.616 crt 0.001 out 0.046 spills+carry 0.014, total 0.712 s
dist_mn node 0: 50331648 + 26843538 limbs -> 77175186 (share 19293796): redistribute 0.079 ntt 0.619 crt 0.001 out 0.048 spills+carry 0.015, total 0.712 s
dist_mn node 2: 50331648 + 26843538 limbs -> 77175186 (share 19293796): redistribute 0.079 ntt 0.610 crt 0.001 out 0.048 spills+carry 0.015, total 0.712 s
dist_mn node 3: 50331648 + 26843538 limbs -> 77175186 (share 19293797): redistribute 0.078 ntt 0.617 crt 0.001 out 0.047 spills+carry 0.015, total 0.712 s
mdev 3*2^25 (77175186 limbs): repack 0.135 h2d 0.002 fwd 0.039 inv 0.021 d2h 0.099 crt 0.112 total 0.301 s
mdev 3*2^25 (77175186 limbs): repack 0.144 h2d 0.001 fwd 0.044 inv 0.018 d2h 0.150 crt 0.149 total 0.362 s
mdev 3*2^25 (77175186 limbs): repack 0.154 h2d 0.001 fwd 0.041 inv 0.020 d2h 0.162 crt 0.151 total 0.372 s
mdev 3*2^25 (77175186 limbs): repack 0.146 h2d 0.002 fwd 0.036 inv 0.022 d2h 0.179 crt 0.117 total 0.380 s
dist_mn node 0: 2^26 = 2^13 x 2^13 over 4 x 4 ranks, 3 primes (rows 512..512; 50331648 + 13421769 limbs at 0, window [0, 12582912) of share [0, 12582912)): redistribute 0.031 ntt 0.327 crt 0.000 out 0.016 spills+carry 0.004 total 0.377 s [A cached] [B cached]
dist_mn node 1: 2^26 = 2^13 x 2^13 over 4 x 4 ranks, 3 primes (rows 512..512; 50331648 + 13421769 limbs at 0, window [12582912, 25165825) of share [12582912, 25165825)): redistribute 0.031 ntt 0.328 crt 0.001 out 0.017 spills+carry 0.004 total 0.376 s [A cached] [B cached]
dist_mn node 2: 2^26 = 2^13 x 2^13 over 4 x 4 ranks, 3 primes (rows 512..512; 50331648 + 13421769 limbs at 0, window [25165825, 37748738) of share [25165825, 37748738)): redistribute 0.030 ntt 0.330 crt 0.000 out 0.015 spills+carry 0.004 total 0.377 s [A cached] [B cached]
dist_mn node 3: 2^26 = 2^13 x 2^13 over 4 x 4 ranks, 3 primes (rows 512..512; 50331648 + 13421769 limbs at 0, window [37748738, 50331651) of share [37748738, 50331651)): redistribute 0.029 ntt 0.328 crt 0.001 out 0.018 spills+carry 0.003 total 0.376 s [A cached] [B cached]
dist_mn node 0: 2^26 = 2^13 x 2^13 over 4 x 4 ranks, 3 primes (rows 512..512; 50331648 + 13421769 limbs at 13421769, window [0, 0) of share [0, 12582912), accumulated): redistribute 0.007 ntt 0.250 crt 0.001 out 0.018 spills+carry 0.008 total 0.284 s [A hit] [B cached]
dist_mn node 0: 50331648 x 26843538 limbs over 4 x 4 ranks (cap 2^26): 1 x 2 pieces, 2 formed, 0 skipped (low product) (cache 2 slots: 2 hits, 6 misses)
dist_mn node 1: 2^26 = 2^13 x 2^13 over 4 x 4 ranks, 3 primes (rows 512..512; 50331648 + 13421769 limbs at 13421769, window [0, 11744056) of share [12582912, 25165825), accumulated): redistribute 0.012 ntt 0.247 crt 0.001 out 0.016 spills+carry 0.008 total 0.284 s [A hit] [B cached]
dist_mn node 1: 50331648 x 26843538 limbs over 4 x 4 ranks (cap 2^26): 1 x 2 pieces, 2 formed, 0 skipped (low product) (cache 2 slots: 2 hits, 6 misses)
dist_mn node 2: 2^26 = 2^13 x 2^13 over 4 x 4 ranks, 3 primes (rows 512..512; 50331648 + 13421769 limbs at 13421769, window [11744056, 24326969) of share [25165825, 37748738), accumulated): redistribute 0.014 ntt 0.246 crt 0.001 out 0.017 spills+carry 0.008 total 0.284 s [A hit] [B cached]
dist_mn node 2: 50331648 x 26843538 limbs over 4 x 4 ranks (cap 2^26): 1 x 2 pieces, 2 formed, 0 skipped (low product) (cache 2 slots: 2 hits, 6 misses)
dist_mn node 3: 2^26 = 2^13 x 2^13 over 4 x 4 ranks, 3 primes (rows 512..512; 50331648 + 13421769 limbs at 13421769, window [24326969, 36909882) of share [37748738, 50331651), accumulated): redistribute 0.012 ntt 0.248 crt 0.001 out 0.016 spills+carry 0.008 total 0.284 s [A hit] [B cached]
dist_mn node 3: 50331648 x 26843538 limbs over 4 x 4 ranks (cap 2^26): 1 x 2 pieces, 2 formed, 0 skipped (low product) (cache 2 slots: 2 hits, 6 misses)
dist_mn node 1: 50331648 + 26843538 limbs -> 50331651 (share 12582913): redistribute 0.042 ntt 0.575 crt 0.002 out 0.033 spills+carry 0.012, total 0.717 s
dist_mn node 2: 50331648 + 26843538 limbs -> 50331651 (share 12582913): redistribute 0.044 ntt 0.577 crt 0.001 out 0.032 spills+carry 0.012, total 0.717 s
dist_mn node 0: 50331648 + 26843538 limbs -> 50331651 (share 12582912): redistribute 0.038 ntt 0.577 crt 0.001 out 0.034 spills+carry 0.012, total 0.792 s
dist_mn node 3: 50331648 + 26843538 limbs -> 50331651 (share 12582913): redistribute 0.040 ntt 0.576 crt 0.002 out 0.034 spills+carry 0.011, total 0.663 s
dist_mn node 0: 2^26 = 2^13 x 2^13 over 4 x 4 ranks, 4 primes, P24 (rows 512..512; 50331648 + 26843545 limbs at 0, window [0, 31876710) of share [0, 31876710)): redistribute 0.028 ntt 0.392 crt 0.002 out 0.040 spills+carry 0.003 total 0.464 s
dist_mn node 1: 2^26 = 2^13 x 2^13 over 4 x 4 ranks, 4 primes, P24 (rows 512..512; 50331648 + 26843545 limbs at 0, window [31876710, 63753421) of share [31876710, 63753421)): redistribute 0.029 ntt 0.391 crt 0.001 out 0.039 spills+carry 0.004 total 0.464 s
dist_mn node 2: 2^26 = 2^13 x 2^13 over 4 x 4 ranks, 4 primes, P24 (rows 512..512; 50331648 + 26843545 limbs at 0, window [63753421, 77175193) of share [63753421, 95630131)): redistribute 0.029 ntt 0.392 crt 0.002 out 0.038 spills+carry 0.003 total 0.464 s
dist_mn node 3: 2^26 = 2^13 x 2^13 over 4 x 4 ranks, 4 primes, P24 (rows 512..512; 50331648 + 26843545 limbs at 0, window [77175193, 77175193) of share [95630131, 127506842)): redistribute 0.029 ntt 0.395 crt 0.002 out 0.037 spills+carry 0.004 total 0.464 s
dist_mn node 0: 2^26 = 2^13 x 2^13 over 4 x 4 ranks, 4 primes, P24 (rows 512..512; 50331648 + 26843545 limbs at 50331648, window [0, 0) of share [0, 31876710), accumulated): redistribute 0.044 ntt 0.456 crt 0.003 out 0.024 spills+carry 0.014 total 0.531 s
dist_mn node 1: 2^26 = 2^13 x 2^13 over 4 x 4 ranks, 4 primes, P24 (rows 512..512; 50331648 + 26843545 limbs at 50331648, window [0, 13421773) of share [31876710, 63753421), accumulated): redistribute 0.037 ntt 0.457 crt 0.003 out 0.025 spills+carry 0.014 total 0.531 s
dist_mn node 2: 2^26 = 2^13 x 2^13 over 4 x 4 ranks, 4 primes, P24 (rows 512..512; 50331648 + 26843545 limbs at 50331648, window [13421773, 45298483) of share [63753421, 95630131), accumulated): redistribute 0.040 ntt 0.457 crt 0.001 out 0.025 spills+carry 0.014 total 0.531 s
dist_mn node 3: 2^26 = 2^13 x 2^13 over 4 x 4 ranks, 4 primes, P24 (rows 512..512; 50331648 + 26843545 limbs at 50331648, window [45298483, 77175193) of share [95630131, 127506842), accumulated): redistribute 0.045 ntt 0.459 crt 0.002 out 0.026 spills+carry 0.014 total 0.531 s
mdb_add_shifted node 0: 26843542 limbs at 0 into a basis of 127506842 (my window [0, 26843542), 1 rounds of 6710896; slabs 6710885 + 6710885 limbs per APU 0): 0.038 s
dist_mn node 0: 100663296 x 26843545 limbs over 4 x 4 ranks (cap 2^26 points, P24): 2 x 1 pieces, 2 formed, 0 skipped (cache 0 slots: 2 hits, 6 misses)
mdb_add_shifted node 1: 26843542 limbs at 0 into a basis of 127506842 (my window [31876710, 31876710), 1 rounds of 6710896; slabs 0 + 0 limbs per APU 0): 0.038 s
dist_mn node 1: 100663296 x 26843545 limbs over 4 x 4 ranks (cap 2^26 points, P24): 2 x 1 pieces, 2 formed, 0 skipped (cache 0 slots: 2 hits, 6 misses)
mdb_add_shifted node 2: 26843542 limbs at 0 into a basis of 127506842 (my window [63753421, 63753421), 1 rounds of 6710896; slabs 0 + 0 limbs per APU 0): 0.038 s
dist_mn node 2: 100663296 x 26843545 limbs over 4 x 4 ranks (cap 2^26 points, P24): 2 x 1 pieces, 2 formed, 0 skipped (cache 0 slots: 2 hits, 6 misses)
mdb_add_shifted node 3: 26843542 limbs at 0 into a basis of 127506842 (my window [95630131, 95630131), 1 rounds of 6710896; slabs 0 + 0 limbs per APU 0): 0.038 s
dist_mn node 3: 100663296 x 26843545 limbs over 4 x 4 ranks (cap 2^26 points, P24): 2 x 1 pieces, 2 formed, 0 skipped (cache 0 slots: 2 hits, 6 misses)
dist_mn node 0: 100663296 + 26843545 + x limbs -> 127506841 (share 31876710): redistribute 0.072 ntt 0.848 crt 0.004 out 0.063 spills+carry 0.017, total 1.056 s
dist_mn node 1: 100663296 + 26843545 + x limbs -> 127506841 (share 31876711): redistribute 0.066 ntt 0.849 crt 0.004 out 0.065 spills+carry 0.017, total 1.039 s
dist_mn node 2: 100663296 + 26843545 + x limbs -> 127506841 (share 31876710): redistribute 0.069 ntt 0.849 crt 0.003 out 0.063 spills+carry 0.017, total 1.036 s
dist_mn node 3: 100663296 + 26843545 + x limbs -> 127506841 (share 31876711): redistribute 0.074 ntt 0.854 crt 0.004 out 0.063 spills+carry 0.017, total 1.047 s
mdb_add_shifted node 0: 26843542 limbs at 0 into a basis of 127506842 (my window [0, 26843542), 1 rounds of 6710896; slabs 6710885 + 6710885 limbs per APU 0): 0.143 s
mdb_add_shifted node 1: 26843542 limbs at 0 into a basis of 127506842 (my window [31876710, 31876710), 1 rounds of 6710896; slabs 0 + 0 limbs per APU 0): 0.070 s
mdb_add_shifted node 2: 26843542 limbs at 0 into a basis of 127506842 (my window [63753421, 63753421), 1 rounds of 6710896; slabs 0 + 0 limbs per APU 0): 0.115 s
mdb_add_shifted node 3: 26843542 limbs at 0 into a basis of 127506842 (my window [95630131, 95630131), 1 rounds of 6710896; slabs 0 + 0 limbs per APU 0): 0.082 s
mdb_add_shifted node 0: 26843542 limbs at 7 into a basis of 127506842 (my window [7, 26843549), 1 rounds of 6710896; slabs 6710885 + 6710885 limbs per APU 0): 0.112 s
mdb_add_shifted node 1: 26843542 limbs at 7 into a basis of 127506842 (my window [31876710, 31876710), 1 rounds of 6710896; slabs 0 + 0 limbs per APU 0): 0.060 s
mdb_add_shifted node 3: 26843542 limbs at 7 into a basis of 127506842 (my window [95630131, 95630131), 1 rounds of 6710896; slabs 0 + 0 limbs per APU 0): 0.101 s
mdb_add_shifted node 2: 26843542 limbs at 7 into a basis of 127506842 (my window [63753421, 63753421), 1 rounds of 6710896; slabs 0 + 0 limbs per APU 0): 0.074 s
mdb_add_shifted node 0: 26843542 limbs at 50331648 into a basis of 127506842 (my window [50331648, 50331648), 1 rounds of 3355456; slabs 3355443 + 0 limbs per APU 0): 0.061 s
mdb_add_shifted node 1: 26843542 limbs at 50331648 into a basis of 127506842 (my window [50331648, 63753421), 1 rounds of 3355456; slabs 0 + 3355443 limbs per APU 0): 0.045 s
mdb_add_shifted node 2: 26843542 limbs at 50331648 into a basis of 127506842 (my window [63753421, 77175190), 1 rounds of 3355456; slabs 3355442 + 3355442 limbs per APU 0): 0.055 s
mdb_add_shifted node 3: 26843542 limbs at 50331648 into a basis of 127506842 (my window [95630131, 95630131), 1 rounds of 3355456; slabs 0 + 0 limbs per APU 0): 0.063 s
mdb_add_shifted node 0: 26843542 limbs at 100663296 into a basis of 127506842 (my window [100663296, 100663296), 1 rounds of 6710896; slabs 6710885 + 0 limbs per APU 0): 0.114 s
mdb_add_shifted node 1: 26843542 limbs at 100663296 into a basis of 127506842 (my window [100663296, 100663296), 1 rounds of 6710896; slabs 0 + 0 limbs per APU 0): 0.072 s
mdb_add_shifted node 2: 26843542 limbs at 100663296 into a basis of 127506842 (my window [100663296, 100663296), 1 rounds of 6710896; slabs 0 + 0 limbs per APU 0): 0.107 s
mdb_add_shifted node 3: 26843542 limbs at 100663296 into a basis of 127506842 (my window [100663296, 127506838), 1 rounds of 6710896; slabs 0 + 6710885 limbs per APU 0): 0.084 s
dist_mn node 0: 2^26 = 2^13 x 2^13 over 4 x 4 ranks, 4 primes, P24 (rows 512..512; 60397977 + 20132659 limbs at 0, window [0, 30198988) of share [0, 30198988)): redistribute 0.056 ntt 0.481 crt 0.003 out 0.032 spills+carry 0.002 total 0.558 s
dist_mn node 1: 2^26 = 2^13 x 2^13 over 4 x 4 ranks, 4 primes, P24 (rows 512..512; 60397977 + 20132659 limbs at 0, window [30198988, 60397977) of share [30198988, 60397977)): redistribute 0.060 ntt 0.483 crt 0.002 out 0.037 spills+carry 0.002 total 0.557 s
dbig pool: APU0 hipMalloc 0.06 GB inside the phase (free 0.48 GB in 24 extents, largest 0.04; live 0.28 GB in 20 blocks)
dist_mn node 2: 2^26 = 2^13 x 2^13 over 4 x 4 ranks, 4 primes, P24 (rows 512..512; 60397977 + 20132659 limbs at 0, window [60397977, 80530636) of share [60397977, 90596965)): redistribute 0.052 ntt 0.481 crt 0.002 out 0.032 spills+carry 0.002 total 0.555 s
dist_mn node 3: 2^26 = 2^13 x 2^13 over 4 x 4 ranks, 4 primes, P24 (rows 512..512; 60397977 + 20132659 limbs at 0, window [80530636, 80530636) of share [90596965, 120795954)): redistribute 0.054 ntt 0.485 crt 0.002 out 0.034 spills+carry 0.002 total 0.555 s
dbig pool: APU1 hipMalloc 0.06 GB inside the phase (free 0.48 GB in 24 extents, largest 0.04; live 0.28 GB in 23 blocks)
dbig pool: APU2 hipMalloc 0.06 GB inside the phase (free 0.50 GB in 24 extents, largest 0.05; live 0.34 GB in 31 blocks)
dbig pool: APU0 hipMalloc 0.06 GB inside the phase (free 0.50 GB in 24 extents, largest 0.05; live 0.34 GB in 30 blocks)
dbig pool: APU1 hipMalloc 0.06 GB inside the phase (free 0.50 GB in 24 extents, largest 0.05; live 0.34 GB in 31 blocks)
dbig pool: APU3 hipMalloc 0.06 GB inside the phase (free 0.50 GB in 24 extents, largest 0.05; live 0.34 GB in 31 blocks)
dist_mn node 0: 2^26 = 2^13 x 2^13 over 4 x 4 ranks, 4 primes, P24 (rows 512..512; 60397977 + 20132659 limbs at 20132659, window [0, 10066329) of share [0, 30198988), accumulated): redistribute 0.038 ntt 0.452 crt 0.002 out 0.035 spills+carry 0.012 total 0.537 s
dist_mn node 1: 2^26 = 2^13 x 2^13 over 4 x 4 ranks, 4 primes, P24 (rows 512..512; 60397977 + 20132659 limbs at 20132659, window [10066329, 40265318) of share [30198988, 60397977), accumulated): redistribute 0.032 ntt 0.450 crt 0.002 out 0.035 spills+carry 0.012 total 0.537 s
dist_mn node 2: 2^26 = 2^13 x 2^13 over 4 x 4 ranks, 4 primes, P24 (rows 512..512; 60397977 + 20132659 limbs at 20132659, window [40265318, 70464306) of share [60397977, 90596965), accumulated): redistribute 0.037 ntt 0.458 crt 0.001 out 0.025 spills+carry 0.012 total 0.537 s
dist_mn node 3: 2^26 = 2^13 x 2^13 over 4 x 4 ranks, 4 primes, P24 (rows 512..512; 60397977 + 20132659 limbs at 20132659, window [70464306, 80530636) of share [90596965, 120795954), accumulated): redistribute 0.038 ntt 0.455 crt 0.002 out 0.031 spills+carry 0.012 total 0.537 s
dbig pool: APU2 hipMalloc 0.06 GB inside the phase (free 0.53 GB in 25 extents, largest 0.05; live 0.34 GB in 30 blocks)
dbig pool: APU1 hipMalloc 0.06 GB inside the phase (free 0.56 GB in 25 extents, largest 0.06; live 0.34 GB in 31 blocks)
dbig pool: APU1 hipMalloc 0.06 GB inside the phase (free 0.53 GB in 26 extents, largest 0.05; live 0.34 GB in 30 blocks)
dbig pool: APU0 hipMalloc 0.06 GB inside the phase (free 0.53 GB in 25 extents, largest 0.05; live 0.34 GB in 31 blocks)
dbig pool: APU3 hipMalloc 0.06 GB inside the phase (free 0.53 GB in 25 extents, largest 0.05; live 0.34 GB in 31 blocks)
dist_mn node 0: 2^26 = 2^13 x 2^13 over 4 x 4 ranks, 4 primes, P24 (rows 512..512; 60397977 + 20132659 limbs at 40265318, window [0, 0) of share [0, 30198988), accumulated): redistribute 0.036 ntt 0.462 crt 0.002 out 0.028 spills+carry 0.015 total 0.544 s
dist_mn node 0: 60397977 x 60397977 limbs over 4 x 4 ranks (cap 2^26 points, P24): 1 x 3 pieces, 3 formed, 0 skipped (cache 0 slots: 2 hits, 6 misses)
dist_mn node 1: 2^26 = 2^13 x 2^13 over 4 x 4 ranks, 4 primes, P24 (rows 512..512; 60397977 + 20132659 limbs at 40265318, window [0, 20132659) of share [30198988, 60397977), accumulated): redistribute 0.042 ntt 0.460 crt 0.001 out 0.027 spills+carry 0.015 total 0.544 s
dist_mn node 1: 60397977 x 60397977 limbs over 4 x 4 ranks (cap 2^26 points, P24): 1 x 3 pieces, 3 formed, 0 skipped (cache 0 slots: 2 hits, 6 misses)
dist_mn node 2: 2^26 = 2^13 x 2^13 over 4 x 4 ranks, 4 primes, P24 (rows 512..512; 60397977 + 20132659 limbs at 40265318, window [20132659, 50331647) of share [60397977, 90596965), accumulated): redistribute 0.030 ntt 0.467 crt 0.002 out 0.028 spills+carry 0.015 total 0.544 s
dist_mn node 2: 60397977 x 60397977 limbs over 4 x 4 ranks (cap 2^26 points, P24): 1 x 3 pieces, 3 formed, 0 skipped (cache 0 slots: 2 hits, 6 misses)
dist_mn node 3: 2^26 = 2^13 x 2^13 over 4 x 4 ranks, 4 primes, P24 (rows 512..512; 60397977 + 20132659 limbs at 40265318, window [50331647, 80530636) of share [90596965, 120795954), accumulated): redistribute 0.035 ntt 0.463 crt 0.002 out 0.024 spills+carry 0.015 total 0.544 s
dist_mn node 3: 60397977 x 60397977 limbs over 4 x 4 ranks (cap 2^26 points, P24): 1 x 3 pieces, 3 formed, 0 skipped (cache 0 slots: 2 hits, 6 misses)
dist_mn node 1: 60397977 + 60397977 limbs -> 120795954 (share 30198989): redistribute 0.133 ntt 1.393 crt 0.006 out 0.099 spills+carry 0.029, total 1.793 s
dist_mn node 2: 60397977 + 60397977 limbs -> 120795954 (share 30198988): redistribute 0.120 ntt 1.406 crt 0.006 out 0.085 spills+carry 0.029, total 1.644 s
dist_mn node 3: 60397977 + 60397977 limbs -> 120795954 (share 30198989): redistribute 0.128 ntt 1.402 crt 0.006 out 0.089 spills+carry 0.029, total 1.641 s
dist_mn node 0: 60397977 + 60397977 limbs -> 120795954 (share 30198988): redistribute 0.131 ntt 1.395 crt 0.007 out 0.095 spills+carry 0.030, total 1.642 s
mdev 2^27 (120795954 limbs): repack 0.218 h2d 0.002 fwd 0.025 inv 0.030 d2h 0.082 crt 0.090 total 0.376 s
mdev 2^27 (120795954 limbs): repack 0.231 h2d 0.002 fwd 0.042 inv 0.028 d2h 0.118 crt 0.160 total 0.424 s
mdev 2^27 (120795954 limbs): repack 0.233 h2d 0.002 fwd 0.057 inv 0.021 d2h 0.147 crt 0.146 total 0.475 s
mdev 2^27 (120795954 limbs): repack 0.253 h2d 0.002 fwd 0.054 inv 0.021 d2h 0.143 crt 0.148 total 0.481 s
   subgroups 60397977 x 60397977: 2.20 s
dist_mn node 0: 2^26 = 2^13 x 2^13 over 4 x 4 ranks, 4 primes, P24 (rows 512..512; 60397977 + 20132659 limbs at 0, window [0, 30198988) of share [0, 30198988)): redistribute 0.041 ntt 0.444 crt 0.002 out 0.031 spills+carry 0.002 total 0.515 s
dist_mn node 1: 2^26 = 2^13 x 2^13 over 4 x 4 ranks, 4 primes, P24 (rows 512..512; 60397977 + 20132659 limbs at 0, window [30198988, 60397977) of share [30198988, 60397977)): redistribute 0.037 ntt 0.447 crt 0.002 out 0.033 spills+carry 0.002 total 0.515 s
dist_mn node 2: 2^26 = 2^13 x 2^13 over 4 x 4 ranks, 4 primes, P24 (rows 512..512; 60397977 + 20132659 limbs at 0, window [60397977, 80530636) of share [60397977, 90596966)): redistribute 0.042 ntt 0.445 crt 0.002 out 0.030 spills+carry 0.002 total 0.515 s
dist_mn node 3: 2^26 = 2^13 x 2^13 over 4 x 4 ranks, 4 primes, P24 (rows 512..512; 60397977 + 20132659 limbs at 0, window [80530636, 80530636) of share [90596966, 120795955)): redistribute 0.037 ntt 0.447 crt 0.002 out 0.032 spills+carry 0.002 total 0.515 s
dist_mn node 0: 2^26 = 2^13 x 2^13 over 4 x 4 ranks, 4 primes, P24 (rows 512..512; 60397977 + 20132659 limbs at 20132659, window [0, 10066329) of share [0, 30198988), accumulated): redistribute 0.035 ntt 0.458 crt 0.003 out 0.026 spills+carry 0.013 total 0.531 s
dist_mn node 1: 2^26 = 2^13 x 2^13 over 4 x 4 ranks, 4 primes, P24 (rows 512..512; 60397977 + 20132659 limbs at 20132659, window [10066329, 40265318) of share [30198988, 60397977), accumulated): redistribute 0.041 ntt 0.459 crt 0.002 out 0.024 spills+carry 0.013 total 0.531 s
dist_mn node 2: 2^26 = 2^13 x 2^13 over 4 x 4 ranks, 4 primes, P24 (rows 512..512; 60397977 + 20132659 limbs at 20132659, window [40265318, 70464307) of share [60397977, 90596966), accumulated): redistribute 0.034 ntt 0.459 crt 0.003 out 0.027 spills+carry 0.013 total 0.531 s
dist_mn node 3: 2^26 = 2^13 x 2^13 over 4 x 4 ranks, 4 primes, P24 (rows 512..512; 60397977 + 20132659 limbs at 20132659, window [70464307, 80530636) of share [90596966, 120795955), accumulated): redistribute 0.035 ntt 0.457 crt 0.001 out 0.025 spills+carry 0.013 total 0.531 s
dist_mn node 0: 2^26 = 2^13 x 2^13 over 4 x 4 ranks, 4 primes, P24 (rows 512..512; 60397977 + 20132659 limbs at 40265318, window [0, 0) of share [0, 30198988), accumulated): redistribute 0.043 ntt 0.457 crt 0.002 out 0.032 spills+carry 0.014 total 0.534 s
dist_mn node 1: 2^26 = 2^13 x 2^13 over 4 x 4 ranks, 4 primes, P24 (rows 512..512; 60397977 + 20132659 limbs at 40265318, window [0, 20132659) of share [30198988, 60397977), accumulated): redistribute 0.041 ntt 0.459 crt 0.002 out 0.030 spills+carry 0.014 total 0.534 s
dist_mn node 2: 2^26 = 2^13 x 2^13 over 4 x 4 ranks, 4 primes, P24 (rows 512..512; 60397977 + 20132659 limbs at 40265318, window [20132659, 50331648) of share [60397977, 90596966), accumulated): redistribute 0.032 ntt 0.464 crt 0.002 out 0.031 spills+carry 0.014 total 0.534 s
dist_mn node 3: 2^26 = 2^13 x 2^13 over 4 x 4 ranks, 4 primes, P24 (rows 512..512; 60397977 + 20132659 limbs at 40265318, window [50331648, 80530636) of share [90596966, 120795955), accumulated): redistribute 0.042 ntt 0.457 crt 0.002 out 0.032 spills+carry 0.014 total 0.534 s
dbig pool: APU3 hipMalloc 0.06 GB inside the phase (free 0.53 GB in 25 extents, largest 0.05; live 0.24 GB in 21 blocks)
dbig pool: APU2 hipMalloc 0.06 GB inside the phase (free 0.53 GB in 25 extents, largest 0.05; live 0.24 GB in 26 blocks)
mdb_add_shifted node 0: 60397974 limbs at 0 into a basis of 120795955 (my window [0, 30198988), 1 rounds of 7549760; slabs 0 + 7549747 limbs per APU 0): 0.067 s
dist_mn node 0: 60397977 x 60397977 limbs over 4 x 4 ranks (cap 2^26 points, P24): 1 x 3 pieces, 3 formed, 0 skipped (cache 0 slots: 2 hits, 6 misses)
mdb_add_shifted node 1: 60397974 limbs at 0 into a basis of 120795955 (my window [30198988, 60397974), 1 rounds of 7549760; slabs 0 + 7549746 limbs per APU 0): 0.067 s
dist_mn node 1: 60397977 x 60397977 limbs over 4 x 4 ranks (cap 2^26 points, P24): 1 x 3 pieces, 3 formed, 0 skipped (cache 0 slots: 2 hits, 6 misses)
mdb_add_shifted node 2: 60397974 limbs at 0 into a basis of 120795955 (my window [60397977, 60397977), 1 rounds of 7549760; slabs 7549747 + 0 limbs per APU 0): 0.067 s
dist_mn node 2: 60397977 x 60397977 limbs over 4 x 4 ranks (cap 2^26 points, P24): 1 x 3 pieces, 3 formed, 0 skipped (cache 0 slots: 2 hits, 6 misses)
mdb_add_shifted node 3: 60397974 limbs at 0 into a basis of 120795955 (my window [90596966, 90596966), 1 rounds of 7549760; slabs 7549746 + 0 limbs per APU 0): 0.067 s
dist_mn node 3: 60397977 x 60397977 limbs over 4 x 4 ranks (cap 2^26 points, P24): 1 x 3 pieces, 3 formed, 0 skipped (cache 0 slots: 2 hits, 6 misses)
dist_mn node 0: 60397977 + 60397977 + x limbs -> 120795954 (share 30198988): redistribute 0.120 ntt 1.360 crt 0.007 out 0.089 spills+carry 0.029, total 1.657 s
dist_mn node 1: 60397977 + 60397977 + x limbs -> 120795954 (share 30198989): redistribute 0.119 ntt 1.364 crt 0.006 out 0.087 spills+carry 0.029, total 1.650 s
dist_mn node 2: 60397977 + 60397977 + x limbs -> 120795954 (share 30198989): redistribute 0.108 ntt 1.368 crt 0.007 out 0.088 spills+carry 0.029, total 1.697 s
dist_mn node 3: 60397977 + 60397977 + x limbs -> 120795954 (share 30198989): redistribute 0.114 ntt 1.360 crt 0.005 out 0.090 spills+carry 0.029, total 1.756 s
dist_mn node 0: 2^26 = 2^13 x 2^13 over 4 x 4 ranks, 4 primes, P24 (rows 512..512; 60397977 + 20132659 limbs at 0, window [0, 15099494) of share [0, 15099494)): redistribute 0.042 ntt 0.468 crt 0.002 out 0.019 spills+carry 0.002 total 0.519 s
dist_mn node 1: 2^26 = 2^13 x 2^13 over 4 x 4 ranks, 4 primes, P24 (rows 512..512; 60397977 + 20132659 limbs at 0, window [15099494, 30198989) of share [15099494, 30198989)): redistribute 0.046 ntt 0.467 crt 0.002 out 0.017 spills+carry 0.002 total 0.519 s
dist_mn node 2: 2^26 = 2^13 x 2^13 over 4 x 4 ranks, 4 primes, P24 (rows 512..512; 60397977 + 20132659 limbs at 0, window [30198989, 45298484) of share [30198989, 45298484)): redistribute 0.041 ntt 0.467 crt 0.003 out 0.020 spills+carry 0.001 total 0.519 s
dist_mn node 3: 2^26 = 2^13 x 2^13 over 4 x 4 ranks, 4 primes, P24 (rows 512..512; 60397977 + 20132659 limbs at 0, window [45298484, 60397979) of share [45298484, 60397979)): redistribute 0.042 ntt 0.469 crt 0.001 out 0.018 spills+carry 0.001 total 0.519 s
dist_mn node 0: 2^26 = 2^13 x 2^13 over 4 x 4 ranks, 4 primes, P24 (rows 512..512; 60397977 + 20132659 limbs at 20132659, window [0, 0) of share [0, 15099494), accumulated): redistribute 0.037 ntt 0.458 crt 0.002 out 0.022 spills+carry 0.008 total 0.527 s
dist_mn node 1: 2^26 = 2^13 x 2^13 over 4 x 4 ranks, 4 primes, P24 (rows 512..512; 60397977 + 20132659 limbs at 20132659, window [0, 10066330) of share [15099494, 30198989), accumulated): redistribute 0.047 ntt 0.458 crt 0.002 out 0.022 spills+carry 0.008 total 0.527 s
dist_mn node 2: 2^26 = 2^13 x 2^13 over 4 x 4 ranks, 4 primes, P24 (rows 512..512; 60397977 + 20132659 limbs at 20132659, window [10066330, 25165825) of share [30198989, 45298484), accumulated): redistribute 0.037 ntt 0.462 crt 0.002 out 0.019 spills+carry 0.008 total 0.527 s
dist_mn node 3: 2^26 = 2^13 x 2^13 over 4 x 4 ranks, 4 primes, P24 (rows 512..512; 60397977 + 20132659 limbs at 20132659, window [25165825, 40265320) of share [45298484, 60397979), accumulated): redistribute 0.036 ntt 0.459 crt 0.002 out 0.023 spills+carry 0.008 total 0.527 s
dist_mn node 0: 2^26 = 2^13 x 2^13 over 4 x 4 ranks, 4 primes, P24 (rows 512..512; 60397977 + 20132659 limbs at 40265318, window [0, 0) of share [0, 15099494), accumulated): redistribute 0.034 ntt 0.463 crt 0.002 out 0.012 spills+carry 0.004 total 0.515 s
dist_mn node 0: 60397977 x 60397977 limbs over 4 x 4 ranks (cap 2^26 points, P24): 1 x 3 pieces, 3 formed, 0 skipped (low product) (cache 0 slots: 2 hits, 6 misses)
dist_mn node 1: 2^26 = 2^13 x 2^13 over 4 x 4 ranks, 4 primes, P24 (rows 512..512; 60397977 + 20132659 limbs at 40265318, window [0, 0) of share [15099494, 30198989), accumulated): redistribute 0.042 ntt 0.461 crt 0.002 out 0.012 spills+carry 0.004 total 0.515 s
dist_mn node 1: 60397977 x 60397977 limbs over 4 x 4 ranks (cap 2^26 points, P24): 1 x 3 pieces, 3 formed, 0 skipped (low product) (cache 0 slots: 2 hits, 6 misses)
dist_mn node 2: 2^26 = 2^13 x 2^13 over 4 x 4 ranks, 4 primes, P24 (rows 512..512; 60397977 + 20132659 limbs at 40265318, window [0, 5033166) of share [30198989, 45298484), accumulated): redistribute 0.030 ntt 0.471 crt 0.001 out 0.009 spills+carry 0.004 total 0.515 s
dist_mn node 2: 60397977 x 60397977 limbs over 4 x 4 ranks (cap 2^26 points, P24): 1 x 3 pieces, 3 formed, 0 skipped (low product) (cache 0 slots: 2 hits, 6 misses)
dist_mn node 3: 2^26 = 2^13 x 2^13 over 4 x 4 ranks, 4 primes, P24 (rows 512..512; 60397977 + 20132659 limbs at 40265318, window [5033166, 20132661) of share [45298484, 60397979), accumulated): redistribute 0.034 ntt 0.461 crt 0.002 out 0.015 spills+carry 0.004 total 0.515 s
dist_mn node 3: 60397977 x 60397977 limbs over 4 x 4 ranks (cap 2^26 points, P24): 1 x 3 pieces, 3 formed, 0 skipped (low product) (cache 0 slots: 2 hits, 6 misses)
dist_mn node 0: 60397977 + 60397977 limbs -> 60397979 (share 15099494): redistribute 0.113 ntt 1.390 crt 0.007 out 0.053 spills+carry 0.014, total 1.565 s
dist_mn node 1: 60397977 + 60397977 limbs -> 60397979 (share 15099495): redistribute 0.135 ntt 1.386 crt 0.006 out 0.051 spills+carry 0.014, total 1.564 s
dist_mn node 2: 60397977 + 60397977 limbs -> 60397979 (share 15099495): redistribute 0.108 ntt 1.401 crt 0.006 out 0.048 spills+carry 0.013, total 1.564 s
dist_mn node 3: 60397977 + 60397977 limbs -> 60397979 (share 15099495): redistribute 0.112 ntt 1.389 crt 0.005 out 0.056 spills+carry 0.013, total 1.564 s
dist_mn node 0: 2^26 = 2^13 x 2^13 over 4 x 4 ranks, 4 primes, P24 (rows 512..512; 30198989 + 30198989 limbs at 0, window [0, 7549747) of share [0, 7549747)): redistribute 0.064 ntt 0.483 crt 0.002 out 0.014 spills+carry 0.001 total 0.526 s
dist_mn node 0: 30198989 x 30198989 limbs over 4 x 4 ranks (cap 2^26 points, P24): 1 x 1 pieces, 1 formed, 0 skipped (low product) (cache 0 slots: 2 hits, 6 misses)
dist_mn node 1: 2^26 = 2^13 x 2^13 over 4 x 4 ranks, 4 primes, P24 (rows 512..512; 30198989 + 30198989 limbs at 0, window [7549747, 15099494) of share [7549747, 15099494)): redistribute 0.066 ntt 0.485 crt 0.002 out 0.015 spills+carry 0.001 total 0.526 s
dist_mn node 1: 30198989 x 30198989 limbs over 4 x 4 ranks (cap 2^26 points, P24): 1 x 1 pieces, 1 formed, 0 skipped (low product) (cache 0 slots: 2 hits, 6 misses)
dist_mn node 2: 2^26 = 2^13 x 2^13 over 4 x 4 ranks, 4 primes, P24 (rows 512..512; 30198989 + 30198989 limbs at 0, window [15099494, 22649241) of share [15099494, 22649241)): redistribute 0.065 ntt 0.481 crt 0.002 out 0.016 spills+carry 0.001 total 0.525 s
dist_mn node 2: 30198989 x 30198989 limbs over 4 x 4 ranks (cap 2^26 points, P24): 1 x 1 pieces, 1 formed, 0 skipped (low product) (cache 0 slots: 2 hits, 6 misses)
dist_mn node 3: 2^26 = 2^13 x 2^13 over 4 x 4 ranks, 4 primes, P24 (rows 512..512; 30198989 + 30198989 limbs at 0, window [22649241, 30198989) of share [22649241, 30198989)): redistribute 0.054 ntt 0.486 crt 0.001 out 0.014 spills+carry 0.001 total 0.526 s
dist_mn node 3: 30198989 x 30198989 limbs over 4 x 4 ranks (cap 2^26 points, P24): 1 x 1 pieces, 1 formed, 0 skipped (low product) (cache 0 slots: 2 hits, 6 misses)
dist_mn node 0: 30198989 + 30198989 limbs -> 30198989 (share 7549747): redistribute 0.064 ntt 0.483 crt 0.002 out 0.014 spills+carry 0.001, total 0.527 s
dist_mn node 1: 30198989 + 30198989 limbs -> 30198989 (share 7549747): redistribute 0.066 ntt 0.485 crt 0.002 out 0.015 spills+carry 0.001, total 0.527 s
dist_mn node 2: 30198989 + 30198989 limbs -> 30198989 (share 7549747): redistribute 0.065 ntt 0.481 crt 0.002 out 0.016 spills+carry 0.001, total 0.527 s
dist_mn node 3: 30198989 + 30198989 limbs -> 30198989 (share 7549748): redistribute 0.054 ntt 0.486 crt 0.001 out 0.014 spills+carry 0.001, total 0.527 s
dist_mn node 0: 2^26 = 2^13 x 2^13 over 4 x 4 ranks, 4 primes, P24 (rows 512..512; 60397977 + 20132659 limbs at 0, window [0, 30198988) of share [0, 30198988)): redistribute 0.043 ntt 0.492 crt 0.002 out 0.036 spills+carry 0.002 total 0.564 s
dist_mn node 1: 2^26 = 2^13 x 2^13 over 4 x 4 ranks, 4 primes, P24 (rows 512..512; 60397977 + 20132659 limbs at 0, window [30198988, 60397976) of share [30198988, 60397976)): redistribute 0.044 ntt 0.489 crt 0.002 out 0.037 spills+carry 0.002 total 0.565 s
dist_mn node 2: 2^26 = 2^13 x 2^13 over 4 x 4 ranks, 4 primes, P24 (rows 512..512; 60397977 + 20132659 limbs at 0, window [60397976, 80530636) of share [60397976, 90596964)): redistribute 0.044 ntt 0.490 crt 0.002 out 0.039 spills+carry 0.002 total 0.565 s
dist_mn node 3: 2^26 = 2^13 x 2^13 over 4 x 4 ranks, 4 primes, P24 (rows 512..512; 60397977 + 20132659 limbs at 0, window [80530636, 80530636) of share [90596964, 120795953)): redistribute 0.043 ntt 0.489 crt 0.002 out 0.037 spills+carry 0.002 total 0.564 s
dist_mn node 0: 2^26 = 2^13 x 2^13 over 4 x 4 ranks, 4 primes, P24 (rows 512..512; 60397977 + 20132659 limbs at 20132659, window [0, 10066329) of share [0, 30198988), accumulated): redistribute 0.032 ntt 0.456 crt 0.002 out 0.026 spills+carry 0.013 total 0.529 s
dist_mn node 1: 2^26 = 2^13 x 2^13 over 4 x 4 ranks, 4 primes, P24 (rows 512..512; 60397977 + 20132659 limbs at 20132659, window [10066329, 40265317) of share [30198988, 60397976), accumulated): redistribute 0.041 ntt 0.450 crt 0.002 out 0.030 spills+carry 0.013 total 0.529 s
dist_mn node 2: 2^26 = 2^13 x 2^13 over 4 x 4 ranks, 4 primes, P24 (rows 512..512; 60397977 + 20132659 limbs at 20132659, window [40265317, 70464305) of share [60397976, 90596964), accumulated): redistribute 0.032 ntt 0.454 crt 0.001 out 0.028 spills+carry 0.013 total 0.529 s
dist_mn node 3: 2^26 = 2^13 x 2^13 over 4 x 4 ranks, 4 primes, P24 (rows 512..512; 60397977 + 20132659 limbs at 20132659, window [70464305, 80530636) of share [90596964, 120795953), accumulated): redistribute 0.032 ntt 0.453 crt 0.002 out 0.029 spills+carry 0.012 total 0.529 s
dist_mn node 0: 2^26 = 2^13 x 2^13 over 4 x 4 ranks, 4 primes, P24 (rows 512..512; 60397977 + 20132659 limbs at 40265318, window [0, 0) of share [0, 30198988), accumulated): redistribute 0.039 ntt 0.448 crt 0.001 out 0.027 spills+carry 0.014 total 0.526 s
dist_mn node 0: 60397977 x 60397977 limbs over 4 x 4 ranks (cap 2^26 points, P24): 1 x 3 pieces, 3 formed, 0 skipped (low product) (cache 0 slots: 2 hits, 6 misses)
dist_mn node 1: 2^26 = 2^13 x 2^13 over 4 x 4 ranks, 4 primes, P24 (rows 512..512; 60397977 + 20132659 limbs at 40265318, window [0, 20132658) of share [30198988, 60397976), accumulated): redistribute 0.041 ntt 0.447 crt 0.002 out 0.029 spills+carry 0.014 total 0.526 s
dist_mn node 1: 60397977 x 60397977 limbs over 4 x 4 ranks (cap 2^26 points, P24): 1 x 3 pieces, 3 formed, 0 skipped (low product) (cache 0 slots: 2 hits, 6 misses)
dist_mn node 2: 2^26 = 2^13 x 2^13 over 4 x 4 ranks, 4 primes, P24 (rows 512..512; 60397977 + 20132659 limbs at 40265318, window [20132658, 50331646) of share [60397976, 90596964), accumulated): redistribute 0.038 ntt 0.448 crt 0.002 out 0.029 spills+carry 0.014 total 0.526 s
dist_mn node 2: 60397977 x 60397977 limbs over 4 x 4 ranks (cap 2^26 points, P24): 1 x 3 pieces, 3 formed, 0 skipped (low product) (cache 0 slots: 2 hits, 6 misses)
dist_mn node 3: 2^26 = 2^13 x 2^13 over 4 x 4 ranks, 4 primes, P24 (rows 512..512; 60397977 + 20132659 limbs at 40265318, window [50331646, 80530635) of share [90596964, 120795953), accumulated): redistribute 0.034 ntt 0.455 crt 0.001 out 0.030 spills+carry 0.014 total 0.526 s
dist_mn node 3: 60397977 x 60397977 limbs over 4 x 4 ranks (cap 2^26 points, P24): 1 x 3 pieces, 3 formed, 0 skipped (low product) (cache 0 slots: 2 hits, 6 misses)
dist_mn node 1: 60397977 + 60397977 limbs -> 120795953 (share 30198988): redistribute 0.126 ntt 1.386 crt 0.005 out 0.095 spills+carry 0.028, total 1.621 s
dist_mn node 2: 60397977 + 60397977 limbs -> 120795953 (share 30198988): redistribute 0.115 ntt 1.391 crt 0.005 out 0.096 spills+carry 0.029, total 1.621 s
dist_mn node 0: 60397977 + 60397977 limbs -> 120795953 (share 30198988): redistribute 0.114 ntt 1.397 crt 0.005 out 0.089 spills+carry 0.029, total 1.621 s
dist_mn node 3: 60397977 + 60397977 limbs -> 120795953 (share 30198989): redistribute 0.109 ntt 1.397 crt 0.005 out 0.096 spills+carry 0.028, total 1.621 s
dist_mn node 0: 2^26 = 2^13 x 2^13 over 4 x 4 ranks, 4 primes, P24 (rows 512..512; 60397977 + 20132659 limbs at 0, window [0, 30198988) of share [0, 30198988)): redistribute 0.047 ntt 0.444 crt 0.002 out 0.029 spills+carry 0.002 total 0.510 s
dist_mn node 1: 2^26 = 2^13 x 2^13 over 4 x 4 ranks, 4 primes, P24 (rows 512..512; 60397977 + 20132659 limbs at 0, window [30198988, 60397977) of share [30198988, 60397977)): redistribute 0.047 ntt 0.443 crt 0.002 out 0.030 spills+carry 0.002 total 0.508 s
dist_mn node 2: 2^26 = 2^13 x 2^13 over 4 x 4 ranks, 4 primes, P24 (rows 512..512; 60397977 + 20132659 limbs at 0, window [60397977, 80530636) of share [60397977, 90596965)): redistribute 0.049 ntt 0.448 crt 0.001 out 0.027 spills+carry 0.002 total 0.509 s
dist_mn node 3: 2^26 = 2^13 x 2^13 over 4 x 4 ranks, 4 primes, P24 (rows 512..512; 60397977 + 20132659 limbs at 0, window [80530636, 80530636) of share [90596965, 120795954)): redistribute 0.048 ntt 0.443 crt 0.002 out 0.029 spills+carry 0.002 total 0.510 s
dist_mn node 0: 2^26 = 2^13 x 2^13 over 4 x 4 ranks, 4 primes, P24 (rows 512..512; 60397977 + 20132659 limbs at 20132659, window [0, 10066329) of share [0, 30198988), accumulated): redistribute 0.034 ntt 0.454 crt 0.002 out 0.026 spills+carry 0.013 total 0.527 s
dist_mn node 1: 2^26 = 2^13 x 2^13 over 4 x 4 ranks, 4 primes, P24 (rows 512..512; 60397977 + 20132659 limbs at 20132659, window [10066329, 40265318) of share [30198988, 60397977), accumulated): redistribute 0.037 ntt 0.450 crt 0.002 out 0.032 spills+carry 0.012 total 0.527 s
dist_mn node 2: 2^26 = 2^13 x 2^13 over 4 x 4 ranks, 4 primes, P24 (rows 512..512; 60397977 + 20132659 limbs at 20132659, window [40265318, 70464306) of share [60397977, 90596965), accumulated): redistribute 0.033 ntt 0.453 crt 0.002 out 0.029 spills+carry 0.012 total 0.527 s
dist_mn node 3: 2^26 = 2^13 x 2^13 over 4 x 4 ranks, 4 primes, P24 (rows 512..512; 60397977 + 20132659 limbs at 20132659, window [70464306, 80530636) of share [90596965, 120795954), accumulated): redistribute 0.035 ntt 0.451 crt 0.002 out 0.028 spills+carry 0.012 total 0.527 s
dist_mn node 0: 2^26 = 2^13 x 2^13 over 4 x 4 ranks, 4 primes, P24 (rows 512..512; 60397977 + 20132659 limbs at 40265318, window [0, 0) of share [0, 30198988), accumulated): redistribute 0.038 ntt 0.471 crt 0.001 out 0.026 spills+carry 0.014 total 0.543 s
dist_mn node 0: 60397977 x 60397977 limbs over 4 x 4 ranks (cap 2^26 points, P24): 1 x 3 pieces, 3 formed, 0 skipped (low cut) (cache 0 slots: 2 hits, 6 misses)
dist_mn node 1: 2^26 = 2^13 x 2^13 over 4 x 4 ranks, 4 primes, P24 (rows 512..512; 60397977 + 20132659 limbs at 40265318, window [0, 20132659) of share [30198988, 60397977), accumulated): redistribute 0.040 ntt 0.474 crt 0.001 out 0.025 spills+carry 0.014 total 0.543 s
dist_mn node 1: 60397977 x 60397977 limbs over 4 x 4 ranks (cap 2^26 points, P24): 1 x 3 pieces, 3 formed, 0 skipped (low cut) (cache 0 slots: 2 hits, 6 misses)
dist_mn node 2: 2^26 = 2^13 x 2^13 over 4 x 4 ranks, 4 primes, P24 (rows 512..512; 60397977 + 20132659 limbs at 40265318, window [20132659, 50331647) of share [60397977, 90596965), accumulated): redistribute 0.037 ntt 0.472 crt 0.002 out 0.026 spills+carry 0.014 total 0.543 s
dist_mn node 2: 60397977 x 60397977 limbs over 4 x 4 ranks (cap 2^26 points, P24): 1 x 3 pieces, 3 formed, 0 skipped (low cut) (cache 0 slots: 2 hits, 6 misses)
dist_mn node 3: 2^26 = 2^13 x 2^13 over 4 x 4 ranks, 4 primes, P24 (rows 512..512; 60397977 + 20132659 limbs at 40265318, window [50331647, 80530636) of share [90596965, 120795954), accumulated): redistribute 0.037 ntt 0.473 crt 0.002 out 0.028 spills+carry 0.013 total 0.543 s
dist_mn node 3: 60397977 x 60397977 limbs over 4 x 4 ranks (cap 2^26 points, P24): 1 x 3 pieces, 3 formed, 0 skipped (low cut) (cache 0 slots: 2 hits, 6 misses)
dist_mn node 0: 60397977 + 60397977 limbs -> 120795954 (share 30198988): redistribute 0.119 ntt 1.369 crt 0.006 out 0.081 spills+carry 0.028, total 1.582 s
dist_mn node 1: 60397977 + 60397977 limbs -> 120795954 (share 30198989): redistribute 0.124 ntt 1.368 crt 0.006 out 0.087 spills+carry 0.028, total 1.582 s
dist_mn node 2: 60397977 + 60397977 limbs -> 120795954 (share 30198988): redistribute 0.119 ntt 1.373 crt 0.006 out 0.081 spills+carry 0.027, total 1.582 s
dist_mn node 3: 60397977 + 60397977 limbs -> 120795954 (share 30198989): redistribute 0.120 ntt 1.368 crt 0.005 out 0.085 spills+carry 0.027, total 1.582 s
dist_mn node 0: 2^26 = 2^13 x 2^13 over 4 x 4 ranks, 4 primes, P24 (rows 512..512; 60397977 + 20132659 limbs at 0, window [0, 30198988) of share [0, 30198988)): redistribute 0.049 ntt 0.490 crt 0.001 out 0.036 spills+carry 0.002 total 0.562 s
dist_mn node 1: 2^26 = 2^13 x 2^13 over 4 x 4 ranks, 4 primes, P24 (rows 512..512; 60397977 + 20132659 limbs at 0, window [30198988, 60397976) of share [30198988, 60397976)): redistribute 0.047 ntt 0.485 crt 0.001 out 0.039 spills+carry 0.001 total 0.562 s
dist_mn node 2: 2^26 = 2^13 x 2^13 over 4 x 4 ranks, 4 primes, P24 (rows 512..512; 60397977 + 20132659 limbs at 0, window [60397976, 80530636) of share [60397976, 90596964)): redistribute 0.050 ntt 0.485 crt 0.001 out 0.038 spills+carry 0.002 total 0.562 s
dist_mn node 3: 2^26 = 2^13 x 2^13 over 4 x 4 ranks, 4 primes, P24 (rows 512..512; 60397977 + 20132659 limbs at 0, window [80530636, 80530636) of share [90596964, 120795953)): redistribute 0.050 ntt 0.492 crt 0.001 out 0.037 spills+carry 0.002 total 0.562 s
dist_mn node 0: 2^26 = 2^13 x 2^13 over 4 x 4 ranks, 4 primes, P24 (rows 512..512; 60397977 + 20132659 limbs at 20132659, window [0, 10066329) of share [0, 30198988), accumulated): redistribute 0.035 ntt 0.466 crt 0.002 out 0.032 spills+carry 0.012 total 0.547 s
dist_mn node 1: 2^26 = 2^13 x 2^13 over 4 x 4 ranks, 4 primes, P24 (rows 512..512; 60397977 + 20132659 limbs at 20132659, window [10066329, 40265317) of share [30198988, 60397976), accumulated): redistribute 0.044 ntt 0.461 crt 0.002 out 0.032 spills+carry 0.012 total 0.547 s
dist_mn node 2: 2^26 = 2^13 x 2^13 over 4 x 4 ranks, 4 primes, P24 (rows 512..512; 60397977 + 20132659 limbs at 20132659, window [40265317, 70464305) of share [60397976, 90596964), accumulated): redistribute 0.034 ntt 0.470 crt 0.001 out 0.030 spills+carry 0.012 total 0.547 s
dist_mn node 3: 2^26 = 2^13 x 2^13 over 4 x 4 ranks, 4 primes, P24 (rows 512..512; 60397977 + 20132659 limbs at 20132659, window [70464305, 80530636) of share [90596964, 120795953), accumulated): redistribute 0.034 ntt 0.465 crt 0.003 out 0.034 spills+carry 0.012 total 0.547 s
dist_mn node 0: 2^26 = 2^13 x 2^13 over 4 x 4 ranks, 4 primes, P24 (rows 512..512; 60397977 + 20132659 limbs at 40265318, window [0, 0) of share [0, 30198988), accumulated): redistribute 0.037 ntt 0.461 crt 0.001 out 0.034 spills+carry 0.014 total 0.546 s
dist_mn node 0: 60397977 x 60397977 limbs over 4 x 4 ranks (cap 2^26 points, P24): 1 x 3 pieces, 3 formed, 0 skipped (low product) (low cut) (cache 0 slots: 2 hits, 6 misses)
dist_mn node 1: 2^26 = 2^13 x 2^13 over 4 x 4 ranks, 4 primes, P24 (rows 512..512; 60397977 + 20132659 limbs at 40265318, window [0, 20132658) of share [30198988, 60397976), accumulated): redistribute 0.042 ntt 0.463 crt 0.002 out 0.029 spills+carry 0.014 total 0.546 s
dist_mn node 1: 60397977 x 60397977 limbs over 4 x 4 ranks (cap 2^26 points, P24): 1 x 3 pieces, 3 formed, 0 skipped (low product) (low cut) (cache 0 slots: 2 hits, 6 misses)
dist_mn node 2: 2^26 = 2^13 x 2^13 over 4 x 4 ranks, 4 primes, P24 (rows 512..512; 60397977 + 20132659 limbs at 40265318, window [20132658, 50331646) of share [60397976, 90596964), accumulated): redistribute 0.034 ntt 0.467 crt 0.002 out 0.029 spills+carry 0.014 total 0.546 s
dist_mn node 2: 60397977 x 60397977 limbs over 4 x 4 ranks (cap 2^26 points, P24): 1 x 3 pieces, 3 formed, 0 skipped (low product) (low cut) (cache 0 slots: 2 hits, 6 misses)
dist_mn node 3: 2^26 = 2^13 x 2^13 over 4 x 4 ranks, 4 primes, P24 (rows 512..512; 60397977 + 20132659 limbs at 40265318, window [50331646, 80530635) of share [90596964, 120795953), accumulated): redistribute 0.041 ntt 0.461 crt 0.002 out 0.029 spills+carry 0.014 total 0.546 s
dist_mn node 3: 60397977 x 60397977 limbs over 4 x 4 ranks (cap 2^26 points, P24): 1 x 3 pieces, 3 formed, 0 skipped (low product) (low cut) (cache 0 slots: 2 hits, 6 misses)
dist_mn node 1: 60397977 + 60397977 limbs -> 120795953 (share 30198988): redistribute 0.133 ntt 1.409 crt 0.006 out 0.100 spills+carry 0.028, total 1.659 s
dist_mn node 0: 60397977 + 60397977 limbs -> 120795953 (share 30198988): redistribute 0.120 ntt 1.418 crt 0.005 out 0.102 spills+carry 0.029, total 1.659 s
dist_mn node 2: 60397977 + 60397977 limbs -> 120795953 (share 30198988): redistribute 0.118 ntt 1.422 crt 0.005 out 0.097 spills+carry 0.029, total 1.659 s
dist_mn node 3: 60397977 + 60397977 limbs -> 120795953 (share 30198989): redistribute 0.125 ntt 1.418 crt 0.006 out 0.100 spills+carry 0.028, total 1.659 s
dist_mn node 0: 2^26 = 2^13 x 2^13 over 4 x 4 ranks, 4 primes, P24 (rows 512..512; 60397977 + 20132659 limbs at 0, window [0, 30198988) of share [0, 30198988)): redistribute 0.050 ntt 0.483 crt 0.003 out 0.035 spills+carry 0.002 total 0.555 s
dist_mn node 1: 2^26 = 2^13 x 2^13 over 4 x 4 ranks, 4 primes, P24 (rows 512..512; 60397977 + 20132659 limbs at 0, window [30198988, 60397977) of share [30198988, 60397977)): redistribute 0.049 ntt 0.482 crt 0.003 out 0.036 spills+carry 0.001 total 0.553 s
dist_mn node 2: 2^26 = 2^13 x 2^13 over 4 x 4 ranks, 4 primes, P24 (rows 512..512; 60397977 + 20132659 limbs at 0, window [60397977, 80530636) of share [60397977, 90596965)): redistribute 0.045 ntt 0.487 crt 0.001 out 0.030 spills+carry 0.002 total 0.552 s
dist_mn node 3: 2^26 = 2^13 x 2^13 over 4 x 4 ranks, 4 primes, P24 (rows 512..512; 60397977 + 20132659 limbs at 0, window [80530636, 80530636) of share [90596965, 120795954)): redistribute 0.047 ntt 0.486 crt 0.002 out 0.034 spills+carry 0.002 total 0.552 s
dist_mn node 0: 2^26 = 2^13 x 2^13 over 4 x 4 ranks, 4 primes, P24 (rows 512..512; 60397977 + 20132659 limbs at 20132659, window [0, 10066329) of share [0, 30198988), accumulated): redistribute 0.038 ntt 0.453 crt 0.002 out 0.028 spills+carry 0.012 total 0.530 s
dist_mn node 1: 2^26 = 2^13 x 2^13 over 4 x 4 ranks, 4 primes, P24 (rows 512..512; 60397977 + 20132659 limbs at 20132659, window [10066329, 40265318) of share [30198988, 60397977), accumulated): redistribute 0.042 ntt 0.451 crt 0.002 out 0.028 spills+carry 0.012 total 0.530 s
dist_mn node 2: 2^26 = 2^13 x 2^13 over 4 x 4 ranks, 4 primes, P24 (rows 512..512; 60397977 + 20132659 limbs at 20132659, window [40265318, 70464306) of share [60397977, 90596965), accumulated): redistribute 0.037 ntt 0.454 crt 0.002 out 0.028 spills+carry 0.012 total 0.530 s
dist_mn node 3: 2^26 = 2^13 x 2^13 over 4 x 4 ranks, 4 primes, P24 (rows 512..512; 60397977 + 20132659 limbs at 20132659, window [70464306, 80530636) of share [90596965, 120795954), accumulated): redistribute 0.036 ntt 0.458 crt 0.002 out 0.024 spills+carry 0.012 total 0.530 s
dist_mn node 0: 2^26 = 2^13 x 2^13 over 4 x 4 ranks, 4 primes, P24 (rows 512..512; 60397977 + 20132659 limbs at 40265318, window [0, 0) of share [0, 30198988), accumulated): redistribute 0.034 ntt 0.464 crt 0.003 out 0.027 spills+carry 0.016 total 0.540 s
dist_mn node 0: 60397977 x 60397977 limbs over 4 x 4 ranks (cap 2^26 points, P24): 1 x 3 pieces, 3 formed, 0 skipped (low cut) (cache 0 slots: 2 hits, 6 misses)
dist_mn node 1: 2^26 = 2^13 x 2^13 over 4 x 4 ranks, 4 primes, P24 (rows 512..512; 60397977 + 20132659 limbs at 40265318, window [0, 20132659) of share [30198988, 60397977), accumulated): redistribute 0.032 ntt 0.465 crt 0.002 out 0.027 spills+carry 0.015 total 0.540 s
dist_mn node 1: 60397977 x 60397977 limbs over 4 x 4 ranks (cap 2^26 points, P24): 1 x 3 pieces, 3 formed, 0 skipped (low cut) (cache 0 slots: 2 hits, 6 misses)
dist_mn node 2: 2^26 = 2^13 x 2^13 over 4 x 4 ranks, 4 primes, P24 (rows 512..512; 60397977 + 20132659 limbs at 40265318, window [20132659, 50331647) of share [60397977, 90596965), accumulated): redistribute 0.032 ntt 0.465 crt 0.003 out 0.027 spills+carry 0.015 total 0.540 s
dist_mn node 2: 60397977 x 60397977 limbs over 4 x 4 ranks (cap 2^26 points, P24): 1 x 3 pieces, 3 formed, 0 skipped (low cut) (cache 0 slots: 2 hits, 6 misses)
dist_mn node 3: 2^26 = 2^13 x 2^13 over 4 x 4 ranks, 4 primes, P24 (rows 512..512; 60397977 + 20132659 limbs at 40265318, window [50331647, 80530636) of share [90596965, 120795954), accumulated): redistribute 0.033 ntt 0.467 crt 0.001 out 0.025 spills+carry 0.015 total 0.540 s
dist_mn node 3: 60397977 x 60397977 limbs over 4 x 4 ranks (cap 2^26 points, P24): 1 x 3 pieces, 3 formed, 0 skipped (low cut) (cache 0 slots: 2 hits, 6 misses)
dist_mn node 1: 60397977 + 60397977 limbs -> 120795954 (share 30198989): redistribute 0.123 ntt 1.399 crt 0.007 out 0.091 spills+carry 0.028, total 1.627 s
dist_mn node 0: 60397977 + 60397977 limbs -> 120795954 (share 30198988): redistribute 0.121 ntt 1.400 crt 0.007 out 0.090 spills+carry 0.030, total 1.628 s
dist_mn node 2: 60397977 + 60397977 limbs -> 120795954 (share 30198988): redistribute 0.114 ntt 1.407 crt 0.005 out 0.085 spills+carry 0.029, total 1.627 s
dist_mn node 3: 60397977 + 60397977 limbs -> 120795954 (share 30198989): redistribute 0.116 ntt 1.411 crt 0.005 out 0.083 spills+carry 0.029, total 1.628 s
dist_mn node 0: 2^26 = 2^13 x 2^13 over 4 x 4 ranks, 4 primes, P24 (rows 512..512; 60397977 + 20132659 limbs at 0, window [0, 30198988) of share [0, 30198988)): redistribute 0.050 ntt 0.492 crt 0.001 out 0.036 spills+carry 0.002 total 0.564 s
dist_mn node 1: 2^26 = 2^13 x 2^13 over 4 x 4 ranks, 4 primes, P24 (rows 512..512; 60397977 + 20132659 limbs at 0, window [30198988, 60397976) of share [30198988, 60397976)): redistribute 0.046 ntt 0.492 crt 0.002 out 0.034 spills+carry 0.002 total 0.564 s
dist_mn node 2: 2^26 = 2^13 x 2^13 over 4 x 4 ranks, 4 primes, P24 (rows 512..512; 60397977 + 20132659 limbs at 0, window [60397976, 80530636) of share [60397976, 90596964)): redistribute 0.072 ntt 0.496 crt 0.001 out 0.037 spills+carry 0.002 total 0.564 s
dist_mn node 3: 2^26 = 2^13 x 2^13 over 4 x 4 ranks, 4 primes, P24 (rows 512..512; 60397977 + 20132659 limbs at 0, window [80530636, 80530636) of share [90596964, 120795953)): redistribute 0.060 ntt 0.494 crt 0.002 out 0.036 spills+carry 0.002 total 0.564 s
dist_mn node 0: 2^26 = 2^13 x 2^13 over 4 x 4 ranks, 4 primes, P24 (rows 512..512; 60397977 + 20132659 limbs at 20132659, window [0, 10066329) of share [0, 30198988), accumulated): redistribute 0.036 ntt 0.459 crt 0.002 out 0.029 spills+carry 0.013 total 0.536 s
dist_mn node 1: 2^26 = 2^13 x 2^13 over 4 x 4 ranks, 4 primes, P24 (rows 512..512; 60397977 + 20132659 limbs at 20132659, window [10066329, 40265317) of share [30198988, 60397976), accumulated): redistribute 0.037 ntt 0.458 crt 0.001 out 0.028 spills+carry 0.012 total 0.536 s
dist_mn node 2: 2^26 = 2^13 x 2^13 over 4 x 4 ranks, 4 primes, P24 (rows 512..512; 60397977 + 20132659 limbs at 20132659, window [40265317, 70464305) of share [60397976, 90596964), accumulated): redistribute 0.037 ntt 0.459 crt 0.002 out 0.026 spills+carry 0.013 total 0.536 s
dist_mn node 3: 2^26 = 2^13 x 2^13 over 4 x 4 ranks, 4 primes, P24 (rows 512..512; 60397977 + 20132659 limbs at 20132659, window [70464305, 80530636) of share [90596964, 120795953), accumulated): redistribute 0.034 ntt 0.460 crt 0.002 out 0.029 spills+carry 0.012 total 0.536 s
dist_mn node 0: 2^26 = 2^13 x 2^13 over 4 x 4 ranks, 4 primes, P24 (rows 512..512; 60397977 + 20132659 limbs at 40265318, window [0, 0) of share [0, 30198988), accumulated): redistribute 0.040 ntt 0.449 crt 0.002 out 0.026 spills+carry 0.013 total 0.524 s
dist_mn node 0: 60397977 x 60397977 limbs over 4 x 4 ranks (cap 2^26 points, P24): 1 x 3 pieces, 3 formed, 0 skipped (low product) (low cut) (cache 0 slots: 2 hits, 6 misses)
dist_mn node 1: 2^26 = 2^13 x 2^13 over 4 x 4 ranks, 4 primes, P24 (rows 512..512; 60397977 + 20132659 limbs at 40265318, window [0, 20132658) of share [30198988, 60397976), accumulated): redistribute 0.044 ntt 0.448 crt 0.002 out 0.025 spills+carry 0.013 total 0.524 s
dist_mn node 1: 60397977 x 60397977 limbs over 4 x 4 ranks (cap 2^26 points, P24): 1 x 3 pieces, 3 formed, 0 skipped (low product) (low cut) (cache 0 slots: 2 hits, 6 misses)
dist_mn node 2: 2^26 = 2^13 x 2^13 over 4 x 4 ranks, 4 primes, P24 (rows 512..512; 60397977 + 20132659 limbs at 40265318, window [20132658, 50331646) of share [60397976, 90596964), accumulated): redistribute 0.039 ntt 0.449 crt 0.002 out 0.027 spills+carry 0.013 total 0.524 s
dist_mn node 2: 60397977 x 60397977 limbs over 4 x 4 ranks (cap 2^26 points, P24): 1 x 3 pieces, 3 formed, 0 skipped (low product) (low cut) (cache 0 slots: 2 hits, 6 misses)
dist_mn node 3: 2^26 = 2^13 x 2^13 over 4 x 4 ranks, 4 primes, P24 (rows 512..512; 60397977 + 20132659 limbs at 40265318, window [50331646, 80530635) of share [90596964, 120795953), accumulated): redistribute 0.039 ntt 0.448 crt 0.002 out 0.027 spills+carry 0.013 total 0.524 s
dist_mn node 3: 60397977 x 60397977 limbs over 4 x 4 ranks (cap 2^26 points, P24): 1 x 3 pieces, 3 formed, 0 skipped (low product) (low cut) (cache 0 slots: 2 hits, 6 misses)
dist_mn node 1: 60397977 + 60397977 limbs -> 120795953 (share 30198988): redistribute 0.128 ntt 1.398 crt 0.005 out 0.087 spills+carry 0.027, total 1.628 s
dist_mn node 2: 60397977 + 60397977 limbs -> 120795953 (share 30198988): redistribute 0.148 ntt 1.404 crt 0.005 out 0.090 spills+carry 0.027, total 1.628 s
dist_mn node 0: 60397977 + 60397977 limbs -> 120795953 (share 30198988): redistribute 0.126 ntt 1.400 crt 0.005 out 0.090 spills+carry 0.027, total 1.628 s
dist_mn node 3: 60397977 + 60397977 limbs -> 120795953 (share 30198989): redistribute 0.133 ntt 1.402 crt 0.006 out 0.091 spills+carry 0.027, total 1.628 s
dist_mn node 0: 60397977 x 60397977 limbs over 4 x 4 ranks (cap 2^26 points, P24): 1 x 3 pieces, 0 formed, 3 skipped (low cut) (cache 0 slots: 2 hits, 6 misses)
dist_mn node 1: 60397977 x 60397977 limbs over 4 x 4 ranks (cap 2^26 points, P24): 1 x 3 pieces, 0 formed, 3 skipped (low cut) (cache 0 slots: 2 hits, 6 misses)
dist_mn node 3: 60397977 x 60397977 limbs over 4 x 4 ranks (cap 2^26 points, P24): 1 x 3 pieces, 0 formed, 3 skipped (low cut) (cache 0 slots: 2 hits, 6 misses)
dist_mn node 2: 60397977 x 60397977 limbs over 4 x 4 ranks (cap 2^26 points, P24): 1 x 3 pieces, 0 formed, 3 skipped (low cut) (cache 0 slots: 2 hits, 6 misses)
dist_mn node 0: 60397977 + 60397977 limbs -> 0 (share 30198988): redistribute 0.000 ntt 0.000 crt 0.000 out 0.000 spills+carry 0.000, total 0.003 s
dist_mn node 2: 60397977 + 60397977 limbs -> 0 (share 30198988): redistribute 0.000 ntt 0.000 crt 0.000 out 0.000 spills+carry 0.000, total 0.003 s
dist_mn node 3: 60397977 + 60397977 limbs -> 0 (share 30198989): redistribute 0.000 ntt 0.000 crt 0.000 out 0.000 spills+carry 0.000, total 0.003 s
dist_mn node 1: 60397977 + 60397977 limbs -> 0 (share 30198989): redistribute 0.000 ntt 0.000 crt 0.000 out 0.000 spills+carry 0.000, total 0.004 s
mdev 3*2^25 (80530636 limbs): repack 0.113 h2d 0.002 fwd 0.011 inv 0.012 d2h 0.046 crt 0.052 total 0.200 s
mdev 3*2^25 (80530636 limbs): repack 0.200 h2d 0.002 fwd 0.020 inv 0.007 d2h 0.084 crt 0.164 total 0.319 s
mdev 3*2^25 (80530636 limbs): repack 0.137 h2d 0.002 fwd 0.010 inv 0.006 d2h 0.175 crt 0.088 total 0.342 s
mdev 3*2^25 (80530636 limbs): repack 0.134 h2d 0.002 fwd 0.010 inv 0.007 d2h 0.181 crt 0.080 total 0.340 s
mdev 3*2^25 (80530636 limbs): repack 0.153 h2d 0.002 fwd 0.010 inv 0.007 d2h 0.138 crt 0.155 total 0.327 s
mdev 3*2^25 (80530636 limbs): repack 0.272 h2d 0.001 fwd 0.013 inv 0.006 d2h 0.169 crt 0.277 total 0.477 s
mdev 3*2^25 (80530636 limbs): repack 0.182 h2d 0.002 fwd 0.009 inv 0.009 d2h 0.176 crt 0.117 total 0.390 s
mdev 3*2^25 (80530636 limbs): repack 0.125 h2d 0.002 fwd 0.013 inv 0.008 d2h 0.175 crt 0.102 total 0.329 s
mdev 3*2^25 (80530636 limbs): repack 0.114 h2d 0.001 fwd 0.010 inv 0.006 d2h 0.076 crt 0.095 total 0.214 s
mdev 3*2^25 (80530636 limbs): repack 0.218 h2d 0.001 fwd 0.010 inv 0.006 d2h 0.112 crt 0.203 total 0.352 s
mdev 3*2^25 (80530636 limbs): repack 0.111 h2d 0.001 fwd 0.010 inv 0.006 d2h 0.114 crt 0.061 total 0.234 s
mdev 3*2^25 (80530636 limbs): repack 0.113 h2d 0.002 fwd 0.010 inv 0.006 d2h 0.121 crt 0.089 total 0.256 s
dist_mn node 0: 60397977 x 60397977 limbs over 4 x 4 ranks (cap 2^26 points, P24): 1 x 3 pieces, 0 formed, 3 skipped (low product) (low cut) (cache 0 slots: 2 hits, 6 misses)
dist_mn node 1: 60397977 x 60397977 limbs over 4 x 4 ranks (cap 2^26 points, P24): 1 x 3 pieces, 0 formed, 3 skipped (low product) (low cut) (cache 0 slots: 2 hits, 6 misses)
dist_mn node 2: 60397977 x 60397977 limbs over 4 x 4 ranks (cap 2^26 points, P24): 1 x 3 pieces, 0 formed, 3 skipped (low product) (low cut) (cache 0 slots: 2 hits, 6 misses)
dist_mn node 3: 60397977 x 60397977 limbs over 4 x 4 ranks (cap 2^26 points, P24): 1 x 3 pieces, 0 formed, 3 skipped (low product) (low cut) (cache 0 slots: 2 hits, 6 misses)
dist_mn node 0: 60397977 + 60397977 limbs -> 0 (share 30198988): redistribute 0.000 ntt 0.000 crt 0.000 out 0.000 spills+carry 0.000, total 0.004 s
dist_mn node 1: 60397977 + 60397977 limbs -> 0 (share 30198988): redistribute 0.000 ntt 0.000 crt 0.000 out 0.000 spills+carry 0.000, total 0.004 s
dist_mn node 2: 60397977 + 60397977 limbs -> 0 (share 30198988): redistribute 0.000 ntt 0.000 crt 0.000 out 0.000 spills+carry 0.000, total 0.004 s
dist_mn node 3: 60397977 + 60397977 limbs -> 0 (share 30198989): redistribute 0.000 ntt 0.000 crt 0.000 out 0.000 spills+carry 0.000, total 0.004 s
mdev 3*2^25 (80530636 limbs): repack 0.125 h2d 0.002 fwd 0.010 inv 0.006 d2h 0.099 crt 0.116 total 0.249 s
mdev 3*2^25 (80530636 limbs): repack 0.135 h2d 0.002 fwd 0.018 inv 0.019 d2h 0.069 crt 0.122 total 0.232 s
mdev 3*2^25 (80530636 limbs): repack 0.142 h2d 0.001 fwd 0.029 inv 0.012 d2h 0.175 crt 0.101 total 0.361 s
mdev 3*2^25 (80530636 limbs): repack 0.139 h2d 0.002 fwd 0.026 inv 0.014 d2h 0.179 crt 0.101 total 0.363 s
mdev 3*2^25 (80530636 limbs): repack 0.155 h2d 0.002 fwd 0.010 inv 0.006 d2h 0.133 crt 0.144 total 0.310 s
mdev 3*2^25 (80530636 limbs): repack 0.086 h2d 0.002 fwd 0.019 inv 0.009 d2h 0.038 crt 0.014 total 0.145 s
mdev 3*2^25 (80530636 limbs): repack 0.221 h2d 0.001 fwd 0.010 inv 0.006 d2h 0.109 crt 0.205 total 0.356 s
mdev 3*2^25 (80530636 limbs): repack 0.102 h2d 0.002 fwd 0.020 inv 0.008 d2h 0.177 crt 0.060 total 0.309 s
mdev 3*2^25 (80530636 limbs): repack 0.085 h2d 0.003 fwd 0.016 inv 0.007 d2h 0.180 crt 0.077 total 0.306 s
mdev 3*2^25 (80530636 limbs): repack 0.116 h2d 0.001 fwd 0.012 inv 0.010 d2h 0.217 crt 0.098 total 0.365 s
mdev 3*2^25 (80530636 limbs): repack 0.082 h2d 0.003 fwd 0.012 inv 0.006 d2h 0.189 crt 0.069 total 0.299 s
mdev 3*2^25 (80530636 limbs): repack 0.131 h2d 0.002 fwd 0.010 inv 0.006 d2h 0.179 crt 0.112 total 0.340 s
dist_mn node 0: 2^26 = 2^13 x 2^13 over 4 x 4 ranks, 4 primes, P24 (rows 512..512; 60397977 + 20132659 limbs at 0, window [0, 30198988) of share [0, 30198988)): redistribute 0.037 ntt 0.445 crt 0.002 out 0.032 spills+carry 0.001 total 0.509 s
dist_mn node 1: 2^26 = 2^13 x 2^13 over 4 x 4 ranks, 4 primes, P24 (rows 512..512; 60397977 + 20132659 limbs at 0, window [30198988, 60397977) of share [30198988, 60397977)): redistribute 0.038 ntt 0.444 crt 0.002 out 0.030 spills+carry 0.002 total 0.509 s
dist_mn node 2: 2^26 = 2^13 x 2^13 over 4 x 4 ranks, 4 primes, P24 (rows 512..512; 60397977 + 20132659 limbs at 0, window [60397977, 80530636) of share [60397977, 90596965)): redistribute 0.037 ntt 0.444 crt 0.001 out 0.031 spills+carry 0.002 total 0.509 s
dist_mn node 3: 2^26 = 2^13 x 2^13 over 4 x 4 ranks, 4 primes, P24 (rows 512..512; 60397977 + 20132659 limbs at 0, window [80530636, 80530636) of share [90596965, 120795954)): redistribute 0.036 ntt 0.446 crt 0.001 out 0.030 spills+carry 0.002 total 0.509 s
dist_mn node 0: 2^26 = 2^13 x 2^13 over 4 x 4 ranks, 4 primes, P24 (rows 512..512; 60397977 + 20132659 limbs at 20132659, window [0, 10066329) of share [0, 30198988), accumulated): redistribute 0.035 ntt 0.472 crt 0.002 out 0.029 spills+carry 0.012 total 0.547 s
dist_mn node 1: 2^26 = 2^13 x 2^13 over 4 x 4 ranks, 4 primes, P24 (rows 512..512; 60397977 + 20132659 limbs at 20132659, window [10066329, 40265318) of share [30198988, 60397977), accumulated): redistribute 0.035 ntt 0.474 crt 0.003 out 0.029 spills+carry 0.011 total 0.547 s
dist_mn node 2: 2^26 = 2^13 x 2^13 over 4 x 4 ranks, 4 primes, P24 (rows 512..512; 60397977 + 20132659 limbs at 20132659, window [40265318, 70464306) of share [60397977, 90596965), accumulated): redistribute 0.037 ntt 0.476 crt 0.002 out 0.027 spills+carry 0.012 total 0.547 s
dist_mn node 3: 2^26 = 2^13 x 2^13 over 4 x 4 ranks, 4 primes, P24 (rows 512..512; 60397977 + 20132659 limbs at 20132659, window [70464306, 80530636) of share [90596965, 120795954), accumulated): redistribute 0.032 ntt 0.474 crt 0.003 out 0.029 spills+carry 0.012 total 0.547 s
dist_mn node 0: 2^26 = 2^13 x 2^13 over 4 x 4 ranks, 4 primes, P24 (rows 512..512; 60397977 + 20132659 limbs at 40265318, window [0, 0) of share [0, 30198988), accumulated): redistribute 0.038 ntt 0.446 crt 0.001 out 0.029 spills+carry 0.015 total 0.527 s
dist_mn node 0: 60397977 x 60397977 limbs over 4 x 4 ranks (cap 2^26 points, P24): 1 x 3 pieces, 3 formed, 0 skipped (cache 0 slots: 2 hits, 6 misses)
dist_mn node 1: 2^26 = 2^13 x 2^13 over 4 x 4 ranks, 4 primes, P24 (rows 512..512; 60397977 + 20132659 limbs at 40265318, window [0, 20132659) of share [30198988, 60397977), accumulated): redistribute 0.039 ntt 0.447 crt 0.002 out 0.027 spills+carry 0.015 total 0.527 s
dist_mn node 1: 60397977 x 60397977 limbs over 4 x 4 ranks (cap 2^26 points, P24): 1 x 3 pieces, 3 formed, 0 skipped (cache 0 slots: 2 hits, 6 misses)
dist_mn node 2: 2^26 = 2^13 x 2^13 over 4 x 4 ranks, 4 primes, P24 (rows 512..512; 60397977 + 20132659 limbs at 40265318, window [20132659, 50331647) of share [60397977, 90596965), accumulated): redistribute 0.034 ntt 0.451 crt 0.002 out 0.030 spills+carry 0.015 total 0.527 s
dist_mn node 2: 60397977 x 60397977 limbs over 4 x 4 ranks (cap 2^26 points, P24): 1 x 3 pieces, 3 formed, 0 skipped (cache 0 slots: 2 hits, 6 misses)
dist_mn node 3: 2^26 = 2^13 x 2^13 over 4 x 4 ranks, 4 primes, P24 (rows 512..512; 60397977 + 20132659 limbs at 40265318, window [50331647, 80530636) of share [90596965, 120795954), accumulated): redistribute 0.037 ntt 0.448 crt 0.001 out 0.028 spills+carry 0.014 total 0.527 s
dist_mn node 3: 60397977 x 60397977 limbs over 4 x 4 ranks (cap 2^26 points, P24): 1 x 3 pieces, 3 formed, 0 skipped (cache 0 slots: 2 hits, 6 misses)
dist_mn node 0: 60397977 + 60397977 limbs -> 120795954 (share 30198988): redistribute 0.110 ntt 1.362 crt 0.006 out 0.090 spills+carry 0.028, total 1.586 s
dist_mn node 1: 60397977 + 60397977 limbs -> 120795954 (share 30198989): redistribute 0.112 ntt 1.366 crt 0.006 out 0.086 spills+carry 0.028, total 1.761 s
dist_mn node 2: 60397977 + 60397977 limbs -> 120795954 (share 30198988): redistribute 0.107 ntt 1.371 crt 0.005 out 0.087 spills+carry 0.028, total 1.738 s
dist_mn node 3: 60397977 + 60397977 limbs -> 120795954 (share 30198989): redistribute 0.105 ntt 1.368 crt 0.005 out 0.087 spills+carry 0.028, total 1.761 s
dist_mn node 0: 2^26 = 2^13 x 2^13 over 4 x 4 ranks, 4 primes, P24 (rows 512..512; 60397977 + 20132659 limbs at 0, window [0, 30198988) of share [0, 30198988)): redistribute 0.088 ntt 0.505 crt 0.002 out 0.034 spills+carry 0.002 total 0.580 s
dist_mn node 1: 2^26 = 2^13 x 2^13 over 4 x 4 ranks, 4 primes, P24 (rows 512..512; 60397977 + 20132659 limbs at 0, window [30198988, 60397976) of share [30198988, 60397976)): redistribute 0.100 ntt 0.506 crt 0.002 out 0.037 spills+carry 0.002 total 0.580 s
dist_mn node 2: 2^26 = 2^13 x 2^13 over 4 x 4 ranks, 4 primes, P24 (rows 512..512; 60397977 + 20132659 limbs at 0, window [60397976, 80530636) of share [60397976, 90596964)): redistribute 0.096 ntt 0.506 crt 0.001 out 0.033 spills+carry 0.002 total 0.580 s
dist_mn node 3: 2^26 = 2^13 x 2^13 over 4 x 4 ranks, 4 primes, P24 (rows 512..512; 60397977 + 20132659 limbs at 0, window [80530636, 80530636) of share [90596964, 120795953)): redistribute 0.088 ntt 0.511 crt 0.001 out 0.035 spills+carry 0.002 total 0.580 s
dist_mn node 0: 2^26 = 2^13 x 2^13 over 4 x 4 ranks, 4 primes, P24 (rows 512..512; 60397977 + 20132659 limbs at 20132659, window [0, 10066329) of share [0, 30198988), accumulated): redistribute 0.034 ntt 0.454 crt 0.002 out 0.029 spills+carry 0.012 total 0.530 s
dist_mn node 1: 2^26 = 2^13 x 2^13 over 4 x 4 ranks, 4 primes, P24 (rows 512..512; 60397977 + 20132659 limbs at 20132659, window [10066329, 40265317) of share [30198988, 60397976), accumulated): redistribute 0.032 ntt 0.458 crt 0.002 out 0.028 spills+carry 0.011 total 0.530 s
dist_mn node 2: 2^26 = 2^13 x 2^13 over 4 x 4 ranks, 4 primes, P24 (rows 512..512; 60397977 + 20132659 limbs at 20132659, window [40265317, 70464305) of share [60397976, 90596964), accumulated): redistribute 0.034 ntt 0.457 crt 0.002 out 0.027 spills+carry 0.011 total 0.530 s
dist_mn node 3: 2^26 = 2^13 x 2^13 over 4 x 4 ranks, 4 primes, P24 (rows 512..512; 60397977 + 20132659 limbs at 20132659, window [70464305, 80530636) of share [90596964, 120795953), accumulated): redistribute 0.034 ntt 0.454 crt 0.002 out 0.029 spills+carry 0.011 total 0.530 s
dist_mn node 0: 2^26 = 2^13 x 2^13 over 4 x 4 ranks, 4 primes, P24 (rows 512..512; 60397977 + 20132659 limbs at 40265318, window [0, 0) of share [0, 30198988), accumulated): redistribute 0.035 ntt 0.454 crt 0.002 out 0.024 spills+carry 0.014 total 0.527 s
dist_mn node 0: 60397977 x 60397977 limbs over 4 x 4 ranks (cap 2^26 points, P24): 1 x 3 pieces, 3 formed, 0 skipped (low product) (cache 0 slots: 2 hits, 6 misses)
dist_mn node 1: 2^26 = 2^13 x 2^13 over 4 x 4 ranks, 4 primes, P24 (rows 512..512; 60397977 + 20132659 limbs at 40265318, window [0, 20132658) of share [30198988, 60397976), accumulated): redistribute 0.043 ntt 0.452 crt 0.002 out 0.024 spills+carry 0.013 total 0.527 s
dist_mn node 1: 60397977 x 60397977 limbs over 4 x 4 ranks (cap 2^26 points, P24): 1 x 3 pieces, 3 formed, 0 skipped (low product) (cache 0 slots: 2 hits, 6 misses)
dist_mn node 2: 2^26 = 2^13 x 2^13 over 4 x 4 ranks, 4 primes, P24 (rows 512..512; 60397977 + 20132659 limbs at 40265318, window [20132658, 50331646) of share [60397976, 90596964), accumulated): redistribute 0.033 ntt 0.457 crt 0.002 out 0.023 spills+carry 0.013 total 0.527 s
dist_mn node 2: 60397977 x 60397977 limbs over 4 x 4 ranks (cap 2^26 points, P24): 1 x 3 pieces, 3 formed, 0 skipped (low product) (cache 0 slots: 2 hits, 6 misses)
dist_mn node 3: 2^26 = 2^13 x 2^13 over 4 x 4 ranks, 4 primes, P24 (rows 512..512; 60397977 + 20132659 limbs at 40265318, window [50331646, 80530635) of share [90596964, 120795953), accumulated): redistribute 0.034 ntt 0.459 crt 0.002 out 0.023 spills+carry 0.013 total 0.527 s
dist_mn node 3: 60397977 x 60397977 limbs over 4 x 4 ranks (cap 2^26 points, P24): 1 x 3 pieces, 3 formed, 0 skipped (low product) (cache 0 slots: 2 hits, 6 misses)
dist_mn node 1: 60397977 + 60397977 limbs -> 120795953 (share 30198988): redistribute 0.175 ntt 1.416 crt 0.005 out 0.090 spills+carry 0.027, total 1.640 s
dist_mn node 0: 60397977 + 60397977 limbs -> 120795953 (share 30198988): redistribute 0.157 ntt 1.413 crt 0.005 out 0.087 spills+carry 0.027, total 1.640 s
dist_mn node 2: 60397977 + 60397977 limbs -> 120795953 (share 30198988): redistribute 0.163 ntt 1.420 crt 0.005 out 0.084 spills+carry 0.027, total 1.640 s
dist_mn node 3: 60397977 + 60397977 limbs -> 120795953 (share 30198989): redistribute 0.155 ntt 1.424 crt 0.005 out 0.087 spills+carry 0.027, total 1.640 s
dist_mn node 0: 2^26 = 2^13 x 2^13 over 4 x 4 ranks, 4 primes, P24 (rows 512..512; 30198988 + 30198985 limbs at 0, window [0, 22649239) of share [0, 22649239)): redistribute 0.052 ntt 0.517 crt 0.002 out 0.034 spills+carry 0.001 total 0.579 s
dist_mn node 1: 2^26 = 2^13 x 2^13 over 4 x 4 ranks, 4 primes, P24 (rows 512..512; 30198988 + 30198985 limbs at 0, window [22649239, 45298479) of share [22649239, 45298479)): redistribute 0.046 ntt 0.521 crt 0.002 out 0.032 spills+carry 0.001 total 0.579 s
dist_mn node 2: 2^26 = 2^13 x 2^13 over 4 x 4 ranks, 4 primes, P24 (rows 512..512; 30198988 + 30198985 limbs at 0, window [45298479, 60397973) of share [45298479, 67947718)): redistribute 0.051 ntt 0.518 crt 0.002 out 0.032 spills+carry 0.001 total 0.579 s
dist_mn node 3: 2^26 = 2^13 x 2^13 over 4 x 4 ranks, 4 primes, P24 (rows 512..512; 30198988 + 30198985 limbs at 0, window [60397973, 60397973) of share [67947718, 90596958)): redistribute 0.042 ntt 0.523 crt 0.001 out 0.031 spills+carry 0.001 total 0.579 s
dist_mn node 0: 2^26 = 2^13 x 2^13 over 4 x 4 ranks, 4 primes, P24 (rows 512..512; 30198988 + 30198985 limbs at 30198985, window [0, 0) of share [0, 22649239), accumulated): redistribute 0.031 ntt 0.461 crt 0.002 out 0.020 spills+carry 0.010 total 0.522 s
dist_mn node 0: 30198988 x 60397970 limbs over 4 x 4 ranks (cap 2^26 points, P24): 1 x 2 pieces, 2 formed, 0 skipped (cache 0 slots: 0 hits, 0 misses)
dist_mn node 1: 2^26 = 2^13 x 2^13 over 4 x 4 ranks, 4 primes, P24 (rows 512..512; 30198988 + 30198985 limbs at 30198985, window [0, 15099494) of share [22649239, 45298479), accumulated): redistribute 0.030 ntt 0.462 crt 0.001 out 0.019 spills+carry 0.010 total 0.522 s
dist_mn node 1: 30198988 x 60397970 limbs over 4 x 4 ranks (cap 2^26 points, P24): 1 x 2 pieces, 2 formed, 0 skipped (cache 0 slots: 0 hits, 0 misses)
dist_mn node 2: 2^26 = 2^13 x 2^13 over 4 x 4 ranks, 4 primes, P24 (rows 512..512; 30198988 + 30198985 limbs at 30198985, window [15099494, 37748733) of share [45298479, 67947718), accumulated): redistribute 0.032 ntt 0.464 crt 0.002 out 0.019 spills+carry 0.010 total 0.522 s
dist_mn node 2: 30198988 x 60397970 limbs over 4 x 4 ranks (cap 2^26 points, P24): 1 x 2 pieces, 2 formed, 0 skipped (cache 0 slots: 0 hits, 0 misses)
dist_mn node 3: 2^26 = 2^13 x 2^13 over 4 x 4 ranks, 4 primes, P24 (rows 512..512; 30198988 + 30198985 limbs at 30198985, window [37748733, 60397973) of share [67947718, 90596958), accumulated): redistribute 0.030 ntt 0.463 crt 0.001 out 0.017 spills+carry 0.010 total 0.522 s
dist_mn node 3: 30198988 x 60397970 limbs over 4 x 4 ranks (cap 2^26 points, P24): 1 x 2 pieces, 2 formed, 0 skipped (cache 0 slots: 0 hits, 0 misses)
dist_mn node 1: 30198988 + 60397970 limbs -> 90596958 (share 22649240): redistribute 0.077 ntt 0.983 crt 0.004 out 0.051 spills+carry 0.012, total 1.104 s
dist_mn node 0: 30198988 + 60397970 limbs -> 90596958 (share 22649239): redistribute 0.083 ntt 0.978 crt 0.004 out 0.054 spills+carry 0.012, total 1.104 s
dist_mn node 2: 30198988 + 60397970 limbs -> 90596958 (share 22649239): redistribute 0.083 ntt 0.982 crt 0.004 out 0.050 spills+carry 0.011, total 1.104 s
dist_mn node 3: 30198988 + 60397970 limbs -> 90596958 (share 22649240): redistribute 0.073 ntt 0.986 crt 0.002 out 0.048 spills+carry 0.011, total 1.104 s
mdev 3*2^25 (90596958 limbs): repack 0.178 h2d 0.001 fwd 0.038 inv 0.022 d2h 0.109 crt 0.118 total 0.358 s
mdev 3*2^25 (90596958 limbs): repack 0.176 h2d 0.002 fwd 0.040 inv 0.020 d2h 0.109 crt 0.097 total 0.358 s
mdev 3*2^25 (90596958 limbs): repack 0.180 h2d 0.002 fwd 0.040 inv 0.017 d2h 0.114 crt 0.106 total 0.360 s
mdev 3*2^25 (90596958 limbs): repack 0.172 h2d 0.002 fwd 0.043 inv 0.019 d2h 0.195 crt 0.098 total 0.432 s
dist_mn node 0: 2^26 = 2^13 x 2^13 over 4 x 4 ranks, 4 primes, P24 (rows 512..512; 30198988 + 30198985 limbs at 0, window [0, 7549747) of share [0, 7549747)): redistribute 0.032 ntt 0.464 crt 0.002 out 0.016 spills+carry 0.001 total 0.508 s
dist_mn node 2: 2^26 = 2^13 x 2^13 over 4 x 4 ranks, 4 primes, P24 (rows 512..512; 30198988 + 30198985 limbs at 0, window [15099495, 22649243) of share [15099495, 22649243)): redistribute 0.031 ntt 0.462 crt 0.002 out 0.016 spills+carry 0.001 total 0.508 s
dist_mn node 3: 2^26 = 2^13 x 2^13 over 4 x 4 ranks, 4 primes, P24 (rows 512..512; 30198988 + 30198985 limbs at 0, window [22649243, 30198991) of share [22649243, 30198991)): redistribute 0.031 ntt 0.458 crt 0.001 out 0.019 spills+carry 0.001 total 0.508 s
dist_mn node 1: 2^26 = 2^13 x 2^13 over 4 x 4 ranks, 4 primes, P24 (rows 512..512; 30198988 + 30198985 limbs at 0, window [7549747, 15099495) of share [7549747, 15099495)): redistribute 0.026 ntt 0.463 crt 0.002 out 0.017 spills+carry 0.001 total 0.508 s
dist_mn node 0: 2^26 = 2^13 x 2^13 over 4 x 4 ranks, 4 primes, P24 (rows 512..512; 30198988 + 30198985 limbs at 30198985, window [0, 0) of share [0, 7549747), accumulated): redistribute 0.031 ntt 0.449 crt 0.003 out 0.006 spills+carry 0.001 total 0.486 s
dist_mn node 0: 30198988 x 60397970 limbs over 4 x 4 ranks (cap 2^26 points, P24): 1 x 2 pieces, 2 formed, 0 skipped (low product) (cache 0 slots: 0 hits, 0 misses)
dist_mn node 1: 2^26 = 2^13 x 2^13 over 4 x 4 ranks, 4 primes, P24 (rows 512..512; 30198988 + 30198985 limbs at 30198985, window [0, 0) of share [7549747, 15099495), accumulated): redistribute 0.025 ntt 0.457 crt 0.003 out 0.004 spills+carry 0.001 total 0.486 s
dist_mn node 1: 30198988 x 60397970 limbs over 4 x 4 ranks (cap 2^26 points, P24): 1 x 2 pieces, 2 formed, 0 skipped (low product) (cache 0 slots: 0 hits, 0 misses)
dist_mn node 2: 2^26 = 2^13 x 2^13 over 4 x 4 ranks, 4 primes, P24 (rows 512..512; 30198988 + 30198985 limbs at 30198985, window [0, 0) of share [15099495, 22649243), accumulated): redistribute 0.026 ntt 0.455 crt 0.003 out 0.005 spills+carry 0.001 total 0.486 s
dist_mn node 2: 30198988 x 60397970 limbs over 4 x 4 ranks (cap 2^26 points, P24): 1 x 2 pieces, 2 formed, 0 skipped (low product) (cache 0 slots: 0 hits, 0 misses)
dist_mn node 3: 2^26 = 2^13 x 2^13 over 4 x 4 ranks, 4 primes, P24 (rows 512..512; 30198988 + 30198985 limbs at 30198985, window [0, 6) of share [22649243, 30198991), accumulated): redistribute 0.030 ntt 0.454 crt 0.002 out 0.003 spills+carry 0.001 total 0.486 s
dist_mn node 3: 30198988 x 60397970 limbs over 4 x 4 ranks (cap 2^26 points, P24): 1 x 2 pieces, 2 formed, 0 skipped (low product) (cache 0 slots: 0 hits, 0 misses)
dist_mn node 1: 30198988 + 60397970 limbs -> 30198991 (share 7549748): redistribute 0.051 ntt 0.920 crt 0.005 out 0.020 spills+carry 0.002, total 1.135 s
dist_mn node 0: 30198988 + 60397970 limbs -> 30198991 (share 7549747): redistribute 0.063 ntt 0.913 crt 0.005 out 0.022 spills+carry 0.002, total 1.161 s
dist_mn node 2: 30198988 + 60397970 limbs -> 30198991 (share 7549748): redistribute 0.057 ntt 0.917 crt 0.005 out 0.022 spills+carry 0.002, total 1.086 s
dist_mn node 3: 30198988 + 60397970 limbs -> 30198991 (share 7549748): redistribute 0.061 ntt 0.911 crt 0.003 out 0.022 spills+carry 0.002, total 0.998 s
dist_mn node 0: 2^26 = 2^13 x 2^13 over 4 x 4 ranks, 4 primes, P24 (rows 512..512; 60397977 + 20132659 limbs at 0, window [0, 30198988) of share [0, 30198988)): redistribute 0.059 ntt 0.505 crt 0.002 out 0.028 spills+carry 0.002 total 0.569 s
dist_mn node 1: 2^26 = 2^13 x 2^13 over 4 x 4 ranks, 4 primes, P24 (rows 512..512; 60397977 + 20132659 limbs at 0, window [30198988, 60397977) of share [30198988, 60397977)): redistribute 0.055 ntt 0.504 crt 0.002 out 0.027 spills+carry 0.002 total 0.569 s
dist_mn node 2: 2^26 = 2^13 x 2^13 over 4 x 4 ranks, 4 primes, P24 (rows 512..512; 60397977 + 20132659 limbs at 0, window [60397977, 80530636) of share [60397977, 90596966)): redistribute 0.057 ntt 0.505 crt 0.001 out 0.028 spills+carry 0.002 total 0.568 s
dist_mn node 3: 2^26 = 2^13 x 2^13 over 4 x 4 ranks, 4 primes, P24 (rows 512..512; 60397977 + 20132659 limbs at 0, window [80530636, 80530636) of share [90596966, 120795955)): redistribute 0.052 ntt 0.512 crt 0.001 out 0.026 spills+carry 0.002 total 0.569 s
dist_mn node 0: 2^26 = 2^13 x 2^13 over 4 x 4 ranks, 4 primes, P24 (rows 512..512; 60397977 + 20132659 limbs at 20132659, window [0, 10066329) of share [0, 30198988), accumulated): redistribute 0.036 ntt 0.471 crt 0.002 out 0.027 spills+carry 0.013 total 0.543 s
dist_mn node 1: 2^26 = 2^13 x 2^13 over 4 x 4 ranks, 4 primes, P24 (rows 512..512; 60397977 + 20132659 limbs at 20132659, window [10066329, 40265318) of share [30198988, 60397977), accumulated): redistribute 0.046 ntt 0.474 crt 0.002 out 0.025 spills+carry 0.013 total 0.543 s
dist_mn node 2: 2^26 = 2^13 x 2^13 over 4 x 4 ranks, 4 primes, P24 (rows 512..512; 60397977 + 20132659 limbs at 20132659, window [40265318, 70464307) of share [60397977, 90596966), accumulated): redistribute 0.039 ntt 0.469 crt 0.001 out 0.026 spills+carry 0.012 total 0.543 s
dist_mn node 3: 2^26 = 2^13 x 2^13 over 4 x 4 ranks, 4 primes, P24 (rows 512..512; 60397977 + 20132659 limbs at 20132659, window [70464307, 80530636) of share [90596966, 120795955), accumulated): redistribute 0.035 ntt 0.472 crt 0.002 out 0.026 spills+carry 0.013 total 0.543 s
dist_mn node 0: 2^26 = 2^13 x 2^13 over 4 x 4 ranks, 4 primes, P24 (rows 512..512; 60397977 + 20132659 limbs at 40265318, window [0, 0) of share [0, 30198988), accumulated): redistribute 0.035 ntt 0.462 crt 0.002 out 0.032 spills+carry 0.015 total 0.544 s
dist_mn node 1: 2^26 = 2^13 x 2^13 over 4 x 4 ranks, 4 primes, P24 (rows 512..512; 60397977 + 20132659 limbs at 40265318, window [0, 20132659) of share [30198988, 60397977), accumulated): redistribute 0.034 ntt 0.464 crt 0.002 out 0.031 spills+carry 0.015 total 0.544 s
dist_mn node 3: 2^26 = 2^13 x 2^13 over 4 x 4 ranks, 4 primes, P24 (rows 512..512; 60397977 + 20132659 limbs at 40265318, window [50331648, 80530636) of share [90596966, 120795955), accumulated): redistribute 0.035 ntt 0.466 crt 0.002 out 0.029 spills+carry 0.014 total 0.544 s
dist_mn node 2: 2^26 = 2^13 x 2^13 over 4 x 4 ranks, 4 primes, P24 (rows 512..512; 60397977 + 20132659 limbs at 40265318, window [20132659, 50331648) of share [60397977, 90596966), accumulated): redistribute 0.033 ntt 0.460 crt 0.001 out 0.035 spills+carry 0.015 total 0.544 s
mdb_add_shifted node 1: 60397974 limbs at 0 into a basis of 120795955 (my window [30198988, 60397974), 1 rounds of 7549760; slabs 0 + 7549746 limbs per APU 0): 0.055 s
dist_mn node 1: 60397977 x 60397977 limbs over 4 x 4 ranks (cap 2^26 points, P24): 1 x 3 pieces, 3 formed, 0 skipped (cache 0 slots: 0 hits, 0 misses)
mdb_add_shifted node 0: 60397974 limbs at 0 into a basis of 120795955 (my window [0, 30198988), 1 rounds of 7549760; slabs 0 + 7549747 limbs per APU 0): 0.055 s
dist_mn node 0: 60397977 x 60397977 limbs over 4 x 4 ranks (cap 2^26 points, P24): 1 x 3 pieces, 3 formed, 0 skipped (cache 0 slots: 0 hits, 0 misses)
mdb_add_shifted node 2: 60397974 limbs at 0 into a basis of 120795955 (my window [60397977, 60397977), 1 rounds of 7549760; slabs 7549747 + 0 limbs per APU 0): 0.055 s
dist_mn node 2: 60397977 x 60397977 limbs over 4 x 4 ranks (cap 2^26 points, P24): 1 x 3 pieces, 3 formed, 0 skipped (cache 0 slots: 0 hits, 0 misses)
mdb_add_shifted node 3: 60397974 limbs at 0 into a basis of 120795955 (my window [90596966, 90596966), 1 rounds of 7549760; slabs 7549746 + 0 limbs per APU 0): 0.055 s
dist_mn node 3: 60397977 x 60397977 limbs over 4 x 4 ranks (cap 2^26 points, P24): 1 x 3 pieces, 3 formed, 0 skipped (cache 0 slots: 0 hits, 0 misses)
dist_mn node 0: 60397977 + 60397977 + x limbs -> 120795954 (share 30198988): redistribute 0.129 ntt 1.438 crt 0.007 out 0.087 spills+carry 0.030, total 1.767 s
dist_mn node 1: 60397977 + 60397977 + x limbs -> 120795954 (share 30198989): redistribute 0.135 ntt 1.443 crt 0.006 out 0.083 spills+carry 0.030, total 1.773 s
dist_mn node 2: 60397977 + 60397977 + x limbs -> 120795954 (share 30198989): redistribute 0.128 ntt 1.435 crt 0.003 out 0.088 spills+carry 0.029, total 1.717 s
dist_mn node 3: 60397977 + 60397977 + x limbs -> 120795954 (share 30198989): redistribute 0.121 ntt 1.449 crt 0.006 out 0.081 spills+carry 0.029, total 1.720 s
mdb_add_shifted node 0: 60397974 limbs at 0 into a basis of 120795955 (my window [0, 30198988), 1 rounds of 7549760; slabs 0 + 7549747 limbs per APU 0): 0.086 s
mdb_add_shifted node 3: 60397974 limbs at 0 into a basis of 120795955 (my window [90596966, 90596966), 1 rounds of 7549760; slabs 7549746 + 0 limbs per APU 0): 0.098 s
mdb_add_shifted node 1: 60397974 limbs at 0 into a basis of 120795955 (my window [30198988, 60397974), 1 rounds of 7549760; slabs 0 + 7549746 limbs per APU 0): 0.076 s
mdb_add_shifted node 2: 60397974 limbs at 0 into a basis of 120795955 (my window [60397977, 60397977), 1 rounds of 7549760; slabs 7549747 + 0 limbs per APU 0): 0.104 s
mdb_add_shifted node 0: 60397974 limbs at 7 into a basis of 120795955 (my window [7, 30198988), 1 rounds of 7549760; slabs 0 + 7549745 limbs per APU 0): 0.165 s
mdb_add_shifted node 1: 60397974 limbs at 7 into a basis of 120795955 (my window [30198988, 60397977), 1 rounds of 7549760; slabs 0 + 7549747 limbs per APU 0): 0.188 s
mdb_add_shifted node 2: 60397974 limbs at 7 into a basis of 120795955 (my window [60397977, 60397981), 1 rounds of 7549760; slabs 7549752 + 1 limbs per APU 0): 0.101 s
mdb_add_shifted node 3: 60397974 limbs at 7 into a basis of 120795955 (my window [90596966, 90596966), 1 rounds of 7549760; slabs 7549741 + 0 limbs per APU 0): 0.099 s
mdb_add_shifted node 0: 60397974 limbs at 30198988 into a basis of 120795955 (my window [30198988, 30198988), 1 rounds of 7549760; slabs 0 + 0 limbs per APU 0): 0.098 s
mdb_add_shifted node 1: 60397974 limbs at 30198988 into a basis of 120795955 (my window [30198988, 60397977), 1 rounds of 7549760; slabs 0 + 7549747 limbs per APU 0): 0.152 s
mdb_add_shifted node 3: 60397974 limbs at 30198988 into a basis of 120795955 (my window [90596966, 90596966), 1 rounds of 7549760; slabs 7549746 + 0 limbs per APU 0): 0.131 s
mdb_add_shifted node 2: 60397974 limbs at 30198988 into a basis of 120795955 (my window [60397977, 90596962), 1 rounds of 7549760; slabs 7549747 + 7549746 limbs per APU 0): 0.156 s
dbig pool: APU3 hipMalloc 0.06 GB inside the phase (free 0.63 GB in 29 extents, largest 0.06; live 0.30 GB in 17 blocks)
mdb_add_shifted node 0: 60397974 limbs at 60397977 into a basis of 120795955 (my window [60397977, 60397977), 1 rounds of 7549760; slabs 0 + 0 limbs per APU 0): 0.090 s
mdb_add_shifted node 1: 60397974 limbs at 60397977 into a basis of 120795955 (my window [60397977, 60397977), 1 rounds of 7549760; slabs 0 + 0 limbs per APU 0): 0.121 s
mdb_add_shifted node 2: 60397974 limbs at 60397977 into a basis of 120795955 (my window [60397977, 90596966), 1 rounds of 7549760; slabs 7549747 + 7549747 limbs per APU 0): 0.007 s
mdb_add_shifted node 3: 60397974 limbs at 60397977 into a basis of 120795955 (my window [90596966, 120795951), 1 rounds of 7549760; slabs 7549746 + 7549746 limbs per APU 0): 0.076 s
dist_mn node 0: 2^26 = 2^13 x 2^13 over 4 x 4 ranks, 4 primes, P24 (rows 512..512; 60397977 + 20132659 limbs at 0, window [0, 30198988) of share [0, 30198988)): redistribute 0.043 ntt 0.492 crt 0.002 out 0.030 spills+carry 0.003 total 0.562 s
dist_mn node 1: 2^26 = 2^13 x 2^13 over 4 x 4 ranks, 4 primes, P24 (rows 512..512; 60397977 + 20132659 limbs at 0, window [30198988, 60397977) of share [30198988, 60397977)): redistribute 0.034 ntt 0.496 crt 0.002 out 0.028 spills+carry 0.003 total 0.562 s
dist_mn node 2: 2^26 = 2^13 x 2^13 over 4 x 4 ranks, 4 primes, P24 (rows 512..512; 60397977 + 20132659 limbs at 0, window [60397977, 80530636) of share [60397977, 90596965)): redistribute 0.048 ntt 0.495 crt 0.001 out 0.025 spills+carry 0.004 total 0.562 s
dist_mn node 3: 2^26 = 2^13 x 2^13 over 4 x 4 ranks, 4 primes, P24 (rows 512..512; 60397977 + 20132659 limbs at 0, window [80530636, 80530636) of share [90596965, 120795954)): redistribute 0.032 ntt 0.497 crt 0.002 out 0.029 spills+carry 0.004 total 0.562 s
dist_mn node 0: 2^26 = 2^13 x 2^13 over 4 x 4 ranks, 4 primes, P24 (rows 512..512; 60397977 + 20132659 limbs at 20132659, window [0, 10066329) of share [0, 30198988), accumulated): redistribute 0.036 ntt 0.457 crt 0.003 out 0.029 spills+carry 0.019 total 0.543 s
dist_mn node 1: 2^26 = 2^13 x 2^13 over 4 x 4 ranks, 4 primes, P24 (rows 512..512; 60397977 + 20132659 limbs at 20132659, window [10066329, 40265318) of share [30198988, 60397977), accumulated): redistribute 0.040 ntt 0.459 crt 0.003 out 0.029 spills+carry 0.019 total 0.543 s
dist_mn node 2: 2^26 = 2^13 x 2^13 over 4 x 4 ranks, 4 primes, P24 (rows 512..512; 60397977 + 20132659 limbs at 20132659, window [40265318, 70464306) of share [60397977, 90596965), accumulated): redistribute 0.037 ntt 0.457 crt 0.002 out 0.029 spills+carry 0.019 total 0.543 s
dist_mn node 3: 2^26 = 2^13 x 2^13 over 4 x 4 ranks, 4 primes, P24 (rows 512..512; 60397977 + 20132659 limbs at 20132659, window [70464306, 80530636) of share [90596965, 120795954), accumulated): redistribute 0.036 ntt 0.459 crt 0.002 out 0.028 spills+carry 0.019 total 0.543 s
dist_mn node 0: 2^26 = 2^13 x 2^13 over 4 x 4 ranks, 4 primes, P24 (rows 512..512; 60397977 + 20132659 limbs at 40265318, window [0, 0) of share [0, 30198988), accumulated): redistribute 0.037 ntt 0.472 crt 0.001 out 0.028 spills+carry 0.018 total 0.555 s
dist_mn node 0: 60397977 x 60397977 limbs over 4 x 4 ranks (cap 2^26 points, P24): 1 x 3 pieces, 3 formed, 0 skipped (cache 0 slots: 0 hits, 0 misses)
dist_mn node 1: 2^26 = 2^13 x 2^13 over 4 x 4 ranks, 4 primes, P24 (rows 512..512; 60397977 + 20132659 limbs at 40265318, window [0, 20132659) of share [30198988, 60397977), accumulated): redistribute 0.036 ntt 0.477 crt 0.002 out 0.026 spills+carry 0.017 total 0.555 s
dist_mn node 1: 60397977 x 60397977 limbs over 4 x 4 ranks (cap 2^26 points, P24): 1 x 3 pieces, 3 formed, 0 skipped (cache 0 slots: 0 hits, 0 misses)
dist_mn node 2: 2^26 = 2^13 x 2^13 over 4 x 4 ranks, 4 primes, P24 (rows 512..512; 60397977 + 20132659 limbs at 40265318, window [20132659, 50331647) of share [60397977, 90596965), accumulated): redistribute 0.032 ntt 0.476 crt 0.002 out 0.029 spills+carry 0.017 total 0.555 s
dist_mn node 2: 60397977 x 60397977 limbs over 4 x 4 ranks (cap 2^26 points, P24): 1 x 3 pieces, 3 formed, 0 skipped (cache 0 slots: 0 hits, 0 misses)
dist_mn node 3: 2^26 = 2^13 x 2^13 over 4 x 4 ranks, 4 primes, P24 (rows 512..512; 60397977 + 20132659 limbs at 40265318, window [50331647, 80530636) of share [90596965, 120795954), accumulated): redistribute 0.036 ntt 0.473 crt 0.001 out 0.027 spills+carry 0.017 total 0.555 s
dist_mn node 3: 60397977 x 60397977 limbs over 4 x 4 ranks (cap 2^26 points, P24): 1 x 3 pieces, 3 formed, 0 skipped (cache 0 slots: 0 hits, 0 misses)
dist_mn node 0: 60397977 + 60397977 limbs -> 120795954 (share 30198988): redistribute 0.116 ntt 1.421 crt 0.006 out 0.087 spills+carry 0.040, total 2.051 s
dist_mn node 1: 60397977 + 60397977 limbs -> 120795954 (share 30198989): redistribute 0.110 ntt 1.432 crt 0.006 out 0.083 spills+carry 0.040, total 2.039 s
dist_mn node 2: 60397977 + 60397977 limbs -> 120795954 (share 30198988): redistribute 0.117 ntt 1.428 crt 0.005 out 0.083 spills+carry 0.040, total 1.663 s
dist_mn node 3: 60397977 + 60397977 limbs -> 120795954 (share 30198989): redistribute 0.104 ntt 1.429 crt 0.005 out 0.084 spills+carry 0.040, total 1.701 s
mdev 2^27 (120795954 limbs): repack 0.203 h2d 0.002 fwd 0.039 inv 0.034 d2h 0.123 crt 0.198 total 0.408 s
mdev 2^27 (120795954 limbs): repack 0.211 h2d 0.002 fwd 0.045 inv 0.020 d2h 0.229 crt 0.199 total 0.516 s
mdev 2^27 (120795954 limbs): repack 0.225 h2d 0.002 fwd 0.061 inv 0.013 d2h 0.205 crt 0.242 total 0.518 s
mdev 2^27 (120795954 limbs): repack 0.221 h2d 0.002 fwd 0.055 inv 0.022 d2h 0.219 crt 0.196 total 0.531 s
dist_mn node 0: 2^26 = 2^13 x 2^13 over 4 x 4 ranks, 4 primes, P24 (rows 512..512; 60397977 + 20132659 limbs at 0, window [0, 30198988) of share [0, 30198988)): redistribute 0.042 ntt 0.471 crt 0.001 out 0.032 spills+carry 0.004 total 0.545 s
dist_mn node 1: 2^26 = 2^13 x 2^13 over 4 x 4 ranks, 4 primes, P24 (rows 512..512; 60397977 + 20132659 limbs at 0, window [30198988, 60397977) of share [30198988, 60397977)): redistribute 0.034 ntt 0.476 crt 0.001 out 0.030 spills+carry 0.004 total 0.545 s
dist_mn node 2: 2^26 = 2^13 x 2^13 over 4 x 4 ranks, 4 primes, P24 (rows 512..512; 60397977 + 20132659 limbs at 0, window [60397977, 80530636) of share [60397977, 90596966)): redistribute 0.042 ntt 0.474 crt 0.001 out 0.032 spills+carry 0.004 total 0.545 s
dist_mn node 3: 2^26 = 2^13 x 2^13 over 4 x 4 ranks, 4 primes, P24 (rows 512..512; 60397977 + 20132659 limbs at 0, window [80530636, 80530636) of share [90596966, 120795955)): redistribute 0.032 ntt 0.481 crt 0.001 out 0.027 spills+carry 0.004 total 0.545 s
dist_mn node 0: 2^26 = 2^13 x 2^13 over 4 x 4 ranks, 4 primes, P24 (rows 512..512; 60397977 + 20132659 limbs at 20132659, window [0, 10066329) of share [0, 30198988), accumulated): redistribute 0.032 ntt 0.454 crt 0.002 out 0.033 spills+carry 0.019 total 0.537 s
dist_mn node 1: 2^26 = 2^13 x 2^13 over 4 x 4 ranks, 4 primes, P24 (rows 512..512; 60397977 + 20132659 limbs at 20132659, window [10066329, 40265318) of share [30198988, 60397977), accumulated): redistribute 0.030 ntt 0.450 crt 0.002 out 0.037 spills+carry 0.019 total 0.537 s
dist_mn node 2: 2^26 = 2^13 x 2^13 over 4 x 4 ranks, 4 primes, P24 (rows 512..512; 60397977 + 20132659 limbs at 20132659, window [40265318, 70464307) of share [60397977, 90596966), accumulated): redistribute 0.031 ntt 0.451 crt 0.002 out 0.036 spills+carry 0.019 total 0.537 s
dist_mn node 3: 2^26 = 2^13 x 2^13 over 4 x 4 ranks, 4 primes, P24 (rows 512..512; 60397977 + 20132659 limbs at 20132659, window [70464307, 80530636) of share [90596966, 120795955), accumulated): redistribute 0.029 ntt 0.457 crt 0.002 out 0.033 spills+carry 0.019 total 0.537 s
dist_mn node 0: 2^26 = 2^13 x 2^13 over 4 x 4 ranks, 4 primes, P24 (rows 512..512; 60397977 + 20132659 limbs at 40265318, window [0, 0) of share [0, 30198988), accumulated): redistribute 0.039 ntt 0.449 crt 0.002 out 0.031 spills+carry 0.022 total 0.542 s
dist_mn node 1: 2^26 = 2^13 x 2^13 over 4 x 4 ranks, 4 primes, P24 (rows 512..512; 60397977 + 20132659 limbs at 40265318, window [0, 20132659) of share [30198988, 60397977), accumulated): redistribute 0.038 ntt 0.450 crt 0.002 out 0.033 spills+carry 0.021 total 0.542 s
dist_mn node 2: 2^26 = 2^13 x 2^13 over 4 x 4 ranks, 4 primes, P24 (rows 512..512; 60397977 + 20132659 limbs at 40265318, window [20132659, 50331648) of share [60397977, 90596966), accumulated): redistribute 0.034 ntt 0.454 crt 0.002 out 0.033 spills+carry 0.021 total 0.542 s
dist_mn node 3: 2^26 = 2^13 x 2^13 over 4 x 4 ranks, 4 primes, P24 (rows 512..512; 60397977 + 20132659 limbs at 40265318, window [50331648, 80530636) of share [90596966, 120795955), accumulated): redistribute 0.038 ntt 0.449 crt 0.002 out 0.032 spills+carry 0.021 total 0.542 s
mdb_add_shifted node 0: 60397974 limbs at 0 into a basis of 120795955 (my window [0, 30198988), 1 rounds of 7549760; slabs 0 + 7549747 limbs per APU 0): 0.052 s
dist_mn node 0: 60397977 x 60397977 limbs over 4 x 4 ranks (cap 2^26 points, P24): 1 x 3 pieces, 3 formed, 0 skipped (cache 0 slots: 0 hits, 0 misses)
mdb_add_shifted node 1: 60397974 limbs at 0 into a basis of 120795955 (my window [30198988, 60397974), 1 rounds of 7549760; slabs 0 + 7549746 limbs per APU 0): 0.052 s
dist_mn node 1: 60397977 x 60397977 limbs over 4 x 4 ranks (cap 2^26 points, P24): 1 x 3 pieces, 3 formed, 0 skipped (cache 0 slots: 0 hits, 0 misses)
mdb_add_shifted node 2: 60397974 limbs at 0 into a basis of 120795955 (my window [60397977, 60397977), 1 rounds of 7549760; slabs 7549747 + 0 limbs per APU 0): 0.052 s
dist_mn node 2: 60397977 x 60397977 limbs over 4 x 4 ranks (cap 2^26 points, P24): 1 x 3 pieces, 3 formed, 0 skipped (cache 0 slots: 0 hits, 0 misses)
mdb_add_shifted node 3: 60397974 limbs at 0 into a basis of 120795955 (my window [90596966, 90596966), 1 rounds of 7549760; slabs 7549746 + 0 limbs per APU 0): 0.052 s
dist_mn node 3: 60397977 x 60397977 limbs over 4 x 4 ranks (cap 2^26 points, P24): 1 x 3 pieces, 3 formed, 0 skipped (cache 0 slots: 0 hits, 0 misses)
dist_mn node 0: 60397977 + 60397977 + x limbs -> 120795954 (share 30198988): redistribute 0.112 ntt 1.374 crt 0.005 out 0.096 spills+carry 0.044, total 1.807 s
dist_mn node 1: 60397977 + 60397977 + x limbs -> 120795954 (share 30198989): redistribute 0.103 ntt 1.376 crt 0.005 out 0.101 spills+carry 0.044, total 1.680 s
dist_mn node 2: 60397977 + 60397977 + x limbs -> 120795954 (share 30198989): redistribute 0.107 ntt 1.379 crt 0.005 out 0.100 spills+carry 0.044, total 1.689 s
dist_mn node 3: 60397977 + 60397977 + x limbs -> 120795954 (share 30198989): redistribute 0.100 ntt 1.387 crt 0.005 out 0.092 spills+carry 0.044, total 1.809 s
dist_mn node 0: 2^26 = 2^13 x 2^13 over 4 x 4 ranks, 4 primes, P24 (rows 512..512; 60397977 + 20132659 limbs at 0, window [0, 15099494) of share [0, 15099494)): redistribute 0.068 ntt 0.491 crt 0.002 out 0.026 spills+carry 0.004 total 0.560 s
dist_mn node 3: 2^26 = 2^13 x 2^13 over 4 x 4 ranks, 4 primes, P24 (rows 512..512; 60397977 + 20132659 limbs at 0, window [45298484, 60397979) of share [45298484, 60397979)): redistribute 0.070 ntt 0.499 crt 0.002 out 0.020 spills+carry 0.004 total 0.561 s
dist_mn node 1: 2^26 = 2^13 x 2^13 over 4 x 4 ranks, 4 primes, P24 (rows 512..512; 60397977 + 20132659 limbs at 0, window [15099494, 30198989) of share [15099494, 30198989)): redistribute 0.068 ntt 0.497 crt 0.002 out 0.022 spills+carry 0.004 total 0.561 s
dist_mn node 2: 2^26 = 2^13 x 2^13 over 4 x 4 ranks, 4 primes, P24 (rows 512..512; 60397977 + 20132659 limbs at 0, window [30198989, 45298484) of share [30198989, 45298484)): redistribute 0.070 ntt 0.490 crt 0.002 out 0.026 spills+carry 0.004 total 0.561 s
dist_mn node 0: 2^26 = 2^13 x 2^13 over 4 x 4 ranks, 4 primes, P24 (rows 512..512; 60397977 + 20132659 limbs at 20132659, window [0, 0) of share [0, 15099494), accumulated): redistribute 0.033 ntt 0.467 crt 0.002 out 0.020 spills+carry 0.013 total 0.534 s
dist_mn node 1: 2^26 = 2^13 x 2^13 over 4 x 4 ranks, 4 primes, P24 (rows 512..512; 60397977 + 20132659 limbs at 20132659, window [0, 10066330) of share [15099494, 30198989), accumulated): redistribute 0.037 ntt 0.466 crt 0.002 out 0.019 spills+carry 0.012 total 0.534 s
dist_mn node 2: 2^26 = 2^13 x 2^13 over 4 x 4 ranks, 4 primes, P24 (rows 512..512; 60397977 + 20132659 limbs at 20132659, window [10066330, 25165825) of share [30198989, 45298484), accumulated): redistribute 0.030 ntt 0.472 crt 0.002 out 0.018 spills+carry 0.012 total 0.534 s
dist_mn node 3: 2^26 = 2^13 x 2^13 over 4 x 4 ranks, 4 primes, P24 (rows 512..512; 60397977 + 20132659 limbs at 20132659, window [25165825, 40265320) of share [45298484, 60397979), accumulated): redistribute 0.031 ntt 0.468 crt 0.002 out 0.020 spills+carry 0.012 total 0.534 s
dist_mn node 0: 2^26 = 2^13 x 2^13 over 4 x 4 ranks, 4 primes, P24 (rows 512..512; 60397977 + 20132659 limbs at 40265318, window [0, 0) of share [0, 15099494), accumulated): redistribute 0.039 ntt 0.459 crt 0.002 out 0.015 spills+carry 0.009 total 0.518 s
dist_mn node 0: 60397977 x 60397977 limbs over 4 x 4 ranks (cap 2^26 points, P24): 1 x 3 pieces, 3 formed, 0 skipped (low product) (cache 0 slots: 0 hits, 0 misses)
dist_mn node 1: 2^26 = 2^13 x 2^13 over 4 x 4 ranks, 4 primes, P24 (rows 512..512; 60397977 + 20132659 limbs at 40265318, window [0, 0) of share [15099494, 30198989), accumulated): redistribute 0.033 ntt 0.457 crt 0.002 out 0.018 spills+carry 0.009 total 0.518 s
dist_mn node 1: 60397977 x 60397977 limbs over 4 x 4 ranks (cap 2^26 points, P24): 1 x 3 pieces, 3 formed, 0 skipped (low product) (cache 0 slots: 0 hits, 0 misses)
dist_mn node 2: 2^26 = 2^13 x 2^13 over 4 x 4 ranks, 4 primes, P24 (rows 512..512; 60397977 + 20132659 limbs at 40265318, window [0, 5033166) of share [30198989, 45298484), accumulated): redistribute 0.032 ntt 0.464 crt 0.002 out 0.012 spills+carry 0.009 total 0.518 s
dist_mn node 2: 60397977 x 60397977 limbs over 4 x 4 ranks (cap 2^26 points, P24): 1 x 3 pieces, 3 formed, 0 skipped (low product) (cache 0 slots: 0 hits, 0 misses)
dist_mn node 3: 2^26 = 2^13 x 2^13 over 4 x 4 ranks, 4 primes, P24 (rows 512..512; 60397977 + 20132659 limbs at 40265318, window [5033166, 20132661) of share [45298484, 60397979), accumulated): redistribute 0.038 ntt 0.455 crt 0.002 out 0.018 spills+carry 0.009 total 0.518 s
dist_mn node 3: 60397977 x 60397977 limbs over 4 x 4 ranks (cap 2^26 points, P24): 1 x 3 pieces, 3 formed, 0 skipped (low product) (cache 0 slots: 0 hits, 0 misses)
dist_mn node 1: 60397977 + 60397977 limbs -> 60397979 (share 15099495): redistribute 0.138 ntt 1.419 crt 0.006 out 0.059 spills+carry 0.026, total 1.616 s
dist_mn node 0: 60397977 + 60397977 limbs -> 60397979 (share 15099494): redistribute 0.140 ntt 1.416 crt 0.005 out 0.061 spills+carry 0.026, total 1.615 s
dist_mn node 2: 60397977 + 60397977 limbs -> 60397979 (share 15099495): redistribute 0.131 ntt 1.426 crt 0.005 out 0.056 spills+carry 0.025, total 1.615 s
dist_mn node 3: 60397977 + 60397977 limbs -> 60397979 (share 15099495): redistribute 0.138 ntt 1.423 crt 0.006 out 0.058 spills+carry 0.025, total 1.615 s
dist_mn node 0: 2^26 = 2^13 x 2^13 over 4 x 4 ranks, 4 primes, P24 (rows 512..512; 30198989 + 30198989 limbs at 0, window [0, 7549747) of share [0, 7549747)): redistribute 0.054 ntt 0.493 crt 0.001 out 0.018 spills+carry 0.004 total 0.544 s
dist_mn node 0: 30198989 x 30198989 limbs over 4 x 4 ranks (cap 2^26 points, P24): 1 x 1 pieces, 1 formed, 0 skipped (low product) (cache 0 slots: 0 hits, 0 misses)
dist_mn node 1: 2^26 = 2^13 x 2^13 over 4 x 4 ranks, 4 primes, P24 (rows 512..512; 30198989 + 30198989 limbs at 0, window [7549747, 15099494) of share [7549747, 15099494)): redistribute 0.049 ntt 0.496 crt 0.002 out 0.016 spills+carry 0.004 total 0.542 s
dist_mn node 1: 30198989 x 30198989 limbs over 4 x 4 ranks (cap 2^26 points, P24): 1 x 1 pieces, 1 formed, 0 skipped (low product) (cache 0 slots: 0 hits, 0 misses)
dist_mn node 2: 2^26 = 2^13 x 2^13 over 4 x 4 ranks, 4 primes, P24 (rows 512..512; 30198989 + 30198989 limbs at 0, window [15099494, 22649241) of share [15099494, 22649241)): redistribute 0.055 ntt 0.494 crt 0.002 out 0.017 spills+carry 0.004 total 0.542 s
dist_mn node 2: 30198989 x 30198989 limbs over 4 x 4 ranks (cap 2^26 points, P24): 1 x 1 pieces, 1 formed, 0 skipped (low product) (cache 0 slots: 0 hits, 0 misses)
dist_mn node 3: 2^26 = 2^13 x 2^13 over 4 x 4 ranks, 4 primes, P24 (rows 512..512; 30198989 + 30198989 limbs at 0, window [22649241, 30198989) of share [22649241, 30198989)): redistribute 0.049 ntt 0.495 crt 0.002 out 0.017 spills+carry 0.004 total 0.542 s
dist_mn node 3: 30198989 x 30198989 limbs over 4 x 4 ranks (cap 2^26 points, P24): 1 x 1 pieces, 1 formed, 0 skipped (low product) (cache 0 slots: 0 hits, 0 misses)
dist_mn node 1: 30198989 + 30198989 limbs -> 1 (share 7549747): redistribute 0.049 ntt 0.496 crt 0.002 out 0.016 spills+carry 0.004, total 0.543 s
dist_mn node 2: 30198989 + 30198989 limbs -> 1 (share 7549747): redistribute 0.055 ntt 0.494 crt 0.002 out 0.017 spills+carry 0.004, total 0.543 s
dist_mn node 0: 30198989 + 30198989 limbs -> 1 (share 7549747): redistribute 0.054 ntt 0.493 crt 0.001 out 0.018 spills+carry 0.004, total 0.544 s
dist_mn node 3: 30198989 + 30198989 limbs -> 1 (share 7549748): redistribute 0.049 ntt 0.495 crt 0.002 out 0.017 spills+carry 0.004, total 0.543 s
dist_mn node 0: 2^26 = 2^13 x 2^13 over 4 x 4 ranks, 4 primes, P24 (rows 512..512; 60397977 + 20132659 limbs at 0, window [0, 30198988) of share [0, 30198988)): redistribute 0.053 ntt 0.521 crt 0.002 out 0.031 spills+carry 0.003 total 0.587 s
dist_mn node 1: 2^26 = 2^13 x 2^13 over 4 x 4 ranks, 4 primes, P24 (rows 512..512; 60397977 + 20132659 limbs at 0, window [30198988, 60397976) of share [30198988, 60397976)): redistribute 0.053 ntt 0.525 crt 0.002 out 0.028 spills+carry 0.003 total 0.586 s
dist_mn node 2: 2^26 = 2^13 x 2^13 over 4 x 4 ranks, 4 primes, P24 (rows 512..512; 60397977 + 20132659 limbs at 0, window [60397976, 80530636) of share [60397976, 90596964)): redistribute 0.052 ntt 0.518 crt 0.002 out 0.033 spills+carry 0.003 total 0.586 s
dist_mn node 3: 2^26 = 2^13 x 2^13 over 4 x 4 ranks, 4 primes, P24 (rows 512..512; 60397977 + 20132659 limbs at 0, window [80530636, 80530636) of share [90596964, 120795953)): redistribute 0.055 ntt 0.523 crt 0.002 out 0.030 spills+carry 0.003 total 0.587 s
dist_mn node 0: 2^26 = 2^13 x 2^13 over 4 x 4 ranks, 4 primes, P24 (rows 512..512; 60397977 + 20132659 limbs at 20132659, window [0, 10066329) of share [0, 30198988), accumulated): redistribute 0.035 ntt 0.474 crt 0.002 out 0.029 spills+carry 0.019 total 0.556 s
dist_mn node 1: 2^26 = 2^13 x 2^13 over 4 x 4 ranks, 4 primes, P24 (rows 512..512; 60397977 + 20132659 limbs at 20132659, window [10066329, 40265317) of share [30198988, 60397976), accumulated): redistribute 0.040 ntt 0.471 crt 0.003 out 0.027 spills+carry 0.019 total 0.556 s
dist_mn node 2: 2^26 = 2^13 x 2^13 over 4 x 4 ranks, 4 primes, P24 (rows 512..512; 60397977 + 20132659 limbs at 20132659, window [40265317, 70464305) of share [60397976, 90596964), accumulated): redistribute 0.039 ntt 0.472 crt 0.003 out 0.027 spills+carry 0.019 total 0.556 s
dist_mn node 3: 2^26 = 2^13 x 2^13 over 4 x 4 ranks, 4 primes, P24 (rows 512..512; 60397977 + 20132659 limbs at 20132659, window [70464305, 80530636) of share [90596964, 120795953), accumulated): redistribute 0.035 ntt 0.475 crt 0.002 out 0.027 spills+carry 0.019 total 0.556 s
dist_mn node 0: 2^26 = 2^13 x 2^13 over 4 x 4 ranks, 4 primes, P24 (rows 512..512; 60397977 + 20132659 limbs at 40265318, window [0, 0) of share [0, 30198988), accumulated): redistribute 0.034 ntt 0.475 crt 0.002 out 0.025 spills+carry 0.022 total 0.557 s
dist_mn node 0: 60397977 x 60397977 limbs over 4 x 4 ranks (cap 2^26 points, P24): 1 x 3 pieces, 3 formed, 0 skipped (low product) (cache 0 slots: 0 hits, 0 misses)
dist_mn node 1: 2^26 = 2^13 x 2^13 over 4 x 4 ranks, 4 primes, P24 (rows 512..512; 60397977 + 20132659 limbs at 40265318, window [0, 20132658) of share [30198988, 60397976), accumulated): redistribute 0.042 ntt 0.470 crt 0.003 out 0.026 spills+carry 0.021 total 0.557 s
dist_mn node 1: 60397977 x 60397977 limbs over 4 x 4 ranks (cap 2^26 points, P24): 1 x 3 pieces, 3 formed, 0 skipped (low product) (cache 0 slots: 0 hits, 0 misses)
dist_mn node 2: 2^26 = 2^13 x 2^13 over 4 x 4 ranks, 4 primes, P24 (rows 512..512; 60397977 + 20132659 limbs at 40265318, window [20132658, 50331646) of share [60397976, 90596964), accumulated): redistribute 0.032 ntt 0.475 crt 0.002 out 0.026 spills+carry 0.021 total 0.557 s
dist_mn node 2: 60397977 x 60397977 limbs over 4 x 4 ranks (cap 2^26 points, P24): 1 x 3 pieces, 3 formed, 0 skipped (low product) (cache 0 slots: 0 hits, 0 misses)
dist_mn node 3: 2^26 = 2^13 x 2^13 over 4 x 4 ranks, 4 primes, P24 (rows 512..512; 60397977 + 20132659 limbs at 40265318, window [50331646, 80530635) of share [90596964, 120795953), accumulated): redistribute 0.038 ntt 0.472 crt 0.002 out 0.027 spills+carry 0.021 total 0.557 s
dist_mn node 3: 60397977 x 60397977 limbs over 4 x 4 ranks (cap 2^26 points, P24): 1 x 3 pieces, 3 formed, 0 skipped (low product) (cache 0 slots: 0 hits, 0 misses)
dist_mn node 1: 60397977 + 60397977 limbs -> 120795953 (share 30198988): redistribute 0.135 ntt 1.466 crt 0.007 out 0.082 spills+carry 0.044, total 1.703 s
dist_mn node 2: 60397977 + 60397977 limbs -> 120795953 (share 30198988): redistribute 0.123 ntt 1.465 crt 0.007 out 0.086 spills+carry 0.043, total 1.703 s
dist_mn node 0: 60397977 + 60397977 limbs -> 120795953 (share 30198988): redistribute 0.123 ntt 1.469 crt 0.006 out 0.086 spills+carry 0.043, total 1.703 s
dist_mn node 3: 60397977 + 60397977 limbs -> 120795953 (share 30198989): redistribute 0.128 ntt 1.470 crt 0.007 out 0.084 spills+carry 0.043, total 1.703 s
dist_mn node 0: 2^26 = 2^13 x 2^13 over 4 x 4 ranks, 4 primes, P24 (rows 512..512; 60397977 + 20132659 limbs at 0, window [0, 30198988) of share [0, 30198988)): redistribute 0.079 ntt 0.500 crt 0.002 out 0.037 spills+carry 0.003 total 0.574 s
dist_mn node 1: 2^26 = 2^13 x 2^13 over 4 x 4 ranks, 4 primes, P24 (rows 512..512; 60397977 + 20132659 limbs at 0, window [30198988, 60397977) of share [30198988, 60397977)): redistribute 0.075 ntt 0.502 crt 0.002 out 0.036 spills+carry 0.003 total 0.575 s
dist_mn node 2: 2^26 = 2^13 x 2^13 over 4 x 4 ranks, 4 primes, P24 (rows 512..512; 60397977 + 20132659 limbs at 0, window [60397977, 80530636) of share [60397977, 90596965)): redistribute 0.073 ntt 0.497 crt 0.002 out 0.037 spills+carry 0.004 total 0.574 s
dist_mn node 3: 2^26 = 2^13 x 2^13 over 4 x 4 ranks, 4 primes, P24 (rows 512..512; 60397977 + 20132659 limbs at 0, window [80530636, 80530636) of share [90596965, 120795954)): redistribute 0.081 ntt 0.506 crt 0.002 out 0.033 spills+carry 0.004 total 0.574 s
dist_mn node 0: 2^26 = 2^13 x 2^13 over 4 x 4 ranks, 4 primes, P24 (rows 512..512; 60397977 + 20132659 limbs at 20132659, window [0, 10066329) of share [0, 30198988), accumulated): redistribute 0.042 ntt 0.467 crt 0.002 out 0.033 spills+carry 0.019 total 0.560 s
dist_mn node 1: 2^26 = 2^13 x 2^13 over 4 x 4 ranks, 4 primes, P24 (rows 512..512; 60397977 + 20132659 limbs at 20132659, window [10066329, 40265318) of share [30198988, 60397977), accumulated): redistribute 0.047 ntt 0.468 crt 0.002 out 0.033 spills+carry 0.019 total 0.561 s
dist_mn node 2: 2^26 = 2^13 x 2^13 over 4 x 4 ranks, 4 primes, P24 (rows 512..512; 60397977 + 20132659 limbs at 20132659, window [40265318, 70464306) of share [60397977, 90596965), accumulated): redistribute 0.040 ntt 0.468 crt 0.002 out 0.032 spills+carry 0.019 total 0.560 s
dist_mn node 3: 2^26 = 2^13 x 2^13 over 4 x 4 ranks, 4 primes, P24 (rows 512..512; 60397977 + 20132659 limbs at 20132659, window [70464306, 80530636) of share [90596965, 120795954), accumulated): redistribute 0.037 ntt 0.474 crt 0.001 out 0.029 spills+carry 0.019 total 0.561 s
dist_mn node 0: 2^26 = 2^13 x 2^13 over 4 x 4 ranks, 4 primes, P24 (rows 512..512; 60397977 + 20132659 limbs at 40265318, window [0, 0) of share [0, 30198988), accumulated): redistribute 0.031 ntt 0.465 crt 0.002 out 0.028 spills+carry 0.018 total 0.544 s
dist_mn node 0: 60397977 x 60397977 limbs over 4 x 4 ranks (cap 2^26 points, P24): 1 x 3 pieces, 3 formed, 0 skipped (low cut) (cache 0 slots: 0 hits, 0 misses)
dist_mn node 1: 2^26 = 2^13 x 2^13 over 4 x 4 ranks, 4 primes, P24 (rows 512..512; 60397977 + 20132659 limbs at 40265318, window [0, 20132659) of share [30198988, 60397977), accumulated): redistribute 0.035 ntt 0.466 crt 0.002 out 0.027 spills+carry 0.018 total 0.544 s
dist_mn node 1: 60397977 x 60397977 limbs over 4 x 4 ranks (cap 2^26 points, P24): 1 x 3 pieces, 3 formed, 0 skipped (low cut) (cache 0 slots: 0 hits, 0 misses)
dist_mn node 2: 2^26 = 2^13 x 2^13 over 4 x 4 ranks, 4 primes, P24 (rows 512..512; 60397977 + 20132659 limbs at 40265318, window [20132659, 50331647) of share [60397977, 90596965), accumulated): redistribute 0.031 ntt 0.470 crt 0.001 out 0.026 spills+carry 0.018 total 0.544 s
dist_mn node 2: 60397977 x 60397977 limbs over 4 x 4 ranks (cap 2^26 points, P24): 1 x 3 pieces, 3 formed, 0 skipped (low cut) (cache 0 slots: 0 hits, 0 misses)
dist_mn node 3: 2^26 = 2^13 x 2^13 over 4 x 4 ranks, 4 primes, P24 (rows 512..512; 60397977 + 20132659 limbs at 40265318, window [50331647, 80530636) of share [90596965, 120795954), accumulated): redistribute 0.031 ntt 0.466 crt 0.002 out 0.027 spills+carry 0.018 total 0.544 s
dist_mn node 3: 60397977 x 60397977 limbs over 4 x 4 ranks (cap 2^26 points, P24): 1 x 3 pieces, 3 formed, 0 skipped (low cut) (cache 0 slots: 0 hits, 0 misses)
dist_mn node 0: 60397977 + 60397977 limbs -> 120795954 (share 30198988): redistribute 0.152 ntt 1.433 crt 0.005 out 0.098 spills+carry 0.041, total 1.682 s
dist_mn node 1: 60397977 + 60397977 limbs -> 120795954 (share 30198989): redistribute 0.157 ntt 1.437 crt 0.005 out 0.096 spills+carry 0.041, total 1.682 s
dist_mn node 2: 60397977 + 60397977 limbs -> 120795954 (share 30198988): redistribute 0.144 ntt 1.435 crt 0.005 out 0.096 spills+carry 0.040, total 1.681 s
dist_mn node 3: 60397977 + 60397977 limbs -> 120795954 (share 30198989): redistribute 0.148 ntt 1.447 crt 0.004 out 0.089 spills+carry 0.041, total 1.681 s
dist_mn node 0: 2^26 = 2^13 x 2^13 over 4 x 4 ranks, 4 primes, P24 (rows 512..512; 60397977 + 20132659 limbs at 0, window [0, 30198988) of share [0, 30198988)): redistribute 0.049 ntt 0.467 crt 0.003 out 0.036 spills+carry 0.003 total 0.538 s
dist_mn node 1: 2^26 = 2^13 x 2^13 over 4 x 4 ranks, 4 primes, P24 (rows 512..512; 60397977 + 20132659 limbs at 0, window [30198988, 60397976) of share [30198988, 60397976)): redistribute 0.056 ntt 0.472 crt 0.002 out 0.034 spills+carry 0.003 total 0.538 s
dist_mn node 2: 2^26 = 2^13 x 2^13 over 4 x 4 ranks, 4 primes, P24 (rows 512..512; 60397977 + 20132659 limbs at 0, window [60397976, 80530636) of share [60397976, 90596964)): redistribute 0.054 ntt 0.468 crt 0.002 out 0.037 spills+carry 0.003 total 0.538 s
dist_mn node 3: 2^26 = 2^13 x 2^13 over 4 x 4 ranks, 4 primes, P24 (rows 512..512; 60397977 + 20132659 limbs at 0, window [80530636, 80530636) of share [90596964, 120795953)): redistribute 0.048 ntt 0.468 crt 0.002 out 0.036 spills+carry 0.004 total 0.537 s
dist_mn node 0: 2^26 = 2^13 x 2^13 over 4 x 4 ranks, 4 primes, P24 (rows 512..512; 60397977 + 20132659 limbs at 20132659, window [0, 10066329) of share [0, 30198988), accumulated): redistribute 0.031 ntt 0.434 crt 0.003 out 0.034 spills+carry 0.019 total 0.519 s
dist_mn node 1: 2^26 = 2^13 x 2^13 over 4 x 4 ranks, 4 primes, P24 (rows 512..512; 60397977 + 20132659 limbs at 20132659, window [10066329, 40265317) of share [30198988, 60397976), accumulated): redistribute 0.033 ntt 0.436 crt 0.003 out 0.031 spills+carry 0.019 total 0.519 s
dist_mn node 2: 2^26 = 2^13 x 2^13 over 4 x 4 ranks, 4 primes, P24 (rows 512..512; 60397977 + 20132659 limbs at 20132659, window [40265317, 70464305) of share [60397976, 90596964), accumulated): redistribute 0.032 ntt 0.434 crt 0.003 out 0.033 spills+carry 0.019 total 0.519 s
dist_mn node 3: 2^26 = 2^13 x 2^13 over 4 x 4 ranks, 4 primes, P24 (rows 512..512; 60397977 + 20132659 limbs at 20132659, window [70464305, 80530636) of share [90596964, 120795953), accumulated): redistribute 0.034 ntt 0.438 crt 0.003 out 0.028 spills+carry 0.019 total 0.519 s
dist_mn node 0: 2^26 = 2^13 x 2^13 over 4 x 4 ranks, 4 primes, P24 (rows 512..512; 60397977 + 20132659 limbs at 40265318, window [0, 0) of share [0, 30198988), accumulated): redistribute 0.041 ntt 0.452 crt 0.002 out 0.026 spills+carry 0.018 total 0.538 s
dist_mn node 0: 60397977 x 60397977 limbs over 4 x 4 ranks (cap 2^26 points, P24): 1 x 3 pieces, 3 formed, 0 skipped (low product) (low cut) (cache 0 slots: 0 hits, 0 misses)
dist_mn node 1: 2^26 = 2^13 x 2^13 over 4 x 4 ranks, 4 primes, P24 (rows 512..512; 60397977 + 20132659 limbs at 40265318, window [0, 20132658) of share [30198988, 60397976), accumulated): redistribute 0.034 ntt 0.454 crt 0.002 out 0.030 spills+carry 0.018 total 0.538 s
dist_mn node 1: 60397977 x 60397977 limbs over 4 x 4 ranks (cap 2^26 points, P24): 1 x 3 pieces, 3 formed, 0 skipped (low product) (low cut) (cache 0 slots: 0 hits, 0 misses)
dist_mn node 2: 2^26 = 2^13 x 2^13 over 4 x 4 ranks, 4 primes, P24 (rows 512..512; 60397977 + 20132659 limbs at 40265318, window [20132658, 50331646) of share [60397976, 90596964), accumulated): redistribute 0.037 ntt 0.453 crt 0.001 out 0.028 spills+carry 0.018 total 0.538 s
dist_mn node 2: 60397977 x 60397977 limbs over 4 x 4 ranks (cap 2^26 points, P24): 1 x 3 pieces, 3 formed, 0 skipped (low product) (low cut) (cache 0 slots: 0 hits, 0 misses)
dist_mn node 3: 2^26 = 2^13 x 2^13 over 4 x 4 ranks, 4 primes, P24 (rows 512..512; 60397977 + 20132659 limbs at 40265318, window [50331646, 80530635) of share [90596964, 120795953), accumulated): redistribute 0.040 ntt 0.448 crt 0.001 out 0.030 spills+carry 0.018 total 0.538 s
dist_mn node 3: 60397977 x 60397977 limbs over 4 x 4 ranks (cap 2^26 points, P24): 1 x 3 pieces, 3 formed, 0 skipped (low product) (low cut) (cache 0 slots: 0 hits, 0 misses)
dist_mn node 0: 60397977 + 60397977 limbs -> 120795953 (share 30198988): redistribute 0.121 ntt 1.353 crt 0.007 out 0.096 spills+carry 0.041, total 1.597 s
dist_mn node 1: 60397977 + 60397977 limbs -> 120795953 (share 30198988): redistribute 0.123 ntt 1.362 crt 0.006 out 0.095 spills+carry 0.040, total 1.597 s
dist_mn node 3: 60397977 + 60397977 limbs -> 120795953 (share 30198989): redistribute 0.122 ntt 1.355 crt 0.007 out 0.093 spills+carry 0.041, total 1.597 s
dist_mn node 2: 60397977 + 60397977 limbs -> 120795953 (share 30198988): redistribute 0.122 ntt 1.356 crt 0.007 out 0.098 spills+carry 0.041, total 1.597 s
dist_mn node 0: 2^26 = 2^13 x 2^13 over 4 x 4 ranks, 4 primes, P24 (rows 512..512; 60397977 + 20132659 limbs at 0, window [0, 30198988) of share [0, 30198988)): redistribute 0.054 ntt 0.495 crt 0.002 out 0.031 spills+carry 0.003 total 0.568 s
dist_mn node 1: 2^26 = 2^13 x 2^13 over 4 x 4 ranks, 4 primes, P24 (rows 512..512; 60397977 + 20132659 limbs at 0, window [30198988, 60397977) of share [30198988, 60397977)): redistribute 0.044 ntt 0.496 crt 0.002 out 0.030 spills+carry 0.003 total 0.568 s
dist_mn node 2: 2^26 = 2^13 x 2^13 over 4 x 4 ranks, 4 primes, P24 (rows 512..512; 60397977 + 20132659 limbs at 0, window [60397977, 80530636) of share [60397977, 90596965)): redistribute 0.046 ntt 0.495 crt 0.002 out 0.032 spills+carry 0.004 total 0.566 s
dist_mn node 3: 2^26 = 2^13 x 2^13 over 4 x 4 ranks, 4 primes, P24 (rows 512..512; 60397977 + 20132659 limbs at 0, window [80530636, 80530636) of share [90596965, 120795954)): redistribute 0.056 ntt 0.497 crt 0.002 out 0.031 spills+carry 0.004 total 0.564 s
dist_mn node 0: 2^26 = 2^13 x 2^13 over 4 x 4 ranks, 4 primes, P24 (rows 512..512; 60397977 + 20132659 limbs at 20132659, window [0, 10066329) of share [0, 30198988), accumulated): redistribute 0.036 ntt 0.434 crt 0.001 out 0.033 spills+carry 0.017 total 0.521 s
dist_mn node 1: 2^26 = 2^13 x 2^13 over 4 x 4 ranks, 4 primes, P24 (rows 512..512; 60397977 + 20132659 limbs at 20132659, window [10066329, 40265318) of share [30198988, 60397977), accumulated): redistribute 0.043 ntt 0.433 crt 0.001 out 0.032 spills+carry 0.017 total 0.521 s
dist_mn node 2: 2^26 = 2^13 x 2^13 over 4 x 4 ranks, 4 primes, P24 (rows 512..512; 60397977 + 20132659 limbs at 20132659, window [40265318, 70464306) of share [60397977, 90596965), accumulated): redistribute 0.037 ntt 0.438 crt 0.001 out 0.027 spills+carry 0.017 total 0.521 s
dist_mn node 3: 2^26 = 2^13 x 2^13 over 4 x 4 ranks, 4 primes, P24 (rows 512..512; 60397977 + 20132659 limbs at 20132659, window [70464306, 80530636) of share [90596965, 120795954), accumulated): redistribute 0.037 ntt 0.435 crt 0.001 out 0.033 spills+carry 0.017 total 0.521 s
dist_mn node 0: 2^26 = 2^13 x 2^13 over 4 x 4 ranks, 4 primes, P24 (rows 512..512; 60397977 + 20132659 limbs at 40265318, window [0, 0) of share [0, 30198988), accumulated): redistribute 0.039 ntt 0.460 crt 0.002 out 0.028 spills+carry 0.018 total 0.545 s
dist_mn node 0: 60397977 x 60397977 limbs over 4 x 4 ranks (cap 2^26 points, P24): 1 x 3 pieces, 3 formed, 0 skipped (low cut) (cache 0 slots: 0 hits, 0 misses)
dist_mn node 1: 2^26 = 2^13 x 2^13 over 4 x 4 ranks, 4 primes, P24 (rows 512..512; 60397977 + 20132659 limbs at 40265318, window [0, 20132659) of share [30198988, 60397977), accumulated): redistribute 0.033 ntt 0.466 crt 0.002 out 0.028 spills+carry 0.018 total 0.545 s
dist_mn node 1: 60397977 x 60397977 limbs over 4 x 4 ranks (cap 2^26 points, P24): 1 x 3 pieces, 3 formed, 0 skipped (low cut) (cache 0 slots: 0 hits, 0 misses)
dist_mn node 2: 2^26 = 2^13 x 2^13 over 4 x 4 ranks, 4 primes, P24 (rows 512..512; 60397977 + 20132659 limbs at 40265318, window [20132659, 50331647) of share [60397977, 90596965), accumulated): redistribute 0.032 ntt 0.467 crt 0.001 out 0.027 spills+carry 0.017 total 0.545 s
dist_mn node 2: 60397977 x 60397977 limbs over 4 x 4 ranks (cap 2^26 points, P24): 1 x 3 pieces, 3 formed, 0 skipped (low cut) (cache 0 slots: 0 hits, 0 misses)
dist_mn node 3: 2^26 = 2^13 x 2^13 over 4 x 4 ranks, 4 primes, P24 (rows 512..512; 60397977 + 20132659 limbs at 40265318, window [50331647, 80530636) of share [90596965, 120795954), accumulated): redistribute 0.038 ntt 0.468 crt 0.001 out 0.026 spills+carry 0.017 total 0.545 s
dist_mn node 3: 60397977 x 60397977 limbs over 4 x 4 ranks (cap 2^26 points, P24): 1 x 3 pieces, 3 formed, 0 skipped (low cut) (cache 0 slots: 0 hits, 0 misses)
dist_mn node 0: 60397977 + 60397977 limbs -> 120795954 (share 30198988): redistribute 0.128 ntt 1.389 crt 0.005 out 0.091 spills+carry 0.038, total 1.637 s
dist_mn node 2: 60397977 + 60397977 limbs -> 120795954 (share 30198988): redistribute 0.115 ntt 1.401 crt 0.005 out 0.086 spills+carry 0.038, total 1.637 s
dist_mn node 1: 60397977 + 60397977 limbs -> 120795954 (share 30198989): redistribute 0.121 ntt 1.396 crt 0.004 out 0.090 spills+carry 0.038, total 1.637 s
dist_mn node 3: 60397977 + 60397977 limbs -> 120795954 (share 30198989): redistribute 0.131 ntt 1.400 crt 0.004 out 0.090 spills+carry 0.038, total 1.637 s
dist_mn node 0: 2^26 = 2^13 x 2^13 over 4 x 4 ranks, 4 primes, P24 (rows 512..512; 60397977 + 20132659 limbs at 0, window [0, 30198988) of share [0, 30198988)): redistribute 0.083 ntt 0.512 crt 0.002 out 0.034 spills+carry 0.004 total 0.584 s
dist_mn node 1: 2^26 = 2^13 x 2^13 over 4 x 4 ranks, 4 primes, P24 (rows 512..512; 60397977 + 20132659 limbs at 0, window [30198988, 60397976) of share [30198988, 60397976)): redistribute 0.079 ntt 0.519 crt 0.002 out 0.031 spills+carry 0.003 total 0.583 s
dist_mn node 2: 2^26 = 2^13 x 2^13 over 4 x 4 ranks, 4 primes, P24 (rows 512..512; 60397977 + 20132659 limbs at 0, window [60397976, 80530636) of share [60397976, 90596964)): redistribute 0.081 ntt 0.515 crt 0.002 out 0.032 spills+carry 0.004 total 0.581 s
dist_mn node 3: 2^26 = 2^13 x 2^13 over 4 x 4 ranks, 4 primes, P24 (rows 512..512; 60397977 + 20132659 limbs at 0, window [80530636, 80530636) of share [90596964, 120795953)): redistribute 0.073 ntt 0.515 crt 0.002 out 0.034 spills+carry 0.004 total 0.584 s
dist_mn node 0: 2^26 = 2^13 x 2^13 over 4 x 4 ranks, 4 primes, P24 (rows 512..512; 60397977 + 20132659 limbs at 20132659, window [0, 10066329) of share [0, 30198988), accumulated): redistribute 0.034 ntt 0.468 crt 0.003 out 0.028 spills+carry 0.019 total 0.550 s
dist_mn node 1: 2^26 = 2^13 x 2^13 over 4 x 4 ranks, 4 primes, P24 (rows 512..512; 60397977 + 20132659 limbs at 20132659, window [10066329, 40265317) of share [30198988, 60397976), accumulated): redistribute 0.036 ntt 0.466 crt 0.002 out 0.027 spills+carry 0.018 total 0.550 s
dist_mn node 2: 2^26 = 2^13 x 2^13 over 4 x 4 ranks, 4 primes, P24 (rows 512..512; 60397977 + 20132659 limbs at 20132659, window [40265317, 70464305) of share [60397976, 90596964), accumulated): redistribute 0.035 ntt 0.467 crt 0.002 out 0.027 spills+carry 0.019 total 0.550 s
dist_mn node 3: 2^26 = 2^13 x 2^13 over 4 x 4 ranks, 4 primes, P24 (rows 512..512; 60397977 + 20132659 limbs at 20132659, window [70464305, 80530636) of share [90596964, 120795953), accumulated): redistribute 0.033 ntt 0.471 crt 0.001 out 0.025 spills+carry 0.018 total 0.550 s
dist_mn node 0: 2^26 = 2^13 x 2^13 over 4 x 4 ranks, 4 primes, P24 (rows 512..512; 60397977 + 20132659 limbs at 40265318, window [0, 0) of share [0, 30198988), accumulated): redistribute 0.033 ntt 0.457 crt 0.001 out 0.025 spills+carry 0.018 total 0.533 s
dist_mn node 0: 60397977 x 60397977 limbs over 4 x 4 ranks (cap 2^26 points, P24): 1 x 3 pieces, 3 formed, 0 skipped (low product) (low cut) (cache 0 slots: 0 hits, 0 misses)
dist_mn node 1: 2^26 = 2^13 x 2^13 over 4 x 4 ranks, 4 primes, P24 (rows 512..512; 60397977 + 20132659 limbs at 40265318, window [0, 20132658) of share [30198988, 60397976), accumulated): redistribute 0.034 ntt 0.454 crt 0.003 out 0.028 spills+carry 0.018 total 0.533 s
dist_mn node 1: 60397977 x 60397977 limbs over 4 x 4 ranks (cap 2^26 points, P24): 1 x 3 pieces, 3 formed, 0 skipped (low product) (low cut) (cache 0 slots: 0 hits, 0 misses)
dist_mn node 2: 2^26 = 2^13 x 2^13 over 4 x 4 ranks, 4 primes, P24 (rows 512..512; 60397977 + 20132659 limbs at 40265318, window [20132658, 50331646) of share [60397976, 90596964), accumulated): redistribute 0.032 ntt 0.455 crt 0.003 out 0.028 spills+carry 0.018 total 0.533 s
dist_mn node 2: 60397977 x 60397977 limbs over 4 x 4 ranks (cap 2^26 points, P24): 1 x 3 pieces, 3 formed, 0 skipped (low product) (low cut) (cache 0 slots: 0 hits, 0 misses)
dist_mn node 3: 2^26 = 2^13 x 2^13 over 4 x 4 ranks, 4 primes, P24 (rows 512..512; 60397977 + 20132659 limbs at 40265318, window [50331646, 80530635) of share [90596964, 120795953), accumulated): redistribute 0.033 ntt 0.462 crt 0.003 out 0.024 spills+carry 0.018 total 0.533 s
dist_mn node 3: 60397977 x 60397977 limbs over 4 x 4 ranks (cap 2^26 points, P24): 1 x 3 pieces, 3 formed, 0 skipped (low product) (low cut) (cache 0 slots: 0 hits, 0 misses)
dist_mn node 1: 60397977 + 60397977 limbs -> 120795953 (share 30198988): redistribute 0.149 ntt 1.438 crt 0.007 out 0.087 spills+carry 0.040, total 1.672 s
dist_mn node 2: 60397977 + 60397977 limbs -> 120795953 (share 30198988): redistribute 0.148 ntt 1.436 crt 0.007 out 0.087 spills+carry 0.040, total 1.671 s
dist_mn node 0: 60397977 + 60397977 limbs -> 120795953 (share 30198988): redistribute 0.150 ntt 1.437 crt 0.006 out 0.088 spills+carry 0.040, total 1.671 s
dist_mn node 3: 60397977 + 60397977 limbs -> 120795953 (share 30198989): redistribute 0.139 ntt 1.448 crt 0.006 out 0.083 spills+carry 0.040, total 1.672 s
dist_mn node 0: 60397977 x 60397977 limbs over 4 x 4 ranks (cap 2^26 points, P24): 1 x 3 pieces, 0 formed, 3 skipped (low cut) (cache 0 slots: 0 hits, 0 misses)
dist_mn node 1: 60397977 x 60397977 limbs over 4 x 4 ranks (cap 2^26 points, P24): 1 x 3 pieces, 0 formed, 3 skipped (low cut) (cache 0 slots: 0 hits, 0 misses)
dist_mn node 2: 60397977 x 60397977 limbs over 4 x 4 ranks (cap 2^26 points, P24): 1 x 3 pieces, 0 formed, 3 skipped (low cut) (cache 0 slots: 0 hits, 0 misses)
dist_mn node 3: 60397977 x 60397977 limbs over 4 x 4 ranks (cap 2^26 points, P24): 1 x 3 pieces, 0 formed, 3 skipped (low cut) (cache 0 slots: 0 hits, 0 misses)
dist_mn node 0: 60397977 + 60397977 limbs -> 0 (share 30198988): redistribute 0.000 ntt 0.000 crt 0.000 out 0.000 spills+carry 0.000, total 0.003 s
dist_mn node 3: 60397977 + 60397977 limbs -> 0 (share 30198989): redistribute 0.000 ntt 0.000 crt 0.000 out 0.000 spills+carry 0.000, total 0.006 s
dist_mn node 1: 60397977 + 60397977 limbs -> 0 (share 30198989): redistribute 0.000 ntt 0.000 crt 0.000 out 0.000 spills+carry 0.000, total 0.007 s
dist_mn node 2: 60397977 + 60397977 limbs -> 0 (share 30198988): redistribute 0.000 ntt 0.000 crt 0.000 out 0.000 spills+carry 0.000, total 0.007 s
mdev 3*2^25 (80530636 limbs): repack 0.169 h2d 0.001 fwd 0.009 inv 0.005 d2h 0.104 crt 0.064 total 0.299 s
mdev 3*2^25 (80530636 limbs): repack 0.105 h2d 0.001 fwd 0.029 inv 0.015 d2h 0.164 crt 0.062 total 0.318 s
mdev 3*2^25 (80530636 limbs): repack 0.101 h2d 0.003 fwd 0.031 inv 0.013 d2h 0.193 crt 0.068 total 0.342 s
mdev 3*2^25 (80530636 limbs): repack 0.092 h2d 0.002 fwd 0.029 inv 0.014 d2h 0.195 crt 0.184 total 0.382 s
mdev 3*2^25 (80530636 limbs): repack 0.092 h2d 0.002 fwd 0.010 inv 0.006 d2h 0.120 crt 0.085 total 0.238 s
mdev 3*2^25 (80530636 limbs): repack 0.095 h2d 0.002 fwd 0.021 inv 0.008 d2h 0.135 crt 0.067 total 0.274 s
mdev 3*2^25 (80530636 limbs): repack 0.141 h2d 0.001 fwd 0.023 inv 0.013 d2h 0.136 crt 0.169 total 0.316 s
mdev 3*2^25 (80530636 limbs): repack 0.110 h2d 0.002 fwd 0.022 inv 0.014 d2h 0.164 crt 0.098 total 0.323 s
mdev 3*2^25 (80530636 limbs): repack 0.103 h2d 0.001 fwd 0.009 inv 0.006 d2h 0.191 crt 0.046 total 0.317 s
mdev 3*2^25 (80530636 limbs): repack 0.077 h2d 0.002 fwd 0.011 inv 0.007 d2h 0.093 crt 0.035 total 0.194 s
mdev 3*2^25 (80530636 limbs): repack 0.077 h2d 0.002 fwd 0.010 inv 0.006 d2h 0.156 crt 0.120 total 0.258 s
mdev 3*2^25 (80530636 limbs): repack 0.086 h2d 0.002 fwd 0.010 inv 0.006 d2h 0.130 crt 0.056 total 0.238 s
dist_mn node 0: 60397977 x 60397977 limbs over 4 x 4 ranks (cap 2^26 points, P24): 1 x 3 pieces, 0 formed, 3 skipped (low product) (low cut) (cache 0 slots: 0 hits, 0 misses)
dist_mn node 1: 60397977 x 60397977 limbs over 4 x 4 ranks (cap 2^26 points, P24): 1 x 3 pieces, 0 formed, 3 skipped (low product) (low cut) (cache 0 slots: 0 hits, 0 misses)
dist_mn node 2: 60397977 x 60397977 limbs over 4 x 4 ranks (cap 2^26 points, P24): 1 x 3 pieces, 0 formed, 3 skipped (low product) (low cut) (cache 0 slots: 0 hits, 0 misses)
dist_mn node 3: 60397977 x 60397977 limbs over 4 x 4 ranks (cap 2^26 points, P24): 1 x 3 pieces, 0 formed, 3 skipped (low product) (low cut) (cache 0 slots: 0 hits, 0 misses)
dist_mn node 0: 60397977 + 60397977 limbs -> 0 (share 30198988): redistribute 0.000 ntt 0.000 crt 0.000 out 0.000 spills+carry 0.000, total 0.002 s
dist_mn node 1: 60397977 + 60397977 limbs -> 0 (share 30198988): redistribute 0.000 ntt 0.000 crt 0.000 out 0.000 spills+carry 0.000, total 0.002 s
dist_mn node 2: 60397977 + 60397977 limbs -> 0 (share 30198988): redistribute 0.000 ntt 0.000 crt 0.000 out 0.000 spills+carry 0.000, total 0.002 s
dist_mn node 3: 60397977 + 60397977 limbs -> 0 (share 30198989): redistribute 0.000 ntt 0.000 crt 0.000 out 0.000 spills+carry 0.000, total 0.002 s
mdev 3*2^25 (80530636 limbs): repack 0.101 h2d 0.002 fwd 0.024 inv 0.012 d2h 0.061 crt 0.049 total 0.202 s
mdev 3*2^25 (80530636 limbs): repack 0.109 h2d 0.002 fwd 0.009 inv 0.006 d2h 0.131 crt 0.134 total 0.272 s
mdev 3*2^25 (80530636 limbs): repack 0.087 h2d 0.001 fwd 0.019 inv 0.015 d2h 0.150 crt 0.081 total 0.283 s
mdev 3*2^25 (80530636 limbs): repack 0.116 h2d 0.003 fwd 0.020 inv 0.009 d2h 0.221 crt 0.144 total 0.369 s
mdev 3*2^25 (80530636 limbs): repack 0.167 h2d 0.001 fwd 0.012 inv 0.011 d2h 0.158 crt 0.139 total 0.354 s
mdev 3*2^25 (80530636 limbs): repack 0.139 h2d 0.001 fwd 0.016 inv 0.006 d2h 0.227 crt 0.174 total 0.403 s
mdev 3*2^25 (80530636 limbs): repack 0.146 h2d 0.002 fwd 0.010 inv 0.005 d2h 0.174 crt 0.127 total 0.349 s
mdev 3*2^25 (80530636 limbs): repack 0.148 h2d 0.001 fwd 0.010 inv 0.006 d2h 0.164 crt 0.152 total 0.339 s
mdev 3*2^25 (80530636 limbs): repack 0.132 h2d 0.001 fwd 0.010 inv 0.006 d2h 0.206 crt 0.143 total 0.363 s
mdev 3*2^25 (80530636 limbs): repack 0.130 h2d 0.002 fwd 0.010 inv 0.006 d2h 0.154 crt 0.125 total 0.308 s
mdev 3*2^25 (80530636 limbs): repack 0.197 h2d 0.002 fwd 0.010 inv 0.006 d2h 0.129 crt 0.147 total 0.354 s
mdev 3*2^25 (80530636 limbs): repack 0.108 h2d 0.001 fwd 0.010 inv 0.006 d2h 0.116 crt 0.106 total 0.248 s
dist_mn node 0: 2^26 = 2^13 x 2^13 over 4 x 4 ranks, 4 primes, P24 (rows 512..512; 60397977 + 20132659 limbs at 0, window [0, 30198988) of share [0, 30198988)): redistribute 0.045 ntt 0.461 crt 0.002 out 0.039 spills+carry 0.003 total 0.537 s
dist_mn node 1: 2^26 = 2^13 x 2^13 over 4 x 4 ranks, 4 primes, P24 (rows 512..512; 60397977 + 20132659 limbs at 0, window [30198988, 60397977) of share [30198988, 60397977)): redistribute 0.045 ntt 0.462 crt 0.002 out 0.036 spills+carry 0.004 total 0.537 s
dist_mn node 2: 2^26 = 2^13 x 2^13 over 4 x 4 ranks, 4 primes, P24 (rows 512..512; 60397977 + 20132659 limbs at 0, window [60397977, 80530636) of share [60397977, 90596965)): redistribute 0.045 ntt 0.460 crt 0.001 out 0.038 spills+carry 0.004 total 0.537 s
dist_mn node 3: 2^26 = 2^13 x 2^13 over 4 x 4 ranks, 4 primes, P24 (rows 512..512; 60397977 + 20132659 limbs at 0, window [80530636, 80530636) of share [90596965, 120795954)): redistribute 0.045 ntt 0.459 crt 0.002 out 0.040 spills+carry 0.003 total 0.537 s
dist_mn node 0: 2^26 = 2^13 x 2^13 over 4 x 4 ranks, 4 primes, P24 (rows 512..512; 60397977 + 20132659 limbs at 20132659, window [0, 10066329) of share [0, 30198988), accumulated): redistribute 0.033 ntt 0.493 crt 0.002 out 0.031 spills+carry 0.018 total 0.576 s
dist_mn node 1: 2^26 = 2^13 x 2^13 over 4 x 4 ranks, 4 primes, P24 (rows 512..512; 60397977 + 20132659 limbs at 20132659, window [10066329, 40265318) of share [30198988, 60397977), accumulated): redistribute 0.040 ntt 0.494 crt 0.002 out 0.033 spills+carry 0.018 total 0.576 s
dist_mn node 2: 2^26 = 2^13 x 2^13 over 4 x 4 ranks, 4 primes, P24 (rows 512..512; 60397977 + 20132659 limbs at 20132659, window [40265318, 70464306) of share [60397977, 90596965), accumulated): redistribute 0.033 ntt 0.494 crt 0.002 out 0.033 spills+carry 0.018 total 0.576 s
dist_mn node 3: 2^26 = 2^13 x 2^13 over 4 x 4 ranks, 4 primes, P24 (rows 512..512; 60397977 + 20132659 limbs at 20132659, window [70464306, 80530636) of share [90596965, 120795954), accumulated): redistribute 0.030 ntt 0.499 crt 0.002 out 0.028 spills+carry 0.018 total 0.576 s
dist_mn node 0: 2^26 = 2^13 x 2^13 over 4 x 4 ranks, 4 primes, P24 (rows 512..512; 60397977 + 20132659 limbs at 40265318, window [0, 0) of share [0, 30198988), accumulated): redistribute 0.035 ntt 0.487 crt 0.001 out 0.026 spills+carry 0.018 total 0.565 s
dist_mn node 0: 60397977 x 60397977 limbs over 4 x 4 ranks (cap 2^26 points, P24): 1 x 3 pieces, 3 formed, 0 skipped (cache 0 slots: 0 hits, 0 misses)
dist_mn node 1: 2^26 = 2^13 x 2^13 over 4 x 4 ranks, 4 primes, P24 (rows 512..512; 60397977 + 20132659 limbs at 40265318, window [0, 20132659) of share [30198988, 60397977), accumulated): redistribute 0.046 ntt 0.483 crt 0.002 out 0.027 spills+carry 0.017 total 0.565 s
dist_mn node 1: 60397977 x 60397977 limbs over 4 x 4 ranks (cap 2^26 points, P24): 1 x 3 pieces, 3 formed, 0 skipped (cache 0 slots: 0 hits, 0 misses)
dist_mn node 2: 2^26 = 2^13 x 2^13 over 4 x 4 ranks, 4 primes, P24 (rows 512..512; 60397977 + 20132659 limbs at 40265318, window [20132659, 50331647) of share [60397977, 90596965), accumulated): redistribute 0.044 ntt 0.481 crt 0.002 out 0.029 spills+carry 0.017 total 0.565 s
dist_mn node 2: 60397977 x 60397977 limbs over 4 x 4 ranks (cap 2^26 points, P24): 1 x 3 pieces, 3 formed, 0 skipped (cache 0 slots: 0 hits, 0 misses)
dist_mn node 3: 2^26 = 2^13 x 2^13 over 4 x 4 ranks, 4 primes, P24 (rows 512..512; 60397977 + 20132659 limbs at 40265318, window [50331647, 80530636) of share [90596965, 120795954), accumulated): redistribute 0.035 ntt 0.481 crt 0.002 out 0.029 spills+carry 0.017 total 0.565 s
dist_mn node 3: 60397977 x 60397977 limbs over 4 x 4 ranks (cap 2^26 points, P24): 1 x 3 pieces, 3 formed, 0 skipped (cache 0 slots: 0 hits, 0 misses)
dist_mn node 0: 60397977 + 60397977 limbs -> 120795954 (share 30198988): redistribute 0.112 ntt 1.441 crt 0.006 out 0.096 spills+carry 0.039, total 1.945 s
dist_mn node 1: 60397977 + 60397977 limbs -> 120795954 (share 30198989): redistribute 0.131 ntt 1.439 crt 0.006 out 0.096 spills+carry 0.039, total 1.681 s
dist_mn node 2: 60397977 + 60397977 limbs -> 120795954 (share 30198988): redistribute 0.122 ntt 1.435 crt 0.005 out 0.101 spills+carry 0.039, total 1.690 s
dist_mn node 3: 60397977 + 60397977 limbs -> 120795954 (share 30198989): redistribute 0.110 ntt 1.439 crt 0.006 out 0.097 spills+carry 0.039, total 1.809 s
dist_mn node 0: 2^26 = 2^13 x 2^13 over 4 x 4 ranks, 4 primes, P24 (rows 512..512; 60397977 + 20132659 limbs at 0, window [0, 30198988) of share [0, 30198988)): redistribute 0.074 ntt 0.504 crt 0.002 out 0.038 spills+carry 0.003 total 0.578 s
dist_mn node 1: 2^26 = 2^13 x 2^13 over 4 x 4 ranks, 4 primes, P24 (rows 512..512; 60397977 + 20132659 limbs at 0, window [30198988, 60397976) of share [30198988, 60397976)): redistribute 0.072 ntt 0.502 crt 0.002 out 0.036 spills+carry 0.003 total 0.578 s
dist_mn node 2: 2^26 = 2^13 x 2^13 over 4 x 4 ranks, 4 primes, P24 (rows 512..512; 60397977 + 20132659 limbs at 0, window [60397976, 80530636) of share [60397976, 90596964)): redistribute 0.069 ntt 0.502 crt 0.002 out 0.035 spills+carry 0.003 total 0.578 s
dist_mn node 3: 2^26 = 2^13 x 2^13 over 4 x 4 ranks, 4 primes, P24 (rows 512..512; 60397977 + 20132659 limbs at 0, window [80530636, 80530636) of share [90596964, 120795953)): redistribute 0.072 ntt 0.506 crt 0.002 out 0.037 spills+carry 0.004 total 0.578 s
dist_mn node 0: 2^26 = 2^13 x 2^13 over 4 x 4 ranks, 4 primes, P24 (rows 512..512; 60397977 + 20132659 limbs at 20132659, window [0, 10066329) of share [0, 30198988), accumulated): redistribute 0.036 ntt 0.467 crt 0.002 out 0.029 spills+carry 0.019 total 0.551 s
dist_mn node 1: 2^26 = 2^13 x 2^13 over 4 x 4 ranks, 4 primes, P24 (rows 512..512; 60397977 + 20132659 limbs at 20132659, window [10066329, 40265317) of share [30198988, 60397976), accumulated): redistribute 0.035 ntt 0.466 crt 0.002 out 0.033 spills+carry 0.018 total 0.551 s
dist_mn node 2: 2^26 = 2^13 x 2^13 over 4 x 4 ranks, 4 primes, P24 (rows 512..512; 60397977 + 20132659 limbs at 20132659, window [40265317, 70464305) of share [60397976, 90596964), accumulated): redistribute 0.036 ntt 0.467 crt 0.001 out 0.030 spills+carry 0.018 total 0.551 s
dist_mn node 3: 2^26 = 2^13 x 2^13 over 4 x 4 ranks, 4 primes, P24 (rows 512..512; 60397977 + 20132659 limbs at 20132659, window [70464305, 80530636) of share [90596964, 120795953), accumulated): redistribute 0.036 ntt 0.468 crt 0.002 out 0.029 spills+carry 0.018 total 0.551 s
dist_mn node 0: 2^26 = 2^13 x 2^13 over 4 x 4 ranks, 4 primes, P24 (rows 512..512; 60397977 + 20132659 limbs at 40265318, window [0, 0) of share [0, 30198988), accumulated): redistribute 0.039 ntt 0.463 crt 0.002 out 0.025 spills+carry 0.018 total 0.543 s
dist_mn node 0: 60397977 x 60397977 limbs over 4 x 4 ranks (cap 2^26 points, P24): 1 x 3 pieces, 3 formed, 0 skipped (low product) (cache 0 slots: 0 hits, 0 misses)
dist_mn node 1: 2^26 = 2^13 x 2^13 over 4 x 4 ranks, 4 primes, P24 (rows 512..512; 60397977 + 20132659 limbs at 40265318, window [0, 20132658) of share [30198988, 60397976), accumulated): redistribute 0.040 ntt 0.462 crt 0.001 out 0.027 spills+carry 0.018 total 0.543 s
dist_mn node 1: 60397977 x 60397977 limbs over 4 x 4 ranks (cap 2^26 points, P24): 1 x 3 pieces, 3 formed, 0 skipped (low product) (cache 0 slots: 0 hits, 0 misses)
dist_mn node 2: 2^26 = 2^13 x 2^13 over 4 x 4 ranks, 4 primes, P24 (rows 512..512; 60397977 + 20132659 limbs at 40265318, window [20132658, 50331646) of share [60397976, 90596964), accumulated): redistribute 0.037 ntt 0.463 crt 0.001 out 0.029 spills+carry 0.018 total 0.543 s
dist_mn node 2: 60397977 x 60397977 limbs over 4 x 4 ranks (cap 2^26 points, P24): 1 x 3 pieces, 3 formed, 0 skipped (low product) (cache 0 slots: 0 hits, 0 misses)
dist_mn node 3: 2^26 = 2^13 x 2^13 over 4 x 4 ranks, 4 primes, P24 (rows 512..512; 60397977 + 20132659 limbs at 40265318, window [50331646, 80530635) of share [90596964, 120795953), accumulated): redistribute 0.038 ntt 0.463 crt 0.002 out 0.025 spills+carry 0.018 total 0.543 s
dist_mn node 3: 60397977 x 60397977 limbs over 4 x 4 ranks (cap 2^26 points, P24): 1 x 3 pieces, 3 formed, 0 skipped (low product) (cache 0 slots: 0 hits, 0 misses)
dist_mn node 0: 60397977 + 60397977 limbs -> 120795953 (share 30198988): redistribute 0.148 ntt 1.433 crt 0.007 out 0.091 spills+carry 0.040, total 1.676 s
dist_mn node 2: 60397977 + 60397977 limbs -> 120795953 (share 30198988): redistribute 0.142 ntt 1.432 crt 0.004 out 0.094 spills+carry 0.040, total 1.676 s
dist_mn node 1: 60397977 + 60397977 limbs -> 120795953 (share 30198988): redistribute 0.147 ntt 1.429 crt 0.006 out 0.095 spills+carry 0.040, total 1.677 s
dist_mn node 3: 60397977 + 60397977 limbs -> 120795953 (share 30198989): redistribute 0.146 ntt 1.437 crt 0.007 out 0.091 spills+carry 0.040, total 1.676 s
dist_mn node 0: 2^26 = 2^13 x 2^13 over 4 x 4 ranks, 4 primes, P24 (rows 512..512; 30198988 + 30198985 limbs at 0, window [0, 22649239) of share [0, 22649239)): redistribute 0.079 ntt 0.533 crt 0.002 out 0.038 spills+carry 0.005 total 0.603 s
dist_mn node 2: 2^26 = 2^13 x 2^13 over 4 x 4 ranks, 4 primes, P24 (rows 512..512; 30198988 + 30198985 limbs at 0, window [45298479, 60397973) of share [45298479, 67947718)): redistribute 0.078 ntt 0.532 crt 0.002 out 0.039 spills+carry 0.005 total 0.603 s
dist_mn node 3: 2^26 = 2^13 x 2^13 over 4 x 4 ranks, 4 primes, P24 (rows 512..512; 30198988 + 30198985 limbs at 0, window [60397973, 60397973) of share [67947718, 90596958)): redistribute 0.062 ntt 0.541 crt 0.002 out 0.032 spills+carry 0.005 total 0.603 s
dist_mn node 1: 2^26 = 2^13 x 2^13 over 4 x 4 ranks, 4 primes, P24 (rows 512..512; 30198988 + 30198985 limbs at 0, window [22649239, 45298479) of share [22649239, 45298479)): redistribute 0.062 ntt 0.534 crt 0.002 out 0.039 spills+carry 0.005 total 0.603 s
dist_mn node 1: 2^26 = 2^13 x 2^13 over 4 x 4 ranks, 4 primes, P24 (rows 512..512; 30198988 + 30198985 limbs at 30198985, window [0, 15099494) of share [22649239, 45298479), accumulated): redistribute 0.030 ntt 0.471 crt 0.002 out 0.025 spills+carry 0.012 total 0.538 s
dist_mn node 1: 30198988 x 60397970 limbs over 4 x 4 ranks (cap 2^26 points, P24): 1 x 2 pieces, 2 formed, 0 skipped (cache 0 slots: 0 hits, 0 misses)
dist_mn node 2: 2^26 = 2^13 x 2^13 over 4 x 4 ranks, 4 primes, P24 (rows 512..512; 30198988 + 30198985 limbs at 30198985, window [15099494, 37748733) of share [45298479, 67947718), accumulated): redistribute 0.027 ntt 0.472 crt 0.002 out 0.025 spills+carry 0.013 total 0.538 s
dist_mn node 2: 30198988 x 60397970 limbs over 4 x 4 ranks (cap 2^26 points, P24): 1 x 2 pieces, 2 formed, 0 skipped (cache 0 slots: 0 hits, 0 misses)
dist_mn node 3: 2^26 = 2^13 x 2^13 over 4 x 4 ranks, 4 primes, P24 (rows 512..512; 30198988 + 30198985 limbs at 30198985, window [37748733, 60397973) of share [67947718, 90596958), accumulated): redistribute 0.032 ntt 0.471 crt 0.002 out 0.024 spills+carry 0.013 total 0.538 s
dist_mn node 3: 30198988 x 60397970 limbs over 4 x 4 ranks (cap 2^26 points, P24): 1 x 2 pieces, 2 formed, 0 skipped (cache 0 slots: 0 hits, 0 misses)
dist_mn node 0: 2^26 = 2^13 x 2^13 over 4 x 4 ranks, 4 primes, P24 (rows 512..512; 30198988 + 30198985 limbs at 30198985, window [0, 0) of share [0, 22649239), accumulated): redistribute 0.033 ntt 0.468 crt 0.002 out 0.023 spills+carry 0.013 total 0.538 s
dist_mn node 0: 30198988 x 60397970 limbs over 4 x 4 ranks (cap 2^26 points, P24): 1 x 2 pieces, 2 formed, 0 skipped (cache 0 slots: 0 hits, 0 misses)
dist_mn node 1: 30198988 + 60397970 limbs -> 90596958 (share 22649240): redistribute 0.092 ntt 1.005 crt 0.005 out 0.065 spills+carry 0.017, total 1.143 s
dist_mn node 2: 30198988 + 60397970 limbs -> 90596958 (share 22649239): redistribute 0.106 ntt 1.004 crt 0.005 out 0.064 spills+carry 0.017, total 1.143 s
dist_mn node 3: 30198988 + 60397970 limbs -> 90596958 (share 22649240): redistribute 0.094 ntt 1.012 crt 0.004 out 0.056 spills+carry 0.017, total 1.143 s
dist_mn node 0: 30198988 + 60397970 limbs -> 90596958 (share 22649239): redistribute 0.112 ntt 1.001 crt 0.003 out 0.062 spills+carry 0.017, total 1.143 s
mdev 3*2^25 (90596958 limbs): repack 0.171 h2d 0.001 fwd 0.044 inv 0.023 d2h 0.135 crt 0.185 total 0.367 s
mdev 3*2^25 (90596958 limbs): repack 0.162 h2d 0.002 fwd 0.037 inv 0.025 d2h 0.145 crt 0.122 total 0.384 s
mdev 3*2^25 (90596958 limbs): repack 0.176 h2d 0.002 fwd 0.040 inv 0.023 d2h 0.177 crt 0.168 total 0.417 s
mdev 3*2^25 (90596958 limbs): repack 0.170 h2d 0.001 fwd 0.046 inv 0.021 d2h 0.166 crt 0.211 total 0.419 s
dist_mn node 0: 2^26 = 2^13 x 2^13 over 4 x 4 ranks, 4 primes, P24 (rows 512..512; 30198988 + 30198985 limbs at 0, window [0, 7549747) of share [0, 7549747)): redistribute 0.045 ntt 0.485 crt 0.002 out 0.010 spills+carry 0.004 total 0.523 s
dist_mn node 1: 2^26 = 2^13 x 2^13 over 4 x 4 ranks, 4 primes, P24 (rows 512..512; 30198988 + 30198985 limbs at 0, window [7549747, 15099495) of share [7549747, 15099495)): redistribute 0.038 ntt 0.478 crt 0.002 out 0.019 spills+carry 0.004 total 0.523 s
dist_mn node 2: 2^26 = 2^13 x 2^13 over 4 x 4 ranks, 4 primes, P24 (rows 512..512; 30198988 + 30198985 limbs at 0, window [15099495, 22649243) of share [15099495, 22649243)): redistribute 0.037 ntt 0.478 crt 0.002 out 0.018 spills+carry 0.004 total 0.521 s
dist_mn node 3: 2^26 = 2^13 x 2^13 over 4 x 4 ranks, 4 primes, P24 (rows 512..512; 30198988 + 30198985 limbs at 0, window [22649243, 30198991) of share [22649243, 30198991)): redistribute 0.044 ntt 0.479 crt 0.002 out 0.016 spills+carry 0.004 total 0.521 s
dist_mn node 0: 2^26 = 2^13 x 2^13 over 4 x 4 ranks, 4 primes, P24 (rows 512..512; 30198988 + 30198985 limbs at 30198985, window [0, 0) of share [0, 7549747), accumulated): redistribute 0.029 ntt 0.447 crt 0.002 out 0.003 spills+carry 0.001 total 0.479 s
dist_mn node 0: 30198988 x 60397970 limbs over 4 x 4 ranks (cap 2^26 points, P24): 1 x 2 pieces, 2 formed, 0 skipped (low product) (cache 0 slots: 0 hits, 0 misses)
dist_mn node 1: 2^26 = 2^13 x 2^13 over 4 x 4 ranks, 4 primes, P24 (rows 512..512; 30198988 + 30198985 limbs at 30198985, window [0, 0) of share [7549747, 15099495), accumulated): redistribute 0.033 ntt 0.445 crt 0.001 out 0.004 spills+carry 0.001 total 0.479 s
dist_mn node 1: 30198988 x 60397970 limbs over 4 x 4 ranks (cap 2^26 points, P24): 1 x 2 pieces, 2 formed, 0 skipped (low product) (cache 0 slots: 0 hits, 0 misses)
dist_mn node 2: 2^26 = 2^13 x 2^13 over 4 x 4 ranks, 4 primes, P24 (rows 512..512; 30198988 + 30198985 limbs at 30198985, window [0, 0) of share [15099495, 22649243), accumulated): redistribute 0.027 ntt 0.448 crt 0.002 out 0.002 spills+carry 0.001 total 0.479 s
dist_mn node 2: 30198988 x 60397970 limbs over 4 x 4 ranks (cap 2^26 points, P24): 1 x 2 pieces, 2 formed, 0 skipped (low product) (cache 0 slots: 0 hits, 0 misses)
dist_mn node 3: 2^26 = 2^13 x 2^13 over 4 x 4 ranks, 4 primes, P24 (rows 512..512; 30198988 + 30198985 limbs at 30198985, window [0, 6) of share [22649243, 30198991), accumulated): redistribute 0.030 ntt 0.444 crt 0.003 out 0.005 spills+carry 0.001 total 0.479 s
dist_mn node 3: 30198988 x 60397970 limbs over 4 x 4 ranks (cap 2^26 points, P24): 1 x 2 pieces, 2 formed, 0 skipped (low product) (cache 0 slots: 0 hits, 0 misses)
dist_mn node 2: 30198988 + 60397970 limbs -> 30198991 (share 7549748): redistribute 0.064 ntt 0.926 crt 0.005 out 0.019 spills+carry 0.004, total 1.003 s
dist_mn node 1: 30198988 + 60397970 limbs -> 30198991 (share 7549748): redistribute 0.071 ntt 0.922 crt 0.003 out 0.023 spills+carry 0.005, total 1.005 s
dist_mn node 3: 30198988 + 60397970 limbs -> 30198991 (share 7549748): redistribute 0.074 ntt 0.923 crt 0.004 out 0.021 spills+carry 0.004, total 1.026 s
dist_mn node 0: 30198988 + 60397970 limbs -> 30198991 (share 7549747): redistribute 0.074 ntt 0.932 crt 0.005 out 0.013 spills+carry 0.004, total 1.062 s
dist_mn node 0: 2^26 = 2^13 x 2^13 over 4 x 4 ranks, 4 primes, P24 (rows 512..512; 60397977 + 20132659 limbs at 0, window [0, 30198988) of share [0, 30198988)): redistribute 0.052 ntt 0.495 crt 0.001 out 0.044 spills+carry 0.002 total 0.574 s
dist_mn node 1: 2^26 = 2^13 x 2^13 over 4 x 4 ranks, 4 primes, P24 (rows 512..512; 60397977 + 20132659 limbs at 0, window [30198988, 60397977) of share [30198988, 60397977)): redistribute 0.056 ntt 0.494 crt 0.001 out 0.035 spills+carry 0.013 total 0.574 s
dist_mn node 2: 2^26 = 2^13 x 2^13 over 4 x 4 ranks, 4 primes, P24 (rows 512..512; 60397977 + 20132659 limbs at 0, window [60397977, 80530636) of share [60397977, 90596966)): redistribute 0.056 ntt 0.493 crt 0.002 out 0.043 spills+carry 0.005 total 0.574 s
dist_mn node 3: 2^26 = 2^13 x 2^13 over 4 x 4 ranks, 4 primes, P24 (rows 512..512; 60397977 + 20132659 limbs at 0, window [80530636, 80530636) of share [90596966, 120795955)): redistribute 0.052 ntt 0.494 crt 0.002 out 0.048 spills+carry 0.003 total 0.574 s
dist_mn node 0: 2^26 = 2^13 x 2^13 over 4 x 4 ranks, 4 primes, P24 (rows 512..512; 60397977 + 20132659 limbs at 20132659, window [0, 10066329) of share [0, 30198988), accumulated): redistribute 0.034 ntt 0.462 crt 0.002 out 0.031 spills+carry 0.018 total 0.546 s
dist_mn node 2: 2^26 = 2^13 x 2^13 over 4 x 4 ranks, 4 primes, P24 (rows 512..512; 60397977 + 20132659 limbs at 20132659, window [40265318, 70464307) of share [60397977, 90596966), accumulated): redistribute 0.034 ntt 0.462 crt 0.002 out 0.031 spills+carry 0.018 total 0.546 s
dist_mn node 1: 2^26 = 2^13 x 2^13 over 4 x 4 ranks, 4 primes, P24 (rows 512..512; 60397977 + 20132659 limbs at 20132659, window [10066329, 40265318) of share [30198988, 60397977), accumulated): redistribute 0.032 ntt 0.472 crt 0.002 out 0.028 spills+carry 0.018 total 0.546 s
dist_mn node 3: 2^26 = 2^13 x 2^13 over 4 x 4 ranks, 4 primes, P24 (rows 512..512; 60397977 + 20132659 limbs at 20132659, window [70464307, 80530636) of share [90596966, 120795955), accumulated): redistribute 0.035 ntt 0.462 crt 0.002 out 0.030 spills+carry 0.018 total 0.546 s
dist_mn node 0: 2^26 = 2^13 x 2^13 over 4 x 4 ranks, 4 primes, P24 (rows 512..512; 60397977 + 20132659 limbs at 40265318, window [0, 0) of share [0, 30198988), accumulated): redistribute 0.038 ntt 0.463 crt 0.001 out 0.024 spills+carry 0.018 total 0.543 s
dist_mn node 1: 2^26 = 2^13 x 2^13 over 4 x 4 ranks, 4 primes, P24 (rows 512..512; 60397977 + 20132659 limbs at 40265318, window [0, 20132659) of share [30198988, 60397977), accumulated): redistribute 0.051 ntt 0.464 crt 0.002 out 0.024 spills+carry 0.017 total 0.543 s
dist_mn node 2: 2^26 = 2^13 x 2^13 over 4 x 4 ranks, 4 primes, P24 (rows 512..512; 60397977 + 20132659 limbs at 40265318, window [20132659, 50331648) of share [60397977, 90596966), accumulated): redistribute 0.036 ntt 0.468 crt 0.001 out 0.022 spills+carry 0.017 total 0.543 s
dist_mn node 3: 2^26 = 2^13 x 2^13 over 4 x 4 ranks, 4 primes, P24 (rows 512..512; 60397977 + 20132659 limbs at 40265318, window [50331648, 80530636) of share [90596966, 120795955), accumulated): redistribute 0.035 ntt 0.469 crt 0.001 out 0.020 spills+carry 0.017 total 0.543 s
mdb_add_shifted node 0: 60397974 limbs at 0 into a basis of 120795955 (my window [0, 30198988), 1 rounds of 7549760; slabs 0 + 7549747 limbs per APU 0): 0.061 s
dist_mn node 0: 60397977 x 60397977 limbs over 4 x 4 ranks (cap 2^26 points, P24): 1 x 3 pieces, 3 formed, 0 skipped (cache 0 slots: 0 hits, 0 misses)
mdb_add_shifted node 2: 60397974 limbs at 0 into a basis of 120795955 (my window [60397977, 60397977), 1 rounds of 7549760; slabs 7549747 + 0 limbs per APU 0): 0.061 s
dist_mn node 2: 60397977 x 60397977 limbs over 4 x 4 ranks (cap 2^26 points, P24): 1 x 3 pieces, 3 formed, 0 skipped (cache 0 slots: 0 hits, 0 misses)
mdb_add_shifted node 1: 60397974 limbs at 0 into a basis of 120795955 (my window [30198988, 60397974), 1 rounds of 7549760; slabs 0 + 7549746 limbs per APU 0): 0.061 s
dist_mn node 1: 60397977 x 60397977 limbs over 4 x 4 ranks (cap 2^26 points, P24): 1 x 3 pieces, 3 formed, 0 skipped (cache 0 slots: 0 hits, 0 misses)
mdb_add_shifted node 3: 60397974 limbs at 0 into a basis of 120795955 (my window [90596966, 90596966), 1 rounds of 7549760; slabs 7549746 + 0 limbs per APU 0): 0.061 s
dist_mn node 3: 60397977 x 60397977 limbs over 4 x 4 ranks (cap 2^26 points, P24): 1 x 3 pieces, 3 formed, 0 skipped (cache 0 slots: 0 hits, 0 misses)
dist_mn node 0: 60397977 + 60397977 + x limbs -> 120795954 (share 30198988): redistribute 0.124 ntt 1.420 crt 0.005 out 0.100 spills+carry 0.038, total 1.727 s
dist_mn node 1: 60397977 + 60397977 + x limbs -> 120795954 (share 30198989): redistribute 0.139 ntt 1.430 crt 0.005 out 0.087 spills+carry 0.049, total 1.729 s
dist_mn node 2: 60397977 + 60397977 + x limbs -> 120795954 (share 30198989): redistribute 0.126 ntt 1.423 crt 0.005 out 0.096 spills+carry 0.041, total 1.740 s
dist_mn node 3: 60397977 + 60397977 + x limbs -> 120795954 (share 30198989): redistribute 0.122 ntt 1.425 crt 0.004 out 0.098 spills+carry 0.038, total 1.738 s
mdb_add_shifted node 0: 60397974 limbs at 0 into a basis of 120795955 (my window [0, 30198988), 1 rounds of 7549760; slabs 0 + 7549747 limbs per APU 0): 0.089 s
mdb_add_shifted node 1: 60397974 limbs at 0 into a basis of 120795955 (my window [30198988, 60397974), 1 rounds of 7549760; slabs 0 + 7549746 limbs per APU 0): 0.039 s
mdb_add_shifted node 2: 60397974 limbs at 0 into a basis of 120795955 (my window [60397977, 60397977), 1 rounds of 7549760; slabs 7549747 + 0 limbs per APU 0): 0.048 s
mdb_add_shifted node 3: 60397974 limbs at 0 into a basis of 120795955 (my window [90596966, 90596966), 1 rounds of 7549760; slabs 7549746 + 0 limbs per APU 0): 0.102 s
mdb_add_shifted node 0: 60397974 limbs at 7 into a basis of 120795955 (my window [7, 30198988), 1 rounds of 7549760; slabs 0 + 7549745 limbs per APU 0): 0.166 s
mdb_add_shifted node 1: 60397974 limbs at 7 into a basis of 120795955 (my window [30198988, 60397977), 1 rounds of 7549760; slabs 0 + 7549747 limbs per APU 0): 0.161 s
mdb_add_shifted node 3: 60397974 limbs at 7 into a basis of 120795955 (my window [90596966, 90596966), 1 rounds of 7549760; slabs 7549741 + 0 limbs per APU 0): 0.101 s
mdb_add_shifted node 2: 60397974 limbs at 7 into a basis of 120795955 (my window [60397977, 60397981), 1 rounds of 7549760; slabs 7549752 + 1 limbs per APU 0): 0.152 s
mdb_add_shifted node 0: 60397974 limbs at 30198988 into a basis of 120795955 (my window [30198988, 30198988), 1 rounds of 7549760; slabs 0 + 0 limbs per APU 0): 0.140 s
mdb_add_shifted node 1: 60397974 limbs at 30198988 into a basis of 120795955 (my window [30198988, 60397977), 1 rounds of 7549760; slabs 0 + 7549747 limbs per APU 0): 0.132 s
mdb_add_shifted node 2: 60397974 limbs at 30198988 into a basis of 120795955 (my window [60397977, 90596962), 1 rounds of 7549760; slabs 7549747 + 7549746 limbs per APU 0): 0.119 s
mdb_add_shifted node 3: 60397974 limbs at 30198988 into a basis of 120795955 (my window [90596966, 90596966), 1 rounds of 7549760; slabs 7549746 + 0 limbs per APU 0): 0.124 s
mdb_add_shifted node 0: 60397974 limbs at 60397977 into a basis of 120795955 (my window [60397977, 60397977), 1 rounds of 7549760; slabs 0 + 0 limbs per APU 0): 0.036 s
mdb_add_shifted node 1: 60397974 limbs at 60397977 into a basis of 120795955 (my window [60397977, 60397977), 1 rounds of 7549760; slabs 0 + 0 limbs per APU 0): 0.019 s
mdb_add_shifted node 2: 60397974 limbs at 60397977 into a basis of 120795955 (my window [60397977, 90596966), 1 rounds of 7549760; slabs 7549747 + 7549747 limbs per APU 0): 0.016 s
mdb_add_shifted node 3: 60397974 limbs at 60397977 into a basis of 120795955 (my window [90596966, 120795951), 1 rounds of 7549760; slabs 7549746 + 7549746 limbs per APU 0): 0.009 s
mn: node 0: level 1 group [0, 2) (transform nodes 2): meshes connected in 0.10 s
t_mn_grid: node 0: level-1 group [0, 2), cap 2^25, unit 33554432 limbs
mn: node 1: level 1 group [0, 2) (transform nodes 2): meshes connected in 0.07 s
t_mn_grid: node 1: level-1 group [0, 2), cap 2^25, unit 33554432 limbs
mn: node 2: level 1 group [2, 4) (transform nodes 2): meshes connected in 0.10 s
t_mn_grid: node 2: level-1 group [2, 4), cap 2^25, unit 33554432 limbs
mn: node 3: level 1 group [2, 4) (transform nodes 2): meshes connected in 0.10 s
t_mn_grid: node 3: level-1 group [2, 4), cap 2^25, unit 33554432 limbs
dist_mn node 2: 2^25 = 2^12 x 2^13 over 2 x 4 ranks, 3 primes (rows 512..512; 20132659 + 8388608 limbs at 0, window [0, 18454937) of share [0, 18454937)): redistribute 0.080 ntt 0.448 crt 0.000 out 0.108 spills+carry 0.001 total 0.628 s [A cached] [B cached]
dist_mn node 3: 2^25 = 2^12 x 2^13 over 2 x 4 ranks, 3 primes (rows 512..512; 20132659 + 8388608 limbs at 0, window [18454937, 28521267) of share [18454937, 36909875)): redistribute 0.101 ntt 0.456 crt 0.003 out 0.106 spills+carry 0.001 total 0.628 s [A cached] [B cached]
dist_mn node 1: 2^25 = 2^12 x 2^13 over 2 x 4 ranks, 3 primes (rows 512..512; 20132659 + 8388608 limbs at 0, window [18454937, 28521267) of share [18454937, 36909875)): redistribute 0.147 ntt 0.496 crt 0.001 out 0.096 spills+carry 0.001 total 0.675 s [A cached] [B cached]
dist_mn node 0: 2^25 = 2^12 x 2^13 over 2 x 4 ranks, 3 primes (rows 512..512; 20132659 + 8388608 limbs at 0, window [0, 18454937) of share [0, 18454937)): redistribute 0.111 ntt 0.491 crt 0.000 out 0.093 spills+carry 0.001 total 0.675 s [A cached] [B cached]
dist_mn node 2: 2^25 = 2^12 x 2^13 over 2 x 4 ranks, 3 primes (rows 512..512; 20132659 + 8388608 limbs at 8388608, window [0, 10066329) of share [0, 18454937), accumulated): redistribute 0.007 ntt 0.237 crt 0.001 out 0.086 spills+carry 0.007 total 0.333 s [A hit] [B cached]
dist_mn node 2: 20132659 x 16777216 limbs over 2 x 4 ranks (cap 2^25): 1 x 2 pieces, 2 formed, 0 skipped (cache 2 slots: 1 hits, 3 misses)
dist_mn node 3: 2^25 = 2^12 x 2^13 over 2 x 4 ranks, 3 primes (rows 512..512; 20132659 + 8388608 limbs at 8388608, window [10066329, 28521267) of share [18454937, 36909875), accumulated): redistribute 0.007 ntt 0.239 crt 0.001 out 0.086 spills+carry 0.007 total 0.333 s [A hit] [B cached]
dist_mn node 3: 20132659 x 16777216 limbs over 2 x 4 ranks (cap 2^25): 1 x 2 pieces, 2 formed, 0 skipped (cache 2 slots: 1 hits, 3 misses)
dist_mn node 2: 20132659 + 16777216 limbs -> 36909875 (share 18454937): redistribute 0.086 ntt 0.686 crt 0.001 out 0.193 spills+carry 0.008, total 0.980 s
dist_mn node 3: 20132659 + 16777216 limbs -> 36909875 (share 18454938): redistribute 0.108 ntt 0.696 crt 0.004 out 0.192 spills+carry 0.008, total 0.962 s
dist_mn node 0: 2^25 = 2^12 x 2^13 over 2 x 4 ranks, 3 primes (rows 512..512; 20132659 + 8388608 limbs at 8388608, window [0, 10066329) of share [0, 18454937), accumulated): redistribute 0.009 ntt 0.234 crt 0.001 out 0.094 spills+carry 0.007 total 0.335 s [A hit] [B cached]
dist_mn node 1: 2^25 = 2^12 x 2^13 over 2 x 4 ranks, 3 primes (rows 512..512; 20132659 + 8388608 limbs at 8388608, window [10066329, 28521267) of share [18454937, 36909875), accumulated): redistribute 0.009 ntt 0.237 crt 0.001 out 0.094 spills+carry 0.007 total 0.335 s [A hit] [B cached]
dist_mn node 1: 20132659 x 16777216 limbs over 2 x 4 ranks (cap 2^25): 1 x 2 pieces, 2 formed, 0 skipped (cache 2 slots: 1 hits, 3 misses)
dist_mn node 0: 20132659 x 16777216 limbs over 2 x 4 ranks (cap 2^25): 1 x 2 pieces, 2 formed, 0 skipped (cache 2 slots: 1 hits, 3 misses)
dist_mn node 0: 20132659 + 16777216 limbs -> 36909875 (share 18454937): redistribute 0.120 ntt 0.726 crt 0.001 out 0.187 spills+carry 0.008, total 1.130 s
dist_mn node 1: 20132659 + 16777216 limbs -> 36909875 (share 18454938): redistribute 0.156 ntt 0.732 crt 0.002 out 0.190 spills+carry 0.008, total 1.012 s
mdev 3*2^24 (36909875 limbs): repack 0.073 h2d 0.001 fwd 0.014 inv 0.008 d2h 0.047 crt 0.007 total 0.147 s
mdev 3*2^24 (36909875 limbs): repack 0.058 h2d 0.001 fwd 0.013 inv 0.009 d2h 0.094 crt 0.010 total 0.169 s
mdev 3*2^24 (36909875 limbs): repack 0.071 h2d 0.000 fwd 0.006 inv 0.008 d2h 0.111 crt 0.017 total 0.201 s
mdev 3*2^24 (36909875 limbs): repack 0.049 h2d 0.001 fwd 0.016 inv 0.007 d2h 0.100 crt 0.021 total 0.189 s
dist_mn node 2: 2^25 = 2^12 x 2^13 over 2 x 4 ranks, 3 primes (rows 512..512; 20132659 + 8388608 limbs at 0, window [0, 18454938) of share [0, 18454938)): redistribute 0.029 ntt 0.368 crt 0.000 out 0.029 spills+carry 0.001 total 0.420 s [A cached] [B cached]
dist_mn node 3: 2^25 = 2^12 x 2^13 over 2 x 4 ranks, 3 primes (rows 512..512; 20132659 + 8388608 limbs at 0, window [18454938, 28521267) of share [18454938, 36909876)): redistribute 0.029 ntt 0.371 crt 0.000 out 0.026 spills+carry 0.001 total 0.421 s [A cached] [B cached]
dist_mn node 0: 2^25 = 2^12 x 2^13 over 2 x 4 ranks, 3 primes (rows 512..512; 20132659 + 8388608 limbs at 0, window [0, 18454938) of share [0, 18454938)): redistribute 0.065 ntt 0.379 crt 0.001 out 0.030 spills+carry 0.001 total 0.441 s [A cached] [B cached]
dist_mn node 1: 2^25 = 2^12 x 2^13 over 2 x 4 ranks, 3 primes (rows 512..512; 20132659 + 8388608 limbs at 0, window [18454938, 28521267) of share [18454938, 36909876)): redistribute 0.063 ntt 0.377 crt 0.001 out 0.031 spills+carry 0.001 total 0.441 s [A cached] [B cached]
dist_mn node 2: 2^25 = 2^12 x 2^13 over 2 x 4 ranks, 3 primes (rows 512..512; 20132659 + 8388608 limbs at 8388608, window [0, 10066330) of share [0, 18454938), accumulated): redistribute 0.009 ntt 0.237 crt 0.001 out 0.026 spills+carry 0.007 total 0.280 s [A hit] [B cached]
dist_mn node 3: 2^25 = 2^12 x 2^13 over 2 x 4 ranks, 3 primes (rows 512..512; 20132659 + 8388608 limbs at 8388608, window [10066330, 28521267) of share [18454938, 36909876), accumulated): redistribute 0.009 ntt 0.235 crt 0.001 out 0.028 spills+carry 0.007 total 0.280 s [A hit] [B cached]
mdb_add_shifted node 2: 16777213 limbs at 0 into a basis of 36909876 (my window [0, 16777213), 1 rounds of 4194304; slabs 0 + 4194303 limbs per APU 0): 0.035 s
dist_mn node 2: 20132659 x 16777216 limbs over 2 x 4 ranks (cap 2^25): 1 x 2 pieces, 2 formed, 0 skipped (cache 2 slots: 2 hits, 6 misses)
mdb_add_shifted node 3: 16777213 limbs at 0 into a basis of 36909876 (my window [18454938, 18454938), 1 rounds of 4194304; slabs 4194303 + 0 limbs per APU 0): 0.035 s
dist_mn node 3: 20132659 x 16777216 limbs over 2 x 4 ranks (cap 2^25): 1 x 2 pieces, 2 formed, 0 skipped (cache 2 slots: 2 hits, 6 misses)
dist_mn node 2: 20132659 + 16777216 + x limbs -> 36909875 (share 18454938): redistribute 0.038 ntt 0.604 crt 0.001 out 0.055 spills+carry 0.008, total 0.775 s
dist_mn node 3: 20132659 + 16777216 + x limbs -> 36909875 (share 18454938): redistribute 0.039 ntt 0.606 crt 0.001 out 0.054 spills+carry 0.008, total 0.738 s
dist_mn node 0: 2^25 = 2^12 x 2^13 over 2 x 4 ranks, 3 primes (rows 512..512; 20132659 + 8388608 limbs at 8388608, window [0, 10066330) of share [0, 18454938), accumulated): redistribute 0.014 ntt 0.239 crt 0.001 out 0.023 spills+carry 0.007 total 0.276 s [A hit] [B cached]
dist_mn node 1: 2^25 = 2^12 x 2^13 over 2 x 4 ranks, 3 primes (rows 512..512; 20132659 + 8388608 limbs at 8388608, window [10066330, 28521267) of share [18454938, 36909876), accumulated): redistribute 0.007 ntt 0.242 crt 0.001 out 0.023 spills+carry 0.008 total 0.277 s [A hit] [B cached]
mdb_add_shifted node 0: 16777213 limbs at 0 into a basis of 36909876 (my window [0, 16777213), 1 rounds of 4194304; slabs 0 + 4194303 limbs per APU 0): 0.028 s
dist_mn node 0: 20132659 x 16777216 limbs over 2 x 4 ranks (cap 2^25): 1 x 2 pieces, 2 formed, 0 skipped (cache 2 slots: 2 hits, 6 misses)
mdb_add_shifted node 1: 16777213 limbs at 0 into a basis of 36909876 (my window [18454938, 18454938), 1 rounds of 4194304; slabs 4194303 + 0 limbs per APU 0): 0.028 s
dist_mn node 1: 20132659 x 16777216 limbs over 2 x 4 ranks (cap 2^25): 1 x 2 pieces, 2 formed, 0 skipped (cache 2 slots: 2 hits, 6 misses)
dist_mn node 0: 20132659 + 16777216 + x limbs -> 36909875 (share 18454938): redistribute 0.079 ntt 0.618 crt 0.002 out 0.053 spills+carry 0.008, total 0.813 s
dist_mn node 1: 20132659 + 16777216 + x limbs -> 36909875 (share 18454938): redistribute 0.070 ntt 0.620 crt 0.002 out 0.054 spills+carry 0.008, total 0.749 s
dist_mn node 2: 2^25 = 2^12 x 2^13 over 2 x 4 ranks, 3 primes (rows 512..512; 20132659 + 8388608 limbs at 0, window [0, 18454938) of share [0, 18454938)): redistribute 0.059 ntt 0.411 crt 0.001 out 0.037 spills+carry 0.001 total 0.478 s [A cached] [B cached]
dist_mn node 3: 2^25 = 2^12 x 2^13 over 2 x 4 ranks, 3 primes (rows 512..512; 20132659 + 8388608 limbs at 0, window [18454938, 28521267) of share [18454938, 36909876)): redistribute 0.060 ntt 0.412 crt 0.001 out 0.036 spills+carry 0.001 total 0.477 s [A cached] [B cached]
dist_mn node 0: 2^25 = 2^12 x 2^13 over 2 x 4 ranks, 3 primes (rows 512..512; 20132659 + 8388608 limbs at 0, window [0, 18454938) of share [0, 18454938)): redistribute 0.079 ntt 0.397 crt 0.000 out 0.026 spills+carry 0.001 total 0.444 s [A cached] [B cached]
dist_mn node 1: 2^25 = 2^12 x 2^13 over 2 x 4 ranks, 3 primes (rows 512..512; 20132659 + 8388608 limbs at 0, window [18454938, 28521267) of share [18454938, 36909876)): redistribute 0.080 ntt 0.400 crt 0.000 out 0.023 spills+carry 0.001 total 0.445 s [A cached] [B cached]
dist_mn node 2: 2^25 = 2^12 x 2^13 over 2 x 4 ranks, 3 primes (rows 512..512; 20132659 + 8388608 limbs at 8388608, window [0, 10066330) of share [0, 18454938), accumulated): redistribute 0.014 ntt 0.242 crt 0.000 out 0.026 spills+carry 0.007 total 0.286 s [A hit] [B cached]
dist_mn node 3: 2^25 = 2^12 x 2^13 over 2 x 4 ranks, 3 primes (rows 512..512; 20132659 + 8388608 limbs at 8388608, window [10066330, 28521267) of share [18454938, 36909876), accumulated): redistribute 0.014 ntt 0.238 crt 0.000 out 0.031 spills+carry 0.007 total 0.286 s [A hit] [B cached]
mdb_add_shifted node 2: 16777213 limbs at 0 into a basis of 36909876 (my window [0, 16777213), 1 rounds of 4194304; slabs 0 + 4194303 limbs per APU 0): 0.033 s
dist_mn node 2: 20132659 x 16777216 limbs over 2 x 4 ranks (cap 2^25): 1 x 2 pieces, 2 formed, 0 skipped (cache 2 slots: 3 hits, 9 misses)
mdb_add_shifted node 3: 16777213 limbs at 0 into a basis of 36909876 (my window [18454938, 18454938), 1 rounds of 4194304; slabs 4194303 + 0 limbs per APU 0): 0.033 s
dist_mn node 3: 20132659 x 16777216 limbs over 2 x 4 ranks (cap 2^25): 1 x 2 pieces, 2 formed, 0 skipped (cache 2 slots: 3 hits, 9 misses)
dist_mn node 2: 20132659 + 16777216 + x limbs -> 36909875 (share 18454938): redistribute 0.073 ntt 0.653 crt 0.001 out 0.063 spills+carry 0.008, total 0.798 s
dist_mn node 3: 20132659 + 16777216 + x limbs -> 36909875 (share 18454938): redistribute 0.074 ntt 0.649 crt 0.001 out 0.067 spills+carry 0.008, total 0.838 s
dist_mn node 1: 2^25 = 2^12 x 2^13 over 2 x 4 ranks, 3 primes (rows 512..512; 20132659 + 8388608 limbs at 8388608, window [10066330, 28521267) of share [18454938, 36909876), accumulated): redistribute 0.015 ntt 0.241 crt 0.000 out 0.025 spills+carry 0.015 total 0.291 s [A hit] [B cached]
dist_mn node 0: 2^25 = 2^12 x 2^13 over 2 x 4 ranks, 3 primes (rows 512..512; 20132659 + 8388608 limbs at 8388608, window [0, 10066330) of share [0, 18454938), accumulated): redistribute 0.015 ntt 0.238 crt 0.000 out 0.029 spills+carry 0.015 total 0.291 s [A hit] [B cached]
mdb_add_shifted node 0: 16777213 limbs at 0 into a basis of 36909876 (my window [0, 16777213), 1 rounds of 4194304; slabs 0 + 4194303 limbs per APU 0): 0.035 s
dist_mn node 0: 20132659 x 16777216 limbs over 2 x 4 ranks (cap 2^25): 1 x 2 pieces, 2 formed, 0 skipped (cache 2 slots: 3 hits, 9 misses)
mdb_add_shifted node 1: 16777213 limbs at 0 into a basis of 36909876 (my window [18454938, 18454938), 1 rounds of 4194304; slabs 4194303 + 0 limbs per APU 0): 0.037 s
dist_mn node 1: 20132659 x 16777216 limbs over 2 x 4 ranks (cap 2^25): 1 x 2 pieces, 2 formed, 0 skipped (cache 2 slots: 3 hits, 9 misses)
dist_mn node 1: 20132659 + 16777216 + x limbs -> 36909875 (share 18454938): redistribute 0.095 ntt 0.641 crt 0.001 out 0.048 spills+carry 0.016, total 0.792 s
dist_mn node 0: 20132659 + 16777216 + x limbs -> 36909875 (share 18454938): redistribute 0.095 ntt 0.635 crt 0.001 out 0.055 spills+carry 0.016, total 0.774 s
mdb_add_shifted node 3: 16777213 limbs at 0 into a basis of 36909876 (my window [18454938, 18454938), 1 rounds of 4194304; slabs 4194303 + 0 limbs per APU 0): 0.070 s
mdb_add_shifted node 2: 16777213 limbs at 0 into a basis of 36909876 (my window [0, 16777213), 1 rounds of 4194304; slabs 0 + 4194303 limbs per APU 0): 0.081 s
mdb_add_shifted node 0: 16777213 limbs at 0 into a basis of 36909876 (my window [0, 16777213), 1 rounds of 4194304; slabs 0 + 4194303 limbs per APU 0): 0.088 s
mdb_add_shifted node 1: 16777213 limbs at 0 into a basis of 36909876 (my window [18454938, 18454938), 1 rounds of 4194304; slabs 4194303 + 0 limbs per APU 0): 0.086 s
mdb_add_shifted node 2: 16777213 limbs at 10066329 into a basis of 36909876 (my window [10066329, 18454938), 1 rounds of 2097168; slabs 0 + 2097152 limbs per APU 0): 0.060 s
mdb_add_shifted node 3: 16777213 limbs at 10066329 into a basis of 36909876 (my window [18454938, 26843542), 1 rounds of 2097168; slabs 4194303 + 2097151 limbs per APU 0): 0.043 s
mdb_add_shifted node 0: 16777213 limbs at 10066329 into a basis of 36909876 (my window [10066329, 18454938), 1 rounds of 2097168; slabs 0 + 2097152 limbs per APU 0): 0.024 s
mdb_add_shifted node 1: 16777213 limbs at 10066329 into a basis of 36909876 (my window [18454938, 26843542), 1 rounds of 2097168; slabs 4194303 + 2097151 limbs per APU 0): 0.033 s
dist_mn node 2: 2^25 = 2^12 x 2^13 over 2 x 4 ranks, 3 primes (rows 512..512; 17280532 + 11520355 limbs at 0, window [0, 28800887) of share [0, 34561064)): redistribute 0.031 ntt 0.381 crt 0.001 out 0.198 spills+carry 0.001 total 0.594 s [A cached] [B cached]
dist_mn node 3: 2^25 = 2^12 x 2^13 over 2 x 4 ranks, 3 primes (rows 512..512; 17280532 + 11520355 limbs at 0, window [28800887, 28800887) of share [34561064, 69122128)): redistribute 0.031 ntt 0.381 crt 0.001 out 0.212 spills+carry 0.001 total 0.593 s [A cached] [B cached]
dist_mn node 0: 2^25 = 2^12 x 2^13 over 2 x 4 ranks, 3 primes (rows 512..512; 17280532 + 11520355 limbs at 0, window [0, 28800887) of share [0, 34561064)): redistribute 0.039 ntt 0.339 crt 0.002 out 0.128 spills+carry 0.001 total 0.484 s [A cached] [B cached]
dist_mn node 1: 2^25 = 2^12 x 2^13 over 2 x 4 ranks, 3 primes (rows 512..512; 17280532 + 11520355 limbs at 0, window [28800887, 28800887) of share [34561064, 69122128)): redistribute 0.039 ntt 0.338 crt 0.001 out 0.128 spills+carry 0.001 total 0.484 s [A cached] [B cached]
dist_mn node 2: 2^25 = 2^12 x 2^13 over 2 x 4 ranks, 3 primes (rows 512..512; 17280532 + 11520355 limbs at 17280532, window [0, 17280532) of share [0, 34561064), accumulated): redistribute 0.015 ntt 0.218 crt 0.000 out 0.028 spills+carry 0.016 total 0.277 s [B hit]
dist_mn node 3: 2^25 = 2^12 x 2^13 over 2 x 4 ranks, 3 primes (rows 512..512; 17280532 + 11520355 limbs at 17280532, window [17280532, 28800887) of share [34561064, 69122128), accumulated): redistribute 0.015 ntt 0.221 crt 0.000 out 0.024 spills+carry 0.016 total 0.277 s [B hit]
dist_mn node 0: 2^25 = 2^12 x 2^13 over 2 x 4 ranks, 3 primes (rows 512..512; 17280532 + 11520355 limbs at 17280532, window [0, 17280532) of share [0, 34561064), accumulated): redistribute 0.014 ntt 0.231 crt 0.001 out 0.026 spills+carry 0.017 total 0.288 s [B hit]
dist_mn node 1: 2^25 = 2^12 x 2^13 over 2 x 4 ranks, 3 primes (rows 512..512; 17280532 + 11520355 limbs at 17280532, window [17280532, 28800887) of share [34561064, 69122128), accumulated): redistribute 0.014 ntt 0.227 crt 0.001 out 0.029 spills+carry 0.017 total 0.288 s [B hit]
dist_mn node 2: 2^25 = 2^12 x 2^13 over 2 x 4 ranks, 3 primes (rows 512..512; 17280532 + 11520355 limbs at 11520355, window [0, 23040709) of share [0, 34561064), accumulated): redistribute 0.013 ntt 0.249 crt 0.000 out 0.024 spills+carry 0.016 total 0.300 s [A hit] [B cached]
dist_mn node 3: 2^25 = 2^12 x 2^13 over 2 x 4 ranks, 3 primes (rows 512..512; 17280532 + 11520355 limbs at 11520355, window [23040709, 28800887) of share [34561064, 69122128), accumulated): redistribute 0.013 ntt 0.245 crt 0.000 out 0.029 spills+carry 0.016 total 0.300 s [A hit] [B cached]
dist_mn node 0: 2^25 = 2^12 x 2^13 over 2 x 4 ranks, 3 primes (rows 512..512; 17280532 + 11520355 limbs at 11520355, window [0, 23040709) of share [0, 34561064), accumulated): redistribute 0.012 ntt 0.222 crt 0.000 out 0.026 spills+carry 0.016 total 0.276 s [A hit] [B cached]
dist_mn node 1: 2^25 = 2^12 x 2^13 over 2 x 4 ranks, 3 primes (rows 512..512; 17280532 + 11520355 limbs at 11520355, window [23040709, 28800887) of share [34561064, 69122128), accumulated): redistribute 0.012 ntt 0.220 crt 0.000 out 0.029 spills+carry 0.016 total 0.276 s [A hit] [B cached]
dist_mn node 2: 2^25 = 2^12 x 2^13 over 2 x 4 ranks, 3 primes (rows 512..512; 17280532 + 11520355 limbs at 28800887, window [0, 5760177) of share [0, 34561064), accumulated): redistribute 0.021 ntt 0.233 crt 0.000 out 0.150 spills+carry 0.015 total 0.416 s [B hit]
dist_mn node 3: 2^25 = 2^12 x 2^13 over 2 x 4 ranks, 3 primes (rows 512..512; 17280532 + 11520355 limbs at 28800887, window [5760177, 28800887) of share [34561064, 69122128), accumulated): redistribute 0.022 ntt 0.230 crt 0.000 out 0.150 spills+carry 0.015 total 0.416 s [B hit]
dist_mn node 0: 2^25 = 2^12 x 2^13 over 2 x 4 ranks, 3 primes (rows 512..512; 17280532 + 11520355 limbs at 28800887, window [0, 5760177) of share [0, 34561064), accumulated): redistribute 0.017 ntt 0.246 crt 0.000 out 0.091 spills+carry 0.014 total 0.368 s [B hit]
dist_mn node 1: 2^25 = 2^12 x 2^13 over 2 x 4 ranks, 3 primes (rows 512..512; 17280532 + 11520355 limbs at 28800887, window [5760177, 28800887) of share [34561064, 69122128), accumulated): redistribute 0.017 ntt 0.245 crt 0.001 out 0.091 spills+carry 0.014 total 0.368 s [B hit]
dist_mn node 2: 2^25 = 2^12 x 2^13 over 2 x 4 ranks, 3 primes (rows 512..512; 17280532 + 11520354 limbs at 23040710, window [0, 11520354) of share [0, 34561064), accumulated): redistribute 0.016 ntt 0.218 crt 0.000 out 0.025 spills+carry 0.016 total 0.276 s [A hit] [B cached]
dist_mn node 3: 2^25 = 2^12 x 2^13 over 2 x 4 ranks, 3 primes (rows 512..512; 17280532 + 11520354 limbs at 23040710, window [11520354, 28800886) of share [34561064, 69122128), accumulated): redistribute 0.012 ntt 0.222 crt 0.000 out 0.027 spills+carry 0.016 total 0.276 s [A hit] [B cached]
dist_mn node 0: 2^25 = 2^12 x 2^13 over 2 x 4 ranks, 3 primes (rows 512..512; 17280532 + 11520354 limbs at 23040710, window [0, 11520354) of share [0, 34561064), accumulated): redistribute 0.016 ntt 0.234 crt 0.000 out 0.031 spills+carry 0.016 total 0.295 s [A hit] [B cached]
dist_mn node 1: 2^25 = 2^12 x 2^13 over 2 x 4 ranks, 3 primes (rows 512..512; 17280532 + 11520354 limbs at 23040710, window [11520354, 28800886) of share [34561064, 69122128), accumulated): redistribute 0.009 ntt 0.246 crt 0.000 out 0.025 spills+carry 0.016 total 0.295 s [A hit] [B cached]
dist_mn node 2: 2^25 = 2^12 x 2^13 over 2 x 4 ranks, 3 primes (rows 512..512; 17280532 + 11520354 limbs at 40321242, window [0, 0) of share [0, 34561064), accumulated): redistribute 0.023 ntt 0.237 crt 0.000 out 0.097 spills+carry 0.010 total 0.354 s [B hit]
dist_mn node 2: 34561064 x 34561064 limbs over 2 x 4 ranks (cap 2^25): 2 x 3 pieces, 6 formed, 0 skipped (cache 2 slots: 8 hits, 13 misses)
dist_mn node 3: 2^25 = 2^12 x 2^13 over 2 x 4 ranks, 3 primes (rows 512..512; 17280532 + 11520354 limbs at 40321242, window [0, 28800886) of share [34561064, 69122128), accumulated): redistribute 0.024 ntt 0.240 crt 0.001 out 0.098 spills+carry 0.010 total 0.354 s [B hit]
dist_mn node 3: 34561064 x 34561064 limbs over 2 x 4 ranks (cap 2^25): 2 x 3 pieces, 6 formed, 0 skipped (cache 2 slots: 8 hits, 13 misses)
dist_mn node 2: 34561064 + 34561064 limbs -> 69122128 (share 34561064): redistribute 0.120 ntt 1.536 crt 0.003 out 0.523 spills+carry 0.074, total 2.342 s
dist_mn node 3: 34561064 + 34561064 limbs -> 69122128 (share 34561064): redistribute 0.116 ntt 1.539 crt 0.004 out 0.540 spills+carry 0.074, total 2.219 s
mdev 3*2^25 (69122128 limbs): repack 0.072 h2d 0.001 fwd 0.015 inv 0.010 d2h 0.036 crt 0.049 total 0.135 s
mdev 3*2^25 (69122128 limbs): repack 0.073 h2d 0.002 fwd 0.019 inv 0.009 d2h 0.058 crt 0.049 total 0.161 s
dist_mn node 0: 2^25 = 2^12 x 2^13 over 2 x 4 ranks, 3 primes (rows 512..512; 17280532 + 11520354 limbs at 40321242, window [0, 0) of share [0, 34561064), accumulated): redistribute 0.022 ntt 0.253 crt 0.002 out 0.099 spills+carry 0.010 total 0.383 s [B hit]
dist_mn node 0: 34561064 x 34561064 limbs over 2 x 4 ranks (cap 2^25): 2 x 3 pieces, 6 formed, 0 skipped (cache 2 slots: 8 hits, 13 misses)
dist_mn node 1: 2^25 = 2^12 x 2^13 over 2 x 4 ranks, 3 primes (rows 512..512; 17280532 + 11520354 limbs at 40321242, window [0, 28800886) of share [34561064, 69122128), accumulated): redistribute 0.023 ntt 0.253 crt 0.006 out 0.098 spills+carry 0.010 total 0.383 s [B hit]
dist_mn node 1: 34561064 x 34561064 limbs over 2 x 4 ranks (cap 2^25): 2 x 3 pieces, 6 formed, 0 skipped (cache 2 slots: 8 hits, 13 misses)
dist_mn node 0: 34561064 + 34561064 limbs -> 69122128 (share 34561064): redistribute 0.121 ntt 1.524 crt 0.006 out 0.400 spills+carry 0.074, total 2.358 s
dist_mn node 1: 34561064 + 34561064 limbs -> 69122128 (share 34561064): redistribute 0.114 ntt 1.529 crt 0.009 out 0.400 spills+carry 0.074, total 2.097 s
mdev 3*2^25 (69122128 limbs): repack 0.069 h2d 0.001 fwd 0.019 inv 0.009 d2h 0.032 crt 0.035 total 0.138 s
mdev 3*2^25 (69122128 limbs): repack 0.067 h2d 0.002 fwd 0.017 inv 0.010 d2h 0.046 crt 0.056 total 0.149 s
dist_mn node 2: 2^25 = 2^12 x 2^13 over 2 x 4 ranks, 3 primes (rows 512..512; 17280532 + 11520355 limbs at 0, window [0, 28800887) of share [0, 34561064)): redistribute 0.038 ntt 0.316 crt 0.000 out 0.021 spills+carry 0.001 total 0.358 s [A cached] [B cached]
dist_mn node 3: 2^25 = 2^12 x 2^13 over 2 x 4 ranks, 3 primes (rows 512..512; 17280532 + 11520355 limbs at 0, window [28800887, 28800887) of share [34561064, 69122129)): redistribute 0.038 ntt 0.313 crt 0.000 out 0.023 spills+carry 0.001 total 0.358 s [A cached] [B cached]
dist_mn node 0: 2^25 = 2^12 x 2^13 over 2 x 4 ranks, 3 primes (rows 512..512; 17280532 + 11520355 limbs at 0, window [0, 28800887) of share [0, 34561064)): redistribute 0.034 ntt 0.365 crt 0.000 out 0.031 spills+carry 0.001 total 0.425 s [A cached] [B cached]
dist_mn node 1: 2^25 = 2^12 x 2^13 over 2 x 4 ranks, 3 primes (rows 512..512; 17280532 + 11520355 limbs at 0, window [28800887, 28800887) of share [34561064, 69122129)): redistribute 0.034 ntt 0.370 crt 0.000 out 0.027 spills+carry 0.001 total 0.425 s [A cached] [B cached]
dist_mn node 2: 2^25 = 2^12 x 2^13 over 2 x 4 ranks, 3 primes (rows 512..512; 17280532 + 11520355 limbs at 17280532, window [0, 17280532) of share [0, 34561064), accumulated): redistribute 0.020 ntt 0.234 crt 0.000 out 0.031 spills+carry 0.018 total 0.298 s [B hit]
dist_mn node 3: 2^25 = 2^12 x 2^13 over 2 x 4 ranks, 3 primes (rows 512..512; 17280532 + 11520355 limbs at 17280532, window [17280532, 28800887) of share [34561064, 69122129), accumulated): redistribute 0.020 ntt 0.236 crt 0.000 out 0.029 spills+carry 0.018 total 0.298 s [B hit]
dist_mn node 0: 2^25 = 2^12 x 2^13 over 2 x 4 ranks, 3 primes (rows 512..512; 17280532 + 11520355 limbs at 17280532, window [0, 17280532) of share [0, 34561064), accumulated): redistribute 0.015 ntt 0.236 crt 0.000 out 0.026 spills+carry 0.018 total 0.294 s [B hit]
dist_mn node 1: 2^25 = 2^12 x 2^13 over 2 x 4 ranks, 3 primes (rows 512..512; 17280532 + 11520355 limbs at 17280532, window [17280532, 28800887) of share [34561064, 69122129), accumulated): redistribute 0.014 ntt 0.232 crt 0.000 out 0.030 spills+carry 0.018 total 0.294 s [B hit]
dist_mn node 3: 2^25 = 2^12 x 2^13 over 2 x 4 ranks, 3 primes (rows 512..512; 17280532 + 11520355 limbs at 11520355, window [23040709, 28800887) of share [34561064, 69122129), accumulated): redistribute 0.017 ntt 0.245 crt 0.001 out 0.028 spills+carry 0.015 total 0.299 s [A hit] [B cached]
dist_mn node 2: 2^25 = 2^12 x 2^13 over 2 x 4 ranks, 3 primes (rows 512..512; 17280532 + 11520355 limbs at 11520355, window [0, 23040709) of share [0, 34561064), accumulated): redistribute 0.017 ntt 0.245 crt 0.001 out 0.028 spills+carry 0.015 total 0.299 s [A hit] [B cached]
dist_mn node 0: 2^25 = 2^12 x 2^13 over 2 x 4 ranks, 3 primes (rows 512..512; 17280532 + 11520355 limbs at 11520355, window [0, 23040709) of share [0, 34561064), accumulated): redistribute 0.010 ntt 0.234 crt 0.000 out 0.025 spills+carry 0.015 total 0.284 s [A hit] [B cached]
dist_mn node 1: 2^25 = 2^12 x 2^13 over 2 x 4 ranks, 3 primes (rows 512..512; 17280532 + 11520355 limbs at 11520355, window [23040709, 28800887) of share [34561064, 69122129), accumulated): redistribute 0.010 ntt 0.233 crt 0.000 out 0.026 spills+carry 0.015 total 0.284 s [A hit] [B cached]
dist_mn node 2: 2^25 = 2^12 x 2^13 over 2 x 4 ranks, 3 primes (rows 512..512; 17280532 + 11520355 limbs at 28800887, window [0, 5760177) of share [0, 34561064), accumulated): redistribute 0.016 ntt 0.222 crt 0.000 out 0.031 spills+carry 0.014 total 0.284 s [B hit]
dist_mn node 3: 2^25 = 2^12 x 2^13 over 2 x 4 ranks, 3 primes (rows 512..512; 17280532 + 11520355 limbs at 28800887, window [5760177, 28800887) of share [34561064, 69122129), accumulated): redistribute 0.017 ntt 0.225 crt 0.000 out 0.028 spills+carry 0.014 total 0.284 s [B hit]
dbig pool: APU0 hipMalloc 0.05 GB inside the phase (free 0.46 GB in 21 extents, largest 0.04; live 0.36 GB in 28 blocks)
dbig pool: APU1 hipMalloc 0.05 GB inside the phase (free 0.46 GB in 21 extents, largest 0.04; live 0.36 GB in 29 blocks)
dbig pool: APU2 hipMalloc 0.05 GB inside the phase (free 0.43 GB in 20 extents, largest 0.04; live 0.36 GB in 30 blocks)
dbig pool: APU3 hipMalloc 0.05 GB inside the phase (free 0.43 GB in 20 extents, largest 0.04; live 0.36 GB in 31 blocks)
dist_mn node 0: 2^25 = 2^12 x 2^13 over 2 x 4 ranks, 3 primes (rows 512..512; 17280532 + 11520355 limbs at 28800887, window [0, 5760177) of share [0, 34561064), accumulated): redistribute 0.015 ntt 0.248 crt 0.000 out 0.026 spills+carry 0.015 total 0.302 s [B hit]
dist_mn node 1: 2^25 = 2^12 x 2^13 over 2 x 4 ranks, 3 primes (rows 512..512; 17280532 + 11520355 limbs at 28800887, window [5760177, 28800887) of share [34561064, 69122129), accumulated): redistribute 0.016 ntt 0.251 crt 0.000 out 0.022 spills+carry 0.015 total 0.302 s [B hit]
dist_mn node 2: 2^25 = 2^12 x 2^13 over 2 x 4 ranks, 3 primes (rows 512..512; 17280532 + 11520354 limbs at 23040710, window [0, 11520354) of share [0, 34561064), accumulated): redistribute 0.012 ntt 0.233 crt 0.000 out 0.030 spills+carry 0.016 total 0.290 s [A hit] [B cached]
dist_mn node 3: 2^25 = 2^12 x 2^13 over 2 x 4 ranks, 3 primes (rows 512..512; 17280532 + 11520354 limbs at 23040710, window [11520354, 28800886) of share [34561064, 69122129), accumulated): redistribute 0.012 ntt 0.237 crt 0.000 out 0.028 spills+carry 0.016 total 0.290 s [A hit] [B cached]
dist_mn node 0: 2^25 = 2^12 x 2^13 over 2 x 4 ranks, 3 primes (rows 512..512; 17280532 + 11520354 limbs at 23040710, window [0, 11520354) of share [0, 34561064), accumulated): redistribute 0.017 ntt 0.243 crt 0.001 out 0.027 spills+carry 0.016 total 0.302 s [A hit] [B cached]
dist_mn node 1: 2^25 = 2^12 x 2^13 over 2 x 4 ranks, 3 primes (rows 512..512; 17280532 + 11520354 limbs at 23040710, window [11520354, 28800886) of share [34561064, 69122129), accumulated): redistribute 0.016 ntt 0.254 crt 0.001 out 0.025 spills+carry 0.016 total 0.302 s [A hit] [B cached]
dist_mn node 2: 2^25 = 2^12 x 2^13 over 2 x 4 ranks, 3 primes (rows 512..512; 17280532 + 11520354 limbs at 40321242, window [0, 0) of share [0, 34561064), accumulated): redistribute 0.013 ntt 0.252 crt 0.000 out 0.034 spills+carry 0.010 total 0.306 s [B hit]
dist_mn node 3: 2^25 = 2^12 x 2^13 over 2 x 4 ranks, 3 primes (rows 512..512; 17280532 + 11520354 limbs at 40321242, window [0, 28800886) of share [34561064, 69122129), accumulated): redistribute 0.013 ntt 0.248 crt 0.000 out 0.036 spills+carry 0.010 total 0.306 s [B hit]
dbig pool: APU0 hipMalloc 0.07 GB inside the phase (free 0.65 GB in 25 extents, largest 0.06; live 0.28 GB in 16 blocks)
dbig pool: APU0 hipMalloc 0.07 GB inside the phase (free 0.62 GB in 23 extents, largest 0.06; live 0.28 GB in 17 blocks)
dbig pool: APU3 hipMalloc 0.07 GB inside the phase (free 0.71 GB in 26 extents, largest 0.06; live 0.28 GB in 19 blocks)
dbig pool: APU2 hipMalloc 0.07 GB inside the phase (free 0.65 GB in 25 extents, largest 0.06; live 0.28 GB in 22 blocks)
dbig pool: APU3 hipMalloc 0.07 GB inside the phase (free 0.62 GB in 23 extents, largest 0.06; live 0.28 GB in 20 blocks)
dbig pool: APU1 hipMalloc 0.07 GB inside the phase (free 0.65 GB in 25 extents, largest 0.06; live 0.28 GB in 25 blocks)
dbig pool: APU1 hipMalloc 0.07 GB inside the phase (free 0.68 GB in 24 extents, largest 0.06; live 0.28 GB in 23 blocks)
dbig pool: APU2 hipMalloc 0.07 GB inside the phase (free 0.62 GB in 23 extents, largest 0.06; live 0.28 GB in 26 blocks)
dbig pool: APU2 hipMalloc 0.06 GB inside the phase (free 0.47 GB in 21 extents, largest 0.05; live 0.37 GB in 28 blocks)
dbig pool: APU1 hipMalloc 0.06 GB inside the phase (free 0.50 GB in 22 extents, largest 0.05; live 0.37 GB in 29 blocks)
dbig pool: APU0 hipMalloc 0.06 GB inside the phase (free 0.50 GB in 22 extents, largest 0.05; live 0.37 GB in 30 blocks)
dbig pool: APU3 hipMalloc 0.06 GB inside the phase (free 0.47 GB in 21 extents, largest 0.05; live 0.37 GB in 31 blocks)
dist_mn node 0: 2^25 = 2^12 x 2^13 over 2 x 4 ranks, 3 primes (rows 512..512; 17280532 + 11520354 limbs at 40321242, window [0, 0) of share [0, 34561064), accumulated): redistribute 0.020 ntt 0.225 crt 0.000 out 0.032 spills+carry 0.010 total 0.277 s [B hit]
dist_mn node 1: 2^25 = 2^12 x 2^13 over 2 x 4 ranks, 3 primes (rows 512..512; 17280532 + 11520354 limbs at 40321242, window [0, 28800886) of share [34561064, 69122129), accumulated): redistribute 0.020 ntt 0.224 crt 0.000 out 0.031 spills+carry 0.010 total 0.277 s [B hit]
dbig pool: APU0 hipMalloc 0.07 GB inside the phase (free 0.65 GB in 25 extents, largest 0.06; live 0.28 GB in 16 blocks)
dbig pool: APU3 hipMalloc 0.07 GB inside the phase (free 0.56 GB in 22 extents, largest 0.06; live 0.28 GB in 22 blocks)
dbig pool: APU1 hipMalloc 0.07 GB inside the phase (free 0.65 GB in 25 extents, largest 0.06; live 0.28 GB in 22 blocks)
mdb_add_shifted node 2: 34561061 limbs at 0 into a basis of 69122129 (my window [0, 34561061), 1 rounds of 8640272; slabs 0 + 8640265 limbs per APU 0): 0.212 s
dist_mn node 2: 34561064 x 34561064 limbs over 2 x 4 ranks (cap 2^25): 2 x 3 pieces, 6 formed, 0 skipped (cache 2 slots: 13 hits, 17 misses)
mdb_add_shifted node 3: 34561061 limbs at 0 into a basis of 69122129 (my window [34561064, 34561064), 1 rounds of 8640272; slabs 8640265 + 0 limbs per APU 0): 0.212 s
dist_mn node 3: 34561064 x 34561064 limbs over 2 x 4 ranks (cap 2^25): 2 x 3 pieces, 6 formed, 0 skipped (cache 2 slots: 13 hits, 17 misses)
dist_mn node 2: 34561064 + 34561064 + x limbs -> 69122128 (share 34561064): redistribute 0.116 ntt 1.502 crt 0.003 out 0.174 spills+carry 0.074, total 2.112 s
dist_mn node 3: 34561064 + 34561064 + x limbs -> 69122128 (share 34561065): redistribute 0.117 ntt 1.504 crt 0.003 out 0.172 spills+carry 0.074, total 2.051 s
dbig pool: APU2 hipMalloc 0.07 GB inside the phase (free 0.56 GB in 22 extents, largest 0.06; live 0.28 GB in 26 blocks)
mdb_add_shifted node 0: 34561061 limbs at 0 into a basis of 69122129 (my window [0, 34561061), 1 rounds of 8640272; slabs 0 + 8640265 limbs per APU 0): 0.260 s
dist_mn node 0: 34561064 x 34561064 limbs over 2 x 4 ranks (cap 2^25): 2 x 3 pieces, 6 formed, 0 skipped (cache 2 slots: 13 hits, 17 misses)
mdb_add_shifted node 1: 34561061 limbs at 0 into a basis of 69122129 (my window [34561064, 34561064), 1 rounds of 8640272; slabs 8640265 + 0 limbs per APU 0): 0.260 s
dist_mn node 1: 34561064 x 34561064 limbs over 2 x 4 ranks (cap 2^25): 2 x 3 pieces, 6 formed, 0 skipped (cache 2 slots: 13 hits, 17 misses)
dist_mn node 0: 34561064 + 34561064 + x limbs -> 69122128 (share 34561064): redistribute 0.111 ntt 1.551 crt 0.003 out 0.168 spills+carry 0.074, total 2.158 s
dist_mn node 1: 34561064 + 34561064 + x limbs -> 69122128 (share 34561065): redistribute 0.110 ntt 1.565 crt 0.003 out 0.159 spills+carry 0.074, total 2.146 s
dist_mn node 2: 2^25 = 2^12 x 2^13 over 2 x 4 ranks, 3 primes (rows 512..512; 17280532 + 11520355 limbs at 0, window [0, 28800887) of share [0, 34561064)): redistribute 0.028 ntt 0.340 crt 0.000 out 0.025 spills+carry 0.001 total 0.389 s [A cached] [B cached]
dist_mn node 3: 2^25 = 2^12 x 2^13 over 2 x 4 ranks, 3 primes (rows 512..512; 17280532 + 11520355 limbs at 0, window [28800887, 28800887) of share [34561064, 69122129)): redistribute 0.028 ntt 0.338 crt 0.000 out 0.025 spills+carry 0.001 total 0.389 s [A cached] [B cached]
dist_mn node 0: 2^25 = 2^12 x 2^13 over 2 x 4 ranks, 3 primes (rows 512..512; 17280532 + 11520355 limbs at 0, window [0, 28800887) of share [0, 34561064)): redistribute 0.032 ntt 0.319 crt 0.000 out 0.024 spills+carry 0.001 total 0.372 s [A cached] [B cached]
dist_mn node 1: 2^25 = 2^12 x 2^13 over 2 x 4 ranks, 3 primes (rows 512..512; 17280532 + 11520355 limbs at 0, window [28800887, 28800887) of share [34561064, 69122129)): redistribute 0.032 ntt 0.318 crt 0.000 out 0.023 spills+carry 0.001 total 0.372 s [A cached] [B cached]
dist_mn node 2: 2^25 = 2^12 x 2^13 over 2 x 4 ranks, 3 primes (rows 512..512; 17280532 + 11520355 limbs at 17280532, window [0, 17280532) of share [0, 34561064), accumulated): redistribute 0.015 ntt 0.227 crt 0.000 out 0.032 spills+carry 0.017 total 0.291 s [B hit]
dist_mn node 3: 2^25 = 2^12 x 2^13 over 2 x 4 ranks, 3 primes (rows 512..512; 17280532 + 11520355 limbs at 17280532, window [17280532, 28800887) of share [34561064, 69122129), accumulated): redistribute 0.015 ntt 0.228 crt 0.000 out 0.030 spills+carry 0.017 total 0.291 s [B hit]
dist_mn node 0: 2^25 = 2^12 x 2^13 over 2 x 4 ranks, 3 primes (rows 512..512; 17280532 + 11520355 limbs at 17280532, window [0, 17280532) of share [0, 34561064), accumulated): redistribute 0.020 ntt 0.250 crt 0.000 out 0.025 spills+carry 0.017 total 0.306 s [B hit]
dist_mn node 1: 2^25 = 2^12 x 2^13 over 2 x 4 ranks, 3 primes (rows 512..512; 17280532 + 11520355 limbs at 17280532, window [17280532, 28800887) of share [34561064, 69122129), accumulated): redistribute 0.021 ntt 0.255 crt 0.000 out 0.022 spills+carry 0.017 total 0.306 s [B hit]
dist_mn node 2: 2^25 = 2^12 x 2^13 over 2 x 4 ranks, 3 primes (rows 512..512; 17280532 + 11520355 limbs at 11520355, window [0, 23040709) of share [0, 34561064), accumulated): redistribute 0.011 ntt 0.242 crt 0.000 out 0.026 spills+carry 0.016 total 0.295 s [A hit] [B cached]
dist_mn node 3: 2^25 = 2^12 x 2^13 over 2 x 4 ranks, 3 primes (rows 512..512; 17280532 + 11520355 limbs at 11520355, window [23040709, 28800887) of share [34561064, 69122129), accumulated): redistribute 0.011 ntt 0.240 crt 0.000 out 0.028 spills+carry 0.016 total 0.295 s [A hit] [B cached]
dist_mn node 0: 2^25 = 2^12 x 2^13 over 2 x 4 ranks, 3 primes (rows 512..512; 17280532 + 11520355 limbs at 11520355, window [0, 23040709) of share [0, 34561064), accumulated): redistribute 0.018 ntt 0.241 crt 0.000 out 0.025 spills+carry 0.015 total 0.300 s [A hit] [B cached]
dist_mn node 1: 2^25 = 2^12 x 2^13 over 2 x 4 ranks, 3 primes (rows 512..512; 17280532 + 11520355 limbs at 11520355, window [23040709, 28800887) of share [34561064, 69122129), accumulated): redistribute 0.018 ntt 0.240 crt 0.000 out 0.027 spills+carry 0.015 total 0.300 s [A hit] [B cached]
dist_mn node 2: 2^25 = 2^12 x 2^13 over 2 x 4 ranks, 3 primes (rows 512..512; 17280532 + 11520355 limbs at 28800887, window [0, 5760177) of share [0, 34561064), accumulated): redistribute 0.022 ntt 0.235 crt 0.000 out 0.021 spills+carry 0.015 total 0.289 s [B hit]
dist_mn node 3: 2^25 = 2^12 x 2^13 over 2 x 4 ranks, 3 primes (rows 512..512; 17280532 + 11520355 limbs at 28800887, window [5760177, 28800887) of share [34561064, 69122129), accumulated): redistribute 0.023 ntt 0.233 crt 0.000 out 0.024 spills+carry 0.015 total 0.289 s [B hit]
dist_mn node 0: 2^25 = 2^12 x 2^13 over 2 x 4 ranks, 3 primes (rows 512..512; 17280532 + 11520355 limbs at 28800887, window [0, 5760177) of share [0, 34561064), accumulated): redistribute 0.015 ntt 0.239 crt 0.000 out 0.029 spills+carry 0.015 total 0.294 s [B hit]
dist_mn node 1: 2^25 = 2^12 x 2^13 over 2 x 4 ranks, 3 primes (rows 512..512; 17280532 + 11520355 limbs at 28800887, window [5760177, 28800887) of share [34561064, 69122129), accumulated): redistribute 0.015 ntt 0.237 crt 0.000 out 0.032 spills+carry 0.015 total 0.294 s [B hit]
dist_mn node 2: 2^25 = 2^12 x 2^13 over 2 x 4 ranks, 3 primes (rows 512..512; 17280532 + 11520354 limbs at 23040710, window [0, 11520354) of share [0, 34561064), accumulated): redistribute 0.014 ntt 0.226 crt 0.000 out 0.021 spills+carry 0.018 total 0.276 s [A hit] [B cached]
dist_mn node 3: 2^25 = 2^12 x 2^13 over 2 x 4 ranks, 3 primes (rows 512..512; 17280532 + 11520354 limbs at 23040710, window [11520354, 28800886) of share [34561064, 69122129), accumulated): redistribute 0.013 ntt 0.229 crt 0.000 out 0.018 spills+carry 0.017 total 0.276 s [A hit] [B cached]
dist_mn node 0: 2^25 = 2^12 x 2^13 over 2 x 4 ranks, 3 primes (rows 512..512; 17280532 + 11520354 limbs at 23040710, window [0, 11520354) of share [0, 34561064), accumulated): redistribute 0.013 ntt 0.241 crt 0.000 out 0.024 spills+carry 0.016 total 0.295 s [A hit] [B cached]
dist_mn node 1: 2^25 = 2^12 x 2^13 over 2 x 4 ranks, 3 primes (rows 512..512; 17280532 + 11520354 limbs at 23040710, window [11520354, 28800886) of share [34561064, 69122129), accumulated): redistribute 0.012 ntt 0.247 crt 0.000 out 0.022 spills+carry 0.016 total 0.295 s [A hit] [B cached]
dist_mn node 2: 2^25 = 2^12 x 2^13 over 2 x 4 ranks, 3 primes (rows 512..512; 17280532 + 11520354 limbs at 40321242, window [0, 0) of share [0, 34561064), accumulated): redistribute 0.020 ntt 0.246 crt 0.000 out 0.030 spills+carry 0.010 total 0.306 s [B hit]
dist_mn node 3: 2^25 = 2^12 x 2^13 over 2 x 4 ranks, 3 primes (rows 512..512; 17280532 + 11520354 limbs at 40321242, window [0, 28800886) of share [34561064, 69122129), accumulated): redistribute 0.020 ntt 0.251 crt 0.000 out 0.025 spills+carry 0.010 total 0.306 s [B hit]
mdb_add_shifted node 2: 34561061 limbs at 0 into a basis of 69122129 (my window [0, 34561061), 1 rounds of 8640272; slabs 0 + 8640265 limbs per APU 0): 0.057 s
dist_mn node 2: 34561064 x 34561064 limbs over 2 x 4 ranks (cap 2^25): 2 x 3 pieces, 6 formed, 0 skipped (cache 2 slots: 18 hits, 21 misses)
mdb_add_shifted node 3: 34561061 limbs at 0 into a basis of 69122129 (my window [34561064, 34561064), 1 rounds of 8640272; slabs 8640265 + 0 limbs per APU 0): 0.057 s
dist_mn node 3: 34561064 x 34561064 limbs over 2 x 4 ranks (cap 2^25): 2 x 3 pieces, 6 formed, 0 skipped (cache 2 slots: 18 hits, 21 misses)
dist_mn node 2: 34561064 + 34561064 + x limbs -> 69122128 (share 34561064): redistribute 0.109 ntt 1.516 crt 0.003 out 0.156 spills+carry 0.077, total 1.920 s
dist_mn node 3: 34561064 + 34561064 + x limbs -> 69122128 (share 34561065): redistribute 0.109 ntt 1.519 crt 0.002 out 0.151 spills+carry 0.076, total 1.907 s
mdb_add_shifted node 2: 34561061 limbs at 0 into a basis of 69122129 (my window [0, 34561061), 1 rounds of 8640272; slabs 0 + 8640265 limbs per APU 0): 0.078 s
mdb_add_shifted node 3: 34561061 limbs at 0 into a basis of 69122129 (my window [34561064, 34561064), 1 rounds of 8640272; slabs 8640265 + 0 limbs per APU 0): 0.066 s
dist_mn node 0: 2^25 = 2^12 x 2^13 over 2 x 4 ranks, 3 primes (rows 512..512; 17280532 + 11520354 limbs at 40321242, window [0, 0) of share [0, 34561064), accumulated): redistribute 0.022 ntt 0.263 crt 0.000 out 0.034 spills+carry 0.011 total 0.322 s [B hit]
dist_mn node 1: 2^25 = 2^12 x 2^13 over 2 x 4 ranks, 3 primes (rows 512..512; 17280532 + 11520354 limbs at 40321242, window [0, 28800886) of share [34561064, 69122129), accumulated): redistribute 0.022 ntt 0.267 crt 0.001 out 0.032 spills+carry 0.011 total 0.322 s [B hit]
mdb_add_shifted node 0: 34561061 limbs at 0 into a basis of 69122129 (my window [0, 34561061), 1 rounds of 8640272; slabs 0 + 8640265 limbs per APU 0): 0.062 s
dist_mn node 0: 34561064 x 34561064 limbs over 2 x 4 ranks (cap 2^25): 2 x 3 pieces, 6 formed, 0 skipped (cache 2 slots: 18 hits, 21 misses)
mdb_add_shifted node 1: 34561061 limbs at 0 into a basis of 69122129 (my window [34561064, 34561064), 1 rounds of 8640272; slabs 8640265 + 0 limbs per APU 0): 0.062 s
dist_mn node 1: 34561064 x 34561064 limbs over 2 x 4 ranks (cap 2^25): 2 x 3 pieces, 6 formed, 0 skipped (cache 2 slots: 18 hits, 21 misses)
dist_mn node 0: 34561064 + 34561064 + x limbs -> 69122128 (share 34561064): redistribute 0.120 ntt 1.553 crt 0.002 out 0.160 spills+carry 0.075, total 1.961 s
dist_mn node 1: 34561064 + 34561064 + x limbs -> 69122128 (share 34561065): redistribute 0.119 ntt 1.564 crt 0.003 out 0.158 spills+carry 0.075, total 1.953 s
mdb_add_shifted node 2: 34561061 limbs at 17280532 into a basis of 69122129 (my window [17280532, 34561064), 1 rounds of 4320144; slabs 0 + 4320133 limbs per APU 0): 0.106 s
mdb_add_shifted node 3: 34561061 limbs at 17280532 into a basis of 69122129 (my window [34561064, 51841593), 1 rounds of 4320144; slabs 8640265 + 4320132 limbs per APU 0): 0.106 s
mdb_add_shifted node 0: 34561061 limbs at 0 into a basis of 69122129 (my window [0, 34561061), 1 rounds of 8640272; slabs 0 + 8640265 limbs per APU 0): 0.121 s
mdb_add_shifted node 1: 34561061 limbs at 0 into a basis of 69122129 (my window [34561064, 34561064), 1 rounds of 8640272; slabs 8640265 + 0 limbs per APU 0): 0.120 s
mdb_add_shifted node 0: 34561061 limbs at 17280532 into a basis of 69122129 (my window [17280532, 34561064), 1 rounds of 4320144; slabs 0 + 4320133 limbs per APU 0): 0.116 s
mdb_add_shifted node 1: 34561061 limbs at 17280532 into a basis of 69122129 (my window [34561064, 51841593), 1 rounds of 4320144; slabs 8640265 + 4320132 limbs per APU 0): 0.117 s
dist_mn node 2: 2^25 = 2^12 x 2^13 over 2 x 4 ranks, 3 primes (rows 512..512; 10066329 + 8388608 limbs at 0, window [0, 9227468) of share [0, 9227468)): redistribute 0.042 ntt 0.380 crt 0.001 out 0.019 spills+carry 0.001 total 0.417 s
dist_mn node 2: 10066329 x 8388608 limbs over 2 x 4 ranks (cap 2^25): 1 x 1 pieces, 1 formed, 0 skipped (cache 0 slots: 18 hits, 21 misses)
dist_mn node 3: 2^25 = 2^12 x 2^13 over 2 x 4 ranks, 3 primes (rows 512..512; 10066329 + 8388608 limbs at 0, window [9227468, 18454937) of share [9227468, 18454937)): redistribute 0.045 ntt 0.380 crt 0.001 out 0.020 spills+carry 0.001 total 0.420 s
dist_mn node 3: 10066329 x 8388608 limbs over 2 x 4 ranks (cap 2^25): 1 x 1 pieces, 1 formed, 0 skipped (cache 0 slots: 18 hits, 21 misses)
dist_mn node 2: 10066329 + 8388608 limbs -> 18454937 (share 9227468): redistribute 0.042 ntt 0.380 crt 0.001 out 0.019 spills+carry 0.001, total 0.418 s
dist_mn node 3: 10066329 + 8388608 limbs -> 18454937 (share 9227469): redistribute 0.045 ntt 0.380 crt 0.001 out 0.020 spills+carry 0.001, total 0.421 s
mdev 3*2^23 (18454937 limbs): repack 0.023 h2d 0.001 fwd 0.006 inv 0.003 d2h 0.024 crt 0.013 total 0.056 s
mdev 3*2^23 (18454937 limbs): repack 0.030 h2d 0.001 fwd 0.008 inv 0.002 d2h 0.016 crt 0.022 total 0.058 s
dist_mn node 0: 2^25 = 2^12 x 2^13 over 2 x 4 ranks, 3 primes (rows 512..512; 10066329 + 8388608 limbs at 0, window [0, 9227468) of share [0, 9227468)): redistribute 0.072 ntt 0.292 crt 0.001 out 0.015 spills+carry 0.001 total 0.380 s
dist_mn node 0: 10066329 x 8388608 limbs over 2 x 4 ranks (cap 2^25): 1 x 1 pieces, 1 formed, 0 skipped (cache 0 slots: 18 hits, 21 misses)
dist_mn node 1: 2^25 = 2^12 x 2^13 over 2 x 4 ranks, 3 primes (rows 512..512; 10066329 + 8388608 limbs at 0, window [9227468, 18454937) of share [9227468, 18454937)): redistribute 0.013 ntt 0.289 crt 0.001 out 0.017 spills+carry 0.001 total 0.320 s
dist_mn node 1: 10066329 x 8388608 limbs over 2 x 4 ranks (cap 2^25): 1 x 1 pieces, 1 formed, 0 skipped (cache 0 slots: 18 hits, 21 misses)
dist_mn node 0: 10066329 + 8388608 limbs -> 18454937 (share 9227468): redistribute 0.072 ntt 0.292 crt 0.001 out 0.015 spills+carry 0.001, total 0.381 s
dist_mn node 1: 10066329 + 8388608 limbs -> 18454937 (share 9227469): redistribute 0.013 ntt 0.289 crt 0.001 out 0.017 spills+carry 0.001, total 0.321 s
mdev 3*2^23 (18454937 limbs): repack 0.021 h2d 0.001 fwd 0.005 inv 0.003 d2h 0.012 crt 0.013 total 0.043 s
mdev 3*2^23 (18454937 limbs): repack 0.022 h2d 0.001 fwd 0.015 inv 0.002 d2h 0.025 crt 0.001 total 0.054 s
dist_mn node 2: 2^25 = 2^12 x 2^13 over 2 x 4 ranks, 3 primes (rows 512..512; 10066329 + 8388608 + x limbs at 0, window [0, 9227469) of share [0, 9227469)): redistribute 0.029 ntt 0.267 crt 0.000 out 0.021 spills+carry 0.001 total 0.315 s
dist_mn node 2: 10066329 x 8388608 limbs over 2 x 4 ranks (cap 2^25): 1 x 1 pieces, 1 formed, 0 skipped (cache 0 slots: 18 hits, 21 misses)
dist_mn node 3: 2^25 = 2^12 x 2^13 over 2 x 4 ranks, 3 primes (rows 512..512; 10066329 + 8388608 + x limbs at 0, window [9227469, 18454938) of share [9227469, 18454938)): redistribute 0.027 ntt 0.268 crt 0.000 out 0.020 spills+carry 0.001 total 0.314 s
dist_mn node 3: 10066329 x 8388608 limbs over 2 x 4 ranks (cap 2^25): 1 x 1 pieces, 1 formed, 0 skipped (cache 0 slots: 18 hits, 21 misses)
dist_mn node 2: 10066329 + 8388608 + x limbs -> 18454937 (share 9227469): redistribute 0.029 ntt 0.267 crt 0.000 out 0.021 spills+carry 0.001, total 0.315 s
dist_mn node 3: 10066329 + 8388608 + x limbs -> 18454937 (share 9227469): redistribute 0.027 ntt 0.268 crt 0.000 out 0.020 spills+carry 0.001, total 0.314 s
dist_mn node 0: 2^25 = 2^12 x 2^13 over 2 x 4 ranks, 3 primes (rows 512..512; 10066329 + 8388608 + x limbs at 0, window [0, 9227469) of share [0, 9227469)): redistribute 0.066 ntt 0.377 crt 0.000 out 0.018 spills+carry 0.000 total 0.446 s
dist_mn node 0: 10066329 x 8388608 limbs over 2 x 4 ranks (cap 2^25): 1 x 1 pieces, 1 formed, 0 skipped (cache 0 slots: 18 hits, 21 misses)
dist_mn node 1: 2^25 = 2^12 x 2^13 over 2 x 4 ranks, 3 primes (rows 512..512; 10066329 + 8388608 + x limbs at 0, window [9227469, 18454938) of share [9227469, 18454938)): redistribute 0.038 ntt 0.376 crt 0.000 out 0.016 spills+carry 0.001 total 0.418 s
dist_mn node 1: 10066329 x 8388608 limbs over 2 x 4 ranks (cap 2^25): 1 x 1 pieces, 1 formed, 0 skipped (cache 0 slots: 18 hits, 21 misses)
dist_mn node 0: 10066329 + 8388608 + x limbs -> 18454937 (share 9227469): redistribute 0.066 ntt 0.377 crt 0.000 out 0.018 spills+carry 0.000, total 0.446 s
dist_mn node 1: 10066329 + 8388608 + x limbs -> 18454937 (share 9227469): redistribute 0.038 ntt 0.376 crt 0.000 out 0.016 spills+carry 0.001, total 0.418 s
dist_mn node 2: 2^25 = 2^12 x 2^13 over 2 x 4 ranks, 3 primes (rows 512..512; 10066329 + 8388608 + x limbs at 0, window [0, 9227469) of share [0, 9227469)): redistribute 0.043 ntt 0.342 crt 0.000 out 0.024 spills+carry 0.001 total 0.383 s
dist_mn node 2: 10066329 x 8388608 limbs over 2 x 4 ranks (cap 2^25): 1 x 1 pieces, 1 formed, 0 skipped (cache 0 slots: 18 hits, 21 misses)
dist_mn node 3: 2^25 = 2^12 x 2^13 over 2 x 4 ranks, 3 primes (rows 512..512; 10066329 + 8388608 + x limbs at 0, window [9227469, 18454938) of share [9227469, 18454938)): redistribute 0.051 ntt 0.340 crt 0.000 out 0.022 spills+carry 0.001 total 0.391 s
dist_mn node 3: 10066329 x 8388608 limbs over 2 x 4 ranks (cap 2^25): 1 x 1 pieces, 1 formed, 0 skipped (cache 0 slots: 18 hits, 21 misses)
dist_mn node 2: 10066329 + 8388608 + x limbs -> 18454937 (share 9227469): redistribute 0.043 ntt 0.342 crt 0.000 out 0.024 spills+carry 0.001, total 0.386 s
dist_mn node 3: 10066329 + 8388608 + x limbs -> 18454937 (share 9227469): redistribute 0.051 ntt 0.340 crt 0.000 out 0.022 spills+carry 0.001, total 0.392 s
mdb_add_shifted node 2: 8388605 limbs at 0 into a basis of 18454938 (my window [0, 8388605), 1 rounds of 2097152; slabs 0 + 2097151 limbs per APU 0): 0.023 s
mdb_add_shifted node 3: 8388605 limbs at 0 into a basis of 18454938 (my window [9227469, 9227469), 1 rounds of 2097152; slabs 2097151 + 0 limbs per APU 0): 0.024 s
mdb_add_shifted node 2: 8388605 limbs at 5033164 into a basis of 18454938 (my window [5033164, 9227469), 1 rounds of 1048592; slabs 0 + 1048576 limbs per APU 0): 0.018 s
mdb_add_shifted node 3: 8388605 limbs at 5033164 into a basis of 18454938 (my window [9227469, 13421769), 1 rounds of 1048592; slabs 2097151 + 1048575 limbs per APU 0): 0.023 s
dist_mn node 0: 2^25 = 2^12 x 2^13 over 2 x 4 ranks, 3 primes (rows 512..512; 10066329 + 8388608 + x limbs at 0, window [0, 9227469) of share [0, 9227469)): redistribute 0.041 ntt 0.355 crt 0.000 out 0.024 spills+carry 0.001 total 0.419 s
dist_mn node 0: 10066329 x 8388608 limbs over 2 x 4 ranks (cap 2^25): 1 x 1 pieces, 1 formed, 0 skipped (cache 0 slots: 18 hits, 21 misses)
dist_mn node 1: 2^25 = 2^12 x 2^13 over 2 x 4 ranks, 3 primes (rows 512..512; 10066329 + 8388608 + x limbs at 0, window [9227469, 18454938) of share [9227469, 18454938)): redistribute 0.020 ntt 0.357 crt 0.000 out 0.026 spills+carry 0.001 total 0.403 s
dist_mn node 1: 10066329 x 8388608 limbs over 2 x 4 ranks (cap 2^25): 1 x 1 pieces, 1 formed, 0 skipped (cache 0 slots: 18 hits, 21 misses)
dist_mn node 0: 10066329 + 8388608 + x limbs -> 18454937 (share 9227469): redistribute 0.041 ntt 0.355 crt 0.000 out 0.024 spills+carry 0.001, total 0.419 s
dist_mn node 1: 10066329 + 8388608 + x limbs -> 18454937 (share 9227469): redistribute 0.020 ntt 0.357 crt 0.000 out 0.026 spills+carry 0.001, total 0.404 s
mdb_add_shifted node 0: 8388605 limbs at 0 into a basis of 18454938 (my window [0, 8388605), 1 rounds of 2097152; slabs 0 + 2097151 limbs per APU 0): 0.038 s
mdb_add_shifted node 1: 8388605 limbs at 0 into a basis of 18454938 (my window [9227469, 9227469), 1 rounds of 2097152; slabs 2097151 + 0 limbs per APU 0): 0.032 s
mdb_add_shifted node 1: 8388605 limbs at 5033164 into a basis of 18454938 (my window [9227469, 13421769), 1 rounds of 1048592; slabs 2097151 + 1048575 limbs per APU 0): 0.025 s
mdb_add_shifted node 0: 8388605 limbs at 5033164 into a basis of 18454938 (my window [5033164, 9227469), 1 rounds of 1048592; slabs 0 + 1048576 limbs per APU 0): 0.053 s
dist_mn node 2: 2^25 = 2^12 x 2^13 over 2 x 4 ranks, 3 primes (rows 512..512; 20132659 + 8388608 limbs at 0, window [0, 18454937) of share [0, 18454937)): redistribute 0.039 ntt 0.390 crt 0.001 out 0.027 spills+carry 0.002 total 0.436 s [A cached] [B cached]
dist_mn node 3: 2^25 = 2^12 x 2^13 over 2 x 4 ranks, 3 primes (rows 512..512; 20132659 + 8388608 limbs at 0, window [18454937, 28521267) of share [18454937, 36909875)): redistribute 0.038 ntt 0.385 crt 0.001 out 0.024 spills+carry 0.002 total 0.436 s [A cached] [B cached]
dist_mn node 2: 2^25 = 2^12 x 2^13 over 2 x 4 ranks, 3 primes (rows 512..512; 20132659 + 8388608 limbs at 8388608, window [0, 10066329) of share [0, 18454937), accumulated): redistribute 0.011 ntt 0.227 crt 0.000 out 0.026 spills+carry 0.009 total 0.274 s [A hit] [B cached]
dist_mn node 2: 20132659 x 16777216 limbs over 2 x 4 ranks (cap 2^25): 1 x 2 pieces, 2 formed, 0 skipped (cache 2 slots: 19 hits, 24 misses)
dist_mn node 3: 2^25 = 2^12 x 2^13 over 2 x 4 ranks, 3 primes (rows 512..512; 20132659 + 8388608 limbs at 8388608, window [10066329, 28521267) of share [18454937, 36909875), accumulated): redistribute 0.010 ntt 0.231 crt 0.000 out 0.024 spills+carry 0.009 total 0.274 s [A hit] [B cached]
dist_mn node 3: 20132659 x 16777216 limbs over 2 x 4 ranks (cap 2^25): 1 x 2 pieces, 2 formed, 0 skipped (cache 2 slots: 19 hits, 24 misses)
dist_mn node 2: 20132659 + 16777216 limbs -> 36909875 (share 18454937): redistribute 0.050 ntt 0.617 crt 0.001 out 0.053 spills+carry 0.012, total 0.713 s
dist_mn node 3: 20132659 + 16777216 limbs -> 36909875 (share 18454938): redistribute 0.048 ntt 0.616 crt 0.001 out 0.048 spills+carry 0.012, total 0.869 s
dist_mn node 0: 2^25 = 2^12 x 2^13 over 2 x 4 ranks, 3 primes (rows 512..512; 20132659 + 8388608 limbs at 0, window [0, 18454937) of share [0, 18454937)): redistribute 0.037 ntt 0.382 crt 0.002 out 0.024 spills+carry 0.003 total 0.429 s [A cached] [B cached]
dist_mn node 1: 2^25 = 2^12 x 2^13 over 2 x 4 ranks, 3 primes (rows 512..512; 20132659 + 8388608 limbs at 0, window [18454937, 28521267) of share [18454937, 36909875)): redistribute 0.037 ntt 0.383 crt 0.001 out 0.024 spills+carry 0.003 total 0.429 s [A cached] [B cached]
mdev 3*2^24 (36909875 limbs): repack 0.042 h2d 0.001 fwd 0.010 inv 0.006 d2h 0.058 crt 0.033 total 0.116 s
mdev 3*2^24 (36909875 limbs): repack 0.039 h2d 0.001 fwd 0.009 inv 0.006 d2h 0.062 crt 0.033 total 0.117 s
dist_mn node 0: 2^25 = 2^12 x 2^13 over 2 x 4 ranks, 3 primes (rows 512..512; 20132659 + 8388608 limbs at 8388608, window [0, 10066329) of share [0, 18454937), accumulated): redistribute 0.007 ntt 0.204 crt 0.000 out 0.030 spills+carry 0.009 total 0.251 s [A hit] [B cached]
dist_mn node 0: 20132659 x 16777216 limbs over 2 x 4 ranks (cap 2^25): 1 x 2 pieces, 2 formed, 0 skipped (cache 2 slots: 19 hits, 24 misses)
dist_mn node 1: 2^25 = 2^12 x 2^13 over 2 x 4 ranks, 3 primes (rows 512..512; 20132659 + 8388608 limbs at 8388608, window [10066329, 28521267) of share [18454937, 36909875), accumulated): redistribute 0.007 ntt 0.202 crt 0.000 out 0.033 spills+carry 0.010 total 0.251 s [A hit] [B cached]
dist_mn node 1: 20132659 x 16777216 limbs over 2 x 4 ranks (cap 2^25): 1 x 2 pieces, 2 formed, 0 skipped (cache 2 slots: 19 hits, 24 misses)
dist_mn node 0: 20132659 + 16777216 limbs -> 36909875 (share 18454937): redistribute 0.044 ntt 0.586 crt 0.003 out 0.054 spills+carry 0.012, total 0.845 s
dist_mn node 1: 20132659 + 16777216 limbs -> 36909875 (share 18454938): redistribute 0.044 ntt 0.585 crt 0.002 out 0.057 spills+carry 0.012, total 0.682 s
mdev 3*2^24 (36909875 limbs): repack 0.040 h2d 0.001 fwd 0.007 inv 0.005 d2h 0.057 crt 0.025 total 0.112 s
mdev 3*2^24 (36909875 limbs): repack 0.042 h2d 0.001 fwd 0.006 inv 0.005 d2h 0.096 crt 0.075 total 0.154 s
dist_mn node 2: 2^25 = 2^12 x 2^13 over 2 x 4 ranks, 3 primes (rows 512..512; 20132659 + 8388608 limbs at 0, window [0, 18454938) of share [0, 18454938)): redistribute 0.049 ntt 0.330 crt 0.000 out 0.023 spills+carry 0.003 total 0.379 s [A cached] [B cached]
dist_mn node 3: 2^25 = 2^12 x 2^13 over 2 x 4 ranks, 3 primes (rows 512..512; 20132659 + 8388608 limbs at 0, window [18454938, 28521267) of share [18454938, 36909876)): redistribute 0.049 ntt 0.327 crt 0.000 out 0.025 spills+carry 0.003 total 0.379 s [A cached] [B cached]
dist_mn node 2: 2^25 = 2^12 x 2^13 over 2 x 4 ranks, 3 primes (rows 512..512; 20132659 + 8388608 limbs at 8388608, window [0, 10066330) of share [0, 18454938), accumulated): redistribute 0.009 ntt 0.238 crt 0.000 out 0.028 spills+carry 0.009 total 0.285 s [A hit] [B cached]
dist_mn node 3: 2^25 = 2^12 x 2^13 over 2 x 4 ranks, 3 primes (rows 512..512; 20132659 + 8388608 limbs at 8388608, window [10066330, 28521267) of share [18454938, 36909876), accumulated): redistribute 0.006 ntt 0.237 crt 0.000 out 0.033 spills+carry 0.009 total 0.285 s [A hit] [B cached]
mdb_add_shifted node 2: 16777213 limbs at 0 into a basis of 36909876 (my window [0, 16777213), 1 rounds of 4194304; slabs 0 + 4194303 limbs per APU 0): 0.041 s
dist_mn node 2: 20132659 x 16777216 limbs over 2 x 4 ranks (cap 2^25): 1 x 2 pieces, 2 formed, 0 skipped (cache 2 slots: 20 hits, 27 misses)
mdb_add_shifted node 3: 16777213 limbs at 0 into a basis of 36909876 (my window [18454938, 18454938), 1 rounds of 4194304; slabs 4194303 + 0 limbs per APU 0): 0.041 s
dist_mn node 3: 20132659 x 16777216 limbs over 2 x 4 ranks (cap 2^25): 1 x 2 pieces, 2 formed, 0 skipped (cache 2 slots: 20 hits, 27 misses)
dist_mn node 2: 20132659 + 16777216 + x limbs -> 36909875 (share 18454938): redistribute 0.058 ntt 0.568 crt 0.001 out 0.051 spills+carry 0.012, total 0.729 s
dist_mn node 3: 20132659 + 16777216 + x limbs -> 36909875 (share 18454938): redistribute 0.056 ntt 0.565 crt 0.001 out 0.058 spills+carry 0.012, total 0.707 s
dist_mn node 0: 2^25 = 2^12 x 2^13 over 2 x 4 ranks, 3 primes (rows 512..512; 20132659 + 8388608 limbs at 0, window [0, 18454938) of share [0, 18454938)): redistribute 0.028 ntt 0.352 crt 0.001 out 0.028 spills+carry 0.002 total 0.403 s [A cached] [B cached]
dist_mn node 1: 2^25 = 2^12 x 2^13 over 2 x 4 ranks, 3 primes (rows 512..512; 20132659 + 8388608 limbs at 0, window [18454938, 28521267) of share [18454938, 36909876)): redistribute 0.027 ntt 0.352 crt 0.001 out 0.026 spills+carry 0.002 total 0.403 s [A cached] [B cached]
dist_mn node 0: 2^25 = 2^12 x 2^13 over 2 x 4 ranks, 3 primes (rows 512..512; 20132659 + 8388608 limbs at 8388608, window [0, 10066330) of share [0, 18454938), accumulated): redistribute 0.012 ntt 0.237 crt 0.000 out 0.022 spills+carry 0.010 total 0.276 s [A hit] [B cached]
dist_mn node 1: 2^25 = 2^12 x 2^13 over 2 x 4 ranks, 3 primes (rows 512..512; 20132659 + 8388608 limbs at 8388608, window [10066330, 28521267) of share [18454938, 36909876), accumulated): redistribute 0.013 ntt 0.239 crt 0.000 out 0.020 spills+carry 0.010 total 0.277 s [A hit] [B cached]
mdb_add_shifted node 0: 16777213 limbs at 0 into a basis of 36909876 (my window [0, 16777213), 1 rounds of 4194304; slabs 0 + 4194303 limbs per APU 0): 0.030 s
dist_mn node 0: 20132659 x 16777216 limbs over 2 x 4 ranks (cap 2^25): 1 x 2 pieces, 2 formed, 0 skipped (cache 2 slots: 20 hits, 27 misses)
mdb_add_shifted node 1: 16777213 limbs at 0 into a basis of 36909876 (my window [18454938, 18454938), 1 rounds of 4194304; slabs 4194303 + 0 limbs per APU 0): 0.030 s
dist_mn node 1: 20132659 x 16777216 limbs over 2 x 4 ranks (cap 2^25): 1 x 2 pieces, 2 formed, 0 skipped (cache 2 slots: 20 hits, 27 misses)
dist_mn node 0: 20132659 + 16777216 + x limbs -> 36909875 (share 18454938): redistribute 0.040 ntt 0.589 crt 0.001 out 0.050 spills+carry 0.012, total 0.759 s
dist_mn node 1: 20132659 + 16777216 + x limbs -> 36909875 (share 18454938): redistribute 0.040 ntt 0.591 crt 0.001 out 0.046 spills+carry 0.012, total 0.711 s
dist_mn node 2: 2^25 = 2^12 x 2^13 over 2 x 4 ranks, 3 primes (rows 512..512; 20132659 + 8388608 limbs at 0, window [0, 18454938) of share [0, 18454938)): redistribute 0.032 ntt 0.365 crt 0.001 out 0.028 spills+carry 0.002 total 0.412 s [A cached] [B cached]
dist_mn node 3: 2^25 = 2^12 x 2^13 over 2 x 4 ranks, 3 primes (rows 512..512; 20132659 + 8388608 limbs at 0, window [18454938, 28521267) of share [18454938, 36909876)): redistribute 0.032 ntt 0.364 crt 0.001 out 0.026 spills+carry 0.002 total 0.412 s [A cached] [B cached]
dist_mn node 2: 2^25 = 2^12 x 2^13 over 2 x 4 ranks, 3 primes (rows 512..512; 20132659 + 8388608 limbs at 8388608, window [0, 10066330) of share [0, 18454938), accumulated): redistribute 0.014 ntt 0.229 crt 0.000 out 0.029 spills+carry 0.009 total 0.277 s [A hit] [B cached]
dist_mn node 3: 2^25 = 2^12 x 2^13 over 2 x 4 ranks, 3 primes (rows 512..512; 20132659 + 8388608 limbs at 8388608, window [10066330, 28521267) of share [18454938, 36909876), accumulated): redistribute 0.014 ntt 0.234 crt 0.000 out 0.025 spills+carry 0.009 total 0.277 s [A hit] [B cached]
mdb_add_shifted node 2: 16777213 limbs at 0 into a basis of 36909876 (my window [0, 16777213), 1 rounds of 4194304; slabs 0 + 4194303 limbs per APU 0): 0.028 s
dist_mn node 2: 20132659 x 16777216 limbs over 2 x 4 ranks (cap 2^25): 1 x 2 pieces, 2 formed, 0 skipped (cache 2 slots: 21 hits, 30 misses)
mdb_add_shifted node 3: 16777213 limbs at 0 into a basis of 36909876 (my window [18454938, 18454938), 1 rounds of 4194304; slabs 4194303 + 0 limbs per APU 0): 0.028 s
dist_mn node 3: 20132659 x 16777216 limbs over 2 x 4 ranks (cap 2^25): 1 x 2 pieces, 2 formed, 0 skipped (cache 2 slots: 21 hits, 30 misses)
dist_mn node 2: 20132659 + 16777216 + x limbs -> 36909875 (share 18454938): redistribute 0.046 ntt 0.594 crt 0.001 out 0.057 spills+carry 0.011, total 0.774 s
dist_mn node 3: 20132659 + 16777216 + x limbs -> 36909875 (share 18454938): redistribute 0.046 ntt 0.598 crt 0.002 out 0.051 spills+carry 0.011, total 0.719 s
dist_mn node 1: 2^25 = 2^12 x 2^13 over 2 x 4 ranks, 3 primes (rows 512..512; 20132659 + 8388608 limbs at 0, window [18454938, 28521267) of share [18454938, 36909876)): redistribute 0.040 ntt 0.361 crt 0.000 out 0.028 spills+carry 0.002 total 0.414 s [A cached] [B cached]
dist_mn node 0: 2^25 = 2^12 x 2^13 over 2 x 4 ranks, 3 primes (rows 512..512; 20132659 + 8388608 limbs at 0, window [0, 18454938) of share [0, 18454938)): redistribute 0.040 ntt 0.364 crt 0.000 out 0.025 spills+carry 0.002 total 0.414 s [A cached] [B cached]
mdb_add_shifted node 2: 16777213 limbs at 0 into a basis of 36909876 (my window [0, 16777213), 1 rounds of 4194304; slabs 0 + 4194303 limbs per APU 0): 0.059 s
mdb_add_shifted node 3: 16777213 limbs at 0 into a basis of 36909876 (my window [18454938, 18454938), 1 rounds of 4194304; slabs 4194303 + 0 limbs per APU 0): 0.051 s
mdb_add_shifted node 2: 16777213 limbs at 10066329 into a basis of 36909876 (my window [10066329, 18454938), 1 rounds of 2097168; slabs 0 + 2097152 limbs per APU 0): 0.016 s
mdb_add_shifted node 3: 16777213 limbs at 10066329 into a basis of 36909876 (my window [18454938, 26843542), 1 rounds of 2097168; slabs 4194303 + 2097151 limbs per APU 0): 0.037 s
dist_mn node 0: 2^25 = 2^12 x 2^13 over 2 x 4 ranks, 3 primes (rows 512..512; 20132659 + 8388608 limbs at 8388608, window [0, 10066330) of share [0, 18454938), accumulated): redistribute 0.012 ntt 0.221 crt 0.001 out 0.029 spills+carry 0.009 total 0.272 s [A hit] [B cached]
dist_mn node 1: 2^25 = 2^12 x 2^13 over 2 x 4 ranks, 3 primes (rows 512..512; 20132659 + 8388608 limbs at 8388608, window [10066330, 28521267) of share [18454938, 36909876), accumulated): redistribute 0.012 ntt 0.221 crt 0.001 out 0.029 spills+carry 0.009 total 0.272 s [A hit] [B cached]
mdb_add_shifted node 0: 16777213 limbs at 0 into a basis of 36909876 (my window [0, 16777213), 1 rounds of 4194304; slabs 0 + 4194303 limbs per APU 0): 0.037 s
dist_mn node 0: 20132659 x 16777216 limbs over 2 x 4 ranks (cap 2^25): 1 x 2 pieces, 2 formed, 0 skipped (cache 2 slots: 21 hits, 30 misses)
mdb_add_shifted node 1: 16777213 limbs at 0 into a basis of 36909876 (my window [18454938, 18454938), 1 rounds of 4194304; slabs 4194303 + 0 limbs per APU 0): 0.037 s
dist_mn node 1: 20132659 x 16777216 limbs over 2 x 4 ranks (cap 2^25): 1 x 2 pieces, 2 formed, 0 skipped (cache 2 slots: 21 hits, 30 misses)
dist_mn node 0: 20132659 + 16777216 + x limbs -> 36909875 (share 18454938): redistribute 0.052 ntt 0.585 crt 0.001 out 0.054 spills+carry 0.011, total 0.768 s
dist_mn node 1: 20132659 + 16777216 + x limbs -> 36909875 (share 18454938): redistribute 0.052 ntt 0.582 crt 0.001 out 0.057 spills+carry 0.011, total 0.725 s
mdb_add_shifted node 1: 16777213 limbs at 0 into a basis of 36909876 (my window [18454938, 18454938), 1 rounds of 4194304; slabs 4194303 + 0 limbs per APU 0): 0.057 s
mdb_add_shifted node 0: 16777213 limbs at 0 into a basis of 36909876 (my window [0, 16777213), 1 rounds of 4194304; slabs 0 + 4194303 limbs per APU 0): 0.084 s
mdb_add_shifted node 0: 16777213 limbs at 10066329 into a basis of 36909876 (my window [10066329, 18454938), 1 rounds of 2097168; slabs 0 + 2097152 limbs per APU 0): 0.050 s
mdb_add_shifted node 1: 16777213 limbs at 10066329 into a basis of 36909876 (my window [18454938, 26843542), 1 rounds of 2097168; slabs 4194303 + 2097151 limbs per APU 0): 0.034 s
dist_mn node 2: 2^25 = 2^12 x 2^13 over 2 x 4 ranks, 3 primes (rows 512..512; 17280532 + 11520355 limbs at 0, window [0, 28800887) of share [0, 34561064)): redistribute 0.040 ntt 0.371 crt 0.000 out 0.035 spills+carry 0.003 total 0.442 s [A cached] [B cached]
dist_mn node 3: 2^25 = 2^12 x 2^13 over 2 x 4 ranks, 3 primes (rows 512..512; 17280532 + 11520355 limbs at 0, window [28800887, 28800887) of share [34561064, 69122128)): redistribute 0.042 ntt 0.374 crt 0.000 out 0.032 spills+carry 0.003 total 0.442 s [A cached] [B cached]
dist_mn node 2: 2^25 = 2^12 x 2^13 over 2 x 4 ranks, 3 primes (rows 512..512; 17280532 + 11520355 limbs at 17280532, window [0, 17280532) of share [0, 34561064), accumulated): redistribute 0.017 ntt 0.224 crt 0.000 out 0.030 spills+carry 0.018 total 0.290 s [B hit]
dist_mn node 3: 2^25 = 2^12 x 2^13 over 2 x 4 ranks, 3 primes (rows 512..512; 17280532 + 11520355 limbs at 17280532, window [17280532, 28800887) of share [34561064, 69122128), accumulated): redistribute 0.017 ntt 0.226 crt 0.000 out 0.028 spills+carry 0.018 total 0.290 s [B hit]
dist_mn node 0: 2^25 = 2^12 x 2^13 over 2 x 4 ranks, 3 primes (rows 512..512; 17280532 + 11520355 limbs at 0, window [0, 28800887) of share [0, 34561064)): redistribute 0.027 ntt 0.367 crt 0.000 out 0.025 spills+carry 0.003 total 0.419 s [A cached] [B cached]
dist_mn node 1: 2^25 = 2^12 x 2^13 over 2 x 4 ranks, 3 primes (rows 512..512; 17280532 + 11520355 limbs at 0, window [28800887, 28800887) of share [34561064, 69122128)): redistribute 0.027 ntt 0.367 crt 0.000 out 0.025 spills+carry 0.003 total 0.419 s [A cached] [B cached]
dist_mn node 2: 2^25 = 2^12 x 2^13 over 2 x 4 ranks, 3 primes (rows 512..512; 17280532 + 11520355 limbs at 11520355, window [0, 23040709) of share [0, 34561064), accumulated): redistribute 0.012 ntt 0.222 crt 0.001 out 0.030 spills+carry 0.019 total 0.284 s [A hit] [B cached]
dist_mn node 3: 2^25 = 2^12 x 2^13 over 2 x 4 ranks, 3 primes (rows 512..512; 17280532 + 11520355 limbs at 11520355, window [23040709, 28800887) of share [34561064, 69122128), accumulated): redistribute 0.012 ntt 0.227 crt 0.001 out 0.026 spills+carry 0.019 total 0.284 s [A hit] [B cached]
dist_mn node 0: 2^25 = 2^12 x 2^13 over 2 x 4 ranks, 3 primes (rows 512..512; 17280532 + 11520355 limbs at 17280532, window [0, 17280532) of share [0, 34561064), accumulated): redistribute 0.016 ntt 0.242 crt 0.001 out 0.033 spills+carry 0.018 total 0.309 s [B hit]
dist_mn node 1: 2^25 = 2^12 x 2^13 over 2 x 4 ranks, 3 primes (rows 512..512; 17280532 + 11520355 limbs at 17280532, window [17280532, 28800887) of share [34561064, 69122128), accumulated): redistribute 0.016 ntt 0.241 crt 0.001 out 0.033 spills+carry 0.018 total 0.309 s [B hit]
dist_mn node 2: 2^25 = 2^12 x 2^13 over 2 x 4 ranks, 3 primes (rows 512..512; 17280532 + 11520355 limbs at 28800887, window [0, 5760177) of share [0, 34561064), accumulated): redistribute 0.020 ntt 0.243 crt 0.000 out 0.024 spills+carry 0.017 total 0.299 s [B hit]
dist_mn node 3: 2^25 = 2^12 x 2^13 over 2 x 4 ranks, 3 primes (rows 512..512; 17280532 + 11520355 limbs at 28800887, window [5760177, 28800887) of share [34561064, 69122128), accumulated): redistribute 0.020 ntt 0.247 crt 0.000 out 0.021 spills+carry 0.017 total 0.299 s [B hit]
dist_mn node 0: 2^25 = 2^12 x 2^13 over 2 x 4 ranks, 3 primes (rows 512..512; 17280532 + 11520355 limbs at 11520355, window [0, 23040709) of share [0, 34561064), accumulated): redistribute 0.018 ntt 0.216 crt 0.001 out 0.022 spills+carry 0.017 total 0.265 s [A hit] [B cached]
dist_mn node 1: 2^25 = 2^12 x 2^13 over 2 x 4 ranks, 3 primes (rows 512..512; 17280532 + 11520355 limbs at 11520355, window [23040709, 28800887) of share [34561064, 69122128), accumulated): redistribute 0.017 ntt 0.216 crt 0.000 out 0.025 spills+carry 0.017 total 0.265 s [A hit] [B cached]
dist_mn node 2: 2^25 = 2^12 x 2^13 over 2 x 4 ranks, 3 primes (rows 512..512; 17280532 + 11520354 limbs at 23040710, window [0, 11520354) of share [0, 34561064), accumulated): redistribute 0.018 ntt 0.228 crt 0.000 out 0.029 spills+carry 0.020 total 0.292 s [A hit] [B cached]
dist_mn node 3: 2^25 = 2^12 x 2^13 over 2 x 4 ranks, 3 primes (rows 512..512; 17280532 + 11520354 limbs at 23040710, window [11520354, 28800886) of share [34561064, 69122128), accumulated): redistribute 0.018 ntt 0.230 crt 0.000 out 0.029 spills+carry 0.020 total 0.292 s [A hit] [B cached]
dist_mn node 0: 2^25 = 2^12 x 2^13 over 2 x 4 ranks, 3 primes (rows 512..512; 17280532 + 11520355 limbs at 28800887, window [0, 5760177) of share [0, 34561064), accumulated): redistribute 0.021 ntt 0.213 crt 0.000 out 0.026 spills+carry 0.017 total 0.277 s [B hit]
dist_mn node 1: 2^25 = 2^12 x 2^13 over 2 x 4 ranks, 3 primes (rows 512..512; 17280532 + 11520355 limbs at 28800887, window [5760177, 28800887) of share [34561064, 69122128), accumulated): redistribute 0.022 ntt 0.216 crt 0.000 out 0.023 spills+carry 0.017 total 0.277 s [B hit]
dist_mn node 2: 2^25 = 2^12 x 2^13 over 2 x 4 ranks, 3 primes (rows 512..512; 17280532 + 11520354 limbs at 40321242, window [0, 0) of share [0, 34561064), accumulated): redistribute 0.021 ntt 0.240 crt 0.000 out 0.034 spills+carry 0.012 total 0.307 s [B hit]
dist_mn node 2: 34561064 x 34561064 limbs over 2 x 4 ranks (cap 2^25): 2 x 3 pieces, 6 formed, 0 skipped (cache 2 slots: 26 hits, 34 misses)
dist_mn node 3: 2^25 = 2^12 x 2^13 over 2 x 4 ranks, 3 primes (rows 512..512; 17280532 + 11520354 limbs at 40321242, window [0, 28800886) of share [34561064, 69122128), accumulated): redistribute 0.022 ntt 0.242 crt 0.000 out 0.031 spills+carry 0.011 total 0.307 s [B hit]
dist_mn node 3: 34561064 x 34561064 limbs over 2 x 4 ranks (cap 2^25): 2 x 3 pieces, 6 formed, 0 skipped (cache 2 slots: 26 hits, 34 misses)
dist_mn node 2: 34561064 + 34561064 limbs -> 69122128 (share 34561064): redistribute 0.128 ntt 1.528 crt 0.003 out 0.183 spills+carry 0.089, total 2.033 s
dist_mn node 3: 34561064 + 34561064 limbs -> 69122128 (share 34561064): redistribute 0.132 ntt 1.546 crt 0.003 out 0.167 spills+carry 0.088, total 1.919 s
dist_mn node 0: 2^25 = 2^12 x 2^13 over 2 x 4 ranks, 3 primes (rows 512..512; 17280532 + 11520354 limbs at 23040710, window [0, 11520354) of share [0, 34561064), accumulated): redistribute 0.017 ntt 0.212 crt 0.007 out 0.024 spills+carry 0.020 total 0.263 s [A hit] [B cached]
dist_mn node 1: 2^25 = 2^12 x 2^13 over 2 x 4 ranks, 3 primes (rows 512..512; 17280532 + 11520354 limbs at 23040710, window [11520354, 28800886) of share [34561064, 69122128), accumulated): redistribute 0.017 ntt 0.210 crt 0.008 out 0.026 spills+carry 0.020 total 0.263 s [A hit] [B cached]
mdev 3*2^25 (69122128 limbs): repack 0.068 h2d 0.001 fwd 0.018 inv 0.011 d2h 0.098 crt 0.092 total 0.204 s
mdev 3*2^25 (69122128 limbs): repack 0.073 h2d 0.002 fwd 0.022 inv 0.009 d2h 0.103 crt 0.066 total 0.211 s
dist_mn node 0: 2^25 = 2^12 x 2^13 over 2 x 4 ranks, 3 primes (rows 512..512; 17280532 + 11520354 limbs at 40321242, window [0, 0) of share [0, 34561064), accumulated): redistribute 0.015 ntt 0.180 crt 0.000 out 0.025 spills+carry 0.012 total 0.228 s [B hit]
dist_mn node 0: 34561064 x 34561064 limbs over 2 x 4 ranks (cap 2^25): 2 x 3 pieces, 6 formed, 0 skipped (cache 2 slots: 26 hits, 34 misses)
dist_mn node 1: 2^25 = 2^12 x 2^13 over 2 x 4 ranks, 3 primes (rows 512..512; 17280532 + 11520354 limbs at 40321242, window [0, 28800886) of share [34561064, 69122128), accumulated): redistribute 0.015 ntt 0.182 crt 0.000 out 0.023 spills+carry 0.011 total 0.228 s [B hit]
dist_mn node 1: 34561064 x 34561064 limbs over 2 x 4 ranks (cap 2^25): 2 x 3 pieces, 6 formed, 0 skipped (cache 2 slots: 26 hits, 34 misses)
dist_mn node 0: 34561064 + 34561064 limbs -> 69122128 (share 34561064): redistribute 0.115 ntt 1.430 crt 0.009 out 0.156 spills+carry 0.086, total 1.875 s
dist_mn node 1: 34561064 + 34561064 limbs -> 69122128 (share 34561064): redistribute 0.115 ntt 1.432 crt 0.010 out 0.154 spills+carry 0.087, total 1.765 s
mdev 3*2^25 (69122128 limbs): repack 0.058 h2d 0.002 fwd 0.022 inv 0.010 d2h 0.104 crt 0.052 total 0.205 s
mdev 3*2^25 (69122128 limbs): repack 0.057 h2d 0.001 fwd 0.019 inv 0.013 d2h 0.117 crt 0.089 total 0.217 s
dist_mn node 2: 2^25 = 2^12 x 2^13 over 2 x 4 ranks, 3 primes (rows 512..512; 17280532 + 11520355 limbs at 0, window [0, 28800887) of share [0, 34561064)): redistribute 0.028 ntt 0.347 crt 0.001 out 0.031 spills+carry 0.002 total 0.401 s [A cached] [B cached]
dist_mn node 3: 2^25 = 2^12 x 2^13 over 2 x 4 ranks, 3 primes (rows 512..512; 17280532 + 11520355 limbs at 0, window [28800887, 28800887) of share [34561064, 69122129)): redistribute 0.025 ntt 0.349 crt 0.001 out 0.031 spills+carry 0.004 total 0.402 s [A cached] [B cached]
dist_mn node 2: 2^25 = 2^12 x 2^13 over 2 x 4 ranks, 3 primes (rows 512..512; 17280532 + 11520355 limbs at 17280532, window [0, 17280532) of share [0, 34561064), accumulated): redistribute 0.018 ntt 0.224 crt 0.000 out 0.031 spills+carry 0.018 total 0.289 s [B hit]
dist_mn node 3: 2^25 = 2^12 x 2^13 over 2 x 4 ranks, 3 primes (rows 512..512; 17280532 + 11520355 limbs at 17280532, window [17280532, 28800887) of share [34561064, 69122129), accumulated): redistribute 0.015 ntt 0.222 crt 0.000 out 0.032 spills+carry 0.018 total 0.288 s [B hit]
dist_mn node 0: 2^25 = 2^12 x 2^13 over 2 x 4 ranks, 3 primes (rows 512..512; 17280532 + 11520355 limbs at 0, window [0, 28800887) of share [0, 34561064)): redistribute 0.033 ntt 0.348 crt 0.000 out 0.029 spills+carry 0.003 total 0.401 s [A cached] [B cached]
dist_mn node 1: 2^25 = 2^12 x 2^13 over 2 x 4 ranks, 3 primes (rows 512..512; 17280532 + 11520355 limbs at 0, window [28800887, 28800887) of share [34561064, 69122129)): redistribute 0.031 ntt 0.346 crt 0.000 out 0.030 spills+carry 0.003 total 0.400 s [A cached] [B cached]
dist_mn node 2: 2^25 = 2^12 x 2^13 over 2 x 4 ranks, 3 primes (rows 512..512; 17280532 + 11520355 limbs at 11520355, window [0, 23040709) of share [0, 34561064), accumulated): redistribute 0.012 ntt 0.216 crt 0.000 out 0.024 spills+carry 0.018 total 0.271 s [A hit] [B cached]
dist_mn node 3: 2^25 = 2^12 x 2^13 over 2 x 4 ranks, 3 primes (rows 512..512; 17280532 + 11520355 limbs at 11520355, window [23040709, 28800887) of share [34561064, 69122129), accumulated): redistribute 0.012 ntt 0.212 crt 0.000 out 0.028 spills+carry 0.018 total 0.271 s [A hit] [B cached]
dist_mn node 0: 2^25 = 2^12 x 2^13 over 2 x 4 ranks, 3 primes (rows 512..512; 17280532 + 11520355 limbs at 17280532, window [0, 17280532) of share [0, 34561064), accumulated): redistribute 0.022 ntt 0.237 crt 0.001 out 0.023 spills+carry 0.017 total 0.292 s [B hit]
dist_mn node 1: 2^25 = 2^12 x 2^13 over 2 x 4 ranks, 3 primes (rows 512..512; 17280532 + 11520355 limbs at 17280532, window [17280532, 28800887) of share [34561064, 69122129), accumulated): redistribute 0.022 ntt 0.237 crt 0.001 out 0.023 spills+carry 0.017 total 0.292 s [B hit]
dist_mn node 2: 2^25 = 2^12 x 2^13 over 2 x 4 ranks, 3 primes (rows 512..512; 17280532 + 11520355 limbs at 28800887, window [0, 5760177) of share [0, 34561064), accumulated): redistribute 0.024 ntt 0.225 crt 0.001 out 0.032 spills+carry 0.017 total 0.289 s [B hit]
dist_mn node 3: 2^25 = 2^12 x 2^13 over 2 x 4 ranks, 3 primes (rows 512..512; 17280532 + 11520355 limbs at 28800887, window [5760177, 28800887) of share [34561064, 69122129), accumulated): redistribute 0.024 ntt 0.221 crt 0.001 out 0.031 spills+carry 0.017 total 0.289 s [B hit]
dist_mn node 0: 2^25 = 2^12 x 2^13 over 2 x 4 ranks, 3 primes (rows 512..512; 17280532 + 11520355 limbs at 11520355, window [0, 23040709) of share [0, 34561064), accumulated): redistribute 0.011 ntt 0.223 crt 0.001 out 0.024 spills+carry 0.018 total 0.276 s [A hit] [B cached]
dist_mn node 1: 2^25 = 2^12 x 2^13 over 2 x 4 ranks, 3 primes (rows 512..512; 17280532 + 11520355 limbs at 11520355, window [23040709, 28800887) of share [34561064, 69122129), accumulated): redistribute 0.011 ntt 0.228 crt 0.001 out 0.023 spills+carry 0.018 total 0.276 s [A hit] [B cached]
dist_mn node 2: 2^25 = 2^12 x 2^13 over 2 x 4 ranks, 3 primes (rows 512..512; 17280532 + 11520354 limbs at 23040710, window [0, 11520354) of share [0, 34561064), accumulated): redistribute 0.011 ntt 0.212 crt 0.000 out 0.029 spills+carry 0.020 total 0.272 s [A hit] [B cached]
dist_mn node 3: 2^25 = 2^12 x 2^13 over 2 x 4 ranks, 3 primes (rows 512..512; 17280532 + 11520354 limbs at 23040710, window [11520354, 28800886) of share [34561064, 69122129), accumulated): redistribute 0.010 ntt 0.211 crt 0.000 out 0.030 spills+carry 0.020 total 0.272 s [A hit] [B cached]
dist_mn node 0: 2^25 = 2^12 x 2^13 over 2 x 4 ranks, 3 primes (rows 512..512; 17280532 + 11520355 limbs at 28800887, window [0, 5760177) of share [0, 34561064), accumulated): redistribute 0.018 ntt 0.239 crt 0.000 out 0.024 spills+carry 0.017 total 0.296 s [B hit]
dist_mn node 1: 2^25 = 2^12 x 2^13 over 2 x 4 ranks, 3 primes (rows 512..512; 17280532 + 11520355 limbs at 28800887, window [5760177, 28800887) of share [34561064, 69122129), accumulated): redistribute 0.018 ntt 0.238 crt 0.000 out 0.024 spills+carry 0.017 total 0.296 s [B hit]
dist_mn node 2: 2^25 = 2^12 x 2^13 over 2 x 4 ranks, 3 primes (rows 512..512; 17280532 + 11520354 limbs at 40321242, window [0, 0) of share [0, 34561064), accumulated): redistribute 0.019 ntt 0.226 crt 0.000 out 0.030 spills+carry 0.011 total 0.286 s [B hit]
dist_mn node 3: 2^25 = 2^12 x 2^13 over 2 x 4 ranks, 3 primes (rows 512..512; 17280532 + 11520354 limbs at 40321242, window [0, 28800886) of share [34561064, 69122129), accumulated): redistribute 0.019 ntt 0.223 crt 0.000 out 0.032 spills+carry 0.011 total 0.286 s [B hit]
mdb_add_shifted node 2: 34561061 limbs at 0 into a basis of 69122129 (my window [0, 34561061), 1 rounds of 8640272; slabs 0 + 8640265 limbs per APU 0): 0.056 s
dist_mn node 2: 34561064 x 34561064 limbs over 2 x 4 ranks (cap 2^25): 2 x 3 pieces, 6 formed, 0 skipped (cache 2 slots: 31 hits, 38 misses)
mdb_add_shifted node 3: 34561061 limbs at 0 into a basis of 69122129 (my window [34561064, 34561064), 1 rounds of 8640272; slabs 8640265 + 0 limbs per APU 0): 0.056 s
dist_mn node 3: 34561064 x 34561064 limbs over 2 x 4 ranks (cap 2^25): 2 x 3 pieces, 6 formed, 0 skipped (cache 2 slots: 31 hits, 38 misses)
dist_mn node 2: 34561064 + 34561064 + x limbs -> 69122128 (share 34561064): redistribute 0.111 ntt 1.449 crt 0.003 out 0.177 spills+carry 0.087, total 1.866 s
dist_mn node 3: 34561064 + 34561064 + x limbs -> 69122128 (share 34561065): redistribute 0.105 ntt 1.439 crt 0.003 out 0.185 spills+carry 0.089, total 1.880 s
dist_mn node 0: 2^25 = 2^12 x 2^13 over 2 x 4 ranks, 3 primes (rows 512..512; 17280532 + 11520354 limbs at 23040710, window [0, 11520354) of share [0, 34561064), accumulated): redistribute 0.013 ntt 0.260 crt 0.001 out 0.026 spills+carry 0.020 total 0.320 s [A hit] [B cached]
dist_mn node 1: 2^25 = 2^12 x 2^13 over 2 x 4 ranks, 3 primes (rows 512..512; 17280532 + 11520354 limbs at 23040710, window [11520354, 28800886) of share [34561064, 69122129), accumulated): redistribute 0.012 ntt 0.260 crt 0.003 out 0.027 spills+carry 0.020 total 0.320 s [A hit] [B cached]
dist_mn node 0: 2^25 = 2^12 x 2^13 over 2 x 4 ranks, 3 primes (rows 512..512; 17280532 + 11520354 limbs at 40321242, window [0, 0) of share [0, 34561064), accumulated): redistribute 0.016 ntt 0.199 crt 0.000 out 0.031 spills+carry 0.011 total 0.255 s [B hit]
dist_mn node 1: 2^25 = 2^12 x 2^13 over 2 x 4 ranks, 3 primes (rows 512..512; 17280532 + 11520354 limbs at 40321242, window [0, 28800886) of share [34561064, 69122129), accumulated): redistribute 0.016 ntt 0.198 crt 0.000 out 0.032 spills+carry 0.011 total 0.255 s [B hit]
mdb_add_shifted node 0: 34561061 limbs at 0 into a basis of 69122129 (my window [0, 34561061), 1 rounds of 8640272; slabs 0 + 8640265 limbs per APU 0): 0.048 s
dist_mn node 0: 34561064 x 34561064 limbs over 2 x 4 ranks (cap 2^25): 2 x 3 pieces, 6 formed, 0 skipped (cache 2 slots: 31 hits, 38 misses)
mdb_add_shifted node 1: 34561061 limbs at 0 into a basis of 69122129 (my window [34561064, 34561064), 1 rounds of 8640272; slabs 8640265 + 0 limbs per APU 0): 0.048 s
dist_mn node 1: 34561064 x 34561064 limbs over 2 x 4 ranks (cap 2^25): 2 x 3 pieces, 6 formed, 0 skipped (cache 2 slots: 31 hits, 38 misses)
dist_mn node 0: 34561064 + 34561064 + x limbs -> 69122128 (share 34561064): redistribute 0.113 ntt 1.505 crt 0.003 out 0.157 spills+carry 0.086, total 1.890 s
dist_mn node 1: 34561064 + 34561064 + x limbs -> 69122128 (share 34561065): redistribute 0.111 ntt 1.506 crt 0.006 out 0.159 spills+carry 0.086, total 1.902 s
dist_mn node 2: 2^25 = 2^12 x 2^13 over 2 x 4 ranks, 3 primes (rows 512..512; 17280532 + 11520355 limbs at 0, window [0, 28800887) of share [0, 34561064)): redistribute 0.032 ntt 0.400 crt 0.000 out 0.028 spills+carry 0.003 total 0.463 s [A cached] [B cached]
dist_mn node 3: 2^25 = 2^12 x 2^13 over 2 x 4 ranks, 3 primes (rows 512..512; 17280532 + 11520355 limbs at 0, window [28800887, 28800887) of share [34561064, 69122129)): redistribute 0.032 ntt 0.401 crt 0.000 out 0.027 spills+carry 0.003 total 0.463 s [A cached] [B cached]
dist_mn node 2: 2^25 = 2^12 x 2^13 over 2 x 4 ranks, 3 primes (rows 512..512; 17280532 + 11520355 limbs at 17280532, window [0, 17280532) of share [0, 34561064), accumulated): redistribute 0.021 ntt 0.210 crt 0.000 out 0.035 spills+carry 0.018 total 0.283 s [B hit]
dist_mn node 3: 2^25 = 2^12 x 2^13 over 2 x 4 ranks, 3 primes (rows 512..512; 17280532 + 11520355 limbs at 17280532, window [17280532, 28800887) of share [34561064, 69122129), accumulated): redistribute 0.021 ntt 0.211 crt 0.000 out 0.032 spills+carry 0.018 total 0.283 s [B hit]
dist_mn node 0: 2^25 = 2^12 x 2^13 over 2 x 4 ranks, 3 primes (rows 512..512; 17280532 + 11520355 limbs at 0, window [0, 28800887) of share [0, 34561064)): redistribute 0.031 ntt 0.351 crt 0.000 out 0.024 spills+carry 0.003 total 0.402 s [A cached] [B cached]
dist_mn node 1: 2^25 = 2^12 x 2^13 over 2 x 4 ranks, 3 primes (rows 512..512; 17280532 + 11520355 limbs at 0, window [28800887, 28800887) of share [34561064, 69122129)): redistribute 0.030 ntt 0.354 crt 0.000 out 0.024 spills+carry 0.003 total 0.401 s [A cached] [B cached]
dist_mn node 2: 2^25 = 2^12 x 2^13 over 2 x 4 ranks, 3 primes (rows 512..512; 17280532 + 11520355 limbs at 11520355, window [0, 23040709) of share [0, 34561064), accumulated): redistribute 0.011 ntt 0.232 crt 0.000 out 0.024 spills+carry 0.017 total 0.285 s [A hit] [B cached]
dist_mn node 3: 2^25 = 2^12 x 2^13 over 2 x 4 ranks, 3 primes (rows 512..512; 17280532 + 11520355 limbs at 11520355, window [23040709, 28800887) of share [34561064, 69122129), accumulated): redistribute 0.011 ntt 0.232 crt 0.000 out 0.025 spills+carry 0.017 total 0.285 s [A hit] [B cached]
dist_mn node 0: 2^25 = 2^12 x 2^13 over 2 x 4 ranks, 3 primes (rows 512..512; 17280532 + 11520355 limbs at 17280532, window [0, 17280532) of share [0, 34561064), accumulated): redistribute 0.025 ntt 0.223 crt 0.001 out 0.035 spills+carry 0.020 total 0.301 s [B hit]
dist_mn node 1: 2^25 = 2^12 x 2^13 over 2 x 4 ranks, 3 primes (rows 512..512; 17280532 + 11520355 limbs at 17280532, window [17280532, 28800887) of share [34561064, 69122129), accumulated): redistribute 0.025 ntt 0.224 crt 0.001 out 0.036 spills+carry 0.020 total 0.301 s [B hit]
dist_mn node 2: 2^25 = 2^12 x 2^13 over 2 x 4 ranks, 3 primes (rows 512..512; 17280532 + 11520355 limbs at 28800887, window [0, 5760177) of share [0, 34561064), accumulated): redistribute 0.022 ntt 0.228 crt 0.009 out 0.034 spills+carry 0.016 total 0.309 s [B hit]
dist_mn node 3: 2^25 = 2^12 x 2^13 over 2 x 4 ranks, 3 primes (rows 512..512; 17280532 + 11520355 limbs at 28800887, window [5760177, 28800887) of share [34561064, 69122129), accumulated): redistribute 0.023 ntt 0.236 crt 0.001 out 0.033 spills+carry 0.017 total 0.309 s [B hit]
dist_mn node 0: 2^25 = 2^12 x 2^13 over 2 x 4 ranks, 3 primes (rows 512..512; 17280532 + 11520355 limbs at 11520355, window [0, 23040709) of share [0, 34561064), accumulated): redistribute 0.011 ntt 0.244 crt 0.000 out 0.039 spills+carry 0.035 total 0.329 s [A hit] [B cached]
dist_mn node 1: 2^25 = 2^12 x 2^13 over 2 x 4 ranks, 3 primes (rows 512..512; 17280532 + 11520355 limbs at 11520355, window [23040709, 28800887) of share [34561064, 69122129), accumulated): redistribute 0.010 ntt 0.249 crt 0.000 out 0.036 spills+carry 0.035 total 0.329 s [A hit] [B cached]
dist_mn node 2: 2^25 = 2^12 x 2^13 over 2 x 4 ranks, 3 primes (rows 512..512; 17280532 + 11520354 limbs at 23040710, window [0, 11520354) of share [0, 34561064), accumulated): redistribute 0.014 ntt 0.225 crt 0.000 out 0.024 spills+carry 0.026 total 0.290 s [A hit] [B cached]
dist_mn node 3: 2^25 = 2^12 x 2^13 over 2 x 4 ranks, 3 primes (rows 512..512; 17280532 + 11520354 limbs at 23040710, window [11520354, 28800886) of share [34561064, 69122129), accumulated): redistribute 0.014 ntt 0.222 crt 0.000 out 0.028 spills+carry 0.026 total 0.290 s [A hit] [B cached]
dist_mn node 0: 2^25 = 2^12 x 2^13 over 2 x 4 ranks, 3 primes (rows 512..512; 17280532 + 11520355 limbs at 28800887, window [0, 5760177) of share [0, 34561064), accumulated): redistribute 0.016 ntt 0.227 crt 0.000 out 0.023 spills+carry 0.024 total 0.290 s [B hit]
dist_mn node 1: 2^25 = 2^12 x 2^13 over 2 x 4 ranks, 3 primes (rows 512..512; 17280532 + 11520355 limbs at 28800887, window [5760177, 28800887) of share [34561064, 69122129), accumulated): redistribute 0.017 ntt 0.228 crt 0.000 out 0.024 spills+carry 0.024 total 0.290 s [B hit]
dist_mn node 2: 2^25 = 2^12 x 2^13 over 2 x 4 ranks, 3 primes (rows 512..512; 17280532 + 11520354 limbs at 40321242, window [0, 0) of share [0, 34561064), accumulated): redistribute 0.015 ntt 0.227 crt 0.000 out 0.026 spills+carry 0.022 total 0.288 s [B hit]
dist_mn node 3: 2^25 = 2^12 x 2^13 over 2 x 4 ranks, 3 primes (rows 512..512; 17280532 + 11520354 limbs at 40321242, window [0, 28800886) of share [34561064, 69122129), accumulated): redistribute 0.014 ntt 0.231 crt 0.000 out 0.025 spills+carry 0.022 total 0.288 s [B hit]
mdb_add_shifted node 2: 34561061 limbs at 0 into a basis of 69122129 (my window [0, 34561061), 1 rounds of 8640272; slabs 0 + 8640265 limbs per APU 0): 0.047 s
dist_mn node 2: 34561064 x 34561064 limbs over 2 x 4 ranks (cap 2^25): 2 x 3 pieces, 6 formed, 0 skipped (cache 2 slots: 36 hits, 42 misses)
mdb_add_shifted node 3: 34561061 limbs at 0 into a basis of 69122129 (my window [34561064, 34561064), 1 rounds of 8640272; slabs 8640265 + 0 limbs per APU 0): 0.047 s
dist_mn node 3: 34561064 x 34561064 limbs over 2 x 4 ranks (cap 2^25): 2 x 3 pieces, 6 formed, 0 skipped (cache 2 slots: 36 hits, 42 misses)
dist_mn node 2: 34561064 + 34561064 + x limbs -> 69122128 (share 34561064): redistribute 0.115 ntt 1.522 crt 0.011 out 0.172 spills+carry 0.103, total 1.968 s
dist_mn node 3: 34561064 + 34561064 + x limbs -> 69122128 (share 34561065): redistribute 0.115 ntt 1.532 crt 0.003 out 0.171 spills+carry 0.103, total 1.979 s
mdb_add_shifted node 2: 34561061 limbs at 0 into a basis of 69122129 (my window [0, 34561061), 1 rounds of 8640272; slabs 0 + 8640265 limbs per APU 0): 0.090 s
mdb_add_shifted node 3: 34561061 limbs at 0 into a basis of 69122129 (my window [34561064, 34561064), 1 rounds of 8640272; slabs 8640265 + 0 limbs per APU 0): 0.077 s
dist_mn node 0: 2^25 = 2^12 x 2^13 over 2 x 4 ranks, 3 primes (rows 512..512; 17280532 + 11520354 limbs at 23040710, window [0, 11520354) of share [0, 34561064), accumulated): redistribute 0.014 ntt 0.261 crt 0.001 out 0.034 spills+carry 0.020 total 0.310 s [A hit] [B cached]
dist_mn node 1: 2^25 = 2^12 x 2^13 over 2 x 4 ranks, 3 primes (rows 512..512; 17280532 + 11520354 limbs at 23040710, window [11520354, 28800886) of share [34561064, 69122129), accumulated): redistribute 0.010 ntt 0.262 crt 0.000 out 0.035 spills+carry 0.020 total 0.310 s [A hit] [B cached]
mdb_add_shifted node 2: 34561061 limbs at 17280532 into a basis of 69122129 (my window [17280532, 34561064), 1 rounds of 4320144; slabs 0 + 4320133 limbs per APU 0): 0.068 s
mdb_add_shifted node 3: 34561061 limbs at 17280532 into a basis of 69122129 (my window [34561064, 51841593), 1 rounds of 4320144; slabs 8640265 + 4320132 limbs per APU 0): 0.058 s
dist_mn node 0: 2^25 = 2^12 x 2^13 over 2 x 4 ranks, 3 primes (rows 512..512; 17280532 + 11520354 limbs at 40321242, window [0, 0) of share [0, 34561064), accumulated): redistribute 0.021 ntt 0.269 crt 0.001 out 0.042 spills+carry 0.011 total 0.329 s [B hit]
dist_mn node 1: 2^25 = 2^12 x 2^13 over 2 x 4 ranks, 3 primes (rows 512..512; 17280532 + 11520354 limbs at 40321242, window [0, 28800886) of share [34561064, 69122129), accumulated): redistribute 0.021 ntt 0.267 crt 0.001 out 0.039 spills+carry 0.012 total 0.329 s [B hit]
mdb_add_shifted node 0: 34561061 limbs at 0 into a basis of 69122129 (my window [0, 34561061), 1 rounds of 8640272; slabs 0 + 8640265 limbs per APU 0): 0.062 s
dist_mn node 0: 34561064 x 34561064 limbs over 2 x 4 ranks (cap 2^25): 2 x 3 pieces, 6 formed, 0 skipped (cache 2 slots: 36 hits, 42 misses)
mdb_add_shifted node 1: 34561061 limbs at 0 into a basis of 69122129 (my window [34561064, 34561064), 1 rounds of 8640272; slabs 8640265 + 0 limbs per APU 0): 0.062 s
dist_mn node 1: 34561064 x 34561064 limbs over 2 x 4 ranks (cap 2^25): 2 x 3 pieces, 6 formed, 0 skipped (cache 2 slots: 36 hits, 42 misses)
dist_mn node 0: 34561064 + 34561064 + x limbs -> 69122128 (share 34561064): redistribute 0.118 ntt 1.576 crt 0.003 out 0.197 spills+carry 0.113, total 2.212 s
dist_mn node 1: 34561064 + 34561064 + x limbs -> 69122128 (share 34561065): redistribute 0.112 ntt 1.584 crt 0.003 out 0.194 spills+carry 0.113, total 2.026 s
mdb_add_shifted node 0: 34561061 limbs at 0 into a basis of 69122129 (my window [0, 34561061), 1 rounds of 8640272; slabs 0 + 8640265 limbs per APU 0): 0.122 s
mdb_add_shifted node 1: 34561061 limbs at 0 into a basis of 69122129 (my window [34561064, 34561064), 1 rounds of 8640272; slabs 8640265 + 0 limbs per APU 0): 0.108 s
dist_mn node 3: 2^25 = 2^12 x 2^13 over 2 x 4 ranks, 3 primes (rows 512..512; 10066329 + 8388608 limbs at 0, window [9227468, 18454937) of share [9227468, 18454937)): redistribute 0.014 ntt 0.421 crt 0.000 out 0.021 spills+carry 0.002 total 0.448 s
dist_mn node 3: 10066329 x 8388608 limbs over 2 x 4 ranks (cap 2^25): 1 x 1 pieces, 1 formed, 0 skipped (cache 0 slots: 36 hits, 42 misses)
dist_mn node 2: 2^25 = 2^12 x 2^13 over 2 x 4 ranks, 3 primes (rows 512..512; 10066329 + 8388608 limbs at 0, window [0, 9227468) of share [0, 9227468)): redistribute 0.035 ntt 0.424 crt 0.000 out 0.022 spills+carry 0.002 total 0.472 s
dist_mn node 2: 10066329 x 8388608 limbs over 2 x 4 ranks (cap 2^25): 1 x 1 pieces, 1 formed, 0 skipped (cache 0 slots: 36 hits, 42 misses)
dist_mn node 2: 10066329 + 8388608 limbs -> 18454937 (share 9227468): redistribute 0.035 ntt 0.424 crt 0.000 out 0.022 spills+carry 0.002, total 0.473 s
dist_mn node 3: 10066329 + 8388608 limbs -> 18454937 (share 9227469): redistribute 0.014 ntt 0.421 crt 0.000 out 0.021 spills+carry 0.002, total 0.450 s
mdb_add_shifted node 0: 34561061 limbs at 17280532 into a basis of 69122129 (my window [17280532, 34561064), 1 rounds of 4320144; slabs 0 + 4320133 limbs per APU 0): 0.075 s
mdb_add_shifted node 1: 34561061 limbs at 17280532 into a basis of 69122129 (my window [34561064, 51841593), 1 rounds of 4320144; slabs 8640265 + 4320132 limbs per APU 0): 0.066 s
mdev 3*2^23 (18454937 limbs): repack 0.026 h2d 0.001 fwd 0.004 inv 0.003 d2h 0.040 crt 0.029 total 0.087 s
mdev 3*2^23 (18454937 limbs): repack 0.022 h2d 0.001 fwd 0.005 inv 0.002 d2h 0.068 crt 0.031 total 0.099 s
dist_mn node 2: 2^25 = 2^12 x 2^13 over 2 x 4 ranks, 3 primes (rows 512..512; 10066329 + 8388608 + x limbs at 0, window [0, 9227469) of share [0, 9227469)): redistribute 0.121 ntt 0.365 crt 0.000 out 0.020 spills+carry 0.002 total 0.475 s
dist_mn node 2: 10066329 x 8388608 limbs over 2 x 4 ranks (cap 2^25): 1 x 1 pieces, 1 formed, 0 skipped (cache 0 slots: 36 hits, 42 misses)
dist_mn node 3: 2^25 = 2^12 x 2^13 over 2 x 4 ranks, 3 primes (rows 512..512; 10066329 + 8388608 + x limbs at 0, window [9227469, 18454938) of share [9227469, 18454938)): redistribute 0.053 ntt 0.366 crt 0.000 out 0.024 spills+carry 0.002 total 0.407 s
dist_mn node 3: 10066329 x 8388608 limbs over 2 x 4 ranks (cap 2^25): 1 x 1 pieces, 1 formed, 0 skipped (cache 0 slots: 36 hits, 42 misses)
dist_mn node 3: 10066329 + 8388608 + x limbs -> 18454937 (share 9227469): redistribute 0.053 ntt 0.366 crt 0.000 out 0.024 spills+carry 0.002, total 0.408 s
dist_mn node 2: 10066329 + 8388608 + x limbs -> 18454937 (share 9227469): redistribute 0.121 ntt 0.365 crt 0.000 out 0.020 spills+carry 0.002, total 0.476 s
dist_mn node 0: 2^25 = 2^12 x 2^13 over 2 x 4 ranks, 3 primes (rows 512..512; 10066329 + 8388608 limbs at 0, window [0, 9227468) of share [0, 9227468)): redistribute 0.105 ntt 0.328 crt 0.000 out 0.017 spills+carry 0.002 total 0.447 s
dist_mn node 0: 10066329 x 8388608 limbs over 2 x 4 ranks (cap 2^25): 1 x 1 pieces, 1 formed, 0 skipped (cache 0 slots: 36 hits, 42 misses)
dist_mn node 1: 2^25 = 2^12 x 2^13 over 2 x 4 ranks, 3 primes (rows 512..512; 10066329 + 8388608 limbs at 0, window [9227468, 18454937) of share [9227468, 18454937)): redistribute 0.015 ntt 0.327 crt 0.000 out 0.018 spills+carry 0.002 total 0.358 s
dist_mn node 1: 10066329 x 8388608 limbs over 2 x 4 ranks (cap 2^25): 1 x 1 pieces, 1 formed, 0 skipped (cache 0 slots: 36 hits, 42 misses)
dist_mn node 0: 10066329 + 8388608 limbs -> 18454937 (share 9227468): redistribute 0.105 ntt 0.328 crt 0.000 out 0.017 spills+carry 0.002, total 0.450 s
dist_mn node 1: 10066329 + 8388608 limbs -> 18454937 (share 9227469): redistribute 0.015 ntt 0.327 crt 0.000 out 0.018 spills+carry 0.002, total 0.359 s
mdev 3*2^23 (18454937 limbs): repack 0.021 h2d 0.001 fwd 0.004 inv 0.002 d2h 0.021 crt 0.028 total 0.053 s
mdev 3*2^23 (18454937 limbs): repack 0.022 h2d 0.001 fwd 0.004 inv 0.003 d2h 0.029 crt 0.014 total 0.060 s
dist_mn node 2: 2^25 = 2^12 x 2^13 over 2 x 4 ranks, 3 primes (rows 512..512; 10066329 + 8388608 + x limbs at 0, window [0, 9227469) of share [0, 9227469)): redistribute 0.029 ntt 0.288 crt 0.000 out 0.017 spills+carry 0.002 total 0.330 s
dist_mn node 2: 10066329 x 8388608 limbs over 2 x 4 ranks (cap 2^25): 1 x 1 pieces, 1 formed, 0 skipped (cache 0 slots: 36 hits, 42 misses)
dist_mn node 3: 2^25 = 2^12 x 2^13 over 2 x 4 ranks, 3 primes (rows 512..512; 10066329 + 8388608 + x limbs at 0, window [9227469, 18454938) of share [9227469, 18454938)): redistribute 0.025 ntt 0.289 crt 0.000 out 0.017 spills+carry 0.002 total 0.327 s
dist_mn node 3: 10066329 x 8388608 limbs over 2 x 4 ranks (cap 2^25): 1 x 1 pieces, 1 formed, 0 skipped (cache 0 slots: 36 hits, 42 misses)
dist_mn node 3: 10066329 + 8388608 + x limbs -> 18454937 (share 9227469): redistribute 0.025 ntt 0.289 crt 0.000 out 0.017 spills+carry 0.002, total 0.328 s
dist_mn node 2: 10066329 + 8388608 + x limbs -> 18454937 (share 9227469): redistribute 0.029 ntt 0.288 crt 0.000 out 0.017 spills+carry 0.002, total 0.331 s
mdb_add_shifted node 2: 8388605 limbs at 0 into a basis of 18454938 (my window [0, 8388605), 1 rounds of 2097152; slabs 0 + 2097151 limbs per APU 0): 0.027 s
mdb_add_shifted node 3: 8388605 limbs at 0 into a basis of 18454938 (my window [9227469, 9227469), 1 rounds of 2097152; slabs 2097151 + 0 limbs per APU 0): 0.026 s
mdb_add_shifted node 2: 8388605 limbs at 5033164 into a basis of 18454938 (my window [5033164, 9227469), 1 rounds of 1048592; slabs 0 + 1048576 limbs per APU 0): 0.018 s
mdb_add_shifted node 3: 8388605 limbs at 5033164 into a basis of 18454938 (my window [9227469, 13421769), 1 rounds of 1048592; slabs 2097151 + 1048575 limbs per APU 0): 0.015 s
dist_mn node 0: 2^25 = 2^12 x 2^13 over 2 x 4 ranks, 3 primes (rows 512..512; 10066329 + 8388608 + x limbs at 0, window [0, 9227469) of share [0, 9227469)): redistribute 0.040 ntt 0.345 crt 0.000 out 0.022 spills+carry 0.007 total 0.403 s
dist_mn node 0: 10066329 x 8388608 limbs over 2 x 4 ranks (cap 2^25): 1 x 1 pieces, 1 formed, 0 skipped (cache 0 slots: 36 hits, 42 misses)
dist_mn node 1: 2^25 = 2^12 x 2^13 over 2 x 4 ranks, 3 primes (rows 512..512; 10066329 + 8388608 + x limbs at 0, window [9227469, 18454938) of share [9227469, 18454938)): redistribute 0.030 ntt 0.349 crt 0.000 out 0.025 spills+carry 0.000 total 0.393 s
dist_mn node 1: 10066329 x 8388608 limbs over 2 x 4 ranks (cap 2^25): 1 x 1 pieces, 1 formed, 0 skipped (cache 0 slots: 36 hits, 42 misses)
dist_mn node 0: 10066329 + 8388608 + x limbs -> 18454937 (share 9227469): redistribute 0.040 ntt 0.345 crt 0.000 out 0.022 spills+carry 0.007, total 0.403 s
dist_mn node 1: 10066329 + 8388608 + x limbs -> 18454937 (share 9227469): redistribute 0.030 ntt 0.349 crt 0.000 out 0.025 spills+carry 0.000, total 0.394 s
dist_mn node 0: 2^25 = 2^12 x 2^13 over 2 x 4 ranks, 3 primes (rows 512..512; 10066329 + 8388608 + x limbs at 0, window [0, 9227469) of share [0, 9227469)): redistribute 0.032 ntt 0.333 crt 0.000 out 0.023 spills+carry 0.002 total 0.385 s
dist_mn node 0: 10066329 x 8388608 limbs over 2 x 4 ranks (cap 2^25): 1 x 1 pieces, 1 formed, 0 skipped (cache 0 slots: 36 hits, 42 misses)
dist_mn node 1: 2^25 = 2^12 x 2^13 over 2 x 4 ranks, 3 primes (rows 512..512; 10066329 + 8388608 + x limbs at 0, window [9227469, 18454938) of share [9227469, 18454938)): redistribute 0.022 ntt 0.336 crt 0.000 out 0.021 spills+carry 0.002 total 0.375 s
dist_mn node 1: 10066329 x 8388608 limbs over 2 x 4 ranks (cap 2^25): 1 x 1 pieces, 1 formed, 0 skipped (cache 0 slots: 36 hits, 42 misses)
dist_mn node 0: 10066329 + 8388608 + x limbs -> 18454937 (share 9227469): redistribute 0.032 ntt 0.333 crt 0.000 out 0.023 spills+carry 0.002, total 0.385 s
dist_mn node 1: 10066329 + 8388608 + x limbs -> 18454937 (share 9227469): redistribute 0.022 ntt 0.336 crt 0.000 out 0.021 spills+carry 0.002, total 0.376 s
mdb_add_shifted node 0: 8388605 limbs at 0 into a basis of 18454938 (my window [0, 8388605), 1 rounds of 2097152; slabs 0 + 2097151 limbs per APU 0): 0.028 s
mdb_add_shifted node 1: 8388605 limbs at 0 into a basis of 18454938 (my window [9227469, 9227469), 1 rounds of 2097152; slabs 2097151 + 0 limbs per APU 0): 0.017 s
mdb_add_shifted node 0: 8388605 limbs at 5033164 into a basis of 18454938 (my window [5033164, 9227469), 1 rounds of 1048592; slabs 0 + 1048576 limbs per APU 0): 0.014 s
mdb_add_shifted node 1: 8388605 limbs at 5033164 into a basis of 18454938 (my window [9227469, 13421769), 1 rounds of 1048592; slabs 2097151 + 1048575 limbs per APU 0): 0.019 s

t_mn_grid: VERIFY OK (224 checks)

t_mn_grid: VERIFY OK (224 checks)

t_mn_grid: VERIFY OK (224 checks)

t_mn_grid: VERIFY OK (224 checks)
