META limb_base=10^18
META bench=t_mn_grid host=ppac-pl1-s24-16 date=2026-09-28T20:34:23
META limb_base=10^18
META bench=t_mn_grid host=ppac-pl1-s24-16 date=2026-09-28T20:34:23
rns_init: primes per product (ECALC_NP=auto): three (c 2^44 + 1, c = 240, 216, 207), four for a distributed product over 11000000 terms (ECALC_NP_AUTO_TERMS, a test bound); plane pool 0 for 4 primes
rns_init: primes per product (ECALC_NP=auto): three (c 2^44 + 1, c = 240, 216, 207), four for a distributed product over 11000000 terms (ECALC_NP_AUTO_TERMS, a test bound); plane pool 0 for 4 primes
rns_init: APU0 staging 2.0 GiB touch 0.09 s register 0.23 s, 48 cpus; device open 0.00 s, contexts 1.08 s, stream+staging 0.34 s
rns_init: APU0 staging 2.0 GiB touch 0.09 s register 0.27 s, 48 cpus; device open 0.00 s, contexts 1.07 s, stream+staging 0.38 s
rns_init: APU1 staging 2.0 GiB touch 0.05 s register 0.20 s, 48 cpus; device open 0.00 s, contexts 1.48 s, stream+staging 0.27 s
rns_init: APU2 staging 2.0 GiB touch 0.05 s register 0.18 s, 48 cpus; device open 0.00 s, contexts 1.57 s, stream+staging 0.25 s
rns_init: APU3 staging 2.0 GiB touch 0.06 s register 0.18 s, 48 cpus; device open 0.00 s, contexts 1.77 s, stream+staging 0.26 s
rns_init: APU2 staging 2.0 GiB touch 0.04 s register 0.18 s, 48 cpus; device open 0.00 s, contexts 1.84 s, stream+staging 0.40 s
rns_init: APU1 staging 2.0 GiB touch 0.08 s register 0.31 s, 48 cpus; device open 0.00 s, contexts 1.64 s, stream+staging 0.60 s
rns_init: APU3 staging 2.0 GiB touch 0.07 s register 0.36 s, 48 cpus; device open 0.00 s, contexts 1.87 s, stream+staging 0.45 s
rns_init: plane pools per APU 2.00 + 2.00 GiB (hipmalloc), staging 2.00 GiB, tables 0.306 GB; staging+contexts 2.27 s, pools 1.22 s, peer access 0.02 s
rns_init: plane pools per APU 2.00 + 2.00 GiB (hipmalloc), staging 2.00 GiB, tables 0.304 GB; staging+contexts 2.34 s, pools 1.22 s, peer access 0.02 s
mn: node 0 of 2, four meshes of 2 ranks on ppac-pl1-s24-16,ppac-pl1-s24-16 (port base 24344): connected in 0.00 s
mn: node 0: level 1 group [0, 2) (transform nodes 2): meshes connected in 0.00 s
t_mn_grid: node 0 of 2, group [0, 2) (2 x 4 ranks), plane cap 2^25, unit 33554432 limbs
mn: node 1 of 2, four meshes of 2 ranks on ppac-pl1-s24-16,ppac-pl1-s24-16 (port base 24344): connected in 0.08 s
mn: node 1: level 1 group [0, 2) (transform nodes 2): meshes connected in 0.00 s
t_mn_grid: node 1 of 2, group [0, 2) (2 x 4 ranks), plane cap 2^25, unit 33554432 limbs
dbig pool: APU0 hipMalloc 0.01 GB inside the phase (free 0.00 GB in 0 extents, largest 0.00; live 0.00 GB in 0 blocks)
dbig pool: APU1 hipMalloc 0.01 GB inside the phase (free 0.00 GB in 0 extents, largest 0.00; live 0.00 GB in 1 blocks)
dbig pool: APU0 hipMalloc 0.01 GB inside the phase (free 0.00 GB in 0 extents, largest 0.00; live 0.00 GB in 0 blocks)
dbig pool: APU2 hipMalloc 0.01 GB inside the phase (free 0.00 GB in 0 extents, largest 0.00; live 0.00 GB in 2 blocks)
dbig pool: APU1 hipMalloc 0.01 GB inside the phase (free 0.00 GB in 0 extents, largest 0.00; live 0.00 GB in 1 blocks)
dbig pool: APU3 hipMalloc 0.01 GB inside the phase (free 0.00 GB in 0 extents, largest 0.00; live 0.00 GB in 3 blocks)
dbig pool: APU2 hipMalloc 0.01 GB inside the phase (free 0.00 GB in 0 extents, largest 0.00; live 0.00 GB in 2 blocks)
dbig pool: APU3 hipMalloc 0.01 GB inside the phase (free 0.00 GB in 0 extents, largest 0.00; live 0.00 GB in 3 blocks)
dbig pool: APU0 hipMalloc 0.01 GB inside the phase (free 0.00 GB in 0 extents, largest 0.00; live 0.01 GB in 4 blocks)
dbig pool: APU1 hipMalloc 0.01 GB inside the phase (free 0.00 GB in 0 extents, largest 0.00; live 0.01 GB in 5 blocks)
dbig pool: APU2 hipMalloc 0.01 GB inside the phase (free 0.00 GB in 0 extents, largest 0.00; live 0.01 GB in 6 blocks)
dbig pool: APU3 hipMalloc 0.01 GB inside the phase (free 0.00 GB in 0 extents, largest 0.00; live 0.01 GB in 7 blocks)
dbig pool: APU0 hipMalloc 0.01 GB inside the phase (free 0.00 GB in 0 extents, largest 0.00; live 0.02 GB in 8 blocks)
dbig pool: APU1 hipMalloc 0.01 GB inside the phase (free 0.00 GB in 0 extents, largest 0.00; live 0.02 GB in 9 blocks)
dbig pool: APU2 hipMalloc 0.01 GB inside the phase (free 0.00 GB in 0 extents, largest 0.00; live 0.02 GB in 10 blocks)
dbig pool: APU3 hipMalloc 0.01 GB inside the phase (free 0.00 GB in 0 extents, largest 0.00; live 0.02 GB in 11 blocks)
dbig pool: APU0 hipMalloc 0.02 GB inside the phase (free 0.00 GB in 0 extents, largest 0.00; live 0.03 GB in 12 blocks)
dbig pool: APU1 hipMalloc 0.02 GB inside the phase (free 0.00 GB in 0 extents, largest 0.00; live 0.03 GB in 13 blocks)
dbig pool: APU2 hipMalloc 0.02 GB inside the phase (free 0.00 GB in 0 extents, largest 0.00; live 0.03 GB in 14 blocks)
dbig pool: APU3 hipMalloc 0.02 GB inside the phase (free 0.00 GB in 0 extents, largest 0.00; live 0.03 GB in 15 blocks)
dbig pool: APU0 hipMalloc 0.01 GB inside the phase (free 0.00 GB in 0 extents, largest 0.00; live 0.01 GB in 4 blocks)
dbig pool: APU1 hipMalloc 0.01 GB inside the phase (free 0.00 GB in 0 extents, largest 0.00; live 0.01 GB in 5 blocks)
dbig pool: APU2 hipMalloc 0.01 GB inside the phase (free 0.00 GB in 0 extents, largest 0.00; live 0.01 GB in 6 blocks)
dbig pool: APU3 hipMalloc 0.01 GB inside the phase (free 0.00 GB in 0 extents, largest 0.00; live 0.01 GB in 7 blocks)
dbig pool: APU2 hipMalloc 0.00 GB inside the phase (free 0.00 GB in 0 extents, largest 0.00; live 0.05 GB in 16 blocks)
dbig pool: APU2 hipMalloc 0.02 GB inside the phase (free 0.00 GB in 0 extents, largest 0.00; live 0.05 GB in 17 blocks)
dbig pool: APU1 hipMalloc 0.00 GB inside the phase (free 0.00 GB in 0 extents, largest 0.00; live 0.05 GB in 18 blocks)
dbig pool: APU1 hipMalloc 0.02 GB inside the phase (free 0.00 GB in 0 extents, largest 0.00; live 0.05 GB in 19 blocks)
dbig pool: APU3 hipMalloc 0.00 GB inside the phase (free 0.00 GB in 0 extents, largest 0.00; live 0.05 GB in 20 blocks)
dbig pool: APU3 hipMalloc 0.02 GB inside the phase (free 0.00 GB in 0 extents, largest 0.00; live 0.05 GB in 21 blocks)
dbig pool: APU0 hipMalloc 0.00 GB inside the phase (free 0.00 GB in 0 extents, largest 0.00; live 0.05 GB in 22 blocks)
dbig pool: APU0 hipMalloc 0.02 GB inside the phase (free 0.00 GB in 0 extents, largest 0.00; live 0.05 GB in 23 blocks)
dbig pool: APU0 hipMalloc 0.01 GB inside the phase (free 0.00 GB in 0 extents, largest 0.00; live 0.02 GB in 8 blocks)
dbig pool: APU1 hipMalloc 0.01 GB inside the phase (free 0.00 GB in 0 extents, largest 0.00; live 0.02 GB in 9 blocks)
dbig pool: APU2 hipMalloc 0.01 GB inside the phase (free 0.00 GB in 0 extents, largest 0.00; live 0.02 GB in 10 blocks)
dbig pool: APU3 hipMalloc 0.01 GB inside the phase (free 0.00 GB in 0 extents, largest 0.00; live 0.02 GB in 11 blocks)
dbig pool: APU0 hipMalloc 0.02 GB inside the phase (free 0.00 GB in 0 extents, largest 0.00; live 0.03 GB in 12 blocks)
dbig pool: APU2 hipMalloc 0.01 GB inside the phase (free 0.00 GB in 0 extents, largest 0.00; live 0.06 GB in 24 blocks)
dbig pool: APU1 hipMalloc 0.02 GB inside the phase (free 0.00 GB in 0 extents, largest 0.00; live 0.03 GB in 13 blocks)
dbig pool: APU2 hipMalloc 0.01 GB inside the phase (free 0.00 GB in 0 extents, largest 0.00; live 0.07 GB in 25 blocks)
dbig pool: APU2 hipMalloc 0.02 GB inside the phase (free 0.00 GB in 0 extents, largest 0.00; live 0.03 GB in 14 blocks)
dbig pool: APU3 hipMalloc 0.02 GB inside the phase (free 0.00 GB in 0 extents, largest 0.00; live 0.03 GB in 15 blocks)
dbig pool: APU0 hipMalloc 0.01 GB inside the phase (free 0.00 GB in 0 extents, largest 0.00; live 0.06 GB in 26 blocks)
dbig pool: APU0 hipMalloc 0.01 GB inside the phase (free 0.00 GB in 0 extents, largest 0.00; live 0.07 GB in 27 blocks)
dbig pool: APU1 hipMalloc 0.01 GB inside the phase (free 0.00 GB in 0 extents, largest 0.00; live 0.06 GB in 28 blocks)
dbig pool: APU1 hipMalloc 0.01 GB inside the phase (free 0.00 GB in 0 extents, largest 0.00; live 0.07 GB in 29 blocks)
dbig pool: APU3 hipMalloc 0.01 GB inside the phase (free 0.00 GB in 0 extents, largest 0.00; live 0.06 GB in 30 blocks)
dbig pool: APU3 hipMalloc 0.01 GB inside the phase (free 0.00 GB in 0 extents, largest 0.00; live 0.07 GB in 31 blocks)
dbig pool: APU2 hipMalloc 0.00 GB inside the phase (free 0.00 GB in 0 extents, largest 0.00; live 0.05 GB in 16 blocks)
dbig pool: APU2 hipMalloc 0.02 GB inside the phase (free 0.00 GB in 0 extents, largest 0.00; live 0.05 GB in 17 blocks)
dbig pool: APU3 hipMalloc 0.00 GB inside the phase (free 0.00 GB in 0 extents, largest 0.00; live 0.05 GB in 18 blocks)
dbig pool: APU3 hipMalloc 0.02 GB inside the phase (free 0.00 GB in 0 extents, largest 0.00; live 0.05 GB in 19 blocks)
dbig pool: APU0 hipMalloc 0.00 GB inside the phase (free 0.00 GB in 0 extents, largest 0.00; live 0.05 GB in 20 blocks)
dbig pool: APU0 hipMalloc 0.02 GB inside the phase (free 0.00 GB in 0 extents, largest 0.00; live 0.05 GB in 21 blocks)
dbig pool: APU1 hipMalloc 0.00 GB inside the phase (free 0.00 GB in 0 extents, largest 0.00; live 0.05 GB in 22 blocks)
dbig pool: APU1 hipMalloc 0.02 GB inside the phase (free 0.00 GB in 0 extents, largest 0.00; live 0.05 GB in 23 blocks)
dbig pool: APU2 hipMalloc 0.01 GB inside the phase (free 0.00 GB in 0 extents, largest 0.00; live 0.06 GB in 24 blocks)
dbig pool: APU2 hipMalloc 0.01 GB inside the phase (free 0.00 GB in 0 extents, largest 0.00; live 0.07 GB in 25 blocks)
dbig pool: APU3 hipMalloc 0.01 GB inside the phase (free 0.00 GB in 0 extents, largest 0.00; live 0.06 GB in 26 blocks)
dbig pool: APU3 hipMalloc 0.01 GB inside the phase (free 0.00 GB in 0 extents, largest 0.00; live 0.07 GB in 27 blocks)
dbig pool: APU0 hipMalloc 0.01 GB inside the phase (free 0.00 GB in 0 extents, largest 0.00; live 0.06 GB in 28 blocks)
dbig pool: APU0 hipMalloc 0.01 GB inside the phase (free 0.00 GB in 0 extents, largest 0.00; live 0.07 GB in 29 blocks)
dbig pool: APU1 hipMalloc 0.01 GB inside the phase (free 0.00 GB in 0 extents, largest 0.00; live 0.06 GB in 30 blocks)
dbig pool: APU1 hipMalloc 0.01 GB inside the phase (free 0.00 GB in 0 extents, largest 0.00; live 0.07 GB in 31 blocks)
dbig pool: APU1 hipMalloc 0.02 GB inside the phase (free 0.02 GB in 2 extents, largest 0.01; live 0.06 GB in 26 blocks)
dbig pool: APU1 hipMalloc 0.02 GB inside the phase (free 0.02 GB in 2 extents, largest 0.01; live 0.06 GB in 27 blocks)
dbig pool: APU0 hipMalloc 0.02 GB inside the phase (free 0.02 GB in 2 extents, largest 0.01; live 0.06 GB in 26 blocks)
dbig pool: APU0 hipMalloc 0.02 GB inside the phase (free 0.02 GB in 2 extents, largest 0.01; live 0.06 GB in 26 blocks)
dbig pool: APU2 hipMalloc 0.02 GB inside the phase (free 0.02 GB in 2 extents, largest 0.01; live 0.06 GB in 26 blocks)
dbig pool: APU2 hipMalloc 0.02 GB inside the phase (free 0.02 GB in 2 extents, largest 0.01; live 0.06 GB in 26 blocks)
dbig pool: APU3 hipMalloc 0.02 GB inside the phase (free 0.02 GB in 2 extents, largest 0.01; live 0.06 GB in 27 blocks)
dbig pool: APU3 hipMalloc 0.02 GB inside the phase (free 0.02 GB in 2 extents, largest 0.01; live 0.06 GB in 29 blocks)
dist_mn node 0: 2^24 = 2^12 x 2^12 over 2 x 4 ranks, 4 primes, P24 (rows 512..512; 10066329 + 8388608 limbs at 0, window [0, 9227468) of share [0, 9227468)): redistribute 0.277 ntt 0.439 crt 0.034 out 0.056 spills+carry 0.027 total 0.927 s
dist_mn node 0: 10066329 x 8388608 limbs over 2 x 4 ranks (cap 2^25 points, P24): 1 x 1 pieces, 1 formed, 0 skipped (cache 0 slots: 0 hits, 0 misses)
dist_mn node 1: 2^24 = 2^12 x 2^12 over 2 x 4 ranks, 4 primes, P24 (rows 512..512; 10066329 + 8388608 limbs at 0, window [9227468, 18454937) of share [9227468, 18454937)): redistribute 0.118 ntt 0.439 crt 0.026 out 0.057 spills+carry 0.027 total 0.770 s
dist_mn node 1: 10066329 x 8388608 limbs over 2 x 4 ranks (cap 2^25 points, P24): 1 x 1 pieces, 1 formed, 0 skipped (cache 0 slots: 0 hits, 0 misses)
dist_mn node 0: 10066329 + 8388608 limbs -> 18454937 (share 9227468): redistribute 0.277 ntt 0.439 crt 0.034 out 0.056 spills+carry 0.027, total 0.942 s
dist_mn node 1: 10066329 + 8388608 limbs -> 18454937 (share 9227469): redistribute 0.118 ntt 0.439 crt 0.026 out 0.057 spills+carry 0.027, total 0.787 s
mdev 3*2^23 (18454937 limbs): repack 0.026 h2d 0.001 fwd 0.006 inv 0.001 d2h 0.014 crt 0.011 total 0.059 s
mdev 3*2^23 (18454937 limbs): repack 0.028 h2d 0.001 fwd 0.013 inv 0.002 d2h 0.010 crt 0.011 total 0.058 s
   one plane 10066329 x 8388608: 1.03 s
dbig pool: APU2 hipMalloc 0.02 GB inside the phase (free 0.02 GB in 2 extents, largest 0.01; live 0.08 GB in 30 blocks)
dbig pool: APU2 hipMalloc 0.02 GB inside the phase (free 0.02 GB in 2 extents, largest 0.01; live 0.08 GB in 31 blocks)
dbig pool: APU1 hipMalloc 0.02 GB inside the phase (free 0.02 GB in 2 extents, largest 0.01; live 0.08 GB in 31 blocks)
dbig pool: APU0 hipMalloc 0.02 GB inside the phase (free 0.02 GB in 2 extents, largest 0.01; live 0.08 GB in 30 blocks)
dbig pool: APU0 hipMalloc 0.02 GB inside the phase (free 0.02 GB in 2 extents, largest 0.01; live 0.08 GB in 30 blocks)
dbig pool: APU1 hipMalloc 0.02 GB inside the phase (free 0.02 GB in 2 extents, largest 0.01; live 0.08 GB in 31 blocks)
dbig pool: APU3 hipMalloc 0.02 GB inside the phase (free 0.02 GB in 2 extents, largest 0.01; live 0.08 GB in 31 blocks)
dbig pool: APU3 hipMalloc 0.02 GB inside the phase (free 0.02 GB in 2 extents, largest 0.01; live 0.08 GB in 31 blocks)
dist_mn node 0: 2^24 = 2^12 x 2^12 over 2 x 4 ranks, 4 primes, P24 (rows 512..512; 10066329 + 8388608 limbs at 0, window [0, 9227469) of share [0, 9227469)): redistribute 0.034 ntt 0.228 crt 0.001 out 0.014 spills+carry 0.000 total 0.272 s
dist_mn node 1: 2^24 = 2^12 x 2^12 over 2 x 4 ranks, 4 primes, P24 (rows 512..512; 10066329 + 8388608 limbs at 0, window [9227469, 18454937) of share [9227469, 18454938)): redistribute 0.023 ntt 0.226 crt 0.000 out 0.015 spills+carry 0.001 total 0.256 s
dbig pool: APU0 hipMalloc 0.02 GB inside the phase (free 0.02 GB in 4 extents, largest 0.01; live 0.10 GB in 25 blocks)
dbig pool: APU1 hipMalloc 0.02 GB inside the phase (free 0.02 GB in 4 extents, largest 0.01; live 0.10 GB in 28 blocks)
mdb_add_shifted node 0: 8388605 limbs at 0 into a basis of 18454938 (my window [0, 8388605), 1 rounds of 2097152; slabs 2097151 + 2097151 limbs per APU 0): 0.022 s
dist_mn node 0: 10066329 x 8388608 limbs over 2 x 4 ranks (cap 2^25 points, P24): 1 x 1 pieces, 1 formed, 0 skipped (cache 0 slots: 0 hits, 0 misses)
mdb_add_shifted node 1: 8388605 limbs at 0 into a basis of 18454938 (my window [9227469, 9227469), 1 rounds of 2097152; slabs 0 + 0 limbs per APU 0): 0.022 s
dist_mn node 1: 10066329 x 8388608 limbs over 2 x 4 ranks (cap 2^25 points, P24): 1 x 1 pieces, 1 formed, 0 skipped (cache 0 slots: 0 hits, 0 misses)
dist_mn node 0: 10066329 + 8388608 + x limbs -> 18454937 (share 9227469): redistribute 0.034 ntt 0.228 crt 0.001 out 0.014 spills+carry 0.000, total 0.295 s
dist_mn node 1: 10066329 + 8388608 + x limbs -> 18454937 (share 9227469): redistribute 0.023 ntt 0.226 crt 0.000 out 0.015 spills+carry 0.001, total 0.279 s
dist_mn node 0: 2^24 = 2^12 x 2^12 over 2 x 4 ranks, 4 primes, P24 (rows 512..512; 10066329 + 8388608 limbs at 0, window [0, 5033165) of share [0, 5033165)): redistribute 0.023 ntt 0.240 crt 0.000 out 0.011 spills+carry 0.000 total 0.265 s
dist_mn node 0: 10066329 x 8388608 limbs over 2 x 4 ranks (cap 2^25 points, P24): 1 x 1 pieces, 1 formed, 0 skipped (low product) (cache 0 slots: 0 hits, 0 misses)
dist_mn node 1: 2^24 = 2^12 x 2^12 over 2 x 4 ranks, 4 primes, P24 (rows 512..512; 10066329 + 8388608 limbs at 0, window [5033165, 10066331) of share [5033165, 10066331)): redistribute 0.026 ntt 0.240 crt 0.000 out 0.012 spills+carry 0.000 total 0.265 s
dist_mn node 1: 10066329 x 8388608 limbs over 2 x 4 ranks (cap 2^25 points, P24): 1 x 1 pieces, 1 formed, 0 skipped (low product) (cache 0 slots: 0 hits, 0 misses)
dist_mn node 0: 10066329 + 8388608 limbs -> 10066331 (share 5033165): redistribute 0.023 ntt 0.240 crt 0.000 out 0.011 spills+carry 0.000, total 0.265 s
dist_mn node 1: 10066329 + 8388608 limbs -> 10066331 (share 5033166): redistribute 0.026 ntt 0.240 crt 0.000 out 0.012 spills+carry 0.000, total 0.266 s
dist_mn node 0: 2^23 = 2^11 x 2^12 over 2 x 4 ranks, 4 primes, P24 (rows 256..256; 5033165 + 5033165 limbs at 0, window [0, 2516582) of share [0, 2516582)): redistribute 0.033 ntt 0.177 crt 0.000 out 0.005 spills+carry 0.000 total 0.267 s
dist_mn node 0: 5033165 x 5033165 limbs over 2 x 4 ranks (cap 2^25 points, P24): 1 x 1 pieces, 1 formed, 0 skipped (low product) (cache 0 slots: 0 hits, 0 misses)
dist_mn node 1: 2^23 = 2^11 x 2^12 over 2 x 4 ranks, 4 primes, P24 (rows 256..256; 5033165 + 5033165 limbs at 0, window [2516582, 5033165) of share [2516582, 5033165)): redistribute 0.014 ntt 0.173 crt 0.000 out 0.005 spills+carry 0.000 total 0.266 s
dist_mn node 1: 5033165 x 5033165 limbs over 2 x 4 ranks (cap 2^25 points, P24): 1 x 1 pieces, 1 formed, 0 skipped (low product) (cache 0 slots: 0 hits, 0 misses)
dist_mn node 1: 5033165 + 5033165 limbs -> 5033165 (share 2516583): redistribute 0.014 ntt 0.173 crt 0.000 out 0.005 spills+carry 0.000, total 0.266 s
dist_mn node 0: 5033165 + 5033165 limbs -> 5033165 (share 2516582): redistribute 0.033 ntt 0.177 crt 0.000 out 0.005 spills+carry 0.000, total 0.267 s
dist_mn node 0: 2^24 = 2^12 x 2^12 over 2 x 4 ranks, 4 primes, P24 (rows 512..512; 10066329 + 8388608 limbs at 0, window [0, 9227468) of share [0, 9227468)): redistribute 0.035 ntt 0.284 crt 0.001 out 0.017 spills+carry 0.001 total 0.412 s
dist_mn node 0: 10066329 x 8388608 limbs over 2 x 4 ranks (cap 2^25 points, P24): 1 x 1 pieces, 1 formed, 0 skipped (low product) (cache 0 slots: 0 hits, 0 misses)
dist_mn node 1: 2^24 = 2^12 x 2^12 over 2 x 4 ranks, 4 primes, P24 (rows 512..512; 10066329 + 8388608 limbs at 0, window [9227468, 18454936) of share [9227468, 18454936)): redistribute 0.046 ntt 0.285 crt 0.001 out 0.015 spills+carry 0.001 total 0.412 s
dist_mn node 1: 10066329 x 8388608 limbs over 2 x 4 ranks (cap 2^25 points, P24): 1 x 1 pieces, 1 formed, 0 skipped (low product) (cache 0 slots: 0 hits, 0 misses)
dist_mn node 1: 10066329 + 8388608 limbs -> 18454936 (share 9227468): redistribute 0.046 ntt 0.285 crt 0.001 out 0.015 spills+carry 0.001, total 0.412 s
dist_mn node 0: 10066329 + 8388608 limbs -> 18454936 (share 9227468): redistribute 0.035 ntt 0.284 crt 0.001 out 0.017 spills+carry 0.001, total 0.412 s
dist_mn node 0: 2^24 = 2^12 x 2^12 over 2 x 4 ranks, 4 primes, P24 (rows 512..512; 10066329 + 8388608 limbs at 0, window [0, 9227468) of share [0, 9227468)): redistribute 0.025 ntt 0.326 crt 0.000 out 0.022 spills+carry 0.000 total 0.367 s
dist_mn node 0: 10066329 x 8388608 limbs over 2 x 4 ranks (cap 2^25 points, P24): 1 x 1 pieces, 1 formed, 0 skipped (low cut) (cache 0 slots: 0 hits, 0 misses)
dist_mn node 1: 2^24 = 2^12 x 2^12 over 2 x 4 ranks, 4 primes, P24 (rows 512..512; 10066329 + 8388608 limbs at 0, window [9227468, 18454937) of share [9227468, 18454937)): redistribute 0.026 ntt 0.326 crt 0.000 out 0.022 spills+carry 0.000 total 0.367 s
dist_mn node 1: 10066329 x 8388608 limbs over 2 x 4 ranks (cap 2^25 points, P24): 1 x 1 pieces, 1 formed, 0 skipped (low cut) (cache 0 slots: 0 hits, 0 misses)
dist_mn node 0: 10066329 + 8388608 limbs -> 18454937 (share 9227468): redistribute 0.025 ntt 0.326 crt 0.000 out 0.022 spills+carry 0.000, total 0.367 s
dist_mn node 1: 10066329 + 8388608 limbs -> 18454937 (share 9227469): redistribute 0.026 ntt 0.326 crt 0.000 out 0.022 spills+carry 0.000, total 0.367 s
dist_mn node 0: 2^24 = 2^12 x 2^12 over 2 x 4 ranks, 4 primes, P24 (rows 512..512; 10066329 + 8388608 limbs at 0, window [0, 9227468) of share [0, 9227468)): redistribute 0.021 ntt 0.298 crt 0.000 out 0.015 spills+carry 0.000 total 0.330 s
dist_mn node 0: 10066329 x 8388608 limbs over 2 x 4 ranks (cap 2^25 points, P24): 1 x 1 pieces, 1 formed, 0 skipped (low product) (low cut) (cache 0 slots: 0 hits, 0 misses)
dist_mn node 1: 2^24 = 2^12 x 2^12 over 2 x 4 ranks, 4 primes, P24 (rows 512..512; 10066329 + 8388608 limbs at 0, window [9227468, 18454936) of share [9227468, 18454936)): redistribute 0.023 ntt 0.298 crt 0.000 out 0.015 spills+carry 0.001 total 0.330 s
dist_mn node 1: 10066329 x 8388608 limbs over 2 x 4 ranks (cap 2^25 points, P24): 1 x 1 pieces, 1 formed, 0 skipped (low product) (low cut) (cache 0 slots: 0 hits, 0 misses)
dist_mn node 0: 10066329 + 8388608 limbs -> 18454936 (share 9227468): redistribute 0.021 ntt 0.298 crt 0.000 out 0.015 spills+carry 0.000, total 0.330 s
dist_mn node 1: 10066329 + 8388608 limbs -> 18454936 (share 9227468): redistribute 0.023 ntt 0.298 crt 0.000 out 0.015 spills+carry 0.001, total 0.330 s
dist_mn node 0: 2^24 = 2^12 x 2^12 over 2 x 4 ranks, 4 primes, P24 (rows 512..512; 10066329 + 8388608 limbs at 0, window [0, 9227468) of share [0, 9227468)): redistribute 0.038 ntt 0.335 crt 0.000 out 0.017 spills+carry 0.001 total 0.375 s
dist_mn node 0: 10066329 x 8388608 limbs over 2 x 4 ranks (cap 2^25 points, P24): 1 x 1 pieces, 1 formed, 0 skipped (low cut) (cache 0 slots: 0 hits, 0 misses)
dist_mn node 1: 2^24 = 2^12 x 2^12 over 2 x 4 ranks, 4 primes, P24 (rows 512..512; 10066329 + 8388608 limbs at 0, window [9227468, 18454937) of share [9227468, 18454937)): redistribute 0.035 ntt 0.333 crt 0.000 out 0.018 spills+carry 0.001 total 0.375 s
dist_mn node 1: 10066329 x 8388608 limbs over 2 x 4 ranks (cap 2^25 points, P24): 1 x 1 pieces, 1 formed, 0 skipped (low cut) (cache 0 slots: 0 hits, 0 misses)
dist_mn node 0: 10066329 + 8388608 limbs -> 18454937 (share 9227468): redistribute 0.038 ntt 0.335 crt 0.000 out 0.017 spills+carry 0.001, total 0.376 s
dist_mn node 1: 10066329 + 8388608 limbs -> 18454937 (share 9227469): redistribute 0.035 ntt 0.333 crt 0.000 out 0.018 spills+carry 0.001, total 0.376 s
dist_mn node 0: 2^24 = 2^12 x 2^12 over 2 x 4 ranks, 4 primes, P24 (rows 512..512; 10066329 + 8388608 limbs at 0, window [0, 9227468) of share [0, 9227468)): redistribute 0.024 ntt 0.315 crt 0.001 out 0.021 spills+carry 0.001 total 0.354 s
dist_mn node 0: 10066329 x 8388608 limbs over 2 x 4 ranks (cap 2^25 points, P24): 1 x 1 pieces, 1 formed, 0 skipped (low product) (low cut) (cache 0 slots: 0 hits, 0 misses)
dist_mn node 1: 2^24 = 2^12 x 2^12 over 2 x 4 ranks, 4 primes, P24 (rows 512..512; 10066329 + 8388608 limbs at 0, window [9227468, 18454936) of share [9227468, 18454936)): redistribute 0.025 ntt 0.314 crt 0.001 out 0.019 spills+carry 0.001 total 0.354 s
dist_mn node 1: 10066329 x 8388608 limbs over 2 x 4 ranks (cap 2^25 points, P24): 1 x 1 pieces, 1 formed, 0 skipped (low product) (low cut) (cache 0 slots: 0 hits, 0 misses)
dist_mn node 0: 10066329 + 8388608 limbs -> 18454936 (share 9227468): redistribute 0.024 ntt 0.315 crt 0.001 out 0.021 spills+carry 0.001, total 0.355 s
dist_mn node 1: 10066329 + 8388608 limbs -> 18454936 (share 9227468): redistribute 0.025 ntt 0.314 crt 0.001 out 0.019 spills+carry 0.001, total 0.355 s
dist_mn node 1: 10066329 x 8388608 limbs over 2 x 4 ranks (cap 2^25 points, P24): 1 x 1 pieces, 0 formed, 1 skipped (low cut) (cache 0 slots: 0 hits, 0 misses)
dist_mn node 0: 10066329 x 8388608 limbs over 2 x 4 ranks (cap 2^25 points, P24): 1 x 1 pieces, 0 formed, 1 skipped (low cut) (cache 0 slots: 0 hits, 0 misses)
dist_mn node 1: 10066329 + 8388608 limbs -> 0 (share 9227469): redistribute 0.000 ntt 0.000 crt 0.000 out 0.000 spills+carry 0.000, total 0.000 s
dist_mn node 0: 10066329 + 8388608 limbs -> 0 (share 9227468): redistribute 0.000 ntt 0.000 crt 0.000 out 0.000 spills+carry 0.000, total 0.003 s
mdev 3*2^23 (18454937 limbs): repack 0.023 h2d 0.001 fwd 0.005 inv 0.003 d2h 0.008 crt 0.010 total 0.040 s
mdev 3*2^23 (18454937 limbs): repack 0.018 h2d 0.001 fwd 0.005 inv 0.003 d2h 0.010 crt 0.009 total 0.038 s
dist_mn node 0: 10066329 x 8388608 limbs over 2 x 4 ranks (cap 2^25 points, P24): 1 x 1 pieces, 0 formed, 1 skipped (low product) (low cut) (cache 0 slots: 0 hits, 0 misses)
dist_mn node 1: 10066329 x 8388608 limbs over 2 x 4 ranks (cap 2^25 points, P24): 1 x 1 pieces, 0 formed, 1 skipped (low product) (low cut) (cache 0 slots: 0 hits, 0 misses)
dist_mn node 0: 10066329 + 8388608 limbs -> 0 (share 9227468): redistribute 0.000 ntt 0.000 crt 0.000 out 0.000 spills+carry 0.000, total 0.000 s
dist_mn node 1: 10066329 + 8388608 limbs -> 0 (share 9227468): redistribute 0.000 ntt 0.000 crt 0.000 out 0.000 spills+carry 0.000, total 0.000 s
mdev 3*2^23 (18454937 limbs): repack 0.017 h2d 0.001 fwd 0.003 inv 0.001 d2h 0.032 crt 0.007 total 0.056 s
mdev 3*2^23 (18454937 limbs): repack 0.028 h2d 0.001 fwd 0.002 inv 0.001 d2h 0.025 crt 0.004 total 0.060 s
dist_mn node 0: 2^24 = 2^12 x 2^12 over 2 x 4 ranks, 4 primes, P24 (rows 512..512; 10066329 + 8388608 limbs at 0, window [0, 9227468) of share [0, 9227468)): redistribute 0.177 ntt 0.227 crt 0.000 out 0.022 spills+carry 0.001 total 0.426 s
dist_mn node 0: 10066329 x 8388608 limbs over 2 x 4 ranks (cap 2^25 points, P24): 1 x 1 pieces, 1 formed, 0 skipped (cache 0 slots: 0 hits, 0 misses)
dist_mn node 1: 2^24 = 2^12 x 2^12 over 2 x 4 ranks, 4 primes, P24 (rows 512..512; 10066329 + 8388608 limbs at 0, window [9227468, 18454937) of share [9227468, 18454937)): redistribute 0.017 ntt 0.227 crt 0.000 out 0.021 spills+carry 0.001 total 0.263 s
dist_mn node 1: 10066329 x 8388608 limbs over 2 x 4 ranks (cap 2^25 points, P24): 1 x 1 pieces, 1 formed, 0 skipped (cache 0 slots: 0 hits, 0 misses)
dist_mn node 0: 10066329 + 8388608 limbs -> 18454937 (share 9227468): redistribute 0.177 ntt 0.227 crt 0.000 out 0.022 spills+carry 0.001, total 0.428 s
dist_mn node 1: 10066329 + 8388608 limbs -> 18454937 (share 9227469): redistribute 0.017 ntt 0.227 crt 0.000 out 0.021 spills+carry 0.001, total 0.265 s
dist_mn node 0: 2^24 = 2^12 x 2^12 over 2 x 4 ranks, 4 primes, P24 (rows 512..512; 10066329 + 8388608 limbs at 0, window [0, 9227468) of share [0, 9227468)): redistribute 0.025 ntt 0.312 crt 0.000 out 0.019 spills+carry 0.001 total 0.349 s
dist_mn node 0: 10066329 x 8388608 limbs over 2 x 4 ranks (cap 2^25 points, P24): 1 x 1 pieces, 1 formed, 0 skipped (low product) (cache 0 slots: 0 hits, 0 misses)
dist_mn node 1: 2^24 = 2^12 x 2^12 over 2 x 4 ranks, 4 primes, P24 (rows 512..512; 10066329 + 8388608 limbs at 0, window [9227468, 18454936) of share [9227468, 18454936)): redistribute 0.026 ntt 0.308 crt 0.000 out 0.016 spills+carry 0.001 total 0.350 s
dist_mn node 1: 10066329 x 8388608 limbs over 2 x 4 ranks (cap 2^25 points, P24): 1 x 1 pieces, 1 formed, 0 skipped (low product) (cache 0 slots: 0 hits, 0 misses)
dist_mn node 0: 10066329 + 8388608 limbs -> 18454936 (share 9227468): redistribute 0.025 ntt 0.312 crt 0.000 out 0.019 spills+carry 0.001, total 0.350 s
dist_mn node 1: 10066329 + 8388608 limbs -> 18454936 (share 9227468): redistribute 0.026 ntt 0.308 crt 0.000 out 0.016 spills+carry 0.001, total 0.350 s
dist_mn node 0: 2^24 = 2^12 x 2^12 over 2 x 4 ranks, 4 primes, P24 (rows 512..512; 5033164 + 8388601 limbs at 0, window [0, 6710882) of share [0, 6710882)): redistribute 0.016 ntt 0.310 crt 0.001 out 0.010 spills+carry 0.000 total 0.336 s
dist_mn node 0: 5033164 x 8388601 limbs over 2 x 4 ranks (cap 2^25 points, P24): 1 x 1 pieces, 1 formed, 0 skipped (cache 0 slots: 0 hits, 0 misses)
dist_mn node 1: 2^24 = 2^12 x 2^12 over 2 x 4 ranks, 4 primes, P24 (rows 512..512; 5033164 + 8388601 limbs at 0, window [6710882, 13421765) of share [6710882, 13421765)): redistribute 0.018 ntt 0.307 crt 0.001 out 0.012 spills+carry 0.000 total 0.337 s
dist_mn node 1: 5033164 x 8388601 limbs over 2 x 4 ranks (cap 2^25 points, P24): 1 x 1 pieces, 1 formed, 0 skipped (cache 0 slots: 0 hits, 0 misses)
dist_mn node 0: 5033164 + 8388601 limbs -> 13421765 (share 6710882): redistribute 0.016 ntt 0.310 crt 0.001 out 0.010 spills+carry 0.000, total 0.337 s
dist_mn node 1: 5033164 + 8388601 limbs -> 13421765 (share 6710883): redistribute 0.018 ntt 0.307 crt 0.001 out 0.012 spills+carry 0.000, total 0.337 s
mdev 2^24 (13421765 limbs): repack 0.031 h2d 0.001 fwd 0.003 inv 0.001 d2h 0.019 crt 0.004 total 0.054 s
mdev 2^24 (13421765 limbs): repack 0.012 h2d 0.001 fwd 0.002 inv 0.001 d2h 0.043 crt 0.001 total 0.059 s
dist_mn node 0: 2^24 = 2^12 x 2^12 over 2 x 4 ranks, 4 primes, P24 (rows 512..512; 5033164 + 8388601 limbs at 0, window [0, 2516583) of share [0, 2516583)): redistribute 0.027 ntt 0.333 crt 0.000 out 0.005 spills+carry 0.000 total 0.360 s
dist_mn node 0: 5033164 x 8388601 limbs over 2 x 4 ranks (cap 2^25 points, P24): 1 x 1 pieces, 1 formed, 0 skipped (low product) (cache 0 slots: 0 hits, 0 misses)
dist_mn node 1: 2^24 = 2^12 x 2^12 over 2 x 4 ranks, 4 primes, P24 (rows 512..512; 5033164 + 8388601 limbs at 0, window [2516583, 5033167) of share [2516583, 5033167)): redistribute 0.020 ntt 0.331 crt 0.000 out 0.005 spills+carry 0.000 total 0.349 s
dist_mn node 1: 5033164 x 8388601 limbs over 2 x 4 ranks (cap 2^25 points, P24): 1 x 1 pieces, 1 formed, 0 skipped (low product) (cache 0 slots: 0 hits, 0 misses)
dist_mn node 0: 5033164 + 8388601 limbs -> 5033167 (share 2516583): redistribute 0.027 ntt 0.333 crt 0.000 out 0.005 spills+carry 0.000, total 0.361 s
dist_mn node 1: 5033164 + 8388601 limbs -> 5033167 (share 2516584): redistribute 0.020 ntt 0.331 crt 0.000 out 0.005 spills+carry 0.000, total 0.350 s
dist_mn node 0: 2^24 = 2^12 x 2^12 over 2 x 4 ranks, 4 primes, P24 (rows 512..512; 10066329 + 8388608 limbs at 0, window [0, 9227469) of share [0, 9227469)): redistribute 0.032 ntt 0.337 crt 0.001 out 0.013 spills+carry 0.001 total 0.378 s
dist_mn node 1: 2^24 = 2^12 x 2^12 over 2 x 4 ranks, 4 primes, P24 (rows 512..512; 10066329 + 8388608 limbs at 0, window [9227469, 18454937) of share [9227469, 18454938)): redistribute 0.025 ntt 0.335 crt 0.001 out 0.017 spills+carry 0.001 total 0.369 s
mdb_add_shifted node 0: 8388605 limbs at 0 into a basis of 18454938 (my window [0, 8388605), 1 rounds of 2097152; slabs 2097151 + 2097151 limbs per APU 0): 0.015 s
dist_mn node 0: 10066329 x 8388608 limbs over 2 x 4 ranks (cap 2^25 points, P24): 1 x 1 pieces, 1 formed, 0 skipped (cache 0 slots: 0 hits, 0 misses)
mdb_add_shifted node 1: 8388605 limbs at 0 into a basis of 18454938 (my window [9227469, 9227469), 1 rounds of 2097152; slabs 0 + 0 limbs per APU 0): 0.015 s
dist_mn node 1: 10066329 x 8388608 limbs over 2 x 4 ranks (cap 2^25 points, P24): 1 x 1 pieces, 1 formed, 0 skipped (cache 0 slots: 0 hits, 0 misses)
dist_mn node 0: 10066329 + 8388608 + x limbs -> 18454937 (share 9227469): redistribute 0.032 ntt 0.337 crt 0.001 out 0.013 spills+carry 0.001, total 0.394 s
dist_mn node 1: 10066329 + 8388608 + x limbs -> 18454937 (share 9227469): redistribute 0.025 ntt 0.335 crt 0.001 out 0.017 spills+carry 0.001, total 0.385 s
mdb_add_shifted node 1: 8388605 limbs at 0 into a basis of 18454938 (my window [9227469, 9227469), 1 rounds of 2097152; slabs 0 + 0 limbs per APU 0): 0.041 s
mdb_add_shifted node 0: 8388605 limbs at 0 into a basis of 18454938 (my window [0, 8388605), 1 rounds of 2097152; slabs 2097151 + 2097151 limbs per APU 0): 0.038 s
mdb_add_shifted node 1: 8388605 limbs at 7 into a basis of 18454938 (my window [9227469, 9227469), 1 rounds of 2097152; slabs 0 + 0 limbs per APU 0): 0.027 s
mdb_add_shifted node 0: 8388605 limbs at 7 into a basis of 18454938 (my window [7, 8388612), 1 rounds of 2097152; slabs 2097151 + 2097151 limbs per APU 0): 0.028 s
mdb_add_shifted node 0: 8388605 limbs at 5033164 into a basis of 18454938 (my window [5033164, 9227469), 1 rounds of 1048592; slabs 1048576 + 1048576 limbs per APU 0): 0.009 s
mdb_add_shifted node 1: 8388605 limbs at 5033164 into a basis of 18454938 (my window [9227469, 13421769), 1 rounds of 1048592; slabs 1048575 + 1048575 limbs per APU 0): 0.071 s
mdb_add_shifted node 1: 8388605 limbs at 10066329 into a basis of 18454938 (my window [10066329, 18454934), 1 rounds of 2097152; slabs 0 + 2097151 limbs per APU 0): 0.039 s
mdb_add_shifted node 0: 8388605 limbs at 10066329 into a basis of 18454938 (my window [10066329, 10066329), 1 rounds of 2097152; slabs 2097151 + 0 limbs per APU 0): 0.027 s
dist_mn node 0: 2^24 = 2^12 x 2^12 over 2 x 4 ranks, 4 primes, P24 (rows 512..512; 10066329 + 8388608 limbs at 0, window [0, 9227468) of share [0, 9227468)): redistribute 0.067 ntt 0.315 crt 0.000 out 0.017 spills+carry 0.002 total 0.392 s
dist_mn node 0: 10066329 x 8388608 limbs over 2 x 4 ranks (cap 2^25 points, P24): 1 x 1 pieces, 1 formed, 0 skipped (cache 0 slots: 0 hits, 0 misses)
dist_mn node 1: 2^24 = 2^12 x 2^12 over 2 x 4 ranks, 4 primes, P24 (rows 512..512; 10066329 + 8388608 limbs at 0, window [9227468, 18454937) of share [9227468, 18454937)): redistribute 0.029 ntt 0.313 crt 0.001 out 0.016 spills+carry 0.002 total 0.354 s
dist_mn node 1: 10066329 x 8388608 limbs over 2 x 4 ranks (cap 2^25 points, P24): 1 x 1 pieces, 1 formed, 0 skipped (cache 0 slots: 0 hits, 0 misses)
dist_mn node 0: 10066329 + 8388608 limbs -> 18454937 (share 9227468): redistribute 0.067 ntt 0.315 crt 0.000 out 0.017 spills+carry 0.002, total 0.394 s
dist_mn node 1: 10066329 + 8388608 limbs -> 18454937 (share 9227469): redistribute 0.029 ntt 0.313 crt 0.001 out 0.016 spills+carry 0.002, total 0.356 s
mdev 3*2^23 (18454937 limbs): repack 0.024 h2d 0.001 fwd 0.002 inv 0.001 d2h 0.028 crt 0.020 total 0.058 s
mdev 3*2^23 (18454937 limbs): repack 0.031 h2d 0.001 fwd 0.002 inv 0.002 d2h 0.031 crt 0.007 total 0.068 s
dist_mn node 0: 2^24 = 2^12 x 2^12 over 2 x 4 ranks, 4 primes, P24 (rows 512..512; 10066329 + 8388608 limbs at 0, window [0, 9227469) of share [0, 9227469)): redistribute 0.027 ntt 0.328 crt 0.001 out 0.016 spills+carry 0.002 total 0.362 s
dist_mn node 1: 2^24 = 2^12 x 2^12 over 2 x 4 ranks, 4 primes, P24 (rows 512..512; 10066329 + 8388608 limbs at 0, window [9227469, 18454937) of share [9227469, 18454938)): redistribute 0.020 ntt 0.326 crt 0.001 out 0.017 spills+carry 0.002 total 0.356 s
mdb_add_shifted node 0: 8388605 limbs at 0 into a basis of 18454938 (my window [0, 8388605), 1 rounds of 2097152; slabs 2097151 + 2097151 limbs per APU 0): 0.015 s
dist_mn node 0: 10066329 x 8388608 limbs over 2 x 4 ranks (cap 2^25 points, P24): 1 x 1 pieces, 1 formed, 0 skipped (cache 0 slots: 0 hits, 0 misses)
mdb_add_shifted node 1: 8388605 limbs at 0 into a basis of 18454938 (my window [9227469, 9227469), 1 rounds of 2097152; slabs 0 + 0 limbs per APU 0): 0.015 s
dist_mn node 1: 10066329 x 8388608 limbs over 2 x 4 ranks (cap 2^25 points, P24): 1 x 1 pieces, 1 formed, 0 skipped (cache 0 slots: 0 hits, 0 misses)
dist_mn node 0: 10066329 + 8388608 + x limbs -> 18454937 (share 9227469): redistribute 0.027 ntt 0.328 crt 0.001 out 0.016 spills+carry 0.002, total 0.378 s
dist_mn node 1: 10066329 + 8388608 + x limbs -> 18454937 (share 9227469): redistribute 0.020 ntt 0.326 crt 0.001 out 0.017 spills+carry 0.002, total 0.373 s
dist_mn node 0: 2^24 = 2^12 x 2^12 over 2 x 4 ranks, 4 primes, P24 (rows 512..512; 10066329 + 8388608 limbs at 0, window [0, 5033165) of share [0, 5033165)): redistribute 0.018 ntt 0.276 crt 0.000 out 0.017 spills+carry 0.003 total 0.312 s
dist_mn node 0: 10066329 x 8388608 limbs over 2 x 4 ranks (cap 2^25 points, P24): 1 x 1 pieces, 1 formed, 0 skipped (low product) (cache 0 slots: 0 hits, 0 misses)
dist_mn node 1: 2^24 = 2^12 x 2^12 over 2 x 4 ranks, 4 primes, P24 (rows 512..512; 10066329 + 8388608 limbs at 0, window [5033165, 10066331) of share [5033165, 10066331)): redistribute 0.019 ntt 0.276 crt 0.000 out 0.016 spills+carry 0.003 total 0.312 s
dist_mn node 1: 10066329 x 8388608 limbs over 2 x 4 ranks (cap 2^25 points, P24): 1 x 1 pieces, 1 formed, 0 skipped (low product) (cache 0 slots: 0 hits, 0 misses)
dist_mn node 0: 10066329 + 8388608 limbs -> 10066331 (share 5033165): redistribute 0.018 ntt 0.276 crt 0.000 out 0.017 spills+carry 0.003, total 0.313 s
dist_mn node 1: 10066329 + 8388608 limbs -> 10066331 (share 5033166): redistribute 0.019 ntt 0.276 crt 0.000 out 0.016 spills+carry 0.003, total 0.313 s
dist_mn node 0: 2^23 = 2^11 x 2^12 over 2 x 4 ranks, 4 primes, P24 (rows 256..256; 5033165 + 5033165 limbs at 0, window [0, 2516582) of share [0, 2516582)): redistribute 0.023 ntt 0.187 crt 0.000 out 0.006 spills+carry 0.003 total 0.252 s
dist_mn node 0: 5033165 x 5033165 limbs over 2 x 4 ranks (cap 2^25 points, P24): 1 x 1 pieces, 1 formed, 0 skipped (low product) (cache 0 slots: 0 hits, 0 misses)
dist_mn node 1: 2^23 = 2^11 x 2^12 over 2 x 4 ranks, 4 primes, P24 (rows 256..256; 5033165 + 5033165 limbs at 0, window [2516582, 5033165) of share [2516582, 5033165)): redistribute 0.025 ntt 0.186 crt 0.000 out 0.006 spills+carry 0.003 total 0.252 s
dist_mn node 1: 5033165 x 5033165 limbs over 2 x 4 ranks (cap 2^25 points, P24): 1 x 1 pieces, 1 formed, 0 skipped (low product) (cache 0 slots: 0 hits, 0 misses)
dist_mn node 0: 5033165 + 5033165 limbs -> 1 (share 2516582): redistribute 0.023 ntt 0.187 crt 0.000 out 0.006 spills+carry 0.003, total 0.252 s
dist_mn node 1: 5033165 + 5033165 limbs -> 1 (share 2516583): redistribute 0.025 ntt 0.186 crt 0.000 out 0.006 spills+carry 0.003, total 0.252 s
dist_mn node 0: 2^24 = 2^12 x 2^12 over 2 x 4 ranks, 4 primes, P24 (rows 512..512; 10066329 + 8388608 limbs at 0, window [0, 9227468) of share [0, 9227468)): redistribute 0.026 ntt 0.284 crt 0.000 out 0.017 spills+carry 0.002 total 0.383 s
dist_mn node 0: 10066329 x 8388608 limbs over 2 x 4 ranks (cap 2^25 points, P24): 1 x 1 pieces, 1 formed, 0 skipped (low product) (cache 0 slots: 0 hits, 0 misses)
dist_mn node 1: 2^24 = 2^12 x 2^12 over 2 x 4 ranks, 4 primes, P24 (rows 512..512; 10066329 + 8388608 limbs at 0, window [9227468, 18454936) of share [9227468, 18454936)): redistribute 0.036 ntt 0.283 crt 0.000 out 0.018 spills+carry 0.002 total 0.383 s
dist_mn node 1: 10066329 x 8388608 limbs over 2 x 4 ranks (cap 2^25 points, P24): 1 x 1 pieces, 1 formed, 0 skipped (low product) (cache 0 slots: 0 hits, 0 misses)
dist_mn node 0: 10066329 + 8388608 limbs -> 18454936 (share 9227468): redistribute 0.026 ntt 0.284 crt 0.000 out 0.017 spills+carry 0.002, total 0.383 s
dist_mn node 1: 10066329 + 8388608 limbs -> 18454936 (share 9227468): redistribute 0.036 ntt 0.283 crt 0.000 out 0.018 spills+carry 0.002, total 0.383 s
dist_mn node 0: 2^24 = 2^12 x 2^12 over 2 x 4 ranks, 4 primes, P24 (rows 512..512; 10066329 + 8388608 limbs at 0, window [0, 9227468) of share [0, 9227468)): redistribute 0.022 ntt 0.307 crt 0.000 out 0.017 spills+carry 0.002 total 0.344 s
dist_mn node 0: 10066329 x 8388608 limbs over 2 x 4 ranks (cap 2^25 points, P24): 1 x 1 pieces, 1 formed, 0 skipped (low cut) (cache 0 slots: 0 hits, 0 misses)
dist_mn node 1: 2^24 = 2^12 x 2^12 over 2 x 4 ranks, 4 primes, P24 (rows 512..512; 10066329 + 8388608 limbs at 0, window [9227468, 18454937) of share [9227468, 18454937)): redistribute 0.024 ntt 0.306 crt 0.000 out 0.017 spills+carry 0.002 total 0.344 s
dist_mn node 1: 10066329 x 8388608 limbs over 2 x 4 ranks (cap 2^25 points, P24): 1 x 1 pieces, 1 formed, 0 skipped (low cut) (cache 0 slots: 0 hits, 0 misses)
dist_mn node 0: 10066329 + 8388608 limbs -> 18454937 (share 9227468): redistribute 0.022 ntt 0.307 crt 0.000 out 0.017 spills+carry 0.002, total 0.345 s
dist_mn node 1: 10066329 + 8388608 limbs -> 18454937 (share 9227469): redistribute 0.024 ntt 0.306 crt 0.000 out 0.017 spills+carry 0.002, total 0.345 s
dist_mn node 0: 2^24 = 2^12 x 2^12 over 2 x 4 ranks, 4 primes, P24 (rows 512..512; 10066329 + 8388608 limbs at 0, window [0, 9227468) of share [0, 9227468)): redistribute 0.031 ntt 0.323 crt 0.001 out 0.015 spills+carry 0.002 total 0.360 s
dist_mn node 0: 10066329 x 8388608 limbs over 2 x 4 ranks (cap 2^25 points, P24): 1 x 1 pieces, 1 formed, 0 skipped (low product) (low cut) (cache 0 slots: 0 hits, 0 misses)
dist_mn node 1: 2^24 = 2^12 x 2^12 over 2 x 4 ranks, 4 primes, P24 (rows 512..512; 10066329 + 8388608 limbs at 0, window [9227468, 18454936) of share [9227468, 18454936)): redistribute 0.027 ntt 0.321 crt 0.001 out 0.012 spills+carry 0.002 total 0.360 s
dist_mn node 1: 10066329 x 8388608 limbs over 2 x 4 ranks (cap 2^25 points, P24): 1 x 1 pieces, 1 formed, 0 skipped (low product) (low cut) (cache 0 slots: 0 hits, 0 misses)
dist_mn node 0: 10066329 + 8388608 limbs -> 18454936 (share 9227468): redistribute 0.031 ntt 0.323 crt 0.001 out 0.015 spills+carry 0.002, total 0.361 s
dist_mn node 1: 10066329 + 8388608 limbs -> 18454936 (share 9227468): redistribute 0.027 ntt 0.321 crt 0.001 out 0.012 spills+carry 0.002, total 0.361 s
dist_mn node 0: 2^24 = 2^12 x 2^12 over 2 x 4 ranks, 4 primes, P24 (rows 512..512; 10066329 + 8388608 limbs at 0, window [0, 9227468) of share [0, 9227468)): redistribute 0.024 ntt 0.338 crt 0.000 out 0.013 spills+carry 0.002 total 0.374 s
dist_mn node 0: 10066329 x 8388608 limbs over 2 x 4 ranks (cap 2^25 points, P24): 1 x 1 pieces, 1 formed, 0 skipped (low cut) (cache 0 slots: 0 hits, 0 misses)
dist_mn node 1: 2^24 = 2^12 x 2^12 over 2 x 4 ranks, 4 primes, P24 (rows 512..512; 10066329 + 8388608 limbs at 0, window [9227468, 18454937) of share [9227468, 18454937)): redistribute 0.030 ntt 0.335 crt 0.000 out 0.016 spills+carry 0.002 total 0.374 s
dist_mn node 1: 10066329 x 8388608 limbs over 2 x 4 ranks (cap 2^25 points, P24): 1 x 1 pieces, 1 formed, 0 skipped (low cut) (cache 0 slots: 0 hits, 0 misses)
dist_mn node 0: 10066329 + 8388608 limbs -> 18454937 (share 9227468): redistribute 0.024 ntt 0.338 crt 0.000 out 0.013 spills+carry 0.002, total 0.375 s
dist_mn node 1: 10066329 + 8388608 limbs -> 18454937 (share 9227469): redistribute 0.030 ntt 0.335 crt 0.000 out 0.016 spills+carry 0.002, total 0.375 s
dist_mn node 0: 2^24 = 2^12 x 2^12 over 2 x 4 ranks, 4 primes, P24 (rows 512..512; 10066329 + 8388608 limbs at 0, window [0, 9227468) of share [0, 9227468)): redistribute 0.027 ntt 0.317 crt 0.000 out 0.028 spills+carry 0.002 total 0.369 s
dist_mn node 0: 10066329 x 8388608 limbs over 2 x 4 ranks (cap 2^25 points, P24): 1 x 1 pieces, 1 formed, 0 skipped (low product) (low cut) (cache 0 slots: 0 hits, 0 misses)
dist_mn node 1: 2^24 = 2^12 x 2^12 over 2 x 4 ranks, 4 primes, P24 (rows 512..512; 10066329 + 8388608 limbs at 0, window [9227468, 18454936) of share [9227468, 18454936)): redistribute 0.034 ntt 0.320 crt 0.000 out 0.028 spills+carry 0.002 total 0.370 s
dist_mn node 1: 10066329 x 8388608 limbs over 2 x 4 ranks (cap 2^25 points, P24): 1 x 1 pieces, 1 formed, 0 skipped (low product) (low cut) (cache 0 slots: 0 hits, 0 misses)
dist_mn node 0: 10066329 + 8388608 limbs -> 18454936 (share 9227468): redistribute 0.027 ntt 0.317 crt 0.000 out 0.028 spills+carry 0.002, total 0.370 s
dist_mn node 1: 10066329 + 8388608 limbs -> 18454936 (share 9227468): redistribute 0.034 ntt 0.320 crt 0.000 out 0.028 spills+carry 0.002, total 0.370 s
dist_mn node 0: 10066329 x 8388608 limbs over 2 x 4 ranks (cap 2^25 points, P24): 1 x 1 pieces, 0 formed, 1 skipped (low cut) (cache 0 slots: 0 hits, 0 misses)
dist_mn node 0: 10066329 + 8388608 limbs -> 0 (share 9227468): redistribute 0.000 ntt 0.000 crt 0.000 out 0.000 spills+carry 0.000, total 0.000 s
dist_mn node 1: 10066329 x 8388608 limbs over 2 x 4 ranks (cap 2^25 points, P24): 1 x 1 pieces, 0 formed, 1 skipped (low cut) (cache 0 slots: 0 hits, 0 misses)
dist_mn node 1: 10066329 + 8388608 limbs -> 0 (share 9227469): redistribute 0.000 ntt 0.000 crt 0.000 out 0.000 spills+carry 0.000, total 0.002 s
mdev 3*2^23 (18454937 limbs): repack 0.026 h2d 0.001 fwd 0.002 inv 0.001 d2h 0.029 crt 0.024 total 0.062 s
mdev 3*2^23 (18454937 limbs): repack 0.020 h2d 0.001 fwd 0.002 inv 0.001 d2h 0.018 crt 0.010 total 0.044 s
dist_mn node 0: 10066329 x 8388608 limbs over 2 x 4 ranks (cap 2^25 points, P24): 1 x 1 pieces, 0 formed, 1 skipped (low product) (low cut) (cache 0 slots: 0 hits, 0 misses)
dist_mn node 1: 10066329 x 8388608 limbs over 2 x 4 ranks (cap 2^25 points, P24): 1 x 1 pieces, 0 formed, 1 skipped (low product) (low cut) (cache 0 slots: 0 hits, 0 misses)
dist_mn node 0: 10066329 + 8388608 limbs -> 0 (share 9227468): redistribute 0.000 ntt 0.000 crt 0.000 out 0.000 spills+carry 0.000, total 0.001 s
dist_mn node 1: 10066329 + 8388608 limbs -> 0 (share 9227468): redistribute 0.000 ntt 0.000 crt 0.000 out 0.000 spills+carry 0.000, total 0.004 s
mdev 3*2^23 (18454937 limbs): repack 0.017 h2d 0.001 fwd 0.002 inv 0.001 d2h 0.046 crt 0.010 total 0.070 s
mdev 3*2^23 (18454937 limbs): repack 0.026 h2d 0.001 fwd 0.002 inv 0.001 d2h 0.045 crt 0.010 total 0.078 s
dist_mn node 0: 2^24 = 2^12 x 2^12 over 2 x 4 ranks, 4 primes, P24 (rows 512..512; 10066329 + 8388608 limbs at 0, window [0, 9227468) of share [0, 9227468)): redistribute 0.355 ntt 0.221 crt 0.000 out 0.019 spills+carry 0.002 total 0.594 s
dist_mn node 0: 10066329 x 8388608 limbs over 2 x 4 ranks (cap 2^25 points, P24): 1 x 1 pieces, 1 formed, 0 skipped (cache 0 slots: 0 hits, 0 misses)
dist_mn node 1: 2^24 = 2^12 x 2^12 over 2 x 4 ranks, 4 primes, P24 (rows 512..512; 10066329 + 8388608 limbs at 0, window [9227468, 18454937) of share [9227468, 18454937)): redistribute 0.017 ntt 0.221 crt 0.001 out 0.018 spills+carry 0.002 total 0.252 s
dist_mn node 1: 10066329 x 8388608 limbs over 2 x 4 ranks (cap 2^25 points, P24): 1 x 1 pieces, 1 formed, 0 skipped (cache 0 slots: 0 hits, 0 misses)
dist_mn node 0: 10066329 + 8388608 limbs -> 18454937 (share 9227468): redistribute 0.355 ntt 0.221 crt 0.000 out 0.019 spills+carry 0.002, total 0.595 s
dist_mn node 1: 10066329 + 8388608 limbs -> 18454937 (share 9227469): redistribute 0.017 ntt 0.221 crt 0.001 out 0.018 spills+carry 0.002, total 0.253 s
dist_mn node 0: 2^24 = 2^12 x 2^12 over 2 x 4 ranks, 4 primes, P24 (rows 512..512; 10066329 + 8388608 limbs at 0, window [0, 9227468) of share [0, 9227468)): redistribute 0.022 ntt 0.325 crt 0.001 out 0.029 spills+carry 0.002 total 0.378 s
dist_mn node 0: 10066329 x 8388608 limbs over 2 x 4 ranks (cap 2^25 points, P24): 1 x 1 pieces, 1 formed, 0 skipped (low product) (cache 0 slots: 0 hits, 0 misses)
dist_mn node 1: 2^24 = 2^12 x 2^12 over 2 x 4 ranks, 4 primes, P24 (rows 512..512; 10066329 + 8388608 limbs at 0, window [9227468, 18454936) of share [9227468, 18454936)): redistribute 0.028 ntt 0.322 crt 0.001 out 0.030 spills+carry 0.002 total 0.379 s
dist_mn node 1: 10066329 x 8388608 limbs over 2 x 4 ranks (cap 2^25 points, P24): 1 x 1 pieces, 1 formed, 0 skipped (low product) (cache 0 slots: 0 hits, 0 misses)
dist_mn node 0: 10066329 + 8388608 limbs -> 18454936 (share 9227468): redistribute 0.022 ntt 0.325 crt 0.001 out 0.029 spills+carry 0.002, total 0.379 s
dist_mn node 1: 10066329 + 8388608 limbs -> 18454936 (share 9227468): redistribute 0.028 ntt 0.322 crt 0.001 out 0.030 spills+carry 0.002, total 0.379 s
dist_mn node 0: 2^24 = 2^12 x 2^12 over 2 x 4 ranks, 4 primes, P24 (rows 512..512; 5033164 + 8388601 limbs at 0, window [0, 6710882) of share [0, 6710882)): redistribute 0.023 ntt 0.334 crt 0.000 out 0.013 spills+carry 0.001 total 0.366 s
dist_mn node 0: 5033164 x 8388601 limbs over 2 x 4 ranks (cap 2^25 points, P24): 1 x 1 pieces, 1 formed, 0 skipped (cache 0 slots: 0 hits, 0 misses)
dist_mn node 1: 2^24 = 2^12 x 2^12 over 2 x 4 ranks, 4 primes, P24 (rows 512..512; 5033164 + 8388601 limbs at 0, window [6710882, 13421765) of share [6710882, 13421765)): redistribute 0.026 ntt 0.336 crt 0.000 out 0.012 spills+carry 0.002 total 0.366 s
dist_mn node 1: 5033164 x 8388601 limbs over 2 x 4 ranks (cap 2^25 points, P24): 1 x 1 pieces, 1 formed, 0 skipped (cache 0 slots: 0 hits, 0 misses)
dist_mn node 0: 5033164 + 8388601 limbs -> 13421765 (share 6710882): redistribute 0.023 ntt 0.334 crt 0.000 out 0.013 spills+carry 0.001, total 0.367 s
dist_mn node 1: 5033164 + 8388601 limbs -> 13421765 (share 6710883): redistribute 0.026 ntt 0.336 crt 0.000 out 0.012 spills+carry 0.002, total 0.367 s
mdev 2^24 (13421765 limbs): repack 0.018 h2d 0.001 fwd 0.003 inv 0.001 d2h 0.035 crt 0.005 total 0.056 s
mdev 2^24 (13421765 limbs): repack 0.038 h2d 0.002 fwd 0.003 inv 0.001 d2h 0.038 crt 0.006 total 0.080 s
dist_mn node 0: 2^24 = 2^12 x 2^12 over 2 x 4 ranks, 4 primes, P24 (rows 512..512; 5033164 + 8388601 limbs at 0, window [0, 2516583) of share [0, 2516583)): redistribute 0.042 ntt 0.274 crt 0.000 out 0.008 spills+carry 0.003 total 0.325 s
dist_mn node 0: 5033164 x 8388601 limbs over 2 x 4 ranks (cap 2^25 points, P24): 1 x 1 pieces, 1 formed, 0 skipped (low product) (cache 0 slots: 0 hits, 0 misses)
dist_mn node 1: 2^24 = 2^12 x 2^12 over 2 x 4 ranks, 4 primes, P24 (rows 512..512; 5033164 + 8388601 limbs at 0, window [2516583, 5033167) of share [2516583, 5033167)): redistribute 0.016 ntt 0.273 crt 0.000 out 0.010 spills+carry 0.003 total 0.301 s
dist_mn node 1: 5033164 x 8388601 limbs over 2 x 4 ranks (cap 2^25 points, P24): 1 x 1 pieces, 1 formed, 0 skipped (low product) (cache 0 slots: 0 hits, 0 misses)
dist_mn node 0: 5033164 + 8388601 limbs -> 5033167 (share 2516583): redistribute 0.042 ntt 0.274 crt 0.000 out 0.008 spills+carry 0.003, total 0.326 s
dist_mn node 1: 5033164 + 8388601 limbs -> 5033167 (share 2516584): redistribute 0.016 ntt 0.273 crt 0.000 out 0.010 spills+carry 0.003, total 0.302 s
dist_mn node 0: 2^24 = 2^12 x 2^12 over 2 x 4 ranks, 4 primes, P24 (rows 512..512; 10066329 + 8388608 limbs at 0, window [0, 9227469) of share [0, 9227469)): redistribute 0.024 ntt 0.286 crt 0.000 out 0.018 spills+carry 0.002 total 0.324 s
dist_mn node 1: 2^24 = 2^12 x 2^12 over 2 x 4 ranks, 4 primes, P24 (rows 512..512; 10066329 + 8388608 limbs at 0, window [9227469, 18454937) of share [9227469, 18454938)): redistribute 0.026 ntt 0.286 crt 0.000 out 0.019 spills+carry 0.002 total 0.322 s
mdb_add_shifted node 0: 8388605 limbs at 0 into a basis of 18454938 (my window [0, 8388605), 1 rounds of 2097152; slabs 2097151 + 2097151 limbs per APU 0): 0.019 s
dist_mn node 0: 10066329 x 8388608 limbs over 2 x 4 ranks (cap 2^25 points, P24): 1 x 1 pieces, 1 formed, 0 skipped (cache 0 slots: 0 hits, 0 misses)
mdb_add_shifted node 1: 8388605 limbs at 0 into a basis of 18454938 (my window [9227469, 9227469), 1 rounds of 2097152; slabs 0 + 0 limbs per APU 0): 0.019 s
dist_mn node 1: 10066329 x 8388608 limbs over 2 x 4 ranks (cap 2^25 points, P24): 1 x 1 pieces, 1 formed, 0 skipped (cache 0 slots: 0 hits, 0 misses)
dist_mn node 0: 10066329 + 8388608 + x limbs -> 18454937 (share 9227469): redistribute 0.024 ntt 0.286 crt 0.000 out 0.018 spills+carry 0.002, total 0.344 s
dist_mn node 1: 10066329 + 8388608 + x limbs -> 18454937 (share 9227469): redistribute 0.026 ntt 0.286 crt 0.000 out 0.019 spills+carry 0.002, total 0.342 s
mdb_add_shifted node 1: 8388605 limbs at 0 into a basis of 18454938 (my window [9227469, 9227469), 1 rounds of 2097152; slabs 0 + 0 limbs per APU 0): 0.025 s
mdb_add_shifted node 0: 8388605 limbs at 0 into a basis of 18454938 (my window [0, 8388605), 1 rounds of 2097152; slabs 2097151 + 2097151 limbs per APU 0): 0.034 s
mdb_add_shifted node 0: 8388605 limbs at 7 into a basis of 18454938 (my window [7, 8388612), 1 rounds of 2097152; slabs 2097151 + 2097151 limbs per APU 0): 0.016 s
mdb_add_shifted node 1: 8388605 limbs at 7 into a basis of 18454938 (my window [9227469, 9227469), 1 rounds of 2097152; slabs 0 + 0 limbs per APU 0): 0.085 s
mdb_add_shifted node 0: 8388605 limbs at 5033164 into a basis of 18454938 (my window [5033164, 9227469), 1 rounds of 1048592; slabs 1048576 + 1048576 limbs per APU 0): 0.012 s
mdb_add_shifted node 1: 8388605 limbs at 5033164 into a basis of 18454938 (my window [9227469, 13421769), 1 rounds of 1048592; slabs 1048575 + 1048575 limbs per APU 0): 0.072 s
mdb_add_shifted node 0: 8388605 limbs at 10066329 into a basis of 18454938 (my window [10066329, 10066329), 1 rounds of 2097152; slabs 2097151 + 0 limbs per APU 0): 0.025 s
mdb_add_shifted node 1: 8388605 limbs at 10066329 into a basis of 18454938 (my window [10066329, 18454934), 1 rounds of 2097152; slabs 0 + 2097151 limbs per APU 0): 0.050 s
dbig pool: APU0 hipMalloc 0.02 GB inside the phase (free 0.08 GB in 7 extents, largest 0.02; live 0.04 GB in 12 blocks)
dbig pool: APU1 hipMalloc 0.02 GB inside the phase (free 0.08 GB in 7 extents, largest 0.02; live 0.04 GB in 13 blocks)
dbig pool: APU2 hipMalloc 0.02 GB inside the phase (free 0.08 GB in 7 extents, largest 0.02; live 0.04 GB in 14 blocks)
dbig pool: APU3 hipMalloc 0.02 GB inside the phase (free 0.08 GB in 7 extents, largest 0.02; live 0.04 GB in 15 blocks)
dbig pool: APU0 hipMalloc 0.02 GB inside the phase (free 0.10 GB in 8 extents, largest 0.02; live 0.04 GB in 12 blocks)
dbig pool: APU1 hipMalloc 0.02 GB inside the phase (free 0.10 GB in 8 extents, largest 0.02; live 0.04 GB in 13 blocks)
dbig pool: APU2 hipMalloc 0.02 GB inside the phase (free 0.08 GB in 7 extents, largest 0.02; live 0.04 GB in 14 blocks)
dbig pool: APU3 hipMalloc 0.02 GB inside the phase (free 0.08 GB in 7 extents, largest 0.02; live 0.04 GB in 15 blocks)
dbig pool: APU0 hipMalloc 0.04 GB inside the phase (free 0.07 GB in 8 extents, largest 0.02; live 0.07 GB in 16 blocks)
dbig pool: APU1 hipMalloc 0.04 GB inside the phase (free 0.07 GB in 8 extents, largest 0.02; live 0.07 GB in 17 blocks)
dbig pool: APU2 hipMalloc 0.04 GB inside the phase (free 0.07 GB in 8 extents, largest 0.02; live 0.07 GB in 18 blocks)
dbig pool: APU3 hipMalloc 0.04 GB inside the phase (free 0.07 GB in 8 extents, largest 0.02; live 0.07 GB in 19 blocks)
dbig pool: APU0 hipMalloc 0.03 GB inside the phase (free 0.07 GB in 7 extents, largest 0.02; live 0.11 GB in 21 blocks)
dbig pool: APU1 hipMalloc 0.03 GB inside the phase (free 0.07 GB in 7 extents, largest 0.02; live 0.11 GB in 23 blocks)
dbig pool: APU2 hipMalloc 0.03 GB inside the phase (free 0.07 GB in 7 extents, largest 0.02; live 0.11 GB in 25 blocks)
dbig pool: APU3 hipMalloc 0.03 GB inside the phase (free 0.07 GB in 7 extents, largest 0.02; live 0.11 GB in 27 blocks)
dbig pool: APU0 hipMalloc 0.02 GB inside the phase (free 0.07 GB in 7 extents, largest 0.02; live 0.14 GB in 28 blocks)
dbig pool: APU0 hipMalloc 0.02 GB inside the phase (free 0.07 GB in 7 extents, largest 0.02; live 0.16 GB in 29 blocks)
dbig pool: APU1 hipMalloc 0.02 GB inside the phase (free 0.07 GB in 7 extents, largest 0.02; live 0.14 GB in 30 blocks)
dbig pool: APU0 hipMalloc 0.04 GB inside the phase (free 0.08 GB in 8 extents, largest 0.02; live 0.07 GB in 16 blocks)
dbig pool: APU1 hipMalloc 0.04 GB inside the phase (free 0.08 GB in 8 extents, largest 0.02; live 0.07 GB in 17 blocks)
dbig pool: APU2 hipMalloc 0.04 GB inside the phase (free 0.07 GB in 8 extents, largest 0.02; live 0.07 GB in 18 blocks)
dbig pool: APU1 hipMalloc 0.02 GB inside the phase (free 0.07 GB in 7 extents, largest 0.02; live 0.16 GB in 31 blocks)
dbig pool: APU3 hipMalloc 0.04 GB inside the phase (free 0.07 GB in 8 extents, largest 0.02; live 0.07 GB in 19 blocks)
dbig pool: APU0 hipMalloc 0.03 GB inside the phase (free 0.08 GB in 7 extents, largest 0.02; live 0.11 GB in 21 blocks)
dbig pool: APU3 hipMalloc 0.03 GB inside the phase (free 0.07 GB in 7 extents, largest 0.02; live 0.11 GB in 23 blocks)
dbig pool: APU1 hipMalloc 0.03 GB inside the phase (free 0.08 GB in 7 extents, largest 0.02; live 0.11 GB in 25 blocks)
dbig pool: APU2 hipMalloc 0.03 GB inside the phase (free 0.07 GB in 7 extents, largest 0.02; live 0.11 GB in 27 blocks)
dbig pool: APU3 hipMalloc 0.02 GB inside the phase (free 0.07 GB in 7 extents, largest 0.02; live 0.14 GB in 28 blocks)
dbig pool: APU3 hipMalloc 0.02 GB inside the phase (free 0.07 GB in 7 extents, largest 0.02; live 0.16 GB in 29 blocks)
dbig pool: APU3 hipMalloc 0.02 GB inside the phase (free 0.07 GB in 7 extents, largest 0.02; live 0.14 GB in 32 blocks)
dbig pool: APU3 hipMalloc 0.02 GB inside the phase (free 0.07 GB in 7 extents, largest 0.02; live 0.16 GB in 33 blocks)
dbig pool: APU2 hipMalloc 0.02 GB inside the phase (free 0.07 GB in 7 extents, largest 0.02; live 0.14 GB in 34 blocks)
dbig pool: APU2 hipMalloc 0.02 GB inside the phase (free 0.07 GB in 7 extents, largest 0.02; live 0.16 GB in 35 blocks)
dbig pool: APU0 hipMalloc 0.02 GB inside the phase (free 0.08 GB in 7 extents, largest 0.02; live 0.14 GB in 30 blocks)
dbig pool: APU0 hipMalloc 0.02 GB inside the phase (free 0.08 GB in 7 extents, largest 0.02; live 0.16 GB in 31 blocks)
dbig pool: APU1 hipMalloc 0.02 GB inside the phase (free 0.08 GB in 7 extents, largest 0.02; live 0.14 GB in 32 blocks)
dbig pool: APU1 hipMalloc 0.02 GB inside the phase (free 0.08 GB in 7 extents, largest 0.02; live 0.16 GB in 33 blocks)
dbig pool: APU2 hipMalloc 0.02 GB inside the phase (free 0.07 GB in 7 extents, largest 0.02; live 0.14 GB in 34 blocks)
dbig pool: APU2 hipMalloc 0.02 GB inside the phase (free 0.07 GB in 7 extents, largest 0.02; live 0.16 GB in 35 blocks)
dbig pool: APU2 hipMalloc 0.04 GB inside the phase (free 0.11 GB in 9 extents, largest 0.02; live 0.14 GB in 31 blocks)
dbig pool: APU1 hipMalloc 0.04 GB inside the phase (free 0.11 GB in 9 extents, largest 0.02; live 0.14 GB in 30 blocks)
dbig pool: APU2 hipMalloc 0.04 GB inside the phase (free 0.11 GB in 9 extents, largest 0.02; live 0.14 GB in 30 blocks)
dbig pool: APU1 hipMalloc 0.04 GB inside the phase (free 0.12 GB in 9 extents, largest 0.02; live 0.14 GB in 30 blocks)
dbig pool: APU0 hipMalloc 0.04 GB inside the phase (free 0.11 GB in 9 extents, largest 0.02; live 0.14 GB in 31 blocks)
dbig pool: APU3 hipMalloc 0.04 GB inside the phase (free 0.11 GB in 9 extents, largest 0.02; live 0.14 GB in 31 blocks)
dbig pool: APU0 hipMalloc 0.04 GB inside the phase (free 0.12 GB in 9 extents, largest 0.02; live 0.14 GB in 30 blocks)
dbig pool: APU3 hipMalloc 0.04 GB inside the phase (free 0.11 GB in 9 extents, largest 0.02; live 0.14 GB in 31 blocks)
dist_mn node 0: 2^25 = 2^12 x 2^13 over 2 x 4 ranks, 4 primes, P24 (rows 512..512; 20132659 + 16777216 limbs at 0, window [0, 18454937) of share [0, 18454937)): redistribute 0.139 ntt 0.512 crt 0.012 out 0.146 spills+carry 0.005 total 0.854 s
dist_mn node 0: 20132659 x 16777216 limbs over 2 x 4 ranks (cap 2^25 points, P24): 1 x 1 pieces, 1 formed, 0 skipped (cache 0 slots: 0 hits, 0 misses)
dist_mn node 1: 2^25 = 2^12 x 2^13 over 2 x 4 ranks, 4 primes, P24 (rows 512..512; 20132659 + 16777216 limbs at 0, window [18454937, 36909875) of share [18454937, 36909875)): redistribute 0.165 ntt 0.504 crt 0.004 out 0.163 spills+carry 0.005 total 0.920 s
dist_mn node 1: 20132659 x 16777216 limbs over 2 x 4 ranks (cap 2^25 points, P24): 1 x 1 pieces, 1 formed, 0 skipped (cache 0 slots: 0 hits, 0 misses)
dist_mn node 0: 20132659 + 16777216 limbs -> 36909875 (share 18454937): redistribute 0.139 ntt 0.512 crt 0.012 out 0.146 spills+carry 0.005, total 0.868 s
dist_mn node 1: 20132659 + 16777216 limbs -> 36909875 (share 18454938): redistribute 0.165 ntt 0.504 crt 0.004 out 0.163 spills+carry 0.005, total 0.934 s
mdev 3*2^24 (36909875 limbs): repack 0.030 h2d 0.001 fwd 0.011 inv 0.006 d2h 0.041 crt 0.005 total 0.086 s
mdev 3*2^24 (36909875 limbs): repack 0.036 h2d 0.001 fwd 0.010 inv 0.005 d2h 0.042 crt 0.007 total 0.094 s
   2 pieces 20132659 x 16777216: 1.02 s
dbig pool: APU0 hipMalloc 0.04 GB inside the phase (free 0.14 GB in 10 extents, largest 0.02; live 0.16 GB in 30 blocks)
dbig pool: APU0 hipMalloc 0.04 GB inside the phase (free 0.13 GB in 10 extents, largest 0.02; live 0.16 GB in 30 blocks)
dbig pool: APU2 hipMalloc 0.04 GB inside the phase (free 0.13 GB in 10 extents, largest 0.02; live 0.16 GB in 30 blocks)
dbig pool: APU2 hipMalloc 0.04 GB inside the phase (free 0.13 GB in 10 extents, largest 0.02; live 0.16 GB in 31 blocks)
dbig pool: APU1 hipMalloc 0.04 GB inside the phase (free 0.13 GB in 10 extents, largest 0.02; live 0.16 GB in 31 blocks)
dbig pool: APU1 hipMalloc 0.04 GB inside the phase (free 0.14 GB in 10 extents, largest 0.02; live 0.16 GB in 31 blocks)
dbig pool: APU3 hipMalloc 0.04 GB inside the phase (free 0.13 GB in 10 extents, largest 0.02; live 0.16 GB in 31 blocks)
dbig pool: APU3 hipMalloc 0.04 GB inside the phase (free 0.13 GB in 10 extents, largest 0.02; live 0.16 GB in 31 blocks)
dist_mn node 0: 2^25 = 2^12 x 2^13 over 2 x 4 ranks, 4 primes, P24 (rows 512..512; 20132659 + 16777216 limbs at 0, window [0, 18454938) of share [0, 18454938)): redistribute 0.098 ntt 0.563 crt 0.003 out 0.036 spills+carry 0.001 total 0.634 s
dist_mn node 1: 2^25 = 2^12 x 2^13 over 2 x 4 ranks, 4 primes, P24 (rows 512..512; 20132659 + 16777216 limbs at 0, window [18454938, 36909875) of share [18454938, 36909876)): redistribute 0.102 ntt 0.565 crt 0.001 out 0.035 spills+carry 0.001 total 0.644 s
dbig pool: APU0 hipMalloc 0.03 GB inside the phase (free 0.15 GB in 12 extents, largest 0.02; live 0.19 GB in 25 blocks)
dbig pool: APU1 hipMalloc 0.03 GB inside the phase (free 0.15 GB in 12 extents, largest 0.02; live 0.19 GB in 31 blocks)
mdb_add_shifted node 0: 16777213 limbs at 0 into a basis of 36909876 (my window [0, 16777213), 1 rounds of 4194304; slabs 4194303 + 4194303 limbs per APU 0): 0.032 s
dist_mn node 0: 20132659 x 16777216 limbs over 2 x 4 ranks (cap 2^25 points, P24): 1 x 1 pieces, 1 formed, 0 skipped (cache 0 slots: 0 hits, 0 misses)
mdb_add_shifted node 1: 16777213 limbs at 0 into a basis of 36909876 (my window [18454938, 18454938), 1 rounds of 4194304; slabs 0 + 0 limbs per APU 0): 0.031 s
dist_mn node 1: 20132659 x 16777216 limbs over 2 x 4 ranks (cap 2^25 points, P24): 1 x 1 pieces, 1 formed, 0 skipped (cache 0 slots: 0 hits, 0 misses)
dist_mn node 0: 20132659 + 16777216 + x limbs -> 36909875 (share 18454938): redistribute 0.098 ntt 0.563 crt 0.003 out 0.036 spills+carry 0.001, total 0.667 s
dist_mn node 1: 20132659 + 16777216 + x limbs -> 36909875 (share 18454938): redistribute 0.102 ntt 0.565 crt 0.001 out 0.035 spills+carry 0.001, total 0.677 s
dist_mn node 0: 2^25 = 2^12 x 2^13 over 2 x 4 ranks, 4 primes, P24 (rows 512..512; 20132659 + 16777216 limbs at 0, window [0, 10066330) of share [0, 10066330)): redistribute 0.031 ntt 0.474 crt 0.001 out 0.017 spills+carry 0.001 total 0.524 s
dist_mn node 0: 20132659 x 16777216 limbs over 2 x 4 ranks (cap 2^25 points, P24): 1 x 1 pieces, 1 formed, 0 skipped (low product) (cache 0 slots: 0 hits, 0 misses)
dist_mn node 1: 2^25 = 2^12 x 2^13 over 2 x 4 ranks, 4 primes, P24 (rows 512..512; 20132659 + 16777216 limbs at 0, window [10066330, 20132661) of share [10066330, 20132661)): redistribute 0.032 ntt 0.469 crt 0.001 out 0.022 spills+carry 0.001 total 0.523 s
dist_mn node 1: 20132659 x 16777216 limbs over 2 x 4 ranks (cap 2^25 points, P24): 1 x 1 pieces, 1 formed, 0 skipped (low product) (cache 0 slots: 0 hits, 0 misses)
dist_mn node 0: 20132659 + 16777216 limbs -> 20132661 (share 10066330): redistribute 0.031 ntt 0.474 crt 0.001 out 0.017 spills+carry 0.001, total 0.524 s
dist_mn node 1: 20132659 + 16777216 limbs -> 20132661 (share 10066331): redistribute 0.032 ntt 0.469 crt 0.001 out 0.022 spills+carry 0.001, total 0.524 s
dist_mn node 0: 2^24 = 2^12 x 2^12 over 2 x 4 ranks, 4 primes, P24 (rows 512..512; 10066330 + 10066330 limbs at 0, window [0, 5033165) of share [0, 5033165)): redistribute 0.041 ntt 0.309 crt 0.001 out 0.014 spills+carry 0.000 total 0.396 s
dist_mn node 0: 10066330 x 10066330 limbs over 2 x 4 ranks (cap 2^25 points, P24): 1 x 1 pieces, 1 formed, 0 skipped (low product) (cache 0 slots: 0 hits, 0 misses)
dist_mn node 1: 2^24 = 2^12 x 2^12 over 2 x 4 ranks, 4 primes, P24 (rows 512..512; 10066330 + 10066330 limbs at 0, window [5033165, 10066330) of share [5033165, 10066330)): redistribute 0.023 ntt 0.310 crt 0.001 out 0.010 spills+carry 0.000 total 0.393 s
dist_mn node 1: 10066330 x 10066330 limbs over 2 x 4 ranks (cap 2^25 points, P24): 1 x 1 pieces, 1 formed, 0 skipped (low product) (cache 0 slots: 0 hits, 0 misses)
dist_mn node 0: 10066330 + 10066330 limbs -> 10066330 (share 5033165): redistribute 0.041 ntt 0.309 crt 0.001 out 0.014 spills+carry 0.000, total 0.396 s
dist_mn node 1: 10066330 + 10066330 limbs -> 10066330 (share 5033165): redistribute 0.023 ntt 0.310 crt 0.001 out 0.010 spills+carry 0.000, total 0.393 s
dist_mn node 0: 2^25 = 2^12 x 2^13 over 2 x 4 ranks, 4 primes, P24 (rows 512..512; 20132659 + 16777216 limbs at 0, window [0, 18454937) of share [0, 18454937)): redistribute 0.043 ntt 0.471 crt 0.001 out 0.036 spills+carry 0.001 total 0.607 s
dist_mn node 0: 20132659 x 16777216 limbs over 2 x 4 ranks (cap 2^25 points, P24): 1 x 1 pieces, 1 formed, 0 skipped (low product) (cache 0 slots: 0 hits, 0 misses)
dist_mn node 1: 2^25 = 2^12 x 2^13 over 2 x 4 ranks, 4 primes, P24 (rows 512..512; 20132659 + 16777216 limbs at 0, window [18454937, 36909874) of share [18454937, 36909874)): redistribute 0.058 ntt 0.474 crt 0.001 out 0.035 spills+carry 0.001 total 0.607 s
dist_mn node 1: 20132659 x 16777216 limbs over 2 x 4 ranks (cap 2^25 points, P24): 1 x 1 pieces, 1 formed, 0 skipped (low product) (cache 0 slots: 0 hits, 0 misses)
dist_mn node 0: 20132659 + 16777216 limbs -> 36909874 (share 18454937): redistribute 0.043 ntt 0.471 crt 0.001 out 0.036 spills+carry 0.001, total 0.607 s
dist_mn node 1: 20132659 + 16777216 limbs -> 36909874 (share 18454937): redistribute 0.058 ntt 0.474 crt 0.001 out 0.035 spills+carry 0.001, total 0.607 s
dist_mn node 0: 2^25 = 2^12 x 2^13 over 2 x 4 ranks, 4 primes, P24 (rows 512..512; 20132659 + 16777216 limbs at 0, window [0, 18454937) of share [0, 18454937)): redistribute 0.049 ntt 0.488 crt 0.001 out 0.031 spills+carry 0.001 total 0.554 s
dist_mn node 0: 20132659 x 16777216 limbs over 2 x 4 ranks (cap 2^25 points, P24): 1 x 1 pieces, 1 formed, 0 skipped (low cut) (cache 0 slots: 0 hits, 0 misses)
dist_mn node 1: 2^25 = 2^12 x 2^13 over 2 x 4 ranks, 4 primes, P24 (rows 512..512; 20132659 + 16777216 limbs at 0, window [18454937, 36909875) of share [18454937, 36909875)): redistribute 0.060 ntt 0.490 crt 0.001 out 0.030 spills+carry 0.001 total 0.558 s
dist_mn node 1: 20132659 x 16777216 limbs over 2 x 4 ranks (cap 2^25 points, P24): 1 x 1 pieces, 1 formed, 0 skipped (low cut) (cache 0 slots: 0 hits, 0 misses)
dist_mn node 0: 20132659 + 16777216 limbs -> 36909875 (share 18454937): redistribute 0.049 ntt 0.488 crt 0.001 out 0.031 spills+carry 0.001, total 0.558 s
dist_mn node 1: 20132659 + 16777216 limbs -> 36909875 (share 18454938): redistribute 0.060 ntt 0.490 crt 0.001 out 0.030 spills+carry 0.001, total 0.559 s
dist_mn node 0: 2^25 = 2^12 x 2^13 over 2 x 4 ranks, 4 primes, P24 (rows 512..512; 20132659 + 16777216 limbs at 0, window [0, 18454937) of share [0, 18454937)): redistribute 0.051 ntt 0.480 crt 0.001 out 0.029 spills+carry 0.001 total 0.539 s
dist_mn node 0: 20132659 x 16777216 limbs over 2 x 4 ranks (cap 2^25 points, P24): 1 x 1 pieces, 1 formed, 0 skipped (low product) (low cut) (cache 0 slots: 0 hits, 0 misses)
dist_mn node 1: 2^25 = 2^12 x 2^13 over 2 x 4 ranks, 4 primes, P24 (rows 512..512; 20132659 + 16777216 limbs at 0, window [18454937, 36909874) of share [18454937, 36909874)): redistribute 0.050 ntt 0.481 crt 0.001 out 0.030 spills+carry 0.001 total 0.540 s
dist_mn node 1: 20132659 x 16777216 limbs over 2 x 4 ranks (cap 2^25 points, P24): 1 x 1 pieces, 1 formed, 0 skipped (low product) (low cut) (cache 0 slots: 0 hits, 0 misses)
dist_mn node 0: 20132659 + 16777216 limbs -> 36909874 (share 18454937): redistribute 0.051 ntt 0.480 crt 0.001 out 0.029 spills+carry 0.001, total 0.540 s
dist_mn node 1: 20132659 + 16777216 limbs -> 36909874 (share 18454937): redistribute 0.050 ntt 0.481 crt 0.001 out 0.030 spills+carry 0.001, total 0.540 s
dist_mn node 0: 2^25 = 2^12 x 2^13 over 2 x 4 ranks, 4 primes, P24 (rows 512..512; 20132659 + 16777216 limbs at 0, window [0, 18454937) of share [0, 18454937)): redistribute 0.039 ntt 0.394 crt 0.001 out 0.034 spills+carry 0.001 total 0.465 s
dist_mn node 0: 20132659 x 16777216 limbs over 2 x 4 ranks (cap 2^25 points, P24): 1 x 1 pieces, 1 formed, 0 skipped (low cut) (cache 0 slots: 0 hits, 0 misses)
dist_mn node 1: 2^25 = 2^12 x 2^13 over 2 x 4 ranks, 4 primes, P24 (rows 512..512; 20132659 + 16777216 limbs at 0, window [18454937, 36909875) of share [18454937, 36909875)): redistribute 0.038 ntt 0.392 crt 0.001 out 0.039 spills+carry 0.001 total 0.465 s
dist_mn node 1: 20132659 x 16777216 limbs over 2 x 4 ranks (cap 2^25 points, P24): 1 x 1 pieces, 1 formed, 0 skipped (low cut) (cache 0 slots: 0 hits, 0 misses)
dist_mn node 0: 20132659 + 16777216 limbs -> 36909875 (share 18454937): redistribute 0.039 ntt 0.394 crt 0.001 out 0.034 spills+carry 0.001, total 0.465 s
dist_mn node 1: 20132659 + 16777216 limbs -> 36909875 (share 18454938): redistribute 0.038 ntt 0.392 crt 0.001 out 0.039 spills+carry 0.001, total 0.465 s
dist_mn node 0: 2^25 = 2^12 x 2^13 over 2 x 4 ranks, 4 primes, P24 (rows 512..512; 20132659 + 16777216 limbs at 0, window [0, 18454937) of share [0, 18454937)): redistribute 0.042 ntt 0.491 crt 0.001 out 0.027 spills+carry 0.001 total 0.547 s
dist_mn node 0: 20132659 x 16777216 limbs over 2 x 4 ranks (cap 2^25 points, P24): 1 x 1 pieces, 1 formed, 0 skipped (low product) (low cut) (cache 0 slots: 0 hits, 0 misses)
dist_mn node 1: 2^25 = 2^12 x 2^13 over 2 x 4 ranks, 4 primes, P24 (rows 512..512; 20132659 + 16777216 limbs at 0, window [18454937, 36909874) of share [18454937, 36909874)): redistribute 0.039 ntt 0.481 crt 0.001 out 0.030 spills+carry 0.001 total 0.548 s
dist_mn node 1: 20132659 x 16777216 limbs over 2 x 4 ranks (cap 2^25 points, P24): 1 x 1 pieces, 1 formed, 0 skipped (low product) (low cut) (cache 0 slots: 0 hits, 0 misses)
dist_mn node 1: 20132659 + 16777216 limbs -> 36909874 (share 18454937): redistribute 0.039 ntt 0.481 crt 0.001 out 0.030 spills+carry 0.001, total 0.549 s
dist_mn node 0: 20132659 + 16777216 limbs -> 36909874 (share 18454937): redistribute 0.042 ntt 0.491 crt 0.001 out 0.027 spills+carry 0.001, total 0.549 s
dist_mn node 0: 20132659 x 16777216 limbs over 2 x 4 ranks (cap 2^25 points, P24): 1 x 1 pieces, 0 formed, 1 skipped (low cut) (cache 0 slots: 0 hits, 0 misses)
dist_mn node 1: 20132659 x 16777216 limbs over 2 x 4 ranks (cap 2^25 points, P24): 1 x 1 pieces, 0 formed, 1 skipped (low cut) (cache 0 slots: 0 hits, 0 misses)
dist_mn node 0: 20132659 + 16777216 limbs -> 0 (share 18454937): redistribute 0.000 ntt 0.000 crt 0.000 out 0.000 spills+carry 0.000, total 0.001 s
dist_mn node 1: 20132659 + 16777216 limbs -> 0 (share 18454938): redistribute 0.000 ntt 0.000 crt 0.000 out 0.000 spills+carry 0.000, total 0.002 s
mdev 3*2^24 (36909875 limbs): repack 0.031 h2d 0.001 fwd 0.007 inv 0.003 d2h 0.016 crt 0.006 total 0.061 s
mdev 3*2^24 (36909875 limbs): repack 0.029 h2d 0.001 fwd 0.005 inv 0.005 d2h 0.026 crt 0.004 total 0.071 s
dist_mn node 1: 20132659 x 16777216 limbs over 2 x 4 ranks (cap 2^25 points, P24): 1 x 1 pieces, 0 formed, 1 skipped (low product) (low cut) (cache 0 slots: 0 hits, 0 misses)
dist_mn node 0: 20132659 x 16777216 limbs over 2 x 4 ranks (cap 2^25 points, P24): 1 x 1 pieces, 0 formed, 1 skipped (low product) (low cut) (cache 0 slots: 0 hits, 0 misses)
dist_mn node 1: 20132659 + 16777216 limbs -> 0 (share 18454937): redistribute 0.000 ntt 0.000 crt 0.000 out 0.000 spills+carry 0.000, total 0.001 s
dist_mn node 0: 20132659 + 16777216 limbs -> 0 (share 18454937): redistribute 0.000 ntt 0.000 crt 0.000 out 0.000 spills+carry 0.000, total 0.001 s
mdev 3*2^24 (36909875 limbs): repack 0.033 h2d 0.001 fwd 0.005 inv 0.003 d2h 0.037 crt 0.011 total 0.084 s
mdev 3*2^24 (36909875 limbs): repack 0.047 h2d 0.001 fwd 0.005 inv 0.003 d2h 0.050 crt 0.003 total 0.108 s
dist_mn node 0: 2^25 = 2^12 x 2^13 over 2 x 4 ranks, 4 primes, P24 (rows 512..512; 20132659 + 16777216 limbs at 0, window [0, 18454937) of share [0, 18454937)): redistribute 0.038 ntt 0.445 crt 0.001 out 0.035 spills+carry 0.001 total 0.519 s
dist_mn node 0: 20132659 x 16777216 limbs over 2 x 4 ranks (cap 2^25 points, P24): 1 x 1 pieces, 1 formed, 0 skipped (cache 0 slots: 0 hits, 0 misses)
dist_mn node 1: 2^25 = 2^12 x 2^13 over 2 x 4 ranks, 4 primes, P24 (rows 512..512; 20132659 + 16777216 limbs at 0, window [18454937, 36909875) of share [18454937, 36909875)): redistribute 0.022 ntt 0.450 crt 0.001 out 0.028 spills+carry 0.001 total 0.502 s
dist_mn node 1: 20132659 x 16777216 limbs over 2 x 4 ranks (cap 2^25 points, P24): 1 x 1 pieces, 1 formed, 0 skipped (cache 0 slots: 0 hits, 0 misses)
dist_mn node 0: 20132659 + 16777216 limbs -> 36909875 (share 18454937): redistribute 0.038 ntt 0.445 crt 0.001 out 0.035 spills+carry 0.001, total 0.520 s
dist_mn node 1: 20132659 + 16777216 limbs -> 36909875 (share 18454938): redistribute 0.022 ntt 0.450 crt 0.001 out 0.028 spills+carry 0.001, total 0.503 s
dist_mn node 0: 2^25 = 2^12 x 2^13 over 2 x 4 ranks, 4 primes, P24 (rows 512..512; 20132659 + 16777216 limbs at 0, window [0, 18454937) of share [0, 18454937)): redistribute 0.038 ntt 0.426 crt 0.001 out 0.036 spills+carry 0.001 total 0.487 s
dist_mn node 0: 20132659 x 16777216 limbs over 2 x 4 ranks (cap 2^25 points, P24): 1 x 1 pieces, 1 formed, 0 skipped (low product) (cache 0 slots: 0 hits, 0 misses)
dist_mn node 1: 2^25 = 2^12 x 2^13 over 2 x 4 ranks, 4 primes, P24 (rows 512..512; 20132659 + 16777216 limbs at 0, window [18454937, 36909874) of share [18454937, 36909874)): redistribute 0.037 ntt 0.428 crt 0.001 out 0.031 spills+carry 0.001 total 0.487 s
dist_mn node 1: 20132659 x 16777216 limbs over 2 x 4 ranks (cap 2^25 points, P24): 1 x 1 pieces, 1 formed, 0 skipped (low product) (cache 0 slots: 0 hits, 0 misses)
dist_mn node 0: 20132659 + 16777216 limbs -> 36909874 (share 18454937): redistribute 0.038 ntt 0.426 crt 0.001 out 0.036 spills+carry 0.001, total 0.487 s
dist_mn node 1: 20132659 + 16777216 limbs -> 36909874 (share 18454937): redistribute 0.037 ntt 0.428 crt 0.001 out 0.031 spills+carry 0.001, total 0.487 s
dist_mn node 0: 2^25 = 2^12 x 2^13 over 2 x 4 ranks, 4 primes, P24 (rows 512..512; 10066329 + 16777209 limbs at 0, window [0, 13421769) of share [0, 13421769)): redistribute 0.038 ntt 0.489 crt 0.001 out 0.023 spills+carry 0.001 total 0.542 s
dist_mn node 0: 10066329 x 16777209 limbs over 2 x 4 ranks (cap 2^25 points, P24): 1 x 1 pieces, 1 formed, 0 skipped (cache 0 slots: 0 hits, 0 misses)
dist_mn node 1: 2^25 = 2^12 x 2^13 over 2 x 4 ranks, 4 primes, P24 (rows 512..512; 10066329 + 16777209 limbs at 0, window [13421769, 26843538) of share [13421769, 26843538)): redistribute 0.042 ntt 0.487 crt 0.001 out 0.025 spills+carry 0.001 total 0.542 s
dist_mn node 1: 10066329 x 16777209 limbs over 2 x 4 ranks (cap 2^25 points, P24): 1 x 1 pieces, 1 formed, 0 skipped (cache 0 slots: 0 hits, 0 misses)
dist_mn node 0: 10066329 + 16777209 limbs -> 26843538 (share 13421769): redistribute 0.038 ntt 0.489 crt 0.001 out 0.023 spills+carry 0.001, total 0.542 s
dist_mn node 1: 10066329 + 16777209 limbs -> 26843538 (share 13421769): redistribute 0.042 ntt 0.487 crt 0.001 out 0.025 spills+carry 0.001, total 0.542 s
mdev 2^25 (26843538 limbs): repack 0.023 h2d 0.000 fwd 0.004 inv 0.002 d2h 0.030 crt 0.009 total 0.063 s
mdev 2^25 (26843538 limbs): repack 0.028 h2d 0.001 fwd 0.007 inv 0.002 d2h 0.042 crt 0.002 total 0.078 s
dist_mn node 0: 2^25 = 2^12 x 2^13 over 2 x 4 ranks, 4 primes, P24 (rows 512..512; 10066329 + 16777209 limbs at 0, window [0, 5033166) of share [0, 5033166)): redistribute 0.036 ntt 0.512 crt 0.001 out 0.016 spills+carry 0.000 total 0.553 s
dist_mn node 0: 10066329 x 16777209 limbs over 2 x 4 ranks (cap 2^25 points, P24): 1 x 1 pieces, 1 formed, 0 skipped (low product) (cache 0 slots: 0 hits, 0 misses)
dist_mn node 1: 2^25 = 2^12 x 2^13 over 2 x 4 ranks, 4 primes, P24 (rows 512..512; 10066329 + 16777209 limbs at 0, window [5033166, 10066332) of share [5033166, 10066332)): redistribute 0.044 ntt 0.513 crt 0.001 out 0.013 spills+carry 0.000 total 0.557 s
dist_mn node 1: 10066329 x 16777209 limbs over 2 x 4 ranks (cap 2^25 points, P24): 1 x 1 pieces, 1 formed, 0 skipped (low product) (cache 0 slots: 0 hits, 0 misses)
dist_mn node 0: 10066329 + 16777209 limbs -> 10066332 (share 5033166): redistribute 0.036 ntt 0.512 crt 0.001 out 0.016 spills+carry 0.000, total 0.555 s
dist_mn node 1: 10066329 + 16777209 limbs -> 10066332 (share 5033166): redistribute 0.044 ntt 0.513 crt 0.001 out 0.013 spills+carry 0.000, total 0.560 s
dist_mn node 0: 2^25 = 2^12 x 2^13 over 2 x 4 ranks, 4 primes, P24 (rows 512..512; 20132659 + 16777216 limbs at 0, window [0, 18454938) of share [0, 18454938)): redistribute 0.048 ntt 0.494 crt 0.001 out 0.023 spills+carry 0.001 total 0.555 s
dist_mn node 1: 2^25 = 2^12 x 2^13 over 2 x 4 ranks, 4 primes, P24 (rows 512..512; 20132659 + 16777216 limbs at 0, window [18454938, 36909875) of share [18454938, 36909876)): redistribute 0.049 ntt 0.494 crt 0.001 out 0.022 spills+carry 0.001 total 0.548 s
mdb_add_shifted node 0: 16777213 limbs at 0 into a basis of 36909876 (my window [0, 16777213), 1 rounds of 4194304; slabs 4194303 + 4194303 limbs per APU 0): 0.031 s
dist_mn node 0: 20132659 x 16777216 limbs over 2 x 4 ranks (cap 2^25 points, P24): 1 x 1 pieces, 1 formed, 0 skipped (cache 0 slots: 0 hits, 0 misses)
mdb_add_shifted node 1: 16777213 limbs at 0 into a basis of 36909876 (my window [18454938, 18454938), 1 rounds of 4194304; slabs 0 + 0 limbs per APU 0): 0.031 s
dist_mn node 1: 20132659 x 16777216 limbs over 2 x 4 ranks (cap 2^25 points, P24): 1 x 1 pieces, 1 formed, 0 skipped (cache 0 slots: 0 hits, 0 misses)
dist_mn node 0: 20132659 + 16777216 + x limbs -> 36909875 (share 18454938): redistribute 0.048 ntt 0.494 crt 0.001 out 0.023 spills+carry 0.001, total 0.587 s
dist_mn node 1: 20132659 + 16777216 + x limbs -> 36909875 (share 18454938): redistribute 0.049 ntt 0.494 crt 0.001 out 0.022 spills+carry 0.001, total 0.580 s
mdb_add_shifted node 0: 16777213 limbs at 0 into a basis of 36909876 (my window [0, 16777213), 1 rounds of 4194304; slabs 4194303 + 4194303 limbs per APU 0): 0.050 s
mdb_add_shifted node 1: 16777213 limbs at 0 into a basis of 36909876 (my window [18454938, 18454938), 1 rounds of 4194304; slabs 0 + 0 limbs per APU 0): 0.042 s
mdb_add_shifted node 1: 16777213 limbs at 7 into a basis of 36909876 (my window [18454938, 18454938), 1 rounds of 4194304; slabs 0 + 0 limbs per APU 0): 0.059 s
mdb_add_shifted node 0: 16777213 limbs at 7 into a basis of 36909876 (my window [7, 16777220), 1 rounds of 4194304; slabs 4194303 + 4194303 limbs per APU 0): 0.078 s
mdb_add_shifted node 0: 16777213 limbs at 10066329 into a basis of 36909876 (my window [10066329, 18454938), 1 rounds of 2097168; slabs 2097152 + 2097152 limbs per APU 0): 0.018 s
mdb_add_shifted node 1: 16777213 limbs at 10066329 into a basis of 36909876 (my window [18454938, 26843542), 1 rounds of 2097168; slabs 2097151 + 2097151 limbs per APU 0): 0.054 s
mdb_add_shifted node 0: 16777213 limbs at 20132659 into a basis of 36909876 (my window [20132659, 20132659), 1 rounds of 4194304; slabs 4194303 + 0 limbs per APU 0): 0.041 s
mdb_add_shifted node 1: 16777213 limbs at 20132659 into a basis of 36909876 (my window [20132659, 36909872), 1 rounds of 4194304; slabs 0 + 4194303 limbs per APU 0): 0.053 s
dist_mn node 0: 2^25 = 2^12 x 2^13 over 2 x 4 ranks, 4 primes, P24 (rows 512..512; 20132659 + 16777216 limbs at 0, window [0, 18454937) of share [0, 18454937)): redistribute 0.055 ntt 0.528 crt 0.001 out 0.031 spills+carry 0.002 total 0.597 s
dist_mn node 0: 20132659 x 16777216 limbs over 2 x 4 ranks (cap 2^25 points, P24): 1 x 1 pieces, 1 formed, 0 skipped (cache 0 slots: 0 hits, 0 misses)
dist_mn node 1: 2^25 = 2^12 x 2^13 over 2 x 4 ranks, 4 primes, P24 (rows 512..512; 20132659 + 16777216 limbs at 0, window [18454937, 36909875) of share [18454937, 36909875)): redistribute 0.121 ntt 0.528 crt 0.001 out 0.033 spills+carry 0.002 total 0.656 s
dist_mn node 1: 20132659 x 16777216 limbs over 2 x 4 ranks (cap 2^25 points, P24): 1 x 1 pieces, 1 formed, 0 skipped (cache 0 slots: 0 hits, 0 misses)
dist_mn node 0: 20132659 + 16777216 limbs -> 36909875 (share 18454937): redistribute 0.055 ntt 0.528 crt 0.001 out 0.031 spills+carry 0.002, total 0.598 s
dist_mn node 1: 20132659 + 16777216 limbs -> 36909875 (share 18454938): redistribute 0.121 ntt 0.528 crt 0.001 out 0.033 spills+carry 0.002, total 0.657 s
mdev 3*2^24 (36909875 limbs): repack 0.041 h2d 0.001 fwd 0.006 inv 0.005 d2h 0.029 crt 0.036 total 0.082 s
mdev 3*2^24 (36909875 limbs): repack 0.034 h2d 0.001 fwd 0.008 inv 0.004 d2h 0.048 crt 0.040 total 0.095 s
dist_mn node 0: 2^25 = 2^12 x 2^13 over 2 x 4 ranks, 4 primes, P24 (rows 512..512; 20132659 + 16777216 limbs at 0, window [0, 18454938) of share [0, 18454938)): redistribute 0.082 ntt 0.477 crt 0.001 out 0.027 spills+carry 0.002 total 0.574 s
dist_mn node 1: 2^25 = 2^12 x 2^13 over 2 x 4 ranks, 4 primes, P24 (rows 512..512; 20132659 + 16777216 limbs at 0, window [18454938, 36909875) of share [18454938, 36909876)): redistribute 0.042 ntt 0.478 crt 0.001 out 0.025 spills+carry 0.002 total 0.533 s
mdb_add_shifted node 0: 16777213 limbs at 0 into a basis of 36909876 (my window [0, 16777213), 1 rounds of 4194304; slabs 4194303 + 4194303 limbs per APU 0): 0.029 s
dist_mn node 0: 20132659 x 16777216 limbs over 2 x 4 ranks (cap 2^25 points, P24): 1 x 1 pieces, 1 formed, 0 skipped (cache 0 slots: 0 hits, 0 misses)
mdb_add_shifted node 1: 16777213 limbs at 0 into a basis of 36909876 (my window [18454938, 18454938), 1 rounds of 4194304; slabs 0 + 0 limbs per APU 0): 0.029 s
dist_mn node 1: 20132659 x 16777216 limbs over 2 x 4 ranks (cap 2^25 points, P24): 1 x 1 pieces, 1 formed, 0 skipped (cache 0 slots: 0 hits, 0 misses)
dist_mn node 0: 20132659 + 16777216 + x limbs -> 36909875 (share 18454938): redistribute 0.082 ntt 0.477 crt 0.001 out 0.027 spills+carry 0.002, total 0.604 s
dist_mn node 1: 20132659 + 16777216 + x limbs -> 36909875 (share 18454938): redistribute 0.042 ntt 0.478 crt 0.001 out 0.025 spills+carry 0.002, total 0.563 s
dist_mn node 0: 2^25 = 2^12 x 2^13 over 2 x 4 ranks, 4 primes, P24 (rows 512..512; 20132659 + 16777216 limbs at 0, window [0, 10066330) of share [0, 10066330)): redistribute 0.045 ntt 0.486 crt 0.001 out 0.019 spills+carry 0.003 total 0.548 s
dist_mn node 0: 20132659 x 16777216 limbs over 2 x 4 ranks (cap 2^25 points, P24): 1 x 1 pieces, 1 formed, 0 skipped (low product) (cache 0 slots: 0 hits, 0 misses)
dist_mn node 1: 2^25 = 2^12 x 2^13 over 2 x 4 ranks, 4 primes, P24 (rows 512..512; 20132659 + 16777216 limbs at 0, window [10066330, 20132661) of share [10066330, 20132661)): redistribute 0.058 ntt 0.486 crt 0.001 out 0.020 spills+carry 0.003 total 0.548 s
dist_mn node 1: 20132659 x 16777216 limbs over 2 x 4 ranks (cap 2^25 points, P24): 1 x 1 pieces, 1 formed, 0 skipped (low product) (cache 0 slots: 0 hits, 0 misses)
dist_mn node 0: 20132659 + 16777216 limbs -> 20132661 (share 10066330): redistribute 0.045 ntt 0.486 crt 0.001 out 0.019 spills+carry 0.003, total 0.548 s
dist_mn node 1: 20132659 + 16777216 limbs -> 20132661 (share 10066331): redistribute 0.058 ntt 0.486 crt 0.001 out 0.020 spills+carry 0.003, total 0.549 s
dist_mn node 0: 2^24 = 2^12 x 2^12 over 2 x 4 ranks, 4 primes, P24 (rows 512..512; 10066330 + 10066330 limbs at 0, window [0, 5033165) of share [0, 5033165)): redistribute 0.083 ntt 0.248 crt 0.000 out 0.013 spills+carry 0.003 total 0.383 s
dist_mn node 0: 10066330 x 10066330 limbs over 2 x 4 ranks (cap 2^25 points, P24): 1 x 1 pieces, 1 formed, 0 skipped (low product) (cache 0 slots: 0 hits, 0 misses)
dist_mn node 1: 2^24 = 2^12 x 2^12 over 2 x 4 ranks, 4 primes, P24 (rows 512..512; 10066330 + 10066330 limbs at 0, window [5033165, 10066330) of share [5033165, 10066330)): redistribute 0.029 ntt 0.249 crt 0.000 out 0.010 spills+carry 0.003 total 0.380 s
dist_mn node 1: 10066330 x 10066330 limbs over 2 x 4 ranks (cap 2^25 points, P24): 1 x 1 pieces, 1 formed, 0 skipped (low product) (cache 0 slots: 0 hits, 0 misses)
dist_mn node 0: 10066330 + 10066330 limbs -> 1 (share 5033165): redistribute 0.083 ntt 0.248 crt 0.000 out 0.013 spills+carry 0.003, total 0.384 s
dist_mn node 1: 10066330 + 10066330 limbs -> 1 (share 5033165): redistribute 0.029 ntt 0.249 crt 0.000 out 0.010 spills+carry 0.003, total 0.381 s
dist_mn node 0: 2^25 = 2^12 x 2^13 over 2 x 4 ranks, 4 primes, P24 (rows 512..512; 20132659 + 16777216 limbs at 0, window [0, 18454937) of share [0, 18454937)): redistribute 0.065 ntt 0.485 crt 0.001 out 0.029 spills+carry 0.002 total 0.620 s
dist_mn node 0: 20132659 x 16777216 limbs over 2 x 4 ranks (cap 2^25 points, P24): 1 x 1 pieces, 1 formed, 0 skipped (low product) (cache 0 slots: 0 hits, 0 misses)
dist_mn node 1: 2^25 = 2^12 x 2^13 over 2 x 4 ranks, 4 primes, P24 (rows 512..512; 20132659 + 16777216 limbs at 0, window [18454937, 36909874) of share [18454937, 36909874)): redistribute 0.070 ntt 0.477 crt 0.001 out 0.028 spills+carry 0.002 total 0.620 s
dist_mn node 1: 20132659 x 16777216 limbs over 2 x 4 ranks (cap 2^25 points, P24): 1 x 1 pieces, 1 formed, 0 skipped (low product) (cache 0 slots: 0 hits, 0 misses)
dist_mn node 0: 20132659 + 16777216 limbs -> 36909874 (share 18454937): redistribute 0.065 ntt 0.485 crt 0.001 out 0.029 spills+carry 0.002, total 0.621 s
dist_mn node 1: 20132659 + 16777216 limbs -> 36909874 (share 18454937): redistribute 0.070 ntt 0.477 crt 0.001 out 0.028 spills+carry 0.002, total 0.621 s
dist_mn node 0: 2^25 = 2^12 x 2^13 over 2 x 4 ranks, 4 primes, P24 (rows 512..512; 20132659 + 16777216 limbs at 0, window [0, 18454937) of share [0, 18454937)): redistribute 0.048 ntt 0.507 crt 0.002 out 0.041 spills+carry 0.002 total 0.592 s
dist_mn node 0: 20132659 x 16777216 limbs over 2 x 4 ranks (cap 2^25 points, P24): 1 x 1 pieces, 1 formed, 0 skipped (low cut) (cache 0 slots: 0 hits, 0 misses)
dist_mn node 1: 2^25 = 2^12 x 2^13 over 2 x 4 ranks, 4 primes, P24 (rows 512..512; 20132659 + 16777216 limbs at 0, window [18454937, 36909875) of share [18454937, 36909875)): redistribute 0.044 ntt 0.507 crt 0.002 out 0.040 spills+carry 0.002 total 0.593 s
dist_mn node 1: 20132659 x 16777216 limbs over 2 x 4 ranks (cap 2^25 points, P24): 1 x 1 pieces, 1 formed, 0 skipped (low cut) (cache 0 slots: 0 hits, 0 misses)
dist_mn node 0: 20132659 + 16777216 limbs -> 36909875 (share 18454937): redistribute 0.048 ntt 0.507 crt 0.002 out 0.041 spills+carry 0.002, total 0.594 s
dist_mn node 1: 20132659 + 16777216 limbs -> 36909875 (share 18454938): redistribute 0.044 ntt 0.507 crt 0.002 out 0.040 spills+carry 0.002, total 0.594 s
dist_mn node 0: 2^25 = 2^12 x 2^13 over 2 x 4 ranks, 4 primes, P24 (rows 512..512; 20132659 + 16777216 limbs at 0, window [0, 18454937) of share [0, 18454937)): redistribute 0.051 ntt 0.488 crt 0.001 out 0.037 spills+carry 0.002 total 0.572 s
dist_mn node 0: 20132659 x 16777216 limbs over 2 x 4 ranks (cap 2^25 points, P24): 1 x 1 pieces, 1 formed, 0 skipped (low product) (low cut) (cache 0 slots: 0 hits, 0 misses)
dist_mn node 1: 2^25 = 2^12 x 2^13 over 2 x 4 ranks, 4 primes, P24 (rows 512..512; 20132659 + 16777216 limbs at 0, window [18454937, 36909874) of share [18454937, 36909874)): redistribute 0.062 ntt 0.488 crt 0.001 out 0.032 spills+carry 0.002 total 0.573 s
dist_mn node 1: 20132659 x 16777216 limbs over 2 x 4 ranks (cap 2^25 points, P24): 1 x 1 pieces, 1 formed, 0 skipped (low product) (low cut) (cache 0 slots: 0 hits, 0 misses)
dist_mn node 0: 20132659 + 16777216 limbs -> 36909874 (share 18454937): redistribute 0.051 ntt 0.488 crt 0.001 out 0.037 spills+carry 0.002, total 0.574 s
dist_mn node 1: 20132659 + 16777216 limbs -> 36909874 (share 18454937): redistribute 0.062 ntt 0.488 crt 0.001 out 0.032 spills+carry 0.002, total 0.574 s
dist_mn node 0: 2^25 = 2^12 x 2^13 over 2 x 4 ranks, 4 primes, P24 (rows 512..512; 20132659 + 16777216 limbs at 0, window [0, 18454937) of share [0, 18454937)): redistribute 0.044 ntt 0.497 crt 0.001 out 0.037 spills+carry 0.002 total 0.579 s
dist_mn node 0: 20132659 x 16777216 limbs over 2 x 4 ranks (cap 2^25 points, P24): 1 x 1 pieces, 1 formed, 0 skipped (low cut) (cache 0 slots: 0 hits, 0 misses)
dist_mn node 1: 2^25 = 2^12 x 2^13 over 2 x 4 ranks, 4 primes, P24 (rows 512..512; 20132659 + 16777216 limbs at 0, window [18454937, 36909875) of share [18454937, 36909875)): redistribute 0.041 ntt 0.501 crt 0.001 out 0.033 spills+carry 0.002 total 0.578 s
dist_mn node 1: 20132659 x 16777216 limbs over 2 x 4 ranks (cap 2^25 points, P24): 1 x 1 pieces, 1 formed, 0 skipped (low cut) (cache 0 slots: 0 hits, 0 misses)
dist_mn node 0: 20132659 + 16777216 limbs -> 36909875 (share 18454937): redistribute 0.044 ntt 0.497 crt 0.001 out 0.037 spills+carry 0.002, total 0.579 s
dist_mn node 1: 20132659 + 16777216 limbs -> 36909875 (share 18454938): redistribute 0.041 ntt 0.501 crt 0.001 out 0.033 spills+carry 0.002, total 0.579 s
dist_mn node 0: 2^25 = 2^12 x 2^13 over 2 x 4 ranks, 4 primes, P24 (rows 512..512; 20132659 + 16777216 limbs at 0, window [0, 18454937) of share [0, 18454937)): redistribute 0.059 ntt 0.567 crt 0.001 out 0.038 spills+carry 0.002 total 0.641 s
dist_mn node 0: 20132659 x 16777216 limbs over 2 x 4 ranks (cap 2^25 points, P24): 1 x 1 pieces, 1 formed, 0 skipped (low product) (low cut) (cache 0 slots: 0 hits, 0 misses)
dist_mn node 1: 2^25 = 2^12 x 2^13 over 2 x 4 ranks, 4 primes, P24 (rows 512..512; 20132659 + 16777216 limbs at 0, window [18454937, 36909874) of share [18454937, 36909874)): redistribute 0.053 ntt 0.556 crt 0.001 out 0.035 spills+carry 0.002 total 0.641 s
dist_mn node 1: 20132659 x 16777216 limbs over 2 x 4 ranks (cap 2^25 points, P24): 1 x 1 pieces, 1 formed, 0 skipped (low product) (low cut) (cache 0 slots: 0 hits, 0 misses)
dist_mn node 0: 20132659 + 16777216 limbs -> 36909874 (share 18454937): redistribute 0.059 ntt 0.567 crt 0.001 out 0.038 spills+carry 0.002, total 0.641 s
dist_mn node 1: 20132659 + 16777216 limbs -> 36909874 (share 18454937): redistribute 0.053 ntt 0.556 crt 0.001 out 0.035 spills+carry 0.002, total 0.641 s
dist_mn node 0: 20132659 x 16777216 limbs over 2 x 4 ranks (cap 2^25 points, P24): 1 x 1 pieces, 0 formed, 1 skipped (low cut) (cache 0 slots: 0 hits, 0 misses)
dist_mn node 1: 20132659 x 16777216 limbs over 2 x 4 ranks (cap 2^25 points, P24): 1 x 1 pieces, 0 formed, 1 skipped (low cut) (cache 0 slots: 0 hits, 0 misses)
dist_mn node 0: 20132659 + 16777216 limbs -> 0 (share 18454937): redistribute 0.000 ntt 0.000 crt 0.000 out 0.000 spills+carry 0.000, total 0.001 s
dist_mn node 1: 20132659 + 16777216 limbs -> 0 (share 18454938): redistribute 0.000 ntt 0.000 crt 0.000 out 0.000 spills+carry 0.000, total 0.001 s
mdev 3*2^24 (36909875 limbs): repack 0.030 h2d 0.001 fwd 0.006 inv 0.004 d2h 0.028 crt 0.023 total 0.072 s
mdev 3*2^24 (36909875 limbs): repack 0.032 h2d 0.001 fwd 0.007 inv 0.003 d2h 0.069 crt 0.064 total 0.118 s
dist_mn node 1: 20132659 x 16777216 limbs over 2 x 4 ranks (cap 2^25 points, P24): 1 x 1 pieces, 0 formed, 1 skipped (low product) (low cut) (cache 0 slots: 0 hits, 0 misses)
dist_mn node 0: 20132659 x 16777216 limbs over 2 x 4 ranks (cap 2^25 points, P24): 1 x 1 pieces, 0 formed, 1 skipped (low product) (low cut) (cache 0 slots: 0 hits, 0 misses)
dist_mn node 0: 20132659 + 16777216 limbs -> 0 (share 18454937): redistribute 0.000 ntt 0.000 crt 0.000 out 0.000 spills+carry 0.000, total 0.001 s
dist_mn node 1: 20132659 + 16777216 limbs -> 0 (share 18454937): redistribute 0.000 ntt 0.000 crt 0.000 out 0.000 spills+carry 0.000, total 0.001 s
mdev 3*2^24 (36909875 limbs): repack 0.030 h2d 0.001 fwd 0.005 inv 0.003 d2h 0.064 crt 0.035 total 0.107 s
mdev 3*2^24 (36909875 limbs): repack 0.028 h2d 0.001 fwd 0.004 inv 0.003 d2h 0.060 crt 0.020 total 0.101 s
dist_mn node 0: 2^25 = 2^12 x 2^13 over 2 x 4 ranks, 4 primes, P24 (rows 512..512; 20132659 + 16777216 limbs at 0, window [0, 18454937) of share [0, 18454937)): redistribute 0.039 ntt 0.487 crt 0.001 out 0.036 spills+carry 0.002 total 0.545 s
dist_mn node 0: 20132659 x 16777216 limbs over 2 x 4 ranks (cap 2^25 points, P24): 1 x 1 pieces, 1 formed, 0 skipped (cache 0 slots: 0 hits, 0 misses)
dist_mn node 1: 2^25 = 2^12 x 2^13 over 2 x 4 ranks, 4 primes, P24 (rows 512..512; 20132659 + 16777216 limbs at 0, window [18454937, 36909875) of share [18454937, 36909875)): redistribute 0.085 ntt 0.481 crt 0.001 out 0.034 spills+carry 0.002 total 0.593 s
dist_mn node 1: 20132659 x 16777216 limbs over 2 x 4 ranks (cap 2^25 points, P24): 1 x 1 pieces, 1 formed, 0 skipped (cache 0 slots: 0 hits, 0 misses)
dist_mn node 0: 20132659 + 16777216 limbs -> 36909875 (share 18454937): redistribute 0.039 ntt 0.487 crt 0.001 out 0.036 spills+carry 0.002, total 0.547 s
dist_mn node 1: 20132659 + 16777216 limbs -> 36909875 (share 18454938): redistribute 0.085 ntt 0.481 crt 0.001 out 0.034 spills+carry 0.002, total 0.594 s
dist_mn node 0: 2^25 = 2^12 x 2^13 over 2 x 4 ranks, 4 primes, P24 (rows 512..512; 20132659 + 16777216 limbs at 0, window [0, 18454937) of share [0, 18454937)): redistribute 0.063 ntt 0.517 crt 0.001 out 0.038 spills+carry 0.002 total 0.590 s
dist_mn node 0: 20132659 x 16777216 limbs over 2 x 4 ranks (cap 2^25 points, P24): 1 x 1 pieces, 1 formed, 0 skipped (low product) (cache 0 slots: 0 hits, 0 misses)
dist_mn node 1: 2^25 = 2^12 x 2^13 over 2 x 4 ranks, 4 primes, P24 (rows 512..512; 20132659 + 16777216 limbs at 0, window [18454937, 36909874) of share [18454937, 36909874)): redistribute 0.064 ntt 0.513 crt 0.001 out 0.035 spills+carry 0.002 total 0.590 s
dist_mn node 1: 20132659 x 16777216 limbs over 2 x 4 ranks (cap 2^25 points, P24): 1 x 1 pieces, 1 formed, 0 skipped (low product) (cache 0 slots: 0 hits, 0 misses)
dist_mn node 0: 20132659 + 16777216 limbs -> 36909874 (share 18454937): redistribute 0.063 ntt 0.517 crt 0.001 out 0.038 spills+carry 0.002, total 0.591 s
dist_mn node 1: 20132659 + 16777216 limbs -> 36909874 (share 18454937): redistribute 0.064 ntt 0.513 crt 0.001 out 0.035 spills+carry 0.002, total 0.591 s
dist_mn node 0: 2^25 = 2^12 x 2^13 over 2 x 4 ranks, 4 primes, P24 (rows 512..512; 10066329 + 16777209 limbs at 0, window [0, 13421769) of share [0, 13421769)): redistribute 0.064 ntt 0.519 crt 0.001 out 0.027 spills+carry 0.002 total 0.575 s
dist_mn node 0: 10066329 x 16777209 limbs over 2 x 4 ranks (cap 2^25 points, P24): 1 x 1 pieces, 1 formed, 0 skipped (cache 0 slots: 0 hits, 0 misses)
dist_mn node 1: 2^25 = 2^12 x 2^13 over 2 x 4 ranks, 4 primes, P24 (rows 512..512; 10066329 + 16777209 limbs at 0, window [13421769, 26843538) of share [13421769, 26843538)): redistribute 0.086 ntt 0.523 crt 0.001 out 0.026 spills+carry 0.002 total 0.575 s
dist_mn node 1: 10066329 x 16777209 limbs over 2 x 4 ranks (cap 2^25 points, P24): 1 x 1 pieces, 1 formed, 0 skipped (cache 0 slots: 0 hits, 0 misses)
dist_mn node 1: 10066329 + 16777209 limbs -> 26843538 (share 13421769): redistribute 0.086 ntt 0.523 crt 0.001 out 0.026 spills+carry 0.002, total 0.576 s
dist_mn node 0: 10066329 + 16777209 limbs -> 26843538 (share 13421769): redistribute 0.064 ntt 0.519 crt 0.001 out 0.027 spills+carry 0.002, total 0.576 s
mdev 2^25 (26843538 limbs): repack 0.033 h2d 0.001 fwd 0.005 inv 0.002 d2h 0.031 crt 0.011 total 0.071 s
mdev 2^25 (26843538 limbs): repack 0.023 h2d 0.001 fwd 0.004 inv 0.003 d2h 0.040 crt 0.023 total 0.072 s
dist_mn node 0: 2^25 = 2^12 x 2^13 over 2 x 4 ranks, 4 primes, P24 (rows 512..512; 10066329 + 16777209 limbs at 0, window [0, 5033166) of share [0, 5033166)): redistribute 0.033 ntt 0.496 crt 0.002 out 0.017 spills+carry 0.003 total 0.540 s
dist_mn node 0: 10066329 x 16777209 limbs over 2 x 4 ranks (cap 2^25 points, P24): 1 x 1 pieces, 1 formed, 0 skipped (low product) (cache 0 slots: 0 hits, 0 misses)
dist_mn node 1: 2^25 = 2^12 x 2^13 over 2 x 4 ranks, 4 primes, P24 (rows 512..512; 10066329 + 16777209 limbs at 0, window [5033166, 10066332) of share [5033166, 10066332)): redistribute 0.108 ntt 0.496 crt 0.002 out 0.011 spills+carry 0.003 total 0.599 s
dist_mn node 1: 10066329 x 16777209 limbs over 2 x 4 ranks (cap 2^25 points, P24): 1 x 1 pieces, 1 formed, 0 skipped (low product) (cache 0 slots: 0 hits, 0 misses)
dist_mn node 1: 10066329 + 16777209 limbs -> 10066332 (share 5033166): redistribute 0.108 ntt 0.496 crt 0.002 out 0.011 spills+carry 0.003, total 0.601 s
dist_mn node 0: 10066329 + 16777209 limbs -> 10066332 (share 5033166): redistribute 0.033 ntt 0.496 crt 0.002 out 0.017 spills+carry 0.003, total 0.542 s
dist_mn node 0: 2^25 = 2^12 x 2^13 over 2 x 4 ranks, 4 primes, P24 (rows 512..512; 20132659 + 16777216 limbs at 0, window [0, 18454938) of share [0, 18454938)): redistribute 0.055 ntt 0.525 crt 0.002 out 0.036 spills+carry 0.002 total 0.602 s
dist_mn node 1: 2^25 = 2^12 x 2^13 over 2 x 4 ranks, 4 primes, P24 (rows 512..512; 20132659 + 16777216 limbs at 0, window [18454938, 36909875) of share [18454938, 36909876)): redistribute 0.057 ntt 0.526 crt 0.002 out 0.035 spills+carry 0.002 total 0.597 s
mdb_add_shifted node 0: 16777213 limbs at 0 into a basis of 36909876 (my window [0, 16777213), 1 rounds of 4194304; slabs 4194303 + 4194303 limbs per APU 0): 0.032 s
dist_mn node 0: 20132659 x 16777216 limbs over 2 x 4 ranks (cap 2^25 points, P24): 1 x 1 pieces, 1 formed, 0 skipped (cache 0 slots: 0 hits, 0 misses)
mdb_add_shifted node 1: 16777213 limbs at 0 into a basis of 36909876 (my window [18454938, 18454938), 1 rounds of 4194304; slabs 0 + 0 limbs per APU 0): 0.032 s
dist_mn node 1: 20132659 x 16777216 limbs over 2 x 4 ranks (cap 2^25 points, P24): 1 x 1 pieces, 1 formed, 0 skipped (cache 0 slots: 0 hits, 0 misses)
dist_mn node 0: 20132659 + 16777216 + x limbs -> 36909875 (share 18454938): redistribute 0.055 ntt 0.525 crt 0.002 out 0.036 spills+carry 0.002, total 0.636 s
dist_mn node 1: 20132659 + 16777216 + x limbs -> 36909875 (share 18454938): redistribute 0.057 ntt 0.526 crt 0.002 out 0.035 spills+carry 0.002, total 0.631 s
mdb_add_shifted node 0: 16777213 limbs at 0 into a basis of 36909876 (my window [0, 16777213), 1 rounds of 4194304; slabs 4194303 + 4194303 limbs per APU 0): 0.043 s
mdb_add_shifted node 1: 16777213 limbs at 0 into a basis of 36909876 (my window [18454938, 18454938), 1 rounds of 4194304; slabs 0 + 0 limbs per APU 0): 0.063 s
mdb_add_shifted node 0: 16777213 limbs at 7 into a basis of 36909876 (my window [7, 16777220), 1 rounds of 4194304; slabs 4194303 + 4194303 limbs per APU 0): 0.052 s
mdb_add_shifted node 1: 16777213 limbs at 7 into a basis of 36909876 (my window [18454938, 18454938), 1 rounds of 4194304; slabs 0 + 0 limbs per APU 0): 0.056 s
mdb_add_shifted node 0: 16777213 limbs at 10066329 into a basis of 36909876 (my window [10066329, 18454938), 1 rounds of 2097168; slabs 2097152 + 2097152 limbs per APU 0): 0.018 s
mdb_add_shifted node 1: 16777213 limbs at 10066329 into a basis of 36909876 (my window [18454938, 26843542), 1 rounds of 2097168; slabs 2097151 + 2097151 limbs per APU 0): 0.061 s
mdb_add_shifted node 0: 16777213 limbs at 20132659 into a basis of 36909876 (my window [20132659, 20132659), 1 rounds of 4194304; slabs 4194303 + 0 limbs per APU 0): 0.045 s
mdb_add_shifted node 1: 16777213 limbs at 20132659 into a basis of 36909876 (my window [20132659, 36909872), 1 rounds of 4194304; slabs 0 + 4194303 limbs per APU 0): 0.027 s
dbig pool: APU0 hipMalloc 0.03 GB inside the phase (free 0.27 GB in 18 extents, largest 0.03; live 0.11 GB in 12 blocks)
dbig pool: APU1 hipMalloc 0.03 GB inside the phase (free 0.27 GB in 18 extents, largest 0.03; live 0.11 GB in 13 blocks)
dbig pool: APU2 hipMalloc 0.03 GB inside the phase (free 0.22 GB in 16 extents, largest 0.03; live 0.11 GB in 14 blocks)
dbig pool: APU3 hipMalloc 0.03 GB inside the phase (free 0.22 GB in 16 extents, largest 0.03; live 0.11 GB in 15 blocks)
dbig pool: APU0 hipMalloc 0.07 GB inside the phase (free 0.27 GB in 18 extents, largest 0.03; live 0.14 GB in 16 blocks)
dbig pool: APU1 hipMalloc 0.07 GB inside the phase (free 0.27 GB in 18 extents, largest 0.03; live 0.14 GB in 17 blocks)
dbig pool: APU2 hipMalloc 0.07 GB inside the phase (free 0.22 GB in 16 extents, largest 0.03; live 0.14 GB in 18 blocks)
dbig pool: APU3 hipMalloc 0.07 GB inside the phase (free 0.22 GB in 16 extents, largest 0.03; live 0.14 GB in 19 blocks)
dbig pool: APU0 hipMalloc 0.03 GB inside the phase (free 0.22 GB in 16 extents, largest 0.03; live 0.11 GB in 12 blocks)
dbig pool: APU1 hipMalloc 0.03 GB inside the phase (free 0.22 GB in 16 extents, largest 0.03; live 0.11 GB in 13 blocks)
dbig pool: APU2 hipMalloc 0.03 GB inside the phase (free 0.22 GB in 16 extents, largest 0.03; live 0.11 GB in 14 blocks)
dbig pool: APU3 hipMalloc 0.03 GB inside the phase (free 0.22 GB in 16 extents, largest 0.03; live 0.11 GB in 15 blocks)
dbig pool: APU0 hipMalloc 0.07 GB inside the phase (free 0.22 GB in 16 extents, largest 0.03; live 0.14 GB in 16 blocks)
dbig pool: APU1 hipMalloc 0.07 GB inside the phase (free 0.22 GB in 16 extents, largest 0.03; live 0.14 GB in 17 blocks)
dbig pool: APU2 hipMalloc 0.07 GB inside the phase (free 0.22 GB in 16 extents, largest 0.03; live 0.14 GB in 18 blocks)
dbig pool: APU3 hipMalloc 0.07 GB inside the phase (free 0.22 GB in 16 extents, largest 0.03; live 0.14 GB in 19 blocks)
dbig pool: APU3 hipMalloc 0.03 GB inside the phase (free 0.18 GB in 14 extents, largest 0.02; live 0.24 GB in 26 blocks)
dbig pool: APU0 hipMalloc 0.03 GB inside the phase (free 0.18 GB in 14 extents, largest 0.02; live 0.24 GB in 22 blocks)
dbig pool: APU0 hipMalloc 0.03 GB inside the phase (free 0.18 GB in 14 extents, largest 0.02; live 0.28 GB in 23 blocks)
dbig pool: APU3 hipMalloc 0.03 GB inside the phase (free 0.18 GB in 14 extents, largest 0.02; live 0.28 GB in 27 blocks)
dbig pool: APU1 hipMalloc 0.03 GB inside the phase (free 0.23 GB in 16 extents, largest 0.03; live 0.24 GB in 28 blocks)
dbig pool: APU2 hipMalloc 0.03 GB inside the phase (free 0.18 GB in 14 extents, largest 0.02; live 0.24 GB in 26 blocks)
dbig pool: APU2 hipMalloc 0.03 GB inside the phase (free 0.18 GB in 14 extents, largest 0.02; live 0.28 GB in 27 blocks)
dbig pool: APU1 hipMalloc 0.03 GB inside the phase (free 0.18 GB in 14 extents, largest 0.02; live 0.24 GB in 30 blocks)
dbig pool: APU1 hipMalloc 0.03 GB inside the phase (free 0.23 GB in 16 extents, largest 0.03; live 0.28 GB in 29 blocks)
dbig pool: APU1 hipMalloc 0.03 GB inside the phase (free 0.18 GB in 14 extents, largest 0.02; live 0.28 GB in 31 blocks)
dbig pool: APU0 hipMalloc 0.03 GB inside the phase (free 0.23 GB in 16 extents, largest 0.03; live 0.24 GB in 30 blocks)
dbig pool: APU0 hipMalloc 0.03 GB inside the phase (free 0.23 GB in 16 extents, largest 0.03; live 0.28 GB in 31 blocks)
dbig pool: APU3 hipMalloc 0.03 GB inside the phase (free 0.18 GB in 14 extents, largest 0.02; live 0.24 GB in 34 blocks)
dbig pool: APU3 hipMalloc 0.03 GB inside the phase (free 0.18 GB in 14 extents, largest 0.02; live 0.28 GB in 35 blocks)
dbig pool: APU2 hipMalloc 0.03 GB inside the phase (free 0.18 GB in 14 extents, largest 0.02; live 0.24 GB in 34 blocks)
dbig pool: APU2 hipMalloc 0.03 GB inside the phase (free 0.18 GB in 14 extents, largest 0.02; live 0.28 GB in 35 blocks)
dbig pool: APU1 hipMalloc 0.07 GB inside the phase (free 0.30 GB in 18 extents, largest 0.03; live 0.24 GB in 31 blocks)
dbig pool: APU2 hipMalloc 0.07 GB inside the phase (free 0.25 GB in 16 extents, largest 0.03; live 0.24 GB in 30 blocks)
dbig pool: APU0 hipMalloc 0.07 GB inside the phase (free 0.30 GB in 18 extents, largest 0.03; live 0.24 GB in 31 blocks)
dbig pool: APU3 hipMalloc 0.07 GB inside the phase (free 0.25 GB in 16 extents, largest 0.03; live 0.24 GB in 31 blocks)
dist_mn node 0: 2^25 = 2^12 x 2^13 over 2 x 4 ranks, 4 primes, P24 (rows 512..512; 34561064 + 8640266 limbs at 0, window [0, 34561064) of share [0, 34561064)): redistribute 0.043 ntt 0.446 crt 0.002 out 0.159 spills+carry 0.005 total 0.633 s
dist_mn node 1: 2^25 = 2^12 x 2^13 over 2 x 4 ranks, 4 primes, P24 (rows 512..512; 34561064 + 8640266 limbs at 0, window [34561064, 43201330) of share [34561064, 69122128)): redistribute 0.038 ntt 0.352 crt 0.002 out 0.229 spills+carry 0.005 total 0.633 s
dbig pool: APU0 hipMalloc 0.03 GB inside the phase (free 0.18 GB in 15 extents, largest 0.02; live 0.31 GB in 31 blocks)
dbig pool: APU1 hipMalloc 0.03 GB inside the phase (free 0.18 GB in 15 extents, largest 0.02; live 0.31 GB in 34 blocks)
dbig pool: APU2 hipMalloc 0.03 GB inside the phase (free 0.18 GB in 15 extents, largest 0.02; live 0.31 GB in 38 blocks)
dbig pool: APU3 hipMalloc 0.03 GB inside the phase (free 0.18 GB in 15 extents, largest 0.02; live 0.31 GB in 39 blocks)
dbig pool: APU1 hipMalloc 0.05 GB inside the phase (free 0.32 GB in 19 extents, largest 0.03; live 0.30 GB in 34 blocks)
dbig pool: APU2 hipMalloc 0.05 GB inside the phase (free 0.27 GB in 17 extents, largest 0.03; live 0.30 GB in 35 blocks)
dbig pool: APU0 hipMalloc 0.05 GB inside the phase (free 0.32 GB in 19 extents, largest 0.03; live 0.30 GB in 35 blocks)
dbig pool: APU3 hipMalloc 0.05 GB inside the phase (free 0.27 GB in 17 extents, largest 0.03; live 0.30 GB in 35 blocks)
dist_mn node 0: 2^25 = 2^12 x 2^13 over 2 x 4 ranks, 4 primes, P24 (rows 512..512; 34561064 + 8640266 limbs at 8640266, window [0, 25920798) of share [0, 34561064), accumulated): redistribute 0.046 ntt 0.458 crt 0.001 out 0.041 spills+carry 0.025 total 0.558 s
dist_mn node 1: 2^25 = 2^12 x 2^13 over 2 x 4 ranks, 4 primes, P24 (rows 512..512; 34561064 + 8640266 limbs at 8640266, window [25920798, 43201330) of share [34561064, 69122128), accumulated): redistribute 0.053 ntt 0.450 crt 0.001 out 0.052 spills+carry 0.025 total 0.558 s
dbig pool: APU0 hipMalloc 0.05 GB inside the phase (free 0.32 GB in 19 extents, largest 0.03; live 0.21 GB in 20 blocks)
dbig pool: APU1 hipMalloc 0.05 GB inside the phase (free 0.32 GB in 19 extents, largest 0.03; live 0.21 GB in 21 blocks)
dbig pool: APU2 hipMalloc 0.05 GB inside the phase (free 0.32 GB in 19 extents, largest 0.03; live 0.21 GB in 22 blocks)
dbig pool: APU3 hipMalloc 0.05 GB inside the phase (free 0.32 GB in 19 extents, largest 0.03; live 0.21 GB in 23 blocks)
dbig pool: APU1 hipMalloc 0.05 GB inside the phase (free 0.29 GB in 17 extents, largest 0.03; live 0.30 GB in 35 blocks)
dbig pool: APU0 hipMalloc 0.05 GB inside the phase (free 0.29 GB in 17 extents, largest 0.03; live 0.30 GB in 34 blocks)
dbig pool: APU2 hipMalloc 0.05 GB inside the phase (free 0.29 GB in 17 extents, largest 0.03; live 0.30 GB in 35 blocks)
dbig pool: APU3 hipMalloc 0.05 GB inside the phase (free 0.29 GB in 17 extents, largest 0.03; live 0.30 GB in 35 blocks)
dist_mn node 0: 2^25 = 2^12 x 2^13 over 2 x 4 ranks, 4 primes, P24 (rows 512..512; 34561064 + 8640266 limbs at 17280532, window [0, 17280532) of share [0, 34561064), accumulated): redistribute 0.057 ntt 0.487 crt 0.001 out 0.167 spills+carry 0.021 total 0.718 s
dist_mn node 1: 2^25 = 2^12 x 2^13 over 2 x 4 ranks, 4 primes, P24 (rows 512..512; 34561064 + 8640266 limbs at 17280532, window [17280532, 43201330) of share [34561064, 69122128), accumulated): redistribute 0.040 ntt 0.507 crt 0.002 out 0.102 spills+carry 0.020 total 0.718 s
dbig pool: APU0 hipMalloc 0.07 GB inside the phase (free 0.43 GB in 21 extents, largest 0.05; live 0.21 GB in 20 blocks)
dbig pool: APU1 hipMalloc 0.07 GB inside the phase (free 0.43 GB in 21 extents, largest 0.05; live 0.21 GB in 21 blocks)
dbig pool: APU2 hipMalloc 0.07 GB inside the phase (free 0.43 GB in 21 extents, largest 0.05; live 0.21 GB in 22 blocks)
dbig pool: APU3 hipMalloc 0.07 GB inside the phase (free 0.43 GB in 21 extents, largest 0.05; live 0.21 GB in 23 blocks)
dbig pool: APU2 hipMalloc 0.07 GB inside the phase (free 0.39 GB in 19 extents, largest 0.05; live 0.31 GB in 34 blocks)
dbig pool: APU1 hipMalloc 0.07 GB inside the phase (free 0.39 GB in 19 extents, largest 0.05; live 0.31 GB in 35 blocks)
dbig pool: APU0 hipMalloc 0.07 GB inside the phase (free 0.39 GB in 19 extents, largest 0.05; live 0.31 GB in 34 blocks)
dbig pool: APU3 hipMalloc 0.07 GB inside the phase (free 0.39 GB in 19 extents, largest 0.05; live 0.31 GB in 35 blocks)
dist_mn node 0: 2^25 = 2^12 x 2^13 over 2 x 4 ranks, 4 primes, P24 (rows 512..512; 34561064 + 8640266 limbs at 25920798, window [0, 8640266) of share [0, 34561064), accumulated): redistribute 0.052 ntt 0.488 crt 0.001 out 0.206 spills+carry 0.008 total 0.755 s
dist_mn node 0: 34561064 x 34561064 limbs over 2 x 4 ranks (cap 2^25 points, P24): 1 x 4 pieces, 4 formed, 0 skipped (cache 0 slots: 0 hits, 0 misses)
dist_mn node 1: 2^25 = 2^12 x 2^13 over 2 x 4 ranks, 4 primes, P24 (rows 512..512; 34561064 + 8640266 limbs at 25920798, window [8640266, 43201330) of share [34561064, 69122128), accumulated): redistribute 0.032 ntt 0.516 crt 0.002 out 0.117 spills+carry 0.008 total 0.755 s
dist_mn node 1: 34561064 x 34561064 limbs over 2 x 4 ranks (cap 2^25 points, P24): 1 x 4 pieces, 4 formed, 0 skipped (cache 0 slots: 0 hits, 0 misses)
dist_mn node 0: 34561064 + 34561064 limbs -> 69122128 (share 34561064): redistribute 0.198 ntt 1.879 crt 0.005 out 0.572 spills+carry 0.058, total 3.074 s
dist_mn node 1: 34561064 + 34561064 limbs -> 69122128 (share 34561064): redistribute 0.162 ntt 1.825 crt 0.007 out 0.499 spills+carry 0.058, total 2.689 s
mdev 3*2^25 (69122128 limbs): repack 0.071 h2d 0.002 fwd 0.020 inv 0.008 d2h 0.063 crt 0.051 total 0.171 s
mdev 3*2^25 (69122128 limbs): repack 0.071 h2d 0.002 fwd 0.020 inv 0.009 d2h 0.104 crt 0.024 total 0.210 s
   2x3 34561064 x 34561064: 3.33 s
dbig pool: APU0 hipMalloc 0.07 GB inside the phase (free 0.39 GB in 20 extents, largest 0.05; live 0.28 GB in 30 blocks)
dbig pool: APU1 hipMalloc 0.07 GB inside the phase (free 0.39 GB in 20 extents, largest 0.05; live 0.28 GB in 30 blocks)
dbig pool: APU2 hipMalloc 0.07 GB inside the phase (free 0.34 GB in 18 extents, largest 0.05; live 0.28 GB in 31 blocks)
dbig pool: APU3 hipMalloc 0.07 GB inside the phase (free 0.34 GB in 18 extents, largest 0.05; live 0.28 GB in 31 blocks)
dist_mn node 0: 2^25 = 2^12 x 2^13 over 2 x 4 ranks, 4 primes, P24 (rows 512..512; 34561064 + 8640266 limbs at 0, window [0, 34561064) of share [0, 34561064)): redistribute 0.028 ntt 0.475 crt 0.002 out 0.027 spills+carry 0.001 total 0.535 s
dist_mn node 1: 2^25 = 2^12 x 2^13 over 2 x 4 ranks, 4 primes, P24 (rows 512..512; 34561064 + 8640266 limbs at 0, window [34561064, 43201330) of share [34561064, 69122129)): redistribute 0.032 ntt 0.470 crt 0.002 out 0.032 spills+carry 0.001 total 0.536 s
dist_mn node 0: 2^25 = 2^12 x 2^13 over 2 x 4 ranks, 4 primes, P24 (rows 512..512; 34561064 + 8640266 limbs at 8640266, window [0, 25920798) of share [0, 34561064), accumulated): redistribute 0.029 ntt 0.486 crt 0.001 out 0.037 spills+carry 0.020 total 0.572 s
dist_mn node 1: 2^25 = 2^12 x 2^13 over 2 x 4 ranks, 4 primes, P24 (rows 512..512; 34561064 + 8640266 limbs at 8640266, window [25920798, 43201330) of share [34561064, 69122129), accumulated): redistribute 0.039 ntt 0.485 crt 0.001 out 0.038 spills+carry 0.020 total 0.572 s
dist_mn node 0: 2^25 = 2^12 x 2^13 over 2 x 4 ranks, 4 primes, P24 (rows 512..512; 34561064 + 8640266 limbs at 17280532, window [0, 17280532) of share [0, 34561064), accumulated): redistribute 0.048 ntt 0.509 crt 0.001 out 0.039 spills+carry 0.021 total 0.609 s
dist_mn node 1: 2^25 = 2^12 x 2^13 over 2 x 4 ranks, 4 primes, P24 (rows 512..512; 34561064 + 8640266 limbs at 17280532, window [17280532, 43201330) of share [34561064, 69122129), accumulated): redistribute 0.041 ntt 0.510 crt 0.001 out 0.041 spills+carry 0.020 total 0.609 s
dbig pool: APU2 hipMalloc 0.07 GB inside the phase (free 0.43 GB in 20 extents, largest 0.05; live 0.34 GB in 34 blocks)
dbig pool: APU0 hipMalloc 0.07 GB inside the phase (free 0.43 GB in 20 extents, largest 0.05; live 0.34 GB in 35 blocks)
dbig pool: APU1 hipMalloc 0.07 GB inside the phase (free 0.43 GB in 20 extents, largest 0.05; live 0.34 GB in 34 blocks)
dbig pool: APU3 hipMalloc 0.07 GB inside the phase (free 0.43 GB in 20 extents, largest 0.05; live 0.34 GB in 35 blocks)
dist_mn node 0: 2^25 = 2^12 x 2^13 over 2 x 4 ranks, 4 primes, P24 (rows 512..512; 34561064 + 8640266 limbs at 25920798, window [0, 8640266) of share [0, 34561064), accumulated): redistribute 0.049 ntt 0.485 crt 0.001 out 0.029 spills+carry 0.008 total 0.555 s
dist_mn node 1: 2^25 = 2^12 x 2^13 over 2 x 4 ranks, 4 primes, P24 (rows 512..512; 34561064 + 8640266 limbs at 25920798, window [8640266, 43201330) of share [34561064, 69122129), accumulated): redistribute 0.048 ntt 0.487 crt 0.001 out 0.022 spills+carry 0.008 total 0.555 s
dbig pool: APU0 hipMalloc 0.07 GB inside the phase (free 0.43 GB in 22 extents, largest 0.05; live 0.31 GB in 24 blocks)
dbig pool: APU0 hipMalloc 0.07 GB inside the phase (free 0.43 GB in 22 extents, largest 0.05; live 0.38 GB in 25 blocks)
dbig pool: APU1 hipMalloc 0.07 GB inside the phase (free 0.43 GB in 22 extents, largest 0.05; live 0.31 GB in 27 blocks)
dbig pool: APU1 hipMalloc 0.07 GB inside the phase (free 0.43 GB in 22 extents, largest 0.05; live 0.38 GB in 28 blocks)
dbig pool: APU3 hipMalloc 0.07 GB inside the phase (free 0.38 GB in 19 extents, largest 0.05; live 0.31 GB in 31 blocks)
dbig pool: APU2 hipMalloc 0.07 GB inside the phase (free 0.38 GB in 19 extents, largest 0.05; live 0.31 GB in 34 blocks)
mdb_add_shifted node 0: 34561061 limbs at 0 into a basis of 69122129 (my window [0, 34561061), 1 rounds of 8640272; slabs 8640265 + 8640265 limbs per APU 0): 0.200 s
dist_mn node 0: 34561064 x 34561064 limbs over 2 x 4 ranks (cap 2^25 points, P24): 1 x 4 pieces, 4 formed, 0 skipped (cache 0 slots: 0 hits, 0 misses)
mdb_add_shifted node 1: 34561061 limbs at 0 into a basis of 69122129 (my window [34561064, 34561064), 1 rounds of 8640272; slabs 0 + 0 limbs per APU 0): 0.200 s
dist_mn node 1: 34561064 x 34561064 limbs over 2 x 4 ranks (cap 2^25 points, P24): 1 x 4 pieces, 4 formed, 0 skipped (cache 0 slots: 0 hits, 0 misses)
dist_mn node 0: 34561064 + 34561064 + x limbs -> 69122128 (share 34561064): redistribute 0.154 ntt 1.956 crt 0.004 out 0.132 spills+carry 0.050, total 2.509 s
dist_mn node 1: 34561064 + 34561064 + x limbs -> 69122128 (share 34561065): redistribute 0.160 ntt 1.953 crt 0.004 out 0.133 spills+carry 0.051, total 2.476 s
dist_mn node 0: 2^25 = 2^12 x 2^13 over 2 x 4 ranks, 4 primes, P24 (rows 512..512; 34561064 + 8640266 limbs at 0, window [0, 17280533) of share [0, 17280533)): redistribute 0.056 ntt 0.493 crt 0.001 out 0.030 spills+carry 0.001 total 0.564 s
dist_mn node 1: 2^25 = 2^12 x 2^13 over 2 x 4 ranks, 4 primes, P24 (rows 512..512; 34561064 + 8640266 limbs at 0, window [17280533, 34561066) of share [17280533, 34561066)): redistribute 0.056 ntt 0.491 crt 0.001 out 0.031 spills+carry 0.001 total 0.564 s
dist_mn node 0: 2^25 = 2^12 x 2^13 over 2 x 4 ranks, 4 primes, P24 (rows 512..512; 34561064 + 8640266 limbs at 8640266, window [0, 8640267) of share [0, 17280533), accumulated): redistribute 0.032 ntt 0.503 crt 0.001 out 0.041 spills+carry 0.007 total 0.584 s
dist_mn node 1: 2^25 = 2^12 x 2^13 over 2 x 4 ranks, 4 primes, P24 (rows 512..512; 34561064 + 8640266 limbs at 8640266, window [8640267, 25920800) of share [17280533, 34561066), accumulated): redistribute 0.045 ntt 0.503 crt 0.001 out 0.039 spills+carry 0.007 total 0.584 s
dist_mn node 0: 2^25 = 2^12 x 2^13 over 2 x 4 ranks, 4 primes, P24 (rows 512..512; 34561064 + 8640266 limbs at 17280532, window [0, 1) of share [0, 17280533), accumulated): redistribute 0.043 ntt 0.520 crt 0.001 out 0.028 spills+carry 0.002 total 0.585 s
dist_mn node 1: 2^25 = 2^12 x 2^13 over 2 x 4 ranks, 4 primes, P24 (rows 512..512; 34561064 + 8640266 limbs at 17280532, window [1, 17280534) of share [17280533, 34561066), accumulated): redistribute 0.039 ntt 0.522 crt 0.001 out 0.021 spills+carry 0.002 total 0.585 s
dist_mn node 0: 2^25 = 2^12 x 2^13 over 2 x 4 ranks, 4 primes, P24 (rows 512..512; 34561064 + 8640266 limbs at 25920798, window [0, 0) of share [0, 17280533), accumulated): redistribute 0.041 ntt 0.471 crt 0.001 out 0.013 spills+carry 0.006 total 0.531 s
dist_mn node 0: 34561064 x 34561064 limbs over 2 x 4 ranks (cap 2^25 points, P24): 1 x 4 pieces, 4 formed, 0 skipped (low product) (cache 0 slots: 0 hits, 0 misses)
dist_mn node 1: 2^25 = 2^12 x 2^13 over 2 x 4 ranks, 4 primes, P24 (rows 512..512; 34561064 + 8640266 limbs at 25920798, window [0, 8640268) of share [17280533, 34561066), accumulated): redistribute 0.034 ntt 0.476 crt 0.001 out 0.015 spills+carry 0.006 total 0.531 s
dist_mn node 1: 34561064 x 34561064 limbs over 2 x 4 ranks (cap 2^25 points, P24): 1 x 4 pieces, 4 formed, 0 skipped (low product) (cache 0 slots: 0 hits, 0 misses)
dist_mn node 0: 34561064 + 34561064 limbs -> 34561066 (share 17280533): redistribute 0.172 ntt 1.988 crt 0.004 out 0.112 spills+carry 0.015, total 2.265 s
dist_mn node 1: 34561064 + 34561064 limbs -> 34561066 (share 17280533): redistribute 0.174 ntt 1.993 crt 0.004 out 0.105 spills+carry 0.015, total 2.265 s
dist_mn node 0: 2^25 = 2^12 x 2^13 over 2 x 4 ranks, 4 primes, P24 (rows 512..512; 17280533 + 17280533 limbs at 0, window [0, 8640266) of share [0, 8640266)): redistribute 0.048 ntt 0.547 crt 0.001 out 0.017 spills+carry 0.001 total 0.589 s
dist_mn node 0: 17280533 x 17280533 limbs over 2 x 4 ranks (cap 2^25 points, P24): 1 x 1 pieces, 1 formed, 0 skipped (low product) (cache 0 slots: 0 hits, 0 misses)
dist_mn node 1: 2^25 = 2^12 x 2^13 over 2 x 4 ranks, 4 primes, P24 (rows 512..512; 17280533 + 17280533 limbs at 0, window [8640266, 17280533) of share [8640266, 17280533)): redistribute 0.047 ntt 0.544 crt 0.001 out 0.019 spills+carry 0.001 total 0.588 s
dist_mn node 1: 17280533 x 17280533 limbs over 2 x 4 ranks (cap 2^25 points, P24): 1 x 1 pieces, 1 formed, 0 skipped (low product) (cache 0 slots: 0 hits, 0 misses)
dist_mn node 0: 17280533 + 17280533 limbs -> 17280533 (share 8640266): redistribute 0.048 ntt 0.547 crt 0.001 out 0.017 spills+carry 0.001, total 0.589 s
dist_mn node 1: 17280533 + 17280533 limbs -> 17280533 (share 8640267): redistribute 0.047 ntt 0.544 crt 0.001 out 0.019 spills+carry 0.001, total 0.589 s
dist_mn node 0: 2^25 = 2^12 x 2^13 over 2 x 4 ranks, 4 primes, P24 (rows 512..512; 34561064 + 8640266 limbs at 0, window [0, 34561063) of share [0, 34561063)): redistribute 0.061 ntt 0.529 crt 0.001 out 0.036 spills+carry 0.001 total 0.599 s
dist_mn node 1: 2^25 = 2^12 x 2^13 over 2 x 4 ranks, 4 primes, P24 (rows 512..512; 34561064 + 8640266 limbs at 0, window [34561063, 43201330) of share [34561063, 69122127)): redistribute 0.060 ntt 0.529 crt 0.001 out 0.032 spills+carry 0.001 total 0.599 s
dist_mn node 0: 2^25 = 2^12 x 2^13 over 2 x 4 ranks, 4 primes, P24 (rows 512..512; 34561064 + 8640266 limbs at 8640266, window [0, 25920797) of share [0, 34561063), accumulated): redistribute 0.031 ntt 0.445 crt 0.002 out 0.032 spills+carry 0.020 total 0.527 s
dist_mn node 1: 2^25 = 2^12 x 2^13 over 2 x 4 ranks, 4 primes, P24 (rows 512..512; 34561064 + 8640266 limbs at 8640266, window [25920797, 43201330) of share [34561063, 69122127), accumulated): redistribute 0.031 ntt 0.442 crt 0.002 out 0.038 spills+carry 0.020 total 0.527 s
dist_mn node 0: 2^25 = 2^12 x 2^13 over 2 x 4 ranks, 4 primes, P24 (rows 512..512; 34561064 + 8640266 limbs at 17280532, window [0, 17280531) of share [0, 34561063), accumulated): redistribute 0.041 ntt 0.498 crt 0.001 out 0.044 spills+carry 0.019 total 0.597 s
dist_mn node 1: 2^25 = 2^12 x 2^13 over 2 x 4 ranks, 4 primes, P24 (rows 512..512; 34561064 + 8640266 limbs at 17280532, window [17280531, 43201330) of share [34561063, 69122127), accumulated): redistribute 0.035 ntt 0.504 crt 0.001 out 0.038 spills+carry 0.019 total 0.597 s
dist_mn node 0: 2^25 = 2^12 x 2^13 over 2 x 4 ranks, 4 primes, P24 (rows 512..512; 34561064 + 8640266 limbs at 25920798, window [0, 8640265) of share [0, 34561063), accumulated): redistribute 0.040 ntt 0.476 crt 0.001 out 0.060 spills+carry 0.008 total 0.570 s
dist_mn node 0: 34561064 x 34561064 limbs over 2 x 4 ranks (cap 2^25 points, P24): 1 x 4 pieces, 4 formed, 0 skipped (low product) (cache 0 slots: 0 hits, 0 misses)
dist_mn node 1: 2^25 = 2^12 x 2^13 over 2 x 4 ranks, 4 primes, P24 (rows 512..512; 34561064 + 8640266 limbs at 25920798, window [8640265, 43201329) of share [34561063, 69122127), accumulated): redistribute 0.037 ntt 0.487 crt 0.003 out 0.057 spills+carry 0.008 total 0.570 s
dist_mn node 1: 34561064 x 34561064 limbs over 2 x 4 ranks (cap 2^25 points, P24): 1 x 4 pieces, 4 formed, 0 skipped (low product) (cache 0 slots: 0 hits, 0 misses)
dist_mn node 0: 34561064 + 34561064 limbs -> 69122127 (share 34561063): redistribute 0.173 ntt 1.947 crt 0.004 out 0.172 spills+carry 0.049, total 2.295 s
dist_mn node 1: 34561064 + 34561064 limbs -> 69122127 (share 34561064): redistribute 0.163 ntt 1.962 crt 0.006 out 0.166 spills+carry 0.049, total 2.295 s
dist_mn node 0: 2^25 = 2^12 x 2^13 over 2 x 4 ranks, 4 primes, P24 (rows 512..512; 34561064 + 8640266 limbs at 0, window [0, 34561064) of share [0, 34561064)): redistribute 0.070 ntt 0.529 crt 0.001 out 0.032 spills+carry 0.001 total 0.596 s
dist_mn node 1: 2^25 = 2^12 x 2^13 over 2 x 4 ranks, 4 primes, P24 (rows 512..512; 34561064 + 8640266 limbs at 0, window [34561064, 43201330) of share [34561064, 69122128)): redistribute 0.071 ntt 0.531 crt 0.001 out 0.035 spills+carry 0.002 total 0.595 s
dist_mn node 0: 2^25 = 2^12 x 2^13 over 2 x 4 ranks, 4 primes, P24 (rows 512..512; 34561064 + 8640266 limbs at 8640266, window [0, 25920798) of share [0, 34561064), accumulated): redistribute 0.032 ntt 0.450 crt 0.001 out 0.040 spills+carry 0.019 total 0.541 s
dist_mn node 1: 2^25 = 2^12 x 2^13 over 2 x 4 ranks, 4 primes, P24 (rows 512..512; 34561064 + 8640266 limbs at 8640266, window [25920798, 43201330) of share [34561064, 69122128), accumulated): redistribute 0.038 ntt 0.449 crt 0.001 out 0.046 spills+carry 0.019 total 0.541 s
dist_mn node 0: 2^25 = 2^12 x 2^13 over 2 x 4 ranks, 4 primes, P24 (rows 512..512; 34561064 + 8640266 limbs at 17280532, window [0, 17280532) of share [0, 34561064), accumulated): redistribute 0.041 ntt 0.437 crt 0.001 out 0.036 spills+carry 0.017 total 0.526 s
dist_mn node 1: 2^25 = 2^12 x 2^13 over 2 x 4 ranks, 4 primes, P24 (rows 512..512; 34561064 + 8640266 limbs at 17280532, window [17280532, 43201330) of share [34561064, 69122128), accumulated): redistribute 0.040 ntt 0.439 crt 0.001 out 0.038 spills+carry 0.017 total 0.526 s
dist_mn node 0: 2^25 = 2^12 x 2^13 over 2 x 4 ranks, 4 primes, P24 (rows 512..512; 34561064 + 8640266 limbs at 25920798, window [0, 8640266) of share [0, 34561064), accumulated): redistribute 0.034 ntt 0.441 crt 0.001 out 0.032 spills+carry 0.008 total 0.515 s
dist_mn node 0: 34561064 x 34561064 limbs over 2 x 4 ranks (cap 2^25 points, P24): 1 x 4 pieces, 4 formed, 0 skipped (low cut) (cache 0 slots: 0 hits, 0 misses)
dist_mn node 1: 2^25 = 2^12 x 2^13 over 2 x 4 ranks, 4 primes, P24 (rows 512..512; 34561064 + 8640266 limbs at 25920798, window [8640266, 43201330) of share [34561064, 69122128), accumulated): redistribute 0.033 ntt 0.445 crt 0.001 out 0.027 spills+carry 0.008 total 0.515 s
dist_mn node 1: 34561064 x 34561064 limbs over 2 x 4 ranks (cap 2^25 points, P24): 1 x 4 pieces, 4 formed, 0 skipped (low cut) (cache 0 slots: 0 hits, 0 misses)
dist_mn node 0: 34561064 + 34561064 limbs -> 69122128 (share 34561064): redistribute 0.176 ntt 1.858 crt 0.004 out 0.140 spills+carry 0.045, total 2.181 s
dist_mn node 1: 34561064 + 34561064 limbs -> 69122128 (share 34561064): redistribute 0.182 ntt 1.863 crt 0.004 out 0.147 spills+carry 0.046, total 2.181 s
dist_mn node 0: 2^25 = 2^12 x 2^13 over 2 x 4 ranks, 4 primes, P24 (rows 512..512; 34561064 + 8640266 limbs at 0, window [0, 34561063) of share [0, 34561063)): redistribute 0.051 ntt 0.491 crt 0.001 out 0.038 spills+carry 0.001 total 0.582 s
dist_mn node 1: 2^25 = 2^12 x 2^13 over 2 x 4 ranks, 4 primes, P24 (rows 512..512; 34561064 + 8640266 limbs at 0, window [34561063, 43201330) of share [34561063, 69122127)): redistribute 0.050 ntt 0.490 crt 0.001 out 0.039 spills+carry 0.001 total 0.580 s
dist_mn node 0: 2^25 = 2^12 x 2^13 over 2 x 4 ranks, 4 primes, P24 (rows 512..512; 34561064 + 8640266 limbs at 8640266, window [0, 25920797) of share [0, 34561063), accumulated): redistribute 0.029 ntt 0.460 crt 0.001 out 0.049 spills+carry 0.020 total 0.558 s
dist_mn node 1: 2^25 = 2^12 x 2^13 over 2 x 4 ranks, 4 primes, P24 (rows 512..512; 34561064 + 8640266 limbs at 8640266, window [25920797, 43201330) of share [34561063, 69122127), accumulated): redistribute 0.031 ntt 0.461 crt 0.001 out 0.044 spills+carry 0.020 total 0.558 s
dist_mn node 0: 2^25 = 2^12 x 2^13 over 2 x 4 ranks, 4 primes, P24 (rows 512..512; 34561064 + 8640266 limbs at 17280532, window [0, 17280531) of share [0, 34561063), accumulated): redistribute 0.036 ntt 0.494 crt 0.001 out 0.040 spills+carry 0.016 total 0.583 s
dist_mn node 1: 2^25 = 2^12 x 2^13 over 2 x 4 ranks, 4 primes, P24 (rows 512..512; 34561064 + 8640266 limbs at 17280532, window [17280531, 43201330) of share [34561063, 69122127), accumulated): redistribute 0.036 ntt 0.493 crt 0.001 out 0.037 spills+carry 0.017 total 0.583 s
dist_mn node 0: 2^25 = 2^12 x 2^13 over 2 x 4 ranks, 4 primes, P24 (rows 512..512; 34561064 + 8640266 limbs at 25920798, window [0, 8640265) of share [0, 34561063), accumulated): redistribute 0.041 ntt 0.475 crt 0.001 out 0.029 spills+carry 0.008 total 0.550 s
dist_mn node 0: 34561064 x 34561064 limbs over 2 x 4 ranks (cap 2^25 points, P24): 1 x 4 pieces, 4 formed, 0 skipped (low product) (low cut) (cache 0 slots: 0 hits, 0 misses)
dist_mn node 1: 2^25 = 2^12 x 2^13 over 2 x 4 ranks, 4 primes, P24 (rows 512..512; 34561064 + 8640266 limbs at 25920798, window [8640265, 43201329) of share [34561063, 69122127), accumulated): redistribute 0.040 ntt 0.474 crt 0.001 out 0.031 spills+carry 0.008 total 0.550 s
dist_mn node 1: 34561064 x 34561064 limbs over 2 x 4 ranks (cap 2^25 points, P24): 1 x 4 pieces, 4 formed, 0 skipped (low product) (low cut) (cache 0 slots: 0 hits, 0 misses)
dist_mn node 0: 34561064 + 34561064 limbs -> 69122127 (share 34561063): redistribute 0.157 ntt 1.920 crt 0.004 out 0.156 spills+carry 0.046, total 2.274 s
dist_mn node 1: 34561064 + 34561064 limbs -> 69122127 (share 34561064): redistribute 0.158 ntt 1.919 crt 0.004 out 0.151 spills+carry 0.047, total 2.273 s
dist_mn node 0: 2^25 = 2^12 x 2^13 over 2 x 4 ranks, 4 primes, P24 (rows 512..512; 34561064 + 8640266 limbs at 0, window [0, 34561064) of share [0, 34561064)): redistribute 0.042 ntt 0.475 crt 0.001 out 0.036 spills+carry 0.001 total 0.538 s
dist_mn node 1: 2^25 = 2^12 x 2^13 over 2 x 4 ranks, 4 primes, P24 (rows 512..512; 34561064 + 8640266 limbs at 0, window [34561064, 43201330) of share [34561064, 69122128)): redistribute 0.043 ntt 0.473 crt 0.001 out 0.034 spills+carry 0.001 total 0.537 s
dist_mn node 0: 2^25 = 2^12 x 2^13 over 2 x 4 ranks, 4 primes, P24 (rows 512..512; 34561064 + 8640266 limbs at 8640266, window [0, 25920798) of share [0, 34561064), accumulated): redistribute 0.035 ntt 0.460 crt 0.001 out 0.045 spills+carry 0.020 total 0.553 s
dist_mn node 1: 2^25 = 2^12 x 2^13 over 2 x 4 ranks, 4 primes, P24 (rows 512..512; 34561064 + 8640266 limbs at 8640266, window [25920798, 43201330) of share [34561064, 69122128), accumulated): redistribute 0.046 ntt 0.454 crt 0.001 out 0.041 spills+carry 0.020 total 0.553 s
dist_mn node 0: 2^25 = 2^12 x 2^13 over 2 x 4 ranks, 4 primes, P24 (rows 512..512; 34561064 + 8640266 limbs at 17280532, window [0, 17280532) of share [0, 34561064), accumulated): redistribute 0.036 ntt 0.461 crt 0.001 out 0.031 spills+carry 0.020 total 0.543 s
dist_mn node 1: 2^25 = 2^12 x 2^13 over 2 x 4 ranks, 4 primes, P24 (rows 512..512; 34561064 + 8640266 limbs at 17280532, window [17280532, 43201330) of share [34561064, 69122128), accumulated): redistribute 0.035 ntt 0.461 crt 0.001 out 0.030 spills+carry 0.020 total 0.543 s
dist_mn node 0: 2^25 = 2^12 x 2^13 over 2 x 4 ranks, 4 primes, P24 (rows 512..512; 34561064 + 8640266 limbs at 25920798, window [0, 8640266) of share [0, 34561064), accumulated): redistribute 0.034 ntt 0.468 crt 0.001 out 0.030 spills+carry 0.008 total 0.540 s
dist_mn node 0: 34561064 x 34561064 limbs over 2 x 4 ranks (cap 2^25 points, P24): 1 x 4 pieces, 4 formed, 0 skipped (low cut) (cache 0 slots: 0 hits, 0 misses)
dist_mn node 1: 2^25 = 2^12 x 2^13 over 2 x 4 ranks, 4 primes, P24 (rows 512..512; 34561064 + 8640266 limbs at 25920798, window [8640266, 43201330) of share [34561064, 69122128), accumulated): redistribute 0.034 ntt 0.465 crt 0.001 out 0.033 spills+carry 0.008 total 0.540 s
dist_mn node 1: 34561064 x 34561064 limbs over 2 x 4 ranks (cap 2^25 points, P24): 1 x 4 pieces, 4 formed, 0 skipped (low cut) (cache 0 slots: 0 hits, 0 misses)
dist_mn node 0: 34561064 + 34561064 limbs -> 69122128 (share 34561064): redistribute 0.147 ntt 1.865 crt 0.005 out 0.141 spills+carry 0.049, total 2.175 s
dist_mn node 1: 34561064 + 34561064 limbs -> 69122128 (share 34561064): redistribute 0.158 ntt 1.854 crt 0.005 out 0.138 spills+carry 0.050, total 2.175 s
dist_mn node 0: 2^25 = 2^12 x 2^13 over 2 x 4 ranks, 4 primes, P24 (rows 512..512; 34561064 + 8640266 limbs at 0, window [0, 34561063) of share [0, 34561063)): redistribute 0.059 ntt 0.534 crt 0.001 out 0.040 spills+carry 0.001 total 0.613 s
dist_mn node 1: 2^25 = 2^12 x 2^13 over 2 x 4 ranks, 4 primes, P24 (rows 512..512; 34561064 + 8640266 limbs at 0, window [34561063, 43201330) of share [34561063, 69122127)): redistribute 0.059 ntt 0.535 crt 0.001 out 0.043 spills+carry 0.001 total 0.612 s
dist_mn node 0: 2^25 = 2^12 x 2^13 over 2 x 4 ranks, 4 primes, P24 (rows 512..512; 34561064 + 8640266 limbs at 8640266, window [0, 25920797) of share [0, 34561063), accumulated): redistribute 0.027 ntt 0.481 crt 0.001 out 0.035 spills+carry 0.020 total 0.562 s
dist_mn node 1: 2^25 = 2^12 x 2^13 over 2 x 4 ranks, 4 primes, P24 (rows 512..512; 34561064 + 8640266 limbs at 8640266, window [25920797, 43201330) of share [34561063, 69122127), accumulated): redistribute 0.028 ntt 0.484 crt 0.001 out 0.030 spills+carry 0.020 total 0.562 s
dist_mn node 0: 2^25 = 2^12 x 2^13 over 2 x 4 ranks, 4 primes, P24 (rows 512..512; 34561064 + 8640266 limbs at 17280532, window [0, 17280531) of share [0, 34561063), accumulated): redistribute 0.040 ntt 0.457 crt 0.001 out 0.033 spills+carry 0.017 total 0.548 s
dist_mn node 1: 2^25 = 2^12 x 2^13 over 2 x 4 ranks, 4 primes, P24 (rows 512..512; 34561064 + 8640266 limbs at 17280532, window [17280531, 43201330) of share [34561063, 69122127), accumulated): redistribute 0.039 ntt 0.458 crt 0.001 out 0.034 spills+carry 0.017 total 0.548 s
dist_mn node 0: 2^25 = 2^12 x 2^13 over 2 x 4 ranks, 4 primes, P24 (rows 512..512; 34561064 + 8640266 limbs at 25920798, window [0, 8640265) of share [0, 34561063), accumulated): redistribute 0.038 ntt 0.480 crt 0.002 out 0.027 spills+carry 0.008 total 0.554 s
dist_mn node 0: 34561064 x 34561064 limbs over 2 x 4 ranks (cap 2^25 points, P24): 1 x 4 pieces, 4 formed, 0 skipped (low product) (low cut) (cache 0 slots: 0 hits, 0 misses)
dist_mn node 1: 2^25 = 2^12 x 2^13 over 2 x 4 ranks, 4 primes, P24 (rows 512..512; 34561064 + 8640266 limbs at 25920798, window [8640265, 43201329) of share [34561063, 69122127), accumulated): redistribute 0.037 ntt 0.475 crt 0.002 out 0.032 spills+carry 0.008 total 0.554 s
dist_mn node 1: 34561064 x 34561064 limbs over 2 x 4 ranks (cap 2^25 points, P24): 1 x 4 pieces, 4 formed, 0 skipped (low product) (low cut) (cache 0 slots: 0 hits, 0 misses)
dist_mn node 0: 34561064 + 34561064 limbs -> 69122127 (share 34561063): redistribute 0.164 ntt 1.952 crt 0.005 out 0.136 spills+carry 0.047, total 2.279 s
dist_mn node 1: 34561064 + 34561064 limbs -> 69122127 (share 34561064): redistribute 0.163 ntt 1.952 crt 0.005 out 0.140 spills+carry 0.047, total 2.279 s
dist_mn node 0: 34561064 x 34561064 limbs over 2 x 4 ranks (cap 2^25 points, P24): 1 x 4 pieces, 0 formed, 4 skipped (low cut) (cache 0 slots: 0 hits, 0 misses)
dist_mn node 1: 34561064 x 34561064 limbs over 2 x 4 ranks (cap 2^25 points, P24): 1 x 4 pieces, 0 formed, 4 skipped (low cut) (cache 0 slots: 0 hits, 0 misses)
dist_mn node 1: 34561064 + 34561064 limbs -> 0 (share 34561064): redistribute 0.000 ntt 0.000 crt 0.000 out 0.000 spills+carry 0.000, total 0.004 s
dist_mn node 0: 34561064 + 34561064 limbs -> 0 (share 34561064): redistribute 0.000 ntt 0.000 crt 0.000 out 0.000 spills+carry 0.000, total 0.005 s
mdev 3*2^24 (43201330 limbs): repack 0.036 h2d 0.001 fwd 0.009 inv 0.004 d2h 0.025 crt 0.012 total 0.076 s
mdev 3*2^24 (43201330 limbs): repack 0.030 h2d 0.001 fwd 0.008 inv 0.005 d2h 0.047 crt 0.015 total 0.099 s
mdev 3*2^24 (43201330 limbs): repack 0.043 h2d 0.001 fwd 0.006 inv 0.003 d2h 0.030 crt 0.009 total 0.089 s
mdev 3*2^24 (43201330 limbs): repack 0.036 h2d 0.002 fwd 0.005 inv 0.005 d2h 0.041 crt 0.019 total 0.092 s
mdev 3*2^24 (43201330 limbs): repack 0.050 h2d 0.001 fwd 0.005 inv 0.003 d2h 0.024 crt 0.011 total 0.089 s
mdev 3*2^24 (43201330 limbs): repack 0.047 h2d 0.001 fwd 0.005 inv 0.003 d2h 0.021 crt 0.003 total 0.080 s
mdev 3*2^24 (43201330 limbs): repack 0.034 h2d 0.001 fwd 0.005 inv 0.003 d2h 0.027 crt 0.007 total 0.075 s
mdev 3*2^24 (43201330 limbs): repack 0.050 h2d 0.001 fwd 0.005 inv 0.003 d2h 0.020 crt 0.003 total 0.082 s
dist_mn node 0: 34561064 x 34561064 limbs over 2 x 4 ranks (cap 2^25 points, P24): 1 x 4 pieces, 0 formed, 4 skipped (low product) (low cut) (cache 0 slots: 0 hits, 0 misses)
dist_mn node 1: 34561064 x 34561064 limbs over 2 x 4 ranks (cap 2^25 points, P24): 1 x 4 pieces, 0 formed, 4 skipped (low product) (low cut) (cache 0 slots: 0 hits, 0 misses)
dist_mn node 0: 34561064 + 34561064 limbs -> 0 (share 34561063): redistribute 0.000 ntt 0.000 crt 0.000 out 0.000 spills+carry 0.000, total 0.002 s
dist_mn node 1: 34561064 + 34561064 limbs -> 0 (share 34561064): redistribute 0.000 ntt 0.000 crt 0.000 out 0.000 spills+carry 0.000, total 0.002 s
mdev 3*2^24 (43201330 limbs): repack 0.053 h2d 0.001 fwd 0.009 inv 0.004 d2h 0.032 crt 0.030 total 0.100 s
mdev 3*2^24 (43201330 limbs): repack 0.037 h2d 0.001 fwd 0.009 inv 0.005 d2h 0.047 crt 0.017 total 0.099 s
mdev 3*2^24 (43201330 limbs): repack 0.044 h2d 0.001 fwd 0.005 inv 0.005 d2h 0.040 crt 0.016 total 0.098 s
mdev 3*2^24 (43201330 limbs): repack 0.052 h2d 0.001 fwd 0.007 inv 0.003 d2h 0.028 crt 0.030 total 0.093 s
mdev 3*2^24 (43201330 limbs): repack 0.037 h2d 0.001 fwd 0.005 inv 0.004 d2h 0.030 crt 0.012 total 0.085 s
mdev 3*2^24 (43201330 limbs): repack 0.038 h2d 0.001 fwd 0.006 inv 0.004 d2h 0.033 crt 0.022 total 0.085 s
mdev 3*2^24 (43201330 limbs): repack 0.034 h2d 0.001 fwd 0.005 inv 0.004 d2h 0.021 crt 0.016 total 0.070 s
mdev 3*2^24 (43201330 limbs): repack 0.032 h2d 0.001 fwd 0.006 inv 0.003 d2h 0.019 crt 0.010 total 0.068 s
dist_mn node 0: 2^25 = 2^12 x 2^13 over 2 x 4 ranks, 4 primes, P24 (rows 512..512; 34561064 + 8640266 limbs at 0, window [0, 34561064) of share [0, 34561064)): redistribute 0.027 ntt 0.364 crt 0.001 out 0.029 spills+carry 0.002 total 0.421 s
dist_mn node 1: 2^25 = 2^12 x 2^13 over 2 x 4 ranks, 4 primes, P24 (rows 512..512; 34561064 + 8640266 limbs at 0, window [34561064, 43201330) of share [34561064, 69122128)): redistribute 0.027 ntt 0.369 crt 0.001 out 0.026 spills+carry 0.002 total 0.420 s
dist_mn node 0: 2^25 = 2^12 x 2^13 over 2 x 4 ranks, 4 primes, P24 (rows 512..512; 34561064 + 8640266 limbs at 8640266, window [0, 25920798) of share [0, 34561064), accumulated): redistribute 0.028 ntt 0.484 crt 0.001 out 0.036 spills+carry 0.020 total 0.568 s
dist_mn node 1: 2^25 = 2^12 x 2^13 over 2 x 4 ranks, 4 primes, P24 (rows 512..512; 34561064 + 8640266 limbs at 8640266, window [25920798, 43201330) of share [34561064, 69122128), accumulated): redistribute 0.031 ntt 0.480 crt 0.001 out 0.038 spills+carry 0.020 total 0.568 s
dist_mn node 0: 2^25 = 2^12 x 2^13 over 2 x 4 ranks, 4 primes, P24 (rows 512..512; 34561064 + 8640266 limbs at 17280532, window [0, 17280532) of share [0, 34561064), accumulated): redistribute 0.045 ntt 0.463 crt 0.001 out 0.035 spills+carry 0.017 total 0.556 s
dist_mn node 1: 2^25 = 2^12 x 2^13 over 2 x 4 ranks, 4 primes, P24 (rows 512..512; 34561064 + 8640266 limbs at 17280532, window [17280532, 43201330) of share [34561064, 69122128), accumulated): redistribute 0.044 ntt 0.462 crt 0.001 out 0.034 spills+carry 0.017 total 0.556 s
dist_mn node 0: 2^25 = 2^12 x 2^13 over 2 x 4 ranks, 4 primes, P24 (rows 512..512; 34561064 + 8640266 limbs at 25920798, window [0, 8640266) of share [0, 34561064), accumulated): redistribute 0.040 ntt 0.453 crt 0.001 out 0.041 spills+carry 0.008 total 0.543 s
dist_mn node 0: 34561064 x 34561064 limbs over 2 x 4 ranks (cap 2^25 points, P24): 1 x 4 pieces, 4 formed, 0 skipped (cache 0 slots: 0 hits, 0 misses)
dist_mn node 1: 2^25 = 2^12 x 2^13 over 2 x 4 ranks, 4 primes, P24 (rows 512..512; 34561064 + 8640266 limbs at 25920798, window [8640266, 43201330) of share [34561064, 69122128), accumulated): redistribute 0.041 ntt 0.450 crt 0.001 out 0.044 spills+carry 0.008 total 0.544 s
dist_mn node 1: 34561064 x 34561064 limbs over 2 x 4 ranks (cap 2^25 points, P24): 1 x 4 pieces, 4 formed, 0 skipped (cache 0 slots: 0 hits, 0 misses)
dist_mn node 0: 34561064 + 34561064 limbs -> 69122128 (share 34561064): redistribute 0.141 ntt 1.765 crt 0.004 out 0.141 spills+carry 0.047, total 2.092 s
dist_mn node 1: 34561064 + 34561064 limbs -> 69122128 (share 34561064): redistribute 0.143 ntt 1.761 crt 0.004 out 0.142 spills+carry 0.047, total 2.280 s
dist_mn node 0: 2^25 = 2^12 x 2^13 over 2 x 4 ranks, 4 primes, P24 (rows 512..512; 34561064 + 8640266 limbs at 0, window [0, 34561063) of share [0, 34561063)): redistribute 0.049 ntt 0.495 crt 0.001 out 0.032 spills+carry 0.002 total 0.564 s
dist_mn node 1: 2^25 = 2^12 x 2^13 over 2 x 4 ranks, 4 primes, P24 (rows 512..512; 34561064 + 8640266 limbs at 0, window [34561063, 43201330) of share [34561063, 69122127)): redistribute 0.051 ntt 0.497 crt 0.001 out 0.034 spills+carry 0.002 total 0.563 s
dist_mn node 0: 2^25 = 2^12 x 2^13 over 2 x 4 ranks, 4 primes, P24 (rows 512..512; 34561064 + 8640266 limbs at 8640266, window [0, 25920797) of share [0, 34561063), accumulated): redistribute 0.037 ntt 0.506 crt 0.001 out 0.035 spills+carry 0.020 total 0.592 s
dist_mn node 1: 2^25 = 2^12 x 2^13 over 2 x 4 ranks, 4 primes, P24 (rows 512..512; 34561064 + 8640266 limbs at 8640266, window [25920797, 43201330) of share [34561063, 69122127), accumulated): redistribute 0.042 ntt 0.501 crt 0.001 out 0.037 spills+carry 0.020 total 0.592 s
dist_mn node 0: 2^25 = 2^12 x 2^13 over 2 x 4 ranks, 4 primes, P24 (rows 512..512; 34561064 + 8640266 limbs at 17280532, window [0, 17280531) of share [0, 34561063), accumulated): redistribute 0.042 ntt 0.493 crt 0.001 out 0.042 spills+carry 0.018 total 0.592 s
dist_mn node 1: 2^25 = 2^12 x 2^13 over 2 x 4 ranks, 4 primes, P24 (rows 512..512; 34561064 + 8640266 limbs at 17280532, window [17280531, 43201330) of share [34561063, 69122127), accumulated): redistribute 0.041 ntt 0.493 crt 0.001 out 0.046 spills+carry 0.018 total 0.592 s
dist_mn node 0: 2^25 = 2^12 x 2^13 over 2 x 4 ranks, 4 primes, P24 (rows 512..512; 34561064 + 8640266 limbs at 25920798, window [0, 8640265) of share [0, 34561063), accumulated): redistribute 0.057 ntt 0.474 crt 0.001 out 0.026 spills+carry 0.008 total 0.545 s
dist_mn node 0: 34561064 x 34561064 limbs over 2 x 4 ranks (cap 2^25 points, P24): 1 x 4 pieces, 4 formed, 0 skipped (low product) (cache 0 slots: 0 hits, 0 misses)
dist_mn node 1: 2^25 = 2^12 x 2^13 over 2 x 4 ranks, 4 primes, P24 (rows 512..512; 34561064 + 8640266 limbs at 25920798, window [8640265, 43201329) of share [34561063, 69122127), accumulated): redistribute 0.050 ntt 0.475 crt 0.001 out 0.031 spills+carry 0.008 total 0.545 s
dist_mn node 1: 34561064 x 34561064 limbs over 2 x 4 ranks (cap 2^25 points, P24): 1 x 4 pieces, 4 formed, 0 skipped (low product) (cache 0 slots: 0 hits, 0 misses)
dist_mn node 0: 34561064 + 34561064 limbs -> 69122127 (share 34561063): redistribute 0.184 ntt 1.968 crt 0.004 out 0.136 spills+carry 0.048, total 2.295 s
dist_mn node 1: 34561064 + 34561064 limbs -> 69122127 (share 34561064): redistribute 0.185 ntt 1.966 crt 0.004 out 0.147 spills+carry 0.048, total 2.295 s
dist_mn node 0: 2^25 = 2^12 x 2^13 over 2 x 4 ranks, 4 primes, P24 (rows 512..512; 17280532 + 17280529 limbs at 0, window [0, 25920794) of share [0, 25920794)): redistribute 0.068 ntt 0.499 crt 0.002 out 0.034 spills+carry 0.001 total 0.578 s
dist_mn node 1: 2^25 = 2^12 x 2^13 over 2 x 4 ranks, 4 primes, P24 (rows 512..512; 17280532 + 17280529 limbs at 0, window [25920794, 34561061) of share [25920794, 51841589)): redistribute 0.067 ntt 0.499 crt 0.002 out 0.041 spills+carry 0.001 total 0.578 s
dist_mn node 0: 2^25 = 2^12 x 2^13 over 2 x 4 ranks, 4 primes, P24 (rows 512..512; 17280532 + 17280528 limbs at 17280529, window [0, 8640265) of share [0, 25920794), accumulated): redistribute 0.035 ntt 0.479 crt 0.001 out 0.029 spills+carry 0.006 total 0.543 s
dist_mn node 0: 17280532 x 34561057 limbs over 2 x 4 ranks (cap 2^25 points, P24): 1 x 2 pieces, 2 formed, 0 skipped (cache 0 slots: 0 hits, 0 misses)
dist_mn node 1: 2^25 = 2^12 x 2^13 over 2 x 4 ranks, 4 primes, P24 (rows 512..512; 17280532 + 17280528 limbs at 17280529, window [8640265, 34561060) of share [25920794, 51841589), accumulated): redistribute 0.034 ntt 0.480 crt 0.001 out 0.022 spills+carry 0.006 total 0.543 s
dist_mn node 1: 17280532 x 34561057 limbs over 2 x 4 ranks (cap 2^25 points, P24): 1 x 2 pieces, 2 formed, 0 skipped (cache 0 slots: 0 hits, 0 misses)
dist_mn node 0: 17280532 + 34561057 limbs -> 51841589 (share 25920794): redistribute 0.102 ntt 0.978 crt 0.002 out 0.063 spills+carry 0.007, total 1.122 s
dist_mn node 1: 17280532 + 34561057 limbs -> 51841589 (share 25920795): redistribute 0.101 ntt 0.979 crt 0.002 out 0.063 spills+carry 0.007, total 1.122 s
mdev 2^26 (51841589 limbs): repack 0.058 h2d 0.001 fwd 0.012 inv 0.005 d2h 0.038 crt 0.030 total 0.118 s
mdev 2^26 (51841589 limbs): repack 0.060 h2d 0.001 fwd 0.010 inv 0.006 d2h 0.045 crt 0.042 total 0.127 s
dist_mn node 0: 2^25 = 2^12 x 2^13 over 2 x 4 ranks, 4 primes, P24 (rows 512..512; 17280532 + 17280529 limbs at 0, window [0, 8640267) of share [0, 8640267)): redistribute 0.041 ntt 0.482 crt 0.001 out 0.027 spills+carry 0.001 total 0.529 s
dist_mn node 1: 2^25 = 2^12 x 2^13 over 2 x 4 ranks, 4 primes, P24 (rows 512..512; 17280532 + 17280529 limbs at 0, window [8640267, 17280535) of share [8640267, 17280535)): redistribute 0.039 ntt 0.487 crt 0.001 out 0.021 spills+carry 0.001 total 0.529 s
dist_mn node 0: 2^25 = 2^12 x 2^13 over 2 x 4 ranks, 4 primes, P24 (rows 512..512; 17280532 + 17280528 limbs at 17280529, window [0, 0) of share [0, 8640267), accumulated): redistribute 0.033 ntt 0.478 crt 0.001 out 0.007 spills+carry 0.001 total 0.519 s
dist_mn node 0: 17280532 x 34561057 limbs over 2 x 4 ranks (cap 2^25 points, P24): 1 x 2 pieces, 2 formed, 0 skipped (low product) (cache 0 slots: 0 hits, 0 misses)
dist_mn node 1: 2^25 = 2^12 x 2^13 over 2 x 4 ranks, 4 primes, P24 (rows 512..512; 17280532 + 17280528 limbs at 17280529, window [0, 6) of share [8640267, 17280535), accumulated): redistribute 0.033 ntt 0.485 crt 0.001 out 0.001 spills+carry 0.001 total 0.519 s
dist_mn node 1: 17280532 x 34561057 limbs over 2 x 4 ranks (cap 2^25 points, P24): 1 x 2 pieces, 2 formed, 0 skipped (low product) (cache 0 slots: 0 hits, 0 misses)
dist_mn node 0: 17280532 + 34561057 limbs -> 17280535 (share 8640267): redistribute 0.074 ntt 0.960 crt 0.002 out 0.034 spills+carry 0.001, total 1.050 s
dist_mn node 1: 17280532 + 34561057 limbs -> 17280535 (share 8640268): redistribute 0.072 ntt 0.972 crt 0.002 out 0.022 spills+carry 0.001, total 1.075 s
dist_mn node 0: 2^25 = 2^12 x 2^13 over 2 x 4 ranks, 4 primes, P24 (rows 512..512; 34561064 + 8640266 limbs at 0, window [0, 34561064) of share [0, 34561064)): redistribute 0.046 ntt 0.536 crt 0.001 out 0.081 spills+carry 0.001 total 0.645 s
dist_mn node 1: 2^25 = 2^12 x 2^13 over 2 x 4 ranks, 4 primes, P24 (rows 512..512; 34561064 + 8640266 limbs at 0, window [34561064, 43201330) of share [34561064, 69122129)): redistribute 0.043 ntt 0.540 crt 0.001 out 0.075 spills+carry 0.001 total 0.644 s
dist_mn node 0: 2^25 = 2^12 x 2^13 over 2 x 4 ranks, 4 primes, P24 (rows 512..512; 34561064 + 8640266 limbs at 8640266, window [0, 25920798) of share [0, 34561064), accumulated): redistribute 0.032 ntt 0.530 crt 0.001 out 0.045 spills+carry 0.020 total 0.623 s
dist_mn node 1: 2^25 = 2^12 x 2^13 over 2 x 4 ranks, 4 primes, P24 (rows 512..512; 34561064 + 8640266 limbs at 8640266, window [25920798, 43201330) of share [34561064, 69122129), accumulated): redistribute 0.033 ntt 0.530 crt 0.001 out 0.039 spills+carry 0.020 total 0.623 s
dist_mn node 0: 2^25 = 2^12 x 2^13 over 2 x 4 ranks, 4 primes, P24 (rows 512..512; 34561064 + 8640266 limbs at 17280532, window [0, 17280532) of share [0, 34561064), accumulated): redistribute 0.050 ntt 0.518 crt 0.001 out 0.043 spills+carry 0.018 total 0.611 s
dist_mn node 1: 2^25 = 2^12 x 2^13 over 2 x 4 ranks, 4 primes, P24 (rows 512..512; 34561064 + 8640266 limbs at 17280532, window [17280532, 43201330) of share [34561064, 69122129), accumulated): redistribute 0.049 ntt 0.519 crt 0.001 out 0.038 spills+carry 0.018 total 0.611 s
dist_mn node 0: 2^25 = 2^12 x 2^13 over 2 x 4 ranks, 4 primes, P24 (rows 512..512; 34561064 + 8640266 limbs at 25920798, window [0, 8640266) of share [0, 34561064), accumulated): redistribute 0.045 ntt 0.539 crt 0.001 out 0.040 spills+carry 0.008 total 0.622 s
dist_mn node 1: 2^25 = 2^12 x 2^13 over 2 x 4 ranks, 4 primes, P24 (rows 512..512; 34561064 + 8640266 limbs at 25920798, window [8640266, 43201330) of share [34561064, 69122129), accumulated): redistribute 0.045 ntt 0.544 crt 0.001 out 0.036 spills+carry 0.008 total 0.622 s
mdb_add_shifted node 0: 34561061 limbs at 0 into a basis of 69122129 (my window [0, 34561061), 1 rounds of 8640272; slabs 8640265 + 8640265 limbs per APU 0): 0.038 s
dist_mn node 0: 34561064 x 34561064 limbs over 2 x 4 ranks (cap 2^25 points, P24): 1 x 4 pieces, 4 formed, 0 skipped (cache 0 slots: 0 hits, 0 misses)
mdb_add_shifted node 1: 34561061 limbs at 0 into a basis of 69122129 (my window [34561064, 34561064), 1 rounds of 8640272; slabs 0 + 0 limbs per APU 0): 0.038 s
dist_mn node 1: 34561064 x 34561064 limbs over 2 x 4 ranks (cap 2^25 points, P24): 1 x 4 pieces, 4 formed, 0 skipped (cache 0 slots: 0 hits, 0 misses)
dist_mn node 0: 34561064 + 34561064 + x limbs -> 69122128 (share 34561064): redistribute 0.172 ntt 2.124 crt 0.004 out 0.208 spills+carry 0.047, total 2.549 s
dist_mn node 1: 34561064 + 34561064 + x limbs -> 69122128 (share 34561065): redistribute 0.170 ntt 2.134 crt 0.003 out 0.188 spills+carry 0.047, total 2.542 s
mdb_add_shifted node 0: 34561061 limbs at 0 into a basis of 69122129 (my window [0, 34561061), 1 rounds of 8640272; slabs 8640265 + 8640265 limbs per APU 0): 0.177 s
mdb_add_shifted node 1: 34561061 limbs at 0 into a basis of 69122129 (my window [34561064, 34561064), 1 rounds of 8640272; slabs 0 + 0 limbs per APU 0): 0.174 s
mdb_add_shifted node 1: 34561061 limbs at 7 into a basis of 69122129 (my window [34561064, 34561068), 1 rounds of 8640272; slabs 1 + 1 limbs per APU 0): 0.131 s
mdb_add_shifted node 0: 34561061 limbs at 7 into a basis of 69122129 (my window [7, 34561064), 1 rounds of 8640272; slabs 8640264 + 8640264 limbs per APU 0): 0.110 s
mdb_add_shifted node 0: 34561061 limbs at 17280532 into a basis of 69122129 (my window [17280532, 34561064), 1 rounds of 4320144; slabs 4320133 + 4320133 limbs per APU 0): 0.029 s
mdb_add_shifted node 1: 34561061 limbs at 17280532 into a basis of 69122129 (my window [34561064, 51841593), 1 rounds of 4320144; slabs 4320132 + 4320132 limbs per APU 0): 0.046 s
mdb_add_shifted node 1: 34561061 limbs at 34561064 into a basis of 69122129 (my window [34561064, 69122125), 1 rounds of 8640272; slabs 0 + 8640265 limbs per APU 0): 0.081 s
mdb_add_shifted node 0: 34561061 limbs at 34561064 into a basis of 69122129 (my window [34561064, 34561064), 1 rounds of 8640272; slabs 8640265 + 0 limbs per APU 0): 0.067 s
dist_mn node 0: 2^25 = 2^12 x 2^13 over 2 x 4 ranks, 4 primes, P24 (rows 512..512; 34561064 + 8640266 limbs at 0, window [0, 34561064) of share [0, 34561064)): redistribute 0.067 ntt 0.545 crt 0.001 out 0.037 spills+carry 0.003 total 0.633 s
dist_mn node 1: 2^25 = 2^12 x 2^13 over 2 x 4 ranks, 4 primes, P24 (rows 512..512; 34561064 + 8640266 limbs at 0, window [34561064, 43201330) of share [34561064, 69122128)): redistribute 0.067 ntt 0.543 crt 0.001 out 0.038 spills+carry 0.003 total 0.633 s
dist_mn node 0: 2^25 = 2^12 x 2^13 over 2 x 4 ranks, 4 primes, P24 (rows 512..512; 34561064 + 8640266 limbs at 8640266, window [0, 25920798) of share [0, 34561064), accumulated): redistribute 0.038 ntt 0.511 crt 0.002 out 0.039 spills+carry 0.021 total 0.604 s
dist_mn node 1: 2^25 = 2^12 x 2^13 over 2 x 4 ranks, 4 primes, P24 (rows 512..512; 34561064 + 8640266 limbs at 8640266, window [25920798, 43201330) of share [34561064, 69122128), accumulated): redistribute 0.050 ntt 0.508 crt 0.002 out 0.037 spills+carry 0.022 total 0.604 s
dist_mn node 0: 2^25 = 2^12 x 2^13 over 2 x 4 ranks, 4 primes, P24 (rows 512..512; 34561064 + 8640266 limbs at 17280532, window [0, 17280532) of share [0, 34561064), accumulated): redistribute 0.043 ntt 0.475 crt 0.001 out 0.044 spills+carry 0.020 total 0.573 s
dist_mn node 1: 2^25 = 2^12 x 2^13 over 2 x 4 ranks, 4 primes, P24 (rows 512..512; 34561064 + 8640266 limbs at 17280532, window [17280532, 43201330) of share [34561064, 69122128), accumulated): redistribute 0.043 ntt 0.475 crt 0.001 out 0.040 spills+carry 0.020 total 0.573 s
dist_mn node 0: 2^25 = 2^12 x 2^13 over 2 x 4 ranks, 4 primes, P24 (rows 512..512; 34561064 + 8640266 limbs at 25920798, window [0, 8640266) of share [0, 34561064), accumulated): redistribute 0.044 ntt 0.492 crt 0.001 out 0.036 spills+carry 0.012 total 0.577 s
dist_mn node 0: 34561064 x 34561064 limbs over 2 x 4 ranks (cap 2^25 points, P24): 1 x 4 pieces, 4 formed, 0 skipped (cache 0 slots: 0 hits, 0 misses)
dist_mn node 1: 2^25 = 2^12 x 2^13 over 2 x 4 ranks, 4 primes, P24 (rows 512..512; 34561064 + 8640266 limbs at 25920798, window [8640266, 43201330) of share [34561064, 69122128), accumulated): redistribute 0.043 ntt 0.491 crt 0.001 out 0.036 spills+carry 0.012 total 0.577 s
dist_mn node 1: 34561064 x 34561064 limbs over 2 x 4 ranks (cap 2^25 points, P24): 1 x 4 pieces, 4 formed, 0 skipped (cache 0 slots: 0 hits, 0 misses)
dist_mn node 0: 34561064 + 34561064 limbs -> 69122128 (share 34561064): redistribute 0.191 ntt 2.023 crt 0.005 out 0.157 spills+carry 0.056, total 2.390 s
dist_mn node 1: 34561064 + 34561064 limbs -> 69122128 (share 34561064): redistribute 0.202 ntt 2.018 crt 0.005 out 0.150 spills+carry 0.056, total 2.393 s
mdev 3*2^25 (69122128 limbs): repack 0.066 h2d 0.002 fwd 0.019 inv 0.013 d2h 0.061 crt 0.069 total 0.160 s
mdev 3*2^25 (69122128 limbs): repack 0.066 h2d 0.002 fwd 0.022 inv 0.010 d2h 0.070 crt 0.073 total 0.170 s
dist_mn node 0: 2^25 = 2^12 x 2^13 over 2 x 4 ranks, 4 primes, P24 (rows 512..512; 34561064 + 8640266 limbs at 0, window [0, 34561064) of share [0, 34561064)): redistribute 0.031 ntt 0.465 crt 0.001 out 0.034 spills+carry 0.003 total 0.533 s
dist_mn node 1: 2^25 = 2^12 x 2^13 over 2 x 4 ranks, 4 primes, P24 (rows 512..512; 34561064 + 8640266 limbs at 0, window [34561064, 43201330) of share [34561064, 69122129)): redistribute 0.033 ntt 0.462 crt 0.001 out 0.036 spills+carry 0.003 total 0.533 s
dist_mn node 0: 2^25 = 2^12 x 2^13 over 2 x 4 ranks, 4 primes, P24 (rows 512..512; 34561064 + 8640266 limbs at 8640266, window [0, 25920798) of share [0, 34561064), accumulated): redistribute 0.030 ntt 0.459 crt 0.001 out 0.047 spills+carry 0.024 total 0.560 s
dist_mn node 1: 2^25 = 2^12 x 2^13 over 2 x 4 ranks, 4 primes, P24 (rows 512..512; 34561064 + 8640266 limbs at 8640266, window [25920798, 43201330) of share [34561064, 69122129), accumulated): redistribute 0.041 ntt 0.455 crt 0.001 out 0.040 spills+carry 0.023 total 0.560 s
dist_mn node 0: 2^25 = 2^12 x 2^13 over 2 x 4 ranks, 4 primes, P24 (rows 512..512; 34561064 + 8640266 limbs at 17280532, window [0, 17280532) of share [0, 34561064), accumulated): redistribute 0.053 ntt 0.520 crt 0.001 out 0.033 spills+carry 0.020 total 0.619 s
dist_mn node 1: 2^25 = 2^12 x 2^13 over 2 x 4 ranks, 4 primes, P24 (rows 512..512; 34561064 + 8640266 limbs at 17280532, window [17280532, 43201330) of share [34561064, 69122129), accumulated): redistribute 0.053 ntt 0.523 crt 0.001 out 0.037 spills+carry 0.020 total 0.619 s
dist_mn node 0: 2^25 = 2^12 x 2^13 over 2 x 4 ranks, 4 primes, P24 (rows 512..512; 34561064 + 8640266 limbs at 25920798, window [0, 8640266) of share [0, 34561064), accumulated): redistribute 0.048 ntt 0.485 crt 0.001 out 0.030 spills+carry 0.012 total 0.571 s
dist_mn node 1: 2^25 = 2^12 x 2^13 over 2 x 4 ranks, 4 primes, P24 (rows 512..512; 34561064 + 8640266 limbs at 25920798, window [8640266, 43201330) of share [34561064, 69122129), accumulated): redistribute 0.044 ntt 0.485 crt 0.001 out 0.036 spills+carry 0.012 total 0.571 s
mdb_add_shifted node 0: 34561061 limbs at 0 into a basis of 69122129 (my window [0, 34561061), 1 rounds of 8640272; slabs 8640265 + 8640265 limbs per APU 0): 0.046 s
dist_mn node 0: 34561064 x 34561064 limbs over 2 x 4 ranks (cap 2^25 points, P24): 1 x 4 pieces, 4 formed, 0 skipped (cache 0 slots: 0 hits, 0 misses)
mdb_add_shifted node 1: 34561061 limbs at 0 into a basis of 69122129 (my window [34561064, 34561064), 1 rounds of 8640272; slabs 0 + 0 limbs per APU 0): 0.046 s
dist_mn node 1: 34561064 x 34561064 limbs over 2 x 4 ranks (cap 2^25 points, P24): 1 x 4 pieces, 4 formed, 0 skipped (cache 0 slots: 0 hits, 0 misses)
dist_mn node 0: 34561064 + 34561064 + x limbs -> 69122128 (share 34561064): redistribute 0.163 ntt 1.928 crt 0.003 out 0.144 spills+carry 0.058, total 2.332 s
dist_mn node 1: 34561064 + 34561064 + x limbs -> 69122128 (share 34561065): redistribute 0.170 ntt 1.924 crt 0.003 out 0.149 spills+carry 0.059, total 2.336 s
dist_mn node 0: 2^25 = 2^12 x 2^13 over 2 x 4 ranks, 4 primes, P24 (rows 512..512; 34561064 + 8640266 limbs at 0, window [0, 17280533) of share [0, 17280533)): redistribute 0.040 ntt 0.502 crt 0.001 out 0.035 spills+carry 0.002 total 0.572 s
dist_mn node 1: 2^25 = 2^12 x 2^13 over 2 x 4 ranks, 4 primes, P24 (rows 512..512; 34561064 + 8640266 limbs at 0, window [17280533, 34561066) of share [17280533, 34561066)): redistribute 0.057 ntt 0.497 crt 0.001 out 0.037 spills+carry 0.002 total 0.572 s
dist_mn node 0: 2^25 = 2^12 x 2^13 over 2 x 4 ranks, 4 primes, P24 (rows 512..512; 34561064 + 8640266 limbs at 8640266, window [0, 8640267) of share [0, 17280533), accumulated): redistribute 0.040 ntt 0.512 crt 0.001 out 0.026 spills+carry 0.010 total 0.580 s
dist_mn node 1: 2^25 = 2^12 x 2^13 over 2 x 4 ranks, 4 primes, P24 (rows 512..512; 34561064 + 8640266 limbs at 8640266, window [8640267, 25920800) of share [17280533, 34561066), accumulated): redistribute 0.051 ntt 0.509 crt 0.001 out 0.025 spills+carry 0.010 total 0.580 s
dist_mn node 0: 2^25 = 2^12 x 2^13 over 2 x 4 ranks, 4 primes, P24 (rows 512..512; 34561064 + 8640266 limbs at 17280532, window [0, 1) of share [0, 17280533), accumulated): redistribute 0.045 ntt 0.500 crt 0.001 out 0.023 spills+carry 0.005 total 0.560 s
dist_mn node 1: 2^25 = 2^12 x 2^13 over 2 x 4 ranks, 4 primes, P24 (rows 512..512; 34561064 + 8640266 limbs at 17280532, window [1, 17280534) of share [17280533, 34561066), accumulated): redistribute 0.041 ntt 0.498 crt 0.001 out 0.023 spills+carry 0.005 total 0.560 s
dist_mn node 0: 2^25 = 2^12 x 2^13 over 2 x 4 ranks, 4 primes, P24 (rows 512..512; 34561064 + 8640266 limbs at 25920798, window [0, 0) of share [0, 17280533), accumulated): redistribute 0.033 ntt 0.496 crt 0.001 out 0.018 spills+carry 0.008 total 0.551 s
dist_mn node 0: 34561064 x 34561064 limbs over 2 x 4 ranks (cap 2^25 points, P24): 1 x 4 pieces, 4 formed, 0 skipped (low product) (cache 0 slots: 0 hits, 0 misses)
dist_mn node 1: 2^25 = 2^12 x 2^13 over 2 x 4 ranks, 4 primes, P24 (rows 512..512; 34561064 + 8640266 limbs at 25920798, window [0, 8640268) of share [17280533, 34561066), accumulated): redistribute 0.029 ntt 0.499 crt 0.001 out 0.014 spills+carry 0.008 total 0.551 s
dist_mn node 1: 34561064 x 34561064 limbs over 2 x 4 ranks (cap 2^25 points, P24): 1 x 4 pieces, 4 formed, 0 skipped (low product) (cache 0 slots: 0 hits, 0 misses)
dist_mn node 0: 34561064 + 34561064 limbs -> 34561066 (share 17280533): redistribute 0.157 ntt 2.010 crt 0.004 out 0.101 spills+carry 0.024, total 2.265 s
dist_mn node 1: 34561064 + 34561064 limbs -> 34561066 (share 17280533): redistribute 0.178 ntt 2.003 crt 0.003 out 0.098 spills+carry 0.024, total 2.265 s
dist_mn node 0: 2^25 = 2^12 x 2^13 over 2 x 4 ranks, 4 primes, P24 (rows 512..512; 17280533 + 17280533 limbs at 0, window [0, 8640266) of share [0, 8640266)): redistribute 0.056 ntt 0.505 crt 0.001 out 0.017 spills+carry 0.003 total 0.557 s
dist_mn node 0: 17280533 x 17280533 limbs over 2 x 4 ranks (cap 2^25 points, P24): 1 x 1 pieces, 1 formed, 0 skipped (low product) (cache 0 slots: 0 hits, 0 misses)
dist_mn node 1: 2^25 = 2^12 x 2^13 over 2 x 4 ranks, 4 primes, P24 (rows 512..512; 17280533 + 17280533 limbs at 0, window [8640266, 17280533) of share [8640266, 17280533)): redistribute 0.060 ntt 0.506 crt 0.001 out 0.023 spills+carry 0.003 total 0.556 s
dist_mn node 1: 17280533 x 17280533 limbs over 2 x 4 ranks (cap 2^25 points, P24): 1 x 1 pieces, 1 formed, 0 skipped (low product) (cache 0 slots: 0 hits, 0 misses)
dist_mn node 0: 17280533 + 17280533 limbs -> 1 (share 8640266): redistribute 0.056 ntt 0.505 crt 0.001 out 0.017 spills+carry 0.003, total 0.558 s
dist_mn node 1: 17280533 + 17280533 limbs -> 1 (share 8640267): redistribute 0.060 ntt 0.506 crt 0.001 out 0.023 spills+carry 0.003, total 0.558 s
dist_mn node 0: 2^25 = 2^12 x 2^13 over 2 x 4 ranks, 4 primes, P24 (rows 512..512; 34561064 + 8640266 limbs at 0, window [0, 34561063) of share [0, 34561063)): redistribute 0.056 ntt 0.514 crt 0.002 out 0.047 spills+carry 0.003 total 0.602 s
dist_mn node 1: 2^25 = 2^12 x 2^13 over 2 x 4 ranks, 4 primes, P24 (rows 512..512; 34561064 + 8640266 limbs at 0, window [34561063, 43201330) of share [34561063, 69122127)): redistribute 0.057 ntt 0.512 crt 0.002 out 0.045 spills+carry 0.003 total 0.601 s
dist_mn node 0: 2^25 = 2^12 x 2^13 over 2 x 4 ranks, 4 primes, P24 (rows 512..512; 34561064 + 8640266 limbs at 8640266, window [0, 25920797) of share [0, 34561063), accumulated): redistribute 0.033 ntt 0.491 crt 0.001 out 0.036 spills+carry 0.023 total 0.579 s
dist_mn node 1: 2^25 = 2^12 x 2^13 over 2 x 4 ranks, 4 primes, P24 (rows 512..512; 34561064 + 8640266 limbs at 8640266, window [25920797, 43201330) of share [34561063, 69122127), accumulated): redistribute 0.042 ntt 0.489 crt 0.001 out 0.030 spills+carry 0.023 total 0.579 s
dist_mn node 0: 2^25 = 2^12 x 2^13 over 2 x 4 ranks, 4 primes, P24 (rows 512..512; 34561064 + 8640266 limbs at 17280532, window [0, 17280531) of share [0, 34561063), accumulated): redistribute 0.047 ntt 0.495 crt 0.002 out 0.045 spills+carry 0.024 total 0.608 s
dist_mn node 1: 2^25 = 2^12 x 2^13 over 2 x 4 ranks, 4 primes, P24 (rows 512..512; 34561064 + 8640266 limbs at 17280532, window [17280531, 43201330) of share [34561063, 69122127), accumulated): redistribute 0.040 ntt 0.502 crt 0.002 out 0.042 spills+carry 0.024 total 0.608 s
dist_mn node 0: 2^25 = 2^12 x 2^13 over 2 x 4 ranks, 4 primes, P24 (rows 512..512; 34561064 + 8640266 limbs at 25920798, window [0, 8640265) of share [0, 34561063), accumulated): redistribute 0.044 ntt 0.508 crt 0.001 out 0.035 spills+carry 0.011 total 0.598 s
dist_mn node 0: 34561064 x 34561064 limbs over 2 x 4 ranks (cap 2^25 points, P24): 1 x 4 pieces, 4 formed, 0 skipped (low product) (cache 0 slots: 0 hits, 0 misses)
dist_mn node 1: 2^25 = 2^12 x 2^13 over 2 x 4 ranks, 4 primes, P24 (rows 512..512; 34561064 + 8640266 limbs at 25920798, window [8640265, 43201329) of share [34561063, 69122127), accumulated): redistribute 0.044 ntt 0.508 crt 0.001 out 0.036 spills+carry 0.012 total 0.598 s
dist_mn node 1: 34561064 x 34561064 limbs over 2 x 4 ranks (cap 2^25 points, P24): 1 x 4 pieces, 4 formed, 0 skipped (low product) (cache 0 slots: 0 hits, 0 misses)
dist_mn node 0: 34561064 + 34561064 limbs -> 69122127 (share 34561063): redistribute 0.180 ntt 2.009 crt 0.005 out 0.163 spills+carry 0.062, total 2.389 s
dist_mn node 1: 34561064 + 34561064 limbs -> 69122127 (share 34561064): redistribute 0.184 ntt 2.010 crt 0.005 out 0.153 spills+carry 0.062, total 2.389 s
dist_mn node 0: 2^25 = 2^12 x 2^13 over 2 x 4 ranks, 4 primes, P24 (rows 512..512; 34561064 + 8640266 limbs at 0, window [0, 34561064) of share [0, 34561064)): redistribute 0.051 ntt 0.428 crt 0.001 out 0.033 spills+carry 0.003 total 0.509 s
dist_mn node 1: 2^25 = 2^12 x 2^13 over 2 x 4 ranks, 4 primes, P24 (rows 512..512; 34561064 + 8640266 limbs at 0, window [34561064, 43201330) of share [34561064, 69122128)): redistribute 0.056 ntt 0.422 crt 0.001 out 0.034 spills+carry 0.003 total 0.508 s
dist_mn node 0: 2^25 = 2^12 x 2^13 over 2 x 4 ranks, 4 primes, P24 (rows 512..512; 34561064 + 8640266 limbs at 8640266, window [0, 25920798) of share [0, 34561064), accumulated): redistribute 0.033 ntt 0.466 crt 0.001 out 0.048 spills+carry 0.023 total 0.569 s
dist_mn node 1: 2^25 = 2^12 x 2^13 over 2 x 4 ranks, 4 primes, P24 (rows 512..512; 34561064 + 8640266 limbs at 8640266, window [25920798, 43201330) of share [34561064, 69122128), accumulated): redistribute 0.033 ntt 0.468 crt 0.001 out 0.044 spills+carry 0.023 total 0.569 s
dist_mn node 0: 2^25 = 2^12 x 2^13 over 2 x 4 ranks, 4 primes, P24 (rows 512..512; 34561064 + 8640266 limbs at 17280532, window [0, 17280532) of share [0, 34561064), accumulated): redistribute 0.038 ntt 0.470 crt 0.001 out 0.044 spills+carry 0.021 total 0.572 s
dist_mn node 1: 2^25 = 2^12 x 2^13 over 2 x 4 ranks, 4 primes, P24 (rows 512..512; 34561064 + 8640266 limbs at 17280532, window [17280532, 43201330) of share [34561064, 69122128), accumulated): redistribute 0.038 ntt 0.471 crt 0.001 out 0.047 spills+carry 0.021 total 0.572 s
dist_mn node 0: 2^25 = 2^12 x 2^13 over 2 x 4 ranks, 4 primes, P24 (rows 512..512; 34561064 + 8640266 limbs at 25920798, window [0, 8640266) of share [0, 34561064), accumulated): redistribute 0.048 ntt 0.481 crt 0.001 out 0.039 spills+carry 0.012 total 0.580 s
dist_mn node 0: 34561064 x 34561064 limbs over 2 x 4 ranks (cap 2^25 points, P24): 1 x 4 pieces, 4 formed, 0 skipped (low cut) (cache 0 slots: 0 hits, 0 misses)
dist_mn node 1: 2^25 = 2^12 x 2^13 over 2 x 4 ranks, 4 primes, P24 (rows 512..512; 34561064 + 8640266 limbs at 25920798, window [8640266, 43201330) of share [34561064, 69122128), accumulated): redistribute 0.047 ntt 0.487 crt 0.001 out 0.032 spills+carry 0.012 total 0.580 s
dist_mn node 1: 34561064 x 34561064 limbs over 2 x 4 ranks (cap 2^25 points, P24): 1 x 4 pieces, 4 formed, 0 skipped (low cut) (cache 0 slots: 0 hits, 0 misses)
dist_mn node 0: 34561064 + 34561064 limbs -> 69122128 (share 34561064): redistribute 0.170 ntt 1.845 crt 0.004 out 0.164 spills+carry 0.058, total 2.232 s
dist_mn node 1: 34561064 + 34561064 limbs -> 69122128 (share 34561064): redistribute 0.174 ntt 1.848 crt 0.004 out 0.157 spills+carry 0.058, total 2.232 s
dist_mn node 0: 2^25 = 2^12 x 2^13 over 2 x 4 ranks, 4 primes, P24 (rows 512..512; 34561064 + 8640266 limbs at 0, window [0, 34561063) of share [0, 34561063)): redistribute 0.056 ntt 0.457 crt 0.002 out 0.030 spills+carry 0.003 total 0.538 s
dist_mn node 1: 2^25 = 2^12 x 2^13 over 2 x 4 ranks, 4 primes, P24 (rows 512..512; 34561064 + 8640266 limbs at 0, window [34561063, 43201330) of share [34561063, 69122127)): redistribute 0.057 ntt 0.456 crt 0.002 out 0.031 spills+carry 0.003 total 0.537 s
dist_mn node 0: 2^25 = 2^12 x 2^13 over 2 x 4 ranks, 4 primes, P24 (rows 512..512; 34561064 + 8640266 limbs at 8640266, window [0, 25920797) of share [0, 34561063), accumulated): redistribute 0.029 ntt 0.472 crt 0.001 out 0.037 spills+carry 0.020 total 0.559 s
dist_mn node 1: 2^25 = 2^12 x 2^13 over 2 x 4 ranks, 4 primes, P24 (rows 512..512; 34561064 + 8640266 limbs at 8640266, window [25920797, 43201330) of share [34561063, 69122127), accumulated): redistribute 0.037 ntt 0.470 crt 0.001 out 0.037 spills+carry 0.020 total 0.559 s
dist_mn node 0: 2^25 = 2^12 x 2^13 over 2 x 4 ranks, 4 primes, P24 (rows 512..512; 34561064 + 8640266 limbs at 17280532, window [0, 17280531) of share [0, 34561063), accumulated): redistribute 0.037 ntt 0.441 crt 0.001 out 0.047 spills+carry 0.020 total 0.545 s
dist_mn node 1: 2^25 = 2^12 x 2^13 over 2 x 4 ranks, 4 primes, P24 (rows 512..512; 34561064 + 8640266 limbs at 17280532, window [17280531, 43201330) of share [34561063, 69122127), accumulated): redistribute 0.037 ntt 0.447 crt 0.001 out 0.040 spills+carry 0.020 total 0.545 s
dist_mn node 0: 2^25 = 2^12 x 2^13 over 2 x 4 ranks, 4 primes, P24 (rows 512..512; 34561064 + 8640266 limbs at 25920798, window [0, 8640265) of share [0, 34561063), accumulated): redistribute 0.056 ntt 0.485 crt 0.001 out 0.024 spills+carry 0.012 total 0.560 s
dist_mn node 0: 34561064 x 34561064 limbs over 2 x 4 ranks (cap 2^25 points, P24): 1 x 4 pieces, 4 formed, 0 skipped (low product) (low cut) (cache 0 slots: 0 hits, 0 misses)
dist_mn node 1: 2^25 = 2^12 x 2^13 over 2 x 4 ranks, 4 primes, P24 (rows 512..512; 34561064 + 8640266 limbs at 25920798, window [8640265, 43201329) of share [34561063, 69122127), accumulated): redistribute 0.056 ntt 0.488 crt 0.001 out 0.022 spills+carry 0.012 total 0.560 s
dist_mn node 1: 34561064 x 34561064 limbs over 2 x 4 ranks (cap 2^25 points, P24): 1 x 4 pieces, 4 formed, 0 skipped (low product) (low cut) (cache 0 slots: 0 hits, 0 misses)
dist_mn node 0: 34561064 + 34561064 limbs -> 69122127 (share 34561063): redistribute 0.178 ntt 1.855 crt 0.004 out 0.137 spills+carry 0.055, total 2.204 s
dist_mn node 1: 34561064 + 34561064 limbs -> 69122127 (share 34561064): redistribute 0.186 ntt 1.862 crt 0.004 out 0.130 spills+carry 0.055, total 2.204 s
dist_mn node 0: 2^25 = 2^12 x 2^13 over 2 x 4 ranks, 4 primes, P24 (rows 512..512; 34561064 + 8640266 limbs at 0, window [0, 34561064) of share [0, 34561064)): redistribute 0.075 ntt 0.513 crt 0.001 out 0.029 spills+carry 0.003 total 0.586 s
dist_mn node 1: 2^25 = 2^12 x 2^13 over 2 x 4 ranks, 4 primes, P24 (rows 512..512; 34561064 + 8640266 limbs at 0, window [34561064, 43201330) of share [34561064, 69122128)): redistribute 0.086 ntt 0.515 crt 0.001 out 0.031 spills+carry 0.003 total 0.586 s
dist_mn node 0: 2^25 = 2^12 x 2^13 over 2 x 4 ranks, 4 primes, P24 (rows 512..512; 34561064 + 8640266 limbs at 8640266, window [0, 25920798) of share [0, 34561064), accumulated): redistribute 0.035 ntt 0.491 crt 0.001 out 0.034 spills+carry 0.023 total 0.583 s
dist_mn node 1: 2^25 = 2^12 x 2^13 over 2 x 4 ranks, 4 primes, P24 (rows 512..512; 34561064 + 8640266 limbs at 8640266, window [25920798, 43201330) of share [34561064, 69122128), accumulated): redistribute 0.037 ntt 0.489 crt 0.001 out 0.036 spills+carry 0.023 total 0.583 s
dist_mn node 0: 2^25 = 2^12 x 2^13 over 2 x 4 ranks, 4 primes, P24 (rows 512..512; 34561064 + 8640266 limbs at 17280532, window [0, 17280532) of share [0, 34561064), accumulated): redistribute 0.036 ntt 0.446 crt 0.001 out 0.034 spills+carry 0.022 total 0.539 s
dist_mn node 1: 2^25 = 2^12 x 2^13 over 2 x 4 ranks, 4 primes, P24 (rows 512..512; 34561064 + 8640266 limbs at 17280532, window [17280532, 43201330) of share [34561064, 69122128), accumulated): redistribute 0.036 ntt 0.453 crt 0.001 out 0.029 spills+carry 0.022 total 0.539 s
dist_mn node 0: 2^25 = 2^12 x 2^13 over 2 x 4 ranks, 4 primes, P24 (rows 512..512; 34561064 + 8640266 limbs at 25920798, window [0, 8640266) of share [0, 34561064), accumulated): redistribute 0.038 ntt 0.463 crt 0.001 out 0.029 spills+carry 0.012 total 0.542 s
dist_mn node 0: 34561064 x 34561064 limbs over 2 x 4 ranks (cap 2^25 points, P24): 1 x 4 pieces, 4 formed, 0 skipped (low cut) (cache 0 slots: 0 hits, 0 misses)
dist_mn node 1: 2^25 = 2^12 x 2^13 over 2 x 4 ranks, 4 primes, P24 (rows 512..512; 34561064 + 8640266 limbs at 25920798, window [8640266, 43201330) of share [34561064, 69122128), accumulated): redistribute 0.038 ntt 0.468 crt 0.001 out 0.025 spills+carry 0.012 total 0.542 s
dist_mn node 1: 34561064 x 34561064 limbs over 2 x 4 ranks (cap 2^25 points, P24): 1 x 4 pieces, 4 formed, 0 skipped (low cut) (cache 0 slots: 0 hits, 0 misses)
dist_mn node 0: 34561064 + 34561064 limbs -> 69122128 (share 34561064): redistribute 0.184 ntt 1.913 crt 0.004 out 0.126 spills+carry 0.059, total 2.253 s
dist_mn node 1: 34561064 + 34561064 limbs -> 69122128 (share 34561064): redistribute 0.197 ntt 1.924 crt 0.003 out 0.121 spills+carry 0.060, total 2.253 s
dist_mn node 0: 2^25 = 2^12 x 2^13 over 2 x 4 ranks, 4 primes, P24 (rows 512..512; 34561064 + 8640266 limbs at 0, window [0, 34561063) of share [0, 34561063)): redistribute 0.070 ntt 0.533 crt 0.001 out 0.035 spills+carry 0.003 total 0.611 s
dist_mn node 1: 2^25 = 2^12 x 2^13 over 2 x 4 ranks, 4 primes, P24 (rows 512..512; 34561064 + 8640266 limbs at 0, window [34561063, 43201330) of share [34561063, 69122127)): redistribute 0.080 ntt 0.535 crt 0.001 out 0.034 spills+carry 0.003 total 0.610 s
dist_mn node 0: 2^25 = 2^12 x 2^13 over 2 x 4 ranks, 4 primes, P24 (rows 512..512; 34561064 + 8640266 limbs at 8640266, window [0, 25920797) of share [0, 34561063), accumulated): redistribute 0.029 ntt 0.445 crt 0.001 out 0.044 spills+carry 0.021 total 0.536 s
dist_mn node 1: 2^25 = 2^12 x 2^13 over 2 x 4 ranks, 4 primes, P24 (rows 512..512; 34561064 + 8640266 limbs at 8640266, window [25920797, 43201330) of share [34561063, 69122127), accumulated): redistribute 0.032 ntt 0.443 crt 0.001 out 0.038 spills+carry 0.022 total 0.536 s
dist_mn node 0: 2^25 = 2^12 x 2^13 over 2 x 4 ranks, 4 primes, P24 (rows 512..512; 34561064 + 8640266 limbs at 17280532, window [0, 17280531) of share [0, 34561063), accumulated): redistribute 0.033 ntt 0.417 crt 0.001 out 0.029 spills+carry 0.020 total 0.496 s
dist_mn node 1: 2^25 = 2^12 x 2^13 over 2 x 4 ranks, 4 primes, P24 (rows 512..512; 34561064 + 8640266 limbs at 17280532, window [17280531, 43201330) of share [34561063, 69122127), accumulated): redistribute 0.033 ntt 0.414 crt 0.001 out 0.032 spills+carry 0.020 total 0.496 s
dist_mn node 0: 2^25 = 2^12 x 2^13 over 2 x 4 ranks, 4 primes, P24 (rows 512..512; 34561064 + 8640266 limbs at 25920798, window [0, 8640265) of share [0, 34561063), accumulated): redistribute 0.035 ntt 0.482 crt 0.001 out 0.031 spills+carry 0.011 total 0.560 s
dist_mn node 0: 34561064 x 34561064 limbs over 2 x 4 ranks (cap 2^25 points, P24): 1 x 4 pieces, 4 formed, 0 skipped (low product) (low cut) (cache 0 slots: 0 hits, 0 misses)
dist_mn node 1: 2^25 = 2^12 x 2^13 over 2 x 4 ranks, 4 primes, P24 (rows 512..512; 34561064 + 8640266 limbs at 25920798, window [8640265, 43201329) of share [34561063, 69122127), accumulated): redistribute 0.034 ntt 0.482 crt 0.001 out 0.032 spills+carry 0.011 total 0.560 s
dist_mn node 1: 34561064 x 34561064 limbs over 2 x 4 ranks (cap 2^25 points, P24): 1 x 4 pieces, 4 formed, 0 skipped (low product) (low cut) (cache 0 slots: 0 hits, 0 misses)
dist_mn node 0: 34561064 + 34561064 limbs -> 69122127 (share 34561063): redistribute 0.166 ntt 1.877 crt 0.003 out 0.139 spills+carry 0.056, total 2.205 s
dist_mn node 1: 34561064 + 34561064 limbs -> 69122127 (share 34561064): redistribute 0.178 ntt 1.876 crt 0.003 out 0.136 spills+carry 0.056, total 2.204 s
dist_mn node 0: 34561064 x 34561064 limbs over 2 x 4 ranks (cap 2^25 points, P24): 1 x 4 pieces, 0 formed, 4 skipped (low cut) (cache 0 slots: 0 hits, 0 misses)
dist_mn node 1: 34561064 x 34561064 limbs over 2 x 4 ranks (cap 2^25 points, P24): 1 x 4 pieces, 0 formed, 4 skipped (low cut) (cache 0 slots: 0 hits, 0 misses)
dist_mn node 0: 34561064 + 34561064 limbs -> 0 (share 34561064): redistribute 0.000 ntt 0.000 crt 0.000 out 0.000 spills+carry 0.000, total 0.002 s
dist_mn node 1: 34561064 + 34561064 limbs -> 0 (share 34561064): redistribute 0.000 ntt 0.000 crt 0.000 out 0.000 spills+carry 0.000, total 0.006 s
mdev 3*2^24 (43201330 limbs): repack 0.033 h2d 0.001 fwd 0.006 inv 0.005 d2h 0.029 crt 0.018 total 0.079 s
mdev 3*2^24 (43201330 limbs): repack 0.043 h2d 0.001 fwd 0.009 inv 0.003 d2h 0.065 crt 0.028 total 0.127 s
mdev 3*2^24 (43201330 limbs): repack 0.031 h2d 0.001 fwd 0.005 inv 0.003 d2h 0.046 crt 0.022 total 0.091 s
mdev 3*2^24 (43201330 limbs): repack 0.081 h2d 0.001 fwd 0.005 inv 0.003 d2h 0.039 crt 0.012 total 0.132 s
mdev 3*2^24 (43201330 limbs): repack 0.038 h2d 0.001 fwd 0.005 inv 0.003 d2h 0.037 crt 0.025 total 0.087 s
mdev 3*2^24 (43201330 limbs): repack 0.060 h2d 0.001 fwd 0.005 inv 0.003 d2h 0.034 crt 0.012 total 0.106 s
mdev 3*2^24 (43201330 limbs): repack 0.050 h2d 0.001 fwd 0.005 inv 0.003 d2h 0.023 crt 0.012 total 0.085 s
mdev 3*2^24 (43201330 limbs): repack 0.030 h2d 0.001 fwd 0.005 inv 0.003 d2h 0.028 crt 0.013 total 0.071 s
dist_mn node 1: 34561064 x 34561064 limbs over 2 x 4 ranks (cap 2^25 points, P24): 1 x 4 pieces, 0 formed, 4 skipped (low product) (low cut) (cache 0 slots: 0 hits, 0 misses)
dist_mn node 0: 34561064 x 34561064 limbs over 2 x 4 ranks (cap 2^25 points, P24): 1 x 4 pieces, 0 formed, 4 skipped (low product) (low cut) (cache 0 slots: 0 hits, 0 misses)
dist_mn node 1: 34561064 + 34561064 limbs -> 0 (share 34561064): redistribute 0.000 ntt 0.000 crt 0.000 out 0.000 spills+carry 0.000, total 0.002 s
dist_mn node 0: 34561064 + 34561064 limbs -> 0 (share 34561063): redistribute 0.000 ntt 0.000 crt 0.000 out 0.000 spills+carry 0.000, total 0.004 s
mdev 3*2^24 (43201330 limbs): repack 0.033 h2d 0.001 fwd 0.005 inv 0.004 d2h 0.024 crt 0.012 total 0.070 s
mdev 3*2^24 (43201330 limbs): repack 0.041 h2d 0.001 fwd 0.006 inv 0.003 d2h 0.025 crt 0.012 total 0.077 s
mdev 3*2^24 (43201330 limbs): repack 0.035 h2d 0.001 fwd 0.005 inv 0.003 d2h 0.036 crt 0.017 total 0.083 s
mdev 3*2^24 (43201330 limbs): repack 0.057 h2d 0.001 fwd 0.005 inv 0.003 d2h 0.041 crt 0.038 total 0.111 s
mdev 3*2^24 (43201330 limbs): repack 0.029 h2d 0.001 fwd 0.005 inv 0.003 d2h 0.028 crt 0.018 total 0.072 s
mdev 3*2^24 (43201330 limbs): repack 0.044 h2d 0.001 fwd 0.005 inv 0.003 d2h 0.025 crt 0.012 total 0.081 s
mdev 3*2^24 (43201330 limbs): repack 0.053 h2d 0.001 fwd 0.005 inv 0.003 d2h 0.039 crt 0.013 total 0.106 s
mdev 3*2^24 (43201330 limbs): repack 0.050 h2d 0.001 fwd 0.005 inv 0.003 d2h 0.085 crt 0.078 total 0.167 s
dist_mn node 0: 2^25 = 2^12 x 2^13 over 2 x 4 ranks, 4 primes, P24 (rows 512..512; 34561064 + 8640266 limbs at 0, window [0, 34561064) of share [0, 34561064)): redistribute 0.023 ntt 0.375 crt 0.001 out 0.032 spills+carry 0.003 total 0.434 s
dist_mn node 1: 2^25 = 2^12 x 2^13 over 2 x 4 ranks, 4 primes, P24 (rows 512..512; 34561064 + 8640266 limbs at 0, window [34561064, 43201330) of share [34561064, 69122128)): redistribute 0.028 ntt 0.369 crt 0.001 out 0.037 spills+carry 0.003 total 0.434 s
dist_mn node 0: 2^25 = 2^12 x 2^13 over 2 x 4 ranks, 4 primes, P24 (rows 512..512; 34561064 + 8640266 limbs at 8640266, window [0, 25920798) of share [0, 34561064), accumulated): redistribute 0.030 ntt 0.469 crt 0.002 out 0.035 spills+carry 0.026 total 0.561 s
dist_mn node 1: 2^25 = 2^12 x 2^13 over 2 x 4 ranks, 4 primes, P24 (rows 512..512; 34561064 + 8640266 limbs at 8640266, window [25920798, 43201330) of share [34561064, 69122128), accumulated): redistribute 0.030 ntt 0.473 crt 0.002 out 0.031 spills+carry 0.025 total 0.561 s
dist_mn node 0: 2^25 = 2^12 x 2^13 over 2 x 4 ranks, 4 primes, P24 (rows 512..512; 34561064 + 8640266 limbs at 17280532, window [0, 17280532) of share [0, 34561064), accumulated): redistribute 0.049 ntt 0.495 crt 0.001 out 0.040 spills+carry 0.020 total 0.588 s
dist_mn node 1: 2^25 = 2^12 x 2^13 over 2 x 4 ranks, 4 primes, P24 (rows 512..512; 34561064 + 8640266 limbs at 17280532, window [17280532, 43201330) of share [34561064, 69122128), accumulated): redistribute 0.049 ntt 0.496 crt 0.001 out 0.033 spills+carry 0.020 total 0.588 s
dist_mn node 0: 2^25 = 2^12 x 2^13 over 2 x 4 ranks, 4 primes, P24 (rows 512..512; 34561064 + 8640266 limbs at 25920798, window [0, 8640266) of share [0, 34561064), accumulated): redistribute 0.030 ntt 0.457 crt 0.001 out 0.034 spills+carry 0.012 total 0.534 s
dist_mn node 0: 34561064 x 34561064 limbs over 2 x 4 ranks (cap 2^25 points, P24): 1 x 4 pieces, 4 formed, 0 skipped (cache 0 slots: 0 hits, 0 misses)
dist_mn node 1: 2^25 = 2^12 x 2^13 over 2 x 4 ranks, 4 primes, P24 (rows 512..512; 34561064 + 8640266 limbs at 25920798, window [8640266, 43201330) of share [34561064, 69122128), accumulated): redistribute 0.030 ntt 0.459 crt 0.001 out 0.032 spills+carry 0.012 total 0.534 s
dist_mn node 1: 34561064 x 34561064 limbs over 2 x 4 ranks (cap 2^25 points, P24): 1 x 4 pieces, 4 formed, 0 skipped (cache 0 slots: 0 hits, 0 misses)
dist_mn node 0: 34561064 + 34561064 limbs -> 69122128 (share 34561064): redistribute 0.133 ntt 1.796 crt 0.004 out 0.142 spills+carry 0.061, total 2.332 s
dist_mn node 1: 34561064 + 34561064 limbs -> 69122128 (share 34561064): redistribute 0.137 ntt 1.798 crt 0.004 out 0.133 spills+carry 0.061, total 2.120 s
dist_mn node 0: 2^25 = 2^12 x 2^13 over 2 x 4 ranks, 4 primes, P24 (rows 512..512; 34561064 + 8640266 limbs at 0, window [0, 34561063) of share [0, 34561063)): redistribute 0.056 ntt 0.483 crt 0.001 out 0.036 spills+carry 0.003 total 0.550 s
dist_mn node 1: 2^25 = 2^12 x 2^13 over 2 x 4 ranks, 4 primes, P24 (rows 512..512; 34561064 + 8640266 limbs at 0, window [34561063, 43201330) of share [34561063, 69122127)): redistribute 0.060 ntt 0.475 crt 0.001 out 0.042 spills+carry 0.003 total 0.550 s
dist_mn node 0: 2^25 = 2^12 x 2^13 over 2 x 4 ranks, 4 primes, P24 (rows 512..512; 34561064 + 8640266 limbs at 8640266, window [0, 25920797) of share [0, 34561063), accumulated): redistribute 0.032 ntt 0.472 crt 0.001 out 0.041 spills+carry 0.021 total 0.566 s
dist_mn node 1: 2^25 = 2^12 x 2^13 over 2 x 4 ranks, 4 primes, P24 (rows 512..512; 34561064 + 8640266 limbs at 8640266, window [25920797, 43201330) of share [34561063, 69122127), accumulated): redistribute 0.043 ntt 0.469 crt 0.001 out 0.037 spills+carry 0.021 total 0.566 s
dist_mn node 0: 2^25 = 2^12 x 2^13 over 2 x 4 ranks, 4 primes, P24 (rows 512..512; 34561064 + 8640266 limbs at 17280532, window [0, 17280531) of share [0, 34561063), accumulated): redistribute 0.045 ntt 0.492 crt 0.001 out 0.037 spills+carry 0.020 total 0.582 s
dist_mn node 1: 2^25 = 2^12 x 2^13 over 2 x 4 ranks, 4 primes, P24 (rows 512..512; 34561064 + 8640266 limbs at 17280532, window [17280531, 43201330) of share [34561063, 69122127), accumulated): redistribute 0.045 ntt 0.490 crt 0.001 out 0.038 spills+carry 0.020 total 0.582 s
dist_mn node 0: 2^25 = 2^12 x 2^13 over 2 x 4 ranks, 4 primes, P24 (rows 512..512; 34561064 + 8640266 limbs at 25920798, window [0, 8640265) of share [0, 34561063), accumulated): redistribute 0.033 ntt 0.456 crt 0.001 out 0.029 spills+carry 0.012 total 0.531 s
dist_mn node 0: 34561064 x 34561064 limbs over 2 x 4 ranks (cap 2^25 points, P24): 1 x 4 pieces, 4 formed, 0 skipped (low product) (cache 0 slots: 0 hits, 0 misses)
dist_mn node 1: 2^25 = 2^12 x 2^13 over 2 x 4 ranks, 4 primes, P24 (rows 512..512; 34561064 + 8640266 limbs at 25920798, window [8640265, 43201329) of share [34561063, 69122127), accumulated): redistribute 0.033 ntt 0.450 crt 0.001 out 0.035 spills+carry 0.012 total 0.531 s
dist_mn node 1: 34561064 x 34561064 limbs over 2 x 4 ranks (cap 2^25 points, P24): 1 x 4 pieces, 4 formed, 0 skipped (low product) (cache 0 slots: 0 hits, 0 misses)
dist_mn node 0: 34561064 + 34561064 limbs -> 69122127 (share 34561063): redistribute 0.166 ntt 1.902 crt 0.003 out 0.143 spills+carry 0.055, total 2.230 s
dist_mn node 1: 34561064 + 34561064 limbs -> 69122127 (share 34561064): redistribute 0.180 ntt 1.884 crt 0.003 out 0.153 spills+carry 0.055, total 2.231 s
dist_mn node 0: 2^25 = 2^12 x 2^13 over 2 x 4 ranks, 4 primes, P24 (rows 512..512; 17280532 + 17280529 limbs at 0, window [0, 25920794) of share [0, 25920794)): redistribute 0.063 ntt 0.513 crt 0.001 out 0.023 spills+carry 0.002 total 0.587 s
dist_mn node 1: 2^25 = 2^12 x 2^13 over 2 x 4 ranks, 4 primes, P24 (rows 512..512; 17280532 + 17280529 limbs at 0, window [25920794, 34561061) of share [25920794, 51841589)): redistribute 0.097 ntt 0.512 crt 0.001 out 0.030 spills+carry 0.003 total 0.586 s
dist_mn node 0: 2^25 = 2^12 x 2^13 over 2 x 4 ranks, 4 primes, P24 (rows 512..512; 17280532 + 17280528 limbs at 17280529, window [0, 8640265) of share [0, 25920794), accumulated): redistribute 0.037 ntt 0.446 crt 0.002 out 0.023 spills+carry 0.009 total 0.506 s
dist_mn node 0: 17280532 x 34561057 limbs over 2 x 4 ranks (cap 2^25 points, P24): 1 x 2 pieces, 2 formed, 0 skipped (cache 0 slots: 0 hits, 0 misses)
dist_mn node 1: 2^25 = 2^12 x 2^13 over 2 x 4 ranks, 4 primes, P24 (rows 512..512; 17280532 + 17280528 limbs at 17280529, window [8640265, 34561060) of share [25920794, 51841589), accumulated): redistribute 0.036 ntt 0.445 crt 0.002 out 0.025 spills+carry 0.009 total 0.506 s
dist_mn node 1: 17280532 x 34561057 limbs over 2 x 4 ranks (cap 2^25 points, P24): 1 x 2 pieces, 2 formed, 0 skipped (cache 0 slots: 0 hits, 0 misses)
dist_mn node 0: 17280532 + 34561057 limbs -> 51841589 (share 25920794): redistribute 0.100 ntt 0.959 crt 0.002 out 0.046 spills+carry 0.012, total 1.094 s
dist_mn node 1: 17280532 + 34561057 limbs -> 51841589 (share 25920795): redistribute 0.134 ntt 0.957 crt 0.002 out 0.055 spills+carry 0.012, total 1.094 s
mdev 2^26 (51841589 limbs): repack 0.053 h2d 0.001 fwd 0.009 inv 0.005 d2h 0.042 crt 0.032 total 0.117 s
mdev 2^26 (51841589 limbs): repack 0.052 h2d 0.001 fwd 0.010 inv 0.005 d2h 0.043 crt 0.048 total 0.120 s
dist_mn node 0: 2^25 = 2^12 x 2^13 over 2 x 4 ranks, 4 primes, P24 (rows 512..512; 17280532 + 17280529 limbs at 0, window [0, 8640267) of share [0, 8640267)): redistribute 0.037 ntt 0.530 crt 0.001 out 0.030 spills+carry 0.003 total 0.602 s
dist_mn node 1: 2^25 = 2^12 x 2^13 over 2 x 4 ranks, 4 primes, P24 (rows 512..512; 17280532 + 17280529 limbs at 0, window [8640267, 17280535) of share [8640267, 17280535)): redistribute 0.038 ntt 0.528 crt 0.001 out 0.032 spills+carry 0.003 total 0.602 s
dist_mn node 0: 2^25 = 2^12 x 2^13 over 2 x 4 ranks, 4 primes, P24 (rows 512..512; 17280532 + 17280528 limbs at 17280529, window [0, 0) of share [0, 8640267), accumulated): redistribute 0.029 ntt 0.464 crt 0.001 out 0.001 spills+carry 0.001 total 0.495 s
dist_mn node 0: 17280532 x 34561057 limbs over 2 x 4 ranks (cap 2^25 points, P24): 1 x 2 pieces, 2 formed, 0 skipped (low product) (cache 0 slots: 0 hits, 0 misses)
dist_mn node 1: 2^25 = 2^12 x 2^13 over 2 x 4 ranks, 4 primes, P24 (rows 512..512; 17280532 + 17280528 limbs at 17280529, window [0, 6) of share [8640267, 17280535), accumulated): redistribute 0.029 ntt 0.462 crt 0.001 out 0.003 spills+carry 0.001 total 0.495 s
dist_mn node 1: 17280532 x 34561057 limbs over 2 x 4 ranks (cap 2^25 points, P24): 1 x 2 pieces, 2 formed, 0 skipped (low product) (cache 0 slots: 0 hits, 0 misses)
dist_mn node 0: 17280532 + 34561057 limbs -> 17280535 (share 8640267): redistribute 0.067 ntt 0.994 crt 0.002 out 0.032 spills+carry 0.004, total 1.113 s
dist_mn node 1: 17280532 + 34561057 limbs -> 17280535 (share 8640268): redistribute 0.067 ntt 0.990 crt 0.002 out 0.035 spills+carry 0.004, total 1.099 s
dist_mn node 0: 2^25 = 2^12 x 2^13 over 2 x 4 ranks, 4 primes, P24 (rows 512..512; 34561064 + 8640266 limbs at 0, window [0, 34561064) of share [0, 34561064)): redistribute 0.048 ntt 0.542 crt 0.002 out 0.050 spills+carry 0.003 total 0.634 s
dist_mn node 1: 2^25 = 2^12 x 2^13 over 2 x 4 ranks, 4 primes, P24 (rows 512..512; 34561064 + 8640266 limbs at 0, window [34561064, 43201330) of share [34561064, 69122129)): redistribute 0.054 ntt 0.541 crt 0.002 out 0.045 spills+carry 0.003 total 0.634 s
dist_mn node 0: 2^25 = 2^12 x 2^13 over 2 x 4 ranks, 4 primes, P24 (rows 512..512; 34561064 + 8640266 limbs at 8640266, window [0, 25920798) of share [0, 34561064), accumulated): redistribute 0.041 ntt 0.482 crt 0.001 out 0.043 spills+carry 0.025 total 0.579 s
dist_mn node 1: 2^25 = 2^12 x 2^13 over 2 x 4 ranks, 4 primes, P24 (rows 512..512; 34561064 + 8640266 limbs at 8640266, window [25920798, 43201330) of share [34561064, 69122129), accumulated): redistribute 0.041 ntt 0.480 crt 0.001 out 0.039 spills+carry 0.025 total 0.579 s
dist_mn node 0: 2^25 = 2^12 x 2^13 over 2 x 4 ranks, 4 primes, P24 (rows 512..512; 34561064 + 8640266 limbs at 17280532, window [0, 17280532) of share [0, 34561064), accumulated): redistribute 0.041 ntt 0.451 crt 0.001 out 0.042 spills+carry 0.021 total 0.556 s
dist_mn node 1: 2^25 = 2^12 x 2^13 over 2 x 4 ranks, 4 primes, P24 (rows 512..512; 34561064 + 8640266 limbs at 17280532, window [17280532, 43201330) of share [34561064, 69122129), accumulated): redistribute 0.041 ntt 0.452 crt 0.001 out 0.041 spills+carry 0.021 total 0.556 s
dist_mn node 0: 2^25 = 2^12 x 2^13 over 2 x 4 ranks, 4 primes, P24 (rows 512..512; 34561064 + 8640266 limbs at 25920798, window [0, 8640266) of share [0, 34561064), accumulated): redistribute 0.046 ntt 0.494 crt 0.001 out 0.024 spills+carry 0.012 total 0.576 s
dist_mn node 1: 2^25 = 2^12 x 2^13 over 2 x 4 ranks, 4 primes, P24 (rows 512..512; 34561064 + 8640266 limbs at 25920798, window [8640266, 43201330) of share [34561064, 69122129), accumulated): redistribute 0.046 ntt 0.491 crt 0.001 out 0.031 spills+carry 0.012 total 0.576 s
mdb_add_shifted node 0: 34561061 limbs at 0 into a basis of 69122129 (my window [0, 34561061), 1 rounds of 8640272; slabs 8640265 + 8640265 limbs per APU 0): 0.044 s
dist_mn node 0: 34561064 x 34561064 limbs over 2 x 4 ranks (cap 2^25 points, P24): 1 x 4 pieces, 4 formed, 0 skipped (cache 0 slots: 0 hits, 0 misses)
mdb_add_shifted node 1: 34561061 limbs at 0 into a basis of 69122129 (my window [34561064, 34561064), 1 rounds of 8640272; slabs 0 + 0 limbs per APU 0): 0.044 s
dist_mn node 1: 34561064 x 34561064 limbs over 2 x 4 ranks (cap 2^25 points, P24): 1 x 4 pieces, 4 formed, 0 skipped (cache 0 slots: 0 hits, 0 misses)
dist_mn node 0: 34561064 + 34561064 + x limbs -> 69122128 (share 34561064): redistribute 0.176 ntt 1.969 crt 0.005 out 0.159 spills+carry 0.060, total 2.391 s
dist_mn node 1: 34561064 + 34561064 + x limbs -> 69122128 (share 34561065): redistribute 0.181 ntt 1.964 crt 0.004 out 0.156 spills+carry 0.060, total 2.400 s
mdb_add_shifted node 1: 34561061 limbs at 0 into a basis of 69122129 (my window [34561064, 34561064), 1 rounds of 8640272; slabs 0 + 0 limbs per APU 0): 0.060 s
mdb_add_shifted node 0: 34561061 limbs at 0 into a basis of 69122129 (my window [0, 34561061), 1 rounds of 8640272; slabs 8640265 + 8640265 limbs per APU 0): 0.095 s
mdb_add_shifted node 0: 34561061 limbs at 7 into a basis of 69122129 (my window [7, 34561064), 1 rounds of 8640272; slabs 8640264 + 8640264 limbs per APU 0): 0.086 s
mdb_add_shifted node 1: 34561061 limbs at 7 into a basis of 69122129 (my window [34561064, 34561068), 1 rounds of 8640272; slabs 1 + 1 limbs per APU 0): 0.095 s
mdb_add_shifted node 0: 34561061 limbs at 17280532 into a basis of 69122129 (my window [17280532, 34561064), 1 rounds of 4320144; slabs 4320133 + 4320133 limbs per APU 0): 0.040 s
mdb_add_shifted node 1: 34561061 limbs at 17280532 into a basis of 69122129 (my window [34561064, 51841593), 1 rounds of 4320144; slabs 4320132 + 4320132 limbs per APU 0): 0.034 s
mdb_add_shifted node 1: 34561061 limbs at 34561064 into a basis of 69122129 (my window [34561064, 69122125), 1 rounds of 8640272; slabs 0 + 8640265 limbs per APU 0): 0.075 s
mdb_add_shifted node 0: 34561061 limbs at 34561064 into a basis of 69122129 (my window [34561064, 34561064), 1 rounds of 8640272; slabs 8640265 + 0 limbs per APU 0): 0.154 s
dist_mn node 0: 2^25 = 2^12 x 2^13 over 2 x 4 ranks, 4 primes, P24 (rows 512..512; 25165824 + 13421772 limbs at 0, window [0, 31876710) of share [0, 31876710)): redistribute 0.028 ntt 0.403 crt 0.001 out 0.035 spills+carry 0.001 total 0.462 s
dist_mn node 1: 2^25 = 2^12 x 2^13 over 2 x 4 ranks, 4 primes, P24 (rows 512..512; 25165824 + 13421772 limbs at 0, window [31876710, 38587596) of share [31876710, 63753420)): redistribute 0.029 ntt 0.403 crt 0.001 out 0.034 spills+carry 0.001 total 0.462 s
dist_mn node 0: 2^25 = 2^12 x 2^13 over 2 x 4 ranks, 4 primes, P24 (rows 512..512; 25165824 + 13421772 limbs at 25165824, window [0, 6710886) of share [0, 31876710), accumulated): redistribute 0.036 ntt 0.458 crt 0.001 out 0.034 spills+carry 0.006 total 0.535 s
dist_mn node 0: 50331648 x 13421772 limbs over 2 x 4 ranks (cap 2^25 points, P24): 2 x 1 pieces, 2 formed, 0 skipped (cache 0 slots: 0 hits, 0 misses)
dist_mn node 1: 2^25 = 2^12 x 2^13 over 2 x 4 ranks, 4 primes, P24 (rows 512..512; 25165824 + 13421772 limbs at 25165824, window [6710886, 38587596) of share [31876710, 63753420), accumulated): redistribute 0.041 ntt 0.457 crt 0.001 out 0.033 spills+carry 0.006 total 0.535 s
dist_mn node 1: 50331648 x 13421772 limbs over 2 x 4 ranks (cap 2^25 points, P24): 2 x 1 pieces, 2 formed, 0 skipped (cache 0 slots: 0 hits, 0 misses)
dist_mn node 0: 50331648 + 13421772 limbs -> 63753420 (share 31876710): redistribute 0.064 ntt 0.861 crt 0.002 out 0.069 spills+carry 0.007, total 1.244 s
dist_mn node 1: 50331648 + 13421772 limbs -> 63753420 (share 31876710): redistribute 0.070 ntt 0.860 crt 0.002 out 0.067 spills+carry 0.007, total 0.999 s
mdev 2^26 (63753420 limbs): repack 0.058 h2d 0.002 fwd 0.010 inv 0.003 d2h 0.037 crt 0.012 total 0.109 s
mdev 2^26 (63753420 limbs): repack 0.073 h2d 0.001 fwd 0.009 inv 0.005 d2h 0.034 crt 0.040 total 0.123 s
   3x1 50331648 x 13421772: 1.54 s
dist_mn node 0: 2^25 = 2^12 x 2^13 over 2 x 4 ranks, 4 primes, P24 (rows 512..512; 25165824 + 13421772 limbs at 0, window [0, 31876710) of share [0, 31876710)): redistribute 0.052 ntt 0.458 crt 0.001 out 0.041 spills+carry 0.001 total 0.533 s
dist_mn node 1: 2^25 = 2^12 x 2^13 over 2 x 4 ranks, 4 primes, P24 (rows 512..512; 25165824 + 13421772 limbs at 0, window [31876710, 38587596) of share [31876710, 63753421)): redistribute 0.050 ntt 0.458 crt 0.001 out 0.040 spills+carry 0.001 total 0.533 s
dist_mn node 0: 2^25 = 2^12 x 2^13 over 2 x 4 ranks, 4 primes, P24 (rows 512..512; 25165824 + 13421772 limbs at 25165824, window [0, 6710886) of share [0, 31876710), accumulated): redistribute 0.039 ntt 0.493 crt 0.001 out 0.033 spills+carry 0.006 total 0.567 s
dist_mn node 1: 2^25 = 2^12 x 2^13 over 2 x 4 ranks, 4 primes, P24 (rows 512..512; 25165824 + 13421772 limbs at 25165824, window [6710886, 38587596) of share [31876710, 63753421), accumulated): redistribute 0.046 ntt 0.494 crt 0.001 out 0.031 spills+carry 0.006 total 0.567 s
mdb_add_shifted node 0: 13421769 limbs at 0 into a basis of 63753421 (my window [0, 13421769), 1 rounds of 3355456; slabs 3355442 + 3355442 limbs per APU 0): 0.031 s
dist_mn node 0: 50331648 x 13421772 limbs over 2 x 4 ranks (cap 2^25 points, P24): 2 x 1 pieces, 2 formed, 0 skipped (cache 0 slots: 0 hits, 0 misses)
mdb_add_shifted node 1: 13421769 limbs at 0 into a basis of 63753421 (my window [31876710, 31876710), 1 rounds of 3355456; slabs 0 + 0 limbs per APU 0): 0.031 s
dist_mn node 1: 50331648 x 13421772 limbs over 2 x 4 ranks (cap 2^25 points, P24): 2 x 1 pieces, 2 formed, 0 skipped (cache 0 slots: 0 hits, 0 misses)
dist_mn node 0: 50331648 + 13421772 + x limbs -> 63753420 (share 31876710): redistribute 0.091 ntt 0.951 crt 0.002 out 0.074 spills+carry 0.007, total 1.135 s
dist_mn node 1: 50331648 + 13421772 + x limbs -> 63753420 (share 31876711): redistribute 0.096 ntt 0.953 crt 0.002 out 0.071 spills+carry 0.007, total 1.232 s
dist_mn node 0: 2^25 = 2^12 x 2^13 over 2 x 4 ranks, 4 primes, P24 (rows 512..512; 25165824 + 13421772 limbs at 0, window [0, 25165825) of share [0, 25165825)): redistribute 0.053 ntt 0.447 crt 0.001 out 0.040 spills+carry 0.001 total 0.525 s
dist_mn node 1: 2^25 = 2^12 x 2^13 over 2 x 4 ranks, 4 primes, P24 (rows 512..512; 25165824 + 13421772 limbs at 0, window [25165825, 38587596) of share [25165825, 50331650)): redistribute 0.050 ntt 0.453 crt 0.001 out 0.033 spills+carry 0.001 total 0.524 s
dist_mn node 0: 2^25 = 2^12 x 2^13 over 2 x 4 ranks, 4 primes, P24 (rows 512..512; 25165824 + 13421772 limbs at 25165824, window [0, 1) of share [0, 25165825), accumulated): redistribute 0.031 ntt 0.464 crt 0.001 out 0.031 spills+carry 0.003 total 0.522 s
dist_mn node 0: 50331648 x 13421772 limbs over 2 x 4 ranks (cap 2^25 points, P24): 2 x 1 pieces, 2 formed, 0 skipped (low product) (cache 0 slots: 0 hits, 0 misses)
dist_mn node 1: 2^25 = 2^12 x 2^13 over 2 x 4 ranks, 4 primes, P24 (rows 512..512; 25165824 + 13421772 limbs at 25165824, window [1, 25165826) of share [25165825, 50331650), accumulated): redistribute 0.039 ntt 0.455 crt 0.001 out 0.033 spills+carry 0.003 total 0.522 s
dist_mn node 1: 50331648 x 13421772 limbs over 2 x 4 ranks (cap 2^25 points, P24): 2 x 1 pieces, 2 formed, 0 skipped (low product) (cache 0 slots: 0 hits, 0 misses)
dist_mn node 0: 50331648 + 13421772 limbs -> 50331650 (share 25165825): redistribute 0.084 ntt 0.911 crt 0.002 out 0.071 spills+carry 0.004, total 1.049 s
dist_mn node 1: 50331648 + 13421772 limbs -> 50331650 (share 25165825): redistribute 0.089 ntt 0.908 crt 0.002 out 0.066 spills+carry 0.004, total 1.049 s
dist_mn node 0: 2^25 = 2^12 x 2^13 over 2 x 4 ranks, 4 primes, P24 (rows 512..512; 25165825 + 13421772 limbs at 0, window [0, 12582912) of share [0, 12582912)): redistribute 0.050 ntt 0.482 crt 0.001 out 0.036 spills+carry 0.001 total 0.558 s
dist_mn node 0: 25165825 x 13421772 limbs over 2 x 4 ranks (cap 2^25 points, P24): 1 x 1 pieces, 1 formed, 0 skipped (low product) (cache 0 slots: 0 hits, 0 misses)
dist_mn node 1: 2^25 = 2^12 x 2^13 over 2 x 4 ranks, 4 primes, P24 (rows 512..512; 25165825 + 13421772 limbs at 0, window [12582912, 25165825) of share [12582912, 25165825)): redistribute 0.053 ntt 0.482 crt 0.001 out 0.030 spills+carry 0.001 total 0.557 s
dist_mn node 1: 25165825 x 13421772 limbs over 2 x 4 ranks (cap 2^25 points, P24): 1 x 1 pieces, 1 formed, 0 skipped (low product) (cache 0 slots: 0 hits, 0 misses)
dist_mn node 0: 25165825 + 13421772 limbs -> 25165825 (share 12582912): redistribute 0.050 ntt 0.482 crt 0.001 out 0.036 spills+carry 0.001, total 0.558 s
dist_mn node 1: 25165825 + 13421772 limbs -> 25165825 (share 12582913): redistribute 0.053 ntt 0.482 crt 0.001 out 0.030 spills+carry 0.001, total 0.558 s
dist_mn node 0: 2^25 = 2^12 x 2^13 over 2 x 4 ranks, 4 primes, P24 (rows 512..512; 25165824 + 13421772 limbs at 0, window [0, 31876709) of share [0, 31876709)): redistribute 0.046 ntt 0.522 crt 0.001 out 0.031 spills+carry 0.001 total 0.595 s
dist_mn node 1: 2^25 = 2^12 x 2^13 over 2 x 4 ranks, 4 primes, P24 (rows 512..512; 25165824 + 13421772 limbs at 0, window [31876709, 38587596) of share [31876709, 63753419)): redistribute 0.051 ntt 0.519 crt 0.001 out 0.033 spills+carry 0.001 total 0.595 s
dist_mn node 0: 2^25 = 2^12 x 2^13 over 2 x 4 ranks, 4 primes, P24 (rows 512..512; 25165824 + 13421772 limbs at 25165824, window [0, 6710885) of share [0, 31876709), accumulated): redistribute 0.037 ntt 0.461 crt 0.002 out 0.031 spills+carry 0.007 total 0.528 s
dist_mn node 0: 50331648 x 13421772 limbs over 2 x 4 ranks (cap 2^25 points, P24): 2 x 1 pieces, 2 formed, 0 skipped (low product) (cache 0 slots: 0 hits, 0 misses)
dist_mn node 1: 2^25 = 2^12 x 2^13 over 2 x 4 ranks, 4 primes, P24 (rows 512..512; 25165824 + 13421772 limbs at 25165824, window [6710885, 38587595) of share [31876709, 63753419), accumulated): redistribute 0.038 ntt 0.457 crt 0.002 out 0.025 spills+carry 0.007 total 0.528 s
dist_mn node 1: 50331648 x 13421772 limbs over 2 x 4 ranks (cap 2^25 points, P24): 2 x 1 pieces, 2 formed, 0 skipped (low product) (cache 0 slots: 0 hits, 0 misses)
dist_mn node 0: 50331648 + 13421772 limbs -> 63753419 (share 31876709): redistribute 0.083 ntt 0.983 crt 0.003 out 0.062 spills+carry 0.008, total 1.125 s
dist_mn node 1: 50331648 + 13421772 limbs -> 63753419 (share 31876710): redistribute 0.088 ntt 0.976 crt 0.003 out 0.059 spills+carry 0.008, total 1.125 s
dist_mn node 0: 2^25 = 2^12 x 2^13 over 2 x 4 ranks, 4 primes, P24 (rows 512..512; 25165824 + 13421772 limbs at 0, window [0, 31876710) of share [0, 31876710)): redistribute 0.046 ntt 0.461 crt 0.001 out 0.023 spills+carry 0.001 total 0.524 s
dist_mn node 1: 2^25 = 2^12 x 2^13 over 2 x 4 ranks, 4 primes, P24 (rows 512..512; 25165824 + 13421772 limbs at 0, window [31876710, 38587596) of share [31876710, 63753420)): redistribute 0.044 ntt 0.456 crt 0.001 out 0.030 spills+carry 0.001 total 0.523 s
dist_mn node 0: 2^25 = 2^12 x 2^13 over 2 x 4 ranks, 4 primes, P24 (rows 512..512; 25165824 + 13421772 limbs at 25165824, window [0, 6710886) of share [0, 31876710), accumulated): redistribute 0.029 ntt 0.467 crt 0.002 out 0.030 spills+carry 0.006 total 0.529 s
dist_mn node 0: 50331648 x 13421772 limbs over 2 x 4 ranks (cap 2^25 points, P24): 2 x 1 pieces, 2 formed, 0 skipped (low cut) (cache 0 slots: 0 hits, 0 misses)
dist_mn node 1: 2^25 = 2^12 x 2^13 over 2 x 4 ranks, 4 primes, P24 (rows 512..512; 25165824 + 13421772 limbs at 25165824, window [6710886, 38587596) of share [31876710, 63753420), accumulated): redistribute 0.035 ntt 0.469 crt 0.002 out 0.025 spills+carry 0.006 total 0.529 s
dist_mn node 1: 50331648 x 13421772 limbs over 2 x 4 ranks (cap 2^25 points, P24): 2 x 1 pieces, 2 formed, 0 skipped (low cut) (cache 0 slots: 0 hits, 0 misses)
dist_mn node 0: 50331648 + 13421772 limbs -> 63753420 (share 31876710): redistribute 0.075 ntt 0.928 crt 0.003 out 0.054 spills+carry 0.007, total 1.055 s
dist_mn node 1: 50331648 + 13421772 limbs -> 63753420 (share 31876710): redistribute 0.079 ntt 0.925 crt 0.003 out 0.056 spills+carry 0.007, total 1.055 s
dist_mn node 0: 2^25 = 2^12 x 2^13 over 2 x 4 ranks, 4 primes, P24 (rows 512..512; 25165824 + 13421772 limbs at 0, window [0, 31876709) of share [0, 31876709)): redistribute 0.046 ntt 0.373 crt 0.001 out 0.025 spills+carry 0.001 total 0.440 s
dist_mn node 1: 2^25 = 2^12 x 2^13 over 2 x 4 ranks, 4 primes, P24 (rows 512..512; 25165824 + 13421772 limbs at 0, window [31876709, 38587596) of share [31876709, 63753419)): redistribute 0.047 ntt 0.370 crt 0.001 out 0.026 spills+carry 0.001 total 0.441 s
dist_mn node 0: 2^25 = 2^12 x 2^13 over 2 x 4 ranks, 4 primes, P24 (rows 512..512; 25165824 + 13421772 limbs at 25165824, window [0, 6710885) of share [0, 31876709), accumulated): redistribute 0.031 ntt 0.439 crt 0.001 out 0.034 spills+carry 0.007 total 0.512 s
dist_mn node 0: 50331648 x 13421772 limbs over 2 x 4 ranks (cap 2^25 points, P24): 2 x 1 pieces, 2 formed, 0 skipped (low product) (low cut) (cache 0 slots: 0 hits, 0 misses)
dist_mn node 1: 2^25 = 2^12 x 2^13 over 2 x 4 ranks, 4 primes, P24 (rows 512..512; 25165824 + 13421772 limbs at 25165824, window [6710885, 38587595) of share [31876709, 63753419), accumulated): redistribute 0.032 ntt 0.442 crt 0.001 out 0.032 spills+carry 0.007 total 0.512 s
dist_mn node 1: 50331648 x 13421772 limbs over 2 x 4 ranks (cap 2^25 points, P24): 2 x 1 pieces, 2 formed, 0 skipped (low product) (low cut) (cache 0 slots: 0 hits, 0 misses)
dist_mn node 0: 50331648 + 13421772 limbs -> 63753419 (share 31876709): redistribute 0.077 ntt 0.812 crt 0.002 out 0.059 spills+carry 0.008, total 0.954 s
dist_mn node 1: 50331648 + 13421772 limbs -> 63753419 (share 31876710): redistribute 0.078 ntt 0.812 crt 0.002 out 0.058 spills+carry 0.008, total 0.954 s
dist_mn node 0: 2^25 = 2^12 x 2^13 over 2 x 4 ranks, 4 primes, P24 (rows 512..512; 25165824 + 13421772 limbs at 0, window [0, 31876710) of share [0, 31876710)): redistribute 0.056 ntt 0.495 crt 0.001 out 0.029 spills+carry 0.001 total 0.563 s
dist_mn node 1: 2^25 = 2^12 x 2^13 over 2 x 4 ranks, 4 primes, P24 (rows 512..512; 25165824 + 13421772 limbs at 0, window [31876710, 38587596) of share [31876710, 63753420)): redistribute 0.054 ntt 0.491 crt 0.001 out 0.027 spills+carry 0.001 total 0.563 s
dist_mn node 0: 2^25 = 2^12 x 2^13 over 2 x 4 ranks, 4 primes, P24 (rows 512..512; 25165824 + 13421772 limbs at 25165824, window [0, 6710886) of share [0, 31876710), accumulated): redistribute 0.030 ntt 0.493 crt 0.002 out 0.033 spills+carry 0.006 total 0.563 s
dist_mn node 0: 50331648 x 13421772 limbs over 2 x 4 ranks (cap 2^25 points, P24): 2 x 1 pieces, 2 formed, 0 skipped (low cut) (cache 0 slots: 0 hits, 0 misses)
dist_mn node 1: 2^25 = 2^12 x 2^13 over 2 x 4 ranks, 4 primes, P24 (rows 512..512; 25165824 + 13421772 limbs at 25165824, window [6710886, 38587596) of share [31876710, 63753420), accumulated): redistribute 0.033 ntt 0.490 crt 0.002 out 0.035 spills+carry 0.006 total 0.563 s
dist_mn node 1: 50331648 x 13421772 limbs over 2 x 4 ranks (cap 2^25 points, P24): 2 x 1 pieces, 2 formed, 0 skipped (low cut) (cache 0 slots: 0 hits, 0 misses)
dist_mn node 0: 50331648 + 13421772 limbs -> 63753420 (share 31876710): redistribute 0.086 ntt 0.988 crt 0.003 out 0.062 spills+carry 0.007, total 1.128 s
dist_mn node 1: 50331648 + 13421772 limbs -> 63753420 (share 31876710): redistribute 0.086 ntt 0.981 crt 0.003 out 0.063 spills+carry 0.007, total 1.127 s
dist_mn node 0: 2^25 = 2^12 x 2^13 over 2 x 4 ranks, 4 primes, P24 (rows 512..512; 25165824 + 13421772 limbs at 0, window [0, 31876709) of share [0, 31876709)): redistribute 0.041 ntt 0.449 crt 0.001 out 0.029 spills+carry 0.001 total 0.505 s
dist_mn node 1: 2^25 = 2^12 x 2^13 over 2 x 4 ranks, 4 primes, P24 (rows 512..512; 25165824 + 13421772 limbs at 0, window [31876709, 38587596) of share [31876709, 63753419)): redistribute 0.041 ntt 0.448 crt 0.001 out 0.032 spills+carry 0.001 total 0.505 s
dist_mn node 0: 2^25 = 2^12 x 2^13 over 2 x 4 ranks, 4 primes, P24 (rows 512..512; 25165824 + 13421772 limbs at 25165824, window [0, 6710885) of share [0, 31876709), accumulated): redistribute 0.026 ntt 0.468 crt 0.001 out 0.023 spills+carry 0.007 total 0.523 s
dist_mn node 0: 50331648 x 13421772 limbs over 2 x 4 ranks (cap 2^25 points, P24): 2 x 1 pieces, 2 formed, 0 skipped (low product) (low cut) (cache 0 slots: 0 hits, 0 misses)
dist_mn node 1: 2^25 = 2^12 x 2^13 over 2 x 4 ranks, 4 primes, P24 (rows 512..512; 25165824 + 13421772 limbs at 25165824, window [6710885, 38587595) of share [31876709, 63753419), accumulated): redistribute 0.030 ntt 0.465 crt 0.001 out 0.026 spills+carry 0.006 total 0.523 s
dist_mn node 1: 50331648 x 13421772 limbs over 2 x 4 ranks (cap 2^25 points, P24): 2 x 1 pieces, 2 formed, 0 skipped (low product) (low cut) (cache 0 slots: 0 hits, 0 misses)
dist_mn node 0: 50331648 + 13421772 limbs -> 63753419 (share 31876709): redistribute 0.067 ntt 0.917 crt 0.002 out 0.052 spills+carry 0.008, total 1.029 s
dist_mn node 1: 50331648 + 13421772 limbs -> 63753419 (share 31876710): redistribute 0.071 ntt 0.912 crt 0.002 out 0.058 spills+carry 0.008, total 1.029 s
dist_mn node 0: 50331648 x 13421772 limbs over 2 x 4 ranks (cap 2^25 points, P24): 2 x 1 pieces, 0 formed, 2 skipped (low cut) (cache 0 slots: 0 hits, 0 misses)
dist_mn node 1: 50331648 x 13421772 limbs over 2 x 4 ranks (cap 2^25 points, P24): 2 x 1 pieces, 0 formed, 2 skipped (low cut) (cache 0 slots: 0 hits, 0 misses)
dist_mn node 1: 50331648 + 13421772 limbs -> 0 (share 31876710): redistribute 0.000 ntt 0.000 crt 0.000 out 0.000 spills+carry 0.000, total 0.002 s
dist_mn node 0: 50331648 + 13421772 limbs -> 0 (share 31876710): redistribute 0.000 ntt 0.000 crt 0.000 out 0.000 spills+carry 0.000, total 0.007 s
mdev 3*2^24 (38587596 limbs): repack 0.033 h2d 0.001 fwd 0.005 inv 0.003 d2h 0.029 crt 0.017 total 0.079 s
mdev 3*2^24 (38587596 limbs): repack 0.057 h2d 0.001 fwd 0.005 inv 0.003 d2h 0.024 crt 0.049 total 0.095 s
mdev 3*2^24 (38587596 limbs): repack 0.041 h2d 0.001 fwd 0.005 inv 0.004 d2h 0.038 crt 0.021 total 0.095 s
mdev 3*2^24 (38587596 limbs): repack 0.050 h2d 0.001 fwd 0.005 inv 0.003 d2h 0.033 crt 0.007 total 0.099 s
dist_mn node 0: 50331648 x 13421772 limbs over 2 x 4 ranks (cap 2^25 points, P24): 2 x 1 pieces, 0 formed, 2 skipped (low product) (low cut) (cache 0 slots: 0 hits, 0 misses)
dist_mn node 1: 50331648 x 13421772 limbs over 2 x 4 ranks (cap 2^25 points, P24): 2 x 1 pieces, 0 formed, 2 skipped (low product) (low cut) (cache 0 slots: 0 hits, 0 misses)
dist_mn node 1: 50331648 + 13421772 limbs -> 0 (share 31876710): redistribute 0.000 ntt 0.000 crt 0.000 out 0.000 spills+carry 0.000, total 0.002 s
dist_mn node 0: 50331648 + 13421772 limbs -> 0 (share 31876709): redistribute 0.000 ntt 0.000 crt 0.000 out 0.000 spills+carry 0.000, total 0.005 s
mdev 3*2^24 (38587596 limbs): repack 0.037 h2d 0.001 fwd 0.005 inv 0.004 d2h 0.025 crt 0.018 total 0.076 s
mdev 3*2^24 (38587596 limbs): repack 0.036 h2d 0.001 fwd 0.007 inv 0.004 d2h 0.019 crt 0.007 total 0.070 s
mdev 3*2^24 (38587596 limbs): repack 0.049 h2d 0.001 fwd 0.010 inv 0.004 d2h 0.044 crt 0.027 total 0.109 s
mdev 3*2^24 (38587596 limbs): repack 0.042 h2d 0.001 fwd 0.008 inv 0.005 d2h 0.064 crt 0.022 total 0.121 s
dist_mn node 0: 2^25 = 2^12 x 2^13 over 2 x 4 ranks, 4 primes, P24 (rows 512..512; 25165824 + 13421772 limbs at 0, window [0, 31876710) of share [0, 31876710)): redistribute 0.045 ntt 0.472 crt 0.001 out 0.036 spills+carry 0.001 total 0.530 s
dist_mn node 1: 2^25 = 2^12 x 2^13 over 2 x 4 ranks, 4 primes, P24 (rows 512..512; 25165824 + 13421772 limbs at 0, window [31876710, 38587596) of share [31876710, 63753420)): redistribute 0.047 ntt 0.469 crt 0.001 out 0.035 spills+carry 0.001 total 0.530 s
dist_mn node 0: 2^25 = 2^12 x 2^13 over 2 x 4 ranks, 4 primes, P24 (rows 512..512; 25165824 + 13421772 limbs at 25165824, window [0, 6710886) of share [0, 31876710), accumulated): redistribute 0.034 ntt 0.481 crt 0.001 out 0.027 spills+carry 0.006 total 0.546 s
dist_mn node 0: 50331648 x 13421772 limbs over 2 x 4 ranks (cap 2^25 points, P24): 2 x 1 pieces, 2 formed, 0 skipped (cache 0 slots: 0 hits, 0 misses)
dist_mn node 1: 2^25 = 2^12 x 2^13 over 2 x 4 ranks, 4 primes, P24 (rows 512..512; 25165824 + 13421772 limbs at 25165824, window [6710886, 38587596) of share [31876710, 63753420), accumulated): redistribute 0.034 ntt 0.480 crt 0.001 out 0.029 spills+carry 0.006 total 0.546 s
dist_mn node 1: 50331648 x 13421772 limbs over 2 x 4 ranks (cap 2^25 points, P24): 2 x 1 pieces, 2 formed, 0 skipped (cache 0 slots: 0 hits, 0 misses)
dist_mn node 0: 50331648 + 13421772 limbs -> 63753420 (share 31876710): redistribute 0.079 ntt 0.954 crt 0.002 out 0.063 spills+carry 0.007, total 1.084 s
dist_mn node 1: 50331648 + 13421772 limbs -> 63753420 (share 31876710): redistribute 0.082 ntt 0.949 crt 0.002 out 0.064 spills+carry 0.007, total 1.078 s
dist_mn node 0: 2^25 = 2^12 x 2^13 over 2 x 4 ranks, 4 primes, P24 (rows 512..512; 25165824 + 13421772 limbs at 0, window [0, 31876709) of share [0, 31876709)): redistribute 0.045 ntt 0.505 crt 0.001 out 0.037 spills+carry 0.001 total 0.577 s
dist_mn node 1: 2^25 = 2^12 x 2^13 over 2 x 4 ranks, 4 primes, P24 (rows 512..512; 25165824 + 13421772 limbs at 0, window [31876709, 38587596) of share [31876709, 63753419)): redistribute 0.048 ntt 0.507 crt 0.001 out 0.036 spills+carry 0.001 total 0.577 s
dist_mn node 0: 2^25 = 2^12 x 2^13 over 2 x 4 ranks, 4 primes, P24 (rows 512..512; 25165824 + 13421772 limbs at 25165824, window [0, 6710885) of share [0, 31876709), accumulated): redistribute 0.035 ntt 0.444 crt 0.002 out 0.029 spills+carry 0.006 total 0.513 s
dist_mn node 0: 50331648 x 13421772 limbs over 2 x 4 ranks (cap 2^25 points, P24): 2 x 1 pieces, 2 formed, 0 skipped (low product) (cache 0 slots: 0 hits, 0 misses)
dist_mn node 1: 2^25 = 2^12 x 2^13 over 2 x 4 ranks, 4 primes, P24 (rows 512..512; 25165824 + 13421772 limbs at 25165824, window [6710885, 38587595) of share [31876709, 63753419), accumulated): redistribute 0.038 ntt 0.445 crt 0.002 out 0.031 spills+carry 0.006 total 0.513 s
dist_mn node 1: 50331648 x 13421772 limbs over 2 x 4 ranks (cap 2^25 points, P24): 2 x 1 pieces, 2 formed, 0 skipped (low product) (cache 0 slots: 0 hits, 0 misses)
dist_mn node 0: 50331648 + 13421772 limbs -> 63753419 (share 31876709): redistribute 0.080 ntt 0.949 crt 0.003 out 0.065 spills+carry 0.008, total 1.091 s
dist_mn node 1: 50331648 + 13421772 limbs -> 63753419 (share 31876710): redistribute 0.087 ntt 0.952 crt 0.003 out 0.066 spills+carry 0.008, total 1.091 s
dist_mn node 0: 2^25 = 2^12 x 2^13 over 2 x 4 ranks, 4 primes, P24 (rows 512..512; 25165824 + 13421765 limbs at 0, window [0, 19293794) of share [0, 19293794)): redistribute 0.058 ntt 0.477 crt 0.001 out 0.032 spills+carry 0.001 total 0.537 s
dist_mn node 0: 25165824 x 13421765 limbs over 2 x 4 ranks (cap 2^25 points, P24): 1 x 1 pieces, 1 formed, 0 skipped (cache 0 slots: 0 hits, 0 misses)
dist_mn node 1: 2^25 = 2^12 x 2^13 over 2 x 4 ranks, 4 primes, P24 (rows 512..512; 25165824 + 13421765 limbs at 0, window [19293794, 38587589) of share [19293794, 38587589)): redistribute 0.060 ntt 0.468 crt 0.001 out 0.033 spills+carry 0.001 total 0.537 s
dist_mn node 1: 25165824 x 13421765 limbs over 2 x 4 ranks (cap 2^25 points, P24): 1 x 1 pieces, 1 formed, 0 skipped (cache 0 slots: 0 hits, 0 misses)
dist_mn node 1: 25165824 + 13421765 limbs -> 38587589 (share 19293795): redistribute 0.060 ntt 0.468 crt 0.001 out 0.033 spills+carry 0.001, total 0.538 s
dist_mn node 0: 25165824 + 13421765 limbs -> 38587589 (share 19293794): redistribute 0.058 ntt 0.477 crt 0.001 out 0.032 spills+carry 0.001, total 0.538 s
mdev 3*2^24 (38587589 limbs): repack 0.031 h2d 0.001 fwd 0.008 inv 0.006 d2h 0.018 crt 0.005 total 0.066 s
mdev 3*2^24 (38587589 limbs): repack 0.032 h2d 0.001 fwd 0.009 inv 0.005 d2h 0.031 crt 0.004 total 0.080 s
dist_mn node 0: 2^25 = 2^12 x 2^13 over 2 x 4 ranks, 4 primes, P24 (rows 512..512; 25165824 + 13421765 limbs at 0, window [0, 12582913) of share [0, 12582913)): redistribute 0.065 ntt 0.510 crt 0.001 out 0.022 spills+carry 0.001 total 0.563 s
dist_mn node 0: 25165824 x 13421765 limbs over 2 x 4 ranks (cap 2^25 points, P24): 1 x 1 pieces, 1 formed, 0 skipped (low product) (cache 0 slots: 0 hits, 0 misses)
dist_mn node 1: 2^25 = 2^12 x 2^13 over 2 x 4 ranks, 4 primes, P24 (rows 512..512; 25165824 + 13421765 limbs at 0, window [12582913, 25165827) of share [12582913, 25165827)): redistribute 0.082 ntt 0.505 crt 0.001 out 0.023 spills+carry 0.001 total 0.578 s
dist_mn node 1: 25165824 x 13421765 limbs over 2 x 4 ranks (cap 2^25 points, P24): 1 x 1 pieces, 1 formed, 0 skipped (low product) (cache 0 slots: 0 hits, 0 misses)
dist_mn node 1: 25165824 + 13421765 limbs -> 25165827 (share 12582914): redistribute 0.082 ntt 0.505 crt 0.001 out 0.023 spills+carry 0.001, total 0.579 s
dist_mn node 0: 25165824 + 13421765 limbs -> 25165827 (share 12582913): redistribute 0.065 ntt 0.510 crt 0.001 out 0.022 spills+carry 0.001, total 0.564 s
dist_mn node 0: 2^25 = 2^12 x 2^13 over 2 x 4 ranks, 4 primes, P24 (rows 512..512; 25165824 + 13421772 limbs at 0, window [0, 31876710) of share [0, 31876710)): redistribute 0.048 ntt 0.509 crt 0.001 out 0.036 spills+carry 0.001 total 0.580 s
dist_mn node 1: 2^25 = 2^12 x 2^13 over 2 x 4 ranks, 4 primes, P24 (rows 512..512; 25165824 + 13421772 limbs at 0, window [31876710, 38587596) of share [31876710, 63753421)): redistribute 0.049 ntt 0.508 crt 0.001 out 0.035 spills+carry 0.001 total 0.580 s
dist_mn node 0: 2^25 = 2^12 x 2^13 over 2 x 4 ranks, 4 primes, P24 (rows 512..512; 25165824 + 13421772 limbs at 25165824, window [0, 6710886) of share [0, 31876710), accumulated): redistribute 0.034 ntt 0.449 crt 0.002 out 0.029 spills+carry 0.006 total 0.515 s
dist_mn node 1: 2^25 = 2^12 x 2^13 over 2 x 4 ranks, 4 primes, P24 (rows 512..512; 25165824 + 13421772 limbs at 25165824, window [6710886, 38587596) of share [31876710, 63753421), accumulated): redistribute 0.039 ntt 0.453 crt 0.002 out 0.022 spills+carry 0.006 total 0.515 s
mdb_add_shifted node 0: 13421769 limbs at 0 into a basis of 63753421 (my window [0, 13421769), 1 rounds of 3355456; slabs 3355442 + 3355442 limbs per APU 0): 0.033 s
dist_mn node 0: 50331648 x 13421772 limbs over 2 x 4 ranks (cap 2^25 points, P24): 2 x 1 pieces, 2 formed, 0 skipped (cache 0 slots: 0 hits, 0 misses)
mdb_add_shifted node 1: 13421769 limbs at 0 into a basis of 63753421 (my window [31876710, 31876710), 1 rounds of 3355456; slabs 0 + 0 limbs per APU 0): 0.033 s
dist_mn node 1: 50331648 x 13421772 limbs over 2 x 4 ranks (cap 2^25 points, P24): 2 x 1 pieces, 2 formed, 0 skipped (cache 0 slots: 0 hits, 0 misses)
dist_mn node 0: 50331648 + 13421772 + x limbs -> 63753420 (share 31876710): redistribute 0.082 ntt 0.958 crt 0.002 out 0.064 spills+carry 0.007, total 1.135 s
dist_mn node 1: 50331648 + 13421772 + x limbs -> 63753420 (share 31876711): redistribute 0.087 ntt 0.961 crt 0.002 out 0.057 spills+carry 0.007, total 1.129 s
mdb_add_shifted node 0: 13421769 limbs at 0 into a basis of 63753421 (my window [0, 13421769), 1 rounds of 3355456; slabs 3355442 + 3355442 limbs per APU 0): 0.111 s
mdb_add_shifted node 1: 13421769 limbs at 0 into a basis of 63753421 (my window [31876710, 31876710), 1 rounds of 3355456; slabs 0 + 0 limbs per APU 0): 0.076 s
mdb_add_shifted node 0: 13421769 limbs at 7 into a basis of 63753421 (my window [7, 13421776), 1 rounds of 3355456; slabs 3355442 + 3355442 limbs per APU 0): 0.052 s
mdb_add_shifted node 1: 13421769 limbs at 7 into a basis of 63753421 (my window [31876710, 31876710), 1 rounds of 3355456; slabs 0 + 0 limbs per APU 0): 0.050 s
mdb_add_shifted node 0: 13421769 limbs at 25165824 into a basis of 63753421 (my window [25165824, 31876710), 1 rounds of 1677728; slabs 1677721 + 1677721 limbs per APU 0): 0.029 s
mdb_add_shifted node 1: 13421769 limbs at 25165824 into a basis of 63753421 (my window [31876710, 38587593), 1 rounds of 1677728; slabs 1677720 + 1677720 limbs per APU 0): 0.011 s
mdb_add_shifted node 1: 13421769 limbs at 50331648 into a basis of 63753421 (my window [50331648, 63753417), 1 rounds of 3355456; slabs 0 + 3355442 limbs per APU 0): 0.035 s
mdb_add_shifted node 0: 13421769 limbs at 50331648 into a basis of 63753421 (my window [50331648, 50331648), 1 rounds of 3355456; slabs 3355442 + 0 limbs per APU 0): 0.061 s
dist_mn node 0: 2^25 = 2^12 x 2^13 over 2 x 4 ranks, 4 primes, P24 (rows 512..512; 25165824 + 13421772 limbs at 0, window [0, 31876710) of share [0, 31876710)): redistribute 0.060 ntt 0.459 crt 0.002 out 0.047 spills+carry 0.003 total 0.542 s
dist_mn node 1: 2^25 = 2^12 x 2^13 over 2 x 4 ranks, 4 primes, P24 (rows 512..512; 25165824 + 13421772 limbs at 0, window [31876710, 38587596) of share [31876710, 63753420)): redistribute 0.062 ntt 0.459 crt 0.002 out 0.043 spills+carry 0.003 total 0.543 s
dist_mn node 0: 2^25 = 2^12 x 2^13 over 2 x 4 ranks, 4 primes, P24 (rows 512..512; 25165824 + 13421772 limbs at 25165824, window [0, 6710886) of share [0, 31876710), accumulated): redistribute 0.041 ntt 0.459 crt 0.001 out 0.034 spills+carry 0.009 total 0.543 s
dist_mn node 0: 50331648 x 13421772 limbs over 2 x 4 ranks (cap 2^25 points, P24): 2 x 1 pieces, 2 formed, 0 skipped (cache 0 slots: 0 hits, 0 misses)
dist_mn node 1: 2^25 = 2^12 x 2^13 over 2 x 4 ranks, 4 primes, P24 (rows 512..512; 25165824 + 13421772 limbs at 25165824, window [6710886, 38587596) of share [31876710, 63753420), accumulated): redistribute 0.051 ntt 0.458 crt 0.001 out 0.033 spills+carry 0.009 total 0.543 s
dist_mn node 1: 50331648 x 13421772 limbs over 2 x 4 ranks (cap 2^25 points, P24): 2 x 1 pieces, 2 formed, 0 skipped (cache 0 slots: 0 hits, 0 misses)
dist_mn node 0: 50331648 + 13421772 limbs -> 63753420 (share 31876710): redistribute 0.100 ntt 0.918 crt 0.002 out 0.082 spills+carry 0.012, total 1.088 s
dist_mn node 1: 50331648 + 13421772 limbs -> 63753420 (share 31876710): redistribute 0.112 ntt 0.917 crt 0.002 out 0.077 spills+carry 0.012, total 1.153 s
mdev 2^26 (63753420 limbs): repack 0.047 h2d 0.001 fwd 0.009 inv 0.005 d2h 0.044 crt 0.041 total 0.113 s
mdev 2^26 (63753420 limbs): repack 0.059 h2d 0.001 fwd 0.010 inv 0.004 d2h 0.050 crt 0.026 total 0.123 s
dist_mn node 0: 2^25 = 2^12 x 2^13 over 2 x 4 ranks, 4 primes, P24 (rows 512..512; 25165824 + 13421772 limbs at 0, window [0, 31876710) of share [0, 31876710)): redistribute 0.045 ntt 0.507 crt 0.001 out 0.028 spills+carry 0.003 total 0.578 s
dist_mn node 1: 2^25 = 2^12 x 2^13 over 2 x 4 ranks, 4 primes, P24 (rows 512..512; 25165824 + 13421772 limbs at 0, window [31876710, 38587596) of share [31876710, 63753421)): redistribute 0.045 ntt 0.504 crt 0.001 out 0.032 spills+carry 0.003 total 0.578 s
dist_mn node 0: 2^25 = 2^12 x 2^13 over 2 x 4 ranks, 4 primes, P24 (rows 512..512; 25165824 + 13421772 limbs at 25165824, window [0, 6710886) of share [0, 31876710), accumulated): redistribute 0.031 ntt 0.417 crt 0.001 out 0.028 spills+carry 0.009 total 0.483 s
dist_mn node 1: 2^25 = 2^12 x 2^13 over 2 x 4 ranks, 4 primes, P24 (rows 512..512; 25165824 + 13421772 limbs at 25165824, window [6710886, 38587596) of share [31876710, 63753421), accumulated): redistribute 0.032 ntt 0.416 crt 0.001 out 0.027 spills+carry 0.009 total 0.483 s
mdb_add_shifted node 0: 13421769 limbs at 0 into a basis of 63753421 (my window [0, 13421769), 1 rounds of 3355456; slabs 3355442 + 3355442 limbs per APU 0): 0.029 s
dist_mn node 0: 50331648 x 13421772 limbs over 2 x 4 ranks (cap 2^25 points, P24): 2 x 1 pieces, 2 formed, 0 skipped (cache 0 slots: 0 hits, 0 misses)
mdb_add_shifted node 1: 13421769 limbs at 0 into a basis of 63753421 (my window [31876710, 31876710), 1 rounds of 3355456; slabs 0 + 0 limbs per APU 0): 0.029 s
dist_mn node 1: 50331648 x 13421772 limbs over 2 x 4 ranks (cap 2^25 points, P24): 2 x 1 pieces, 2 formed, 0 skipped (cache 0 slots: 0 hits, 0 misses)
dist_mn node 0: 50331648 + 13421772 + x limbs -> 63753420 (share 31876710): redistribute 0.076 ntt 0.924 crt 0.002 out 0.056 spills+carry 0.012, total 1.093 s
dist_mn node 1: 50331648 + 13421772 + x limbs -> 63753420 (share 31876711): redistribute 0.077 ntt 0.920 crt 0.002 out 0.059 spills+carry 0.012, total 1.091 s
dist_mn node 0: 2^25 = 2^12 x 2^13 over 2 x 4 ranks, 4 primes, P24 (rows 512..512; 25165824 + 13421772 limbs at 0, window [0, 25165825) of share [0, 25165825)): redistribute 0.103 ntt 0.558 crt 0.001 out 0.035 spills+carry 0.002 total 0.638 s
dist_mn node 1: 2^25 = 2^12 x 2^13 over 2 x 4 ranks, 4 primes, P24 (rows 512..512; 25165824 + 13421772 limbs at 0, window [25165825, 38587596) of share [25165825, 50331650)): redistribute 0.103 ntt 0.557 crt 0.001 out 0.035 spills+carry 0.003 total 0.637 s
dist_mn node 0: 2^25 = 2^12 x 2^13 over 2 x 4 ranks, 4 primes, P24 (rows 512..512; 25165824 + 13421772 limbs at 25165824, window [0, 1) of share [0, 25165825), accumulated): redistribute 0.032 ntt 0.464 crt 0.001 out 0.021 spills+carry 0.004 total 0.517 s
dist_mn node 0: 50331648 x 13421772 limbs over 2 x 4 ranks (cap 2^25 points, P24): 2 x 1 pieces, 2 formed, 0 skipped (low product) (cache 0 slots: 0 hits, 0 misses)
dist_mn node 1: 2^25 = 2^12 x 2^13 over 2 x 4 ranks, 4 primes, P24 (rows 512..512; 25165824 + 13421772 limbs at 25165824, window [1, 25165826) of share [25165825, 50331650), accumulated): redistribute 0.033 ntt 0.459 crt 0.001 out 0.020 spills+carry 0.003 total 0.517 s
dist_mn node 1: 50331648 x 13421772 limbs over 2 x 4 ranks (cap 2^25 points, P24): 2 x 1 pieces, 2 formed, 0 skipped (low product) (cache 0 slots: 0 hits, 0 misses)
dist_mn node 0: 50331648 + 13421772 limbs -> 50331650 (share 25165825): redistribute 0.135 ntt 1.022 crt 0.002 out 0.056 spills+carry 0.006, total 1.156 s
dist_mn node 1: 50331648 + 13421772 limbs -> 50331650 (share 25165825): redistribute 0.136 ntt 1.016 crt 0.002 out 0.056 spills+carry 0.006, total 1.156 s
dist_mn node 0: 2^25 = 2^12 x 2^13 over 2 x 4 ranks, 4 primes, P24 (rows 512..512; 25165825 + 13421772 limbs at 0, window [0, 12582912) of share [0, 12582912)): redistribute 0.068 ntt 0.494 crt 0.002 out 0.037 spills+carry 0.003 total 0.564 s
dist_mn node 0: 25165825 x 13421772 limbs over 2 x 4 ranks (cap 2^25 points, P24): 1 x 1 pieces, 1 formed, 0 skipped (low product) (cache 0 slots: 0 hits, 0 misses)
dist_mn node 1: 2^25 = 2^12 x 2^13 over 2 x 4 ranks, 4 primes, P24 (rows 512..512; 25165825 + 13421772 limbs at 0, window [12582912, 25165825) of share [12582912, 25165825)): redistribute 0.070 ntt 0.495 crt 0.002 out 0.028 spills+carry 0.003 total 0.564 s
dist_mn node 1: 25165825 x 13421772 limbs over 2 x 4 ranks (cap 2^25 points, P24): 1 x 1 pieces, 1 formed, 0 skipped (low product) (cache 0 slots: 0 hits, 0 misses)
dist_mn node 0: 25165825 + 13421772 limbs -> 25165825 (share 12582912): redistribute 0.068 ntt 0.494 crt 0.002 out 0.037 spills+carry 0.003, total 0.564 s
dist_mn node 1: 25165825 + 13421772 limbs -> 25165825 (share 12582913): redistribute 0.070 ntt 0.495 crt 0.002 out 0.028 spills+carry 0.003, total 0.564 s
dist_mn node 0: 2^25 = 2^12 x 2^13 over 2 x 4 ranks, 4 primes, P24 (rows 512..512; 25165824 + 13421772 limbs at 0, window [0, 31876709) of share [0, 31876709)): redistribute 0.057 ntt 0.497 crt 0.001 out 0.035 spills+carry 0.003 total 0.580 s
dist_mn node 1: 2^25 = 2^12 x 2^13 over 2 x 4 ranks, 4 primes, P24 (rows 512..512; 25165824 + 13421772 limbs at 0, window [31876709, 38587596) of share [31876709, 63753419)): redistribute 0.058 ntt 0.499 crt 0.001 out 0.031 spills+carry 0.003 total 0.580 s
dist_mn node 0: 2^25 = 2^12 x 2^13 over 2 x 4 ranks, 4 primes, P24 (rows 512..512; 25165824 + 13421772 limbs at 25165824, window [0, 6710885) of share [0, 31876709), accumulated): redistribute 0.029 ntt 0.438 crt 0.001 out 0.035 spills+carry 0.009 total 0.509 s
dist_mn node 0: 50331648 x 13421772 limbs over 2 x 4 ranks (cap 2^25 points, P24): 2 x 1 pieces, 2 formed, 0 skipped (low product) (cache 0 slots: 0 hits, 0 misses)
dist_mn node 1: 2^25 = 2^12 x 2^13 over 2 x 4 ranks, 4 primes, P24 (rows 512..512; 25165824 + 13421772 limbs at 25165824, window [6710885, 38587595) of share [31876709, 63753419), accumulated): redistribute 0.028 ntt 0.443 crt 0.001 out 0.031 spills+carry 0.009 total 0.509 s
dist_mn node 1: 50331648 x 13421772 limbs over 2 x 4 ranks (cap 2^25 points, P24): 2 x 1 pieces, 2 formed, 0 skipped (low product) (cache 0 slots: 0 hits, 0 misses)
dist_mn node 0: 50331648 + 13421772 limbs -> 63753419 (share 31876709): redistribute 0.086 ntt 0.934 crt 0.002 out 0.070 spills+carry 0.012, total 1.090 s
dist_mn node 1: 50331648 + 13421772 limbs -> 63753419 (share 31876710): redistribute 0.086 ntt 0.942 crt 0.002 out 0.062 spills+carry 0.012, total 1.090 s
dist_mn node 0: 2^25 = 2^12 x 2^13 over 2 x 4 ranks, 4 primes, P24 (rows 512..512; 25165824 + 13421772 limbs at 0, window [0, 31876710) of share [0, 31876710)): redistribute 0.092 ntt 0.535 crt 0.002 out 0.030 spills+carry 0.003 total 0.613 s
dist_mn node 1: 2^25 = 2^12 x 2^13 over 2 x 4 ranks, 4 primes, P24 (rows 512..512; 25165824 + 13421772 limbs at 0, window [31876710, 38587596) of share [31876710, 63753420)): redistribute 0.091 ntt 0.535 crt 0.002 out 0.028 spills+carry 0.003 total 0.613 s
dist_mn node 0: 2^25 = 2^12 x 2^13 over 2 x 4 ranks, 4 primes, P24 (rows 512..512; 25165824 + 13421772 limbs at 25165824, window [0, 6710886) of share [0, 31876710), accumulated): redistribute 0.028 ntt 0.465 crt 0.001 out 0.030 spills+carry 0.009 total 0.532 s
dist_mn node 0: 50331648 x 13421772 limbs over 2 x 4 ranks (cap 2^25 points, P24): 2 x 1 pieces, 2 formed, 0 skipped (low cut) (cache 0 slots: 0 hits, 0 misses)
dist_mn node 1: 2^25 = 2^12 x 2^13 over 2 x 4 ranks, 4 primes, P24 (rows 512..512; 25165824 + 13421772 limbs at 25165824, window [6710886, 38587596) of share [31876710, 63753420), accumulated): redistribute 0.031 ntt 0.467 crt 0.001 out 0.028 spills+carry 0.009 total 0.532 s
dist_mn node 1: 50331648 x 13421772 limbs over 2 x 4 ranks (cap 2^25 points, P24): 2 x 1 pieces, 2 formed, 0 skipped (low cut) (cache 0 slots: 0 hits, 0 misses)
dist_mn node 0: 50331648 + 13421772 limbs -> 63753420 (share 31876710): redistribute 0.120 ntt 1.000 crt 0.002 out 0.060 spills+carry 0.012, total 1.147 s
dist_mn node 1: 50331648 + 13421772 limbs -> 63753420 (share 31876710): redistribute 0.122 ntt 1.002 crt 0.002 out 0.056 spills+carry 0.012, total 1.147 s
dist_mn node 0: 2^25 = 2^12 x 2^13 over 2 x 4 ranks, 4 primes, P24 (rows 512..512; 25165824 + 13421772 limbs at 0, window [0, 31876709) of share [0, 31876709)): redistribute 0.082 ntt 0.509 crt 0.001 out 0.028 spills+carry 0.002 total 0.566 s
dist_mn node 1: 2^25 = 2^12 x 2^13 over 2 x 4 ranks, 4 primes, P24 (rows 512..512; 25165824 + 13421772 limbs at 0, window [31876709, 38587596) of share [31876709, 63753419)): redistribute 0.075 ntt 0.509 crt 0.001 out 0.022 spills+carry 0.002 total 0.566 s
dist_mn node 0: 2^25 = 2^12 x 2^13 over 2 x 4 ranks, 4 primes, P24 (rows 512..512; 25165824 + 13421772 limbs at 25165824, window [0, 6710885) of share [0, 31876709), accumulated): redistribute 0.025 ntt 0.437 crt 0.002 out 0.034 spills+carry 0.009 total 0.505 s
dist_mn node 0: 50331648 x 13421772 limbs over 2 x 4 ranks (cap 2^25 points, P24): 2 x 1 pieces, 2 formed, 0 skipped (low product) (low cut) (cache 0 slots: 0 hits, 0 misses)
dist_mn node 1: 2^25 = 2^12 x 2^13 over 2 x 4 ranks, 4 primes, P24 (rows 512..512; 25165824 + 13421772 limbs at 25165824, window [6710885, 38587595) of share [31876709, 63753419), accumulated): redistribute 0.028 ntt 0.441 crt 0.002 out 0.029 spills+carry 0.008 total 0.505 s
dist_mn node 1: 50331648 x 13421772 limbs over 2 x 4 ranks (cap 2^25 points, P24): 2 x 1 pieces, 2 formed, 0 skipped (low product) (low cut) (cache 0 slots: 0 hits, 0 misses)
dist_mn node 0: 50331648 + 13421772 limbs -> 63753419 (share 31876709): redistribute 0.107 ntt 0.945 crt 0.002 out 0.062 spills+carry 0.011, total 1.073 s
dist_mn node 1: 50331648 + 13421772 limbs -> 63753419 (share 31876710): redistribute 0.104 ntt 0.950 crt 0.002 out 0.051 spills+carry 0.011, total 1.073 s
dist_mn node 1: 2^25 = 2^12 x 2^13 over 2 x 4 ranks, 4 primes, P24 (rows 512..512; 25165824 + 13421772 limbs at 0, window [31876710, 38587596) of share [31876710, 63753420)): redistribute 0.075 ntt 0.470 crt 0.002 out 0.041 spills+carry 0.003 total 0.557 s
dist_mn node 0: 2^25 = 2^12 x 2^13 over 2 x 4 ranks, 4 primes, P24 (rows 512..512; 25165824 + 13421772 limbs at 0, window [0, 31876710) of share [0, 31876710)): redistribute 0.073 ntt 0.469 crt 0.002 out 0.047 spills+carry 0.003 total 0.557 s
dist_mn node 0: 2^25 = 2^12 x 2^13 over 2 x 4 ranks, 4 primes, P24 (rows 512..512; 25165824 + 13421772 limbs at 25165824, window [0, 6710886) of share [0, 31876710), accumulated): redistribute 0.029 ntt 0.442 crt 0.001 out 0.027 spills+carry 0.009 total 0.501 s
dist_mn node 0: 50331648 x 13421772 limbs over 2 x 4 ranks (cap 2^25 points, P24): 2 x 1 pieces, 2 formed, 0 skipped (low cut) (cache 0 slots: 0 hits, 0 misses)
dist_mn node 1: 2^25 = 2^12 x 2^13 over 2 x 4 ranks, 4 primes, P24 (rows 512..512; 25165824 + 13421772 limbs at 25165824, window [6710886, 38587596) of share [31876710, 63753420), accumulated): redistribute 0.036 ntt 0.434 crt 0.001 out 0.027 spills+carry 0.009 total 0.501 s
dist_mn node 1: 50331648 x 13421772 limbs over 2 x 4 ranks (cap 2^25 points, P24): 2 x 1 pieces, 2 formed, 0 skipped (low cut) (cache 0 slots: 0 hits, 0 misses)
dist_mn node 0: 50331648 + 13421772 limbs -> 63753420 (share 31876710): redistribute 0.102 ntt 0.911 crt 0.003 out 0.074 spills+carry 0.011, total 1.059 s
dist_mn node 1: 50331648 + 13421772 limbs -> 63753420 (share 31876710): redistribute 0.111 ntt 0.903 crt 0.003 out 0.068 spills+carry 0.011, total 1.059 s
dist_mn node 0: 2^25 = 2^12 x 2^13 over 2 x 4 ranks, 4 primes, P24 (rows 512..512; 25165824 + 13421772 limbs at 0, window [0, 31876709) of share [0, 31876709)): redistribute 0.062 ntt 0.510 crt 0.002 out 0.035 spills+carry 0.003 total 0.578 s
dist_mn node 1: 2^25 = 2^12 x 2^13 over 2 x 4 ranks, 4 primes, P24 (rows 512..512; 25165824 + 13421772 limbs at 0, window [31876709, 38587596) of share [31876709, 63753419)): redistribute 0.062 ntt 0.516 crt 0.002 out 0.027 spills+carry 0.003 total 0.577 s
dist_mn node 0: 2^25 = 2^12 x 2^13 over 2 x 4 ranks, 4 primes, P24 (rows 512..512; 25165824 + 13421772 limbs at 25165824, window [0, 6710885) of share [0, 31876709), accumulated): redistribute 0.029 ntt 0.435 crt 0.001 out 0.030 spills+carry 0.009 total 0.495 s
dist_mn node 0: 50331648 x 13421772 limbs over 2 x 4 ranks (cap 2^25 points, P24): 2 x 1 pieces, 2 formed, 0 skipped (low product) (low cut) (cache 0 slots: 0 hits, 0 misses)
dist_mn node 1: 2^25 = 2^12 x 2^13 over 2 x 4 ranks, 4 primes, P24 (rows 512..512; 25165824 + 13421772 limbs at 25165824, window [6710885, 38587595) of share [31876709, 63753419), accumulated): redistribute 0.031 ntt 0.433 crt 0.001 out 0.029 spills+carry 0.009 total 0.495 s
dist_mn node 1: 50331648 x 13421772 limbs over 2 x 4 ranks (cap 2^25 points, P24): 2 x 1 pieces, 2 formed, 0 skipped (low product) (low cut) (cache 0 slots: 0 hits, 0 misses)
dist_mn node 0: 50331648 + 13421772 limbs -> 63753419 (share 31876709): redistribute 0.091 ntt 0.945 crt 0.002 out 0.065 spills+carry 0.012, total 1.074 s
dist_mn node 1: 50331648 + 13421772 limbs -> 63753419 (share 31876710): redistribute 0.093 ntt 0.949 crt 0.002 out 0.056 spills+carry 0.012, total 1.074 s
dist_mn node 0: 50331648 x 13421772 limbs over 2 x 4 ranks (cap 2^25 points, P24): 2 x 1 pieces, 0 formed, 2 skipped (low cut) (cache 0 slots: 0 hits, 0 misses)
dist_mn node 1: 50331648 x 13421772 limbs over 2 x 4 ranks (cap 2^25 points, P24): 2 x 1 pieces, 0 formed, 2 skipped (low cut) (cache 0 slots: 0 hits, 0 misses)
dist_mn node 1: 50331648 + 13421772 limbs -> 0 (share 31876710): redistribute 0.000 ntt 0.000 crt 0.000 out 0.000 spills+carry 0.000, total 0.001 s
dist_mn node 0: 50331648 + 13421772 limbs -> 0 (share 31876710): redistribute 0.000 ntt 0.000 crt 0.000 out 0.000 spills+carry 0.000, total 0.003 s
mdev 3*2^24 (38587596 limbs): repack 0.033 h2d 0.001 fwd 0.005 inv 0.003 d2h 0.045 crt 0.024 total 0.092 s
mdev 3*2^24 (38587596 limbs): repack 0.038 h2d 0.002 fwd 0.006 inv 0.003 d2h 0.039 crt 0.030 total 0.090 s
mdev 3*2^24 (38587596 limbs): repack 0.041 h2d 0.001 fwd 0.005 inv 0.003 d2h 0.056 crt 0.043 total 0.109 s
mdev 3*2^24 (38587596 limbs): repack 0.036 h2d 0.001 fwd 0.005 inv 0.003 d2h 0.029 crt 0.013 total 0.077 s
dist_mn node 0: 50331648 x 13421772 limbs over 2 x 4 ranks (cap 2^25 points, P24): 2 x 1 pieces, 0 formed, 2 skipped (low product) (low cut) (cache 0 slots: 0 hits, 0 misses)
dist_mn node 1: 50331648 x 13421772 limbs over 2 x 4 ranks (cap 2^25 points, P24): 2 x 1 pieces, 0 formed, 2 skipped (low product) (low cut) (cache 0 slots: 0 hits, 0 misses)
dist_mn node 0: 50331648 + 13421772 limbs -> 0 (share 31876709): redistribute 0.000 ntt 0.000 crt 0.000 out 0.000 spills+carry 0.000, total 0.001 s
dist_mn node 1: 50331648 + 13421772 limbs -> 0 (share 31876710): redistribute 0.000 ntt 0.000 crt 0.000 out 0.000 spills+carry 0.000, total 0.001 s
mdev 3*2^24 (38587596 limbs): repack 0.038 h2d 0.001 fwd 0.005 inv 0.003 d2h 0.025 crt 0.013 total 0.075 s
mdev 3*2^24 (38587596 limbs): repack 0.043 h2d 0.001 fwd 0.004 inv 0.003 d2h 0.040 crt 0.019 total 0.097 s
mdev 3*2^24 (38587596 limbs): repack 0.040 h2d 0.001 fwd 0.009 inv 0.003 d2h 0.042 crt 0.030 total 0.098 s
mdev 3*2^24 (38587596 limbs): repack 0.048 h2d 0.001 fwd 0.006 inv 0.005 d2h 0.056 crt 0.041 total 0.121 s
dist_mn node 0: 2^25 = 2^12 x 2^13 over 2 x 4 ranks, 4 primes, P24 (rows 512..512; 25165824 + 13421772 limbs at 0, window [0, 31876710) of share [0, 31876710)): redistribute 0.076 ntt 0.523 crt 0.001 out 0.042 spills+carry 0.003 total 0.597 s
dist_mn node 1: 2^25 = 2^12 x 2^13 over 2 x 4 ranks, 4 primes, P24 (rows 512..512; 25165824 + 13421772 limbs at 0, window [31876710, 38587596) of share [31876710, 63753420)): redistribute 0.077 ntt 0.521 crt 0.001 out 0.040 spills+carry 0.003 total 0.597 s
dist_mn node 0: 2^25 = 2^12 x 2^13 over 2 x 4 ranks, 4 primes, P24 (rows 512..512; 25165824 + 13421772 limbs at 25165824, window [0, 6710886) of share [0, 31876710), accumulated): redistribute 0.042 ntt 0.481 crt 0.001 out 0.028 spills+carry 0.009 total 0.549 s
dist_mn node 0: 50331648 x 13421772 limbs over 2 x 4 ranks (cap 2^25 points, P24): 2 x 1 pieces, 2 formed, 0 skipped (cache 0 slots: 0 hits, 0 misses)
dist_mn node 1: 2^25 = 2^12 x 2^13 over 2 x 4 ranks, 4 primes, P24 (rows 512..512; 25165824 + 13421772 limbs at 25165824, window [6710886, 38587596) of share [31876710, 63753420), accumulated): redistribute 0.046 ntt 0.480 crt 0.001 out 0.028 spills+carry 0.009 total 0.549 s
dist_mn node 1: 50331648 x 13421772 limbs over 2 x 4 ranks (cap 2^25 points, P24): 2 x 1 pieces, 2 formed, 0 skipped (cache 0 slots: 0 hits, 0 misses)
dist_mn node 0: 50331648 + 13421772 limbs -> 63753420 (share 31876710): redistribute 0.118 ntt 1.003 crt 0.002 out 0.070 spills+carry 0.012, total 1.201 s
dist_mn node 1: 50331648 + 13421772 limbs -> 63753420 (share 31876710): redistribute 0.123 ntt 1.000 crt 0.002 out 0.067 spills+carry 0.012, total 1.148 s
dist_mn node 0: 2^25 = 2^12 x 2^13 over 2 x 4 ranks, 4 primes, P24 (rows 512..512; 25165824 + 13421772 limbs at 0, window [0, 31876709) of share [0, 31876709)): redistribute 0.062 ntt 0.520 crt 0.001 out 0.033 spills+carry 0.003 total 0.604 s
dist_mn node 1: 2^25 = 2^12 x 2^13 over 2 x 4 ranks, 4 primes, P24 (rows 512..512; 25165824 + 13421772 limbs at 0, window [31876709, 38587596) of share [31876709, 63753419)): redistribute 0.065 ntt 0.524 crt 0.001 out 0.034 spills+carry 0.003 total 0.604 s
dist_mn node 0: 2^25 = 2^12 x 2^13 over 2 x 4 ranks, 4 primes, P24 (rows 512..512; 25165824 + 13421772 limbs at 25165824, window [0, 6710885) of share [0, 31876709), accumulated): redistribute 0.034 ntt 0.444 crt 0.001 out 0.031 spills+carry 0.009 total 0.516 s
dist_mn node 0: 50331648 x 13421772 limbs over 2 x 4 ranks (cap 2^25 points, P24): 2 x 1 pieces, 2 formed, 0 skipped (low product) (cache 0 slots: 0 hits, 0 misses)
dist_mn node 1: 2^25 = 2^12 x 2^13 over 2 x 4 ranks, 4 primes, P24 (rows 512..512; 25165824 + 13421772 limbs at 25165824, window [6710885, 38587595) of share [31876709, 63753419), accumulated): redistribute 0.036 ntt 0.447 crt 0.001 out 0.027 spills+carry 0.009 total 0.516 s
dist_mn node 1: 50331648 x 13421772 limbs over 2 x 4 ranks (cap 2^25 points, P24): 2 x 1 pieces, 2 formed, 0 skipped (low product) (cache 0 slots: 0 hits, 0 misses)
dist_mn node 0: 50331648 + 13421772 limbs -> 63753419 (share 31876709): redistribute 0.096 ntt 0.964 crt 0.002 out 0.064 spills+carry 0.012, total 1.122 s
dist_mn node 1: 50331648 + 13421772 limbs -> 63753419 (share 31876710): redistribute 0.100 ntt 0.971 crt 0.002 out 0.061 spills+carry 0.012, total 1.122 s
dist_mn node 0: 2^25 = 2^12 x 2^13 over 2 x 4 ranks, 4 primes, P24 (rows 512..512; 25165824 + 13421765 limbs at 0, window [0, 19293794) of share [0, 19293794)): redistribute 0.068 ntt 0.501 crt 0.001 out 0.025 spills+carry 0.002 total 0.569 s
dist_mn node 0: 25165824 x 13421765 limbs over 2 x 4 ranks (cap 2^25 points, P24): 1 x 1 pieces, 1 formed, 0 skipped (cache 0 slots: 0 hits, 0 misses)
dist_mn node 1: 2^25 = 2^12 x 2^13 over 2 x 4 ranks, 4 primes, P24 (rows 512..512; 25165824 + 13421765 limbs at 0, window [19293794, 38587589) of share [19293794, 38587589)): redistribute 0.076 ntt 0.498 crt 0.001 out 0.029 spills+carry 0.002 total 0.571 s
dist_mn node 1: 25165824 x 13421765 limbs over 2 x 4 ranks (cap 2^25 points, P24): 1 x 1 pieces, 1 formed, 0 skipped (cache 0 slots: 0 hits, 0 misses)
dist_mn node 0: 25165824 + 13421765 limbs -> 38587589 (share 19293794): redistribute 0.068 ntt 0.501 crt 0.001 out 0.025 spills+carry 0.002, total 0.571 s
dist_mn node 1: 25165824 + 13421765 limbs -> 38587589 (share 19293795): redistribute 0.076 ntt 0.498 crt 0.001 out 0.029 spills+carry 0.002, total 0.571 s
mdev 3*2^24 (38587589 limbs): repack 0.035 h2d 0.001 fwd 0.010 inv 0.005 d2h 0.039 crt 0.021 total 0.094 s
mdev 3*2^24 (38587589 limbs): repack 0.036 h2d 0.001 fwd 0.009 inv 0.006 d2h 0.042 crt 0.017 total 0.097 s
dist_mn node 0: 2^25 = 2^12 x 2^13 over 2 x 4 ranks, 4 primes, P24 (rows 512..512; 25165824 + 13421765 limbs at 0, window [0, 12582913) of share [0, 12582913)): redistribute 0.043 ntt 0.520 crt 0.001 out 0.018 spills+carry 0.003 total 0.569 s
dist_mn node 0: 25165824 x 13421765 limbs over 2 x 4 ranks (cap 2^25 points, P24): 1 x 1 pieces, 1 formed, 0 skipped (low product) (cache 0 slots: 0 hits, 0 misses)
dist_mn node 1: 2^25 = 2^12 x 2^13 over 2 x 4 ranks, 4 primes, P24 (rows 512..512; 25165824 + 13421765 limbs at 0, window [12582913, 25165827) of share [12582913, 25165827)): redistribute 0.051 ntt 0.523 crt 0.001 out 0.019 spills+carry 0.003 total 0.573 s
dist_mn node 1: 25165824 x 13421765 limbs over 2 x 4 ranks (cap 2^25 points, P24): 1 x 1 pieces, 1 formed, 0 skipped (low product) (cache 0 slots: 0 hits, 0 misses)
dist_mn node 0: 25165824 + 13421765 limbs -> 25165827 (share 12582913): redistribute 0.043 ntt 0.520 crt 0.001 out 0.018 spills+carry 0.003, total 0.570 s
dist_mn node 1: 25165824 + 13421765 limbs -> 25165827 (share 12582914): redistribute 0.051 ntt 0.523 crt 0.001 out 0.019 spills+carry 0.003, total 0.575 s
dist_mn node 0: 2^25 = 2^12 x 2^13 over 2 x 4 ranks, 4 primes, P24 (rows 512..512; 25165824 + 13421772 limbs at 0, window [0, 31876710) of share [0, 31876710)): redistribute 0.051 ntt 0.527 crt 0.001 out 0.026 spills+carry 0.003 total 0.594 s
dist_mn node 1: 2^25 = 2^12 x 2^13 over 2 x 4 ranks, 4 primes, P24 (rows 512..512; 25165824 + 13421772 limbs at 0, window [31876710, 38587596) of share [31876710, 63753421)): redistribute 0.048 ntt 0.515 crt 0.001 out 0.031 spills+carry 0.003 total 0.594 s
dist_mn node 0: 2^25 = 2^12 x 2^13 over 2 x 4 ranks, 4 primes, P24 (rows 512..512; 25165824 + 13421772 limbs at 25165824, window [0, 6710886) of share [0, 31876710), accumulated): redistribute 0.033 ntt 0.462 crt 0.001 out 0.021 spills+carry 0.009 total 0.524 s
dist_mn node 1: 2^25 = 2^12 x 2^13 over 2 x 4 ranks, 4 primes, P24 (rows 512..512; 25165824 + 13421772 limbs at 25165824, window [6710886, 38587596) of share [31876710, 63753421), accumulated): redistribute 0.038 ntt 0.447 crt 0.001 out 0.028 spills+carry 0.009 total 0.524 s
mdb_add_shifted node 0: 13421769 limbs at 0 into a basis of 63753421 (my window [0, 13421769), 1 rounds of 3355456; slabs 3355442 + 3355442 limbs per APU 0): 0.036 s
dist_mn node 0: 50331648 x 13421772 limbs over 2 x 4 ranks (cap 2^25 points, P24): 2 x 1 pieces, 2 formed, 0 skipped (cache 0 slots: 0 hits, 0 misses)
mdb_add_shifted node 1: 13421769 limbs at 0 into a basis of 63753421 (my window [31876710, 31876710), 1 rounds of 3355456; slabs 0 + 0 limbs per APU 0): 0.036 s
dist_mn node 1: 50331648 x 13421772 limbs over 2 x 4 ranks (cap 2^25 points, P24): 2 x 1 pieces, 2 formed, 0 skipped (cache 0 slots: 0 hits, 0 misses)
dist_mn node 0: 50331648 + 13421772 + x limbs -> 63753420 (share 31876710): redistribute 0.084 ntt 0.989 crt 0.002 out 0.047 spills+carry 0.012, total 1.157 s
dist_mn node 1: 50331648 + 13421772 + x limbs -> 63753420 (share 31876711): redistribute 0.087 ntt 0.963 crt 0.002 out 0.059 spills+carry 0.012, total 1.156 s
mdb_add_shifted node 0: 13421769 limbs at 0 into a basis of 63753421 (my window [0, 13421769), 1 rounds of 3355456; slabs 3355442 + 3355442 limbs per APU 0): 0.063 s
mdb_add_shifted node 1: 13421769 limbs at 0 into a basis of 63753421 (my window [31876710, 31876710), 1 rounds of 3355456; slabs 0 + 0 limbs per APU 0): 0.043 s
mdb_add_shifted node 1: 13421769 limbs at 7 into a basis of 63753421 (my window [31876710, 31876710), 1 rounds of 3355456; slabs 0 + 0 limbs per APU 0): 0.043 s
mdb_add_shifted node 0: 13421769 limbs at 7 into a basis of 63753421 (my window [7, 13421776), 1 rounds of 3355456; slabs 3355442 + 3355442 limbs per APU 0): 0.044 s
mdb_add_shifted node 0: 13421769 limbs at 25165824 into a basis of 63753421 (my window [25165824, 31876710), 1 rounds of 1677728; slabs 1677721 + 1677721 limbs per APU 0): 0.010 s
mdb_add_shifted node 1: 13421769 limbs at 25165824 into a basis of 63753421 (my window [31876710, 38587593), 1 rounds of 1677728; slabs 1677720 + 1677720 limbs per APU 0): 0.037 s
mdb_add_shifted node 1: 13421769 limbs at 50331648 into a basis of 63753421 (my window [50331648, 63753417), 1 rounds of 3355456; slabs 0 + 3355442 limbs per APU 0): 0.075 s
mdb_add_shifted node 0: 13421769 limbs at 50331648 into a basis of 63753421 (my window [50331648, 50331648), 1 rounds of 3355456; slabs 3355442 + 0 limbs per APU 0): 0.062 s
dist_mn node 0: 2^25 = 2^12 x 2^13 over 2 x 4 ranks, 4 primes, P24 (rows 512..512; 30198988 + 10066330 limbs at 0, window [0, 30198988) of share [0, 30198988)): redistribute 0.055 ntt 0.471 crt 0.001 out 0.036 spills+carry 0.001 total 0.532 s
dist_mn node 1: 2^25 = 2^12 x 2^13 over 2 x 4 ranks, 4 primes, P24 (rows 512..512; 30198988 + 10066330 limbs at 0, window [30198988, 40265318) of share [30198988, 60397976)): redistribute 0.053 ntt 0.473 crt 0.001 out 0.035 spills+carry 0.001 total 0.530 s
dist_mn node 0: 2^25 = 2^12 x 2^13 over 2 x 4 ranks, 4 primes, P24 (rows 512..512; 30198988 + 10066330 limbs at 10066330, window [0, 20132658) of share [0, 30198988), accumulated): redistribute 0.027 ntt 0.451 crt 0.002 out 0.036 spills+carry 0.015 total 0.530 s
dist_mn node 1: 2^25 = 2^12 x 2^13 over 2 x 4 ranks, 4 primes, P24 (rows 512..512; 30198988 + 10066330 limbs at 10066330, window [20132658, 40265318) of share [30198988, 60397976), accumulated): redistribute 0.027 ntt 0.456 crt 0.002 out 0.031 spills+carry 0.016 total 0.530 s
dbig pool: APU0 hipMalloc 0.06 GB inside the phase (free 0.60 GB in 27 extents, largest 0.05; live 0.25 GB in 16 blocks)
dbig pool: APU1 hipMalloc 0.06 GB inside the phase (free 0.60 GB in 27 extents, largest 0.05; live 0.25 GB in 17 blocks)
dbig pool: APU2 hipMalloc 0.06 GB inside the phase (free 0.60 GB in 27 extents, largest 0.05; live 0.25 GB in 18 blocks)
dbig pool: APU3 hipMalloc 0.06 GB inside the phase (free 0.60 GB in 27 extents, largest 0.05; live 0.25 GB in 19 blocks)
dbig pool: APU0 hipMalloc 0.06 GB inside the phase (free 0.56 GB in 25 extents, largest 0.05; live 0.34 GB in 30 blocks)
dbig pool: APU2 hipMalloc 0.06 GB inside the phase (free 0.56 GB in 25 extents, largest 0.05; live 0.34 GB in 31 blocks)
dbig pool: APU1 hipMalloc 0.06 GB inside the phase (free 0.56 GB in 25 extents, largest 0.05; live 0.34 GB in 31 blocks)
dbig pool: APU3 hipMalloc 0.06 GB inside the phase (free 0.56 GB in 25 extents, largest 0.05; live 0.34 GB in 31 blocks)
dist_mn node 0: 2^25 = 2^12 x 2^13 over 2 x 4 ranks, 4 primes, P24 (rows 512..512; 30198988 + 10066328 limbs at 20132660, window [0, 10066328) of share [0, 30198988), accumulated): redistribute 0.040 ntt 0.494 crt 0.001 out 0.047 spills+carry 0.008 total 0.591 s
dist_mn node 0: 30198988 x 30198988 limbs over 2 x 4 ranks (cap 2^25 points, P24): 1 x 3 pieces, 3 formed, 0 skipped (cache 0 slots: 0 hits, 0 misses)
dist_mn node 1: 2^25 = 2^12 x 2^13 over 2 x 4 ranks, 4 primes, P24 (rows 512..512; 30198988 + 10066328 limbs at 20132660, window [10066328, 40265316) of share [30198988, 60397976), accumulated): redistribute 0.020 ntt 0.501 crt 0.001 out 0.037 spills+carry 0.008 total 0.591 s
dist_mn node 1: 30198988 x 30198988 limbs over 2 x 4 ranks (cap 2^25 points, P24): 1 x 3 pieces, 3 formed, 0 skipped (cache 0 slots: 0 hits, 0 misses)
dist_mn node 0: 30198988 + 30198988 limbs -> 60397976 (share 30198988): redistribute 0.122 ntt 1.416 crt 0.003 out 0.120 spills+carry 0.025, total 2.040 s
dist_mn node 1: 30198988 + 30198988 limbs -> 60397976 (share 30198988): redistribute 0.100 ntt 1.431 crt 0.003 out 0.102 spills+carry 0.025, total 1.656 s
mdev 2^26 (60397976 limbs): repack 0.049 h2d 0.001 fwd 0.010 inv 0.005 d2h 0.021 crt 0.011 total 0.091 s
mdev 2^26 (60397976 limbs): repack 0.063 h2d 0.001 fwd 0.008 inv 0.005 d2h 0.033 crt 0.043 total 0.118 s
   subgroups 30198988 x 30198988: 2.24 s
dist_mn node 0: 2^25 = 2^12 x 2^13 over 2 x 4 ranks, 4 primes, P24 (rows 512..512; 30198988 + 10066330 limbs at 0, window [0, 30198988) of share [0, 30198988)): redistribute 0.075 ntt 0.475 crt 0.001 out 0.034 spills+carry 0.001 total 0.544 s
dist_mn node 1: 2^25 = 2^12 x 2^13 over 2 x 4 ranks, 4 primes, P24 (rows 512..512; 30198988 + 10066330 limbs at 0, window [30198988, 40265318) of share [30198988, 60397977)): redistribute 0.074 ntt 0.477 crt 0.001 out 0.038 spills+carry 0.001 total 0.544 s
dist_mn node 0: 2^25 = 2^12 x 2^13 over 2 x 4 ranks, 4 primes, P24 (rows 512..512; 30198988 + 10066330 limbs at 10066330, window [0, 20132658) of share [0, 30198988), accumulated): redistribute 0.035 ntt 0.488 crt 0.002 out 0.040 spills+carry 0.016 total 0.576 s
dist_mn node 1: 2^25 = 2^12 x 2^13 over 2 x 4 ranks, 4 primes, P24 (rows 512..512; 30198988 + 10066330 limbs at 10066330, window [20132658, 40265318) of share [30198988, 60397977), accumulated): redistribute 0.028 ntt 0.490 crt 0.002 out 0.041 spills+carry 0.015 total 0.576 s
dist_mn node 0: 2^25 = 2^12 x 2^13 over 2 x 4 ranks, 4 primes, P24 (rows 512..512; 30198988 + 10066328 limbs at 20132660, window [0, 10066328) of share [0, 30198988), accumulated): redistribute 0.044 ntt 0.489 crt 0.001 out 0.027 spills+carry 0.008 total 0.552 s
dist_mn node 1: 2^25 = 2^12 x 2^13 over 2 x 4 ranks, 4 primes, P24 (rows 512..512; 30198988 + 10066328 limbs at 20132660, window [10066328, 40265316) of share [30198988, 60397977), accumulated): redistribute 0.044 ntt 0.489 crt 0.001 out 0.024 spills+carry 0.008 total 0.552 s
dbig pool: APU2 hipMalloc 0.06 GB inside the phase (free 0.51 GB in 24 extents, largest 0.05; live 0.24 GB in 18 blocks)
dbig pool: APU3 hipMalloc 0.06 GB inside the phase (free 0.51 GB in 24 extents, largest 0.05; live 0.24 GB in 21 blocks)
mdb_add_shifted node 0: 30198985 limbs at 0 into a basis of 60397977 (my window [0, 30198985), 1 rounds of 7549760; slabs 0 + 7549746 limbs per APU 0): 0.043 s
dist_mn node 0: 30198988 x 30198988 limbs over 2 x 4 ranks (cap 2^25 points, P24): 1 x 3 pieces, 3 formed, 0 skipped (cache 0 slots: 0 hits, 0 misses)
mdb_add_shifted node 1: 30198985 limbs at 0 into a basis of 60397977 (my window [30198988, 30198988), 1 rounds of 7549760; slabs 7549746 + 0 limbs per APU 0): 0.043 s
dist_mn node 1: 30198988 x 30198988 limbs over 2 x 4 ranks (cap 2^25 points, P24): 1 x 3 pieces, 3 formed, 0 skipped (cache 0 slots: 0 hits, 0 misses)
dist_mn node 0: 30198988 + 30198988 + x limbs -> 60397976 (share 30198988): redistribute 0.154 ntt 1.453 crt 0.003 out 0.101 spills+carry 0.024, total 1.719 s
dist_mn node 1: 30198988 + 30198988 + x limbs -> 60397976 (share 30198989): redistribute 0.146 ntt 1.456 crt 0.003 out 0.102 spills+carry 0.025, total 1.716 s
dist_mn node 0: 2^25 = 2^12 x 2^13 over 2 x 4 ranks, 4 primes, P24 (rows 512..512; 30198988 + 10066330 limbs at 0, window [0, 15099495) of share [0, 15099495)): redistribute 0.057 ntt 0.496 crt 0.001 out 0.028 spills+carry 0.001 total 0.564 s
dist_mn node 1: 2^25 = 2^12 x 2^13 over 2 x 4 ranks, 4 primes, P24 (rows 512..512; 30198988 + 10066330 limbs at 0, window [15099495, 30198990) of share [15099495, 30198990)): redistribute 0.057 ntt 0.507 crt 0.001 out 0.026 spills+carry 0.001 total 0.564 s
dist_mn node 0: 2^25 = 2^12 x 2^13 over 2 x 4 ranks, 4 primes, P24 (rows 512..512; 30198988 + 10066330 limbs at 10066330, window [0, 5033165) of share [0, 15099495), accumulated): redistribute 0.028 ntt 0.444 crt 0.001 out 0.017 spills+carry 0.004 total 0.494 s
dist_mn node 1: 2^25 = 2^12 x 2^13 over 2 x 4 ranks, 4 primes, P24 (rows 512..512; 30198988 + 10066330 limbs at 10066330, window [5033165, 20132660) of share [15099495, 30198990), accumulated): redistribute 0.028 ntt 0.441 crt 0.001 out 0.022 spills+carry 0.004 total 0.494 s
dist_mn node 0: 2^25 = 2^12 x 2^13 over 2 x 4 ranks, 4 primes, P24 (rows 512..512; 30198988 + 10066328 limbs at 20132660, window [0, 0) of share [0, 15099495), accumulated): redistribute 0.030 ntt 0.451 crt 0.001 out 0.020 spills+carry 0.006 total 0.508 s
dist_mn node 0: 30198988 x 30198988 limbs over 2 x 4 ranks (cap 2^25 points, P24): 1 x 3 pieces, 3 formed, 0 skipped (low product) (cache 0 slots: 0 hits, 0 misses)
dist_mn node 1: 2^25 = 2^12 x 2^13 over 2 x 4 ranks, 4 primes, P24 (rows 512..512; 30198988 + 10066328 limbs at 20132660, window [0, 10066330) of share [15099495, 30198990), accumulated): redistribute 0.029 ntt 0.455 crt 0.001 out 0.017 spills+carry 0.006 total 0.508 s
dist_mn node 1: 30198988 x 30198988 limbs over 2 x 4 ranks (cap 2^25 points, P24): 1 x 3 pieces, 3 formed, 0 skipped (low product) (cache 0 slots: 0 hits, 0 misses)
dist_mn node 0: 30198988 + 30198988 limbs -> 30198990 (share 15099495): redistribute 0.115 ntt 1.391 crt 0.003 out 0.066 spills+carry 0.010, total 1.567 s
dist_mn node 1: 30198988 + 30198988 limbs -> 30198990 (share 15099495): redistribute 0.113 ntt 1.403 crt 0.003 out 0.065 spills+carry 0.010, total 1.567 s
dist_mn node 0: 2^25 = 2^12 x 2^13 over 2 x 4 ranks, 4 primes, P24 (rows 512..512; 15099495 + 15099495 limbs at 0, window [0, 7549747) of share [0, 7549747)): redistribute 0.061 ntt 0.512 crt 0.002 out 0.022 spills+carry 0.000 total 0.565 s
dist_mn node 0: 15099495 x 15099495 limbs over 2 x 4 ranks (cap 2^25 points, P24): 1 x 1 pieces, 1 formed, 0 skipped (low product) (cache 0 slots: 0 hits, 0 misses)
dist_mn node 1: 2^25 = 2^12 x 2^13 over 2 x 4 ranks, 4 primes, P24 (rows 512..512; 15099495 + 15099495 limbs at 0, window [7549747, 15099495) of share [7549747, 15099495)): redistribute 0.060 ntt 0.513 crt 0.002 out 0.017 spills+carry 0.000 total 0.565 s
dist_mn node 1: 15099495 x 15099495 limbs over 2 x 4 ranks (cap 2^25 points, P24): 1 x 1 pieces, 1 formed, 0 skipped (low product) (cache 0 slots: 0 hits, 0 misses)
dist_mn node 0: 15099495 + 15099495 limbs -> 15099495 (share 7549747): redistribute 0.061 ntt 0.512 crt 0.002 out 0.022 spills+carry 0.000, total 0.565 s
dist_mn node 1: 15099495 + 15099495 limbs -> 15099495 (share 7549748): redistribute 0.060 ntt 0.513 crt 0.002 out 0.017 spills+carry 0.000, total 0.565 s
dist_mn node 0: 2^25 = 2^12 x 2^13 over 2 x 4 ranks, 4 primes, P24 (rows 512..512; 30198988 + 10066330 limbs at 0, window [0, 30198987) of share [0, 30198987)): redistribute 0.059 ntt 0.507 crt 0.001 out 0.032 spills+carry 0.001 total 0.593 s
dist_mn node 1: 2^25 = 2^12 x 2^13 over 2 x 4 ranks, 4 primes, P24 (rows 512..512; 30198988 + 10066330 limbs at 0, window [30198987, 40265318) of share [30198987, 60397975)): redistribute 0.061 ntt 0.507 crt 0.001 out 0.035 spills+carry 0.001 total 0.593 s
dist_mn node 0: 2^25 = 2^12 x 2^13 over 2 x 4 ranks, 4 primes, P24 (rows 512..512; 30198988 + 10066330 limbs at 10066330, window [0, 20132657) of share [0, 30198987), accumulated): redistribute 0.032 ntt 0.461 crt 0.001 out 0.045 spills+carry 0.017 total 0.554 s
dist_mn node 1: 2^25 = 2^12 x 2^13 over 2 x 4 ranks, 4 primes, P24 (rows 512..512; 30198988 + 10066330 limbs at 10066330, window [20132657, 40265318) of share [30198987, 60397975), accumulated): redistribute 0.032 ntt 0.464 crt 0.001 out 0.043 spills+carry 0.017 total 0.554 s
dist_mn node 0: 2^25 = 2^12 x 2^13 over 2 x 4 ranks, 4 primes, P24 (rows 512..512; 30198988 + 10066328 limbs at 20132660, window [0, 10066327) of share [0, 30198987), accumulated): redistribute 0.031 ntt 0.494 crt 0.001 out 0.030 spills+carry 0.007 total 0.561 s
dist_mn node 0: 30198988 x 30198988 limbs over 2 x 4 ranks (cap 2^25 points, P24): 1 x 3 pieces, 3 formed, 0 skipped (low product) (cache 0 slots: 0 hits, 0 misses)
dist_mn node 1: 2^25 = 2^12 x 2^13 over 2 x 4 ranks, 4 primes, P24 (rows 512..512; 30198988 + 10066328 limbs at 20132660, window [10066327, 40265315) of share [30198987, 60397975), accumulated): redistribute 0.031 ntt 0.498 crt 0.001 out 0.031 spills+carry 0.007 total 0.561 s
dist_mn node 1: 30198988 x 30198988 limbs over 2 x 4 ranks (cap 2^25 points, P24): 1 x 3 pieces, 3 formed, 0 skipped (low product) (cache 0 slots: 0 hits, 0 misses)
dist_mn node 0: 30198988 + 30198988 limbs -> 60397975 (share 30198987): redistribute 0.122 ntt 1.462 crt 0.004 out 0.107 spills+carry 0.025, total 1.709 s
dist_mn node 1: 30198988 + 30198988 limbs -> 60397975 (share 30198988): redistribute 0.124 ntt 1.468 crt 0.003 out 0.109 spills+carry 0.025, total 1.709 s
dist_mn node 0: 2^25 = 2^12 x 2^13 over 2 x 4 ranks, 4 primes, P24 (rows 512..512; 30198988 + 10066330 limbs at 0, window [0, 30198988) of share [0, 30198988)): redistribute 0.068 ntt 0.512 crt 0.001 out 0.029 spills+carry 0.001 total 0.601 s
dist_mn node 1: 2^25 = 2^12 x 2^13 over 2 x 4 ranks, 4 primes, P24 (rows 512..512; 30198988 + 10066330 limbs at 0, window [30198988, 40265318) of share [30198988, 60397976)): redistribute 0.067 ntt 0.513 crt 0.001 out 0.036 spills+carry 0.001 total 0.601 s
dist_mn node 0: 2^25 = 2^12 x 2^13 over 2 x 4 ranks, 4 primes, P24 (rows 512..512; 30198988 + 10066330 limbs at 10066330, window [0, 20132658) of share [0, 30198988), accumulated): redistribute 0.026 ntt 0.434 crt 0.001 out 0.040 spills+carry 0.017 total 0.516 s
dist_mn node 1: 2^25 = 2^12 x 2^13 over 2 x 4 ranks, 4 primes, P24 (rows 512..512; 30198988 + 10066330 limbs at 10066330, window [20132658, 40265318) of share [30198988, 60397976), accumulated): redistribute 0.025 ntt 0.436 crt 0.001 out 0.038 spills+carry 0.017 total 0.516 s
dist_mn node 0: 2^25 = 2^12 x 2^13 over 2 x 4 ranks, 4 primes, P24 (rows 512..512; 30198988 + 10066328 limbs at 20132660, window [0, 10066328) of share [0, 30198988), accumulated): redistribute 0.031 ntt 0.479 crt 0.001 out 0.023 spills+carry 0.008 total 0.540 s
dist_mn node 0: 30198988 x 30198988 limbs over 2 x 4 ranks (cap 2^25 points, P24): 1 x 3 pieces, 3 formed, 0 skipped (low cut) (cache 0 slots: 0 hits, 0 misses)
dist_mn node 1: 2^25 = 2^12 x 2^13 over 2 x 4 ranks, 4 primes, P24 (rows 512..512; 30198988 + 10066328 limbs at 20132660, window [10066328, 40265316) of share [30198988, 60397976), accumulated): redistribute 0.031 ntt 0.476 crt 0.001 out 0.027 spills+carry 0.008 total 0.540 s
dist_mn node 1: 30198988 x 30198988 limbs over 2 x 4 ranks (cap 2^25 points, P24): 1 x 3 pieces, 3 formed, 0 skipped (low cut) (cache 0 slots: 0 hits, 0 misses)
dist_mn node 0: 30198988 + 30198988 limbs -> 60397976 (share 30198988): redistribute 0.125 ntt 1.425 crt 0.003 out 0.093 spills+carry 0.026, total 1.658 s
dist_mn node 1: 30198988 + 30198988 limbs -> 60397976 (share 30198988): redistribute 0.123 ntt 1.426 crt 0.003 out 0.102 spills+carry 0.026, total 1.658 s
dist_mn node 0: 2^25 = 2^12 x 2^13 over 2 x 4 ranks, 4 primes, P24 (rows 512..512; 30198988 + 10066330 limbs at 0, window [0, 30198987) of share [0, 30198987)): redistribute 0.051 ntt 0.472 crt 0.001 out 0.049 spills+carry 0.001 total 0.559 s
dist_mn node 1: 2^25 = 2^12 x 2^13 over 2 x 4 ranks, 4 primes, P24 (rows 512..512; 30198988 + 10066330 limbs at 0, window [30198987, 40265318) of share [30198987, 60397975)): redistribute 0.050 ntt 0.471 crt 0.001 out 0.044 spills+carry 0.001 total 0.559 s
dist_mn node 0: 2^25 = 2^12 x 2^13 over 2 x 4 ranks, 4 primes, P24 (rows 512..512; 30198988 + 10066330 limbs at 10066330, window [0, 20132657) of share [0, 30198987), accumulated): redistribute 0.031 ntt 0.427 crt 0.001 out 0.043 spills+carry 0.016 total 0.514 s
dist_mn node 1: 2^25 = 2^12 x 2^13 over 2 x 4 ranks, 4 primes, P24 (rows 512..512; 30198988 + 10066330 limbs at 10066330, window [20132657, 40265318) of share [30198987, 60397975), accumulated): redistribute 0.030 ntt 0.428 crt 0.001 out 0.038 spills+carry 0.016 total 0.514 s
dist_mn node 0: 2^25 = 2^12 x 2^13 over 2 x 4 ranks, 4 primes, P24 (rows 512..512; 30198988 + 10066328 limbs at 20132660, window [0, 10066327) of share [0, 30198987), accumulated): redistribute 0.033 ntt 0.491 crt 0.001 out 0.035 spills+carry 0.007 total 0.568 s
dist_mn node 0: 30198988 x 30198988 limbs over 2 x 4 ranks (cap 2^25 points, P24): 1 x 3 pieces, 3 formed, 0 skipped (low product) (low cut) (cache 0 slots: 0 hits, 0 misses)
dist_mn node 1: 2^25 = 2^12 x 2^13 over 2 x 4 ranks, 4 primes, P24 (rows 512..512; 30198988 + 10066328 limbs at 20132660, window [10066327, 40265315) of share [30198987, 60397975), accumulated): redistribute 0.033 ntt 0.493 crt 0.001 out 0.033 spills+carry 0.007 total 0.568 s
dist_mn node 1: 30198988 x 30198988 limbs over 2 x 4 ranks (cap 2^25 points, P24): 1 x 3 pieces, 3 formed, 0 skipped (low product) (low cut) (cache 0 slots: 0 hits, 0 misses)
dist_mn node 0: 30198988 + 30198988 limbs -> 60397975 (share 30198987): redistribute 0.115 ntt 1.390 crt 0.003 out 0.127 spills+carry 0.025, total 1.643 s
dist_mn node 1: 30198988 + 30198988 limbs -> 60397975 (share 30198988): redistribute 0.114 ntt 1.393 crt 0.003 out 0.115 spills+carry 0.024, total 1.643 s
dist_mn node 0: 2^25 = 2^12 x 2^13 over 2 x 4 ranks, 4 primes, P24 (rows 512..512; 30198988 + 10066330 limbs at 0, window [0, 30198988) of share [0, 30198988)): redistribute 0.055 ntt 0.491 crt 0.001 out 0.026 spills+carry 0.001 total 0.564 s
dist_mn node 1: 2^25 = 2^12 x 2^13 over 2 x 4 ranks, 4 primes, P24 (rows 512..512; 30198988 + 10066330 limbs at 0, window [30198988, 40265318) of share [30198988, 60397976)): redistribute 0.056 ntt 0.492 crt 0.001 out 0.032 spills+carry 0.001 total 0.564 s
dist_mn node 0: 2^25 = 2^12 x 2^13 over 2 x 4 ranks, 4 primes, P24 (rows 512..512; 30198988 + 10066330 limbs at 10066330, window [0, 20132658) of share [0, 30198988), accumulated): redistribute 0.025 ntt 0.487 crt 0.001 out 0.036 spills+carry 0.017 total 0.566 s
dist_mn node 1: 2^25 = 2^12 x 2^13 over 2 x 4 ranks, 4 primes, P24 (rows 512..512; 30198988 + 10066330 limbs at 10066330, window [20132658, 40265318) of share [30198988, 60397976), accumulated): redistribute 0.025 ntt 0.490 crt 0.001 out 0.033 spills+carry 0.017 total 0.566 s
dist_mn node 0: 2^25 = 2^12 x 2^13 over 2 x 4 ranks, 4 primes, P24 (rows 512..512; 30198988 + 10066328 limbs at 20132660, window [0, 10066328) of share [0, 30198988), accumulated): redistribute 0.030 ntt 0.483 crt 0.002 out 0.023 spills+carry 0.008 total 0.542 s
dist_mn node 0: 30198988 x 30198988 limbs over 2 x 4 ranks (cap 2^25 points, P24): 1 x 3 pieces, 3 formed, 0 skipped (low cut) (cache 0 slots: 0 hits, 0 misses)
dist_mn node 1: 2^25 = 2^12 x 2^13 over 2 x 4 ranks, 4 primes, P24 (rows 512..512; 30198988 + 10066328 limbs at 20132660, window [10066328, 40265316) of share [30198988, 60397976), accumulated): redistribute 0.030 ntt 0.477 crt 0.002 out 0.028 spills+carry 0.008 total 0.542 s
dist_mn node 1: 30198988 x 30198988 limbs over 2 x 4 ranks (cap 2^25 points, P24): 1 x 3 pieces, 3 formed, 0 skipped (low cut) (cache 0 slots: 0 hits, 0 misses)
dist_mn node 0: 30198988 + 30198988 limbs -> 60397976 (share 30198988): redistribute 0.111 ntt 1.461 crt 0.003 out 0.085 spills+carry 0.026, total 1.675 s
dist_mn node 1: 30198988 + 30198988 limbs -> 60397976 (share 30198988): redistribute 0.111 ntt 1.459 crt 0.003 out 0.093 spills+carry 0.026, total 1.675 s
dist_mn node 0: 2^25 = 2^12 x 2^13 over 2 x 4 ranks, 4 primes, P24 (rows 512..512; 30198988 + 10066330 limbs at 0, window [0, 30198987) of share [0, 30198987)): redistribute 0.063 ntt 0.499 crt 0.002 out 0.032 spills+carry 0.001 total 0.581 s
dist_mn node 1: 2^25 = 2^12 x 2^13 over 2 x 4 ranks, 4 primes, P24 (rows 512..512; 30198988 + 10066330 limbs at 0, window [30198987, 40265318) of share [30198987, 60397975)): redistribute 0.063 ntt 0.504 crt 0.002 out 0.027 spills+carry 0.001 total 0.581 s
dist_mn node 0: 2^25 = 2^12 x 2^13 over 2 x 4 ranks, 4 primes, P24 (rows 512..512; 30198988 + 10066330 limbs at 10066330, window [0, 20132657) of share [0, 30198987), accumulated): redistribute 0.025 ntt 0.464 crt 0.001 out 0.031 spills+carry 0.013 total 0.534 s
dist_mn node 1: 2^25 = 2^12 x 2^13 over 2 x 4 ranks, 4 primes, P24 (rows 512..512; 30198988 + 10066330 limbs at 10066330, window [20132657, 40265318) of share [30198987, 60397975), accumulated): redistribute 0.024 ntt 0.459 crt 0.001 out 0.036 spills+carry 0.013 total 0.534 s
dist_mn node 0: 2^25 = 2^12 x 2^13 over 2 x 4 ranks, 4 primes, P24 (rows 512..512; 30198988 + 10066328 limbs at 20132660, window [0, 10066327) of share [0, 30198987), accumulated): redistribute 0.029 ntt 0.487 crt 0.001 out 0.029 spills+carry 0.007 total 0.552 s
dist_mn node 0: 30198988 x 30198988 limbs over 2 x 4 ranks (cap 2^25 points, P24): 1 x 3 pieces, 3 formed, 0 skipped (low product) (low cut) (cache 0 slots: 0 hits, 0 misses)
dist_mn node 1: 2^25 = 2^12 x 2^13 over 2 x 4 ranks, 4 primes, P24 (rows 512..512; 30198988 + 10066328 limbs at 20132660, window [10066327, 40265315) of share [30198987, 60397975), accumulated): redistribute 0.028 ntt 0.490 crt 0.001 out 0.026 spills+carry 0.007 total 0.552 s
dist_mn node 1: 30198988 x 30198988 limbs over 2 x 4 ranks (cap 2^25 points, P24): 1 x 3 pieces, 3 formed, 0 skipped (low product) (low cut) (cache 0 slots: 0 hits, 0 misses)
dist_mn node 0: 30198988 + 30198988 limbs -> 60397975 (share 30198987): redistribute 0.116 ntt 1.450 crt 0.004 out 0.092 spills+carry 0.021, total 1.669 s
dist_mn node 1: 30198988 + 30198988 limbs -> 60397975 (share 30198988): redistribute 0.115 ntt 1.454 crt 0.003 out 0.089 spills+carry 0.022, total 1.669 s
dist_mn node 0: 30198988 x 30198988 limbs over 2 x 4 ranks (cap 2^25 points, P24): 1 x 3 pieces, 0 formed, 3 skipped (low cut) (cache 0 slots: 0 hits, 0 misses)
dist_mn node 1: 30198988 x 30198988 limbs over 2 x 4 ranks (cap 2^25 points, P24): 1 x 3 pieces, 0 formed, 3 skipped (low cut) (cache 0 slots: 0 hits, 0 misses)
dist_mn node 1: 30198988 + 30198988 limbs -> 0 (share 30198988): redistribute 0.000 ntt 0.000 crt 0.000 out 0.000 spills+carry 0.000, total 0.002 s
dist_mn node 0: 30198988 + 30198988 limbs -> 0 (share 30198988): redistribute 0.000 ntt 0.000 crt 0.000 out 0.000 spills+carry 0.000, total 0.005 s
mdev 3*2^24 (40265318 limbs): repack 0.020 h2d 0.001 fwd 0.005 inv 0.003 d2h 0.021 crt 0.006 total 0.056 s
mdev 3*2^24 (40265318 limbs): repack 0.040 h2d 0.001 fwd 0.005 inv 0.003 d2h 0.021 crt 0.011 total 0.074 s
mdev 3*2^24 (40265318 limbs): repack 0.030 h2d 0.001 fwd 0.005 inv 0.003 d2h 0.034 crt 0.004 total 0.077 s
mdev 3*2^24 (40265318 limbs): repack 0.032 h2d 0.001 fwd 0.005 inv 0.003 d2h 0.017 crt 0.004 total 0.063 s
mdev 3*2^24 (40265316 limbs): repack 0.037 h2d 0.001 fwd 0.005 inv 0.003 d2h 0.044 crt 0.022 total 0.105 s
mdev 3*2^24 (40265316 limbs): repack 0.042 h2d 0.001 fwd 0.005 inv 0.004 d2h 0.026 crt 0.014 total 0.081 s
dist_mn node 0: 30198988 x 30198988 limbs over 2 x 4 ranks (cap 2^25 points, P24): 1 x 3 pieces, 0 formed, 3 skipped (low product) (low cut) (cache 0 slots: 0 hits, 0 misses)
dist_mn node 1: 30198988 x 30198988 limbs over 2 x 4 ranks (cap 2^25 points, P24): 1 x 3 pieces, 0 formed, 3 skipped (low product) (low cut) (cache 0 slots: 0 hits, 0 misses)
dist_mn node 0: 30198988 + 30198988 limbs -> 0 (share 30198987): redistribute 0.000 ntt 0.000 crt 0.000 out 0.000 spills+carry 0.000, total 0.002 s
dist_mn node 1: 30198988 + 30198988 limbs -> 0 (share 30198988): redistribute 0.000 ntt 0.000 crt 0.000 out 0.000 spills+carry 0.000, total 0.005 s
mdev 3*2^24 (40265318 limbs): repack 0.033 h2d 0.001 fwd 0.005 inv 0.005 d2h 0.030 crt 0.020 total 0.078 s
mdev 3*2^24 (40265318 limbs): repack 0.056 h2d 0.001 fwd 0.007 inv 0.004 d2h 0.040 crt 0.038 total 0.108 s
mdev 3*2^24 (40265318 limbs): repack 0.042 h2d 0.001 fwd 0.005 inv 0.003 d2h 0.034 crt 0.009 total 0.089 s
mdev 3*2^24 (40265318 limbs): repack 0.058 h2d 0.001 fwd 0.005 inv 0.003 d2h 0.042 crt 0.037 total 0.121 s
mdev 3*2^24 (40265316 limbs): repack 0.035 h2d 0.001 fwd 0.005 inv 0.003 d2h 0.024 crt 0.005 total 0.075 s
mdev 3*2^24 (40265316 limbs): repack 0.037 h2d 0.001 fwd 0.005 inv 0.003 d2h 0.030 crt 0.017 total 0.084 s
dist_mn node 0: 2^25 = 2^12 x 2^13 over 2 x 4 ranks, 4 primes, P24 (rows 512..512; 30198988 + 10066330 limbs at 0, window [0, 30198988) of share [0, 30198988)): redistribute 0.048 ntt 0.450 crt 0.001 out 0.040 spills+carry 0.001 total 0.519 s
dist_mn node 1: 2^25 = 2^12 x 2^13 over 2 x 4 ranks, 4 primes, P24 (rows 512..512; 30198988 + 10066330 limbs at 0, window [30198988, 40265318) of share [30198988, 60397976)): redistribute 0.047 ntt 0.449 crt 0.001 out 0.045 spills+carry 0.001 total 0.519 s
dist_mn node 0: 2^25 = 2^12 x 2^13 over 2 x 4 ranks, 4 primes, P24 (rows 512..512; 30198988 + 10066330 limbs at 10066330, window [0, 20132658) of share [0, 30198988), accumulated): redistribute 0.025 ntt 0.454 crt 0.001 out 0.032 spills+carry 0.016 total 0.524 s
dist_mn node 1: 2^25 = 2^12 x 2^13 over 2 x 4 ranks, 4 primes, P24 (rows 512..512; 30198988 + 10066330 limbs at 10066330, window [20132658, 40265318) of share [30198988, 60397976), accumulated): redistribute 0.024 ntt 0.452 crt 0.001 out 0.034 spills+carry 0.016 total 0.524 s
dist_mn node 0: 2^25 = 2^12 x 2^13 over 2 x 4 ranks, 4 primes, P24 (rows 512..512; 30198988 + 10066328 limbs at 20132660, window [0, 10066328) of share [0, 30198988), accumulated): redistribute 0.025 ntt 0.497 crt 0.002 out 0.028 spills+carry 0.008 total 0.558 s
dist_mn node 0: 30198988 x 30198988 limbs over 2 x 4 ranks (cap 2^25 points, P24): 1 x 3 pieces, 3 formed, 0 skipped (cache 0 slots: 0 hits, 0 misses)
dist_mn node 1: 2^25 = 2^12 x 2^13 over 2 x 4 ranks, 4 primes, P24 (rows 512..512; 30198988 + 10066328 limbs at 20132660, window [10066328, 40265316) of share [30198988, 60397976), accumulated): redistribute 0.025 ntt 0.497 crt 0.002 out 0.027 spills+carry 0.008 total 0.558 s
dist_mn node 1: 30198988 x 30198988 limbs over 2 x 4 ranks (cap 2^25 points, P24): 1 x 3 pieces, 3 formed, 0 skipped (cache 0 slots: 0 hits, 0 misses)
dist_mn node 0: 30198988 + 30198988 limbs -> 60397976 (share 30198988): redistribute 0.097 ntt 1.400 crt 0.004 out 0.099 spills+carry 0.025, total 1.809 s
dist_mn node 1: 30198988 + 30198988 limbs -> 60397976 (share 30198988): redistribute 0.096 ntt 1.399 crt 0.004 out 0.106 spills+carry 0.026, total 1.602 s
dist_mn node 0: 2^25 = 2^12 x 2^13 over 2 x 4 ranks, 4 primes, P24 (rows 512..512; 30198988 + 10066330 limbs at 0, window [0, 30198987) of share [0, 30198987)): redistribute 0.049 ntt 0.473 crt 0.001 out 0.034 spills+carry 0.001 total 0.538 s
dist_mn node 1: 2^25 = 2^12 x 2^13 over 2 x 4 ranks, 4 primes, P24 (rows 512..512; 30198988 + 10066330 limbs at 0, window [30198987, 40265318) of share [30198987, 60397975)): redistribute 0.051 ntt 0.474 crt 0.001 out 0.035 spills+carry 0.002 total 0.538 s
dist_mn node 0: 2^25 = 2^12 x 2^13 over 2 x 4 ranks, 4 primes, P24 (rows 512..512; 30198988 + 10066330 limbs at 10066330, window [0, 20132657) of share [0, 30198987), accumulated): redistribute 0.025 ntt 0.464 crt 0.001 out 0.029 spills+carry 0.016 total 0.532 s
dist_mn node 1: 2^25 = 2^12 x 2^13 over 2 x 4 ranks, 4 primes, P24 (rows 512..512; 30198988 + 10066330 limbs at 10066330, window [20132657, 40265318) of share [30198987, 60397975), accumulated): redistribute 0.025 ntt 0.466 crt 0.001 out 0.032 spills+carry 0.016 total 0.532 s
dist_mn node 0: 2^25 = 2^12 x 2^13 over 2 x 4 ranks, 4 primes, P24 (rows 512..512; 30198988 + 10066328 limbs at 20132660, window [0, 10066327) of share [0, 30198987), accumulated): redistribute 0.024 ntt 0.468 crt 0.001 out 0.031 spills+carry 0.007 total 0.528 s
dist_mn node 0: 30198988 x 30198988 limbs over 2 x 4 ranks (cap 2^25 points, P24): 1 x 3 pieces, 3 formed, 0 skipped (low product) (cache 0 slots: 0 hits, 0 misses)
dist_mn node 1: 2^25 = 2^12 x 2^13 over 2 x 4 ranks, 4 primes, P24 (rows 512..512; 30198988 + 10066328 limbs at 20132660, window [10066327, 40265315) of share [30198987, 60397975), accumulated): redistribute 0.023 ntt 0.471 crt 0.001 out 0.029 spills+carry 0.007 total 0.528 s
dist_mn node 1: 30198988 x 30198988 limbs over 2 x 4 ranks (cap 2^25 points, P24): 1 x 3 pieces, 3 formed, 0 skipped (low product) (cache 0 slots: 0 hits, 0 misses)
dist_mn node 0: 30198988 + 30198988 limbs -> 60397975 (share 30198987): redistribute 0.098 ntt 1.406 crt 0.003 out 0.094 spills+carry 0.024, total 1.600 s
dist_mn node 1: 30198988 + 30198988 limbs -> 60397975 (share 30198988): redistribute 0.099 ntt 1.411 crt 0.003 out 0.096 spills+carry 0.025, total 1.600 s
dist_mn node 0: 2^25 = 2^12 x 2^13 over 2 x 4 ranks, 4 primes, P24 (rows 512..512; 15099494 + 15099491 limbs at 0, window [0, 22649237) of share [0, 22649237)): redistribute 0.035 ntt 0.467 crt 0.001 out 0.028 spills+carry 0.001 total 0.522 s
dist_mn node 1: 2^25 = 2^12 x 2^13 over 2 x 4 ranks, 4 primes, P24 (rows 512..512; 15099494 + 15099491 limbs at 0, window [22649237, 30198985) of share [22649237, 45298475)): redistribute 0.034 ntt 0.462 crt 0.001 out 0.034 spills+carry 0.001 total 0.521 s
dist_mn node 0: 2^25 = 2^12 x 2^13 over 2 x 4 ranks, 4 primes, P24 (rows 512..512; 15099494 + 15099490 limbs at 15099491, window [0, 7549746) of share [0, 22649237), accumulated): redistribute 0.023 ntt 0.437 crt 0.001 out 0.026 spills+carry 0.005 total 0.492 s
dist_mn node 0: 15099494 x 30198981 limbs over 2 x 4 ranks (cap 2^25 points, P24): 1 x 2 pieces, 2 formed, 0 skipped (cache 0 slots: 0 hits, 0 misses)
dist_mn node 1: 2^25 = 2^12 x 2^13 over 2 x 4 ranks, 4 primes, P24 (rows 512..512; 15099494 + 15099490 limbs at 15099491, window [7549746, 30198984) of share [22649237, 45298475), accumulated): redistribute 0.022 ntt 0.434 crt 0.001 out 0.029 spills+carry 0.005 total 0.492 s
dist_mn node 1: 15099494 x 30198981 limbs over 2 x 4 ranks (cap 2^25 points, P24): 1 x 2 pieces, 2 formed, 0 skipped (cache 0 slots: 0 hits, 0 misses)
dist_mn node 0: 15099494 + 30198981 limbs -> 45298475 (share 22649237): redistribute 0.058 ntt 0.904 crt 0.002 out 0.053 spills+carry 0.007, total 1.015 s
dist_mn node 1: 15099494 + 30198981 limbs -> 45298475 (share 22649238): redistribute 0.056 ntt 0.896 crt 0.002 out 0.063 spills+carry 0.007, total 1.015 s
mdev 3*2^24 (45298475 limbs): repack 0.034 h2d 0.001 fwd 0.010 inv 0.006 d2h 0.028 crt 0.008 total 0.079 s
mdev 3*2^24 (45298475 limbs): repack 0.039 h2d 0.001 fwd 0.010 inv 0.006 d2h 0.032 crt 0.012 total 0.088 s
dist_mn node 0: 2^25 = 2^12 x 2^13 over 2 x 4 ranks, 4 primes, P24 (rows 512..512; 15099494 + 15099491 limbs at 0, window [0, 7549748) of share [0, 7549748)): redistribute 0.034 ntt 0.455 crt 0.001 out 0.025 spills+carry 0.000 total 0.506 s
dist_mn node 1: 2^25 = 2^12 x 2^13 over 2 x 4 ranks, 4 primes, P24 (rows 512..512; 15099494 + 15099491 limbs at 0, window [7549748, 15099497) of share [7549748, 15099497)): redistribute 0.034 ntt 0.457 crt 0.001 out 0.019 spills+carry 0.001 total 0.506 s
dist_mn node 0: 2^25 = 2^12 x 2^13 over 2 x 4 ranks, 4 primes, P24 (rows 512..512; 15099494 + 15099490 limbs at 15099491, window [0, 0) of share [0, 7549748), accumulated): redistribute 0.025 ntt 0.436 crt 0.001 out 0.004 spills+carry 0.001 total 0.467 s
dist_mn node 0: 15099494 x 30198981 limbs over 2 x 4 ranks (cap 2^25 points, P24): 1 x 2 pieces, 2 formed, 0 skipped (low product) (cache 0 slots: 0 hits, 0 misses)
dist_mn node 1: 2^25 = 2^12 x 2^13 over 2 x 4 ranks, 4 primes, P24 (rows 512..512; 15099494 + 15099490 limbs at 15099491, window [0, 6) of share [7549748, 15099497), accumulated): redistribute 0.025 ntt 0.440 crt 0.001 out 0.001 spills+carry 0.001 total 0.467 s
dist_mn node 1: 15099494 x 30198981 limbs over 2 x 4 ranks (cap 2^25 points, P24): 1 x 2 pieces, 2 formed, 0 skipped (low product) (cache 0 slots: 0 hits, 0 misses)
dist_mn node 0: 15099494 + 30198981 limbs -> 15099497 (share 7549748): redistribute 0.060 ntt 0.891 crt 0.002 out 0.029 spills+carry 0.001, total 0.976 s
dist_mn node 1: 15099494 + 30198981 limbs -> 15099497 (share 7549749): redistribute 0.059 ntt 0.897 crt 0.002 out 0.020 spills+carry 0.001, total 0.999 s
dist_mn node 0: 2^25 = 2^12 x 2^13 over 2 x 4 ranks, 4 primes, P24 (rows 512..512; 30198988 + 10066330 limbs at 0, window [0, 30198988) of share [0, 30198988)): redistribute 0.046 ntt 0.545 crt 0.001 out 0.029 spills+carry 0.001 total 0.611 s
dist_mn node 1: 2^25 = 2^12 x 2^13 over 2 x 4 ranks, 4 primes, P24 (rows 512..512; 30198988 + 10066330 limbs at 0, window [30198988, 40265318) of share [30198988, 60397977)): redistribute 0.046 ntt 0.544 crt 0.001 out 0.032 spills+carry 0.001 total 0.611 s
dist_mn node 0: 2^25 = 2^12 x 2^13 over 2 x 4 ranks, 4 primes, P24 (rows 512..512; 30198988 + 10066330 limbs at 10066330, window [0, 20132658) of share [0, 30198988), accumulated): redistribute 0.022 ntt 0.488 crt 0.001 out 0.030 spills+carry 0.016 total 0.558 s
dist_mn node 1: 2^25 = 2^12 x 2^13 over 2 x 4 ranks, 4 primes, P24 (rows 512..512; 30198988 + 10066330 limbs at 10066330, window [20132658, 40265318) of share [30198988, 60397977), accumulated): redistribute 0.022 ntt 0.490 crt 0.001 out 0.028 spills+carry 0.016 total 0.558 s
dist_mn node 0: 2^25 = 2^12 x 2^13 over 2 x 4 ranks, 4 primes, P24 (rows 512..512; 30198988 + 10066328 limbs at 20132660, window [0, 10066328) of share [0, 30198988), accumulated): redistribute 0.033 ntt 0.479 crt 0.001 out 0.027 spills+carry 0.008 total 0.549 s
dist_mn node 1: 2^25 = 2^12 x 2^13 over 2 x 4 ranks, 4 primes, P24 (rows 512..512; 30198988 + 10066328 limbs at 20132660, window [10066328, 40265316) of share [30198988, 60397977), accumulated): redistribute 0.033 ntt 0.477 crt 0.001 out 0.029 spills+carry 0.008 total 0.549 s
mdb_add_shifted node 0: 30198985 limbs at 0 into a basis of 60397977 (my window [0, 30198985), 1 rounds of 7549760; slabs 0 + 7549746 limbs per APU 0): 0.043 s
dist_mn node 0: 30198988 x 30198988 limbs over 2 x 4 ranks (cap 2^25 points, P24): 1 x 3 pieces, 3 formed, 0 skipped (cache 0 slots: 0 hits, 0 misses)
mdb_add_shifted node 1: 30198985 limbs at 0 into a basis of 60397977 (my window [30198988, 30198988), 1 rounds of 7549760; slabs 7549746 + 0 limbs per APU 0): 0.043 s
dist_mn node 1: 30198988 x 30198988 limbs over 2 x 4 ranks (cap 2^25 points, P24): 1 x 3 pieces, 3 formed, 0 skipped (cache 0 slots: 0 hits, 0 misses)
dist_mn node 0: 30198988 + 30198988 + x limbs -> 60397976 (share 30198988): redistribute 0.102 ntt 1.512 crt 0.003 out 0.087 spills+carry 0.026, total 1.764 s
dist_mn node 1: 30198988 + 30198988 + x limbs -> 60397976 (share 30198989): redistribute 0.101 ntt 1.512 crt 0.003 out 0.089 spills+carry 0.026, total 1.762 s
mdb_add_shifted node 0: 30198985 limbs at 0 into a basis of 60397977 (my window [0, 30198985), 1 rounds of 7549760; slabs 0 + 7549746 limbs per APU 0): 0.054 s
mdb_add_shifted node 1: 30198985 limbs at 0 into a basis of 60397977 (my window [30198988, 30198988), 1 rounds of 7549760; slabs 7549746 + 0 limbs per APU 0): 0.067 s
mdb_add_shifted node 0: 30198985 limbs at 7 into a basis of 60397977 (my window [7, 30198988), 1 rounds of 7549760; slabs 0 + 7549745 limbs per APU 0): 0.045 s
mdb_add_shifted node 1: 30198985 limbs at 7 into a basis of 60397977 (my window [30198988, 30198992), 1 rounds of 7549760; slabs 7549746 + 1 limbs per APU 0): 0.071 s
mdb_add_shifted node 1: 30198985 limbs at 15099494 into a basis of 60397977 (my window [30198988, 45298479), 1 rounds of 3774880; slabs 7549745 + 3774872 limbs per APU 0): 0.065 s
mdb_add_shifted node 0: 30198985 limbs at 15099494 into a basis of 60397977 (my window [15099494, 30198988), 1 rounds of 3774880; slabs 0 + 3774873 limbs per APU 0): 0.061 s
mdb_add_shifted node 0: 30198985 limbs at 30198988 into a basis of 60397977 (my window [30198988, 30198988), 1 rounds of 7549760; slabs 0 + 0 limbs per APU 0): 0.006 s
mdb_add_shifted node 1: 30198985 limbs at 30198988 into a basis of 60397977 (my window [30198988, 60397973), 1 rounds of 7549760; slabs 7549746 + 7549746 limbs per APU 0): 0.018 s
dist_mn node 0: 2^25 = 2^12 x 2^13 over 2 x 4 ranks, 4 primes, P24 (rows 512..512; 30198988 + 10066330 limbs at 0, window [0, 30198988) of share [0, 30198988)): redistribute 0.058 ntt 0.456 crt 0.001 out 0.037 spills+carry 0.003 total 0.528 s
dist_mn node 1: 2^25 = 2^12 x 2^13 over 2 x 4 ranks, 4 primes, P24 (rows 512..512; 30198988 + 10066330 limbs at 0, window [30198988, 40265318) of share [30198988, 60397976)): redistribute 0.057 ntt 0.454 crt 0.001 out 0.039 spills+carry 0.003 total 0.528 s
dist_mn node 0: 2^25 = 2^12 x 2^13 over 2 x 4 ranks, 4 primes, P24 (rows 512..512; 30198988 + 10066330 limbs at 10066330, window [0, 20132658) of share [0, 30198988), accumulated): redistribute 0.024 ntt 0.455 crt 0.001 out 0.027 spills+carry 0.019 total 0.522 s
dist_mn node 1: 2^25 = 2^12 x 2^13 over 2 x 4 ranks, 4 primes, P24 (rows 512..512; 30198988 + 10066330 limbs at 10066330, window [20132658, 40265318) of share [30198988, 60397976), accumulated): redistribute 0.024 ntt 0.451 crt 0.001 out 0.029 spills+carry 0.019 total 0.522 s
dist_mn node 0: 2^25 = 2^12 x 2^13 over 2 x 4 ranks, 4 primes, P24 (rows 512..512; 30198988 + 10066328 limbs at 20132660, window [0, 10066328) of share [0, 30198988), accumulated): redistribute 0.027 ntt 0.419 crt 0.002 out 0.038 spills+carry 0.011 total 0.493 s
dist_mn node 0: 30198988 x 30198988 limbs over 2 x 4 ranks (cap 2^25 points, P24): 1 x 3 pieces, 3 formed, 0 skipped (cache 0 slots: 0 hits, 0 misses)
dist_mn node 1: 2^25 = 2^12 x 2^13 over 2 x 4 ranks, 4 primes, P24 (rows 512..512; 30198988 + 10066328 limbs at 20132660, window [10066328, 40265316) of share [30198988, 60397976), accumulated): redistribute 0.027 ntt 0.427 crt 0.002 out 0.033 spills+carry 0.011 total 0.493 s
dist_mn node 1: 30198988 x 30198988 limbs over 2 x 4 ranks (cap 2^25 points, P24): 1 x 3 pieces, 3 formed, 0 skipped (cache 0 slots: 0 hits, 0 misses)
dist_mn node 0: 30198988 + 30198988 limbs -> 60397976 (share 30198988): redistribute 0.109 ntt 1.330 crt 0.003 out 0.102 spills+carry 0.033, total 1.670 s
dist_mn node 1: 30198988 + 30198988 limbs -> 60397976 (share 30198988): redistribute 0.108 ntt 1.333 crt 0.003 out 0.101 spills+carry 0.033, total 1.546 s
mdev 2^26 (60397976 limbs): repack 0.060 h2d 0.001 fwd 0.011 inv 0.006 d2h 0.065 crt 0.045 total 0.144 s
mdev 2^26 (60397976 limbs): repack 0.064 h2d 0.001 fwd 0.009 inv 0.006 d2h 0.079 crt 0.049 total 0.161 s
dist_mn node 0: 2^25 = 2^12 x 2^13 over 2 x 4 ranks, 4 primes, P24 (rows 512..512; 30198988 + 10066330 limbs at 0, window [0, 30198988) of share [0, 30198988)): redistribute 0.040 ntt 0.432 crt 0.001 out 0.027 spills+carry 0.003 total 0.492 s
dist_mn node 1: 2^25 = 2^12 x 2^13 over 2 x 4 ranks, 4 primes, P24 (rows 512..512; 30198988 + 10066330 limbs at 0, window [30198988, 40265318) of share [30198988, 60397977)): redistribute 0.041 ntt 0.433 crt 0.001 out 0.026 spills+carry 0.003 total 0.492 s
dist_mn node 0: 2^25 = 2^12 x 2^13 over 2 x 4 ranks, 4 primes, P24 (rows 512..512; 30198988 + 10066330 limbs at 10066330, window [0, 20132658) of share [0, 30198988), accumulated): redistribute 0.025 ntt 0.471 crt 0.001 out 0.033 spills+carry 0.020 total 0.546 s
dist_mn node 1: 2^25 = 2^12 x 2^13 over 2 x 4 ranks, 4 primes, P24 (rows 512..512; 30198988 + 10066330 limbs at 10066330, window [20132658, 40265318) of share [30198988, 60397977), accumulated): redistribute 0.024 ntt 0.474 crt 0.001 out 0.030 spills+carry 0.020 total 0.546 s
dist_mn node 0: 2^25 = 2^12 x 2^13 over 2 x 4 ranks, 4 primes, P24 (rows 512..512; 30198988 + 10066328 limbs at 20132660, window [0, 10066328) of share [0, 30198988), accumulated): redistribute 0.035 ntt 0.431 crt 0.001 out 0.033 spills+carry 0.011 total 0.505 s
dist_mn node 1: 2^25 = 2^12 x 2^13 over 2 x 4 ranks, 4 primes, P24 (rows 512..512; 30198988 + 10066328 limbs at 20132660, window [10066328, 40265316) of share [30198988, 60397977), accumulated): redistribute 0.035 ntt 0.429 crt 0.001 out 0.030 spills+carry 0.011 total 0.505 s
mdb_add_shifted node 0: 30198985 limbs at 0 into a basis of 60397977 (my window [0, 30198985), 1 rounds of 7549760; slabs 0 + 7549746 limbs per APU 0): 0.055 s
dist_mn node 0: 30198988 x 30198988 limbs over 2 x 4 ranks (cap 2^25 points, P24): 1 x 3 pieces, 3 formed, 0 skipped (cache 0 slots: 0 hits, 0 misses)
mdb_add_shifted node 1: 30198985 limbs at 0 into a basis of 60397977 (my window [30198988, 30198988), 1 rounds of 7549760; slabs 7549746 + 0 limbs per APU 0): 0.055 s
dist_mn node 1: 30198988 x 30198988 limbs over 2 x 4 ranks (cap 2^25 points, P24): 1 x 3 pieces, 3 formed, 0 skipped (cache 0 slots: 0 hits, 0 misses)
dist_mn node 0: 30198988 + 30198988 + x limbs -> 60397976 (share 30198988): redistribute 0.100 ntt 1.335 crt 0.003 out 0.093 spills+carry 0.034, total 1.656 s
dist_mn node 1: 30198988 + 30198988 + x limbs -> 60397976 (share 30198989): redistribute 0.100 ntt 1.335 crt 0.003 out 0.086 spills+carry 0.034, total 1.600 s
dist_mn node 0: 2^25 = 2^12 x 2^13 over 2 x 4 ranks, 4 primes, P24 (rows 512..512; 30198988 + 10066330 limbs at 0, window [0, 15099495) of share [0, 15099495)): redistribute 0.052 ntt 0.513 crt 0.001 out 0.020 spills+carry 0.002 total 0.573 s
dist_mn node 1: 2^25 = 2^12 x 2^13 over 2 x 4 ranks, 4 primes, P24 (rows 512..512; 30198988 + 10066330 limbs at 0, window [15099495, 30198990) of share [15099495, 30198990)): redistribute 0.052 ntt 0.516 crt 0.001 out 0.023 spills+carry 0.002 total 0.573 s
dist_mn node 0: 2^25 = 2^12 x 2^13 over 2 x 4 ranks, 4 primes, P24 (rows 512..512; 30198988 + 10066330 limbs at 10066330, window [0, 5033165) of share [0, 15099495), accumulated): redistribute 0.043 ntt 0.503 crt 0.001 out 0.028 spills+carry 0.009 total 0.574 s
dist_mn node 1: 2^25 = 2^12 x 2^13 over 2 x 4 ranks, 4 primes, P24 (rows 512..512; 30198988 + 10066330 limbs at 10066330, window [5033165, 20132660) of share [15099495, 30198990), accumulated): redistribute 0.039 ntt 0.506 crt 0.001 out 0.024 spills+carry 0.009 total 0.574 s
dist_mn node 0: 2^25 = 2^12 x 2^13 over 2 x 4 ranks, 4 primes, P24 (rows 512..512; 30198988 + 10066328 limbs at 20132660, window [0, 0) of share [0, 15099495), accumulated): redistribute 0.029 ntt 0.478 crt 0.001 out 0.017 spills+carry 0.008 total 0.532 s
dist_mn node 0: 30198988 x 30198988 limbs over 2 x 4 ranks (cap 2^25 points, P24): 1 x 3 pieces, 3 formed, 0 skipped (low product) (cache 0 slots: 0 hits, 0 misses)
dist_mn node 1: 2^25 = 2^12 x 2^13 over 2 x 4 ranks, 4 primes, P24 (rows 512..512; 30198988 + 10066328 limbs at 20132660, window [0, 10066330) of share [15099495, 30198990), accumulated): redistribute 0.026 ntt 0.481 crt 0.001 out 0.016 spills+carry 0.008 total 0.532 s
dist_mn node 1: 30198988 x 30198988 limbs over 2 x 4 ranks (cap 2^25 points, P24): 1 x 3 pieces, 3 formed, 0 skipped (low product) (cache 0 slots: 0 hits, 0 misses)
dist_mn node 0: 30198988 + 30198988 limbs -> 30198990 (share 15099495): redistribute 0.124 ntt 1.494 crt 0.003 out 0.065 spills+carry 0.019, total 1.681 s
dist_mn node 1: 30198988 + 30198988 limbs -> 30198990 (share 15099495): redistribute 0.117 ntt 1.502 crt 0.003 out 0.062 spills+carry 0.019, total 1.681 s
dist_mn node 0: 2^25 = 2^12 x 2^13 over 2 x 4 ranks, 4 primes, P24 (rows 512..512; 15099495 + 15099495 limbs at 0, window [0, 7549747) of share [0, 7549747)): redistribute 0.044 ntt 0.515 crt 0.001 out 0.020 spills+carry 0.003 total 0.571 s
dist_mn node 0: 15099495 x 15099495 limbs over 2 x 4 ranks (cap 2^25 points, P24): 1 x 1 pieces, 1 formed, 0 skipped (low product) (cache 0 slots: 0 hits, 0 misses)
dist_mn node 1: 2^25 = 2^12 x 2^13 over 2 x 4 ranks, 4 primes, P24 (rows 512..512; 15099495 + 15099495 limbs at 0, window [7549747, 15099495) of share [7549747, 15099495)): redistribute 0.044 ntt 0.516 crt 0.001 out 0.021 spills+carry 0.003 total 0.571 s
dist_mn node 1: 15099495 x 15099495 limbs over 2 x 4 ranks (cap 2^25 points, P24): 1 x 1 pieces, 1 formed, 0 skipped (low product) (cache 0 slots: 0 hits, 0 misses)
dist_mn node 0: 15099495 + 15099495 limbs -> 1 (share 7549747): redistribute 0.044 ntt 0.515 crt 0.001 out 0.020 spills+carry 0.003, total 0.571 s
dist_mn node 1: 15099495 + 15099495 limbs -> 1 (share 7549748): redistribute 0.044 ntt 0.516 crt 0.001 out 0.021 spills+carry 0.003, total 0.571 s
dist_mn node 0: 2^25 = 2^12 x 2^13 over 2 x 4 ranks, 4 primes, P24 (rows 512..512; 30198988 + 10066330 limbs at 0, window [0, 30198987) of share [0, 30198987)): redistribute 0.067 ntt 0.511 crt 0.001 out 0.032 spills+carry 0.003 total 0.575 s
dist_mn node 1: 2^25 = 2^12 x 2^13 over 2 x 4 ranks, 4 primes, P24 (rows 512..512; 30198988 + 10066330 limbs at 0, window [30198987, 40265318) of share [30198987, 60397975)): redistribute 0.067 ntt 0.510 crt 0.001 out 0.033 spills+carry 0.003 total 0.576 s
dist_mn node 0: 2^25 = 2^12 x 2^13 over 2 x 4 ranks, 4 primes, P24 (rows 512..512; 30198988 + 10066330 limbs at 10066330, window [0, 20132657) of share [0, 30198987), accumulated): redistribute 0.027 ntt 0.427 crt 0.001 out 0.037 spills+carry 0.020 total 0.512 s
dist_mn node 1: 2^25 = 2^12 x 2^13 over 2 x 4 ranks, 4 primes, P24 (rows 512..512; 30198988 + 10066330 limbs at 10066330, window [20132657, 40265318) of share [30198987, 60397975), accumulated): redistribute 0.027 ntt 0.432 crt 0.001 out 0.033 spills+carry 0.020 total 0.512 s
dist_mn node 0: 2^25 = 2^12 x 2^13 over 2 x 4 ranks, 4 primes, P24 (rows 512..512; 30198988 + 10066328 limbs at 20132660, window [0, 10066327) of share [0, 30198987), accumulated): redistribute 0.043 ntt 0.447 crt 0.001 out 0.033 spills+carry 0.011 total 0.531 s
dist_mn node 0: 30198988 x 30198988 limbs over 2 x 4 ranks (cap 2^25 points, P24): 1 x 3 pieces, 3 formed, 0 skipped (low product) (cache 0 slots: 0 hits, 0 misses)
dist_mn node 1: 2^25 = 2^12 x 2^13 over 2 x 4 ranks, 4 primes, P24 (rows 512..512; 30198988 + 10066328 limbs at 20132660, window [10066327, 40265315) of share [30198987, 60397975), accumulated): redistribute 0.043 ntt 0.446 crt 0.001 out 0.033 spills+carry 0.011 total 0.531 s
dist_mn node 1: 30198988 x 30198988 limbs over 2 x 4 ranks (cap 2^25 points, P24): 1 x 3 pieces, 3 formed, 0 skipped (low product) (cache 0 slots: 0 hits, 0 misses)
dist_mn node 0: 30198988 + 30198988 limbs -> 60397975 (share 30198987): redistribute 0.137 ntt 1.386 crt 0.003 out 0.102 spills+carry 0.033, total 1.621 s
dist_mn node 1: 30198988 + 30198988 limbs -> 60397975 (share 30198988): redistribute 0.136 ntt 1.388 crt 0.003 out 0.098 spills+carry 0.033, total 1.620 s
dist_mn node 0: 2^25 = 2^12 x 2^13 over 2 x 4 ranks, 4 primes, P24 (rows 512..512; 30198988 + 10066330 limbs at 0, window [0, 30198988) of share [0, 30198988)): redistribute 0.062 ntt 0.482 crt 0.001 out 0.038 spills+carry 0.003 total 0.567 s
dist_mn node 1: 2^25 = 2^12 x 2^13 over 2 x 4 ranks, 4 primes, P24 (rows 512..512; 30198988 + 10066330 limbs at 0, window [30198988, 40265318) of share [30198988, 60397976)): redistribute 0.062 ntt 0.480 crt 0.001 out 0.040 spills+carry 0.003 total 0.567 s
dist_mn node 0: 2^25 = 2^12 x 2^13 over 2 x 4 ranks, 4 primes, P24 (rows 512..512; 30198988 + 10066330 limbs at 10066330, window [0, 20132658) of share [0, 30198988), accumulated): redistribute 0.028 ntt 0.479 crt 0.001 out 0.030 spills+carry 0.020 total 0.557 s
dist_mn node 1: 2^25 = 2^12 x 2^13 over 2 x 4 ranks, 4 primes, P24 (rows 512..512; 30198988 + 10066330 limbs at 10066330, window [20132658, 40265318) of share [30198988, 60397976), accumulated): redistribute 0.028 ntt 0.480 crt 0.001 out 0.031 spills+carry 0.020 total 0.557 s
dist_mn node 0: 2^25 = 2^12 x 2^13 over 2 x 4 ranks, 4 primes, P24 (rows 512..512; 30198988 + 10066328 limbs at 20132660, window [0, 10066328) of share [0, 30198988), accumulated): redistribute 0.027 ntt 0.484 crt 0.001 out 0.024 spills+carry 0.011 total 0.543 s
dist_mn node 0: 30198988 x 30198988 limbs over 2 x 4 ranks (cap 2^25 points, P24): 1 x 3 pieces, 3 formed, 0 skipped (low cut) (cache 0 slots: 0 hits, 0 misses)
dist_mn node 1: 2^25 = 2^12 x 2^13 over 2 x 4 ranks, 4 primes, P24 (rows 512..512; 30198988 + 10066328 limbs at 20132660, window [10066328, 40265316) of share [30198988, 60397976), accumulated): redistribute 0.027 ntt 0.478 crt 0.001 out 0.030 spills+carry 0.011 total 0.543 s
dist_mn node 1: 30198988 x 30198988 limbs over 2 x 4 ranks (cap 2^25 points, P24): 1 x 3 pieces, 3 formed, 0 skipped (low cut) (cache 0 slots: 0 hits, 0 misses)
dist_mn node 0: 30198988 + 30198988 limbs -> 60397976 (share 30198988): redistribute 0.117 ntt 1.446 crt 0.003 out 0.092 spills+carry 0.033, total 1.669 s
dist_mn node 1: 30198988 + 30198988 limbs -> 60397976 (share 30198988): redistribute 0.116 ntt 1.438 crt 0.003 out 0.100 spills+carry 0.033, total 1.669 s
dist_mn node 0: 2^25 = 2^12 x 2^13 over 2 x 4 ranks, 4 primes, P24 (rows 512..512; 30198988 + 10066330 limbs at 0, window [0, 30198987) of share [0, 30198987)): redistribute 0.064 ntt 0.514 crt 0.001 out 0.039 spills+carry 0.002 total 0.596 s
dist_mn node 1: 2^25 = 2^12 x 2^13 over 2 x 4 ranks, 4 primes, P24 (rows 512..512; 30198988 + 10066330 limbs at 0, window [30198987, 40265318) of share [30198987, 60397975)): redistribute 0.063 ntt 0.511 crt 0.001 out 0.037 spills+carry 0.003 total 0.595 s
dist_mn node 0: 2^25 = 2^12 x 2^13 over 2 x 4 ranks, 4 primes, P24 (rows 512..512; 30198988 + 10066330 limbs at 10066330, window [0, 20132657) of share [0, 30198987), accumulated): redistribute 0.028 ntt 0.472 crt 0.001 out 0.036 spills+carry 0.019 total 0.556 s
dist_mn node 1: 2^25 = 2^12 x 2^13 over 2 x 4 ranks, 4 primes, P24 (rows 512..512; 30198988 + 10066330 limbs at 10066330, window [20132657, 40265318) of share [30198987, 60397975), accumulated): redistribute 0.027 ntt 0.468 crt 0.001 out 0.043 spills+carry 0.019 total 0.556 s
dist_mn node 0: 2^25 = 2^12 x 2^13 over 2 x 4 ranks, 4 primes, P24 (rows 512..512; 30198988 + 10066328 limbs at 20132660, window [0, 10066327) of share [0, 30198987), accumulated): redistribute 0.043 ntt 0.507 crt 0.001 out 0.027 spills+carry 0.011 total 0.583 s
dist_mn node 0: 30198988 x 30198988 limbs over 2 x 4 ranks (cap 2^25 points, P24): 1 x 3 pieces, 3 formed, 0 skipped (low product) (low cut) (cache 0 slots: 0 hits, 0 misses)
dist_mn node 1: 2^25 = 2^12 x 2^13 over 2 x 4 ranks, 4 primes, P24 (rows 512..512; 30198988 + 10066328 limbs at 20132660, window [10066327, 40265315) of share [30198987, 60397975), accumulated): redistribute 0.039 ntt 0.507 crt 0.001 out 0.028 spills+carry 0.011 total 0.583 s
dist_mn node 1: 30198988 x 30198988 limbs over 2 x 4 ranks (cap 2^25 points, P24): 1 x 3 pieces, 3 formed, 0 skipped (low product) (low cut) (cache 0 slots: 0 hits, 0 misses)
dist_mn node 0: 30198988 + 30198988 limbs -> 60397975 (share 30198987): redistribute 0.134 ntt 1.492 crt 0.003 out 0.102 spills+carry 0.033, total 1.736 s
dist_mn node 1: 30198988 + 30198988 limbs -> 60397975 (share 30198988): redistribute 0.129 ntt 1.486 crt 0.003 out 0.107 spills+carry 0.033, total 1.736 s
dist_mn node 0: 2^25 = 2^12 x 2^13 over 2 x 4 ranks, 4 primes, P24 (rows 512..512; 30198988 + 10066330 limbs at 0, window [0, 30198988) of share [0, 30198988)): redistribute 0.055 ntt 0.435 crt 0.001 out 0.040 spills+carry 0.003 total 0.516 s
dist_mn node 1: 2^25 = 2^12 x 2^13 over 2 x 4 ranks, 4 primes, P24 (rows 512..512; 30198988 + 10066330 limbs at 0, window [30198988, 40265318) of share [30198988, 60397976)): redistribute 0.055 ntt 0.434 crt 0.001 out 0.041 spills+carry 0.003 total 0.516 s
dist_mn node 0: 2^25 = 2^12 x 2^13 over 2 x 4 ranks, 4 primes, P24 (rows 512..512; 30198988 + 10066330 limbs at 10066330, window [0, 20132658) of share [0, 30198988), accumulated): redistribute 0.026 ntt 0.449 crt 0.001 out 0.040 spills+carry 0.019 total 0.535 s
dist_mn node 1: 2^25 = 2^12 x 2^13 over 2 x 4 ranks, 4 primes, P24 (rows 512..512; 30198988 + 10066330 limbs at 10066330, window [20132658, 40265318) of share [30198988, 60397976), accumulated): redistribute 0.022 ntt 0.452 crt 0.001 out 0.041 spills+carry 0.019 total 0.535 s
dist_mn node 0: 2^25 = 2^12 x 2^13 over 2 x 4 ranks, 4 primes, P24 (rows 512..512; 30198988 + 10066328 limbs at 20132660, window [0, 10066328) of share [0, 30198988), accumulated): redistribute 0.033 ntt 0.478 crt 0.001 out 0.028 spills+carry 0.011 total 0.548 s
dist_mn node 0: 30198988 x 30198988 limbs over 2 x 4 ranks (cap 2^25 points, P24): 1 x 3 pieces, 3 formed, 0 skipped (low cut) (cache 0 slots: 0 hits, 0 misses)
dist_mn node 1: 2^25 = 2^12 x 2^13 over 2 x 4 ranks, 4 primes, P24 (rows 512..512; 30198988 + 10066328 limbs at 20132660, window [10066328, 40265316) of share [30198988, 60397976), accumulated): redistribute 0.033 ntt 0.475 crt 0.001 out 0.030 spills+carry 0.011 total 0.548 s
dist_mn node 1: 30198988 x 30198988 limbs over 2 x 4 ranks (cap 2^25 points, P24): 1 x 3 pieces, 3 formed, 0 skipped (low cut) (cache 0 slots: 0 hits, 0 misses)
dist_mn node 0: 30198988 + 30198988 limbs -> 60397976 (share 30198988): redistribute 0.114 ntt 1.362 crt 0.003 out 0.108 spills+carry 0.033, total 1.601 s
dist_mn node 1: 30198988 + 30198988 limbs -> 60397976 (share 30198988): redistribute 0.111 ntt 1.361 crt 0.003 out 0.112 spills+carry 0.032, total 1.601 s
dist_mn node 0: 2^25 = 2^12 x 2^13 over 2 x 4 ranks, 4 primes, P24 (rows 512..512; 30198988 + 10066330 limbs at 0, window [0, 30198987) of share [0, 30198987)): redistribute 0.085 ntt 0.504 crt 0.001 out 0.031 spills+carry 0.003 total 0.586 s
dist_mn node 1: 2^25 = 2^12 x 2^13 over 2 x 4 ranks, 4 primes, P24 (rows 512..512; 30198988 + 10066330 limbs at 0, window [30198987, 40265318) of share [30198987, 60397975)): redistribute 0.086 ntt 0.497 crt 0.001 out 0.038 spills+carry 0.003 total 0.587 s
dist_mn node 0: 2^25 = 2^12 x 2^13 over 2 x 4 ranks, 4 primes, P24 (rows 512..512; 30198988 + 10066330 limbs at 10066330, window [0, 20132657) of share [0, 30198987), accumulated): redistribute 0.023 ntt 0.481 crt 0.001 out 0.038 spills+carry 0.020 total 0.564 s
dist_mn node 1: 2^25 = 2^12 x 2^13 over 2 x 4 ranks, 4 primes, P24 (rows 512..512; 30198988 + 10066330 limbs at 10066330, window [20132657, 40265318) of share [30198987, 60397975), accumulated): redistribute 0.022 ntt 0.488 crt 0.001 out 0.032 spills+carry 0.020 total 0.564 s
dist_mn node 0: 2^25 = 2^12 x 2^13 over 2 x 4 ranks, 4 primes, P24 (rows 512..512; 30198988 + 10066328 limbs at 20132660, window [0, 10066327) of share [0, 30198987), accumulated): redistribute 0.031 ntt 0.439 crt 0.001 out 0.036 spills+carry 0.011 total 0.514 s
dist_mn node 0: 30198988 x 30198988 limbs over 2 x 4 ranks (cap 2^25 points, P24): 1 x 3 pieces, 3 formed, 0 skipped (low product) (low cut) (cache 0 slots: 0 hits, 0 misses)
dist_mn node 1: 2^25 = 2^12 x 2^13 over 2 x 4 ranks, 4 primes, P24 (rows 512..512; 30198988 + 10066328 limbs at 20132660, window [10066327, 40265315) of share [30198987, 60397975), accumulated): redistribute 0.030 ntt 0.439 crt 0.001 out 0.036 spills+carry 0.011 total 0.514 s
dist_mn node 1: 30198988 x 30198988 limbs over 2 x 4 ranks (cap 2^25 points, P24): 1 x 3 pieces, 3 formed, 0 skipped (low product) (low cut) (cache 0 slots: 0 hits, 0 misses)
dist_mn node 0: 30198988 + 30198988 limbs -> 60397975 (share 30198987): redistribute 0.139 ntt 1.424 crt 0.003 out 0.105 spills+carry 0.034, total 1.666 s
dist_mn node 1: 30198988 + 30198988 limbs -> 60397975 (share 30198988): redistribute 0.138 ntt 1.423 crt 0.003 out 0.106 spills+carry 0.034, total 1.665 s
dist_mn node 0: 30198988 x 30198988 limbs over 2 x 4 ranks (cap 2^25 points, P24): 1 x 3 pieces, 0 formed, 3 skipped (low cut) (cache 0 slots: 0 hits, 0 misses)
dist_mn node 1: 30198988 x 30198988 limbs over 2 x 4 ranks (cap 2^25 points, P24): 1 x 3 pieces, 0 formed, 3 skipped (low cut) (cache 0 slots: 0 hits, 0 misses)
dist_mn node 0: 30198988 + 30198988 limbs -> 0 (share 30198988): redistribute 0.000 ntt 0.000 crt 0.000 out 0.000 spills+carry 0.000, total 0.001 s
dist_mn node 1: 30198988 + 30198988 limbs -> 0 (share 30198988): redistribute 0.000 ntt 0.000 crt 0.000 out 0.000 spills+carry 0.000, total 0.001 s
mdev 3*2^24 (40265318 limbs): repack 0.048 h2d 0.001 fwd 0.005 inv 0.003 d2h 0.040 crt 0.048 total 0.101 s
mdev 3*2^24 (40265318 limbs): repack 0.049 h2d 0.001 fwd 0.005 inv 0.004 d2h 0.029 crt 0.048 total 0.090 s
mdev 3*2^24 (40265318 limbs): repack 0.049 h2d 0.001 fwd 0.005 inv 0.003 d2h 0.035 crt 0.036 total 0.099 s
mdev 3*2^24 (40265318 limbs): repack 0.050 h2d 0.001 fwd 0.005 inv 0.003 d2h 0.031 crt 0.027 total 0.094 s
mdev 3*2^24 (40265316 limbs): repack 0.036 h2d 0.002 fwd 0.005 inv 0.003 d2h 0.038 crt 0.014 total 0.086 s
mdev 3*2^24 (40265316 limbs): repack 0.027 h2d 0.001 fwd 0.005 inv 0.003 d2h 0.037 crt 0.017 total 0.076 s
dist_mn node 1: 30198988 x 30198988 limbs over 2 x 4 ranks (cap 2^25 points, P24): 1 x 3 pieces, 0 formed, 3 skipped (low product) (low cut) (cache 0 slots: 0 hits, 0 misses)
dist_mn node 0: 30198988 x 30198988 limbs over 2 x 4 ranks (cap 2^25 points, P24): 1 x 3 pieces, 0 formed, 3 skipped (low product) (low cut) (cache 0 slots: 0 hits, 0 misses)
dist_mn node 1: 30198988 + 30198988 limbs -> 0 (share 30198988): redistribute 0.000 ntt 0.000 crt 0.000 out 0.000 spills+carry 0.000, total 0.003 s
dist_mn node 0: 30198988 + 30198988 limbs -> 0 (share 30198987): redistribute 0.000 ntt 0.000 crt 0.000 out 0.000 spills+carry 0.000, total 0.005 s
mdev 3*2^24 (40265318 limbs): repack 0.034 h2d 0.001 fwd 0.005 inv 0.003 d2h 0.038 crt 0.023 total 0.086 s
mdev 3*2^24 (40265318 limbs): repack 0.035 h2d 0.001 fwd 0.005 inv 0.003 d2h 0.050 crt 0.040 total 0.107 s
mdev 3*2^24 (40265318 limbs): repack 0.051 h2d 0.001 fwd 0.009 inv 0.004 d2h 0.036 crt 0.015 total 0.105 s
mdev 3*2^24 (40265318 limbs): repack 0.035 h2d 0.001 fwd 0.008 inv 0.005 d2h 0.055 crt 0.026 total 0.103 s
mdev 3*2^24 (40265316 limbs): repack 0.026 h2d 0.001 fwd 0.005 inv 0.003 d2h 0.031 crt 0.019 total 0.070 s
mdev 3*2^24 (40265316 limbs): repack 0.049 h2d 0.001 fwd 0.005 inv 0.003 d2h 0.027 crt 0.013 total 0.090 s
dist_mn node 0: 2^25 = 2^12 x 2^13 over 2 x 4 ranks, 4 primes, P24 (rows 512..512; 30198988 + 10066330 limbs at 0, window [0, 30198988) of share [0, 30198988)): redistribute 0.045 ntt 0.417 crt 0.002 out 0.030 spills+carry 0.003 total 0.487 s
dist_mn node 1: 2^25 = 2^12 x 2^13 over 2 x 4 ranks, 4 primes, P24 (rows 512..512; 30198988 + 10066330 limbs at 0, window [30198988, 40265318) of share [30198988, 60397976)): redistribute 0.045 ntt 0.414 crt 0.002 out 0.033 spills+carry 0.003 total 0.487 s
dist_mn node 0: 2^25 = 2^12 x 2^13 over 2 x 4 ranks, 4 primes, P24 (rows 512..512; 30198988 + 10066330 limbs at 10066330, window [0, 20132658) of share [0, 30198988), accumulated): redistribute 0.043 ntt 0.536 crt 0.001 out 0.043 spills+carry 0.020 total 0.632 s
dist_mn node 1: 2^25 = 2^12 x 2^13 over 2 x 4 ranks, 4 primes, P24 (rows 512..512; 30198988 + 10066330 limbs at 10066330, window [20132658, 40265318) of share [30198988, 60397976), accumulated): redistribute 0.042 ntt 0.539 crt 0.001 out 0.042 spills+carry 0.020 total 0.632 s
dist_mn node 0: 2^25 = 2^12 x 2^13 over 2 x 4 ranks, 4 primes, P24 (rows 512..512; 30198988 + 10066328 limbs at 20132660, window [0, 10066328) of share [0, 30198988), accumulated): redistribute 0.034 ntt 0.479 crt 0.001 out 0.026 spills+carry 0.011 total 0.546 s
dist_mn node 0: 30198988 x 30198988 limbs over 2 x 4 ranks (cap 2^25 points, P24): 1 x 3 pieces, 3 formed, 0 skipped (cache 0 slots: 0 hits, 0 misses)
dist_mn node 1: 2^25 = 2^12 x 2^13 over 2 x 4 ranks, 4 primes, P24 (rows 512..512; 30198988 + 10066328 limbs at 20132660, window [10066328, 40265316) of share [30198988, 60397976), accumulated): redistribute 0.034 ntt 0.478 crt 0.001 out 0.029 spills+carry 0.011 total 0.546 s
dist_mn node 1: 30198988 x 30198988 limbs over 2 x 4 ranks (cap 2^25 points, P24): 1 x 3 pieces, 3 formed, 0 skipped (cache 0 slots: 0 hits, 0 misses)
dist_mn node 0: 30198988 + 30198988 limbs -> 60397976 (share 30198988): redistribute 0.121 ntt 1.433 crt 0.003 out 0.099 spills+carry 0.033, total 1.668 s
dist_mn node 1: 30198988 + 30198988 limbs -> 60397976 (share 30198988): redistribute 0.121 ntt 1.431 crt 0.003 out 0.105 spills+carry 0.033, total 1.774 s
dist_mn node 0: 2^25 = 2^12 x 2^13 over 2 x 4 ranks, 4 primes, P24 (rows 512..512; 30198988 + 10066330 limbs at 0, window [0, 30198987) of share [0, 30198987)): redistribute 0.076 ntt 0.539 crt 0.001 out 0.041 spills+carry 0.003 total 0.606 s
dist_mn node 1: 2^25 = 2^12 x 2^13 over 2 x 4 ranks, 4 primes, P24 (rows 512..512; 30198988 + 10066330 limbs at 0, window [30198987, 40265318) of share [30198987, 60397975)): redistribute 0.076 ntt 0.539 crt 0.001 out 0.035 spills+carry 0.003 total 0.606 s
dist_mn node 0: 2^25 = 2^12 x 2^13 over 2 x 4 ranks, 4 primes, P24 (rows 512..512; 30198988 + 10066330 limbs at 10066330, window [0, 20132657) of share [0, 30198987), accumulated): redistribute 0.037 ntt 0.468 crt 0.001 out 0.040 spills+carry 0.017 total 0.563 s
dist_mn node 1: 2^25 = 2^12 x 2^13 over 2 x 4 ranks, 4 primes, P24 (rows 512..512; 30198988 + 10066330 limbs at 10066330, window [20132657, 40265318) of share [30198987, 60397975), accumulated): redistribute 0.037 ntt 0.470 crt 0.001 out 0.038 spills+carry 0.017 total 0.563 s
dist_mn node 0: 2^25 = 2^12 x 2^13 over 2 x 4 ranks, 4 primes, P24 (rows 512..512; 30198988 + 10066328 limbs at 20132660, window [0, 10066327) of share [0, 30198987), accumulated): redistribute 0.042 ntt 0.485 crt 0.001 out 0.034 spills+carry 0.011 total 0.562 s
dist_mn node 0: 30198988 x 30198988 limbs over 2 x 4 ranks (cap 2^25 points, P24): 1 x 3 pieces, 3 formed, 0 skipped (low product) (cache 0 slots: 0 hits, 0 misses)
dist_mn node 1: 2^25 = 2^12 x 2^13 over 2 x 4 ranks, 4 primes, P24 (rows 512..512; 30198988 + 10066328 limbs at 20132660, window [10066327, 40265315) of share [30198987, 60397975), accumulated): redistribute 0.042 ntt 0.484 crt 0.001 out 0.029 spills+carry 0.011 total 0.562 s
dist_mn node 1: 30198988 x 30198988 limbs over 2 x 4 ranks (cap 2^25 points, P24): 1 x 3 pieces, 3 formed, 0 skipped (low product) (cache 0 slots: 0 hits, 0 misses)
dist_mn node 0: 30198988 + 30198988 limbs -> 60397975 (share 30198987): redistribute 0.155 ntt 1.493 crt 0.003 out 0.115 spills+carry 0.031, total 1.732 s
dist_mn node 1: 30198988 + 30198988 limbs -> 60397975 (share 30198988): redistribute 0.155 ntt 1.493 crt 0.003 out 0.102 spills+carry 0.031, total 1.732 s
dist_mn node 0: 2^25 = 2^12 x 2^13 over 2 x 4 ranks, 4 primes, P24 (rows 512..512; 15099494 + 15099491 limbs at 0, window [0, 22649237) of share [0, 22649237)): redistribute 0.040 ntt 0.445 crt 0.001 out 0.034 spills+carry 0.002 total 0.504 s
dist_mn node 1: 2^25 = 2^12 x 2^13 over 2 x 4 ranks, 4 primes, P24 (rows 512..512; 15099494 + 15099491 limbs at 0, window [22649237, 30198985) of share [22649237, 45298475)): redistribute 0.040 ntt 0.450 crt 0.001 out 0.030 spills+carry 0.002 total 0.504 s
dist_mn node 0: 2^25 = 2^12 x 2^13 over 2 x 4 ranks, 4 primes, P24 (rows 512..512; 15099494 + 15099490 limbs at 15099491, window [0, 7549746) of share [0, 22649237), accumulated): redistribute 0.024 ntt 0.457 crt 0.001 out 0.030 spills+carry 0.009 total 0.521 s
dist_mn node 0: 15099494 x 30198981 limbs over 2 x 4 ranks (cap 2^25 points, P24): 1 x 2 pieces, 2 formed, 0 skipped (cache 0 slots: 0 hits, 0 misses)
dist_mn node 1: 2^25 = 2^12 x 2^13 over 2 x 4 ranks, 4 primes, P24 (rows 512..512; 15099494 + 15099490 limbs at 15099491, window [7549746, 30198984) of share [22649237, 45298475), accumulated): redistribute 0.024 ntt 0.461 crt 0.001 out 0.026 spills+carry 0.008 total 0.521 s
dist_mn node 1: 15099494 x 30198981 limbs over 2 x 4 ranks (cap 2^25 points, P24): 1 x 2 pieces, 2 formed, 0 skipped (cache 0 slots: 0 hits, 0 misses)
dist_mn node 0: 15099494 + 30198981 limbs -> 45298475 (share 22649237): redistribute 0.064 ntt 0.902 crt 0.002 out 0.064 spills+carry 0.011, total 1.027 s
dist_mn node 1: 15099494 + 30198981 limbs -> 45298475 (share 22649238): redistribute 0.064 ntt 0.911 crt 0.002 out 0.056 spills+carry 0.011, total 1.026 s
mdev 3*2^24 (45298475 limbs): repack 0.035 h2d 0.001 fwd 0.007 inv 0.006 d2h 0.040 crt 0.017 total 0.091 s
mdev 3*2^24 (45298475 limbs): repack 0.047 h2d 0.001 fwd 0.009 inv 0.005 d2h 0.046 crt 0.035 total 0.105 s
dist_mn node 0: 2^25 = 2^12 x 2^13 over 2 x 4 ranks, 4 primes, P24 (rows 512..512; 15099494 + 15099491 limbs at 0, window [0, 7549748) of share [0, 7549748)): redistribute 0.057 ntt 0.506 crt 0.001 out 0.013 spills+carry 0.003 total 0.552 s
dist_mn node 1: 2^25 = 2^12 x 2^13 over 2 x 4 ranks, 4 primes, P24 (rows 512..512; 15099494 + 15099491 limbs at 0, window [7549748, 15099497) of share [7549748, 15099497)): redistribute 0.060 ntt 0.505 crt 0.001 out 0.017 spills+carry 0.003 total 0.552 s
dist_mn node 0: 2^25 = 2^12 x 2^13 over 2 x 4 ranks, 4 primes, P24 (rows 512..512; 15099494 + 15099490 limbs at 15099491, window [0, 0) of share [0, 7549748), accumulated): redistribute 0.040 ntt 0.470 crt 0.002 out 0.002 spills+carry 0.001 total 0.502 s
dist_mn node 0: 15099494 x 30198981 limbs over 2 x 4 ranks (cap 2^25 points, P24): 1 x 2 pieces, 2 formed, 0 skipped (low product) (cache 0 slots: 0 hits, 0 misses)
dist_mn node 1: 2^25 = 2^12 x 2^13 over 2 x 4 ranks, 4 primes, P24 (rows 512..512; 15099494 + 15099490 limbs at 15099491, window [0, 6) of share [7549748, 15099497), accumulated): redistribute 0.031 ntt 0.468 crt 0.002 out 0.003 spills+carry 0.001 total 0.502 s
dist_mn node 1: 15099494 x 30198981 limbs over 2 x 4 ranks (cap 2^25 points, P24): 1 x 2 pieces, 2 formed, 0 skipped (low product) (cache 0 slots: 0 hits, 0 misses)
dist_mn node 0: 15099494 + 30198981 limbs -> 15099497 (share 7549748): redistribute 0.098 ntt 0.975 crt 0.002 out 0.015 spills+carry 0.004, total 1.056 s
dist_mn node 1: 15099494 + 30198981 limbs -> 15099497 (share 7549749): redistribute 0.091 ntt 0.973 crt 0.002 out 0.019 spills+carry 0.004, total 1.086 s
dist_mn node 0: 2^25 = 2^12 x 2^13 over 2 x 4 ranks, 4 primes, P24 (rows 512..512; 30198988 + 10066330 limbs at 0, window [0, 30198988) of share [0, 30198988)): redistribute 0.060 ntt 0.528 crt 0.002 out 0.032 spills+carry 0.003 total 0.597 s
dist_mn node 1: 2^25 = 2^12 x 2^13 over 2 x 4 ranks, 4 primes, P24 (rows 512..512; 30198988 + 10066330 limbs at 0, window [30198988, 40265318) of share [30198988, 60397977)): redistribute 0.062 ntt 0.529 crt 0.002 out 0.034 spills+carry 0.003 total 0.597 s
dist_mn node 0: 2^25 = 2^12 x 2^13 over 2 x 4 ranks, 4 primes, P24 (rows 512..512; 30198988 + 10066330 limbs at 10066330, window [0, 20132658) of share [0, 30198988), accumulated): redistribute 0.029 ntt 0.494 crt 0.001 out 0.028 spills+carry 0.020 total 0.572 s
dist_mn node 1: 2^25 = 2^12 x 2^13 over 2 x 4 ranks, 4 primes, P24 (rows 512..512; 30198988 + 10066330 limbs at 10066330, window [20132658, 40265318) of share [30198988, 60397977), accumulated): redistribute 0.029 ntt 0.493 crt 0.001 out 0.030 spills+carry 0.020 total 0.572 s
dist_mn node 0: 2^25 = 2^12 x 2^13 over 2 x 4 ranks, 4 primes, P24 (rows 512..512; 30198988 + 10066328 limbs at 20132660, window [0, 10066328) of share [0, 30198988), accumulated): redistribute 0.041 ntt 0.506 crt 0.001 out 0.039 spills+carry 0.011 total 0.586 s
dist_mn node 1: 2^25 = 2^12 x 2^13 over 2 x 4 ranks, 4 primes, P24 (rows 512..512; 30198988 + 10066328 limbs at 20132660, window [10066328, 40265316) of share [30198988, 60397977), accumulated): redistribute 0.037 ntt 0.505 crt 0.001 out 0.035 spills+carry 0.011 total 0.586 s
mdb_add_shifted node 0: 30198985 limbs at 0 into a basis of 60397977 (my window [0, 30198985), 1 rounds of 7549760; slabs 0 + 7549746 limbs per APU 0): 0.042 s
dist_mn node 0: 30198988 x 30198988 limbs over 2 x 4 ranks (cap 2^25 points, P24): 1 x 3 pieces, 3 formed, 0 skipped (cache 0 slots: 0 hits, 0 misses)
mdb_add_shifted node 1: 30198985 limbs at 0 into a basis of 60397977 (my window [30198988, 30198988), 1 rounds of 7549760; slabs 7549746 + 0 limbs per APU 0): 0.042 s
dist_mn node 1: 30198988 x 30198988 limbs over 2 x 4 ranks (cap 2^25 points, P24): 1 x 3 pieces, 3 formed, 0 skipped (cache 0 slots: 0 hits, 0 misses)
dist_mn node 1: 30198988 + 30198988 + x limbs -> 60397976 (share 30198989): redistribute 0.128 ntt 1.527 crt 0.004 out 0.098 spills+carry 0.033, total 1.810 s
dist_mn node 0: 30198988 + 30198988 + x limbs -> 60397976 (share 30198988): redistribute 0.130 ntt 1.527 crt 0.004 out 0.099 spills+carry 0.033, total 1.799 s
mdb_add_shifted node 1: 30198985 limbs at 0 into a basis of 60397977 (my window [30198988, 30198988), 1 rounds of 7549760; slabs 7549746 + 0 limbs per APU 0): 0.116 s
mdb_add_shifted node 0: 30198985 limbs at 0 into a basis of 60397977 (my window [0, 30198985), 1 rounds of 7549760; slabs 0 + 7549746 limbs per APU 0): 0.038 s
mdb_add_shifted node 0: 30198985 limbs at 7 into a basis of 60397977 (my window [7, 30198988), 1 rounds of 7549760; slabs 0 + 7549745 limbs per APU 0): 0.042 s
mdb_add_shifted node 1: 30198985 limbs at 7 into a basis of 60397977 (my window [30198988, 30198992), 1 rounds of 7549760; slabs 7549746 + 1 limbs per APU 0): 0.078 s
mdb_add_shifted node 0: 30198985 limbs at 15099494 into a basis of 60397977 (my window [15099494, 30198988), 1 rounds of 3774880; slabs 0 + 3774873 limbs per APU 0): 0.055 s
mdb_add_shifted node 1: 30198985 limbs at 15099494 into a basis of 60397977 (my window [30198988, 45298479), 1 rounds of 3774880; slabs 7549745 + 3774872 limbs per APU 0): 0.074 s
mdb_add_shifted node 0: 30198985 limbs at 30198988 into a basis of 60397977 (my window [30198988, 30198988), 1 rounds of 7549760; slabs 0 + 0 limbs per APU 0): 0.028 s
mdb_add_shifted node 1: 30198985 limbs at 30198988 into a basis of 60397977 (my window [30198988, 60397973), 1 rounds of 7549760; slabs 7549746 + 7549746 limbs per APU 0): 0.012 s

t_mn_grid: VERIFY OK (200 checks)

t_mn_grid: VERIFY OK (200 checks)
