META limb_base=10^18
META bench=cx_grid host=ppac-pl1-s24-16 date=2026-09-28T11:44:00
META limb_base=10^18
META bench=cx_grid host=ppac-pl1-s24-16 date=2026-09-28T11:44:00
META limb_base=10^18
META bench=cx_grid host=ppac-pl1-s24-16 date=2026-09-28T11:44:00
META limb_base=10^18
META bench=cx_grid host=ppac-pl1-s24-16 date=2026-09-28T11:44:00
mn: node 0 of 4, four meshes of 4 ranks on ppac-pl1-s24-16,ppac-pl1-s24-16,ppac-pl1-s24-16,ppac-pl1-s24-16 (port base 22889): connected in 0.20 s
mn: node 0: level 2 group [0, 4) (transform nodes 4): meshes connected in 0.00 s
cx_grid: node 0 of 4, plane cap 2^27, pool_log 25, 1 repetitions (+ warm-up), slot counts 0,2
mn: node 1 of 4, four meshes of 4 ranks on ppac-pl1-s24-16,ppac-pl1-s24-16,ppac-pl1-s24-16,ppac-pl1-s24-16 (port base 22889): connected in 0.04 s
mn: node 1: level 2 group [0, 4) (transform nodes 4): meshes connected in 0.00 s
mn: node 2 of 4, four meshes of 4 ranks on ppac-pl1-s24-16,ppac-pl1-s24-16,ppac-pl1-s24-16,ppac-pl1-s24-16 (port base 22889): connected in 0.16 s
cx_grid: node 1 of 4, plane cap 2^27, pool_log 25, 1 repetitions (+ warm-up), slot counts 0,2
mn: node 2: level 2 group [0, 4) (transform nodes 4): meshes connected in 0.00 s
cx_grid: node 2 of 4, plane cap 2^27, pool_log 25, 1 repetitions (+ warm-up), slot counts 0,2
mn: node 3 of 4, four meshes of 4 ranks on ppac-pl1-s24-16,ppac-pl1-s24-16,ppac-pl1-s24-16,ppac-pl1-s24-16 (port base 22889): connected in 0.16 s
mn: node 3: level 2 group [0, 4) (transform nodes 4): meshes connected in 0.00 s
cx_grid: node 3 of 4, plane cap 2^27, pool_log 25, 1 repetitions (+ warm-up), slot counts 0,2
   transform cache: 2 of 2 slots of 0.2 GiB per APU allocated in 0.20 s (margin 24 GB) [RNS_DIST_CACHE_FIT: slot 2^23 limbs x 4 primes; no budget room (ECALC_BUDGET_CHECK=0): the free memory alone] = 2.15 GB per node-process
   transform cache: 2 of 2 slots of 0.2 GiB per APU allocated in 0.23 s (margin 24 GB) [RNS_DIST_CACHE_FIT: slot 2^23 limbs x 4 primes; no budget room (ECALC_BUDGET_CHECK=0): the free memory alone] = 2.15 GB per node-process
   transform cache: 2 of 2 slots of 0.2 GiB per APU allocated in 0.26 s (margin 24 GB) [RNS_DIST_CACHE_FIT: slot 2^23 limbs x 4 primes; no budget room (ECALC_BUDGET_CHECK=0): the free memory alone] = 2.15 GB per node-process
   transform cache: 2 of 2 slots of 0.2 GiB per APU allocated in 0.27 s (margin 24 GB) [RNS_DIST_CACHE_FIT: slot 2^23 limbs x 4 primes; no budget room (ECALC_BUDGET_CHECK=0): the free memory alone] = 2.15 GB per node-process
cache_trace node 0: piece (0, 0) of 2 x 3, 79590803 + 53063711 limbs at 0, slots 2: A cached B cached | 2.113 s: redistribute 0.649 ntt 1.406 crt 0.072 out 0.225 carry 0.006 | ntt parts rows 0.065 cols 0.005 pack 0.004 xfer 0.865 a2a 1.017
cache_trace node 1: piece (0, 0) of 2 x 3, 79590803 + 53063711 limbs at 0, slots 2: A cached B cached | 2.113 s: redistribute 0.738 ntt 1.423 crt 0.077 out 0.152 carry 0.007 | ntt parts rows 0.075 cols 0.005 pack 0.005 xfer 0.849 a2a 1.015
cache_trace node 2: piece (0, 0) of 2 x 3, 79590803 + 53063711 limbs at 0, slots 2: A cached B cached | 2.113 s: redistribute 0.757 ntt 1.409 crt 0.003 out 0.259 carry 0.007 | ntt parts rows 0.086 cols 0.005 pack 0.009 xfer 0.826 a2a 0.989
cache_trace node 3: piece (0, 0) of 2 x 3, 79590803 + 53063711 limbs at 0, slots 2: A cached B cached | 2.113 s: redistribute 0.730 ntt 1.436 crt 0.039 out 0.219 carry 0.007 | ntt parts rows 0.060 cols 0.004 pack 0.006 xfer 0.864 a2a 1.042
cache_trace node 0: piece (1, 0) of 2 x 3, 79590802 + 53063711 limbs at 79590803, slots 2: A - B HIT | 1.197 s: redistribute 0.382 ntt 0.764 crt 0.002 out 0.232 carry 0.037 | ntt parts rows 0.004 cols 0.003 pack 0.002 xfer 0.524 a2a 0.632
cache_trace node 1: piece (1, 0) of 2 x 3, 79590802 + 53063711 limbs at 79590803, slots 2: A - B HIT | 1.197 s: redistribute 0.344 ntt 0.731 crt 0.002 out 0.177 carry 0.037 | ntt parts rows 0.004 cols 0.003 pack 0.002 xfer 0.510 a2a 0.623
cache_trace node 2: piece (1, 0) of 2 x 3, 79590802 + 53063711 limbs at 79590803, slots 2: A - B HIT | 1.197 s: redistribute 0.390 ntt 0.760 crt 0.002 out 0.222 carry 0.037 | ntt parts rows 0.004 cols 0.003 pack 0.002 xfer 0.517 a2a 0.631
cache_trace node 3: piece (1, 0) of 2 x 3, 79590802 + 53063711 limbs at 79590803, slots 2: A - B HIT | 1.197 s: redistribute 0.378 ntt 0.765 crt 0.002 out 0.234 carry 0.037 | ntt parts rows 0.003 cols 0.003 pack 0.002 xfer 0.533 a2a 0.638
cache_trace node 0: piece (0, 1) of 2 x 3, 79590803 + 53063711 limbs at 53063711, slots 2: A HIT B cached | 0.676 s: redistribute 0.035 ntt 0.540 crt 0.002 out 0.087 carry 0.028 | ntt parts rows 0.003 cols 0.003 pack 0.002 xfer 0.415 a2a 0.530
cache_trace node 1: piece (0, 1) of 2 x 3, 79590803 + 53063711 limbs at 53063711, slots 2: A HIT B cached | 0.676 s: redistribute 0.034 ntt 0.541 crt 0.002 out 0.084 carry 0.027 | ntt parts rows 0.003 cols 0.003 pack 0.002 xfer 0.423 a2a 0.531
cache_trace node 2: piece (0, 1) of 2 x 3, 79590803 + 53063711 limbs at 53063711, slots 2: A HIT B cached | 0.676 s: redistribute 0.033 ntt 0.545 crt 0.001 out 0.081 carry 0.028 | ntt parts rows 0.003 cols 0.003 pack 0.002 xfer 0.418 a2a 0.533
cache_trace node 3: piece (0, 1) of 2 x 3, 79590803 + 53063711 limbs at 53063711, slots 2: A HIT B cached | 0.676 s: redistribute 0.037 ntt 0.540 crt 0.002 out 0.085 carry 0.027 | ntt parts rows 0.003 cols 0.003 pack 0.002 xfer 0.418 a2a 0.529
cache_trace node 0: piece (1, 1) of 2 x 3, 79590802 + 53063711 limbs at 132654514, slots 2: A - B HIT | 0.986 s: redistribute 0.050 ntt 0.588 crt 0.001 out 0.322 carry 0.031 | ntt parts rows 0.004 cols 0.003 pack 0.002 xfer 0.458 a2a 0.578
cache_trace node 1: piece (1, 1) of 2 x 3, 79590802 + 53063711 limbs at 132654514, slots 2: A - B HIT | 0.986 s: redistribute 0.071 ntt 0.570 crt 0.002 out 0.325 carry 0.031 | ntt parts rows 0.004 cols 0.003 pack 0.002 xfer 0.435 a2a 0.557
cache_trace node 2: piece (1, 1) of 2 x 3, 79590802 + 53063711 limbs at 132654514, slots 2: A - B HIT | 0.986 s: redistribute 0.027 ntt 0.569 crt 0.002 out 0.201 carry 0.031 | ntt parts rows 0.003 cols 0.003 pack 0.002 xfer 0.440 a2a 0.555
cache_trace node 3: piece (1, 1) of 2 x 3, 79590802 + 53063711 limbs at 132654514, slots 2: A - B HIT | 0.986 s: redistribute 0.050 ntt 0.594 crt 0.002 out 0.319 carry 0.031 | ntt parts rows 0.003 cols 0.003 pack 0.002 xfer 0.468 a2a 0.580
cache_trace node 0: piece (0, 2) of 2 x 3, 79590803 + 53063709 limbs at 106127422, slots 2: A HIT B cached | 0.956 s: redistribute 0.275 ntt 0.723 crt 0.002 out 0.100 carry 0.033 | ntt parts rows 0.003 cols 0.002 pack 0.002 xfer 0.507 a2a 0.629
cache_trace node 1: piece (0, 2) of 2 x 3, 79590803 + 53063709 limbs at 106127422, slots 2: A HIT B cached | 0.956 s: redistribute 0.264 ntt 0.720 crt 0.002 out 0.103 carry 0.032 | ntt parts rows 0.003 cols 0.003 pack 0.002 xfer 0.510 a2a 0.630
cache_trace node 2: piece (0, 2) of 2 x 3, 79590803 + 53063709 limbs at 106127422, slots 2: A HIT B cached | 0.956 s: redistribute 0.273 ntt 0.724 crt 0.003 out 0.098 carry 0.032 | ntt parts rows 0.003 cols 0.002 pack 0.002 xfer 0.516 a2a 0.627
cache_trace node 3: piece (0, 2) of 2 x 3, 79590803 + 53063709 limbs at 106127422, slots 2: A HIT B cached | 0.956 s: redistribute 0.274 ntt 0.722 crt 0.002 out 0.101 carry 0.032 | ntt parts rows 0.003 cols 0.003 pack 0.001 xfer 0.511 a2a 0.628
cache_trace node 0: piece (1, 2) of 2 x 3, 79590802 + 53063709 limbs at 185718225, slots 2: A - B HIT | 0.944 s: redistribute 0.055 ntt 0.579 crt 0.001 out 0.287 carry 0.030 | ntt parts rows 0.004 cols 0.003 pack 0.002 xfer 0.445 a2a 0.564
dist_mn node 0: 159181605 x 159191131 limbs over 4 x 4 ranks (cap 2^27): 2 x 3 pieces, 6 formed, 0 skipped (cache 2 slots: 5 hits, 4 misses)
cache_trace node 1: piece (1, 2) of 2 x 3, 79590802 + 53063709 limbs at 185718225, slots 2: A - B HIT | 0.944 s: redistribute 0.079 ntt 0.557 crt 0.001 out 0.294 carry 0.030 | ntt parts rows 0.004 cols 0.003 pack 0.002 xfer 0.430 a2a 0.540
dist_mn node 1: 159181605 x 159191131 limbs over 4 x 4 ranks (cap 2^27): 2 x 3 pieces, 6 formed, 0 skipped (cache 2 slots: 5 hits, 4 misses)
cache_trace node 2: piece (1, 2) of 2 x 3, 79590802 + 53063709 limbs at 185718225, slots 2: A - B HIT | 0.944 s: redistribute 0.056 ntt 0.577 crt 0.002 out 0.290 carry 0.030 | ntt parts rows 0.003 cols 0.003 pack 0.002 xfer 0.459 a2a 0.564
dist_mn node 2: 159181605 x 159191131 limbs over 4 x 4 ranks (cap 2^27): 2 x 3 pieces, 6 formed, 0 skipped (cache 2 slots: 5 hits, 4 misses)
cache_trace node 3: piece (1, 2) of 2 x 3, 79590802 + 53063709 limbs at 185718225, slots 2: A - B HIT | 0.944 s: redistribute 0.036 ntt 0.558 crt 0.002 out 0.197 carry 0.029 | ntt parts rows 0.003 cols 0.003 pack 0.002 xfer 0.429 a2a 0.537
dist_mn node 3: 159181605 x 159191131 limbs over 4 x 4 ranks (cap 2^27): 2 x 3 pieces, 6 formed, 0 skipped (cache 2 slots: 5 hits, 4 misses)
cx_grid node 0: the allocating product (2 slots): 7.334 s, the cache's allocation 0.20 s
cx_grid node 1: the allocating product (2 slots): 7.334 s, the cache's allocation 0.26 s
cx_grid node 2: the allocating product (2 slots): 7.334 s, the cache's allocation 0.23 s
cx_grid node 3: the allocating product (2 slots): 7.334 s, the cache's allocation 0.27 s
cache_trace node 0: piece (0, 0) of 2 x 3, 79590803 + 53063711 limbs at 0, slots 0: A - B - | 1.012 s: redistribute 0.077 ntt 0.844 crt 0.002 out 0.097 carry 0.002 | ntt parts rows 0.005 cols 0.004 pack 0.003 xfer 0.656 a2a 0.823
cache_trace node 1: piece (0, 0) of 2 x 3, 79590803 + 53063711 limbs at 0, slots 0: A - B - | 1.012 s: redistribute 0.094 ntt 0.849 crt 0.002 out 0.097 carry 0.002 | ntt parts rows 0.005 cols 0.004 pack 0.002 xfer 0.654 a2a 0.824
cache_trace node 2: piece (0, 0) of 2 x 3, 79590803 + 53063711 limbs at 0, slots 0: A - B - | 1.012 s: redistribute 0.098 ntt 0.846 crt 0.002 out 0.099 carry 0.002 | ntt parts rows 0.005 cols 0.004 pack 0.002 xfer 0.658 a2a 0.824
cache_trace node 3: piece (0, 0) of 2 x 3, 79590803 + 53063711 limbs at 0, slots 0: A - B - | 1.012 s: redistribute 0.099 ntt 0.852 crt 0.002 out 0.098 carry 0.002 | ntt parts rows 0.005 cols 0.004 pack 0.002 xfer 0.654 a2a 0.825
cache_trace node 0: piece (1, 0) of 2 x 3, 79590802 + 53063711 limbs at 79590803, slots 0: A - B - | 1.055 s: redistribute 0.086 ntt 0.869 crt 0.003 out 0.085 carry 0.028 | ntt parts rows 0.005 cols 0.004 pack 0.002 xfer 0.678 a2a 0.852
cache_trace node 1: piece (1, 0) of 2 x 3, 79590802 + 53063711 limbs at 79590803, slots 0: A - B - | 1.055 s: redistribute 0.083 ntt 0.871 crt 0.002 out 0.088 carry 0.028 | ntt parts rows 0.005 cols 0.004 pack 0.002 xfer 0.676 a2a 0.851
cache_trace node 2: piece (1, 0) of 2 x 3, 79590802 + 53063711 limbs at 79590803, slots 0: A - B - | 1.055 s: redistribute 0.096 ntt 0.876 crt 0.001 out 0.084 carry 0.028 | ntt parts rows 0.005 cols 0.004 pack 0.002 xfer 0.679 a2a 0.850
cache_trace node 3: piece (1, 0) of 2 x 3, 79590802 + 53063711 limbs at 79590803, slots 0: A - B - | 1.055 s: redistribute 0.096 ntt 0.875 crt 0.003 out 0.085 carry 0.028 | ntt parts rows 0.005 cols 0.004 pack 0.002 xfer 0.673 a2a 0.851
cache_trace node 0: piece (0, 1) of 2 x 3, 79590803 + 53063711 limbs at 53063711, slots 0: A - B - | 1.054 s: redistribute 0.083 ntt 0.864 crt 0.001 out 0.084 carry 0.028 | ntt parts rows 0.005 cols 0.004 pack 0.002 xfer 0.654 a2a 0.838
cache_trace node 1: piece (0, 1) of 2 x 3, 79590803 + 53063711 limbs at 53063711, slots 0: A - B - | 1.054 s: redistribute 0.113 ntt 0.877 crt 0.003 out 0.080 carry 0.028 | ntt parts rows 0.005 cols 0.004 pack 0.002 xfer 0.663 a2a 0.841
cache_trace node 2: piece (0, 1) of 2 x 3, 79590803 + 53063711 limbs at 53063711, slots 0: A - B - | 1.054 s: redistribute 0.114 ntt 0.878 crt 0.002 out 0.080 carry 0.028 | ntt parts rows 0.005 cols 0.004 pack 0.002 xfer 0.668 a2a 0.838
cache_trace node 3: piece (0, 1) of 2 x 3, 79590803 + 53063711 limbs at 53063711, slots 0: A - B - | 1.054 s: redistribute 0.119 ntt 0.873 crt 0.003 out 0.083 carry 0.028 | ntt parts rows 0.005 cols 0.004 pack 0.002 xfer 0.666 a2a 0.839
cache_trace node 0: piece (1, 1) of 2 x 3, 79590802 + 53063711 limbs at 132654514, slots 0: A - B - | 1.039 s: redistribute 0.071 ntt 0.865 crt 0.001 out 0.088 carry 0.024 | ntt parts rows 0.005 cols 0.004 pack 0.002 xfer 0.665 a2a 0.847
cache_trace node 1: piece (1, 1) of 2 x 3, 79590802 + 53063711 limbs at 132654514, slots 0: A - B - | 1.039 s: redistribute 0.068 ntt 0.861 crt 0.001 out 0.094 carry 0.024 | ntt parts rows 0.005 cols 0.004 pack 0.003 xfer 0.676 a2a 0.846
cache_trace node 2: piece (1, 1) of 2 x 3, 79590802 + 53063711 limbs at 132654514, slots 0: A - B - | 1.039 s: redistribute 0.071 ntt 0.867 crt 0.002 out 0.058 carry 0.024 | ntt parts rows 0.005 cols 0.004 pack 0.002 xfer 0.674 a2a 0.846
cache_trace node 3: piece (1, 1) of 2 x 3, 79590802 + 53063711 limbs at 132654514, slots 0: A - B - | 1.039 s: redistribute 0.071 ntt 0.865 crt 0.002 out 0.092 carry 0.024 | ntt parts rows 0.005 cols 0.004 pack 0.002 xfer 0.668 a2a 0.843
cache_trace node 0: piece (0, 2) of 2 x 3, 79590803 + 53063709 limbs at 106127422, slots 0: A - B - | 1.005 s: redistribute 0.066 ntt 0.822 crt 0.003 out 0.085 carry 0.035 | ntt parts rows 0.005 cols 0.004 pack 0.002 xfer 0.644 a2a 0.807
cache_trace node 1: piece (0, 2) of 2 x 3, 79590803 + 53063709 limbs at 106127422, slots 0: A - B - | 1.005 s: redistribute 0.071 ntt 0.829 crt 0.003 out 0.087 carry 0.034 | ntt parts rows 0.005 cols 0.004 pack 0.002 xfer 0.645 a2a 0.807
cache_trace node 2: piece (0, 2) of 2 x 3, 79590803 + 53063709 limbs at 106127422, slots 0: A - B - | 1.005 s: redistribute 0.066 ntt 0.827 crt 0.003 out 0.085 carry 0.034 | ntt parts rows 0.005 cols 0.004 pack 0.002 xfer 0.638 a2a 0.808
cache_trace node 3: piece (0, 2) of 2 x 3, 79590803 + 53063709 limbs at 106127422, slots 0: A - B - | 1.005 s: redistribute 0.072 ntt 0.818 crt 0.002 out 0.087 carry 0.034 | ntt parts rows 0.005 cols 0.004 pack 0.002 xfer 0.637 a2a 0.804
cache_trace node 0: piece (1, 2) of 2 x 3, 79590802 + 53063709 limbs at 185718225, slots 0: A - B - | 1.048 s: redistribute 0.071 ntt 0.850 crt 0.002 out 0.099 carry 0.034 | ntt parts rows 0.005 cols 0.004 pack 0.002 xfer 0.660 a2a 0.835
dist_mn node 0: 159181605 x 159191131 limbs over 4 x 4 ranks (cap 2^27): 2 x 3 pieces, 6 formed, 0 skipped (cache 0 slots: 0 hits, 0 misses)
cache_trace node 1: piece (1, 2) of 2 x 3, 79590802 + 53063709 limbs at 185718225, slots 0: A - B - | 1.048 s: redistribute 0.071 ntt 0.853 crt 0.002 out 0.100 carry 0.034 | ntt parts rows 0.005 cols 0.004 pack 0.002 xfer 0.663 a2a 0.837
dist_mn node 1: 159181605 x 159191131 limbs over 4 x 4 ranks (cap 2^27): 2 x 3 pieces, 6 formed, 0 skipped (cache 0 slots: 0 hits, 0 misses)
cache_trace node 2: piece (1, 2) of 2 x 3, 79590802 + 53063709 limbs at 185718225, slots 0: A - B - | 1.048 s: redistribute 0.068 ntt 0.849 crt 0.001 out 0.103 carry 0.033 | ntt parts rows 0.005 cols 0.004 pack 0.002 xfer 0.667 a2a 0.835
dist_mn node 2: 159181605 x 159191131 limbs over 4 x 4 ranks (cap 2^27): 2 x 3 pieces, 6 formed, 0 skipped (cache 0 slots: 0 hits, 0 misses)
cache_trace node 3: piece (1, 2) of 2 x 3, 79590802 + 53063709 limbs at 185718225, slots 0: A - B - | 1.048 s: redistribute 0.069 ntt 0.880 crt 0.002 out 0.074 carry 0.033 | ntt parts rows 0.005 cols 0.004 pack 0.003 xfer 0.670 a2a 0.834
dist_mn node 3: 159181605 x 159191131 limbs over 4 x 4 ranks (cap 2^27): 2 x 3 pieces, 6 formed, 0 skipped (cache 0 slots: 0 hits, 0 misses)
cx_grid node 0: rep 0 (warm-up) shape 2x3_full (159181605 x 159191131, cut 0 / -1) slots 0: 6.217 s, cache 0 hits 0 misses, C sha256 225bd7b48e391974 same
cx_grid node 3: rep 0 (warm-up) shape 2x3_full (159181605 x 159191131, cut 0 / -1) slots 0: 6.217 s, cache 0 hits 0 misses, C sha256 9bd99874540d8242 same
cx_grid node 2: rep 0 (warm-up) shape 2x3_full (159181605 x 159191131, cut 0 / -1) slots 0: 6.217 s, cache 0 hits 0 misses, C sha256 f4218a47e6a08190 same
cx_grid node 1: rep 0 (warm-up) shape 2x3_full (159181605 x 159191131, cut 0 / -1) slots 0: 6.217 s, cache 0 hits 0 misses, C sha256 016385c789164206 same
cache_trace node 0: piece (0, 0) of 2 x 6, 78703953 + 52845459 limbs at 0, slots 0: A - B - | 1.456 s: redistribute 0.072 ntt 0.852 crt 0.003 out 0.529 carry 0.007 | ntt parts rows 0.005 cols 0.004 pack 0.002 xfer 0.653 a2a 0.824
cache_trace node 1: piece (0, 0) of 2 x 6, 78703953 + 52845459 limbs at 0, slots 0: A - B - | 1.456 s: redistribute 0.077 ntt 0.846 crt 0.002 out 0.545 carry 0.007 | ntt parts rows 0.005 cols 0.004 pack 0.002 xfer 0.661 a2a 0.826
cache_trace node 2: piece (0, 0) of 2 x 6, 78703953 + 52845459 limbs at 0, slots 0: A - B - | 1.456 s: redistribute 0.076 ntt 0.842 crt 0.002 out 0.535 carry 0.007 | ntt parts rows 0.005 cols 0.004 pack 0.002 xfer 0.658 a2a 0.828
cache_trace node 3: piece (0, 0) of 2 x 6, 78703953 + 52845459 limbs at 0, slots 0: A - B - | 1.456 s: redistribute 0.071 ntt 0.844 crt 0.002 out 0.543 carry 0.007 | ntt parts rows 0.005 cols 0.004 pack 0.002 xfer 0.647 a2a 0.829
cache_trace node 0: piece (1, 0) of 2 x 6, 78703952 + 52845459 limbs at 78703953, slots 0: A - B - | 1.397 s: redistribute 0.120 ntt 0.817 crt 0.003 out 0.405 carry 0.059 | ntt parts rows 0.005 cols 0.005 pack 0.003 xfer 0.631 a2a 0.801
cache_trace node 1: piece (1, 0) of 2 x 6, 78703952 + 52845459 limbs at 78703953, slots 0: A - B - | 1.397 s: redistribute 0.068 ntt 0.824 crt 0.002 out 0.244 carry 0.059 | ntt parts rows 0.005 cols 0.005 pack 0.003 xfer 0.636 a2a 0.799
cache_trace node 2: piece (1, 0) of 2 x 6, 78703952 + 52845459 limbs at 78703953, slots 0: A - B - | 1.397 s: redistribute 0.119 ntt 0.814 crt 0.002 out 0.403 carry 0.059 | ntt parts rows 0.005 cols 0.004 pack 0.003 xfer 0.631 a2a 0.799
cache_trace node 3: piece (1, 0) of 2 x 6, 78703952 + 52845459 limbs at 78703953, slots 0: A - B - | 1.397 s: redistribute 0.120 ntt 0.818 crt 0.003 out 0.402 carry 0.059 | ntt parts rows 0.005 cols 0.004 pack 0.003 xfer 0.648 a2a 0.803
cache_trace node 0: piece (0, 1) of 2 x 6, 78703953 + 52845459 limbs at 52845459, slots 0: A - B - | 1.079 s: redistribute 0.073 ntt 0.859 crt 0.002 out 0.099 carry 0.054 | ntt parts rows 0.005 cols 0.004 pack 0.003 xfer 0.669 a2a 0.841
cache_trace node 1: piece (0, 1) of 2 x 6, 78703953 + 52845459 limbs at 52845459, slots 0: A - B - | 1.079 s: redistribute 0.071 ntt 0.865 crt 0.002 out 0.093 carry 0.054 | ntt parts rows 0.005 cols 0.004 pack 0.002 xfer 0.671 a2a 0.843
cache_trace node 2: piece (0, 1) of 2 x 6, 78703953 + 52845459 limbs at 52845459, slots 0: A - B - | 1.079 s: redistribute 0.072 ntt 0.856 crt 0.001 out 0.100 carry 0.054 | ntt parts rows 0.005 cols 0.004 pack 0.002 xfer 0.661 a2a 0.838
cache_trace node 3: piece (0, 1) of 2 x 6, 78703953 + 52845459 limbs at 52845459, slots 0: A - B - | 1.079 s: redistribute 0.071 ntt 0.866 crt 0.002 out 0.098 carry 0.055 | ntt parts rows 0.005 cols 0.004 pack 0.002 xfer 0.670 a2a 0.843
cache_trace node 0: piece (1, 1) of 2 x 6, 78703952 + 52845459 limbs at 131549412, slots 0: A - B - | 1.412 s: redistribute 0.127 ntt 0.846 crt 0.001 out 0.402 carry 0.046 | ntt parts rows 0.005 cols 0.004 pack 0.002 xfer 0.665 a2a 0.829
cache_trace node 1: piece (1, 1) of 2 x 6, 78703952 + 52845459 limbs at 131549412, slots 0: A - B - | 1.412 s: redistribute 0.069 ntt 0.860 crt 0.006 out 0.211 carry 0.046 | ntt parts rows 0.005 cols 0.004 pack 0.002 xfer 0.661 a2a 0.830
cache_trace node 2: piece (1, 1) of 2 x 6, 78703952 + 52845459 limbs at 131549412, slots 0: A - B - | 1.412 s: redistribute 0.126 ntt 0.843 crt 0.001 out 0.407 carry 0.046 | ntt parts rows 0.005 cols 0.004 pack 0.002 xfer 0.657 a2a 0.827
cache_trace node 3: piece (1, 1) of 2 x 6, 78703952 + 52845459 limbs at 131549412, slots 0: A - B - | 1.412 s: redistribute 0.123 ntt 0.846 crt 0.001 out 0.406 carry 0.046 | ntt parts rows 0.005 cols 0.004 pack 0.002 xfer 0.663 a2a 0.831
cache_trace node 0: piece (0, 2) of 2 x 6, 78703953 + 52845459 limbs at 105690918, slots 0: A - B - | 1.396 s: redistribute 0.105 ntt 0.826 crt 0.001 out 0.457 carry 0.017 | ntt parts rows 0.005 cols 0.005 pack 0.002 xfer 0.642 a2a 0.810
cache_trace node 1: piece (0, 2) of 2 x 6, 78703953 + 52845459 limbs at 105690918, slots 0: A - B - | 1.396 s: redistribute 0.048 ntt 0.835 crt 0.005 out 0.401 carry 0.017 | ntt parts rows 0.005 cols 0.004 pack 0.002 xfer 0.650 a2a 0.812
cache_trace node 2: piece (0, 2) of 2 x 6, 78703953 + 52845459 limbs at 105690918, slots 0: A - B - | 1.396 s: redistribute 0.109 ntt 0.820 crt 0.001 out 0.456 carry 0.017 | ntt parts rows 0.005 cols 0.004 pack 0.003 xfer 0.645 a2a 0.805
cache_trace node 3: piece (0, 2) of 2 x 6, 78703953 + 52845459 limbs at 105690918, slots 0: A - B - | 1.396 s: redistribute 0.109 ntt 0.824 crt 0.001 out 0.455 carry 0.017 | ntt parts rows 0.005 cols 0.004 pack 0.002 xfer 0.636 a2a 0.809
cache_trace node 0: piece (1, 2) of 2 x 6, 78703952 + 52845459 limbs at 184394871, slots 0: A - B - | 1.022 s: redistribute 0.072 ntt 0.824 crt 0.001 out 0.083 carry 0.049 | ntt parts rows 0.005 cols 0.004 pack 0.003 xfer 0.643 a2a 0.805
cache_trace node 1: piece (1, 2) of 2 x 6, 78703952 + 52845459 limbs at 184394871, slots 0: A - B - | 1.022 s: redistribute 0.073 ntt 0.823 crt 0.002 out 0.084 carry 0.048 | ntt parts rows 0.005 cols 0.004 pack 0.002 xfer 0.635 a2a 0.808
cache_trace node 2: piece (1, 2) of 2 x 6, 78703952 + 52845459 limbs at 184394871, slots 0: A - B - | 1.022 s: redistribute 0.072 ntt 0.821 crt 0.002 out 0.087 carry 0.048 | ntt parts rows 0.005 cols 0.004 pack 0.002 xfer 0.632 a2a 0.805
cache_trace node 3: piece (1, 2) of 2 x 6, 78703952 + 52845459 limbs at 184394871, slots 0: A - B - | 1.022 s: redistribute 0.070 ntt 0.820 crt 0.002 out 0.088 carry 0.048 | ntt parts rows 0.005 cols 0.004 pack 0.003 xfer 0.637 a2a 0.807
cache_trace node 0: piece (0, 3) of 2 x 6, 78703953 + 52845459 limbs at 158536377, slots 0: A - B - | 1.055 s: redistribute 0.068 ntt 0.857 crt 0.001 out 0.085 carry 0.056 | ntt parts rows 0.005 cols 0.004 pack 0.002 xfer 0.660 a2a 0.840
cache_trace node 1: piece (0, 3) of 2 x 6, 78703953 + 52845459 limbs at 158536377, slots 0: A - B - | 1.055 s: redistribute 0.070 ntt 0.861 crt 0.001 out 0.082 carry 0.055 | ntt parts rows 0.005 cols 0.004 pack 0.002 xfer 0.663 a2a 0.845
cache_trace node 2: piece (0, 3) of 2 x 6, 78703953 + 52845459 limbs at 158536377, slots 0: A - B - | 1.055 s: redistribute 0.071 ntt 0.860 crt 0.001 out 0.085 carry 0.055 | ntt parts rows 0.005 cols 0.004 pack 0.002 xfer 0.667 a2a 0.841
cache_trace node 3: piece (0, 3) of 2 x 6, 78703953 + 52845459 limbs at 158536377, slots 0: A - B - | 1.055 s: redistribute 0.071 ntt 0.857 crt 0.001 out 0.089 carry 0.056 | ntt parts rows 0.005 cols 0.004 pack 0.002 xfer 0.663 a2a 0.838
cache_trace node 0: piece (1, 3) of 2 x 6, 78703952 + 52845459 limbs at 237240330, slots 0: A - B - | 1.442 s: redistribute 0.102 ntt 0.823 crt 0.001 out 0.496 carry 0.020 | ntt parts rows 0.005 cols 0.004 pack 0.002 xfer 0.639 a2a 0.809
cache_trace node 1: piece (1, 3) of 2 x 6, 78703952 + 52845459 limbs at 237240330, slots 0: A - B - | 1.442 s: redistribute 0.104 ntt 0.825 crt 0.002 out 0.498 carry 0.020 | ntt parts rows 0.005 cols 0.004 pack 0.002 xfer 0.640 a2a 0.810
cache_trace node 2: piece (1, 3) of 2 x 6, 78703952 + 52845459 limbs at 237240330, slots 0: A - B - | 1.442 s: redistribute 0.044 ntt 0.956 crt 0.003 out 0.264 carry 0.020 | ntt parts rows 0.005 cols 0.004 pack 0.002 xfer 0.645 a2a 0.812
cache_trace node 3: piece (1, 3) of 2 x 6, 78703952 + 52845459 limbs at 237240330, slots 0: A - B - | 1.442 s: redistribute 0.102 ntt 0.823 crt 0.002 out 0.495 carry 0.020 | ntt parts rows 0.005 cols 0.004 pack 0.002 xfer 0.640 a2a 0.812
cache_trace node 0: piece (0, 4) of 2 x 6, 78703953 + 52845459 limbs at 211381836, slots 0: A - B - | 1.024 s: redistribute 0.071 ntt 0.833 crt 0.002 out 0.095 carry 0.033 | ntt parts rows 0.005 cols 0.004 pack 0.002 xfer 0.645 a2a 0.816
cache_trace node 1: piece (0, 4) of 2 x 6, 78703953 + 52845459 limbs at 211381836, slots 0: A - B - | 1.024 s: redistribute 0.071 ntt 0.827 crt 0.002 out 0.098 carry 0.033 | ntt parts rows 0.005 cols 0.004 pack 0.002 xfer 0.640 a2a 0.814
cache_trace node 2: piece (0, 4) of 2 x 6, 78703953 + 52845459 limbs at 211381836, slots 0: A - B - | 1.024 s: redistribute 0.072 ntt 0.835 crt 0.003 out 0.098 carry 0.033 | ntt parts rows 0.005 cols 0.004 pack 0.002 xfer 0.648 a2a 0.816
cache_trace node 3: piece (0, 4) of 2 x 6, 78703953 + 52845459 limbs at 211381836, slots 0: A - B - | 1.024 s: redistribute 0.073 ntt 0.836 crt 0.003 out 0.097 carry 0.033 | ntt parts rows 0.005 cols 0.004 pack 0.002 xfer 0.644 a2a 0.818
cache_trace node 0: piece (1, 4) of 2 x 6, 78703952 + 52845459 limbs at 290085789, slots 0: A - B - | 1.052 s: redistribute 0.073 ntt 0.851 crt 0.001 out 0.086 carry 0.049 | ntt parts rows 0.005 cols 0.004 pack 0.002 xfer 0.666 a2a 0.838
cache_trace node 1: piece (1, 4) of 2 x 6, 78703952 + 52845459 limbs at 290085789, slots 0: A - B - | 1.052 s: redistribute 0.070 ntt 0.851 crt 0.002 out 0.086 carry 0.049 | ntt parts rows 0.005 cols 0.004 pack 0.003 xfer 0.667 a2a 0.839
cache_trace node 2: piece (1, 4) of 2 x 6, 78703952 + 52845459 limbs at 290085789, slots 0: A - B - | 1.052 s: redistribute 0.075 ntt 0.864 crt 0.001 out 0.082 carry 0.048 | ntt parts rows 0.005 cols 0.004 pack 0.002 xfer 0.677 a2a 0.841
cache_trace node 3: piece (1, 4) of 2 x 6, 78703952 + 52845459 limbs at 290085789, slots 0: A - B - | 1.052 s: redistribute 0.073 ntt 0.856 crt 0.001 out 0.080 carry 0.048 | ntt parts rows 0.005 cols 0.004 pack 0.002 xfer 0.663 a2a 0.841
cache_trace node 0: piece (0, 5) of 2 x 6, 78703953 + 52845454 limbs at 264227295, slots 0: A - B - | 1.011 s: redistribute 0.073 ntt 0.815 crt 0.002 out 0.094 carry 0.045 | ntt parts rows 0.006 cols 0.004 pack 0.002 xfer 0.631 a2a 0.793
cache_trace node 1: piece (0, 5) of 2 x 6, 78703953 + 52845454 limbs at 264227295, slots 0: A - B - | 1.011 s: redistribute 0.073 ntt 0.820 crt 0.003 out 0.093 carry 0.044 | ntt parts rows 0.005 cols 0.004 pack 0.002 xfer 0.622 a2a 0.794
cache_trace node 2: piece (0, 5) of 2 x 6, 78703953 + 52845454 limbs at 264227295, slots 0: A - B - | 1.011 s: redistribute 0.069 ntt 0.816 crt 0.003 out 0.093 carry 0.044 | ntt parts rows 0.005 cols 0.004 pack 0.003 xfer 0.627 a2a 0.798
cache_trace node 3: piece (0, 5) of 2 x 6, 78703953 + 52845454 limbs at 264227295, slots 0: A - B - | 1.011 s: redistribute 0.071 ntt 0.818 crt 0.001 out 0.089 carry 0.044 | ntt parts rows 0.005 cols 0.004 pack 0.002 xfer 0.634 a2a 0.800
cache_trace node 0: piece (1, 5) of 2 x 6, 78703952 + 52845454 limbs at 342931248, slots 0: A - B - | 1.406 s: redistribute 0.120 ntt 0.848 crt 0.001 out 0.448 carry 0.015 | ntt parts rows 0.005 cols 0.004 pack 0.002 xfer 0.653 a2a 0.829
dist_mn node 0: 157407905 x 317072749 limbs over 4 x 4 ranks (cap 2^27): 2 x 6 pieces, 12 formed, 0 skipped (cache 0 slots: 0 hits, 0 misses)
cache_trace node 1: piece (1, 5) of 2 x 6, 78703952 + 52845454 limbs at 342931248, slots 0: A - B - | 1.406 s: redistribute 0.120 ntt 0.851 crt 0.002 out 0.447 carry 0.015 | ntt parts rows 0.005 cols 0.004 pack 0.002 xfer 0.656 a2a 0.828
dist_mn node 1: 157407905 x 317072749 limbs over 4 x 4 ranks (cap 2^27): 2 x 6 pieces, 12 formed, 0 skipped (cache 0 slots: 0 hits, 0 misses)
cache_trace node 2: piece (1, 5) of 2 x 6, 78703952 + 52845454 limbs at 342931248, slots 0: A - B - | 1.406 s: redistribute 0.112 ntt 0.856 crt 0.002 out 0.445 carry 0.014 | ntt parts rows 0.005 cols 0.004 pack 0.002 xfer 0.657 a2a 0.836
dist_mn node 2: 157407905 x 317072749 limbs over 4 x 4 ranks (cap 2^27): 2 x 6 pieces, 12 formed, 0 skipped (cache 0 slots: 0 hits, 0 misses)
cache_trace node 3: piece (1, 5) of 2 x 6, 78703952 + 52845454 limbs at 342931248, slots 0: A - B - | 1.406 s: redistribute 0.056 ntt 0.977 crt 0.003 out 0.434 carry 0.014 | ntt parts rows 0.005 cols 0.004 pack 0.002 xfer 0.653 a2a 0.830
dist_mn node 3: 157407905 x 317072749 limbs over 4 x 4 ranks (cap 2^27): 2 x 6 pieces, 12 formed, 0 skipped (cache 0 slots: 0 hits, 0 misses)
cx_grid node 0: rep 0 (warm-up) shape 2x6_full (157407905 x 317072749, cut 0 / -1) slots 0: 14.932 s, cache 0 hits 0 misses, C sha256 75d48aec4fdde193 same
cx_grid node 2: rep 0 (warm-up) shape 2x6_full (157407905 x 317072749, cut 0 / -1) slots 0: 14.932 s, cache 0 hits 0 misses, C sha256 99747f2d57c5e2cf same
cx_grid node 1: rep 0 (warm-up) shape 2x6_full (157407905 x 317072749, cut 0 / -1) slots 0: 14.932 s, cache 0 hits 0 misses, C sha256 6330df3bb25f6c16 same
cx_grid node 3: rep 0 (warm-up) shape 2x6_full (157407905 x 317072749, cut 0 / -1) slots 0: 14.932 s, cache 0 hits 0 misses, C sha256 db65c4e9c17923b1 same
cache_trace node 0: piece (0, 0) of 2 x 2, 58235255 + 59310082 limbs at 0, slots 0: A - B - | 0.961 s: redistribute 0.064 ntt 0.828 crt 0.001 out 0.085 carry 0.002 | ntt parts rows 0.005 cols 0.004 pack 0.002 xfer 0.642 a2a 0.805
cache_trace node 1: piece (0, 0) of 2 x 2, 58235255 + 59310082 limbs at 0, slots 0: A - B - | 0.961 s: redistribute 0.061 ntt 0.830 crt 0.001 out 0.087 carry 0.002 | ntt parts rows 0.005 cols 0.004 pack 0.002 xfer 0.639 a2a 0.808
cache_trace node 2: piece (0, 0) of 2 x 2, 58235255 + 59310082 limbs at 0, slots 0: A - B - | 0.961 s: redistribute 0.063 ntt 0.834 crt 0.001 out 0.083 carry 0.002 | ntt parts rows 0.005 cols 0.004 pack 0.002 xfer 0.647 a2a 0.811
cache_trace node 3: piece (0, 0) of 2 x 2, 58235255 + 59310082 limbs at 0, slots 0: A - B - | 0.961 s: redistribute 0.059 ntt 0.823 crt 0.001 out 0.081 carry 0.002 | ntt parts rows 0.005 cols 0.004 pack 0.002 xfer 0.636 a2a 0.809
cache_trace node 0: piece (1, 0) of 2 x 2, 58235254 + 59310082 limbs at 58235255, slots 0: A - B - | 0.978 s: redistribute 0.063 ntt 0.842 crt 0.002 out 0.068 carry 0.007 | ntt parts rows 0.005 cols 0.004 pack 0.002 xfer 0.659 a2a 0.827
cache_trace node 1: piece (1, 0) of 2 x 2, 58235254 + 59310082 limbs at 58235255, slots 0: A - B - | 0.978 s: redistribute 0.060 ntt 0.847 crt 0.002 out 0.070 carry 0.006 | ntt parts rows 0.005 cols 0.004 pack 0.002 xfer 0.656 a2a 0.829
cache_trace node 2: piece (1, 0) of 2 x 2, 58235254 + 59310082 limbs at 58235255, slots 0: A - B - | 0.978 s: redistribute 0.062 ntt 0.844 crt 0.003 out 0.068 carry 0.007 | ntt parts rows 0.005 cols 0.004 pack 0.002 xfer 0.654 a2a 0.826
cache_trace node 3: piece (1, 0) of 2 x 2, 58235254 + 59310082 limbs at 58235255, slots 0: A - B - | 0.978 s: redistribute 0.061 ntt 0.843 crt 0.002 out 0.071 carry 0.006 | ntt parts rows 0.005 cols 0.004 pack 0.002 xfer 0.664 a2a 0.827
cache_trace node 0: piece (0, 1) of 2 x 2, 58235255 + 59310081 limbs at 59310082, slots 0: A - B - | 0.975 s: redistribute 0.062 ntt 0.842 crt 0.002 out 0.072 carry 0.007 | ntt parts rows 0.005 cols 0.004 pack 0.002 xfer 0.656 a2a 0.825
cache_trace node 1: piece (0, 1) of 2 x 2, 58235255 + 59310081 limbs at 59310082, slots 0: A - B - | 0.975 s: redistribute 0.059 ntt 0.850 crt 0.002 out 0.070 carry 0.007 | ntt parts rows 0.005 cols 0.004 pack 0.003 xfer 0.656 a2a 0.829
cache_trace node 2: piece (0, 1) of 2 x 2, 58235255 + 59310081 limbs at 59310082, slots 0: A - B - | 0.975 s: redistribute 0.070 ntt 0.841 crt 0.001 out 0.076 carry 0.007 | ntt parts rows 0.005 cols 0.004 pack 0.002 xfer 0.655 a2a 0.824
cache_trace node 3: piece (0, 1) of 2 x 2, 58235255 + 59310081 limbs at 59310082, slots 0: A - B - | 0.975 s: redistribute 0.060 ntt 0.841 crt 0.002 out 0.068 carry 0.007 | ntt parts rows 0.005 cols 0.004 pack 0.002 xfer 0.656 a2a 0.826
cache_trace node 0: piece (1, 1) of 2 x 2, 58235254 + 59310081 limbs at 117545337, slots 0: A - B - | 0.967 s: redistribute 0.068 ntt 0.839 crt 0.002 out 0.072 carry 0.005 | ntt parts rows 0.005 cols 0.004 pack 0.002 xfer 0.641 a2a 0.817
dist_mn node 0: 116470509 x 118620163 limbs over 4 x 4 ranks (cap 2^27): 2 x 2 pieces, 4 formed, 0 skipped (cache 0 slots: 0 hits, 0 misses)
cache_trace node 1: piece (1, 1) of 2 x 2, 58235254 + 59310081 limbs at 117545337, slots 0: A - B - | 0.967 s: redistribute 0.061 ntt 0.837 crt 0.002 out 0.071 carry 0.005 | ntt parts rows 0.005 cols 0.004 pack 0.002 xfer 0.648 a2a 0.823
dist_mn node 1: 116470509 x 118620163 limbs over 4 x 4 ranks (cap 2^27): 2 x 2 pieces, 4 formed, 0 skipped (cache 0 slots: 0 hits, 0 misses)
cache_trace node 2: piece (1, 1) of 2 x 2, 58235254 + 59310081 limbs at 117545337, slots 0: A - B - | 0.967 s: redistribute 0.059 ntt 0.836 crt 0.001 out 0.078 carry 0.005 | ntt parts rows 0.005 cols 0.004 pack 0.002 xfer 0.657 a2a 0.823
dist_mn node 2: 116470509 x 118620163 limbs over 4 x 4 ranks (cap 2^27): 2 x 2 pieces, 4 formed, 0 skipped (cache 0 slots: 0 hits, 0 misses)
cache_trace node 3: piece (1, 1) of 2 x 2, 58235254 + 59310081 limbs at 117545337, slots 0: A - B - | 0.967 s: redistribute 0.064 ntt 0.834 crt 0.002 out 0.071 carry 0.005 | ntt parts rows 0.005 cols 0.004 pack 0.002 xfer 0.647 a2a 0.817
dist_mn node 3: 116470509 x 118620163 limbs over 4 x 4 ranks (cap 2^27): 2 x 2 pieces, 4 formed, 0 skipped (cache 0 slots: 0 hits, 0 misses)
cx_grid node 0: rep 0 (warm-up) shape 2x2_full (116470509 x 118620163, cut 0 / -1) slots 0: 3.885 s, cache 0 hits 0 misses, C sha256 93cc444c3a95e21f same
cx_grid node 1: rep 0 (warm-up) shape 2x2_full (116470509 x 118620163, cut 0 / -1) slots 0: 3.885 s, cache 0 hits 0 misses, C sha256 1bfb80fc63c65489 same
cx_grid node 3: rep 0 (warm-up) shape 2x2_full (116470509 x 118620163, cut 0 / -1) slots 0: 3.885 s, cache 0 hits 0 misses, C sha256 655f472ae0083311 same
cx_grid node 2: rep 0 (warm-up) shape 2x2_full (116470509 x 118620163, cut 0 / -1) slots 0: 3.885 s, cache 0 hits 0 misses, C sha256 8c755de6553d0344 same
cache_trace node 0: piece (0, 0) of 2 x 2, 86466471 + 43233236 limbs at 0, slots 0: A - B - | 0.954 s: redistribute 0.064 ntt 0.830 crt 0.002 out 0.069 carry 0.002 | ntt parts rows 0.005 cols 0.004 pack 0.003 xfer 0.644 a2a 0.810
cache_trace node 1: piece (0, 0) of 2 x 2, 86466471 + 43233236 limbs at 0, slots 0: A - B - | 0.954 s: redistribute 0.070 ntt 0.829 crt 0.001 out 0.072 carry 0.002 | ntt parts rows 0.005 cols 0.005 pack 0.003 xfer 0.642 a2a 0.809
cache_trace node 2: piece (0, 0) of 2 x 2, 86466471 + 43233236 limbs at 0, slots 0: A - B - | 0.954 s: redistribute 0.070 ntt 0.832 crt 0.001 out 0.071 carry 0.002 | ntt parts rows 0.005 cols 0.004 pack 0.003 xfer 0.648 a2a 0.811
cache_trace node 3: piece (0, 0) of 2 x 2, 86466471 + 43233236 limbs at 0, slots 0: A - B - | 0.954 s: redistribute 0.064 ntt 0.831 crt 0.002 out 0.066 carry 0.002 | ntt parts rows 0.005 cols 0.004 pack 0.002 xfer 0.634 a2a 0.814
cache_trace node 0: piece (1, 0) of 2 x 2, 86466471 + 43233236 limbs at 86466471, slots 0: A - B - | 0.950 s: redistribute 0.061 ntt 0.835 crt 0.001 out 0.054 carry 0.005 | ntt parts rows 0.005 cols 0.004 pack 0.002 xfer 0.648 a2a 0.821
cache_trace node 1: piece (1, 0) of 2 x 2, 86466471 + 43233236 limbs at 86466471, slots 0: A - B - | 0.950 s: redistribute 0.062 ntt 0.831 crt 0.002 out 0.059 carry 0.005 | ntt parts rows 0.005 cols 0.004 pack 0.002 xfer 0.653 a2a 0.818
cache_trace node 2: piece (1, 0) of 2 x 2, 86466471 + 43233236 limbs at 86466471, slots 0: A - B - | 0.950 s: redistribute 0.058 ntt 0.832 crt 0.002 out 0.061 carry 0.004 | ntt parts rows 0.005 cols 0.004 pack 0.002 xfer 0.640 a2a 0.818
cache_trace node 3: piece (1, 0) of 2 x 2, 86466471 + 43233236 limbs at 86466471, slots 0: A - B - | 0.950 s: redistribute 0.071 ntt 0.836 crt 0.001 out 0.058 carry 0.004 | ntt parts rows 0.005 cols 0.004 pack 0.002 xfer 0.645 a2a 0.815
cache_trace node 0: piece (0, 1) of 2 x 2, 86466471 + 43233235 limbs at 43233236, slots 0: A - B - | 0.943 s: redistribute 0.063 ntt 0.824 crt 0.002 out 0.057 carry 0.006 | ntt parts rows 0.005 cols 0.004 pack 0.002 xfer 0.642 a2a 0.808
cache_trace node 1: piece (0, 1) of 2 x 2, 86466471 + 43233235 limbs at 43233236, slots 0: A - B - | 0.943 s: redistribute 0.073 ntt 0.818 crt 0.003 out 0.055 carry 0.006 | ntt parts rows 0.005 cols 0.004 pack 0.003 xfer 0.632 a2a 0.801
cache_trace node 2: piece (0, 1) of 2 x 2, 86466471 + 43233235 limbs at 43233236, slots 0: A - B - | 0.943 s: redistribute 0.065 ntt 0.819 crt 0.002 out 0.054 carry 0.006 | ntt parts rows 0.005 cols 0.004 pack 0.003 xfer 0.648 a2a 0.806
cache_trace node 3: piece (0, 1) of 2 x 2, 86466471 + 43233235 limbs at 43233236, slots 0: A - B - | 0.943 s: redistribute 0.068 ntt 0.819 crt 0.003 out 0.059 carry 0.006 | ntt parts rows 0.005 cols 0.004 pack 0.003 xfer 0.645 a2a 0.805
cache_trace node 0: piece (1, 1) of 2 x 2, 86466471 + 43233235 limbs at 129699707, slots 0: A - B - | 0.945 s: redistribute 0.067 ntt 0.836 crt 0.001 out 0.048 carry 0.003 | ntt parts rows 0.005 cols 0.004 pack 0.002 xfer 0.653 a2a 0.821
dist_mn node 0: 172932942 x 86466471 limbs over 4 x 4 ranks (cap 2^27): 2 x 2 pieces, 4 formed, 0 skipped (low product) (low cut) (cache 0 slots: 0 hits, 0 misses)
cache_trace node 1: piece (1, 1) of 2 x 2, 86466471 + 43233235 limbs at 129699707, slots 0: A - B - | 0.945 s: redistribute 0.067 ntt 0.834 crt 0.001 out 0.049 carry 0.003 | ntt parts rows 0.005 cols 0.004 pack 0.002 xfer 0.655 a2a 0.819
dist_mn node 1: 172932942 x 86466471 limbs over 4 x 4 ranks (cap 2^27): 2 x 2 pieces, 4 formed, 0 skipped (low product) (low cut) (cache 0 slots: 0 hits, 0 misses)
cache_trace node 2: piece (1, 1) of 2 x 2, 86466471 + 43233235 limbs at 129699707, slots 0: A - B - | 0.945 s: redistribute 0.067 ntt 0.841 crt 0.002 out 0.049 carry 0.003 | ntt parts rows 0.005 cols 0.004 pack 0.002 xfer 0.648 a2a 0.824
dist_mn node 2: 172932942 x 86466471 limbs over 4 x 4 ranks (cap 2^27): 2 x 2 pieces, 4 formed, 0 skipped (low product) (low cut) (cache 0 slots: 0 hits, 0 misses)
cache_trace node 3: piece (1, 1) of 2 x 2, 86466471 + 43233235 limbs at 129699707, slots 0: A - B - | 0.945 s: redistribute 0.069 ntt 0.835 crt 0.002 out 0.047 carry 0.002 | ntt parts rows 0.005 cols 0.004 pack 0.002 xfer 0.645 a2a 0.820
dist_mn node 3: 172932942 x 86466471 limbs over 4 x 4 ranks (cap 2^27): 2 x 2 pieces, 4 formed, 0 skipped (low product) (low cut) (cache 0 slots: 0 hits, 0 misses)
cx_grid node 0: rep 0 (warm-up) shape 2x2_lowhighcut (172932942 x 86466471, cut 86466471 / 172932942) slots 0: 3.796 s, cache 0 hits 0 misses, C sha256 8a28b3f4d5f86f3b same
cx_grid node 1: rep 0 (warm-up) shape 2x2_lowhighcut (172932942 x 86466471, cut 86466471 / 172932942) slots 0: 3.796 s, cache 0 hits 0 misses, C sha256 41bd1fca6700c695 same
cx_grid node 2: rep 0 (warm-up) shape 2x2_lowhighcut (172932942 x 86466471, cut 86466471 / 172932942) slots 0: 3.796 s, cache 0 hits 0 misses, C sha256 c825094e6130837b same
cx_grid node 3: rep 0 (warm-up) shape 2x2_lowhighcut (172932942 x 86466471, cut 86466471 / 172932942) slots 0: 3.796 s, cache 0 hits 0 misses, C sha256 cd4b256599962621 same
cache_trace node 0: piece (0, 0) of 1 x 2, 86466471 + 43233236 limbs at 0, slots 0: A - B - | 0.967 s: redistribute 0.058 ntt 0.859 crt 0.001 out 0.060 carry 0.002 | ntt parts rows 0.005 cols 0.004 pack 0.002 xfer 0.678 a2a 0.841
cache_trace node 1: piece (0, 0) of 1 x 2, 86466471 + 43233236 limbs at 0, slots 0: A - B - | 0.967 s: redistribute 0.058 ntt 0.864 crt 0.002 out 0.059 carry 0.002 | ntt parts rows 0.005 cols 0.004 pack 0.002 xfer 0.674 a2a 0.845
cache_trace node 2: piece (0, 0) of 1 x 2, 86466471 + 43233236 limbs at 0, slots 0: A - B - | 0.967 s: redistribute 0.068 ntt 0.855 crt 0.002 out 0.057 carry 0.002 | ntt parts rows 0.005 cols 0.004 pack 0.002 xfer 0.666 a2a 0.840
cache_trace node 3: piece (0, 0) of 1 x 2, 86466471 + 43233236 limbs at 0, slots 0: A - B - | 0.967 s: redistribute 0.058 ntt 0.865 crt 0.001 out 0.062 carry 0.002 | ntt parts rows 0.005 cols 0.004 pack 0.002 xfer 0.670 a2a 0.848
cache_trace node 0: piece (0, 1) of 1 x 2, 86466471 + 43233235 limbs at 43233236, slots 0: A - B - | 0.954 s: redistribute 0.052 ntt 0.848 crt 0.002 out 0.059 carry 0.007 | ntt parts rows 0.005 cols 0.004 pack 0.002 xfer 0.652 a2a 0.831
dist_mn node 0: 86466471 x 86466471 limbs over 4 x 4 ranks (cap 2^27): 1 x 2 pieces, 2 formed, 0 skipped (low cut) (cache 0 slots: 0 hits, 0 misses)
cache_trace node 1: piece (0, 1) of 1 x 2, 86466471 + 43233235 limbs at 43233236, slots 0: A - B - | 0.954 s: redistribute 0.056 ntt 0.845 crt 0.002 out 0.057 carry 0.006 | ntt parts rows 0.005 cols 0.004 pack 0.002 xfer 0.660 a2a 0.826
dist_mn node 1: 86466471 x 86466471 limbs over 4 x 4 ranks (cap 2^27): 1 x 2 pieces, 2 formed, 0 skipped (low cut) (cache 0 slots: 0 hits, 0 misses)
cache_trace node 2: piece (0, 1) of 1 x 2, 86466471 + 43233235 limbs at 43233236, slots 0: A - B - | 0.954 s: redistribute 0.056 ntt 0.845 crt 0.002 out 0.062 carry 0.006 | ntt parts rows 0.005 cols 0.004 pack 0.002 xfer 0.653 a2a 0.826
dist_mn node 2: 86466471 x 86466471 limbs over 4 x 4 ranks (cap 2^27): 1 x 2 pieces, 2 formed, 0 skipped (low cut) (cache 0 slots: 0 hits, 0 misses)
cache_trace node 3: piece (0, 1) of 1 x 2, 86466471 + 43233235 limbs at 43233236, slots 0: A - B - | 0.954 s: redistribute 0.055 ntt 0.843 crt 0.002 out 0.060 carry 0.006 | ntt parts rows 0.005 cols 0.004 pack 0.002 xfer 0.670 a2a 0.824
dist_mn node 3: 86466471 x 86466471 limbs over 4 x 4 ranks (cap 2^27): 1 x 2 pieces, 2 formed, 0 skipped (low cut) (cache 0 slots: 0 hits, 0 misses)
cx_grid node 0: rep 0 (warm-up) shape 1x2_lowcut (86466471 x 86466471, cut 86466471 / -1) slots 0: 1.924 s, cache 0 hits 0 misses, C sha256 b2a61508af8f8a82 same
cx_grid node 2: rep 0 (warm-up) shape 1x2_lowcut (86466471 x 86466471, cut 86466471 / -1) slots 0: 1.924 s, cache 0 hits 0 misses, C sha256 a2f6fb2d207e917c same
cx_grid node 1: rep 0 (warm-up) shape 1x2_lowcut (86466471 x 86466471, cut 86466471 / -1) slots 0: 1.923 s, cache 0 hits 0 misses, C sha256 c6d7d1000c8e5d25 same
cx_grid node 3: rep 0 (warm-up) shape 1x2_lowcut (86466471 x 86466471, cut 86466471 / -1) slots 0: 1.924 s, cache 0 hits 0 misses, C sha256 d0fb91f49c5076a0 same
cache_trace node 0: piece (1, 0) of 5 x 3, 69173177 + 57644314 limbs at 69173177, slots 0: A - B - | 0.992 s: redistribute 0.071 ntt 0.820 crt 0.002 out 0.093 carry 0.022 | ntt parts rows 0.005 cols 0.004 pack 0.002 xfer 0.635 a2a 0.805
cache_trace node 1: piece (1, 0) of 5 x 3, 69173177 + 57644314 limbs at 69173177, slots 0: A - B - | 0.992 s: redistribute 0.066 ntt 0.826 crt 0.002 out 0.094 carry 0.022 | ntt parts rows 0.005 cols 0.004 pack 0.002 xfer 0.639 a2a 0.810
cache_trace node 2: piece (1, 0) of 5 x 3, 69173177 + 57644314 limbs at 69173177, slots 0: A - B - | 0.992 s: redistribute 0.064 ntt 0.827 crt 0.002 out 0.096 carry 0.022 | ntt parts rows 0.005 cols 0.004 pack 0.002 xfer 0.631 a2a 0.810
cache_trace node 3: piece (1, 0) of 5 x 3, 69173177 + 57644314 limbs at 69173177, slots 0: A - B - | 0.992 s: redistribute 0.066 ntt 0.829 crt 0.002 out 0.088 carry 0.022 | ntt parts rows 0.005 cols 0.004 pack 0.002 xfer 0.633 a2a 0.812
cache_trace node 0: piece (2, 0) of 5 x 3, 69173177 + 57644314 limbs at 138346354, slots 0: A - B - | 0.981 s: redistribute 0.072 ntt 0.809 crt 0.002 out 0.083 carry 0.024 | ntt parts rows 0.005 cols 0.004 pack 0.002 xfer 0.626 a2a 0.798
cache_trace node 1: piece (2, 0) of 5 x 3, 69173177 + 57644314 limbs at 138346354, slots 0: A - B - | 0.981 s: redistribute 0.067 ntt 0.813 crt 0.001 out 0.081 carry 0.024 | ntt parts rows 0.005 cols 0.004 pack 0.002 xfer 0.632 a2a 0.799
cache_trace node 2: piece (2, 0) of 5 x 3, 69173177 + 57644314 limbs at 138346354, slots 0: A - B - | 0.981 s: redistribute 0.065 ntt 0.822 crt 0.001 out 0.088 carry 0.024 | ntt parts rows 0.005 cols 0.004 pack 0.002 xfer 0.642 a2a 0.801
cache_trace node 3: piece (2, 0) of 5 x 3, 69173177 + 57644314 limbs at 138346354, slots 0: A - B - | 0.981 s: redistribute 0.070 ntt 0.813 crt 0.002 out 0.083 carry 0.024 | ntt parts rows 0.005 cols 0.004 pack 0.002 xfer 0.617 a2a 0.797
cache_trace node 0: piece (3, 0) of 5 x 3, 69173177 + 57644314 limbs at 207519531, slots 0: A - B - | 0.995 s: redistribute 0.070 ntt 0.822 crt 0.001 out 0.090 carry 0.030 | ntt parts rows 0.005 cols 0.004 pack 0.002 xfer 0.635 a2a 0.801
cache_trace node 1: piece (3, 0) of 5 x 3, 69173177 + 57644314 limbs at 207519531, slots 0: A - B - | 0.995 s: redistribute 0.065 ntt 0.820 crt 0.002 out 0.087 carry 0.030 | ntt parts rows 0.005 cols 0.004 pack 0.002 xfer 0.639 a2a 0.805
cache_trace node 2: piece (3, 0) of 5 x 3, 69173177 + 57644314 limbs at 207519531, slots 0: A - B - | 0.995 s: redistribute 0.065 ntt 0.816 crt 0.002 out 0.084 carry 0.030 | ntt parts rows 0.005 cols 0.004 pack 0.002 xfer 0.635 a2a 0.802
cache_trace node 3: piece (3, 0) of 5 x 3, 69173177 + 57644314 limbs at 207519531, slots 0: A - B - | 0.995 s: redistribute 0.065 ntt 0.817 crt 0.002 out 0.089 carry 0.030 | ntt parts rows 0.005 cols 0.004 pack 0.002 xfer 0.637 a2a 0.803
cache_trace node 0: piece (4, 0) of 5 x 3, 69173177 + 57644314 limbs at 276692708, slots 0: A - B - | 0.990 s: redistribute 0.073 ntt 0.834 crt 0.002 out 0.071 carry 0.028 | ntt parts rows 0.005 cols 0.004 pack 0.002 xfer 0.645 a2a 0.817
cache_trace node 1: piece (4, 0) of 5 x 3, 69173177 + 57644314 limbs at 276692708, slots 0: A - B - | 0.990 s: redistribute 0.071 ntt 0.837 crt 0.002 out 0.066 carry 0.028 | ntt parts rows 0.005 cols 0.004 pack 0.002 xfer 0.652 a2a 0.818
cache_trace node 2: piece (4, 0) of 5 x 3, 69173177 + 57644314 limbs at 276692708, slots 0: A - B - | 0.990 s: redistribute 0.067 ntt 0.844 crt 0.002 out 0.073 carry 0.028 | ntt parts rows 0.005 cols 0.004 pack 0.003 xfer 0.654 a2a 0.819
cache_trace node 3: piece (4, 0) of 5 x 3, 69173177 + 57644314 limbs at 276692708, slots 0: A - B - | 0.990 s: redistribute 0.070 ntt 0.830 crt 0.002 out 0.069 carry 0.027 | ntt parts rows 0.005 cols 0.004 pack 0.002 xfer 0.626 a2a 0.816
cache_trace node 0: piece (0, 1) of 5 x 3, 69173177 + 57644314 limbs at 57644314, slots 0: A - B - | 1.019 s: redistribute 0.073 ntt 0.844 crt 0.002 out 0.087 carry 0.028 | ntt parts rows 0.005 cols 0.004 pack 0.002 xfer 0.653 a2a 0.829
cache_trace node 1: piece (0, 1) of 5 x 3, 69173177 + 57644314 limbs at 57644314, slots 0: A - B - | 1.019 s: redistribute 0.074 ntt 0.840 crt 0.003 out 0.086 carry 0.027 | ntt parts rows 0.005 cols 0.004 pack 0.003 xfer 0.651 a2a 0.825
cache_trace node 2: piece (0, 1) of 5 x 3, 69173177 + 57644314 limbs at 57644314, slots 0: A - B - | 1.019 s: redistribute 0.070 ntt 0.847 crt 0.003 out 0.090 carry 0.028 | ntt parts rows 0.005 cols 0.004 pack 0.002 xfer 0.657 a2a 0.827
cache_trace node 3: piece (0, 1) of 5 x 3, 69173177 + 57644314 limbs at 57644314, slots 0: A - B - | 1.019 s: redistribute 0.072 ntt 0.839 crt 0.003 out 0.087 carry 0.028 | ntt parts rows 0.005 cols 0.004 pack 0.002 xfer 0.658 a2a 0.826
cache_trace node 0: piece (1, 1) of 5 x 3, 69173177 + 57644314 limbs at 126817491, slots 0: A - B - | 1.001 s: redistribute 0.063 ntt 0.835 crt 0.004 out 0.083 carry 0.029 | ntt parts rows 0.005 cols 0.004 pack 0.002 xfer 0.657 a2a 0.818
cache_trace node 1: piece (1, 1) of 5 x 3, 69173177 + 57644314 limbs at 126817491, slots 0: A - B - | 1.001 s: redistribute 0.070 ntt 0.830 crt 0.002 out 0.082 carry 0.029 | ntt parts rows 0.006 cols 0.004 pack 0.003 xfer 0.654 a2a 0.814
cache_trace node 2: piece (1, 1) of 5 x 3, 69173177 + 57644314 limbs at 126817491, slots 0: A - B - | 1.001 s: redistribute 0.074 ntt 0.830 crt 0.004 out 0.084 carry 0.029 | ntt parts rows 0.005 cols 0.004 pack 0.002 xfer 0.649 a2a 0.814
cache_trace node 3: piece (1, 1) of 5 x 3, 69173177 + 57644314 limbs at 126817491, slots 0: A - B - | 1.001 s: redistribute 0.068 ntt 0.828 crt 0.003 out 0.084 carry 0.029 | ntt parts rows 0.005 cols 0.004 pack 0.002 xfer 0.642 a2a 0.814
cache_trace node 0: piece (2, 1) of 5 x 3, 69173177 + 57644314 limbs at 195990668, slots 0: A - B - | 1.014 s: redistribute 0.064 ntt 0.853 crt 0.001 out 0.075 carry 0.036 | ntt parts rows 0.005 cols 0.004 pack 0.002 xfer 0.667 a2a 0.835
cache_trace node 1: piece (2, 1) of 5 x 3, 69173177 + 57644314 limbs at 195990668, slots 0: A - B - | 1.014 s: redistribute 0.063 ntt 0.851 crt 0.002 out 0.075 carry 0.036 | ntt parts rows 0.005 cols 0.004 pack 0.002 xfer 0.668 a2a 0.835
cache_trace node 2: piece (2, 1) of 5 x 3, 69173177 + 57644314 limbs at 195990668, slots 0: A - B - | 1.014 s: redistribute 0.061 ntt 0.846 crt 0.002 out 0.074 carry 0.035 | ntt parts rows 0.005 cols 0.004 pack 0.002 xfer 0.666 a2a 0.833
cache_trace node 3: piece (2, 1) of 5 x 3, 69173177 + 57644314 limbs at 195990668, slots 0: A - B - | 1.014 s: redistribute 0.057 ntt 0.852 crt 0.002 out 0.077 carry 0.035 | ntt parts rows 0.005 cols 0.004 pack 0.002 xfer 0.663 a2a 0.834
cache_trace node 0: piece (3, 1) of 5 x 3, 69173177 + 57644314 limbs at 265163845, slots 0: A - B - | 0.980 s: redistribute 0.065 ntt 0.834 crt 0.001 out 0.076 carry 0.012 | ntt parts rows 0.005 cols 0.004 pack 0.003 xfer 0.648 a2a 0.818
cache_trace node 1: piece (3, 1) of 5 x 3, 69173177 + 57644314 limbs at 265163845, slots 0: A - B - | 0.980 s: redistribute 0.063 ntt 0.835 crt 0.002 out 0.079 carry 0.012 | ntt parts rows 0.005 cols 0.004 pack 0.002 xfer 0.651 a2a 0.821
cache_trace node 2: piece (3, 1) of 5 x 3, 69173177 + 57644314 limbs at 265163845, slots 0: A - B - | 0.980 s: redistribute 0.065 ntt 0.831 crt 0.002 out 0.080 carry 0.012 | ntt parts rows 0.005 cols 0.004 pack 0.002 xfer 0.647 a2a 0.818
cache_trace node 3: piece (3, 1) of 5 x 3, 69173177 + 57644314 limbs at 265163845, slots 0: A - B - | 0.980 s: redistribute 0.070 ntt 0.838 crt 0.001 out 0.082 carry 0.012 | ntt parts rows 0.005 cols 0.004 pack 0.002 xfer 0.651 a2a 0.818
cache_trace node 0: piece (4, 1) of 5 x 3, 69173177 + 57644314 limbs at 334337022, slots 0: A - B - | 0.955 s: redistribute 0.069 ntt 0.865 crt 0.002 out 0.022 carry 0.011 | ntt parts rows 0.005 cols 0.004 pack 0.002 xfer 0.677 a2a 0.846
cache_trace node 1: piece (4, 1) of 5 x 3, 69173177 + 57644314 limbs at 334337022, slots 0: A - B - | 0.955 s: redistribute 0.064 ntt 0.869 crt 0.002 out 0.022 carry 0.011 | ntt parts rows 0.005 cols 0.004 pack 0.002 xfer 0.673 a2a 0.852
cache_trace node 2: piece (4, 1) of 5 x 3, 69173177 + 57644314 limbs at 334337022, slots 0: A - B - | 0.955 s: redistribute 0.069 ntt 0.874 crt 0.001 out 0.021 carry 0.011 | ntt parts rows 0.005 cols 0.004 pack 0.002 xfer 0.678 a2a 0.849
cache_trace node 3: piece (4, 1) of 5 x 3, 69173177 + 57644314 limbs at 334337022, slots 0: A - B - | 0.955 s: redistribute 0.074 ntt 0.864 crt 0.001 out 0.023 carry 0.010 | ntt parts rows 0.005 cols 0.004 pack 0.002 xfer 0.665 a2a 0.846
cache_trace node 0: piece (0, 2) of 5 x 3, 69173177 + 57644314 limbs at 115288628, slots 0: A - B - | 1.021 s: redistribute 0.064 ntt 0.855 crt 0.001 out 0.079 carry 0.034 | ntt parts rows 0.005 cols 0.004 pack 0.002 xfer 0.673 a2a 0.837
cache_trace node 1: piece (0, 2) of 5 x 3, 69173177 + 57644314 limbs at 115288628, slots 0: A - B - | 1.021 s: redistribute 0.067 ntt 0.848 crt 0.001 out 0.082 carry 0.033 | ntt parts rows 0.005 cols 0.004 pack 0.002 xfer 0.666 a2a 0.834
cache_trace node 2: piece (0, 2) of 5 x 3, 69173177 + 57644314 limbs at 115288628, slots 0: A - B - | 1.021 s: redistribute 0.064 ntt 0.855 crt 0.002 out 0.076 carry 0.034 | ntt parts rows 0.005 cols 0.004 pack 0.002 xfer 0.661 a2a 0.836
cache_trace node 3: piece (0, 2) of 5 x 3, 69173177 + 57644314 limbs at 115288628, slots 0: A - B - | 1.021 s: redistribute 0.070 ntt 0.854 crt 0.001 out 0.080 carry 0.034 | ntt parts rows 0.005 cols 0.004 pack 0.002 xfer 0.647 a2a 0.835
cache_trace node 0: piece (1, 2) of 5 x 3, 69173177 + 57644314 limbs at 184461805, slots 0: A - B - | 0.997 s: redistribute 0.062 ntt 0.823 crt 0.001 out 0.082 carry 0.038 | ntt parts rows 0.006 cols 0.004 pack 0.003 xfer 0.640 a2a 0.807
cache_trace node 1: piece (1, 2) of 5 x 3, 69173177 + 57644314 limbs at 184461805, slots 0: A - B - | 0.997 s: redistribute 0.068 ntt 0.814 crt 0.003 out 0.080 carry 0.038 | ntt parts rows 0.005 cols 0.004 pack 0.003 xfer 0.642 a2a 0.802
cache_trace node 2: piece (1, 2) of 5 x 3, 69173177 + 57644314 limbs at 184461805, slots 0: A - B - | 0.997 s: redistribute 0.065 ntt 0.826 crt 0.003 out 0.081 carry 0.037 | ntt parts rows 0.005 cols 0.004 pack 0.002 xfer 0.634 a2a 0.805
cache_trace node 3: piece (1, 2) of 5 x 3, 69173177 + 57644314 limbs at 184461805, slots 0: A - B - | 0.997 s: redistribute 0.068 ntt 0.814 crt 0.003 out 0.081 carry 0.038 | ntt parts rows 0.005 cols 0.004 pack 0.002 xfer 0.634 a2a 0.801
cache_trace node 0: piece (2, 2) of 5 x 3, 69173177 + 57644314 limbs at 253634982, slots 0: A - B - | 0.971 s: redistribute 0.059 ntt 0.825 crt 0.001 out 0.086 carry 0.009 | ntt parts rows 0.005 cols 0.004 pack 0.002 xfer 0.648 a2a 0.812
cache_trace node 1: piece (2, 2) of 5 x 3, 69173177 + 57644314 limbs at 253634982, slots 0: A - B - | 0.971 s: redistribute 0.057 ntt 0.831 crt 0.002 out 0.083 carry 0.009 | ntt parts rows 0.005 cols 0.004 pack 0.002 xfer 0.640 a2a 0.813
cache_trace node 2: piece (2, 2) of 5 x 3, 69173177 + 57644314 limbs at 253634982, slots 0: A - B - | 0.971 s: redistribute 0.067 ntt 0.827 crt 0.002 out 0.083 carry 0.009 | ntt parts rows 0.005 cols 0.004 pack 0.002 xfer 0.642 a2a 0.812
cache_trace node 3: piece (2, 2) of 5 x 3, 69173177 + 57644314 limbs at 253634982, slots 0: A - B - | 0.971 s: redistribute 0.063 ntt 0.819 crt 0.001 out 0.088 carry 0.009 | ntt parts rows 0.005 cols 0.004 pack 0.002 xfer 0.632 a2a 0.804
cache_trace node 0: piece (3, 2) of 5 x 3, 69173177 + 57644314 limbs at 322808159, slots 0: A - B - | 0.970 s: redistribute 0.068 ntt 0.863 crt 0.001 out 0.031 carry 0.020 | ntt parts rows 0.005 cols 0.004 pack 0.002 xfer 0.663 a2a 0.837
dist_mn node 0: 345865885 x 172932942 limbs over 4 x 4 ranks (cap 2^27): 5 x 3 pieces, 13 formed, 2 skipped (low product) (low cut) (cache 0 slots: 0 hits, 0 misses)
cache_trace node 1: piece (3, 2) of 5 x 3, 69173177 + 57644314 limbs at 322808159, slots 0: A - B - | 0.970 s: redistribute 0.068 ntt 0.865 crt 0.001 out 0.029 carry 0.020 | ntt parts rows 0.005 cols 0.004 pack 0.002 xfer 0.674 a2a 0.841
dist_mn node 1: 345865885 x 172932942 limbs over 4 x 4 ranks (cap 2^27): 5 x 3 pieces, 13 formed, 2 skipped (low product) (low cut) (cache 0 slots: 0 hits, 0 misses)
cache_trace node 2: piece (3, 2) of 5 x 3, 69173177 + 57644314 limbs at 322808159, slots 0: A - B - | 0.970 s: redistribute 0.069 ntt 0.855 crt 0.001 out 0.034 carry 0.019 | ntt parts rows 0.005 cols 0.004 pack 0.002 xfer 0.656 a2a 0.834
dist_mn node 2: 345865885 x 172932942 limbs over 4 x 4 ranks (cap 2^27): 5 x 3 pieces, 13 formed, 2 skipped (low product) (low cut) (cache 0 slots: 0 hits, 0 misses)
cache_trace node 3: piece (3, 2) of 5 x 3, 69173177 + 57644314 limbs at 322808159, slots 0: A - B - | 0.970 s: redistribute 0.070 ntt 0.859 crt 0.001 out 0.028 carry 0.019 | ntt parts rows 0.005 cols 0.004 pack 0.002 xfer 0.655 a2a 0.839
dist_mn node 3: 345865885 x 172932942 limbs over 4 x 4 ranks (cap 2^27): 5 x 3 pieces, 13 formed, 2 skipped (low product) (low cut) (cache 0 slots: 0 hits, 0 misses)
cx_grid node 0: rep 0 (warm-up) shape 5x3_lowhighcut (345865885 x 172932942, cut 172932942 / 345865885) slots 0: 12.896 s, cache 0 hits 0 misses, C sha256 34c357c17ea66a20 same
cx_grid node 2: rep 0 (warm-up) shape 5x3_lowhighcut (345865885 x 172932942, cut 172932942 / 345865885) slots 0: 12.896 s, cache 0 hits 0 misses, C sha256 6fb7dad7ad29af4b same
cx_grid node 3: rep 0 (warm-up) shape 5x3_lowhighcut (345865885 x 172932942, cut 172932942 / 345865885) slots 0: 12.896 s, cache 0 hits 0 misses, C sha256 016ae7d5637243e5 same
cx_grid node 1: rep 0 (warm-up) shape 5x3_lowhighcut (345865885 x 172932942, cut 172932942 / 345865885) slots 0: 12.896 s, cache 0 hits 0 misses, C sha256 d34ab76033dc041f same
cache_trace node 0: piece (1, 0) of 2 x 4, 86466471 + 43233236 limbs at 86466471, slots 0: A - B - | 1.062 s: redistribute 0.072 ntt 0.886 crt 0.001 out 0.090 carry 0.028 | ntt parts rows 0.005 cols 0.004 pack 0.002 xfer 0.681 a2a 0.864
cache_trace node 1: piece (1, 0) of 2 x 4, 86466471 + 43233236 limbs at 86466471, slots 0: A - B - | 1.062 s: redistribute 0.073 ntt 0.884 crt 0.001 out 0.093 carry 0.027 | ntt parts rows 0.005 cols 0.004 pack 0.002 xfer 0.682 a2a 0.864
cache_trace node 2: piece (1, 0) of 2 x 4, 86466471 + 43233236 limbs at 86466471, slots 0: A - B - | 1.062 s: redistribute 0.069 ntt 0.888 crt 0.001 out 0.089 carry 0.028 | ntt parts rows 0.005 cols 0.004 pack 0.002 xfer 0.693 a2a 0.870
cache_trace node 3: piece (1, 0) of 2 x 4, 86466471 + 43233236 limbs at 86466471, slots 0: A - B - | 1.062 s: redistribute 0.071 ntt 0.876 crt 0.001 out 0.091 carry 0.028 | ntt parts rows 0.005 cols 0.004 pack 0.002 xfer 0.680 a2a 0.861
cache_trace node 0: piece (0, 1) of 2 x 4, 86466471 + 43233236 limbs at 43233236, slots 0: A - B - | 1.020 s: redistribute 0.066 ntt 0.836 crt 0.002 out 0.089 carry 0.031 | ntt parts rows 0.005 cols 0.004 pack 0.002 xfer 0.651 a2a 0.819
cache_trace node 1: piece (0, 1) of 2 x 4, 86466471 + 43233236 limbs at 43233236, slots 0: A - B - | 1.020 s: redistribute 0.066 ntt 0.839 crt 0.002 out 0.087 carry 0.031 | ntt parts rows 0.005 cols 0.004 pack 0.002 xfer 0.652 a2a 0.821
cache_trace node 2: piece (0, 1) of 2 x 4, 86466471 + 43233236 limbs at 43233236, slots 0: A - B - | 1.020 s: redistribute 0.066 ntt 0.834 crt 0.002 out 0.093 carry 0.031 | ntt parts rows 0.005 cols 0.004 pack 0.002 xfer 0.653 a2a 0.819
cache_trace node 3: piece (0, 1) of 2 x 4, 86466471 + 43233236 limbs at 43233236, slots 0: A - B - | 1.020 s: redistribute 0.065 ntt 0.837 crt 0.002 out 0.090 carry 0.031 | ntt parts rows 0.005 cols 0.004 pack 0.002 xfer 0.643 a2a 0.820
cache_trace node 0: piece (1, 1) of 2 x 4, 86466471 + 43233236 limbs at 129699707, slots 0: A - B - | 1.043 s: redistribute 0.069 ntt 0.846 crt 0.001 out 0.104 carry 0.029 | ntt parts rows 0.005 cols 0.004 pack 0.002 xfer 0.665 a2a 0.833
cache_trace node 1: piece (1, 1) of 2 x 4, 86466471 + 43233236 limbs at 129699707, slots 0: A - B - | 1.043 s: redistribute 0.068 ntt 0.844 crt 0.001 out 0.107 carry 0.029 | ntt parts rows 0.005 cols 0.004 pack 0.002 xfer 0.658 a2a 0.832
cache_trace node 2: piece (1, 1) of 2 x 4, 86466471 + 43233236 limbs at 129699707, slots 0: A - B - | 1.043 s: redistribute 0.065 ntt 0.863 crt 0.001 out 0.082 carry 0.029 | ntt parts rows 0.005 cols 0.004 pack 0.002 xfer 0.669 a2a 0.836
cache_trace node 3: piece (1, 1) of 2 x 4, 86466471 + 43233236 limbs at 129699707, slots 0: A - B - | 1.043 s: redistribute 0.078 ntt 0.844 crt 0.001 out 0.105 carry 0.029 | ntt parts rows 0.005 cols 0.004 pack 0.002 xfer 0.663 a2a 0.828
cache_trace node 0: piece (0, 2) of 2 x 4, 86466471 + 43233236 limbs at 86466472, slots 0: A - B - | 1.022 s: redistribute 0.067 ntt 0.844 crt 0.002 out 0.087 carry 0.030 | ntt parts rows 0.005 cols 0.004 pack 0.002 xfer 0.651 a2a 0.827
cache_trace node 1: piece (0, 2) of 2 x 4, 86466471 + 43233236 limbs at 86466472, slots 0: A - B - | 1.022 s: redistribute 0.067 ntt 0.847 crt 0.002 out 0.092 carry 0.030 | ntt parts rows 0.005 cols 0.004 pack 0.002 xfer 0.661 a2a 0.827
cache_trace node 2: piece (0, 2) of 2 x 4, 86466471 + 43233236 limbs at 86466472, slots 0: A - B - | 1.022 s: redistribute 0.067 ntt 0.839 crt 0.002 out 0.087 carry 0.030 | ntt parts rows 0.005 cols 0.004 pack 0.002 xfer 0.652 a2a 0.826
cache_trace node 3: piece (0, 2) of 2 x 4, 86466471 + 43233236 limbs at 86466472, slots 0: A - B - | 1.022 s: redistribute 0.065 ntt 0.839 crt 0.002 out 0.094 carry 0.030 | ntt parts rows 0.005 cols 0.004 pack 0.002 xfer 0.651 a2a 0.825
cache_trace node 0: piece (1, 2) of 2 x 4, 86466471 + 43233236 limbs at 172932943, slots 0: A - B - | 1.015 s: redistribute 0.070 ntt 0.830 crt 0.003 out 0.095 carry 0.036 | ntt parts rows 0.005 cols 0.004 pack 0.002 xfer 0.647 a2a 0.814
cache_trace node 1: piece (1, 2) of 2 x 4, 86466471 + 43233236 limbs at 172932943, slots 0: A - B - | 1.015 s: redistribute 0.074 ntt 0.832 crt 0.001 out 0.093 carry 0.036 | ntt parts rows 0.005 cols 0.004 pack 0.003 xfer 0.654 a2a 0.815
cache_trace node 2: piece (1, 2) of 2 x 4, 86466471 + 43233236 limbs at 172932943, slots 0: A - B - | 1.015 s: redistribute 0.073 ntt 0.833 crt 0.003 out 0.093 carry 0.036 | ntt parts rows 0.005 cols 0.004 pack 0.003 xfer 0.647 a2a 0.814
cache_trace node 3: piece (1, 2) of 2 x 4, 86466471 + 43233236 limbs at 172932943, slots 0: A - B - | 1.015 s: redistribute 0.068 ntt 0.839 crt 0.003 out 0.096 carry 0.036 | ntt parts rows 0.005 cols 0.004 pack 0.002 xfer 0.654 a2a 0.815
cache_trace node 0: piece (0, 3) of 2 x 4, 86466471 + 43233234 limbs at 129699708, slots 0: A - B - | 0.988 s: redistribute 0.069 ntt 0.825 crt 0.001 out 0.084 carry 0.026 | ntt parts rows 0.005 cols 0.004 pack 0.002 xfer 0.641 a2a 0.805
cache_trace node 1: piece (0, 3) of 2 x 4, 86466471 + 43233234 limbs at 129699708, slots 0: A - B - | 0.988 s: redistribute 0.075 ntt 0.822 crt 0.002 out 0.086 carry 0.026 | ntt parts rows 0.005 cols 0.004 pack 0.002 xfer 0.624 a2a 0.799
cache_trace node 2: piece (0, 3) of 2 x 4, 86466471 + 43233234 limbs at 129699708, slots 0: A - B - | 0.988 s: redistribute 0.070 ntt 0.820 crt 0.001 out 0.085 carry 0.026 | ntt parts rows 0.005 cols 0.004 pack 0.002 xfer 0.625 a2a 0.799
cache_trace node 3: piece (0, 3) of 2 x 4, 86466471 + 43233234 limbs at 129699708, slots 0: A - B - | 0.988 s: redistribute 0.075 ntt 0.817 crt 0.002 out 0.089 carry 0.026 | ntt parts rows 0.005 cols 0.004 pack 0.002 xfer 0.636 a2a 0.797
cache_trace node 0: piece (1, 3) of 2 x 4, 86466471 + 43233234 limbs at 216166179, slots 0: A - B - | 0.998 s: redistribute 0.065 ntt 0.809 crt 0.001 out 0.097 carry 0.030 | ntt parts rows 0.005 cols 0.004 pack 0.003 xfer 0.623 a2a 0.792
dist_mn node 0: 172932942 x 172932942 limbs over 4 x 4 ranks (cap 2^27): 2 x 4 pieces, 7 formed, 1 skipped (low cut) (cache 0 slots: 0 hits, 0 misses)
cache_trace node 1: piece (1, 3) of 2 x 4, 86466471 + 43233234 limbs at 216166179, slots 0: A - B - | 0.998 s: redistribute 0.064 ntt 0.805 crt 0.003 out 0.102 carry 0.030 | ntt parts rows 0.005 cols 0.004 pack 0.003 xfer 0.632 a2a 0.787
dist_mn node 1: 172932942 x 172932942 limbs over 4 x 4 ranks (cap 2^27): 2 x 4 pieces, 7 formed, 1 skipped (low cut) (cache 0 slots: 0 hits, 0 misses)
cache_trace node 2: piece (1, 3) of 2 x 4, 86466471 + 43233234 limbs at 216166179, slots 0: A - B - | 0.997 s: redistribute 0.066 ntt 0.804 crt 0.002 out 0.102 carry 0.030 | ntt parts rows 0.005 cols 0.004 pack 0.003 xfer 0.625 a2a 0.788
dist_mn node 2: 172932942 x 172932942 limbs over 4 x 4 ranks (cap 2^27): 2 x 4 pieces, 7 formed, 1 skipped (low cut) (cache 0 slots: 0 hits, 0 misses)
cache_trace node 3: piece (1, 3) of 2 x 4, 86466471 + 43233234 limbs at 216166179, slots 0: A - B - | 0.998 s: redistribute 0.065 ntt 0.822 crt 0.003 out 0.080 carry 0.029 | ntt parts rows 0.005 cols 0.004 pack 0.002 xfer 0.622 a2a 0.785
dist_mn node 3: 172932942 x 172932942 limbs over 4 x 4 ranks (cap 2^27): 2 x 4 pieces, 7 formed, 1 skipped (low cut) (cache 0 slots: 0 hits, 0 misses)
cx_grid node 0: rep 0 (warm-up) shape 2x4_lowcut (172932942 x 172932942, cut 172932942 / -1) slots 0: 7.154 s, cache 0 hits 0 misses, C sha256 4968e1e85c988bcf same
cx_grid node 2: rep 0 (warm-up) shape 2x4_lowcut (172932942 x 172932942, cut 172932942 / -1) slots 0: 7.154 s, cache 0 hits 0 misses, C sha256 392896d660bf6874 same
cx_grid node 1: rep 0 (warm-up) shape 2x4_lowcut (172932942 x 172932942, cut 172932942 / -1) slots 0: 7.154 s, cache 0 hits 0 misses, C sha256 2b96183bdc63b4f0 same
cx_grid node 3: rep 0 (warm-up) shape 2x4_lowcut (172932942 x 172932942, cut 172932942 / -1) slots 0: 7.154 s, cache 0 hits 0 misses, C sha256 b8a655c2a8a9f640 same
cache_trace node 0: piece (4, 0) of 5 x 6, 69173177 + 57644315 limbs at 276692708, slots 0: A - B - | 1.078 s: redistribute 0.072 ntt 0.864 crt 0.001 out 0.084 carry 0.066 | ntt parts rows 0.005 cols 0.004 pack 0.003 xfer 0.666 a2a 0.849
cache_trace node 1: piece (4, 0) of 5 x 6, 69173177 + 57644315 limbs at 276692708, slots 0: A - B - | 1.078 s: redistribute 0.080 ntt 0.868 crt 0.002 out 0.083 carry 0.065 | ntt parts rows 0.005 cols 0.004 pack 0.003 xfer 0.669 a2a 0.846
cache_trace node 2: piece (4, 0) of 5 x 6, 69173177 + 57644315 limbs at 276692708, slots 0: A - B - | 1.078 s: redistribute 0.075 ntt 0.861 crt 0.001 out 0.086 carry 0.065 | ntt parts rows 0.005 cols 0.004 pack 0.002 xfer 0.678 a2a 0.848
cache_trace node 3: piece (4, 0) of 5 x 6, 69173177 + 57644315 limbs at 276692708, slots 0: A - B - | 1.078 s: redistribute 0.069 ntt 0.863 crt 0.002 out 0.082 carry 0.066 | ntt parts rows 0.005 cols 0.004 pack 0.002 xfer 0.681 a2a 0.850
cache_trace node 0: piece (3, 1) of 5 x 6, 69173177 + 57644315 limbs at 265163846, slots 0: A - B - | 1.016 s: redistribute 0.066 ntt 0.829 crt 0.002 out 0.081 carry 0.059 | ntt parts rows 0.005 cols 0.004 pack 0.002 xfer 0.642 a2a 0.809
cache_trace node 1: piece (3, 1) of 5 x 6, 69173177 + 57644315 limbs at 265163846, slots 0: A - B - | 1.016 s: redistribute 0.065 ntt 0.836 crt 0.002 out 0.078 carry 0.057 | ntt parts rows 0.005 cols 0.004 pack 0.002 xfer 0.640 a2a 0.813
cache_trace node 2: piece (3, 1) of 5 x 6, 69173177 + 57644315 limbs at 265163846, slots 0: A - B - | 1.016 s: redistribute 0.059 ntt 0.825 crt 0.002 out 0.079 carry 0.059 | ntt parts rows 0.005 cols 0.004 pack 0.003 xfer 0.649 a2a 0.812
cache_trace node 3: piece (3, 1) of 5 x 6, 69173177 + 57644315 limbs at 265163846, slots 0: A - B - | 1.016 s: redistribute 0.062 ntt 0.832 crt 0.002 out 0.078 carry 0.059 | ntt parts rows 0.005 cols 0.004 pack 0.002 xfer 0.645 a2a 0.814
cache_trace node 0: piece (4, 1) of 5 x 6, 69173177 + 57644315 limbs at 334337023, slots 0: A - B - | 1.046 s: redistribute 0.067 ntt 0.829 crt 0.003 out 0.103 carry 0.057 | ntt parts rows 0.005 cols 0.004 pack 0.002 xfer 0.645 a2a 0.815
cache_trace node 1: piece (4, 1) of 5 x 6, 69173177 + 57644315 limbs at 334337023, slots 0: A - B - | 1.046 s: redistribute 0.062 ntt 0.833 crt 0.003 out 0.099 carry 0.057 | ntt parts rows 0.005 cols 0.004 pack 0.002 xfer 0.637 a2a 0.819
cache_trace node 2: piece (4, 1) of 5 x 6, 69173177 + 57644315 limbs at 334337023, slots 0: A - B - | 1.046 s: redistribute 0.067 ntt 0.833 crt 0.003 out 0.101 carry 0.055 | ntt parts rows 0.005 cols 0.004 pack 0.002 xfer 0.657 a2a 0.819
cache_trace node 3: piece (4, 1) of 5 x 6, 69173177 + 57644315 limbs at 334337023, slots 0: A - B - | 1.046 s: redistribute 0.070 ntt 0.832 crt 0.001 out 0.099 carry 0.056 | ntt parts rows 0.005 cols 0.004 pack 0.002 xfer 0.646 a2a 0.815
cache_trace node 1: piece (2, 2) of 5 x 6, 69173177 + 57644315 limbs at 253634984, slots 0: A - B - | 1.050 s: redistribute 0.069 ntt 0.834 crt 0.002 out 0.095 carry 0.060 | ntt parts rows 0.005 cols 0.004 pack 0.002 xfer 0.647 a2a 0.822
cache_trace node 2: piece (2, 2) of 5 x 6, 69173177 + 57644315 limbs at 253634984, slots 0: A - B - | 1.050 s: redistribute 0.070 ntt 0.843 crt 0.002 out 0.095 carry 0.060 | ntt parts rows 0.005 cols 0.004 pack 0.002 xfer 0.661 a2a 0.825
cache_trace node 3: piece (2, 2) of 5 x 6, 69173177 + 57644315 limbs at 253634984, slots 0: A - B - | 1.050 s: redistribute 0.068 ntt 0.834 crt 0.003 out 0.095 carry 0.060 | ntt parts rows 0.005 cols 0.004 pack 0.002 xfer 0.653 a2a 0.820
cache_trace node 0: piece (2, 2) of 5 x 6, 69173177 + 57644315 limbs at 253634984, slots 0: A - B - | 1.050 s: redistribute 0.062 ntt 0.835 crt 0.003 out 0.094 carry 0.060 | ntt parts rows 0.005 cols 0.004 pack 0.002 xfer 0.647 a2a 0.824
cache_trace node 0: piece (3, 2) of 5 x 6, 69173177 + 57644315 limbs at 322808161, slots 0: A - B - | 1.069 s: redistribute 0.069 ntt 0.859 crt 0.002 out 0.094 carry 0.053 | ntt parts rows 0.005 cols 0.004 pack 0.002 xfer 0.674 a2a 0.844
cache_trace node 1: piece (3, 2) of 5 x 6, 69173177 + 57644315 limbs at 322808161, slots 0: A - B - | 1.069 s: redistribute 0.069 ntt 0.862 crt 0.002 out 0.097 carry 0.053 | ntt parts rows 0.005 cols 0.004 pack 0.002 xfer 0.674 a2a 0.842
cache_trace node 2: piece (3, 2) of 5 x 6, 69173177 + 57644315 limbs at 322808161, slots 0: A - B - | 1.069 s: redistribute 0.070 ntt 0.858 crt 0.002 out 0.098 carry 0.052 | ntt parts rows 0.005 cols 0.004 pack 0.002 xfer 0.660 a2a 0.841
cache_trace node 3: piece (3, 2) of 5 x 6, 69173177 + 57644315 limbs at 322808161, slots 0: A - B - | 1.069 s: redistribute 0.064 ntt 0.864 crt 0.002 out 0.095 carry 0.053 | ntt parts rows 0.005 cols 0.004 pack 0.002 xfer 0.675 a2a 0.849
cache_trace node 0: piece (4, 2) of 5 x 6, 69173177 + 57644315 limbs at 391981338, slots 0: A - B - | 1.582 s: redistribute 0.114 ntt 0.884 crt 0.002 out 0.540 carry 0.052 | ntt parts rows 0.005 cols 0.004 pack 0.002 xfer 0.677 a2a 0.865
cache_trace node 1: piece (4, 2) of 5 x 6, 69173177 + 57644315 limbs at 391981338, slots 0: A - B - | 1.582 s: redistribute 0.113 ntt 0.877 crt 0.003 out 0.544 carry 0.052 | ntt parts rows 0.005 cols 0.004 pack 0.002 xfer 0.678 a2a 0.862
cache_trace node 2: piece (4, 2) of 5 x 6, 69173177 + 57644315 limbs at 391981338, slots 0: A - B - | 1.582 s: redistribute 0.048 ntt 0.950 crt 0.003 out 0.325 carry 0.051 | ntt parts rows 0.005 cols 0.004 pack 0.002 xfer 0.686 a2a 0.867
cache_trace node 3: piece (4, 2) of 5 x 6, 69173177 + 57644315 limbs at 391981338, slots 0: A - B - | 1.582 s: redistribute 0.110 ntt 0.888 crt 0.002 out 0.532 carry 0.052 | ntt parts rows 0.005 cols 0.004 pack 0.002 xfer 0.690 a2a 0.871
cache_trace node 0: piece (1, 3) of 5 x 6, 69173177 + 57644315 limbs at 242106122, slots 0: A - B - | 1.079 s: redistribute 0.071 ntt 0.867 crt 0.001 out 0.098 carry 0.054 | ntt parts rows 0.005 cols 0.004 pack 0.002 xfer 0.678 a2a 0.849
cache_trace node 1: piece (1, 3) of 5 x 6, 69173177 + 57644315 limbs at 242106122, slots 0: A - B - | 1.079 s: redistribute 0.073 ntt 0.866 crt 0.001 out 0.096 carry 0.053 | ntt parts rows 0.005 cols 0.004 pack 0.002 xfer 0.682 a2a 0.849
cache_trace node 2: piece (1, 3) of 5 x 6, 69173177 + 57644315 limbs at 242106122, slots 0: A - B - | 1.079 s: redistribute 0.073 ntt 0.867 crt 0.001 out 0.094 carry 0.054 | ntt parts rows 0.005 cols 0.004 pack 0.002 xfer 0.681 a2a 0.851
cache_trace node 3: piece (1, 3) of 5 x 6, 69173177 + 57644315 limbs at 242106122, slots 0: A - B - | 1.079 s: redistribute 0.070 ntt 0.872 crt 0.001 out 0.097 carry 0.054 | ntt parts rows 0.005 cols 0.004 pack 0.002 xfer 0.667 a2a 0.852
cache_trace node 0: piece (2, 3) of 5 x 6, 69173177 + 57644315 limbs at 311279299, slots 0: A - B - | 1.031 s: redistribute 0.069 ntt 0.826 crt 0.001 out 0.085 carry 0.054 | ntt parts rows 0.005 cols 0.004 pack 0.002 xfer 0.638 a2a 0.811
cache_trace node 1: piece (2, 3) of 5 x 6, 69173177 + 57644315 limbs at 311279299, slots 0: A - B - | 1.031 s: redistribute 0.067 ntt 0.833 crt 0.002 out 0.092 carry 0.054 | ntt parts rows 0.005 cols 0.004 pack 0.002 xfer 0.650 a2a 0.810
cache_trace node 2: piece (2, 3) of 5 x 6, 69173177 + 57644315 limbs at 311279299, slots 0: A - B - | 1.031 s: redistribute 0.069 ntt 0.822 crt 0.002 out 0.092 carry 0.054 | ntt parts rows 0.005 cols 0.004 pack 0.002 xfer 0.641 a2a 0.807
cache_trace node 3: piece (2, 3) of 5 x 6, 69173177 + 57644315 limbs at 311279299, slots 0: A - B - | 1.031 s: redistribute 0.068 ntt 0.831 crt 0.001 out 0.087 carry 0.054 | ntt parts rows 0.005 cols 0.004 pack 0.002 xfer 0.626 a2a 0.809
cache_trace node 0: piece (3, 3) of 5 x 6, 69173177 + 57644315 limbs at 380452476, slots 0: A - B - | 1.131 s: redistribute 0.072 ntt 0.829 crt 0.001 out 0.195 carry 0.045 | ntt parts rows 0.005 cols 0.004 pack 0.002 xfer 0.645 a2a 0.812
cache_trace node 1: piece (3, 3) of 5 x 6, 69173177 + 57644315 limbs at 380452476, slots 0: A - B - | 1.131 s: redistribute 0.072 ntt 0.828 crt 0.001 out 0.204 carry 0.045 | ntt parts rows 0.005 cols 0.004 pack 0.002 xfer 0.646 a2a 0.809
cache_trace node 2: piece (3, 3) of 5 x 6, 69173177 + 57644315 limbs at 380452476, slots 0: A - B - | 1.131 s: redistribute 0.071 ntt 0.828 crt 0.002 out 0.197 carry 0.044 | ntt parts rows 0.005 cols 0.004 pack 0.002 xfer 0.638 a2a 0.813
cache_trace node 3: piece (3, 3) of 5 x 6, 69173177 + 57644315 limbs at 380452476, slots 0: A - B - | 1.131 s: redistribute 0.064 ntt 0.835 crt 0.002 out 0.196 carry 0.045 | ntt parts rows 0.005 cols 0.004 pack 0.002 xfer 0.643 a2a 0.820
cache_trace node 0: piece (4, 3) of 5 x 6, 69173177 + 57644315 limbs at 449625653, slots 0: A - B - | 1.048 s: redistribute 0.071 ntt 0.860 crt 0.001 out 0.073 carry 0.053 | ntt parts rows 0.005 cols 0.004 pack 0.002 xfer 0.662 a2a 0.841
cache_trace node 1: piece (4, 3) of 5 x 6, 69173177 + 57644315 limbs at 449625653, slots 0: A - B - | 1.048 s: redistribute 0.068 ntt 0.858 crt 0.001 out 0.074 carry 0.053 | ntt parts rows 0.005 cols 0.004 pack 0.002 xfer 0.667 a2a 0.844
cache_trace node 2: piece (4, 3) of 5 x 6, 69173177 + 57644315 limbs at 449625653, slots 0: A - B - | 1.048 s: redistribute 0.071 ntt 0.860 crt 0.001 out 0.078 carry 0.053 | ntt parts rows 0.005 cols 0.004 pack 0.002 xfer 0.661 a2a 0.840
cache_trace node 3: piece (4, 3) of 5 x 6, 69173177 + 57644315 limbs at 449625653, slots 0: A - B - | 1.048 s: redistribute 0.069 ntt 0.860 crt 0.001 out 0.076 carry 0.053 | ntt parts rows 0.005 cols 0.004 pack 0.002 xfer 0.671 a2a 0.842
cache_trace node 0: piece (0, 4) of 5 x 6, 69173177 + 57644315 limbs at 230577260, slots 0: A - B - | 1.075 s: redistribute 0.066 ntt 0.861 crt 0.001 out 0.106 carry 0.053 | ntt parts rows 0.005 cols 0.004 pack 0.002 xfer 0.675 a2a 0.844
cache_trace node 1: piece (0, 4) of 5 x 6, 69173177 + 57644315 limbs at 230577260, slots 0: A - B - | 1.075 s: redistribute 0.068 ntt 0.858 crt 0.001 out 0.106 carry 0.051 | ntt parts rows 0.005 cols 0.004 pack 0.002 xfer 0.674 a2a 0.844
cache_trace node 2: piece (0, 4) of 5 x 6, 69173177 + 57644315 limbs at 230577260, slots 0: A - B - | 1.075 s: redistribute 0.067 ntt 0.859 crt 0.001 out 0.108 carry 0.053 | ntt parts rows 0.005 cols 0.004 pack 0.002 xfer 0.665 a2a 0.843
cache_trace node 3: piece (0, 4) of 5 x 6, 69173177 + 57644315 limbs at 230577260, slots 0: A - B - | 1.075 s: redistribute 0.066 ntt 0.863 crt 0.001 out 0.105 carry 0.053 | ntt parts rows 0.005 cols 0.004 pack 0.002 xfer 0.671 a2a 0.848
cache_trace node 0: piece (1, 4) of 5 x 6, 69173177 + 57644315 limbs at 299750437, slots 0: A - B - | 1.062 s: redistribute 0.059 ntt 0.859 crt 0.003 out 0.092 carry 0.060 | ntt parts rows 0.005 cols 0.004 pack 0.002 xfer 0.672 a2a 0.845
cache_trace node 1: piece (1, 4) of 5 x 6, 69173177 + 57644315 limbs at 299750437, slots 0: A - B - | 1.062 s: redistribute 0.056 ntt 0.860 crt 0.004 out 0.087 carry 0.059 | ntt parts rows 0.005 cols 0.004 pack 0.002 xfer 0.684 a2a 0.848
cache_trace node 2: piece (1, 4) of 5 x 6, 69173177 + 57644315 limbs at 299750437, slots 0: A - B - | 1.062 s: redistribute 0.060 ntt 0.861 crt 0.004 out 0.093 carry 0.059 | ntt parts rows 0.005 cols 0.004 pack 0.003 xfer 0.663 a2a 0.843
cache_trace node 3: piece (1, 4) of 5 x 6, 69173177 + 57644315 limbs at 299750437, slots 0: A - B - | 1.062 s: redistribute 0.064 ntt 0.858 crt 0.002 out 0.089 carry 0.060 | ntt parts rows 0.005 cols 0.004 pack 0.002 xfer 0.661 a2a 0.840
cache_trace node 0: piece (2, 4) of 5 x 6, 69173177 + 57644315 limbs at 368923614, slots 0: A - B - | 1.030 s: redistribute 0.062 ntt 0.840 crt 0.001 out 0.118 carry 0.023 | ntt parts rows 0.005 cols 0.004 pack 0.003 xfer 0.662 a2a 0.823
cache_trace node 1: piece (2, 4) of 5 x 6, 69173177 + 57644315 limbs at 368923614, slots 0: A - B - | 1.030 s: redistribute 0.061 ntt 0.836 crt 0.002 out 0.120 carry 0.023 | ntt parts rows 0.005 cols 0.004 pack 0.002 xfer 0.658 a2a 0.821
cache_trace node 2: piece (2, 4) of 5 x 6, 69173177 + 57644315 limbs at 368923614, slots 0: A - B - | 1.030 s: redistribute 0.063 ntt 0.839 crt 0.002 out 0.117 carry 0.021 | ntt parts rows 0.005 cols 0.004 pack 0.002 xfer 0.657 a2a 0.824
cache_trace node 3: piece (2, 4) of 5 x 6, 69173177 + 57644315 limbs at 368923614, slots 0: A - B - | 1.030 s: redistribute 0.057 ntt 0.839 crt 0.002 out 0.120 carry 0.023 | ntt parts rows 0.005 cols 0.004 pack 0.002 xfer 0.647 a2a 0.821
cache_trace node 1: piece (3, 4) of 5 x 6, 69173177 + 57644315 limbs at 438096791, slots 0: A - B - | 1.023 s: redistribute 0.073 ntt 0.829 crt 0.001 out 0.087 carry 0.048 | ntt parts rows 0.005 cols 0.004 pack 0.002 xfer 0.646 a2a 0.817
cache_trace node 2: piece (3, 4) of 5 x 6, 69173177 + 57644315 limbs at 438096791, slots 0: A - B - | 1.023 s: redistribute 0.074 ntt 0.835 crt 0.001 out 0.086 carry 0.047 | ntt parts rows 0.005 cols 0.004 pack 0.002 xfer 0.652 a2a 0.822
cache_trace node 3: piece (3, 4) of 5 x 6, 69173177 + 57644315 limbs at 438096791, slots 0: A - B - | 1.023 s: redistribute 0.068 ntt 0.841 crt 0.002 out 0.085 carry 0.048 | ntt parts rows 0.005 cols 0.004 pack 0.002 xfer 0.654 a2a 0.825
cache_trace node 0: piece (3, 4) of 5 x 6, 69173177 + 57644315 limbs at 438096791, slots 0: A - B - | 1.023 s: redistribute 0.070 ntt 0.836 crt 0.002 out 0.080 carry 0.048 | ntt parts rows 0.005 cols 0.004 pack 0.002 xfer 0.662 a2a 0.821
cache_trace node 0: piece (4, 4) of 5 x 6, 69173177 + 57644315 limbs at 507269968, slots 0: A - B - | 1.063 s: redistribute 0.064 ntt 0.853 crt 0.001 out 0.105 carry 0.059 | ntt parts rows 0.005 cols 0.004 pack 0.002 xfer 0.663 a2a 0.832
cache_trace node 1: piece (4, 4) of 5 x 6, 69173177 + 57644315 limbs at 507269968, slots 0: A - B - | 1.063 s: redistribute 0.059 ntt 0.845 crt 0.002 out 0.103 carry 0.059 | ntt parts rows 0.005 cols 0.004 pack 0.002 xfer 0.657 a2a 0.831
cache_trace node 2: piece (4, 4) of 5 x 6, 69173177 + 57644315 limbs at 507269968, slots 0: A - B - | 1.063 s: redistribute 0.066 ntt 0.846 crt 0.002 out 0.104 carry 0.059 | ntt parts rows 0.005 cols 0.004 pack 0.002 xfer 0.649 a2a 0.828
cache_trace node 3: piece (4, 4) of 5 x 6, 69173177 + 57644315 limbs at 507269968, slots 0: A - B - | 1.063 s: redistribute 0.068 ntt 0.843 crt 0.002 out 0.108 carry 0.059 | ntt parts rows 0.005 cols 0.004 pack 0.002 xfer 0.661 a2a 0.826
cache_trace node 0: piece (0, 5) of 5 x 6, 69173177 + 57644310 limbs at 288221575, slots 0: A - B - | 1.050 s: redistribute 0.072 ntt 0.851 crt 0.003 out 0.078 carry 0.060 | ntt parts rows 0.005 cols 0.004 pack 0.002 xfer 0.665 a2a 0.836
cache_trace node 1: piece (0, 5) of 5 x 6, 69173177 + 57644310 limbs at 288221575, slots 0: A - B - | 1.050 s: redistribute 0.073 ntt 0.849 crt 0.003 out 0.080 carry 0.059 | ntt parts rows 0.005 cols 0.004 pack 0.002 xfer 0.650 a2a 0.835
cache_trace node 2: piece (0, 5) of 5 x 6, 69173177 + 57644310 limbs at 288221575, slots 0: A - B - | 1.050 s: redistribute 0.071 ntt 0.856 crt 0.001 out 0.074 carry 0.058 | ntt parts rows 0.005 cols 0.004 pack 0.002 xfer 0.664 a2a 0.839
cache_trace node 3: piece (0, 5) of 5 x 6, 69173177 + 57644310 limbs at 288221575, slots 0: A - B - | 1.050 s: redistribute 0.074 ntt 0.852 crt 0.003 out 0.078 carry 0.060 | ntt parts rows 0.005 cols 0.004 pack 0.002 xfer 0.648 a2a 0.834
cache_trace node 0: piece (1, 5) of 5 x 6, 69173177 + 57644310 limbs at 357394752, slots 0: A - B - | 1.045 s: redistribute 0.063 ntt 0.826 crt 0.001 out 0.116 carry 0.044 | ntt parts rows 0.005 cols 0.004 pack 0.002 xfer 0.647 a2a 0.811
cache_trace node 1: piece (1, 5) of 5 x 6, 69173177 + 57644310 limbs at 357394752, slots 0: A - B - | 1.045 s: redistribute 0.064 ntt 0.825 crt 0.002 out 0.112 carry 0.044 | ntt parts rows 0.005 cols 0.004 pack 0.002 xfer 0.638 a2a 0.811
cache_trace node 2: piece (1, 5) of 5 x 6, 69173177 + 57644310 limbs at 357394752, slots 0: A - B - | 1.045 s: redistribute 0.058 ntt 0.839 crt 0.001 out 0.123 carry 0.044 | ntt parts rows 0.005 cols 0.004 pack 0.003 xfer 0.651 a2a 0.818
cache_trace node 3: piece (1, 5) of 5 x 6, 69173177 + 57644310 limbs at 357394752, slots 0: A - B - | 1.045 s: redistribute 0.063 ntt 0.830 crt 0.002 out 0.115 carry 0.044 | ntt parts rows 0.005 cols 0.004 pack 0.002 xfer 0.644 a2a 0.813
cache_trace node 0: piece (2, 5) of 5 x 6, 69173177 + 57644310 limbs at 426567929, slots 0: A - B - | 1.052 s: redistribute 0.059 ntt 0.848 crt 0.002 out 0.101 carry 0.058 | ntt parts rows 0.005 cols 0.004 pack 0.002 xfer 0.647 a2a 0.830
cache_trace node 1: piece (2, 5) of 5 x 6, 69173177 + 57644310 limbs at 426567929, slots 0: A - B - | 1.052 s: redistribute 0.070 ntt 0.842 crt 0.002 out 0.096 carry 0.058 | ntt parts rows 0.005 cols 0.004 pack 0.002 xfer 0.651 a2a 0.827
cache_trace node 2: piece (2, 5) of 5 x 6, 69173177 + 57644310 limbs at 426567929, slots 0: A - B - | 1.052 s: redistribute 0.061 ntt 0.841 crt 0.001 out 0.095 carry 0.058 | ntt parts rows 0.005 cols 0.004 pack 0.002 xfer 0.647 a2a 0.828
cache_trace node 3: piece (2, 5) of 5 x 6, 69173177 + 57644310 limbs at 426567929, slots 0: A - B - | 1.052 s: redistribute 0.061 ntt 0.847 crt 0.002 out 0.101 carry 0.058 | ntt parts rows 0.005 cols 0.004 pack 0.002 xfer 0.654 a2a 0.828
cache_trace node 0: piece (3, 5) of 5 x 6, 69173177 + 57644310 limbs at 495741106, slots 0: A - B - | 1.034 s: redistribute 0.064 ntt 0.831 crt 0.001 out 0.095 carry 0.053 | ntt parts rows 0.005 cols 0.004 pack 0.002 xfer 0.648 a2a 0.815
cache_trace node 1: piece (3, 5) of 5 x 6, 69173177 + 57644310 limbs at 495741106, slots 0: A - B - | 1.034 s: redistribute 0.064 ntt 0.831 crt 0.001 out 0.092 carry 0.053 | ntt parts rows 0.005 cols 0.004 pack 0.002 xfer 0.647 a2a 0.816
cache_trace node 2: piece (3, 5) of 5 x 6, 69173177 + 57644310 limbs at 495741106, slots 0: A - B - | 1.034 s: redistribute 0.066 ntt 0.826 crt 0.001 out 0.090 carry 0.053 | ntt parts rows 0.005 cols 0.004 pack 0.002 xfer 0.645 a2a 0.814
cache_trace node 3: piece (3, 5) of 5 x 6, 69173177 + 57644310 limbs at 495741106, slots 0: A - B - | 1.034 s: redistribute 0.066 ntt 0.831 crt 0.001 out 0.094 carry 0.052 | ntt parts rows 0.005 cols 0.004 pack 0.002 xfer 0.653 a2a 0.815
cache_trace node 0: piece (4, 5) of 5 x 6, 69173177 + 57644310 limbs at 564914283, slots 0: A - B - | 1.537 s: redistribute 0.135 ntt 0.863 crt 0.001 out 0.493 carry 0.067 | ntt parts rows 0.005 cols 0.004 pack 0.002 xfer 0.668 a2a 0.839
dist_mn node 0: 345865885 x 345865885 limbs over 4 x 4 ranks (cap 2^27): 5 x 6 pieces, 20 formed, 10 skipped (low cut) (cache 0 slots: 0 hits, 0 misses)
cache_trace node 1: piece (4, 5) of 5 x 6, 69173177 + 57644310 limbs at 564914283, slots 0: A - B - | 1.537 s: redistribute 0.137 ntt 0.866 crt 0.001 out 0.489 carry 0.067 | ntt parts rows 0.005 cols 0.004 pack 0.002 xfer 0.664 a2a 0.841
dist_mn node 1: 345865885 x 345865885 limbs over 4 x 4 ranks (cap 2^27): 5 x 6 pieces, 20 formed, 10 skipped (low cut) (cache 0 slots: 0 hits, 0 misses)
cache_trace node 2: piece (4, 5) of 5 x 6, 69173177 + 57644310 limbs at 564914283, slots 0: A - B - | 1.537 s: redistribute 0.141 ntt 0.857 crt 0.001 out 0.496 carry 0.067 | ntt parts rows 0.005 cols 0.004 pack 0.002 xfer 0.664 a2a 0.836
dist_mn node 2: 345865885 x 345865885 limbs over 4 x 4 ranks (cap 2^27): 5 x 6 pieces, 20 formed, 10 skipped (low cut) (cache 0 slots: 0 hits, 0 misses)
cache_trace node 3: piece (4, 5) of 5 x 6, 69173177 + 57644310 limbs at 564914283, slots 0: A - B - | 1.537 s: redistribute 0.073 ntt 0.857 crt 0.003 out 0.479 carry 0.067 | ntt parts rows 0.005 cols 0.004 pack 0.002 xfer 0.665 a2a 0.837
dist_mn node 3: 345865885 x 345865885 limbs over 4 x 4 ranks (cap 2^27): 5 x 6 pieces, 20 formed, 10 skipped (low cut) (cache 0 slots: 0 hits, 0 misses)
cx_grid node 0: rep 0 (warm-up) shape 5x6_lowcut (345865885 x 345865885, cut 345865885 / -1) slots 0: 22.345 s, cache 0 hits 0 misses, C sha256 28247e6619af895b same
cx_grid node 3: rep 0 (warm-up) shape 5x6_lowcut (345865885 x 345865885, cut 345865885 / -1) slots 0: 22.345 s, cache 0 hits 0 misses, C sha256 a056b37a3c065647 same
cx_grid node 1: rep 0 (warm-up) shape 5x6_lowcut (345865885 x 345865885, cut 345865885 / -1) slots 0: 22.345 s, cache 0 hits 0 misses, C sha256 c673dc5d386a8b89 same
cx_grid node 2: rep 0 (warm-up) shape 5x6_lowcut (345865885 x 345865885, cut 345865885 / -1) slots 0: 22.345 s, cache 0 hits 0 misses, C sha256 9a63ff9894e68fc8 same
cache_trace node 0: piece (0, 0) of 5 x 6, 69173177 + 57644315 limbs at 0, slots 0: A - B - | 0.992 s: redistribute 0.067 ntt 0.835 crt 0.002 out 0.090 carry 0.002 | ntt parts rows 0.005 cols 0.004 pack 0.002 xfer 0.646 a2a 0.818
cache_trace node 1: piece (0, 0) of 5 x 6, 69173177 + 57644315 limbs at 0, slots 0: A - B - | 0.992 s: redistribute 0.068 ntt 0.831 crt 0.001 out 0.093 carry 0.003 | ntt parts rows 0.005 cols 0.004 pack 0.002 xfer 0.638 a2a 0.814
cache_trace node 2: piece (0, 0) of 5 x 6, 69173177 + 57644315 limbs at 0, slots 0: A - B - | 0.992 s: redistribute 0.067 ntt 0.835 crt 0.002 out 0.089 carry 0.003 | ntt parts rows 0.005 cols 0.004 pack 0.002 xfer 0.655 a2a 0.818
cache_trace node 3: piece (0, 0) of 5 x 6, 69173177 + 57644315 limbs at 0, slots 0: A - B - | 0.992 s: redistribute 0.072 ntt 0.835 crt 0.001 out 0.091 carry 0.003 | ntt parts rows 0.005 cols 0.004 pack 0.002 xfer 0.647 a2a 0.819
cache_trace node 0: piece (1, 0) of 5 x 6, 69173177 + 57644315 limbs at 69173177, slots 0: A - B - | 1.009 s: redistribute 0.074 ntt 0.838 crt 0.001 out 0.091 carry 0.022 | ntt parts rows 0.005 cols 0.004 pack 0.002 xfer 0.646 a2a 0.821
cache_trace node 1: piece (1, 0) of 5 x 6, 69173177 + 57644315 limbs at 69173177, slots 0: A - B - | 1.009 s: redistribute 0.066 ntt 0.839 crt 0.002 out 0.089 carry 0.022 | ntt parts rows 0.005 cols 0.004 pack 0.002 xfer 0.659 a2a 0.823
cache_trace node 2: piece (1, 0) of 5 x 6, 69173177 + 57644315 limbs at 69173177, slots 0: A - B - | 1.009 s: redistribute 0.074 ntt 0.847 crt 0.002 out 0.090 carry 0.022 | ntt parts rows 0.005 cols 0.004 pack 0.002 xfer 0.656 a2a 0.822
cache_trace node 3: piece (1, 0) of 5 x 6, 69173177 + 57644315 limbs at 69173177, slots 0: A - B - | 1.009 s: redistribute 0.067 ntt 0.848 crt 0.001 out 0.085 carry 0.022 | ntt parts rows 0.005 cols 0.004 pack 0.002 xfer 0.653 a2a 0.829
cache_trace node 0: piece (2, 0) of 5 x 6, 69173177 + 57644315 limbs at 138346354, slots 0: A - B - | 1.026 s: redistribute 0.075 ntt 0.855 crt 0.002 out 0.085 carry 0.025 | ntt parts rows 0.005 cols 0.004 pack 0.002 xfer 0.659 a2a 0.839
cache_trace node 1: piece (2, 0) of 5 x 6, 69173177 + 57644315 limbs at 138346354, slots 0: A - B - | 1.026 s: redistribute 0.074 ntt 0.852 crt 0.001 out 0.088 carry 0.025 | ntt parts rows 0.005 cols 0.004 pack 0.002 xfer 0.671 a2a 0.839
cache_trace node 2: piece (2, 0) of 5 x 6, 69173177 + 57644315 limbs at 138346354, slots 0: A - B - | 1.026 s: redistribute 0.075 ntt 0.855 crt 0.002 out 0.086 carry 0.025 | ntt parts rows 0.005 cols 0.004 pack 0.002 xfer 0.658 a2a 0.841
cache_trace node 3: piece (2, 0) of 5 x 6, 69173177 + 57644315 limbs at 138346354, slots 0: A - B - | 1.026 s: redistribute 0.063 ntt 0.863 crt 0.002 out 0.087 carry 0.025 | ntt parts rows 0.005 cols 0.004 pack 0.002 xfer 0.668 a2a 0.846
cache_trace node 0: piece (3, 0) of 5 x 6, 69173177 + 57644315 limbs at 207519531, slots 0: A - B - | 1.031 s: redistribute 0.064 ntt 0.858 crt 0.001 out 0.077 carry 0.036 | ntt parts rows 0.005 cols 0.004 pack 0.003 xfer 0.663 a2a 0.840
cache_trace node 1: piece (3, 0) of 5 x 6, 69173177 + 57644315 limbs at 207519531, slots 0: A - B - | 1.031 s: redistribute 0.065 ntt 0.860 crt 0.001 out 0.084 carry 0.036 | ntt parts rows 0.005 cols 0.004 pack 0.003 xfer 0.667 a2a 0.838
cache_trace node 2: piece (3, 0) of 5 x 6, 69173177 + 57644315 limbs at 207519531, slots 0: A - B - | 1.031 s: redistribute 0.065 ntt 0.853 crt 0.002 out 0.083 carry 0.035 | ntt parts rows 0.005 cols 0.004 pack 0.003 xfer 0.653 a2a 0.836
cache_trace node 3: piece (3, 0) of 5 x 6, 69173177 + 57644315 limbs at 207519531, slots 0: A - B - | 1.031 s: redistribute 0.066 ntt 0.861 crt 0.002 out 0.085 carry 0.035 | ntt parts rows 0.005 cols 0.004 pack 0.002 xfer 0.673 a2a 0.843
cache_trace node 0: piece (4, 0) of 5 x 6, 69173177 + 57644315 limbs at 276692708, slots 0: A - B - | 1.040 s: redistribute 0.069 ntt 0.875 crt 0.003 out 0.070 carry 0.029 | ntt parts rows 0.005 cols 0.004 pack 0.002 xfer 0.699 a2a 0.861
cache_trace node 1: piece (4, 0) of 5 x 6, 69173177 + 57644315 limbs at 276692708, slots 0: A - B - | 1.040 s: redistribute 0.070 ntt 0.874 crt 0.001 out 0.073 carry 0.028 | ntt parts rows 0.005 cols 0.004 pack 0.002 xfer 0.689 a2a 0.859
cache_trace node 2: piece (4, 0) of 5 x 6, 69173177 + 57644315 limbs at 276692708, slots 0: A - B - | 1.040 s: redistribute 0.069 ntt 0.875 crt 0.003 out 0.070 carry 0.028 | ntt parts rows 0.005 cols 0.004 pack 0.002 xfer 0.678 a2a 0.860
cache_trace node 3: piece (4, 0) of 5 x 6, 69173177 + 57644315 limbs at 276692708, slots 0: A - B - | 1.040 s: redistribute 0.069 ntt 0.885 crt 0.003 out 0.068 carry 0.027 | ntt parts rows 0.005 cols 0.004 pack 0.002 xfer 0.692 a2a 0.867
cache_trace node 0: piece (0, 1) of 5 x 6, 69173177 + 57644315 limbs at 57644315, slots 0: A - B - | 1.009 s: redistribute 0.075 ntt 0.834 crt 0.001 out 0.089 carry 0.025 | ntt parts rows 0.005 cols 0.004 pack 0.002 xfer 0.644 a2a 0.819
cache_trace node 1: piece (0, 1) of 5 x 6, 69173177 + 57644315 limbs at 57644315, slots 0: A - B - | 1.009 s: redistribute 0.071 ntt 0.841 crt 0.001 out 0.091 carry 0.025 | ntt parts rows 0.005 cols 0.004 pack 0.002 xfer 0.650 a2a 0.820
cache_trace node 2: piece (0, 1) of 5 x 6, 69173177 + 57644315 limbs at 57644315, slots 0: A - B - | 1.009 s: redistribute 0.067 ntt 0.834 crt 0.002 out 0.093 carry 0.025 | ntt parts rows 0.005 cols 0.004 pack 0.002 xfer 0.650 a2a 0.819
cache_trace node 3: piece (0, 1) of 5 x 6, 69173177 + 57644315 limbs at 57644315, slots 0: A - B - | 1.009 s: redistribute 0.069 ntt 0.835 crt 0.002 out 0.089 carry 0.025 | ntt parts rows 0.005 cols 0.004 pack 0.002 xfer 0.645 a2a 0.821
cache_trace node 0: piece (1, 1) of 5 x 6, 69173177 + 57644315 limbs at 126817492, slots 0: A - B - | 1.025 s: redistribute 0.061 ntt 0.835 crt 0.001 out 0.108 carry 0.030 | ntt parts rows 0.005 cols 0.004 pack 0.002 xfer 0.647 a2a 0.820
cache_trace node 1: piece (1, 1) of 5 x 6, 69173177 + 57644315 limbs at 126817492, slots 0: A - B - | 1.025 s: redistribute 0.067 ntt 0.827 crt 0.001 out 0.103 carry 0.029 | ntt parts rows 0.005 cols 0.004 pack 0.002 xfer 0.651 a2a 0.816
cache_trace node 2: piece (1, 1) of 5 x 6, 69173177 + 57644315 limbs at 126817492, slots 0: A - B - | 1.025 s: redistribute 0.066 ntt 0.836 crt 0.001 out 0.109 carry 0.030 | ntt parts rows 0.005 cols 0.004 pack 0.002 xfer 0.653 a2a 0.821
cache_trace node 3: piece (1, 1) of 5 x 6, 69173177 + 57644315 limbs at 126817492, slots 0: A - B - | 1.025 s: redistribute 0.065 ntt 0.832 crt 0.001 out 0.106 carry 0.030 | ntt parts rows 0.005 cols 0.004 pack 0.003 xfer 0.643 a2a 0.816
cache_trace node 0: piece (2, 1) of 5 x 6, 69173177 + 57644315 limbs at 195990669, slots 0: A - B - | 0.998 s: redistribute 0.061 ntt 0.834 crt 0.002 out 0.074 carry 0.035 | ntt parts rows 0.005 cols 0.004 pack 0.002 xfer 0.642 a2a 0.819
cache_trace node 1: piece (2, 1) of 5 x 6, 69173177 + 57644315 limbs at 195990669, slots 0: A - B - | 0.998 s: redistribute 0.063 ntt 0.835 crt 0.002 out 0.077 carry 0.035 | ntt parts rows 0.005 cols 0.004 pack 0.002 xfer 0.639 a2a 0.816
cache_trace node 2: piece (2, 1) of 5 x 6, 69173177 + 57644315 limbs at 195990669, slots 0: A - B - | 0.998 s: redistribute 0.060 ntt 0.835 crt 0.002 out 0.077 carry 0.035 | ntt parts rows 0.005 cols 0.004 pack 0.002 xfer 0.638 a2a 0.819
cache_trace node 3: piece (2, 1) of 5 x 6, 69173177 + 57644315 limbs at 195990669, slots 0: A - B - | 0.998 s: redistribute 0.060 ntt 0.841 crt 0.001 out 0.075 carry 0.035 | ntt parts rows 0.005 cols 0.004 pack 0.002 xfer 0.649 a2a 0.823
cache_trace node 0: piece (3, 1) of 5 x 6, 69173177 + 57644315 limbs at 265163846, slots 0: A - B - | 0.988 s: redistribute 0.063 ntt 0.841 crt 0.002 out 0.081 carry 0.012 | ntt parts rows 0.005 cols 0.004 pack 0.003 xfer 0.655 a2a 0.826
cache_trace node 1: piece (3, 1) of 5 x 6, 69173177 + 57644315 limbs at 265163846, slots 0: A - B - | 0.988 s: redistribute 0.063 ntt 0.843 crt 0.002 out 0.083 carry 0.012 | ntt parts rows 0.005 cols 0.004 pack 0.002 xfer 0.647 a2a 0.822
cache_trace node 2: piece (3, 1) of 5 x 6, 69173177 + 57644315 limbs at 265163846, slots 0: A - B - | 0.988 s: redistribute 0.064 ntt 0.837 crt 0.002 out 0.085 carry 0.012 | ntt parts rows 0.005 cols 0.004 pack 0.002 xfer 0.649 a2a 0.823
cache_trace node 3: piece (3, 1) of 5 x 6, 69173177 + 57644315 limbs at 265163846, slots 0: A - B - | 0.988 s: redistribute 0.061 ntt 0.842 crt 0.001 out 0.083 carry 0.012 | ntt parts rows 0.005 cols 0.004 pack 0.002 xfer 0.653 a2a 0.825
cache_trace node 0: piece (4, 1) of 5 x 6, 69173177 + 57644315 limbs at 334337023, slots 0: A - B - | 0.906 s: redistribute 0.066 ntt 0.813 crt 0.002 out 0.021 carry 0.010 | ntt parts rows 0.005 cols 0.004 pack 0.002 xfer 0.621 a2a 0.795
cache_trace node 1: piece (4, 1) of 5 x 6, 69173177 + 57644315 limbs at 334337023, slots 0: A - B - | 0.906 s: redistribute 0.063 ntt 0.811 crt 0.002 out 0.021 carry 0.010 | ntt parts rows 0.005 cols 0.004 pack 0.003 xfer 0.642 a2a 0.799
cache_trace node 2: piece (4, 1) of 5 x 6, 69173177 + 57644315 limbs at 334337023, slots 0: A - B - | 0.906 s: redistribute 0.065 ntt 0.820 crt 0.002 out 0.020 carry 0.010 | ntt parts rows 0.005 cols 0.004 pack 0.002 xfer 0.638 a2a 0.798
cache_trace node 3: piece (4, 1) of 5 x 6, 69173177 + 57644315 limbs at 334337023, slots 0: A - B - | 0.906 s: redistribute 0.065 ntt 0.817 crt 0.002 out 0.024 carry 0.010 | ntt parts rows 0.005 cols 0.004 pack 0.003 xfer 0.634 a2a 0.796
cache_trace node 0: piece (0, 2) of 5 x 6, 69173177 + 57644315 limbs at 115288630, slots 0: A - B - | 0.985 s: redistribute 0.068 ntt 0.805 crt 0.002 out 0.081 carry 0.035 | ntt parts rows 0.005 cols 0.004 pack 0.003 xfer 0.623 a2a 0.789
cache_trace node 1: piece (0, 2) of 5 x 6, 69173177 + 57644315 limbs at 115288630, slots 0: A - B - | 0.985 s: redistribute 0.071 ntt 0.800 crt 0.002 out 0.084 carry 0.035 | ntt parts rows 0.005 cols 0.004 pack 0.003 xfer 0.622 a2a 0.783
cache_trace node 2: piece (0, 2) of 5 x 6, 69173177 + 57644315 limbs at 115288630, slots 0: A - B - | 0.985 s: redistribute 0.065 ntt 0.812 crt 0.001 out 0.081 carry 0.035 | ntt parts rows 0.005 cols 0.004 pack 0.002 xfer 0.615 a2a 0.792
cache_trace node 3: piece (0, 2) of 5 x 6, 69173177 + 57644315 limbs at 115288630, slots 0: A - B - | 0.985 s: redistribute 0.073 ntt 0.818 crt 0.001 out 0.084 carry 0.035 | ntt parts rows 0.005 cols 0.004 pack 0.003 xfer 0.618 a2a 0.788
cache_trace node 0: piece (1, 2) of 5 x 6, 69173177 + 57644315 limbs at 184461807, slots 0: A - B - | 1.029 s: redistribute 0.066 ntt 0.855 crt 0.004 out 0.083 carry 0.032 | ntt parts rows 0.005 cols 0.004 pack 0.002 xfer 0.673 a2a 0.839
cache_trace node 1: piece (1, 2) of 5 x 6, 69173177 + 57644315 limbs at 184461807, slots 0: A - B - | 1.029 s: redistribute 0.066 ntt 0.851 crt 0.004 out 0.081 carry 0.033 | ntt parts rows 0.005 cols 0.004 pack 0.002 xfer 0.667 a2a 0.840
cache_trace node 2: piece (1, 2) of 5 x 6, 69173177 + 57644315 limbs at 184461807, slots 0: A - B - | 1.029 s: redistribute 0.065 ntt 0.856 crt 0.003 out 0.081 carry 0.032 | ntt parts rows 0.005 cols 0.004 pack 0.002 xfer 0.676 a2a 0.841
cache_trace node 3: piece (1, 2) of 5 x 6, 69173177 + 57644315 limbs at 184461807, slots 0: A - B - | 1.029 s: redistribute 0.068 ntt 0.862 crt 0.004 out 0.085 carry 0.032 | ntt parts rows 0.005 cols 0.004 pack 0.002 xfer 0.671 a2a 0.844
cache_trace node 0: piece (2, 2) of 5 x 6, 69173177 + 57644315 limbs at 253634984, slots 0: A - B - | 1.006 s: redistribute 0.065 ntt 0.855 crt 0.002 out 0.084 carry 0.009 | ntt parts rows 0.005 cols 0.004 pack 0.002 xfer 0.666 a2a 0.840
cache_trace node 1: piece (2, 2) of 5 x 6, 69173177 + 57644315 limbs at 253634984, slots 0: A - B - | 1.006 s: redistribute 0.064 ntt 0.856 crt 0.002 out 0.086 carry 0.009 | ntt parts rows 0.005 cols 0.004 pack 0.002 xfer 0.669 a2a 0.841
cache_trace node 2: piece (2, 2) of 5 x 6, 69173177 + 57644315 limbs at 253634984, slots 0: A - B - | 1.007 s: redistribute 0.060 ntt 0.859 crt 0.001 out 0.088 carry 0.009 | ntt parts rows 0.005 cols 0.004 pack 0.002 xfer 0.669 a2a 0.840
cache_trace node 3: piece (2, 2) of 5 x 6, 69173177 + 57644315 limbs at 253634984, slots 0: A - B - | 1.007 s: redistribute 0.066 ntt 0.869 crt 0.002 out 0.085 carry 0.008 | ntt parts rows 0.005 cols 0.004 pack 0.002 xfer 0.672 a2a 0.843
cache_trace node 0: piece (3, 2) of 5 x 6, 69173177 + 57644315 limbs at 322808161, slots 0: A - B - | 0.944 s: redistribute 0.069 ntt 0.830 crt 0.001 out 0.030 carry 0.020 | ntt parts rows 0.005 cols 0.004 pack 0.002 xfer 0.648 a2a 0.815
cache_trace node 1: piece (3, 2) of 5 x 6, 69173177 + 57644315 limbs at 322808161, slots 0: A - B - | 0.944 s: redistribute 0.076 ntt 0.834 crt 0.001 out 0.025 carry 0.020 | ntt parts rows 0.005 cols 0.004 pack 0.002 xfer 0.655 a2a 0.816
cache_trace node 2: piece (3, 2) of 5 x 6, 69173177 + 57644315 limbs at 322808161, slots 0: A - B - | 0.944 s: redistribute 0.077 ntt 0.838 crt 0.002 out 0.029 carry 0.020 | ntt parts rows 0.005 cols 0.004 pack 0.002 xfer 0.651 a2a 0.816
cache_trace node 3: piece (3, 2) of 5 x 6, 69173177 + 57644315 limbs at 322808161, slots 0: A - B - | 0.944 s: redistribute 0.069 ntt 0.827 crt 0.002 out 0.029 carry 0.020 | ntt parts rows 0.005 cols 0.004 pack 0.002 xfer 0.652 a2a 0.815
cache_trace node 0: piece (0, 3) of 5 x 6, 69173177 + 57644315 limbs at 172932945, slots 0: A - B - | 1.004 s: redistribute 0.067 ntt 0.833 crt 0.002 out 0.088 carry 0.027 | ntt parts rows 0.005 cols 0.004 pack 0.003 xfer 0.637 a2a 0.817
cache_trace node 1: piece (0, 3) of 5 x 6, 69173177 + 57644315 limbs at 172932945, slots 0: A - B - | 1.004 s: redistribute 0.070 ntt 0.821 crt 0.002 out 0.090 carry 0.028 | ntt parts rows 0.005 cols 0.004 pack 0.002 xfer 0.641 a2a 0.809
cache_trace node 2: piece (0, 3) of 5 x 6, 69173177 + 57644315 limbs at 172932945, slots 0: A - B - | 1.004 s: redistribute 0.066 ntt 0.829 crt 0.003 out 0.088 carry 0.027 | ntt parts rows 0.005 cols 0.004 pack 0.003 xfer 0.648 a2a 0.814
cache_trace node 3: piece (0, 3) of 5 x 6, 69173177 + 57644315 limbs at 172932945, slots 0: A - B - | 1.004 s: redistribute 0.069 ntt 0.834 crt 0.003 out 0.088 carry 0.027 | ntt parts rows 0.005 cols 0.004 pack 0.002 xfer 0.641 a2a 0.817
cache_trace node 0: piece (1, 3) of 5 x 6, 69173177 + 57644315 limbs at 242106122, slots 0: A - B - | 0.992 s: redistribute 0.069 ntt 0.828 crt 0.001 out 0.091 carry 0.018 | ntt parts rows 0.005 cols 0.004 pack 0.002 xfer 0.643 a2a 0.808
cache_trace node 1: piece (1, 3) of 5 x 6, 69173177 + 57644315 limbs at 242106122, slots 0: A - B - | 0.992 s: redistribute 0.062 ntt 0.824 crt 0.002 out 0.094 carry 0.018 | ntt parts rows 0.005 cols 0.004 pack 0.002 xfer 0.640 a2a 0.812
cache_trace node 2: piece (1, 3) of 5 x 6, 69173177 + 57644315 limbs at 242106122, slots 0: A - B - | 0.992 s: redistribute 0.064 ntt 0.833 crt 0.002 out 0.089 carry 0.018 | ntt parts rows 0.005 cols 0.004 pack 0.003 xfer 0.642 a2a 0.812
cache_trace node 3: piece (1, 3) of 5 x 6, 69173177 + 57644315 limbs at 242106122, slots 0: A - B - | 0.992 s: redistribute 0.062 ntt 0.836 crt 0.001 out 0.097 carry 0.018 | ntt parts rows 0.005 cols 0.004 pack 0.002 xfer 0.643 a2a 0.820
cache_trace node 0: piece (2, 3) of 5 x 6, 69173177 + 57644315 limbs at 311279299, slots 0: A - B - | 0.946 s: redistribute 0.064 ntt 0.835 crt 0.002 out 0.036 carry 0.020 | ntt parts rows 0.005 cols 0.004 pack 0.002 xfer 0.643 a2a 0.819
cache_trace node 1: piece (2, 3) of 5 x 6, 69173177 + 57644315 limbs at 311279299, slots 0: A - B - | 0.946 s: redistribute 0.065 ntt 0.831 crt 0.002 out 0.038 carry 0.020 | ntt parts rows 0.005 cols 0.004 pack 0.002 xfer 0.651 a2a 0.818
cache_trace node 2: piece (2, 3) of 5 x 6, 69173177 + 57644315 limbs at 311279299, slots 0: A - B - | 0.946 s: redistribute 0.065 ntt 0.835 crt 0.002 out 0.039 carry 0.020 | ntt parts rows 0.005 cols 0.004 pack 0.002 xfer 0.642 a2a 0.818
cache_trace node 3: piece (2, 3) of 5 x 6, 69173177 + 57644315 limbs at 311279299, slots 0: A - B - | 0.946 s: redistribute 0.067 ntt 0.838 crt 0.002 out 0.037 carry 0.020 | ntt parts rows 0.005 cols 0.004 pack 0.002 xfer 0.646 a2a 0.817
cache_trace node 0: piece (0, 4) of 5 x 6, 69173177 + 57644315 limbs at 230577260, slots 0: A - B - | 1.030 s: redistribute 0.067 ntt 0.859 crt 0.002 out 0.095 carry 0.021 | ntt parts rows 0.005 cols 0.004 pack 0.002 xfer 0.665 a2a 0.841
cache_trace node 1: piece (0, 4) of 5 x 6, 69173177 + 57644315 limbs at 230577260, slots 0: A - B - | 1.030 s: redistribute 0.069 ntt 0.862 crt 0.001 out 0.082 carry 0.021 | ntt parts rows 0.005 cols 0.004 pack 0.002 xfer 0.646 a2a 0.844
cache_trace node 2: piece (0, 4) of 5 x 6, 69173177 + 57644315 limbs at 230577260, slots 0: A - B - | 1.030 s: redistribute 0.067 ntt 0.853 crt 0.001 out 0.088 carry 0.021 | ntt parts rows 0.005 cols 0.004 pack 0.002 xfer 0.666 a2a 0.840
cache_trace node 3: piece (0, 4) of 5 x 6, 69173177 + 57644315 limbs at 230577260, slots 0: A - B - | 1.030 s: redistribute 0.064 ntt 0.856 crt 0.002 out 0.093 carry 0.021 | ntt parts rows 0.005 cols 0.004 pack 0.002 xfer 0.664 a2a 0.841
cache_trace node 0: piece (1, 4) of 5 x 6, 69173177 + 57644315 limbs at 299750437, slots 0: A - B - | 0.996 s: redistribute 0.065 ntt 0.849 crt 0.002 out 0.061 carry 0.033 | ntt parts rows 0.005 cols 0.004 pack 0.002 xfer 0.662 a2a 0.836
cache_trace node 2: piece (1, 4) of 5 x 6, 69173177 + 57644315 limbs at 299750437, slots 0: A - B - | 0.996 s: redistribute 0.062 ntt 0.850 crt 0.002 out 0.057 carry 0.033 | ntt parts rows 0.005 cols 0.004 pack 0.002 xfer 0.670 a2a 0.835
cache_trace node 3: piece (1, 4) of 5 x 6, 69173177 + 57644315 limbs at 299750437, slots 0: A - B - | 0.996 s: redistribute 0.065 ntt 0.858 crt 0.002 out 0.051 carry 0.033 | ntt parts rows 0.005 cols 0.004 pack 0.002 xfer 0.662 a2a 0.841
cache_trace node 1: piece (1, 4) of 5 x 6, 69173177 + 57644315 limbs at 299750437, slots 0: A - B - | 0.996 s: redistribute 0.058 ntt 0.849 crt 0.002 out 0.058 carry 0.033 | ntt parts rows 0.005 cols 0.004 pack 0.002 xfer 0.654 a2a 0.837
cache_trace node 0: piece (0, 5) of 5 x 6, 69173177 + 57644310 limbs at 288221575, slots 0: A - B - | 0.982 s: redistribute 0.069 ntt 0.824 crt 0.001 out 0.061 carry 0.035 | ntt parts rows 0.005 cols 0.004 pack 0.002 xfer 0.638 a2a 0.809
dist_mn node 0: 345865885 x 345865885 limbs over 4 x 4 ranks (cap 2^27): 5 x 6 pieces, 20 formed, 10 skipped (low product) (cache 0 slots: 0 hits, 0 misses)
cache_trace node 1: piece (0, 5) of 5 x 6, 69173177 + 57644310 limbs at 288221575, slots 0: A - B - | 0.982 s: redistribute 0.070 ntt 0.819 crt 0.002 out 0.063 carry 0.035 | ntt parts rows 0.005 cols 0.004 pack 0.002 xfer 0.639 a2a 0.804
dist_mn node 1: 345865885 x 345865885 limbs over 4 x 4 ranks (cap 2^27): 5 x 6 pieces, 20 formed, 10 skipped (low product) (cache 0 slots: 0 hits, 0 misses)
cache_trace node 2: piece (0, 5) of 5 x 6, 69173177 + 57644310 limbs at 288221575, slots 0: A - B - | 0.982 s: redistribute 0.065 ntt 0.821 crt 0.002 out 0.064 carry 0.035 | ntt parts rows 0.005 cols 0.004 pack 0.003 xfer 0.640 a2a 0.808
dist_mn node 2: 345865885 x 345865885 limbs over 4 x 4 ranks (cap 2^27): 5 x 6 pieces, 20 formed, 10 skipped (low product) (cache 0 slots: 0 hits, 0 misses)
cache_trace node 3: piece (0, 5) of 5 x 6, 69173177 + 57644310 limbs at 288221575, slots 0: A - B - | 0.982 s: redistribute 0.069 ntt 0.824 crt 0.002 out 0.061 carry 0.034 | ntt parts rows 0.005 cols 0.004 pack 0.003 xfer 0.640 a2a 0.810
dist_mn node 3: 345865885 x 345865885 limbs over 4 x 4 ranks (cap 2^27): 5 x 6 pieces, 20 formed, 10 skipped (low product) (cache 0 slots: 0 hits, 0 misses)
cx_grid node 0: rep 0 (warm-up) shape 5x6_highcut (345865885 x 345865885, cut 0 / 345865885) slots 0: 19.948 s, cache 0 hits 0 misses, C sha256 1e3fa234dfaf9973 same
cx_grid node 3: rep 0 (warm-up) shape 5x6_highcut (345865885 x 345865885, cut 0 / 345865885) slots 0: 19.948 s, cache 0 hits 0 misses, C sha256 f07a437204833f51 same
cx_grid node 2: rep 0 (warm-up) shape 5x6_highcut (345865885 x 345865885, cut 0 / 345865885) slots 0: 19.948 s, cache 0 hits 0 misses, C sha256 1ffd456e076765ed same
cx_grid node 1: rep 0 (warm-up) shape 5x6_highcut (345865885 x 345865885, cut 0 / 345865885) slots 0: 19.948 s, cache 0 hits 0 misses, C sha256 478ce4ac1b99a5a9 same
cache_trace node 0: piece (0, 0) of 2 x 3, 79590803 + 53063711 limbs at 0, slots 0: A - B - | 0.985 s: redistribute 0.070 ntt 0.823 crt 0.003 out 0.090 carry 0.002 | ntt parts rows 0.005 cols 0.004 pack 0.002 xfer 0.642 a2a 0.809
cache_trace node 1: piece (0, 0) of 2 x 3, 79590803 + 53063711 limbs at 0, slots 0: A - B - | 0.985 s: redistribute 0.067 ntt 0.835 crt 0.002 out 0.087 carry 0.002 | ntt parts rows 0.005 cols 0.004 pack 0.002 xfer 0.650 a2a 0.817
cache_trace node 2: piece (0, 0) of 2 x 3, 79590803 + 53063711 limbs at 0, slots 0: A - B - | 0.985 s: redistribute 0.070 ntt 0.829 crt 0.003 out 0.091 carry 0.003 | ntt parts rows 0.005 cols 0.004 pack 0.002 xfer 0.636 a2a 0.812
cache_trace node 3: piece (0, 0) of 2 x 3, 79590803 + 53063711 limbs at 0, slots 0: A - B - | 0.985 s: redistribute 0.070 ntt 0.824 crt 0.002 out 0.093 carry 0.002 | ntt parts rows 0.005 cols 0.004 pack 0.002 xfer 0.632 a2a 0.811
cache_trace node 0: piece (1, 0) of 2 x 3, 79590802 + 53063711 limbs at 79590803, slots 0: A - B - | 1.023 s: redistribute 0.073 ntt 0.851 crt 0.002 out 0.084 carry 0.029 | ntt parts rows 0.005 cols 0.004 pack 0.002 xfer 0.665 a2a 0.834
cache_trace node 1: piece (1, 0) of 2 x 3, 79590802 + 53063711 limbs at 79590803, slots 0: A - B - | 1.023 s: redistribute 0.071 ntt 0.850 crt 0.001 out 0.084 carry 0.029 | ntt parts rows 0.005 cols 0.004 pack 0.002 xfer 0.661 a2a 0.836
cache_trace node 2: piece (1, 0) of 2 x 3, 79590802 + 53063711 limbs at 79590803, slots 0: A - B - | 1.023 s: redistribute 0.074 ntt 0.849 crt 0.002 out 0.086 carry 0.029 | ntt parts rows 0.005 cols 0.004 pack 0.002 xfer 0.663 a2a 0.833
cache_trace node 3: piece (1, 0) of 2 x 3, 79590802 + 53063711 limbs at 79590803, slots 0: A - B - | 1.023 s: redistribute 0.075 ntt 0.845 crt 0.002 out 0.087 carry 0.029 | ntt parts rows 0.005 cols 0.004 pack 0.002 xfer 0.663 a2a 0.833
cache_trace node 0: piece (0, 1) of 2 x 3, 79590803 + 53063711 limbs at 53063711, slots 0: A - B - | 1.017 s: redistribute 0.068 ntt 0.846 crt 0.001 out 0.085 carry 0.028 | ntt parts rows 0.005 cols 0.004 pack 0.002 xfer 0.655 a2a 0.826
cache_trace node 1: piece (0, 1) of 2 x 3, 79590803 + 53063711 limbs at 53063711, slots 0: A - B - | 1.017 s: redistribute 0.070 ntt 0.850 crt 0.001 out 0.086 carry 0.028 | ntt parts rows 0.005 cols 0.004 pack 0.003 xfer 0.661 a2a 0.831
cache_trace node 2: piece (0, 1) of 2 x 3, 79590803 + 53063711 limbs at 53063711, slots 0: A - B - | 1.017 s: redistribute 0.069 ntt 0.848 crt 0.001 out 0.083 carry 0.028 | ntt parts rows 0.005 cols 0.004 pack 0.002 xfer 0.657 a2a 0.831
cache_trace node 3: piece (0, 1) of 2 x 3, 79590803 + 53063711 limbs at 53063711, slots 0: A - B - | 1.017 s: redistribute 0.071 ntt 0.841 crt 0.001 out 0.082 carry 0.028 | ntt parts rows 0.005 cols 0.004 pack 0.002 xfer 0.662 a2a 0.827
cache_trace node 0: piece (1, 1) of 2 x 3, 79590802 + 53063711 limbs at 132654514, slots 0: A - B - | 1.006 s: redistribute 0.072 ntt 0.839 crt 0.002 out 0.079 carry 0.024 | ntt parts rows 0.005 cols 0.004 pack 0.002 xfer 0.647 a2a 0.821
cache_trace node 1: piece (1, 1) of 2 x 3, 79590802 + 53063711 limbs at 132654514, slots 0: A - B - | 1.006 s: redistribute 0.072 ntt 0.838 crt 0.002 out 0.081 carry 0.024 | ntt parts rows 0.005 cols 0.004 pack 0.002 xfer 0.659 a2a 0.825
cache_trace node 2: piece (1, 1) of 2 x 3, 79590802 + 53063711 limbs at 132654514, slots 0: A - B - | 1.006 s: redistribute 0.071 ntt 0.836 crt 0.002 out 0.085 carry 0.024 | ntt parts rows 0.005 cols 0.004 pack 0.002 xfer 0.661 a2a 0.820
cache_trace node 3: piece (1, 1) of 2 x 3, 79590802 + 53063711 limbs at 132654514, slots 0: A - B - | 1.006 s: redistribute 0.069 ntt 0.833 crt 0.002 out 0.087 carry 0.024 | ntt parts rows 0.005 cols 0.004 pack 0.002 xfer 0.648 a2a 0.821
cache_trace node 0: piece (0, 2) of 2 x 3, 79590803 + 53063709 limbs at 106127422, slots 0: A - B - | 1.036 s: redistribute 0.072 ntt 0.855 crt 0.001 out 0.084 carry 0.034 | ntt parts rows 0.005 cols 0.004 pack 0.003 xfer 0.667 a2a 0.836
cache_trace node 1: piece (0, 2) of 2 x 3, 79590803 + 53063709 limbs at 106127422, slots 0: A - B - | 1.036 s: redistribute 0.074 ntt 0.854 crt 0.002 out 0.086 carry 0.033 | ntt parts rows 0.005 cols 0.004 pack 0.002 xfer 0.664 a2a 0.837
cache_trace node 2: piece (0, 2) of 2 x 3, 79590803 + 53063709 limbs at 106127422, slots 0: A - B - | 1.036 s: redistribute 0.074 ntt 0.852 crt 0.002 out 0.086 carry 0.033 | ntt parts rows 0.005 cols 0.004 pack 0.002 xfer 0.653 a2a 0.834
cache_trace node 3: piece (0, 2) of 2 x 3, 79590803 + 53063709 limbs at 106127422, slots 0: A - B - | 1.036 s: redistribute 0.073 ntt 0.848 crt 0.001 out 0.084 carry 0.034 | ntt parts rows 0.005 cols 0.004 pack 0.002 xfer 0.659 a2a 0.834
cache_trace node 0: piece (1, 2) of 2 x 3, 79590802 + 53063709 limbs at 185718225, slots 0: A - B - | 1.011 s: redistribute 0.070 ntt 0.833 crt 0.002 out 0.083 carry 0.036 | ntt parts rows 0.005 cols 0.004 pack 0.002 xfer 0.652 a2a 0.813
dist_mn node 0: 159181605 x 159191131 limbs over 4 x 4 ranks (cap 2^27): 2 x 3 pieces, 6 formed, 0 skipped (cache 0 slots: 0 hits, 0 misses)
cache_trace node 1: piece (1, 2) of 2 x 3, 79590802 + 53063709 limbs at 185718225, slots 0: A - B - | 1.011 s: redistribute 0.069 ntt 0.828 crt 0.001 out 0.081 carry 0.036 | ntt parts rows 0.005 cols 0.004 pack 0.002 xfer 0.646 a2a 0.815
dist_mn node 1: 159181605 x 159191131 limbs over 4 x 4 ranks (cap 2^27): 2 x 3 pieces, 6 formed, 0 skipped (cache 0 slots: 0 hits, 0 misses)
cache_trace node 2: piece (1, 2) of 2 x 3, 79590802 + 53063709 limbs at 185718225, slots 0: A - B - | 1.011 s: redistribute 0.070 ntt 0.829 crt 0.001 out 0.083 carry 0.035 | ntt parts rows 0.005 cols 0.004 pack 0.002 xfer 0.647 a2a 0.815
dist_mn node 2: 159181605 x 159191131 limbs over 4 x 4 ranks (cap 2^27): 2 x 3 pieces, 6 formed, 0 skipped (cache 0 slots: 0 hits, 0 misses)
cache_trace node 3: piece (1, 2) of 2 x 3, 79590802 + 53063709 limbs at 185718225, slots 0: A - B - | 1.011 s: redistribute 0.069 ntt 0.831 crt 0.002 out 0.077 carry 0.035 | ntt parts rows 0.005 cols 0.004 pack 0.002 xfer 0.643 a2a 0.818
dist_mn node 3: 159181605 x 159191131 limbs over 4 x 4 ranks (cap 2^27): 2 x 3 pieces, 6 formed, 0 skipped (cache 0 slots: 0 hits, 0 misses)
cx_grid node 0: rep 1 shape 2x3_full (159181605 x 159191131, cut 0 / -1) slots 0: 6.083 s, cache 0 hits 0 misses, C sha256 225bd7b48e391974 same
cx_grid node 1: rep 1 shape 2x3_full (159181605 x 159191131, cut 0 / -1) slots 0: 6.083 s, cache 0 hits 0 misses, C sha256 016385c789164206 same
cx_grid node 2: rep 1 shape 2x3_full (159181605 x 159191131, cut 0 / -1) slots 0: 6.083 s, cache 0 hits 0 misses, C sha256 f4218a47e6a08190 same
cx_grid node 3: rep 1 shape 2x3_full (159181605 x 159191131, cut 0 / -1) slots 0: 6.083 s, cache 0 hits 0 misses, C sha256 9bd99874540d8242 same
cache_trace node 0: piece (0, 0) of 2 x 3, 79590803 + 53063711 limbs at 0, slots 2: A cached B cached | 1.030 s: redistribute 0.071 ntt 0.865 crt 0.003 out 0.093 carry 0.002 | ntt parts rows 0.005 cols 0.004 pack 0.002 xfer 0.679 a2a 0.854
cache_trace node 1: piece (0, 0) of 2 x 3, 79590803 + 53063711 limbs at 0, slots 2: A cached B cached | 1.030 s: redistribute 0.070 ntt 0.873 crt 0.003 out 0.092 carry 0.002 | ntt parts rows 0.005 cols 0.004 pack 0.002 xfer 0.687 a2a 0.858
cache_trace node 2: piece (0, 0) of 2 x 3, 79590803 + 53063711 limbs at 0, slots 2: A cached B cached | 1.030 s: redistribute 0.071 ntt 0.870 crt 0.003 out 0.091 carry 0.002 | ntt parts rows 0.005 cols 0.004 pack 0.002 xfer 0.676 a2a 0.856
cache_trace node 3: piece (0, 0) of 2 x 3, 79590803 + 53063711 limbs at 0, slots 2: A cached B cached | 1.030 s: redistribute 0.072 ntt 0.884 crt 0.003 out 0.092 carry 0.002 | ntt parts rows 0.005 cols 0.004 pack 0.002 xfer 0.684 a2a 0.860
cache_trace node 0: piece (1, 0) of 2 x 3, 79590802 + 53063711 limbs at 79590803, slots 2: A - B HIT | 0.730 s: redistribute 0.043 ntt 0.581 crt 0.001 out 0.082 carry 0.028 | ntt parts rows 0.004 cols 0.003 pack 0.002 xfer 0.454 a2a 0.569
cache_trace node 1: piece (1, 0) of 2 x 3, 79590802 + 53063711 limbs at 79590803, slots 2: A - B HIT | 0.730 s: redistribute 0.043 ntt 0.580 crt 0.002 out 0.087 carry 0.028 | ntt parts rows 0.004 cols 0.003 pack 0.002 xfer 0.445 a2a 0.568
cache_trace node 2: piece (1, 0) of 2 x 3, 79590802 + 53063711 limbs at 79590803, slots 2: A - B HIT | 0.730 s: redistribute 0.043 ntt 0.573 crt 0.001 out 0.084 carry 0.028 | ntt parts rows 0.004 cols 0.003 pack 0.002 xfer 0.451 a2a 0.564
cache_trace node 3: piece (1, 0) of 2 x 3, 79590802 + 53063711 limbs at 79590803, slots 2: A - B HIT | 0.730 s: redistribute 0.044 ntt 0.587 crt 0.001 out 0.086 carry 0.028 | ntt parts rows 0.003 cols 0.003 pack 0.002 xfer 0.451 a2a 0.571
cache_trace node 0: piece (0, 1) of 2 x 3, 79590803 + 53063711 limbs at 53063711, slots 2: A HIT B cached | 0.732 s: redistribute 0.032 ntt 0.587 crt 0.002 out 0.098 carry 0.028 | ntt parts rows 0.003 cols 0.003 pack 0.002 xfer 0.459 a2a 0.574
cache_trace node 1: piece (0, 1) of 2 x 3, 79590803 + 53063711 limbs at 53063711, slots 2: A HIT B cached | 0.732 s: redistribute 0.031 ntt 0.595 crt 0.001 out 0.097 carry 0.028 | ntt parts rows 0.004 cols 0.003 pack 0.002 xfer 0.459 a2a 0.579
cache_trace node 2: piece (0, 1) of 2 x 3, 79590803 + 53063711 limbs at 53063711, slots 2: A HIT B cached | 0.732 s: redistribute 0.028 ntt 0.592 crt 0.002 out 0.099 carry 0.028 | ntt parts rows 0.004 cols 0.002 pack 0.002 xfer 0.460 a2a 0.575
cache_trace node 3: piece (0, 1) of 2 x 3, 79590803 + 53063711 limbs at 53063711, slots 2: A HIT B cached | 0.732 s: redistribute 0.025 ntt 0.596 crt 0.001 out 0.093 carry 0.029 | ntt parts rows 0.003 cols 0.003 pack 0.002 xfer 0.459 a2a 0.585
cache_trace node 1: piece (1, 1) of 2 x 3, 79590802 + 53063711 limbs at 132654514, slots 2: A - B HIT | 0.723 s: redistribute 0.048 ntt 0.574 crt 0.003 out 0.088 carry 0.024 | ntt parts rows 0.004 cols 0.003 pack 0.002 xfer 0.451 a2a 0.562
cache_trace node 2: piece (1, 1) of 2 x 3, 79590802 + 53063711 limbs at 132654514, slots 2: A - B HIT | 0.723 s: redistribute 0.039 ntt 0.591 crt 0.003 out 0.081 carry 0.024 | ntt parts rows 0.003 cols 0.003 pack 0.002 xfer 0.455 a2a 0.572
cache_trace node 0: piece (1, 1) of 2 x 3, 79590802 + 53063711 limbs at 132654514, slots 2: A - B HIT | 0.723 s: redistribute 0.049 ntt 0.578 crt 0.003 out 0.084 carry 0.024 | ntt parts rows 0.003 cols 0.003 pack 0.002 xfer 0.444 a2a 0.562
cache_trace node 3: piece (1, 1) of 2 x 3, 79590802 + 53063711 limbs at 132654514, slots 2: A - B HIT | 0.723 s: redistribute 0.039 ntt 0.594 crt 0.002 out 0.088 carry 0.024 | ntt parts rows 0.003 cols 0.003 pack 0.002 xfer 0.450 a2a 0.572
cache_trace node 0: piece (0, 2) of 2 x 3, 79590803 + 53063709 limbs at 106127422, slots 2: A HIT B cached | 0.690 s: redistribute 0.034 ntt 0.553 crt 0.002 out 0.078 carry 0.033 | ntt parts rows 0.003 cols 0.003 pack 0.001 xfer 0.423 a2a 0.536
cache_trace node 1: piece (0, 2) of 2 x 3, 79590803 + 53063709 limbs at 106127422, slots 2: A HIT B cached | 0.690 s: redistribute 0.029 ntt 0.550 crt 0.002 out 0.080 carry 0.033 | ntt parts rows 0.004 cols 0.003 pack 0.002 xfer 0.426 a2a 0.536
cache_trace node 2: piece (0, 2) of 2 x 3, 79590803 + 53063709 limbs at 106127422, slots 2: A HIT B cached | 0.690 s: redistribute 0.027 ntt 0.547 crt 0.002 out 0.086 carry 0.033 | ntt parts rows 0.003 cols 0.003 pack 0.002 xfer 0.426 a2a 0.537
cache_trace node 3: piece (0, 2) of 2 x 3, 79590803 + 53063709 limbs at 106127422, slots 2: A HIT B cached | 0.690 s: redistribute 0.032 ntt 0.546 crt 0.002 out 0.085 carry 0.033 | ntt parts rows 0.003 cols 0.002 pack 0.002 xfer 0.421 a2a 0.534
cache_trace node 0: piece (1, 2) of 2 x 3, 79590802 + 53063709 limbs at 185718225, slots 2: A - B HIT | 0.743 s: redistribute 0.045 ntt 0.575 crt 0.002 out 0.097 carry 0.031 | ntt parts rows 0.004 cols 0.002 pack 0.002 xfer 0.443 a2a 0.566
dist_mn node 0: 159181605 x 159191131 limbs over 4 x 4 ranks (cap 2^27): 2 x 3 pieces, 6 formed, 0 skipped (cache 2 slots: 5 hits, 4 misses)
cache_trace node 1: piece (1, 2) of 2 x 3, 79590802 + 53063709 limbs at 185718225, slots 2: A - B HIT | 0.743 s: redistribute 0.053 ntt 0.572 crt 0.002 out 0.104 carry 0.031 | ntt parts rows 0.004 cols 0.003 pack 0.002 xfer 0.448 a2a 0.560
dist_mn node 1: 159181605 x 159191131 limbs over 4 x 4 ranks (cap 2^27): 2 x 3 pieces, 6 formed, 0 skipped (cache 2 slots: 5 hits, 4 misses)
cache_trace node 2: piece (1, 2) of 2 x 3, 79590802 + 53063709 limbs at 185718225, slots 2: A - B HIT | 0.743 s: redistribute 0.054 ntt 0.575 crt 0.002 out 0.107 carry 0.030 | ntt parts rows 0.003 cols 0.003 pack 0.002 xfer 0.450 a2a 0.561
dist_mn node 2: 159181605 x 159191131 limbs over 4 x 4 ranks (cap 2^27): 2 x 3 pieces, 6 formed, 0 skipped (cache 2 slots: 5 hits, 4 misses)
cache_trace node 3: piece (1, 2) of 2 x 3, 79590802 + 53063709 limbs at 185718225, slots 2: A - B HIT | 0.743 s: redistribute 0.037 ntt 0.585 crt 0.002 out 0.099 carry 0.030 | ntt parts rows 0.004 cols 0.003 pack 0.002 xfer 0.458 a2a 0.574
dist_mn node 3: 159181605 x 159191131 limbs over 4 x 4 ranks (cap 2^27): 2 x 3 pieces, 6 formed, 0 skipped (cache 2 slots: 5 hits, 4 misses)
cx_grid node 0: rep 1 shape 2x3_full (159181605 x 159191131, cut 0 / -1) slots 2: 4.654 s, cache 5 hits 4 misses, C sha256 225bd7b48e391974 same
cx_grid node 3: rep 1 shape 2x3_full (159181605 x 159191131, cut 0 / -1) slots 2: 4.654 s, cache 5 hits 4 misses, C sha256 9bd99874540d8242 same
cx_grid node 2: rep 1 shape 2x3_full (159181605 x 159191131, cut 0 / -1) slots 2: 4.654 s, cache 5 hits 4 misses, C sha256 f4218a47e6a08190 same
cx_grid node 1: rep 1 shape 2x3_full (159181605 x 159191131, cut 0 / -1) slots 2: 4.654 s, cache 5 hits 4 misses, C sha256 016385c789164206 same
cache_trace node 0: piece (0, 0) of 2 x 6, 78703953 + 52845459 limbs at 0, slots 0: A - B - | 1.072 s: redistribute 0.068 ntt 0.884 crt 0.002 out 0.127 carry 0.002 | ntt parts rows 0.005 cols 0.004 pack 0.002 xfer 0.682 a2a 0.864
cache_trace node 1: piece (0, 0) of 2 x 6, 78703953 + 52845459 limbs at 0, slots 0: A - B - | 1.072 s: redistribute 0.072 ntt 0.875 crt 0.002 out 0.127 carry 0.002 | ntt parts rows 0.005 cols 0.004 pack 0.002 xfer 0.686 a2a 0.861
cache_trace node 2: piece (0, 0) of 2 x 6, 78703953 + 52845459 limbs at 0, slots 0: A - B - | 1.072 s: redistribute 0.070 ntt 0.884 crt 0.001 out 0.128 carry 0.003 | ntt parts rows 0.005 cols 0.004 pack 0.002 xfer 0.689 a2a 0.862
cache_trace node 3: piece (0, 0) of 2 x 6, 78703953 + 52845459 limbs at 0, slots 0: A - B - | 1.072 s: redistribute 0.071 ntt 0.884 crt 0.001 out 0.120 carry 0.003 | ntt parts rows 0.005 cols 0.004 pack 0.002 xfer 0.691 a2a 0.867
cache_trace node 0: piece (1, 0) of 2 x 6, 78703952 + 52845459 limbs at 78703953, slots 0: A - B - | 1.031 s: redistribute 0.070 ntt 0.834 crt 0.003 out 0.095 carry 0.045 | ntt parts rows 0.005 cols 0.004 pack 0.002 xfer 0.646 a2a 0.815
cache_trace node 1: piece (1, 0) of 2 x 6, 78703952 + 52845459 limbs at 78703953, slots 0: A - B - | 1.031 s: redistribute 0.065 ntt 0.833 crt 0.003 out 0.094 carry 0.044 | ntt parts rows 0.005 cols 0.004 pack 0.003 xfer 0.642 a2a 0.817
cache_trace node 2: piece (1, 0) of 2 x 6, 78703952 + 52845459 limbs at 78703953, slots 0: A - B - | 1.031 s: redistribute 0.070 ntt 0.832 crt 0.003 out 0.091 carry 0.045 | ntt parts rows 0.005 cols 0.004 pack 0.002 xfer 0.649 a2a 0.815
cache_trace node 3: piece (1, 0) of 2 x 6, 78703952 + 52845459 limbs at 78703953, slots 0: A - B - | 1.031 s: redistribute 0.066 ntt 0.836 crt 0.001 out 0.093 carry 0.045 | ntt parts rows 0.005 cols 0.004 pack 0.002 xfer 0.650 a2a 0.818
cache_trace node 0: piece (0, 1) of 2 x 6, 78703953 + 52845459 limbs at 52845459, slots 0: A - B - | 1.058 s: redistribute 0.072 ntt 0.844 crt 0.001 out 0.090 carry 0.052 | ntt parts rows 0.005 cols 0.004 pack 0.002 xfer 0.659 a2a 0.830
cache_trace node 1: piece (0, 1) of 2 x 6, 78703953 + 52845459 limbs at 52845459, slots 0: A - B - | 1.058 s: redistribute 0.068 ntt 0.843 crt 0.001 out 0.094 carry 0.052 | ntt parts rows 0.005 cols 0.004 pack 0.002 xfer 0.659 a2a 0.829
cache_trace node 2: piece (0, 1) of 2 x 6, 78703953 + 52845459 limbs at 52845459, slots 0: A - B - | 1.058 s: redistribute 0.071 ntt 0.844 crt 0.001 out 0.098 carry 0.052 | ntt parts rows 0.005 cols 0.004 pack 0.002 xfer 0.665 a2a 0.829
cache_trace node 3: piece (0, 1) of 2 x 6, 78703953 + 52845459 limbs at 52845459, slots 0: A - B - | 1.058 s: redistribute 0.069 ntt 0.841 crt 0.001 out 0.096 carry 0.052 | ntt parts rows 0.005 cols 0.004 pack 0.002 xfer 0.656 a2a 0.829
cache_trace node 0: piece (1, 1) of 2 x 6, 78703952 + 52845459 limbs at 131549412, slots 0: A - B - | 1.033 s: redistribute 0.071 ntt 0.842 crt 0.001 out 0.100 carry 0.032 | ntt parts rows 0.005 cols 0.004 pack 0.002 xfer 0.662 a2a 0.823
cache_trace node 1: piece (1, 1) of 2 x 6, 78703952 + 52845459 limbs at 131549412, slots 0: A - B - | 1.033 s: redistribute 0.069 ntt 0.843 crt 0.002 out 0.097 carry 0.032 | ntt parts rows 0.005 cols 0.004 pack 0.002 xfer 0.660 a2a 0.828
cache_trace node 2: piece (1, 1) of 2 x 6, 78703952 + 52845459 limbs at 131549412, slots 0: A - B - | 1.033 s: redistribute 0.070 ntt 0.841 crt 0.001 out 0.099 carry 0.032 | ntt parts rows 0.005 cols 0.004 pack 0.002 xfer 0.643 a2a 0.823
cache_trace node 3: piece (1, 1) of 2 x 6, 78703952 + 52845459 limbs at 131549412, slots 0: A - B - | 1.033 s: redistribute 0.072 ntt 0.842 crt 0.002 out 0.098 carry 0.032 | ntt parts rows 0.005 cols 0.004 pack 0.002 xfer 0.648 a2a 0.827
cache_trace node 0: piece (0, 2) of 2 x 6, 78703953 + 52845459 limbs at 105690918, slots 0: A - B - | 1.043 s: redistribute 0.072 ntt 0.841 crt 0.002 out 0.117 carry 0.017 | ntt parts rows 0.005 cols 0.004 pack 0.002 xfer 0.656 a2a 0.830
cache_trace node 1: piece (0, 2) of 2 x 6, 78703953 + 52845459 limbs at 105690918, slots 0: A - B - | 1.043 s: redistribute 0.071 ntt 0.851 crt 0.002 out 0.116 carry 0.017 | ntt parts rows 0.005 cols 0.004 pack 0.002 xfer 0.656 a2a 0.832
cache_trace node 2: piece (0, 2) of 2 x 6, 78703953 + 52845459 limbs at 105690918, slots 0: A - B - | 1.043 s: redistribute 0.080 ntt 0.845 crt 0.002 out 0.114 carry 0.017 | ntt parts rows 0.005 cols 0.004 pack 0.002 xfer 0.661 a2a 0.828
cache_trace node 3: piece (0, 2) of 2 x 6, 78703953 + 52845459 limbs at 105690918, slots 0: A - B - | 1.043 s: redistribute 0.081 ntt 0.857 crt 0.001 out 0.111 carry 0.017 | ntt parts rows 0.005 cols 0.004 pack 0.002 xfer 0.663 a2a 0.835
cache_trace node 0: piece (1, 2) of 2 x 6, 78703952 + 52845459 limbs at 184394871, slots 0: A - B - | 1.017 s: redistribute 0.072 ntt 0.819 crt 0.002 out 0.087 carry 0.050 | ntt parts rows 0.005 cols 0.004 pack 0.002 xfer 0.641 a2a 0.804
cache_trace node 1: piece (1, 2) of 2 x 6, 78703952 + 52845459 limbs at 184394871, slots 0: A - B - | 1.017 s: redistribute 0.071 ntt 0.827 crt 0.002 out 0.084 carry 0.049 | ntt parts rows 0.005 cols 0.004 pack 0.002 xfer 0.643 a2a 0.810
cache_trace node 2: piece (1, 2) of 2 x 6, 78703952 + 52845459 limbs at 184394871, slots 0: A - B - | 1.017 s: redistribute 0.071 ntt 0.820 crt 0.001 out 0.087 carry 0.049 | ntt parts rows 0.005 cols 0.004 pack 0.002 xfer 0.637 a2a 0.804
cache_trace node 3: piece (1, 2) of 2 x 6, 78703952 + 52845459 limbs at 184394871, slots 0: A - B - | 1.017 s: redistribute 0.080 ntt 0.826 crt 0.001 out 0.083 carry 0.050 | ntt parts rows 0.005 cols 0.004 pack 0.002 xfer 0.637 a2a 0.807
cache_trace node 0: piece (0, 3) of 2 x 6, 78703953 + 52845459 limbs at 158536377, slots 0: A - B - | 1.048 s: redistribute 0.078 ntt 0.852 crt 0.002 out 0.083 carry 0.054 | ntt parts rows 0.005 cols 0.004 pack 0.002 xfer 0.661 a2a 0.831
cache_trace node 1: piece (0, 3) of 2 x 6, 78703953 + 52845459 limbs at 158536377, slots 0: A - B - | 1.048 s: redistribute 0.069 ntt 0.853 crt 0.001 out 0.083 carry 0.053 | ntt parts rows 0.005 cols 0.004 pack 0.003 xfer 0.666 a2a 0.835
cache_trace node 2: piece (0, 3) of 2 x 6, 78703953 + 52845459 limbs at 158536377, slots 0: A - B - | 1.048 s: redistribute 0.065 ntt 0.858 crt 0.002 out 0.077 carry 0.054 | ntt parts rows 0.005 cols 0.004 pack 0.002 xfer 0.668 a2a 0.843
cache_trace node 3: piece (0, 3) of 2 x 6, 78703953 + 52845459 limbs at 158536377, slots 0: A - B - | 1.048 s: redistribute 0.078 ntt 0.856 crt 0.002 out 0.083 carry 0.054 | ntt parts rows 0.005 cols 0.004 pack 0.002 xfer 0.667 a2a 0.834
cache_trace node 0: piece (1, 3) of 2 x 6, 78703952 + 52845459 limbs at 237240330, slots 0: A - B - | 1.033 s: redistribute 0.067 ntt 0.852 crt 0.001 out 0.108 carry 0.014 | ntt parts rows 0.005 cols 0.004 pack 0.003 xfer 0.661 a2a 0.839
cache_trace node 1: piece (1, 3) of 2 x 6, 78703952 + 52845459 limbs at 237240330, slots 0: A - B - | 1.033 s: redistribute 0.068 ntt 0.851 crt 0.002 out 0.111 carry 0.013 | ntt parts rows 0.005 cols 0.004 pack 0.002 xfer 0.657 a2a 0.837
cache_trace node 2: piece (1, 3) of 2 x 6, 78703952 + 52845459 limbs at 237240330, slots 0: A - B - | 1.033 s: redistribute 0.063 ntt 0.855 crt 0.002 out 0.114 carry 0.013 | ntt parts rows 0.005 cols 0.004 pack 0.002 xfer 0.669 a2a 0.840
cache_trace node 3: piece (1, 3) of 2 x 6, 78703952 + 52845459 limbs at 237240330, slots 0: A - B - | 1.033 s: redistribute 0.066 ntt 0.859 crt 0.002 out 0.111 carry 0.013 | ntt parts rows 0.005 cols 0.004 pack 0.002 xfer 0.667 a2a 0.841
cache_trace node 0: piece (0, 4) of 2 x 6, 78703953 + 52845459 limbs at 211381836, slots 0: A - B - | 1.050 s: redistribute 0.074 ntt 0.843 crt 0.001 out 0.104 carry 0.037 | ntt parts rows 0.005 cols 0.004 pack 0.003 xfer 0.672 a2a 0.831
cache_trace node 1: piece (0, 4) of 2 x 6, 78703953 + 52845459 limbs at 211381836, slots 0: A - B - | 1.050 s: redistribute 0.073 ntt 0.853 crt 0.002 out 0.099 carry 0.037 | ntt parts rows 0.005 cols 0.004 pack 0.002 xfer 0.663 a2a 0.838
cache_trace node 2: piece (0, 4) of 2 x 6, 78703953 + 52845459 limbs at 211381836, slots 0: A - B - | 1.050 s: redistribute 0.070 ntt 0.855 crt 0.001 out 0.102 carry 0.036 | ntt parts rows 0.005 cols 0.004 pack 0.002 xfer 0.653 a2a 0.835
cache_trace node 3: piece (0, 4) of 2 x 6, 78703953 + 52845459 limbs at 211381836, slots 0: A - B - | 1.050 s: redistribute 0.073 ntt 0.848 crt 0.002 out 0.103 carry 0.037 | ntt parts rows 0.005 cols 0.004 pack 0.002 xfer 0.667 a2a 0.834
cache_trace node 0: piece (1, 4) of 2 x 6, 78703952 + 52845459 limbs at 290085789, slots 0: A - B - | 1.021 s: redistribute 0.075 ntt 0.830 crt 0.001 out 0.072 carry 0.051 | ntt parts rows 0.005 cols 0.004 pack 0.003 xfer 0.653 a2a 0.814
cache_trace node 1: piece (1, 4) of 2 x 6, 78703952 + 52845459 limbs at 290085789, slots 0: A - B - | 1.021 s: redistribute 0.072 ntt 0.835 crt 0.002 out 0.076 carry 0.050 | ntt parts rows 0.005 cols 0.004 pack 0.002 xfer 0.643 a2a 0.814
cache_trace node 2: piece (1, 4) of 2 x 6, 78703952 + 52845459 limbs at 290085789, slots 0: A - B - | 1.021 s: redistribute 0.072 ntt 0.835 crt 0.002 out 0.071 carry 0.050 | ntt parts rows 0.005 cols 0.004 pack 0.002 xfer 0.647 a2a 0.818
cache_trace node 3: piece (1, 4) of 2 x 6, 78703952 + 52845459 limbs at 290085789, slots 0: A - B - | 1.021 s: redistribute 0.074 ntt 0.839 crt 0.002 out 0.075 carry 0.050 | ntt parts rows 0.005 cols 0.004 pack 0.002 xfer 0.637 a2a 0.816
cache_trace node 0: piece (0, 5) of 2 x 6, 78703953 + 52845454 limbs at 264227295, slots 0: A - B - | 1.057 s: redistribute 0.071 ntt 0.853 crt 0.002 out 0.092 carry 0.046 | ntt parts rows 0.005 cols 0.004 pack 0.002 xfer 0.673 a2a 0.840
cache_trace node 1: piece (0, 5) of 2 x 6, 78703953 + 52845454 limbs at 264227295, slots 0: A - B - | 1.057 s: redistribute 0.069 ntt 0.857 crt 0.002 out 0.091 carry 0.046 | ntt parts rows 0.005 cols 0.004 pack 0.002 xfer 0.672 a2a 0.841
cache_trace node 2: piece (0, 5) of 2 x 6, 78703953 + 52845454 limbs at 264227295, slots 0: A - B - | 1.057 s: redistribute 0.072 ntt 0.855 crt 0.001 out 0.093 carry 0.046 | ntt parts rows 0.005 cols 0.004 pack 0.002 xfer 0.670 a2a 0.841
cache_trace node 3: piece (0, 5) of 2 x 6, 78703953 + 52845454 limbs at 264227295, slots 0: A - B - | 1.057 s: redistribute 0.071 ntt 0.855 crt 0.002 out 0.093 carry 0.046 | ntt parts rows 0.005 cols 0.004 pack 0.002 xfer 0.666 a2a 0.837
cache_trace node 0: piece (1, 5) of 2 x 6, 78703952 + 52845454 limbs at 342931248, slots 0: A - B - | 1.016 s: redistribute 0.071 ntt 0.837 crt 0.002 out 0.108 carry 0.015 | ntt parts rows 0.005 cols 0.004 pack 0.003 xfer 0.652 a2a 0.815
dist_mn node 0: 157407905 x 317072749 limbs over 4 x 4 ranks (cap 2^27): 2 x 6 pieces, 12 formed, 0 skipped (cache 0 slots: 0 hits, 0 misses)
cache_trace node 1: piece (1, 5) of 2 x 6, 78703952 + 52845454 limbs at 342931248, slots 0: A - B - | 1.017 s: redistribute 0.067 ntt 0.843 crt 0.002 out 0.110 carry 0.015 | ntt parts rows 0.005 cols 0.004 pack 0.002 xfer 0.662 a2a 0.822
dist_mn node 1: 157407905 x 317072749 limbs over 4 x 4 ranks (cap 2^27): 2 x 6 pieces, 12 formed, 0 skipped (cache 0 slots: 0 hits, 0 misses)
cache_trace node 2: piece (1, 5) of 2 x 6, 78703952 + 52845454 limbs at 342931248, slots 0: A - B - | 1.017 s: redistribute 0.076 ntt 0.841 crt 0.001 out 0.105 carry 0.014 | ntt parts rows 0.005 cols 0.004 pack 0.002 xfer 0.658 a2a 0.821
dist_mn node 2: 157407905 x 317072749 limbs over 4 x 4 ranks (cap 2^27): 2 x 6 pieces, 12 formed, 0 skipped (cache 0 slots: 0 hits, 0 misses)
cache_trace node 3: piece (1, 5) of 2 x 6, 78703952 + 52845454 limbs at 342931248, slots 0: A - B - | 1.017 s: redistribute 0.074 ntt 0.833 crt 0.002 out 0.108 carry 0.014 | ntt parts rows 0.005 cols 0.004 pack 0.002 xfer 0.640 a2a 0.817
dist_mn node 3: 157407905 x 317072749 limbs over 4 x 4 ranks (cap 2^27): 2 x 6 pieces, 12 formed, 0 skipped (cache 0 slots: 0 hits, 0 misses)
cx_grid node 0: rep 1 shape 2x6_full (157407905 x 317072749, cut 0 / -1) slots 0: 12.487 s, cache 0 hits 0 misses, C sha256 75d48aec4fdde193 same
cx_grid node 3: rep 1 shape 2x6_full (157407905 x 317072749, cut 0 / -1) slots 0: 12.487 s, cache 0 hits 0 misses, C sha256 db65c4e9c17923b1 same
cx_grid node 2: rep 1 shape 2x6_full (157407905 x 317072749, cut 0 / -1) slots 0: 12.487 s, cache 0 hits 0 misses, C sha256 99747f2d57c5e2cf same
cx_grid node 1: rep 1 shape 2x6_full (157407905 x 317072749, cut 0 / -1) slots 0: 12.487 s, cache 0 hits 0 misses, C sha256 6330df3bb25f6c16 same
cache_trace node 0: piece (0, 0) of 2 x 6, 78703953 + 52845459 limbs at 0, slots 2: A cached B cached | 1.041 s: redistribute 0.074 ntt 0.854 crt 0.001 out 0.117 carry 0.002 | ntt parts rows 0.005 cols 0.004 pack 0.002 xfer 0.657 a2a 0.840
cache_trace node 1: piece (0, 0) of 2 x 6, 78703953 + 52845459 limbs at 0, slots 2: A cached B cached | 1.041 s: redistribute 0.073 ntt 0.857 crt 0.003 out 0.114 carry 0.002 | ntt parts rows 0.005 cols 0.004 pack 0.002 xfer 0.665 a2a 0.842
cache_trace node 2: piece (0, 0) of 2 x 6, 78703953 + 52845459 limbs at 0, slots 2: A cached B cached | 1.041 s: redistribute 0.073 ntt 0.850 crt 0.003 out 0.114 carry 0.002 | ntt parts rows 0.005 cols 0.004 pack 0.002 xfer 0.656 a2a 0.839
cache_trace node 3: piece (0, 0) of 2 x 6, 78703953 + 52845459 limbs at 0, slots 2: A cached B cached | 1.041 s: redistribute 0.074 ntt 0.857 crt 0.002 out 0.111 carry 0.003 | ntt parts rows 0.005 cols 0.004 pack 0.002 xfer 0.665 a2a 0.843
cache_trace node 0: piece (1, 0) of 2 x 6, 78703952 + 52845459 limbs at 78703953, slots 2: A - B HIT | 0.753 s: redistribute 0.041 ntt 0.575 crt 0.003 out 0.097 carry 0.046 | ntt parts rows 0.004 cols 0.003 pack 0.002 xfer 0.448 a2a 0.563
cache_trace node 1: piece (1, 0) of 2 x 6, 78703952 + 52845459 limbs at 78703953, slots 2: A - B HIT | 0.753 s: redistribute 0.051 ntt 0.573 crt 0.003 out 0.098 carry 0.046 | ntt parts rows 0.004 cols 0.003 pack 0.002 xfer 0.452 a2a 0.560
cache_trace node 2: piece (1, 0) of 2 x 6, 78703952 + 52845459 limbs at 78703953, slots 2: A - B HIT | 0.753 s: redistribute 0.044 ntt 0.571 crt 0.003 out 0.096 carry 0.046 | ntt parts rows 0.003 cols 0.003 pack 0.002 xfer 0.443 a2a 0.562
cache_trace node 3: piece (1, 0) of 2 x 6, 78703952 + 52845459 limbs at 78703953, slots 2: A - B HIT | 0.753 s: redistribute 0.052 ntt 0.574 crt 0.001 out 0.099 carry 0.046 | ntt parts rows 0.003 cols 0.003 pack 0.002 xfer 0.450 a2a 0.561
cache_trace node 0: piece (0, 1) of 2 x 6, 78703953 + 52845459 limbs at 52845459, slots 2: A HIT B cached | 0.719 s: redistribute 0.027 ntt 0.548 crt 0.002 out 0.093 carry 0.051 | ntt parts rows 0.004 cols 0.003 pack 0.002 xfer 0.426 a2a 0.536
cache_trace node 1: piece (0, 1) of 2 x 6, 78703953 + 52845459 limbs at 52845459, slots 2: A HIT B cached | 0.719 s: redistribute 0.028 ntt 0.552 crt 0.001 out 0.089 carry 0.051 | ntt parts rows 0.003 cols 0.003 pack 0.002 xfer 0.422 a2a 0.537
cache_trace node 2: piece (0, 1) of 2 x 6, 78703953 + 52845459 limbs at 52845459, slots 2: A HIT B cached | 0.719 s: redistribute 0.029 ntt 0.551 crt 0.002 out 0.089 carry 0.051 | ntt parts rows 0.004 cols 0.003 pack 0.002 xfer 0.426 a2a 0.534
cache_trace node 3: piece (0, 1) of 2 x 6, 78703953 + 52845459 limbs at 52845459, slots 2: A HIT B cached | 0.719 s: redistribute 0.029 ntt 0.555 crt 0.002 out 0.086 carry 0.051 | ntt parts rows 0.003 cols 0.003 pack 0.002 xfer 0.420 a2a 0.539
cache_trace node 0: piece (1, 1) of 2 x 6, 78703952 + 52845459 limbs at 131549412, slots 2: A - B HIT | 0.717 s: redistribute 0.043 ntt 0.553 crt 0.002 out 0.096 carry 0.031 | ntt parts rows 0.003 cols 0.003 pack 0.002 xfer 0.424 a2a 0.535
cache_trace node 1: piece (1, 1) of 2 x 6, 78703952 + 52845459 limbs at 131549412, slots 2: A - B HIT | 0.717 s: redistribute 0.042 ntt 0.545 crt 0.001 out 0.099 carry 0.030 | ntt parts rows 0.004 cols 0.003 pack 0.002 xfer 0.422 a2a 0.533
cache_trace node 2: piece (1, 1) of 2 x 6, 78703952 + 52845459 limbs at 131549412, slots 2: A - B HIT | 0.717 s: redistribute 0.039 ntt 0.552 crt 0.002 out 0.094 carry 0.030 | ntt parts rows 0.004 cols 0.003 pack 0.002 xfer 0.416 a2a 0.540
cache_trace node 3: piece (1, 1) of 2 x 6, 78703952 + 52845459 limbs at 131549412, slots 2: A - B HIT | 0.717 s: redistribute 0.043 ntt 0.552 crt 0.002 out 0.095 carry 0.031 | ntt parts rows 0.003 cols 0.002 pack 0.002 xfer 0.436 a2a 0.540
cache_trace node 0: piece (0, 2) of 2 x 6, 78703953 + 52845459 limbs at 105690918, slots 2: A HIT B cached | 0.713 s: redistribute 0.030 ntt 0.554 crt 0.001 out 0.116 carry 0.018 | ntt parts rows 0.003 cols 0.003 pack 0.002 xfer 0.431 a2a 0.544
cache_trace node 1: piece (0, 2) of 2 x 6, 78703953 + 52845459 limbs at 105690918, slots 2: A HIT B cached | 0.713 s: redistribute 0.028 ntt 0.553 crt 0.002 out 0.119 carry 0.017 | ntt parts rows 0.003 cols 0.003 pack 0.002 xfer 0.429 a2a 0.542
cache_trace node 2: piece (0, 2) of 2 x 6, 78703953 + 52845459 limbs at 105690918, slots 2: A HIT B cached | 0.713 s: redistribute 0.030 ntt 0.556 crt 0.002 out 0.115 carry 0.018 | ntt parts rows 0.004 cols 0.003 pack 0.002 xfer 0.422 a2a 0.543
cache_trace node 3: piece (0, 2) of 2 x 6, 78703953 + 52845459 limbs at 105690918, slots 2: A HIT B cached | 0.713 s: redistribute 0.029 ntt 0.556 crt 0.002 out 0.113 carry 0.018 | ntt parts rows 0.004 cols 0.003 pack 0.002 xfer 0.424 a2a 0.545
cache_trace node 0: piece (1, 2) of 2 x 6, 78703952 + 52845459 limbs at 184394871, slots 2: A - B HIT | 0.745 s: redistribute 0.041 ntt 0.575 crt 0.002 out 0.086 carry 0.051 | ntt parts rows 0.004 cols 0.003 pack 0.002 xfer 0.446 a2a 0.563
cache_trace node 1: piece (1, 2) of 2 x 6, 78703952 + 52845459 limbs at 184394871, slots 2: A - B HIT | 0.745 s: redistribute 0.043 ntt 0.572 crt 0.002 out 0.087 carry 0.051 | ntt parts rows 0.003 cols 0.003 pack 0.002 xfer 0.443 a2a 0.562
cache_trace node 2: piece (1, 2) of 2 x 6, 78703952 + 52845459 limbs at 184394871, slots 2: A - B HIT | 0.745 s: redistribute 0.043 ntt 0.576 crt 0.002 out 0.084 carry 0.051 | ntt parts rows 0.004 cols 0.003 pack 0.002 xfer 0.451 a2a 0.562
cache_trace node 3: piece (1, 2) of 2 x 6, 78703952 + 52845459 limbs at 184394871, slots 2: A - B HIT | 0.745 s: redistribute 0.044 ntt 0.573 crt 0.002 out 0.083 carry 0.051 | ntt parts rows 0.003 cols 0.002 pack 0.002 xfer 0.440 a2a 0.559
cache_trace node 0: piece (0, 3) of 2 x 6, 78703953 + 52845459 limbs at 158536377, slots 2: A HIT B cached | 0.731 s: redistribute 0.029 ntt 0.572 crt 0.002 out 0.083 carry 0.054 | ntt parts rows 0.003 cols 0.003 pack 0.002 xfer 0.436 a2a 0.559
cache_trace node 1: piece (0, 3) of 2 x 6, 78703953 + 52845459 limbs at 158536377, slots 2: A HIT B cached | 0.731 s: redistribute 0.029 ntt 0.567 crt 0.003 out 0.087 carry 0.054 | ntt parts rows 0.003 cols 0.002 pack 0.002 xfer 0.436 a2a 0.557
cache_trace node 2: piece (0, 3) of 2 x 6, 78703953 + 52845459 limbs at 158536377, slots 2: A HIT B cached | 0.731 s: redistribute 0.027 ntt 0.576 crt 0.002 out 0.086 carry 0.054 | ntt parts rows 0.003 cols 0.003 pack 0.002 xfer 0.444 a2a 0.563
cache_trace node 3: piece (0, 3) of 2 x 6, 78703953 + 52845459 limbs at 158536377, slots 2: A HIT B cached | 0.731 s: redistribute 0.029 ntt 0.575 crt 0.003 out 0.079 carry 0.054 | ntt parts rows 0.003 cols 0.002 pack 0.001 xfer 0.440 a2a 0.563
cache_trace node 0: piece (1, 3) of 2 x 6, 78703952 + 52845459 limbs at 237240330, slots 2: A - B HIT | 0.712 s: redistribute 0.043 ntt 0.552 crt 0.002 out 0.107 carry 0.014 | ntt parts rows 0.004 cols 0.003 pack 0.002 xfer 0.433 a2a 0.544
cache_trace node 1: piece (1, 3) of 2 x 6, 78703952 + 52845459 limbs at 237240330, slots 2: A - B HIT | 0.713 s: redistribute 0.045 ntt 0.559 crt 0.001 out 0.109 carry 0.014 | ntt parts rows 0.004 cols 0.003 pack 0.002 xfer 0.431 a2a 0.545
cache_trace node 2: piece (1, 3) of 2 x 6, 78703952 + 52845459 limbs at 237240330, slots 2: A - B HIT | 0.713 s: redistribute 0.041 ntt 0.551 crt 0.002 out 0.107 carry 0.014 | ntt parts rows 0.004 cols 0.003 pack 0.002 xfer 0.430 a2a 0.542
cache_trace node 3: piece (1, 3) of 2 x 6, 78703952 + 52845459 limbs at 237240330, slots 2: A - B HIT | 0.713 s: redistribute 0.045 ntt 0.563 crt 0.001 out 0.109 carry 0.014 | ntt parts rows 0.003 cols 0.002 pack 0.002 xfer 0.424 a2a 0.546
cache_trace node 0: piece (0, 4) of 2 x 6, 78703953 + 52845459 limbs at 211381836, slots 2: A HIT B cached | 0.721 s: redistribute 0.029 ntt 0.567 crt 0.002 out 0.098 carry 0.035 | ntt parts rows 0.003 cols 0.003 pack 0.002 xfer 0.437 a2a 0.554
cache_trace node 1: piece (0, 4) of 2 x 6, 78703953 + 52845459 limbs at 211381836, slots 2: A HIT B cached | 0.721 s: redistribute 0.033 ntt 0.560 crt 0.003 out 0.099 carry 0.035 | ntt parts rows 0.003 cols 0.002 pack 0.002 xfer 0.440 a2a 0.549
cache_trace node 2: piece (0, 4) of 2 x 6, 78703953 + 52845459 limbs at 211381836, slots 2: A HIT B cached | 0.721 s: redistribute 0.028 ntt 0.570 crt 0.003 out 0.095 carry 0.034 | ntt parts rows 0.003 cols 0.003 pack 0.002 xfer 0.446 a2a 0.557
cache_trace node 3: piece (0, 4) of 2 x 6, 78703953 + 52845459 limbs at 211381836, slots 2: A HIT B cached | 0.721 s: redistribute 0.034 ntt 0.565 crt 0.003 out 0.097 carry 0.035 | ntt parts rows 0.003 cols 0.002 pack 0.002 xfer 0.437 a2a 0.551
cache_trace node 0: piece (1, 4) of 2 x 6, 78703952 + 52845459 limbs at 290085789, slots 2: A - B HIT | 0.719 s: redistribute 0.044 ntt 0.549 crt 0.002 out 0.079 carry 0.050 | ntt parts rows 0.004 cols 0.003 pack 0.002 xfer 0.425 a2a 0.537
cache_trace node 2: piece (1, 4) of 2 x 6, 78703952 + 52845459 limbs at 290085789, slots 2: A - B HIT | 0.719 s: redistribute 0.043 ntt 0.544 crt 0.001 out 0.087 carry 0.049 | ntt parts rows 0.003 cols 0.003 pack 0.002 xfer 0.422 a2a 0.534
cache_trace node 1: piece (1, 4) of 2 x 6, 78703952 + 52845459 limbs at 290085789, slots 2: A - B HIT | 0.719 s: redistribute 0.044 ntt 0.550 crt 0.001 out 0.088 carry 0.050 | ntt parts rows 0.004 cols 0.003 pack 0.002 xfer 0.430 a2a 0.536
cache_trace node 3: piece (1, 4) of 2 x 6, 78703952 + 52845459 limbs at 290085789, slots 2: A - B HIT | 0.719 s: redistribute 0.042 ntt 0.553 crt 0.002 out 0.086 carry 0.050 | ntt parts rows 0.003 cols 0.003 pack 0.001 xfer 0.423 a2a 0.538
cache_trace node 0: piece (0, 5) of 2 x 6, 78703953 + 52845454 limbs at 264227295, slots 2: A HIT B cached | 0.722 s: redistribute 0.031 ntt 0.563 crt 0.002 out 0.087 carry 0.045 | ntt parts rows 0.004 cols 0.003 pack 0.002 xfer 0.435 a2a 0.553
cache_trace node 1: piece (0, 5) of 2 x 6, 78703953 + 52845454 limbs at 264227295, slots 2: A HIT B cached | 0.721 s: redistribute 0.029 ntt 0.562 crt 0.003 out 0.086 carry 0.045 | ntt parts rows 0.003 cols 0.003 pack 0.002 xfer 0.441 a2a 0.554
cache_trace node 2: piece (0, 5) of 2 x 6, 78703953 + 52845454 limbs at 264227295, slots 2: A HIT B cached | 0.722 s: redistribute 0.029 ntt 0.569 crt 0.002 out 0.086 carry 0.044 | ntt parts rows 0.003 cols 0.003 pack 0.002 xfer 0.432 a2a 0.558
cache_trace node 3: piece (0, 5) of 2 x 6, 78703953 + 52845454 limbs at 264227295, slots 2: A HIT B cached | 0.721 s: redistribute 0.030 ntt 0.574 crt 0.003 out 0.090 carry 0.044 | ntt parts rows 0.003 cols 0.003 pack 0.002 xfer 0.438 a2a 0.557
cache_trace node 0: piece (1, 5) of 2 x 6, 78703952 + 52845454 limbs at 342931248, slots 2: A - B HIT | 0.735 s: redistribute 0.040 ntt 0.581 crt 0.001 out 0.115 carry 0.015 | ntt parts rows 0.003 cols 0.003 pack 0.002 xfer 0.444 a2a 0.567
dist_mn node 0: 157407905 x 317072749 limbs over 4 x 4 ranks (cap 2^27): 2 x 6 pieces, 12 formed, 0 skipped (cache 2 slots: 11 hits, 7 misses)
cache_trace node 1: piece (1, 5) of 2 x 6, 78703952 + 52845454 limbs at 342931248, slots 2: A - B HIT | 0.735 s: redistribute 0.044 ntt 0.576 crt 0.003 out 0.111 carry 0.015 | ntt parts rows 0.004 cols 0.003 pack 0.002 xfer 0.448 a2a 0.564
dist_mn node 1: 157407905 x 317072749 limbs over 4 x 4 ranks (cap 2^27): 2 x 6 pieces, 12 formed, 0 skipped (cache 2 slots: 11 hits, 7 misses)
cache_trace node 2: piece (1, 5) of 2 x 6, 78703952 + 52845454 limbs at 342931248, slots 2: A - B HIT | 0.735 s: redistribute 0.045 ntt 0.570 crt 0.003 out 0.113 carry 0.015 | ntt parts rows 0.004 cols 0.003 pack 0.002 xfer 0.453 a2a 0.561
dist_mn node 2: 157407905 x 317072749 limbs over 4 x 4 ranks (cap 2^27): 2 x 6 pieces, 12 formed, 0 skipped (cache 2 slots: 11 hits, 7 misses)
cache_trace node 3: piece (1, 5) of 2 x 6, 78703952 + 52845454 limbs at 342931248, slots 2: A - B HIT | 0.735 s: redistribute 0.037 ntt 0.582 crt 0.003 out 0.108 carry 0.014 | ntt parts rows 0.004 cols 0.003 pack 0.002 xfer 0.444 a2a 0.568
dist_mn node 3: 157407905 x 317072749 limbs over 4 x 4 ranks (cap 2^27): 2 x 6 pieces, 12 formed, 0 skipped (cache 2 slots: 11 hits, 7 misses)
cx_grid node 0: rep 1 shape 2x6_full (157407905 x 317072749, cut 0 / -1) slots 2: 9.036 s, cache 11 hits 7 misses, C sha256 75d48aec4fdde193 same
cx_grid node 1: rep 1 shape 2x6_full (157407905 x 317072749, cut 0 / -1) slots 2: 9.035 s, cache 11 hits 7 misses, C sha256 6330df3bb25f6c16 same
cx_grid node 2: rep 1 shape 2x6_full (157407905 x 317072749, cut 0 / -1) slots 2: 9.036 s, cache 11 hits 7 misses, C sha256 99747f2d57c5e2cf same
cx_grid node 3: rep 1 shape 2x6_full (157407905 x 317072749, cut 0 / -1) slots 2: 9.035 s, cache 11 hits 7 misses, C sha256 db65c4e9c17923b1 same
cache_trace node 0: piece (0, 0) of 2 x 2, 58235255 + 59310082 limbs at 0, slots 0: A - B - | 0.967 s: redistribute 0.061 ntt 0.844 crt 0.002 out 0.083 carry 0.002 | ntt parts rows 0.005 cols 0.004 pack 0.002 xfer 0.650 a2a 0.817
cache_trace node 1: piece (0, 0) of 2 x 2, 58235255 + 59310082 limbs at 0, slots 0: A - B - | 0.967 s: redistribute 0.068 ntt 0.834 crt 0.002 out 0.079 carry 0.002 | ntt parts rows 0.005 cols 0.004 pack 0.002 xfer 0.654 a2a 0.814
cache_trace node 2: piece (0, 0) of 2 x 2, 58235255 + 59310082 limbs at 0, slots 0: A - B - | 0.967 s: redistribute 0.068 ntt 0.840 crt 0.001 out 0.077 carry 0.002 | ntt parts rows 0.005 cols 0.004 pack 0.002 xfer 0.644 a2a 0.817
cache_trace node 3: piece (0, 0) of 2 x 2, 58235255 + 59310082 limbs at 0, slots 0: A - B - | 0.967 s: redistribute 0.060 ntt 0.838 crt 0.001 out 0.077 carry 0.002 | ntt parts rows 0.005 cols 0.004 pack 0.002 xfer 0.651 a2a 0.818
cache_trace node 0: piece (1, 0) of 2 x 2, 58235254 + 59310082 limbs at 58235255, slots 0: A - B - | 0.962 s: redistribute 0.067 ntt 0.821 crt 0.001 out 0.072 carry 0.007 | ntt parts rows 0.005 cols 0.004 pack 0.002 xfer 0.639 a2a 0.808
cache_trace node 1: piece (1, 0) of 2 x 2, 58235254 + 59310082 limbs at 58235255, slots 0: A - B - | 0.962 s: redistribute 0.065 ntt 0.830 crt 0.002 out 0.069 carry 0.006 | ntt parts rows 0.005 cols 0.004 pack 0.002 xfer 0.642 a2a 0.815
cache_trace node 2: piece (1, 0) of 2 x 2, 58235254 + 59310082 limbs at 58235255, slots 0: A - B - | 0.962 s: redistribute 0.066 ntt 0.831 crt 0.001 out 0.072 carry 0.006 | ntt parts rows 0.005 cols 0.004 pack 0.002 xfer 0.636 a2a 0.814
cache_trace node 3: piece (1, 0) of 2 x 2, 58235254 + 59310082 limbs at 58235255, slots 0: A - B - | 0.962 s: redistribute 0.076 ntt 0.841 crt 0.002 out 0.070 carry 0.007 | ntt parts rows 0.005 cols 0.004 pack 0.002 xfer 0.646 a2a 0.813
cache_trace node 0: piece (0, 1) of 2 x 2, 58235255 + 59310081 limbs at 59310082, slots 0: A - B - | 1.008 s: redistribute 0.060 ntt 0.871 crt 0.002 out 0.071 carry 0.007 | ntt parts rows 0.005 cols 0.004 pack 0.002 xfer 0.675 a2a 0.856
cache_trace node 1: piece (0, 1) of 2 x 2, 58235255 + 59310081 limbs at 59310082, slots 0: A - B - | 1.008 s: redistribute 0.072 ntt 0.864 crt 0.002 out 0.072 carry 0.007 | ntt parts rows 0.005 cols 0.004 pack 0.002 xfer 0.678 a2a 0.851
cache_trace node 2: piece (0, 1) of 2 x 2, 58235255 + 59310081 limbs at 59310082, slots 0: A - B - | 1.008 s: redistribute 0.064 ntt 0.870 crt 0.002 out 0.069 carry 0.007 | ntt parts rows 0.005 cols 0.004 pack 0.003 xfer 0.679 a2a 0.853
cache_trace node 3: piece (0, 1) of 2 x 2, 58235255 + 59310081 limbs at 59310082, slots 0: A - B - | 1.008 s: redistribute 0.060 ntt 0.876 crt 0.002 out 0.071 carry 0.006 | ntt parts rows 0.005 cols 0.003 pack 0.002 xfer 0.694 a2a 0.856
cache_trace node 0: piece (1, 1) of 2 x 2, 58235254 + 59310081 limbs at 117545337, slots 0: A - B - | 0.991 s: redistribute 0.063 ntt 0.857 crt 0.004 out 0.066 carry 0.005 | ntt parts rows 0.005 cols 0.004 pack 0.002 xfer 0.671 a2a 0.842
dist_mn node 0: 116470509 x 118620163 limbs over 4 x 4 ranks (cap 2^27): 2 x 2 pieces, 4 formed, 0 skipped (cache 0 slots: 0 hits, 0 misses)
cache_trace node 1: piece (1, 1) of 2 x 2, 58235254 + 59310081 limbs at 117545337, slots 0: A - B - | 0.991 s: redistribute 0.064 ntt 0.860 crt 0.005 out 0.067 carry 0.005 | ntt parts rows 0.005 cols 0.004 pack 0.002 xfer 0.673 a2a 0.844
dist_mn node 1: 116470509 x 118620163 limbs over 4 x 4 ranks (cap 2^27): 2 x 2 pieces, 4 formed, 0 skipped (cache 0 slots: 0 hits, 0 misses)
cache_trace node 2: piece (1, 1) of 2 x 2, 58235254 + 59310081 limbs at 117545337, slots 0: A - B - | 0.991 s: redistribute 0.062 ntt 0.868 crt 0.004 out 0.068 carry 0.005 | ntt parts rows 0.005 cols 0.004 pack 0.003 xfer 0.672 a2a 0.845
dist_mn node 2: 116470509 x 118620163 limbs over 4 x 4 ranks (cap 2^27): 2 x 2 pieces, 4 formed, 0 skipped (cache 0 slots: 0 hits, 0 misses)
cache_trace node 3: piece (1, 1) of 2 x 2, 58235254 + 59310081 limbs at 117545337, slots 0: A - B - | 0.991 s: redistribute 0.062 ntt 0.863 crt 0.004 out 0.067 carry 0.005 | ntt parts rows 0.005 cols 0.004 pack 0.003 xfer 0.659 a2a 0.843
dist_mn node 3: 116470509 x 118620163 limbs over 4 x 4 ranks (cap 2^27): 2 x 2 pieces, 4 formed, 0 skipped (cache 0 slots: 0 hits, 0 misses)
cx_grid node 1: rep 1 shape 2x2_full (116470509 x 118620163, cut 0 / -1) slots 0: 3.932 s, cache 0 hits 0 misses, C sha256 1bfb80fc63c65489 same
cx_grid node 2: rep 1 shape 2x2_full (116470509 x 118620163, cut 0 / -1) slots 0: 3.932 s, cache 0 hits 0 misses, C sha256 8c755de6553d0344 same
cx_grid node 0: rep 1 shape 2x2_full (116470509 x 118620163, cut 0 / -1) slots 0: 3.932 s, cache 0 hits 0 misses, C sha256 93cc444c3a95e21f same
cx_grid node 3: rep 1 shape 2x2_full (116470509 x 118620163, cut 0 / -1) slots 0: 3.932 s, cache 0 hits 0 misses, C sha256 655f472ae0083311 same
cache_trace node 0: piece (0, 0) of 2 x 2, 58235255 + 59310082 limbs at 0, slots 2: A cached B cached | 0.960 s: redistribute 0.063 ntt 0.814 crt 0.002 out 0.086 carry 0.002 | ntt parts rows 0.005 cols 0.004 pack 0.002 xfer 0.634 a2a 0.799
cache_trace node 1: piece (0, 0) of 2 x 2, 58235255 + 59310082 limbs at 0, slots 2: A cached B cached | 0.960 s: redistribute 0.063 ntt 0.819 crt 0.002 out 0.082 carry 0.002 | ntt parts rows 0.005 cols 0.004 pack 0.002 xfer 0.626 a2a 0.803
cache_trace node 2: piece (0, 0) of 2 x 2, 58235255 + 59310082 limbs at 0, slots 2: A cached B cached | 0.960 s: redistribute 0.062 ntt 0.816 crt 0.001 out 0.088 carry 0.002 | ntt parts rows 0.005 cols 0.004 pack 0.002 xfer 0.632 a2a 0.802
cache_trace node 3: piece (0, 0) of 2 x 2, 58235255 + 59310082 limbs at 0, slots 2: A cached B cached | 0.960 s: redistribute 0.063 ntt 0.822 crt 0.001 out 0.080 carry 0.002 | ntt parts rows 0.005 cols 0.004 pack 0.003 xfer 0.636 a2a 0.807
cache_trace node 0: piece (1, 0) of 2 x 2, 58235254 + 59310082 limbs at 58235255, slots 2: A - B HIT | 0.661 s: redistribute 0.036 ntt 0.555 crt 0.002 out 0.070 carry 0.007 | ntt parts rows 0.004 cols 0.003 pack 0.002 xfer 0.431 a2a 0.542
cache_trace node 1: piece (1, 0) of 2 x 2, 58235254 + 59310082 limbs at 58235255, slots 2: A - B HIT | 0.661 s: redistribute 0.035 ntt 0.559 crt 0.002 out 0.070 carry 0.006 | ntt parts rows 0.004 cols 0.003 pack 0.002 xfer 0.431 a2a 0.545
cache_trace node 2: piece (1, 0) of 2 x 2, 58235254 + 59310082 limbs at 58235255, slots 2: A - B HIT | 0.661 s: redistribute 0.033 ntt 0.566 crt 0.002 out 0.066 carry 0.006 | ntt parts rows 0.003 cols 0.003 pack 0.002 xfer 0.439 a2a 0.550
cache_trace node 3: piece (1, 0) of 2 x 2, 58235254 + 59310082 limbs at 58235255, slots 2: A - B HIT | 0.661 s: redistribute 0.031 ntt 0.558 crt 0.002 out 0.068 carry 0.007 | ntt parts rows 0.004 cols 0.002 pack 0.002 xfer 0.433 a2a 0.550
cache_trace node 0: piece (0, 1) of 2 x 2, 58235255 + 59310081 limbs at 59310082, slots 2: A HIT B cached | 0.662 s: redistribute 0.038 ntt 0.558 crt 0.001 out 0.068 carry 0.007 | ntt parts rows 0.003 cols 0.003 pack 0.002 xfer 0.435 a2a 0.545
cache_trace node 1: piece (0, 1) of 2 x 2, 58235255 + 59310081 limbs at 59310082, slots 2: A HIT B cached | 0.662 s: redistribute 0.031 ntt 0.568 crt 0.003 out 0.071 carry 0.007 | ntt parts rows 0.003 cols 0.003 pack 0.002 xfer 0.432 a2a 0.550
cache_trace node 2: piece (0, 1) of 2 x 2, 58235255 + 59310081 limbs at 59310082, slots 2: A HIT B cached | 0.662 s: redistribute 0.035 ntt 0.563 crt 0.003 out 0.065 carry 0.006 | ntt parts rows 0.003 cols 0.003 pack 0.002 xfer 0.434 a2a 0.551
cache_trace node 3: piece (0, 1) of 2 x 2, 58235255 + 59310081 limbs at 59310082, slots 2: A HIT B cached | 0.662 s: redistribute 0.037 ntt 0.556 crt 0.002 out 0.069 carry 0.007 | ntt parts rows 0.003 cols 0.003 pack 0.002 xfer 0.430 a2a 0.546
cache_trace node 0: piece (1, 1) of 2 x 2, 58235254 + 59310081 limbs at 117545337, slots 2: A - B HIT | 0.653 s: redistribute 0.033 ntt 0.547 crt 0.002 out 0.072 carry 0.006 | ntt parts rows 0.003 cols 0.003 pack 0.002 xfer 0.429 a2a 0.538
dist_mn node 0: 116470509 x 118620163 limbs over 4 x 4 ranks (cap 2^27): 2 x 2 pieces, 4 formed, 0 skipped (cache 2 slots: 3 hits, 3 misses)
cache_trace node 1: piece (1, 1) of 2 x 2, 58235254 + 59310081 limbs at 117545337, slots 2: A - B HIT | 0.653 s: redistribute 0.033 ntt 0.545 crt 0.002 out 0.070 carry 0.006 | ntt parts rows 0.004 cols 0.003 pack 0.002 xfer 0.423 a2a 0.537
dist_mn node 1: 116470509 x 118620163 limbs over 4 x 4 ranks (cap 2^27): 2 x 2 pieces, 4 formed, 0 skipped (cache 2 slots: 3 hits, 3 misses)
cache_trace node 2: piece (1, 1) of 2 x 2, 58235254 + 59310081 limbs at 117545337, slots 2: A - B HIT | 0.653 s: redistribute 0.033 ntt 0.562 crt 0.002 out 0.068 carry 0.005 | ntt parts rows 0.004 cols 0.003 pack 0.002 xfer 0.430 a2a 0.543
dist_mn node 2: 116470509 x 118620163 limbs over 4 x 4 ranks (cap 2^27): 2 x 2 pieces, 4 formed, 0 skipped (cache 2 slots: 3 hits, 3 misses)
cache_trace node 3: piece (1, 1) of 2 x 2, 58235254 + 59310081 limbs at 117545337, slots 2: A - B HIT | 0.653 s: redistribute 0.032 ntt 0.559 crt 0.003 out 0.069 carry 0.005 | ntt parts rows 0.004 cols 0.003 pack 0.002 xfer 0.426 a2a 0.543
dist_mn node 3: 116470509 x 118620163 limbs over 4 x 4 ranks (cap 2^27): 2 x 2 pieces, 4 formed, 0 skipped (cache 2 slots: 3 hits, 3 misses)
cx_grid node 0: rep 1 shape 2x2_full (116470509 x 118620163, cut 0 / -1) slots 2: 2.939 s, cache 3 hits 3 misses, C sha256 93cc444c3a95e21f same
cx_grid node 2: rep 1 shape 2x2_full (116470509 x 118620163, cut 0 / -1) slots 2: 2.939 s, cache 3 hits 3 misses, C sha256 8c755de6553d0344 same
cx_grid node 1: rep 1 shape 2x2_full (116470509 x 118620163, cut 0 / -1) slots 2: 2.939 s, cache 3 hits 3 misses, C sha256 1bfb80fc63c65489 same
cx_grid node 3: rep 1 shape 2x2_full (116470509 x 118620163, cut 0 / -1) slots 2: 2.939 s, cache 3 hits 3 misses, C sha256 655f472ae0083311 same
cache_trace node 0: piece (0, 0) of 2 x 2, 86466471 + 43233236 limbs at 0, slots 0: A - B - | 0.946 s: redistribute 0.059 ntt 0.833 crt 0.001 out 0.054 carry 0.002 | ntt parts rows 0.005 cols 0.004 pack 0.002 xfer 0.648 a2a 0.819
cache_trace node 1: piece (0, 0) of 2 x 2, 86466471 + 43233236 limbs at 0, slots 0: A - B - | 0.946 s: redistribute 0.064 ntt 0.832 crt 0.002 out 0.058 carry 0.002 | ntt parts rows 0.005 cols 0.004 pack 0.002 xfer 0.649 a2a 0.815
cache_trace node 2: piece (0, 0) of 2 x 2, 86466471 + 43233236 limbs at 0, slots 0: A - B - | 0.946 s: redistribute 0.059 ntt 0.831 crt 0.001 out 0.059 carry 0.002 | ntt parts rows 0.005 cols 0.004 pack 0.002 xfer 0.642 a2a 0.816
cache_trace node 3: piece (0, 0) of 2 x 2, 86466471 + 43233236 limbs at 0, slots 0: A - B - | 0.946 s: redistribute 0.061 ntt 0.830 crt 0.002 out 0.057 carry 0.002 | ntt parts rows 0.005 cols 0.004 pack 0.002 xfer 0.640 a2a 0.816
cache_trace node 0: piece (1, 0) of 2 x 2, 86466471 + 43233236 limbs at 86466471, slots 0: A - B - | 0.967 s: redistribute 0.061 ntt 0.862 crt 0.001 out 0.049 carry 0.005 | ntt parts rows 0.005 cols 0.004 pack 0.002 xfer 0.668 a2a 0.844
cache_trace node 1: piece (1, 0) of 2 x 2, 86466471 + 43233236 limbs at 86466471, slots 0: A - B - | 0.967 s: redistribute 0.064 ntt 0.850 crt 0.002 out 0.056 carry 0.005 | ntt parts rows 0.005 cols 0.004 pack 0.002 xfer 0.663 a2a 0.837
cache_trace node 2: piece (1, 0) of 2 x 2, 86466471 + 43233236 limbs at 86466471, slots 0: A - B - | 0.967 s: redistribute 0.057 ntt 0.852 crt 0.002 out 0.056 carry 0.004 | ntt parts rows 0.005 cols 0.004 pack 0.002 xfer 0.670 a2a 0.839
cache_trace node 3: piece (1, 0) of 2 x 2, 86466471 + 43233236 limbs at 86466471, slots 0: A - B - | 0.967 s: redistribute 0.063 ntt 0.852 crt 0.001 out 0.059 carry 0.004 | ntt parts rows 0.005 cols 0.004 pack 0.002 xfer 0.653 a2a 0.835
cache_trace node 0: piece (0, 1) of 2 x 2, 86466471 + 43233235 limbs at 43233236, slots 0: A - B - | 0.985 s: redistribute 0.063 ntt 0.868 crt 0.003 out 0.053 carry 0.006 | ntt parts rows 0.005 cols 0.004 pack 0.002 xfer 0.671 a2a 0.846
cache_trace node 1: piece (0, 1) of 2 x 2, 86466471 + 43233235 limbs at 43233236, slots 0: A - B - | 0.985 s: redistribute 0.066 ntt 0.867 crt 0.003 out 0.056 carry 0.006 | ntt parts rows 0.005 cols 0.004 pack 0.002 xfer 0.672 a2a 0.844
cache_trace node 2: piece (0, 1) of 2 x 2, 86466471 + 43233235 limbs at 43233236, slots 0: A - B - | 0.985 s: redistribute 0.067 ntt 0.866 crt 0.003 out 0.053 carry 0.006 | ntt parts rows 0.005 cols 0.004 pack 0.002 xfer 0.668 a2a 0.848
cache_trace node 3: piece (0, 1) of 2 x 2, 86466471 + 43233235 limbs at 43233236, slots 0: A - B - | 0.985 s: redistribute 0.066 ntt 0.868 crt 0.003 out 0.058 carry 0.006 | ntt parts rows 0.005 cols 0.004 pack 0.002 xfer 0.660 a2a 0.845
cache_trace node 0: piece (1, 1) of 2 x 2, 86466471 + 43233235 limbs at 129699707, slots 0: A - B - | 0.951 s: redistribute 0.069 ntt 0.846 crt 0.002 out 0.045 carry 0.003 | ntt parts rows 0.005 cols 0.004 pack 0.002 xfer 0.654 a2a 0.827
dist_mn node 0: 172932942 x 86466471 limbs over 4 x 4 ranks (cap 2^27): 2 x 2 pieces, 4 formed, 0 skipped (low product) (low cut) (cache 0 slots: 0 hits, 0 misses)
cache_trace node 1: piece (1, 1) of 2 x 2, 86466471 + 43233235 limbs at 129699707, slots 0: A - B - | 0.951 s: redistribute 0.061 ntt 0.845 crt 0.002 out 0.047 carry 0.003 | ntt parts rows 0.005 cols 0.004 pack 0.002 xfer 0.663 a2a 0.831
dist_mn node 1: 172932942 x 86466471 limbs over 4 x 4 ranks (cap 2^27): 2 x 2 pieces, 4 formed, 0 skipped (low product) (low cut) (cache 0 slots: 0 hits, 0 misses)
cache_trace node 2: piece (1, 1) of 2 x 2, 86466471 + 43233235 limbs at 129699707, slots 0: A - B - | 0.951 s: redistribute 0.063 ntt 0.844 crt 0.002 out 0.042 carry 0.003 | ntt parts rows 0.005 cols 0.004 pack 0.002 xfer 0.640 a2a 0.833
dist_mn node 2: 172932942 x 86466471 limbs over 4 x 4 ranks (cap 2^27): 2 x 2 pieces, 4 formed, 0 skipped (low product) (low cut) (cache 0 slots: 0 hits, 0 misses)
cache_trace node 3: piece (1, 1) of 2 x 2, 86466471 + 43233235 limbs at 129699707, slots 0: A - B - | 0.951 s: redistribute 0.075 ntt 0.850 crt 0.002 out 0.042 carry 0.002 | ntt parts rows 0.005 cols 0.004 pack 0.003 xfer 0.650 a2a 0.827
dist_mn node 3: 172932942 x 86466471 limbs over 4 x 4 ranks (cap 2^27): 2 x 2 pieces, 4 formed, 0 skipped (low product) (low cut) (cache 0 slots: 0 hits, 0 misses)
cx_grid node 0: rep 1 shape 2x2_lowhighcut (172932942 x 86466471, cut 86466471 / 172932942) slots 0: 3.853 s, cache 0 hits 0 misses, C sha256 8a28b3f4d5f86f3b same
cx_grid node 1: rep 1 shape 2x2_lowhighcut (172932942 x 86466471, cut 86466471 / 172932942) slots 0: 3.853 s, cache 0 hits 0 misses, C sha256 41bd1fca6700c695 same
cx_grid node 3: rep 1 shape 2x2_lowhighcut (172932942 x 86466471, cut 86466471 / 172932942) slots 0: 3.853 s, cache 0 hits 0 misses, C sha256 cd4b256599962621 same
cx_grid node 2: rep 1 shape 2x2_lowhighcut (172932942 x 86466471, cut 86466471 / 172932942) slots 0: 3.853 s, cache 0 hits 0 misses, C sha256 c825094e6130837b same
cache_trace node 0: piece (0, 0) of 2 x 2, 86466471 + 43233236 limbs at 0, slots 2: A cached B cached | 0.970 s: redistribute 0.066 ntt 0.852 crt 0.002 out 0.063 carry 0.002 | ntt parts rows 0.005 cols 0.004 pack 0.002 xfer 0.664 a2a 0.834
cache_trace node 2: piece (0, 0) of 2 x 2, 86466471 + 43233236 limbs at 0, slots 2: A cached B cached | 0.970 s: redistribute 0.066 ntt 0.862 crt 0.002 out 0.064 carry 0.002 | ntt parts rows 0.005 cols 0.004 pack 0.002 xfer 0.648 a2a 0.835
cache_trace node 3: piece (0, 0) of 2 x 2, 86466471 + 43233236 limbs at 0, slots 2: A cached B cached | 0.970 s: redistribute 0.067 ntt 0.849 crt 0.002 out 0.064 carry 0.002 | ntt parts rows 0.005 cols 0.004 pack 0.002 xfer 0.655 a2a 0.832
cache_trace node 1: piece (0, 0) of 2 x 2, 86466471 + 43233236 limbs at 0, slots 2: A cached B cached | 0.970 s: redistribute 0.064 ntt 0.845 crt 0.002 out 0.062 carry 0.002 | ntt parts rows 0.005 cols 0.004 pack 0.002 xfer 0.662 a2a 0.833
cache_trace node 0: piece (1, 0) of 2 x 2, 86466471 + 43233236 limbs at 86466471, slots 2: A - B HIT | 0.676 s: redistribute 0.047 ntt 0.589 crt 0.002 out 0.053 carry 0.005 | ntt parts rows 0.003 cols 0.003 pack 0.002 xfer 0.449 a2a 0.568
cache_trace node 1: piece (1, 0) of 2 x 2, 86466471 + 43233236 limbs at 86466471, slots 2: A - B HIT | 0.676 s: redistribute 0.039 ntt 0.587 crt 0.002 out 0.054 carry 0.005 | ntt parts rows 0.003 cols 0.003 pack 0.002 xfer 0.455 a2a 0.574
cache_trace node 2: piece (1, 0) of 2 x 2, 86466471 + 43233236 limbs at 86466471, slots 2: A - B HIT | 0.676 s: redistribute 0.046 ntt 0.582 crt 0.002 out 0.058 carry 0.004 | ntt parts rows 0.004 cols 0.003 pack 0.002 xfer 0.448 a2a 0.565
cache_trace node 3: piece (1, 0) of 2 x 2, 86466471 + 43233236 limbs at 86466471, slots 2: A - B HIT | 0.676 s: redistribute 0.046 ntt 0.581 crt 0.002 out 0.055 carry 0.004 | ntt parts rows 0.004 cols 0.003 pack 0.002 xfer 0.453 a2a 0.567
cache_trace node 0: piece (0, 1) of 2 x 2, 86466471 + 43233235 limbs at 43233236, slots 2: A HIT B cached | 0.661 s: redistribute 0.022 ntt 0.569 crt 0.002 out 0.066 carry 0.007 | ntt parts rows 0.003 cols 0.003 pack 0.002 xfer 0.455 a2a 0.557
cache_trace node 1: piece (0, 1) of 2 x 2, 86466471 + 43233235 limbs at 43233236, slots 2: A HIT B cached | 0.661 s: redistribute 0.025 ntt 0.571 crt 0.002 out 0.065 carry 0.006 | ntt parts rows 0.003 cols 0.003 pack 0.002 xfer 0.440 a2a 0.554
cache_trace node 2: piece (0, 1) of 2 x 2, 86466471 + 43233235 limbs at 43233236, slots 2: A HIT B cached | 0.661 s: redistribute 0.029 ntt 0.565 crt 0.002 out 0.060 carry 0.006 | ntt parts rows 0.003 cols 0.003 pack 0.002 xfer 0.426 a2a 0.554
cache_trace node 3: piece (0, 1) of 2 x 2, 86466471 + 43233235 limbs at 43233236, slots 2: A HIT B cached | 0.661 s: redistribute 0.027 ntt 0.565 crt 0.002 out 0.062 carry 0.006 | ntt parts rows 0.003 cols 0.003 pack 0.002 xfer 0.441 a2a 0.555
cache_trace node 0: piece (1, 1) of 2 x 2, 86466471 + 43233235 limbs at 129699707, slots 2: A - B HIT | 0.650 s: redistribute 0.049 ntt 0.559 crt 0.001 out 0.051 carry 0.003 | ntt parts rows 0.004 cols 0.003 pack 0.002 xfer 0.431 a2a 0.546
dist_mn node 0: 172932942 x 86466471 limbs over 4 x 4 ranks (cap 2^27): 2 x 2 pieces, 4 formed, 0 skipped (low product) (low cut) (cache 2 slots: 3 hits, 3 misses)
cache_trace node 1: piece (1, 1) of 2 x 2, 86466471 + 43233235 limbs at 129699707, slots 2: A - B HIT | 0.650 s: redistribute 0.038 ntt 0.571 crt 0.001 out 0.056 carry 0.003 | ntt parts rows 0.004 cols 0.003 pack 0.002 xfer 0.449 a2a 0.556
dist_mn node 1: 172932942 x 86466471 limbs over 4 x 4 ranks (cap 2^27): 2 x 2 pieces, 4 formed, 0 skipped (low product) (low cut) (cache 2 slots: 3 hits, 3 misses)
cache_trace node 2: piece (1, 1) of 2 x 2, 86466471 + 43233235 limbs at 129699707, slots 2: A - B HIT | 0.650 s: redistribute 0.059 ntt 0.557 crt 0.002 out 0.054 carry 0.003 | ntt parts rows 0.003 cols 0.003 pack 0.002 xfer 0.429 a2a 0.542
dist_mn node 2: 172932942 x 86466471 limbs over 4 x 4 ranks (cap 2^27): 2 x 2 pieces, 4 formed, 0 skipped (low product) (low cut) (cache 2 slots: 3 hits, 3 misses)
cache_trace node 3: piece (1, 1) of 2 x 2, 86466471 + 43233235 limbs at 129699707, slots 2: A - B HIT | 0.650 s: redistribute 0.056 ntt 0.558 crt 0.002 out 0.052 carry 0.002 | ntt parts rows 0.003 cols 0.003 pack 0.002 xfer 0.434 a2a 0.543
dist_mn node 3: 172932942 x 86466471 limbs over 4 x 4 ranks (cap 2^27): 2 x 2 pieces, 4 formed, 0 skipped (low product) (low cut) (cache 2 slots: 3 hits, 3 misses)
cx_grid node 0: rep 1 shape 2x2_lowhighcut (172932942 x 86466471, cut 86466471 / 172932942) slots 2: 2.961 s, cache 3 hits 3 misses, C sha256 8a28b3f4d5f86f3b same
cx_grid node 2: rep 1 shape 2x2_lowhighcut (172932942 x 86466471, cut 86466471 / 172932942) slots 2: 2.961 s, cache 3 hits 3 misses, C sha256 c825094e6130837b same
cx_grid node 1: rep 1 shape 2x2_lowhighcut (172932942 x 86466471, cut 86466471 / 172932942) slots 2: 2.961 s, cache 3 hits 3 misses, C sha256 41bd1fca6700c695 same
cx_grid node 3: rep 1 shape 2x2_lowhighcut (172932942 x 86466471, cut 86466471 / 172932942) slots 2: 2.961 s, cache 3 hits 3 misses, C sha256 cd4b256599962621 same
cache_trace node 0: piece (0, 0) of 1 x 2, 86466471 + 43233236 limbs at 0, slots 0: A - B - | 0.948 s: redistribute 0.062 ntt 0.819 crt 0.002 out 0.067 carry 0.002 | ntt parts rows 0.005 cols 0.004 pack 0.002 xfer 0.642 a2a 0.805
cache_trace node 1: piece (0, 0) of 1 x 2, 86466471 + 43233236 limbs at 0, slots 0: A - B - | 0.948 s: redistribute 0.063 ntt 0.825 crt 0.001 out 0.063 carry 0.002 | ntt parts rows 0.005 cols 0.004 pack 0.003 xfer 0.641 a2a 0.809
cache_trace node 2: piece (0, 0) of 1 x 2, 86466471 + 43233236 limbs at 0, slots 0: A - B - | 0.948 s: redistribute 0.064 ntt 0.820 crt 0.002 out 0.064 carry 0.002 | ntt parts rows 0.005 cols 0.004 pack 0.002 xfer 0.642 a2a 0.806
cache_trace node 3: piece (0, 0) of 1 x 2, 86466471 + 43233236 limbs at 0, slots 0: A - B - | 0.948 s: redistribute 0.064 ntt 0.831 crt 0.002 out 0.061 carry 0.002 | ntt parts rows 0.005 cols 0.004 pack 0.002 xfer 0.640 a2a 0.811
cache_trace node 0: piece (0, 1) of 1 x 2, 86466471 + 43233235 limbs at 43233236, slots 0: A - B - | 0.967 s: redistribute 0.055 ntt 0.858 crt 0.002 out 0.056 carry 0.007 | ntt parts rows 0.005 cols 0.004 pack 0.002 xfer 0.670 a2a 0.841
dist_mn node 0: 86466471 x 86466471 limbs over 4 x 4 ranks (cap 2^27): 1 x 2 pieces, 2 formed, 0 skipped (low cut) (cache 0 slots: 0 hits, 0 misses)
cache_trace node 1: piece (0, 1) of 1 x 2, 86466471 + 43233235 limbs at 43233236, slots 0: A - B - | 0.967 s: redistribute 0.054 ntt 0.851 crt 0.001 out 0.055 carry 0.007 | ntt parts rows 0.005 cols 0.004 pack 0.003 xfer 0.669 a2a 0.839
dist_mn node 1: 86466471 x 86466471 limbs over 4 x 4 ranks (cap 2^27): 1 x 2 pieces, 2 formed, 0 skipped (low cut) (cache 0 slots: 0 hits, 0 misses)
cache_trace node 2: piece (0, 1) of 1 x 2, 86466471 + 43233235 limbs at 43233236, slots 0: A - B - | 0.967 s: redistribute 0.056 ntt 0.851 crt 0.002 out 0.055 carry 0.006 | ntt parts rows 0.005 cols 0.004 pack 0.003 xfer 0.662 a2a 0.838
dist_mn node 2: 86466471 x 86466471 limbs over 4 x 4 ranks (cap 2^27): 1 x 2 pieces, 2 formed, 0 skipped (low cut) (cache 0 slots: 0 hits, 0 misses)
cache_trace node 3: piece (0, 1) of 1 x 2, 86466471 + 43233235 limbs at 43233236, slots 0: A - B - | 0.967 s: redistribute 0.059 ntt 0.856 crt 0.001 out 0.058 carry 0.006 | ntt parts rows 0.005 cols 0.004 pack 0.002 xfer 0.662 a2a 0.838
dist_mn node 3: 86466471 x 86466471 limbs over 4 x 4 ranks (cap 2^27): 1 x 2 pieces, 2 formed, 0 skipped (low cut) (cache 0 slots: 0 hits, 0 misses)
cx_grid node 0: rep 1 shape 1x2_lowcut (86466471 x 86466471, cut 86466471 / -1) slots 0: 1.919 s, cache 0 hits 0 misses, C sha256 b2a61508af8f8a82 same
cx_grid node 1: rep 1 shape 1x2_lowcut (86466471 x 86466471, cut 86466471 / -1) slots 0: 1.919 s, cache 0 hits 0 misses, C sha256 c6d7d1000c8e5d25 same
cx_grid node 2: rep 1 shape 1x2_lowcut (86466471 x 86466471, cut 86466471 / -1) slots 0: 1.919 s, cache 0 hits 0 misses, C sha256 a2f6fb2d207e917c same
cx_grid node 3: rep 1 shape 1x2_lowcut (86466471 x 86466471, cut 86466471 / -1) slots 0: 1.919 s, cache 0 hits 0 misses, C sha256 d0fb91f49c5076a0 same
cache_trace node 0: piece (0, 0) of 1 x 2, 86466471 + 43233236 limbs at 0, slots 2: A cached B cached | 0.964 s: redistribute 0.065 ntt 0.848 crt 0.003 out 0.060 carry 0.002 | ntt parts rows 0.006 cols 0.004 pack 0.002 xfer 0.650 a2a 0.828
cache_trace node 1: piece (0, 0) of 1 x 2, 86466471 + 43233236 limbs at 0, slots 2: A cached B cached | 0.964 s: redistribute 0.060 ntt 0.843 crt 0.003 out 0.062 carry 0.002 | ntt parts rows 0.005 cols 0.004 pack 0.002 xfer 0.654 a2a 0.828
cache_trace node 3: piece (0, 0) of 1 x 2, 86466471 + 43233236 limbs at 0, slots 2: A cached B cached | 0.964 s: redistribute 0.063 ntt 0.853 crt 0.001 out 0.062 carry 0.002 | ntt parts rows 0.005 cols 0.004 pack 0.002 xfer 0.661 a2a 0.828
cache_trace node 2: piece (0, 0) of 1 x 2, 86466471 + 43233236 limbs at 0, slots 2: A cached B cached | 0.964 s: redistribute 0.063 ntt 0.850 crt 0.003 out 0.066 carry 0.002 | ntt parts rows 0.005 cols 0.004 pack 0.002 xfer 0.651 a2a 0.824
cache_trace node 0: piece (0, 1) of 1 x 2, 86466471 + 43233235 limbs at 43233236, slots 2: A HIT B cached | 0.637 s: redistribute 0.026 ntt 0.554 crt 0.002 out 0.057 carry 0.007 | ntt parts rows 0.003 cols 0.003 pack 0.002 xfer 0.428 a2a 0.544
dist_mn node 0: 86466471 x 86466471 limbs over 4 x 4 ranks (cap 2^27): 1 x 2 pieces, 2 formed, 0 skipped (low cut) (cache 2 slots: 1 hits, 3 misses)
cache_trace node 1: piece (0, 1) of 1 x 2, 86466471 + 43233235 limbs at 43233236, slots 2: A HIT B cached | 0.637 s: redistribute 0.025 ntt 0.561 crt 0.001 out 0.055 carry 0.006 | ntt parts rows 0.003 cols 0.003 pack 0.002 xfer 0.431 a2a 0.551
dist_mn node 1: 86466471 x 86466471 limbs over 4 x 4 ranks (cap 2^27): 1 x 2 pieces, 2 formed, 0 skipped (low cut) (cache 2 slots: 1 hits, 3 misses)
cache_trace node 2: piece (0, 1) of 1 x 2, 86466471 + 43233235 limbs at 43233236, slots 2: A HIT B cached | 0.637 s: redistribute 0.024 ntt 0.559 crt 0.002 out 0.055 carry 0.006 | ntt parts rows 0.003 cols 0.003 pack 0.002 xfer 0.430 a2a 0.546
dist_mn node 2: 86466471 x 86466471 limbs over 4 x 4 ranks (cap 2^27): 1 x 2 pieces, 2 formed, 0 skipped (low cut) (cache 2 slots: 1 hits, 3 misses)
cache_trace node 3: piece (0, 1) of 1 x 2, 86466471 + 43233235 limbs at 43233236, slots 2: A HIT B cached | 0.637 s: redistribute 0.025 ntt 0.552 crt 0.001 out 0.058 carry 0.006 | ntt parts rows 0.003 cols 0.003 pack 0.002 xfer 0.431 a2a 0.545
dist_mn node 3: 86466471 x 86466471 limbs over 4 x 4 ranks (cap 2^27): 1 x 2 pieces, 2 formed, 0 skipped (low cut) (cache 2 slots: 1 hits, 3 misses)
cx_grid node 0: rep 1 shape 1x2_lowcut (86466471 x 86466471, cut 86466471 / -1) slots 2: 1.604 s, cache 1 hits 3 misses, C sha256 b2a61508af8f8a82 same
cx_grid node 2: rep 1 shape 1x2_lowcut (86466471 x 86466471, cut 86466471 / -1) slots 2: 1.604 s, cache 1 hits 3 misses, C sha256 a2f6fb2d207e917c same
cx_grid node 1: rep 1 shape 1x2_lowcut (86466471 x 86466471, cut 86466471 / -1) slots 2: 1.604 s, cache 1 hits 3 misses, C sha256 c6d7d1000c8e5d25 same
cx_grid node 3: rep 1 shape 1x2_lowcut (86466471 x 86466471, cut 86466471 / -1) slots 2: 1.604 s, cache 1 hits 3 misses, C sha256 d0fb91f49c5076a0 same
cache_trace node 0: piece (1, 0) of 5 x 3, 69173177 + 57644314 limbs at 69173177, slots 0: A - B - | 1.023 s: redistribute 0.065 ntt 0.860 crt 0.002 out 0.094 carry 0.021 | ntt parts rows 0.005 cols 0.004 pack 0.002 xfer 0.667 a2a 0.842
cache_trace node 1: piece (1, 0) of 5 x 3, 69173177 + 57644314 limbs at 69173177, slots 0: A - B - | 1.023 s: redistribute 0.064 ntt 0.865 crt 0.001 out 0.093 carry 0.021 | ntt parts rows 0.005 cols 0.004 pack 0.002 xfer 0.669 a2a 0.845
cache_trace node 2: piece (1, 0) of 5 x 3, 69173177 + 57644314 limbs at 69173177, slots 0: A - B - | 1.023 s: redistribute 0.055 ntt 0.869 crt 0.001 out 0.089 carry 0.021 | ntt parts rows 0.005 cols 0.004 pack 0.002 xfer 0.685 a2a 0.853
cache_trace node 3: piece (1, 0) of 5 x 3, 69173177 + 57644314 limbs at 69173177, slots 0: A - B - | 1.023 s: redistribute 0.056 ntt 0.866 crt 0.002 out 0.096 carry 0.021 | ntt parts rows 0.005 cols 0.004 pack 0.002 xfer 0.668 a2a 0.846
cache_trace node 0: piece (2, 0) of 5 x 3, 69173177 + 57644314 limbs at 138346354, slots 0: A - B - | 1.002 s: redistribute 0.069 ntt 0.845 crt 0.001 out 0.081 carry 0.025 | ntt parts rows 0.005 cols 0.004 pack 0.002 xfer 0.657 a2a 0.829
cache_trace node 1: piece (2, 0) of 5 x 3, 69173177 + 57644314 limbs at 138346354, slots 0: A - B - | 1.002 s: redistribute 0.063 ntt 0.852 crt 0.001 out 0.079 carry 0.024 | ntt parts rows 0.005 cols 0.004 pack 0.002 xfer 0.655 a2a 0.835
cache_trace node 2: piece (2, 0) of 5 x 3, 69173177 + 57644314 limbs at 138346354, slots 0: A - B - | 1.002 s: redistribute 0.063 ntt 0.847 crt 0.001 out 0.083 carry 0.024 | ntt parts rows 0.005 cols 0.004 pack 0.002 xfer 0.662 a2a 0.830
cache_trace node 3: piece (2, 0) of 5 x 3, 69173177 + 57644314 limbs at 138346354, slots 0: A - B - | 1.002 s: redistribute 0.064 ntt 0.847 crt 0.001 out 0.084 carry 0.024 | ntt parts rows 0.005 cols 0.004 pack 0.002 xfer 0.662 a2a 0.829
cache_trace node 0: piece (3, 0) of 5 x 3, 69173177 + 57644314 limbs at 207519531, slots 0: A - B - | 1.034 s: redistribute 0.068 ntt 0.863 crt 0.001 out 0.080 carry 0.034 | ntt parts rows 0.005 cols 0.004 pack 0.002 xfer 0.671 a2a 0.845
cache_trace node 1: piece (3, 0) of 5 x 3, 69173177 + 57644314 limbs at 207519531, slots 0: A - B - | 1.034 s: redistribute 0.064 ntt 0.868 crt 0.001 out 0.085 carry 0.034 | ntt parts rows 0.005 cols 0.004 pack 0.002 xfer 0.667 a2a 0.849
cache_trace node 2: piece (3, 0) of 5 x 3, 69173177 + 57644314 limbs at 207519531, slots 0: A - B - | 1.034 s: redistribute 0.066 ntt 0.856 crt 0.001 out 0.082 carry 0.033 | ntt parts rows 0.005 cols 0.004 pack 0.002 xfer 0.667 a2a 0.844
cache_trace node 3: piece (3, 0) of 5 x 3, 69173177 + 57644314 limbs at 207519531, slots 0: A - B - | 1.034 s: redistribute 0.072 ntt 0.865 crt 0.001 out 0.081 carry 0.033 | ntt parts rows 0.005 cols 0.003 pack 0.002 xfer 0.662 a2a 0.846
cache_trace node 0: piece (4, 0) of 5 x 3, 69173177 + 57644314 limbs at 276692708, slots 0: A - B - | 1.012 s: redistribute 0.072 ntt 0.855 crt 0.002 out 0.075 carry 0.028 | ntt parts rows 0.005 cols 0.004 pack 0.002 xfer 0.673 a2a 0.833
cache_trace node 1: piece (4, 0) of 5 x 3, 69173177 + 57644314 limbs at 276692708, slots 0: A - B - | 1.012 s: redistribute 0.069 ntt 0.858 crt 0.002 out 0.074 carry 0.028 | ntt parts rows 0.005 cols 0.004 pack 0.003 xfer 0.652 a2a 0.836
cache_trace node 2: piece (4, 0) of 5 x 3, 69173177 + 57644314 limbs at 276692708, slots 0: A - B - | 1.012 s: redistribute 0.075 ntt 0.860 crt 0.002 out 0.075 carry 0.028 | ntt parts rows 0.005 cols 0.004 pack 0.003 xfer 0.658 a2a 0.837
cache_trace node 3: piece (4, 0) of 5 x 3, 69173177 + 57644314 limbs at 276692708, slots 0: A - B - | 1.012 s: redistribute 0.072 ntt 0.852 crt 0.002 out 0.072 carry 0.027 | ntt parts rows 0.005 cols 0.004 pack 0.002 xfer 0.662 a2a 0.835
cache_trace node 0: piece (0, 1) of 5 x 3, 69173177 + 57644314 limbs at 57644314, slots 0: A - B - | 1.007 s: redistribute 0.067 ntt 0.831 crt 0.001 out 0.090 carry 0.028 | ntt parts rows 0.005 cols 0.004 pack 0.003 xfer 0.645 a2a 0.813
cache_trace node 1: piece (0, 1) of 5 x 3, 69173177 + 57644314 limbs at 57644314, slots 0: A - B - | 1.007 s: redistribute 0.067 ntt 0.822 crt 0.002 out 0.093 carry 0.028 | ntt parts rows 0.005 cols 0.004 pack 0.002 xfer 0.645 a2a 0.809
cache_trace node 2: piece (0, 1) of 5 x 3, 69173177 + 57644314 limbs at 57644314, slots 0: A - B - | 1.007 s: redistribute 0.066 ntt 0.823 crt 0.002 out 0.091 carry 0.028 | ntt parts rows 0.005 cols 0.004 pack 0.002 xfer 0.643 a2a 0.809
cache_trace node 3: piece (0, 1) of 5 x 3, 69173177 + 57644314 limbs at 57644314, slots 0: A - B - | 1.007 s: redistribute 0.067 ntt 0.827 crt 0.002 out 0.093 carry 0.028 | ntt parts rows 0.005 cols 0.004 pack 0.003 xfer 0.643 a2a 0.810
cache_trace node 0: piece (1, 1) of 5 x 3, 69173177 + 57644314 limbs at 126817491, slots 0: A - B - | 0.999 s: redistribute 0.070 ntt 0.830 crt 0.003 out 0.091 carry 0.029 | ntt parts rows 0.005 cols 0.004 pack 0.003 xfer 0.634 a2a 0.808
cache_trace node 1: piece (1, 1) of 5 x 3, 69173177 + 57644314 limbs at 126817491, slots 0: A - B - | 0.999 s: redistribute 0.068 ntt 0.822 crt 0.002 out 0.090 carry 0.029 | ntt parts rows 0.005 cols 0.004 pack 0.002 xfer 0.631 a2a 0.807
cache_trace node 2: piece (1, 1) of 5 x 3, 69173177 + 57644314 limbs at 126817491, slots 0: A - B - | 0.999 s: redistribute 0.072 ntt 0.822 crt 0.003 out 0.093 carry 0.029 | ntt parts rows 0.005 cols 0.004 pack 0.003 xfer 0.640 a2a 0.805
cache_trace node 3: piece (1, 1) of 5 x 3, 69173177 + 57644314 limbs at 126817491, slots 0: A - B - | 0.999 s: redistribute 0.064 ntt 0.835 crt 0.003 out 0.092 carry 0.029 | ntt parts rows 0.005 cols 0.004 pack 0.002 xfer 0.630 a2a 0.812
cache_trace node 0: piece (2, 1) of 5 x 3, 69173177 + 57644314 limbs at 195990668, slots 0: A - B - | 1.003 s: redistribute 0.063 ntt 0.831 crt 0.002 out 0.081 carry 0.040 | ntt parts rows 0.005 cols 0.004 pack 0.002 xfer 0.641 a2a 0.814
cache_trace node 1: piece (2, 1) of 5 x 3, 69173177 + 57644314 limbs at 195990668, slots 0: A - B - | 1.003 s: redistribute 0.076 ntt 0.831 crt 0.002 out 0.081 carry 0.040 | ntt parts rows 0.005 cols 0.004 pack 0.002 xfer 0.644 a2a 0.808
cache_trace node 2: piece (2, 1) of 5 x 3, 69173177 + 57644314 limbs at 195990668, slots 0: A - B - | 1.003 s: redistribute 0.067 ntt 0.831 crt 0.001 out 0.075 carry 0.040 | ntt parts rows 0.005 cols 0.004 pack 0.002 xfer 0.644 a2a 0.814
cache_trace node 3: piece (2, 1) of 5 x 3, 69173177 + 57644314 limbs at 195990668, slots 0: A - B - | 1.003 s: redistribute 0.068 ntt 0.831 crt 0.001 out 0.080 carry 0.039 | ntt parts rows 0.005 cols 0.004 pack 0.002 xfer 0.648 a2a 0.813
cache_trace node 0: piece (3, 1) of 5 x 3, 69173177 + 57644314 limbs at 265163845, slots 0: A - B - | 1.003 s: redistribute 0.063 ntt 0.855 crt 0.002 out 0.090 carry 0.013 | ntt parts rows 0.005 cols 0.004 pack 0.002 xfer 0.659 a2a 0.834
cache_trace node 1: piece (3, 1) of 5 x 3, 69173177 + 57644314 limbs at 265163845, slots 0: A - B - | 1.004 s: redistribute 0.062 ntt 0.851 crt 0.002 out 0.089 carry 0.013 | ntt parts rows 0.005 cols 0.004 pack 0.002 xfer 0.672 a2a 0.835
cache_trace node 2: piece (3, 1) of 5 x 3, 69173177 + 57644314 limbs at 265163845, slots 0: A - B - | 1.004 s: redistribute 0.062 ntt 0.845 crt 0.001 out 0.091 carry 0.013 | ntt parts rows 0.005 cols 0.004 pack 0.002 xfer 0.656 a2a 0.831
cache_trace node 3: piece (3, 1) of 5 x 3, 69173177 + 57644314 limbs at 265163845, slots 0: A - B - | 1.004 s: redistribute 0.062 ntt 0.853 crt 0.001 out 0.087 carry 0.012 | ntt parts rows 0.005 cols 0.004 pack 0.002 xfer 0.662 a2a 0.836
cache_trace node 0: piece (4, 1) of 5 x 3, 69173177 + 57644314 limbs at 334337022, slots 0: A - B - | 0.946 s: redistribute 0.071 ntt 0.841 crt 0.002 out 0.026 carry 0.010 | ntt parts rows 0.005 cols 0.004 pack 0.002 xfer 0.659 a2a 0.827
cache_trace node 1: piece (4, 1) of 5 x 3, 69173177 + 57644314 limbs at 334337022, slots 0: A - B - | 0.946 s: redistribute 0.066 ntt 0.851 crt 0.002 out 0.030 carry 0.010 | ntt parts rows 0.005 cols 0.004 pack 0.002 xfer 0.651 a2a 0.832
cache_trace node 2: piece (4, 1) of 5 x 3, 69173177 + 57644314 limbs at 334337022, slots 0: A - B - | 0.946 s: redistribute 0.075 ntt 0.847 crt 0.002 out 0.031 carry 0.010 | ntt parts rows 0.005 cols 0.004 pack 0.002 xfer 0.643 a2a 0.831
cache_trace node 3: piece (4, 1) of 5 x 3, 69173177 + 57644314 limbs at 334337022, slots 0: A - B - | 0.946 s: redistribute 0.075 ntt 0.846 crt 0.001 out 0.033 carry 0.010 | ntt parts rows 0.005 cols 0.004 pack 0.002 xfer 0.664 a2a 0.828
cache_trace node 0: piece (0, 2) of 5 x 3, 69173177 + 57644314 limbs at 115288628, slots 0: A - B - | 1.058 s: redistribute 0.077 ntt 0.884 crt 0.002 out 0.088 carry 0.034 | ntt parts rows 0.005 cols 0.004 pack 0.002 xfer 0.686 a2a 0.864
cache_trace node 1: piece (0, 2) of 5 x 3, 69173177 + 57644314 limbs at 115288628, slots 0: A - B - | 1.058 s: redistribute 0.079 ntt 0.892 crt 0.004 out 0.082 carry 0.034 | ntt parts rows 0.005 cols 0.004 pack 0.002 xfer 0.684 a2a 0.865
cache_trace node 2: piece (0, 2) of 5 x 3, 69173177 + 57644314 limbs at 115288628, slots 0: A - B - | 1.058 s: redistribute 0.076 ntt 0.885 crt 0.004 out 0.082 carry 0.033 | ntt parts rows 0.005 cols 0.004 pack 0.002 xfer 0.683 a2a 0.864
cache_trace node 3: piece (0, 2) of 5 x 3, 69173177 + 57644314 limbs at 115288628, slots 0: A - B - | 1.058 s: redistribute 0.071 ntt 0.878 crt 0.004 out 0.081 carry 0.034 | ntt parts rows 0.005 cols 0.004 pack 0.002 xfer 0.685 a2a 0.865
cache_trace node 0: piece (1, 2) of 5 x 3, 69173177 + 57644314 limbs at 184461805, slots 0: A - B - | 1.033 s: redistribute 0.061 ntt 0.859 crt 0.004 out 0.080 carry 0.035 | ntt parts rows 0.005 cols 0.004 pack 0.003 xfer 0.671 a2a 0.844
cache_trace node 1: piece (1, 2) of 5 x 3, 69173177 + 57644314 limbs at 184461805, slots 0: A - B - | 1.033 s: redistribute 0.067 ntt 0.857 crt 0.004 out 0.083 carry 0.035 | ntt parts rows 0.005 cols 0.004 pack 0.002 xfer 0.659 a2a 0.840
cache_trace node 2: piece (1, 2) of 5 x 3, 69173177 + 57644314 limbs at 184461805, slots 0: A - B - | 1.033 s: redistribute 0.064 ntt 0.860 crt 0.001 out 0.087 carry 0.035 | ntt parts rows 0.005 cols 0.004 pack 0.002 xfer 0.665 a2a 0.841
cache_trace node 3: piece (1, 2) of 5 x 3, 69173177 + 57644314 limbs at 184461805, slots 0: A - B - | 1.033 s: redistribute 0.067 ntt 0.851 crt 0.004 out 0.089 carry 0.035 | ntt parts rows 0.005 cols 0.004 pack 0.002 xfer 0.665 a2a 0.837
cache_trace node 0: piece (2, 2) of 5 x 3, 69173177 + 57644314 limbs at 253634982, slots 0: A - B - | 0.967 s: redistribute 0.061 ntt 0.816 crt 0.002 out 0.088 carry 0.009 | ntt parts rows 0.005 cols 0.004 pack 0.002 xfer 0.625 a2a 0.802
cache_trace node 1: piece (2, 2) of 5 x 3, 69173177 + 57644314 limbs at 253634982, slots 0: A - B - | 0.967 s: redistribute 0.061 ntt 0.811 crt 0.001 out 0.092 carry 0.009 | ntt parts rows 0.005 cols 0.004 pack 0.003 xfer 0.627 a2a 0.798
cache_trace node 2: piece (2, 2) of 5 x 3, 69173177 + 57644314 limbs at 253634982, slots 0: A - B - | 0.967 s: redistribute 0.061 ntt 0.815 crt 0.002 out 0.088 carry 0.009 | ntt parts rows 0.005 cols 0.004 pack 0.003 xfer 0.639 a2a 0.797
cache_trace node 3: piece (2, 2) of 5 x 3, 69173177 + 57644314 limbs at 253634982, slots 0: A - B - | 0.967 s: redistribute 0.063 ntt 0.811 crt 0.001 out 0.091 carry 0.008 | ntt parts rows 0.005 cols 0.004 pack 0.003 xfer 0.641 a2a 0.795
cache_trace node 0: piece (3, 2) of 5 x 3, 69173177 + 57644314 limbs at 322808159, slots 0: A - B - | 0.965 s: redistribute 0.063 ntt 0.858 crt 0.002 out 0.034 carry 0.019 | ntt parts rows 0.005 cols 0.004 pack 0.002 xfer 0.659 a2a 0.836
dist_mn node 0: 345865885 x 172932942 limbs over 4 x 4 ranks (cap 2^27): 5 x 3 pieces, 13 formed, 2 skipped (low product) (low cut) (cache 0 slots: 0 hits, 0 misses)
cache_trace node 1: piece (3, 2) of 5 x 3, 69173177 + 57644314 limbs at 322808159, slots 0: A - B - | 0.965 s: redistribute 0.062 ntt 0.848 crt 0.001 out 0.039 carry 0.020 | ntt parts rows 0.005 cols 0.004 pack 0.002 xfer 0.655 a2a 0.831
dist_mn node 1: 345865885 x 172932942 limbs over 4 x 4 ranks (cap 2^27): 5 x 3 pieces, 13 formed, 2 skipped (low product) (low cut) (cache 0 slots: 0 hits, 0 misses)
cache_trace node 2: piece (3, 2) of 5 x 3, 69173177 + 57644314 limbs at 322808159, slots 0: A - B - | 0.965 s: redistribute 0.062 ntt 0.849 crt 0.002 out 0.034 carry 0.019 | ntt parts rows 0.005 cols 0.004 pack 0.002 xfer 0.654 a2a 0.835
dist_mn node 2: 345865885 x 172932942 limbs over 4 x 4 ranks (cap 2^27): 5 x 3 pieces, 13 formed, 2 skipped (low product) (low cut) (cache 0 slots: 0 hits, 0 misses)
cache_trace node 3: piece (3, 2) of 5 x 3, 69173177 + 57644314 limbs at 322808159, slots 0: A - B - | 0.965 s: redistribute 0.065 ntt 0.841 crt 0.001 out 0.041 carry 0.019 | ntt parts rows 0.005 cols 0.004 pack 0.002 xfer 0.650 a2a 0.829
dist_mn node 3: 345865885 x 172932942 limbs over 4 x 4 ranks (cap 2^27): 5 x 3 pieces, 13 formed, 2 skipped (low product) (low cut) (cache 0 slots: 0 hits, 0 misses)
cx_grid node 0: rep 1 shape 5x3_lowhighcut (345865885 x 172932942, cut 172932942 / 345865885) slots 0: 13.061 s, cache 0 hits 0 misses, C sha256 34c357c17ea66a20 same
cx_grid node 2: rep 1 shape 5x3_lowhighcut (345865885 x 172932942, cut 172932942 / 345865885) slots 0: 13.061 s, cache 0 hits 0 misses, C sha256 6fb7dad7ad29af4b same
cx_grid node 1: rep 1 shape 5x3_lowhighcut (345865885 x 172932942, cut 172932942 / 345865885) slots 0: 13.061 s, cache 0 hits 0 misses, C sha256 d34ab76033dc041f same
cx_grid node 3: rep 1 shape 5x3_lowhighcut (345865885 x 172932942, cut 172932942 / 345865885) slots 0: 13.061 s, cache 0 hits 0 misses, C sha256 016ae7d5637243e5 same
cache_trace node 0: piece (1, 0) of 5 x 3, 69173177 + 57644314 limbs at 69173177, slots 2: A - B cached | 1.026 s: redistribute 0.064 ntt 0.860 crt 0.002 out 0.085 carry 0.024 | ntt parts rows 0.005 cols 0.004 pack 0.002 xfer 0.669 a2a 0.844
cache_trace node 1: piece (1, 0) of 5 x 3, 69173177 + 57644314 limbs at 69173177, slots 2: A - B cached | 1.026 s: redistribute 0.062 ntt 0.856 crt 0.002 out 0.089 carry 0.023 | ntt parts rows 0.005 cols 0.004 pack 0.002 xfer 0.669 a2a 0.843
cache_trace node 2: piece (1, 0) of 5 x 3, 69173177 + 57644314 limbs at 69173177, slots 2: A - B cached | 1.026 s: redistribute 0.063 ntt 0.866 crt 0.002 out 0.087 carry 0.024 | ntt parts rows 0.005 cols 0.004 pack 0.002 xfer 0.669 a2a 0.846
cache_trace node 3: piece (1, 0) of 5 x 3, 69173177 + 57644314 limbs at 69173177, slots 2: A - B cached | 1.026 s: redistribute 0.068 ntt 0.864 crt 0.001 out 0.084 carry 0.024 | ntt parts rows 0.005 cols 0.004 pack 0.002 xfer 0.660 a2a 0.844
cache_trace node 0: piece (2, 0) of 5 x 3, 69173177 + 57644314 limbs at 138346354, slots 2: A - B HIT | 0.703 s: redistribute 0.045 ntt 0.567 crt 0.003 out 0.085 carry 0.025 | ntt parts rows 0.003 cols 0.003 pack 0.002 xfer 0.441 a2a 0.551
cache_trace node 1: piece (2, 0) of 5 x 3, 69173177 + 57644314 limbs at 138346354, slots 2: A - B HIT | 0.703 s: redistribute 0.040 ntt 0.555 crt 0.002 out 0.084 carry 0.024 | ntt parts rows 0.003 cols 0.003 pack 0.002 xfer 0.438 a2a 0.546
cache_trace node 2: piece (2, 0) of 5 x 3, 69173177 + 57644314 limbs at 138346354, slots 2: A - B HIT | 0.703 s: redistribute 0.040 ntt 0.555 crt 0.003 out 0.087 carry 0.024 | ntt parts rows 0.003 cols 0.003 pack 0.002 xfer 0.428 a2a 0.545
cache_trace node 3: piece (2, 0) of 5 x 3, 69173177 + 57644314 limbs at 138346354, slots 2: A - B HIT | 0.703 s: redistribute 0.042 ntt 0.571 crt 0.002 out 0.086 carry 0.024 | ntt parts rows 0.003 cols 0.003 pack 0.002 xfer 0.443 a2a 0.550
cache_trace node 0: piece (3, 0) of 5 x 3, 69173177 + 57644314 limbs at 207519531, slots 2: A - B HIT | 0.683 s: redistribute 0.040 ntt 0.532 crt 0.002 out 0.082 carry 0.033 | ntt parts rows 0.004 cols 0.003 pack 0.002 xfer 0.409 a2a 0.522
cache_trace node 1: piece (3, 0) of 5 x 3, 69173177 + 57644314 limbs at 207519531, slots 2: A - B HIT | 0.683 s: redistribute 0.040 ntt 0.536 crt 0.002 out 0.084 carry 0.033 | ntt parts rows 0.003 cols 0.003 pack 0.002 xfer 0.408 a2a 0.521
cache_trace node 2: piece (3, 0) of 5 x 3, 69173177 + 57644314 limbs at 207519531, slots 2: A - B HIT | 0.683 s: redistribute 0.040 ntt 0.538 crt 0.002 out 0.084 carry 0.032 | ntt parts rows 0.004 cols 0.003 pack 0.002 xfer 0.412 a2a 0.520
cache_trace node 3: piece (3, 0) of 5 x 3, 69173177 + 57644314 limbs at 207519531, slots 2: A - B HIT | 0.683 s: redistribute 0.035 ntt 0.536 crt 0.001 out 0.083 carry 0.032 | ntt parts rows 0.004 cols 0.003 pack 0.002 xfer 0.423 a2a 0.522
cache_trace node 0: piece (4, 0) of 5 x 3, 69173177 + 57644314 limbs at 276692708, slots 2: A - B HIT | 0.704 s: redistribute 0.040 ntt 0.565 crt 0.002 out 0.079 carry 0.029 | ntt parts rows 0.003 cols 0.003 pack 0.002 xfer 0.438 a2a 0.552
cache_trace node 1: piece (4, 0) of 5 x 3, 69173177 + 57644314 limbs at 276692708, slots 2: A - B HIT | 0.704 s: redistribute 0.037 ntt 0.566 crt 0.001 out 0.075 carry 0.029 | ntt parts rows 0.003 cols 0.003 pack 0.002 xfer 0.446 a2a 0.554
cache_trace node 2: piece (4, 0) of 5 x 3, 69173177 + 57644314 limbs at 276692708, slots 2: A - B HIT | 0.704 s: redistribute 0.038 ntt 0.563 crt 0.002 out 0.081 carry 0.029 | ntt parts rows 0.004 cols 0.003 pack 0.002 xfer 0.433 a2a 0.553
cache_trace node 3: piece (4, 0) of 5 x 3, 69173177 + 57644314 limbs at 276692708, slots 2: A - B HIT | 0.704 s: redistribute 0.039 ntt 0.563 crt 0.002 out 0.075 carry 0.027 | ntt parts rows 0.004 cols 0.003 pack 0.002 xfer 0.437 a2a 0.550
cache_trace node 0: piece (0, 1) of 5 x 3, 69173177 + 57644314 limbs at 57644314, slots 2: A cached B cached | 1.024 s: redistribute 0.060 ntt 0.847 crt 0.002 out 0.095 carry 0.028 | ntt parts rows 0.005 cols 0.004 pack 0.002 xfer 0.655 a2a 0.827
cache_trace node 1: piece (0, 1) of 5 x 3, 69173177 + 57644314 limbs at 57644314, slots 2: A cached B cached | 1.024 s: redistribute 0.064 ntt 0.853 crt 0.004 out 0.104 carry 0.028 | ntt parts rows 0.005 cols 0.004 pack 0.002 xfer 0.663 a2a 0.828
cache_trace node 2: piece (0, 1) of 5 x 3, 69173177 + 57644314 limbs at 57644314, slots 2: A cached B cached | 1.024 s: redistribute 0.064 ntt 0.841 crt 0.004 out 0.098 carry 0.028 | ntt parts rows 0.005 cols 0.004 pack 0.002 xfer 0.643 a2a 0.825
cache_trace node 3: piece (0, 1) of 5 x 3, 69173177 + 57644314 limbs at 57644314, slots 2: A cached B cached | 1.024 s: redistribute 0.062 ntt 0.858 crt 0.004 out 0.100 carry 0.028 | ntt parts rows 0.005 cols 0.004 pack 0.002 xfer 0.647 a2a 0.832
cache_trace node 0: piece (1, 1) of 5 x 3, 69173177 + 57644314 limbs at 126817491, slots 2: A - B HIT | 0.683 s: redistribute 0.032 ntt 0.542 crt 0.002 out 0.083 carry 0.033 | ntt parts rows 0.003 cols 0.002 pack 0.002 xfer 0.425 a2a 0.531
cache_trace node 1: piece (1, 1) of 5 x 3, 69173177 + 57644314 limbs at 126817491, slots 2: A - B HIT | 0.683 s: redistribute 0.036 ntt 0.536 crt 0.002 out 0.083 carry 0.033 | ntt parts rows 0.004 cols 0.003 pack 0.002 xfer 0.417 a2a 0.526
cache_trace node 2: piece (1, 1) of 5 x 3, 69173177 + 57644314 limbs at 126817491, slots 2: A - B HIT | 0.683 s: redistribute 0.033 ntt 0.540 crt 0.002 out 0.085 carry 0.033 | ntt parts rows 0.004 cols 0.003 pack 0.002 xfer 0.416 a2a 0.528
cache_trace node 3: piece (1, 1) of 5 x 3, 69173177 + 57644314 limbs at 126817491, slots 2: A - B HIT | 0.683 s: redistribute 0.037 ntt 0.540 crt 0.001 out 0.081 carry 0.033 | ntt parts rows 0.003 cols 0.002 pack 0.002 xfer 0.418 a2a 0.529
cache_trace node 0: piece (2, 1) of 5 x 3, 69173177 + 57644314 limbs at 195990668, slots 2: A - B HIT | 0.706 s: redistribute 0.035 ntt 0.565 crt 0.002 out 0.074 carry 0.039 | ntt parts rows 0.003 cols 0.003 pack 0.002 xfer 0.434 a2a 0.550
cache_trace node 1: piece (2, 1) of 5 x 3, 69173177 + 57644314 limbs at 195990668, slots 2: A - B HIT | 0.706 s: redistribute 0.036 ntt 0.560 crt 0.001 out 0.075 carry 0.039 | ntt parts rows 0.004 cols 0.003 pack 0.002 xfer 0.439 a2a 0.549
cache_trace node 2: piece (2, 1) of 5 x 3, 69173177 + 57644314 limbs at 195990668, slots 2: A - B HIT | 0.706 s: redistribute 0.040 ntt 0.555 crt 0.002 out 0.078 carry 0.039 | ntt parts rows 0.003 cols 0.003 pack 0.002 xfer 0.428 a2a 0.545
cache_trace node 3: piece (2, 1) of 5 x 3, 69173177 + 57644314 limbs at 195990668, slots 2: A - B HIT | 0.705 s: redistribute 0.036 ntt 0.561 crt 0.001 out 0.070 carry 0.039 | ntt parts rows 0.003 cols 0.003 pack 0.002 xfer 0.443 a2a 0.553
cache_trace node 0: piece (3, 1) of 5 x 3, 69173177 + 57644314 limbs at 265163845, slots 2: A - B HIT | 0.670 s: redistribute 0.040 ntt 0.535 crt 0.002 out 0.084 carry 0.013 | ntt parts rows 0.003 cols 0.003 pack 0.002 xfer 0.412 a2a 0.520
cache_trace node 1: piece (3, 1) of 5 x 3, 69173177 + 57644314 limbs at 265163845, slots 2: A - B HIT | 0.670 s: redistribute 0.036 ntt 0.537 crt 0.001 out 0.090 carry 0.013 | ntt parts rows 0.003 cols 0.003 pack 0.002 xfer 0.417 a2a 0.529
cache_trace node 2: piece (3, 1) of 5 x 3, 69173177 + 57644314 limbs at 265163845, slots 2: A - B HIT | 0.670 s: redistribute 0.037 ntt 0.543 crt 0.002 out 0.084 carry 0.013 | ntt parts rows 0.003 cols 0.003 pack 0.002 xfer 0.416 a2a 0.526
cache_trace node 3: piece (3, 1) of 5 x 3, 69173177 + 57644314 limbs at 265163845, slots 2: A - B HIT | 0.670 s: redistribute 0.033 ntt 0.541 crt 0.002 out 0.089 carry 0.012 | ntt parts rows 0.003 cols 0.003 pack 0.002 xfer 0.421 a2a 0.527
cache_trace node 0: piece (4, 1) of 5 x 3, 69173177 + 57644314 limbs at 334337022, slots 2: A - B HIT | 0.641 s: redistribute 0.042 ntt 0.559 crt 0.002 out 0.041 carry 0.011 | ntt parts rows 0.003 cols 0.003 pack 0.002 xfer 0.434 a2a 0.545
cache_trace node 1: piece (4, 1) of 5 x 3, 69173177 + 57644314 limbs at 334337022, slots 2: A - B HIT | 0.641 s: redistribute 0.037 ntt 0.555 crt 0.002 out 0.039 carry 0.011 | ntt parts rows 0.004 cols 0.003 pack 0.002 xfer 0.432 a2a 0.547
cache_trace node 2: piece (4, 1) of 5 x 3, 69173177 + 57644314 limbs at 334337022, slots 2: A - B HIT | 0.641 s: redistribute 0.043 ntt 0.561 crt 0.002 out 0.041 carry 0.011 | ntt parts rows 0.003 cols 0.003 pack 0.002 xfer 0.423 a2a 0.548
cache_trace node 3: piece (4, 1) of 5 x 3, 69173177 + 57644314 limbs at 334337022, slots 2: A - B HIT | 0.641 s: redistribute 0.042 ntt 0.569 crt 0.002 out 0.027 carry 0.010 | ntt parts rows 0.004 cols 0.003 pack 0.002 xfer 0.428 a2a 0.550
cache_trace node 0: piece (0, 2) of 5 x 3, 69173177 + 57644314 limbs at 115288628, slots 2: A HIT B cached | 0.712 s: redistribute 0.032 ntt 0.574 crt 0.002 out 0.075 carry 0.037 | ntt parts rows 0.004 cols 0.003 pack 0.002 xfer 0.451 a2a 0.564
cache_trace node 1: piece (0, 2) of 5 x 3, 69173177 + 57644314 limbs at 115288628, slots 2: A HIT B cached | 0.712 s: redistribute 0.029 ntt 0.577 crt 0.001 out 0.077 carry 0.036 | ntt parts rows 0.003 cols 0.002 pack 0.002 xfer 0.447 a2a 0.566
cache_trace node 2: piece (0, 2) of 5 x 3, 69173177 + 57644314 limbs at 115288628, slots 2: A HIT B cached | 0.712 s: redistribute 0.032 ntt 0.569 crt 0.002 out 0.076 carry 0.036 | ntt parts rows 0.003 cols 0.003 pack 0.002 xfer 0.448 a2a 0.561
cache_trace node 3: piece (0, 2) of 5 x 3, 69173177 + 57644314 limbs at 115288628, slots 2: A HIT B cached | 0.712 s: redistribute 0.035 ntt 0.573 crt 0.001 out 0.075 carry 0.037 | ntt parts rows 0.003 cols 0.003 pack 0.002 xfer 0.446 a2a 0.561
cache_trace node 1: piece (1, 2) of 5 x 3, 69173177 + 57644314 limbs at 184461805, slots 2: A - B HIT | 0.736 s: redistribute 0.035 ntt 0.582 crt 0.002 out 0.089 carry 0.037 | ntt parts rows 0.003 cols 0.003 pack 0.002 xfer 0.455 a2a 0.573
cache_trace node 2: piece (1, 2) of 5 x 3, 69173177 + 57644314 limbs at 184461805, slots 2: A - B HIT | 0.736 s: redistribute 0.031 ntt 0.590 crt 0.002 out 0.089 carry 0.037 | ntt parts rows 0.003 cols 0.003 pack 0.002 xfer 0.466 a2a 0.578
cache_trace node 3: piece (1, 2) of 5 x 3, 69173177 + 57644314 limbs at 184461805, slots 2: A - B HIT | 0.736 s: redistribute 0.033 ntt 0.590 crt 0.002 out 0.086 carry 0.037 | ntt parts rows 0.003 cols 0.003 pack 0.002 xfer 0.466 a2a 0.576
cache_trace node 0: piece (1, 2) of 5 x 3, 69173177 + 57644314 limbs at 184461805, slots 2: A - B HIT | 0.736 s: redistribute 0.032 ntt 0.585 crt 0.002 out 0.086 carry 0.037 | ntt parts rows 0.003 cols 0.003 pack 0.002 xfer 0.458 a2a 0.575
cache_trace node 0: piece (2, 2) of 5 x 3, 69173177 + 57644314 limbs at 253634982, slots 2: A - B HIT | 0.699 s: redistribute 0.035 ntt 0.580 crt 0.001 out 0.090 carry 0.009 | ntt parts rows 0.004 cols 0.003 pack 0.002 xfer 0.444 a2a 0.561
cache_trace node 1: piece (2, 2) of 5 x 3, 69173177 + 57644314 limbs at 253634982, slots 2: A - B HIT | 0.699 s: redistribute 0.043 ntt 0.580 crt 0.003 out 0.088 carry 0.009 | ntt parts rows 0.003 cols 0.003 pack 0.002 xfer 0.440 a2a 0.564
cache_trace node 2: piece (2, 2) of 5 x 3, 69173177 + 57644314 limbs at 253634982, slots 2: A - B HIT | 0.699 s: redistribute 0.038 ntt 0.569 crt 0.003 out 0.088 carry 0.009 | ntt parts rows 0.003 cols 0.003 pack 0.002 xfer 0.446 a2a 0.562
cache_trace node 3: piece (2, 2) of 5 x 3, 69173177 + 57644314 limbs at 253634982, slots 2: A - B HIT | 0.699 s: redistribute 0.031 ntt 0.580 crt 0.001 out 0.087 carry 0.009 | ntt parts rows 0.004 cols 0.002 pack 0.002 xfer 0.457 a2a 0.566
cache_trace node 0: piece (3, 2) of 5 x 3, 69173177 + 57644314 limbs at 322808159, slots 2: A - B HIT | 0.643 s: redistribute 0.040 ntt 0.555 crt 0.002 out 0.034 carry 0.019 | ntt parts rows 0.003 cols 0.003 pack 0.002 xfer 0.431 a2a 0.540
dist_mn node 0: 345865885 x 172932942 limbs over 4 x 4 ranks (cap 2^27): 5 x 3 pieces, 13 formed, 2 skipped (low product) (low cut) (cache 2 slots: 11 hits, 4 misses)
cache_trace node 1: piece (3, 2) of 5 x 3, 69173177 + 57644314 limbs at 322808159, slots 2: A - B HIT | 0.643 s: redistribute 0.035 ntt 0.558 crt 0.002 out 0.038 carry 0.019 | ntt parts rows 0.003 cols 0.003 pack 0.002 xfer 0.425 a2a 0.547
dist_mn node 1: 345865885 x 172932942 limbs over 4 x 4 ranks (cap 2^27): 5 x 3 pieces, 13 formed, 2 skipped (low product) (low cut) (cache 2 slots: 11 hits, 4 misses)
cache_trace node 2: piece (3, 2) of 5 x 3, 69173177 + 57644314 limbs at 322808159, slots 2: A - B HIT | 0.643 s: redistribute 0.039 ntt 0.548 crt 0.002 out 0.037 carry 0.019 | ntt parts rows 0.004 cols 0.003 pack 0.002 xfer 0.410 a2a 0.540
dist_mn node 2: 345865885 x 172932942 limbs over 4 x 4 ranks (cap 2^27): 5 x 3 pieces, 13 formed, 2 skipped (low product) (low cut) (cache 2 slots: 11 hits, 4 misses)
cache_trace node 3: piece (3, 2) of 5 x 3, 69173177 + 57644314 limbs at 322808159, slots 2: A - B HIT | 0.643 s: redistribute 0.034 ntt 0.557 crt 0.001 out 0.031 carry 0.019 | ntt parts rows 0.003 cols 0.003 pack 0.002 xfer 0.433 a2a 0.547
dist_mn node 3: 345865885 x 172932942 limbs over 4 x 4 ranks (cap 2^27): 5 x 3 pieces, 13 formed, 2 skipped (low product) (low cut) (cache 2 slots: 11 hits, 4 misses)
cx_grid node 2: rep 1 shape 5x3_lowhighcut (345865885 x 172932942, cut 172932942 / 345865885) slots 2: 9.637 s, cache 11 hits 4 misses, C sha256 6fb7dad7ad29af4b same
cx_grid node 1: rep 1 shape 5x3_lowhighcut (345865885 x 172932942, cut 172932942 / 345865885) slots 2: 9.637 s, cache 11 hits 4 misses, C sha256 d34ab76033dc041f same
cx_grid node 3: rep 1 shape 5x3_lowhighcut (345865885 x 172932942, cut 172932942 / 345865885) slots 2: 9.637 s, cache 11 hits 4 misses, C sha256 016ae7d5637243e5 same
cx_grid node 0: rep 1 shape 5x3_lowhighcut (345865885 x 172932942, cut 172932942 / 345865885) slots 2: 9.638 s, cache 11 hits 4 misses, C sha256 34c357c17ea66a20 same
cache_trace node 0: piece (1, 0) of 2 x 4, 86466471 + 43233236 limbs at 86466471, slots 0: A - B - | 1.051 s: redistribute 0.067 ntt 0.866 crt 0.002 out 0.090 carry 0.034 | ntt parts rows 0.005 cols 0.004 pack 0.002 xfer 0.665 a2a 0.847
cache_trace node 1: piece (1, 0) of 2 x 4, 86466471 + 43233236 limbs at 86466471, slots 0: A - B - | 1.051 s: redistribute 0.067 ntt 0.869 crt 0.002 out 0.086 carry 0.033 | ntt parts rows 0.005 cols 0.004 pack 0.003 xfer 0.683 a2a 0.852
cache_trace node 2: piece (1, 0) of 2 x 4, 86466471 + 43233236 limbs at 86466471, slots 0: A - B - | 1.051 s: redistribute 0.068 ntt 0.867 crt 0.002 out 0.091 carry 0.034 | ntt parts rows 0.005 cols 0.004 pack 0.002 xfer 0.680 a2a 0.849
cache_trace node 3: piece (1, 0) of 2 x 4, 86466471 + 43233236 limbs at 86466471, slots 0: A - B - | 1.051 s: redistribute 0.083 ntt 0.876 crt 0.001 out 0.087 carry 0.034 | ntt parts rows 0.005 cols 0.004 pack 0.002 xfer 0.675 a2a 0.852
cache_trace node 0: piece (0, 1) of 2 x 4, 86466471 + 43233236 limbs at 43233236, slots 0: A - B - | 1.039 s: redistribute 0.063 ntt 0.849 crt 0.001 out 0.104 carry 0.032 | ntt parts rows 0.005 cols 0.004 pack 0.002 xfer 0.661 a2a 0.830
cache_trace node 1: piece (0, 1) of 2 x 4, 86466471 + 43233236 limbs at 43233236, slots 0: A - B - | 1.039 s: redistribute 0.064 ntt 0.837 crt 0.002 out 0.111 carry 0.032 | ntt parts rows 0.005 cols 0.004 pack 0.002 xfer 0.653 a2a 0.822
cache_trace node 3: piece (0, 1) of 2 x 4, 86466471 + 43233236 limbs at 43233236, slots 0: A - B - | 1.039 s: redistribute 0.063 ntt 0.848 crt 0.002 out 0.111 carry 0.032 | ntt parts rows 0.005 cols 0.004 pack 0.002 xfer 0.661 a2a 0.828
cache_trace node 2: piece (0, 1) of 2 x 4, 86466471 + 43233236 limbs at 43233236, slots 0: A - B - | 1.039 s: redistribute 0.064 ntt 0.839 crt 0.002 out 0.109 carry 0.032 | ntt parts rows 0.005 cols 0.004 pack 0.002 xfer 0.650 a2a 0.823
cache_trace node 0: piece (1, 1) of 2 x 4, 86466471 + 43233236 limbs at 129699707, slots 0: A - B - | 1.041 s: redistribute 0.061 ntt 0.877 crt 0.002 out 0.083 carry 0.030 | ntt parts rows 0.005 cols 0.004 pack 0.002 xfer 0.672 a2a 0.859
cache_trace node 1: piece (1, 1) of 2 x 4, 86466471 + 43233236 limbs at 129699707, slots 0: A - B - | 1.041 s: redistribute 0.061 ntt 0.867 crt 0.002 out 0.085 carry 0.030 | ntt parts rows 0.005 cols 0.004 pack 0.002 xfer 0.674 a2a 0.855
cache_trace node 2: piece (1, 1) of 2 x 4, 86466471 + 43233236 limbs at 129699707, slots 0: A - B - | 1.041 s: redistribute 0.058 ntt 0.879 crt 0.002 out 0.090 carry 0.030 | ntt parts rows 0.005 cols 0.004 pack 0.002 xfer 0.694 a2a 0.859
cache_trace node 3: piece (1, 1) of 2 x 4, 86466471 + 43233236 limbs at 129699707, slots 0: A - B - | 1.041 s: redistribute 0.073 ntt 0.873 crt 0.002 out 0.087 carry 0.030 | ntt parts rows 0.005 cols 0.004 pack 0.002 xfer 0.686 a2a 0.856
cache_trace node 0: piece (0, 2) of 2 x 4, 86466471 + 43233236 limbs at 86466472, slots 0: A - B - | 0.975 s: redistribute 0.065 ntt 0.797 crt 0.001 out 0.090 carry 0.035 | ntt parts rows 0.005 cols 0.004 pack 0.003 xfer 0.618 a2a 0.780
cache_trace node 1: piece (0, 2) of 2 x 4, 86466471 + 43233236 limbs at 86466472, slots 0: A - B - | 0.975 s: redistribute 0.063 ntt 0.799 crt 0.002 out 0.088 carry 0.035 | ntt parts rows 0.005 cols 0.004 pack 0.003 xfer 0.615 a2a 0.781
cache_trace node 2: piece (0, 2) of 2 x 4, 86466471 + 43233236 limbs at 86466472, slots 0: A - B - | 0.975 s: redistribute 0.064 ntt 0.794 crt 0.002 out 0.087 carry 0.035 | ntt parts rows 0.005 cols 0.004 pack 0.003 xfer 0.618 a2a 0.778
cache_trace node 3: piece (0, 2) of 2 x 4, 86466471 + 43233236 limbs at 86466472, slots 0: A - B - | 0.975 s: redistribute 0.064 ntt 0.800 crt 0.002 out 0.091 carry 0.035 | ntt parts rows 0.005 cols 0.004 pack 0.002 xfer 0.616 a2a 0.779
cache_trace node 0: piece (1, 2) of 2 x 4, 86466471 + 43233236 limbs at 172932943, slots 0: A - B - | 1.036 s: redistribute 0.075 ntt 0.851 crt 0.001 out 0.096 carry 0.032 | ntt parts rows 0.005 cols 0.004 pack 0.002 xfer 0.659 a2a 0.834
cache_trace node 1: piece (1, 2) of 2 x 4, 86466471 + 43233236 limbs at 172932943, slots 0: A - B - | 1.036 s: redistribute 0.073 ntt 0.845 crt 0.002 out 0.098 carry 0.031 | ntt parts rows 0.005 cols 0.004 pack 0.002 xfer 0.660 a2a 0.828
cache_trace node 2: piece (1, 2) of 2 x 4, 86466471 + 43233236 limbs at 172932943, slots 0: A - B - | 1.036 s: redistribute 0.074 ntt 0.844 crt 0.001 out 0.101 carry 0.031 | ntt parts rows 0.005 cols 0.004 pack 0.002 xfer 0.653 a2a 0.827
cache_trace node 3: piece (1, 2) of 2 x 4, 86466471 + 43233236 limbs at 172932943, slots 0: A - B - | 1.036 s: redistribute 0.070 ntt 0.837 crt 0.002 out 0.098 carry 0.031 | ntt parts rows 0.005 cols 0.004 pack 0.002 xfer 0.659 a2a 0.827
cache_trace node 0: piece (0, 3) of 2 x 4, 86466471 + 43233234 limbs at 129699708, slots 0: A - B - | 1.017 s: redistribute 0.063 ntt 0.834 crt 0.002 out 0.093 carry 0.032 | ntt parts rows 0.005 cols 0.004 pack 0.002 xfer 0.654 a2a 0.819
cache_trace node 1: piece (0, 3) of 2 x 4, 86466471 + 43233234 limbs at 129699708, slots 0: A - B - | 1.017 s: redistribute 0.062 ntt 0.836 crt 0.001 out 0.094 carry 0.032 | ntt parts rows 0.005 cols 0.004 pack 0.002 xfer 0.645 a2a 0.820
cache_trace node 2: piece (0, 3) of 2 x 4, 86466471 + 43233234 limbs at 129699708, slots 0: A - B - | 1.017 s: redistribute 0.065 ntt 0.834 crt 0.001 out 0.096 carry 0.032 | ntt parts rows 0.005 cols 0.004 pack 0.002 xfer 0.654 a2a 0.819
cache_trace node 3: piece (0, 3) of 2 x 4, 86466471 + 43233234 limbs at 129699708, slots 0: A - B - | 1.017 s: redistribute 0.065 ntt 0.840 crt 0.001 out 0.088 carry 0.032 | ntt parts rows 0.005 cols 0.004 pack 0.002 xfer 0.647 a2a 0.823
cache_trace node 0: piece (1, 3) of 2 x 4, 86466471 + 43233234 limbs at 216166179, slots 0: A - B - | 1.059 s: redistribute 0.072 ntt 0.879 crt 0.001 out 0.090 carry 0.029 | ntt parts rows 0.005 cols 0.004 pack 0.002 xfer 0.685 a2a 0.862
dist_mn node 0: 172932942 x 172932942 limbs over 4 x 4 ranks (cap 2^27): 2 x 4 pieces, 7 formed, 1 skipped (low cut) (cache 0 slots: 0 hits, 0 misses)
cache_trace node 1: piece (1, 3) of 2 x 4, 86466471 + 43233234 limbs at 216166179, slots 0: A - B - | 1.059 s: redistribute 0.068 ntt 0.878 crt 0.002 out 0.088 carry 0.029 | ntt parts rows 0.005 cols 0.004 pack 0.002 xfer 0.684 a2a 0.864
dist_mn node 1: 172932942 x 172932942 limbs over 4 x 4 ranks (cap 2^27): 2 x 4 pieces, 7 formed, 1 skipped (low cut) (cache 0 slots: 0 hits, 0 misses)
cache_trace node 2: piece (1, 3) of 2 x 4, 86466471 + 43233234 limbs at 216166179, slots 0: A - B - | 1.059 s: redistribute 0.070 ntt 0.883 crt 0.001 out 0.090 carry 0.029 | ntt parts rows 0.005 cols 0.004 pack 0.002 xfer 0.677 a2a 0.863
dist_mn node 2: 172932942 x 172932942 limbs over 4 x 4 ranks (cap 2^27): 2 x 4 pieces, 7 formed, 1 skipped (low cut) (cache 0 slots: 0 hits, 0 misses)
cache_trace node 3: piece (1, 3) of 2 x 4, 86466471 + 43233234 limbs at 216166179, slots 0: A - B - | 1.059 s: redistribute 0.070 ntt 0.878 crt 0.001 out 0.088 carry 0.028 | ntt parts rows 0.005 cols 0.004 pack 0.002 xfer 0.679 a2a 0.862
dist_mn node 3: 172932942 x 172932942 limbs over 4 x 4 ranks (cap 2^27): 2 x 4 pieces, 7 formed, 1 skipped (low cut) (cache 0 slots: 0 hits, 0 misses)
cx_grid node 1: rep 1 shape 2x4_lowcut (172932942 x 172932942, cut 172932942 / -1) slots 0: 7.225 s, cache 0 hits 0 misses, C sha256 2b96183bdc63b4f0 same
cx_grid node 0: rep 1 shape 2x4_lowcut (172932942 x 172932942, cut 172932942 / -1) slots 0: 7.225 s, cache 0 hits 0 misses, C sha256 4968e1e85c988bcf same
cx_grid node 3: rep 1 shape 2x4_lowcut (172932942 x 172932942, cut 172932942 / -1) slots 0: 7.225 s, cache 0 hits 0 misses, C sha256 b8a655c2a8a9f640 same
cx_grid node 2: rep 1 shape 2x4_lowcut (172932942 x 172932942, cut 172932942 / -1) slots 0: 7.225 s, cache 0 hits 0 misses, C sha256 392896d660bf6874 same
cache_trace node 0: piece (1, 0) of 2 x 4, 86466471 + 43233236 limbs at 86466471, slots 2: A - B cached | 1.016 s: redistribute 0.076 ntt 0.832 crt 0.004 out 0.092 carry 0.031 | ntt parts rows 0.005 cols 0.004 pack 0.002 xfer 0.652 a2a 0.818
cache_trace node 1: piece (1, 0) of 2 x 4, 86466471 + 43233236 limbs at 86466471, slots 2: A - B cached | 1.015 s: redistribute 0.060 ntt 0.840 crt 0.004 out 0.090 carry 0.030 | ntt parts rows 0.005 cols 0.004 pack 0.002 xfer 0.657 a2a 0.828
cache_trace node 2: piece (1, 0) of 2 x 4, 86466471 + 43233236 limbs at 86466471, slots 2: A - B cached | 1.016 s: redistribute 0.071 ntt 0.839 crt 0.001 out 0.086 carry 0.031 | ntt parts rows 0.005 cols 0.004 pack 0.002 xfer 0.655 a2a 0.824
cache_trace node 3: piece (1, 0) of 2 x 4, 86466471 + 43233236 limbs at 86466471, slots 2: A - B cached | 1.016 s: redistribute 0.077 ntt 0.844 crt 0.004 out 0.088 carry 0.031 | ntt parts rows 0.005 cols 0.004 pack 0.003 xfer 0.658 a2a 0.823
cache_trace node 0: piece (0, 1) of 2 x 4, 86466471 + 43233236 limbs at 43233236, slots 2: A cached B cached | 1.031 s: redistribute 0.065 ntt 0.845 crt 0.002 out 0.092 carry 0.032 | ntt parts rows 0.005 cols 0.004 pack 0.002 xfer 0.656 a2a 0.828
cache_trace node 1: piece (0, 1) of 2 x 4, 86466471 + 43233236 limbs at 43233236, slots 2: A cached B cached | 1.031 s: redistribute 0.065 ntt 0.853 crt 0.001 out 0.097 carry 0.032 | ntt parts rows 0.005 cols 0.004 pack 0.002 xfer 0.654 a2a 0.830
cache_trace node 2: piece (0, 1) of 2 x 4, 86466471 + 43233236 limbs at 43233236, slots 2: A cached B cached | 1.031 s: redistribute 0.065 ntt 0.852 crt 0.002 out 0.093 carry 0.032 | ntt parts rows 0.005 cols 0.004 pack 0.002 xfer 0.658 a2a 0.832
cache_trace node 3: piece (0, 1) of 2 x 4, 86466471 + 43233236 limbs at 43233236, slots 2: A cached B cached | 1.031 s: redistribute 0.066 ntt 0.843 crt 0.002 out 0.093 carry 0.032 | ntt parts rows 0.005 cols 0.004 pack 0.002 xfer 0.666 a2a 0.829
cache_trace node 0: piece (1, 1) of 2 x 4, 86466471 + 43233236 limbs at 129699707, slots 2: A - B HIT | 0.750 s: redistribute 0.045 ntt 0.597 crt 0.002 out 0.088 carry 0.030 | ntt parts rows 0.003 cols 0.003 pack 0.002 xfer 0.472 a2a 0.584
cache_trace node 1: piece (1, 1) of 2 x 4, 86466471 + 43233236 limbs at 129699707, slots 2: A - B HIT | 0.750 s: redistribute 0.042 ntt 0.598 crt 0.003 out 0.090 carry 0.029 | ntt parts rows 0.004 cols 0.003 pack 0.002 xfer 0.457 a2a 0.582
cache_trace node 2: piece (1, 1) of 2 x 4, 86466471 + 43233236 limbs at 129699707, slots 2: A - B HIT | 0.750 s: redistribute 0.046 ntt 0.593 crt 0.003 out 0.091 carry 0.029 | ntt parts rows 0.003 cols 0.003 pack 0.002 xfer 0.450 a2a 0.580
cache_trace node 3: piece (1, 1) of 2 x 4, 86466471 + 43233236 limbs at 129699707, slots 2: A - B HIT | 0.750 s: redistribute 0.046 ntt 0.601 crt 0.001 out 0.085 carry 0.030 | ntt parts rows 0.003 cols 0.003 pack 0.002 xfer 0.472 a2a 0.585
cache_trace node 0: piece (0, 2) of 2 x 4, 86466471 + 43233236 limbs at 86466472, slots 2: A HIT B cached | 0.745 s: redistribute 0.024 ntt 0.601 crt 0.005 out 0.090 carry 0.033 | ntt parts rows 0.003 cols 0.003 pack 0.002 xfer 0.462 a2a 0.586
cache_trace node 1: piece (0, 2) of 2 x 4, 86466471 + 43233236 limbs at 86466472, slots 2: A HIT B cached | 0.745 s: redistribute 0.022 ntt 0.606 crt 0.005 out 0.088 carry 0.032 | ntt parts rows 0.003 cols 0.003 pack 0.002 xfer 0.473 a2a 0.588
cache_trace node 2: piece (0, 2) of 2 x 4, 86466471 + 43233236 limbs at 86466472, slots 2: A HIT B cached | 0.745 s: redistribute 0.024 ntt 0.597 crt 0.005 out 0.092 carry 0.032 | ntt parts rows 0.004 cols 0.003 pack 0.002 xfer 0.457 a2a 0.584
cache_trace node 3: piece (0, 2) of 2 x 4, 86466471 + 43233236 limbs at 86466472, slots 2: A HIT B cached | 0.745 s: redistribute 0.025 ntt 0.595 crt 0.005 out 0.093 carry 0.033 | ntt parts rows 0.003 cols 0.003 pack 0.002 xfer 0.465 a2a 0.583
cache_trace node 1: piece (1, 2) of 2 x 4, 86466471 + 43233236 limbs at 172932943, slots 2: A - B HIT | 0.760 s: redistribute 0.042 ntt 0.605 crt 0.002 out 0.091 carry 0.033 | ntt parts rows 0.003 cols 0.003 pack 0.002 xfer 0.466 a2a 0.586
cache_trace node 2: piece (1, 2) of 2 x 4, 86466471 + 43233236 limbs at 172932943, slots 2: A - B HIT | 0.760 s: redistribute 0.044 ntt 0.603 crt 0.001 out 0.088 carry 0.033 | ntt parts rows 0.003 cols 0.003 pack 0.002 xfer 0.473 a2a 0.586
cache_trace node 0: piece (1, 2) of 2 x 4, 86466471 + 43233236 limbs at 172932943, slots 2: A - B HIT | 0.760 s: redistribute 0.044 ntt 0.608 crt 0.001 out 0.086 carry 0.033 | ntt parts rows 0.004 cols 0.003 pack 0.002 xfer 0.461 a2a 0.589
cache_trace node 3: piece (1, 2) of 2 x 4, 86466471 + 43233236 limbs at 172932943, slots 2: A - B HIT | 0.761 s: redistribute 0.042 ntt 0.600 crt 0.002 out 0.089 carry 0.033 | ntt parts rows 0.004 cols 0.002 pack 0.002 xfer 0.466 a2a 0.587
cache_trace node 0: piece (0, 3) of 2 x 4, 86466471 + 43233234 limbs at 129699708, slots 2: A HIT B cached | 0.715 s: redistribute 0.023 ntt 0.555 crt 0.003 out 0.105 carry 0.033 | ntt parts rows 0.004 cols 0.003 pack 0.002 xfer 0.429 a2a 0.544
cache_trace node 1: piece (0, 3) of 2 x 4, 86466471 + 43233234 limbs at 129699708, slots 2: A HIT B cached | 0.715 s: redistribute 0.024 ntt 0.560 crt 0.002 out 0.098 carry 0.032 | ntt parts rows 0.003 cols 0.003 pack 0.002 xfer 0.435 a2a 0.548
cache_trace node 2: piece (0, 3) of 2 x 4, 86466471 + 43233234 limbs at 129699708, slots 2: A HIT B cached | 0.715 s: redistribute 0.023 ntt 0.555 crt 0.002 out 0.107 carry 0.032 | ntt parts rows 0.004 cols 0.003 pack 0.002 xfer 0.426 a2a 0.547
cache_trace node 3: piece (0, 3) of 2 x 4, 86466471 + 43233234 limbs at 129699708, slots 2: A HIT B cached | 0.715 s: redistribute 0.023 ntt 0.562 crt 0.003 out 0.106 carry 0.032 | ntt parts rows 0.003 cols 0.003 pack 0.002 xfer 0.441 a2a 0.548
cache_trace node 0: piece (1, 3) of 2 x 4, 86466471 + 43233234 limbs at 216166179, slots 2: A - B HIT | 0.723 s: redistribute 0.039 ntt 0.582 crt 0.002 out 0.090 carry 0.029 | ntt parts rows 0.003 cols 0.003 pack 0.002 xfer 0.448 a2a 0.568
dist_mn node 0: 172932942 x 172932942 limbs over 4 x 4 ranks (cap 2^27): 2 x 4 pieces, 7 formed, 1 skipped (low cut) (cache 2 slots: 5 hits, 5 misses)
cache_trace node 1: piece (1, 3) of 2 x 4, 86466471 + 43233234 limbs at 216166179, slots 2: A - B HIT | 0.723 s: redistribute 0.043 ntt 0.578 crt 0.002 out 0.087 carry 0.028 | ntt parts rows 0.003 cols 0.003 pack 0.002 xfer 0.463 a2a 0.566
dist_mn node 1: 172932942 x 172932942 limbs over 4 x 4 ranks (cap 2^27): 2 x 4 pieces, 7 formed, 1 skipped (low cut) (cache 2 slots: 5 hits, 5 misses)
cache_trace node 2: piece (1, 3) of 2 x 4, 86466471 + 43233234 limbs at 216166179, slots 2: A - B HIT | 0.723 s: redistribute 0.046 ntt 0.574 crt 0.002 out 0.089 carry 0.028 | ntt parts rows 0.003 cols 0.003 pack 0.002 xfer 0.437 a2a 0.560
dist_mn node 2: 172932942 x 172932942 limbs over 4 x 4 ranks (cap 2^27): 2 x 4 pieces, 7 formed, 1 skipped (low cut) (cache 2 slots: 5 hits, 5 misses)
cache_trace node 3: piece (1, 3) of 2 x 4, 86466471 + 43233234 limbs at 216166179, slots 2: A - B HIT | 0.723 s: redistribute 0.049 ntt 0.577 crt 0.002 out 0.086 carry 0.028 | ntt parts rows 0.003 cols 0.002 pack 0.002 xfer 0.451 a2a 0.561
dist_mn node 3: 172932942 x 172932942 limbs over 4 x 4 ranks (cap 2^27): 2 x 4 pieces, 7 formed, 1 skipped (low cut) (cache 2 slots: 5 hits, 5 misses)
cx_grid node 1: rep 1 shape 2x4_lowcut (172932942 x 172932942, cut 172932942 / -1) slots 2: 5.746 s, cache 5 hits 5 misses, C sha256 2b96183bdc63b4f0 same
cx_grid node 2: rep 1 shape 2x4_lowcut (172932942 x 172932942, cut 172932942 / -1) slots 2: 5.746 s, cache 5 hits 5 misses, C sha256 392896d660bf6874 same
cx_grid node 3: rep 1 shape 2x4_lowcut (172932942 x 172932942, cut 172932942 / -1) slots 2: 5.746 s, cache 5 hits 5 misses, C sha256 b8a655c2a8a9f640 same
cx_grid node 0: rep 1 shape 2x4_lowcut (172932942 x 172932942, cut 172932942 / -1) slots 2: 5.746 s, cache 5 hits 5 misses, C sha256 4968e1e85c988bcf same
cache_trace node 0: piece (4, 0) of 5 x 6, 69173177 + 57644315 limbs at 276692708, slots 0: A - B - | 1.016 s: redistribute 0.072 ntt 0.820 crt 0.002 out 0.073 carry 0.056 | ntt parts rows 0.005 cols 0.004 pack 0.002 xfer 0.650 a2a 0.807
cache_trace node 1: piece (4, 0) of 5 x 6, 69173177 + 57644315 limbs at 276692708, slots 0: A - B - | 1.016 s: redistribute 0.072 ntt 0.827 crt 0.001 out 0.074 carry 0.055 | ntt parts rows 0.005 cols 0.004 pack 0.003 xfer 0.639 a2a 0.812
cache_trace node 2: piece (4, 0) of 5 x 6, 69173177 + 57644315 limbs at 276692708, slots 0: A - B - | 1.016 s: redistribute 0.069 ntt 0.826 crt 0.001 out 0.072 carry 0.055 | ntt parts rows 0.005 cols 0.004 pack 0.002 xfer 0.644 a2a 0.811
cache_trace node 3: piece (4, 0) of 5 x 6, 69173177 + 57644315 limbs at 276692708, slots 0: A - B - | 1.016 s: redistribute 0.067 ntt 0.827 crt 0.002 out 0.073 carry 0.056 | ntt parts rows 0.005 cols 0.004 pack 0.002 xfer 0.647 a2a 0.812
cache_trace node 0: piece (3, 1) of 5 x 6, 69173177 + 57644315 limbs at 265163846, slots 0: A - B - | 1.029 s: redistribute 0.065 ntt 0.834 crt 0.001 out 0.088 carry 0.062 | ntt parts rows 0.005 cols 0.004 pack 0.003 xfer 0.647 a2a 0.813
cache_trace node 1: piece (3, 1) of 5 x 6, 69173177 + 57644315 limbs at 265163846, slots 0: A - B - | 1.029 s: redistribute 0.068 ntt 0.830 crt 0.001 out 0.087 carry 0.062 | ntt parts rows 0.005 cols 0.004 pack 0.002 xfer 0.645 a2a 0.810
cache_trace node 2: piece (3, 1) of 5 x 6, 69173177 + 57644315 limbs at 265163846, slots 0: A - B - | 1.029 s: redistribute 0.062 ntt 0.832 crt 0.003 out 0.087 carry 0.062 | ntt parts rows 0.005 cols 0.004 pack 0.002 xfer 0.630 a2a 0.815
cache_trace node 3: piece (3, 1) of 5 x 6, 69173177 + 57644315 limbs at 265163846, slots 0: A - B - | 1.030 s: redistribute 0.063 ntt 0.833 crt 0.003 out 0.084 carry 0.062 | ntt parts rows 0.005 cols 0.004 pack 0.002 xfer 0.643 a2a 0.814
cache_trace node 0: piece (4, 1) of 5 x 6, 69173177 + 57644315 limbs at 334337023, slots 0: A - B - | 1.047 s: redistribute 0.069 ntt 0.832 crt 0.002 out 0.100 carry 0.058 | ntt parts rows 0.005 cols 0.004 pack 0.002 xfer 0.654 a2a 0.816
cache_trace node 1: piece (4, 1) of 5 x 6, 69173177 + 57644315 limbs at 334337023, slots 0: A - B - | 1.047 s: redistribute 0.069 ntt 0.828 crt 0.002 out 0.098 carry 0.058 | ntt parts rows 0.005 cols 0.004 pack 0.002 xfer 0.648 a2a 0.815
cache_trace node 2: piece (4, 1) of 5 x 6, 69173177 + 57644315 limbs at 334337023, slots 0: A - B - | 1.047 s: redistribute 0.067 ntt 0.833 crt 0.003 out 0.099 carry 0.055 | ntt parts rows 0.005 cols 0.004 pack 0.002 xfer 0.652 a2a 0.817
cache_trace node 3: piece (4, 1) of 5 x 6, 69173177 + 57644315 limbs at 334337023, slots 0: A - B - | 1.047 s: redistribute 0.069 ntt 0.837 crt 0.003 out 0.098 carry 0.058 | ntt parts rows 0.005 cols 0.004 pack 0.002 xfer 0.651 a2a 0.818
cache_trace node 0: piece (2, 2) of 5 x 6, 69173177 + 57644315 limbs at 253634984, slots 0: A - B - | 1.057 s: redistribute 0.066 ntt 0.849 crt 0.002 out 0.089 carry 0.059 | ntt parts rows 0.005 cols 0.004 pack 0.003 xfer 0.664 a2a 0.831
cache_trace node 1: piece (2, 2) of 5 x 6, 69173177 + 57644315 limbs at 253634984, slots 0: A - B - | 1.057 s: redistribute 0.065 ntt 0.850 crt 0.002 out 0.094 carry 0.059 | ntt parts rows 0.005 cols 0.004 pack 0.002 xfer 0.645 a2a 0.832
cache_trace node 2: piece (2, 2) of 5 x 6, 69173177 + 57644315 limbs at 253634984, slots 0: A - B - | 1.057 s: redistribute 0.064 ntt 0.851 crt 0.001 out 0.092 carry 0.059 | ntt parts rows 0.005 cols 0.004 pack 0.002 xfer 0.658 a2a 0.830
cache_trace node 3: piece (2, 2) of 5 x 6, 69173177 + 57644315 limbs at 253634984, slots 0: A - B - | 1.057 s: redistribute 0.063 ntt 0.855 crt 0.001 out 0.096 carry 0.059 | ntt parts rows 0.005 cols 0.004 pack 0.002 xfer 0.654 a2a 0.834
cache_trace node 0: piece (3, 2) of 5 x 6, 69173177 + 57644315 limbs at 322808161, slots 0: A - B - | 1.010 s: redistribute 0.070 ntt 0.797 crt 0.001 out 0.098 carry 0.053 | ntt parts rows 0.005 cols 0.004 pack 0.002 xfer 0.628 a2a 0.780
cache_trace node 1: piece (3, 2) of 5 x 6, 69173177 + 57644315 limbs at 322808161, slots 0: A - B - | 1.010 s: redistribute 0.066 ntt 0.802 crt 0.002 out 0.094 carry 0.053 | ntt parts rows 0.005 cols 0.004 pack 0.003 xfer 0.619 a2a 0.784
cache_trace node 2: piece (3, 2) of 5 x 6, 69173177 + 57644315 limbs at 322808161, slots 0: A - B - | 1.010 s: redistribute 0.064 ntt 0.800 crt 0.002 out 0.102 carry 0.053 | ntt parts rows 0.005 cols 0.004 pack 0.002 xfer 0.614 a2a 0.784
cache_trace node 3: piece (3, 2) of 5 x 6, 69173177 + 57644315 limbs at 322808161, slots 0: A - B - | 1.010 s: redistribute 0.061 ntt 0.801 crt 0.001 out 0.104 carry 0.053 | ntt parts rows 0.005 cols 0.004 pack 0.003 xfer 0.619 a2a 0.785
cache_trace node 0: piece (4, 2) of 5 x 6, 69173177 + 57644315 limbs at 391981338, slots 0: A - B - | 1.040 s: redistribute 0.066 ntt 0.823 crt 0.003 out 0.106 carry 0.047 | ntt parts rows 0.005 cols 0.004 pack 0.003 xfer 0.650 a2a 0.809
cache_trace node 1: piece (4, 2) of 5 x 6, 69173177 + 57644315 limbs at 391981338, slots 0: A - B - | 1.040 s: redistribute 0.067 ntt 0.830 crt 0.004 out 0.106 carry 0.047 | ntt parts rows 0.005 cols 0.004 pack 0.002 xfer 0.633 a2a 0.810
cache_trace node 2: piece (4, 2) of 5 x 6, 69173177 + 57644315 limbs at 391981338, slots 0: A - B - | 1.040 s: redistribute 0.067 ntt 0.824 crt 0.004 out 0.106 carry 0.045 | ntt parts rows 0.005 cols 0.004 pack 0.002 xfer 0.650 a2a 0.810
cache_trace node 3: piece (4, 2) of 5 x 6, 69173177 + 57644315 limbs at 391981338, slots 0: A - B - | 1.040 s: redistribute 0.067 ntt 0.849 crt 0.001 out 0.108 carry 0.047 | ntt parts rows 0.005 cols 0.004 pack 0.002 xfer 0.644 a2a 0.817
cache_trace node 0: piece (1, 3) of 5 x 6, 69173177 + 57644315 limbs at 242106122, slots 0: A - B - | 1.055 s: redistribute 0.068 ntt 0.841 crt 0.002 out 0.098 carry 0.053 | ntt parts rows 0.005 cols 0.004 pack 0.002 xfer 0.654 a2a 0.828
cache_trace node 1: piece (1, 3) of 5 x 6, 69173177 + 57644315 limbs at 242106122, slots 0: A - B - | 1.055 s: redistribute 0.064 ntt 0.855 crt 0.001 out 0.100 carry 0.052 | ntt parts rows 0.005 cols 0.004 pack 0.002 xfer 0.657 a2a 0.833
cache_trace node 2: piece (1, 3) of 5 x 6, 69173177 + 57644315 limbs at 242106122, slots 0: A - B - | 1.055 s: redistribute 0.064 ntt 0.844 crt 0.002 out 0.097 carry 0.052 | ntt parts rows 0.005 cols 0.004 pack 0.002 xfer 0.659 a2a 0.831
cache_trace node 3: piece (1, 3) of 5 x 6, 69173177 + 57644315 limbs at 242106122, slots 0: A - B - | 1.055 s: redistribute 0.066 ntt 0.848 crt 0.002 out 0.099 carry 0.053 | ntt parts rows 0.005 cols 0.004 pack 0.002 xfer 0.661 a2a 0.830
cache_trace node 0: piece (2, 3) of 5 x 6, 69173177 + 57644315 limbs at 311279299, slots 0: A - B - | 1.062 s: redistribute 0.068 ntt 0.864 crt 0.002 out 0.088 carry 0.048 | ntt parts rows 0.005 cols 0.004 pack 0.002 xfer 0.681 a2a 0.847
cache_trace node 1: piece (2, 3) of 5 x 6, 69173177 + 57644315 limbs at 311279299, slots 0: A - B - | 1.062 s: redistribute 0.068 ntt 0.862 crt 0.001 out 0.090 carry 0.048 | ntt parts rows 0.005 cols 0.004 pack 0.002 xfer 0.676 a2a 0.843
cache_trace node 2: piece (2, 3) of 5 x 6, 69173177 + 57644315 limbs at 311279299, slots 0: A - B - | 1.062 s: redistribute 0.070 ntt 0.861 crt 0.001 out 0.091 carry 0.047 | ntt parts rows 0.005 cols 0.004 pack 0.002 xfer 0.685 a2a 0.846
cache_trace node 3: piece (2, 3) of 5 x 6, 69173177 + 57644315 limbs at 311279299, slots 0: A - B - | 1.062 s: redistribute 0.071 ntt 0.863 crt 0.002 out 0.093 carry 0.048 | ntt parts rows 0.005 cols 0.004 pack 0.003 xfer 0.665 a2a 0.847
cache_trace node 0: piece (3, 3) of 5 x 6, 69173177 + 57644315 limbs at 380452476, slots 0: A - B - | 1.033 s: redistribute 0.072 ntt 0.812 crt 0.002 out 0.111 carry 0.045 | ntt parts rows 0.005 cols 0.004 pack 0.002 xfer 0.632 a2a 0.791
cache_trace node 1: piece (3, 3) of 5 x 6, 69173177 + 57644315 limbs at 380452476, slots 0: A - B - | 1.033 s: redistribute 0.070 ntt 0.810 crt 0.002 out 0.114 carry 0.045 | ntt parts rows 0.005 cols 0.004 pack 0.002 xfer 0.634 a2a 0.795
cache_trace node 2: piece (3, 3) of 5 x 6, 69173177 + 57644315 limbs at 380452476, slots 0: A - B - | 1.033 s: redistribute 0.071 ntt 0.808 crt 0.002 out 0.114 carry 0.044 | ntt parts rows 0.005 cols 0.004 pack 0.002 xfer 0.626 a2a 0.791
cache_trace node 3: piece (3, 3) of 5 x 6, 69173177 + 57644315 limbs at 380452476, slots 0: A - B - | 1.033 s: redistribute 0.071 ntt 0.816 crt 0.002 out 0.111 carry 0.045 | ntt parts rows 0.005 cols 0.004 pack 0.002 xfer 0.636 a2a 0.797
cache_trace node 0: piece (4, 3) of 5 x 6, 69173177 + 57644315 limbs at 449625653, slots 0: A - B - | 1.034 s: redistribute 0.080 ntt 0.844 crt 0.002 out 0.075 carry 0.059 | ntt parts rows 0.005 cols 0.004 pack 0.002 xfer 0.640 a2a 0.817
cache_trace node 1: piece (4, 3) of 5 x 6, 69173177 + 57644315 limbs at 449625653, slots 0: A - B - | 1.034 s: redistribute 0.082 ntt 0.827 crt 0.002 out 0.078 carry 0.059 | ntt parts rows 0.005 cols 0.004 pack 0.002 xfer 0.643 a2a 0.809
cache_trace node 2: piece (4, 3) of 5 x 6, 69173177 + 57644315 limbs at 449625653, slots 0: A - B - | 1.034 s: redistribute 0.082 ntt 0.836 crt 0.001 out 0.082 carry 0.058 | ntt parts rows 0.005 cols 0.004 pack 0.002 xfer 0.639 a2a 0.810
cache_trace node 3: piece (4, 3) of 5 x 6, 69173177 + 57644315 limbs at 449625653, slots 0: A - B - | 1.034 s: redistribute 0.083 ntt 0.842 crt 0.002 out 0.079 carry 0.059 | ntt parts rows 0.005 cols 0.004 pack 0.002 xfer 0.639 a2a 0.812
cache_trace node 0: piece (0, 4) of 5 x 6, 69173177 + 57644315 limbs at 230577260, slots 0: A - B - | 1.036 s: redistribute 0.074 ntt 0.827 crt 0.001 out 0.103 carry 0.047 | ntt parts rows 0.005 cols 0.004 pack 0.002 xfer 0.650 a2a 0.808
cache_trace node 1: piece (0, 4) of 5 x 6, 69173177 + 57644315 limbs at 230577260, slots 0: A - B - | 1.036 s: redistribute 0.077 ntt 0.827 crt 0.001 out 0.101 carry 0.046 | ntt parts rows 0.005 cols 0.004 pack 0.002 xfer 0.644 a2a 0.809
cache_trace node 2: piece (0, 4) of 5 x 6, 69173177 + 57644315 limbs at 230577260, slots 0: A - B - | 1.036 s: redistribute 0.074 ntt 0.829 crt 0.001 out 0.102 carry 0.046 | ntt parts rows 0.005 cols 0.004 pack 0.003 xfer 0.645 a2a 0.811
cache_trace node 3: piece (0, 4) of 5 x 6, 69173177 + 57644315 limbs at 230577260, slots 0: A - B - | 1.036 s: redistribute 0.063 ntt 0.840 crt 0.001 out 0.096 carry 0.046 | ntt parts rows 0.005 cols 0.004 pack 0.002 xfer 0.651 a2a 0.823
cache_trace node 0: piece (1, 4) of 5 x 6, 69173177 + 57644315 limbs at 299750437, slots 0: A - B - | 1.036 s: redistribute 0.059 ntt 0.837 crt 0.002 out 0.082 carry 0.057 | ntt parts rows 0.005 cols 0.004 pack 0.002 xfer 0.656 a2a 0.823
cache_trace node 1: piece (1, 4) of 5 x 6, 69173177 + 57644315 limbs at 299750437, slots 0: A - B - | 1.036 s: redistribute 0.057 ntt 0.840 crt 0.001 out 0.086 carry 0.057 | ntt parts rows 0.005 cols 0.004 pack 0.002 xfer 0.656 a2a 0.827
cache_trace node 2: piece (1, 4) of 5 x 6, 69173177 + 57644315 limbs at 299750437, slots 0: A - B - | 1.036 s: redistribute 0.059 ntt 0.840 crt 0.002 out 0.084 carry 0.057 | ntt parts rows 0.005 cols 0.004 pack 0.002 xfer 0.644 a2a 0.825
cache_trace node 3: piece (1, 4) of 5 x 6, 69173177 + 57644315 limbs at 299750437, slots 0: A - B - | 1.036 s: redistribute 0.061 ntt 0.834 crt 0.002 out 0.088 carry 0.057 | ntt parts rows 0.005 cols 0.004 pack 0.002 xfer 0.644 a2a 0.822
cache_trace node 0: piece (2, 4) of 5 x 6, 69173177 + 57644315 limbs at 368923614, slots 0: A - B - | 1.046 s: redistribute 0.067 ntt 0.852 crt 0.002 out 0.111 carry 0.021 | ntt parts rows 0.005 cols 0.004 pack 0.002 xfer 0.648 a2a 0.836
cache_trace node 1: piece (2, 4) of 5 x 6, 69173177 + 57644315 limbs at 368923614, slots 0: A - B - | 1.046 s: redistribute 0.064 ntt 0.858 crt 0.001 out 0.111 carry 0.021 | ntt parts rows 0.005 cols 0.004 pack 0.002 xfer 0.666 a2a 0.841
cache_trace node 2: piece (2, 4) of 5 x 6, 69173177 + 57644315 limbs at 368923614, slots 0: A - B - | 1.046 s: redistribute 0.062 ntt 0.855 crt 0.002 out 0.113 carry 0.021 | ntt parts rows 0.005 cols 0.004 pack 0.002 xfer 0.670 a2a 0.841
cache_trace node 3: piece (2, 4) of 5 x 6, 69173177 + 57644315 limbs at 368923614, slots 0: A - B - | 1.046 s: redistribute 0.061 ntt 0.866 crt 0.001 out 0.113 carry 0.022 | ntt parts rows 0.005 cols 0.004 pack 0.002 xfer 0.677 a2a 0.846
cache_trace node 0: piece (3, 4) of 5 x 6, 69173177 + 57644315 limbs at 438096791, slots 0: A - B - | 1.043 s: redistribute 0.071 ntt 0.836 crt 0.001 out 0.084 carry 0.061 | ntt parts rows 0.005 cols 0.004 pack 0.002 xfer 0.651 a2a 0.823
cache_trace node 1: piece (3, 4) of 5 x 6, 69173177 + 57644315 limbs at 438096791, slots 0: A - B - | 1.043 s: redistribute 0.065 ntt 0.839 crt 0.001 out 0.090 carry 0.060 | ntt parts rows 0.005 cols 0.004 pack 0.002 xfer 0.645 a2a 0.824
cache_trace node 2: piece (3, 4) of 5 x 6, 69173177 + 57644315 limbs at 438096791, slots 0: A - B - | 1.043 s: redistribute 0.068 ntt 0.833 crt 0.001 out 0.089 carry 0.060 | ntt parts rows 0.005 cols 0.004 pack 0.002 xfer 0.649 a2a 0.820
cache_trace node 3: piece (3, 4) of 5 x 6, 69173177 + 57644315 limbs at 438096791, slots 0: A - B - | 1.043 s: redistribute 0.065 ntt 0.842 crt 0.001 out 0.088 carry 0.060 | ntt parts rows 0.005 cols 0.004 pack 0.002 xfer 0.660 a2a 0.827
cache_trace node 0: piece (4, 4) of 5 x 6, 69173177 + 57644315 limbs at 507269968, slots 0: A - B - | 1.053 s: redistribute 0.064 ntt 0.833 crt 0.003 out 0.107 carry 0.055 | ntt parts rows 0.005 cols 0.004 pack 0.002 xfer 0.643 a2a 0.817
cache_trace node 1: piece (4, 4) of 5 x 6, 69173177 + 57644315 limbs at 507269968, slots 0: A - B - | 1.053 s: redistribute 0.067 ntt 0.844 crt 0.003 out 0.109 carry 0.055 | ntt parts rows 0.005 cols 0.004 pack 0.002 xfer 0.644 a2a 0.818
cache_trace node 2: piece (4, 4) of 5 x 6, 69173177 + 57644315 limbs at 507269968, slots 0: A - B - | 1.053 s: redistribute 0.068 ntt 0.834 crt 0.003 out 0.109 carry 0.055 | ntt parts rows 0.005 cols 0.004 pack 0.002 xfer 0.642 a2a 0.816
cache_trace node 3: piece (4, 4) of 5 x 6, 69173177 + 57644315 limbs at 507269968, slots 0: A - B - | 1.053 s: redistribute 0.060 ntt 0.836 crt 0.003 out 0.109 carry 0.055 | ntt parts rows 0.005 cols 0.004 pack 0.002 xfer 0.636 a2a 0.818
cache_trace node 0: piece (0, 5) of 5 x 6, 69173177 + 57644310 limbs at 288221575, slots 0: A - B - | 1.051 s: redistribute 0.070 ntt 0.853 crt 0.002 out 0.075 carry 0.060 | ntt parts rows 0.005 cols 0.004 pack 0.002 xfer 0.669 a2a 0.838
cache_trace node 1: piece (0, 5) of 5 x 6, 69173177 + 57644310 limbs at 288221575, slots 0: A - B - | 1.051 s: redistribute 0.076 ntt 0.854 crt 0.001 out 0.078 carry 0.060 | ntt parts rows 0.005 cols 0.004 pack 0.002 xfer 0.670 a2a 0.838
cache_trace node 2: piece (0, 5) of 5 x 6, 69173177 + 57644310 limbs at 288221575, slots 0: A - B - | 1.051 s: redistribute 0.090 ntt 0.860 crt 0.002 out 0.075 carry 0.060 | ntt parts rows 0.005 cols 0.004 pack 0.002 xfer 0.654 a2a 0.837
cache_trace node 3: piece (0, 5) of 5 x 6, 69173177 + 57644310 limbs at 288221575, slots 0: A - B - | 1.051 s: redistribute 0.077 ntt 0.850 crt 0.001 out 0.079 carry 0.060 | ntt parts rows 0.005 cols 0.004 pack 0.002 xfer 0.669 a2a 0.836
cache_trace node 0: piece (1, 5) of 5 x 6, 69173177 + 57644310 limbs at 357394752, slots 0: A - B - | 1.109 s: redistribute 0.062 ntt 0.870 crt 0.002 out 0.136 carry 0.044 | ntt parts rows 0.005 cols 0.004 pack 0.002 xfer 0.679 a2a 0.853
cache_trace node 1: piece (1, 5) of 5 x 6, 69173177 + 57644310 limbs at 357394752, slots 0: A - B - | 1.109 s: redistribute 0.067 ntt 0.871 crt 0.002 out 0.136 carry 0.044 | ntt parts rows 0.005 cols 0.004 pack 0.002 xfer 0.671 a2a 0.851
cache_trace node 2: piece (1, 5) of 5 x 6, 69173177 + 57644310 limbs at 357394752, slots 0: A - B - | 1.109 s: redistribute 0.060 ntt 0.864 crt 0.001 out 0.142 carry 0.043 | ntt parts rows 0.005 cols 0.004 pack 0.002 xfer 0.672 a2a 0.852
cache_trace node 3: piece (1, 5) of 5 x 6, 69173177 + 57644310 limbs at 357394752, slots 0: A - B - | 1.109 s: redistribute 0.067 ntt 0.864 crt 0.001 out 0.142 carry 0.044 | ntt parts rows 0.005 cols 0.004 pack 0.002 xfer 0.663 a2a 0.846
cache_trace node 0: piece (2, 5) of 5 x 6, 69173177 + 57644310 limbs at 426567929, slots 0: A - B - | 1.061 s: redistribute 0.060 ntt 0.854 crt 0.001 out 0.090 carry 0.061 | ntt parts rows 0.005 cols 0.004 pack 0.002 xfer 0.647 a2a 0.831
cache_trace node 1: piece (2, 5) of 5 x 6, 69173177 + 57644310 limbs at 426567929, slots 0: A - B - | 1.061 s: redistribute 0.060 ntt 0.845 crt 0.002 out 0.095 carry 0.061 | ntt parts rows 0.005 cols 0.004 pack 0.002 xfer 0.658 a2a 0.830
cache_trace node 2: piece (2, 5) of 5 x 6, 69173177 + 57644310 limbs at 426567929, slots 0: A - B - | 1.061 s: redistribute 0.062 ntt 0.840 crt 0.001 out 0.098 carry 0.060 | ntt parts rows 0.005 cols 0.004 pack 0.002 xfer 0.651 a2a 0.825
cache_trace node 3: piece (2, 5) of 5 x 6, 69173177 + 57644310 limbs at 426567929, slots 0: A - B - | 1.061 s: redistribute 0.061 ntt 0.848 crt 0.002 out 0.095 carry 0.061 | ntt parts rows 0.005 cols 0.004 pack 0.002 xfer 0.658 a2a 0.829
cache_trace node 1: piece (3, 5) of 5 x 6, 69173177 + 57644310 limbs at 495741106, slots 0: A - B - | 1.045 s: redistribute 0.062 ntt 0.831 crt 0.001 out 0.110 carry 0.052 | ntt parts rows 0.005 cols 0.004 pack 0.002 xfer 0.648 a2a 0.817
cache_trace node 2: piece (3, 5) of 5 x 6, 69173177 + 57644310 limbs at 495741106, slots 0: A - B - | 1.045 s: redistribute 0.071 ntt 0.839 crt 0.002 out 0.105 carry 0.052 | ntt parts rows 0.005 cols 0.004 pack 0.002 xfer 0.646 a2a 0.814
cache_trace node 3: piece (3, 5) of 5 x 6, 69173177 + 57644310 limbs at 495741106, slots 0: A - B - | 1.045 s: redistribute 0.070 ntt 0.837 crt 0.001 out 0.109 carry 0.052 | ntt parts rows 0.005 cols 0.004 pack 0.003 xfer 0.645 a2a 0.816
cache_trace node 0: piece (3, 5) of 5 x 6, 69173177 + 57644310 limbs at 495741106, slots 0: A - B - | 1.045 s: redistribute 0.067 ntt 0.832 crt 0.002 out 0.105 carry 0.052 | ntt parts rows 0.005 cols 0.004 pack 0.002 xfer 0.645 a2a 0.817
cache_trace node 0: piece (4, 5) of 5 x 6, 69173177 + 57644310 limbs at 564914283, slots 0: A - B - | 1.075 s: redistribute 0.072 ntt 0.826 crt 0.002 out 0.121 carry 0.067 | ntt parts rows 0.005 cols 0.004 pack 0.002 xfer 0.646 a2a 0.808
dist_mn node 0: 345865885 x 345865885 limbs over 4 x 4 ranks (cap 2^27): 5 x 6 pieces, 20 formed, 10 skipped (low cut) (cache 0 slots: 0 hits, 0 misses)
cache_trace node 1: piece (4, 5) of 5 x 6, 69173177 + 57644310 limbs at 564914283, slots 0: A - B - | 1.075 s: redistribute 0.069 ntt 0.820 crt 0.001 out 0.127 carry 0.067 | ntt parts rows 0.005 cols 0.004 pack 0.002 xfer 0.630 a2a 0.806
dist_mn node 1: 345865885 x 345865885 limbs over 4 x 4 ranks (cap 2^27): 5 x 6 pieces, 20 formed, 10 skipped (low cut) (cache 0 slots: 0 hits, 0 misses)
cache_trace node 2: piece (4, 5) of 5 x 6, 69173177 + 57644310 limbs at 564914283, slots 0: A - B - | 1.075 s: redistribute 0.070 ntt 0.821 crt 0.002 out 0.120 carry 0.067 | ntt parts rows 0.005 cols 0.004 pack 0.002 xfer 0.636 a2a 0.809
dist_mn node 2: 345865885 x 345865885 limbs over 4 x 4 ranks (cap 2^27): 5 x 6 pieces, 20 formed, 10 skipped (low cut) (cache 0 slots: 0 hits, 0 misses)
cache_trace node 3: piece (4, 5) of 5 x 6, 69173177 + 57644310 limbs at 564914283, slots 0: A - B - | 1.075 s: redistribute 0.071 ntt 0.820 crt 0.002 out 0.122 carry 0.067 | ntt parts rows 0.005 cols 0.004 pack 0.002 xfer 0.636 a2a 0.807
dist_mn node 3: 345865885 x 345865885 limbs over 4 x 4 ranks (cap 2^27): 5 x 6 pieces, 20 formed, 10 skipped (low cut) (cache 0 slots: 0 hits, 0 misses)
cx_grid node 1: rep 1 shape 5x6_lowcut (345865885 x 345865885, cut 345865885 / -1) slots 0: 20.951 s, cache 0 hits 0 misses, C sha256 c673dc5d386a8b89 same
cx_grid node 2: rep 1 shape 5x6_lowcut (345865885 x 345865885, cut 345865885 / -1) slots 0: 20.951 s, cache 0 hits 0 misses, C sha256 9a63ff9894e68fc8 same
cx_grid node 3: rep 1 shape 5x6_lowcut (345865885 x 345865885, cut 345865885 / -1) slots 0: 20.951 s, cache 0 hits 0 misses, C sha256 a056b37a3c065647 same
cx_grid node 0: rep 1 shape 5x6_lowcut (345865885 x 345865885, cut 345865885 / -1) slots 0: 20.951 s, cache 0 hits 0 misses, C sha256 28247e6619af895b same
cache_trace node 0: piece (4, 0) of 5 x 6, 69173177 + 57644315 limbs at 276692708, slots 2: A - B cached | 1.032 s: redistribute 0.069 ntt 0.831 crt 0.002 out 0.081 carry 0.052 | ntt parts rows 0.005 cols 0.004 pack 0.002 xfer 0.654 a2a 0.818
cache_trace node 1: piece (4, 0) of 5 x 6, 69173177 + 57644315 limbs at 276692708, slots 2: A - B cached | 1.032 s: redistribute 0.075 ntt 0.832 crt 0.001 out 0.085 carry 0.052 | ntt parts rows 0.005 cols 0.004 pack 0.002 xfer 0.650 a2a 0.818
cache_trace node 2: piece (4, 0) of 5 x 6, 69173177 + 57644315 limbs at 276692708, slots 2: A - B cached | 1.032 s: redistribute 0.071 ntt 0.839 crt 0.002 out 0.081 carry 0.052 | ntt parts rows 0.005 cols 0.004 pack 0.002 xfer 0.652 a2a 0.822
cache_trace node 3: piece (4, 0) of 5 x 6, 69173177 + 57644315 limbs at 276692708, slots 2: A - B cached | 1.032 s: redistribute 0.067 ntt 0.839 crt 0.001 out 0.080 carry 0.052 | ntt parts rows 0.005 cols 0.004 pack 0.002 xfer 0.653 a2a 0.823
cache_trace node 0: piece (3, 1) of 5 x 6, 69173177 + 57644315 limbs at 265163846, slots 2: A - B cached | 1.047 s: redistribute 0.074 ntt 0.848 crt 0.001 out 0.083 carry 0.054 | ntt parts rows 0.005 cols 0.004 pack 0.002 xfer 0.668 a2a 0.829
cache_trace node 1: piece (3, 1) of 5 x 6, 69173177 + 57644315 limbs at 265163846, slots 2: A - B cached | 1.047 s: redistribute 0.070 ntt 0.848 crt 0.001 out 0.084 carry 0.053 | ntt parts rows 0.005 cols 0.004 pack 0.002 xfer 0.662 a2a 0.834
cache_trace node 2: piece (3, 1) of 5 x 6, 69173177 + 57644315 limbs at 265163846, slots 2: A - B cached | 1.047 s: redistribute 0.071 ntt 0.847 crt 0.002 out 0.087 carry 0.054 | ntt parts rows 0.005 cols 0.004 pack 0.002 xfer 0.659 a2a 0.834
cache_trace node 3: piece (3, 1) of 5 x 6, 69173177 + 57644315 limbs at 265163846, slots 2: A - B cached | 1.047 s: redistribute 0.068 ntt 0.852 crt 0.002 out 0.080 carry 0.054 | ntt parts rows 0.005 cols 0.004 pack 0.002 xfer 0.667 a2a 0.837
cache_trace node 0: piece (4, 1) of 5 x 6, 69173177 + 57644315 limbs at 334337023, slots 2: A - B HIT | 0.750 s: redistribute 0.037 ntt 0.567 crt 0.002 out 0.104 carry 0.056 | ntt parts rows 0.003 cols 0.003 pack 0.002 xfer 0.433 a2a 0.550
cache_trace node 1: piece (4, 1) of 5 x 6, 69173177 + 57644315 limbs at 334337023, slots 2: A - B HIT | 0.750 s: redistribute 0.038 ntt 0.556 crt 0.002 out 0.105 carry 0.055 | ntt parts rows 0.003 cols 0.003 pack 0.002 xfer 0.430 a2a 0.547
cache_trace node 2: piece (4, 1) of 5 x 6, 69173177 + 57644315 limbs at 334337023, slots 2: A - B HIT | 0.750 s: redistribute 0.038 ntt 0.562 crt 0.002 out 0.106 carry 0.055 | ntt parts rows 0.004 cols 0.003 pack 0.002 xfer 0.433 a2a 0.549
cache_trace node 3: piece (4, 1) of 5 x 6, 69173177 + 57644315 limbs at 334337023, slots 2: A - B HIT | 0.750 s: redistribute 0.037 ntt 0.558 crt 0.001 out 0.107 carry 0.056 | ntt parts rows 0.004 cols 0.003 pack 0.002 xfer 0.443 a2a 0.548
cache_trace node 0: piece (2, 2) of 5 x 6, 69173177 + 57644315 limbs at 253634984, slots 2: A - B cached | 1.061 s: redistribute 0.068 ntt 0.854 crt 0.002 out 0.091 carry 0.060 | ntt parts rows 0.005 cols 0.004 pack 0.002 xfer 0.659 a2a 0.835
cache_trace node 1: piece (2, 2) of 5 x 6, 69173177 + 57644315 limbs at 253634984, slots 2: A - B cached | 1.061 s: redistribute 0.064 ntt 0.845 crt 0.002 out 0.095 carry 0.060 | ntt parts rows 0.005 cols 0.004 pack 0.002 xfer 0.668 a2a 0.832
cache_trace node 2: piece (2, 2) of 5 x 6, 69173177 + 57644315 limbs at 253634984, slots 2: A - B cached | 1.061 s: redistribute 0.064 ntt 0.847 crt 0.002 out 0.095 carry 0.060 | ntt parts rows 0.005 cols 0.004 pack 0.002 xfer 0.662 a2a 0.835
cache_trace node 3: piece (2, 2) of 5 x 6, 69173177 + 57644315 limbs at 253634984, slots 2: A - B cached | 1.061 s: redistribute 0.076 ntt 0.858 crt 0.002 out 0.098 carry 0.060 | ntt parts rows 0.005 cols 0.004 pack 0.002 xfer 0.660 a2a 0.833
cache_trace node 0: piece (3, 2) of 5 x 6, 69173177 + 57644315 limbs at 322808161, slots 2: A - B HIT | 0.753 s: redistribute 0.031 ntt 0.574 crt 0.003 out 0.102 carry 0.052 | ntt parts rows 0.004 cols 0.002 pack 0.002 xfer 0.452 a2a 0.564
cache_trace node 1: piece (3, 2) of 5 x 6, 69173177 + 57644315 limbs at 322808161, slots 2: A - B HIT | 0.753 s: redistribute 0.046 ntt 0.573 crt 0.001 out 0.100 carry 0.052 | ntt parts rows 0.003 cols 0.003 pack 0.002 xfer 0.450 a2a 0.560
cache_trace node 2: piece (3, 2) of 5 x 6, 69173177 + 57644315 limbs at 322808161, slots 2: A - B HIT | 0.753 s: redistribute 0.043 ntt 0.566 crt 0.003 out 0.101 carry 0.052 | ntt parts rows 0.003 cols 0.003 pack 0.002 xfer 0.442 a2a 0.556
cache_trace node 3: piece (3, 2) of 5 x 6, 69173177 + 57644315 limbs at 322808161, slots 2: A - B HIT | 0.753 s: redistribute 0.041 ntt 0.574 crt 0.001 out 0.098 carry 0.052 | ntt parts rows 0.003 cols 0.003 pack 0.002 xfer 0.446 a2a 0.561
cache_trace node 0: piece (4, 2) of 5 x 6, 69173177 + 57644315 limbs at 391981338, slots 2: A - B HIT | 0.721 s: redistribute 0.037 ntt 0.530 crt 0.001 out 0.111 carry 0.046 | ntt parts rows 0.003 cols 0.003 pack 0.002 xfer 0.416 a2a 0.517
cache_trace node 2: piece (4, 2) of 5 x 6, 69173177 + 57644315 limbs at 391981338, slots 2: A - B HIT | 0.721 s: redistribute 0.037 ntt 0.537 crt 0.002 out 0.113 carry 0.046 | ntt parts rows 0.003 cols 0.003 pack 0.002 xfer 0.414 a2a 0.518
cache_trace node 1: piece (4, 2) of 5 x 6, 69173177 + 57644315 limbs at 391981338, slots 2: A - B HIT | 0.721 s: redistribute 0.037 ntt 0.529 crt 0.001 out 0.111 carry 0.046 | ntt parts rows 0.003 cols 0.003 pack 0.002 xfer 0.413 a2a 0.517
cache_trace node 3: piece (4, 2) of 5 x 6, 69173177 + 57644315 limbs at 391981338, slots 2: A - B HIT | 0.721 s: redistribute 0.036 ntt 0.534 crt 0.002 out 0.104 carry 0.046 | ntt parts rows 0.004 cols 0.002 pack 0.002 xfer 0.409 a2a 0.523
cache_trace node 0: piece (1, 3) of 5 x 6, 69173177 + 57644315 limbs at 242106122, slots 2: A - B cached | 1.056 s: redistribute 0.069 ntt 0.839 crt 0.002 out 0.103 carry 0.053 | ntt parts rows 0.005 cols 0.004 pack 0.002 xfer 0.660 a2a 0.825
cache_trace node 1: piece (1, 3) of 5 x 6, 69173177 + 57644315 limbs at 242106122, slots 2: A - B cached | 1.056 s: redistribute 0.067 ntt 0.837 crt 0.002 out 0.105 carry 0.052 | ntt parts rows 0.005 cols 0.004 pack 0.002 xfer 0.655 a2a 0.824
cache_trace node 2: piece (1, 3) of 5 x 6, 69173177 + 57644315 limbs at 242106122, slots 2: A - B cached | 1.056 s: redistribute 0.070 ntt 0.839 crt 0.002 out 0.106 carry 0.053 | ntt parts rows 0.005 cols 0.004 pack 0.002 xfer 0.648 a2a 0.823
cache_trace node 3: piece (1, 3) of 5 x 6, 69173177 + 57644315 limbs at 242106122, slots 2: A - B cached | 1.056 s: redistribute 0.071 ntt 0.836 crt 0.002 out 0.106 carry 0.053 | ntt parts rows 0.005 cols 0.004 pack 0.002 xfer 0.644 a2a 0.822
cache_trace node 0: piece (2, 3) of 5 x 6, 69173177 + 57644315 limbs at 311279299, slots 2: A - B HIT | 0.733 s: redistribute 0.035 ntt 0.561 crt 0.001 out 0.087 carry 0.055 | ntt parts rows 0.003 cols 0.003 pack 0.002 xfer 0.431 a2a 0.552
cache_trace node 1: piece (2, 3) of 5 x 6, 69173177 + 57644315 limbs at 311279299, slots 2: A - B HIT | 0.733 s: redistribute 0.036 ntt 0.560 crt 0.001 out 0.088 carry 0.054 | ntt parts rows 0.003 cols 0.003 pack 0.002 xfer 0.432 a2a 0.550
cache_trace node 2: piece (2, 3) of 5 x 6, 69173177 + 57644315 limbs at 311279299, slots 2: A - B HIT | 0.733 s: redistribute 0.036 ntt 0.564 crt 0.001 out 0.092 carry 0.054 | ntt parts rows 0.003 cols 0.003 pack 0.002 xfer 0.426 a2a 0.549
cache_trace node 3: piece (2, 3) of 5 x 6, 69173177 + 57644315 limbs at 311279299, slots 2: A - B HIT | 0.733 s: redistribute 0.035 ntt 0.564 crt 0.001 out 0.094 carry 0.055 | ntt parts rows 0.003 cols 0.003 pack 0.002 xfer 0.435 a2a 0.548
cache_trace node 1: piece (3, 3) of 5 x 6, 69173177 + 57644315 limbs at 380452476, slots 2: A - B HIT | 0.731 s: redistribute 0.035 ntt 0.553 crt 0.002 out 0.111 carry 0.046 | ntt parts rows 0.004 cols 0.003 pack 0.002 xfer 0.423 a2a 0.537
cache_trace node 2: piece (3, 3) of 5 x 6, 69173177 + 57644315 limbs at 380452476, slots 2: A - B HIT | 0.731 s: redistribute 0.036 ntt 0.547 crt 0.002 out 0.108 carry 0.045 | ntt parts rows 0.003 cols 0.003 pack 0.002 xfer 0.418 a2a 0.535
cache_trace node 0: piece (3, 3) of 5 x 6, 69173177 + 57644315 limbs at 380452476, slots 2: A - B HIT | 0.731 s: redistribute 0.032 ntt 0.544 crt 0.002 out 0.113 carry 0.046 | ntt parts rows 0.003 cols 0.003 pack 0.002 xfer 0.417 a2a 0.536
cache_trace node 3: piece (3, 3) of 5 x 6, 69173177 + 57644315 limbs at 380452476, slots 2: A - B HIT | 0.731 s: redistribute 0.034 ntt 0.549 crt 0.001 out 0.107 carry 0.046 | ntt parts rows 0.003 cols 0.003 pack 0.002 xfer 0.428 a2a 0.537
cache_trace node 0: piece (4, 3) of 5 x 6, 69173177 + 57644315 limbs at 449625653, slots 2: A - B HIT | 0.730 s: redistribute 0.035 ntt 0.564 crt 0.002 out 0.076 carry 0.055 | ntt parts rows 0.004 cols 0.003 pack 0.002 xfer 0.448 a2a 0.554
cache_trace node 1: piece (4, 3) of 5 x 6, 69173177 + 57644315 limbs at 449625653, slots 2: A - B HIT | 0.730 s: redistribute 0.036 ntt 0.571 crt 0.002 out 0.079 carry 0.055 | ntt parts rows 0.003 cols 0.003 pack 0.002 xfer 0.438 a2a 0.557
cache_trace node 2: piece (4, 3) of 5 x 6, 69173177 + 57644315 limbs at 449625653, slots 2: A - B HIT | 0.730 s: redistribute 0.049 ntt 0.573 crt 0.002 out 0.080 carry 0.054 | ntt parts rows 0.003 cols 0.003 pack 0.002 xfer 0.434 a2a 0.550
cache_trace node 3: piece (4, 3) of 5 x 6, 69173177 + 57644315 limbs at 449625653, slots 2: A - B HIT | 0.730 s: redistribute 0.048 ntt 0.573 crt 0.001 out 0.078 carry 0.054 | ntt parts rows 0.004 cols 0.002 pack 0.002 xfer 0.430 a2a 0.553
cache_trace node 0: piece (0, 4) of 5 x 6, 69173177 + 57644315 limbs at 230577260, slots 2: A cached B cached | 1.043 s: redistribute 0.061 ntt 0.830 crt 0.003 out 0.104 carry 0.052 | ntt parts rows 0.005 cols 0.004 pack 0.002 xfer 0.654 a2a 0.818
cache_trace node 1: piece (0, 4) of 5 x 6, 69173177 + 57644315 limbs at 230577260, slots 2: A cached B cached | 1.043 s: redistribute 0.066 ntt 0.830 crt 0.002 out 0.105 carry 0.051 | ntt parts rows 0.005 cols 0.004 pack 0.002 xfer 0.642 a2a 0.816
cache_trace node 2: piece (0, 4) of 5 x 6, 69173177 + 57644315 limbs at 230577260, slots 2: A cached B cached | 1.043 s: redistribute 0.064 ntt 0.834 crt 0.003 out 0.102 carry 0.052 | ntt parts rows 0.005 cols 0.004 pack 0.002 xfer 0.647 a2a 0.817
cache_trace node 3: piece (0, 4) of 5 x 6, 69173177 + 57644315 limbs at 230577260, slots 2: A cached B cached | 1.043 s: redistribute 0.066 ntt 0.833 crt 0.003 out 0.102 carry 0.052 | ntt parts rows 0.005 cols 0.004 pack 0.002 xfer 0.647 a2a 0.815
cache_trace node 0: piece (1, 4) of 5 x 6, 69173177 + 57644315 limbs at 299750437, slots 2: A - B HIT | 0.734 s: redistribute 0.036 ntt 0.562 crt 0.003 out 0.085 carry 0.061 | ntt parts rows 0.004 cols 0.003 pack 0.002 xfer 0.434 a2a 0.544
cache_trace node 1: piece (1, 4) of 5 x 6, 69173177 + 57644315 limbs at 299750437, slots 2: A - B HIT | 0.734 s: redistribute 0.038 ntt 0.554 crt 0.003 out 0.088 carry 0.060 | ntt parts rows 0.004 cols 0.003 pack 0.002 xfer 0.419 a2a 0.539
cache_trace node 2: piece (1, 4) of 5 x 6, 69173177 + 57644315 limbs at 299750437, slots 2: A - B HIT | 0.734 s: redistribute 0.038 ntt 0.554 crt 0.003 out 0.086 carry 0.060 | ntt parts rows 0.003 cols 0.003 pack 0.002 xfer 0.429 a2a 0.543
cache_trace node 3: piece (1, 4) of 5 x 6, 69173177 + 57644315 limbs at 299750437, slots 2: A - B HIT | 0.734 s: redistribute 0.032 ntt 0.562 crt 0.002 out 0.089 carry 0.061 | ntt parts rows 0.004 cols 0.003 pack 0.002 xfer 0.432 a2a 0.547
cache_trace node 0: piece (2, 4) of 5 x 6, 69173177 + 57644315 limbs at 368923614, slots 2: A - B HIT | 0.735 s: redistribute 0.033 ntt 0.568 crt 0.001 out 0.126 carry 0.022 | ntt parts rows 0.004 cols 0.003 pack 0.002 xfer 0.437 a2a 0.556
cache_trace node 1: piece (2, 4) of 5 x 6, 69173177 + 57644315 limbs at 368923614, slots 2: A - B HIT | 0.735 s: redistribute 0.034 ntt 0.566 crt 0.002 out 0.129 carry 0.022 | ntt parts rows 0.004 cols 0.003 pack 0.002 xfer 0.437 a2a 0.553
cache_trace node 3: piece (2, 4) of 5 x 6, 69173177 + 57644315 limbs at 368923614, slots 2: A - B HIT | 0.735 s: redistribute 0.035 ntt 0.576 crt 0.002 out 0.121 carry 0.022 | ntt parts rows 0.003 cols 0.003 pack 0.002 xfer 0.443 a2a 0.561
cache_trace node 2: piece (2, 4) of 5 x 6, 69173177 + 57644315 limbs at 368923614, slots 2: A - B HIT | 0.735 s: redistribute 0.033 ntt 0.570 crt 0.001 out 0.124 carry 0.022 | ntt parts rows 0.003 cols 0.003 pack 0.002 xfer 0.441 a2a 0.556
cache_trace node 0: piece (3, 4) of 5 x 6, 69173177 + 57644315 limbs at 438096791, slots 2: A - B HIT | 0.738 s: redistribute 0.037 ntt 0.574 crt 0.001 out 0.082 carry 0.051 | ntt parts rows 0.003 cols 0.003 pack 0.002 xfer 0.452 a2a 0.563
cache_trace node 1: piece (3, 4) of 5 x 6, 69173177 + 57644315 limbs at 438096791, slots 2: A - B HIT | 0.738 s: redistribute 0.038 ntt 0.578 crt 0.001 out 0.082 carry 0.051 | ntt parts rows 0.004 cols 0.003 pack 0.002 xfer 0.439 a2a 0.563
cache_trace node 2: piece (3, 4) of 5 x 6, 69173177 + 57644315 limbs at 438096791, slots 2: A - B HIT | 0.737 s: redistribute 0.036 ntt 0.569 crt 0.001 out 0.085 carry 0.050 | ntt parts rows 0.003 cols 0.003 pack 0.002 xfer 0.441 a2a 0.559
cache_trace node 3: piece (3, 4) of 5 x 6, 69173177 + 57644315 limbs at 438096791, slots 2: A - B HIT | 0.738 s: redistribute 0.034 ntt 0.572 crt 0.001 out 0.084 carry 0.050 | ntt parts rows 0.003 cols 0.003 pack 0.002 xfer 0.442 a2a 0.563
cache_trace node 0: piece (4, 4) of 5 x 6, 69173177 + 57644315 limbs at 507269968, slots 2: A - B HIT | 0.772 s: redistribute 0.035 ntt 0.586 crt 0.002 out 0.112 carry 0.053 | ntt parts rows 0.004 cols 0.003 pack 0.002 xfer 0.444 a2a 0.571
cache_trace node 1: piece (4, 4) of 5 x 6, 69173177 + 57644315 limbs at 507269968, slots 2: A - B HIT | 0.772 s: redistribute 0.036 ntt 0.590 crt 0.002 out 0.107 carry 0.053 | ntt parts rows 0.003 cols 0.003 pack 0.002 xfer 0.452 a2a 0.572
cache_trace node 2: piece (4, 4) of 5 x 6, 69173177 + 57644315 limbs at 507269968, slots 2: A - B HIT | 0.771 s: redistribute 0.038 ntt 0.586 crt 0.002 out 0.109 carry 0.053 | ntt parts rows 0.003 cols 0.003 pack 0.002 xfer 0.453 a2a 0.569
cache_trace node 3: piece (4, 4) of 5 x 6, 69173177 + 57644315 limbs at 507269968, slots 2: A - B HIT | 0.772 s: redistribute 0.038 ntt 0.584 crt 0.002 out 0.109 carry 0.053 | ntt parts rows 0.003 cols 0.003 pack 0.002 xfer 0.449 a2a 0.571
cache_trace node 0: piece (0, 5) of 5 x 6, 69173177 + 57644310 limbs at 288221575, slots 2: A HIT B cached | 0.732 s: redistribute 0.036 ntt 0.566 crt 0.001 out 0.078 carry 0.064 | ntt parts rows 0.003 cols 0.003 pack 0.002 xfer 0.442 a2a 0.556
cache_trace node 1: piece (0, 5) of 5 x 6, 69173177 + 57644310 limbs at 288221575, slots 2: A HIT B cached | 0.732 s: redistribute 0.027 ntt 0.571 crt 0.001 out 0.076 carry 0.064 | ntt parts rows 0.003 cols 0.003 pack 0.002 xfer 0.451 a2a 0.558
cache_trace node 2: piece (0, 5) of 5 x 6, 69173177 + 57644310 limbs at 288221575, slots 2: A HIT B cached | 0.732 s: redistribute 0.036 ntt 0.570 crt 0.001 out 0.072 carry 0.063 | ntt parts rows 0.003 cols 0.003 pack 0.002 xfer 0.433 a2a 0.557
cache_trace node 3: piece (0, 5) of 5 x 6, 69173177 + 57644310 limbs at 288221575, slots 2: A HIT B cached | 0.732 s: redistribute 0.036 ntt 0.564 crt 0.001 out 0.077 carry 0.064 | ntt parts rows 0.003 cols 0.002 pack 0.002 xfer 0.433 a2a 0.554
cache_trace node 0: piece (1, 5) of 5 x 6, 69173177 + 57644310 limbs at 357394752, slots 2: A - B HIT | 0.759 s: redistribute 0.038 ntt 0.570 crt 0.002 out 0.112 carry 0.045 | ntt parts rows 0.003 cols 0.003 pack 0.002 xfer 0.451 a2a 0.563
cache_trace node 1: piece (1, 5) of 5 x 6, 69173177 + 57644310 limbs at 357394752, slots 2: A - B HIT | 0.759 s: redistribute 0.049 ntt 0.569 crt 0.001 out 0.114 carry 0.045 | ntt parts rows 0.003 cols 0.003 pack 0.002 xfer 0.439 a2a 0.557
cache_trace node 2: piece (1, 5) of 5 x 6, 69173177 + 57644310 limbs at 357394752, slots 2: A - B HIT | 0.759 s: redistribute 0.034 ntt 0.572 crt 0.001 out 0.112 carry 0.043 | ntt parts rows 0.004 cols 0.002 pack 0.002 xfer 0.443 a2a 0.563
cache_trace node 3: piece (1, 5) of 5 x 6, 69173177 + 57644310 limbs at 357394752, slots 2: A - B HIT | 0.759 s: redistribute 0.050 ntt 0.581 crt 0.002 out 0.113 carry 0.045 | ntt parts rows 0.003 cols 0.003 pack 0.002 xfer 0.444 a2a 0.561
cache_trace node 0: piece (2, 5) of 5 x 6, 69173177 + 57644310 limbs at 426567929, slots 2: A - B HIT | 0.724 s: redistribute 0.029 ntt 0.537 crt 0.001 out 0.092 carry 0.066 | ntt parts rows 0.004 cols 0.003 pack 0.002 xfer 0.420 a2a 0.526
cache_trace node 1: piece (2, 5) of 5 x 6, 69173177 + 57644310 limbs at 426567929, slots 2: A - B HIT | 0.724 s: redistribute 0.035 ntt 0.546 crt 0.002 out 0.095 carry 0.066 | ntt parts rows 0.003 cols 0.003 pack 0.002 xfer 0.408 a2a 0.524
cache_trace node 2: piece (2, 5) of 5 x 6, 69173177 + 57644310 limbs at 426567929, slots 2: A - B HIT | 0.724 s: redistribute 0.034 ntt 0.539 crt 0.002 out 0.095 carry 0.065 | ntt parts rows 0.003 cols 0.003 pack 0.002 xfer 0.407 a2a 0.521
cache_trace node 3: piece (2, 5) of 5 x 6, 69173177 + 57644310 limbs at 426567929, slots 2: A - B HIT | 0.724 s: redistribute 0.028 ntt 0.543 crt 0.001 out 0.098 carry 0.066 | ntt parts rows 0.003 cols 0.003 pack 0.002 xfer 0.421 a2a 0.527
cache_trace node 0: piece (3, 5) of 5 x 6, 69173177 + 57644310 limbs at 495741106, slots 2: A - B HIT | 0.748 s: redistribute 0.034 ntt 0.563 crt 0.001 out 0.104 carry 0.050 | ntt parts rows 0.004 cols 0.003 pack 0.002 xfer 0.432 a2a 0.553
cache_trace node 2: piece (3, 5) of 5 x 6, 69173177 + 57644310 limbs at 495741106, slots 2: A - B HIT | 0.748 s: redistribute 0.038 ntt 0.566 crt 0.002 out 0.100 carry 0.050 | ntt parts rows 0.004 cols 0.003 pack 0.002 xfer 0.430 a2a 0.553
cache_trace node 3: piece (3, 5) of 5 x 6, 69173177 + 57644310 limbs at 495741106, slots 2: A - B HIT | 0.748 s: redistribute 0.032 ntt 0.579 crt 0.002 out 0.111 carry 0.050 | ntt parts rows 0.003 cols 0.003 pack 0.002 xfer 0.444 a2a 0.559
cache_trace node 1: piece (3, 5) of 5 x 6, 69173177 + 57644310 limbs at 495741106, slots 2: A - B HIT | 0.748 s: redistribute 0.039 ntt 0.565 crt 0.002 out 0.109 carry 0.050 | ntt parts rows 0.003 cols 0.003 pack 0.002 xfer 0.437 a2a 0.550
cache_trace node 0: piece (4, 5) of 5 x 6, 69173177 + 57644310 limbs at 564914283, slots 2: A - B HIT | 0.749 s: redistribute 0.042 ntt 0.529 crt 0.002 out 0.114 carry 0.068 | ntt parts rows 0.003 cols 0.003 pack 0.002 xfer 0.410 a2a 0.520
dist_mn node 0: 345865885 x 345865885 limbs over 4 x 4 ranks (cap 2^27): 5 x 6 pieces, 20 formed, 10 skipped (low cut) (cache 2 slots: 15 hits, 7 misses)
cache_trace node 1: piece (4, 5) of 5 x 6, 69173177 + 57644310 limbs at 564914283, slots 2: A - B HIT | 0.749 s: redistribute 0.036 ntt 0.538 crt 0.003 out 0.112 carry 0.067 | ntt parts rows 0.003 cols 0.003 pack 0.002 xfer 0.417 a2a 0.524
dist_mn node 1: 345865885 x 345865885 limbs over 4 x 4 ranks (cap 2^27): 5 x 6 pieces, 20 formed, 10 skipped (low cut) (cache 2 slots: 15 hits, 7 misses)
cache_trace node 2: piece (4, 5) of 5 x 6, 69173177 + 57644310 limbs at 564914283, slots 2: A - B HIT | 0.749 s: redistribute 0.035 ntt 0.536 crt 0.002 out 0.118 carry 0.067 | ntt parts rows 0.003 cols 0.003 pack 0.002 xfer 0.420 a2a 0.524
dist_mn node 2: 345865885 x 345865885 limbs over 4 x 4 ranks (cap 2^27): 5 x 6 pieces, 20 formed, 10 skipped (low cut) (cache 2 slots: 15 hits, 7 misses)
cache_trace node 3: piece (4, 5) of 5 x 6, 69173177 + 57644310 limbs at 564914283, slots 2: A - B HIT | 0.749 s: redistribute 0.041 ntt 0.530 crt 0.002 out 0.114 carry 0.067 | ntt parts rows 0.004 cols 0.003 pack 0.002 xfer 0.411 a2a 0.521
dist_mn node 3: 345865885 x 345865885 limbs over 4 x 4 ranks (cap 2^27): 5 x 6 pieces, 20 formed, 10 skipped (low cut) (cache 2 slots: 15 hits, 7 misses)
cx_grid node 1: rep 1 shape 5x6_lowcut (345865885 x 345865885, cut 345865885 / -1) slots 2: 16.606 s, cache 15 hits 7 misses, C sha256 c673dc5d386a8b89 same
cx_grid node 2: rep 1 shape 5x6_lowcut (345865885 x 345865885, cut 345865885 / -1) slots 2: 16.606 s, cache 15 hits 7 misses, C sha256 9a63ff9894e68fc8 same
cx_grid node 0: rep 1 shape 5x6_lowcut (345865885 x 345865885, cut 345865885 / -1) slots 2: 16.606 s, cache 15 hits 7 misses, C sha256 28247e6619af895b same
cx_grid node 3: rep 1 shape 5x6_lowcut (345865885 x 345865885, cut 345865885 / -1) slots 2: 16.606 s, cache 15 hits 7 misses, C sha256 a056b37a3c065647 same
cache_trace node 0: piece (0, 0) of 5 x 6, 69173177 + 57644315 limbs at 0, slots 0: A - B - | 0.983 s: redistribute 0.068 ntt 0.823 crt 0.002 out 0.104 carry 0.002 | ntt parts rows 0.005 cols 0.004 pack 0.002 xfer 0.644 a2a 0.806
cache_trace node 1: piece (0, 0) of 5 x 6, 69173177 + 57644315 limbs at 0, slots 0: A - B - | 0.983 s: redistribute 0.068 ntt 0.821 crt 0.002 out 0.098 carry 0.002 | ntt parts rows 0.005 cols 0.004 pack 0.003 xfer 0.640 a2a 0.806
cache_trace node 2: piece (0, 0) of 5 x 6, 69173177 + 57644315 limbs at 0, slots 0: A - B - | 0.983 s: redistribute 0.075 ntt 0.824 crt 0.002 out 0.101 carry 0.002 | ntt parts rows 0.005 cols 0.004 pack 0.002 xfer 0.641 a2a 0.808
cache_trace node 3: piece (0, 0) of 5 x 6, 69173177 + 57644315 limbs at 0, slots 0: A - B - | 0.983 s: redistribute 0.069 ntt 0.824 crt 0.002 out 0.098 carry 0.002 | ntt parts rows 0.005 cols 0.004 pack 0.003 xfer 0.639 a2a 0.808
cache_trace node 0: piece (1, 0) of 5 x 6, 69173177 + 57644315 limbs at 69173177, slots 0: A - B - | 0.984 s: redistribute 0.065 ntt 0.821 crt 0.001 out 0.088 carry 0.022 | ntt parts rows 0.005 cols 0.004 pack 0.002 xfer 0.628 a2a 0.803
cache_trace node 1: piece (1, 0) of 5 x 6, 69173177 + 57644315 limbs at 69173177, slots 0: A - B - | 0.984 s: redistribute 0.064 ntt 0.832 crt 0.001 out 0.088 carry 0.021 | ntt parts rows 0.005 cols 0.004 pack 0.003 xfer 0.631 a2a 0.808
cache_trace node 2: piece (1, 0) of 5 x 6, 69173177 + 57644315 limbs at 69173177, slots 0: A - B - | 0.984 s: redistribute 0.063 ntt 0.825 crt 0.001 out 0.083 carry 0.022 | ntt parts rows 0.005 cols 0.004 pack 0.003 xfer 0.638 a2a 0.809
cache_trace node 3: piece (1, 0) of 5 x 6, 69173177 + 57644315 limbs at 69173177, slots 0: A - B - | 0.984 s: redistribute 0.066 ntt 0.829 crt 0.001 out 0.079 carry 0.022 | ntt parts rows 0.005 cols 0.004 pack 0.002 xfer 0.646 a2a 0.813
cache_trace node 0: piece (2, 0) of 5 x 6, 69173177 + 57644315 limbs at 138346354, slots 0: A - B - | 1.012 s: redistribute 0.070 ntt 0.834 crt 0.001 out 0.092 carry 0.026 | ntt parts rows 0.005 cols 0.004 pack 0.002 xfer 0.649 a2a 0.817
cache_trace node 1: piece (2, 0) of 5 x 6, 69173177 + 57644315 limbs at 138346354, slots 0: A - B - | 1.012 s: redistribute 0.067 ntt 0.837 crt 0.002 out 0.088 carry 0.026 | ntt parts rows 0.005 cols 0.004 pack 0.002 xfer 0.650 a2a 0.821
cache_trace node 2: piece (2, 0) of 5 x 6, 69173177 + 57644315 limbs at 138346354, slots 0: A - B - | 1.012 s: redistribute 0.069 ntt 0.835 crt 0.002 out 0.094 carry 0.026 | ntt parts rows 0.005 cols 0.004 pack 0.002 xfer 0.653 a2a 0.820
cache_trace node 3: piece (2, 0) of 5 x 6, 69173177 + 57644315 limbs at 138346354, slots 0: A - B - | 1.012 s: redistribute 0.070 ntt 0.851 crt 0.001 out 0.097 carry 0.026 | ntt parts rows 0.005 cols 0.004 pack 0.002 xfer 0.650 a2a 0.823
cache_trace node 0: piece (3, 0) of 5 x 6, 69173177 + 57644315 limbs at 207519531, slots 0: A - B - | 1.043 s: redistribute 0.067 ntt 0.863 crt 0.002 out 0.081 carry 0.038 | ntt parts rows 0.005 cols 0.004 pack 0.002 xfer 0.676 a2a 0.851
cache_trace node 1: piece (3, 0) of 5 x 6, 69173177 + 57644315 limbs at 207519531, slots 0: A - B - | 1.043 s: redistribute 0.067 ntt 0.870 crt 0.002 out 0.078 carry 0.038 | ntt parts rows 0.005 cols 0.004 pack 0.002 xfer 0.686 a2a 0.853
cache_trace node 2: piece (3, 0) of 5 x 6, 69173177 + 57644315 limbs at 207519531, slots 0: A - B - | 1.043 s: redistribute 0.068 ntt 0.873 crt 0.001 out 0.074 carry 0.038 | ntt parts rows 0.005 cols 0.004 pack 0.002 xfer 0.682 a2a 0.857
cache_trace node 3: piece (3, 0) of 5 x 6, 69173177 + 57644315 limbs at 207519531, slots 0: A - B - | 1.043 s: redistribute 0.066 ntt 0.868 crt 0.002 out 0.081 carry 0.038 | ntt parts rows 0.005 cols 0.004 pack 0.002 xfer 0.688 a2a 0.853
cache_trace node 0: piece (4, 0) of 5 x 6, 69173177 + 57644315 limbs at 276692708, slots 0: A - B - | 1.014 s: redistribute 0.071 ntt 0.843 crt 0.001 out 0.076 carry 0.028 | ntt parts rows 0.005 cols 0.004 pack 0.002 xfer 0.656 a2a 0.832
cache_trace node 1: piece (4, 0) of 5 x 6, 69173177 + 57644315 limbs at 276692708, slots 0: A - B - | 1.014 s: redistribute 0.070 ntt 0.848 crt 0.001 out 0.075 carry 0.028 | ntt parts rows 0.005 cols 0.004 pack 0.002 xfer 0.655 a2a 0.835
cache_trace node 2: piece (4, 0) of 5 x 6, 69173177 + 57644315 limbs at 276692708, slots 0: A - B - | 1.014 s: redistribute 0.072 ntt 0.842 crt 0.001 out 0.081 carry 0.028 | ntt parts rows 0.005 cols 0.004 pack 0.002 xfer 0.653 a2a 0.829
cache_trace node 3: piece (4, 0) of 5 x 6, 69173177 + 57644315 limbs at 276692708, slots 0: A - B - | 1.014 s: redistribute 0.068 ntt 0.850 crt 0.001 out 0.079 carry 0.028 | ntt parts rows 0.005 cols 0.004 pack 0.002 xfer 0.670 a2a 0.834
cache_trace node 0: piece (0, 1) of 5 x 6, 69173177 + 57644315 limbs at 57644315, slots 0: A - B - | 1.029 s: redistribute 0.066 ntt 0.854 crt 0.003 out 0.087 carry 0.026 | ntt parts rows 0.005 cols 0.004 pack 0.002 xfer 0.671 a2a 0.839
cache_trace node 1: piece (0, 1) of 5 x 6, 69173177 + 57644315 limbs at 57644315, slots 0: A - B - | 1.029 s: redistribute 0.068 ntt 0.861 crt 0.001 out 0.088 carry 0.025 | ntt parts rows 0.005 cols 0.004 pack 0.002 xfer 0.672 a2a 0.840
cache_trace node 2: piece (0, 1) of 5 x 6, 69173177 + 57644315 limbs at 57644315, slots 0: A - B - | 1.029 s: redistribute 0.070 ntt 0.860 crt 0.002 out 0.084 carry 0.025 | ntt parts rows 0.005 cols 0.004 pack 0.002 xfer 0.659 a2a 0.839
cache_trace node 3: piece (0, 1) of 5 x 6, 69173177 + 57644315 limbs at 57644315, slots 0: A - B - | 1.029 s: redistribute 0.071 ntt 0.861 crt 0.003 out 0.084 carry 0.026 | ntt parts rows 0.005 cols 0.004 pack 0.002 xfer 0.673 a2a 0.842
cache_trace node 0: piece (1, 1) of 5 x 6, 69173177 + 57644315 limbs at 126817492, slots 0: A - B - | 0.989 s: redistribute 0.058 ntt 0.815 crt 0.001 out 0.087 carry 0.033 | ntt parts rows 0.005 cols 0.004 pack 0.002 xfer 0.635 a2a 0.796
cache_trace node 1: piece (1, 1) of 5 x 6, 69173177 + 57644315 limbs at 126817492, slots 0: A - B - | 0.989 s: redistribute 0.062 ntt 0.811 crt 0.001 out 0.090 carry 0.032 | ntt parts rows 0.005 cols 0.004 pack 0.002 xfer 0.620 a2a 0.796
cache_trace node 2: piece (1, 1) of 5 x 6, 69173177 + 57644315 limbs at 126817492, slots 0: A - B - | 0.989 s: redistribute 0.059 ntt 0.813 crt 0.001 out 0.093 carry 0.032 | ntt parts rows 0.005 cols 0.004 pack 0.002 xfer 0.624 a2a 0.795
cache_trace node 3: piece (1, 1) of 5 x 6, 69173177 + 57644315 limbs at 126817492, slots 0: A - B - | 0.989 s: redistribute 0.059 ntt 0.810 crt 0.001 out 0.097 carry 0.033 | ntt parts rows 0.005 cols 0.004 pack 0.002 xfer 0.635 a2a 0.796
cache_trace node 0: piece (2, 1) of 5 x 6, 69173177 + 57644315 limbs at 195990669, slots 0: A - B - | 1.026 s: redistribute 0.059 ntt 0.860 crt 0.002 out 0.079 carry 0.040 | ntt parts rows 0.005 cols 0.004 pack 0.002 xfer 0.664 a2a 0.838
cache_trace node 1: piece (2, 1) of 5 x 6, 69173177 + 57644315 limbs at 195990669, slots 0: A - B - | 1.026 s: redistribute 0.061 ntt 0.854 crt 0.002 out 0.075 carry 0.040 | ntt parts rows 0.005 cols 0.004 pack 0.003 xfer 0.669 a2a 0.838
cache_trace node 2: piece (2, 1) of 5 x 6, 69173177 + 57644315 limbs at 195990669, slots 0: A - B - | 1.026 s: redistribute 0.058 ntt 0.850 crt 0.002 out 0.078 carry 0.039 | ntt parts rows 0.005 cols 0.004 pack 0.002 xfer 0.660 a2a 0.839
cache_trace node 3: piece (2, 1) of 5 x 6, 69173177 + 57644315 limbs at 195990669, slots 0: A - B - | 1.026 s: redistribute 0.056 ntt 0.868 crt 0.002 out 0.079 carry 0.039 | ntt parts rows 0.005 cols 0.004 pack 0.002 xfer 0.668 a2a 0.843
cache_trace node 0: piece (3, 1) of 5 x 6, 69173177 + 57644315 limbs at 265163846, slots 0: A - B - | 0.994 s: redistribute 0.073 ntt 0.833 crt 0.002 out 0.089 carry 0.012 | ntt parts rows 0.005 cols 0.004 pack 0.002 xfer 0.643 a2a 0.813
cache_trace node 1: piece (3, 1) of 5 x 6, 69173177 + 57644315 limbs at 265163846, slots 0: A - B - | 0.994 s: redistribute 0.078 ntt 0.831 crt 0.002 out 0.086 carry 0.012 | ntt parts rows 0.005 cols 0.004 pack 0.002 xfer 0.641 a2a 0.812
cache_trace node 2: piece (3, 1) of 5 x 6, 69173177 + 57644315 limbs at 265163846, slots 0: A - B - | 0.994 s: redistribute 0.071 ntt 0.831 crt 0.002 out 0.086 carry 0.012 | ntt parts rows 0.005 cols 0.004 pack 0.002 xfer 0.644 a2a 0.813
cache_trace node 3: piece (3, 1) of 5 x 6, 69173177 + 57644315 limbs at 265163846, slots 0: A - B - | 0.994 s: redistribute 0.065 ntt 0.834 crt 0.002 out 0.083 carry 0.012 | ntt parts rows 0.005 cols 0.004 pack 0.002 xfer 0.646 a2a 0.819
cache_trace node 0: piece (4, 1) of 5 x 6, 69173177 + 57644315 limbs at 334337023, slots 0: A - B - | 0.932 s: redistribute 0.060 ntt 0.836 crt 0.002 out 0.024 carry 0.010 | ntt parts rows 0.005 cols 0.004 pack 0.002 xfer 0.655 a2a 0.822
cache_trace node 1: piece (4, 1) of 5 x 6, 69173177 + 57644315 limbs at 334337023, slots 0: A - B - | 0.932 s: redistribute 0.066 ntt 0.834 crt 0.002 out 0.028 carry 0.010 | ntt parts rows 0.005 cols 0.004 pack 0.002 xfer 0.648 a2a 0.821
cache_trace node 2: piece (4, 1) of 5 x 6, 69173177 + 57644315 limbs at 334337023, slots 0: A - B - | 0.932 s: redistribute 0.063 ntt 0.844 crt 0.002 out 0.025 carry 0.010 | ntt parts rows 0.005 cols 0.004 pack 0.002 xfer 0.655 a2a 0.821
cache_trace node 3: piece (4, 1) of 5 x 6, 69173177 + 57644315 limbs at 334337023, slots 0: A - B - | 0.932 s: redistribute 0.061 ntt 0.839 crt 0.002 out 0.028 carry 0.010 | ntt parts rows 0.005 cols 0.004 pack 0.002 xfer 0.654 a2a 0.819
cache_trace node 0: piece (0, 2) of 5 x 6, 69173177 + 57644315 limbs at 115288630, slots 0: A - B - | 1.007 s: redistribute 0.074 ntt 0.832 crt 0.003 out 0.073 carry 0.037 | ntt parts rows 0.005 cols 0.004 pack 0.002 xfer 0.647 a2a 0.816
cache_trace node 1: piece (0, 2) of 5 x 6, 69173177 + 57644315 limbs at 115288630, slots 0: A - B - | 1.007 s: redistribute 0.088 ntt 0.832 crt 0.002 out 0.074 carry 0.036 | ntt parts rows 0.005 cols 0.004 pack 0.002 xfer 0.645 a2a 0.811
cache_trace node 2: piece (0, 2) of 5 x 6, 69173177 + 57644315 limbs at 115288630, slots 0: A - B - | 1.007 s: redistribute 0.089 ntt 0.834 crt 0.003 out 0.072 carry 0.036 | ntt parts rows 0.005 cols 0.004 pack 0.002 xfer 0.653 a2a 0.813
cache_trace node 3: piece (0, 2) of 5 x 6, 69173177 + 57644315 limbs at 115288630, slots 0: A - B - | 1.007 s: redistribute 0.079 ntt 0.832 crt 0.001 out 0.077 carry 0.036 | ntt parts rows 0.005 cols 0.004 pack 0.002 xfer 0.649 a2a 0.815
cache_trace node 0: piece (1, 2) of 5 x 6, 69173177 + 57644315 limbs at 184461807, slots 0: A - B - | 1.016 s: redistribute 0.065 ntt 0.843 crt 0.001 out 0.079 carry 0.033 | ntt parts rows 0.005 cols 0.004 pack 0.003 xfer 0.658 a2a 0.828
cache_trace node 1: piece (1, 2) of 5 x 6, 69173177 + 57644315 limbs at 184461807, slots 0: A - B - | 1.016 s: redistribute 0.067 ntt 0.849 crt 0.002 out 0.080 carry 0.033 | ntt parts rows 0.005 cols 0.004 pack 0.002 xfer 0.658 a2a 0.829
cache_trace node 2: piece (1, 2) of 5 x 6, 69173177 + 57644315 limbs at 184461807, slots 0: A - B - | 1.016 s: redistribute 0.067 ntt 0.845 crt 0.002 out 0.082 carry 0.033 | ntt parts rows 0.005 cols 0.004 pack 0.002 xfer 0.661 a2a 0.828
cache_trace node 3: piece (1, 2) of 5 x 6, 69173177 + 57644315 limbs at 184461807, slots 0: A - B - | 1.016 s: redistribute 0.066 ntt 0.855 crt 0.001 out 0.080 carry 0.033 | ntt parts rows 0.005 cols 0.004 pack 0.003 xfer 0.659 a2a 0.833
cache_trace node 0: piece (2, 2) of 5 x 6, 69173177 + 57644315 limbs at 253634984, slots 0: A - B - | 0.976 s: redistribute 0.066 ntt 0.820 crt 0.003 out 0.083 carry 0.008 | ntt parts rows 0.005 cols 0.004 pack 0.003 xfer 0.651 a2a 0.807
cache_trace node 1: piece (2, 2) of 5 x 6, 69173177 + 57644315 limbs at 253634984, slots 0: A - B - | 0.976 s: redistribute 0.064 ntt 0.821 crt 0.004 out 0.084 carry 0.008 | ntt parts rows 0.005 cols 0.004 pack 0.002 xfer 0.642 a2a 0.807
cache_trace node 2: piece (2, 2) of 5 x 6, 69173177 + 57644315 limbs at 253634984, slots 0: A - B - | 0.976 s: redistribute 0.065 ntt 0.822 crt 0.002 out 0.086 carry 0.008 | ntt parts rows 0.005 cols 0.004 pack 0.002 xfer 0.636 a2a 0.808
cache_trace node 3: piece (2, 2) of 5 x 6, 69173177 + 57644315 limbs at 253634984, slots 0: A - B - | 0.976 s: redistribute 0.064 ntt 0.827 crt 0.003 out 0.084 carry 0.008 | ntt parts rows 0.005 cols 0.004 pack 0.002 xfer 0.637 a2a 0.810
cache_trace node 0: piece (3, 2) of 5 x 6, 69173177 + 57644315 limbs at 322808161, slots 0: A - B - | 0.967 s: redistribute 0.065 ntt 0.857 crt 0.001 out 0.036 carry 0.019 | ntt parts rows 0.005 cols 0.004 pack 0.003 xfer 0.670 a2a 0.839
cache_trace node 1: piece (3, 2) of 5 x 6, 69173177 + 57644315 limbs at 322808161, slots 0: A - B - | 0.967 s: redistribute 0.074 ntt 0.851 crt 0.002 out 0.033 carry 0.019 | ntt parts rows 0.005 cols 0.004 pack 0.003 xfer 0.666 a2a 0.837
cache_trace node 2: piece (3, 2) of 5 x 6, 69173177 + 57644315 limbs at 322808161, slots 0: A - B - | 0.967 s: redistribute 0.075 ntt 0.852 crt 0.002 out 0.031 carry 0.019 | ntt parts rows 0.005 cols 0.004 pack 0.002 xfer 0.645 a2a 0.837
cache_trace node 3: piece (3, 2) of 5 x 6, 69173177 + 57644315 limbs at 322808161, slots 0: A - B - | 0.967 s: redistribute 0.067 ntt 0.858 crt 0.002 out 0.032 carry 0.019 | ntt parts rows 0.005 cols 0.004 pack 0.003 xfer 0.661 a2a 0.841
cache_trace node 0: piece (0, 3) of 5 x 6, 69173177 + 57644315 limbs at 172932945, slots 0: A - B - | 1.025 s: redistribute 0.077 ntt 0.840 crt 0.001 out 0.094 carry 0.029 | ntt parts rows 0.005 cols 0.004 pack 0.003 xfer 0.653 a2a 0.822
cache_trace node 1: piece (0, 3) of 5 x 6, 69173177 + 57644315 limbs at 172932945, slots 0: A - B - | 1.025 s: redistribute 0.078 ntt 0.845 crt 0.001 out 0.092 carry 0.029 | ntt parts rows 0.005 cols 0.004 pack 0.003 xfer 0.653 a2a 0.822
cache_trace node 2: piece (0, 3) of 5 x 6, 69173177 + 57644315 limbs at 172932945, slots 0: A - B - | 1.025 s: redistribute 0.076 ntt 0.837 crt 0.002 out 0.097 carry 0.029 | ntt parts rows 0.005 cols 0.004 pack 0.002 xfer 0.645 a2a 0.821
cache_trace node 3: piece (0, 3) of 5 x 6, 69173177 + 57644315 limbs at 172932945, slots 0: A - B - | 1.025 s: redistribute 0.072 ntt 0.838 crt 0.002 out 0.098 carry 0.029 | ntt parts rows 0.005 cols 0.004 pack 0.002 xfer 0.666 a2a 0.823
cache_trace node 0: piece (1, 3) of 5 x 6, 69173177 + 57644315 limbs at 242106122, slots 0: A - B - | 1.018 s: redistribute 0.065 ntt 0.852 crt 0.001 out 0.094 carry 0.018 | ntt parts rows 0.005 cols 0.004 pack 0.002 xfer 0.667 a2a 0.833
cache_trace node 1: piece (1, 3) of 5 x 6, 69173177 + 57644315 limbs at 242106122, slots 0: A - B - | 1.018 s: redistribute 0.067 ntt 0.847 crt 0.002 out 0.096 carry 0.017 | ntt parts rows 0.005 cols 0.004 pack 0.002 xfer 0.670 a2a 0.831
cache_trace node 2: piece (1, 3) of 5 x 6, 69173177 + 57644315 limbs at 242106122, slots 0: A - B - | 1.018 s: redistribute 0.066 ntt 0.847 crt 0.002 out 0.095 carry 0.017 | ntt parts rows 0.005 cols 0.004 pack 0.002 xfer 0.658 a2a 0.831
cache_trace node 3: piece (1, 3) of 5 x 6, 69173177 + 57644315 limbs at 242106122, slots 0: A - B - | 1.018 s: redistribute 0.066 ntt 0.850 crt 0.002 out 0.092 carry 0.017 | ntt parts rows 0.005 cols 0.004 pack 0.002 xfer 0.663 a2a 0.834
cache_trace node 0: piece (2, 3) of 5 x 6, 69173177 + 57644315 limbs at 311279299, slots 0: A - B - | 0.935 s: redistribute 0.067 ntt 0.811 crt 0.003 out 0.043 carry 0.021 | ntt parts rows 0.005 cols 0.004 pack 0.002 xfer 0.626 a2a 0.796
cache_trace node 1: piece (2, 3) of 5 x 6, 69173177 + 57644315 limbs at 311279299, slots 0: A - B - | 0.935 s: redistribute 0.069 ntt 0.808 crt 0.002 out 0.042 carry 0.020 | ntt parts rows 0.005 cols 0.004 pack 0.003 xfer 0.621 a2a 0.793
cache_trace node 2: piece (2, 3) of 5 x 6, 69173177 + 57644315 limbs at 311279299, slots 0: A - B - | 0.935 s: redistribute 0.069 ntt 0.807 crt 0.003 out 0.043 carry 0.021 | ntt parts rows 0.005 cols 0.004 pack 0.002 xfer 0.627 a2a 0.793
cache_trace node 3: piece (2, 3) of 5 x 6, 69173177 + 57644315 limbs at 311279299, slots 0: A - B - | 0.935 s: redistribute 0.065 ntt 0.813 crt 0.002 out 0.038 carry 0.020 | ntt parts rows 0.005 cols 0.004 pack 0.002 xfer 0.632 a2a 0.800
cache_trace node 0: piece (0, 4) of 5 x 6, 69173177 + 57644315 limbs at 230577260, slots 0: A - B - | 0.982 s: redistribute 0.065 ntt 0.816 crt 0.001 out 0.083 carry 0.020 | ntt parts rows 0.005 cols 0.004 pack 0.002 xfer 0.634 a2a 0.802
cache_trace node 1: piece (0, 4) of 5 x 6, 69173177 + 57644315 limbs at 230577260, slots 0: A - B - | 0.982 s: redistribute 0.077 ntt 0.813 crt 0.001 out 0.089 carry 0.020 | ntt parts rows 0.005 cols 0.004 pack 0.003 xfer 0.638 a2a 0.796
cache_trace node 2: piece (0, 4) of 5 x 6, 69173177 + 57644315 limbs at 230577260, slots 0: A - B - | 0.982 s: redistribute 0.073 ntt 0.824 crt 0.001 out 0.090 carry 0.020 | ntt parts rows 0.005 cols 0.004 pack 0.002 xfer 0.636 a2a 0.797
cache_trace node 3: piece (0, 4) of 5 x 6, 69173177 + 57644315 limbs at 230577260, slots 0: A - B - | 0.982 s: redistribute 0.073 ntt 0.815 crt 0.001 out 0.087 carry 0.020 | ntt parts rows 0.005 cols 0.004 pack 0.002 xfer 0.625 a2a 0.796
cache_trace node 0: piece (1, 4) of 5 x 6, 69173177 + 57644315 limbs at 299750437, slots 0: A - B - | 0.975 s: redistribute 0.058 ntt 0.843 crt 0.002 out 0.053 carry 0.034 | ntt parts rows 0.005 cols 0.004 pack 0.002 xfer 0.648 a2a 0.823
cache_trace node 1: piece (1, 4) of 5 x 6, 69173177 + 57644315 limbs at 299750437, slots 0: A - B - | 0.975 s: redistribute 0.061 ntt 0.845 crt 0.002 out 0.050 carry 0.034 | ntt parts rows 0.005 cols 0.004 pack 0.002 xfer 0.649 a2a 0.823
cache_trace node 2: piece (1, 4) of 5 x 6, 69173177 + 57644315 limbs at 299750437, slots 0: A - B - | 0.975 s: redistribute 0.060 ntt 0.840 crt 0.002 out 0.050 carry 0.034 | ntt parts rows 0.005 cols 0.004 pack 0.002 xfer 0.645 a2a 0.821
cache_trace node 3: piece (1, 4) of 5 x 6, 69173177 + 57644315 limbs at 299750437, slots 0: A - B - | 0.975 s: redistribute 0.061 ntt 0.838 crt 0.002 out 0.051 carry 0.034 | ntt parts rows 0.005 cols 0.004 pack 0.002 xfer 0.639 a2a 0.819
cache_trace node 0: piece (0, 5) of 5 x 6, 69173177 + 57644310 limbs at 288221575, slots 0: A - B - | 1.007 s: redistribute 0.069 ntt 0.849 crt 0.002 out 0.065 carry 0.034 | ntt parts rows 0.005 cols 0.004 pack 0.002 xfer 0.664 a2a 0.834
dist_mn node 0: 345865885 x 345865885 limbs over 4 x 4 ranks (cap 2^27): 5 x 6 pieces, 20 formed, 10 skipped (low product) (cache 0 slots: 0 hits, 0 misses)
cache_trace node 1: piece (0, 5) of 5 x 6, 69173177 + 57644310 limbs at 288221575, slots 0: A - B - | 1.007 s: redistribute 0.069 ntt 0.850 crt 0.002 out 0.062 carry 0.035 | ntt parts rows 0.005 cols 0.004 pack 0.002 xfer 0.668 a2a 0.836
dist_mn node 1: 345865885 x 345865885 limbs over 4 x 4 ranks (cap 2^27): 5 x 6 pieces, 20 formed, 10 skipped (low product) (cache 0 slots: 0 hits, 0 misses)
cache_trace node 2: piece (0, 5) of 5 x 6, 69173177 + 57644310 limbs at 288221575, slots 0: A - B - | 1.007 s: redistribute 0.069 ntt 0.848 crt 0.001 out 0.067 carry 0.034 | ntt parts rows 0.005 cols 0.004 pack 0.003 xfer 0.657 a2a 0.834
dist_mn node 2: 345865885 x 345865885 limbs over 4 x 4 ranks (cap 2^27): 5 x 6 pieces, 20 formed, 10 skipped (low product) (cache 0 slots: 0 hits, 0 misses)
cache_trace node 3: piece (0, 5) of 5 x 6, 69173177 + 57644310 limbs at 288221575, slots 0: A - B - | 1.007 s: redistribute 0.067 ntt 0.847 crt 0.001 out 0.064 carry 0.034 | ntt parts rows 0.005 cols 0.004 pack 0.002 xfer 0.667 a2a 0.834
dist_mn node 3: 345865885 x 345865885 limbs over 4 x 4 ranks (cap 2^27): 5 x 6 pieces, 20 formed, 10 skipped (low product) (cache 0 slots: 0 hits, 0 misses)
cx_grid node 2: rep 1 shape 5x6_highcut (345865885 x 345865885, cut 0 / 345865885) slots 0: 19.922 s, cache 0 hits 0 misses, C sha256 1ffd456e076765ed same
cx_grid node 1: rep 1 shape 5x6_highcut (345865885 x 345865885, cut 0 / 345865885) slots 0: 19.922 s, cache 0 hits 0 misses, C sha256 478ce4ac1b99a5a9 same
cx_grid node 0: rep 1 shape 5x6_highcut (345865885 x 345865885, cut 0 / 345865885) slots 0: 19.922 s, cache 0 hits 0 misses, C sha256 1e3fa234dfaf9973 same
cx_grid node 3: rep 1 shape 5x6_highcut (345865885 x 345865885, cut 0 / 345865885) slots 0: 19.922 s, cache 0 hits 0 misses, C sha256 f07a437204833f51 same
cache_trace node 0: piece (0, 0) of 5 x 6, 69173177 + 57644315 limbs at 0, slots 2: A cached B cached | 0.979 s: redistribute 0.069 ntt 0.820 crt 0.001 out 0.090 carry 0.002 | ntt parts rows 0.005 cols 0.004 pack 0.002 xfer 0.638 a2a 0.808
cache_trace node 3: piece (0, 0) of 5 x 6, 69173177 + 57644315 limbs at 0, slots 2: A cached B cached | 0.979 s: redistribute 0.068 ntt 0.818 crt 0.002 out 0.096 carry 0.003 | ntt parts rows 0.005 cols 0.004 pack 0.002 xfer 0.636 a2a 0.805
cache_trace node 1: piece (0, 0) of 5 x 6, 69173177 + 57644315 limbs at 0, slots 2: A cached B cached | 0.979 s: redistribute 0.068 ntt 0.820 crt 0.002 out 0.094 carry 0.002 | ntt parts rows 0.005 cols 0.004 pack 0.002 xfer 0.641 a2a 0.806
cache_trace node 2: piece (0, 0) of 5 x 6, 69173177 + 57644315 limbs at 0, slots 2: A cached B cached | 0.979 s: redistribute 0.070 ntt 0.820 crt 0.002 out 0.095 carry 0.003 | ntt parts rows 0.005 cols 0.004 pack 0.003 xfer 0.636 a2a 0.804
cache_trace node 0: piece (1, 0) of 5 x 6, 69173177 + 57644315 limbs at 69173177, slots 2: A - B HIT | 0.700 s: redistribute 0.034 ntt 0.552 crt 0.002 out 0.091 carry 0.024 | ntt parts rows 0.004 cols 0.003 pack 0.002 xfer 0.435 a2a 0.543
cache_trace node 1: piece (1, 0) of 5 x 6, 69173177 + 57644315 limbs at 69173177, slots 2: A - B HIT | 0.700 s: redistribute 0.035 ntt 0.551 crt 0.002 out 0.093 carry 0.024 | ntt parts rows 0.004 cols 0.003 pack 0.002 xfer 0.431 a2a 0.541
cache_trace node 2: piece (1, 0) of 5 x 6, 69173177 + 57644315 limbs at 69173177, slots 2: A - B HIT | 0.700 s: redistribute 0.035 ntt 0.551 crt 0.002 out 0.090 carry 0.024 | ntt parts rows 0.003 cols 0.003 pack 0.002 xfer 0.436 a2a 0.541
cache_trace node 3: piece (1, 0) of 5 x 6, 69173177 + 57644315 limbs at 69173177, slots 2: A - B HIT | 0.700 s: redistribute 0.035 ntt 0.561 crt 0.002 out 0.089 carry 0.024 | ntt parts rows 0.004 cols 0.003 pack 0.002 xfer 0.423 a2a 0.544
cache_trace node 0: piece (2, 0) of 5 x 6, 69173177 + 57644315 limbs at 138346354, slots 2: A - B HIT | 0.680 s: redistribute 0.046 ntt 0.542 crt 0.001 out 0.084 carry 0.026 | ntt parts rows 0.003 cols 0.003 pack 0.002 xfer 0.422 a2a 0.524
cache_trace node 1: piece (2, 0) of 5 x 6, 69173177 + 57644315 limbs at 138346354, slots 2: A - B HIT | 0.680 s: redistribute 0.037 ntt 0.543 crt 0.002 out 0.088 carry 0.025 | ntt parts rows 0.003 cols 0.003 pack 0.002 xfer 0.414 a2a 0.529
cache_trace node 2: piece (2, 0) of 5 x 6, 69173177 + 57644315 limbs at 138346354, slots 2: A - B HIT | 0.680 s: redistribute 0.041 ntt 0.538 crt 0.002 out 0.090 carry 0.025 | ntt parts rows 0.003 cols 0.003 pack 0.002 xfer 0.415 a2a 0.530
cache_trace node 3: piece (2, 0) of 5 x 6, 69173177 + 57644315 limbs at 138346354, slots 2: A - B HIT | 0.679 s: redistribute 0.030 ntt 0.543 crt 0.001 out 0.087 carry 0.025 | ntt parts rows 0.003 cols 0.003 pack 0.002 xfer 0.418 a2a 0.531
cache_trace node 0: piece (3, 0) of 5 x 6, 69173177 + 57644315 limbs at 207519531, slots 2: A - B HIT | 0.692 s: redistribute 0.036 ntt 0.553 crt 0.003 out 0.077 carry 0.031 | ntt parts rows 0.004 cols 0.003 pack 0.002 xfer 0.426 a2a 0.543
cache_trace node 1: piece (3, 0) of 5 x 6, 69173177 + 57644315 limbs at 207519531, slots 2: A - B HIT | 0.692 s: redistribute 0.041 ntt 0.550 crt 0.003 out 0.078 carry 0.031 | ntt parts rows 0.003 cols 0.003 pack 0.002 xfer 0.430 a2a 0.540
cache_trace node 2: piece (3, 0) of 5 x 6, 69173177 + 57644315 limbs at 207519531, slots 2: A - B HIT | 0.692 s: redistribute 0.048 ntt 0.552 crt 0.003 out 0.075 carry 0.031 | ntt parts rows 0.003 cols 0.003 pack 0.002 xfer 0.430 a2a 0.537
cache_trace node 3: piece (3, 0) of 5 x 6, 69173177 + 57644315 limbs at 207519531, slots 2: A - B HIT | 0.692 s: redistribute 0.047 ntt 0.558 crt 0.002 out 0.080 carry 0.031 | ntt parts rows 0.003 cols 0.003 pack 0.002 xfer 0.436 a2a 0.541
cache_trace node 0: piece (4, 0) of 5 x 6, 69173177 + 57644315 limbs at 276692708, slots 2: A - B HIT | 0.680 s: redistribute 0.043 ntt 0.554 crt 0.002 out 0.061 carry 0.028 | ntt parts rows 0.003 cols 0.003 pack 0.002 xfer 0.425 a2a 0.543
cache_trace node 1: piece (4, 0) of 5 x 6, 69173177 + 57644315 limbs at 276692708, slots 2: A - B HIT | 0.680 s: redistribute 0.042 ntt 0.553 crt 0.001 out 0.065 carry 0.028 | ntt parts rows 0.003 cols 0.003 pack 0.002 xfer 0.429 a2a 0.542
cache_trace node 2: piece (4, 0) of 5 x 6, 69173177 + 57644315 limbs at 276692708, slots 2: A - B HIT | 0.680 s: redistribute 0.042 ntt 0.554 crt 0.002 out 0.063 carry 0.028 | ntt parts rows 0.003 cols 0.003 pack 0.002 xfer 0.431 a2a 0.541
cache_trace node 3: piece (4, 0) of 5 x 6, 69173177 + 57644315 limbs at 276692708, slots 2: A - B HIT | 0.680 s: redistribute 0.042 ntt 0.551 crt 0.001 out 0.064 carry 0.028 | ntt parts rows 0.004 cols 0.003 pack 0.002 xfer 0.434 a2a 0.540
cache_trace node 0: piece (0, 1) of 5 x 6, 69173177 + 57644315 limbs at 57644315, slots 2: A HIT B cached | 0.725 s: redistribute 0.027 ntt 0.582 crt 0.003 out 0.090 carry 0.026 | ntt parts rows 0.003 cols 0.003 pack 0.002 xfer 0.457 a2a 0.572
cache_trace node 1: piece (0, 1) of 5 x 6, 69173177 + 57644315 limbs at 57644315, slots 2: A HIT B cached | 0.725 s: redistribute 0.026 ntt 0.589 crt 0.001 out 0.094 carry 0.026 | ntt parts rows 0.003 cols 0.003 pack 0.002 xfer 0.457 a2a 0.574
cache_trace node 2: piece (0, 1) of 5 x 6, 69173177 + 57644315 limbs at 57644315, slots 2: A HIT B cached | 0.725 s: redistribute 0.029 ntt 0.586 crt 0.002 out 0.090 carry 0.026 | ntt parts rows 0.003 cols 0.002 pack 0.002 xfer 0.449 a2a 0.574
cache_trace node 3: piece (0, 1) of 5 x 6, 69173177 + 57644315 limbs at 57644315, slots 2: A HIT B cached | 0.725 s: redistribute 0.035 ntt 0.591 crt 0.001 out 0.093 carry 0.026 | ntt parts rows 0.003 cols 0.003 pack 0.002 xfer 0.460 a2a 0.574
cache_trace node 0: piece (1, 1) of 5 x 6, 69173177 + 57644315 limbs at 126817492, slots 2: A - B HIT | 0.707 s: redistribute 0.033 ntt 0.567 crt 0.002 out 0.083 carry 0.031 | ntt parts rows 0.004 cols 0.003 pack 0.002 xfer 0.451 a2a 0.550
cache_trace node 1: piece (1, 1) of 5 x 6, 69173177 + 57644315 limbs at 126817492, slots 2: A - B HIT | 0.707 s: redistribute 0.034 ntt 0.557 crt 0.001 out 0.089 carry 0.030 | ntt parts rows 0.004 cols 0.003 pack 0.002 xfer 0.431 a2a 0.546
cache_trace node 2: piece (1, 1) of 5 x 6, 69173177 + 57644315 limbs at 126817492, slots 2: A - B HIT | 0.707 s: redistribute 0.033 ntt 0.563 crt 0.001 out 0.087 carry 0.030 | ntt parts rows 0.004 cols 0.003 pack 0.002 xfer 0.440 a2a 0.549
cache_trace node 3: piece (1, 1) of 5 x 6, 69173177 + 57644315 limbs at 126817492, slots 2: A - B HIT | 0.707 s: redistribute 0.032 ntt 0.556 crt 0.002 out 0.090 carry 0.030 | ntt parts rows 0.004 cols 0.003 pack 0.002 xfer 0.428 a2a 0.547
cache_trace node 0: piece (2, 1) of 5 x 6, 69173177 + 57644315 limbs at 195990669, slots 2: A - B HIT | 0.729 s: redistribute 0.034 ntt 0.575 crt 0.001 out 0.078 carry 0.043 | ntt parts rows 0.003 cols 0.003 pack 0.002 xfer 0.449 a2a 0.566
cache_trace node 1: piece (2, 1) of 5 x 6, 69173177 + 57644315 limbs at 195990669, slots 2: A - B HIT | 0.729 s: redistribute 0.045 ntt 0.581 crt 0.001 out 0.070 carry 0.043 | ntt parts rows 0.003 cols 0.003 pack 0.002 xfer 0.443 a2a 0.568
cache_trace node 2: piece (2, 1) of 5 x 6, 69173177 + 57644315 limbs at 195990669, slots 2: A - B HIT | 0.729 s: redistribute 0.037 ntt 0.576 crt 0.001 out 0.078 carry 0.042 | ntt parts rows 0.003 cols 0.003 pack 0.002 xfer 0.445 a2a 0.565
cache_trace node 3: piece (2, 1) of 5 x 6, 69173177 + 57644315 limbs at 195990669, slots 2: A - B HIT | 0.729 s: redistribute 0.038 ntt 0.580 crt 0.001 out 0.082 carry 0.042 | ntt parts rows 0.003 cols 0.003 pack 0.002 xfer 0.461 a2a 0.567
cache_trace node 0: piece (3, 1) of 5 x 6, 69173177 + 57644315 limbs at 265163846, slots 2: A - B HIT | 0.668 s: redistribute 0.032 ntt 0.542 crt 0.002 out 0.084 carry 0.012 | ntt parts rows 0.004 cols 0.003 pack 0.002 xfer 0.423 a2a 0.532
cache_trace node 1: piece (3, 1) of 5 x 6, 69173177 + 57644315 limbs at 265163846, slots 2: A - B HIT | 0.668 s: redistribute 0.044 ntt 0.538 crt 0.001 out 0.086 carry 0.012 | ntt parts rows 0.004 cols 0.003 pack 0.002 xfer 0.418 a2a 0.528
cache_trace node 2: piece (3, 1) of 5 x 6, 69173177 + 57644315 limbs at 265163846, slots 2: A - B HIT | 0.668 s: redistribute 0.043 ntt 0.540 crt 0.002 out 0.088 carry 0.012 | ntt parts rows 0.003 cols 0.003 pack 0.002 xfer 0.408 a2a 0.525
cache_trace node 3: piece (3, 1) of 5 x 6, 69173177 + 57644315 limbs at 265163846, slots 2: A - B HIT | 0.668 s: redistribute 0.040 ntt 0.544 crt 0.001 out 0.088 carry 0.012 | ntt parts rows 0.003 cols 0.002 pack 0.002 xfer 0.416 a2a 0.529
cache_trace node 0: piece (4, 1) of 5 x 6, 69173177 + 57644315 limbs at 334337023, slots 2: A - B HIT | 0.640 s: redistribute 0.054 ntt 0.578 crt 0.002 out 0.022 carry 0.011 | ntt parts rows 0.003 cols 0.003 pack 0.002 xfer 0.445 a2a 0.560
cache_trace node 1: piece (4, 1) of 5 x 6, 69173177 + 57644315 limbs at 334337023, slots 2: A - B HIT | 0.640 s: redistribute 0.034 ntt 0.582 crt 0.002 out 0.024 carry 0.011 | ntt parts rows 0.003 cols 0.003 pack 0.002 xfer 0.457 a2a 0.567
cache_trace node 2: piece (4, 1) of 5 x 6, 69173177 + 57644315 limbs at 334337023, slots 2: A - B HIT | 0.640 s: redistribute 0.037 ntt 0.583 crt 0.001 out 0.020 carry 0.011 | ntt parts rows 0.003 cols 0.003 pack 0.002 xfer 0.452 a2a 0.569
cache_trace node 3: piece (4, 1) of 5 x 6, 69173177 + 57644315 limbs at 334337023, slots 2: A - B HIT | 0.640 s: redistribute 0.053 ntt 0.573 crt 0.002 out 0.021 carry 0.010 | ntt parts rows 0.004 cols 0.003 pack 0.002 xfer 0.449 a2a 0.560
cache_trace node 0: piece (0, 2) of 5 x 6, 69173177 + 57644315 limbs at 115288630, slots 2: A HIT B cached | 0.691 s: redistribute 0.031 ntt 0.553 crt 0.001 out 0.078 carry 0.038 | ntt parts rows 0.003 cols 0.003 pack 0.002 xfer 0.421 a2a 0.541
cache_trace node 1: piece (0, 2) of 5 x 6, 69173177 + 57644315 limbs at 115288630, slots 2: A HIT B cached | 0.691 s: redistribute 0.036 ntt 0.550 crt 0.001 out 0.077 carry 0.038 | ntt parts rows 0.003 cols 0.003 pack 0.002 xfer 0.424 a2a 0.536
cache_trace node 3: piece (0, 2) of 5 x 6, 69173177 + 57644315 limbs at 115288630, slots 2: A HIT B cached | 0.691 s: redistribute 0.037 ntt 0.549 crt 0.002 out 0.077 carry 0.038 | ntt parts rows 0.003 cols 0.003 pack 0.002 xfer 0.428 a2a 0.536
cache_trace node 2: piece (0, 2) of 5 x 6, 69173177 + 57644315 limbs at 115288630, slots 2: A HIT B cached | 0.692 s: redistribute 0.032 ntt 0.547 crt 0.001 out 0.079 carry 0.038 | ntt parts rows 0.003 cols 0.003 pack 0.002 xfer 0.422 a2a 0.537
cache_trace node 0: piece (1, 2) of 5 x 6, 69173177 + 57644315 limbs at 184461807, slots 2: A - B HIT | 0.677 s: redistribute 0.033 ntt 0.535 crt 0.002 out 0.077 carry 0.036 | ntt parts rows 0.004 cols 0.003 pack 0.002 xfer 0.414 a2a 0.523
cache_trace node 1: piece (1, 2) of 5 x 6, 69173177 + 57644315 limbs at 184461807, slots 2: A - B HIT | 0.677 s: redistribute 0.035 ntt 0.537 crt 0.002 out 0.076 carry 0.036 | ntt parts rows 0.004 cols 0.003 pack 0.002 xfer 0.412 a2a 0.522
cache_trace node 2: piece (1, 2) of 5 x 6, 69173177 + 57644315 limbs at 184461807, slots 2: A - B HIT | 0.676 s: redistribute 0.032 ntt 0.540 crt 0.002 out 0.076 carry 0.036 | ntt parts rows 0.003 cols 0.003 pack 0.002 xfer 0.422 a2a 0.524
cache_trace node 3: piece (1, 2) of 5 x 6, 69173177 + 57644315 limbs at 184461807, slots 2: A - B HIT | 0.677 s: redistribute 0.029 ntt 0.537 crt 0.002 out 0.075 carry 0.036 | ntt parts rows 0.003 cols 0.003 pack 0.002 xfer 0.420 a2a 0.525
cache_trace node 0: piece (2, 2) of 5 x 6, 69173177 + 57644315 limbs at 253634984, slots 2: A - B HIT | 0.711 s: redistribute 0.036 ntt 0.584 crt 0.002 out 0.090 carry 0.009 | ntt parts rows 0.004 cols 0.003 pack 0.002 xfer 0.466 a2a 0.574
cache_trace node 1: piece (2, 2) of 5 x 6, 69173177 + 57644315 limbs at 253634984, slots 2: A - B HIT | 0.711 s: redistribute 0.035 ntt 0.585 crt 0.002 out 0.088 carry 0.009 | ntt parts rows 0.004 cols 0.003 pack 0.002 xfer 0.461 a2a 0.575
cache_trace node 2: piece (2, 2) of 5 x 6, 69173177 + 57644315 limbs at 253634984, slots 2: A - B HIT | 0.711 s: redistribute 0.036 ntt 0.584 crt 0.002 out 0.084 carry 0.008 | ntt parts rows 0.004 cols 0.003 pack 0.002 xfer 0.455 a2a 0.574
cache_trace node 3: piece (2, 2) of 5 x 6, 69173177 + 57644315 limbs at 253634984, slots 2: A - B HIT | 0.711 s: redistribute 0.038 ntt 0.590 crt 0.002 out 0.087 carry 0.008 | ntt parts rows 0.004 cols 0.003 pack 0.002 xfer 0.454 a2a 0.576
cache_trace node 0: piece (3, 2) of 5 x 6, 69173177 + 57644315 limbs at 322808161, slots 2: A - B HIT | 0.667 s: redistribute 0.049 ntt 0.578 crt 0.001 out 0.030 carry 0.019 | ntt parts rows 0.003 cols 0.003 pack 0.002 xfer 0.446 a2a 0.564
cache_trace node 1: piece (3, 2) of 5 x 6, 69173177 + 57644315 limbs at 322808161, slots 2: A - B HIT | 0.667 s: redistribute 0.034 ntt 0.587 crt 0.002 out 0.032 carry 0.020 | ntt parts rows 0.004 cols 0.003 pack 0.002 xfer 0.445 a2a 0.569
cache_trace node 2: piece (3, 2) of 5 x 6, 69173177 + 57644315 limbs at 322808161, slots 2: A - B HIT | 0.667 s: redistribute 0.047 ntt 0.577 crt 0.002 out 0.029 carry 0.019 | ntt parts rows 0.003 cols 0.003 pack 0.002 xfer 0.458 a2a 0.562
cache_trace node 3: piece (3, 2) of 5 x 6, 69173177 + 57644315 limbs at 322808161, slots 2: A - B HIT | 0.667 s: redistribute 0.037 ntt 0.588 crt 0.001 out 0.028 carry 0.019 | ntt parts rows 0.003 cols 0.002 pack 0.002 xfer 0.459 a2a 0.574
cache_trace node 0: piece (0, 3) of 5 x 6, 69173177 + 57644315 limbs at 172932945, slots 2: A HIT B cached | 0.720 s: redistribute 0.030 ntt 0.574 crt 0.003 out 0.091 carry 0.031 | ntt parts rows 0.003 cols 0.003 pack 0.002 xfer 0.440 a2a 0.564
cache_trace node 1: piece (0, 3) of 5 x 6, 69173177 + 57644315 limbs at 172932945, slots 2: A HIT B cached | 0.720 s: redistribute 0.031 ntt 0.577 crt 0.001 out 0.086 carry 0.031 | ntt parts rows 0.004 cols 0.003 pack 0.002 xfer 0.448 a2a 0.563
cache_trace node 2: piece (0, 3) of 5 x 6, 69173177 + 57644315 limbs at 172932945, slots 2: A HIT B cached | 0.720 s: redistribute 0.030 ntt 0.570 crt 0.003 out 0.091 carry 0.031 | ntt parts rows 0.003 cols 0.003 pack 0.002 xfer 0.445 a2a 0.562
cache_trace node 3: piece (0, 3) of 5 x 6, 69173177 + 57644315 limbs at 172932945, slots 2: A HIT B cached | 0.720 s: redistribute 0.029 ntt 0.584 crt 0.003 out 0.094 carry 0.031 | ntt parts rows 0.003 cols 0.003 pack 0.002 xfer 0.452 a2a 0.570
cache_trace node 0: piece (1, 3) of 5 x 6, 69173177 + 57644315 limbs at 242106122, slots 2: A - B HIT | 0.721 s: redistribute 0.033 ntt 0.593 crt 0.003 out 0.081 carry 0.018 | ntt parts rows 0.004 cols 0.003 pack 0.002 xfer 0.457 a2a 0.581
cache_trace node 1: piece (1, 3) of 5 x 6, 69173177 + 57644315 limbs at 242106122, slots 2: A - B HIT | 0.721 s: redistribute 0.037 ntt 0.590 crt 0.002 out 0.082 carry 0.018 | ntt parts rows 0.004 cols 0.003 pack 0.002 xfer 0.458 a2a 0.580
cache_trace node 2: piece (1, 3) of 5 x 6, 69173177 + 57644315 limbs at 242106122, slots 2: A - B HIT | 0.721 s: redistribute 0.038 ntt 0.592 crt 0.003 out 0.081 carry 0.017 | ntt parts rows 0.004 cols 0.003 pack 0.002 xfer 0.461 a2a 0.579
cache_trace node 3: piece (1, 3) of 5 x 6, 69173177 + 57644315 limbs at 242106122, slots 2: A - B HIT | 0.721 s: redistribute 0.035 ntt 0.593 crt 0.003 out 0.079 carry 0.017 | ntt parts rows 0.003 cols 0.003 pack 0.002 xfer 0.468 a2a 0.582
cache_trace node 0: piece (2, 3) of 5 x 6, 69173177 + 57644315 limbs at 311279299, slots 2: A - B HIT | 0.672 s: redistribute 0.039 ntt 0.588 crt 0.002 out 0.042 carry 0.020 | ntt parts rows 0.003 cols 0.003 pack 0.002 xfer 0.451 a2a 0.566
cache_trace node 1: piece (2, 3) of 5 x 6, 69173177 + 57644315 limbs at 311279299, slots 2: A - B HIT | 0.672 s: redistribute 0.042 ntt 0.580 crt 0.001 out 0.040 carry 0.020 | ntt parts rows 0.003 cols 0.003 pack 0.002 xfer 0.441 a2a 0.562
cache_trace node 2: piece (2, 3) of 5 x 6, 69173177 + 57644315 limbs at 311279299, slots 2: A - B HIT | 0.672 s: redistribute 0.041 ntt 0.578 crt 0.002 out 0.044 carry 0.019 | ntt parts rows 0.003 cols 0.003 pack 0.002 xfer 0.442 a2a 0.558
cache_trace node 3: piece (2, 3) of 5 x 6, 69173177 + 57644315 limbs at 311279299, slots 2: A - B HIT | 0.672 s: redistribute 0.039 ntt 0.586 crt 0.002 out 0.036 carry 0.019 | ntt parts rows 0.003 cols 0.003 pack 0.002 xfer 0.453 a2a 0.568
cache_trace node 0: piece (0, 4) of 5 x 6, 69173177 + 57644315 limbs at 230577260, slots 2: A HIT B cached | 0.687 s: redistribute 0.031 ntt 0.549 crt 0.002 out 0.089 carry 0.021 | ntt parts rows 0.003 cols 0.003 pack 0.002 xfer 0.430 a2a 0.540
cache_trace node 1: piece (0, 4) of 5 x 6, 69173177 + 57644315 limbs at 230577260, slots 2: A HIT B cached | 0.687 s: redistribute 0.030 ntt 0.552 crt 0.002 out 0.085 carry 0.021 | ntt parts rows 0.003 cols 0.003 pack 0.002 xfer 0.429 a2a 0.543
cache_trace node 2: piece (0, 4) of 5 x 6, 69173177 + 57644315 limbs at 230577260, slots 2: A HIT B cached | 0.687 s: redistribute 0.031 ntt 0.552 crt 0.002 out 0.085 carry 0.021 | ntt parts rows 0.004 cols 0.003 pack 0.002 xfer 0.428 a2a 0.542
cache_trace node 3: piece (0, 4) of 5 x 6, 69173177 + 57644315 limbs at 230577260, slots 2: A HIT B cached | 0.687 s: redistribute 0.031 ntt 0.553 crt 0.002 out 0.090 carry 0.021 | ntt parts rows 0.003 cols 0.002 pack 0.002 xfer 0.434 a2a 0.540
cache_trace node 0: piece (1, 4) of 5 x 6, 69173177 + 57644315 limbs at 299750437, slots 2: A - B HIT | 0.663 s: redistribute 0.038 ntt 0.551 crt 0.002 out 0.047 carry 0.032 | ntt parts rows 0.004 cols 0.003 pack 0.002 xfer 0.431 a2a 0.540
cache_trace node 1: piece (1, 4) of 5 x 6, 69173177 + 57644315 limbs at 299750437, slots 2: A - B HIT | 0.663 s: redistribute 0.040 ntt 0.547 crt 0.002 out 0.053 carry 0.032 | ntt parts rows 0.003 cols 0.003 pack 0.002 xfer 0.429 a2a 0.535
cache_trace node 2: piece (1, 4) of 5 x 6, 69173177 + 57644315 limbs at 299750437, slots 2: A - B HIT | 0.663 s: redistribute 0.035 ntt 0.549 crt 0.002 out 0.052 carry 0.031 | ntt parts rows 0.003 cols 0.003 pack 0.002 xfer 0.436 a2a 0.539
cache_trace node 3: piece (1, 4) of 5 x 6, 69173177 + 57644315 limbs at 299750437, slots 2: A - B HIT | 0.663 s: redistribute 0.035 ntt 0.548 crt 0.001 out 0.052 carry 0.031 | ntt parts rows 0.004 cols 0.003 pack 0.002 xfer 0.434 a2a 0.538
cache_trace node 0: piece (0, 5) of 5 x 6, 69173177 + 57644310 limbs at 288221575, slots 2: A HIT B cached | 0.689 s: redistribute 0.031 ntt 0.568 crt 0.002 out 0.056 carry 0.034 | ntt parts rows 0.003 cols 0.003 pack 0.002 xfer 0.446 a2a 0.558
dist_mn node 0: 345865885 x 345865885 limbs over 4 x 4 ranks (cap 2^27): 5 x 6 pieces, 20 formed, 10 skipped (low product) (cache 2 slots: 19 hits, 7 misses)
cache_trace node 1: piece (0, 5) of 5 x 6, 69173177 + 57644310 limbs at 288221575, slots 2: A HIT B cached | 0.690 s: redistribute 0.038 ntt 0.565 crt 0.002 out 0.057 carry 0.034 | ntt parts rows 0.003 cols 0.003 pack 0.002 xfer 0.436 a2a 0.553
dist_mn node 1: 345865885 x 345865885 limbs over 4 x 4 ranks (cap 2^27): 5 x 6 pieces, 20 formed, 10 skipped (low product) (cache 2 slots: 19 hits, 7 misses)
cache_trace node 2: piece (0, 5) of 5 x 6, 69173177 + 57644310 limbs at 288221575, slots 2: A HIT B cached | 0.690 s: redistribute 0.032 ntt 0.573 crt 0.002 out 0.065 carry 0.034 | ntt parts rows 0.003 cols 0.003 pack 0.002 xfer 0.446 a2a 0.555
dist_mn node 2: 345865885 x 345865885 limbs over 4 x 4 ranks (cap 2^27): 5 x 6 pieces, 20 formed, 10 skipped (low product) (cache 2 slots: 19 hits, 7 misses)
cache_trace node 3: piece (0, 5) of 5 x 6, 69173177 + 57644310 limbs at 288221575, slots 2: A HIT B cached | 0.690 s: redistribute 0.037 ntt 0.562 crt 0.001 out 0.063 carry 0.034 | ntt parts rows 0.003 cols 0.003 pack 0.002 xfer 0.441 a2a 0.553
dist_mn node 3: 345865885 x 345865885 limbs over 4 x 4 ranks (cap 2^27): 5 x 6 pieces, 20 formed, 10 skipped (low product) (cache 2 slots: 19 hits, 7 misses)
cx_grid node 1: rep 1 shape 5x6_highcut (345865885 x 345865885, cut 0 / 345865885) slots 2: 14.107 s, cache 19 hits 7 misses, C sha256 478ce4ac1b99a5a9 same
cx_grid node 1: the cache's allocation 0.26 s (once, excluded above)
cx_grid node 2: rep 1 shape 5x6_highcut (345865885 x 345865885, cut 0 / 345865885) slots 2: 14.107 s, cache 19 hits 7 misses, C sha256 1ffd456e076765ed same
cx_grid node 2: the cache's allocation 0.23 s (once, excluded above)
cx_grid node 0: rep 1 shape 5x6_highcut (345865885 x 345865885, cut 0 / 345865885) slots 2: 14.107 s, cache 19 hits 7 misses, C sha256 1e3fa234dfaf9973 same
cx_grid node 0: the cache's allocation 0.20 s (once, excluded above)
cx_grid node 3: rep 1 shape 5x6_highcut (345865885 x 345865885, cut 0 / 345865885) slots 2: 14.107 s, cache 19 hits 7 misses, C sha256 f07a437204833f51 same
cx_grid node 3: the cache's allocation 0.27 s (once, excluded above)

cx_grid: VERIFY OK (1 checks)

cx_grid: VERIFY OK (1 checks)

cx_grid: VERIFY OK (1 checks)

cx_grid: VERIFY OK (1 checks)
