META bench=t_mn_grid host=ppac-pl1-s24-26 date=2026-09-27T17:27:23
META bench=t_mn_grid host=ppac-pl1-s24-26 date=2026-09-27T17:27:23
rns_init: APU0 staging 2.0 GiB touch 0.07 s register 0.18 s, 48 cpus; device open 0.00 s, contexts 0.32 s, stream+staging 0.26 s
rns_init: APU3 staging 2.0 GiB touch 0.06 s register 0.18 s, 48 cpus; device open 0.00 s, contexts 0.36 s, stream+staging 0.25 s
rns_init: APU2 staging 2.0 GiB touch 0.05 s register 0.16 s, 48 cpus; device open 0.00 s, contexts 0.61 s, stream+staging 0.22 s
rns_init: APU2 staging 2.0 GiB touch 0.09 s register 0.19 s, 48 cpus; device open 0.00 s, contexts 0.65 s, stream+staging 0.30 s
rns_init: APU3 staging 2.0 GiB touch 0.07 s register 0.20 s, 48 cpus; device open 0.00 s, contexts 0.68 s, stream+staging 0.44 s
rns_init: APU0 staging 2.0 GiB touch 0.07 s register 0.16 s, 48 cpus; device open 0.00 s, contexts 0.76 s, stream+staging 0.42 s
rns_init: APU1 staging 2.0 GiB touch 0.10 s register 0.21 s, 48 cpus; device open 0.00 s, contexts 1.14 s, stream+staging 0.33 s
rns_init: APU1 staging 2.0 GiB touch 0.10 s register 0.26 s, 48 cpus; device open 0.00 s, contexts 1.00 s, stream+staging 0.54 s
rns_init: plane pools per APU 2.00 + 2.00 GiB (hipmalloc), staging 2.00 GiB, tables 0.310 GB; staging+contexts 1.56 s, pools 0.80 s, peer access 0.02 s
rns_init: plane pools per APU 2.00 + 2.00 GiB (hipmalloc), staging 2.00 GiB, tables 0.304 GB; staging+contexts 1.50 s, pools 1.07 s, peer access 0.02 s
mn: node 0 of 2, four meshes of 2 ranks on ppac-pl1-s24-26,ppac-pl1-s24-26 (port base 22074): connected in 0.00 s
mn: node 0: level 1 group [0, 2) (transform nodes 2): meshes connected in 0.00 s
t_mn_grid: node 0 of 2, group [0, 2) (2 x 4 ranks), plane cap 2^25, unit 33554432 limbs
mn: node 1 of 2, four meshes of 2 ranks on ppac-pl1-s24-26,ppac-pl1-s24-26 (port base 22074): connected in 0.22 s
mn: node 1: level 1 group [0, 2) (transform nodes 2): meshes connected in 0.00 s
t_mn_grid: node 1 of 2, group [0, 2) (2 x 4 ranks), plane cap 2^25, unit 33554432 limbs
dbig pool: APU0 hipMalloc 0.01 GB inside the phase (free 0.00 GB in 0 extents, largest 0.00; live 0.00 GB in 0 blocks)
dbig pool: APU1 hipMalloc 0.01 GB inside the phase (free 0.00 GB in 0 extents, largest 0.00; live 0.00 GB in 1 blocks)
dbig pool: APU2 hipMalloc 0.01 GB inside the phase (free 0.00 GB in 0 extents, largest 0.00; live 0.00 GB in 2 blocks)
dbig pool: APU3 hipMalloc 0.01 GB inside the phase (free 0.00 GB in 0 extents, largest 0.00; live 0.00 GB in 3 blocks)
dbig pool: APU0 hipMalloc 0.01 GB inside the phase (free 0.00 GB in 0 extents, largest 0.00; live 0.00 GB in 0 blocks)
dbig pool: APU1 hipMalloc 0.01 GB inside the phase (free 0.00 GB in 0 extents, largest 0.00; live 0.00 GB in 1 blocks)
dbig pool: APU2 hipMalloc 0.01 GB inside the phase (free 0.00 GB in 0 extents, largest 0.00; live 0.00 GB in 2 blocks)
dbig pool: APU3 hipMalloc 0.01 GB inside the phase (free 0.00 GB in 0 extents, largest 0.00; live 0.00 GB in 3 blocks)
dbig pool: APU0 hipMalloc 0.01 GB inside the phase (free 0.00 GB in 0 extents, largest 0.00; live 0.01 GB in 4 blocks)
dbig pool: APU1 hipMalloc 0.01 GB inside the phase (free 0.00 GB in 0 extents, largest 0.00; live 0.01 GB in 5 blocks)
dbig pool: APU2 hipMalloc 0.01 GB inside the phase (free 0.00 GB in 0 extents, largest 0.00; live 0.01 GB in 6 blocks)
dbig pool: APU3 hipMalloc 0.01 GB inside the phase (free 0.00 GB in 0 extents, largest 0.00; live 0.01 GB in 7 blocks)
dbig pool: APU0 hipMalloc 0.01 GB inside the phase (free 0.00 GB in 0 extents, largest 0.00; live 0.01 GB in 4 blocks)
dbig pool: APU1 hipMalloc 0.01 GB inside the phase (free 0.00 GB in 0 extents, largest 0.00; live 0.01 GB in 5 blocks)
dbig pool: APU2 hipMalloc 0.01 GB inside the phase (free 0.00 GB in 0 extents, largest 0.00; live 0.01 GB in 6 blocks)
dbig pool: APU3 hipMalloc 0.01 GB inside the phase (free 0.00 GB in 0 extents, largest 0.00; live 0.01 GB in 7 blocks)
dbig pool: APU0 hipMalloc 0.01 GB inside the phase (free 0.00 GB in 0 extents, largest 0.00; live 0.02 GB in 8 blocks)
dbig pool: APU1 hipMalloc 0.01 GB inside the phase (free 0.00 GB in 0 extents, largest 0.00; live 0.02 GB in 9 blocks)
dbig pool: APU2 hipMalloc 0.01 GB inside the phase (free 0.00 GB in 0 extents, largest 0.00; live 0.02 GB in 10 blocks)
dbig pool: APU3 hipMalloc 0.01 GB inside the phase (free 0.00 GB in 0 extents, largest 0.00; live 0.02 GB in 11 blocks)
dbig pool: APU0 hipMalloc 0.02 GB inside the phase (free 0.00 GB in 0 extents, largest 0.00; live 0.03 GB in 12 blocks)
dbig pool: APU1 hipMalloc 0.02 GB inside the phase (free 0.00 GB in 0 extents, largest 0.00; live 0.03 GB in 13 blocks)
dbig pool: APU2 hipMalloc 0.02 GB inside the phase (free 0.00 GB in 0 extents, largest 0.00; live 0.03 GB in 14 blocks)
dbig pool: APU3 hipMalloc 0.02 GB inside the phase (free 0.00 GB in 0 extents, largest 0.00; live 0.03 GB in 15 blocks)
dbig pool: APU0 hipMalloc 0.01 GB inside the phase (free 0.00 GB in 0 extents, largest 0.00; live 0.02 GB in 8 blocks)
dbig pool: APU1 hipMalloc 0.01 GB inside the phase (free 0.00 GB in 0 extents, largest 0.00; live 0.02 GB in 9 blocks)
dbig pool: APU2 hipMalloc 0.01 GB inside the phase (free 0.00 GB in 0 extents, largest 0.00; live 0.02 GB in 10 blocks)
dbig pool: APU3 hipMalloc 0.01 GB inside the phase (free 0.00 GB in 0 extents, largest 0.00; live 0.02 GB in 11 blocks)
dbig pool: APU0 hipMalloc 0.02 GB inside the phase (free 0.00 GB in 0 extents, largest 0.00; live 0.03 GB in 12 blocks)
dbig pool: APU1 hipMalloc 0.02 GB inside the phase (free 0.00 GB in 0 extents, largest 0.00; live 0.03 GB in 13 blocks)
dbig pool: APU2 hipMalloc 0.02 GB inside the phase (free 0.00 GB in 0 extents, largest 0.00; live 0.03 GB in 14 blocks)
dbig pool: APU3 hipMalloc 0.02 GB inside the phase (free 0.00 GB in 0 extents, largest 0.00; live 0.03 GB in 15 blocks)
dbig pool: APU2 hipMalloc 0.00 GB inside the phase (free 0.00 GB in 0 extents, largest 0.00; live 0.05 GB in 16 blocks)
dbig pool: APU2 hipMalloc 0.03 GB inside the phase (free 0.00 GB in 0 extents, largest 0.00; live 0.05 GB in 17 blocks)
dbig pool: APU0 hipMalloc 0.00 GB inside the phase (free 0.00 GB in 0 extents, largest 0.00; live 0.05 GB in 18 blocks)
dbig pool: APU0 hipMalloc 0.03 GB inside the phase (free 0.00 GB in 0 extents, largest 0.00; live 0.05 GB in 19 blocks)
dbig pool: APU3 hipMalloc 0.00 GB inside the phase (free 0.00 GB in 0 extents, largest 0.00; live 0.05 GB in 20 blocks)
dbig pool: APU3 hipMalloc 0.03 GB inside the phase (free 0.00 GB in 0 extents, largest 0.00; live 0.05 GB in 21 blocks)
dbig pool: APU1 hipMalloc 0.00 GB inside the phase (free 0.00 GB in 0 extents, largest 0.00; live 0.05 GB in 22 blocks)
dbig pool: APU1 hipMalloc 0.03 GB inside the phase (free 0.00 GB in 0 extents, largest 0.00; live 0.05 GB in 23 blocks)
dbig pool: APU0 hipMalloc 0.00 GB inside the phase (free 0.00 GB in 0 extents, largest 0.00; live 0.05 GB in 16 blocks)
dbig pool: APU0 hipMalloc 0.03 GB inside the phase (free 0.00 GB in 0 extents, largest 0.00; live 0.05 GB in 17 blocks)
dbig pool: APU3 hipMalloc 0.00 GB inside the phase (free 0.00 GB in 0 extents, largest 0.00; live 0.05 GB in 18 blocks)
dbig pool: APU3 hipMalloc 0.03 GB inside the phase (free 0.00 GB in 0 extents, largest 0.00; live 0.05 GB in 19 blocks)
dbig pool: APU1 hipMalloc 0.00 GB inside the phase (free 0.00 GB in 0 extents, largest 0.00; live 0.05 GB in 20 blocks)
dbig pool: APU2 hipMalloc 0.01 GB inside the phase (free 0.00 GB in 0 extents, largest 0.00; live 0.08 GB in 24 blocks)
dbig pool: APU1 hipMalloc 0.03 GB inside the phase (free 0.00 GB in 0 extents, largest 0.00; live 0.05 GB in 21 blocks)
dbig pool: APU2 hipMalloc 0.01 GB inside the phase (free 0.00 GB in 0 extents, largest 0.00; live 0.09 GB in 25 blocks)
dbig pool: APU2 hipMalloc 0.00 GB inside the phase (free 0.00 GB in 0 extents, largest 0.00; live 0.05 GB in 22 blocks)
dbig pool: APU2 hipMalloc 0.03 GB inside the phase (free 0.00 GB in 0 extents, largest 0.00; live 0.05 GB in 23 blocks)
dbig pool: APU0 hipMalloc 0.01 GB inside the phase (free 0.00 GB in 0 extents, largest 0.00; live 0.08 GB in 26 blocks)
dbig pool: APU0 hipMalloc 0.01 GB inside the phase (free 0.00 GB in 0 extents, largest 0.00; live 0.09 GB in 27 blocks)
dbig pool: APU3 hipMalloc 0.01 GB inside the phase (free 0.00 GB in 0 extents, largest 0.00; live 0.08 GB in 28 blocks)
dbig pool: APU3 hipMalloc 0.01 GB inside the phase (free 0.00 GB in 0 extents, largest 0.00; live 0.09 GB in 29 blocks)
dbig pool: APU1 hipMalloc 0.01 GB inside the phase (free 0.00 GB in 0 extents, largest 0.00; live 0.08 GB in 30 blocks)
dbig pool: APU0 hipMalloc 0.01 GB inside the phase (free 0.00 GB in 0 extents, largest 0.00; live 0.08 GB in 24 blocks)
dbig pool: APU0 hipMalloc 0.01 GB inside the phase (free 0.00 GB in 0 extents, largest 0.00; live 0.09 GB in 25 blocks)
dbig pool: APU3 hipMalloc 0.01 GB inside the phase (free 0.00 GB in 0 extents, largest 0.00; live 0.08 GB in 26 blocks)
dbig pool: APU3 hipMalloc 0.01 GB inside the phase (free 0.00 GB in 0 extents, largest 0.00; live 0.09 GB in 27 blocks)
dbig pool: APU1 hipMalloc 0.01 GB inside the phase (free 0.00 GB in 0 extents, largest 0.00; live 0.08 GB in 28 blocks)
dbig pool: APU1 hipMalloc 0.01 GB inside the phase (free 0.00 GB in 0 extents, largest 0.00; live 0.09 GB in 29 blocks)
dbig pool: APU2 hipMalloc 0.01 GB inside the phase (free 0.00 GB in 0 extents, largest 0.00; live 0.08 GB in 30 blocks)
dbig pool: APU2 hipMalloc 0.01 GB inside the phase (free 0.00 GB in 0 extents, largest 0.00; live 0.09 GB in 31 blocks)
dbig pool: APU1 hipMalloc 0.01 GB inside the phase (free 0.00 GB in 0 extents, largest 0.00; live 0.09 GB in 31 blocks)
dbig pool: APU1 hipMalloc 0.01 GB inside the phase (free 0.00 GB in 1 extents, largest 0.00; live 0.10 GB in 32 blocks)
dbig pool: APU0 hipMalloc 0.01 GB inside the phase (free 0.00 GB in 1 extents, largest 0.00; live 0.10 GB in 32 blocks)
dbig pool: APU2 hipMalloc 0.01 GB inside the phase (free 0.00 GB in 1 extents, largest 0.00; live 0.10 GB in 33 blocks)
dbig pool: APU1 hipMalloc 0.01 GB inside the phase (free 0.00 GB in 1 extents, largest 0.00; live 0.10 GB in 31 blocks)
dbig pool: APU0 hipMalloc 0.01 GB inside the phase (free 0.00 GB in 1 extents, largest 0.00; live 0.10 GB in 34 blocks)
dbig pool: APU3 hipMalloc 0.01 GB inside the phase (free 0.00 GB in 1 extents, largest 0.00; live 0.10 GB in 33 blocks)
dbig pool: APU3 hipMalloc 0.01 GB inside the phase (free 0.00 GB in 1 extents, largest 0.00; live 0.10 GB in 35 blocks)
dbig pool: APU2 hipMalloc 0.01 GB inside the phase (free 0.00 GB in 1 extents, largest 0.00; live 0.10 GB in 35 blocks)
dbig pool: APU1 hipMalloc 0.02 GB inside the phase (free 0.03 GB in 3 extents, largest 0.01; live 0.08 GB in 26 blocks)
dbig pool: APU3 hipMalloc 0.02 GB inside the phase (free 0.03 GB in 3 extents, largest 0.01; live 0.08 GB in 25 blocks)
dbig pool: APU0 hipMalloc 0.02 GB inside the phase (free 0.03 GB in 3 extents, largest 0.01; live 0.08 GB in 26 blocks)
dbig pool: APU2 hipMalloc 0.02 GB inside the phase (free 0.03 GB in 3 extents, largest 0.01; live 0.08 GB in 25 blocks)
dbig pool: APU3 hipMalloc 0.02 GB inside the phase (free 0.03 GB in 3 extents, largest 0.01; live 0.08 GB in 26 blocks)
dbig pool: APU1 hipMalloc 0.02 GB inside the phase (free 0.03 GB in 3 extents, largest 0.01; live 0.08 GB in 26 blocks)
dbig pool: APU2 hipMalloc 0.02 GB inside the phase (free 0.03 GB in 3 extents, largest 0.01; live 0.08 GB in 27 blocks)
dbig pool: APU0 hipMalloc 0.02 GB inside the phase (free 0.03 GB in 3 extents, largest 0.01; live 0.08 GB in 27 blocks)
dist_mn node 0: 2^25 = 2^12 x 2^13 over 2 x 4 ranks (rows 512..512; 10066329 + 8388608 limbs at 0, window [0, 9227468) of share [0, 9227468)): redistribute 0.235 ntt 0.678 crt 0.056 out 0.072 spills+carry 0.013 total 1.332 s
dist_mn node 0: 10066329 x 8388608 limbs over 2 x 4 ranks (cap 2^25): 1 x 1 pieces, 1 formed, 0 skipped (cache 0 slots: 0 hits, 0 misses)
dist_mn node 1: 2^25 = 2^12 x 2^13 over 2 x 4 ranks (rows 512..512; 10066329 + 8388608 limbs at 0, window [9227468, 18454937) of share [9227468, 18454937)): redistribute 0.203 ntt 0.693 crt 0.029 out 0.109 spills+carry 0.013 total 1.316 s
dist_mn node 1: 10066329 x 8388608 limbs over 2 x 4 ranks (cap 2^25): 1 x 1 pieces, 1 formed, 0 skipped (cache 0 slots: 0 hits, 0 misses)
dist_mn node 0: 10066329 + 8388608 limbs -> 18454937 (share 9227468): redistribute 0.235 ntt 0.678 crt 0.056 out 0.072 spills+carry 0.013, total 1.376 s
dist_mn node 1: 10066329 + 8388608 limbs -> 18454937 (share 9227469): redistribute 0.203 ntt 0.693 crt 0.029 out 0.109 spills+carry 0.013, total 1.359 s
mdev 3*2^23 (18454937 limbs): repack 0.035 h2d 0.001 fwd 0.006 inv 0.001 d2h 0.023 crt 0.009 total 0.068 s
mdev 3*2^23 (18454937 limbs): repack 0.031 h2d 0.001 fwd 0.023 inv 0.006 d2h 0.024 crt 0.014 total 0.086 s
   one plane 10066329 x 8388608: 1.49 s
dbig pool: APU0 hipMalloc 0.03 GB inside the phase (free 0.03 GB in 3 extents, largest 0.01; live 0.10 GB in 22 blocks)
dbig pool: APU3 hipMalloc 0.03 GB inside the phase (free 0.03 GB in 3 extents, largest 0.01; live 0.10 GB in 27 blocks)
dbig pool: APU1 hipMalloc 0.03 GB inside the phase (free 0.03 GB in 3 extents, largest 0.01; live 0.10 GB in 32 blocks)
dbig pool: APU2 hipMalloc 0.03 GB inside the phase (free 0.03 GB in 3 extents, largest 0.01; live 0.10 GB in 37 blocks)
dbig pool: APU0 hipMalloc 0.03 GB inside the phase (free 0.03 GB in 3 extents, largest 0.01; live 0.10 GB in 22 blocks)
dbig pool: APU1 hipMalloc 0.03 GB inside the phase (free 0.03 GB in 3 extents, largest 0.01; live 0.10 GB in 27 blocks)
dbig pool: APU2 hipMalloc 0.03 GB inside the phase (free 0.03 GB in 3 extents, largest 0.01; live 0.10 GB in 32 blocks)
dbig pool: APU3 hipMalloc 0.03 GB inside the phase (free 0.03 GB in 3 extents, largest 0.01; live 0.10 GB in 37 blocks)
dbig pool: APU2 hipMalloc 0.01 GB inside the phase (free 0.00 GB in 1 extents, largest 0.00; live 0.16 GB in 43 blocks)
dbig pool: APU2 hipMalloc 0.01 GB inside the phase (free 0.00 GB in 1 extents, largest 0.00; live 0.16 GB in 43 blocks)
dbig pool: APU0 hipMalloc 0.01 GB inside the phase (free 0.00 GB in 1 extents, largest 0.00; live 0.16 GB in 44 blocks)
dbig pool: APU0 hipMalloc 0.01 GB inside the phase (free 0.00 GB in 1 extents, largest 0.00; live 0.16 GB in 44 blocks)
dbig pool: APU1 hipMalloc 0.01 GB inside the phase (free 0.00 GB in 1 extents, largest 0.00; live 0.16 GB in 46 blocks)
dbig pool: APU1 hipMalloc 0.01 GB inside the phase (free 0.00 GB in 1 extents, largest 0.00; live 0.16 GB in 46 blocks)
dbig pool: APU3 hipMalloc 0.01 GB inside the phase (free 0.00 GB in 1 extents, largest 0.00; live 0.16 GB in 41 blocks)
dbig pool: APU3 hipMalloc 0.01 GB inside the phase (free 0.00 GB in 1 extents, largest 0.00; live 0.16 GB in 38 blocks)
dbig pool: APU2 hipMalloc 0.02 GB inside the phase (free 0.04 GB in 4 extents, largest 0.01; live 0.13 GB in 35 blocks)
dbig pool: APU1 hipMalloc 0.02 GB inside the phase (free 0.04 GB in 4 extents, largest 0.01; live 0.13 GB in 34 blocks)
dbig pool: APU0 hipMalloc 0.02 GB inside the phase (free 0.04 GB in 4 extents, largest 0.01; live 0.13 GB in 34 blocks)
dbig pool: APU0 hipMalloc 0.02 GB inside the phase (free 0.04 GB in 4 extents, largest 0.01; live 0.13 GB in 35 blocks)
dbig pool: APU2 hipMalloc 0.02 GB inside the phase (free 0.04 GB in 4 extents, largest 0.01; live 0.13 GB in 35 blocks)
dbig pool: APU1 hipMalloc 0.02 GB inside the phase (free 0.04 GB in 4 extents, largest 0.01; live 0.13 GB in 35 blocks)
dbig pool: APU3 hipMalloc 0.02 GB inside the phase (free 0.04 GB in 4 extents, largest 0.01; live 0.13 GB in 35 blocks)
dbig pool: APU3 hipMalloc 0.02 GB inside the phase (free 0.04 GB in 4 extents, largest 0.01; live 0.13 GB in 35 blocks)
dist_mn node 0: 2^25 = 2^12 x 2^13 over 2 x 4 ranks (rows 512..512; 10066329 + 8388608 + x limbs at 0, window [0, 9227469) of share [0, 9227469)): redistribute 0.058 ntt 0.338 crt 0.000 out 0.013 spills+carry 0.000 total 0.403 s
dist_mn node 0: 10066329 x 8388608 limbs over 2 x 4 ranks (cap 2^25): 1 x 1 pieces, 1 formed, 0 skipped (cache 0 slots: 0 hits, 0 misses)
dist_mn node 1: 2^25 = 2^12 x 2^13 over 2 x 4 ranks (rows 512..512; 10066329 + 8388608 + x limbs at 0, window [9227469, 18454938) of share [9227469, 18454938)): redistribute 0.024 ntt 0.335 crt 0.000 out 0.015 spills+carry 0.000 total 0.373 s
dist_mn node 1: 10066329 x 8388608 limbs over 2 x 4 ranks (cap 2^25): 1 x 1 pieces, 1 formed, 0 skipped (cache 0 slots: 0 hits, 0 misses)
dist_mn node 0: 10066329 + 8388608 + x limbs -> 18454937 (share 9227469): redistribute 0.058 ntt 0.338 crt 0.000 out 0.013 spills+carry 0.000, total 0.405 s
dist_mn node 1: 10066329 + 8388608 + x limbs -> 18454937 (share 9227469): redistribute 0.024 ntt 0.335 crt 0.000 out 0.015 spills+carry 0.000, total 0.375 s
dist_mn node 0: 2^25 = 2^12 x 2^13 over 2 x 4 ranks (rows 512..512; 10066329 + 8388608 limbs at 0, window [0, 5033165) of share [0, 5033165)): redistribute 0.027 ntt 0.372 crt 0.001 out 0.010 spills+carry 0.000 total 0.402 s
dist_mn node 0: 10066329 x 8388608 limbs over 2 x 4 ranks (cap 2^25): 1 x 1 pieces, 1 formed, 0 skipped (low product) (cache 0 slots: 0 hits, 0 misses)
dist_mn node 1: 2^25 = 2^12 x 2^13 over 2 x 4 ranks (rows 512..512; 10066329 + 8388608 limbs at 0, window [5033165, 10066331) of share [5033165, 10066331)): redistribute 0.030 ntt 0.368 crt 0.001 out 0.009 spills+carry 0.000 total 0.402 s
dist_mn node 1: 10066329 x 8388608 limbs over 2 x 4 ranks (cap 2^25): 1 x 1 pieces, 1 formed, 0 skipped (low product) (cache 0 slots: 0 hits, 0 misses)
dist_mn node 0: 10066329 + 8388608 limbs -> 10066331 (share 5033165): redistribute 0.027 ntt 0.372 crt 0.001 out 0.010 spills+carry 0.000, total 0.402 s
dist_mn node 1: 10066329 + 8388608 limbs -> 10066331 (share 5033166): redistribute 0.030 ntt 0.368 crt 0.001 out 0.009 spills+carry 0.000, total 0.402 s
dist_mn node 0: 2^24 = 2^12 x 2^12 over 2 x 4 ranks (rows 512..512; 5033165 + 5033165 limbs at 0, window [0, 2516582) of share [0, 2516582)): redistribute 0.024 ntt 0.218 crt 0.000 out 0.007 spills+carry 0.000 total 0.300 s
dist_mn node 0: 5033165 x 5033165 limbs over 2 x 4 ranks (cap 2^25): 1 x 1 pieces, 1 formed, 0 skipped (low product) (cache 0 slots: 0 hits, 0 misses)
dist_mn node 1: 2^24 = 2^12 x 2^12 over 2 x 4 ranks (rows 512..512; 5033165 + 5033165 limbs at 0, window [2516582, 5033165) of share [2516582, 5033165)): redistribute 0.018 ntt 0.218 crt 0.000 out 0.006 spills+carry 0.000 total 0.298 s
dist_mn node 1: 5033165 x 5033165 limbs over 2 x 4 ranks (cap 2^25): 1 x 1 pieces, 1 formed, 0 skipped (low product) (cache 0 slots: 0 hits, 0 misses)
dist_mn node 0: 5033165 + 5033165 limbs -> 5033165 (share 2516582): redistribute 0.024 ntt 0.218 crt 0.000 out 0.007 spills+carry 0.000, total 0.300 s
dist_mn node 1: 5033165 + 5033165 limbs -> 5033165 (share 2516583): redistribute 0.018 ntt 0.218 crt 0.000 out 0.006 spills+carry 0.000, total 0.300 s
dist_mn node 0: 2^25 = 2^12 x 2^13 over 2 x 4 ranks (rows 512..512; 10066329 + 8388608 limbs at 0, window [0, 9227468) of share [0, 9227468)): redistribute 0.031 ntt 0.347 crt 0.001 out 0.015 spills+carry 0.000 total 0.475 s
dist_mn node 0: 10066329 x 8388608 limbs over 2 x 4 ranks (cap 2^25): 1 x 1 pieces, 1 formed, 0 skipped (low product) (cache 0 slots: 0 hits, 0 misses)
dist_mn node 1: 2^25 = 2^12 x 2^13 over 2 x 4 ranks (rows 512..512; 10066329 + 8388608 limbs at 0, window [9227468, 18454936) of share [9227468, 18454936)): redistribute 0.116 ntt 0.345 crt 0.001 out 0.015 spills+carry 0.000 total 0.475 s
dist_mn node 1: 10066329 x 8388608 limbs over 2 x 4 ranks (cap 2^25): 1 x 1 pieces, 1 formed, 0 skipped (low product) (cache 0 slots: 0 hits, 0 misses)
dist_mn node 0: 10066329 + 8388608 limbs -> 18454936 (share 9227468): redistribute 0.031 ntt 0.347 crt 0.001 out 0.015 spills+carry 0.000, total 0.475 s
dist_mn node 1: 10066329 + 8388608 limbs -> 18454936 (share 9227468): redistribute 0.116 ntt 0.345 crt 0.001 out 0.015 spills+carry 0.000, total 0.475 s
dist_mn node 0: 2^25 = 2^12 x 2^13 over 2 x 4 ranks (rows 512..512; 10066329 + 8388608 limbs at 0, window [0, 9227468) of share [0, 9227468)): redistribute 0.018 ntt 0.364 crt 0.001 out 0.013 spills+carry 0.001 total 0.394 s
dist_mn node 0: 10066329 x 8388608 limbs over 2 x 4 ranks (cap 2^25): 1 x 1 pieces, 1 formed, 0 skipped (low cut) (cache 0 slots: 0 hits, 0 misses)
dist_mn node 1: 2^25 = 2^12 x 2^13 over 2 x 4 ranks (rows 512..512; 10066329 + 8388608 limbs at 0, window [9227468, 18454937) of share [9227468, 18454937)): redistribute 0.019 ntt 0.365 crt 0.001 out 0.014 spills+carry 0.001 total 0.394 s
dist_mn node 1: 10066329 x 8388608 limbs over 2 x 4 ranks (cap 2^25): 1 x 1 pieces, 1 formed, 0 skipped (low cut) (cache 0 slots: 0 hits, 0 misses)
dist_mn node 0: 10066329 + 8388608 limbs -> 18454937 (share 9227468): redistribute 0.018 ntt 0.364 crt 0.001 out 0.013 spills+carry 0.001, total 0.394 s
dist_mn node 1: 10066329 + 8388608 limbs -> 18454937 (share 9227469): redistribute 0.019 ntt 0.365 crt 0.001 out 0.014 spills+carry 0.001, total 0.394 s
dist_mn node 0: 2^25 = 2^12 x 2^13 over 2 x 4 ranks (rows 512..512; 10066329 + 8388608 limbs at 0, window [0, 9227468) of share [0, 9227468)): redistribute 0.029 ntt 0.370 crt 0.000 out 0.013 spills+carry 0.000 total 0.410 s
dist_mn node 0: 10066329 x 8388608 limbs over 2 x 4 ranks (cap 2^25): 1 x 1 pieces, 1 formed, 0 skipped (low product) (low cut) (cache 0 slots: 0 hits, 0 misses)
dist_mn node 1: 2^25 = 2^12 x 2^13 over 2 x 4 ranks (rows 512..512; 10066329 + 8388608 limbs at 0, window [9227468, 18454936) of share [9227468, 18454936)): redistribute 0.029 ntt 0.370 crt 0.000 out 0.015 spills+carry 0.001 total 0.406 s
dist_mn node 1: 10066329 x 8388608 limbs over 2 x 4 ranks (cap 2^25): 1 x 1 pieces, 1 formed, 0 skipped (low product) (low cut) (cache 0 slots: 0 hits, 0 misses)
dist_mn node 0: 10066329 + 8388608 limbs -> 18454936 (share 9227468): redistribute 0.029 ntt 0.370 crt 0.000 out 0.013 spills+carry 0.000, total 0.410 s
dist_mn node 1: 10066329 + 8388608 limbs -> 18454936 (share 9227468): redistribute 0.029 ntt 0.370 crt 0.000 out 0.015 spills+carry 0.001, total 0.409 s
dist_mn node 0: 2^25 = 2^12 x 2^13 over 2 x 4 ranks (rows 512..512; 10066329 + 8388608 limbs at 0, window [0, 9227468) of share [0, 9227468)): redistribute 0.037 ntt 0.383 crt 0.000 out 0.015 spills+carry 0.000 total 0.419 s
dist_mn node 0: 10066329 x 8388608 limbs over 2 x 4 ranks (cap 2^25): 1 x 1 pieces, 1 formed, 0 skipped (low cut) (cache 0 slots: 0 hits, 0 misses)
dist_mn node 1: 2^25 = 2^12 x 2^13 over 2 x 4 ranks (rows 512..512; 10066329 + 8388608 limbs at 0, window [9227468, 18454937) of share [9227468, 18454937)): redistribute 0.032 ntt 0.383 crt 0.000 out 0.016 spills+carry 0.001 total 0.419 s
dist_mn node 1: 10066329 x 8388608 limbs over 2 x 4 ranks (cap 2^25): 1 x 1 pieces, 1 formed, 0 skipped (low cut) (cache 0 slots: 0 hits, 0 misses)
dist_mn node 0: 10066329 + 8388608 limbs -> 18454937 (share 9227468): redistribute 0.037 ntt 0.383 crt 0.000 out 0.015 spills+carry 0.000, total 0.419 s
dist_mn node 1: 10066329 + 8388608 limbs -> 18454937 (share 9227469): redistribute 0.032 ntt 0.383 crt 0.000 out 0.016 spills+carry 0.001, total 0.419 s
dist_mn node 0: 2^25 = 2^12 x 2^13 over 2 x 4 ranks (rows 512..512; 10066329 + 8388608 limbs at 0, window [0, 9227468) of share [0, 9227468)): redistribute 0.025 ntt 0.353 crt 0.001 out 0.014 spills+carry 0.000 total 0.382 s
dist_mn node 0: 10066329 x 8388608 limbs over 2 x 4 ranks (cap 2^25): 1 x 1 pieces, 1 formed, 0 skipped (low product) (low cut) (cache 0 slots: 0 hits, 0 misses)
dist_mn node 1: 2^25 = 2^12 x 2^13 over 2 x 4 ranks (rows 512..512; 10066329 + 8388608 limbs at 0, window [9227468, 18454936) of share [9227468, 18454936)): redistribute 0.029 ntt 0.351 crt 0.001 out 0.015 spills+carry 0.000 total 0.383 s
dist_mn node 1: 10066329 x 8388608 limbs over 2 x 4 ranks (cap 2^25): 1 x 1 pieces, 1 formed, 0 skipped (low product) (low cut) (cache 0 slots: 0 hits, 0 misses)
dist_mn node 0: 10066329 + 8388608 limbs -> 18454936 (share 9227468): redistribute 0.025 ntt 0.353 crt 0.001 out 0.014 spills+carry 0.000, total 0.383 s
dist_mn node 1: 10066329 + 8388608 limbs -> 18454936 (share 9227468): redistribute 0.029 ntt 0.351 crt 0.001 out 0.015 spills+carry 0.000, total 0.383 s
dist_mn node 1: 10066329 x 8388608 limbs over 2 x 4 ranks (cap 2^25): 1 x 1 pieces, 0 formed, 1 skipped (low cut) (cache 0 slots: 0 hits, 0 misses)
dist_mn node 0: 10066329 x 8388608 limbs over 2 x 4 ranks (cap 2^25): 1 x 1 pieces, 0 formed, 1 skipped (low cut) (cache 0 slots: 0 hits, 0 misses)
dist_mn node 1: 10066329 + 8388608 limbs -> 0 (share 9227469): redistribute 0.000 ntt 0.000 crt 0.000 out 0.000 spills+carry 0.000, total 0.000 s
dist_mn node 0: 10066329 + 8388608 limbs -> 0 (share 9227468): redistribute 0.000 ntt 0.000 crt 0.000 out 0.000 spills+carry 0.000, total 0.003 s
mdev 3*2^23 (18454937 limbs): repack 0.015 h2d 0.001 fwd 0.002 inv 0.001 d2h 0.014 crt 0.006 total 0.035 s
mdev 3*2^23 (18454937 limbs): repack 0.028 h2d 0.001 fwd 0.002 inv 0.001 d2h 0.013 crt 0.008 total 0.047 s
dist_mn node 0: 10066329 x 8388608 limbs over 2 x 4 ranks (cap 2^25): 1 x 1 pieces, 0 formed, 1 skipped (low product) (low cut) (cache 0 slots: 0 hits, 0 misses)
dist_mn node 1: 10066329 x 8388608 limbs over 2 x 4 ranks (cap 2^25): 1 x 1 pieces, 0 formed, 1 skipped (low product) (low cut) (cache 0 slots: 0 hits, 0 misses)
dist_mn node 1: 10066329 + 8388608 limbs -> 0 (share 9227468): redistribute 0.000 ntt 0.000 crt 0.000 out 0.000 spills+carry 0.000, total 0.000 s
dist_mn node 0: 10066329 + 8388608 limbs -> 0 (share 9227468): redistribute 0.000 ntt 0.000 crt 0.000 out 0.000 spills+carry 0.000, total 0.000 s
mdev 3*2^23 (18454937 limbs): repack 0.016 h2d 0.001 fwd 0.002 inv 0.001 d2h 0.020 crt 0.008 total 0.043 s
mdev 3*2^23 (18454937 limbs): repack 0.024 h2d 0.001 fwd 0.002 inv 0.001 d2h 0.039 crt 0.005 total 0.070 s
   transform cache: 2 of 2 slots of 0.1 GiB per APU allocated in 0.05 s (margin 24 GB)
   transform cache: 2 of 2 slots of 0.1 GiB per APU allocated in 0.05 s (margin 24 GB)
dist_mn node 0: 2^25 = 2^12 x 2^13 over 2 x 4 ranks (rows 512..512; 10066329 + 8388608 limbs at 0, window [0, 9227468) of share [0, 9227468)): redistribute 0.015 ntt 0.296 crt 0.000 out 0.017 spills+carry 0.001 total 0.325 s [B cached]
dist_mn node 0: 10066329 x 8388608 limbs over 2 x 4 ranks (cap 2^25): 1 x 1 pieces, 1 formed, 0 skipped (cache 2 slots: 0 hits, 1 misses)
dist_mn node 1: 2^25 = 2^12 x 2^13 over 2 x 4 ranks (rows 512..512; 10066329 + 8388608 limbs at 0, window [9227468, 18454937) of share [9227468, 18454937)): redistribute 0.017 ntt 0.297 crt 0.000 out 0.016 spills+carry 0.001 total 0.325 s [B cached]
dist_mn node 1: 10066329 x 8388608 limbs over 2 x 4 ranks (cap 2^25): 1 x 1 pieces, 1 formed, 0 skipped (cache 2 slots: 0 hits, 1 misses)
dist_mn node 0: 10066329 + 8388608 limbs -> 18454937 (share 9227468): redistribute 0.015 ntt 0.296 crt 0.000 out 0.017 spills+carry 0.001, total 0.447 s
dist_mn node 1: 10066329 + 8388608 limbs -> 18454937 (share 9227469): redistribute 0.017 ntt 0.297 crt 0.000 out 0.016 spills+carry 0.001, total 0.375 s
dist_mn node 0: 2^25 = 2^12 x 2^13 over 2 x 4 ranks (rows 512..512; 10066329 + 8388608 limbs at 0, window [0, 9227468) of share [0, 9227468)): redistribute 0.009 ntt 0.230 crt 0.000 out 0.011 spills+carry 0.000 total 0.249 s [B hit]
dist_mn node 0: 10066329 x 8388608 limbs over 2 x 4 ranks (cap 2^25): 1 x 1 pieces, 1 formed, 0 skipped (low product) (cache 0 slots: 1 hits, 1 misses)
dist_mn node 1: 2^25 = 2^12 x 2^13 over 2 x 4 ranks (rows 512..512; 10066329 + 8388608 limbs at 0, window [9227468, 18454936) of share [9227468, 18454936)): redistribute 0.011 ntt 0.228 crt 0.000 out 0.013 spills+carry 0.000 total 0.249 s [B hit]
dist_mn node 1: 10066329 x 8388608 limbs over 2 x 4 ranks (cap 2^25): 1 x 1 pieces, 1 formed, 0 skipped (low product) (cache 0 slots: 1 hits, 1 misses)
dist_mn node 0: 10066329 + 8388608 limbs -> 18454936 (share 9227468): redistribute 0.009 ntt 0.230 crt 0.000 out 0.011 spills+carry 0.000, total 0.250 s
dist_mn node 1: 10066329 + 8388608 limbs -> 18454936 (share 9227468): redistribute 0.011 ntt 0.228 crt 0.000 out 0.013 spills+carry 0.000, total 0.250 s
dist_mn node 0: 2^24 = 2^12 x 2^12 over 2 x 4 ranks (rows 512..512; 5033164 + 8388601 limbs at 0, window [0, 6710882) of share [0, 6710882)): redistribute 0.012 ntt 0.220 crt 0.000 out 0.009 spills+carry 0.000 total 0.291 s
dist_mn node 0: 5033164 x 8388601 limbs over 2 x 4 ranks (cap 2^25): 1 x 1 pieces, 1 formed, 0 skipped (cache 0 slots: 0 hits, 0 misses)
dist_mn node 1: 2^24 = 2^12 x 2^12 over 2 x 4 ranks (rows 512..512; 5033164 + 8388601 limbs at 0, window [6710882, 13421765) of share [6710882, 13421765)): redistribute 0.033 ntt 0.222 crt 0.000 out 0.010 spills+carry 0.000 total 0.291 s
dist_mn node 1: 5033164 x 8388601 limbs over 2 x 4 ranks (cap 2^25): 1 x 1 pieces, 1 formed, 0 skipped (cache 0 slots: 0 hits, 0 misses)
dist_mn node 0: 5033164 + 8388601 limbs -> 13421765 (share 6710882): redistribute 0.012 ntt 0.220 crt 0.000 out 0.009 spills+carry 0.000, total 0.291 s
dist_mn node 1: 5033164 + 8388601 limbs -> 13421765 (share 6710883): redistribute 0.033 ntt 0.222 crt 0.000 out 0.010 spills+carry 0.000, total 0.291 s
mdev 2^24 (13421765 limbs): repack 0.023 h2d 0.000 fwd 0.002 inv 0.001 d2h 0.022 crt 0.013 total 0.052 s
mdev 2^24 (13421765 limbs): repack 0.024 h2d 0.001 fwd 0.003 inv 0.002 d2h 0.029 crt 0.014 total 0.059 s
dist_mn node 0: 2^24 = 2^12 x 2^12 over 2 x 4 ranks (rows 512..512; 5033164 + 8388601 limbs at 0, window [0, 2516583) of share [0, 2516583)): redistribute 0.018 ntt 0.203 crt 0.000 out 0.005 spills+carry 0.000 total 0.224 s
dist_mn node 0: 5033164 x 8388601 limbs over 2 x 4 ranks (cap 2^25): 1 x 1 pieces, 1 formed, 0 skipped (low product) (cache 0 slots: 0 hits, 0 misses)
dist_mn node 1: 2^24 = 2^12 x 2^12 over 2 x 4 ranks (rows 512..512; 5033164 + 8388601 limbs at 0, window [2516583, 5033167) of share [2516583, 5033167)): redistribute 0.011 ntt 0.204 crt 0.000 out 0.005 spills+carry 0.000 total 0.216 s
dist_mn node 1: 5033164 x 8388601 limbs over 2 x 4 ranks (cap 2^25): 1 x 1 pieces, 1 formed, 0 skipped (low product) (cache 0 slots: 0 hits, 0 misses)
dist_mn node 0: 5033164 + 8388601 limbs -> 5033167 (share 2516583): redistribute 0.018 ntt 0.203 crt 0.000 out 0.005 spills+carry 0.000, total 0.225 s
dist_mn node 1: 5033164 + 8388601 limbs -> 5033167 (share 2516584): redistribute 0.011 ntt 0.204 crt 0.000 out 0.005 spills+carry 0.000, total 0.217 s
dist_mn node 0: 2^25 = 2^12 x 2^13 over 2 x 4 ranks (rows 512..512; 10066329 + 8388608 + x limbs at 0, window [0, 9227469) of share [0, 9227469)): redistribute 0.043 ntt 0.353 crt 0.000 out 0.014 spills+carry 0.001 total 0.450 s
dist_mn node 0: 10066329 x 8388608 limbs over 2 x 4 ranks (cap 2^25): 1 x 1 pieces, 1 formed, 0 skipped (cache 0 slots: 0 hits, 0 misses)
dist_mn node 1: 2^25 = 2^12 x 2^13 over 2 x 4 ranks (rows 512..512; 10066329 + 8388608 + x limbs at 0, window [9227469, 18454938) of share [9227469, 18454938)): redistribute 0.040 ntt 0.356 crt 0.000 out 0.015 spills+carry 0.001 total 0.448 s
dist_mn node 1: 10066329 x 8388608 limbs over 2 x 4 ranks (cap 2^25): 1 x 1 pieces, 1 formed, 0 skipped (cache 0 slots: 0 hits, 0 misses)
dist_mn node 0: 10066329 + 8388608 + x limbs -> 18454937 (share 9227469): redistribute 0.043 ntt 0.353 crt 0.000 out 0.014 spills+carry 0.001, total 0.451 s
dist_mn node 1: 10066329 + 8388608 + x limbs -> 18454937 (share 9227469): redistribute 0.040 ntt 0.356 crt 0.000 out 0.015 spills+carry 0.001, total 0.449 s
mdb_add_shifted node 0: 8388605 limbs at 0 into a basis of 18454938 (my window [0, 8388605), 1 rounds of 2097152; slabs 2097151 + 2097151 limbs per APU 0): 0.044 s
mdb_add_shifted node 1: 8388605 limbs at 0 into a basis of 18454938 (my window [9227469, 9227469), 1 rounds of 2097152; slabs 0 + 0 limbs per APU 0): 0.016 s
mdb_add_shifted node 1: 8388605 limbs at 7 into a basis of 18454938 (my window [9227469, 9227469), 1 rounds of 2097152; slabs 0 + 0 limbs per APU 0): 0.017 s
mdb_add_shifted node 0: 8388605 limbs at 7 into a basis of 18454938 (my window [7, 8388612), 1 rounds of 2097152; slabs 2097151 + 2097151 limbs per APU 0): 0.026 s
mdb_add_shifted node 1: 8388605 limbs at 5033164 into a basis of 18454938 (my window [9227469, 13421769), 1 rounds of 1048592; slabs 1048575 + 1048575 limbs per APU 0): 0.007 s
mdb_add_shifted node 0: 8388605 limbs at 5033164 into a basis of 18454938 (my window [5033164, 9227469), 1 rounds of 1048592; slabs 1048576 + 1048576 limbs per APU 0): 0.024 s
mdb_add_shifted node 0: 8388605 limbs at 10066329 into a basis of 18454938 (my window [10066329, 10066329), 1 rounds of 2097152; slabs 2097151 + 0 limbs per APU 0): 0.042 s
mdb_add_shifted node 1: 8388605 limbs at 10066329 into a basis of 18454938 (my window [10066329, 18454934), 1 rounds of 2097152; slabs 0 + 2097151 limbs per APU 0): 0.039 s
dist_mn node 0: 2^25 = 2^12 x 2^13 over 2 x 4 ranks (rows 512..512; 10066329 + 8388608 limbs at 0, window [0, 9227468) of share [0, 9227468)): redistribute 0.022 ntt 0.362 crt 0.000 out 0.015 spills+carry 0.001 total 0.391 s
dist_mn node 0: 10066329 x 8388608 limbs over 2 x 4 ranks (cap 2^25): 1 x 1 pieces, 1 formed, 0 skipped (cache 0 slots: 0 hits, 0 misses)
dist_mn node 1: 2^25 = 2^12 x 2^13 over 2 x 4 ranks (rows 512..512; 10066329 + 8388608 limbs at 0, window [9227468, 18454937) of share [9227468, 18454937)): redistribute 0.084 ntt 0.361 crt 0.000 out 0.016 spills+carry 0.002 total 0.456 s
dist_mn node 1: 10066329 x 8388608 limbs over 2 x 4 ranks (cap 2^25): 1 x 1 pieces, 1 formed, 0 skipped (cache 0 slots: 0 hits, 0 misses)
dist_mn node 1: 10066329 + 8388608 limbs -> 18454937 (share 9227469): redistribute 0.084 ntt 0.361 crt 0.000 out 0.016 spills+carry 0.002, total 0.457 s
dist_mn node 0: 10066329 + 8388608 limbs -> 18454937 (share 9227468): redistribute 0.022 ntt 0.362 crt 0.000 out 0.015 spills+carry 0.001, total 0.393 s
mdev 3*2^23 (18454937 limbs): repack 0.024 h2d 0.001 fwd 0.003 inv 0.003 d2h 0.041 crt 0.014 total 0.074 s
mdev 3*2^23 (18454937 limbs): repack 0.029 h2d 0.001 fwd 0.004 inv 0.002 d2h 0.040 crt 0.015 total 0.074 s
dist_mn node 0: 2^25 = 2^12 x 2^13 over 2 x 4 ranks (rows 512..512; 10066329 + 8388608 + x limbs at 0, window [0, 9227469) of share [0, 9227469)): redistribute 0.030 ntt 0.289 crt 0.000 out 0.013 spills+carry 0.001 total 0.314 s
dist_mn node 0: 10066329 x 8388608 limbs over 2 x 4 ranks (cap 2^25): 1 x 1 pieces, 1 formed, 0 skipped (cache 0 slots: 0 hits, 0 misses)
dist_mn node 1: 2^25 = 2^12 x 2^13 over 2 x 4 ranks (rows 512..512; 10066329 + 8388608 + x limbs at 0, window [9227469, 18454938) of share [9227469, 18454938)): redistribute 0.034 ntt 0.288 crt 0.000 out 0.015 spills+carry 0.002 total 0.318 s
dist_mn node 1: 10066329 x 8388608 limbs over 2 x 4 ranks (cap 2^25): 1 x 1 pieces, 1 formed, 0 skipped (cache 0 slots: 0 hits, 0 misses)
dist_mn node 1: 10066329 + 8388608 + x limbs -> 18454937 (share 9227469): redistribute 0.034 ntt 0.288 crt 0.000 out 0.015 spills+carry 0.002, total 0.319 s
dist_mn node 0: 10066329 + 8388608 + x limbs -> 18454937 (share 9227469): redistribute 0.030 ntt 0.289 crt 0.000 out 0.013 spills+carry 0.001, total 0.315 s
dist_mn node 0: 2^25 = 2^12 x 2^13 over 2 x 4 ranks (rows 512..512; 10066329 + 8388608 limbs at 0, window [0, 5033165) of share [0, 5033165)): redistribute 0.032 ntt 0.363 crt 0.000 out 0.006 spills+carry 0.003 total 0.385 s
dist_mn node 0: 10066329 x 8388608 limbs over 2 x 4 ranks (cap 2^25): 1 x 1 pieces, 1 formed, 0 skipped (low product) (cache 0 slots: 0 hits, 0 misses)
dist_mn node 1: 2^25 = 2^12 x 2^13 over 2 x 4 ranks (rows 512..512; 10066329 + 8388608 limbs at 0, window [5033165, 10066331) of share [5033165, 10066331)): redistribute 0.029 ntt 0.362 crt 0.000 out 0.009 spills+carry 0.003 total 0.385 s
dist_mn node 1: 10066329 x 8388608 limbs over 2 x 4 ranks (cap 2^25): 1 x 1 pieces, 1 formed, 0 skipped (low product) (cache 0 slots: 0 hits, 0 misses)
dist_mn node 1: 10066329 + 8388608 limbs -> 10066331 (share 5033166): redistribute 0.029 ntt 0.362 crt 0.000 out 0.009 spills+carry 0.003, total 0.385 s
dist_mn node 0: 10066329 + 8388608 limbs -> 10066331 (share 5033165): redistribute 0.032 ntt 0.363 crt 0.000 out 0.006 spills+carry 0.003, total 0.385 s
dist_mn node 0: 2^24 = 2^12 x 2^12 over 2 x 4 ranks (rows 512..512; 5033165 + 5033165 limbs at 0, window [0, 2516582) of share [0, 2516582)): redistribute 0.013 ntt 0.243 crt 0.000 out 0.005 spills+carry 0.002 total 0.303 s
dist_mn node 0: 5033165 x 5033165 limbs over 2 x 4 ranks (cap 2^25): 1 x 1 pieces, 1 formed, 0 skipped (low product) (cache 0 slots: 0 hits, 0 misses)
dist_mn node 1: 2^24 = 2^12 x 2^12 over 2 x 4 ranks (rows 512..512; 5033165 + 5033165 limbs at 0, window [2516582, 5033165) of share [2516582, 5033165)): redistribute 0.057 ntt 0.244 crt 0.000 out 0.005 spills+carry 0.002 total 0.301 s
dist_mn node 1: 5033165 x 5033165 limbs over 2 x 4 ranks (cap 2^25): 1 x 1 pieces, 1 formed, 0 skipped (low product) (cache 0 slots: 0 hits, 0 misses)
dist_mn node 1: 5033165 + 5033165 limbs -> 1 (share 2516583): redistribute 0.057 ntt 0.244 crt 0.000 out 0.005 spills+carry 0.002, total 0.302 s
dist_mn node 0: 5033165 + 5033165 limbs -> 1 (share 2516582): redistribute 0.013 ntt 0.243 crt 0.000 out 0.005 spills+carry 0.002, total 0.304 s
dist_mn node 0: 2^25 = 2^12 x 2^13 over 2 x 4 ranks (rows 512..512; 10066329 + 8388608 limbs at 0, window [0, 9227468) of share [0, 9227468)): redistribute 0.018 ntt 0.365 crt 0.000 out 0.013 spills+carry 0.002 total 0.453 s
dist_mn node 0: 10066329 x 8388608 limbs over 2 x 4 ranks (cap 2^25): 1 x 1 pieces, 1 formed, 0 skipped (low product) (cache 0 slots: 0 hits, 0 misses)
dist_mn node 1: 2^25 = 2^12 x 2^13 over 2 x 4 ranks (rows 512..512; 10066329 + 8388608 limbs at 0, window [9227468, 18454936) of share [9227468, 18454936)): redistribute 0.045 ntt 0.364 crt 0.000 out 0.014 spills+carry 0.002 total 0.454 s
dist_mn node 1: 10066329 x 8388608 limbs over 2 x 4 ranks (cap 2^25): 1 x 1 pieces, 1 formed, 0 skipped (low product) (cache 0 slots: 0 hits, 0 misses)
dist_mn node 0: 10066329 + 8388608 limbs -> 18454936 (share 9227468): redistribute 0.018 ntt 0.365 crt 0.000 out 0.013 spills+carry 0.002, total 0.454 s
dist_mn node 1: 10066329 + 8388608 limbs -> 18454936 (share 9227468): redistribute 0.045 ntt 0.364 crt 0.000 out 0.014 spills+carry 0.002, total 0.454 s
dist_mn node 0: 2^25 = 2^12 x 2^13 over 2 x 4 ranks (rows 512..512; 10066329 + 8388608 limbs at 0, window [0, 9227468) of share [0, 9227468)): redistribute 0.036 ntt 0.369 crt 0.000 out 0.017 spills+carry 0.001 total 0.398 s
dist_mn node 0: 10066329 x 8388608 limbs over 2 x 4 ranks (cap 2^25): 1 x 1 pieces, 1 formed, 0 skipped (low cut) (cache 0 slots: 0 hits, 0 misses)
dist_mn node 1: 2^25 = 2^12 x 2^13 over 2 x 4 ranks (rows 512..512; 10066329 + 8388608 limbs at 0, window [9227468, 18454937) of share [9227468, 18454937)): redistribute 0.030 ntt 0.366 crt 0.000 out 0.015 spills+carry 0.002 total 0.394 s
dist_mn node 1: 10066329 x 8388608 limbs over 2 x 4 ranks (cap 2^25): 1 x 1 pieces, 1 formed, 0 skipped (low cut) (cache 0 slots: 0 hits, 0 misses)
dist_mn node 0: 10066329 + 8388608 limbs -> 18454937 (share 9227468): redistribute 0.036 ntt 0.369 crt 0.000 out 0.017 spills+carry 0.001, total 0.398 s
dist_mn node 1: 10066329 + 8388608 limbs -> 18454937 (share 9227469): redistribute 0.030 ntt 0.366 crt 0.000 out 0.015 spills+carry 0.002, total 0.398 s
dist_mn node 0: 2^25 = 2^12 x 2^13 over 2 x 4 ranks (rows 512..512; 10066329 + 8388608 limbs at 0, window [0, 9227468) of share [0, 9227468)): redistribute 0.028 ntt 0.377 crt 0.001 out 0.018 spills+carry 0.002 total 0.413 s
dist_mn node 0: 10066329 x 8388608 limbs over 2 x 4 ranks (cap 2^25): 1 x 1 pieces, 1 formed, 0 skipped (low product) (low cut) (cache 0 slots: 0 hits, 0 misses)
dist_mn node 1: 2^25 = 2^12 x 2^13 over 2 x 4 ranks (rows 512..512; 10066329 + 8388608 limbs at 0, window [9227468, 18454936) of share [9227468, 18454936)): redistribute 0.027 ntt 0.374 crt 0.001 out 0.018 spills+carry 0.002 total 0.412 s
dist_mn node 1: 10066329 x 8388608 limbs over 2 x 4 ranks (cap 2^25): 1 x 1 pieces, 1 formed, 0 skipped (low product) (low cut) (cache 0 slots: 0 hits, 0 misses)
dist_mn node 0: 10066329 + 8388608 limbs -> 18454936 (share 9227468): redistribute 0.028 ntt 0.377 crt 0.001 out 0.018 spills+carry 0.002, total 0.413 s
dist_mn node 1: 10066329 + 8388608 limbs -> 18454936 (share 9227468): redistribute 0.027 ntt 0.374 crt 0.001 out 0.018 spills+carry 0.002, total 0.413 s
dist_mn node 0: 2^25 = 2^12 x 2^13 over 2 x 4 ranks (rows 512..512; 10066329 + 8388608 limbs at 0, window [0, 9227468) of share [0, 9227468)): redistribute 0.028 ntt 0.374 crt 0.000 out 0.017 spills+carry 0.002 total 0.407 s
dist_mn node 0: 10066329 x 8388608 limbs over 2 x 4 ranks (cap 2^25): 1 x 1 pieces, 1 formed, 0 skipped (low cut) (cache 0 slots: 0 hits, 0 misses)
dist_mn node 1: 2^25 = 2^12 x 2^13 over 2 x 4 ranks (rows 512..512; 10066329 + 8388608 limbs at 0, window [9227468, 18454937) of share [9227468, 18454937)): redistribute 0.024 ntt 0.376 crt 0.000 out 0.020 spills+carry 0.001 total 0.407 s
dist_mn node 1: 10066329 x 8388608 limbs over 2 x 4 ranks (cap 2^25): 1 x 1 pieces, 1 formed, 0 skipped (low cut) (cache 0 slots: 0 hits, 0 misses)
dist_mn node 0: 10066329 + 8388608 limbs -> 18454937 (share 9227468): redistribute 0.028 ntt 0.374 crt 0.000 out 0.017 spills+carry 0.002, total 0.408 s
dist_mn node 1: 10066329 + 8388608 limbs -> 18454937 (share 9227469): redistribute 0.024 ntt 0.376 crt 0.000 out 0.020 spills+carry 0.001, total 0.408 s
dist_mn node 0: 2^25 = 2^12 x 2^13 over 2 x 4 ranks (rows 512..512; 10066329 + 8388608 limbs at 0, window [0, 9227468) of share [0, 9227468)): redistribute 0.030 ntt 0.387 crt 0.001 out 0.019 spills+carry 0.002 total 0.417 s
dist_mn node 0: 10066329 x 8388608 limbs over 2 x 4 ranks (cap 2^25): 1 x 1 pieces, 1 formed, 0 skipped (low product) (low cut) (cache 0 slots: 0 hits, 0 misses)
dist_mn node 1: 2^25 = 2^12 x 2^13 over 2 x 4 ranks (rows 512..512; 10066329 + 8388608 limbs at 0, window [9227468, 18454936) of share [9227468, 18454936)): redistribute 0.029 ntt 0.385 crt 0.001 out 0.018 spills+carry 0.002 total 0.417 s
dist_mn node 1: 10066329 x 8388608 limbs over 2 x 4 ranks (cap 2^25): 1 x 1 pieces, 1 formed, 0 skipped (low product) (low cut) (cache 0 slots: 0 hits, 0 misses)
dist_mn node 0: 10066329 + 8388608 limbs -> 18454936 (share 9227468): redistribute 0.030 ntt 0.387 crt 0.001 out 0.019 spills+carry 0.002, total 0.417 s
dist_mn node 1: 10066329 + 8388608 limbs -> 18454936 (share 9227468): redistribute 0.029 ntt 0.385 crt 0.001 out 0.018 spills+carry 0.002, total 0.417 s
dist_mn node 0: 10066329 x 8388608 limbs over 2 x 4 ranks (cap 2^25): 1 x 1 pieces, 0 formed, 1 skipped (low cut) (cache 0 slots: 0 hits, 0 misses)
dist_mn node 1: 10066329 x 8388608 limbs over 2 x 4 ranks (cap 2^25): 1 x 1 pieces, 0 formed, 1 skipped (low cut) (cache 0 slots: 0 hits, 0 misses)
dist_mn node 0: 10066329 + 8388608 limbs -> 0 (share 9227468): redistribute 0.000 ntt 0.000 crt 0.000 out 0.000 spills+carry 0.000, total 0.000 s
dist_mn node 1: 10066329 + 8388608 limbs -> 0 (share 9227469): redistribute 0.000 ntt 0.000 crt 0.000 out 0.000 spills+carry 0.000, total 0.000 s
mdev 3*2^23 (18454937 limbs): repack 0.016 h2d 0.001 fwd 0.002 inv 0.001 d2h 0.022 crt 0.017 total 0.045 s
mdev 3*2^23 (18454937 limbs): repack 0.022 h2d 0.001 fwd 0.002 inv 0.001 d2h 0.021 crt 0.019 total 0.050 s
dist_mn node 0: 10066329 x 8388608 limbs over 2 x 4 ranks (cap 2^25): 1 x 1 pieces, 0 formed, 1 skipped (low product) (low cut) (cache 0 slots: 0 hits, 0 misses)
dist_mn node 1: 10066329 x 8388608 limbs over 2 x 4 ranks (cap 2^25): 1 x 1 pieces, 0 formed, 1 skipped (low product) (low cut) (cache 0 slots: 0 hits, 0 misses)
dist_mn node 0: 10066329 + 8388608 limbs -> 0 (share 9227468): redistribute 0.000 ntt 0.000 crt 0.000 out 0.000 spills+carry 0.000, total 0.000 s
dist_mn node 1: 10066329 + 8388608 limbs -> 0 (share 9227468): redistribute 0.000 ntt 0.000 crt 0.000 out 0.000 spills+carry 0.000, total 0.000 s
mdev 3*2^23 (18454937 limbs): repack 0.028 h2d 0.001 fwd 0.005 inv 0.002 d2h 0.040 crt 0.028 total 0.081 s
mdev 3*2^23 (18454937 limbs): repack 0.030 h2d 0.001 fwd 0.003 inv 0.003 d2h 0.059 crt 0.011 total 0.096 s
dist_mn node 0: 2^25 = 2^12 x 2^13 over 2 x 4 ranks (rows 512..512; 10066329 + 8388608 limbs at 0, window [0, 9227468) of share [0, 9227468)): redistribute 0.012 ntt 0.260 crt 0.001 out 0.020 spills+carry 0.001 total 0.293 s [B cached]
dist_mn node 0: 10066329 x 8388608 limbs over 2 x 4 ranks (cap 2^25): 1 x 1 pieces, 1 formed, 0 skipped (cache 2 slots: 0 hits, 1 misses)
dist_mn node 1: 2^25 = 2^12 x 2^13 over 2 x 4 ranks (rows 512..512; 10066329 + 8388608 limbs at 0, window [9227468, 18454937) of share [9227468, 18454937)): redistribute 0.012 ntt 0.261 crt 0.001 out 0.020 spills+carry 0.001 total 0.293 s [B cached]
dist_mn node 1: 10066329 x 8388608 limbs over 2 x 4 ranks (cap 2^25): 1 x 1 pieces, 1 formed, 0 skipped (cache 2 slots: 0 hits, 1 misses)
dist_mn node 0: 10066329 + 8388608 limbs -> 18454937 (share 9227468): redistribute 0.012 ntt 0.260 crt 0.001 out 0.020 spills+carry 0.001, total 0.294 s
dist_mn node 1: 10066329 + 8388608 limbs -> 18454937 (share 9227469): redistribute 0.012 ntt 0.261 crt 0.001 out 0.020 spills+carry 0.001, total 0.329 s
dist_mn node 0: 2^25 = 2^12 x 2^13 over 2 x 4 ranks (rows 512..512; 10066329 + 8388608 limbs at 0, window [0, 9227468) of share [0, 9227468)): redistribute 0.010 ntt 0.281 crt 0.000 out 0.014 spills+carry 0.001 total 0.306 s [B hit]
dist_mn node 0: 10066329 x 8388608 limbs over 2 x 4 ranks (cap 2^25): 1 x 1 pieces, 1 formed, 0 skipped (low product) (cache 0 slots: 1 hits, 1 misses)
dist_mn node 1: 2^25 = 2^12 x 2^13 over 2 x 4 ranks (rows 512..512; 10066329 + 8388608 limbs at 0, window [9227468, 18454936) of share [9227468, 18454936)): redistribute 0.012 ntt 0.282 crt 0.000 out 0.014 spills+carry 0.002 total 0.306 s [B hit]
dist_mn node 1: 10066329 x 8388608 limbs over 2 x 4 ranks (cap 2^25): 1 x 1 pieces, 1 formed, 0 skipped (low product) (cache 0 slots: 1 hits, 1 misses)
dist_mn node 1: 10066329 + 8388608 limbs -> 18454936 (share 9227468): redistribute 0.012 ntt 0.282 crt 0.000 out 0.014 spills+carry 0.002, total 0.306 s
dist_mn node 0: 10066329 + 8388608 limbs -> 18454936 (share 9227468): redistribute 0.010 ntt 0.281 crt 0.000 out 0.014 spills+carry 0.001, total 0.306 s
dist_mn node 0: 2^24 = 2^12 x 2^12 over 2 x 4 ranks (rows 512..512; 5033164 + 8388601 limbs at 0, window [0, 6710882) of share [0, 6710882)): redistribute 0.014 ntt 0.218 crt 0.000 out 0.010 spills+carry 0.001 total 0.293 s
dist_mn node 0: 5033164 x 8388601 limbs over 2 x 4 ranks (cap 2^25): 1 x 1 pieces, 1 formed, 0 skipped (cache 0 slots: 0 hits, 0 misses)
dist_mn node 1: 2^24 = 2^12 x 2^12 over 2 x 4 ranks (rows 512..512; 5033164 + 8388601 limbs at 0, window [6710882, 13421765) of share [6710882, 13421765)): redistribute 0.034 ntt 0.219 crt 0.000 out 0.010 spills+carry 0.001 total 0.293 s
dist_mn node 1: 5033164 x 8388601 limbs over 2 x 4 ranks (cap 2^25): 1 x 1 pieces, 1 formed, 0 skipped (cache 0 slots: 0 hits, 0 misses)
dist_mn node 0: 5033164 + 8388601 limbs -> 13421765 (share 6710882): redistribute 0.014 ntt 0.218 crt 0.000 out 0.010 spills+carry 0.001, total 0.293 s
dist_mn node 1: 5033164 + 8388601 limbs -> 13421765 (share 6710883): redistribute 0.034 ntt 0.219 crt 0.000 out 0.010 spills+carry 0.001, total 0.293 s
mdev 2^24 (13421765 limbs): repack 0.023 h2d 0.001 fwd 0.002 inv 0.001 d2h 0.018 crt 0.006 total 0.046 s
mdev 2^24 (13421765 limbs): repack 0.019 h2d 0.001 fwd 0.002 inv 0.001 d2h 0.028 crt 0.018 total 0.052 s
dist_mn node 0: 2^24 = 2^12 x 2^12 over 2 x 4 ranks (rows 512..512; 5033164 + 8388601 limbs at 0, window [0, 2516583) of share [0, 2516583)): redistribute 0.013 ntt 0.208 crt 0.000 out 0.005 spills+carry 0.002 total 0.222 s
dist_mn node 0: 5033164 x 8388601 limbs over 2 x 4 ranks (cap 2^25): 1 x 1 pieces, 1 formed, 0 skipped (low product) (cache 0 slots: 0 hits, 0 misses)
dist_mn node 1: 2^24 = 2^12 x 2^12 over 2 x 4 ranks (rows 512..512; 5033164 + 8388601 limbs at 0, window [2516583, 5033167) of share [2516583, 5033167)): redistribute 0.015 ntt 0.208 crt 0.000 out 0.005 spills+carry 0.002 total 0.225 s
dist_mn node 1: 5033164 x 8388601 limbs over 2 x 4 ranks (cap 2^25): 1 x 1 pieces, 1 formed, 0 skipped (low product) (cache 0 slots: 0 hits, 0 misses)
dist_mn node 0: 5033164 + 8388601 limbs -> 5033167 (share 2516583): redistribute 0.013 ntt 0.208 crt 0.000 out 0.005 spills+carry 0.002, total 0.225 s
dist_mn node 1: 5033164 + 8388601 limbs -> 5033167 (share 2516584): redistribute 0.015 ntt 0.208 crt 0.000 out 0.005 spills+carry 0.002, total 0.226 s
dist_mn node 0: 2^25 = 2^12 x 2^13 over 2 x 4 ranks (rows 512..512; 10066329 + 8388608 + x limbs at 0, window [0, 9227469) of share [0, 9227469)): redistribute 0.031 ntt 0.360 crt 0.000 out 0.013 spills+carry 0.002 total 0.447 s
dist_mn node 0: 10066329 x 8388608 limbs over 2 x 4 ranks (cap 2^25): 1 x 1 pieces, 1 formed, 0 skipped (cache 0 slots: 0 hits, 0 misses)
dist_mn node 1: 2^25 = 2^12 x 2^13 over 2 x 4 ranks (rows 512..512; 10066329 + 8388608 + x limbs at 0, window [9227469, 18454938) of share [9227469, 18454938)): redistribute 0.040 ntt 0.361 crt 0.000 out 0.012 spills+carry 0.001 total 0.441 s
dist_mn node 1: 10066329 x 8388608 limbs over 2 x 4 ranks (cap 2^25): 1 x 1 pieces, 1 formed, 0 skipped (cache 0 slots: 0 hits, 0 misses)
dist_mn node 0: 10066329 + 8388608 + x limbs -> 18454937 (share 9227469): redistribute 0.031 ntt 0.360 crt 0.000 out 0.013 spills+carry 0.002, total 0.448 s
dist_mn node 1: 10066329 + 8388608 + x limbs -> 18454937 (share 9227469): redistribute 0.040 ntt 0.361 crt 0.000 out 0.012 spills+carry 0.001, total 0.442 s
mdb_add_shifted node 0: 8388605 limbs at 0 into a basis of 18454938 (my window [0, 8388605), 1 rounds of 2097152; slabs 2097151 + 2097151 limbs per APU 0): 0.016 s
mdb_add_shifted node 1: 8388605 limbs at 0 into a basis of 18454938 (my window [9227469, 9227469), 1 rounds of 2097152; slabs 0 + 0 limbs per APU 0): 0.020 s
mdb_add_shifted node 0: 8388605 limbs at 7 into a basis of 18454938 (my window [7, 8388612), 1 rounds of 2097152; slabs 2097151 + 2097151 limbs per APU 0): 0.023 s
mdb_add_shifted node 1: 8388605 limbs at 7 into a basis of 18454938 (my window [9227469, 9227469), 1 rounds of 2097152; slabs 0 + 0 limbs per APU 0): 0.023 s
mdb_add_shifted node 0: 8388605 limbs at 5033164 into a basis of 18454938 (my window [5033164, 9227469), 1 rounds of 1048592; slabs 1048576 + 1048576 limbs per APU 0): 0.010 s
mdb_add_shifted node 1: 8388605 limbs at 5033164 into a basis of 18454938 (my window [9227469, 13421769), 1 rounds of 1048592; slabs 1048575 + 1048575 limbs per APU 0): 0.015 s
mdb_add_shifted node 0: 8388605 limbs at 10066329 into a basis of 18454938 (my window [10066329, 10066329), 1 rounds of 2097152; slabs 2097151 + 0 limbs per APU 0): 0.027 s
mdb_add_shifted node 1: 8388605 limbs at 10066329 into a basis of 18454938 (my window [10066329, 18454934), 1 rounds of 2097152; slabs 0 + 2097151 limbs per APU 0): 0.034 s
dbig pool: APU0 hipMalloc 0.04 GB inside the phase (free 0.11 GB in 12 extents, largest 0.03; live 0.07 GB in 16 blocks)
dbig pool: APU1 hipMalloc 0.04 GB inside the phase (free 0.11 GB in 12 extents, largest 0.03; live 0.07 GB in 17 blocks)
dbig pool: APU2 hipMalloc 0.04 GB inside the phase (free 0.11 GB in 12 extents, largest 0.03; live 0.07 GB in 18 blocks)
dbig pool: APU3 hipMalloc 0.04 GB inside the phase (free 0.11 GB in 12 extents, largest 0.03; live 0.07 GB in 19 blocks)
dbig pool: APU0 hipMalloc 0.04 GB inside the phase (free 0.11 GB in 12 extents, largest 0.03; live 0.07 GB in 16 blocks)
dbig pool: APU1 hipMalloc 0.04 GB inside the phase (free 0.11 GB in 12 extents, largest 0.03; live 0.07 GB in 17 blocks)
dbig pool: APU2 hipMalloc 0.04 GB inside the phase (free 0.11 GB in 12 extents, largest 0.03; live 0.07 GB in 18 blocks)
dbig pool: APU3 hipMalloc 0.04 GB inside the phase (free 0.11 GB in 12 extents, largest 0.03; live 0.07 GB in 19 blocks)
dbig pool: APU0 hipMalloc 0.02 GB inside the phase (free 0.08 GB in 10 extents, largest 0.01; live 0.14 GB in 23 blocks)
dbig pool: APU0 hipMalloc 0.02 GB inside the phase (free 0.08 GB in 10 extents, largest 0.01; live 0.14 GB in 24 blocks)
dbig pool: APU0 hipMalloc 0.02 GB inside the phase (free 0.08 GB in 10 extents, largest 0.01; live 0.16 GB in 25 blocks)
dbig pool: APU0 hipMalloc 0.02 GB inside the phase (free 0.08 GB in 10 extents, largest 0.01; live 0.16 GB in 24 blocks)
dbig pool: APU2 hipMalloc 0.02 GB inside the phase (free 0.08 GB in 10 extents, largest 0.01; live 0.14 GB in 28 blocks)
dbig pool: APU2 hipMalloc 0.02 GB inside the phase (free 0.08 GB in 10 extents, largest 0.01; live 0.14 GB in 27 blocks)
dbig pool: APU2 hipMalloc 0.02 GB inside the phase (free 0.08 GB in 10 extents, largest 0.01; live 0.16 GB in 28 blocks)
dbig pool: APU2 hipMalloc 0.02 GB inside the phase (free 0.08 GB in 10 extents, largest 0.01; live 0.16 GB in 29 blocks)
dbig pool: APU3 hipMalloc 0.02 GB inside the phase (free 0.08 GB in 10 extents, largest 0.01; live 0.14 GB in 32 blocks)
dbig pool: APU3 hipMalloc 0.02 GB inside the phase (free 0.08 GB in 10 extents, largest 0.01; live 0.14 GB in 31 blocks)
dbig pool: APU3 hipMalloc 0.02 GB inside the phase (free 0.08 GB in 10 extents, largest 0.01; live 0.16 GB in 32 blocks)
dbig pool: APU3 hipMalloc 0.02 GB inside the phase (free 0.08 GB in 10 extents, largest 0.01; live 0.16 GB in 33 blocks)
dbig pool: APU1 hipMalloc 0.02 GB inside the phase (free 0.08 GB in 10 extents, largest 0.01; live 0.14 GB in 34 blocks)
dbig pool: APU1 hipMalloc 0.02 GB inside the phase (free 0.08 GB in 10 extents, largest 0.01; live 0.16 GB in 35 blocks)
dbig pool: APU1 hipMalloc 0.02 GB inside the phase (free 0.08 GB in 10 extents, largest 0.01; live 0.14 GB in 34 blocks)
dbig pool: APU1 hipMalloc 0.02 GB inside the phase (free 0.08 GB in 10 extents, largest 0.01; live 0.16 GB in 35 blocks)
dbig pool: APU2 hipMalloc 0.04 GB inside the phase (free 0.12 GB in 12 extents, largest 0.02; live 0.14 GB in 31 blocks)
dbig pool: APU0 hipMalloc 0.04 GB inside the phase (free 0.12 GB in 12 extents, largest 0.02; live 0.14 GB in 30 blocks)
dbig pool: APU3 hipMalloc 0.04 GB inside the phase (free 0.12 GB in 12 extents, largest 0.02; live 0.14 GB in 31 blocks)
dbig pool: APU1 hipMalloc 0.04 GB inside the phase (free 0.12 GB in 12 extents, largest 0.02; live 0.14 GB in 31 blocks)
dist_mn node 0: 2^25 = 2^12 x 2^13 over 2 x 4 ranks (rows 512..512; 20132659 + 8388608 limbs at 0, window [0, 18454937) of share [0, 18454937)): redistribute 0.164 ntt 0.337 crt 0.001 out 0.140 spills+carry 0.005 total 0.646 s [A cached] [B cached]
dist_mn node 1: 2^25 = 2^12 x 2^13 over 2 x 4 ranks (rows 512..512; 20132659 + 8388608 limbs at 0, window [18454937, 28521267) of share [18454937, 36909875)): redistribute 0.133 ntt 0.326 crt 0.001 out 0.177 spills+carry 0.005 total 0.646 s [A cached] [B cached]
dbig pool: APU0 hipMalloc 0.04 GB inside the phase (free 0.15 GB in 14 extents, largest 0.03; live 0.11 GB in 20 blocks)
dbig pool: APU1 hipMalloc 0.04 GB inside the phase (free 0.15 GB in 14 extents, largest 0.03; live 0.11 GB in 21 blocks)
dbig pool: APU2 hipMalloc 0.04 GB inside the phase (free 0.15 GB in 14 extents, largest 0.03; live 0.11 GB in 22 blocks)
dbig pool: APU3 hipMalloc 0.04 GB inside the phase (free 0.15 GB in 14 extents, largest 0.03; live 0.11 GB in 23 blocks)
dbig pool: APU0 hipMalloc 0.04 GB inside the phase (free 0.12 GB in 12 extents, largest 0.02; live 0.18 GB in 35 blocks)
dbig pool: APU1 hipMalloc 0.04 GB inside the phase (free 0.12 GB in 12 extents, largest 0.02; live 0.18 GB in 34 blocks)
dbig pool: APU3 hipMalloc 0.04 GB inside the phase (free 0.12 GB in 12 extents, largest 0.02; live 0.18 GB in 35 blocks)
dbig pool: APU2 hipMalloc 0.04 GB inside the phase (free 0.12 GB in 12 extents, largest 0.02; live 0.18 GB in 34 blocks)
dist_mn node 0: 2^25 = 2^12 x 2^13 over 2 x 4 ranks (rows 512..512; 20132659 + 8388608 limbs at 8388608, window [0, 10066329) of share [0, 18454937), accumulated): redistribute 0.018 ntt 0.206 crt 0.000 out 0.151 spills+carry 0.009 total 0.383 s [A hit] [B cached]
dist_mn node 0: 20132659 x 16777216 limbs over 2 x 4 ranks (cap 2^25): 1 x 2 pieces, 2 formed, 0 skipped (cache 2 slots: 1 hits, 3 misses)
dist_mn node 1: 2^25 = 2^12 x 2^13 over 2 x 4 ranks (rows 512..512; 20132659 + 8388608 limbs at 8388608, window [10066329, 28521267) of share [18454937, 36909875), accumulated): redistribute 0.006 ntt 0.238 crt 0.002 out 0.089 spills+carry 0.009 total 0.383 s [A hit] [B cached]
dist_mn node 1: 20132659 x 16777216 limbs over 2 x 4 ranks (cap 2^25): 1 x 2 pieces, 2 formed, 0 skipped (cache 2 slots: 1 hits, 3 misses)
dist_mn node 1: 20132659 + 16777216 limbs -> 36909875 (share 18454938): redistribute 0.139 ntt 0.564 crt 0.003 out 0.266 spills+carry 0.014, total 1.203 s
dist_mn node 0: 20132659 + 16777216 limbs -> 36909875 (share 18454937): redistribute 0.183 ntt 0.543 crt 0.002 out 0.291 spills+carry 0.014, total 1.045 s
mdev 3*2^24 (36909875 limbs): repack 0.044 h2d 0.001 fwd 0.014 inv 0.005 d2h 0.048 crt 0.033 total 0.114 s
mdev 3*2^24 (36909875 limbs): repack 0.046 h2d 0.001 fwd 0.011 inv 0.006 d2h 0.077 crt 0.027 total 0.138 s
   2 pieces 20132659 x 16777216: 1.22 s
dbig pool: APU1 hipMalloc 0.04 GB inside the phase (free 0.14 GB in 13 extents, largest 0.02; live 0.16 GB in 31 blocks)
dbig pool: APU3 hipMalloc 0.04 GB inside the phase (free 0.14 GB in 13 extents, largest 0.02; live 0.16 GB in 31 blocks)
dbig pool: APU2 hipMalloc 0.04 GB inside the phase (free 0.14 GB in 13 extents, largest 0.02; live 0.16 GB in 29 blocks)
dbig pool: APU0 hipMalloc 0.04 GB inside the phase (free 0.14 GB in 13 extents, largest 0.02; live 0.16 GB in 30 blocks)
dist_mn node 0: 2^25 = 2^12 x 2^13 over 2 x 4 ranks (rows 512..512; 20132659 + 8388608 limbs at 0, window [0, 18454938) of share [0, 18454938)): redistribute 0.032 ntt 0.393 crt 0.000 out 0.050 spills+carry 0.001 total 0.458 s [A cached] [B cached]
dist_mn node 1: 2^25 = 2^12 x 2^13 over 2 x 4 ranks (rows 512..512; 20132659 + 8388608 limbs at 0, window [18454938, 28521267) of share [18454938, 36909876)): redistribute 0.031 ntt 0.347 crt 0.000 out 0.096 spills+carry 0.001 total 0.458 s [A cached] [B cached]
dbig pool: APU1 hipMalloc 0.04 GB inside the phase (free 0.14 GB in 13 extents, largest 0.02; live 0.20 GB in 34 blocks)
dbig pool: APU3 hipMalloc 0.04 GB inside the phase (free 0.14 GB in 13 extents, largest 0.02; live 0.20 GB in 35 blocks)
dbig pool: APU2 hipMalloc 0.04 GB inside the phase (free 0.14 GB in 13 extents, largest 0.02; live 0.20 GB in 34 blocks)
dbig pool: APU0 hipMalloc 0.04 GB inside the phase (free 0.14 GB in 13 extents, largest 0.02; live 0.20 GB in 35 blocks)
dist_mn node 0: 2^25 = 2^12 x 2^13 over 2 x 4 ranks (rows 512..512; 20132659 + 8388608 limbs at 8388608, window [0, 10066330) of share [0, 18454938), accumulated): redistribute 0.011 ntt 0.201 crt 0.001 out 0.031 spills+carry 0.006 total 0.248 s [A hit] [B cached]
dist_mn node 1: 2^25 = 2^12 x 2^13 over 2 x 4 ranks (rows 512..512; 20132659 + 8388608 limbs at 8388608, window [10066330, 28521267) of share [18454938, 36909876), accumulated): redistribute 0.011 ntt 0.215 crt 0.001 out 0.019 spills+carry 0.006 total 0.248 s [A hit] [B cached]
dbig pool: APU0 hipMalloc 0.03 GB inside the phase (free 0.14 GB in 15 extents, largest 0.02; live 0.19 GB in 25 blocks)
dbig pool: APU1 hipMalloc 0.03 GB inside the phase (free 0.14 GB in 15 extents, largest 0.02; live 0.19 GB in 34 blocks)
mdb_add_shifted node 0: 16777213 limbs at 0 into a basis of 36909876 (my window [0, 16777213), 1 rounds of 4194304; slabs 4194303 + 4194303 limbs per APU 0): 0.032 s
dist_mn node 0: 20132659 x 16777216 limbs over 2 x 4 ranks (cap 2^25): 1 x 2 pieces, 2 formed, 0 skipped (cache 2 slots: 2 hits, 6 misses)
mdb_add_shifted node 1: 16777213 limbs at 0 into a basis of 36909876 (my window [18454938, 18454938), 1 rounds of 4194304; slabs 0 + 0 limbs per APU 0): 0.032 s
dist_mn node 1: 20132659 x 16777216 limbs over 2 x 4 ranks (cap 2^25): 1 x 2 pieces, 2 formed, 0 skipped (cache 2 slots: 2 hits, 6 misses)
dist_mn node 0: 20132659 + 16777216 + x limbs -> 36909875 (share 18454938): redistribute 0.043 ntt 0.594 crt 0.001 out 0.082 spills+carry 0.007, total 0.756 s
dist_mn node 1: 20132659 + 16777216 + x limbs -> 36909875 (share 18454938): redistribute 0.042 ntt 0.562 crt 0.001 out 0.115 spills+carry 0.007, total 0.740 s
dist_mn node 0: 2^25 = 2^12 x 2^13 over 2 x 4 ranks (rows 512..512; 20132659 + 8388608 limbs at 0, window [0, 10066330) of share [0, 10066330)): redistribute 0.033 ntt 0.339 crt 0.001 out 0.020 spills+carry 0.000 total 0.386 s [A cached] [B cached]
dist_mn node 1: 2^25 = 2^12 x 2^13 over 2 x 4 ranks (rows 512..512; 20132659 + 8388608 limbs at 0, window [10066330, 20132661) of share [10066330, 20132661)): redistribute 0.033 ntt 0.339 crt 0.001 out 0.020 spills+carry 0.000 total 0.386 s [A cached] [B cached]
dist_mn node 0: 2^25 = 2^12 x 2^13 over 2 x 4 ranks (rows 512..512; 20132659 + 8388608 limbs at 8388608, window [0, 1677722) of share [0, 10066330), accumulated): redistribute 0.007 ntt 0.191 crt 0.000 out 0.016 spills+carry 0.001 total 0.216 s [A hit] [B cached]
dist_mn node 0: 20132659 x 16777216 limbs over 2 x 4 ranks (cap 2^25): 1 x 2 pieces, 2 formed, 0 skipped (low product) (cache 2 slots: 3 hits, 9 misses)
dist_mn node 1: 2^25 = 2^12 x 2^13 over 2 x 4 ranks (rows 512..512; 20132659 + 8388608 limbs at 8388608, window [1677722, 11744053) of share [10066330, 20132661), accumulated): redistribute 0.007 ntt 0.193 crt 0.000 out 0.015 spills+carry 0.001 total 0.216 s [A hit] [B cached]
dist_mn node 1: 20132659 x 16777216 limbs over 2 x 4 ranks (cap 2^25): 1 x 2 pieces, 2 formed, 0 skipped (low product) (cache 2 slots: 3 hits, 9 misses)
dist_mn node 0: 20132659 + 16777216 limbs -> 20132661 (share 10066330): redistribute 0.041 ntt 0.531 crt 0.001 out 0.036 spills+carry 0.002, total 0.603 s
dist_mn node 1: 20132659 + 16777216 limbs -> 20132661 (share 10066331): redistribute 0.041 ntt 0.532 crt 0.001 out 0.035 spills+carry 0.002, total 0.603 s
dist_mn node 0: 2^25 = 2^12 x 2^13 over 2 x 4 ranks (rows 512..512; 10066330 + 10066330 limbs at 0, window [0, 5033165) of share [0, 5033165)): redistribute 0.021 ntt 0.385 crt 0.000 out 0.012 spills+carry 0.000 total 0.411 s
dist_mn node 0: 10066330 x 10066330 limbs over 2 x 4 ranks (cap 2^25): 1 x 1 pieces, 1 formed, 0 skipped (low product) (cache 0 slots: 3 hits, 9 misses)
dist_mn node 1: 2^25 = 2^12 x 2^13 over 2 x 4 ranks (rows 512..512; 10066330 + 10066330 limbs at 0, window [5033165, 10066330) of share [5033165, 10066330)): redistribute 0.027 ntt 0.387 crt 0.000 out 0.010 spills+carry 0.000 total 0.411 s
dist_mn node 1: 10066330 x 10066330 limbs over 2 x 4 ranks (cap 2^25): 1 x 1 pieces, 1 formed, 0 skipped (low product) (cache 0 slots: 3 hits, 9 misses)
dist_mn node 0: 10066330 + 10066330 limbs -> 10066330 (share 5033165): redistribute 0.021 ntt 0.385 crt 0.000 out 0.012 spills+carry 0.000, total 0.411 s
dist_mn node 1: 10066330 + 10066330 limbs -> 10066330 (share 5033165): redistribute 0.027 ntt 0.387 crt 0.000 out 0.010 spills+carry 0.000, total 0.411 s
dist_mn node 0: 2^25 = 2^12 x 2^13 over 2 x 4 ranks (rows 512..512; 20132659 + 8388608 limbs at 0, window [0, 18454937) of share [0, 18454937)): redistribute 0.031 ntt 0.368 crt 0.000 out 0.022 spills+carry 0.001 total 0.413 s [A cached] [B cached]
dist_mn node 1: 2^25 = 2^12 x 2^13 over 2 x 4 ranks (rows 512..512; 20132659 + 8388608 limbs at 0, window [18454937, 28521267) of share [18454937, 36909874)): redistribute 0.031 ntt 0.368 crt 0.000 out 0.021 spills+carry 0.001 total 0.413 s [A cached] [B cached]
dist_mn node 0: 2^25 = 2^12 x 2^13 over 2 x 4 ranks (rows 512..512; 20132659 + 8388608 limbs at 8388608, window [0, 10066329) of share [0, 18454937), accumulated): redistribute 0.008 ntt 0.198 crt 0.000 out 0.021 spills+carry 0.006 total 0.233 s [A hit] [B cached]
dist_mn node 0: 20132659 x 16777216 limbs over 2 x 4 ranks (cap 2^25): 1 x 2 pieces, 2 formed, 0 skipped (low product) (cache 2 slots: 4 hits, 12 misses)
dist_mn node 1: 2^25 = 2^12 x 2^13 over 2 x 4 ranks (rows 512..512; 20132659 + 8388608 limbs at 8388608, window [10066329, 28521266) of share [18454937, 36909874), accumulated): redistribute 0.008 ntt 0.201 crt 0.000 out 0.020 spills+carry 0.006 total 0.233 s [A hit] [B cached]
dist_mn node 1: 20132659 x 16777216 limbs over 2 x 4 ranks (cap 2^25): 1 x 2 pieces, 2 formed, 0 skipped (low product) (cache 2 slots: 4 hits, 12 misses)
dist_mn node 0: 20132659 + 16777216 limbs -> 36909874 (share 18454937): redistribute 0.040 ntt 0.566 crt 0.001 out 0.043 spills+carry 0.007, total 0.647 s
dist_mn node 1: 20132659 + 16777216 limbs -> 36909874 (share 18454937): redistribute 0.039 ntt 0.569 crt 0.001 out 0.042 spills+carry 0.007, total 0.647 s
dist_mn node 0: 2^25 = 2^12 x 2^13 over 2 x 4 ranks (rows 512..512; 20132659 + 8388608 limbs at 0, window [0, 18454937) of share [0, 18454937)): redistribute 0.039 ntt 0.390 crt 0.000 out 0.022 spills+carry 0.001 total 0.436 s [A cached] [B cached]
dist_mn node 1: 2^25 = 2^12 x 2^13 over 2 x 4 ranks (rows 512..512; 20132659 + 8388608 limbs at 0, window [18454937, 28521267) of share [18454937, 36909875)): redistribute 0.039 ntt 0.388 crt 0.000 out 0.024 spills+carry 0.001 total 0.436 s [A cached] [B cached]
dist_mn node 0: 2^25 = 2^12 x 2^13 over 2 x 4 ranks (rows 512..512; 20132659 + 8388608 limbs at 8388608, window [0, 10066329) of share [0, 18454937), accumulated): redistribute 0.009 ntt 0.203 crt 0.001 out 0.022 spills+carry 0.007 total 0.241 s [A hit] [B cached]
dist_mn node 0: 20132659 x 16777216 limbs over 2 x 4 ranks (cap 2^25): 1 x 2 pieces, 2 formed, 0 skipped (low cut) (cache 2 slots: 5 hits, 15 misses)
dist_mn node 1: 2^25 = 2^12 x 2^13 over 2 x 4 ranks (rows 512..512; 20132659 + 8388608 limbs at 8388608, window [10066329, 28521267) of share [18454937, 36909875), accumulated): redistribute 0.008 ntt 0.204 crt 0.001 out 0.022 spills+carry 0.007 total 0.241 s [A hit] [B cached]
dist_mn node 1: 20132659 x 16777216 limbs over 2 x 4 ranks (cap 2^25): 1 x 2 pieces, 2 formed, 0 skipped (low cut) (cache 2 slots: 5 hits, 15 misses)
dist_mn node 0: 20132659 + 16777216 limbs -> 36909875 (share 18454937): redistribute 0.047 ntt 0.593 crt 0.001 out 0.044 spills+carry 0.008, total 0.678 s
dist_mn node 1: 20132659 + 16777216 limbs -> 36909875 (share 18454938): redistribute 0.047 ntt 0.592 crt 0.001 out 0.046 spills+carry 0.007, total 0.678 s
dist_mn node 0: 2^25 = 2^12 x 2^13 over 2 x 4 ranks (rows 512..512; 20132659 + 8388608 limbs at 0, window [0, 18454937) of share [0, 18454937)): redistribute 0.038 ntt 0.365 crt 0.001 out 0.021 spills+carry 0.001 total 0.406 s [A cached] [B cached]
dist_mn node 1: 2^25 = 2^12 x 2^13 over 2 x 4 ranks (rows 512..512; 20132659 + 8388608 limbs at 0, window [18454937, 28521267) of share [18454937, 36909874)): redistribute 0.039 ntt 0.367 crt 0.001 out 0.022 spills+carry 0.000 total 0.406 s [A cached] [B cached]
dist_mn node 0: 2^25 = 2^12 x 2^13 over 2 x 4 ranks (rows 512..512; 20132659 + 8388608 limbs at 8388608, window [0, 10066329) of share [0, 18454937), accumulated): redistribute 0.011 ntt 0.201 crt 0.001 out 0.024 spills+carry 0.006 total 0.235 s [A hit] [B cached]
dist_mn node 0: 20132659 x 16777216 limbs over 2 x 4 ranks (cap 2^25): 1 x 2 pieces, 2 formed, 0 skipped (low product) (low cut) (cache 2 slots: 6 hits, 18 misses)
dist_mn node 1: 2^25 = 2^12 x 2^13 over 2 x 4 ranks (rows 512..512; 20132659 + 8388608 limbs at 8388608, window [10066329, 28521266) of share [18454937, 36909874), accumulated): redistribute 0.011 ntt 0.198 crt 0.001 out 0.024 spills+carry 0.006 total 0.235 s [A hit] [B cached]
dist_mn node 1: 20132659 x 16777216 limbs over 2 x 4 ranks (cap 2^25): 1 x 2 pieces, 2 formed, 0 skipped (low product) (low cut) (cache 2 slots: 6 hits, 18 misses)
dist_mn node 0: 20132659 + 16777216 limbs -> 36909874 (share 18454937): redistribute 0.049 ntt 0.566 crt 0.001 out 0.045 spills+carry 0.007, total 0.642 s
dist_mn node 1: 20132659 + 16777216 limbs -> 36909874 (share 18454937): redistribute 0.050 ntt 0.566 crt 0.001 out 0.046 spills+carry 0.007, total 0.642 s
dist_mn node 0: 2^25 = 2^12 x 2^13 over 2 x 4 ranks (rows 512..512; 20132659 + 8388608 limbs at 0, window [0, 18454937) of share [0, 18454937)): redistribute 0.052 ntt 0.357 crt 0.000 out 0.022 spills+carry 0.001 total 0.402 s [A cached] [B cached]
dist_mn node 1: 2^25 = 2^12 x 2^13 over 2 x 4 ranks (rows 512..512; 20132659 + 8388608 limbs at 0, window [18454937, 28521267) of share [18454937, 36909875)): redistribute 0.051 ntt 0.353 crt 0.000 out 0.022 spills+carry 0.001 total 0.402 s [A cached] [B cached]
dist_mn node 0: 2^25 = 2^12 x 2^13 over 2 x 4 ranks (rows 512..512; 20132659 + 8388608 limbs at 8388608, window [0, 10066329) of share [0, 18454937), accumulated): redistribute 0.007 ntt 0.196 crt 0.000 out 0.024 spills+carry 0.006 total 0.233 s [A hit] [B cached]
dist_mn node 0: 20132659 x 16777216 limbs over 2 x 4 ranks (cap 2^25): 1 x 2 pieces, 2 formed, 0 skipped (low cut) (cache 2 slots: 7 hits, 21 misses)
dist_mn node 1: 2^25 = 2^12 x 2^13 over 2 x 4 ranks (rows 512..512; 20132659 + 8388608 limbs at 8388608, window [10066329, 28521267) of share [18454937, 36909875), accumulated): redistribute 0.007 ntt 0.196 crt 0.000 out 0.023 spills+carry 0.006 total 0.233 s [A hit] [B cached]
dist_mn node 1: 20132659 x 16777216 limbs over 2 x 4 ranks (cap 2^25): 1 x 2 pieces, 2 formed, 0 skipped (low cut) (cache 2 slots: 7 hits, 21 misses)
dist_mn node 0: 20132659 + 16777216 limbs -> 36909875 (share 18454937): redistribute 0.060 ntt 0.553 crt 0.001 out 0.046 spills+carry 0.007, total 0.636 s
dist_mn node 1: 20132659 + 16777216 limbs -> 36909875 (share 18454938): redistribute 0.059 ntt 0.549 crt 0.001 out 0.045 spills+carry 0.007, total 0.636 s
dist_mn node 0: 2^25 = 2^12 x 2^13 over 2 x 4 ranks (rows 512..512; 20132659 + 8388608 limbs at 0, window [0, 18454937) of share [0, 18454937)): redistribute 0.035 ntt 0.357 crt 0.001 out 0.024 spills+carry 0.001 total 0.398 s [A cached] [B cached]
dist_mn node 1: 2^25 = 2^12 x 2^13 over 2 x 4 ranks (rows 512..512; 20132659 + 8388608 limbs at 0, window [18454937, 28521267) of share [18454937, 36909874)): redistribute 0.035 ntt 0.354 crt 0.001 out 0.022 spills+carry 0.001 total 0.398 s [A cached] [B cached]
dist_mn node 0: 2^25 = 2^12 x 2^13 over 2 x 4 ranks (rows 512..512; 20132659 + 8388608 limbs at 8388608, window [0, 10066329) of share [0, 18454937), accumulated): redistribute 0.007 ntt 0.202 crt 0.000 out 0.019 spills+carry 0.006 total 0.235 s [A hit] [B cached]
dist_mn node 0: 20132659 x 16777216 limbs over 2 x 4 ranks (cap 2^25): 1 x 2 pieces, 2 formed, 0 skipped (low product) (low cut) (cache 2 slots: 8 hits, 24 misses)
dist_mn node 1: 2^25 = 2^12 x 2^13 over 2 x 4 ranks (rows 512..512; 20132659 + 8388608 limbs at 8388608, window [10066329, 28521266) of share [18454937, 36909874), accumulated): redistribute 0.007 ntt 0.200 crt 0.000 out 0.022 spills+carry 0.006 total 0.235 s [A hit] [B cached]
dist_mn node 1: 20132659 x 16777216 limbs over 2 x 4 ranks (cap 2^25): 1 x 2 pieces, 2 formed, 0 skipped (low product) (low cut) (cache 2 slots: 8 hits, 24 misses)
dist_mn node 0: 20132659 + 16777216 limbs -> 36909874 (share 18454937): redistribute 0.043 ntt 0.559 crt 0.001 out 0.044 spills+carry 0.007, total 0.634 s
dist_mn node 1: 20132659 + 16777216 limbs -> 36909874 (share 18454937): redistribute 0.042 ntt 0.554 crt 0.001 out 0.044 spills+carry 0.007, total 0.634 s
dist_mn node 0: 20132659 x 16777216 limbs over 2 x 4 ranks (cap 2^25): 1 x 2 pieces, 0 formed, 2 skipped (low cut) (cache 2 slots: 8 hits, 24 misses)
dist_mn node 1: 20132659 x 16777216 limbs over 2 x 4 ranks (cap 2^25): 1 x 2 pieces, 0 formed, 2 skipped (low cut) (cache 2 slots: 8 hits, 24 misses)
dist_mn node 0: 20132659 + 16777216 limbs -> 0 (share 18454937): redistribute 0.000 ntt 0.000 crt 0.000 out 0.000 spills+carry 0.000, total 0.001 s
dist_mn node 1: 20132659 + 16777216 limbs -> 0 (share 18454938): redistribute 0.000 ntt 0.000 crt 0.000 out 0.000 spills+carry 0.000, total 0.001 s
mdev 2^25 (28521267 limbs): repack 0.041 h2d 0.001 fwd 0.002 inv 0.002 d2h 0.014 crt 0.028 total 0.063 s
mdev 2^25 (28521267 limbs): repack 0.031 h2d 0.001 fwd 0.003 inv 0.002 d2h 0.028 crt 0.015 total 0.067 s
mdev 2^25 (28521267 limbs): repack 0.028 h2d 0.001 fwd 0.003 inv 0.003 d2h 0.029 crt 0.012 total 0.068 s
mdev 2^25 (28521267 limbs): repack 0.028 h2d 0.001 fwd 0.005 inv 0.003 d2h 0.031 crt 0.009 total 0.067 s
dist_mn node 0: 20132659 x 16777216 limbs over 2 x 4 ranks (cap 2^25): 1 x 2 pieces, 0 formed, 2 skipped (low product) (low cut) (cache 2 slots: 8 hits, 24 misses)
dist_mn node 1: 20132659 x 16777216 limbs over 2 x 4 ranks (cap 2^25): 1 x 2 pieces, 0 formed, 2 skipped (low product) (low cut) (cache 2 slots: 8 hits, 24 misses)
dist_mn node 0: 20132659 + 16777216 limbs -> 0 (share 18454937): redistribute 0.000 ntt 0.000 crt 0.000 out 0.000 spills+carry 0.000, total 0.001 s
dist_mn node 1: 20132659 + 16777216 limbs -> 0 (share 18454937): redistribute 0.000 ntt 0.000 crt 0.000 out 0.000 spills+carry 0.000, total 0.007 s
mdev 2^25 (28521267 limbs): repack 0.034 h2d 0.001 fwd 0.003 inv 0.002 d2h 0.022 crt 0.010 total 0.064 s
mdev 2^25 (28521267 limbs): repack 0.028 h2d 0.001 fwd 0.003 inv 0.001 d2h 0.026 crt 0.003 total 0.062 s
mdev 2^25 (28521267 limbs): repack 0.035 h2d 0.001 fwd 0.003 inv 0.001 d2h 0.027 crt 0.014 total 0.070 s
mdev 2^25 (28521267 limbs): repack 0.030 h2d 0.001 fwd 0.002 inv 0.001 d2h 0.047 crt 0.010 total 0.085 s
dist_mn node 0: 2^25 = 2^12 x 2^13 over 2 x 4 ranks (rows 512..512; 20132659 + 8388608 limbs at 0, window [0, 18454937) of share [0, 18454937)): redistribute 0.028 ntt 0.297 crt 0.001 out 0.024 spills+carry 0.001 total 0.338 s [B cached]
dist_mn node 1: 2^25 = 2^12 x 2^13 over 2 x 4 ranks (rows 512..512; 20132659 + 8388608 limbs at 0, window [18454937, 28521267) of share [18454937, 36909875)): redistribute 0.028 ntt 0.297 crt 0.001 out 0.024 spills+carry 0.001 total 0.338 s [B cached]
dist_mn node 0: 2^25 = 2^12 x 2^13 over 2 x 4 ranks (rows 512..512; 20132659 + 8388608 limbs at 8388608, window [0, 10066329) of share [0, 18454937), accumulated): redistribute 0.025 ntt 0.311 crt 0.000 out 0.023 spills+carry 0.006 total 0.358 s [B cached]
dist_mn node 0: 20132659 x 16777216 limbs over 2 x 4 ranks (cap 2^25): 1 x 2 pieces, 2 formed, 0 skipped (cache 2 slots: 8 hits, 26 misses)
dist_mn node 1: 2^25 = 2^12 x 2^13 over 2 x 4 ranks (rows 512..512; 20132659 + 8388608 limbs at 8388608, window [10066329, 28521267) of share [18454937, 36909875), accumulated): redistribute 0.025 ntt 0.312 crt 0.000 out 0.022 spills+carry 0.006 total 0.358 s [B cached]
dist_mn node 1: 20132659 x 16777216 limbs over 2 x 4 ranks (cap 2^25): 1 x 2 pieces, 2 formed, 0 skipped (cache 2 slots: 8 hits, 26 misses)
dist_mn node 0: 20132659 + 16777216 limbs -> 36909875 (share 18454937): redistribute 0.053 ntt 0.608 crt 0.001 out 0.047 spills+carry 0.007, total 0.759 s
dist_mn node 1: 20132659 + 16777216 limbs -> 36909875 (share 18454938): redistribute 0.053 ntt 0.609 crt 0.001 out 0.046 spills+carry 0.007, total 0.697 s
dist_mn node 0: 2^25 = 2^12 x 2^13 over 2 x 4 ranks (rows 512..512; 20132659 + 8388608 limbs at 0, window [0, 18454937) of share [0, 18454937)): redistribute 0.046 ntt 0.270 crt 0.001 out 0.024 spills+carry 0.000 total 0.306 s [B hit]
dist_mn node 1: 2^25 = 2^12 x 2^13 over 2 x 4 ranks (rows 512..512; 20132659 + 8388608 limbs at 0, window [18454937, 28521267) of share [18454937, 36909874)): redistribute 0.046 ntt 0.268 crt 0.001 out 0.024 spills+carry 0.001 total 0.306 s [B hit]
dist_mn node 0: 2^25 = 2^12 x 2^13 over 2 x 4 ranks (rows 512..512; 20132659 + 8388608 limbs at 8388608, window [0, 10066329) of share [0, 18454937), accumulated): redistribute 0.016 ntt 0.207 crt 0.000 out 0.020 spills+carry 0.007 total 0.242 s [B hit]
dist_mn node 0: 20132659 x 16777216 limbs over 2 x 4 ranks (cap 2^25): 1 x 2 pieces, 2 formed, 0 skipped (low product) (cache 2 slots: 10 hits, 26 misses)
dist_mn node 1: 2^25 = 2^12 x 2^13 over 2 x 4 ranks (rows 512..512; 20132659 + 8388608 limbs at 8388608, window [10066329, 28521266) of share [18454937, 36909874), accumulated): redistribute 0.021 ntt 0.199 crt 0.000 out 0.019 spills+carry 0.007 total 0.242 s [B hit]
dist_mn node 1: 20132659 x 16777216 limbs over 2 x 4 ranks (cap 2^25): 1 x 2 pieces, 2 formed, 0 skipped (low product) (cache 2 slots: 10 hits, 26 misses)
dist_mn node 0: 20132659 + 16777216 limbs -> 36909874 (share 18454937): redistribute 0.062 ntt 0.477 crt 0.001 out 0.044 spills+carry 0.007, total 0.548 s
dist_mn node 1: 20132659 + 16777216 limbs -> 36909874 (share 18454937): redistribute 0.067 ntt 0.467 crt 0.001 out 0.044 spills+carry 0.007, total 0.548 s
dist_mn node 0: 2^25 = 2^12 x 2^13 over 2 x 4 ranks (rows 512..512; 10066329 + 16777209 limbs at 0, window [0, 13421769) of share [0, 13421769)): redistribute 0.033 ntt 0.355 crt 0.000 out 0.020 spills+carry 0.001 total 0.392 s
dist_mn node 0: 10066329 x 16777209 limbs over 2 x 4 ranks (cap 2^25): 1 x 1 pieces, 1 formed, 0 skipped (cache 0 slots: 0 hits, 0 misses)
dist_mn node 1: 2^25 = 2^12 x 2^13 over 2 x 4 ranks (rows 512..512; 10066329 + 16777209 limbs at 0, window [13421769, 26843538) of share [13421769, 26843538)): redistribute 0.040 ntt 0.358 crt 0.000 out 0.020 spills+carry 0.001 total 0.392 s
dist_mn node 1: 10066329 x 16777209 limbs over 2 x 4 ranks (cap 2^25): 1 x 1 pieces, 1 formed, 0 skipped (cache 0 slots: 0 hits, 0 misses)
dist_mn node 0: 10066329 + 16777209 limbs -> 26843538 (share 13421769): redistribute 0.033 ntt 0.355 crt 0.000 out 0.020 spills+carry 0.001, total 0.392 s
dist_mn node 1: 10066329 + 16777209 limbs -> 26843538 (share 13421769): redistribute 0.040 ntt 0.358 crt 0.000 out 0.020 spills+carry 0.001, total 0.392 s
mdev 2^25 (26843538 limbs): repack 0.035 h2d 0.001 fwd 0.005 inv 0.002 d2h 0.022 crt 0.021 total 0.067 s
mdev 2^25 (26843538 limbs): repack 0.031 h2d 0.001 fwd 0.004 inv 0.004 d2h 0.025 crt 0.012 total 0.069 s
dist_mn node 0: 2^25 = 2^12 x 2^13 over 2 x 4 ranks (rows 512..512; 10066329 + 16777209 limbs at 0, window [0, 5033166) of share [0, 5033166)): redistribute 0.023 ntt 0.332 crt 0.000 out 0.007 spills+carry 0.000 total 0.362 s
dist_mn node 0: 10066329 x 16777209 limbs over 2 x 4 ranks (cap 2^25): 1 x 1 pieces, 1 formed, 0 skipped (low product) (cache 0 slots: 0 hits, 0 misses)
dist_mn node 1: 2^25 = 2^12 x 2^13 over 2 x 4 ranks (rows 512..512; 10066329 + 16777209 limbs at 0, window [5033166, 10066332) of share [5033166, 10066332)): redistribute 0.020 ntt 0.328 crt 0.000 out 0.008 spills+carry 0.000 total 0.357 s
dist_mn node 1: 10066329 x 16777209 limbs over 2 x 4 ranks (cap 2^25): 1 x 1 pieces, 1 formed, 0 skipped (low product) (cache 0 slots: 0 hits, 0 misses)
dist_mn node 0: 10066329 + 16777209 limbs -> 10066332 (share 5033166): redistribute 0.023 ntt 0.332 crt 0.000 out 0.007 spills+carry 0.000, total 0.364 s
dist_mn node 1: 10066329 + 16777209 limbs -> 10066332 (share 5033166): redistribute 0.020 ntt 0.328 crt 0.000 out 0.008 spills+carry 0.000, total 0.358 s
dist_mn node 0: 2^25 = 2^12 x 2^13 over 2 x 4 ranks (rows 512..512; 20132659 + 8388608 limbs at 0, window [0, 18454938) of share [0, 18454938)): redistribute 0.054 ntt 0.371 crt 0.000 out 0.019 spills+carry 0.001 total 0.412 s [A cached] [B cached]
dist_mn node 1: 2^25 = 2^12 x 2^13 over 2 x 4 ranks (rows 512..512; 20132659 + 8388608 limbs at 0, window [18454938, 28521267) of share [18454938, 36909876)): redistribute 0.053 ntt 0.373 crt 0.000 out 0.020 spills+carry 0.001 total 0.412 s [A cached] [B cached]
dist_mn node 0: 2^25 = 2^12 x 2^13 over 2 x 4 ranks (rows 512..512; 20132659 + 8388608 limbs at 8388608, window [0, 10066330) of share [0, 18454938), accumulated): redistribute 0.007 ntt 0.189 crt 0.000 out 0.019 spills+carry 0.006 total 0.221 s [A hit] [B cached]
dist_mn node 1: 2^25 = 2^12 x 2^13 over 2 x 4 ranks (rows 512..512; 20132659 + 8388608 limbs at 8388608, window [10066330, 28521267) of share [18454938, 36909876), accumulated): redistribute 0.007 ntt 0.188 crt 0.000 out 0.022 spills+carry 0.007 total 0.221 s [A hit] [B cached]
mdb_add_shifted node 0: 16777213 limbs at 0 into a basis of 36909876 (my window [0, 16777213), 1 rounds of 4194304; slabs 4194303 + 4194303 limbs per APU 0): 0.026 s
dist_mn node 0: 20132659 x 16777216 limbs over 2 x 4 ranks (cap 2^25): 1 x 2 pieces, 2 formed, 0 skipped (cache 2 slots: 1 hits, 3 misses)
mdb_add_shifted node 1: 16777213 limbs at 0 into a basis of 36909876 (my window [18454938, 18454938), 1 rounds of 4194304; slabs 0 + 0 limbs per APU 0): 0.026 s
dist_mn node 1: 20132659 x 16777216 limbs over 2 x 4 ranks (cap 2^25): 1 x 2 pieces, 2 formed, 0 skipped (cache 2 slots: 1 hits, 3 misses)
dist_mn node 0: 20132659 + 16777216 + x limbs -> 36909875 (share 18454938): redistribute 0.062 ntt 0.560 crt 0.001 out 0.038 spills+carry 0.007, total 0.667 s
dist_mn node 1: 20132659 + 16777216 + x limbs -> 36909875 (share 18454938): redistribute 0.060 ntt 0.560 crt 0.001 out 0.041 spills+carry 0.007, total 0.660 s
mdb_add_shifted node 0: 16777213 limbs at 0 into a basis of 36909876 (my window [0, 16777213), 1 rounds of 4194304; slabs 4194303 + 4194303 limbs per APU 0): 0.082 s
mdb_add_shifted node 1: 16777213 limbs at 0 into a basis of 36909876 (my window [18454938, 18454938), 1 rounds of 4194304; slabs 0 + 0 limbs per APU 0): 0.053 s
mdb_add_shifted node 1: 16777213 limbs at 7 into a basis of 36909876 (my window [18454938, 18454938), 1 rounds of 4194304; slabs 0 + 0 limbs per APU 0): 0.048 s
mdb_add_shifted node 0: 16777213 limbs at 7 into a basis of 36909876 (my window [7, 16777220), 1 rounds of 4194304; slabs 4194303 + 4194303 limbs per APU 0): 0.092 s
mdb_add_shifted node 0: 16777213 limbs at 10066329 into a basis of 36909876 (my window [10066329, 18454938), 1 rounds of 2097168; slabs 2097152 + 2097152 limbs per APU 0): 0.047 s
mdb_add_shifted node 1: 16777213 limbs at 10066329 into a basis of 36909876 (my window [18454938, 26843542), 1 rounds of 2097168; slabs 2097151 + 2097151 limbs per APU 0): 0.018 s
mdb_add_shifted node 0: 16777213 limbs at 20132659 into a basis of 36909876 (my window [20132659, 20132659), 1 rounds of 4194304; slabs 4194303 + 0 limbs per APU 0): 0.043 s
mdb_add_shifted node 1: 16777213 limbs at 20132659 into a basis of 36909876 (my window [20132659, 36909872), 1 rounds of 4194304; slabs 0 + 4194303 limbs per APU 0): 0.034 s
dist_mn node 0: 2^25 = 2^12 x 2^13 over 2 x 4 ranks (rows 512..512; 20132659 + 8388608 limbs at 0, window [0, 18454937) of share [0, 18454937)): redistribute 0.020 ntt 0.155 crt 0.000 out 0.016 spills+carry 0.002 total 0.187 s [A cached] [B cached]
dist_mn node 1: 2^25 = 2^12 x 2^13 over 2 x 4 ranks (rows 512..512; 20132659 + 8388608 limbs at 0, window [18454937, 28521267) of share [18454937, 36909875)): redistribute 0.020 ntt 0.155 crt 0.000 out 0.015 spills+carry 0.002 total 0.187 s [A cached] [B cached]
dist_mn node 0: 2^25 = 2^12 x 2^13 over 2 x 4 ranks (rows 512..512; 20132659 + 8388608 limbs at 8388608, window [0, 10066329) of share [0, 18454937), accumulated): redistribute 0.007 ntt 0.192 crt 0.000 out 0.021 spills+carry 0.009 total 0.227 s [A hit] [B cached]
dist_mn node 0: 20132659 x 16777216 limbs over 2 x 4 ranks (cap 2^25): 1 x 2 pieces, 2 formed, 0 skipped (cache 2 slots: 2 hits, 6 misses)
dist_mn node 1: 2^25 = 2^12 x 2^13 over 2 x 4 ranks (rows 512..512; 20132659 + 8388608 limbs at 8388608, window [10066329, 28521267) of share [18454937, 36909875), accumulated): redistribute 0.007 ntt 0.192 crt 0.000 out 0.021 spills+carry 0.009 total 0.227 s [A hit] [B cached]
dist_mn node 1: 20132659 x 16777216 limbs over 2 x 4 ranks (cap 2^25): 1 x 2 pieces, 2 formed, 0 skipped (cache 2 slots: 2 hits, 6 misses)
dist_mn node 0: 20132659 + 16777216 limbs -> 36909875 (share 18454937): redistribute 0.027 ntt 0.347 crt 0.001 out 0.037 spills+carry 0.011, total 0.687 s
dist_mn node 1: 20132659 + 16777216 limbs -> 36909875 (share 18454938): redistribute 0.027 ntt 0.347 crt 0.001 out 0.036 spills+carry 0.011, total 0.416 s
mdev 3*2^24 (36909875 limbs): repack 0.049 h2d 0.001 fwd 0.009 inv 0.004 d2h 0.033 crt 0.038 total 0.098 s
mdev 3*2^24 (36909875 limbs): repack 0.046 h2d 0.001 fwd 0.008 inv 0.005 d2h 0.041 crt 0.046 total 0.101 s
dist_mn node 0: 2^25 = 2^12 x 2^13 over 2 x 4 ranks (rows 512..512; 20132659 + 8388608 limbs at 0, window [0, 18454938) of share [0, 18454938)): redistribute 0.022 ntt 0.301 crt 0.001 out 0.021 spills+carry 0.002 total 0.340 s [A cached] [B cached]
dist_mn node 1: 2^25 = 2^12 x 2^13 over 2 x 4 ranks (rows 512..512; 20132659 + 8388608 limbs at 0, window [18454938, 28521267) of share [18454938, 36909876)): redistribute 0.023 ntt 0.300 crt 0.001 out 0.021 spills+carry 0.002 total 0.341 s [A cached] [B cached]
dist_mn node 0: 2^25 = 2^12 x 2^13 over 2 x 4 ranks (rows 512..512; 20132659 + 8388608 limbs at 8388608, window [0, 10066330) of share [0, 18454938), accumulated): redistribute 0.010 ntt 0.187 crt 0.001 out 0.023 spills+carry 0.009 total 0.225 s [A hit] [B cached]
dist_mn node 1: 2^25 = 2^12 x 2^13 over 2 x 4 ranks (rows 512..512; 20132659 + 8388608 limbs at 8388608, window [10066330, 28521267) of share [18454938, 36909876), accumulated): redistribute 0.010 ntt 0.188 crt 0.001 out 0.023 spills+carry 0.009 total 0.225 s [A hit] [B cached]
mdb_add_shifted node 0: 16777213 limbs at 0 into a basis of 36909876 (my window [0, 16777213), 1 rounds of 4194304; slabs 4194303 + 4194303 limbs per APU 0): 0.029 s
dist_mn node 0: 20132659 x 16777216 limbs over 2 x 4 ranks (cap 2^25): 1 x 2 pieces, 2 formed, 0 skipped (cache 2 slots: 3 hits, 9 misses)
mdb_add_shifted node 1: 16777213 limbs at 0 into a basis of 36909876 (my window [18454938, 18454938), 1 rounds of 4194304; slabs 0 + 0 limbs per APU 0): 0.029 s
dist_mn node 1: 20132659 x 16777216 limbs over 2 x 4 ranks (cap 2^25): 1 x 2 pieces, 2 formed, 0 skipped (cache 2 slots: 3 hits, 9 misses)
dist_mn node 0: 20132659 + 16777216 + x limbs -> 36909875 (share 18454938): redistribute 0.031 ntt 0.488 crt 0.001 out 0.044 spills+carry 0.010, total 0.597 s
dist_mn node 1: 20132659 + 16777216 + x limbs -> 36909875 (share 18454938): redistribute 0.032 ntt 0.489 crt 0.001 out 0.044 spills+carry 0.010, total 0.612 s
dist_mn node 0: 2^25 = 2^12 x 2^13 over 2 x 4 ranks (rows 512..512; 20132659 + 8388608 limbs at 0, window [0, 10066330) of share [0, 10066330)): redistribute 0.031 ntt 0.299 crt 0.000 out 0.014 spills+carry 0.001 total 0.333 s [A cached] [B cached]
dist_mn node 1: 2^25 = 2^12 x 2^13 over 2 x 4 ranks (rows 512..512; 20132659 + 8388608 limbs at 0, window [10066330, 20132661) of share [10066330, 20132661)): redistribute 0.033 ntt 0.300 crt 0.000 out 0.014 spills+carry 0.002 total 0.333 s [A cached] [B cached]
dist_mn node 0: 2^25 = 2^12 x 2^13 over 2 x 4 ranks (rows 512..512; 20132659 + 8388608 limbs at 8388608, window [0, 1677722) of share [0, 10066330), accumulated): redistribute 0.009 ntt 0.194 crt 0.001 out 0.010 spills+carry 0.006 total 0.218 s [A hit] [B cached]
dist_mn node 0: 20132659 x 16777216 limbs over 2 x 4 ranks (cap 2^25): 1 x 2 pieces, 2 formed, 0 skipped (low product) (cache 2 slots: 4 hits, 12 misses)
dist_mn node 1: 2^25 = 2^12 x 2^13 over 2 x 4 ranks (rows 512..512; 20132659 + 8388608 limbs at 8388608, window [1677722, 11744053) of share [10066330, 20132661), accumulated): redistribute 0.007 ntt 0.194 crt 0.001 out 0.011 spills+carry 0.006 total 0.218 s [A hit] [B cached]
dist_mn node 1: 20132659 x 16777216 limbs over 2 x 4 ranks (cap 2^25): 1 x 2 pieces, 2 formed, 0 skipped (low product) (cache 2 slots: 4 hits, 12 misses)
dist_mn node 0: 20132659 + 16777216 limbs -> 20132661 (share 10066330): redistribute 0.040 ntt 0.493 crt 0.001 out 0.024 spills+carry 0.007, total 0.551 s
dist_mn node 1: 20132659 + 16777216 limbs -> 20132661 (share 10066331): redistribute 0.039 ntt 0.494 crt 0.001 out 0.025 spills+carry 0.007, total 0.551 s
dist_mn node 0: 2^25 = 2^12 x 2^13 over 2 x 4 ranks (rows 512..512; 10066330 + 10066330 limbs at 0, window [0, 5033165) of share [0, 5033165)): redistribute 0.035 ntt 0.340 crt 0.001 out 0.011 spills+carry 0.003 total 0.372 s
dist_mn node 0: 10066330 x 10066330 limbs over 2 x 4 ranks (cap 2^25): 1 x 1 pieces, 1 formed, 0 skipped (low product) (cache 0 slots: 4 hits, 12 misses)
dist_mn node 1: 2^25 = 2^12 x 2^13 over 2 x 4 ranks (rows 512..512; 10066330 + 10066330 limbs at 0, window [5033165, 10066330) of share [5033165, 10066330)): redistribute 0.035 ntt 0.343 crt 0.001 out 0.011 spills+carry 0.003 total 0.372 s
dist_mn node 1: 10066330 x 10066330 limbs over 2 x 4 ranks (cap 2^25): 1 x 1 pieces, 1 formed, 0 skipped (low product) (cache 0 slots: 4 hits, 12 misses)
dist_mn node 0: 10066330 + 10066330 limbs -> 1 (share 5033165): redistribute 0.035 ntt 0.340 crt 0.001 out 0.011 spills+carry 0.003, total 0.372 s
dist_mn node 1: 10066330 + 10066330 limbs -> 1 (share 5033165): redistribute 0.035 ntt 0.343 crt 0.001 out 0.011 spills+carry 0.003, total 0.372 s
dist_mn node 0: 2^25 = 2^12 x 2^13 over 2 x 4 ranks (rows 512..512; 20132659 + 8388608 limbs at 0, window [0, 18454937) of share [0, 18454937)): redistribute 0.026 ntt 0.367 crt 0.001 out 0.024 spills+carry 0.002 total 0.410 s [A cached] [B cached]
dist_mn node 1: 2^25 = 2^12 x 2^13 over 2 x 4 ranks (rows 512..512; 20132659 + 8388608 limbs at 0, window [18454937, 28521267) of share [18454937, 36909874)): redistribute 0.032 ntt 0.369 crt 0.001 out 0.022 spills+carry 0.002 total 0.410 s [A cached] [B cached]
dist_mn node 0: 2^25 = 2^12 x 2^13 over 2 x 4 ranks (rows 512..512; 20132659 + 8388608 limbs at 8388608, window [0, 10066329) of share [0, 18454937), accumulated): redistribute 0.007 ntt 0.196 crt 0.000 out 0.018 spills+carry 0.008 total 0.229 s [A hit] [B cached]
dist_mn node 0: 20132659 x 16777216 limbs over 2 x 4 ranks (cap 2^25): 1 x 2 pieces, 2 formed, 0 skipped (low product) (cache 2 slots: 5 hits, 15 misses)
dist_mn node 1: 2^25 = 2^12 x 2^13 over 2 x 4 ranks (rows 512..512; 20132659 + 8388608 limbs at 8388608, window [10066329, 28521266) of share [18454937, 36909874), accumulated): redistribute 0.007 ntt 0.198 crt 0.000 out 0.019 spills+carry 0.008 total 0.229 s [A hit] [B cached]
dist_mn node 1: 20132659 x 16777216 limbs over 2 x 4 ranks (cap 2^25): 1 x 2 pieces, 2 formed, 0 skipped (low product) (cache 2 slots: 5 hits, 15 misses)
dist_mn node 0: 20132659 + 16777216 limbs -> 36909874 (share 18454937): redistribute 0.034 ntt 0.563 crt 0.001 out 0.041 spills+carry 0.010, total 0.639 s
dist_mn node 1: 20132659 + 16777216 limbs -> 36909874 (share 18454937): redistribute 0.039 ntt 0.567 crt 0.001 out 0.040 spills+carry 0.010, total 0.639 s
dist_mn node 0: 2^25 = 2^12 x 2^13 over 2 x 4 ranks (rows 512..512; 20132659 + 8388608 limbs at 0, window [0, 18454937) of share [0, 18454937)): redistribute 0.037 ntt 0.355 crt 0.001 out 0.020 spills+carry 0.002 total 0.401 s [A cached] [B cached]
dist_mn node 1: 2^25 = 2^12 x 2^13 over 2 x 4 ranks (rows 512..512; 20132659 + 8388608 limbs at 0, window [18454937, 28521267) of share [18454937, 36909875)): redistribute 0.038 ntt 0.355 crt 0.001 out 0.022 spills+carry 0.002 total 0.401 s [A cached] [B cached]
dist_mn node 0: 2^25 = 2^12 x 2^13 over 2 x 4 ranks (rows 512..512; 20132659 + 8388608 limbs at 8388608, window [0, 10066329) of share [0, 18454937), accumulated): redistribute 0.007 ntt 0.192 crt 0.000 out 0.018 spills+carry 0.009 total 0.225 s [A hit] [B cached]
dist_mn node 0: 20132659 x 16777216 limbs over 2 x 4 ranks (cap 2^25): 1 x 2 pieces, 2 formed, 0 skipped (low cut) (cache 2 slots: 6 hits, 18 misses)
dist_mn node 1: 2^25 = 2^12 x 2^13 over 2 x 4 ranks (rows 512..512; 20132659 + 8388608 limbs at 8388608, window [10066329, 28521267) of share [18454937, 36909875), accumulated): redistribute 0.007 ntt 0.192 crt 0.000 out 0.019 spills+carry 0.009 total 0.225 s [A hit] [B cached]
dist_mn node 1: 20132659 x 16777216 limbs over 2 x 4 ranks (cap 2^25): 1 x 2 pieces, 2 formed, 0 skipped (low cut) (cache 2 slots: 6 hits, 18 misses)
dist_mn node 0: 20132659 + 16777216 limbs -> 36909875 (share 18454937): redistribute 0.045 ntt 0.548 crt 0.001 out 0.039 spills+carry 0.011, total 0.626 s
dist_mn node 1: 20132659 + 16777216 limbs -> 36909875 (share 18454938): redistribute 0.045 ntt 0.547 crt 0.001 out 0.040 spills+carry 0.011, total 0.626 s
dist_mn node 0: 2^25 = 2^12 x 2^13 over 2 x 4 ranks (rows 512..512; 20132659 + 8388608 limbs at 0, window [0, 18454937) of share [0, 18454937)): redistribute 0.037 ntt 0.358 crt 0.001 out 0.025 spills+carry 0.002 total 0.405 s [A cached] [B cached]
dist_mn node 1: 2^25 = 2^12 x 2^13 over 2 x 4 ranks (rows 512..512; 20132659 + 8388608 limbs at 0, window [18454937, 28521267) of share [18454937, 36909874)): redistribute 0.033 ntt 0.359 crt 0.001 out 0.025 spills+carry 0.002 total 0.405 s [A cached] [B cached]
dist_mn node 0: 2^25 = 2^12 x 2^13 over 2 x 4 ranks (rows 512..512; 20132659 + 8388608 limbs at 8388608, window [0, 10066329) of share [0, 18454937), accumulated): redistribute 0.007 ntt 0.190 crt 0.001 out 0.018 spills+carry 0.008 total 0.224 s [A hit] [B cached]
dist_mn node 0: 20132659 x 16777216 limbs over 2 x 4 ranks (cap 2^25): 1 x 2 pieces, 2 formed, 0 skipped (low product) (low cut) (cache 2 slots: 7 hits, 21 misses)
dist_mn node 1: 2^25 = 2^12 x 2^13 over 2 x 4 ranks (rows 512..512; 20132659 + 8388608 limbs at 8388608, window [10066329, 28521266) of share [18454937, 36909874), accumulated): redistribute 0.007 ntt 0.190 crt 0.001 out 0.018 spills+carry 0.008 total 0.224 s [A hit] [B cached]
dist_mn node 1: 20132659 x 16777216 limbs over 2 x 4 ranks (cap 2^25): 1 x 2 pieces, 2 formed, 0 skipped (low product) (low cut) (cache 2 slots: 7 hits, 21 misses)
dist_mn node 0: 20132659 + 16777216 limbs -> 36909874 (share 18454937): redistribute 0.044 ntt 0.549 crt 0.001 out 0.043 spills+carry 0.010, total 0.631 s
dist_mn node 1: 20132659 + 16777216 limbs -> 36909874 (share 18454937): redistribute 0.040 ntt 0.550 crt 0.001 out 0.043 spills+carry 0.010, total 0.631 s
dist_mn node 0: 2^25 = 2^12 x 2^13 over 2 x 4 ranks (rows 512..512; 20132659 + 8388608 limbs at 0, window [0, 18454937) of share [0, 18454937)): redistribute 0.037 ntt 0.369 crt 0.000 out 0.020 spills+carry 0.002 total 0.416 s [A cached] [B cached]
dist_mn node 1: 2^25 = 2^12 x 2^13 over 2 x 4 ranks (rows 512..512; 20132659 + 8388608 limbs at 0, window [18454937, 28521267) of share [18454937, 36909875)): redistribute 0.037 ntt 0.362 crt 0.000 out 0.020 spills+carry 0.002 total 0.416 s [A cached] [B cached]
dist_mn node 0: 2^25 = 2^12 x 2^13 over 2 x 4 ranks (rows 512..512; 20132659 + 8388608 limbs at 8388608, window [0, 10066329) of share [0, 18454937), accumulated): redistribute 0.007 ntt 0.192 crt 0.000 out 0.023 spills+carry 0.009 total 0.230 s [A hit] [B cached]
dist_mn node 0: 20132659 x 16777216 limbs over 2 x 4 ranks (cap 2^25): 1 x 2 pieces, 2 formed, 0 skipped (low cut) (cache 2 slots: 8 hits, 24 misses)
dist_mn node 1: 2^25 = 2^12 x 2^13 over 2 x 4 ranks (rows 512..512; 20132659 + 8388608 limbs at 8388608, window [10066329, 28521267) of share [18454937, 36909875), accumulated): redistribute 0.006 ntt 0.196 crt 0.000 out 0.022 spills+carry 0.009 total 0.230 s [A hit] [B cached]
dist_mn node 1: 20132659 x 16777216 limbs over 2 x 4 ranks (cap 2^25): 1 x 2 pieces, 2 formed, 0 skipped (low cut) (cache 2 slots: 8 hits, 24 misses)
dist_mn node 0: 20132659 + 16777216 limbs -> 36909875 (share 18454937): redistribute 0.044 ntt 0.561 crt 0.001 out 0.044 spills+carry 0.011, total 0.647 s
dist_mn node 1: 20132659 + 16777216 limbs -> 36909875 (share 18454938): redistribute 0.044 ntt 0.558 crt 0.001 out 0.041 spills+carry 0.011, total 0.647 s
dist_mn node 0: 2^25 = 2^12 x 2^13 over 2 x 4 ranks (rows 512..512; 20132659 + 8388608 limbs at 0, window [0, 18454937) of share [0, 18454937)): redistribute 0.037 ntt 0.366 crt 0.001 out 0.018 spills+carry 0.002 total 0.408 s [A cached] [B cached]
dist_mn node 1: 2^25 = 2^12 x 2^13 over 2 x 4 ranks (rows 512..512; 20132659 + 8388608 limbs at 0, window [18454937, 28521267) of share [18454937, 36909874)): redistribute 0.041 ntt 0.362 crt 0.001 out 0.021 spills+carry 0.002 total 0.408 s [A cached] [B cached]
dist_mn node 0: 2^25 = 2^12 x 2^13 over 2 x 4 ranks (rows 512..512; 20132659 + 8388608 limbs at 8388608, window [0, 10066329) of share [0, 18454937), accumulated): redistribute 0.007 ntt 0.203 crt 0.001 out 0.023 spills+carry 0.008 total 0.237 s [A hit] [B cached]
dist_mn node 0: 20132659 x 16777216 limbs over 2 x 4 ranks (cap 2^25): 1 x 2 pieces, 2 formed, 0 skipped (low product) (low cut) (cache 2 slots: 9 hits, 27 misses)
dist_mn node 1: 2^25 = 2^12 x 2^13 over 2 x 4 ranks (rows 512..512; 20132659 + 8388608 limbs at 8388608, window [10066329, 28521266) of share [18454937, 36909874), accumulated): redistribute 0.006 ntt 0.204 crt 0.001 out 0.021 spills+carry 0.008 total 0.237 s [A hit] [B cached]
dist_mn node 1: 20132659 x 16777216 limbs over 2 x 4 ranks (cap 2^25): 1 x 2 pieces, 2 formed, 0 skipped (low product) (low cut) (cache 2 slots: 9 hits, 27 misses)
dist_mn node 0: 20132659 + 16777216 limbs -> 36909874 (share 18454937): redistribute 0.043 ntt 0.569 crt 0.001 out 0.041 spills+carry 0.010, total 0.647 s
dist_mn node 1: 20132659 + 16777216 limbs -> 36909874 (share 18454937): redistribute 0.048 ntt 0.566 crt 0.001 out 0.042 spills+carry 0.010, total 0.647 s
dist_mn node 0: 20132659 x 16777216 limbs over 2 x 4 ranks (cap 2^25): 1 x 2 pieces, 0 formed, 2 skipped (low cut) (cache 2 slots: 9 hits, 27 misses)
dist_mn node 1: 20132659 x 16777216 limbs over 2 x 4 ranks (cap 2^25): 1 x 2 pieces, 0 formed, 2 skipped (low cut) (cache 2 slots: 9 hits, 27 misses)
dist_mn node 0: 20132659 + 16777216 limbs -> 0 (share 18454937): redistribute 0.000 ntt 0.000 crt 0.000 out 0.000 spills+carry 0.000, total 0.001 s
dist_mn node 1: 20132659 + 16777216 limbs -> 0 (share 18454938): redistribute 0.000 ntt 0.000 crt 0.000 out 0.000 spills+carry 0.000, total 0.001 s
mdev 2^25 (28521267 limbs): repack 0.028 h2d 0.001 fwd 0.003 inv 0.003 d2h 0.025 crt 0.016 total 0.061 s
mdev 2^25 (28521267 limbs): repack 0.030 h2d 0.001 fwd 0.005 inv 0.001 d2h 0.021 crt 0.012 total 0.059 s
mdev 2^25 (28521267 limbs): repack 0.025 h2d 0.001 fwd 0.004 inv 0.004 d2h 0.034 crt 0.013 total 0.070 s
mdev 2^25 (28521267 limbs): repack 0.050 h2d 0.001 fwd 0.005 inv 0.003 d2h 0.028 crt 0.030 total 0.085 s
dist_mn node 1: 20132659 x 16777216 limbs over 2 x 4 ranks (cap 2^25): 1 x 2 pieces, 0 formed, 2 skipped (low product) (low cut) (cache 2 slots: 9 hits, 27 misses)
dist_mn node 0: 20132659 x 16777216 limbs over 2 x 4 ranks (cap 2^25): 1 x 2 pieces, 0 formed, 2 skipped (low product) (low cut) (cache 2 slots: 9 hits, 27 misses)
dist_mn node 1: 20132659 + 16777216 limbs -> 0 (share 18454937): redistribute 0.000 ntt 0.000 crt 0.000 out 0.000 spills+carry 0.000, total 0.002 s
dist_mn node 0: 20132659 + 16777216 limbs -> 0 (share 18454937): redistribute 0.000 ntt 0.000 crt 0.000 out 0.000 spills+carry 0.000, total 0.003 s
mdev 2^25 (28521267 limbs): repack 0.030 h2d 0.001 fwd 0.002 inv 0.001 d2h 0.038 crt 0.026 total 0.080 s
mdev 2^25 (28521267 limbs): repack 0.034 h2d 0.001 fwd 0.003 inv 0.002 d2h 0.030 crt 0.027 total 0.076 s
mdev 2^25 (28521267 limbs): repack 0.025 h2d 0.001 fwd 0.004 inv 0.001 d2h 0.040 crt 0.022 total 0.076 s
mdev 2^25 (28521267 limbs): repack 0.036 h2d 0.001 fwd 0.002 inv 0.001 d2h 0.045 crt 0.031 total 0.089 s
dist_mn node 0: 2^25 = 2^12 x 2^13 over 2 x 4 ranks (rows 512..512; 20132659 + 8388608 limbs at 0, window [0, 18454937) of share [0, 18454937)): redistribute 0.028 ntt 0.335 crt 0.001 out 0.026 spills+carry 0.002 total 0.387 s [B cached]
dist_mn node 1: 2^25 = 2^12 x 2^13 over 2 x 4 ranks (rows 512..512; 20132659 + 8388608 limbs at 0, window [18454937, 28521267) of share [18454937, 36909875)): redistribute 0.028 ntt 0.335 crt 0.001 out 0.026 spills+carry 0.002 total 0.387 s [B cached]
dist_mn node 0: 2^25 = 2^12 x 2^13 over 2 x 4 ranks (rows 512..512; 20132659 + 8388608 limbs at 8388608, window [0, 10066329) of share [0, 18454937), accumulated): redistribute 0.022 ntt 0.308 crt 0.000 out 0.022 spills+carry 0.009 total 0.355 s [B cached]
dist_mn node 0: 20132659 x 16777216 limbs over 2 x 4 ranks (cap 2^25): 1 x 2 pieces, 2 formed, 0 skipped (cache 2 slots: 9 hits, 29 misses)
dist_mn node 1: 2^25 = 2^12 x 2^13 over 2 x 4 ranks (rows 512..512; 20132659 + 8388608 limbs at 8388608, window [10066329, 28521267) of share [18454937, 36909875), accumulated): redistribute 0.022 ntt 0.310 crt 0.000 out 0.021 spills+carry 0.009 total 0.355 s [B cached]
dist_mn node 1: 20132659 x 16777216 limbs over 2 x 4 ranks (cap 2^25): 1 x 2 pieces, 2 formed, 0 skipped (cache 2 slots: 9 hits, 29 misses)
dist_mn node 0: 20132659 + 16777216 limbs -> 36909875 (share 18454937): redistribute 0.050 ntt 0.643 crt 0.001 out 0.048 spills+carry 0.011, total 0.821 s
dist_mn node 1: 20132659 + 16777216 limbs -> 36909875 (share 18454938): redistribute 0.050 ntt 0.645 crt 0.001 out 0.047 spills+carry 0.011, total 0.744 s
dist_mn node 0: 2^25 = 2^12 x 2^13 over 2 x 4 ranks (rows 512..512; 20132659 + 8388608 limbs at 0, window [0, 18454937) of share [0, 18454937)): redistribute 0.019 ntt 0.256 crt 0.000 out 0.021 spills+carry 0.002 total 0.296 s [B hit]
dist_mn node 1: 2^25 = 2^12 x 2^13 over 2 x 4 ranks (rows 512..512; 20132659 + 8388608 limbs at 0, window [18454937, 28521267) of share [18454937, 36909874)): redistribute 0.018 ntt 0.259 crt 0.000 out 0.021 spills+carry 0.002 total 0.296 s [B hit]
dist_mn node 0: 2^25 = 2^12 x 2^13 over 2 x 4 ranks (rows 512..512; 20132659 + 8388608 limbs at 8388608, window [0, 10066329) of share [0, 18454937), accumulated): redistribute 0.017 ntt 0.215 crt 0.001 out 0.021 spills+carry 0.009 total 0.261 s [B hit]
dist_mn node 0: 20132659 x 16777216 limbs over 2 x 4 ranks (cap 2^25): 1 x 2 pieces, 2 formed, 0 skipped (low product) (cache 2 slots: 11 hits, 29 misses)
dist_mn node 1: 2^25 = 2^12 x 2^13 over 2 x 4 ranks (rows 512..512; 20132659 + 8388608 limbs at 8388608, window [10066329, 28521266) of share [18454937, 36909874), accumulated): redistribute 0.017 ntt 0.213 crt 0.001 out 0.023 spills+carry 0.009 total 0.261 s [B hit]
dist_mn node 1: 20132659 x 16777216 limbs over 2 x 4 ranks (cap 2^25): 1 x 2 pieces, 2 formed, 0 skipped (low product) (cache 2 slots: 11 hits, 29 misses)
dist_mn node 0: 20132659 + 16777216 limbs -> 36909874 (share 18454937): redistribute 0.036 ntt 0.471 crt 0.001 out 0.042 spills+carry 0.011, total 0.557 s
dist_mn node 1: 20132659 + 16777216 limbs -> 36909874 (share 18454937): redistribute 0.036 ntt 0.472 crt 0.001 out 0.044 spills+carry 0.011, total 0.557 s
dist_mn node 0: 2^25 = 2^12 x 2^13 over 2 x 4 ranks (rows 512..512; 10066329 + 16777209 limbs at 0, window [0, 13421769) of share [0, 13421769)): redistribute 0.038 ntt 0.359 crt 0.001 out 0.020 spills+carry 0.002 total 0.396 s
dist_mn node 0: 10066329 x 16777209 limbs over 2 x 4 ranks (cap 2^25): 1 x 1 pieces, 1 formed, 0 skipped (cache 0 slots: 0 hits, 0 misses)
dist_mn node 1: 2^25 = 2^12 x 2^13 over 2 x 4 ranks (rows 512..512; 10066329 + 16777209 limbs at 0, window [13421769, 26843538) of share [13421769, 26843538)): redistribute 0.037 ntt 0.354 crt 0.001 out 0.020 spills+carry 0.002 total 0.396 s
dist_mn node 1: 10066329 x 16777209 limbs over 2 x 4 ranks (cap 2^25): 1 x 1 pieces, 1 formed, 0 skipped (cache 0 slots: 0 hits, 0 misses)
dist_mn node 0: 10066329 + 16777209 limbs -> 26843538 (share 13421769): redistribute 0.038 ntt 0.359 crt 0.001 out 0.020 spills+carry 0.002, total 0.397 s
dist_mn node 1: 10066329 + 16777209 limbs -> 26843538 (share 13421769): redistribute 0.037 ntt 0.354 crt 0.001 out 0.020 spills+carry 0.002, total 0.397 s
mdev 2^25 (26843538 limbs): repack 0.035 h2d 0.001 fwd 0.005 inv 0.002 d2h 0.028 crt 0.026 total 0.074 s
mdev 2^25 (26843538 limbs): repack 0.036 h2d 0.001 fwd 0.004 inv 0.003 d2h 0.044 crt 0.014 total 0.086 s
dist_mn node 0: 2^25 = 2^12 x 2^13 over 2 x 4 ranks (rows 512..512; 10066329 + 16777209 limbs at 0, window [0, 5033166) of share [0, 5033166)): redistribute 0.028 ntt 0.359 crt 0.000 out 0.008 spills+carry 0.003 total 0.385 s
dist_mn node 0: 10066329 x 16777209 limbs over 2 x 4 ranks (cap 2^25): 1 x 1 pieces, 1 formed, 0 skipped (low product) (cache 0 slots: 0 hits, 0 misses)
dist_mn node 1: 2^25 = 2^12 x 2^13 over 2 x 4 ranks (rows 512..512; 10066329 + 16777209 limbs at 0, window [5033166, 10066332) of share [5033166, 10066332)): redistribute 0.026 ntt 0.359 crt 0.000 out 0.008 spills+carry 0.003 total 0.384 s
dist_mn node 1: 10066329 x 16777209 limbs over 2 x 4 ranks (cap 2^25): 1 x 1 pieces, 1 formed, 0 skipped (low product) (cache 0 slots: 0 hits, 0 misses)
dist_mn node 0: 10066329 + 16777209 limbs -> 10066332 (share 5033166): redistribute 0.028 ntt 0.359 crt 0.000 out 0.008 spills+carry 0.003, total 0.386 s
dist_mn node 1: 10066329 + 16777209 limbs -> 10066332 (share 5033166): redistribute 0.026 ntt 0.359 crt 0.000 out 0.008 spills+carry 0.003, total 0.386 s
dist_mn node 0: 2^25 = 2^12 x 2^13 over 2 x 4 ranks (rows 512..512; 20132659 + 8388608 limbs at 0, window [0, 18454938) of share [0, 18454938)): redistribute 0.036 ntt 0.369 crt 0.000 out 0.020 spills+carry 0.002 total 0.409 s [A cached] [B cached]
dist_mn node 1: 2^25 = 2^12 x 2^13 over 2 x 4 ranks (rows 512..512; 20132659 + 8388608 limbs at 0, window [18454938, 28521267) of share [18454938, 36909876)): redistribute 0.035 ntt 0.368 crt 0.000 out 0.023 spills+carry 0.002 total 0.409 s [A cached] [B cached]
dist_mn node 0: 2^25 = 2^12 x 2^13 over 2 x 4 ranks (rows 512..512; 20132659 + 8388608 limbs at 8388608, window [0, 10066330) of share [0, 18454938), accumulated): redistribute 0.007 ntt 0.193 crt 0.000 out 0.024 spills+carry 0.009 total 0.227 s [A hit] [B cached]
dist_mn node 1: 2^25 = 2^12 x 2^13 over 2 x 4 ranks (rows 512..512; 20132659 + 8388608 limbs at 8388608, window [10066330, 28521267) of share [18454938, 36909876), accumulated): redistribute 0.007 ntt 0.194 crt 0.000 out 0.022 spills+carry 0.009 total 0.227 s [A hit] [B cached]
mdb_add_shifted node 0: 16777213 limbs at 0 into a basis of 36909876 (my window [0, 16777213), 1 rounds of 4194304; slabs 4194303 + 4194303 limbs per APU 0): 0.028 s
dist_mn node 0: 20132659 x 16777216 limbs over 2 x 4 ranks (cap 2^25): 1 x 2 pieces, 2 formed, 0 skipped (cache 2 slots: 1 hits, 3 misses)
mdb_add_shifted node 1: 16777213 limbs at 0 into a basis of 36909876 (my window [18454938, 18454938), 1 rounds of 4194304; slabs 0 + 0 limbs per APU 0): 0.028 s
dist_mn node 1: 20132659 x 16777216 limbs over 2 x 4 ranks (cap 2^25): 1 x 2 pieces, 2 formed, 0 skipped (cache 2 slots: 1 hits, 3 misses)
dist_mn node 0: 20132659 + 16777216 + x limbs -> 36909875 (share 18454938): redistribute 0.043 ntt 0.563 crt 0.001 out 0.045 spills+carry 0.011, total 0.676 s
dist_mn node 1: 20132659 + 16777216 + x limbs -> 36909875 (share 18454938): redistribute 0.042 ntt 0.562 crt 0.001 out 0.044 spills+carry 0.011, total 0.666 s
mdb_add_shifted node 1: 16777213 limbs at 0 into a basis of 36909876 (my window [18454938, 18454938), 1 rounds of 4194304; slabs 0 + 0 limbs per APU 0): 0.037 s
mdb_add_shifted node 0: 16777213 limbs at 0 into a basis of 36909876 (my window [0, 16777213), 1 rounds of 4194304; slabs 4194303 + 4194303 limbs per APU 0): 0.094 s
mdb_add_shifted node 1: 16777213 limbs at 7 into a basis of 36909876 (my window [18454938, 18454938), 1 rounds of 4194304; slabs 0 + 0 limbs per APU 0): 0.034 s
mdb_add_shifted node 0: 16777213 limbs at 7 into a basis of 36909876 (my window [7, 16777220), 1 rounds of 4194304; slabs 4194303 + 4194303 limbs per APU 0): 0.036 s
mdb_add_shifted node 0: 16777213 limbs at 10066329 into a basis of 36909876 (my window [10066329, 18454938), 1 rounds of 2097168; slabs 2097152 + 2097152 limbs per APU 0): 0.015 s
mdb_add_shifted node 1: 16777213 limbs at 10066329 into a basis of 36909876 (my window [18454938, 26843542), 1 rounds of 2097168; slabs 2097151 + 2097151 limbs per APU 0): 0.018 s
mdb_add_shifted node 0: 16777213 limbs at 20132659 into a basis of 36909876 (my window [20132659, 20132659), 1 rounds of 4194304; slabs 4194303 + 0 limbs per APU 0): 0.043 s
mdb_add_shifted node 1: 16777213 limbs at 20132659 into a basis of 36909876 (my window [20132659, 36909872), 1 rounds of 4194304; slabs 0 + 4194303 limbs per APU 0): 0.036 s
dbig pool: APU0 hipMalloc 0.03 GB inside the phase (free 0.27 GB in 18 extents, largest 0.03; live 0.11 GB in 12 blocks)
dbig pool: APU1 hipMalloc 0.03 GB inside the phase (free 0.27 GB in 18 extents, largest 0.03; live 0.11 GB in 13 blocks)
dbig pool: APU2 hipMalloc 0.03 GB inside the phase (free 0.23 GB in 17 extents, largest 0.03; live 0.11 GB in 14 blocks)
dbig pool: APU3 hipMalloc 0.03 GB inside the phase (free 0.23 GB in 17 extents, largest 0.03; live 0.11 GB in 15 blocks)
dbig pool: APU0 hipMalloc 0.07 GB inside the phase (free 0.27 GB in 18 extents, largest 0.03; live 0.14 GB in 16 blocks)
dbig pool: APU1 hipMalloc 0.07 GB inside the phase (free 0.27 GB in 18 extents, largest 0.03; live 0.14 GB in 17 blocks)
dbig pool: APU2 hipMalloc 0.07 GB inside the phase (free 0.23 GB in 17 extents, largest 0.03; live 0.14 GB in 18 blocks)
dbig pool: APU3 hipMalloc 0.07 GB inside the phase (free 0.23 GB in 17 extents, largest 0.03; live 0.14 GB in 19 blocks)
dbig pool: APU0 hipMalloc 0.07 GB inside the phase (free 0.23 GB in 18 extents, largest 0.03; live 0.14 GB in 16 blocks)
dbig pool: APU1 hipMalloc 0.07 GB inside the phase (free 0.23 GB in 18 extents, largest 0.03; live 0.14 GB in 17 blocks)
dbig pool: APU2 hipMalloc 0.07 GB inside the phase (free 0.23 GB in 18 extents, largest 0.03; live 0.14 GB in 18 blocks)
dbig pool: APU3 hipMalloc 0.07 GB inside the phase (free 0.23 GB in 18 extents, largest 0.03; live 0.14 GB in 19 blocks)
dbig pool: APU0 hipMalloc 0.03 GB inside the phase (free 0.23 GB in 16 extents, largest 0.03; live 0.24 GB in 23 blocks)
dbig pool: APU3 hipMalloc 0.03 GB inside the phase (free 0.20 GB in 15 extents, largest 0.03; live 0.24 GB in 27 blocks)
dbig pool: APU1 hipMalloc 0.03 GB inside the phase (free 0.23 GB in 16 extents, largest 0.03; live 0.24 GB in 31 blocks)
dbig pool: APU2 hipMalloc 0.03 GB inside the phase (free 0.20 GB in 15 extents, largest 0.03; live 0.24 GB in 34 blocks)
dbig pool: APU0 hipMalloc 0.06 GB inside the phase (free 0.27 GB in 17 extents, largest 0.03; live 0.24 GB in 30 blocks)
dbig pool: APU1 hipMalloc 0.06 GB inside the phase (free 0.27 GB in 17 extents, largest 0.03; live 0.24 GB in 30 blocks)
dbig pool: APU2 hipMalloc 0.06 GB inside the phase (free 0.23 GB in 16 extents, largest 0.03; live 0.24 GB in 30 blocks)
dbig pool: APU3 hipMalloc 0.06 GB inside the phase (free 0.23 GB in 16 extents, largest 0.03; live 0.24 GB in 31 blocks)
dist_mn node 0: 2^25 = 2^12 x 2^13 over 2 x 4 ranks (rows 512..512; 17280532 + 11520355 limbs at 0, window [0, 28800887) of share [0, 34561064)): redistribute 0.029 ntt 0.213 crt 0.001 out 0.187 spills+carry 0.004 total 0.454 s [A cached] [B cached]
dist_mn node 1: 2^25 = 2^12 x 2^13 over 2 x 4 ranks (rows 512..512; 17280532 + 11520355 limbs at 0, window [28800887, 28800887) of share [34561064, 69122128)): redistribute 0.031 ntt 0.208 crt 0.000 out 0.221 spills+carry 0.004 total 0.454 s [A cached] [B cached]
dbig pool: APU0 hipMalloc 0.03 GB inside the phase (free 0.18 GB in 16 extents, largest 0.02; live 0.27 GB in 27 blocks)
dbig pool: APU3 hipMalloc 0.03 GB inside the phase (free 0.18 GB in 16 extents, largest 0.02; live 0.27 GB in 31 blocks)
dbig pool: APU2 hipMalloc 0.03 GB inside the phase (free 0.18 GB in 16 extents, largest 0.02; live 0.27 GB in 35 blocks)
dbig pool: APU1 hipMalloc 0.03 GB inside the phase (free 0.18 GB in 16 extents, largest 0.02; live 0.27 GB in 38 blocks)
dist_mn node 0: 2^25 = 2^12 x 2^13 over 2 x 4 ranks (rows 512..512; 17280532 + 11520355 limbs at 17280532, window [0, 17280532) of share [0, 34561064), accumulated): redistribute 0.020 ntt 0.191 crt 0.000 out 0.019 spills+carry 0.019 total 0.245 s [B hit]
dist_mn node 1: 2^25 = 2^12 x 2^13 over 2 x 4 ranks (rows 512..512; 17280532 + 11520355 limbs at 17280532, window [17280532, 28800887) of share [34561064, 69122128), accumulated): redistribute 0.014 ntt 0.195 crt 0.000 out 0.022 spills+carry 0.019 total 0.245 s [B hit]
dbig pool: APU0 hipMalloc 0.05 GB inside the phase (free 0.28 GB in 18 extents, largest 0.03; live 0.29 GB in 34 blocks)
dbig pool: APU1 hipMalloc 0.05 GB inside the phase (free 0.28 GB in 18 extents, largest 0.03; live 0.29 GB in 35 blocks)
dbig pool: APU2 hipMalloc 0.05 GB inside the phase (free 0.24 GB in 17 extents, largest 0.03; live 0.29 GB in 34 blocks)
dbig pool: APU3 hipMalloc 0.05 GB inside the phase (free 0.24 GB in 17 extents, largest 0.03; live 0.29 GB in 35 blocks)
dist_mn node 0: 2^25 = 2^12 x 2^13 over 2 x 4 ranks (rows 512..512; 17280532 + 11520355 limbs at 11520355, window [0, 23040709) of share [0, 34561064), accumulated): redistribute 0.009 ntt 0.202 crt 0.000 out 0.024 spills+carry 0.013 total 0.250 s [A hit] [B cached]
dist_mn node 1: 2^25 = 2^12 x 2^13 over 2 x 4 ranks (rows 512..512; 17280532 + 11520355 limbs at 11520355, window [23040709, 28800887) of share [34561064, 69122128), accumulated): redistribute 0.010 ntt 0.199 crt 0.000 out 0.029 spills+carry 0.013 total 0.250 s [A hit] [B cached]
dbig pool: APU0 hipMalloc 0.05 GB inside the phase (free 0.27 GB in 19 extents, largest 0.03; live 0.21 GB in 20 blocks)
dbig pool: APU1 hipMalloc 0.05 GB inside the phase (free 0.27 GB in 19 extents, largest 0.03; live 0.21 GB in 21 blocks)
dbig pool: APU2 hipMalloc 0.05 GB inside the phase (free 0.27 GB in 19 extents, largest 0.03; live 0.21 GB in 22 blocks)
dbig pool: APU3 hipMalloc 0.05 GB inside the phase (free 0.27 GB in 19 extents, largest 0.03; live 0.21 GB in 23 blocks)
dbig pool: APU3 hipMalloc 0.05 GB inside the phase (free 0.23 GB in 17 extents, largest 0.03; live 0.29 GB in 32 blocks)
dbig pool: APU2 hipMalloc 0.05 GB inside the phase (free 0.23 GB in 17 extents, largest 0.03; live 0.29 GB in 33 blocks)
dbig pool: APU1 hipMalloc 0.05 GB inside the phase (free 0.23 GB in 17 extents, largest 0.03; live 0.29 GB in 34 blocks)
dbig pool: APU0 hipMalloc 0.05 GB inside the phase (free 0.23 GB in 17 extents, largest 0.03; live 0.29 GB in 35 blocks)
dist_mn node 0: 2^25 = 2^12 x 2^13 over 2 x 4 ranks (rows 512..512; 17280532 + 11520355 limbs at 28800887, window [0, 5760177) of share [0, 34561064), accumulated): redistribute 0.033 ntt 0.209 crt 0.000 out 0.143 spills+carry 0.013 total 0.393 s [B hit]
dist_mn node 1: 2^25 = 2^12 x 2^13 over 2 x 4 ranks (rows 512..512; 17280532 + 11520355 limbs at 28800887, window [5760177, 28800887) of share [34561064, 69122128), accumulated): redistribute 0.016 ntt 0.207 crt 0.001 out 0.112 spills+carry 0.013 total 0.393 s [B hit]
dist_mn node 0: 2^25 = 2^12 x 2^13 over 2 x 4 ranks (rows 512..512; 17280532 + 11520354 limbs at 23040710, window [0, 11520354) of share [0, 34561064), accumulated): redistribute 0.015 ntt 0.212 crt 0.000 out 0.023 spills+carry 0.016 total 0.258 s [A hit] [B cached]
dist_mn node 1: 2^25 = 2^12 x 2^13 over 2 x 4 ranks (rows 512..512; 17280532 + 11520354 limbs at 23040710, window [11520354, 28800886) of share [34561064, 69122128), accumulated): redistribute 0.015 ntt 0.215 crt 0.000 out 0.020 spills+carry 0.016 total 0.258 s [A hit] [B cached]
dbig pool: APU0 hipMalloc 0.06 GB inside the phase (free 0.36 GB in 21 extents, largest 0.05; live 0.21 GB in 20 blocks)
dbig pool: APU1 hipMalloc 0.06 GB inside the phase (free 0.36 GB in 21 extents, largest 0.05; live 0.21 GB in 21 blocks)
dbig pool: APU2 hipMalloc 0.06 GB inside the phase (free 0.36 GB in 21 extents, largest 0.05; live 0.21 GB in 22 blocks)
dbig pool: APU3 hipMalloc 0.06 GB inside the phase (free 0.36 GB in 21 extents, largest 0.05; live 0.21 GB in 23 blocks)
dbig pool: APU1 hipMalloc 0.06 GB inside the phase (free 0.33 GB in 19 extents, largest 0.05; live 0.30 GB in 32 blocks)
dbig pool: APU3 hipMalloc 0.06 GB inside the phase (free 0.33 GB in 19 extents, largest 0.05; live 0.30 GB in 33 blocks)
dbig pool: APU2 hipMalloc 0.06 GB inside the phase (free 0.33 GB in 19 extents, largest 0.05; live 0.30 GB in 34 blocks)
dbig pool: APU0 hipMalloc 0.06 GB inside the phase (free 0.33 GB in 19 extents, largest 0.05; live 0.30 GB in 35 blocks)
dist_mn node 0: 2^25 = 2^12 x 2^13 over 2 x 4 ranks (rows 512..512; 17280532 + 11520354 limbs at 40321242, window [0, 0) of share [0, 34561064), accumulated): redistribute 0.039 ntt 0.207 crt 0.001 out 0.181 spills+carry 0.010 total 0.432 s [B hit]
dist_mn node 0: 34561064 x 34561064 limbs over 2 x 4 ranks (cap 2^25): 2 x 3 pieces, 6 formed, 0 skipped (cache 2 slots: 6 hits, 7 misses)
dist_mn node 1: 2^25 = 2^12 x 2^13 over 2 x 4 ranks (rows 512..512; 17280532 + 11520354 limbs at 40321242, window [0, 28800886) of share [34561064, 69122128), accumulated): redistribute 0.020 ntt 0.221 crt 0.001 out 0.093 spills+carry 0.010 total 0.432 s [B hit]
dist_mn node 1: 34561064 x 34561064 limbs over 2 x 4 ranks (cap 2^25): 2 x 3 pieces, 6 formed, 0 skipped (cache 2 slots: 6 hits, 7 misses)
dist_mn node 0: 34561064 + 34561064 limbs -> 69122128 (share 34561064): redistribute 0.146 ntt 1.235 crt 0.003 out 0.577 spills+carry 0.074, total 2.337 s
dist_mn node 1: 34561064 + 34561064 limbs -> 69122128 (share 34561064): redistribute 0.106 ntt 1.245 crt 0.003 out 0.496 spills+carry 0.074, total 2.056 s
mdev 3*2^25 (69122128 limbs): repack 0.077 h2d 0.002 fwd 0.019 inv 0.012 d2h 0.063 crt 0.042 total 0.175 s
mdev 3*2^25 (69122128 limbs): repack 0.074 h2d 0.002 fwd 0.023 inv 0.010 d2h 0.106 crt 0.052 total 0.218 s
   2x3 34561064 x 34561064: 2.59 s
dbig pool: APU0 hipMalloc 0.07 GB inside the phase (free 0.44 GB in 22 extents, largest 0.06; live 0.17 GB in 16 blocks)
dbig pool: APU1 hipMalloc 0.07 GB inside the phase (free 0.44 GB in 22 extents, largest 0.06; live 0.17 GB in 17 blocks)
dbig pool: APU2 hipMalloc 0.07 GB inside the phase (free 0.41 GB in 21 extents, largest 0.06; live 0.17 GB in 18 blocks)
dbig pool: APU3 hipMalloc 0.07 GB inside the phase (free 0.41 GB in 21 extents, largest 0.06; live 0.17 GB in 19 blocks)
dbig pool: APU0 hipMalloc 0.07 GB inside the phase (free 0.51 GB in 24 extents, largest 0.06; live 0.17 GB in 16 blocks)
dbig pool: APU1 hipMalloc 0.07 GB inside the phase (free 0.51 GB in 24 extents, largest 0.06; live 0.17 GB in 17 blocks)
dbig pool: APU2 hipMalloc 0.07 GB inside the phase (free 0.51 GB in 24 extents, largest 0.06; live 0.17 GB in 18 blocks)
dbig pool: APU3 hipMalloc 0.07 GB inside the phase (free 0.51 GB in 24 extents, largest 0.06; live 0.17 GB in 19 blocks)
dist_mn node 0: 2^25 = 2^12 x 2^13 over 2 x 4 ranks (rows 512..512; 17280532 + 11520355 limbs at 0, window [0, 28800887) of share [0, 34561064)): redistribute 0.037 ntt 0.328 crt 0.001 out 0.021 spills+carry 0.001 total 0.367 s [A cached] [B cached]
dist_mn node 1: 2^25 = 2^12 x 2^13 over 2 x 4 ranks (rows 512..512; 17280532 + 11520355 limbs at 0, window [28800887, 28800887) of share [34561064, 69122129)): redistribute 0.038 ntt 0.329 crt 0.001 out 0.019 spills+carry 0.001 total 0.367 s [A cached] [B cached]
dist_mn node 0: 2^25 = 2^12 x 2^13 over 2 x 4 ranks (rows 512..512; 17280532 + 11520355 limbs at 17280532, window [0, 17280532) of share [0, 34561064), accumulated): redistribute 0.013 ntt 0.182 crt 0.001 out 0.024 spills+carry 0.017 total 0.233 s [B hit]
dist_mn node 1: 2^25 = 2^12 x 2^13 over 2 x 4 ranks (rows 512..512; 17280532 + 11520355 limbs at 17280532, window [17280532, 28800887) of share [34561064, 69122129), accumulated): redistribute 0.012 ntt 0.180 crt 0.001 out 0.024 spills+carry 0.017 total 0.233 s [B hit]
dist_mn node 0: 2^25 = 2^12 x 2^13 over 2 x 4 ranks (rows 512..512; 17280532 + 11520355 limbs at 11520355, window [0, 23040709) of share [0, 34561064), accumulated): redistribute 0.011 ntt 0.190 crt 0.000 out 0.018 spills+carry 0.013 total 0.230 s [A hit] [B cached]
dist_mn node 1: 2^25 = 2^12 x 2^13 over 2 x 4 ranks (rows 512..512; 17280532 + 11520355 limbs at 11520355, window [23040709, 28800887) of share [34561064, 69122129), accumulated): redistribute 0.012 ntt 0.190 crt 0.000 out 0.017 spills+carry 0.013 total 0.230 s [A hit] [B cached]
dist_mn node 0: 2^25 = 2^12 x 2^13 over 2 x 4 ranks (rows 512..512; 17280532 + 11520355 limbs at 28800887, window [0, 5760177) of share [0, 34561064), accumulated): redistribute 0.014 ntt 0.196 crt 0.000 out 0.019 spills+carry 0.014 total 0.240 s [B hit]
dist_mn node 1: 2^25 = 2^12 x 2^13 over 2 x 4 ranks (rows 512..512; 17280532 + 11520355 limbs at 28800887, window [5760177, 28800887) of share [34561064, 69122129), accumulated): redistribute 0.014 ntt 0.198 crt 0.000 out 0.019 spills+carry 0.014 total 0.240 s [B hit]
dist_mn node 0: 2^25 = 2^12 x 2^13 over 2 x 4 ranks (rows 512..512; 17280532 + 11520354 limbs at 23040710, window [0, 11520354) of share [0, 34561064), accumulated): redistribute 0.015 ntt 0.196 crt 0.000 out 0.017 spills+carry 0.015 total 0.237 s [A hit] [B cached]
dist_mn node 1: 2^25 = 2^12 x 2^13 over 2 x 4 ranks (rows 512..512; 17280532 + 11520354 limbs at 23040710, window [11520354, 28800886) of share [34561064, 69122129), accumulated): redistribute 0.015 ntt 0.194 crt 0.000 out 0.018 spills+carry 0.015 total 0.237 s [A hit] [B cached]
dist_mn node 0: 2^25 = 2^12 x 2^13 over 2 x 4 ranks (rows 512..512; 17280532 + 11520354 limbs at 40321242, window [0, 0) of share [0, 34561064), accumulated): redistribute 0.021 ntt 0.188 crt 0.000 out 0.022 spills+carry 0.009 total 0.234 s [B hit]
dbig pool: APU0 hipMalloc 0.07 GB inside the phase (free 0.44 GB in 22 extents, largest 0.06; live 0.24 GB in 20 blocks)
dist_mn node 1: 2^25 = 2^12 x 2^13 over 2 x 4 ranks (rows 512..512; 17280532 + 11520354 limbs at 40321242, window [0, 28800886) of share [34561064, 69122129), accumulated): redistribute 0.020 ntt 0.189 crt 0.000 out 0.022 spills+carry 0.010 total 0.234 s [B hit]
dbig pool: APU2 hipMalloc 0.07 GB inside the phase (free 0.51 GB in 24 extents, largest 0.06; live 0.24 GB in 24 blocks)
dbig pool: APU3 hipMalloc 0.07 GB inside the phase (free 0.51 GB in 24 extents, largest 0.06; live 0.24 GB in 27 blocks)
dbig pool: APU1 hipMalloc 0.07 GB inside the phase (free 0.44 GB in 22 extents, largest 0.06; live 0.24 GB in 21 blocks)
dbig pool: APU2 hipMalloc 0.07 GB inside the phase (free 0.41 GB in 21 extents, largest 0.06; live 0.24 GB in 22 blocks)
dbig pool: APU3 hipMalloc 0.07 GB inside the phase (free 0.41 GB in 21 extents, largest 0.06; live 0.24 GB in 23 blocks)
dbig pool: APU0 hipMalloc 0.07 GB inside the phase (free 0.44 GB in 22 extents, largest 0.06; live 0.31 GB in 24 blocks)
dbig pool: APU0 hipMalloc 0.07 GB inside the phase (free 0.44 GB in 22 extents, largest 0.06; live 0.38 GB in 25 blocks)
dbig pool: APU1 hipMalloc 0.07 GB inside the phase (free 0.44 GB in 22 extents, largest 0.06; live 0.31 GB in 27 blocks)
dbig pool: APU1 hipMalloc 0.07 GB inside the phase (free 0.44 GB in 22 extents, largest 0.06; live 0.38 GB in 28 blocks)
dbig pool: APU3 hipMalloc 0.07 GB inside the phase (free 0.41 GB in 20 extents, largest 0.06; live 0.31 GB in 31 blocks)
dbig pool: APU2 hipMalloc 0.07 GB inside the phase (free 0.41 GB in 20 extents, largest 0.06; live 0.31 GB in 34 blocks)
mdb_add_shifted node 0: 34561061 limbs at 0 into a basis of 69122129 (my window [0, 34561061), 1 rounds of 8640272; slabs 8640265 + 8640265 limbs per APU 0): 0.238 s
dist_mn node 0: 34561064 x 34561064 limbs over 2 x 4 ranks (cap 2^25): 2 x 3 pieces, 6 formed, 0 skipped (cache 2 slots: 11 hits, 11 misses)
mdb_add_shifted node 1: 34561061 limbs at 0 into a basis of 69122129 (my window [34561064, 34561064), 1 rounds of 8640272; slabs 0 + 0 limbs per APU 0): 0.238 s
dist_mn node 1: 34561064 x 34561064 limbs over 2 x 4 ranks (cap 2^25): 2 x 3 pieces, 6 formed, 0 skipped (cache 2 slots: 11 hits, 11 misses)
dist_mn node 0: 34561064 + 34561064 + x limbs -> 69122128 (share 34561064): redistribute 0.110 ntt 1.281 crt 0.003 out 0.121 spills+carry 0.069, total 1.853 s
dist_mn node 1: 34561064 + 34561064 + x limbs -> 69122128 (share 34561065): redistribute 0.111 ntt 1.282 crt 0.003 out 0.118 spills+carry 0.069, total 1.801 s
dist_mn node 0: 2^25 = 2^12 x 2^13 over 2 x 4 ranks (rows 512..512; 17280532 + 11520355 limbs at 0, window [0, 17280533) of share [0, 17280533)): redistribute 0.042 ntt 0.365 crt 0.000 out 0.022 spills+carry 0.001 total 0.408 s [A cached] [B cached]
dist_mn node 1: 2^25 = 2^12 x 2^13 over 2 x 4 ranks (rows 512..512; 17280532 + 11520355 limbs at 0, window [17280533, 28800887) of share [17280533, 34561066)): redistribute 0.042 ntt 0.366 crt 0.000 out 0.020 spills+carry 0.001 total 0.408 s [A cached] [B cached]
dist_mn node 1: 2^25 = 2^12 x 2^13 over 2 x 4 ranks (rows 512..512; 17280532 + 11520355 limbs at 17280532, window [1, 17280534) of share [17280533, 34561066), accumulated): redistribute 0.019 ntt 0.207 crt 0.001 out 0.014 spills+carry 0.001 total 0.234 s [B hit]
dist_mn node 0: 2^25 = 2^12 x 2^13 over 2 x 4 ranks (rows 512..512; 17280532 + 11520355 limbs at 17280532, window [0, 1) of share [0, 17280533), accumulated): redistribute 0.023 ntt 0.204 crt 0.001 out 0.013 spills+carry 0.002 total 0.234 s [B hit]
dist_mn node 0: 2^25 = 2^12 x 2^13 over 2 x 4 ranks (rows 512..512; 17280532 + 11520355 limbs at 11520355, window [0, 5760178) of share [0, 17280533), accumulated): redistribute 0.008 ntt 0.197 crt 0.001 out 0.016 spills+carry 0.003 total 0.223 s [A hit] [B cached]
dist_mn node 1: 2^25 = 2^12 x 2^13 over 2 x 4 ranks (rows 512..512; 17280532 + 11520355 limbs at 11520355, window [5760178, 23040711) of share [17280533, 34561066), accumulated): redistribute 0.009 ntt 0.196 crt 0.001 out 0.015 spills+carry 0.004 total 0.223 s [A hit] [B cached]
dist_mn node 0: 2^25 = 2^12 x 2^13 over 2 x 4 ranks (rows 512..512; 17280532 + 11520355 limbs at 28800887, window [0, 0) of share [0, 17280533), accumulated): redistribute 0.015 ntt 0.192 crt 0.000 out 0.009 spills+carry 0.003 total 0.216 s [B hit]
dist_mn node 1: 2^25 = 2^12 x 2^13 over 2 x 4 ranks (rows 512..512; 17280532 + 11520355 limbs at 28800887, window [0, 5760179) of share [17280533, 34561066), accumulated): redistribute 0.014 ntt 0.193 crt 0.000 out 0.010 spills+carry 0.003 total 0.216 s [B hit]
dist_mn node 0: 2^25 = 2^12 x 2^13 over 2 x 4 ranks (rows 512..512; 17280532 + 11520354 limbs at 23040710, window [0, 0) of share [0, 17280533), accumulated): redistribute 0.011 ntt 0.209 crt 0.000 out 0.015 spills+carry 0.006 total 0.239 s [A hit] [B cached]
dist_mn node 0: 34561064 x 34561064 limbs over 2 x 4 ranks (cap 2^25): 2 x 3 pieces, 5 formed, 1 skipped (low product) (cache 2 slots: 15 hits, 15 misses)
dist_mn node 1: 2^25 = 2^12 x 2^13 over 2 x 4 ranks (rows 512..512; 17280532 + 11520354 limbs at 23040710, window [0, 11520356) of share [17280533, 34561066), accumulated): redistribute 0.011 ntt 0.208 crt 0.000 out 0.018 spills+carry 0.006 total 0.239 s [A hit] [B cached]
dist_mn node 1: 34561064 x 34561064 limbs over 2 x 4 ranks (cap 2^25): 2 x 3 pieces, 5 formed, 1 skipped (low product) (cache 2 slots: 15 hits, 15 misses)
dist_mn node 0: 34561064 + 34561064 limbs -> 34561066 (share 17280533): redistribute 0.099 ntt 1.167 crt 0.003 out 0.074 spills+carry 0.015, total 1.321 s
dist_mn node 1: 34561064 + 34561064 limbs -> 34561066 (share 17280533): redistribute 0.095 ntt 1.169 crt 0.003 out 0.078 spills+carry 0.015, total 1.321 s
dist_mn node 0: 2^25 = 2^12 x 2^13 over 2 x 4 ranks (rows 512..512; 17280533 + 8640267 limbs at 0, window [0, 8640266) of share [0, 8640266)): redistribute 0.059 ntt 0.378 crt 0.000 out 0.012 spills+carry 0.000 total 0.410 s [A cached] [B cached]
dist_mn node 1: 2^25 = 2^12 x 2^13 over 2 x 4 ranks (rows 512..512; 17280533 + 8640267 limbs at 0, window [8640266, 17280533) of share [8640266, 17280533)): redistribute 0.057 ntt 0.377 crt 0.000 out 0.014 spills+carry 0.000 total 0.410 s [A cached] [B cached]
dist_mn node 0: 2^25 = 2^12 x 2^13 over 2 x 4 ranks (rows 512..512; 17280533 + 8640266 limbs at 8640267, window [0, 0) of share [0, 8640266), accumulated): redistribute 0.007 ntt 0.190 crt 0.000 out 0.008 spills+carry 0.001 total 0.206 s [A hit] [B cached]
dist_mn node 0: 17280533 x 17280533 limbs over 2 x 4 ranks (cap 2^25): 1 x 2 pieces, 2 formed, 0 skipped (low product) (cache 2 slots: 16 hits, 18 misses)
dist_mn node 1: 2^25 = 2^12 x 2^13 over 2 x 4 ranks (rows 512..512; 17280533 + 8640266 limbs at 8640267, window [0, 8640266) of share [8640266, 17280533), accumulated): redistribute 0.008 ntt 0.191 crt 0.000 out 0.009 spills+carry 0.001 total 0.206 s [A hit] [B cached]
dist_mn node 1: 17280533 x 17280533 limbs over 2 x 4 ranks (cap 2^25): 1 x 2 pieces, 2 formed, 0 skipped (low product) (cache 2 slots: 16 hits, 18 misses)
dist_mn node 0: 17280533 + 17280533 limbs -> 17280533 (share 8640266): redistribute 0.066 ntt 0.569 crt 0.001 out 0.021 spills+carry 0.001, total 0.618 s
dist_mn node 1: 17280533 + 17280533 limbs -> 17280533 (share 8640267): redistribute 0.064 ntt 0.567 crt 0.001 out 0.022 spills+carry 0.001, total 0.618 s
dist_mn node 0: 2^25 = 2^12 x 2^13 over 2 x 4 ranks (rows 512..512; 17280532 + 11520355 limbs at 0, window [0, 28800887) of share [0, 34561063)): redistribute 0.046 ntt 0.350 crt 0.001 out 0.021 spills+carry 0.001 total 0.398 s [A cached] [B cached]
dist_mn node 1: 2^25 = 2^12 x 2^13 over 2 x 4 ranks (rows 512..512; 17280532 + 11520355 limbs at 0, window [28800887, 28800887) of share [34561063, 69122127)): redistribute 0.046 ntt 0.349 crt 0.001 out 0.021 spills+carry 0.001 total 0.398 s [A cached] [B cached]
dist_mn node 0: 2^25 = 2^12 x 2^13 over 2 x 4 ranks (rows 512..512; 17280532 + 11520355 limbs at 17280532, window [0, 17280531) of share [0, 34561063), accumulated): redistribute 0.013 ntt 0.196 crt 0.000 out 0.019 spills+carry 0.017 total 0.243 s [B hit]
dist_mn node 1: 2^25 = 2^12 x 2^13 over 2 x 4 ranks (rows 512..512; 17280532 + 11520355 limbs at 17280532, window [17280531, 28800887) of share [34561063, 69122127), accumulated): redistribute 0.013 ntt 0.199 crt 0.000 out 0.018 spills+carry 0.017 total 0.243 s [B hit]
dist_mn node 0: 2^25 = 2^12 x 2^13 over 2 x 4 ranks (rows 512..512; 17280532 + 11520355 limbs at 11520355, window [0, 23040708) of share [0, 34561063), accumulated): redistribute 0.008 ntt 0.199 crt 0.000 out 0.020 spills+carry 0.014 total 0.239 s [A hit] [B cached]
dist_mn node 1: 2^25 = 2^12 x 2^13 over 2 x 4 ranks (rows 512..512; 17280532 + 11520355 limbs at 11520355, window [23040708, 28800887) of share [34561063, 69122127), accumulated): redistribute 0.010 ntt 0.199 crt 0.000 out 0.020 spills+carry 0.014 total 0.239 s [A hit] [B cached]
dist_mn node 0: 2^25 = 2^12 x 2^13 over 2 x 4 ranks (rows 512..512; 17280532 + 11520355 limbs at 28800887, window [0, 5760176) of share [0, 34561063), accumulated): redistribute 0.015 ntt 0.200 crt 0.000 out 0.025 spills+carry 0.013 total 0.253 s [B hit]
dist_mn node 1: 2^25 = 2^12 x 2^13 over 2 x 4 ranks (rows 512..512; 17280532 + 11520355 limbs at 28800887, window [5760176, 28800887) of share [34561063, 69122127), accumulated): redistribute 0.015 ntt 0.203 crt 0.000 out 0.025 spills+carry 0.013 total 0.253 s [B hit]
dist_mn node 0: 2^25 = 2^12 x 2^13 over 2 x 4 ranks (rows 512..512; 17280532 + 11520354 limbs at 23040710, window [0, 11520353) of share [0, 34561063), accumulated): redistribute 0.010 ntt 0.201 crt 0.000 out 0.025 spills+carry 0.016 total 0.247 s [A hit] [B cached]
dist_mn node 1: 2^25 = 2^12 x 2^13 over 2 x 4 ranks (rows 512..512; 17280532 + 11520354 limbs at 23040710, window [11520353, 28800886) of share [34561063, 69122127), accumulated): redistribute 0.010 ntt 0.200 crt 0.000 out 0.025 spills+carry 0.016 total 0.247 s [A hit] [B cached]
dist_mn node 0: 2^25 = 2^12 x 2^13 over 2 x 4 ranks (rows 512..512; 17280532 + 11520354 limbs at 40321242, window [0, 0) of share [0, 34561063), accumulated): redistribute 0.016 ntt 0.200 crt 0.000 out 0.027 spills+carry 0.009 total 0.249 s [B hit]
dist_mn node 0: 34561064 x 34561064 limbs over 2 x 4 ranks (cap 2^25): 2 x 3 pieces, 6 formed, 0 skipped (low product) (cache 2 slots: 21 hits, 22 misses)
dist_mn node 1: 2^25 = 2^12 x 2^13 over 2 x 4 ranks (rows 512..512; 17280532 + 11520354 limbs at 40321242, window [0, 28800885) of share [34561063, 69122127), accumulated): redistribute 0.013 ntt 0.200 crt 0.000 out 0.027 spills+carry 0.009 total 0.249 s [B hit]
dist_mn node 1: 34561064 x 34561064 limbs over 2 x 4 ranks (cap 2^25): 2 x 3 pieces, 6 formed, 0 skipped (low product) (cache 2 slots: 21 hits, 22 misses)
dist_mn node 0: 34561064 + 34561064 limbs -> 69122127 (share 34561063): redistribute 0.109 ntt 1.346 crt 0.003 out 0.137 spills+carry 0.069, total 1.631 s
dist_mn node 1: 34561064 + 34561064 limbs -> 69122127 (share 34561064): redistribute 0.107 ntt 1.350 crt 0.003 out 0.137 spills+carry 0.070, total 1.631 s
dist_mn node 0: 2^25 = 2^12 x 2^13 over 2 x 4 ranks (rows 512..512; 17280532 + 11520355 limbs at 17280532, window [0, 17280532) of share [0, 34561064), accumulated): redistribute 0.054 ntt 0.365 crt 0.000 out 0.024 spills+carry 0.017 total 0.434 s [B cached]
dist_mn node 1: 2^25 = 2^12 x 2^13 over 2 x 4 ranks (rows 512..512; 17280532 + 11520355 limbs at 17280532, window [17280532, 28800887) of share [34561064, 69122128), accumulated): redistribute 0.052 ntt 0.366 crt 0.000 out 0.023 spills+carry 0.017 total 0.434 s [B cached]
dist_mn node 0: 2^25 = 2^12 x 2^13 over 2 x 4 ranks (rows 512..512; 17280532 + 11520355 limbs at 11520355, window [0, 23040709) of share [0, 34561064), accumulated): redistribute 0.020 ntt 0.297 crt 0.001 out 0.020 spills+carry 0.014 total 0.350 s [A cached] [B cached]
dist_mn node 1: 2^25 = 2^12 x 2^13 over 2 x 4 ranks (rows 512..512; 17280532 + 11520355 limbs at 11520355, window [23040709, 28800887) of share [34561064, 69122128), accumulated): redistribute 0.021 ntt 0.297 crt 0.001 out 0.021 spills+carry 0.014 total 0.350 s [A cached] [B cached]
dist_mn node 0: 2^25 = 2^12 x 2^13 over 2 x 4 ranks (rows 512..512; 17280532 + 11520355 limbs at 28800887, window [0, 5760177) of share [0, 34561064), accumulated): redistribute 0.020 ntt 0.205 crt 0.001 out 0.024 spills+carry 0.013 total 0.254 s [B hit]
dist_mn node 1: 2^25 = 2^12 x 2^13 over 2 x 4 ranks (rows 512..512; 17280532 + 11520355 limbs at 28800887, window [5760177, 28800887) of share [34561064, 69122128), accumulated): redistribute 0.018 ntt 0.203 crt 0.001 out 0.026 spills+carry 0.012 total 0.254 s [B hit]
dist_mn node 0: 2^25 = 2^12 x 2^13 over 2 x 4 ranks (rows 512..512; 17280532 + 11520354 limbs at 23040710, window [0, 11520354) of share [0, 34561064), accumulated): redistribute 0.010 ntt 0.206 crt 0.000 out 0.024 spills+carry 0.016 total 0.252 s [A hit] [B cached]
dist_mn node 1: 2^25 = 2^12 x 2^13 over 2 x 4 ranks (rows 512..512; 17280532 + 11520354 limbs at 23040710, window [11520354, 28800886) of share [34561064, 69122128), accumulated): redistribute 0.010 ntt 0.207 crt 0.000 out 0.023 spills+carry 0.016 total 0.252 s [A hit] [B cached]
dist_mn node 0: 2^25 = 2^12 x 2^13 over 2 x 4 ranks (rows 512..512; 17280532 + 11520354 limbs at 40321242, window [0, 0) of share [0, 34561064), accumulated): redistribute 0.023 ntt 0.212 crt 0.000 out 0.026 spills+carry 0.010 total 0.260 s [B hit]
dist_mn node 0: 34561064 x 34561064 limbs over 2 x 4 ranks (cap 2^25): 2 x 3 pieces, 5 formed, 1 skipped (low cut) (cache 2 slots: 24 hits, 26 misses)
dist_mn node 1: 2^25 = 2^12 x 2^13 over 2 x 4 ranks (rows 512..512; 17280532 + 11520354 limbs at 40321242, window [0, 28800886) of share [34561064, 69122128), accumulated): redistribute 0.021 ntt 0.214 crt 0.000 out 0.025 spills+carry 0.010 total 0.260 s [B hit]
dist_mn node 1: 34561064 x 34561064 limbs over 2 x 4 ranks (cap 2^25): 2 x 3 pieces, 5 formed, 1 skipped (low cut) (cache 2 slots: 24 hits, 26 misses)
dist_mn node 0: 34561064 + 34561064 limbs -> 69122128 (share 34561064): redistribute 0.127 ntt 1.284 crt 0.003 out 0.119 spills+carry 0.069, total 1.552 s
dist_mn node 1: 34561064 + 34561064 limbs -> 69122128 (share 34561064): redistribute 0.122 ntt 1.288 crt 0.003 out 0.118 spills+carry 0.069, total 1.552 s
mdev 2^25 (28800887 limbs): repack 0.027 h2d 0.001 fwd 0.002 inv 0.002 d2h 0.018 crt 0.015 total 0.055 s
mdev 2^25 (28800887 limbs): repack 0.033 h2d 0.001 fwd 0.004 inv 0.001 d2h 0.018 crt 0.021 total 0.059 s
dist_mn node 0: 2^25 = 2^12 x 2^13 over 2 x 4 ranks (rows 512..512; 17280532 + 11520355 limbs at 17280532, window [0, 17280531) of share [0, 34561063), accumulated): redistribute 0.039 ntt 0.329 crt 0.000 out 0.024 spills+carry 0.017 total 0.389 s [B cached]
dist_mn node 1: 2^25 = 2^12 x 2^13 over 2 x 4 ranks (rows 512..512; 17280532 + 11520355 limbs at 17280532, window [17280531, 28800887) of share [34561063, 69122127), accumulated): redistribute 0.039 ntt 0.331 crt 0.000 out 0.022 spills+carry 0.017 total 0.389 s [B cached]
dist_mn node 0: 2^25 = 2^12 x 2^13 over 2 x 4 ranks (rows 512..512; 17280532 + 11520355 limbs at 11520355, window [0, 23040708) of share [0, 34561063), accumulated): redistribute 0.020 ntt 0.292 crt 0.000 out 0.020 spills+carry 0.013 total 0.340 s [A cached] [B cached]
dist_mn node 1: 2^25 = 2^12 x 2^13 over 2 x 4 ranks (rows 512..512; 17280532 + 11520355 limbs at 11520355, window [23040708, 28800887) of share [34561063, 69122127), accumulated): redistribute 0.021 ntt 0.289 crt 0.000 out 0.017 spills+carry 0.014 total 0.340 s [A cached] [B cached]
dist_mn node 0: 2^25 = 2^12 x 2^13 over 2 x 4 ranks (rows 512..512; 17280532 + 11520355 limbs at 28800887, window [0, 5760176) of share [0, 34561063), accumulated): redistribute 0.012 ntt 0.192 crt 0.000 out 0.018 spills+carry 0.014 total 0.234 s [B hit]
dist_mn node 1: 2^25 = 2^12 x 2^13 over 2 x 4 ranks (rows 512..512; 17280532 + 11520355 limbs at 28800887, window [5760176, 28800887) of share [34561063, 69122127), accumulated): redistribute 0.012 ntt 0.191 crt 0.000 out 0.020 spills+carry 0.014 total 0.234 s [B hit]
dist_mn node 0: 2^25 = 2^12 x 2^13 over 2 x 4 ranks (rows 512..512; 17280532 + 11520354 limbs at 23040710, window [0, 11520353) of share [0, 34561063), accumulated): redistribute 0.010 ntt 0.199 crt 0.000 out 0.017 spills+carry 0.014 total 0.239 s [A hit] [B cached]
dist_mn node 1: 2^25 = 2^12 x 2^13 over 2 x 4 ranks (rows 512..512; 17280532 + 11520354 limbs at 23040710, window [11520353, 28800886) of share [34561063, 69122127), accumulated): redistribute 0.009 ntt 0.198 crt 0.000 out 0.018 spills+carry 0.014 total 0.239 s [A hit] [B cached]
dist_mn node 0: 2^25 = 2^12 x 2^13 over 2 x 4 ranks (rows 512..512; 17280532 + 11520354 limbs at 40321242, window [0, 0) of share [0, 34561063), accumulated): redistribute 0.016 ntt 0.193 crt 0.000 out 0.023 spills+carry 0.010 total 0.238 s [B hit]
dist_mn node 0: 34561064 x 34561064 limbs over 2 x 4 ranks (cap 2^25): 2 x 3 pieces, 5 formed, 1 skipped (low product) (low cut) (cache 2 slots: 27 hits, 30 misses)
dist_mn node 1: 2^25 = 2^12 x 2^13 over 2 x 4 ranks (rows 512..512; 17280532 + 11520354 limbs at 40321242, window [0, 28800885) of share [34561063, 69122127), accumulated): redistribute 0.013 ntt 0.197 crt 0.000 out 0.023 spills+carry 0.009 total 0.238 s [B hit]
dist_mn node 1: 34561064 x 34561064 limbs over 2 x 4 ranks (cap 2^25): 2 x 3 pieces, 5 formed, 1 skipped (low product) (low cut) (cache 2 slots: 27 hits, 30 misses)
dist_mn node 0: 34561064 + 34561064 limbs -> 69122127 (share 34561063): redistribute 0.097 ntt 1.206 crt 0.002 out 0.102 spills+carry 0.068, total 1.443 s
dist_mn node 1: 34561064 + 34561064 limbs -> 69122127 (share 34561064): redistribute 0.093 ntt 1.207 crt 0.002 out 0.099 spills+carry 0.068, total 1.443 s
mdev 2^25 (28800887 limbs): repack 0.031 h2d 0.001 fwd 0.002 inv 0.001 d2h 0.021 crt 0.009 total 0.060 s
mdev 2^25 (28800887 limbs): repack 0.029 h2d 0.001 fwd 0.003 inv 0.002 d2h 0.018 crt 0.007 total 0.056 s
dist_mn node 0: 2^25 = 2^12 x 2^13 over 2 x 4 ranks (rows 512..512; 17280532 + 11520355 limbs at 0, window [0, 28800887) of share [0, 34561064)): redistribute 0.032 ntt 0.344 crt 0.001 out 0.019 spills+carry 0.001 total 0.385 s [A cached] [B cached]
dist_mn node 1: 2^25 = 2^12 x 2^13 over 2 x 4 ranks (rows 512..512; 17280532 + 11520355 limbs at 0, window [28800887, 28800887) of share [34561064, 69122128)): redistribute 0.032 ntt 0.344 crt 0.001 out 0.019 spills+carry 0.001 total 0.385 s [A cached] [B cached]
dist_mn node 0: 2^25 = 2^12 x 2^13 over 2 x 4 ranks (rows 512..512; 17280532 + 11520355 limbs at 17280532, window [0, 17280532) of share [0, 34561064), accumulated): redistribute 0.013 ntt 0.193 crt 0.001 out 0.027 spills+carry 0.016 total 0.245 s [B hit]
dist_mn node 1: 2^25 = 2^12 x 2^13 over 2 x 4 ranks (rows 512..512; 17280532 + 11520355 limbs at 17280532, window [17280532, 28800887) of share [34561064, 69122128), accumulated): redistribute 0.013 ntt 0.192 crt 0.001 out 0.027 spills+carry 0.016 total 0.245 s [B hit]
dist_mn node 0: 2^25 = 2^12 x 2^13 over 2 x 4 ranks (rows 512..512; 17280532 + 11520355 limbs at 11520355, window [0, 23040709) of share [0, 34561064), accumulated): redistribute 0.009 ntt 0.197 crt 0.001 out 0.025 spills+carry 0.013 total 0.241 s [A hit] [B cached]
dist_mn node 1: 2^25 = 2^12 x 2^13 over 2 x 4 ranks (rows 512..512; 17280532 + 11520355 limbs at 11520355, window [23040709, 28800887) of share [34561064, 69122128), accumulated): redistribute 0.012 ntt 0.195 crt 0.001 out 0.027 spills+carry 0.013 total 0.241 s [A hit] [B cached]
dist_mn node 0: 2^25 = 2^12 x 2^13 over 2 x 4 ranks (rows 512..512; 17280532 + 11520355 limbs at 28800887, window [0, 5760177) of share [0, 34561064), accumulated): redistribute 0.013 ntt 0.192 crt 0.000 out 0.019 spills+carry 0.013 total 0.236 s [B hit]
dist_mn node 1: 2^25 = 2^12 x 2^13 over 2 x 4 ranks (rows 512..512; 17280532 + 11520355 limbs at 28800887, window [5760177, 28800887) of share [34561064, 69122128), accumulated): redistribute 0.013 ntt 0.192 crt 0.000 out 0.020 spills+carry 0.013 total 0.236 s [B hit]
dist_mn node 0: 2^25 = 2^12 x 2^13 over 2 x 4 ranks (rows 512..512; 17280532 + 11520354 limbs at 23040710, window [0, 11520354) of share [0, 34561064), accumulated): redistribute 0.010 ntt 0.198 crt 0.001 out 0.017 spills+carry 0.016 total 0.238 s [A hit] [B cached]
dist_mn node 1: 2^25 = 2^12 x 2^13 over 2 x 4 ranks (rows 512..512; 17280532 + 11520354 limbs at 23040710, window [11520354, 28800886) of share [34561064, 69122128), accumulated): redistribute 0.009 ntt 0.196 crt 0.001 out 0.018 spills+carry 0.016 total 0.238 s [A hit] [B cached]
dist_mn node 0: 2^25 = 2^12 x 2^13 over 2 x 4 ranks (rows 512..512; 17280532 + 11520354 limbs at 40321242, window [0, 0) of share [0, 34561064), accumulated): redistribute 0.016 ntt 0.193 crt 0.000 out 0.027 spills+carry 0.010 total 0.241 s [B hit]
dist_mn node 0: 34561064 x 34561064 limbs over 2 x 4 ranks (cap 2^25): 2 x 3 pieces, 6 formed, 0 skipped (low cut) (cache 2 slots: 32 hits, 34 misses)
dist_mn node 1: 2^25 = 2^12 x 2^13 over 2 x 4 ranks (rows 512..512; 17280532 + 11520354 limbs at 40321242, window [0, 28800886) of share [34561064, 69122128), accumulated): redistribute 0.015 ntt 0.195 crt 0.000 out 0.025 spills+carry 0.010 total 0.241 s [B hit]
dist_mn node 1: 34561064 x 34561064 limbs over 2 x 4 ranks (cap 2^25): 2 x 3 pieces, 6 formed, 0 skipped (low cut) (cache 2 slots: 32 hits, 34 misses)
dist_mn node 0: 34561064 + 34561064 limbs -> 69122128 (share 34561064): redistribute 0.093 ntt 1.316 crt 0.003 out 0.134 spills+carry 0.069, total 1.586 s
dist_mn node 1: 34561064 + 34561064 limbs -> 69122128 (share 34561064): redistribute 0.094 ntt 1.315 crt 0.004 out 0.135 spills+carry 0.069, total 1.586 s
dist_mn node 0: 2^25 = 2^12 x 2^13 over 2 x 4 ranks (rows 512..512; 17280532 + 11520355 limbs at 0, window [0, 28800887) of share [0, 34561063)): redistribute 0.049 ntt 0.346 crt 0.000 out 0.021 spills+carry 0.001 total 0.392 s [A cached] [B cached]
dist_mn node 1: 2^25 = 2^12 x 2^13 over 2 x 4 ranks (rows 512..512; 17280532 + 11520355 limbs at 0, window [28800887, 28800887) of share [34561063, 69122127)): redistribute 0.048 ntt 0.347 crt 0.000 out 0.019 spills+carry 0.001 total 0.392 s [A cached] [B cached]
dist_mn node 0: 2^25 = 2^12 x 2^13 over 2 x 4 ranks (rows 512..512; 17280532 + 11520355 limbs at 17280532, window [0, 17280531) of share [0, 34561063), accumulated): redistribute 0.013 ntt 0.199 crt 0.000 out 0.021 spills+carry 0.016 total 0.249 s [B hit]
dist_mn node 1: 2^25 = 2^12 x 2^13 over 2 x 4 ranks (rows 512..512; 17280532 + 11520355 limbs at 17280532, window [17280531, 28800887) of share [34561063, 69122127), accumulated): redistribute 0.013 ntt 0.200 crt 0.000 out 0.021 spills+carry 0.016 total 0.249 s [B hit]
dist_mn node 0: 2^25 = 2^12 x 2^13 over 2 x 4 ranks (rows 512..512; 17280532 + 11520355 limbs at 11520355, window [0, 23040708) of share [0, 34561063), accumulated): redistribute 0.010 ntt 0.203 crt 0.000 out 0.020 spills+carry 0.013 total 0.244 s [A hit] [B cached]
dist_mn node 1: 2^25 = 2^12 x 2^13 over 2 x 4 ranks (rows 512..512; 17280532 + 11520355 limbs at 11520355, window [23040708, 28800887) of share [34561063, 69122127), accumulated): redistribute 0.011 ntt 0.199 crt 0.000 out 0.022 spills+carry 0.014 total 0.244 s [A hit] [B cached]
dist_mn node 0: 2^25 = 2^12 x 2^13 over 2 x 4 ranks (rows 512..512; 17280532 + 11520355 limbs at 28800887, window [0, 5760176) of share [0, 34561063), accumulated): redistribute 0.014 ntt 0.191 crt 0.000 out 0.022 spills+carry 0.013 total 0.234 s [B hit]
dist_mn node 1: 2^25 = 2^12 x 2^13 over 2 x 4 ranks (rows 512..512; 17280532 + 11520355 limbs at 28800887, window [5760176, 28800887) of share [34561063, 69122127), accumulated): redistribute 0.013 ntt 0.190 crt 0.000 out 0.022 spills+carry 0.013 total 0.234 s [B hit]
dist_mn node 0: 2^25 = 2^12 x 2^13 over 2 x 4 ranks (rows 512..512; 17280532 + 11520354 limbs at 23040710, window [0, 11520353) of share [0, 34561063), accumulated): redistribute 0.009 ntt 0.194 crt 0.000 out 0.022 spills+carry 0.015 total 0.237 s [A hit] [B cached]
dist_mn node 1: 2^25 = 2^12 x 2^13 over 2 x 4 ranks (rows 512..512; 17280532 + 11520354 limbs at 23040710, window [11520353, 28800886) of share [34561063, 69122127), accumulated): redistribute 0.009 ntt 0.193 crt 0.000 out 0.022 spills+carry 0.015 total 0.237 s [A hit] [B cached]
dist_mn node 0: 2^25 = 2^12 x 2^13 over 2 x 4 ranks (rows 512..512; 17280532 + 11520354 limbs at 40321242, window [0, 0) of share [0, 34561063), accumulated): redistribute 0.016 ntt 0.192 crt 0.001 out 0.020 spills+carry 0.010 total 0.234 s [B hit]
dist_mn node 0: 34561064 x 34561064 limbs over 2 x 4 ranks (cap 2^25): 2 x 3 pieces, 6 formed, 0 skipped (low product) (low cut) (cache 2 slots: 37 hits, 38 misses)
dist_mn node 1: 2^25 = 2^12 x 2^13 over 2 x 4 ranks (rows 512..512; 17280532 + 11520354 limbs at 40321242, window [0, 28800885) of share [34561063, 69122127), accumulated): redistribute 0.015 ntt 0.189 crt 0.001 out 0.022 spills+carry 0.009 total 0.234 s [B hit]
dist_mn node 1: 34561064 x 34561064 limbs over 2 x 4 ranks (cap 2^25): 2 x 3 pieces, 6 formed, 0 skipped (low product) (low cut) (cache 2 slots: 37 hits, 38 misses)
dist_mn node 0: 34561064 + 34561064 limbs -> 69122127 (share 34561063): redistribute 0.111 ntt 1.325 crt 0.003 out 0.125 spills+carry 0.068, total 1.590 s
dist_mn node 1: 34561064 + 34561064 limbs -> 69122127 (share 34561064): redistribute 0.109 ntt 1.318 crt 0.003 out 0.128 spills+carry 0.068, total 1.590 s
dist_mn node 1: 34561064 x 34561064 limbs over 2 x 4 ranks (cap 2^25): 2 x 3 pieces, 0 formed, 6 skipped (low cut) (cache 2 slots: 37 hits, 38 misses)
dist_mn node 0: 34561064 x 34561064 limbs over 2 x 4 ranks (cap 2^25): 2 x 3 pieces, 0 formed, 6 skipped (low cut) (cache 2 slots: 37 hits, 38 misses)
dist_mn node 1: 34561064 + 34561064 limbs -> 0 (share 34561064): redistribute 0.000 ntt 0.000 crt 0.000 out 0.000 spills+carry 0.000, total 0.003 s
dist_mn node 0: 34561064 + 34561064 limbs -> 0 (share 34561064): redistribute 0.000 ntt 0.000 crt 0.000 out 0.000 spills+carry 0.000, total 0.005 s
mdev 2^25 (28800887 limbs): repack 0.022 h2d 0.001 fwd 0.002 inv 0.001 d2h 0.012 crt 0.010 total 0.043 s
mdev 2^25 (28800887 limbs): repack 0.025 h2d 0.001 fwd 0.002 inv 0.001 d2h 0.014 crt 0.012 total 0.047 s
mdev 2^25 (28800887 limbs): repack 0.030 h2d 0.001 fwd 0.002 inv 0.001 d2h 0.023 crt 0.018 total 0.060 s
mdev 2^25 (28800887 limbs): repack 0.050 h2d 0.001 fwd 0.002 inv 0.001 d2h 0.059 crt 0.023 total 0.117 s
mdev 2^25 (28800887 limbs): repack 0.026 h2d 0.001 fwd 0.002 inv 0.001 d2h 0.022 crt 0.006 total 0.057 s
mdev 2^25 (28800887 limbs): repack 0.039 h2d 0.001 fwd 0.002 inv 0.001 d2h 0.029 crt 0.023 total 0.077 s
mdev 2^25 (28800887 limbs): repack 0.028 h2d 0.001 fwd 0.002 inv 0.001 d2h 0.028 crt 0.007 total 0.064 s
mdev 2^25 (28800887 limbs): repack 0.045 h2d 0.001 fwd 0.002 inv 0.001 d2h 0.037 crt 0.039 total 0.091 s
mdev 2^25 (28800886 limbs): repack 0.034 h2d 0.001 fwd 0.002 inv 0.001 d2h 0.023 crt 0.021 total 0.065 s
mdev 2^25 (28800886 limbs): repack 0.031 h2d 0.001 fwd 0.002 inv 0.001 d2h 0.022 crt 0.003 total 0.060 s
mdev 2^25 (28800886 limbs): repack 0.028 h2d 0.001 fwd 0.002 inv 0.001 d2h 0.021 crt 0.015 total 0.056 s
mdev 2^25 (28800886 limbs): repack 0.037 h2d 0.001 fwd 0.002 inv 0.001 d2h 0.017 crt 0.026 total 0.062 s
dist_mn node 0: 34561064 x 34561064 limbs over 2 x 4 ranks (cap 2^25): 2 x 3 pieces, 0 formed, 6 skipped (low product) (low cut) (cache 2 slots: 37 hits, 38 misses)
dist_mn node 1: 34561064 x 34561064 limbs over 2 x 4 ranks (cap 2^25): 2 x 3 pieces, 0 formed, 6 skipped (low product) (low cut) (cache 2 slots: 37 hits, 38 misses)
dist_mn node 0: 34561064 + 34561064 limbs -> 0 (share 34561063): redistribute 0.000 ntt 0.000 crt 0.000 out 0.000 spills+carry 0.000, total 0.003 s
dist_mn node 1: 34561064 + 34561064 limbs -> 0 (share 34561064): redistribute 0.000 ntt 0.000 crt 0.000 out 0.000 spills+carry 0.000, total 0.003 s
mdev 2^25 (28800887 limbs): repack 0.027 h2d 0.001 fwd 0.002 inv 0.001 d2h 0.015 crt 0.012 total 0.050 s
mdev 2^25 (28800887 limbs): repack 0.024 h2d 0.001 fwd 0.002 inv 0.002 d2h 0.020 crt 0.015 total 0.056 s
mdev 2^25 (28800887 limbs): repack 0.032 h2d 0.001 fwd 0.006 inv 0.003 d2h 0.016 crt 0.007 total 0.058 s
mdev 2^25 (28800887 limbs): repack 0.031 h2d 0.001 fwd 0.004 inv 0.003 d2h 0.034 crt 0.015 total 0.077 s
mdev 2^25 (28800887 limbs): repack 0.026 h2d 0.001 fwd 0.002 inv 0.001 d2h 0.024 crt 0.004 total 0.058 s
mdev 2^25 (28800887 limbs): repack 0.026 h2d 0.001 fwd 0.002 inv 0.001 d2h 0.020 crt 0.019 total 0.055 s
mdev 2^25 (28800887 limbs): repack 0.036 h2d 0.001 fwd 0.002 inv 0.001 d2h 0.034 crt 0.039 total 0.077 s
mdev 2^25 (28800887 limbs): repack 0.035 h2d 0.001 fwd 0.002 inv 0.001 d2h 0.022 crt 0.017 total 0.066 s
mdev 2^25 (28800886 limbs): repack 0.036 h2d 0.001 fwd 0.002 inv 0.001 d2h 0.017 crt 0.012 total 0.061 s
mdev 2^25 (28800886 limbs): repack 0.030 h2d 0.001 fwd 0.003 inv 0.002 d2h 0.019 crt 0.016 total 0.055 s
mdev 2^25 (28800886 limbs): repack 0.031 h2d 0.001 fwd 0.002 inv 0.001 d2h 0.024 crt 0.025 total 0.063 s
mdev 2^25 (28800886 limbs): repack 0.038 h2d 0.001 fwd 0.002 inv 0.001 d2h 0.031 crt 0.024 total 0.078 s
dist_mn node 0: 2^25 = 2^12 x 2^13 over 2 x 4 ranks (rows 512..512; 17280532 + 11520355 limbs at 0, window [0, 28800887) of share [0, 34561064)): redistribute 0.046 ntt 0.332 crt 0.000 out 0.018 spills+carry 0.001 total 0.370 s [B cached]
dist_mn node 1: 2^25 = 2^12 x 2^13 over 2 x 4 ranks (rows 512..512; 17280532 + 11520355 limbs at 0, window [28800887, 28800887) of share [34561064, 69122128)): redistribute 0.048 ntt 0.329 crt 0.000 out 0.020 spills+carry 0.001 total 0.370 s [B cached]
dist_mn node 0: 2^25 = 2^12 x 2^13 over 2 x 4 ranks (rows 512..512; 17280532 + 11520355 limbs at 17280532, window [0, 17280532) of share [0, 34561064), accumulated): redistribute 0.018 ntt 0.199 crt 0.000 out 0.020 spills+carry 0.017 total 0.248 s [B hit]
dist_mn node 1: 2^25 = 2^12 x 2^13 over 2 x 4 ranks (rows 512..512; 17280532 + 11520355 limbs at 17280532, window [17280532, 28800887) of share [34561064, 69122128), accumulated): redistribute 0.017 ntt 0.200 crt 0.000 out 0.021 spills+carry 0.017 total 0.248 s [B hit]
dist_mn node 0: 2^25 = 2^12 x 2^13 over 2 x 4 ranks (rows 512..512; 17280532 + 11520355 limbs at 11520355, window [0, 23040709) of share [0, 34561064), accumulated): redistribute 0.021 ntt 0.303 crt 0.000 out 0.023 spills+carry 0.013 total 0.357 s [B cached]
dist_mn node 1: 2^25 = 2^12 x 2^13 over 2 x 4 ranks (rows 512..512; 17280532 + 11520355 limbs at 11520355, window [23040709, 28800887) of share [34561064, 69122128), accumulated): redistribute 0.023 ntt 0.302 crt 0.000 out 0.024 spills+carry 0.013 total 0.357 s [B cached]
dist_mn node 0: 2^25 = 2^12 x 2^13 over 2 x 4 ranks (rows 512..512; 17280532 + 11520355 limbs at 28800887, window [0, 5760177) of share [0, 34561064), accumulated): redistribute 0.021 ntt 0.208 crt 0.001 out 0.020 spills+carry 0.013 total 0.256 s [B hit]
dist_mn node 1: 2^25 = 2^12 x 2^13 over 2 x 4 ranks (rows 512..512; 17280532 + 11520355 limbs at 28800887, window [5760177, 28800887) of share [34561064, 69122128), accumulated): redistribute 0.021 ntt 0.208 crt 0.001 out 0.021 spills+carry 0.012 total 0.256 s [B hit]
dist_mn node 0: 2^25 = 2^12 x 2^13 over 2 x 4 ranks (rows 512..512; 17280532 + 11520354 limbs at 23040710, window [0, 11520354) of share [0, 34561064), accumulated): redistribute 0.023 ntt 0.300 crt 0.000 out 0.023 spills+carry 0.016 total 0.359 s
dist_mn node 1: 2^25 = 2^12 x 2^13 over 2 x 4 ranks (rows 512..512; 17280532 + 11520354 limbs at 23040710, window [11520354, 28800886) of share [34561064, 69122128), accumulated): redistribute 0.023 ntt 0.303 crt 0.000 out 0.021 spills+carry 0.016 total 0.359 s
dist_mn node 0: 2^25 = 2^12 x 2^13 over 2 x 4 ranks (rows 512..512; 17280532 + 11520354 limbs at 40321242, window [0, 0) of share [0, 34561064), accumulated): redistribute 0.020 ntt 0.304 crt 0.000 out 0.020 spills+carry 0.010 total 0.354 s
dist_mn node 0: 34561064 x 34561064 limbs over 2 x 4 ranks (cap 2^25): 2 x 3 pieces, 6 formed, 0 skipped (cache 2 slots: 39 hits, 40 misses)
dist_mn node 1: 2^25 = 2^12 x 2^13 over 2 x 4 ranks (rows 512..512; 17280532 + 11520354 limbs at 40321242, window [0, 28800886) of share [34561064, 69122128), accumulated): redistribute 0.020 ntt 0.305 crt 0.000 out 0.020 spills+carry 0.010 total 0.354 s
dist_mn node 1: 34561064 x 34561064 limbs over 2 x 4 ranks (cap 2^25): 2 x 3 pieces, 6 formed, 0 skipped (cache 2 slots: 39 hits, 40 misses)
dist_mn node 0: 34561064 + 34561064 limbs -> 69122128 (share 34561064): redistribute 0.150 ntt 1.646 crt 0.003 out 0.125 spills+carry 0.069, total 2.070 s
dist_mn node 1: 34561064 + 34561064 limbs -> 69122128 (share 34561064): redistribute 0.151 ntt 1.647 crt 0.003 out 0.125 spills+carry 0.068, total 1.948 s
dist_mn node 0: 2^25 = 2^12 x 2^13 over 2 x 4 ranks (rows 512..512; 17280532 + 11520355 limbs at 0, window [0, 28800887) of share [0, 34561063)): redistribute 0.025 ntt 0.248 crt 0.000 out 0.019 spills+carry 0.001 total 0.283 s [B hit]
dist_mn node 1: 2^25 = 2^12 x 2^13 over 2 x 4 ranks (rows 512..512; 17280532 + 11520355 limbs at 0, window [28800887, 28800887) of share [34561063, 69122127)): redistribute 0.024 ntt 0.248 crt 0.000 out 0.020 spills+carry 0.001 total 0.283 s [B hit]
dist_mn node 0: 2^25 = 2^12 x 2^13 over 2 x 4 ranks (rows 512..512; 17280532 + 11520355 limbs at 17280532, window [0, 17280531) of share [0, 34561063), accumulated): redistribute 0.014 ntt 0.191 crt 0.001 out 0.023 spills+carry 0.016 total 0.242 s [B hit]
dist_mn node 1: 2^25 = 2^12 x 2^13 over 2 x 4 ranks (rows 512..512; 17280532 + 11520355 limbs at 17280532, window [17280531, 28800887) of share [34561063, 69122127), accumulated): redistribute 0.013 ntt 0.191 crt 0.001 out 0.023 spills+carry 0.016 total 0.242 s [B hit]
dist_mn node 0: 2^25 = 2^12 x 2^13 over 2 x 4 ranks (rows 512..512; 17280532 + 11520355 limbs at 11520355, window [0, 23040708) of share [0, 34561063), accumulated): redistribute 0.012 ntt 0.200 crt 0.000 out 0.021 spills+carry 0.014 total 0.245 s [B hit]
dist_mn node 1: 2^25 = 2^12 x 2^13 over 2 x 4 ranks (rows 512..512; 17280532 + 11520355 limbs at 11520355, window [23040708, 28800887) of share [34561063, 69122127), accumulated): redistribute 0.012 ntt 0.200 crt 0.000 out 0.020 spills+carry 0.015 total 0.245 s [B hit]
dist_mn node 0: 2^25 = 2^12 x 2^13 over 2 x 4 ranks (rows 512..512; 17280532 + 11520355 limbs at 28800887, window [0, 5760176) of share [0, 34561063), accumulated): redistribute 0.013 ntt 0.206 crt 0.000 out 0.026 spills+carry 0.013 total 0.256 s [B hit]
dist_mn node 1: 2^25 = 2^12 x 2^13 over 2 x 4 ranks (rows 512..512; 17280532 + 11520355 limbs at 28800887, window [5760176, 28800887) of share [34561063, 69122127), accumulated): redistribute 0.013 ntt 0.208 crt 0.000 out 0.024 spills+carry 0.013 total 0.256 s [B hit]
dist_mn node 0: 2^25 = 2^12 x 2^13 over 2 x 4 ranks (rows 512..512; 17280532 + 11520354 limbs at 23040710, window [0, 11520353) of share [0, 34561063), accumulated): redistribute 0.024 ntt 0.307 crt 0.000 out 0.025 spills+carry 0.015 total 0.366 s
dist_mn node 1: 2^25 = 2^12 x 2^13 over 2 x 4 ranks (rows 512..512; 17280532 + 11520354 limbs at 23040710, window [11520353, 28800886) of share [34561063, 69122127), accumulated): redistribute 0.024 ntt 0.308 crt 0.000 out 0.024 spills+carry 0.015 total 0.366 s
dist_mn node 0: 2^25 = 2^12 x 2^13 over 2 x 4 ranks (rows 512..512; 17280532 + 11520354 limbs at 40321242, window [0, 0) of share [0, 34561063), accumulated): redistribute 0.029 ntt 0.326 crt 0.000 out 0.025 spills+carry 0.010 total 0.383 s
dist_mn node 0: 34561064 x 34561064 limbs over 2 x 4 ranks (cap 2^25): 2 x 3 pieces, 6 formed, 0 skipped (low product) (cache 2 slots: 43 hits, 40 misses)
dist_mn node 1: 2^25 = 2^12 x 2^13 over 2 x 4 ranks (rows 512..512; 17280532 + 11520354 limbs at 40321242, window [0, 28800885) of share [34561063, 69122127), accumulated): redistribute 0.029 ntt 0.329 crt 0.000 out 0.026 spills+carry 0.009 total 0.383 s
dist_mn node 1: 34561064 x 34561064 limbs over 2 x 4 ranks (cap 2^25): 2 x 3 pieces, 6 formed, 0 skipped (low product) (cache 2 slots: 43 hits, 40 misses)
dist_mn node 0: 34561064 + 34561064 limbs -> 69122127 (share 34561063): redistribute 0.117 ntt 1.478 crt 0.003 out 0.139 spills+carry 0.069, total 1.777 s
dist_mn node 1: 34561064 + 34561064 limbs -> 69122127 (share 34561064): redistribute 0.115 ntt 1.484 crt 0.003 out 0.137 spills+carry 0.069, total 1.777 s
dist_mn node 0: 2^25 = 2^12 x 2^13 over 2 x 4 ranks (rows 512..512; 17280532 + 11520353 limbs at 0, window [0, 25920794) of share [0, 25920794)): redistribute 0.042 ntt 0.366 crt 0.000 out 0.020 spills+carry 0.001 total 0.407 s [A cached] [B cached]
dist_mn node 1: 2^25 = 2^12 x 2^13 over 2 x 4 ranks (rows 512..512; 17280532 + 11520353 limbs at 0, window [25920794, 28800885) of share [25920794, 51841589)): redistribute 0.041 ntt 0.368 crt 0.000 out 0.019 spills+carry 0.001 total 0.407 s [A cached] [B cached]
dist_mn node 0: 2^25 = 2^12 x 2^13 over 2 x 4 ranks (rows 512..512; 17280532 + 11520353 limbs at 11520353, window [0, 14400441) of share [0, 25920794), accumulated): redistribute 0.011 ntt 0.194 crt 0.000 out 0.017 spills+carry 0.011 total 0.229 s [A hit] [B cached]
dist_mn node 1: 2^25 = 2^12 x 2^13 over 2 x 4 ranks (rows 512..512; 17280532 + 11520353 limbs at 11520353, window [14400441, 28800885) of share [25920794, 51841589), accumulated): redistribute 0.013 ntt 0.190 crt 0.000 out 0.019 spills+carry 0.011 total 0.229 s [A hit] [B cached]
dist_mn node 0: 2^25 = 2^12 x 2^13 over 2 x 4 ranks (rows 512..512; 17280532 + 11520351 limbs at 23040706, window [0, 2880088) of share [0, 25920794), accumulated): redistribute 0.010 ntt 0.197 crt 0.001 out 0.019 spills+carry 0.002 total 0.226 s [A hit] [B cached]
dist_mn node 0: 17280532 x 34561057 limbs over 2 x 4 ranks (cap 2^25): 1 x 3 pieces, 3 formed, 0 skipped (cache 2 slots: 2 hits, 4 misses)
dist_mn node 1: 2^25 = 2^12 x 2^13 over 2 x 4 ranks (rows 512..512; 17280532 + 11520351 limbs at 23040706, window [2880088, 28800883) of share [25920794, 51841589), accumulated): redistribute 0.010 ntt 0.195 crt 0.001 out 0.021 spills+carry 0.002 total 0.226 s [A hit] [B cached]
dist_mn node 1: 17280532 x 34561057 limbs over 2 x 4 ranks (cap 2^25): 1 x 3 pieces, 3 formed, 0 skipped (cache 2 slots: 2 hits, 4 misses)
dist_mn node 0: 17280532 + 34561057 limbs -> 51841589 (share 25920794): redistribute 0.062 ntt 0.756 crt 0.001 out 0.056 spills+carry 0.014, total 0.863 s
dist_mn node 1: 17280532 + 34561057 limbs -> 51841589 (share 25920795): redistribute 0.064 ntt 0.753 crt 0.001 out 0.059 spills+carry 0.014, total 0.863 s
mdev 2^26 (51841589 limbs): repack 0.058 h2d 0.001 fwd 0.012 inv 0.007 d2h 0.020 crt 0.041 total 0.101 s
mdev 2^26 (51841589 limbs): repack 0.058 h2d 0.001 fwd 0.012 inv 0.007 d2h 0.025 crt 0.021 total 0.105 s
dist_mn node 0: 2^25 = 2^12 x 2^13 over 2 x 4 ranks (rows 512..512; 17280532 + 11520353 limbs at 0, window [0, 8640267) of share [0, 8640267)): redistribute 0.031 ntt 0.359 crt 0.001 out 0.015 spills+carry 0.000 total 0.390 s [A cached] [B cached]
dist_mn node 1: 2^25 = 2^12 x 2^13 over 2 x 4 ranks (rows 512..512; 17280532 + 11520353 limbs at 0, window [8640267, 17280535) of share [8640267, 17280535)): redistribute 0.031 ntt 0.359 crt 0.001 out 0.015 spills+carry 0.001 total 0.390 s [A cached] [B cached]
dist_mn node 0: 2^25 = 2^12 x 2^13 over 2 x 4 ranks (rows 512..512; 17280532 + 11520353 limbs at 11520353, window [0, 0) of share [0, 8640267), accumulated): redistribute 0.010 ntt 0.206 crt 0.000 out 0.009 spills+carry 0.002 total 0.221 s [A hit] [B cached]
dist_mn node 0: 17280532 x 34561057 limbs over 2 x 4 ranks (cap 2^25): 1 x 3 pieces, 2 formed, 1 skipped (low product) (cache 2 slots: 3 hits, 7 misses)
dist_mn node 1: 2^25 = 2^12 x 2^13 over 2 x 4 ranks (rows 512..512; 17280532 + 11520353 limbs at 11520353, window [0, 5760182) of share [8640267, 17280535), accumulated): redistribute 0.009 ntt 0.206 crt 0.000 out 0.010 spills+carry 0.002 total 0.221 s [A hit] [B cached]
dist_mn node 1: 17280532 x 34561057 limbs over 2 x 4 ranks (cap 2^25): 1 x 3 pieces, 2 formed, 1 skipped (low product) (cache 2 slots: 3 hits, 7 misses)
dist_mn node 0: 17280532 + 34561057 limbs -> 17280535 (share 8640267): redistribute 0.042 ntt 0.565 crt 0.001 out 0.024 spills+carry 0.002, total 0.613 s
dist_mn node 1: 17280532 + 34561057 limbs -> 17280535 (share 8640268): redistribute 0.041 ntt 0.564 crt 0.001 out 0.025 spills+carry 0.002, total 0.627 s
dist_mn node 0: 2^25 = 2^12 x 2^13 over 2 x 4 ranks (rows 512..512; 17280532 + 11520355 limbs at 0, window [0, 28800887) of share [0, 34561064)): redistribute 0.046 ntt 0.351 crt 0.001 out 0.019 spills+carry 0.001 total 0.387 s [A cached] [B cached]
dist_mn node 1: 2^25 = 2^12 x 2^13 over 2 x 4 ranks (rows 512..512; 17280532 + 11520355 limbs at 0, window [28800887, 28800887) of share [34561064, 69122129)): redistribute 0.045 ntt 0.349 crt 0.001 out 0.020 spills+carry 0.001 total 0.387 s [A cached] [B cached]
dist_mn node 0: 2^25 = 2^12 x 2^13 over 2 x 4 ranks (rows 512..512; 17280532 + 11520355 limbs at 17280532, window [0, 17280532) of share [0, 34561064), accumulated): redistribute 0.013 ntt 0.192 crt 0.001 out 0.020 spills+carry 0.017 total 0.241 s [B hit]
dist_mn node 1: 2^25 = 2^12 x 2^13 over 2 x 4 ranks (rows 512..512; 17280532 + 11520355 limbs at 17280532, window [17280532, 28800887) of share [34561064, 69122129), accumulated): redistribute 0.013 ntt 0.193 crt 0.001 out 0.020 spills+carry 0.017 total 0.241 s [B hit]
dist_mn node 0: 2^25 = 2^12 x 2^13 over 2 x 4 ranks (rows 512..512; 17280532 + 11520355 limbs at 11520355, window [0, 23040709) of share [0, 34561064), accumulated): redistribute 0.008 ntt 0.185 crt 0.001 out 0.026 spills+carry 0.013 total 0.229 s [A hit] [B cached]
dist_mn node 1: 2^25 = 2^12 x 2^13 over 2 x 4 ranks (rows 512..512; 17280532 + 11520355 limbs at 11520355, window [23040709, 28800887) of share [34561064, 69122129), accumulated): redistribute 0.009 ntt 0.181 crt 0.001 out 0.027 spills+carry 0.013 total 0.229 s [A hit] [B cached]
dist_mn node 0: 2^25 = 2^12 x 2^13 over 2 x 4 ranks (rows 512..512; 17280532 + 11520355 limbs at 28800887, window [0, 5760177) of share [0, 34561064), accumulated): redistribute 0.014 ntt 0.196 crt 0.000 out 0.021 spills+carry 0.013 total 0.240 s [B hit]
dist_mn node 1: 2^25 = 2^12 x 2^13 over 2 x 4 ranks (rows 512..512; 17280532 + 11520355 limbs at 28800887, window [5760177, 28800887) of share [34561064, 69122129), accumulated): redistribute 0.012 ntt 0.196 crt 0.000 out 0.019 spills+carry 0.013 total 0.240 s [B hit]
dist_mn node 0: 2^25 = 2^12 x 2^13 over 2 x 4 ranks (rows 512..512; 17280532 + 11520354 limbs at 23040710, window [0, 11520354) of share [0, 34561064), accumulated): redistribute 0.010 ntt 0.204 crt 0.000 out 0.019 spills+carry 0.016 total 0.249 s [A hit] [B cached]
dist_mn node 1: 2^25 = 2^12 x 2^13 over 2 x 4 ranks (rows 512..512; 17280532 + 11520354 limbs at 23040710, window [11520354, 28800886) of share [34561064, 69122129), accumulated): redistribute 0.009 ntt 0.202 crt 0.000 out 0.022 spills+carry 0.016 total 0.249 s [A hit] [B cached]
dist_mn node 0: 2^25 = 2^12 x 2^13 over 2 x 4 ranks (rows 512..512; 17280532 + 11520354 limbs at 40321242, window [0, 0) of share [0, 34561064), accumulated): redistribute 0.014 ntt 0.198 crt 0.001 out 0.018 spills+carry 0.009 total 0.238 s [B hit]
dist_mn node 1: 2^25 = 2^12 x 2^13 over 2 x 4 ranks (rows 512..512; 17280532 + 11520354 limbs at 40321242, window [0, 28800886) of share [34561064, 69122129), accumulated): redistribute 0.013 ntt 0.199 crt 0.001 out 0.021 spills+carry 0.009 total 0.238 s [B hit]
mdb_add_shifted node 0: 34561061 limbs at 0 into a basis of 69122129 (my window [0, 34561061), 1 rounds of 8640272; slabs 8640265 + 8640265 limbs per APU 0): 0.037 s
dist_mn node 0: 34561064 x 34561064 limbs over 2 x 4 ranks (cap 2^25): 2 x 3 pieces, 6 formed, 0 skipped (cache 2 slots: 8 hits, 11 misses)
mdb_add_shifted node 1: 34561061 limbs at 0 into a basis of 69122129 (my window [34561064, 34561064), 1 rounds of 8640272; slabs 0 + 0 limbs per APU 0): 0.037 s
dist_mn node 1: 34561064 x 34561064 limbs over 2 x 4 ranks (cap 2^25): 2 x 3 pieces, 6 formed, 0 skipped (cache 2 slots: 8 hits, 11 misses)
dist_mn node 0: 34561064 + 34561064 + x limbs -> 69122128 (share 34561064): redistribute 0.106 ntt 1.326 crt 0.004 out 0.123 spills+carry 0.068, total 1.624 s
dist_mn node 1: 34561064 + 34561064 + x limbs -> 69122128 (share 34561065): redistribute 0.102 ntt 1.321 crt 0.004 out 0.128 spills+carry 0.068, total 1.642 s
mdb_add_shifted node 0: 34561061 limbs at 0 into a basis of 69122129 (my window [0, 34561061), 1 rounds of 8640272; slabs 8640265 + 8640265 limbs per APU 0): 0.034 s
mdb_add_shifted node 1: 34561061 limbs at 0 into a basis of 69122129 (my window [34561064, 34561064), 1 rounds of 8640272; slabs 0 + 0 limbs per APU 0): 0.052 s
mdb_add_shifted node 0: 34561061 limbs at 7 into a basis of 69122129 (my window [7, 34561064), 1 rounds of 8640272; slabs 8640264 + 8640264 limbs per APU 0): 0.039 s
mdb_add_shifted node 1: 34561061 limbs at 7 into a basis of 69122129 (my window [34561064, 34561068), 1 rounds of 8640272; slabs 1 + 1 limbs per APU 0): 0.041 s
mdb_add_shifted node 0: 34561061 limbs at 17280532 into a basis of 69122129 (my window [17280532, 34561064), 1 rounds of 4320144; slabs 4320133 + 4320133 limbs per APU 0): 0.028 s
mdb_add_shifted node 1: 34561061 limbs at 17280532 into a basis of 69122129 (my window [34561064, 51841593), 1 rounds of 4320144; slabs 4320132 + 4320132 limbs per APU 0): 0.052 s
dbig pool: APU3 hipMalloc 0.07 GB inside the phase (free 0.51 GB in 24 extents, largest 0.06; live 0.31 GB in 23 blocks)
dbig pool: APU0 hipMalloc 0.07 GB inside the phase (free 0.51 GB in 23 extents, largest 0.06; live 0.24 GB in 25 blocks)
dbig pool: APU2 hipMalloc 0.07 GB inside the phase (free 0.51 GB in 24 extents, largest 0.06; live 0.31 GB in 27 blocks)
dbig pool: APU1 hipMalloc 0.07 GB inside the phase (free 0.51 GB in 23 extents, largest 0.06; live 0.24 GB in 30 blocks)
mdb_add_shifted node 0: 34561061 limbs at 34561064 into a basis of 69122129 (my window [34561064, 34561064), 1 rounds of 8640272; slabs 8640265 + 0 limbs per APU 0): 0.158 s
mdb_add_shifted node 1: 34561061 limbs at 34561064 into a basis of 69122129 (my window [34561064, 69122125), 1 rounds of 8640272; slabs 0 + 8640265 limbs per APU 0): 0.178 s
dist_mn node 0: 2^25 = 2^12 x 2^13 over 2 x 4 ranks (rows 512..512; 17280532 + 11520355 limbs at 0, window [0, 28800887) of share [0, 34561064)): redistribute 0.036 ntt 0.314 crt 0.000 out 0.020 spills+carry 0.002 total 0.361 s [A cached] [B cached]
dist_mn node 1: 2^25 = 2^12 x 2^13 over 2 x 4 ranks (rows 512..512; 17280532 + 11520355 limbs at 0, window [28800887, 28800887) of share [34561064, 69122128)): redistribute 0.035 ntt 0.314 crt 0.001 out 0.019 spills+carry 0.002 total 0.360 s [A cached] [B cached]
dist_mn node 0: 2^25 = 2^12 x 2^13 over 2 x 4 ranks (rows 512..512; 17280532 + 11520355 limbs at 17280532, window [0, 17280532) of share [0, 34561064), accumulated): redistribute 0.012 ntt 0.192 crt 0.000 out 0.017 spills+carry 0.018 total 0.239 s [B hit]
dist_mn node 1: 2^25 = 2^12 x 2^13 over 2 x 4 ranks (rows 512..512; 17280532 + 11520355 limbs at 17280532, window [17280532, 28800887) of share [34561064, 69122128), accumulated): redistribute 0.012 ntt 0.193 crt 0.000 out 0.017 spills+carry 0.018 total 0.239 s [B hit]
dist_mn node 0: 2^25 = 2^12 x 2^13 over 2 x 4 ranks (rows 512..512; 17280532 + 11520355 limbs at 11520355, window [0, 23040709) of share [0, 34561064), accumulated): redistribute 0.011 ntt 0.196 crt 0.000 out 0.020 spills+carry 0.018 total 0.241 s [A hit] [B cached]
dist_mn node 1: 2^25 = 2^12 x 2^13 over 2 x 4 ranks (rows 512..512; 17280532 + 11520355 limbs at 11520355, window [23040709, 28800887) of share [34561064, 69122128), accumulated): redistribute 0.013 ntt 0.194 crt 0.000 out 0.017 spills+carry 0.018 total 0.241 s [A hit] [B cached]
dist_mn node 0: 2^25 = 2^12 x 2^13 over 2 x 4 ranks (rows 512..512; 17280532 + 11520355 limbs at 28800887, window [0, 5760177) of share [0, 34561064), accumulated): redistribute 0.015 ntt 0.187 crt 0.000 out 0.019 spills+carry 0.015 total 0.233 s [B hit]
dist_mn node 1: 2^25 = 2^12 x 2^13 over 2 x 4 ranks (rows 512..512; 17280532 + 11520355 limbs at 28800887, window [5760177, 28800887) of share [34561064, 69122128), accumulated): redistribute 0.014 ntt 0.185 crt 0.000 out 0.020 spills+carry 0.015 total 0.233 s [B hit]
dist_mn node 0: 2^25 = 2^12 x 2^13 over 2 x 4 ranks (rows 512..512; 17280532 + 11520354 limbs at 23040710, window [0, 11520354) of share [0, 34561064), accumulated): redistribute 0.011 ntt 0.188 crt 0.000 out 0.022 spills+carry 0.017 total 0.234 s [A hit] [B cached]
dist_mn node 1: 2^25 = 2^12 x 2^13 over 2 x 4 ranks (rows 512..512; 17280532 + 11520354 limbs at 23040710, window [11520354, 28800886) of share [34561064, 69122128), accumulated): redistribute 0.011 ntt 0.190 crt 0.000 out 0.021 spills+carry 0.017 total 0.234 s [A hit] [B cached]
dist_mn node 0: 2^25 = 2^12 x 2^13 over 2 x 4 ranks (rows 512..512; 17280532 + 11520354 limbs at 40321242, window [0, 0) of share [0, 34561064), accumulated): redistribute 0.016 ntt 0.208 crt 0.000 out 0.021 spills+carry 0.011 total 0.252 s [B hit]
dist_mn node 0: 34561064 x 34561064 limbs over 2 x 4 ranks (cap 2^25): 2 x 3 pieces, 6 formed, 0 skipped (cache 2 slots: 13 hits, 15 misses)
dist_mn node 1: 2^25 = 2^12 x 2^13 over 2 x 4 ranks (rows 512..512; 17280532 + 11520354 limbs at 40321242, window [0, 28800886) of share [34561064, 69122128), accumulated): redistribute 0.013 ntt 0.208 crt 0.000 out 0.020 spills+carry 0.011 total 0.252 s [B hit]
dist_mn node 1: 34561064 x 34561064 limbs over 2 x 4 ranks (cap 2^25): 2 x 3 pieces, 6 formed, 0 skipped (cache 2 slots: 13 hits, 15 misses)
dist_mn node 0: 34561064 + 34561064 limbs -> 69122128 (share 34561064): redistribute 0.101 ntt 1.283 crt 0.003 out 0.118 spills+carry 0.081, total 1.620 s
dist_mn node 1: 34561064 + 34561064 limbs -> 69122128 (share 34561064): redistribute 0.097 ntt 1.284 crt 0.003 out 0.114 spills+carry 0.081, total 1.563 s
mdev 3*2^25 (69122128 limbs): repack 0.078 h2d 0.002 fwd 0.019 inv 0.007 d2h 0.057 crt 0.062 total 0.166 s
mdev 3*2^25 (69122128 limbs): repack 0.072 h2d 0.001 fwd 0.016 inv 0.010 d2h 0.078 crt 0.075 total 0.176 s
dist_mn node 0: 2^25 = 2^12 x 2^13 over 2 x 4 ranks (rows 512..512; 17280532 + 11520355 limbs at 0, window [0, 28800887) of share [0, 34561064)): redistribute 0.043 ntt 0.340 crt 0.000 out 0.019 spills+carry 0.002 total 0.383 s [A cached] [B cached]
dist_mn node 1: 2^25 = 2^12 x 2^13 over 2 x 4 ranks (rows 512..512; 17280532 + 11520355 limbs at 0, window [28800887, 28800887) of share [34561064, 69122129)): redistribute 0.042 ntt 0.337 crt 0.000 out 0.020 spills+carry 0.002 total 0.382 s [A cached] [B cached]
dist_mn node 0: 2^25 = 2^12 x 2^13 over 2 x 4 ranks (rows 512..512; 17280532 + 11520355 limbs at 17280532, window [0, 17280532) of share [0, 34561064), accumulated): redistribute 0.014 ntt 0.191 crt 0.001 out 0.026 spills+carry 0.018 total 0.244 s [B hit]
dist_mn node 1: 2^25 = 2^12 x 2^13 over 2 x 4 ranks (rows 512..512; 17280532 + 11520355 limbs at 17280532, window [17280532, 28800887) of share [34561064, 69122129), accumulated): redistribute 0.013 ntt 0.194 crt 0.001 out 0.026 spills+carry 0.018 total 0.244 s [B hit]
dist_mn node 0: 2^25 = 2^12 x 2^13 over 2 x 4 ranks (rows 512..512; 17280532 + 11520355 limbs at 11520355, window [0, 23040709) of share [0, 34561064), accumulated): redistribute 0.009 ntt 0.187 crt 0.001 out 0.020 spills+carry 0.017 total 0.231 s [A hit] [B cached]
dist_mn node 1: 2^25 = 2^12 x 2^13 over 2 x 4 ranks (rows 512..512; 17280532 + 11520355 limbs at 11520355, window [23040709, 28800887) of share [34561064, 69122129), accumulated): redistribute 0.009 ntt 0.187 crt 0.001 out 0.021 spills+carry 0.018 total 0.231 s [A hit] [B cached]
dist_mn node 0: 2^25 = 2^12 x 2^13 over 2 x 4 ranks (rows 512..512; 17280532 + 11520355 limbs at 28800887, window [0, 5760177) of share [0, 34561064), accumulated): redistribute 0.022 ntt 0.206 crt 0.000 out 0.020 spills+carry 0.016 total 0.253 s [B hit]
dist_mn node 1: 2^25 = 2^12 x 2^13 over 2 x 4 ranks (rows 512..512; 17280532 + 11520355 limbs at 28800887, window [5760177, 28800887) of share [34561064, 69122129), accumulated): redistribute 0.020 ntt 0.205 crt 0.000 out 0.020 spills+carry 0.016 total 0.253 s [B hit]
dist_mn node 0: 2^25 = 2^12 x 2^13 over 2 x 4 ranks (rows 512..512; 17280532 + 11520354 limbs at 23040710, window [0, 11520354) of share [0, 34561064), accumulated): redistribute 0.011 ntt 0.209 crt 0.000 out 0.023 spills+carry 0.019 total 0.259 s [A hit] [B cached]
dist_mn node 1: 2^25 = 2^12 x 2^13 over 2 x 4 ranks (rows 512..512; 17280532 + 11520354 limbs at 23040710, window [11520354, 28800886) of share [34561064, 69122129), accumulated): redistribute 0.011 ntt 0.209 crt 0.000 out 0.024 spills+carry 0.019 total 0.259 s [A hit] [B cached]
dist_mn node 0: 2^25 = 2^12 x 2^13 over 2 x 4 ranks (rows 512..512; 17280532 + 11520354 limbs at 40321242, window [0, 0) of share [0, 34561064), accumulated): redistribute 0.021 ntt 0.212 crt 0.001 out 0.027 spills+carry 0.011 total 0.264 s [B hit]
dist_mn node 1: 2^25 = 2^12 x 2^13 over 2 x 4 ranks (rows 512..512; 17280532 + 11520354 limbs at 40321242, window [0, 28800886) of share [34561064, 69122129), accumulated): redistribute 0.020 ntt 0.215 crt 0.001 out 0.026 spills+carry 0.011 total 0.264 s [B hit]
mdb_add_shifted node 0: 34561061 limbs at 0 into a basis of 69122129 (my window [0, 34561061), 1 rounds of 8640272; slabs 8640265 + 8640265 limbs per APU 0): 0.038 s
dist_mn node 0: 34561064 x 34561064 limbs over 2 x 4 ranks (cap 2^25): 2 x 3 pieces, 6 formed, 0 skipped (cache 2 slots: 18 hits, 19 misses)
mdb_add_shifted node 1: 34561061 limbs at 0 into a basis of 69122129 (my window [34561064, 34561064), 1 rounds of 8640272; slabs 0 + 0 limbs per APU 0): 0.038 s
dist_mn node 1: 34561064 x 34561064 limbs over 2 x 4 ranks (cap 2^25): 2 x 3 pieces, 6 formed, 0 skipped (cache 2 slots: 18 hits, 19 misses)
dist_mn node 0: 34561064 + 34561064 + x limbs -> 69122128 (share 34561064): redistribute 0.120 ntt 1.346 crt 0.003 out 0.134 spills+carry 0.082, total 1.679 s
dist_mn node 1: 34561064 + 34561064 + x limbs -> 69122128 (share 34561065): redistribute 0.115 ntt 1.347 crt 0.003 out 0.136 spills+carry 0.083, total 1.675 s
dist_mn node 0: 2^25 = 2^12 x 2^13 over 2 x 4 ranks (rows 512..512; 17280532 + 11520355 limbs at 0, window [0, 17280533) of share [0, 17280533)): redistribute 0.052 ntt 0.358 crt 0.000 out 0.023 spills+carry 0.002 total 0.404 s [A cached] [B cached]
dist_mn node 1: 2^25 = 2^12 x 2^13 over 2 x 4 ranks (rows 512..512; 17280532 + 11520355 limbs at 0, window [17280533, 28800887) of share [17280533, 34561066)): redistribute 0.049 ntt 0.355 crt 0.000 out 0.023 spills+carry 0.002 total 0.404 s [A cached] [B cached]
dist_mn node 0: 2^25 = 2^12 x 2^13 over 2 x 4 ranks (rows 512..512; 17280532 + 11520355 limbs at 17280532, window [0, 1) of share [0, 17280533), accumulated): redistribute 0.014 ntt 0.201 crt 0.000 out 0.012 spills+carry 0.003 total 0.227 s [B hit]
dist_mn node 1: 2^25 = 2^12 x 2^13 over 2 x 4 ranks (rows 512..512; 17280532 + 11520355 limbs at 17280532, window [1, 17280534) of share [17280533, 34561066), accumulated): redistribute 0.013 ntt 0.199 crt 0.000 out 0.014 spills+carry 0.002 total 0.227 s [B hit]
dist_mn node 0: 2^25 = 2^12 x 2^13 over 2 x 4 ranks (rows 512..512; 17280532 + 11520355 limbs at 11520355, window [0, 5760178) of share [0, 17280533), accumulated): redistribute 0.010 ntt 0.205 crt 0.000 out 0.016 spills+carry 0.009 total 0.235 s [A hit] [B cached]
dist_mn node 1: 2^25 = 2^12 x 2^13 over 2 x 4 ranks (rows 512..512; 17280532 + 11520355 limbs at 11520355, window [5760178, 23040711) of share [17280533, 34561066), accumulated): redistribute 0.009 ntt 0.203 crt 0.000 out 0.016 spills+carry 0.008 total 0.235 s [A hit] [B cached]
dist_mn node 0: 2^25 = 2^12 x 2^13 over 2 x 4 ranks (rows 512..512; 17280532 + 11520355 limbs at 28800887, window [0, 0) of share [0, 17280533), accumulated): redistribute 0.012 ntt 0.193 crt 0.000 out 0.005 spills+carry 0.004 total 0.215 s [B hit]
dist_mn node 1: 2^25 = 2^12 x 2^13 over 2 x 4 ranks (rows 512..512; 17280532 + 11520355 limbs at 28800887, window [0, 5760179) of share [17280533, 34561066), accumulated): redistribute 0.012 ntt 0.194 crt 0.000 out 0.007 spills+carry 0.004 total 0.215 s [B hit]
dist_mn node 0: 2^25 = 2^12 x 2^13 over 2 x 4 ranks (rows 512..512; 17280532 + 11520354 limbs at 23040710, window [0, 0) of share [0, 17280533), accumulated): redistribute 0.012 ntt 0.193 crt 0.000 out 0.016 spills+carry 0.009 total 0.225 s [A hit] [B cached]
dist_mn node 0: 34561064 x 34561064 limbs over 2 x 4 ranks (cap 2^25): 2 x 3 pieces, 5 formed, 1 skipped (low product) (cache 2 slots: 22 hits, 23 misses)
dist_mn node 1: 2^25 = 2^12 x 2^13 over 2 x 4 ranks (rows 512..512; 17280532 + 11520354 limbs at 23040710, window [0, 11520356) of share [17280533, 34561066), accumulated): redistribute 0.011 ntt 0.193 crt 0.000 out 0.016 spills+carry 0.009 total 0.225 s [A hit] [B cached]
dist_mn node 1: 34561064 x 34561064 limbs over 2 x 4 ranks (cap 2^25): 2 x 3 pieces, 5 formed, 1 skipped (low product) (cache 2 slots: 22 hits, 23 misses)
dist_mn node 0: 34561064 + 34561064 limbs -> 34561066 (share 17280533): redistribute 0.100 ntt 1.149 crt 0.002 out 0.072 spills+carry 0.025, total 1.308 s
dist_mn node 1: 34561064 + 34561064 limbs -> 34561066 (share 17280533): redistribute 0.095 ntt 1.145 crt 0.002 out 0.077 spills+carry 0.025, total 1.308 s
dist_mn node 0: 2^25 = 2^12 x 2^13 over 2 x 4 ranks (rows 512..512; 17280533 + 8640267 limbs at 0, window [0, 8640266) of share [0, 8640266)): redistribute 0.050 ntt 0.369 crt 0.000 out 0.012 spills+carry 0.002 total 0.402 s [A cached] [B cached]
dist_mn node 1: 2^25 = 2^12 x 2^13 over 2 x 4 ranks (rows 512..512; 17280533 + 8640267 limbs at 0, window [8640266, 17280533) of share [8640266, 17280533)): redistribute 0.051 ntt 0.371 crt 0.000 out 0.012 spills+carry 0.002 total 0.402 s [A cached] [B cached]
dist_mn node 0: 2^25 = 2^12 x 2^13 over 2 x 4 ranks (rows 512..512; 17280533 + 8640266 limbs at 8640267, window [0, 0) of share [0, 8640266), accumulated): redistribute 0.007 ntt 0.185 crt 0.000 out 0.007 spills+carry 0.003 total 0.202 s [A hit] [B cached]
dist_mn node 0: 17280533 x 17280533 limbs over 2 x 4 ranks (cap 2^25): 1 x 2 pieces, 2 formed, 0 skipped (low product) (cache 2 slots: 23 hits, 26 misses)
dist_mn node 1: 2^25 = 2^12 x 2^13 over 2 x 4 ranks (rows 512..512; 17280533 + 8640266 limbs at 8640267, window [0, 8640266) of share [8640266, 17280533), accumulated): redistribute 0.007 ntt 0.182 crt 0.000 out 0.009 spills+carry 0.003 total 0.202 s [A hit] [B cached]
dist_mn node 1: 17280533 x 17280533 limbs over 2 x 4 ranks (cap 2^25): 1 x 2 pieces, 2 formed, 0 skipped (low product) (cache 2 slots: 23 hits, 26 misses)
dist_mn node 0: 17280533 + 17280533 limbs -> 1 (share 8640266): redistribute 0.058 ntt 0.554 crt 0.001 out 0.019 spills+carry 0.004, total 0.605 s
dist_mn node 1: 17280533 + 17280533 limbs -> 1 (share 8640267): redistribute 0.059 ntt 0.553 crt 0.001 out 0.021 spills+carry 0.005, total 0.605 s
dist_mn node 0: 2^25 = 2^12 x 2^13 over 2 x 4 ranks (rows 512..512; 17280532 + 11520355 limbs at 0, window [0, 28800887) of share [0, 34561063)): redistribute 0.048 ntt 0.367 crt 0.000 out 0.019 spills+carry 0.002 total 0.423 s [A cached] [B cached]
dist_mn node 1: 2^25 = 2^12 x 2^13 over 2 x 4 ranks (rows 512..512; 17280532 + 11520355 limbs at 0, window [28800887, 28800887) of share [34561063, 69122127)): redistribute 0.048 ntt 0.367 crt 0.000 out 0.020 spills+carry 0.002 total 0.423 s [A cached] [B cached]
dist_mn node 0: 2^25 = 2^12 x 2^13 over 2 x 4 ranks (rows 512..512; 17280532 + 11520355 limbs at 17280532, window [0, 17280531) of share [0, 34561063), accumulated): redistribute 0.013 ntt 0.203 crt 0.000 out 0.021 spills+carry 0.018 total 0.252 s [B hit]
dist_mn node 1: 2^25 = 2^12 x 2^13 over 2 x 4 ranks (rows 512..512; 17280532 + 11520355 limbs at 17280532, window [17280531, 28800887) of share [34561063, 69122127), accumulated): redistribute 0.012 ntt 0.200 crt 0.000 out 0.024 spills+carry 0.018 total 0.252 s [B hit]
dist_mn node 0: 2^25 = 2^12 x 2^13 over 2 x 4 ranks (rows 512..512; 17280532 + 11520355 limbs at 11520355, window [0, 23040708) of share [0, 34561063), accumulated): redistribute 0.008 ntt 0.199 crt 0.000 out 0.021 spills+carry 0.016 total 0.242 s [A hit] [B cached]
dist_mn node 1: 2^25 = 2^12 x 2^13 over 2 x 4 ranks (rows 512..512; 17280532 + 11520355 limbs at 11520355, window [23040708, 28800887) of share [34561063, 69122127), accumulated): redistribute 0.012 ntt 0.196 crt 0.000 out 0.020 spills+carry 0.016 total 0.242 s [A hit] [B cached]
dist_mn node 0: 2^25 = 2^12 x 2^13 over 2 x 4 ranks (rows 512..512; 17280532 + 11520355 limbs at 28800887, window [0, 5760176) of share [0, 34561063), accumulated): redistribute 0.021 ntt 0.222 crt 0.000 out 0.022 spills+carry 0.016 total 0.270 s [B hit]
dist_mn node 1: 2^25 = 2^12 x 2^13 over 2 x 4 ranks (rows 512..512; 17280532 + 11520355 limbs at 28800887, window [5760176, 28800887) of share [34561063, 69122127), accumulated): redistribute 0.021 ntt 0.222 crt 0.000 out 0.021 spills+carry 0.016 total 0.270 s [B hit]
dist_mn node 0: 2^25 = 2^12 x 2^13 over 2 x 4 ranks (rows 512..512; 17280532 + 11520354 limbs at 23040710, window [0, 11520353) of share [0, 34561063), accumulated): redistribute 0.016 ntt 0.220 crt 0.000 out 0.026 spills+carry 0.019 total 0.272 s [A hit] [B cached]
dist_mn node 1: 2^25 = 2^12 x 2^13 over 2 x 4 ranks (rows 512..512; 17280532 + 11520354 limbs at 23040710, window [11520353, 28800886) of share [34561063, 69122127), accumulated): redistribute 0.015 ntt 0.219 crt 0.000 out 0.024 spills+carry 0.019 total 0.272 s [A hit] [B cached]
dist_mn node 0: 2^25 = 2^12 x 2^13 over 2 x 4 ranks (rows 512..512; 17280532 + 11520354 limbs at 40321242, window [0, 0) of share [0, 34561063), accumulated): redistribute 0.022 ntt 0.211 crt 0.000 out 0.024 spills+carry 0.011 total 0.257 s [B hit]
dist_mn node 0: 34561064 x 34561064 limbs over 2 x 4 ranks (cap 2^25): 2 x 3 pieces, 6 formed, 0 skipped (low product) (cache 2 slots: 28 hits, 30 misses)
dist_mn node 1: 2^25 = 2^12 x 2^13 over 2 x 4 ranks (rows 512..512; 17280532 + 11520354 limbs at 40321242, window [0, 28800885) of share [34561063, 69122127), accumulated): redistribute 0.019 ntt 0.215 crt 0.000 out 0.022 spills+carry 0.011 total 0.257 s [B hit]
dist_mn node 1: 34561064 x 34561064 limbs over 2 x 4 ranks (cap 2^25): 2 x 3 pieces, 6 formed, 0 skipped (low product) (cache 2 slots: 28 hits, 30 misses)
dist_mn node 0: 34561064 + 34561064 limbs -> 69122127 (share 34561063): redistribute 0.128 ntt 1.422 crt 0.002 out 0.133 spills+carry 0.081, total 1.718 s
dist_mn node 1: 34561064 + 34561064 limbs -> 69122127 (share 34561064): redistribute 0.128 ntt 1.420 crt 0.002 out 0.130 spills+carry 0.081, total 1.718 s
dist_mn node 0: 2^25 = 2^12 x 2^13 over 2 x 4 ranks (rows 512..512; 17280532 + 11520355 limbs at 17280532, window [0, 17280532) of share [0, 34561064), accumulated): redistribute 0.069 ntt 0.360 crt 0.000 out 0.020 spills+carry 0.018 total 0.427 s [B cached]
dist_mn node 1: 2^25 = 2^12 x 2^13 over 2 x 4 ranks (rows 512..512; 17280532 + 11520355 limbs at 17280532, window [17280532, 28800887) of share [34561064, 69122128), accumulated): redistribute 0.067 ntt 0.360 crt 0.000 out 0.019 spills+carry 0.018 total 0.427 s [B cached]
dist_mn node 0: 2^25 = 2^12 x 2^13 over 2 x 4 ranks (rows 512..512; 17280532 + 11520355 limbs at 11520355, window [0, 23040709) of share [0, 34561064), accumulated): redistribute 0.025 ntt 0.287 crt 0.000 out 0.019 spills+carry 0.017 total 0.339 s [A cached] [B cached]
dist_mn node 1: 2^25 = 2^12 x 2^13 over 2 x 4 ranks (rows 512..512; 17280532 + 11520355 limbs at 11520355, window [23040709, 28800887) of share [34561064, 69122128), accumulated): redistribute 0.026 ntt 0.284 crt 0.000 out 0.020 spills+carry 0.017 total 0.339 s [A cached] [B cached]
dist_mn node 0: 2^25 = 2^12 x 2^13 over 2 x 4 ranks (rows 512..512; 17280532 + 11520355 limbs at 28800887, window [0, 5760177) of share [0, 34561064), accumulated): redistribute 0.013 ntt 0.199 crt 0.001 out 0.021 spills+carry 0.015 total 0.248 s [B hit]
dist_mn node 1: 2^25 = 2^12 x 2^13 over 2 x 4 ranks (rows 512..512; 17280532 + 11520355 limbs at 28800887, window [5760177, 28800887) of share [34561064, 69122128), accumulated): redistribute 0.013 ntt 0.200 crt 0.001 out 0.021 spills+carry 0.015 total 0.248 s [B hit]
dist_mn node 0: 2^25 = 2^12 x 2^13 over 2 x 4 ranks (rows 512..512; 17280532 + 11520354 limbs at 23040710, window [0, 11520354) of share [0, 34561064), accumulated): redistribute 0.010 ntt 0.191 crt 0.001 out 0.019 spills+carry 0.016 total 0.237 s [A hit] [B cached]
dist_mn node 1: 2^25 = 2^12 x 2^13 over 2 x 4 ranks (rows 512..512; 17280532 + 11520354 limbs at 23040710, window [11520354, 28800886) of share [34561064, 69122128), accumulated): redistribute 0.009 ntt 0.191 crt 0.001 out 0.020 spills+carry 0.016 total 0.237 s [A hit] [B cached]
dist_mn node 0: 2^25 = 2^12 x 2^13 over 2 x 4 ranks (rows 512..512; 17280532 + 11520354 limbs at 40321242, window [0, 0) of share [0, 34561064), accumulated): redistribute 0.013 ntt 0.187 crt 0.000 out 0.021 spills+carry 0.011 total 0.230 s [B hit]
dist_mn node 0: 34561064 x 34561064 limbs over 2 x 4 ranks (cap 2^25): 2 x 3 pieces, 5 formed, 1 skipped (low cut) (cache 2 slots: 31 hits, 34 misses)
dist_mn node 1: 2^25 = 2^12 x 2^13 over 2 x 4 ranks (rows 512..512; 17280532 + 11520354 limbs at 40321242, window [0, 28800886) of share [34561064, 69122128), accumulated): redistribute 0.012 ntt 0.188 crt 0.000 out 0.020 spills+carry 0.011 total 0.230 s [B hit]
dist_mn node 1: 34561064 x 34561064 limbs over 2 x 4 ranks (cap 2^25): 2 x 3 pieces, 5 formed, 1 skipped (low cut) (cache 2 slots: 31 hits, 34 misses)
dist_mn node 0: 34561064 + 34561064 limbs -> 69122128 (share 34561064): redistribute 0.129 ntt 1.225 crt 0.003 out 0.100 spills+carry 0.077, total 1.484 s
dist_mn node 1: 34561064 + 34561064 limbs -> 69122128 (share 34561064): redistribute 0.127 ntt 1.224 crt 0.002 out 0.100 spills+carry 0.077, total 1.484 s
mdev 2^25 (28800887 limbs): repack 0.027 h2d 0.001 fwd 0.002 inv 0.001 d2h 0.027 crt 0.030 total 0.060 s
mdev 2^25 (28800887 limbs): repack 0.036 h2d 0.001 fwd 0.002 inv 0.001 d2h 0.027 crt 0.026 total 0.071 s
dist_mn node 0: 2^25 = 2^12 x 2^13 over 2 x 4 ranks (rows 512..512; 17280532 + 11520355 limbs at 17280532, window [0, 17280531) of share [0, 34561063), accumulated): redistribute 0.041 ntt 0.333 crt 0.001 out 0.021 spills+carry 0.018 total 0.393 s [B cached]
dist_mn node 1: 2^25 = 2^12 x 2^13 over 2 x 4 ranks (rows 512..512; 17280532 + 11520355 limbs at 17280532, window [17280531, 28800887) of share [34561063, 69122127), accumulated): redistribute 0.041 ntt 0.333 crt 0.001 out 0.020 spills+carry 0.018 total 0.393 s [B cached]
dist_mn node 0: 2^25 = 2^12 x 2^13 over 2 x 4 ranks (rows 512..512; 17280532 + 11520355 limbs at 11520355, window [0, 23040708) of share [0, 34561063), accumulated): redistribute 0.019 ntt 0.296 crt 0.000 out 0.025 spills+carry 0.017 total 0.355 s [A cached] [B cached]
dist_mn node 1: 2^25 = 2^12 x 2^13 over 2 x 4 ranks (rows 512..512; 17280532 + 11520355 limbs at 11520355, window [23040708, 28800887) of share [34561063, 69122127), accumulated): redistribute 0.019 ntt 0.294 crt 0.000 out 0.027 spills+carry 0.017 total 0.355 s [A cached] [B cached]
dist_mn node 0: 2^25 = 2^12 x 2^13 over 2 x 4 ranks (rows 512..512; 17280532 + 11520355 limbs at 28800887, window [0, 5760176) of share [0, 34561063), accumulated): redistribute 0.020 ntt 0.209 crt 0.000 out 0.020 spills+carry 0.016 total 0.259 s [B hit]
dist_mn node 1: 2^25 = 2^12 x 2^13 over 2 x 4 ranks (rows 512..512; 17280532 + 11520355 limbs at 28800887, window [5760176, 28800887) of share [34561063, 69122127), accumulated): redistribute 0.018 ntt 0.210 crt 0.000 out 0.019 spills+carry 0.016 total 0.259 s [B hit]
dist_mn node 0: 2^25 = 2^12 x 2^13 over 2 x 4 ranks (rows 512..512; 17280532 + 11520354 limbs at 23040710, window [0, 11520353) of share [0, 34561063), accumulated): redistribute 0.010 ntt 0.202 crt 0.000 out 0.022 spills+carry 0.018 total 0.253 s [A hit] [B cached]
dist_mn node 1: 2^25 = 2^12 x 2^13 over 2 x 4 ranks (rows 512..512; 17280532 + 11520354 limbs at 23040710, window [11520353, 28800886) of share [34561063, 69122127), accumulated): redistribute 0.010 ntt 0.203 crt 0.000 out 0.021 spills+carry 0.018 total 0.253 s [A hit] [B cached]
dist_mn node 0: 2^25 = 2^12 x 2^13 over 2 x 4 ranks (rows 512..512; 17280532 + 11520354 limbs at 40321242, window [0, 0) of share [0, 34561063), accumulated): redistribute 0.016 ntt 0.228 crt 0.000 out 0.024 spills+carry 0.011 total 0.272 s [B hit]
dist_mn node 0: 34561064 x 34561064 limbs over 2 x 4 ranks (cap 2^25): 2 x 3 pieces, 5 formed, 1 skipped (low product) (low cut) (cache 2 slots: 34 hits, 38 misses)
dist_mn node 1: 2^25 = 2^12 x 2^13 over 2 x 4 ranks (rows 512..512; 17280532 + 11520354 limbs at 40321242, window [0, 28800885) of share [34561063, 69122127), accumulated): redistribute 0.013 ntt 0.230 crt 0.000 out 0.025 spills+carry 0.011 total 0.272 s [B hit]
dist_mn node 1: 34561064 x 34561064 limbs over 2 x 4 ranks (cap 2^25): 2 x 3 pieces, 5 formed, 1 skipped (low product) (low cut) (cache 2 slots: 34 hits, 38 misses)
dist_mn node 0: 34561064 + 34561064 limbs -> 69122127 (share 34561063): redistribute 0.106 ntt 1.268 crt 0.002 out 0.112 spills+carry 0.080, total 1.534 s
dist_mn node 1: 34561064 + 34561064 limbs -> 69122127 (share 34561064): redistribute 0.100 ntt 1.271 crt 0.002 out 0.112 spills+carry 0.080, total 1.534 s
mdev 2^25 (28800887 limbs): repack 0.028 h2d 0.001 fwd 0.003 inv 0.001 d2h 0.024 crt 0.023 total 0.060 s
mdev 2^25 (28800887 limbs): repack 0.034 h2d 0.001 fwd 0.002 inv 0.001 d2h 0.030 crt 0.017 total 0.072 s
dist_mn node 0: 2^25 = 2^12 x 2^13 over 2 x 4 ranks (rows 512..512; 17280532 + 11520355 limbs at 0, window [0, 28800887) of share [0, 34561064)): redistribute 0.048 ntt 0.333 crt 0.000 out 0.019 spills+carry 0.002 total 0.377 s [A cached] [B cached]
dist_mn node 1: 2^25 = 2^12 x 2^13 over 2 x 4 ranks (rows 512..512; 17280532 + 11520355 limbs at 0, window [28800887, 28800887) of share [34561064, 69122128)): redistribute 0.046 ntt 0.335 crt 0.000 out 0.020 spills+carry 0.002 total 0.376 s [A cached] [B cached]
dist_mn node 0: 2^25 = 2^12 x 2^13 over 2 x 4 ranks (rows 512..512; 17280532 + 11520355 limbs at 17280532, window [0, 17280532) of share [0, 34561064), accumulated): redistribute 0.015 ntt 0.204 crt 0.000 out 0.021 spills+carry 0.018 total 0.256 s [B hit]
dist_mn node 1: 2^25 = 2^12 x 2^13 over 2 x 4 ranks (rows 512..512; 17280532 + 11520355 limbs at 17280532, window [17280532, 28800887) of share [34561064, 69122128), accumulated): redistribute 0.014 ntt 0.204 crt 0.000 out 0.023 spills+carry 0.018 total 0.256 s [B hit]
dist_mn node 0: 2^25 = 2^12 x 2^13 over 2 x 4 ranks (rows 512..512; 17280532 + 11520355 limbs at 11520355, window [0, 23040709) of share [0, 34561064), accumulated): redistribute 0.009 ntt 0.197 crt 0.000 out 0.019 spills+carry 0.016 total 0.239 s [A hit] [B cached]
dist_mn node 1: 2^25 = 2^12 x 2^13 over 2 x 4 ranks (rows 512..512; 17280532 + 11520355 limbs at 11520355, window [23040709, 28800887) of share [34561064, 69122128), accumulated): redistribute 0.011 ntt 0.197 crt 0.000 out 0.018 spills+carry 0.016 total 0.239 s [A hit] [B cached]
dist_mn node 0: 2^25 = 2^12 x 2^13 over 2 x 4 ranks (rows 512..512; 17280532 + 11520355 limbs at 28800887, window [0, 5760177) of share [0, 34561064), accumulated): redistribute 0.015 ntt 0.202 crt 0.000 out 0.021 spills+carry 0.015 total 0.251 s [B hit]
dist_mn node 1: 2^25 = 2^12 x 2^13 over 2 x 4 ranks (rows 512..512; 17280532 + 11520355 limbs at 28800887, window [5760177, 28800887) of share [34561064, 69122128), accumulated): redistribute 0.015 ntt 0.203 crt 0.000 out 0.022 spills+carry 0.015 total 0.251 s [B hit]
dist_mn node 0: 2^25 = 2^12 x 2^13 over 2 x 4 ranks (rows 512..512; 17280532 + 11520354 limbs at 23040710, window [0, 11520354) of share [0, 34561064), accumulated): redistribute 0.010 ntt 0.194 crt 0.000 out 0.023 spills+carry 0.018 total 0.241 s [A hit] [B cached]
dist_mn node 1: 2^25 = 2^12 x 2^13 over 2 x 4 ranks (rows 512..512; 17280532 + 11520354 limbs at 23040710, window [11520354, 28800886) of share [34561064, 69122128), accumulated): redistribute 0.010 ntt 0.194 crt 0.000 out 0.021 spills+carry 0.018 total 0.241 s [A hit] [B cached]
dist_mn node 0: 2^25 = 2^12 x 2^13 over 2 x 4 ranks (rows 512..512; 17280532 + 11520354 limbs at 40321242, window [0, 0) of share [0, 34561064), accumulated): redistribute 0.014 ntt 0.188 crt 0.000 out 0.020 spills+carry 0.011 total 0.231 s [B hit]
dist_mn node 0: 34561064 x 34561064 limbs over 2 x 4 ranks (cap 2^25): 2 x 3 pieces, 6 formed, 0 skipped (low cut) (cache 2 slots: 39 hits, 42 misses)
dist_mn node 1: 2^25 = 2^12 x 2^13 over 2 x 4 ranks (rows 512..512; 17280532 + 11520354 limbs at 40321242, window [0, 28800886) of share [34561064, 69122128), accumulated): redistribute 0.014 ntt 0.190 crt 0.000 out 0.020 spills+carry 0.010 total 0.231 s [B hit]
dist_mn node 1: 34561064 x 34561064 limbs over 2 x 4 ranks (cap 2^25): 2 x 3 pieces, 6 formed, 0 skipped (low cut) (cache 2 slots: 39 hits, 42 misses)
dist_mn node 0: 34561064 + 34561064 limbs -> 69122128 (share 34561064): redistribute 0.111 ntt 1.319 crt 0.002 out 0.123 spills+carry 0.080, total 1.597 s
dist_mn node 1: 34561064 + 34561064 limbs -> 69122128 (share 34561064): redistribute 0.110 ntt 1.324 crt 0.002 out 0.124 spills+carry 0.080, total 1.597 s
dist_mn node 0: 2^25 = 2^12 x 2^13 over 2 x 4 ranks (rows 512..512; 17280532 + 11520355 limbs at 0, window [0, 28800887) of share [0, 34561063)): redistribute 0.034 ntt 0.321 crt 0.000 out 0.021 spills+carry 0.002 total 0.364 s [A cached] [B cached]
dist_mn node 1: 2^25 = 2^12 x 2^13 over 2 x 4 ranks (rows 512..512; 17280532 + 11520355 limbs at 0, window [28800887, 28800887) of share [34561063, 69122127)): redistribute 0.034 ntt 0.323 crt 0.000 out 0.021 spills+carry 0.002 total 0.363 s [A cached] [B cached]
dist_mn node 0: 2^25 = 2^12 x 2^13 over 2 x 4 ranks (rows 512..512; 17280532 + 11520355 limbs at 17280532, window [0, 17280531) of share [0, 34561063), accumulated): redistribute 0.013 ntt 0.212 crt 0.001 out 0.022 spills+carry 0.018 total 0.264 s [B hit]
dist_mn node 1: 2^25 = 2^12 x 2^13 over 2 x 4 ranks (rows 512..512; 17280532 + 11520355 limbs at 17280532, window [17280531, 28800887) of share [34561063, 69122127), accumulated): redistribute 0.013 ntt 0.212 crt 0.001 out 0.023 spills+carry 0.018 total 0.264 s [B hit]
dist_mn node 0: 2^25 = 2^12 x 2^13 over 2 x 4 ranks (rows 512..512; 17280532 + 11520355 limbs at 11520355, window [0, 23040708) of share [0, 34561063), accumulated): redistribute 0.009 ntt 0.199 crt 0.000 out 0.019 spills+carry 0.016 total 0.243 s [A hit] [B cached]
dist_mn node 1: 2^25 = 2^12 x 2^13 over 2 x 4 ranks (rows 512..512; 17280532 + 11520355 limbs at 11520355, window [23040708, 28800887) of share [34561063, 69122127), accumulated): redistribute 0.012 ntt 0.201 crt 0.000 out 0.022 spills+carry 0.016 total 0.243 s [A hit] [B cached]
dist_mn node 0: 2^25 = 2^12 x 2^13 over 2 x 4 ranks (rows 512..512; 17280532 + 11520355 limbs at 28800887, window [0, 5760176) of share [0, 34561063), accumulated): redistribute 0.013 ntt 0.196 crt 0.000 out 0.023 spills+carry 0.015 total 0.243 s [B hit]
dist_mn node 1: 2^25 = 2^12 x 2^13 over 2 x 4 ranks (rows 512..512; 17280532 + 11520355 limbs at 28800887, window [5760176, 28800887) of share [34561063, 69122127), accumulated): redistribute 0.013 ntt 0.195 crt 0.000 out 0.021 spills+carry 0.015 total 0.243 s [B hit]
dist_mn node 0: 2^25 = 2^12 x 2^13 over 2 x 4 ranks (rows 512..512; 17280532 + 11520354 limbs at 23040710, window [0, 11520353) of share [0, 34561063), accumulated): redistribute 0.015 ntt 0.205 crt 0.000 out 0.024 spills+carry 0.018 total 0.257 s [A hit] [B cached]
dist_mn node 1: 2^25 = 2^12 x 2^13 over 2 x 4 ranks (rows 512..512; 17280532 + 11520354 limbs at 23040710, window [11520353, 28800886) of share [34561063, 69122127), accumulated): redistribute 0.015 ntt 0.203 crt 0.000 out 0.026 spills+carry 0.018 total 0.257 s [A hit] [B cached]
dist_mn node 0: 2^25 = 2^12 x 2^13 over 2 x 4 ranks (rows 512..512; 17280532 + 11520354 limbs at 40321242, window [0, 0) of share [0, 34561063), accumulated): redistribute 0.021 ntt 0.210 crt 0.001 out 0.027 spills+carry 0.011 total 0.262 s [B hit]
dist_mn node 0: 34561064 x 34561064 limbs over 2 x 4 ranks (cap 2^25): 2 x 3 pieces, 6 formed, 0 skipped (low product) (low cut) (cache 2 slots: 44 hits, 46 misses)
dist_mn node 1: 2^25 = 2^12 x 2^13 over 2 x 4 ranks (rows 512..512; 17280532 + 11520354 limbs at 40321242, window [0, 28800885) of share [34561063, 69122127), accumulated): redistribute 0.020 ntt 0.211 crt 0.001 out 0.028 spills+carry 0.011 total 0.262 s [B hit]
dist_mn node 1: 34561064 x 34561064 limbs over 2 x 4 ranks (cap 2^25): 2 x 3 pieces, 6 formed, 0 skipped (low product) (low cut) (cache 2 slots: 44 hits, 46 misses)
dist_mn node 0: 34561064 + 34561064 limbs -> 69122127 (share 34561063): redistribute 0.106 ntt 1.344 crt 0.003 out 0.137 spills+carry 0.079, total 1.635 s
dist_mn node 1: 34561064 + 34561064 limbs -> 69122127 (share 34561064): redistribute 0.107 ntt 1.346 crt 0.003 out 0.140 spills+carry 0.080, total 1.635 s
dist_mn node 0: 34561064 x 34561064 limbs over 2 x 4 ranks (cap 2^25): 2 x 3 pieces, 0 formed, 6 skipped (low cut) (cache 2 slots: 44 hits, 46 misses)
dist_mn node 1: 34561064 x 34561064 limbs over 2 x 4 ranks (cap 2^25): 2 x 3 pieces, 0 formed, 6 skipped (low cut) (cache 2 slots: 44 hits, 46 misses)
dist_mn node 1: 34561064 + 34561064 limbs -> 0 (share 34561064): redistribute 0.000 ntt 0.000 crt 0.000 out 0.000 spills+carry 0.000, total 0.002 s
dist_mn node 0: 34561064 + 34561064 limbs -> 0 (share 34561064): redistribute 0.000 ntt 0.000 crt 0.000 out 0.000 spills+carry 0.000, total 0.005 s
mdev 2^25 (28800887 limbs): repack 0.021 h2d 0.001 fwd 0.002 inv 0.001 d2h 0.025 crt 0.019 total 0.054 s
mdev 2^25 (28800887 limbs): repack 0.042 h2d 0.001 fwd 0.003 inv 0.001 d2h 0.026 crt 0.032 total 0.076 s
mdev 2^25 (28800887 limbs): repack 0.036 h2d 0.001 fwd 0.005 inv 0.002 d2h 0.045 crt 0.027 total 0.091 s
mdev 2^25 (28800887 limbs): repack 0.051 h2d 0.001 fwd 0.004 inv 0.003 d2h 0.045 crt 0.012 total 0.104 s
mdev 2^25 (28800887 limbs): repack 0.025 h2d 0.001 fwd 0.002 inv 0.001 d2h 0.025 crt 0.025 total 0.057 s
mdev 2^25 (28800887 limbs): repack 0.038 h2d 0.001 fwd 0.002 inv 0.001 d2h 0.026 crt 0.023 total 0.071 s
mdev 2^25 (28800887 limbs): repack 0.036 h2d 0.001 fwd 0.002 inv 0.001 d2h 0.043 crt 0.027 total 0.087 s
mdev 2^25 (28800887 limbs): repack 0.039 h2d 0.001 fwd 0.002 inv 0.001 d2h 0.026 crt 0.013 total 0.072 s
mdev 2^25 (28800886 limbs): repack 0.044 h2d 0.001 fwd 0.003 inv 0.001 d2h 0.025 crt 0.013 total 0.079 s
mdev 2^25 (28800886 limbs): repack 0.030 h2d 0.001 fwd 0.002 inv 0.001 d2h 0.035 crt 0.019 total 0.074 s
mdev 2^25 (28800886 limbs): repack 0.027 h2d 0.001 fwd 0.002 inv 0.001 d2h 0.032 crt 0.020 total 0.066 s
mdev 2^25 (28800886 limbs): repack 0.025 h2d 0.001 fwd 0.002 inv 0.001 d2h 0.037 crt 0.017 total 0.070 s
dist_mn node 0: 34561064 x 34561064 limbs over 2 x 4 ranks (cap 2^25): 2 x 3 pieces, 0 formed, 6 skipped (low product) (low cut) (cache 2 slots: 44 hits, 46 misses)
dist_mn node 1: 34561064 x 34561064 limbs over 2 x 4 ranks (cap 2^25): 2 x 3 pieces, 0 formed, 6 skipped (low product) (low cut) (cache 2 slots: 44 hits, 46 misses)
dist_mn node 0: 34561064 + 34561064 limbs -> 0 (share 34561063): redistribute 0.000 ntt 0.000 crt 0.000 out 0.000 spills+carry 0.000, total 0.001 s
dist_mn node 1: 34561064 + 34561064 limbs -> 0 (share 34561064): redistribute 0.000 ntt 0.000 crt 0.000 out 0.000 spills+carry 0.000, total 0.001 s
mdev 2^25 (28800887 limbs): repack 0.024 h2d 0.001 fwd 0.002 inv 0.001 d2h 0.043 crt 0.018 total 0.079 s
mdev 2^25 (28800887 limbs): repack 0.045 h2d 0.001 fwd 0.002 inv 0.001 d2h 0.023 crt 0.013 total 0.076 s
mdev 2^25 (28800887 limbs): repack 0.031 h2d 0.001 fwd 0.002 inv 0.001 d2h 0.036 crt 0.013 total 0.075 s
mdev 2^25 (28800887 limbs): repack 0.039 h2d 0.001 fwd 0.002 inv 0.001 d2h 0.048 crt 0.013 total 0.094 s
mdev 2^25 (28800887 limbs): repack 0.038 h2d 0.001 fwd 0.002 inv 0.001 d2h 0.027 crt 0.013 total 0.073 s
mdev 2^25 (28800887 limbs): repack 0.022 h2d 0.001 fwd 0.002 inv 0.001 d2h 0.029 crt 0.015 total 0.060 s
mdev 2^25 (28800887 limbs): repack 0.024 h2d 0.001 fwd 0.002 inv 0.001 d2h 0.037 crt 0.024 total 0.069 s
mdev 2^25 (28800887 limbs): repack 0.028 h2d 0.001 fwd 0.002 inv 0.001 d2h 0.044 crt 0.029 total 0.084 s
mdev 2^25 (28800886 limbs): repack 0.042 h2d 0.001 fwd 0.002 inv 0.001 d2h 0.033 crt 0.034 total 0.083 s
mdev 2^25 (28800886 limbs): repack 0.034 h2d 0.001 fwd 0.003 inv 0.002 d2h 0.025 crt 0.016 total 0.071 s
mdev 2^25 (28800886 limbs): repack 0.033 h2d 0.001 fwd 0.004 inv 0.002 d2h 0.029 crt 0.013 total 0.073 s
mdev 2^25 (28800886 limbs): repack 0.033 h2d 0.001 fwd 0.002 inv 0.002 d2h 0.024 crt 0.022 total 0.066 s
dist_mn node 0: 2^25 = 2^12 x 2^13 over 2 x 4 ranks (rows 512..512; 17280532 + 11520355 limbs at 0, window [0, 28800887) of share [0, 34561064)): redistribute 0.024 ntt 0.292 crt 0.001 out 0.020 spills+carry 0.002 total 0.336 s [B cached]
dist_mn node 1: 2^25 = 2^12 x 2^13 over 2 x 4 ranks (rows 512..512; 17280532 + 11520355 limbs at 0, window [28800887, 28800887) of share [34561064, 69122128)): redistribute 0.026 ntt 0.289 crt 0.001 out 0.019 spills+carry 0.002 total 0.336 s [B cached]
dist_mn node 0: 2^25 = 2^12 x 2^13 over 2 x 4 ranks (rows 512..512; 17280532 + 11520355 limbs at 17280532, window [0, 17280532) of share [0, 34561064), accumulated): redistribute 0.013 ntt 0.189 crt 0.000 out 0.021 spills+carry 0.017 total 0.242 s [B hit]
dist_mn node 1: 2^25 = 2^12 x 2^13 over 2 x 4 ranks (rows 512..512; 17280532 + 11520355 limbs at 17280532, window [17280532, 28800887) of share [34561064, 69122128), accumulated): redistribute 0.013 ntt 0.189 crt 0.000 out 0.022 spills+carry 0.017 total 0.242 s [B hit]
dist_mn node 0: 2^25 = 2^12 x 2^13 over 2 x 4 ranks (rows 512..512; 17280532 + 11520355 limbs at 11520355, window [0, 23040709) of share [0, 34561064), accumulated): redistribute 0.019 ntt 0.291 crt 0.000 out 0.020 spills+carry 0.016 total 0.345 s [B cached]
dist_mn node 1: 2^25 = 2^12 x 2^13 over 2 x 4 ranks (rows 512..512; 17280532 + 11520355 limbs at 11520355, window [23040709, 28800887) of share [34561064, 69122128), accumulated): redistribute 0.020 ntt 0.292 crt 0.000 out 0.019 spills+carry 0.016 total 0.345 s [B cached]
dist_mn node 0: 2^25 = 2^12 x 2^13 over 2 x 4 ranks (rows 512..512; 17280532 + 11520355 limbs at 28800887, window [0, 5760177) of share [0, 34561064), accumulated): redistribute 0.014 ntt 0.210 crt 0.000 out 0.019 spills+carry 0.015 total 0.254 s [B hit]
dist_mn node 1: 2^25 = 2^12 x 2^13 over 2 x 4 ranks (rows 512..512; 17280532 + 11520355 limbs at 28800887, window [5760177, 28800887) of share [34561064, 69122128), accumulated): redistribute 0.013 ntt 0.208 crt 0.000 out 0.018 spills+carry 0.015 total 0.254 s [B hit]
dist_mn node 0: 2^25 = 2^12 x 2^13 over 2 x 4 ranks (rows 512..512; 17280532 + 11520354 limbs at 23040710, window [0, 11520354) of share [0, 34561064), accumulated): redistribute 0.035 ntt 0.335 crt 0.000 out 0.024 spills+carry 0.018 total 0.397 s
dist_mn node 1: 2^25 = 2^12 x 2^13 over 2 x 4 ranks (rows 512..512; 17280532 + 11520354 limbs at 23040710, window [11520354, 28800886) of share [34561064, 69122128), accumulated): redistribute 0.035 ntt 0.336 crt 0.000 out 0.024 spills+carry 0.018 total 0.397 s
dist_mn node 0: 2^25 = 2^12 x 2^13 over 2 x 4 ranks (rows 512..512; 17280532 + 11520354 limbs at 40321242, window [0, 0) of share [0, 34561064), accumulated): redistribute 0.035 ntt 0.314 crt 0.000 out 0.029 spills+carry 0.011 total 0.381 s
dist_mn node 0: 34561064 x 34561064 limbs over 2 x 4 ranks (cap 2^25): 2 x 3 pieces, 6 formed, 0 skipped (cache 2 slots: 46 hits, 48 misses)
dist_mn node 1: 2^25 = 2^12 x 2^13 over 2 x 4 ranks (rows 512..512; 17280532 + 11520354 limbs at 40321242, window [0, 28800886) of share [34561064, 69122128), accumulated): redistribute 0.035 ntt 0.316 crt 0.000 out 0.027 spills+carry 0.011 total 0.381 s
dist_mn node 1: 34561064 x 34561064 limbs over 2 x 4 ranks (cap 2^25): 2 x 3 pieces, 6 formed, 0 skipped (cache 2 slots: 46 hits, 48 misses)
dist_mn node 0: 34561064 + 34561064 limbs -> 69122128 (share 34561064): redistribute 0.140 ntt 1.632 crt 0.003 out 0.134 spills+carry 0.080, total 2.088 s
dist_mn node 1: 34561064 + 34561064 limbs -> 69122128 (share 34561064): redistribute 0.141 ntt 1.631 crt 0.003 out 0.130 spills+carry 0.080, total 1.958 s
dist_mn node 0: 2^25 = 2^12 x 2^13 over 2 x 4 ranks (rows 512..512; 17280532 + 11520355 limbs at 0, window [0, 28800887) of share [0, 34561063)): redistribute 0.021 ntt 0.244 crt 0.001 out 0.018 spills+carry 0.002 total 0.281 s [B hit]
dist_mn node 1: 2^25 = 2^12 x 2^13 over 2 x 4 ranks (rows 512..512; 17280532 + 11520355 limbs at 0, window [28800887, 28800887) of share [34561063, 69122127)): redistribute 0.022 ntt 0.243 crt 0.001 out 0.020 spills+carry 0.002 total 0.281 s [B hit]
dist_mn node 0: 2^25 = 2^12 x 2^13 over 2 x 4 ranks (rows 512..512; 17280532 + 11520355 limbs at 17280532, window [0, 17280531) of share [0, 34561063), accumulated): redistribute 0.013 ntt 0.191 crt 0.001 out 0.025 spills+carry 0.018 total 0.245 s [B hit]
dist_mn node 1: 2^25 = 2^12 x 2^13 over 2 x 4 ranks (rows 512..512; 17280532 + 11520355 limbs at 17280532, window [17280531, 28800887) of share [34561063, 69122127), accumulated): redistribute 0.013 ntt 0.190 crt 0.001 out 0.025 spills+carry 0.018 total 0.245 s [B hit]
dist_mn node 0: 2^25 = 2^12 x 2^13 over 2 x 4 ranks (rows 512..512; 17280532 + 11520355 limbs at 11520355, window [0, 23040708) of share [0, 34561063), accumulated): redistribute 0.020 ntt 0.201 crt 0.001 out 0.020 spills+carry 0.017 total 0.249 s [B hit]
dist_mn node 1: 2^25 = 2^12 x 2^13 over 2 x 4 ranks (rows 512..512; 17280532 + 11520355 limbs at 11520355, window [23040708, 28800887) of share [34561063, 69122127), accumulated): redistribute 0.020 ntt 0.203 crt 0.001 out 0.020 spills+carry 0.017 total 0.249 s [B hit]
dist_mn node 0: 2^25 = 2^12 x 2^13 over 2 x 4 ranks (rows 512..512; 17280532 + 11520355 limbs at 28800887, window [0, 5760176) of share [0, 34561063), accumulated): redistribute 0.021 ntt 0.202 crt 0.000 out 0.025 spills+carry 0.016 total 0.255 s [B hit]
dist_mn node 1: 2^25 = 2^12 x 2^13 over 2 x 4 ranks (rows 512..512; 17280532 + 11520355 limbs at 28800887, window [5760176, 28800887) of share [34561063, 69122127), accumulated): redistribute 0.020 ntt 0.203 crt 0.000 out 0.027 spills+carry 0.015 total 0.255 s [B hit]
dist_mn node 0: 2^25 = 2^12 x 2^13 over 2 x 4 ranks (rows 512..512; 17280532 + 11520354 limbs at 23040710, window [0, 11520353) of share [0, 34561063), accumulated): redistribute 0.027 ntt 0.302 crt 0.001 out 0.019 spills+carry 0.019 total 0.358 s
dist_mn node 1: 2^25 = 2^12 x 2^13 over 2 x 4 ranks (rows 512..512; 17280532 + 11520354 limbs at 23040710, window [11520353, 28800886) of share [34561063, 69122127), accumulated): redistribute 0.027 ntt 0.301 crt 0.001 out 0.017 spills+carry 0.019 total 0.358 s
dist_mn node 0: 2^25 = 2^12 x 2^13 over 2 x 4 ranks (rows 512..512; 17280532 + 11520354 limbs at 40321242, window [0, 0) of share [0, 34561063), accumulated): redistribute 0.032 ntt 0.313 crt 0.000 out 0.023 spills+carry 0.011 total 0.365 s
dist_mn node 0: 34561064 x 34561064 limbs over 2 x 4 ranks (cap 2^25): 2 x 3 pieces, 6 formed, 0 skipped (low product) (cache 2 slots: 50 hits, 48 misses)
dist_mn node 1: 2^25 = 2^12 x 2^13 over 2 x 4 ranks (rows 512..512; 17280532 + 11520354 limbs at 40321242, window [0, 28800885) of share [34561063, 69122127), accumulated): redistribute 0.031 ntt 0.311 crt 0.000 out 0.025 spills+carry 0.011 total 0.365 s
dist_mn node 1: 34561064 x 34561064 limbs over 2 x 4 ranks (cap 2^25): 2 x 3 pieces, 6 formed, 0 skipped (low product) (cache 2 slots: 50 hits, 48 misses)
dist_mn node 0: 34561064 + 34561064 limbs -> 69122127 (share 34561063): redistribute 0.134 ntt 1.452 crt 0.003 out 0.131 spills+carry 0.083, total 1.755 s
dist_mn node 1: 34561064 + 34561064 limbs -> 69122127 (share 34561064): redistribute 0.134 ntt 1.449 crt 0.003 out 0.135 spills+carry 0.083, total 1.755 s
dist_mn node 0: 2^25 = 2^12 x 2^13 over 2 x 4 ranks (rows 512..512; 17280532 + 11520353 limbs at 0, window [0, 25920794) of share [0, 25920794)): redistribute 0.034 ntt 0.346 crt 0.001 out 0.021 spills+carry 0.002 total 0.395 s [A cached] [B cached]
dist_mn node 1: 2^25 = 2^12 x 2^13 over 2 x 4 ranks (rows 512..512; 17280532 + 11520353 limbs at 0, window [25920794, 28800885) of share [25920794, 51841589)): redistribute 0.034 ntt 0.345 crt 0.001 out 0.019 spills+carry 0.002 total 0.396 s [A cached] [B cached]
dist_mn node 0: 2^25 = 2^12 x 2^13 over 2 x 4 ranks (rows 512..512; 17280532 + 11520353 limbs at 11520353, window [0, 14400441) of share [0, 25920794), accumulated): redistribute 0.011 ntt 0.201 crt 0.000 out 0.019 spills+carry 0.013 total 0.245 s [A hit] [B cached]
dist_mn node 1: 2^25 = 2^12 x 2^13 over 2 x 4 ranks (rows 512..512; 17280532 + 11520353 limbs at 11520353, window [14400441, 28800885) of share [25920794, 51841589), accumulated): redistribute 0.014 ntt 0.199 crt 0.000 out 0.020 spills+carry 0.013 total 0.245 s [A hit] [B cached]
dist_mn node 0: 2^25 = 2^12 x 2^13 over 2 x 4 ranks (rows 512..512; 17280532 + 11520351 limbs at 23040706, window [0, 2880088) of share [0, 25920794), accumulated): redistribute 0.009 ntt 0.197 crt 0.000 out 0.018 spills+carry 0.005 total 0.228 s [A hit] [B cached]
dist_mn node 0: 17280532 x 34561057 limbs over 2 x 4 ranks (cap 2^25): 1 x 3 pieces, 3 formed, 0 skipped (cache 2 slots: 2 hits, 4 misses)
dist_mn node 1: 2^25 = 2^12 x 2^13 over 2 x 4 ranks (rows 512..512; 17280532 + 11520351 limbs at 23040706, window [2880088, 28800883) of share [25920794, 51841589), accumulated): redistribute 0.009 ntt 0.196 crt 0.000 out 0.020 spills+carry 0.005 total 0.229 s [A hit] [B cached]
dist_mn node 1: 17280532 x 34561057 limbs over 2 x 4 ranks (cap 2^25): 1 x 3 pieces, 3 formed, 0 skipped (cache 2 slots: 2 hits, 4 misses)
dist_mn node 0: 17280532 + 34561057 limbs -> 51841589 (share 25920794): redistribute 0.054 ntt 0.744 crt 0.001 out 0.058 spills+carry 0.020, total 0.870 s
dist_mn node 1: 17280532 + 34561057 limbs -> 51841589 (share 25920795): redistribute 0.057 ntt 0.739 crt 0.001 out 0.059 spills+carry 0.020, total 0.870 s
mdev 2^26 (51841589 limbs): repack 0.073 h2d 0.002 fwd 0.010 inv 0.005 d2h 0.041 crt 0.020 total 0.130 s
mdev 2^26 (51841589 limbs): repack 0.065 h2d 0.001 fwd 0.011 inv 0.005 d2h 0.050 crt 0.023 total 0.130 s
dist_mn node 0: 2^25 = 2^12 x 2^13 over 2 x 4 ranks (rows 512..512; 17280532 + 11520353 limbs at 0, window [0, 8640267) of share [0, 8640267)): redistribute 0.026 ntt 0.342 crt 0.001 out 0.014 spills+carry 0.003 total 0.378 s [A cached] [B cached]
dist_mn node 1: 2^25 = 2^12 x 2^13 over 2 x 4 ranks (rows 512..512; 17280532 + 11520353 limbs at 0, window [8640267, 17280535) of share [8640267, 17280535)): redistribute 0.027 ntt 0.342 crt 0.001 out 0.014 spills+carry 0.003 total 0.378 s [A cached] [B cached]
dist_mn node 0: 2^25 = 2^12 x 2^13 over 2 x 4 ranks (rows 512..512; 17280532 + 11520353 limbs at 11520353, window [0, 0) of share [0, 8640267), accumulated): redistribute 0.009 ntt 0.200 crt 0.001 out 0.006 spills+carry 0.004 total 0.217 s [A hit] [B cached]
dist_mn node 0: 17280532 x 34561057 limbs over 2 x 4 ranks (cap 2^25): 1 x 3 pieces, 2 formed, 1 skipped (low product) (cache 2 slots: 3 hits, 7 misses)
dist_mn node 1: 2^25 = 2^12 x 2^13 over 2 x 4 ranks (rows 512..512; 17280532 + 11520353 limbs at 11520353, window [0, 5760182) of share [8640267, 17280535), accumulated): redistribute 0.011 ntt 0.200 crt 0.001 out 0.005 spills+carry 0.004 total 0.217 s [A hit] [B cached]
dist_mn node 1: 17280532 x 34561057 limbs over 2 x 4 ranks (cap 2^25): 1 x 3 pieces, 2 formed, 1 skipped (low product) (cache 2 slots: 3 hits, 7 misses)
dist_mn node 0: 17280532 + 34561057 limbs -> 17280535 (share 8640267): redistribute 0.036 ntt 0.542 crt 0.001 out 0.020 spills+carry 0.006, total 0.599 s
dist_mn node 1: 17280532 + 34561057 limbs -> 17280535 (share 8640268): redistribute 0.037 ntt 0.541 crt 0.001 out 0.019 spills+carry 0.007, total 0.596 s
dist_mn node 0: 2^25 = 2^12 x 2^13 over 2 x 4 ranks (rows 512..512; 17280532 + 11520355 limbs at 0, window [0, 28800887) of share [0, 34561064)): redistribute 0.043 ntt 0.369 crt 0.000 out 0.021 spills+carry 0.002 total 0.410 s [A cached] [B cached]
dist_mn node 1: 2^25 = 2^12 x 2^13 over 2 x 4 ranks (rows 512..512; 17280532 + 11520355 limbs at 0, window [28800887, 28800887) of share [34561064, 69122129)): redistribute 0.041 ntt 0.371 crt 0.000 out 0.019 spills+carry 0.002 total 0.410 s [A cached] [B cached]
dist_mn node 0: 2^25 = 2^12 x 2^13 over 2 x 4 ranks (rows 512..512; 17280532 + 11520355 limbs at 17280532, window [0, 17280532) of share [0, 34561064), accumulated): redistribute 0.014 ntt 0.192 crt 0.001 out 0.020 spills+carry 0.017 total 0.241 s [B hit]
dist_mn node 1: 2^25 = 2^12 x 2^13 over 2 x 4 ranks (rows 512..512; 17280532 + 11520355 limbs at 17280532, window [17280532, 28800887) of share [34561064, 69122129), accumulated): redistribute 0.013 ntt 0.193 crt 0.001 out 0.019 spills+carry 0.017 total 0.241 s [B hit]
dist_mn node 0: 2^25 = 2^12 x 2^13 over 2 x 4 ranks (rows 512..512; 17280532 + 11520355 limbs at 11520355, window [0, 23040709) of share [0, 34561064), accumulated): redistribute 0.009 ntt 0.198 crt 0.000 out 0.019 spills+carry 0.017 total 0.240 s [A hit] [B cached]
dist_mn node 1: 2^25 = 2^12 x 2^13 over 2 x 4 ranks (rows 512..512; 17280532 + 11520355 limbs at 11520355, window [23040709, 28800887) of share [34561064, 69122129), accumulated): redistribute 0.011 ntt 0.198 crt 0.000 out 0.018 spills+carry 0.017 total 0.240 s [A hit] [B cached]
dist_mn node 0: 2^25 = 2^12 x 2^13 over 2 x 4 ranks (rows 512..512; 17280532 + 11520355 limbs at 28800887, window [0, 5760177) of share [0, 34561064), accumulated): redistribute 0.015 ntt 0.202 crt 0.000 out 0.025 spills+carry 0.015 total 0.255 s [B hit]
dist_mn node 1: 2^25 = 2^12 x 2^13 over 2 x 4 ranks (rows 512..512; 17280532 + 11520355 limbs at 28800887, window [5760177, 28800887) of share [34561064, 69122129), accumulated): redistribute 0.015 ntt 0.201 crt 0.000 out 0.027 spills+carry 0.015 total 0.255 s [B hit]
dist_mn node 0: 2^25 = 2^12 x 2^13 over 2 x 4 ranks (rows 512..512; 17280532 + 11520354 limbs at 23040710, window [0, 11520354) of share [0, 34561064), accumulated): redistribute 0.015 ntt 0.205 crt 0.000 out 0.019 spills+carry 0.019 total 0.250 s [A hit] [B cached]
dist_mn node 1: 2^25 = 2^12 x 2^13 over 2 x 4 ranks (rows 512..512; 17280532 + 11520354 limbs at 23040710, window [11520354, 28800886) of share [34561064, 69122129), accumulated): redistribute 0.015 ntt 0.205 crt 0.000 out 0.019 spills+carry 0.019 total 0.250 s [A hit] [B cached]
dist_mn node 0: 2^25 = 2^12 x 2^13 over 2 x 4 ranks (rows 512..512; 17280532 + 11520354 limbs at 40321242, window [0, 0) of share [0, 34561064), accumulated): redistribute 0.017 ntt 0.203 crt 0.001 out 0.020 spills+carry 0.011 total 0.245 s [B hit]
dist_mn node 1: 2^25 = 2^12 x 2^13 over 2 x 4 ranks (rows 512..512; 17280532 + 11520354 limbs at 40321242, window [0, 28800886) of share [34561064, 69122129), accumulated): redistribute 0.017 ntt 0.202 crt 0.001 out 0.021 spills+carry 0.010 total 0.245 s [B hit]
mdb_add_shifted node 0: 34561061 limbs at 0 into a basis of 69122129 (my window [0, 34561061), 1 rounds of 8640272; slabs 8640265 + 8640265 limbs per APU 0): 0.038 s
dist_mn node 0: 34561064 x 34561064 limbs over 2 x 4 ranks (cap 2^25): 2 x 3 pieces, 6 formed, 0 skipped (cache 2 slots: 8 hits, 11 misses)
mdb_add_shifted node 1: 34561061 limbs at 0 into a basis of 69122129 (my window [34561064, 34561064), 1 rounds of 8640272; slabs 0 + 0 limbs per APU 0): 0.038 s
dist_mn node 1: 34561064 x 34561064 limbs over 2 x 4 ranks (cap 2^25): 2 x 3 pieces, 6 formed, 0 skipped (cache 2 slots: 8 hits, 11 misses)
dist_mn node 0: 34561064 + 34561064 + x limbs -> 69122128 (share 34561064): redistribute 0.113 ntt 1.368 crt 0.003 out 0.124 spills+carry 0.081, total 1.688 s
dist_mn node 1: 34561064 + 34561064 + x limbs -> 69122128 (share 34561065): redistribute 0.111 ntt 1.370 crt 0.003 out 0.123 spills+carry 0.081, total 1.680 s
mdb_add_shifted node 0: 34561061 limbs at 0 into a basis of 69122129 (my window [0, 34561061), 1 rounds of 8640272; slabs 8640265 + 8640265 limbs per APU 0): 0.067 s
mdb_add_shifted node 1: 34561061 limbs at 0 into a basis of 69122129 (my window [34561064, 34561064), 1 rounds of 8640272; slabs 0 + 0 limbs per APU 0): 0.075 s
mdb_add_shifted node 0: 34561061 limbs at 7 into a basis of 69122129 (my window [7, 34561064), 1 rounds of 8640272; slabs 8640264 + 8640264 limbs per APU 0): 0.046 s
mdb_add_shifted node 1: 34561061 limbs at 7 into a basis of 69122129 (my window [34561064, 34561068), 1 rounds of 8640272; slabs 1 + 1 limbs per APU 0): 0.092 s
mdb_add_shifted node 0: 34561061 limbs at 17280532 into a basis of 69122129 (my window [17280532, 34561064), 1 rounds of 4320144; slabs 4320133 + 4320133 limbs per APU 0): 0.076 s
mdb_add_shifted node 1: 34561061 limbs at 17280532 into a basis of 69122129 (my window [34561064, 51841593), 1 rounds of 4320144; slabs 4320132 + 4320132 limbs per APU 0): 0.028 s
mdb_add_shifted node 0: 34561061 limbs at 34561064 into a basis of 69122129 (my window [34561064, 34561064), 1 rounds of 8640272; slabs 8640265 + 0 limbs per APU 0): 0.070 s
mdb_add_shifted node 1: 34561061 limbs at 34561064 into a basis of 69122129 (my window [34561064, 69122125), 1 rounds of 8640272; slabs 0 + 8640265 limbs per APU 0): 0.086 s
dist_mn node 0: 2^25 = 2^12 x 2^13 over 2 x 4 ranks (rows 512..512; 16777216 + 13421772 limbs at 0, window [0, 30198988) of share [0, 31876710)): redistribute 0.018 ntt 0.279 crt 0.001 out 0.020 spills+carry 0.001 total 0.316 s [A cached] [B cached]
dist_mn node 1: 2^25 = 2^12 x 2^13 over 2 x 4 ranks (rows 512..512; 16777216 + 13421772 limbs at 0, window [30198988, 30198988) of share [31876710, 63753420)): redistribute 0.020 ntt 0.280 crt 0.001 out 0.019 spills+carry 0.001 total 0.316 s [A cached] [B cached]
dist_mn node 0: 2^25 = 2^12 x 2^13 over 2 x 4 ranks (rows 512..512; 16777216 + 13421772 limbs at 16777216, window [0, 15099494) of share [0, 31876710), accumulated): redistribute 0.014 ntt 0.194 crt 0.000 out 0.023 spills+carry 0.013 total 0.241 s [B hit]
dist_mn node 1: 2^25 = 2^12 x 2^13 over 2 x 4 ranks (rows 512..512; 16777216 + 13421772 limbs at 16777216, window [15099494, 30198988) of share [31876710, 63753420), accumulated): redistribute 0.017 ntt 0.189 crt 0.000 out 0.025 spills+carry 0.013 total 0.241 s [B hit]
dbig pool: APU0 hipMalloc 0.06 GB inside the phase (free 0.52 GB in 24 extents, largest 0.06; live 0.30 GB in 32 blocks)
dbig pool: APU1 hipMalloc 0.06 GB inside the phase (free 0.52 GB in 24 extents, largest 0.06; live 0.30 GB in 35 blocks)
dist_mn node 0: 2^25 = 2^12 x 2^13 over 2 x 4 ranks (rows 512..512; 16777216 + 13421772 limbs at 33554432, window [0, 0) of share [0, 31876710), accumulated): redistribute 0.012 ntt 0.201 crt 0.000 out 0.028 spills+carry 0.004 total 0.244 s [B hit]
dist_mn node 0: 50331648 x 13421772 limbs over 2 x 4 ranks (cap 2^25): 3 x 1 pieces, 3 formed, 0 skipped (cache 2 slots: 10 hits, 13 misses)
dist_mn node 1: 2^25 = 2^12 x 2^13 over 2 x 4 ranks (rows 512..512; 16777216 + 13421772 limbs at 33554432, window [0, 30198988) of share [31876710, 63753420), accumulated): redistribute 0.012 ntt 0.203 crt 0.000 out 0.023 spills+carry 0.003 total 0.244 s [B hit]
dist_mn node 1: 50331648 x 13421772 limbs over 2 x 4 ranks (cap 2^25): 3 x 1 pieces, 3 formed, 0 skipped (cache 2 slots: 10 hits, 13 misses)
dist_mn node 0: 50331648 + 13421772 limbs -> 63753420 (share 31876710): redistribute 0.045 ntt 0.675 crt 0.002 out 0.071 spills+carry 0.017, total 1.035 s
dist_mn node 1: 50331648 + 13421772 limbs -> 63753420 (share 31876710): redistribute 0.049 ntt 0.671 crt 0.002 out 0.067 spills+carry 0.017, total 0.804 s
mdev 2^26 (63753420 limbs): repack 0.062 h2d 0.001 fwd 0.010 inv 0.005 d2h 0.037 crt 0.019 total 0.124 s
mdev 2^26 (63753420 limbs): repack 0.078 h2d 0.002 fwd 0.010 inv 0.005 d2h 0.032 crt 0.032 total 0.136 s
   3x1 50331648 x 13421772: 1.28 s
dist_mn node 0: 2^25 = 2^12 x 2^13 over 2 x 4 ranks (rows 512..512; 16777216 + 13421772 limbs at 0, window [0, 30198988) of share [0, 31876710)): redistribute 0.036 ntt 0.347 crt 0.001 out 0.020 spills+carry 0.001 total 0.384 s [A cached] [B cached]
dist_mn node 1: 2^25 = 2^12 x 2^13 over 2 x 4 ranks (rows 512..512; 16777216 + 13421772 limbs at 0, window [30198988, 30198988) of share [31876710, 63753421)): redistribute 0.038 ntt 0.346 crt 0.001 out 0.020 spills+carry 0.001 total 0.384 s [A cached] [B cached]
dist_mn node 0: 2^25 = 2^12 x 2^13 over 2 x 4 ranks (rows 512..512; 16777216 + 13421772 limbs at 16777216, window [0, 15099494) of share [0, 31876710), accumulated): redistribute 0.013 ntt 0.198 crt 0.000 out 0.024 spills+carry 0.014 total 0.247 s [B hit]
dist_mn node 1: 2^25 = 2^12 x 2^13 over 2 x 4 ranks (rows 512..512; 16777216 + 13421772 limbs at 16777216, window [15099494, 30198988) of share [31876710, 63753421), accumulated): redistribute 0.014 ntt 0.196 crt 0.000 out 0.026 spills+carry 0.014 total 0.247 s [B hit]
dist_mn node 0: 2^25 = 2^12 x 2^13 over 2 x 4 ranks (rows 512..512; 16777216 + 13421772 limbs at 33554432, window [0, 0) of share [0, 31876710), accumulated): redistribute 0.012 ntt 0.195 crt 0.000 out 0.023 spills+carry 0.004 total 0.232 s [B hit]
dist_mn node 1: 2^25 = 2^12 x 2^13 over 2 x 4 ranks (rows 512..512; 16777216 + 13421772 limbs at 33554432, window [0, 30198988) of share [31876710, 63753421), accumulated): redistribute 0.012 ntt 0.195 crt 0.000 out 0.025 spills+carry 0.003 total 0.232 s [B hit]
mdb_add_shifted node 0: 13421769 limbs at 0 into a basis of 63753421 (my window [0, 13421769), 1 rounds of 3355456; slabs 3355442 + 3355442 limbs per APU 0): 0.026 s
dist_mn node 0: 50331648 x 13421772 limbs over 2 x 4 ranks (cap 2^25): 3 x 1 pieces, 3 formed, 0 skipped (cache 2 slots: 12 hits, 15 misses)
mdb_add_shifted node 1: 13421769 limbs at 0 into a basis of 63753421 (my window [31876710, 31876710), 1 rounds of 3355456; slabs 0 + 0 limbs per APU 0): 0.026 s
dist_mn node 1: 50331648 x 13421772 limbs over 2 x 4 ranks (cap 2^25): 3 x 1 pieces, 3 formed, 0 skipped (cache 2 slots: 12 hits, 15 misses)
dist_mn node 0: 50331648 + 13421772 + x limbs -> 63753420 (share 31876710): redistribute 0.060 ntt 0.740 crt 0.002 out 0.066 spills+carry 0.018, total 0.891 s
dist_mn node 1: 50331648 + 13421772 + x limbs -> 63753420 (share 31876711): redistribute 0.063 ntt 0.737 crt 0.002 out 0.071 spills+carry 0.018, total 0.904 s
dist_mn node 0: 2^25 = 2^12 x 2^13 over 2 x 4 ranks (rows 512..512; 16777216 + 13421772 limbs at 0, window [0, 25165825) of share [0, 25165825)): redistribute 0.051 ntt 0.356 crt 0.000 out 0.028 spills+carry 0.001 total 0.406 s [A cached] [B cached]
dist_mn node 1: 2^25 = 2^12 x 2^13 over 2 x 4 ranks (rows 512..512; 16777216 + 13421772 limbs at 0, window [25165825, 30198988) of share [25165825, 50331650)): redistribute 0.049 ntt 0.359 crt 0.000 out 0.025 spills+carry 0.001 total 0.406 s [A cached] [B cached]
dist_mn node 1: 2^25 = 2^12 x 2^13 over 2 x 4 ranks (rows 512..512; 16777216 + 13421772 limbs at 16777216, window [8388609, 30198988) of share [25165825, 50331650), accumulated): redistribute 0.015 ntt 0.203 crt 0.001 out 0.019 spills+carry 0.008 total 0.242 s [B hit]
dist_mn node 0: 2^25 = 2^12 x 2^13 over 2 x 4 ranks (rows 512..512; 16777216 + 13421772 limbs at 16777216, window [0, 8388609) of share [0, 25165825), accumulated): redistribute 0.012 ntt 0.203 crt 0.001 out 0.019 spills+carry 0.008 total 0.242 s [B hit]
dist_mn node 0: 2^25 = 2^12 x 2^13 over 2 x 4 ranks (rows 512..512; 16777216 + 13421772 limbs at 33554432, window [0, 0) of share [0, 25165825), accumulated): redistribute 0.015 ntt 0.199 crt 0.001 out 0.012 spills+carry 0.009 total 0.236 s [B hit]
dist_mn node 0: 50331648 x 13421772 limbs over 2 x 4 ranks (cap 2^25): 3 x 1 pieces, 3 formed, 0 skipped (low product) (cache 2 slots: 14 hits, 17 misses)
dist_mn node 1: 2^25 = 2^12 x 2^13 over 2 x 4 ranks (rows 512..512; 16777216 + 13421772 limbs at 33554432, window [0, 16777218) of share [25165825, 50331650), accumulated): redistribute 0.014 ntt 0.200 crt 0.001 out 0.014 spills+carry 0.009 total 0.236 s [B hit]
dist_mn node 1: 50331648 x 13421772 limbs over 2 x 4 ranks (cap 2^25): 3 x 1 pieces, 3 formed, 0 skipped (low product) (cache 2 slots: 14 hits, 17 misses)
dist_mn node 0: 50331648 + 13421772 limbs -> 50331650 (share 25165825): redistribute 0.077 ntt 0.759 crt 0.002 out 0.060 spills+carry 0.018, total 0.885 s
dist_mn node 1: 50331648 + 13421772 limbs -> 50331650 (share 25165825): redistribute 0.078 ntt 0.762 crt 0.002 out 0.058 spills+carry 0.018, total 0.885 s
dist_mn node 0: 2^25 = 2^12 x 2^13 over 2 x 4 ranks (rows 512..512; 25165825 + 6710886 limbs at 0, window [0, 12582912) of share [0, 12582912)): redistribute 0.050 ntt 0.363 crt 0.001 out 0.018 spills+carry 0.001 total 0.409 s [A cached] [B cached]
dist_mn node 1: 2^25 = 2^12 x 2^13 over 2 x 4 ranks (rows 512..512; 25165825 + 6710886 limbs at 0, window [12582912, 25165825) of share [12582912, 25165825)): redistribute 0.050 ntt 0.363 crt 0.001 out 0.018 spills+carry 0.001 total 0.409 s [A cached] [B cached]
dist_mn node 0: 2^25 = 2^12 x 2^13 over 2 x 4 ranks (rows 512..512; 25165825 + 6710886 limbs at 6710886, window [0, 5872026) of share [0, 12582912), accumulated): redistribute 0.006 ntt 0.198 crt 0.000 out 0.014 spills+carry 0.004 total 0.223 s [A hit] [B cached]
dist_mn node 0: 25165825 x 13421772 limbs over 2 x 4 ranks (cap 2^25): 1 x 2 pieces, 2 formed, 0 skipped (low product) (cache 2 slots: 15 hits, 20 misses)
dist_mn node 1: 2^25 = 2^12 x 2^13 over 2 x 4 ranks (rows 512..512; 25165825 + 6710886 limbs at 6710886, window [5872026, 18454939) of share [12582912, 25165825), accumulated): redistribute 0.006 ntt 0.200 crt 0.000 out 0.013 spills+carry 0.004 total 0.223 s [A hit] [B cached]
dist_mn node 1: 25165825 x 13421772 limbs over 2 x 4 ranks (cap 2^25): 1 x 2 pieces, 2 formed, 0 skipped (low product) (cache 2 slots: 15 hits, 20 misses)
dist_mn node 0: 25165825 + 13421772 limbs -> 25165825 (share 12582912): redistribute 0.056 ntt 0.562 crt 0.001 out 0.032 spills+carry 0.004, total 0.633 s
dist_mn node 1: 25165825 + 13421772 limbs -> 25165825 (share 12582913): redistribute 0.056 ntt 0.563 crt 0.001 out 0.030 spills+carry 0.004, total 0.633 s
dist_mn node 0: 2^25 = 2^12 x 2^13 over 2 x 4 ranks (rows 512..512; 16777216 + 13421772 limbs at 0, window [0, 30198988) of share [0, 31876709)): redistribute 0.041 ntt 0.363 crt 0.001 out 0.020 spills+carry 0.001 total 0.411 s [A cached] [B cached]
dist_mn node 1: 2^25 = 2^12 x 2^13 over 2 x 4 ranks (rows 512..512; 16777216 + 13421772 limbs at 0, window [30198988, 30198988) of share [31876709, 63753419)): redistribute 0.037 ntt 0.364 crt 0.001 out 0.021 spills+carry 0.001 total 0.411 s [A cached] [B cached]
dist_mn node 0: 2^25 = 2^12 x 2^13 over 2 x 4 ranks (rows 512..512; 16777216 + 13421772 limbs at 16777216, window [0, 15099493) of share [0, 31876709), accumulated): redistribute 0.012 ntt 0.197 crt 0.000 out 0.020 spills+carry 0.013 total 0.240 s [B hit]
dist_mn node 1: 2^25 = 2^12 x 2^13 over 2 x 4 ranks (rows 512..512; 16777216 + 13421772 limbs at 16777216, window [15099493, 30198988) of share [31876709, 63753419), accumulated): redistribute 0.015 ntt 0.197 crt 0.000 out 0.021 spills+carry 0.013 total 0.240 s [B hit]
dist_mn node 0: 2^25 = 2^12 x 2^13 over 2 x 4 ranks (rows 512..512; 16777216 + 13421772 limbs at 33554432, window [0, 0) of share [0, 31876709), accumulated): redistribute 0.012 ntt 0.195 crt 0.001 out 0.022 spills+carry 0.004 total 0.232 s [B hit]
dist_mn node 0: 50331648 x 13421772 limbs over 2 x 4 ranks (cap 2^25): 3 x 1 pieces, 3 formed, 0 skipped (low product) (cache 2 slots: 17 hits, 22 misses)
dist_mn node 1: 2^25 = 2^12 x 2^13 over 2 x 4 ranks (rows 512..512; 16777216 + 13421772 limbs at 33554432, window [0, 30198987) of share [31876709, 63753419), accumulated): redistribute 0.011 ntt 0.192 crt 0.001 out 0.025 spills+carry 0.004 total 0.232 s [B hit]
dist_mn node 1: 50331648 x 13421772 limbs over 2 x 4 ranks (cap 2^25): 3 x 1 pieces, 3 formed, 0 skipped (low product) (cache 2 slots: 17 hits, 22 misses)
dist_mn node 0: 50331648 + 13421772 limbs -> 63753419 (share 31876709): redistribute 0.065 ntt 0.754 crt 0.002 out 0.062 spills+carry 0.018, total 0.885 s
dist_mn node 1: 50331648 + 13421772 limbs -> 63753419 (share 31876710): redistribute 0.063 ntt 0.753 crt 0.002 out 0.066 spills+carry 0.018, total 0.885 s
dist_mn node 0: 2^25 = 2^12 x 2^13 over 2 x 4 ranks (rows 512..512; 16777216 + 13421772 limbs at 16777216, window [0, 15099494) of share [0, 31876710), accumulated): redistribute 0.032 ntt 0.369 crt 0.000 out 0.022 spills+carry 0.015 total 0.426 s [B cached]
dist_mn node 1: 2^25 = 2^12 x 2^13 over 2 x 4 ranks (rows 512..512; 16777216 + 13421772 limbs at 16777216, window [15099494, 30198988) of share [31876710, 63753420), accumulated): redistribute 0.033 ntt 0.362 crt 0.000 out 0.021 spills+carry 0.015 total 0.426 s [B cached]
dist_mn node 0: 2^25 = 2^12 x 2^13 over 2 x 4 ranks (rows 512..512; 16777216 + 13421772 limbs at 33554432, window [0, 0) of share [0, 31876710), accumulated): redistribute 0.012 ntt 0.195 crt 0.001 out 0.023 spills+carry 0.003 total 0.230 s [B hit]
dist_mn node 0: 50331648 x 13421772 limbs over 2 x 4 ranks (cap 2^25): 3 x 1 pieces, 2 formed, 1 skipped (low cut) (cache 2 slots: 18 hits, 23 misses)
dist_mn node 1: 2^25 = 2^12 x 2^13 over 2 x 4 ranks (rows 512..512; 16777216 + 13421772 limbs at 33554432, window [0, 30198988) of share [31876710, 63753420), accumulated): redistribute 0.012 ntt 0.195 crt 0.001 out 0.022 spills+carry 0.003 total 0.230 s [B hit]
dist_mn node 1: 50331648 x 13421772 limbs over 2 x 4 ranks (cap 2^25): 3 x 1 pieces, 2 formed, 1 skipped (low cut) (cache 2 slots: 18 hits, 23 misses)
dist_mn node 0: 50331648 + 13421772 limbs -> 63753420 (share 31876710): redistribute 0.044 ntt 0.563 crt 0.001 out 0.045 spills+carry 0.018, total 0.657 s
dist_mn node 1: 50331648 + 13421772 limbs -> 63753420 (share 31876710): redistribute 0.044 ntt 0.556 crt 0.001 out 0.043 spills+carry 0.018, total 0.657 s
mdev 2^25 (30198988 limbs): repack 0.033 h2d 0.001 fwd 0.002 inv 0.001 d2h 0.029 crt 0.017 total 0.066 s
mdev 2^25 (30198988 limbs): repack 0.037 h2d 0.001 fwd 0.003 inv 0.001 d2h 0.035 crt 0.021 total 0.073 s
dist_mn node 0: 2^25 = 2^12 x 2^13 over 2 x 4 ranks (rows 512..512; 16777216 + 13421772 limbs at 16777216, window [0, 15099493) of share [0, 31876709), accumulated): redistribute 0.030 ntt 0.321 crt 0.000 out 0.018 spills+carry 0.014 total 0.372 s [B cached]
dist_mn node 1: 2^25 = 2^12 x 2^13 over 2 x 4 ranks (rows 512..512; 16777216 + 13421772 limbs at 16777216, window [15099493, 30198988) of share [31876709, 63753419), accumulated): redistribute 0.029 ntt 0.322 crt 0.000 out 0.018 spills+carry 0.014 total 0.372 s [B cached]
dist_mn node 0: 2^25 = 2^12 x 2^13 over 2 x 4 ranks (rows 512..512; 16777216 + 13421772 limbs at 33554432, window [0, 0) of share [0, 31876709), accumulated): redistribute 0.013 ntt 0.186 crt 0.000 out 0.027 spills+carry 0.004 total 0.229 s [B hit]
dist_mn node 0: 50331648 x 13421772 limbs over 2 x 4 ranks (cap 2^25): 3 x 1 pieces, 2 formed, 1 skipped (low product) (low cut) (cache 2 slots: 19 hits, 24 misses)
dist_mn node 1: 2^25 = 2^12 x 2^13 over 2 x 4 ranks (rows 512..512; 16777216 + 13421772 limbs at 33554432, window [0, 30198987) of share [31876709, 63753419), accumulated): redistribute 0.012 ntt 0.186 crt 0.000 out 0.029 spills+carry 0.004 total 0.229 s [B hit]
dist_mn node 1: 50331648 x 13421772 limbs over 2 x 4 ranks (cap 2^25): 3 x 1 pieces, 2 formed, 1 skipped (low product) (low cut) (cache 2 slots: 19 hits, 24 misses)
dist_mn node 0: 50331648 + 13421772 limbs -> 63753419 (share 31876709): redistribute 0.043 ntt 0.507 crt 0.001 out 0.045 spills+carry 0.017, total 0.604 s
dist_mn node 1: 50331648 + 13421772 limbs -> 63753419 (share 31876710): redistribute 0.041 ntt 0.508 crt 0.001 out 0.047 spills+carry 0.017, total 0.604 s
mdev 2^25 (30198988 limbs): repack 0.040 h2d 0.001 fwd 0.004 inv 0.003 d2h 0.018 crt 0.032 total 0.065 s
mdev 2^25 (30198988 limbs): repack 0.035 h2d 0.001 fwd 0.005 inv 0.002 d2h 0.040 crt 0.020 total 0.085 s
dist_mn node 0: 2^25 = 2^12 x 2^13 over 2 x 4 ranks (rows 512..512; 16777216 + 13421772 limbs at 0, window [0, 30198988) of share [0, 31876710)): redistribute 0.025 ntt 0.307 crt 0.000 out 0.021 spills+carry 0.001 total 0.348 s [A cached] [B cached]
dist_mn node 1: 2^25 = 2^12 x 2^13 over 2 x 4 ranks (rows 512..512; 16777216 + 13421772 limbs at 0, window [30198988, 30198988) of share [31876710, 63753420)): redistribute 0.028 ntt 0.307 crt 0.000 out 0.020 spills+carry 0.001 total 0.348 s [A cached] [B cached]
dist_mn node 0: 2^25 = 2^12 x 2^13 over 2 x 4 ranks (rows 512..512; 16777216 + 13421772 limbs at 16777216, window [0, 15099494) of share [0, 31876710), accumulated): redistribute 0.010 ntt 0.188 crt 0.001 out 0.025 spills+carry 0.014 total 0.235 s [B hit]
dist_mn node 1: 2^25 = 2^12 x 2^13 over 2 x 4 ranks (rows 512..512; 16777216 + 13421772 limbs at 16777216, window [15099494, 30198988) of share [31876710, 63753420), accumulated): redistribute 0.015 ntt 0.186 crt 0.001 out 0.025 spills+carry 0.014 total 0.235 s [B hit]
dist_mn node 0: 2^25 = 2^12 x 2^13 over 2 x 4 ranks (rows 512..512; 16777216 + 13421772 limbs at 33554432, window [0, 0) of share [0, 31876710), accumulated): redistribute 0.012 ntt 0.193 crt 0.000 out 0.022 spills+carry 0.004 total 0.228 s [B hit]
dist_mn node 0: 50331648 x 13421772 limbs over 2 x 4 ranks (cap 2^25): 3 x 1 pieces, 3 formed, 0 skipped (low cut) (cache 2 slots: 21 hits, 26 misses)
dist_mn node 1: 2^25 = 2^12 x 2^13 over 2 x 4 ranks (rows 512..512; 16777216 + 13421772 limbs at 33554432, window [0, 30198988) of share [31876710, 63753420), accumulated): redistribute 0.011 ntt 0.192 crt 0.000 out 0.022 spills+carry 0.003 total 0.228 s [B hit]
dist_mn node 1: 50331648 x 13421772 limbs over 2 x 4 ranks (cap 2^25): 3 x 1 pieces, 3 formed, 0 skipped (low cut) (cache 2 slots: 21 hits, 26 misses)
dist_mn node 0: 50331648 + 13421772 limbs -> 63753420 (share 31876710): redistribute 0.046 ntt 0.688 crt 0.002 out 0.068 spills+carry 0.018, total 0.811 s
dist_mn node 1: 50331648 + 13421772 limbs -> 63753420 (share 31876710): redistribute 0.054 ntt 0.685 crt 0.002 out 0.067 spills+carry 0.018, total 0.811 s
dist_mn node 0: 2^25 = 2^12 x 2^13 over 2 x 4 ranks (rows 512..512; 16777216 + 13421772 limbs at 0, window [0, 30198988) of share [0, 31876709)): redistribute 0.043 ntt 0.346 crt 0.001 out 0.020 spills+carry 0.001 total 0.385 s [A cached] [B cached]
dist_mn node 1: 2^25 = 2^12 x 2^13 over 2 x 4 ranks (rows 512..512; 16777216 + 13421772 limbs at 0, window [30198988, 30198988) of share [31876709, 63753419)): redistribute 0.045 ntt 0.339 crt 0.001 out 0.021 spills+carry 0.001 total 0.385 s [A cached] [B cached]
dist_mn node 0: 2^25 = 2^12 x 2^13 over 2 x 4 ranks (rows 512..512; 16777216 + 13421772 limbs at 16777216, window [0, 15099493) of share [0, 31876709), accumulated): redistribute 0.015 ntt 0.199 crt 0.000 out 0.019 spills+carry 0.014 total 0.242 s [B hit]
dist_mn node 1: 2^25 = 2^12 x 2^13 over 2 x 4 ranks (rows 512..512; 16777216 + 13421772 limbs at 16777216, window [15099493, 30198988) of share [31876709, 63753419), accumulated): redistribute 0.015 ntt 0.197 crt 0.000 out 0.018 spills+carry 0.014 total 0.242 s [B hit]
dist_mn node 0: 2^25 = 2^12 x 2^13 over 2 x 4 ranks (rows 512..512; 16777216 + 13421772 limbs at 33554432, window [0, 0) of share [0, 31876709), accumulated): redistribute 0.012 ntt 0.196 crt 0.000 out 0.021 spills+carry 0.003 total 0.231 s [B hit]
dist_mn node 0: 50331648 x 13421772 limbs over 2 x 4 ranks (cap 2^25): 3 x 1 pieces, 3 formed, 0 skipped (low product) (low cut) (cache 2 slots: 23 hits, 28 misses)
dist_mn node 1: 2^25 = 2^12 x 2^13 over 2 x 4 ranks (rows 512..512; 16777216 + 13421772 limbs at 33554432, window [0, 30198987) of share [31876709, 63753419), accumulated): redistribute 0.012 ntt 0.197 crt 0.000 out 0.020 spills+carry 0.003 total 0.231 s [B hit]
dist_mn node 1: 50331648 x 13421772 limbs over 2 x 4 ranks (cap 2^25): 3 x 1 pieces, 3 formed, 0 skipped (low product) (low cut) (cache 2 slots: 23 hits, 28 misses)
dist_mn node 1: 50331648 + 13421772 limbs -> 63753419 (share 31876710): redistribute 0.071 ntt 0.734 crt 0.001 out 0.059 spills+carry 0.018, total 0.860 s
dist_mn node 0: 50331648 + 13421772 limbs -> 63753419 (share 31876709): redistribute 0.070 ntt 0.741 crt 0.001 out 0.060 spills+carry 0.018, total 0.860 s
dist_mn node 0: 50331648 x 13421772 limbs over 2 x 4 ranks (cap 2^25): 3 x 1 pieces, 0 formed, 3 skipped (low cut) (cache 2 slots: 23 hits, 28 misses)
dist_mn node 1: 50331648 x 13421772 limbs over 2 x 4 ranks (cap 2^25): 3 x 1 pieces, 0 formed, 3 skipped (low cut) (cache 2 slots: 23 hits, 28 misses)
dist_mn node 0: 50331648 + 13421772 limbs -> 0 (share 31876710): redistribute 0.000 ntt 0.000 crt 0.000 out 0.000 spills+carry 0.000, total 0.001 s
dist_mn node 1: 50331648 + 13421772 limbs -> 0 (share 31876710): redistribute 0.000 ntt 0.000 crt 0.000 out 0.000 spills+carry 0.000, total 0.001 s
mdev 2^25 (30198988 limbs): repack 0.031 h2d 0.001 fwd 0.004 inv 0.003 d2h 0.015 crt 0.010 total 0.059 s
mdev 2^25 (30198988 limbs): repack 0.041 h2d 0.001 fwd 0.005 inv 0.003 d2h 0.017 crt 0.021 total 0.066 s
mdev 2^25 (30198988 limbs): repack 0.033 h2d 0.001 fwd 0.005 inv 0.004 d2h 0.025 crt 0.006 total 0.071 s
mdev 2^25 (30198988 limbs): repack 0.033 h2d 0.001 fwd 0.006 inv 0.004 d2h 0.042 crt 0.007 total 0.090 s
mdev 2^25 (30198988 limbs): repack 0.031 h2d 0.001 fwd 0.002 inv 0.001 d2h 0.017 crt 0.004 total 0.056 s
mdev 2^25 (30198988 limbs): repack 0.033 h2d 0.001 fwd 0.002 inv 0.001 d2h 0.019 crt 0.017 total 0.061 s
dist_mn node 0: 50331648 x 13421772 limbs over 2 x 4 ranks (cap 2^25): 3 x 1 pieces, 0 formed, 3 skipped (low product) (low cut) (cache 2 slots: 23 hits, 28 misses)
dist_mn node 1: 50331648 x 13421772 limbs over 2 x 4 ranks (cap 2^25): 3 x 1 pieces, 0 formed, 3 skipped (low product) (low cut) (cache 2 slots: 23 hits, 28 misses)
dist_mn node 1: 50331648 + 13421772 limbs -> 0 (share 31876710): redistribute 0.000 ntt 0.000 crt 0.000 out 0.000 spills+carry 0.000, total 0.002 s
dist_mn node 0: 50331648 + 13421772 limbs -> 0 (share 31876709): redistribute 0.000 ntt 0.000 crt 0.000 out 0.000 spills+carry 0.000, total 0.004 s
mdev 2^25 (30198988 limbs): repack 0.029 h2d 0.001 fwd 0.005 inv 0.002 d2h 0.015 crt 0.004 total 0.056 s
mdev 2^25 (30198988 limbs): repack 0.029 h2d 0.001 fwd 0.002 inv 0.003 d2h 0.026 crt 0.012 total 0.064 s
mdev 2^25 (30198988 limbs): repack 0.027 h2d 0.001 fwd 0.005 inv 0.001 d2h 0.033 crt 0.014 total 0.074 s
mdev 2^25 (30198988 limbs): repack 0.045 h2d 0.001 fwd 0.003 inv 0.001 d2h 0.021 crt 0.003 total 0.074 s
mdev 2^25 (30198988 limbs): repack 0.026 h2d 0.001 fwd 0.002 inv 0.001 d2h 0.013 crt 0.013 total 0.047 s
mdev 2^25 (30198988 limbs): repack 0.020 h2d 0.001 fwd 0.002 inv 0.001 d2h 0.014 crt 0.006 total 0.042 s
dist_mn node 0: 2^25 = 2^12 x 2^13 over 2 x 4 ranks (rows 512..512; 16777216 + 13421772 limbs at 0, window [0, 30198988) of share [0, 31876710)): redistribute 0.021 ntt 0.319 crt 0.000 out 0.022 spills+carry 0.001 total 0.358 s [A cached] [B cached]
dist_mn node 1: 2^25 = 2^12 x 2^13 over 2 x 4 ranks (rows 512..512; 16777216 + 13421772 limbs at 0, window [30198988, 30198988) of share [31876710, 63753420)): redistribute 0.021 ntt 0.318 crt 0.000 out 0.021 spills+carry 0.001 total 0.358 s [A cached] [B cached]
dist_mn node 0: 2^25 = 2^12 x 2^13 over 2 x 4 ranks (rows 512..512; 16777216 + 13421772 limbs at 16777216, window [0, 15099494) of share [0, 31876710), accumulated): redistribute 0.015 ntt 0.200 crt 0.000 out 0.018 spills+carry 0.014 total 0.241 s [B hit]
dist_mn node 1: 2^25 = 2^12 x 2^13 over 2 x 4 ranks (rows 512..512; 16777216 + 13421772 limbs at 16777216, window [15099494, 30198988) of share [31876710, 63753420), accumulated): redistribute 0.017 ntt 0.192 crt 0.000 out 0.019 spills+carry 0.014 total 0.241 s [B hit]
dist_mn node 0: 2^25 = 2^12 x 2^13 over 2 x 4 ranks (rows 512..512; 16777216 + 13421772 limbs at 33554432, window [0, 0) of share [0, 31876710), accumulated): redistribute 0.012 ntt 0.196 crt 0.000 out 0.026 spills+carry 0.004 total 0.238 s [B hit]
dist_mn node 0: 50331648 x 13421772 limbs over 2 x 4 ranks (cap 2^25): 3 x 1 pieces, 3 formed, 0 skipped (cache 2 slots: 25 hits, 30 misses)
dist_mn node 1: 2^25 = 2^12 x 2^13 over 2 x 4 ranks (rows 512..512; 16777216 + 13421772 limbs at 33554432, window [0, 30198988) of share [31876710, 63753420), accumulated): redistribute 0.012 ntt 0.199 crt 0.000 out 0.024 spills+carry 0.004 total 0.238 s [B hit]
dist_mn node 1: 50331648 x 13421772 limbs over 2 x 4 ranks (cap 2^25): 3 x 1 pieces, 3 formed, 0 skipped (cache 2 slots: 25 hits, 30 misses)
dist_mn node 0: 50331648 + 13421772 limbs -> 63753420 (share 31876710): redistribute 0.048 ntt 0.715 crt 0.001 out 0.065 spills+carry 0.018, total 0.840 s
dist_mn node 1: 50331648 + 13421772 limbs -> 63753420 (share 31876710): redistribute 0.050 ntt 0.709 crt 0.001 out 0.064 spills+carry 0.018, total 1.059 s
dist_mn node 0: 2^25 = 2^12 x 2^13 over 2 x 4 ranks (rows 512..512; 16777216 + 13421772 limbs at 0, window [0, 30198988) of share [0, 31876709)): redistribute 0.023 ntt 0.261 crt 0.000 out 0.021 spills+carry 0.001 total 0.301 s [B hit]
dist_mn node 1: 2^25 = 2^12 x 2^13 over 2 x 4 ranks (rows 512..512; 16777216 + 13421772 limbs at 0, window [30198988, 30198988) of share [31876709, 63753419)): redistribute 0.022 ntt 0.262 crt 0.000 out 0.021 spills+carry 0.001 total 0.300 s [B hit]
dist_mn node 0: 2^25 = 2^12 x 2^13 over 2 x 4 ranks (rows 512..512; 16777216 + 13421772 limbs at 16777216, window [0, 15099493) of share [0, 31876709), accumulated): redistribute 0.010 ntt 0.193 crt 0.000 out 0.018 spills+carry 0.013 total 0.234 s [B hit]
dist_mn node 1: 2^25 = 2^12 x 2^13 over 2 x 4 ranks (rows 512..512; 16777216 + 13421772 limbs at 16777216, window [15099493, 30198988) of share [31876709, 63753419), accumulated): redistribute 0.011 ntt 0.192 crt 0.000 out 0.019 spills+carry 0.013 total 0.234 s [B hit]
dist_mn node 0: 2^25 = 2^12 x 2^13 over 2 x 4 ranks (rows 512..512; 16777216 + 13421772 limbs at 33554432, window [0, 0) of share [0, 31876709), accumulated): redistribute 0.012 ntt 0.194 crt 0.001 out 0.020 spills+carry 0.004 total 0.228 s [B hit]
dist_mn node 0: 50331648 x 13421772 limbs over 2 x 4 ranks (cap 2^25): 3 x 1 pieces, 3 formed, 0 skipped (low product) (cache 2 slots: 28 hits, 30 misses)
dist_mn node 1: 2^25 = 2^12 x 2^13 over 2 x 4 ranks (rows 512..512; 16777216 + 13421772 limbs at 33554432, window [0, 30198987) of share [31876709, 63753419), accumulated): redistribute 0.012 ntt 0.195 crt 0.001 out 0.020 spills+carry 0.003 total 0.229 s [B hit]
dist_mn node 1: 50331648 x 13421772 limbs over 2 x 4 ranks (cap 2^25): 3 x 1 pieces, 3 formed, 0 skipped (low product) (cache 2 slots: 28 hits, 30 misses)
dist_mn node 0: 50331648 + 13421772 limbs -> 63753419 (share 31876709): redistribute 0.045 ntt 0.649 crt 0.002 out 0.059 spills+carry 0.017, total 0.764 s
dist_mn node 1: 50331648 + 13421772 limbs -> 63753419 (share 31876710): redistribute 0.045 ntt 0.649 crt 0.002 out 0.061 spills+carry 0.017, total 0.764 s
dist_mn node 0: 2^25 = 2^12 x 2^13 over 2 x 4 ranks (rows 512..512; 25165824 + 6710883 limbs at 0, window [0, 19293794) of share [0, 19293794)): redistribute 0.054 ntt 0.369 crt 0.001 out 0.025 spills+carry 0.001 total 0.418 s [A cached] [B cached]
dist_mn node 1: 2^25 = 2^12 x 2^13 over 2 x 4 ranks (rows 512..512; 25165824 + 6710883 limbs at 0, window [19293794, 31876707) of share [19293794, 38587589)): redistribute 0.053 ntt 0.367 crt 0.001 out 0.025 spills+carry 0.001 total 0.418 s [A cached] [B cached]
dist_mn node 0: 2^25 = 2^12 x 2^13 over 2 x 4 ranks (rows 512..512; 25165824 + 6710882 limbs at 6710883, window [0, 12582911) of share [0, 19293794), accumulated): redistribute 0.006 ntt 0.195 crt 0.000 out 0.021 spills+carry 0.007 total 0.226 s [A hit] [B cached]
dist_mn node 0: 25165824 x 13421765 limbs over 2 x 4 ranks (cap 2^25): 1 x 2 pieces, 2 formed, 0 skipped (cache 2 slots: 1 hits, 3 misses)
dist_mn node 1: 2^25 = 2^12 x 2^13 over 2 x 4 ranks (rows 512..512; 25165824 + 6710882 limbs at 6710883, window [12582911, 31876706) of share [19293794, 38587589), accumulated): redistribute 0.006 ntt 0.195 crt 0.000 out 0.020 spills+carry 0.007 total 0.226 s [A hit] [B cached]
dist_mn node 1: 25165824 x 13421765 limbs over 2 x 4 ranks (cap 2^25): 1 x 2 pieces, 2 formed, 0 skipped (cache 2 slots: 1 hits, 3 misses)
dist_mn node 0: 25165824 + 13421765 limbs -> 38587589 (share 19293794): redistribute 0.059 ntt 0.564 crt 0.001 out 0.046 spills+carry 0.008, total 0.646 s
dist_mn node 1: 25165824 + 13421765 limbs -> 38587589 (share 19293795): redistribute 0.059 ntt 0.562 crt 0.001 out 0.046 spills+carry 0.008, total 0.646 s
mdev 3*2^24 (38587589 limbs): repack 0.047 h2d 0.001 fwd 0.010 inv 0.005 d2h 0.042 crt 0.035 total 0.107 s
mdev 3*2^24 (38587589 limbs): repack 0.048 h2d 0.001 fwd 0.007 inv 0.005 d2h 0.041 crt 0.029 total 0.113 s
dist_mn node 0: 2^25 = 2^12 x 2^13 over 2 x 4 ranks (rows 512..512; 25165824 + 6710883 limbs at 0, window [0, 12582913) of share [0, 12582913)): redistribute 0.031 ntt 0.335 crt 0.001 out 0.016 spills+carry 0.001 total 0.378 s [A cached] [B cached]
dist_mn node 1: 2^25 = 2^12 x 2^13 over 2 x 4 ranks (rows 512..512; 25165824 + 6710883 limbs at 0, window [12582913, 25165827) of share [12582913, 25165827)): redistribute 0.031 ntt 0.336 crt 0.001 out 0.017 spills+carry 0.001 total 0.378 s [A cached] [B cached]
dist_mn node 0: 2^25 = 2^12 x 2^13 over 2 x 4 ranks (rows 512..512; 25165824 + 6710882 limbs at 6710883, window [0, 5872030) of share [0, 12582913), accumulated): redistribute 0.006 ntt 0.195 crt 0.001 out 0.013 spills+carry 0.004 total 0.217 s [A hit] [B cached]
dist_mn node 0: 25165824 x 13421765 limbs over 2 x 4 ranks (cap 2^25): 1 x 2 pieces, 2 formed, 0 skipped (low product) (cache 2 slots: 2 hits, 6 misses)
dist_mn node 1: 2^25 = 2^12 x 2^13 over 2 x 4 ranks (rows 512..512; 25165824 + 6710882 limbs at 6710883, window [5872030, 18454944) of share [12582913, 25165827), accumulated): redistribute 0.006 ntt 0.196 crt 0.001 out 0.013 spills+carry 0.004 total 0.217 s [A hit] [B cached]
dist_mn node 1: 25165824 x 13421765 limbs over 2 x 4 ranks (cap 2^25): 1 x 2 pieces, 2 formed, 0 skipped (low product) (cache 2 slots: 2 hits, 6 misses)
dist_mn node 0: 25165824 + 13421765 limbs -> 25165827 (share 12582913): redistribute 0.036 ntt 0.531 crt 0.001 out 0.029 spills+carry 0.005, total 0.597 s
dist_mn node 1: 25165824 + 13421765 limbs -> 25165827 (share 12582914): redistribute 0.036 ntt 0.532 crt 0.001 out 0.030 spills+carry 0.005, total 0.608 s
dist_mn node 0: 2^25 = 2^12 x 2^13 over 2 x 4 ranks (rows 512..512; 16777216 + 13421772 limbs at 0, window [0, 30198988) of share [0, 31876710)): redistribute 0.054 ntt 0.356 crt 0.000 out 0.027 spills+carry 0.001 total 0.413 s [A cached] [B cached]
dist_mn node 1: 2^25 = 2^12 x 2^13 over 2 x 4 ranks (rows 512..512; 16777216 + 13421772 limbs at 0, window [30198988, 30198988) of share [31876710, 63753421)): redistribute 0.055 ntt 0.356 crt 0.000 out 0.029 spills+carry 0.001 total 0.413 s [A cached] [B cached]
dist_mn node 0: 2^25 = 2^12 x 2^13 over 2 x 4 ranks (rows 512..512; 16777216 + 13421772 limbs at 16777216, window [0, 15099494) of share [0, 31876710), accumulated): redistribute 0.011 ntt 0.210 crt 0.000 out 0.027 spills+carry 0.013 total 0.261 s [B hit]
dist_mn node 1: 2^25 = 2^12 x 2^13 over 2 x 4 ranks (rows 512..512; 16777216 + 13421772 limbs at 16777216, window [15099494, 30198988) of share [31876710, 63753421), accumulated): redistribute 0.011 ntt 0.211 crt 0.000 out 0.028 spills+carry 0.013 total 0.261 s [B hit]
dist_mn node 0: 2^25 = 2^12 x 2^13 over 2 x 4 ranks (rows 512..512; 16777216 + 13421772 limbs at 33554432, window [0, 0) of share [0, 31876710), accumulated): redistribute 0.012 ntt 0.206 crt 0.000 out 0.028 spills+carry 0.004 total 0.249 s [B hit]
dist_mn node 1: 2^25 = 2^12 x 2^13 over 2 x 4 ranks (rows 512..512; 16777216 + 13421772 limbs at 33554432, window [0, 30198988) of share [31876710, 63753421), accumulated): redistribute 0.012 ntt 0.206 crt 0.000 out 0.028 spills+carry 0.003 total 0.249 s [B hit]
mdb_add_shifted node 0: 13421769 limbs at 0 into a basis of 63753421 (my window [0, 13421769), 1 rounds of 3355456; slabs 3355442 + 3355442 limbs per APU 0): 0.034 s
dist_mn node 0: 50331648 x 13421772 limbs over 2 x 4 ranks (cap 2^25): 3 x 1 pieces, 3 formed, 0 skipped (cache 2 slots: 4 hits, 8 misses)
mdb_add_shifted node 1: 13421769 limbs at 0 into a basis of 63753421 (my window [31876710, 31876710), 1 rounds of 3355456; slabs 0 + 0 limbs per APU 0): 0.034 s
dist_mn node 1: 50331648 x 13421772 limbs over 2 x 4 ranks (cap 2^25): 3 x 1 pieces, 3 formed, 0 skipped (cache 2 slots: 4 hits, 8 misses)
dist_mn node 0: 50331648 + 13421772 + x limbs -> 63753420 (share 31876710): redistribute 0.078 ntt 0.771 crt 0.001 out 0.083 spills+carry 0.018, total 0.961 s
dist_mn node 1: 50331648 + 13421772 + x limbs -> 63753420 (share 31876711): redistribute 0.078 ntt 0.773 crt 0.001 out 0.085 spills+carry 0.018, total 0.973 s
mdb_add_shifted node 0: 13421769 limbs at 0 into a basis of 63753421 (my window [0, 13421769), 1 rounds of 3355456; slabs 3355442 + 3355442 limbs per APU 0): 0.068 s
mdb_add_shifted node 1: 13421769 limbs at 0 into a basis of 63753421 (my window [31876710, 31876710), 1 rounds of 3355456; slabs 0 + 0 limbs per APU 0): 0.050 s
mdb_add_shifted node 0: 13421769 limbs at 7 into a basis of 63753421 (my window [7, 13421776), 1 rounds of 3355456; slabs 3355442 + 3355442 limbs per APU 0): 0.044 s
mdb_add_shifted node 1: 13421769 limbs at 7 into a basis of 63753421 (my window [31876710, 31876710), 1 rounds of 3355456; slabs 0 + 0 limbs per APU 0): 0.052 s
mdb_add_shifted node 0: 13421769 limbs at 25165824 into a basis of 63753421 (my window [25165824, 31876710), 1 rounds of 1677728; slabs 1677721 + 1677721 limbs per APU 0): 0.010 s
mdb_add_shifted node 1: 13421769 limbs at 25165824 into a basis of 63753421 (my window [31876710, 38587593), 1 rounds of 1677728; slabs 1677720 + 1677720 limbs per APU 0): 0.021 s
mdb_add_shifted node 1: 13421769 limbs at 50331648 into a basis of 63753421 (my window [50331648, 63753417), 1 rounds of 3355456; slabs 0 + 3355442 limbs per APU 0): 0.042 s
mdb_add_shifted node 0: 13421769 limbs at 50331648 into a basis of 63753421 (my window [50331648, 50331648), 1 rounds of 3355456; slabs 3355442 + 0 limbs per APU 0): 0.039 s
dist_mn node 0: 2^25 = 2^12 x 2^13 over 2 x 4 ranks (rows 512..512; 16777216 + 13421772 limbs at 0, window [0, 30198988) of share [0, 31876710)): redistribute 0.035 ntt 0.345 crt 0.001 out 0.020 spills+carry 0.002 total 0.393 s [A cached] [B cached]
dist_mn node 1: 2^25 = 2^12 x 2^13 over 2 x 4 ranks (rows 512..512; 16777216 + 13421772 limbs at 0, window [30198988, 30198988) of share [31876710, 63753420)): redistribute 0.037 ntt 0.343 crt 0.001 out 0.021 spills+carry 0.002 total 0.393 s [A cached] [B cached]
dist_mn node 0: 2^25 = 2^12 x 2^13 over 2 x 4 ranks (rows 512..512; 16777216 + 13421772 limbs at 16777216, window [0, 15099494) of share [0, 31876710), accumulated): redistribute 0.015 ntt 0.204 crt 0.001 out 0.024 spills+carry 0.015 total 0.250 s [B hit]
dist_mn node 1: 2^25 = 2^12 x 2^13 over 2 x 4 ranks (rows 512..512; 16777216 + 13421772 limbs at 16777216, window [15099494, 30198988) of share [31876710, 63753420), accumulated): redistribute 0.016 ntt 0.201 crt 0.001 out 0.024 spills+carry 0.015 total 0.250 s [B hit]
dist_mn node 0: 2^25 = 2^12 x 2^13 over 2 x 4 ranks (rows 512..512; 16777216 + 13421772 limbs at 33554432, window [0, 0) of share [0, 31876710), accumulated): redistribute 0.012 ntt 0.184 crt 0.000 out 0.022 spills+carry 0.005 total 0.220 s [B hit]
dist_mn node 0: 50331648 x 13421772 limbs over 2 x 4 ranks (cap 2^25): 3 x 1 pieces, 3 formed, 0 skipped (cache 2 slots: 6 hits, 10 misses)
dist_mn node 1: 2^25 = 2^12 x 2^13 over 2 x 4 ranks (rows 512..512; 16777216 + 13421772 limbs at 33554432, window [0, 30198988) of share [31876710, 63753420), accumulated): redistribute 0.011 ntt 0.184 crt 0.000 out 0.020 spills+carry 0.005 total 0.220 s [B hit]
dist_mn node 1: 50331648 x 13421772 limbs over 2 x 4 ranks (cap 2^25): 3 x 1 pieces, 3 formed, 0 skipped (cache 2 slots: 6 hits, 10 misses)
dist_mn node 0: 50331648 + 13421772 limbs -> 63753420 (share 31876710): redistribute 0.061 ntt 0.734 crt 0.002 out 0.065 spills+carry 0.022, total 0.865 s
dist_mn node 1: 50331648 + 13421772 limbs -> 63753420 (share 31876710): redistribute 0.065 ntt 0.728 crt 0.002 out 0.065 spills+carry 0.022, total 0.907 s
mdev 2^26 (63753420 limbs): repack 0.063 h2d 0.001 fwd 0.012 inv 0.006 d2h 0.039 crt 0.050 total 0.126 s
mdev 2^26 (63753420 limbs): repack 0.060 h2d 0.001 fwd 0.010 inv 0.006 d2h 0.049 crt 0.044 total 0.132 s
dist_mn node 0: 2^25 = 2^12 x 2^13 over 2 x 4 ranks (rows 512..512; 16777216 + 13421772 limbs at 0, window [0, 30198988) of share [0, 31876710)): redistribute 0.043 ntt 0.348 crt 0.001 out 0.021 spills+carry 0.002 total 0.388 s [A cached] [B cached]
dist_mn node 1: 2^25 = 2^12 x 2^13 over 2 x 4 ranks (rows 512..512; 16777216 + 13421772 limbs at 0, window [30198988, 30198988) of share [31876710, 63753421)): redistribute 0.041 ntt 0.349 crt 0.001 out 0.019 spills+carry 0.002 total 0.388 s [A cached] [B cached]
dist_mn node 0: 2^25 = 2^12 x 2^13 over 2 x 4 ranks (rows 512..512; 16777216 + 13421772 limbs at 16777216, window [0, 15099494) of share [0, 31876710), accumulated): redistribute 0.015 ntt 0.205 crt 0.000 out 0.024 spills+carry 0.015 total 0.256 s [B hit]
dist_mn node 1: 2^25 = 2^12 x 2^13 over 2 x 4 ranks (rows 512..512; 16777216 + 13421772 limbs at 16777216, window [15099494, 30198988) of share [31876710, 63753421), accumulated): redistribute 0.017 ntt 0.200 crt 0.000 out 0.023 spills+carry 0.015 total 0.256 s [B hit]
dist_mn node 0: 2^25 = 2^12 x 2^13 over 2 x 4 ranks (rows 512..512; 16777216 + 13421772 limbs at 33554432, window [0, 0) of share [0, 31876710), accumulated): redistribute 0.020 ntt 0.197 crt 0.001 out 0.020 spills+carry 0.005 total 0.232 s [B hit]
dist_mn node 1: 2^25 = 2^12 x 2^13 over 2 x 4 ranks (rows 512..512; 16777216 + 13421772 limbs at 33554432, window [0, 30198988) of share [31876710, 63753421), accumulated): redistribute 0.020 ntt 0.194 crt 0.001 out 0.023 spills+carry 0.005 total 0.232 s [B hit]
mdb_add_shifted node 0: 13421769 limbs at 0 into a basis of 63753421 (my window [0, 13421769), 1 rounds of 3355456; slabs 3355442 + 3355442 limbs per APU 0): 0.028 s
dist_mn node 0: 50331648 x 13421772 limbs over 2 x 4 ranks (cap 2^25): 3 x 1 pieces, 3 formed, 0 skipped (cache 2 slots: 8 hits, 12 misses)
mdb_add_shifted node 1: 13421769 limbs at 0 into a basis of 63753421 (my window [31876710, 31876710), 1 rounds of 3355456; slabs 0 + 0 limbs per APU 0): 0.028 s
dist_mn node 1: 50331648 x 13421772 limbs over 2 x 4 ranks (cap 2^25): 3 x 1 pieces, 3 formed, 0 skipped (cache 2 slots: 8 hits, 12 misses)
dist_mn node 0: 50331648 + 13421772 + x limbs -> 63753420 (share 31876710): redistribute 0.079 ntt 0.750 crt 0.002 out 0.065 spills+carry 0.022, total 0.908 s
dist_mn node 1: 50331648 + 13421772 + x limbs -> 63753420 (share 31876711): redistribute 0.078 ntt 0.744 crt 0.002 out 0.065 spills+carry 0.022, total 0.936 s
dist_mn node 0: 2^25 = 2^12 x 2^13 over 2 x 4 ranks (rows 512..512; 16777216 + 13421772 limbs at 0, window [0, 25165825) of share [0, 25165825)): redistribute 0.050 ntt 0.356 crt 0.001 out 0.029 spills+carry 0.002 total 0.407 s [A cached] [B cached]
dist_mn node 1: 2^25 = 2^12 x 2^13 over 2 x 4 ranks (rows 512..512; 16777216 + 13421772 limbs at 0, window [25165825, 30198988) of share [25165825, 50331650)): redistribute 0.048 ntt 0.357 crt 0.001 out 0.026 spills+carry 0.002 total 0.407 s [A cached] [B cached]
dist_mn node 0: 2^25 = 2^12 x 2^13 over 2 x 4 ranks (rows 512..512; 16777216 + 13421772 limbs at 16777216, window [0, 8388609) of share [0, 25165825), accumulated): redistribute 0.014 ntt 0.214 crt 0.000 out 0.022 spills+carry 0.010 total 0.260 s [B hit]
dist_mn node 1: 2^25 = 2^12 x 2^13 over 2 x 4 ranks (rows 512..512; 16777216 + 13421772 limbs at 16777216, window [8388609, 30198988) of share [25165825, 50331650), accumulated): redistribute 0.018 ntt 0.211 crt 0.000 out 0.020 spills+carry 0.011 total 0.260 s [B hit]
dist_mn node 0: 2^25 = 2^12 x 2^13 over 2 x 4 ranks (rows 512..512; 16777216 + 13421772 limbs at 33554432, window [0, 0) of share [0, 25165825), accumulated): redistribute 0.015 ntt 0.215 crt 0.000 out 0.013 spills+carry 0.010 total 0.252 s [B hit]
dist_mn node 0: 50331648 x 13421772 limbs over 2 x 4 ranks (cap 2^25): 3 x 1 pieces, 3 formed, 0 skipped (low product) (cache 2 slots: 10 hits, 14 misses)
dist_mn node 1: 2^25 = 2^12 x 2^13 over 2 x 4 ranks (rows 512..512; 16777216 + 13421772 limbs at 33554432, window [0, 16777218) of share [25165825, 50331650), accumulated): redistribute 0.014 ntt 0.216 crt 0.000 out 0.013 spills+carry 0.010 total 0.252 s [B hit]
dist_mn node 1: 50331648 x 13421772 limbs over 2 x 4 ranks (cap 2^25): 3 x 1 pieces, 3 formed, 0 skipped (low product) (cache 2 slots: 10 hits, 14 misses)
dist_mn node 0: 50331648 + 13421772 limbs -> 50331650 (share 25165825): redistribute 0.079 ntt 0.786 crt 0.001 out 0.064 spills+carry 0.023, total 0.920 s
dist_mn node 1: 50331648 + 13421772 limbs -> 50331650 (share 25165825): redistribute 0.080 ntt 0.784 crt 0.002 out 0.060 spills+carry 0.023, total 0.920 s
dist_mn node 0: 2^25 = 2^12 x 2^13 over 2 x 4 ranks (rows 512..512; 25165825 + 6710886 limbs at 0, window [0, 12582912) of share [0, 12582912)): redistribute 0.061 ntt 0.370 crt 0.000 out 0.015 spills+carry 0.002 total 0.413 s [A cached] [B cached]
dist_mn node 1: 2^25 = 2^12 x 2^13 over 2 x 4 ranks (rows 512..512; 25165825 + 6710886 limbs at 0, window [12582912, 25165825) of share [12582912, 25165825)): redistribute 0.059 ntt 0.371 crt 0.000 out 0.016 spills+carry 0.002 total 0.413 s [A cached] [B cached]
dist_mn node 0: 2^25 = 2^12 x 2^13 over 2 x 4 ranks (rows 512..512; 25165825 + 6710886 limbs at 6710886, window [0, 5872026) of share [0, 12582912), accumulated): redistribute 0.007 ntt 0.190 crt 0.000 out 0.015 spills+carry 0.008 total 0.220 s [A hit] [B cached]
dist_mn node 0: 25165825 x 13421772 limbs over 2 x 4 ranks (cap 2^25): 1 x 2 pieces, 2 formed, 0 skipped (low product) (cache 2 slots: 11 hits, 17 misses)
dist_mn node 1: 2^25 = 2^12 x 2^13 over 2 x 4 ranks (rows 512..512; 25165825 + 6710886 limbs at 6710886, window [5872026, 18454939) of share [12582912, 25165825), accumulated): redistribute 0.007 ntt 0.192 crt 0.000 out 0.013 spills+carry 0.008 total 0.220 s [A hit] [B cached]
dist_mn node 1: 25165825 x 13421772 limbs over 2 x 4 ranks (cap 2^25): 1 x 2 pieces, 2 formed, 0 skipped (low product) (cache 2 slots: 11 hits, 17 misses)
dist_mn node 0: 25165825 + 13421772 limbs -> 25165825 (share 12582912): redistribute 0.068 ntt 0.560 crt 0.001 out 0.030 spills+carry 0.010, total 0.634 s
dist_mn node 1: 25165825 + 13421772 limbs -> 25165825 (share 12582913): redistribute 0.066 ntt 0.563 crt 0.001 out 0.029 spills+carry 0.010, total 0.634 s
dist_mn node 0: 2^25 = 2^12 x 2^13 over 2 x 4 ranks (rows 512..512; 16777216 + 13421772 limbs at 0, window [0, 30198988) of share [0, 31876709)): redistribute 0.040 ntt 0.353 crt 0.001 out 0.019 spills+carry 0.002 total 0.393 s [A cached] [B cached]
dist_mn node 1: 2^25 = 2^12 x 2^13 over 2 x 4 ranks (rows 512..512; 16777216 + 13421772 limbs at 0, window [30198988, 30198988) of share [31876709, 63753419)): redistribute 0.030 ntt 0.353 crt 0.001 out 0.019 spills+carry 0.002 total 0.393 s [A cached] [B cached]
dist_mn node 0: 2^25 = 2^12 x 2^13 over 2 x 4 ranks (rows 512..512; 16777216 + 13421772 limbs at 16777216, window [0, 15099493) of share [0, 31876709), accumulated): redistribute 0.013 ntt 0.197 crt 0.000 out 0.020 spills+carry 0.014 total 0.241 s [B hit]
dist_mn node 1: 2^25 = 2^12 x 2^13 over 2 x 4 ranks (rows 512..512; 16777216 + 13421772 limbs at 16777216, window [15099493, 30198988) of share [31876709, 63753419), accumulated): redistribute 0.014 ntt 0.195 crt 0.000 out 0.020 spills+carry 0.014 total 0.241 s [B hit]
dist_mn node 0: 2^25 = 2^12 x 2^13 over 2 x 4 ranks (rows 512..512; 16777216 + 13421772 limbs at 33554432, window [0, 0) of share [0, 31876709), accumulated): redistribute 0.020 ntt 0.202 crt 0.001 out 0.021 spills+carry 0.005 total 0.239 s [B hit]
dist_mn node 0: 50331648 x 13421772 limbs over 2 x 4 ranks (cap 2^25): 3 x 1 pieces, 3 formed, 0 skipped (low product) (cache 2 slots: 13 hits, 19 misses)
dist_mn node 1: 2^25 = 2^12 x 2^13 over 2 x 4 ranks (rows 512..512; 16777216 + 13421772 limbs at 33554432, window [0, 30198987) of share [31876709, 63753419), accumulated): redistribute 0.020 ntt 0.200 crt 0.001 out 0.022 spills+carry 0.005 total 0.239 s [B hit]
dist_mn node 1: 50331648 x 13421772 limbs over 2 x 4 ranks (cap 2^25): 3 x 1 pieces, 3 formed, 0 skipped (low product) (cache 2 slots: 13 hits, 19 misses)
dist_mn node 0: 50331648 + 13421772 limbs -> 63753419 (share 31876709): redistribute 0.073 ntt 0.752 crt 0.002 out 0.060 spills+carry 0.021, total 0.874 s
dist_mn node 1: 50331648 + 13421772 limbs -> 63753419 (share 31876710): redistribute 0.063 ntt 0.747 crt 0.002 out 0.062 spills+carry 0.021, total 0.874 s
dist_mn node 0: 2^25 = 2^12 x 2^13 over 2 x 4 ranks (rows 512..512; 16777216 + 13421772 limbs at 16777216, window [0, 15099494) of share [0, 31876710), accumulated): redistribute 0.045 ntt 0.353 crt 0.000 out 0.019 spills+carry 0.015 total 0.416 s [B cached]
dist_mn node 1: 2^25 = 2^12 x 2^13 over 2 x 4 ranks (rows 512..512; 16777216 + 13421772 limbs at 16777216, window [15099494, 30198988) of share [31876710, 63753420), accumulated): redistribute 0.045 ntt 0.356 crt 0.000 out 0.021 spills+carry 0.015 total 0.416 s [B cached]
dist_mn node 0: 2^25 = 2^12 x 2^13 over 2 x 4 ranks (rows 512..512; 16777216 + 13421772 limbs at 33554432, window [0, 0) of share [0, 31876710), accumulated): redistribute 0.012 ntt 0.196 crt 0.001 out 0.020 spills+carry 0.005 total 0.232 s [B hit]
dist_mn node 0: 50331648 x 13421772 limbs over 2 x 4 ranks (cap 2^25): 3 x 1 pieces, 2 formed, 1 skipped (low cut) (cache 2 slots: 14 hits, 20 misses)
dist_mn node 1: 2^25 = 2^12 x 2^13 over 2 x 4 ranks (rows 512..512; 16777216 + 13421772 limbs at 33554432, window [0, 30198988) of share [31876710, 63753420), accumulated): redistribute 0.011 ntt 0.196 crt 0.001 out 0.021 spills+carry 0.005 total 0.232 s [B hit]
dist_mn node 1: 50331648 x 13421772 limbs over 2 x 4 ranks (cap 2^25): 3 x 1 pieces, 2 formed, 1 skipped (low cut) (cache 2 slots: 14 hits, 20 misses)
dist_mn node 0: 50331648 + 13421772 limbs -> 63753420 (share 31876710): redistribute 0.057 ntt 0.549 crt 0.001 out 0.039 spills+carry 0.019, total 0.650 s
dist_mn node 1: 50331648 + 13421772 limbs -> 63753420 (share 31876710): redistribute 0.056 ntt 0.552 crt 0.001 out 0.041 spills+carry 0.019, total 0.650 s
mdev 2^25 (30198988 limbs): repack 0.036 h2d 0.001 fwd 0.002 inv 0.001 d2h 0.025 crt 0.014 total 0.068 s
mdev 2^25 (30198988 limbs): repack 0.048 h2d 0.001 fwd 0.003 inv 0.001 d2h 0.037 crt 0.029 total 0.093 s
dist_mn node 0: 2^25 = 2^12 x 2^13 over 2 x 4 ranks (rows 512..512; 16777216 + 13421772 limbs at 16777216, window [0, 15099493) of share [0, 31876709), accumulated): redistribute 0.022 ntt 0.266 crt 0.000 out 0.019 spills+carry 0.015 total 0.313 s [B cached]
dist_mn node 1: 2^25 = 2^12 x 2^13 over 2 x 4 ranks (rows 512..512; 16777216 + 13421772 limbs at 16777216, window [15099493, 30198988) of share [31876709, 63753419), accumulated): redistribute 0.023 ntt 0.267 crt 0.000 out 0.019 spills+carry 0.015 total 0.313 s [B cached]
dist_mn node 0: 2^25 = 2^12 x 2^13 over 2 x 4 ranks (rows 512..512; 16777216 + 13421772 limbs at 33554432, window [0, 0) of share [0, 31876709), accumulated): redistribute 0.012 ntt 0.199 crt 0.001 out 0.022 spills+carry 0.005 total 0.236 s [B hit]
dist_mn node 0: 50331648 x 13421772 limbs over 2 x 4 ranks (cap 2^25): 3 x 1 pieces, 2 formed, 1 skipped (low product) (low cut) (cache 2 slots: 15 hits, 21 misses)
dist_mn node 1: 2^25 = 2^12 x 2^13 over 2 x 4 ranks (rows 512..512; 16777216 + 13421772 limbs at 33554432, window [0, 30198987) of share [31876709, 63753419), accumulated): redistribute 0.012 ntt 0.200 crt 0.001 out 0.022 spills+carry 0.005 total 0.236 s [B hit]
dist_mn node 1: 50331648 x 13421772 limbs over 2 x 4 ranks (cap 2^25): 3 x 1 pieces, 2 formed, 1 skipped (low product) (low cut) (cache 2 slots: 15 hits, 21 misses)
dist_mn node 0: 50331648 + 13421772 limbs -> 63753419 (share 31876709): redistribute 0.035 ntt 0.465 crt 0.001 out 0.041 spills+carry 0.020, total 0.550 s
dist_mn node 1: 50331648 + 13421772 limbs -> 63753419 (share 31876710): redistribute 0.035 ntt 0.468 crt 0.001 out 0.042 spills+carry 0.020, total 0.550 s
mdev 2^25 (30198988 limbs): repack 0.027 h2d 0.001 fwd 0.002 inv 0.001 d2h 0.029 crt 0.022 total 0.063 s
mdev 2^25 (30198988 limbs): repack 0.044 h2d 0.001 fwd 0.002 inv 0.001 d2h 0.036 crt 0.014 total 0.087 s
dist_mn node 0: 2^25 = 2^12 x 2^13 over 2 x 4 ranks (rows 512..512; 16777216 + 13421772 limbs at 0, window [0, 30198988) of share [0, 31876710)): redistribute 0.023 ntt 0.288 crt 0.001 out 0.019 spills+carry 0.002 total 0.332 s [A cached] [B cached]
dist_mn node 1: 2^25 = 2^12 x 2^13 over 2 x 4 ranks (rows 512..512; 16777216 + 13421772 limbs at 0, window [30198988, 30198988) of share [31876710, 63753420)): redistribute 0.024 ntt 0.286 crt 0.001 out 0.021 spills+carry 0.002 total 0.332 s [A cached] [B cached]
dist_mn node 0: 2^25 = 2^12 x 2^13 over 2 x 4 ranks (rows 512..512; 16777216 + 13421772 limbs at 16777216, window [0, 15099494) of share [0, 31876710), accumulated): redistribute 0.012 ntt 0.199 crt 0.000 out 0.020 spills+carry 0.014 total 0.243 s [B hit]
dist_mn node 1: 2^25 = 2^12 x 2^13 over 2 x 4 ranks (rows 512..512; 16777216 + 13421772 limbs at 16777216, window [15099494, 30198988) of share [31876710, 63753420), accumulated): redistribute 0.014 ntt 0.197 crt 0.000 out 0.019 spills+carry 0.014 total 0.243 s [B hit]
dist_mn node 0: 2^25 = 2^12 x 2^13 over 2 x 4 ranks (rows 512..512; 16777216 + 13421772 limbs at 33554432, window [0, 0) of share [0, 31876710), accumulated): redistribute 0.013 ntt 0.191 crt 0.000 out 0.021 spills+carry 0.005 total 0.229 s [B hit]
dist_mn node 0: 50331648 x 13421772 limbs over 2 x 4 ranks (cap 2^25): 3 x 1 pieces, 3 formed, 0 skipped (low cut) (cache 2 slots: 17 hits, 23 misses)
dist_mn node 1: 2^25 = 2^12 x 2^13 over 2 x 4 ranks (rows 512..512; 16777216 + 13421772 limbs at 33554432, window [0, 30198988) of share [31876710, 63753420), accumulated): redistribute 0.012 ntt 0.191 crt 0.000 out 0.021 spills+carry 0.005 total 0.229 s [B hit]
dist_mn node 1: 50331648 x 13421772 limbs over 2 x 4 ranks (cap 2^25): 3 x 1 pieces, 3 formed, 0 skipped (low cut) (cache 2 slots: 17 hits, 23 misses)
dist_mn node 0: 50331648 + 13421772 limbs -> 63753420 (share 31876710): redistribute 0.048 ntt 0.678 crt 0.002 out 0.060 spills+carry 0.021, total 0.806 s
dist_mn node 1: 50331648 + 13421772 limbs -> 63753420 (share 31876710): redistribute 0.051 ntt 0.674 crt 0.002 out 0.061 spills+carry 0.021, total 0.806 s
dist_mn node 0: 2^25 = 2^12 x 2^13 over 2 x 4 ranks (rows 512..512; 16777216 + 13421772 limbs at 0, window [0, 30198988) of share [0, 31876709)): redistribute 0.030 ntt 0.363 crt 0.000 out 0.019 spills+carry 0.002 total 0.404 s [A cached] [B cached]
dist_mn node 1: 2^25 = 2^12 x 2^13 over 2 x 4 ranks (rows 512..512; 16777216 + 13421772 limbs at 0, window [30198988, 30198988) of share [31876709, 63753419)): redistribute 0.030 ntt 0.363 crt 0.000 out 0.019 spills+carry 0.002 total 0.404 s [A cached] [B cached]
dist_mn node 0: 2^25 = 2^12 x 2^13 over 2 x 4 ranks (rows 512..512; 16777216 + 13421772 limbs at 16777216, window [0, 15099493) of share [0, 31876709), accumulated): redistribute 0.010 ntt 0.188 crt 0.001 out 0.020 spills+carry 0.016 total 0.234 s [B hit]
dist_mn node 1: 2^25 = 2^12 x 2^13 over 2 x 4 ranks (rows 512..512; 16777216 + 13421772 limbs at 16777216, window [15099493, 30198988) of share [31876709, 63753419), accumulated): redistribute 0.012 ntt 0.187 crt 0.001 out 0.020 spills+carry 0.016 total 0.234 s [B hit]
dist_mn node 0: 2^25 = 2^12 x 2^13 over 2 x 4 ranks (rows 512..512; 16777216 + 13421772 limbs at 33554432, window [0, 0) of share [0, 31876709), accumulated): redistribute 0.012 ntt 0.189 crt 0.000 out 0.027 spills+carry 0.005 total 0.234 s [B hit]
dist_mn node 0: 50331648 x 13421772 limbs over 2 x 4 ranks (cap 2^25): 3 x 1 pieces, 3 formed, 0 skipped (low product) (low cut) (cache 2 slots: 19 hits, 25 misses)
dist_mn node 1: 2^25 = 2^12 x 2^13 over 2 x 4 ranks (rows 512..512; 16777216 + 13421772 limbs at 33554432, window [0, 30198987) of share [31876709, 63753419), accumulated): redistribute 0.012 ntt 0.188 crt 0.000 out 0.030 spills+carry 0.005 total 0.234 s [B hit]
dist_mn node 1: 50331648 x 13421772 limbs over 2 x 4 ranks (cap 2^25): 3 x 1 pieces, 3 formed, 0 skipped (low product) (low cut) (cache 2 slots: 19 hits, 25 misses)
dist_mn node 0: 50331648 + 13421772 limbs -> 63753419 (share 31876709): redistribute 0.051 ntt 0.740 crt 0.001 out 0.066 spills+carry 0.023, total 0.874 s
dist_mn node 1: 50331648 + 13421772 limbs -> 63753419 (share 31876710): redistribute 0.054 ntt 0.737 crt 0.001 out 0.069 spills+carry 0.023, total 0.874 s
dist_mn node 0: 50331648 x 13421772 limbs over 2 x 4 ranks (cap 2^25): 3 x 1 pieces, 0 formed, 3 skipped (low cut) (cache 2 slots: 19 hits, 25 misses)
dist_mn node 1: 50331648 x 13421772 limbs over 2 x 4 ranks (cap 2^25): 3 x 1 pieces, 0 formed, 3 skipped (low cut) (cache 2 slots: 19 hits, 25 misses)
dist_mn node 0: 50331648 + 13421772 limbs -> 0 (share 31876710): redistribute 0.000 ntt 0.000 crt 0.000 out 0.000 spills+carry 0.000, total 0.001 s
dist_mn node 1: 50331648 + 13421772 limbs -> 0 (share 31876710): redistribute 0.000 ntt 0.000 crt 0.000 out 0.000 spills+carry 0.000, total 0.001 s
mdev 2^25 (30198988 limbs): repack 0.032 h2d 0.001 fwd 0.002 inv 0.001 d2h 0.027 crt 0.014 total 0.066 s
mdev 2^25 (30198988 limbs): repack 0.029 h2d 0.001 fwd 0.002 inv 0.001 d2h 0.028 crt 0.014 total 0.064 s
mdev 2^25 (30198988 limbs): repack 0.038 h2d 0.001 fwd 0.003 inv 0.003 d2h 0.036 crt 0.025 total 0.085 s
mdev 2^25 (30198988 limbs): repack 0.031 h2d 0.001 fwd 0.005 inv 0.002 d2h 0.054 crt 0.039 total 0.102 s
mdev 2^25 (30198988 limbs): repack 0.025 h2d 0.001 fwd 0.002 inv 0.001 d2h 0.031 crt 0.021 total 0.064 s
mdev 2^25 (30198988 limbs): repack 0.025 h2d 0.001 fwd 0.002 inv 0.001 d2h 0.033 crt 0.026 total 0.071 s
dist_mn node 1: 50331648 x 13421772 limbs over 2 x 4 ranks (cap 2^25): 3 x 1 pieces, 0 formed, 3 skipped (low product) (low cut) (cache 2 slots: 19 hits, 25 misses)
dist_mn node 0: 50331648 x 13421772 limbs over 2 x 4 ranks (cap 2^25): 3 x 1 pieces, 0 formed, 3 skipped (low product) (low cut) (cache 2 slots: 19 hits, 25 misses)
dist_mn node 1: 50331648 + 13421772 limbs -> 0 (share 31876710): redistribute 0.000 ntt 0.000 crt 0.000 out 0.000 spills+carry 0.000, total 0.002 s
dist_mn node 0: 50331648 + 13421772 limbs -> 0 (share 31876709): redistribute 0.000 ntt 0.000 crt 0.000 out 0.000 spills+carry 0.000, total 0.005 s
mdev 2^25 (30198988 limbs): repack 0.029 h2d 0.001 fwd 0.002 inv 0.001 d2h 0.048 crt 0.030 total 0.084 s
mdev 2^25 (30198988 limbs): repack 0.067 h2d 0.001 fwd 0.002 inv 0.001 d2h 0.050 crt 0.081 total 0.124 s
mdev 2^25 (30198988 limbs): repack 0.036 h2d 0.001 fwd 0.002 inv 0.001 d2h 0.039 crt 0.022 total 0.083 s
mdev 2^25 (30198988 limbs): repack 0.045 h2d 0.001 fwd 0.002 inv 0.001 d2h 0.046 crt 0.014 total 0.096 s
mdev 2^25 (30198988 limbs): repack 0.042 h2d 0.001 fwd 0.002 inv 0.001 d2h 0.034 crt 0.020 total 0.085 s
mdev 2^25 (30198988 limbs): repack 0.024 h2d 0.001 fwd 0.002 inv 0.001 d2h 0.043 crt 0.018 total 0.075 s
dist_mn node 0: 2^25 = 2^12 x 2^13 over 2 x 4 ranks (rows 512..512; 16777216 + 13421772 limbs at 0, window [0, 30198988) of share [0, 31876710)): redistribute 0.037 ntt 0.310 crt 0.000 out 0.028 spills+carry 0.002 total 0.356 s [A cached] [B cached]
dist_mn node 1: 2^25 = 2^12 x 2^13 over 2 x 4 ranks (rows 512..512; 16777216 + 13421772 limbs at 0, window [30198988, 30198988) of share [31876710, 63753420)): redistribute 0.039 ntt 0.308 crt 0.000 out 0.028 spills+carry 0.002 total 0.355 s [A cached] [B cached]
dist_mn node 0: 2^25 = 2^12 x 2^13 over 2 x 4 ranks (rows 512..512; 16777216 + 13421772 limbs at 16777216, window [0, 15099494) of share [0, 31876710), accumulated): redistribute 0.011 ntt 0.197 crt 0.000 out 0.017 spills+carry 0.014 total 0.238 s [B hit]
dist_mn node 1: 2^25 = 2^12 x 2^13 over 2 x 4 ranks (rows 512..512; 16777216 + 13421772 limbs at 16777216, window [15099494, 30198988) of share [31876710, 63753420), accumulated): redistribute 0.015 ntt 0.196 crt 0.000 out 0.017 spills+carry 0.014 total 0.238 s [B hit]
dist_mn node 0: 2^25 = 2^12 x 2^13 over 2 x 4 ranks (rows 512..512; 16777216 + 13421772 limbs at 33554432, window [0, 0) of share [0, 31876710), accumulated): redistribute 0.013 ntt 0.197 crt 0.001 out 0.021 spills+carry 0.005 total 0.235 s [B hit]
dist_mn node 0: 50331648 x 13421772 limbs over 2 x 4 ranks (cap 2^25): 3 x 1 pieces, 3 formed, 0 skipped (cache 2 slots: 21 hits, 27 misses)
dist_mn node 1: 2^25 = 2^12 x 2^13 over 2 x 4 ranks (rows 512..512; 16777216 + 13421772 limbs at 33554432, window [0, 30198988) of share [31876710, 63753420), accumulated): redistribute 0.012 ntt 0.199 crt 0.001 out 0.023 spills+carry 0.005 total 0.235 s [B hit]
dist_mn node 1: 50331648 x 13421772 limbs over 2 x 4 ranks (cap 2^25): 3 x 1 pieces, 3 formed, 0 skipped (cache 2 slots: 21 hits, 27 misses)
dist_mn node 0: 50331648 + 13421772 limbs -> 63753420 (share 31876710): redistribute 0.060 ntt 0.704 crt 0.002 out 0.066 spills+carry 0.021, total 0.832 s
dist_mn node 1: 50331648 + 13421772 limbs -> 63753420 (share 31876710): redistribute 0.066 ntt 0.704 crt 0.002 out 0.067 spills+carry 0.021, total 0.936 s
dist_mn node 0: 2^25 = 2^12 x 2^13 over 2 x 4 ranks (rows 512..512; 16777216 + 13421772 limbs at 0, window [0, 30198988) of share [0, 31876709)): redistribute 0.024 ntt 0.253 crt 0.000 out 0.020 spills+carry 0.002 total 0.288 s [B hit]
dist_mn node 1: 2^25 = 2^12 x 2^13 over 2 x 4 ranks (rows 512..512; 16777216 + 13421772 limbs at 0, window [30198988, 30198988) of share [31876709, 63753419)): redistribute 0.027 ntt 0.252 crt 0.000 out 0.020 spills+carry 0.002 total 0.288 s [B hit]
dist_mn node 0: 2^25 = 2^12 x 2^13 over 2 x 4 ranks (rows 512..512; 16777216 + 13421772 limbs at 16777216, window [0, 15099493) of share [0, 31876709), accumulated): redistribute 0.011 ntt 0.202 crt 0.000 out 0.024 spills+carry 0.015 total 0.251 s [B hit]
dist_mn node 1: 2^25 = 2^12 x 2^13 over 2 x 4 ranks (rows 512..512; 16777216 + 13421772 limbs at 16777216, window [15099493, 30198988) of share [31876709, 63753419), accumulated): redistribute 0.015 ntt 0.196 crt 0.000 out 0.025 spills+carry 0.015 total 0.251 s [B hit]
dist_mn node 0: 2^25 = 2^12 x 2^13 over 2 x 4 ranks (rows 512..512; 16777216 + 13421772 limbs at 33554432, window [0, 0) of share [0, 31876709), accumulated): redistribute 0.021 ntt 0.212 crt 0.000 out 0.028 spills+carry 0.005 total 0.257 s [B hit]
dist_mn node 0: 50331648 x 13421772 limbs over 2 x 4 ranks (cap 2^25): 3 x 1 pieces, 3 formed, 0 skipped (low product) (cache 2 slots: 24 hits, 27 misses)
dist_mn node 1: 2^25 = 2^12 x 2^13 over 2 x 4 ranks (rows 512..512; 16777216 + 13421772 limbs at 33554432, window [0, 30198987) of share [31876709, 63753419), accumulated): redistribute 0.020 ntt 0.213 crt 0.000 out 0.031 spills+carry 0.005 total 0.257 s [B hit]
dist_mn node 1: 50331648 x 13421772 limbs over 2 x 4 ranks (cap 2^25): 3 x 1 pieces, 3 formed, 0 skipped (low product) (cache 2 slots: 24 hits, 27 misses)
dist_mn node 0: 50331648 + 13421772 limbs -> 63753419 (share 31876709): redistribute 0.055 ntt 0.667 crt 0.001 out 0.072 spills+carry 0.022, total 0.797 s
dist_mn node 1: 50331648 + 13421772 limbs -> 63753419 (share 31876710): redistribute 0.062 ntt 0.662 crt 0.001 out 0.075 spills+carry 0.022, total 0.797 s
dist_mn node 0: 2^25 = 2^12 x 2^13 over 2 x 4 ranks (rows 512..512; 25165824 + 6710883 limbs at 0, window [0, 19293794) of share [0, 19293794)): redistribute 0.062 ntt 0.366 crt 0.000 out 0.024 spills+carry 0.002 total 0.415 s [A cached] [B cached]
dist_mn node 1: 2^25 = 2^12 x 2^13 over 2 x 4 ranks (rows 512..512; 25165824 + 6710883 limbs at 0, window [19293794, 31876707) of share [19293794, 38587589)): redistribute 0.061 ntt 0.366 crt 0.000 out 0.025 spills+carry 0.002 total 0.414 s [A cached] [B cached]
dist_mn node 0: 2^25 = 2^12 x 2^13 over 2 x 4 ranks (rows 512..512; 25165824 + 6710882 limbs at 6710883, window [0, 12582911) of share [0, 19293794), accumulated): redistribute 0.006 ntt 0.206 crt 0.000 out 0.020 spills+carry 0.009 total 0.240 s [A hit] [B cached]
dist_mn node 0: 25165824 x 13421765 limbs over 2 x 4 ranks (cap 2^25): 1 x 2 pieces, 2 formed, 0 skipped (cache 2 slots: 1 hits, 3 misses)
dist_mn node 1: 2^25 = 2^12 x 2^13 over 2 x 4 ranks (rows 512..512; 25165824 + 6710882 limbs at 6710883, window [12582911, 31876706) of share [19293794, 38587589), accumulated): redistribute 0.006 ntt 0.205 crt 0.000 out 0.021 spills+carry 0.009 total 0.240 s [A hit] [B cached]
dist_mn node 1: 25165824 x 13421765 limbs over 2 x 4 ranks (cap 2^25): 1 x 2 pieces, 2 formed, 0 skipped (cache 2 slots: 1 hits, 3 misses)
dist_mn node 1: 25165824 + 13421765 limbs -> 38587589 (share 19293795): redistribute 0.067 ntt 0.571 crt 0.001 out 0.046 spills+carry 0.011, total 0.656 s
dist_mn node 0: 25165824 + 13421765 limbs -> 38587589 (share 19293794): redistribute 0.068 ntt 0.572 crt 0.001 out 0.044 spills+carry 0.011, total 0.655 s
mdev 3*2^24 (38587589 limbs): repack 0.047 h2d 0.001 fwd 0.009 inv 0.005 d2h 0.041 crt 0.040 total 0.108 s
mdev 3*2^24 (38587589 limbs): repack 0.047 h2d 0.001 fwd 0.009 inv 0.005 d2h 0.049 crt 0.042 total 0.116 s
dist_mn node 0: 2^25 = 2^12 x 2^13 over 2 x 4 ranks (rows 512..512; 25165824 + 6710883 limbs at 0, window [0, 12582913) of share [0, 12582913)): redistribute 0.025 ntt 0.376 crt 0.000 out 0.018 spills+carry 0.002 total 0.420 s [A cached] [B cached]
dist_mn node 1: 2^25 = 2^12 x 2^13 over 2 x 4 ranks (rows 512..512; 25165824 + 6710883 limbs at 0, window [12582913, 25165827) of share [12582913, 25165827)): redistribute 0.026 ntt 0.373 crt 0.000 out 0.024 spills+carry 0.002 total 0.420 s [A cached] [B cached]
dist_mn node 0: 2^25 = 2^12 x 2^13 over 2 x 4 ranks (rows 512..512; 25165824 + 6710882 limbs at 6710883, window [0, 5872030) of share [0, 12582913), accumulated): redistribute 0.007 ntt 0.253 crt 0.000 out 0.014 spills+carry 0.009 total 0.283 s [A hit] [B cached]
dist_mn node 0: 25165824 x 13421765 limbs over 2 x 4 ranks (cap 2^25): 1 x 2 pieces, 2 formed, 0 skipped (low product) (cache 2 slots: 2 hits, 6 misses)
dist_mn node 1: 2^25 = 2^12 x 2^13 over 2 x 4 ranks (rows 512..512; 25165824 + 6710882 limbs at 6710883, window [5872030, 18454944) of share [12582913, 25165827), accumulated): redistribute 0.005 ntt 0.254 crt 0.000 out 0.014 spills+carry 0.009 total 0.283 s [A hit] [B cached]
dist_mn node 1: 25165824 x 13421765 limbs over 2 x 4 ranks (cap 2^25): 1 x 2 pieces, 2 formed, 0 skipped (low product) (cache 2 slots: 2 hits, 6 misses)
dist_mn node 0: 25165824 + 13421765 limbs -> 25165827 (share 12582913): redistribute 0.032 ntt 0.629 crt 0.001 out 0.031 spills+carry 0.010, total 0.705 s
dist_mn node 1: 25165824 + 13421765 limbs -> 25165827 (share 12582914): redistribute 0.031 ntt 0.627 crt 0.001 out 0.038 spills+carry 0.010, total 0.726 s
dist_mn node 0: 2^25 = 2^12 x 2^13 over 2 x 4 ranks (rows 512..512; 16777216 + 13421772 limbs at 0, window [0, 30198988) of share [0, 31876710)): redistribute 0.029 ntt 0.336 crt 0.000 out 0.021 spills+carry 0.002 total 0.383 s [A cached] [B cached]
dist_mn node 1: 2^25 = 2^12 x 2^13 over 2 x 4 ranks (rows 512..512; 16777216 + 13421772 limbs at 0, window [30198988, 30198988) of share [31876710, 63753421)): redistribute 0.029 ntt 0.330 crt 0.000 out 0.023 spills+carry 0.002 total 0.383 s [A cached] [B cached]
dist_mn node 0: 2^25 = 2^12 x 2^13 over 2 x 4 ranks (rows 512..512; 16777216 + 13421772 limbs at 16777216, window [0, 15099494) of share [0, 31876710), accumulated): redistribute 0.016 ntt 0.229 crt 0.000 out 0.023 spills+carry 0.015 total 0.279 s [B hit]
dist_mn node 1: 2^25 = 2^12 x 2^13 over 2 x 4 ranks (rows 512..512; 16777216 + 13421772 limbs at 16777216, window [15099494, 30198988) of share [31876710, 63753421), accumulated): redistribute 0.019 ntt 0.228 crt 0.000 out 0.025 spills+carry 0.015 total 0.279 s [B hit]
dist_mn node 0: 2^25 = 2^12 x 2^13 over 2 x 4 ranks (rows 512..512; 16777216 + 13421772 limbs at 33554432, window [0, 0) of share [0, 31876710), accumulated): redistribute 0.021 ntt 0.245 crt 0.001 out 0.058 spills+carry 0.005 total 0.325 s [B hit]
dist_mn node 1: 2^25 = 2^12 x 2^13 over 2 x 4 ranks (rows 512..512; 16777216 + 13421772 limbs at 33554432, window [0, 30198988) of share [31876710, 63753421), accumulated): redistribute 0.020 ntt 0.242 crt 0.001 out 0.061 spills+carry 0.005 total 0.325 s [B hit]
mdb_add_shifted node 0: 13421769 limbs at 0 into a basis of 63753421 (my window [0, 13421769), 1 rounds of 3355456; slabs 3355442 + 3355442 limbs per APU 0): 0.034 s
dist_mn node 0: 50331648 x 13421772 limbs over 2 x 4 ranks (cap 2^25): 3 x 1 pieces, 3 formed, 0 skipped (cache 2 slots: 4 hits, 8 misses)
mdb_add_shifted node 1: 13421769 limbs at 0 into a basis of 63753421 (my window [31876710, 31876710), 1 rounds of 3355456; slabs 0 + 0 limbs per APU 0): 0.034 s
dist_mn node 1: 50331648 x 13421772 limbs over 2 x 4 ranks (cap 2^25): 3 x 1 pieces, 3 formed, 0 skipped (cache 2 slots: 4 hits, 8 misses)
dist_mn node 0: 50331648 + 13421772 + x limbs -> 63753420 (share 31876710): redistribute 0.066 ntt 0.809 crt 0.002 out 0.102 spills+carry 0.022, total 1.027 s
dist_mn node 1: 50331648 + 13421772 + x limbs -> 63753420 (share 31876711): redistribute 0.068 ntt 0.799 crt 0.002 out 0.109 spills+carry 0.023, total 1.023 s
mdb_add_shifted node 0: 13421769 limbs at 0 into a basis of 63753421 (my window [0, 13421769), 1 rounds of 3355456; slabs 3355442 + 3355442 limbs per APU 0): 0.042 s
mdb_add_shifted node 1: 13421769 limbs at 0 into a basis of 63753421 (my window [31876710, 31876710), 1 rounds of 3355456; slabs 0 + 0 limbs per APU 0): 0.084 s
mdb_add_shifted node 0: 13421769 limbs at 7 into a basis of 63753421 (my window [7, 13421776), 1 rounds of 3355456; slabs 3355442 + 3355442 limbs per APU 0): 0.057 s
mdb_add_shifted node 1: 13421769 limbs at 7 into a basis of 63753421 (my window [31876710, 31876710), 1 rounds of 3355456; slabs 0 + 0 limbs per APU 0): 0.061 s
mdb_add_shifted node 0: 13421769 limbs at 25165824 into a basis of 63753421 (my window [25165824, 31876710), 1 rounds of 1677728; slabs 1677721 + 1677721 limbs per APU 0): 0.025 s
mdb_add_shifted node 1: 13421769 limbs at 25165824 into a basis of 63753421 (my window [31876710, 38587593), 1 rounds of 1677728; slabs 1677720 + 1677720 limbs per APU 0): 0.011 s
mdb_add_shifted node 0: 13421769 limbs at 50331648 into a basis of 63753421 (my window [50331648, 50331648), 1 rounds of 3355456; slabs 3355442 + 0 limbs per APU 0): 0.032 s
mdb_add_shifted node 1: 13421769 limbs at 50331648 into a basis of 63753421 (my window [50331648, 63753417), 1 rounds of 3355456; slabs 0 + 3355442 limbs per APU 0): 0.034 s
dist_mn node 0: 2^25 = 2^12 x 2^13 over 2 x 4 ranks (rows 512..512; 15099494 + 15099494 limbs at 0, window [0, 30198988) of share [0, 30198988)): redistribute 0.027 ntt 0.390 crt 0.001 out 0.019 spills+carry 0.001 total 0.431 s [A cached] [B cached]
dist_mn node 1: 2^25 = 2^12 x 2^13 over 2 x 4 ranks (rows 512..512; 15099494 + 15099494 limbs at 0, window [30198988, 30198988) of share [30198988, 60397976)): redistribute 0.027 ntt 0.390 crt 0.001 out 0.020 spills+carry 0.001 total 0.431 s [A cached] [B cached]
dist_mn node 0: 2^25 = 2^12 x 2^13 over 2 x 4 ranks (rows 512..512; 15099494 + 15099494 limbs at 15099494, window [0, 15099494) of share [0, 30198988), accumulated): redistribute 0.011 ntt 0.237 crt 0.000 out 0.022 spills+carry 0.014 total 0.284 s [B hit]
dist_mn node 1: 2^25 = 2^12 x 2^13 over 2 x 4 ranks (rows 512..512; 15099494 + 15099494 limbs at 15099494, window [15099494, 30198988) of share [30198988, 60397976), accumulated): redistribute 0.011 ntt 0.234 crt 0.000 out 0.027 spills+carry 0.014 total 0.284 s [B hit]
dist_mn node 0: 2^25 = 2^12 x 2^13 over 2 x 4 ranks (rows 512..512; 15099494 + 15099494 limbs at 15099494, window [0, 15099494) of share [0, 30198988), accumulated): redistribute 0.015 ntt 0.275 crt 0.000 out 0.026 spills+carry 0.014 total 0.331 s [A hit] [B cached]
dist_mn node 1: 2^25 = 2^12 x 2^13 over 2 x 4 ranks (rows 512..512; 15099494 + 15099494 limbs at 15099494, window [15099494, 30198988) of share [30198988, 60397976), accumulated): redistribute 0.015 ntt 0.273 crt 0.000 out 0.028 spills+carry 0.014 total 0.331 s [A hit] [B cached]
dbig pool: APU0 hipMalloc 0.06 GB inside the phase (free 0.64 GB in 27 extents, largest 0.06; live 0.25 GB in 16 blocks)
dbig pool: APU1 hipMalloc 0.06 GB inside the phase (free 0.64 GB in 27 extents, largest 0.06; live 0.25 GB in 17 blocks)
dbig pool: APU2 hipMalloc 0.06 GB inside the phase (free 0.65 GB in 28 extents, largest 0.06; live 0.25 GB in 18 blocks)
dbig pool: APU3 hipMalloc 0.06 GB inside the phase (free 0.65 GB in 28 extents, largest 0.06; live 0.25 GB in 19 blocks)
dbig pool: APU0 hipMalloc 0.06 GB inside the phase (free 0.61 GB in 25 extents, largest 0.06; live 0.34 GB in 28 blocks)
dbig pool: APU1 hipMalloc 0.06 GB inside the phase (free 0.61 GB in 25 extents, largest 0.06; live 0.34 GB in 29 blocks)
dbig pool: APU3 hipMalloc 0.06 GB inside the phase (free 0.61 GB in 26 extents, largest 0.06; live 0.34 GB in 30 blocks)
dbig pool: APU2 hipMalloc 0.06 GB inside the phase (free 0.61 GB in 26 extents, largest 0.06; live 0.34 GB in 31 blocks)
dist_mn node 0: 2^25 = 2^12 x 2^13 over 2 x 4 ranks (rows 512..512; 15099494 + 15099494 limbs at 30198988, window [0, 0) of share [0, 30198988), accumulated): redistribute 0.019 ntt 0.281 crt 0.000 out 0.024 spills+carry 0.002 total 0.327 s [B hit]
dist_mn node 0: 30198988 x 30198988 limbs over 2 x 4 ranks (cap 2^25): 2 x 2 pieces, 4 formed, 0 skipped (cache 2 slots: 7 hits, 11 misses)
dist_mn node 1: 2^25 = 2^12 x 2^13 over 2 x 4 ranks (rows 512..512; 15099494 + 15099494 limbs at 30198988, window [0, 30198988) of share [30198988, 60397976), accumulated): redistribute 0.008 ntt 0.281 crt 0.000 out 0.019 spills+carry 0.001 total 0.327 s [B hit]
dist_mn node 1: 30198988 x 30198988 limbs over 2 x 4 ranks (cap 2^25): 2 x 2 pieces, 4 formed, 0 skipped (cache 2 slots: 7 hits, 11 misses)
dist_mn node 0: 30198988 + 30198988 limbs -> 60397976 (share 30198988): redistribute 0.073 ntt 1.183 crt 0.002 out 0.092 spills+carry 0.030, total 1.376 s
dist_mn node 1: 30198988 + 30198988 limbs -> 60397976 (share 30198988): redistribute 0.062 ntt 1.178 crt 0.002 out 0.094 spills+carry 0.031, total 1.632 s
mdev 2^26 (60397976 limbs): repack 0.059 h2d 0.002 fwd 0.010 inv 0.007 d2h 0.024 crt 0.010 total 0.100 s
mdev 2^26 (60397976 limbs): repack 0.058 h2d 0.002 fwd 0.010 inv 0.005 d2h 0.047 crt 0.042 total 0.134 s
   subgroups 30198988 x 30198988: 1.59 s
dist_mn node 0: 2^25 = 2^12 x 2^13 over 2 x 4 ranks (rows 512..512; 15099494 + 15099494 limbs at 0, window [0, 30198988) of share [0, 30198988)): redistribute 0.054 ntt 0.365 crt 0.000 out 0.020 spills+carry 0.001 total 0.413 s [A cached] [B cached]
dist_mn node 1: 2^25 = 2^12 x 2^13 over 2 x 4 ranks (rows 512..512; 15099494 + 15099494 limbs at 0, window [30198988, 30198988) of share [30198988, 60397977)): redistribute 0.054 ntt 0.366 crt 0.000 out 0.019 spills+carry 0.001 total 0.413 s [A cached] [B cached]
dist_mn node 0: 2^25 = 2^12 x 2^13 over 2 x 4 ranks (rows 512..512; 15099494 + 15099494 limbs at 15099494, window [0, 15099494) of share [0, 30198988), accumulated): redistribute 0.011 ntt 0.191 crt 0.000 out 0.024 spills+carry 0.014 total 0.239 s [B hit]
dist_mn node 1: 2^25 = 2^12 x 2^13 over 2 x 4 ranks (rows 512..512; 15099494 + 15099494 limbs at 15099494, window [15099494, 30198988) of share [30198988, 60397977), accumulated): redistribute 0.011 ntt 0.188 crt 0.000 out 0.026 spills+carry 0.014 total 0.239 s [B hit]
dist_mn node 0: 2^25 = 2^12 x 2^13 over 2 x 4 ranks (rows 512..512; 15099494 + 15099494 limbs at 15099494, window [0, 15099494) of share [0, 30198988), accumulated): redistribute 0.019 ntt 0.212 crt 0.001 out 0.021 spills+carry 0.014 total 0.258 s [A hit] [B cached]
dist_mn node 1: 2^25 = 2^12 x 2^13 over 2 x 4 ranks (rows 512..512; 15099494 + 15099494 limbs at 15099494, window [15099494, 30198988) of share [30198988, 60397977), accumulated): redistribute 0.019 ntt 0.212 crt 0.001 out 0.021 spills+carry 0.014 total 0.258 s [A hit] [B cached]
dist_mn node 0: 2^25 = 2^12 x 2^13 over 2 x 4 ranks (rows 512..512; 15099494 + 15099494 limbs at 30198988, window [0, 0) of share [0, 30198988), accumulated): redistribute 0.010 ntt 0.195 crt 0.000 out 0.023 spills+carry 0.002 total 0.227 s [B hit]
dist_mn node 1: 2^25 = 2^12 x 2^13 over 2 x 4 ranks (rows 512..512; 15099494 + 15099494 limbs at 30198988, window [0, 30198988) of share [30198988, 60397977), accumulated): redistribute 0.011 ntt 0.193 crt 0.000 out 0.023 spills+carry 0.001 total 0.227 s [B hit]
dbig pool: APU3 hipMalloc 0.06 GB inside the phase (free 0.55 GB in 25 extents, largest 0.06; live 0.24 GB in 23 blocks)
dbig pool: APU2 hipMalloc 0.06 GB inside the phase (free 0.55 GB in 25 extents, largest 0.06; live 0.24 GB in 26 blocks)
mdb_add_shifted node 0: 30198985 limbs at 0 into a basis of 60397977 (my window [0, 30198985), 1 rounds of 7549760; slabs 0 + 7549746 limbs per APU 0): 0.068 s
dist_mn node 0: 30198988 x 30198988 limbs over 2 x 4 ranks (cap 2^25): 2 x 2 pieces, 4 formed, 0 skipped (cache 2 slots: 10 hits, 14 misses)
mdb_add_shifted node 1: 30198985 limbs at 0 into a basis of 60397977 (my window [30198988, 30198988), 1 rounds of 7549760; slabs 7549746 + 0 limbs per APU 0): 0.068 s
dist_mn node 1: 30198988 x 30198988 limbs over 2 x 4 ranks (cap 2^25): 2 x 2 pieces, 4 formed, 0 skipped (cache 2 slots: 10 hits, 14 misses)
dist_mn node 0: 30198988 + 30198988 + x limbs -> 60397976 (share 30198988): redistribute 0.095 ntt 0.963 crt 0.002 out 0.088 spills+carry 0.030, total 1.209 s
dist_mn node 1: 30198988 + 30198988 + x limbs -> 60397976 (share 30198989): redistribute 0.095 ntt 0.959 crt 0.002 out 0.090 spills+carry 0.030, total 1.208 s
dist_mn node 0: 2^25 = 2^12 x 2^13 over 2 x 4 ranks (rows 512..512; 15099494 + 15099494 limbs at 0, window [0, 15099495) of share [0, 15099495)): redistribute 0.048 ntt 0.372 crt 0.001 out 0.022 spills+carry 0.001 total 0.421 s [A cached] [B cached]
dist_mn node 1: 2^25 = 2^12 x 2^13 over 2 x 4 ranks (rows 512..512; 15099494 + 15099494 limbs at 0, window [15099495, 30198988) of share [15099495, 30198990)): redistribute 0.048 ntt 0.371 crt 0.001 out 0.020 spills+carry 0.001 total 0.421 s [A cached] [B cached]
dist_mn node 0: 2^25 = 2^12 x 2^13 over 2 x 4 ranks (rows 512..512; 15099494 + 15099494 limbs at 15099494, window [0, 1) of share [0, 15099495), accumulated): redistribute 0.012 ntt 0.185 crt 0.000 out 0.012 spills+carry 0.001 total 0.207 s [B hit]
dist_mn node 1: 2^25 = 2^12 x 2^13 over 2 x 4 ranks (rows 512..512; 15099494 + 15099494 limbs at 15099494, window [1, 15099496) of share [15099495, 30198990), accumulated): redistribute 0.012 ntt 0.183 crt 0.000 out 0.012 spills+carry 0.001 total 0.207 s [B hit]
dist_mn node 0: 2^25 = 2^12 x 2^13 over 2 x 4 ranks (rows 512..512; 15099494 + 15099494 limbs at 15099494, window [0, 1) of share [0, 15099495), accumulated): redistribute 0.011 ntt 0.195 crt 0.000 out 0.012 spills+carry 0.002 total 0.220 s [A hit] [B cached]
dist_mn node 1: 2^25 = 2^12 x 2^13 over 2 x 4 ranks (rows 512..512; 15099494 + 15099494 limbs at 15099494, window [1, 15099496) of share [15099495, 30198990), accumulated): redistribute 0.010 ntt 0.198 crt 0.000 out 0.011 spills+carry 0.001 total 0.220 s [A hit] [B cached]
dist_mn node 0: 2^25 = 2^12 x 2^13 over 2 x 4 ranks (rows 512..512; 15099494 + 15099494 limbs at 30198988, window [0, 0) of share [0, 15099495), accumulated): redistribute 0.010 ntt 0.187 crt 0.000 out 0.003 spills+carry 0.001 total 0.199 s [B hit]
dist_mn node 0: 30198988 x 30198988 limbs over 2 x 4 ranks (cap 2^25): 2 x 2 pieces, 4 formed, 0 skipped (low product) (cache 2 slots: 13 hits, 17 misses)
dist_mn node 1: 2^25 = 2^12 x 2^13 over 2 x 4 ranks (rows 512..512; 15099494 + 15099494 limbs at 30198988, window [0, 2) of share [15099495, 30198990), accumulated): redistribute 0.011 ntt 0.187 crt 0.000 out 0.003 spills+carry 0.001 total 0.199 s [B hit]
dist_mn node 1: 30198988 x 30198988 limbs over 2 x 4 ranks (cap 2^25): 2 x 2 pieces, 4 formed, 0 skipped (low product) (cache 2 slots: 13 hits, 17 misses)
dist_mn node 0: 30198988 + 30198988 limbs -> 30198990 (share 15099495): redistribute 0.080 ntt 0.939 crt 0.002 out 0.050 spills+carry 0.004, total 1.047 s
dist_mn node 1: 30198988 + 30198988 limbs -> 30198990 (share 15099495): redistribute 0.080 ntt 0.939 crt 0.002 out 0.046 spills+carry 0.004, total 1.047 s
dist_mn node 0: 2^25 = 2^12 x 2^13 over 2 x 4 ranks (rows 512..512; 15099495 + 15099495 limbs at 0, window [0, 7549747) of share [0, 7549747)): redistribute 0.043 ntt 0.360 crt 0.000 out 0.012 spills+carry 0.000 total 0.402 s
dist_mn node 0: 15099495 x 15099495 limbs over 2 x 4 ranks (cap 2^25): 1 x 1 pieces, 1 formed, 0 skipped (low product) (cache 0 slots: 13 hits, 17 misses)
dist_mn node 1: 2^25 = 2^12 x 2^13 over 2 x 4 ranks (rows 512..512; 15099495 + 15099495 limbs at 0, window [7549747, 15099495) of share [7549747, 15099495)): redistribute 0.044 ntt 0.358 crt 0.000 out 0.013 spills+carry 0.000 total 0.402 s
dist_mn node 1: 15099495 x 15099495 limbs over 2 x 4 ranks (cap 2^25): 1 x 1 pieces, 1 formed, 0 skipped (low product) (cache 0 slots: 13 hits, 17 misses)
dist_mn node 1: 15099495 + 15099495 limbs -> 15099495 (share 7549748): redistribute 0.044 ntt 0.358 crt 0.000 out 0.013 spills+carry 0.000, total 0.402 s
dist_mn node 0: 15099495 + 15099495 limbs -> 15099495 (share 7549747): redistribute 0.043 ntt 0.360 crt 0.000 out 0.012 spills+carry 0.000, total 0.402 s
dist_mn node 0: 2^25 = 2^12 x 2^13 over 2 x 4 ranks (rows 512..512; 15099494 + 15099494 limbs at 0, window [0, 30198987) of share [0, 30198987)): redistribute 0.059 ntt 0.375 crt 0.001 out 0.023 spills+carry 0.001 total 0.430 s [A cached] [B cached]
dist_mn node 1: 2^25 = 2^12 x 2^13 over 2 x 4 ranks (rows 512..512; 15099494 + 15099494 limbs at 0, window [30198987, 30198988) of share [30198987, 60397975)): redistribute 0.060 ntt 0.375 crt 0.001 out 0.024 spills+carry 0.001 total 0.430 s [A cached] [B cached]
dist_mn node 0: 2^25 = 2^12 x 2^13 over 2 x 4 ranks (rows 512..512; 15099494 + 15099494 limbs at 15099494, window [0, 15099493) of share [0, 30198987), accumulated): redistribute 0.011 ntt 0.195 crt 0.000 out 0.021 spills+carry 0.014 total 0.238 s [B hit]
dist_mn node 1: 2^25 = 2^12 x 2^13 over 2 x 4 ranks (rows 512..512; 15099494 + 15099494 limbs at 15099494, window [15099493, 30198988) of share [30198987, 60397975), accumulated): redistribute 0.011 ntt 0.198 crt 0.000 out 0.018 spills+carry 0.014 total 0.238 s [B hit]
dist_mn node 0: 2^25 = 2^12 x 2^13 over 2 x 4 ranks (rows 512..512; 15099494 + 15099494 limbs at 15099494, window [0, 15099493) of share [0, 30198987), accumulated): redistribute 0.011 ntt 0.197 crt 0.000 out 0.025 spills+carry 0.014 total 0.247 s [A hit] [B cached]
dist_mn node 1: 2^25 = 2^12 x 2^13 over 2 x 4 ranks (rows 512..512; 15099494 + 15099494 limbs at 15099494, window [15099493, 30198988) of share [30198987, 60397975), accumulated): redistribute 0.010 ntt 0.200 crt 0.000 out 0.022 spills+carry 0.014 total 0.247 s [A hit] [B cached]
dist_mn node 0: 2^25 = 2^12 x 2^13 over 2 x 4 ranks (rows 512..512; 15099494 + 15099494 limbs at 30198988, window [0, 0) of share [0, 30198987), accumulated): redistribute 0.019 ntt 0.208 crt 0.001 out 0.028 spills+carry 0.002 total 0.248 s [B hit]
dist_mn node 0: 30198988 x 30198988 limbs over 2 x 4 ranks (cap 2^25): 2 x 2 pieces, 4 formed, 0 skipped (low product) (cache 2 slots: 16 hits, 20 misses)
dist_mn node 1: 2^25 = 2^12 x 2^13 over 2 x 4 ranks (rows 512..512; 15099494 + 15099494 limbs at 30198988, window [0, 30198987) of share [30198987, 60397975), accumulated): redistribute 0.019 ntt 0.206 crt 0.001 out 0.030 spills+carry 0.001 total 0.248 s [B hit]
dist_mn node 1: 30198988 x 30198988 limbs over 2 x 4 ranks (cap 2^25): 2 x 2 pieces, 4 formed, 0 skipped (low product) (cache 2 slots: 16 hits, 20 misses)
dist_mn node 0: 30198988 + 30198988 limbs -> 60397975 (share 30198987): redistribute 0.100 ntt 0.974 crt 0.002 out 0.097 spills+carry 0.031, total 1.165 s
dist_mn node 1: 30198988 + 30198988 limbs -> 60397975 (share 30198988): redistribute 0.101 ntt 0.979 crt 0.002 out 0.094 spills+carry 0.031, total 1.165 s
dist_mn node 0: 2^25 = 2^12 x 2^13 over 2 x 4 ranks (rows 512..512; 15099494 + 15099494 limbs at 15099494, window [0, 15099494) of share [0, 30198988), accumulated): redistribute 0.052 ntt 0.362 crt 0.000 out 0.019 spills+carry 0.014 total 0.423 s [B cached]
dist_mn node 1: 2^25 = 2^12 x 2^13 over 2 x 4 ranks (rows 512..512; 15099494 + 15099494 limbs at 15099494, window [15099494, 30198988) of share [30198988, 60397976), accumulated): redistribute 0.052 ntt 0.363 crt 0.000 out 0.019 spills+carry 0.014 total 0.422 s [B cached]
dist_mn node 0: 2^25 = 2^12 x 2^13 over 2 x 4 ranks (rows 512..512; 15099494 + 15099494 limbs at 15099494, window [0, 15099494) of share [0, 30198988), accumulated): redistribute 0.021 ntt 0.290 crt 0.000 out 0.019 spills+carry 0.014 total 0.344 s [A cached] [B cached]
dist_mn node 1: 2^25 = 2^12 x 2^13 over 2 x 4 ranks (rows 512..512; 15099494 + 15099494 limbs at 15099494, window [15099494, 30198988) of share [30198988, 60397976), accumulated): redistribute 0.021 ntt 0.290 crt 0.000 out 0.021 spills+carry 0.014 total 0.344 s [A cached] [B cached]
dist_mn node 0: 2^25 = 2^12 x 2^13 over 2 x 4 ranks (rows 512..512; 15099494 + 15099494 limbs at 30198988, window [0, 0) of share [0, 30198988), accumulated): redistribute 0.011 ntt 0.200 crt 0.000 out 0.027 spills+carry 0.001 total 0.236 s [B hit]
dist_mn node 0: 30198988 x 30198988 limbs over 2 x 4 ranks (cap 2^25): 2 x 2 pieces, 3 formed, 1 skipped (low cut) (cache 2 slots: 17 hits, 23 misses)
dist_mn node 1: 2^25 = 2^12 x 2^13 over 2 x 4 ranks (rows 512..512; 15099494 + 15099494 limbs at 30198988, window [0, 30198988) of share [30198988, 60397976), accumulated): redistribute 0.012 ntt 0.197 crt 0.000 out 0.026 spills+carry 0.001 total 0.236 s [B hit]
dist_mn node 1: 30198988 x 30198988 limbs over 2 x 4 ranks (cap 2^25): 2 x 2 pieces, 3 formed, 1 skipped (low cut) (cache 2 slots: 17 hits, 23 misses)
dist_mn node 0: 30198988 + 30198988 limbs -> 60397976 (share 30198988): redistribute 0.085 ntt 0.852 crt 0.001 out 0.065 spills+carry 0.029, total 1.004 s
dist_mn node 1: 30198988 + 30198988 limbs -> 60397976 (share 30198988): redistribute 0.085 ntt 0.849 crt 0.001 out 0.067 spills+carry 0.029, total 1.004 s
mdev 2^25 (30198988 limbs): repack 0.020 h2d 0.001 fwd 0.002 inv 0.001 d2h 0.018 crt 0.008 total 0.046 s
mdev 2^25 (30198988 limbs): repack 0.042 h2d 0.001 fwd 0.002 inv 0.001 d2h 0.014 crt 0.023 total 0.064 s
dist_mn node 0: 2^25 = 2^12 x 2^13 over 2 x 4 ranks (rows 512..512; 15099494 + 15099494 limbs at 15099494, window [0, 15099493) of share [0, 30198987), accumulated): redistribute 0.029 ntt 0.351 crt 0.000 out 0.021 spills+carry 0.014 total 0.408 s [B cached]
dist_mn node 1: 2^25 = 2^12 x 2^13 over 2 x 4 ranks (rows 512..512; 15099494 + 15099494 limbs at 15099494, window [15099493, 30198988) of share [30198987, 60397975), accumulated): redistribute 0.030 ntt 0.351 crt 0.000 out 0.018 spills+carry 0.014 total 0.408 s [B cached]
dist_mn node 0: 2^25 = 2^12 x 2^13 over 2 x 4 ranks (rows 512..512; 15099494 + 15099494 limbs at 15099494, window [0, 15099493) of share [0, 30198987), accumulated): redistribute 0.022 ntt 0.285 crt 0.000 out 0.020 spills+carry 0.014 total 0.338 s [A cached] [B cached]
dist_mn node 1: 2^25 = 2^12 x 2^13 over 2 x 4 ranks (rows 512..512; 15099494 + 15099494 limbs at 15099494, window [15099493, 30198988) of share [30198987, 60397975), accumulated): redistribute 0.022 ntt 0.285 crt 0.000 out 0.020 spills+carry 0.014 total 0.338 s [A cached] [B cached]
dist_mn node 0: 2^25 = 2^12 x 2^13 over 2 x 4 ranks (rows 512..512; 15099494 + 15099494 limbs at 30198988, window [0, 0) of share [0, 30198987), accumulated): redistribute 0.014 ntt 0.204 crt 0.000 out 0.022 spills+carry 0.002 total 0.238 s [B hit]
dist_mn node 0: 30198988 x 30198988 limbs over 2 x 4 ranks (cap 2^25): 2 x 2 pieces, 3 formed, 1 skipped (low product) (low cut) (cache 2 slots: 18 hits, 26 misses)
dist_mn node 1: 2^25 = 2^12 x 2^13 over 2 x 4 ranks (rows 512..512; 15099494 + 15099494 limbs at 30198988, window [0, 30198987) of share [30198987, 60397975), accumulated): redistribute 0.016 ntt 0.205 crt 0.000 out 0.023 spills+carry 0.001 total 0.238 s [B hit]
dist_mn node 1: 30198988 x 30198988 limbs over 2 x 4 ranks (cap 2^25): 2 x 2 pieces, 3 formed, 1 skipped (low product) (low cut) (cache 2 slots: 18 hits, 26 misses)
dist_mn node 0: 30198988 + 30198988 limbs -> 60397975 (share 30198987): redistribute 0.065 ntt 0.839 crt 0.001 out 0.062 spills+carry 0.030, total 0.986 s
dist_mn node 1: 30198988 + 30198988 limbs -> 60397975 (share 30198988): redistribute 0.068 ntt 0.840 crt 0.001 out 0.061 spills+carry 0.030, total 0.986 s
mdev 2^25 (30198988 limbs): repack 0.033 h2d 0.001 fwd 0.003 inv 0.001 d2h 0.020 crt 0.007 total 0.061 s
mdev 2^25 (30198988 limbs): repack 0.041 h2d 0.001 fwd 0.003 inv 0.003 d2h 0.023 crt 0.025 total 0.075 s
dist_mn node 0: 2^25 = 2^12 x 2^13 over 2 x 4 ranks (rows 512..512; 15099494 + 15099494 limbs at 0, window [0, 30198988) of share [0, 30198988)): redistribute 0.091 ntt 0.374 crt 0.001 out 0.025 spills+carry 0.001 total 0.427 s [A cached] [B cached]
dist_mn node 1: 2^25 = 2^12 x 2^13 over 2 x 4 ranks (rows 512..512; 15099494 + 15099494 limbs at 0, window [30198988, 30198988) of share [30198988, 60397976)): redistribute 0.092 ntt 0.374 crt 0.001 out 0.024 spills+carry 0.001 total 0.427 s [A cached] [B cached]
dist_mn node 0: 2^25 = 2^12 x 2^13 over 2 x 4 ranks (rows 512..512; 15099494 + 15099494 limbs at 15099494, window [0, 15099494) of share [0, 30198988), accumulated): redistribute 0.011 ntt 0.191 crt 0.000 out 0.027 spills+carry 0.014 total 0.242 s [B hit]
dist_mn node 1: 2^25 = 2^12 x 2^13 over 2 x 4 ranks (rows 512..512; 15099494 + 15099494 limbs at 15099494, window [15099494, 30198988) of share [30198988, 60397976), accumulated): redistribute 0.011 ntt 0.194 crt 0.000 out 0.025 spills+carry 0.014 total 0.242 s [B hit]
dist_mn node 0: 2^25 = 2^12 x 2^13 over 2 x 4 ranks (rows 512..512; 15099494 + 15099494 limbs at 15099494, window [0, 15099494) of share [0, 30198988), accumulated): redistribute 0.011 ntt 0.205 crt 0.000 out 0.023 spills+carry 0.014 total 0.252 s [A hit] [B cached]
dist_mn node 1: 2^25 = 2^12 x 2^13 over 2 x 4 ranks (rows 512..512; 15099494 + 15099494 limbs at 15099494, window [15099494, 30198988) of share [30198988, 60397976), accumulated): redistribute 0.011 ntt 0.206 crt 0.000 out 0.022 spills+carry 0.014 total 0.252 s [A hit] [B cached]
dist_mn node 0: 2^25 = 2^12 x 2^13 over 2 x 4 ranks (rows 512..512; 15099494 + 15099494 limbs at 30198988, window [0, 0) of share [0, 30198988), accumulated): redistribute 0.019 ntt 0.209 crt 0.000 out 0.029 spills+carry 0.002 total 0.248 s [B hit]
dist_mn node 0: 30198988 x 30198988 limbs over 2 x 4 ranks (cap 2^25): 2 x 2 pieces, 4 formed, 0 skipped (low cut) (cache 2 slots: 21 hits, 29 misses)
dist_mn node 1: 2^25 = 2^12 x 2^13 over 2 x 4 ranks (rows 512..512; 15099494 + 15099494 limbs at 30198988, window [0, 30198988) of share [30198988, 60397976), accumulated): redistribute 0.019 ntt 0.205 crt 0.000 out 0.030 spills+carry 0.002 total 0.248 s [B hit]
dist_mn node 1: 30198988 x 30198988 limbs over 2 x 4 ranks (cap 2^25): 2 x 2 pieces, 4 formed, 0 skipped (low cut) (cache 2 slots: 21 hits, 29 misses)
dist_mn node 0: 30198988 + 30198988 limbs -> 60397976 (share 30198988): redistribute 0.132 ntt 0.979 crt 0.002 out 0.104 spills+carry 0.030, total 1.171 s
dist_mn node 1: 30198988 + 30198988 limbs -> 60397976 (share 30198988): redistribute 0.133 ntt 0.979 crt 0.002 out 0.101 spills+carry 0.031, total 1.171 s
dist_mn node 0: 2^25 = 2^12 x 2^13 over 2 x 4 ranks (rows 512..512; 15099494 + 15099494 limbs at 0, window [0, 30198987) of share [0, 30198987)): redistribute 0.057 ntt 0.369 crt 0.001 out 0.020 spills+carry 0.001 total 0.415 s [A cached] [B cached]
dist_mn node 1: 2^25 = 2^12 x 2^13 over 2 x 4 ranks (rows 512..512; 15099494 + 15099494 limbs at 0, window [30198987, 30198988) of share [30198987, 60397975)): redistribute 0.057 ntt 0.370 crt 0.001 out 0.019 spills+carry 0.001 total 0.415 s [A cached] [B cached]
dist_mn node 0: 2^25 = 2^12 x 2^13 over 2 x 4 ranks (rows 512..512; 15099494 + 15099494 limbs at 15099494, window [0, 15099493) of share [0, 30198987), accumulated): redistribute 0.011 ntt 0.194 crt 0.001 out 0.020 spills+carry 0.014 total 0.239 s [B hit]
dist_mn node 1: 2^25 = 2^12 x 2^13 over 2 x 4 ranks (rows 512..512; 15099494 + 15099494 limbs at 15099494, window [15099493, 30198988) of share [30198987, 60397975), accumulated): redistribute 0.011 ntt 0.192 crt 0.001 out 0.022 spills+carry 0.014 total 0.239 s [B hit]
dist_mn node 0: 2^25 = 2^12 x 2^13 over 2 x 4 ranks (rows 512..512; 15099494 + 15099494 limbs at 15099494, window [0, 15099493) of share [0, 30198987), accumulated): redistribute 0.011 ntt 0.191 crt 0.000 out 0.023 spills+carry 0.015 total 0.240 s [A hit] [B cached]
dist_mn node 1: 2^25 = 2^12 x 2^13 over 2 x 4 ranks (rows 512..512; 15099494 + 15099494 limbs at 15099494, window [15099493, 30198988) of share [30198987, 60397975), accumulated): redistribute 0.011 ntt 0.194 crt 0.000 out 0.023 spills+carry 0.015 total 0.240 s [A hit] [B cached]
dist_mn node 0: 2^25 = 2^12 x 2^13 over 2 x 4 ranks (rows 512..512; 15099494 + 15099494 limbs at 30198988, window [0, 0) of share [0, 30198987), accumulated): redistribute 0.018 ntt 0.199 crt 0.000 out 0.021 spills+carry 0.002 total 0.232 s [B hit]
dist_mn node 0: 30198988 x 30198988 limbs over 2 x 4 ranks (cap 2^25): 2 x 2 pieces, 4 formed, 0 skipped (low product) (low cut) (cache 2 slots: 24 hits, 32 misses)
dist_mn node 1: 2^25 = 2^12 x 2^13 over 2 x 4 ranks (rows 512..512; 15099494 + 15099494 limbs at 30198988, window [0, 30198987) of share [30198987, 60397975), accumulated): redistribute 0.018 ntt 0.199 crt 0.000 out 0.020 spills+carry 0.002 total 0.232 s [B hit]
dist_mn node 1: 30198988 x 30198988 limbs over 2 x 4 ranks (cap 2^25): 2 x 2 pieces, 4 formed, 0 skipped (low product) (low cut) (cache 2 slots: 24 hits, 32 misses)
dist_mn node 0: 30198988 + 30198988 limbs -> 60397975 (share 30198987): redistribute 0.096 ntt 0.953 crt 0.002 out 0.083 spills+carry 0.031, total 1.128 s
dist_mn node 1: 30198988 + 30198988 limbs -> 60397975 (share 30198988): redistribute 0.097 ntt 0.955 crt 0.002 out 0.084 spills+carry 0.031, total 1.129 s
dist_mn node 0: 30198988 x 30198988 limbs over 2 x 4 ranks (cap 2^25): 2 x 2 pieces, 0 formed, 4 skipped (low cut) (cache 2 slots: 24 hits, 32 misses)
dist_mn node 1: 30198988 x 30198988 limbs over 2 x 4 ranks (cap 2^25): 2 x 2 pieces, 0 formed, 4 skipped (low cut) (cache 2 slots: 24 hits, 32 misses)
dist_mn node 0: 30198988 + 30198988 limbs -> 0 (share 30198988): redistribute 0.000 ntt 0.000 crt 0.000 out 0.000 spills+carry 0.000, total 0.002 s
dist_mn node 1: 30198988 + 30198988 limbs -> 0 (share 30198988): redistribute 0.000 ntt 0.000 crt 0.000 out 0.000 spills+carry 0.000, total 0.002 s
mdev 2^25 (30198988 limbs): repack 0.033 h2d 0.001 fwd 0.005 inv 0.003 d2h 0.020 crt 0.023 total 0.066 s
mdev 2^25 (30198988 limbs): repack 0.032 h2d 0.001 fwd 0.004 inv 0.004 d2h 0.020 crt 0.016 total 0.063 s
mdev 2^25 (30198988 limbs): repack 0.031 h2d 0.001 fwd 0.002 inv 0.002 d2h 0.017 crt 0.018 total 0.056 s
mdev 2^25 (30198988 limbs): repack 0.034 h2d 0.001 fwd 0.002 inv 0.001 d2h 0.026 crt 0.010 total 0.072 s
mdev 2^25 (30198988 limbs): repack 0.027 h2d 0.001 fwd 0.002 inv 0.001 d2h 0.012 crt 0.016 total 0.047 s
mdev 2^25 (30198988 limbs): repack 0.044 h2d 0.001 fwd 0.002 inv 0.001 d2h 0.021 crt 0.031 total 0.073 s
mdev 2^25 (30198988 limbs): repack 0.043 h2d 0.001 fwd 0.002 inv 0.001 d2h 0.018 crt 0.036 total 0.070 s
mdev 2^25 (30198988 limbs): repack 0.027 h2d 0.001 fwd 0.002 inv 0.001 d2h 0.034 crt 0.020 total 0.072 s
dist_mn node 0: 30198988 x 30198988 limbs over 2 x 4 ranks (cap 2^25): 2 x 2 pieces, 0 formed, 4 skipped (low product) (low cut) (cache 2 slots: 24 hits, 32 misses)
dist_mn node 1: 30198988 x 30198988 limbs over 2 x 4 ranks (cap 2^25): 2 x 2 pieces, 0 formed, 4 skipped (low product) (low cut) (cache 2 slots: 24 hits, 32 misses)
dist_mn node 0: 30198988 + 30198988 limbs -> 0 (share 30198987): redistribute 0.000 ntt 0.000 crt 0.000 out 0.000 spills+carry 0.000, total 0.005 s
dist_mn node 1: 30198988 + 30198988 limbs -> 0 (share 30198988): redistribute 0.000 ntt 0.000 crt 0.000 out 0.000 spills+carry 0.000, total 0.005 s
mdev 2^25 (30198988 limbs): repack 0.031 h2d 0.001 fwd 0.002 inv 0.001 d2h 0.017 crt 0.019 total 0.056 s
mdev 2^25 (30198988 limbs): repack 0.026 h2d 0.001 fwd 0.002 inv 0.001 d2h 0.032 crt 0.017 total 0.066 s
mdev 2^25 (30198988 limbs): repack 0.042 h2d 0.001 fwd 0.002 inv 0.001 d2h 0.029 crt 0.037 total 0.080 s
mdev 2^25 (30198988 limbs): repack 0.044 h2d 0.001 fwd 0.002 inv 0.001 d2h 0.030 crt 0.030 total 0.080 s
mdev 2^25 (30198988 limbs): repack 0.035 h2d 0.001 fwd 0.002 inv 0.001 d2h 0.029 crt 0.016 total 0.068 s
mdev 2^25 (30198988 limbs): repack 0.028 h2d 0.001 fwd 0.002 inv 0.001 d2h 0.031 crt 0.014 total 0.067 s
mdev 2^25 (30198988 limbs): repack 0.033 h2d 0.001 fwd 0.002 inv 0.001 d2h 0.031 crt 0.017 total 0.071 s
mdev 2^25 (30198988 limbs): repack 0.027 h2d 0.001 fwd 0.002 inv 0.001 d2h 0.021 crt 0.012 total 0.056 s
dist_mn node 0: 2^25 = 2^12 x 2^13 over 2 x 4 ranks (rows 512..512; 15099494 + 15099494 limbs at 0, window [0, 30198988) of share [0, 30198988)): redistribute 0.037 ntt 0.347 crt 0.000 out 0.021 spills+carry 0.001 total 0.397 s [B cached]
dist_mn node 1: 2^25 = 2^12 x 2^13 over 2 x 4 ranks (rows 512..512; 15099494 + 15099494 limbs at 0, window [30198988, 30198988) of share [30198988, 60397976)): redistribute 0.038 ntt 0.348 crt 0.000 out 0.019 spills+carry 0.001 total 0.398 s [B cached]
dist_mn node 0: 2^25 = 2^12 x 2^13 over 2 x 4 ranks (rows 512..512; 15099494 + 15099494 limbs at 15099494, window [0, 15099494) of share [0, 30198988), accumulated): redistribute 0.012 ntt 0.242 crt 0.000 out 0.035 spills+carry 0.014 total 0.304 s [B hit]
dist_mn node 1: 2^25 = 2^12 x 2^13 over 2 x 4 ranks (rows 512..512; 15099494 + 15099494 limbs at 15099494, window [15099494, 30198988) of share [30198988, 60397976), accumulated): redistribute 0.013 ntt 0.241 crt 0.000 out 0.036 spills+carry 0.013 total 0.304 s [B hit]
dist_mn node 0: 2^25 = 2^12 x 2^13 over 2 x 4 ranks (rows 512..512; 15099494 + 15099494 limbs at 15099494, window [0, 15099494) of share [0, 30198988), accumulated): redistribute 0.029 ntt 0.369 crt 0.001 out 0.033 spills+carry 0.014 total 0.445 s [B cached]
dist_mn node 1: 2^25 = 2^12 x 2^13 over 2 x 4 ranks (rows 512..512; 15099494 + 15099494 limbs at 15099494, window [15099494, 30198988) of share [30198988, 60397976), accumulated): redistribute 0.029 ntt 0.375 crt 0.001 out 0.027 spills+carry 0.014 total 0.445 s [B cached]
dist_mn node 0: 2^25 = 2^12 x 2^13 over 2 x 4 ranks (rows 512..512; 15099494 + 15099494 limbs at 30198988, window [0, 0) of share [0, 30198988), accumulated): redistribute 0.014 ntt 0.249 crt 0.000 out 0.031 spills+carry 0.002 total 0.296 s [B hit]
dist_mn node 0: 30198988 x 30198988 limbs over 2 x 4 ranks (cap 2^25): 2 x 2 pieces, 4 formed, 0 skipped (cache 2 slots: 26 hits, 34 misses)
dist_mn node 1: 2^25 = 2^12 x 2^13 over 2 x 4 ranks (rows 512..512; 15099494 + 15099494 limbs at 30198988, window [0, 30198988) of share [30198988, 60397976), accumulated): redistribute 0.016 ntt 0.252 crt 0.000 out 0.026 spills+carry 0.001 total 0.296 s [B hit]
dist_mn node 1: 30198988 x 30198988 limbs over 2 x 4 ranks (cap 2^25): 2 x 2 pieces, 4 formed, 0 skipped (cache 2 slots: 26 hits, 34 misses)
dist_mn node 0: 30198988 + 30198988 limbs -> 60397976 (share 30198988): redistribute 0.092 ntt 1.207 crt 0.002 out 0.120 spills+carry 0.030, total 1.537 s
dist_mn node 1: 30198988 + 30198988 limbs -> 60397976 (share 30198988): redistribute 0.096 ntt 1.215 crt 0.002 out 0.108 spills+carry 0.030, total 1.445 s
dist_mn node 0: 2^25 = 2^12 x 2^13 over 2 x 4 ranks (rows 512..512; 15099494 + 15099494 limbs at 0, window [0, 30198987) of share [0, 30198987)): redistribute 0.045 ntt 0.307 crt 0.001 out 0.021 spills+carry 0.001 total 0.341 s [B hit]
dist_mn node 1: 2^25 = 2^12 x 2^13 over 2 x 4 ranks (rows 512..512; 15099494 + 15099494 limbs at 0, window [30198987, 30198988) of share [30198987, 60397975)): redistribute 0.046 ntt 0.304 crt 0.001 out 0.021 spills+carry 0.001 total 0.341 s [B hit]
dist_mn node 0: 2^25 = 2^12 x 2^13 over 2 x 4 ranks (rows 512..512; 15099494 + 15099494 limbs at 15099494, window [0, 15099493) of share [0, 30198987), accumulated): redistribute 0.011 ntt 0.252 crt 0.000 out 0.036 spills+carry 0.014 total 0.312 s [B hit]
dist_mn node 1: 2^25 = 2^12 x 2^13 over 2 x 4 ranks (rows 512..512; 15099494 + 15099494 limbs at 15099494, window [15099493, 30198988) of share [30198987, 60397975), accumulated): redistribute 0.011 ntt 0.252 crt 0.000 out 0.035 spills+carry 0.014 total 0.312 s [B hit]
dist_mn node 0: 2^25 = 2^12 x 2^13 over 2 x 4 ranks (rows 512..512; 15099494 + 15099494 limbs at 15099494, window [0, 15099493) of share [0, 30198987), accumulated): redistribute 0.019 ntt 0.266 crt 0.000 out 0.028 spills+carry 0.014 total 0.325 s [B hit]
dist_mn node 1: 2^25 = 2^12 x 2^13 over 2 x 4 ranks (rows 512..512; 15099494 + 15099494 limbs at 15099494, window [15099493, 30198988) of share [30198987, 60397975), accumulated): redistribute 0.020 ntt 0.265 crt 0.000 out 0.029 spills+carry 0.014 total 0.325 s [B hit]
dist_mn node 0: 2^25 = 2^12 x 2^13 over 2 x 4 ranks (rows 512..512; 15099494 + 15099494 limbs at 30198988, window [0, 0) of share [0, 30198987), accumulated): redistribute 0.013 ntt 0.271 crt 0.000 out 0.032 spills+carry 0.002 total 0.315 s [B hit]
dist_mn node 0: 30198988 x 30198988 limbs over 2 x 4 ranks (cap 2^25): 2 x 2 pieces, 4 formed, 0 skipped (low product) (cache 2 slots: 30 hits, 34 misses)
dist_mn node 1: 2^25 = 2^12 x 2^13 over 2 x 4 ranks (rows 512..512; 15099494 + 15099494 limbs at 30198988, window [0, 30198987) of share [30198987, 60397975), accumulated): redistribute 0.013 ntt 0.277 crt 0.000 out 0.026 spills+carry 0.002 total 0.315 s [B hit]
dist_mn node 1: 30198988 x 30198988 limbs over 2 x 4 ranks (cap 2^25): 2 x 2 pieces, 4 formed, 0 skipped (low product) (cache 2 slots: 30 hits, 34 misses)
dist_mn node 0: 30198988 + 30198988 limbs -> 60397975 (share 30198987): redistribute 0.088 ntt 1.096 crt 0.002 out 0.117 spills+carry 0.030, total 1.295 s
dist_mn node 1: 30198988 + 30198988 limbs -> 60397975 (share 30198988): redistribute 0.090 ntt 1.098 crt 0.002 out 0.111 spills+carry 0.030, total 1.295 s
dist_mn node 0: 2^25 = 2^12 x 2^13 over 2 x 4 ranks (rows 512..512; 15099494 + 15099491 limbs at 0, window [0, 22649237) of share [0, 22649237)): redistribute 0.069 ntt 0.448 crt 0.000 out 0.036 spills+carry 0.001 total 0.516 s [A cached] [B cached]
dist_mn node 1: 2^25 = 2^12 x 2^13 over 2 x 4 ranks (rows 512..512; 15099494 + 15099491 limbs at 0, window [22649237, 30198985) of share [22649237, 45298475)): redistribute 0.070 ntt 0.449 crt 0.000 out 0.036 spills+carry 0.001 total 0.514 s [A cached] [B cached]
dist_mn node 0: 2^25 = 2^12 x 2^13 over 2 x 4 ranks (rows 512..512; 15099494 + 15099490 limbs at 15099491, window [0, 7549746) of share [0, 22649237), accumulated): redistribute 0.014 ntt 0.247 crt 0.001 out 0.035 spills+carry 0.005 total 0.300 s [A hit] [B cached]
dist_mn node 0: 15099494 x 30198981 limbs over 2 x 4 ranks (cap 2^25): 1 x 2 pieces, 2 formed, 0 skipped (cache 2 slots: 1 hits, 3 misses)
dist_mn node 1: 2^25 = 2^12 x 2^13 over 2 x 4 ranks (rows 512..512; 15099494 + 15099490 limbs at 15099491, window [7549746, 30198984) of share [22649237, 45298475), accumulated): redistribute 0.014 ntt 0.253 crt 0.001 out 0.028 spills+carry 0.005 total 0.300 s [A hit] [B cached]
dist_mn node 1: 15099494 x 30198981 limbs over 2 x 4 ranks (cap 2^25): 1 x 2 pieces, 2 formed, 0 skipped (cache 2 slots: 1 hits, 3 misses)
dist_mn node 0: 15099494 + 30198981 limbs -> 45298475 (share 22649237): redistribute 0.083 ntt 0.696 crt 0.001 out 0.070 spills+carry 0.006, total 0.818 s
dist_mn node 1: 15099494 + 30198981 limbs -> 45298475 (share 22649238): redistribute 0.083 ntt 0.702 crt 0.001 out 0.065 spills+carry 0.006, total 0.817 s
mdev 3*2^24 (45298475 limbs): repack 0.049 h2d 0.001 fwd 0.011 inv 0.005 d2h 0.050 crt 0.033 total 0.113 s
mdev 3*2^24 (45298475 limbs): repack 0.054 h2d 0.002 fwd 0.009 inv 0.006 d2h 0.046 crt 0.038 total 0.114 s
dist_mn node 0: 2^25 = 2^12 x 2^13 over 2 x 4 ranks (rows 512..512; 15099494 + 15099491 limbs at 0, window [0, 7549748) of share [0, 7549748)): redistribute 0.026 ntt 0.338 crt 0.000 out 0.010 spills+carry 0.000 total 0.371 s [A cached] [B cached]
dist_mn node 1: 2^25 = 2^12 x 2^13 over 2 x 4 ranks (rows 512..512; 15099494 + 15099491 limbs at 0, window [7549748, 15099497) of share [7549748, 15099497)): redistribute 0.027 ntt 0.336 crt 0.000 out 0.013 spills+carry 0.001 total 0.371 s [A cached] [B cached]
dist_mn node 0: 2^25 = 2^12 x 2^13 over 2 x 4 ranks (rows 512..512; 15099494 + 15099490 limbs at 15099491, window [0, 0) of share [0, 7549748), accumulated): redistribute 0.013 ntt 0.196 crt 0.001 out 0.003 spills+carry 0.000 total 0.210 s [A hit] [B cached]
dist_mn node 0: 15099494 x 30198981 limbs over 2 x 4 ranks (cap 2^25): 1 x 2 pieces, 2 formed, 0 skipped (low product) (cache 2 slots: 2 hits, 6 misses)
dist_mn node 1: 2^25 = 2^12 x 2^13 over 2 x 4 ranks (rows 512..512; 15099494 + 15099490 limbs at 15099491, window [0, 6) of share [7549748, 15099497), accumulated): redistribute 0.013 ntt 0.199 crt 0.001 out 0.001 spills+carry 0.000 total 0.210 s [A hit] [B cached]
dist_mn node 1: 15099494 x 30198981 limbs over 2 x 4 ranks (cap 2^25): 1 x 2 pieces, 2 formed, 0 skipped (low product) (cache 2 slots: 2 hits, 6 misses)
dist_mn node 0: 15099494 + 30198981 limbs -> 15099497 (share 7549748): redistribute 0.039 ntt 0.534 crt 0.001 out 0.013 spills+carry 0.001, total 0.616 s
dist_mn node 1: 15099494 + 30198981 limbs -> 15099497 (share 7549749): redistribute 0.040 ntt 0.535 crt 0.001 out 0.013 spills+carry 0.001, total 0.584 s
dist_mn node 0: 2^25 = 2^12 x 2^13 over 2 x 4 ranks (rows 512..512; 15099494 + 15099494 limbs at 0, window [0, 30198988) of share [0, 30198988)): redistribute 0.043 ntt 0.363 crt 0.001 out 0.020 spills+carry 0.001 total 0.412 s [A cached] [B cached]
dist_mn node 1: 2^25 = 2^12 x 2^13 over 2 x 4 ranks (rows 512..512; 15099494 + 15099494 limbs at 0, window [30198988, 30198988) of share [30198988, 60397977)): redistribute 0.043 ntt 0.363 crt 0.001 out 0.020 spills+carry 0.001 total 0.412 s [A cached] [B cached]
dist_mn node 0: 2^25 = 2^12 x 2^13 over 2 x 4 ranks (rows 512..512; 15099494 + 15099494 limbs at 15099494, window [0, 15099494) of share [0, 30198988), accumulated): redistribute 0.012 ntt 0.199 crt 0.001 out 0.022 spills+carry 0.014 total 0.243 s [B hit]
dist_mn node 1: 2^25 = 2^12 x 2^13 over 2 x 4 ranks (rows 512..512; 15099494 + 15099494 limbs at 15099494, window [15099494, 30198988) of share [30198988, 60397977), accumulated): redistribute 0.012 ntt 0.199 crt 0.001 out 0.022 spills+carry 0.014 total 0.243 s [B hit]
dist_mn node 0: 2^25 = 2^12 x 2^13 over 2 x 4 ranks (rows 512..512; 15099494 + 15099494 limbs at 15099494, window [0, 15099494) of share [0, 30198988), accumulated): redistribute 0.014 ntt 0.196 crt 0.001 out 0.026 spills+carry 0.014 total 0.247 s [A hit] [B cached]
dist_mn node 1: 2^25 = 2^12 x 2^13 over 2 x 4 ranks (rows 512..512; 15099494 + 15099494 limbs at 15099494, window [15099494, 30198988) of share [30198988, 60397977), accumulated): redistribute 0.014 ntt 0.196 crt 0.001 out 0.026 spills+carry 0.014 total 0.247 s [A hit] [B cached]
dist_mn node 0: 2^25 = 2^12 x 2^13 over 2 x 4 ranks (rows 512..512; 15099494 + 15099494 limbs at 30198988, window [0, 0) of share [0, 30198988), accumulated): redistribute 0.018 ntt 0.198 crt 0.000 out 0.020 spills+carry 0.002 total 0.230 s [B hit]
dist_mn node 1: 2^25 = 2^12 x 2^13 over 2 x 4 ranks (rows 512..512; 15099494 + 15099494 limbs at 30198988, window [0, 30198988) of share [30198988, 60397977), accumulated): redistribute 0.018 ntt 0.197 crt 0.000 out 0.020 spills+carry 0.001 total 0.230 s [B hit]
mdb_add_shifted node 0: 30198985 limbs at 0 into a basis of 60397977 (my window [0, 30198985), 1 rounds of 7549760; slabs 0 + 7549746 limbs per APU 0): 0.035 s
dist_mn node 0: 30198988 x 30198988 limbs over 2 x 4 ranks (cap 2^25): 2 x 2 pieces, 4 formed, 0 skipped (cache 2 slots: 5 hits, 9 misses)
mdb_add_shifted node 1: 30198985 limbs at 0 into a basis of 60397977 (my window [30198988, 30198988), 1 rounds of 7549760; slabs 7549746 + 0 limbs per APU 0): 0.035 s
dist_mn node 1: 30198988 x 30198988 limbs over 2 x 4 ranks (cap 2^25): 2 x 2 pieces, 4 formed, 0 skipped (cache 2 slots: 5 hits, 9 misses)
dist_mn node 0: 30198988 + 30198988 + x limbs -> 60397976 (share 30198988): redistribute 0.086 ntt 0.955 crt 0.003 out 0.089 spills+carry 0.030, total 1.171 s
dist_mn node 1: 30198988 + 30198988 + x limbs -> 60397976 (share 30198989): redistribute 0.087 ntt 0.955 crt 0.003 out 0.088 spills+carry 0.030, total 1.171 s
mdb_add_shifted node 0: 30198985 limbs at 0 into a basis of 60397977 (my window [0, 30198985), 1 rounds of 7549760; slabs 0 + 7549746 limbs per APU 0): 0.113 s
mdb_add_shifted node 1: 30198985 limbs at 0 into a basis of 60397977 (my window [30198988, 30198988), 1 rounds of 7549760; slabs 7549746 + 0 limbs per APU 0): 0.067 s
mdb_add_shifted node 0: 30198985 limbs at 7 into a basis of 60397977 (my window [7, 30198988), 1 rounds of 7549760; slabs 0 + 7549745 limbs per APU 0): 0.119 s
mdb_add_shifted node 1: 30198985 limbs at 7 into a basis of 60397977 (my window [30198988, 30198992), 1 rounds of 7549760; slabs 7549746 + 1 limbs per APU 0): 0.050 s
mdb_add_shifted node 0: 30198985 limbs at 15099494 into a basis of 60397977 (my window [15099494, 30198988), 1 rounds of 3774880; slabs 0 + 3774873 limbs per APU 0): 0.121 s
mdb_add_shifted node 1: 30198985 limbs at 15099494 into a basis of 60397977 (my window [30198988, 45298479), 1 rounds of 3774880; slabs 7549745 + 3774872 limbs per APU 0): 0.070 s
mdb_add_shifted node 1: 30198985 limbs at 30198988 into a basis of 60397977 (my window [30198988, 60397973), 1 rounds of 7549760; slabs 7549746 + 7549746 limbs per APU 0): 0.005 s
mdb_add_shifted node 0: 30198985 limbs at 30198988 into a basis of 60397977 (my window [30198988, 30198988), 1 rounds of 7549760; slabs 0 + 0 limbs per APU 0): 0.030 s
dist_mn node 0: 2^25 = 2^12 x 2^13 over 2 x 4 ranks (rows 512..512; 15099494 + 15099494 limbs at 0, window [0, 30198988) of share [0, 30198988)): redistribute 0.052 ntt 0.371 crt 0.000 out 0.027 spills+carry 0.002 total 0.422 s [A cached] [B cached]
dist_mn node 1: 2^25 = 2^12 x 2^13 over 2 x 4 ranks (rows 512..512; 15099494 + 15099494 limbs at 0, window [30198988, 30198988) of share [30198988, 60397976)): redistribute 0.052 ntt 0.373 crt 0.000 out 0.028 spills+carry 0.002 total 0.422 s [A cached] [B cached]
dist_mn node 0: 2^25 = 2^12 x 2^13 over 2 x 4 ranks (rows 512..512; 15099494 + 15099494 limbs at 15099494, window [0, 15099494) of share [0, 30198988), accumulated): redistribute 0.011 ntt 0.195 crt 0.001 out 0.023 spills+carry 0.015 total 0.245 s [B hit]
dist_mn node 1: 2^25 = 2^12 x 2^13 over 2 x 4 ranks (rows 512..512; 15099494 + 15099494 limbs at 15099494, window [15099494, 30198988) of share [30198988, 60397976), accumulated): redistribute 0.011 ntt 0.192 crt 0.001 out 0.026 spills+carry 0.015 total 0.245 s [B hit]
dist_mn node 0: 2^25 = 2^12 x 2^13 over 2 x 4 ranks (rows 512..512; 15099494 + 15099494 limbs at 15099494, window [0, 15099494) of share [0, 30198988), accumulated): redistribute 0.013 ntt 0.207 crt 0.000 out 0.023 spills+carry 0.017 total 0.260 s [A hit] [B cached]
dist_mn node 1: 2^25 = 2^12 x 2^13 over 2 x 4 ranks (rows 512..512; 15099494 + 15099494 limbs at 15099494, window [15099494, 30198988) of share [30198988, 60397976), accumulated): redistribute 0.013 ntt 0.210 crt 0.000 out 0.025 spills+carry 0.017 total 0.260 s [A hit] [B cached]
dist_mn node 0: 2^25 = 2^12 x 2^13 over 2 x 4 ranks (rows 512..512; 15099494 + 15099494 limbs at 30198988, window [0, 0) of share [0, 30198988), accumulated): redistribute 0.012 ntt 0.198 crt 0.001 out 0.025 spills+carry 0.003 total 0.238 s [B hit]
dist_mn node 0: 30198988 x 30198988 limbs over 2 x 4 ranks (cap 2^25): 2 x 2 pieces, 4 formed, 0 skipped (cache 2 slots: 8 hits, 12 misses)
dist_mn node 1: 2^25 = 2^12 x 2^13 over 2 x 4 ranks (rows 512..512; 15099494 + 15099494 limbs at 30198988, window [0, 30198988) of share [30198988, 60397976), accumulated): redistribute 0.013 ntt 0.198 crt 0.001 out 0.024 spills+carry 0.003 total 0.238 s [B hit]
dist_mn node 1: 30198988 x 30198988 limbs over 2 x 4 ranks (cap 2^25): 2 x 2 pieces, 4 formed, 0 skipped (cache 2 slots: 8 hits, 12 misses)
dist_mn node 0: 30198988 + 30198988 limbs -> 60397976 (share 30198988): redistribute 0.088 ntt 0.972 crt 0.002 out 0.098 spills+carry 0.037, total 1.412 s
dist_mn node 1: 30198988 + 30198988 limbs -> 60397976 (share 30198988): redistribute 0.089 ntt 0.973 crt 0.002 out 0.103 spills+carry 0.037, total 1.168 s
mdev 2^26 (60397976 limbs): repack 0.064 h2d 0.001 fwd 0.009 inv 0.005 d2h 0.057 crt 0.045 total 0.141 s
mdev 2^26 (60397976 limbs): repack 0.069 h2d 0.001 fwd 0.010 inv 0.005 d2h 0.054 crt 0.065 total 0.142 s
dist_mn node 0: 2^25 = 2^12 x 2^13 over 2 x 4 ranks (rows 512..512; 15099494 + 15099494 limbs at 0, window [0, 30198988) of share [0, 30198988)): redistribute 0.024 ntt 0.303 crt 0.000 out 0.020 spills+carry 0.002 total 0.347 s [A cached] [B cached]
dist_mn node 1: 2^25 = 2^12 x 2^13 over 2 x 4 ranks (rows 512..512; 15099494 + 15099494 limbs at 0, window [30198988, 30198988) of share [30198988, 60397977)): redistribute 0.024 ntt 0.304 crt 0.000 out 0.021 spills+carry 0.002 total 0.347 s [A cached] [B cached]
dist_mn node 0: 2^25 = 2^12 x 2^13 over 2 x 4 ranks (rows 512..512; 15099494 + 15099494 limbs at 15099494, window [0, 15099494) of share [0, 30198988), accumulated): redistribute 0.011 ntt 0.197 crt 0.001 out 0.017 spills+carry 0.014 total 0.239 s [B hit]
dist_mn node 1: 2^25 = 2^12 x 2^13 over 2 x 4 ranks (rows 512..512; 15099494 + 15099494 limbs at 15099494, window [15099494, 30198988) of share [30198988, 60397977), accumulated): redistribute 0.011 ntt 0.196 crt 0.001 out 0.020 spills+carry 0.014 total 0.239 s [B hit]
dist_mn node 0: 2^25 = 2^12 x 2^13 over 2 x 4 ranks (rows 512..512; 15099494 + 15099494 limbs at 15099494, window [0, 15099494) of share [0, 30198988), accumulated): redistribute 0.011 ntt 0.197 crt 0.000 out 0.025 spills+carry 0.016 total 0.244 s [A hit] [B cached]
dist_mn node 1: 2^25 = 2^12 x 2^13 over 2 x 4 ranks (rows 512..512; 15099494 + 15099494 limbs at 15099494, window [15099494, 30198988) of share [30198988, 60397977), accumulated): redistribute 0.011 ntt 0.199 crt 0.000 out 0.023 spills+carry 0.016 total 0.244 s [A hit] [B cached]
dist_mn node 0: 2^25 = 2^12 x 2^13 over 2 x 4 ranks (rows 512..512; 15099494 + 15099494 limbs at 30198988, window [0, 0) of share [0, 30198988), accumulated): redistribute 0.011 ntt 0.186 crt 0.000 out 0.022 spills+carry 0.003 total 0.220 s [B hit]
dist_mn node 1: 2^25 = 2^12 x 2^13 over 2 x 4 ranks (rows 512..512; 15099494 + 15099494 limbs at 30198988, window [0, 30198988) of share [30198988, 60397977), accumulated): redistribute 0.011 ntt 0.187 crt 0.000 out 0.023 spills+carry 0.003 total 0.220 s [B hit]
mdb_add_shifted node 0: 30198985 limbs at 0 into a basis of 60397977 (my window [0, 30198985), 1 rounds of 7549760; slabs 0 + 7549746 limbs per APU 0): 0.036 s
dist_mn node 0: 30198988 x 30198988 limbs over 2 x 4 ranks (cap 2^25): 2 x 2 pieces, 4 formed, 0 skipped (cache 2 slots: 11 hits, 15 misses)
mdb_add_shifted node 1: 30198985 limbs at 0 into a basis of 60397977 (my window [30198988, 30198988), 1 rounds of 7549760; slabs 7549746 + 0 limbs per APU 0): 0.036 s
dist_mn node 1: 30198988 x 30198988 limbs over 2 x 4 ranks (cap 2^25): 2 x 2 pieces, 4 formed, 0 skipped (cache 2 slots: 11 hits, 15 misses)
dist_mn node 0: 30198988 + 30198988 + x limbs -> 60397976 (share 30198988): redistribute 0.056 ntt 0.883 crt 0.002 out 0.085 spills+carry 0.035, total 1.088 s
dist_mn node 1: 30198988 + 30198988 + x limbs -> 60397976 (share 30198989): redistribute 0.056 ntt 0.886 crt 0.002 out 0.086 spills+carry 0.035, total 1.095 s
dist_mn node 0: 2^25 = 2^12 x 2^13 over 2 x 4 ranks (rows 512..512; 15099494 + 15099494 limbs at 0, window [0, 15099495) of share [0, 15099495)): redistribute 0.048 ntt 0.350 crt 0.001 out 0.025 spills+carry 0.002 total 0.397 s [A cached] [B cached]
dist_mn node 1: 2^25 = 2^12 x 2^13 over 2 x 4 ranks (rows 512..512; 15099494 + 15099494 limbs at 0, window [15099495, 30198988) of share [15099495, 30198990)): redistribute 0.048 ntt 0.352 crt 0.001 out 0.025 spills+carry 0.002 total 0.397 s [A cached] [B cached]
dist_mn node 0: 2^25 = 2^12 x 2^13 over 2 x 4 ranks (rows 512..512; 15099494 + 15099494 limbs at 15099494, window [0, 1) of share [0, 15099495), accumulated): redistribute 0.013 ntt 0.194 crt 0.001 out 0.019 spills+carry 0.002 total 0.227 s [B hit]
dist_mn node 1: 2^25 = 2^12 x 2^13 over 2 x 4 ranks (rows 512..512; 15099494 + 15099494 limbs at 15099494, window [1, 15099496) of share [15099495, 30198990), accumulated): redistribute 0.013 ntt 0.191 crt 0.001 out 0.022 spills+carry 0.002 total 0.227 s [B hit]
dist_mn node 0: 2^25 = 2^12 x 2^13 over 2 x 4 ranks (rows 512..512; 15099494 + 15099494 limbs at 15099494, window [0, 1) of share [0, 15099495), accumulated): redistribute 0.011 ntt 0.194 crt 0.001 out 0.013 spills+carry 0.004 total 0.219 s [A hit] [B cached]
dist_mn node 1: 2^25 = 2^12 x 2^13 over 2 x 4 ranks (rows 512..512; 15099494 + 15099494 limbs at 15099494, window [1, 15099496) of share [15099495, 30198990), accumulated): redistribute 0.010 ntt 0.195 crt 0.001 out 0.013 spills+carry 0.004 total 0.219 s [A hit] [B cached]
dist_mn node 0: 2^25 = 2^12 x 2^13 over 2 x 4 ranks (rows 512..512; 15099494 + 15099494 limbs at 30198988, window [0, 0) of share [0, 15099495), accumulated): redistribute 0.010 ntt 0.196 crt 0.001 out 0.003 spills+carry 0.001 total 0.206 s [B hit]
dist_mn node 0: 30198988 x 30198988 limbs over 2 x 4 ranks (cap 2^25): 2 x 2 pieces, 4 formed, 0 skipped (low product) (cache 2 slots: 14 hits, 18 misses)
dist_mn node 1: 2^25 = 2^12 x 2^13 over 2 x 4 ranks (rows 512..512; 15099494 + 15099494 limbs at 30198988, window [0, 2) of share [15099495, 30198990), accumulated): redistribute 0.011 ntt 0.193 crt 0.001 out 0.001 spills+carry 0.001 total 0.206 s [B hit]
dist_mn node 1: 30198988 x 30198988 limbs over 2 x 4 ranks (cap 2^25): 2 x 2 pieces, 4 formed, 0 skipped (low product) (cache 2 slots: 14 hits, 18 misses)
dist_mn node 0: 30198988 + 30198988 limbs -> 30198990 (share 15099495): redistribute 0.082 ntt 0.933 crt 0.003 out 0.061 spills+carry 0.008, total 1.051 s
dist_mn node 1: 30198988 + 30198988 limbs -> 30198990 (share 15099495): redistribute 0.082 ntt 0.931 crt 0.003 out 0.060 spills+carry 0.009, total 1.051 s
dist_mn node 0: 2^25 = 2^12 x 2^13 over 2 x 4 ranks (rows 512..512; 15099495 + 15099495 limbs at 0, window [0, 7549747) of share [0, 7549747)): redistribute 0.051 ntt 0.372 crt 0.001 out 0.010 spills+carry 0.003 total 0.405 s
dist_mn node 0: 15099495 x 15099495 limbs over 2 x 4 ranks (cap 2^25): 1 x 1 pieces, 1 formed, 0 skipped (low product) (cache 0 slots: 14 hits, 18 misses)
dist_mn node 1: 2^25 = 2^12 x 2^13 over 2 x 4 ranks (rows 512..512; 15099495 + 15099495 limbs at 0, window [7549747, 15099495) of share [7549747, 15099495)): redistribute 0.051 ntt 0.373 crt 0.001 out 0.009 spills+carry 0.003 total 0.405 s
dist_mn node 1: 15099495 x 15099495 limbs over 2 x 4 ranks (cap 2^25): 1 x 1 pieces, 1 formed, 0 skipped (low product) (cache 0 slots: 14 hits, 18 misses)
dist_mn node 0: 15099495 + 15099495 limbs -> 1 (share 7549747): redistribute 0.051 ntt 0.372 crt 0.001 out 0.010 spills+carry 0.003, total 0.406 s
dist_mn node 1: 15099495 + 15099495 limbs -> 1 (share 7549748): redistribute 0.051 ntt 0.373 crt 0.001 out 0.009 spills+carry 0.003, total 0.406 s
dist_mn node 0: 2^25 = 2^12 x 2^13 over 2 x 4 ranks (rows 512..512; 15099494 + 15099494 limbs at 0, window [0, 30198987) of share [0, 30198987)): redistribute 0.056 ntt 0.349 crt 0.001 out 0.026 spills+carry 0.002 total 0.409 s [A cached] [B cached]
dist_mn node 1: 2^25 = 2^12 x 2^13 over 2 x 4 ranks (rows 512..512; 15099494 + 15099494 limbs at 0, window [30198987, 30198988) of share [30198987, 60397975)): redistribute 0.056 ntt 0.349 crt 0.001 out 0.027 spills+carry 0.002 total 0.409 s [A cached] [B cached]
dist_mn node 0: 2^25 = 2^12 x 2^13 over 2 x 4 ranks (rows 512..512; 15099494 + 15099494 limbs at 15099494, window [0, 15099493) of share [0, 30198987), accumulated): redistribute 0.011 ntt 0.188 crt 0.000 out 0.018 spills+carry 0.015 total 0.231 s [B hit]
dist_mn node 1: 2^25 = 2^12 x 2^13 over 2 x 4 ranks (rows 512..512; 15099494 + 15099494 limbs at 15099494, window [15099493, 30198988) of share [30198987, 60397975), accumulated): redistribute 0.011 ntt 0.189 crt 0.000 out 0.020 spills+carry 0.015 total 0.231 s [B hit]
dist_mn node 0: 2^25 = 2^12 x 2^13 over 2 x 4 ranks (rows 512..512; 15099494 + 15099494 limbs at 15099494, window [0, 15099493) of share [0, 30198987), accumulated): redistribute 0.015 ntt 0.192 crt 0.001 out 0.022 spills+carry 0.016 total 0.240 s [A hit] [B cached]
dist_mn node 1: 2^25 = 2^12 x 2^13 over 2 x 4 ranks (rows 512..512; 15099494 + 15099494 limbs at 15099494, window [15099493, 30198988) of share [30198987, 60397975), accumulated): redistribute 0.015 ntt 0.192 crt 0.000 out 0.021 spills+carry 0.017 total 0.240 s [A hit] [B cached]
dist_mn node 0: 2^25 = 2^12 x 2^13 over 2 x 4 ranks (rows 512..512; 15099494 + 15099494 limbs at 30198988, window [0, 0) of share [0, 30198987), accumulated): redistribute 0.011 ntt 0.193 crt 0.001 out 0.030 spills+carry 0.003 total 0.232 s [B hit]
dist_mn node 0: 30198988 x 30198988 limbs over 2 x 4 ranks (cap 2^25): 2 x 2 pieces, 4 formed, 0 skipped (low product) (cache 2 slots: 17 hits, 21 misses)
dist_mn node 1: 2^25 = 2^12 x 2^13 over 2 x 4 ranks (rows 512..512; 15099494 + 15099494 limbs at 30198988, window [0, 30198987) of share [30198987, 60397975), accumulated): redistribute 0.011 ntt 0.193 crt 0.001 out 0.028 spills+carry 0.003 total 0.232 s [B hit]
dist_mn node 1: 30198988 x 30198988 limbs over 2 x 4 ranks (cap 2^25): 2 x 2 pieces, 4 formed, 0 skipped (low product) (cache 2 slots: 17 hits, 21 misses)
dist_mn node 0: 30198988 + 30198988 limbs -> 60397975 (share 30198987): redistribute 0.092 ntt 0.923 crt 0.002 out 0.095 spills+carry 0.036, total 1.114 s
dist_mn node 1: 30198988 + 30198988 limbs -> 60397975 (share 30198988): redistribute 0.093 ntt 0.923 crt 0.002 out 0.096 spills+carry 0.036, total 1.114 s
dist_mn node 0: 2^25 = 2^12 x 2^13 over 2 x 4 ranks (rows 512..512; 15099494 + 15099494 limbs at 15099494, window [0, 15099494) of share [0, 30198988), accumulated): redistribute 0.066 ntt 0.366 crt 0.001 out 0.021 spills+carry 0.015 total 0.425 s [B cached]
dist_mn node 1: 2^25 = 2^12 x 2^13 over 2 x 4 ranks (rows 512..512; 15099494 + 15099494 limbs at 15099494, window [15099494, 30198988) of share [30198988, 60397976), accumulated): redistribute 0.066 ntt 0.367 crt 0.001 out 0.021 spills+carry 0.015 total 0.425 s [B cached]
dist_mn node 0: 2^25 = 2^12 x 2^13 over 2 x 4 ranks (rows 512..512; 15099494 + 15099494 limbs at 15099494, window [0, 15099494) of share [0, 30198988), accumulated): redistribute 0.021 ntt 0.289 crt 0.001 out 0.024 spills+carry 0.015 total 0.345 s [A cached] [B cached]
dist_mn node 1: 2^25 = 2^12 x 2^13 over 2 x 4 ranks (rows 512..512; 15099494 + 15099494 limbs at 15099494, window [15099494, 30198988) of share [30198988, 60397976), accumulated): redistribute 0.021 ntt 0.289 crt 0.001 out 0.025 spills+carry 0.015 total 0.345 s [A cached] [B cached]
dist_mn node 0: 2^25 = 2^12 x 2^13 over 2 x 4 ranks (rows 512..512; 15099494 + 15099494 limbs at 30198988, window [0, 0) of share [0, 30198988), accumulated): redistribute 0.011 ntt 0.192 crt 0.001 out 0.027 spills+carry 0.003 total 0.232 s [B hit]
dist_mn node 0: 30198988 x 30198988 limbs over 2 x 4 ranks (cap 2^25): 2 x 2 pieces, 3 formed, 1 skipped (low cut) (cache 2 slots: 18 hits, 24 misses)
dist_mn node 1: 2^25 = 2^12 x 2^13 over 2 x 4 ranks (rows 512..512; 15099494 + 15099494 limbs at 30198988, window [0, 30198988) of share [30198988, 60397976), accumulated): redistribute 0.012 ntt 0.192 crt 0.001 out 0.027 spills+carry 0.003 total 0.232 s [B hit]
dist_mn node 1: 30198988 x 30198988 limbs over 2 x 4 ranks (cap 2^25): 2 x 2 pieces, 3 formed, 1 skipped (low cut) (cache 2 slots: 18 hits, 24 misses)
dist_mn node 0: 30198988 + 30198988 limbs -> 60397976 (share 30198988): redistribute 0.099 ntt 0.847 crt 0.002 out 0.071 spills+carry 0.032, total 1.004 s
dist_mn node 1: 30198988 + 30198988 limbs -> 60397976 (share 30198988): redistribute 0.099 ntt 0.847 crt 0.002 out 0.073 spills+carry 0.033, total 1.004 s
mdev 2^25 (30198988 limbs): repack 0.033 h2d 0.001 fwd 0.003 inv 0.002 d2h 0.029 crt 0.031 total 0.071 s
mdev 2^25 (30198988 limbs): repack 0.032 h2d 0.001 fwd 0.002 inv 0.001 d2h 0.038 crt 0.032 total 0.076 s
dist_mn node 0: 2^25 = 2^12 x 2^13 over 2 x 4 ranks (rows 512..512; 15099494 + 15099494 limbs at 15099494, window [0, 15099493) of share [0, 30198987), accumulated): redistribute 0.043 ntt 0.319 crt 0.001 out 0.020 spills+carry 0.016 total 0.381 s [B cached]
dist_mn node 1: 2^25 = 2^12 x 2^13 over 2 x 4 ranks (rows 512..512; 15099494 + 15099494 limbs at 15099494, window [15099493, 30198988) of share [30198987, 60397975), accumulated): redistribute 0.044 ntt 0.319 crt 0.001 out 0.021 spills+carry 0.016 total 0.381 s [B cached]
dist_mn node 0: 2^25 = 2^12 x 2^13 over 2 x 4 ranks (rows 512..512; 15099494 + 15099494 limbs at 15099494, window [0, 15099493) of share [0, 30198987), accumulated): redistribute 0.021 ntt 0.297 crt 0.000 out 0.022 spills+carry 0.015 total 0.351 s [A cached] [B cached]
dist_mn node 1: 2^25 = 2^12 x 2^13 over 2 x 4 ranks (rows 512..512; 15099494 + 15099494 limbs at 15099494, window [15099493, 30198988) of share [30198987, 60397975), accumulated): redistribute 0.021 ntt 0.297 crt 0.000 out 0.020 spills+carry 0.015 total 0.351 s [A cached] [B cached]
dist_mn node 0: 2^25 = 2^12 x 2^13 over 2 x 4 ranks (rows 512..512; 15099494 + 15099494 limbs at 30198988, window [0, 0) of share [0, 30198987), accumulated): redistribute 0.014 ntt 0.204 crt 0.000 out 0.022 spills+carry 0.003 total 0.243 s [B hit]
dist_mn node 0: 30198988 x 30198988 limbs over 2 x 4 ranks (cap 2^25): 2 x 2 pieces, 3 formed, 1 skipped (low product) (low cut) (cache 2 slots: 19 hits, 27 misses)
dist_mn node 1: 2^25 = 2^12 x 2^13 over 2 x 4 ranks (rows 512..512; 15099494 + 15099494 limbs at 30198988, window [0, 30198987) of share [30198987, 60397975), accumulated): redistribute 0.016 ntt 0.205 crt 0.000 out 0.020 spills+carry 0.003 total 0.243 s [B hit]
dist_mn node 1: 30198988 x 30198988 limbs over 2 x 4 ranks (cap 2^25): 2 x 2 pieces, 3 formed, 1 skipped (low product) (low cut) (cache 2 slots: 19 hits, 27 misses)
dist_mn node 0: 30198988 + 30198988 limbs -> 60397975 (share 30198987): redistribute 0.079 ntt 0.820 crt 0.002 out 0.064 spills+carry 0.034, total 0.977 s
dist_mn node 1: 30198988 + 30198988 limbs -> 60397975 (share 30198988): redistribute 0.081 ntt 0.821 crt 0.002 out 0.061 spills+carry 0.034, total 0.977 s
mdev 2^25 (30198988 limbs): repack 0.038 h2d 0.001 fwd 0.002 inv 0.001 d2h 0.028 crt 0.034 total 0.073 s
mdev 2^25 (30198988 limbs): repack 0.054 h2d 0.001 fwd 0.002 inv 0.001 d2h 0.035 crt 0.044 total 0.097 s
dist_mn node 0: 2^25 = 2^12 x 2^13 over 2 x 4 ranks (rows 512..512; 15099494 + 15099494 limbs at 0, window [0, 30198988) of share [0, 30198988)): redistribute 0.031 ntt 0.321 crt 0.000 out 0.021 spills+carry 0.002 total 0.366 s [A cached] [B cached]
dist_mn node 1: 2^25 = 2^12 x 2^13 over 2 x 4 ranks (rows 512..512; 15099494 + 15099494 limbs at 0, window [30198988, 30198988) of share [30198988, 60397976)): redistribute 0.031 ntt 0.319 crt 0.000 out 0.021 spills+carry 0.002 total 0.366 s [A cached] [B cached]
dist_mn node 0: 2^25 = 2^12 x 2^13 over 2 x 4 ranks (rows 512..512; 15099494 + 15099494 limbs at 15099494, window [0, 15099494) of share [0, 30198988), accumulated): redistribute 0.015 ntt 0.201 crt 0.001 out 0.022 spills+carry 0.015 total 0.247 s [B hit]
dist_mn node 1: 2^25 = 2^12 x 2^13 over 2 x 4 ranks (rows 512..512; 15099494 + 15099494 limbs at 15099494, window [15099494, 30198988) of share [30198988, 60397976), accumulated): redistribute 0.015 ntt 0.203 crt 0.001 out 0.022 spills+carry 0.015 total 0.247 s [B hit]
dist_mn node 0: 2^25 = 2^12 x 2^13 over 2 x 4 ranks (rows 512..512; 15099494 + 15099494 limbs at 15099494, window [0, 15099494) of share [0, 30198988), accumulated): redistribute 0.019 ntt 0.201 crt 0.001 out 0.023 spills+carry 0.018 total 0.251 s [A hit] [B cached]
dist_mn node 1: 2^25 = 2^12 x 2^13 over 2 x 4 ranks (rows 512..512; 15099494 + 15099494 limbs at 15099494, window [15099494, 30198988) of share [30198988, 60397976), accumulated): redistribute 0.019 ntt 0.202 crt 0.001 out 0.022 spills+carry 0.018 total 0.251 s [A hit] [B cached]
dist_mn node 0: 2^25 = 2^12 x 2^13 over 2 x 4 ranks (rows 512..512; 15099494 + 15099494 limbs at 30198988, window [0, 0) of share [0, 30198988), accumulated): redistribute 0.012 ntt 0.199 crt 0.001 out 0.021 spills+carry 0.003 total 0.234 s [B hit]
dist_mn node 0: 30198988 x 30198988 limbs over 2 x 4 ranks (cap 2^25): 2 x 2 pieces, 4 formed, 0 skipped (low cut) (cache 2 slots: 22 hits, 30 misses)
dist_mn node 1: 2^25 = 2^12 x 2^13 over 2 x 4 ranks (rows 512..512; 15099494 + 15099494 limbs at 30198988, window [0, 30198988) of share [30198988, 60397976), accumulated): redistribute 0.013 ntt 0.198 crt 0.001 out 0.020 spills+carry 0.003 total 0.234 s [B hit]
dist_mn node 1: 30198988 x 30198988 limbs over 2 x 4 ranks (cap 2^25): 2 x 2 pieces, 4 formed, 0 skipped (low cut) (cache 2 slots: 22 hits, 30 misses)
dist_mn node 0: 30198988 + 30198988 limbs -> 60397976 (share 30198988): redistribute 0.077 ntt 0.921 crt 0.002 out 0.087 spills+carry 0.038, total 1.099 s
dist_mn node 1: 30198988 + 30198988 limbs -> 60397976 (share 30198988): redistribute 0.078 ntt 0.923 crt 0.002 out 0.085 spills+carry 0.038, total 1.099 s
dist_mn node 0: 2^25 = 2^12 x 2^13 over 2 x 4 ranks (rows 512..512; 15099494 + 15099494 limbs at 0, window [0, 30198987) of share [0, 30198987)): redistribute 0.046 ntt 0.330 crt 0.000 out 0.021 spills+carry 0.002 total 0.376 s [A cached] [B cached]
dist_mn node 1: 2^25 = 2^12 x 2^13 over 2 x 4 ranks (rows 512..512; 15099494 + 15099494 limbs at 0, window [30198987, 30198988) of share [30198987, 60397975)): redistribute 0.048 ntt 0.333 crt 0.000 out 0.020 spills+carry 0.002 total 0.376 s [A cached] [B cached]
dist_mn node 0: 2^25 = 2^12 x 2^13 over 2 x 4 ranks (rows 512..512; 15099494 + 15099494 limbs at 15099494, window [0, 15099493) of share [0, 30198987), accumulated): redistribute 0.012 ntt 0.200 crt 0.001 out 0.026 spills+carry 0.015 total 0.251 s [B hit]
dist_mn node 1: 2^25 = 2^12 x 2^13 over 2 x 4 ranks (rows 512..512; 15099494 + 15099494 limbs at 15099494, window [15099493, 30198988) of share [30198987, 60397975), accumulated): redistribute 0.013 ntt 0.200 crt 0.001 out 0.026 spills+carry 0.015 total 0.251 s [B hit]
dist_mn node 0: 2^25 = 2^12 x 2^13 over 2 x 4 ranks (rows 512..512; 15099494 + 15099494 limbs at 15099494, window [0, 15099493) of share [0, 30198987), accumulated): redistribute 0.011 ntt 0.197 crt 0.001 out 0.022 spills+carry 0.017 total 0.246 s [A hit] [B cached]
dist_mn node 1: 2^25 = 2^12 x 2^13 over 2 x 4 ranks (rows 512..512; 15099494 + 15099494 limbs at 15099494, window [15099493, 30198988) of share [30198987, 60397975), accumulated): redistribute 0.011 ntt 0.194 crt 0.001 out 0.023 spills+carry 0.017 total 0.246 s [A hit] [B cached]
dist_mn node 0: 2^25 = 2^12 x 2^13 over 2 x 4 ranks (rows 512..512; 15099494 + 15099494 limbs at 30198988, window [0, 0) of share [0, 30198987), accumulated): redistribute 0.019 ntt 0.194 crt 0.000 out 0.020 spills+carry 0.003 total 0.229 s [B hit]
dist_mn node 0: 30198988 x 30198988 limbs over 2 x 4 ranks (cap 2^25): 2 x 2 pieces, 4 formed, 0 skipped (low product) (low cut) (cache 2 slots: 25 hits, 33 misses)
dist_mn node 1: 2^25 = 2^12 x 2^13 over 2 x 4 ranks (rows 512..512; 15099494 + 15099494 limbs at 30198988, window [0, 30198987) of share [30198987, 60397975), accumulated): redistribute 0.019 ntt 0.191 crt 0.000 out 0.022 spills+carry 0.003 total 0.229 s [B hit]
dist_mn node 1: 30198988 x 30198988 limbs over 2 x 4 ranks (cap 2^25): 2 x 2 pieces, 4 formed, 0 skipped (low product) (low cut) (cache 2 slots: 25 hits, 33 misses)
dist_mn node 0: 30198988 + 30198988 limbs -> 60397975 (share 30198987): redistribute 0.088 ntt 0.921 crt 0.002 out 0.089 spills+carry 0.037, total 1.103 s
dist_mn node 1: 30198988 + 30198988 limbs -> 60397975 (share 30198988): redistribute 0.090 ntt 0.918 crt 0.002 out 0.091 spills+carry 0.037, total 1.103 s
dist_mn node 0: 30198988 x 30198988 limbs over 2 x 4 ranks (cap 2^25): 2 x 2 pieces, 0 formed, 4 skipped (low cut) (cache 2 slots: 25 hits, 33 misses)
dist_mn node 1: 30198988 x 30198988 limbs over 2 x 4 ranks (cap 2^25): 2 x 2 pieces, 0 formed, 4 skipped (low cut) (cache 2 slots: 25 hits, 33 misses)
dist_mn node 0: 30198988 + 30198988 limbs -> 0 (share 30198988): redistribute 0.000 ntt 0.000 crt 0.000 out 0.000 spills+carry 0.000, total 0.001 s
dist_mn node 1: 30198988 + 30198988 limbs -> 0 (share 30198988): redistribute 0.000 ntt 0.000 crt 0.000 out 0.000 spills+carry 0.000, total 0.004 s
mdev 2^25 (30198988 limbs): repack 0.034 h2d 0.001 fwd 0.002 inv 0.001 d2h 0.030 crt 0.020 total 0.075 s
mdev 2^25 (30198988 limbs): repack 0.049 h2d 0.001 fwd 0.002 inv 0.001 d2h 0.041 crt 0.015 total 0.098 s
mdev 2^25 (30198988 limbs): repack 0.042 h2d 0.001 fwd 0.002 inv 0.001 d2h 0.037 crt 0.016 total 0.087 s
mdev 2^25 (30198988 limbs): repack 0.058 h2d 0.001 fwd 0.002 inv 0.001 d2h 0.056 crt 0.016 total 0.122 s
mdev 2^25 (30198988 limbs): repack 0.046 h2d 0.001 fwd 0.002 inv 0.001 d2h 0.036 crt 0.018 total 0.090 s
mdev 2^25 (30198988 limbs): repack 0.029 h2d 0.001 fwd 0.002 inv 0.001 d2h 0.039 crt 0.021 total 0.076 s
mdev 2^25 (30198988 limbs): repack 0.029 h2d 0.001 fwd 0.002 inv 0.001 d2h 0.046 crt 0.030 total 0.084 s
mdev 2^25 (30198988 limbs): repack 0.028 h2d 0.001 fwd 0.002 inv 0.001 d2h 0.033 crt 0.028 total 0.069 s
dist_mn node 0: 30198988 x 30198988 limbs over 2 x 4 ranks (cap 2^25): 2 x 2 pieces, 0 formed, 4 skipped (low product) (low cut) (cache 2 slots: 25 hits, 33 misses)
dist_mn node 1: 30198988 x 30198988 limbs over 2 x 4 ranks (cap 2^25): 2 x 2 pieces, 0 formed, 4 skipped (low product) (low cut) (cache 2 slots: 25 hits, 33 misses)
dist_mn node 0: 30198988 + 30198988 limbs -> 0 (share 30198987): redistribute 0.000 ntt 0.000 crt 0.000 out 0.000 spills+carry 0.000, total 0.001 s
dist_mn node 1: 30198988 + 30198988 limbs -> 0 (share 30198988): redistribute 0.000 ntt 0.000 crt 0.000 out 0.000 spills+carry 0.000, total 0.001 s
mdev 2^25 (30198988 limbs): repack 0.033 h2d 0.001 fwd 0.002 inv 0.001 d2h 0.027 crt 0.023 total 0.068 s
mdev 2^25 (30198988 limbs): repack 0.027 h2d 0.001 fwd 0.003 inv 0.001 d2h 0.029 crt 0.025 total 0.064 s
mdev 2^25 (30198988 limbs): repack 0.035 h2d 0.001 fwd 0.004 inv 0.003 d2h 0.040 crt 0.022 total 0.086 s
mdev 2^25 (30198988 limbs): repack 0.032 h2d 0.001 fwd 0.006 inv 0.002 d2h 0.039 crt 0.024 total 0.082 s
mdev 2^25 (30198988 limbs): repack 0.027 h2d 0.001 fwd 0.002 inv 0.001 d2h 0.028 crt 0.026 total 0.063 s
mdev 2^25 (30198988 limbs): repack 0.030 h2d 0.001 fwd 0.002 inv 0.001 d2h 0.036 crt 0.019 total 0.075 s
mdev 2^25 (30198988 limbs): repack 0.033 h2d 0.001 fwd 0.002 inv 0.001 d2h 0.042 crt 0.017 total 0.083 s
mdev 2^25 (30198988 limbs): repack 0.030 h2d 0.001 fwd 0.002 inv 0.001 d2h 0.046 crt 0.026 total 0.085 s
dist_mn node 0: 2^25 = 2^12 x 2^13 over 2 x 4 ranks (rows 512..512; 15099494 + 15099494 limbs at 0, window [0, 30198988) of share [0, 30198988)): redistribute 0.025 ntt 0.287 crt 0.001 out 0.029 spills+carry 0.002 total 0.341 s [B cached]
dist_mn node 1: 2^25 = 2^12 x 2^13 over 2 x 4 ranks (rows 512..512; 15099494 + 15099494 limbs at 0, window [30198988, 30198988) of share [30198988, 60397976)): redistribute 0.026 ntt 0.290 crt 0.001 out 0.027 spills+carry 0.002 total 0.341 s [B cached]
dist_mn node 0: 2^25 = 2^12 x 2^13 over 2 x 4 ranks (rows 512..512; 15099494 + 15099494 limbs at 15099494, window [0, 15099494) of share [0, 30198988), accumulated): redistribute 0.012 ntt 0.196 crt 0.000 out 0.023 spills+carry 0.015 total 0.243 s [B hit]
dist_mn node 1: 2^25 = 2^12 x 2^13 over 2 x 4 ranks (rows 512..512; 15099494 + 15099494 limbs at 15099494, window [15099494, 30198988) of share [30198988, 60397976), accumulated): redistribute 0.012 ntt 0.196 crt 0.000 out 0.022 spills+carry 0.015 total 0.243 s [B hit]
dist_mn node 0: 2^25 = 2^12 x 2^13 over 2 x 4 ranks (rows 512..512; 15099494 + 15099494 limbs at 15099494, window [0, 15099494) of share [0, 30198988), accumulated): redistribute 0.031 ntt 0.302 crt 0.000 out 0.024 spills+carry 0.017 total 0.366 s [B cached]
dist_mn node 1: 2^25 = 2^12 x 2^13 over 2 x 4 ranks (rows 512..512; 15099494 + 15099494 limbs at 15099494, window [15099494, 30198988) of share [30198988, 60397976), accumulated): redistribute 0.031 ntt 0.301 crt 0.000 out 0.022 spills+carry 0.017 total 0.366 s [B cached]
dist_mn node 0: 2^25 = 2^12 x 2^13 over 2 x 4 ranks (rows 512..512; 15099494 + 15099494 limbs at 30198988, window [0, 0) of share [0, 30198988), accumulated): redistribute 0.018 ntt 0.211 crt 0.000 out 0.028 spills+carry 0.003 total 0.251 s [B hit]
dist_mn node 0: 30198988 x 30198988 limbs over 2 x 4 ranks (cap 2^25): 2 x 2 pieces, 4 formed, 0 skipped (cache 2 slots: 27 hits, 35 misses)
dist_mn node 1: 2^25 = 2^12 x 2^13 over 2 x 4 ranks (rows 512..512; 15099494 + 15099494 limbs at 30198988, window [0, 30198988) of share [30198988, 60397976), accumulated): redistribute 0.018 ntt 0.209 crt 0.000 out 0.027 spills+carry 0.003 total 0.251 s [B hit]
dist_mn node 1: 30198988 x 30198988 limbs over 2 x 4 ranks (cap 2^25): 2 x 2 pieces, 4 formed, 0 skipped (cache 2 slots: 27 hits, 35 misses)
dist_mn node 0: 30198988 + 30198988 limbs -> 60397976 (share 30198988): redistribute 0.086 ntt 0.997 crt 0.002 out 0.104 spills+carry 0.036, total 1.204 s
dist_mn node 1: 30198988 + 30198988 limbs -> 60397976 (share 30198988): redistribute 0.087 ntt 0.998 crt 0.002 out 0.098 spills+carry 0.036, total 1.376 s
dist_mn node 0: 2^25 = 2^12 x 2^13 over 2 x 4 ranks (rows 512..512; 15099494 + 15099494 limbs at 0, window [0, 30198987) of share [0, 30198987)): redistribute 0.017 ntt 0.246 crt 0.000 out 0.022 spills+carry 0.002 total 0.282 s [B hit]
dist_mn node 1: 2^25 = 2^12 x 2^13 over 2 x 4 ranks (rows 512..512; 15099494 + 15099494 limbs at 0, window [30198987, 30198988) of share [30198987, 60397975)): redistribute 0.016 ntt 0.245 crt 0.000 out 0.023 spills+carry 0.002 total 0.282 s [B hit]
dist_mn node 0: 2^25 = 2^12 x 2^13 over 2 x 4 ranks (rows 512..512; 15099494 + 15099494 limbs at 15099494, window [0, 15099493) of share [0, 30198987), accumulated): redistribute 0.011 ntt 0.192 crt 0.000 out 0.020 spills+carry 0.014 total 0.236 s [B hit]
dist_mn node 1: 2^25 = 2^12 x 2^13 over 2 x 4 ranks (rows 512..512; 15099494 + 15099494 limbs at 15099494, window [15099493, 30198988) of share [30198987, 60397975), accumulated): redistribute 0.011 ntt 0.192 crt 0.000 out 0.020 spills+carry 0.014 total 0.236 s [B hit]
dist_mn node 0: 2^25 = 2^12 x 2^13 over 2 x 4 ranks (rows 512..512; 15099494 + 15099494 limbs at 15099494, window [0, 15099493) of share [0, 30198987), accumulated): redistribute 0.011 ntt 0.209 crt 0.001 out 0.034 spills+carry 0.017 total 0.264 s [B hit]
dist_mn node 1: 2^25 = 2^12 x 2^13 over 2 x 4 ranks (rows 512..512; 15099494 + 15099494 limbs at 15099494, window [15099493, 30198988) of share [30198987, 60397975), accumulated): redistribute 0.012 ntt 0.206 crt 0.001 out 0.034 spills+carry 0.017 total 0.264 s [B hit]
dist_mn node 0: 2^25 = 2^12 x 2^13 over 2 x 4 ranks (rows 512..512; 15099494 + 15099494 limbs at 30198988, window [0, 0) of share [0, 30198987), accumulated): redistribute 0.014 ntt 0.203 crt 0.000 out 0.027 spills+carry 0.003 total 0.244 s [B hit]
dist_mn node 0: 30198988 x 30198988 limbs over 2 x 4 ranks (cap 2^25): 2 x 2 pieces, 4 formed, 0 skipped (low product) (cache 2 slots: 31 hits, 35 misses)
dist_mn node 1: 2^25 = 2^12 x 2^13 over 2 x 4 ranks (rows 512..512; 15099494 + 15099494 limbs at 30198988, window [0, 30198987) of share [30198987, 60397975), accumulated): redistribute 0.014 ntt 0.200 crt 0.000 out 0.030 spills+carry 0.003 total 0.244 s [B hit]
dist_mn node 1: 30198988 x 30198988 limbs over 2 x 4 ranks (cap 2^25): 2 x 2 pieces, 4 formed, 0 skipped (low product) (cache 2 slots: 31 hits, 35 misses)
dist_mn node 0: 30198988 + 30198988 limbs -> 60397975 (share 30198987): redistribute 0.053 ntt 0.851 crt 0.002 out 0.103 spills+carry 0.036, total 1.027 s
dist_mn node 1: 30198988 + 30198988 limbs -> 60397975 (share 30198988): redistribute 0.054 ntt 0.842 crt 0.002 out 0.108 spills+carry 0.036, total 1.027 s
dist_mn node 0: 2^25 = 2^12 x 2^13 over 2 x 4 ranks (rows 512..512; 15099494 + 15099491 limbs at 0, window [0, 22649237) of share [0, 22649237)): redistribute 0.062 ntt 0.343 crt 0.000 out 0.022 spills+carry 0.002 total 0.394 s [A cached] [B cached]
dist_mn node 1: 2^25 = 2^12 x 2^13 over 2 x 4 ranks (rows 512..512; 15099494 + 15099491 limbs at 0, window [22649237, 30198985) of share [22649237, 45298475)): redistribute 0.064 ntt 0.344 crt 0.000 out 0.023 spills+carry 0.002 total 0.394 s [A cached] [B cached]
dist_mn node 0: 2^25 = 2^12 x 2^13 over 2 x 4 ranks (rows 512..512; 15099494 + 15099490 limbs at 15099491, window [0, 7549746) of share [0, 22649237), accumulated): redistribute 0.011 ntt 0.204 crt 0.001 out 0.022 spills+carry 0.008 total 0.239 s [A hit] [B cached]
dist_mn node 0: 15099494 x 30198981 limbs over 2 x 4 ranks (cap 2^25): 1 x 2 pieces, 2 formed, 0 skipped (cache 2 slots: 1 hits, 3 misses)
dist_mn node 1: 2^25 = 2^12 x 2^13 over 2 x 4 ranks (rows 512..512; 15099494 + 15099490 limbs at 15099491, window [7549746, 30198984) of share [22649237, 45298475), accumulated): redistribute 0.011 ntt 0.201 crt 0.001 out 0.022 spills+carry 0.008 total 0.239 s [A hit] [B cached]
dist_mn node 1: 15099494 x 30198981 limbs over 2 x 4 ranks (cap 2^25): 1 x 2 pieces, 2 formed, 0 skipped (cache 2 slots: 1 hits, 3 misses)
dist_mn node 0: 15099494 + 30198981 limbs -> 45298475 (share 22649237): redistribute 0.073 ntt 0.547 crt 0.001 out 0.044 spills+carry 0.010, total 0.635 s
dist_mn node 1: 15099494 + 30198981 limbs -> 45298475 (share 22649238): redistribute 0.075 ntt 0.545 crt 0.001 out 0.044 spills+carry 0.010, total 0.635 s
mdev 3*2^24 (45298475 limbs): repack 0.052 h2d 0.001 fwd 0.008 inv 0.005 d2h 0.042 crt 0.037 total 0.109 s
mdev 3*2^24 (45298475 limbs): repack 0.057 h2d 0.001 fwd 0.010 inv 0.004 d2h 0.043 crt 0.036 total 0.115 s
dist_mn node 0: 2^25 = 2^12 x 2^13 over 2 x 4 ranks (rows 512..512; 15099494 + 15099491 limbs at 0, window [0, 7549748) of share [0, 7549748)): redistribute 0.048 ntt 0.313 crt 0.001 out 0.013 spills+carry 0.003 total 0.350 s [A cached] [B cached]
dist_mn node 1: 2^25 = 2^12 x 2^13 over 2 x 4 ranks (rows 512..512; 15099494 + 15099491 limbs at 0, window [7549748, 15099497) of share [7549748, 15099497)): redistribute 0.048 ntt 0.314 crt 0.001 out 0.010 spills+carry 0.003 total 0.350 s [A cached] [B cached]
dist_mn node 0: 2^25 = 2^12 x 2^13 over 2 x 4 ranks (rows 512..512; 15099494 + 15099490 limbs at 15099491, window [0, 0) of share [0, 7549748), accumulated): redistribute 0.012 ntt 0.191 crt 0.000 out 0.003 spills+carry 0.000 total 0.206 s [A hit] [B cached]
dist_mn node 0: 15099494 x 30198981 limbs over 2 x 4 ranks (cap 2^25): 1 x 2 pieces, 2 formed, 0 skipped (low product) (cache 2 slots: 2 hits, 6 misses)
dist_mn node 1: 2^25 = 2^12 x 2^13 over 2 x 4 ranks (rows 512..512; 15099494 + 15099490 limbs at 15099491, window [0, 6) of share [7549748, 15099497), accumulated): redistribute 0.011 ntt 0.193 crt 0.000 out 0.001 spills+carry 0.000 total 0.206 s [A hit] [B cached]
dist_mn node 1: 15099494 x 30198981 limbs over 2 x 4 ranks (cap 2^25): 1 x 2 pieces, 2 formed, 0 skipped (low product) (cache 2 slots: 2 hits, 6 misses)
dist_mn node 0: 15099494 + 30198981 limbs -> 15099497 (share 7549748): redistribute 0.060 ntt 0.503 crt 0.001 out 0.016 spills+carry 0.003, total 0.620 s
dist_mn node 1: 15099494 + 30198981 limbs -> 15099497 (share 7549749): redistribute 0.059 ntt 0.508 crt 0.001 out 0.011 spills+carry 0.003, total 0.557 s
dist_mn node 0: 2^25 = 2^12 x 2^13 over 2 x 4 ranks (rows 512..512; 15099494 + 15099494 limbs at 0, window [0, 30198988) of share [0, 30198988)): redistribute 0.044 ntt 0.370 crt 0.000 out 0.022 spills+carry 0.002 total 0.414 s [A cached] [B cached]
dist_mn node 1: 2^25 = 2^12 x 2^13 over 2 x 4 ranks (rows 512..512; 15099494 + 15099494 limbs at 0, window [30198988, 30198988) of share [30198988, 60397977)): redistribute 0.044 ntt 0.373 crt 0.000 out 0.020 spills+carry 0.002 total 0.414 s [A cached] [B cached]
dist_mn node 0: 2^25 = 2^12 x 2^13 over 2 x 4 ranks (rows 512..512; 15099494 + 15099494 limbs at 15099494, window [0, 15099494) of share [0, 30198988), accumulated): redistribute 0.012 ntt 0.195 crt 0.000 out 0.023 spills+carry 0.015 total 0.242 s [B hit]
dist_mn node 1: 2^25 = 2^12 x 2^13 over 2 x 4 ranks (rows 512..512; 15099494 + 15099494 limbs at 15099494, window [15099494, 30198988) of share [30198988, 60397977), accumulated): redistribute 0.013 ntt 0.197 crt 0.000 out 0.022 spills+carry 0.015 total 0.242 s [B hit]
dist_mn node 0: 2^25 = 2^12 x 2^13 over 2 x 4 ranks (rows 512..512; 15099494 + 15099494 limbs at 15099494, window [0, 15099494) of share [0, 30198988), accumulated): redistribute 0.012 ntt 0.195 crt 0.000 out 0.032 spills+carry 0.016 total 0.248 s [A hit] [B cached]
dist_mn node 1: 2^25 = 2^12 x 2^13 over 2 x 4 ranks (rows 512..512; 15099494 + 15099494 limbs at 15099494, window [15099494, 30198988) of share [30198988, 60397977), accumulated): redistribute 0.012 ntt 0.197 crt 0.000 out 0.029 spills+carry 0.017 total 0.248 s [A hit] [B cached]
dist_mn node 0: 2^25 = 2^12 x 2^13 over 2 x 4 ranks (rows 512..512; 15099494 + 15099494 limbs at 30198988, window [0, 0) of share [0, 30198988), accumulated): redistribute 0.012 ntt 0.192 crt 0.000 out 0.029 spills+carry 0.003 total 0.236 s [B hit]
dist_mn node 1: 2^25 = 2^12 x 2^13 over 2 x 4 ranks (rows 512..512; 15099494 + 15099494 limbs at 30198988, window [0, 30198988) of share [30198988, 60397977), accumulated): redistribute 0.012 ntt 0.194 crt 0.000 out 0.027 spills+carry 0.003 total 0.236 s [B hit]
mdb_add_shifted node 0: 30198985 limbs at 0 into a basis of 60397977 (my window [0, 30198985), 1 rounds of 7549760; slabs 0 + 7549746 limbs per APU 0): 0.036 s
dist_mn node 0: 30198988 x 30198988 limbs over 2 x 4 ranks (cap 2^25): 2 x 2 pieces, 4 formed, 0 skipped (cache 2 slots: 5 hits, 9 misses)
mdb_add_shifted node 1: 30198985 limbs at 0 into a basis of 60397977 (my window [30198988, 30198988), 1 rounds of 7549760; slabs 7549746 + 0 limbs per APU 0): 0.036 s
dist_mn node 1: 30198988 x 30198988 limbs over 2 x 4 ranks (cap 2^25): 2 x 2 pieces, 4 formed, 0 skipped (cache 2 slots: 5 hits, 9 misses)
dist_mn node 0: 30198988 + 30198988 + x limbs -> 60397976 (share 30198988): redistribute 0.081 ntt 0.953 crt 0.002 out 0.106 spills+carry 0.036, total 1.184 s
dist_mn node 1: 30198988 + 30198988 + x limbs -> 60397976 (share 30198989): redistribute 0.081 ntt 0.961 crt 0.002 out 0.097 spills+carry 0.037, total 1.179 s
mdb_add_shifted node 0: 30198985 limbs at 0 into a basis of 60397977 (my window [0, 30198985), 1 rounds of 7549760; slabs 0 + 7549746 limbs per APU 0): 0.065 s
mdb_add_shifted node 1: 30198985 limbs at 0 into a basis of 60397977 (my window [30198988, 30198988), 1 rounds of 7549760; slabs 7549746 + 0 limbs per APU 0): 0.057 s
mdb_add_shifted node 0: 30198985 limbs at 7 into a basis of 60397977 (my window [7, 30198988), 1 rounds of 7549760; slabs 0 + 7549745 limbs per APU 0): 0.117 s
mdb_add_shifted node 1: 30198985 limbs at 7 into a basis of 60397977 (my window [30198988, 30198992), 1 rounds of 7549760; slabs 7549746 + 1 limbs per APU 0): 0.084 s
mdb_add_shifted node 0: 30198985 limbs at 15099494 into a basis of 60397977 (my window [15099494, 30198988), 1 rounds of 3774880; slabs 0 + 3774873 limbs per APU 0): 0.083 s
mdb_add_shifted node 1: 30198985 limbs at 15099494 into a basis of 60397977 (my window [30198988, 45298479), 1 rounds of 3774880; slabs 7549745 + 3774872 limbs per APU 0): 0.063 s
mdb_add_shifted node 0: 30198985 limbs at 30198988 into a basis of 60397977 (my window [30198988, 30198988), 1 rounds of 7549760; slabs 0 + 0 limbs per APU 0): 0.005 s
mdb_add_shifted node 1: 30198985 limbs at 30198988 into a basis of 60397977 (my window [30198988, 60397973), 1 rounds of 7549760; slabs 7549746 + 7549746 limbs per APU 0): 0.025 s

t_mn_grid: VERIFY OK (200 checks)

t_mn_grid: VERIFY OK (200 checks)
