META limb_base=10^18
META bench=cx_grid host=ppac-pl1-s24-16 date=2026-09-28T07:21:39
META limb_base=10^18
META bench=cx_grid host=ppac-pl1-s24-16 date=2026-09-28T07:21:39
mn: node 0 of 2, four meshes of 2 ranks on ppac-pl1-s24-16,ppac-pl1-s24-16 (port base 22758): connected in 0.00 s
mn: node 0: level 1 group [0, 2) (transform nodes 2): meshes connected in 0.00 s
cx_grid: node 0 of 2, plane cap 2^27, pool_log 26, 2 repetitions (+ warm-up), slot counts 0,1,2
mn: node 1 of 2, four meshes of 2 ranks on ppac-pl1-s24-16,ppac-pl1-s24-16 (port base 22758): connected in 0.00 s
mn: node 1: level 1 group [0, 2) (transform nodes 2): meshes connected in 0.00 s
cx_grid: node 1 of 2, plane cap 2^27, pool_log 26, 2 repetitions (+ warm-up), slot counts 0,1,2
   transform cache: 2 of 2 slots of 0.5 GiB per APU allocated in 0.30 s (margin 24 GB) [RNS_DIST_CACHE_FIT: slot 2^24 limbs x 4 primes; no budget room (ECALC_BUDGET_CHECK=0): the free memory alone] = 4.29 GB per node-process
   transform cache: 2 of 2 slots of 0.5 GiB per APU allocated in 0.34 s (margin 24 GB) [RNS_DIST_CACHE_FIT: slot 2^24 limbs x 4 primes; no budget room (ECALC_BUDGET_CHECK=0): the free memory alone] = 4.29 GB per node-process
cache_trace node 0: piece (0, 0) of 2 x 3, 79590803 + 53063711 limbs at 0, slots 2: A cached B cached | 3.422 s: redistribute 0.633 ntt 2.202 crt 0.306 out 0.306 carry 0.007
cache_trace node 1: piece (0, 0) of 2 x 3, 79590803 + 53063711 limbs at 0, slots 2: A cached B cached | 3.423 s: redistribute 0.656 ntt 2.203 crt 0.151 out 0.614 carry 0.007
cache_trace node 0: piece (1, 0) of 2 x 3, 79590802 + 53063711 limbs at 79590803, slots 2: A - B HIT | 1.678 s: redistribute 0.048 ntt 1.449 crt 0.005 out 0.101 carry 0.070
cache_trace node 1: piece (1, 0) of 2 x 3, 79590802 + 53063711 limbs at 79590803, slots 2: A - B HIT | 1.678 s: redistribute 0.048 ntt 1.447 crt 0.004 out 0.100 carry 0.070
cache_trace node 0: piece (0, 1) of 2 x 3, 79590803 + 53063711 limbs at 53063711, slots 2: A HIT B cached | 1.676 s: redistribute 0.042 ntt 1.477 crt 0.002 out 0.080 carry 0.059
cache_trace node 1: piece (0, 1) of 2 x 3, 79590803 + 53063711 limbs at 53063711, slots 2: A HIT B cached | 1.676 s: redistribute 0.040 ntt 1.458 crt 0.002 out 0.117 carry 0.059
cache_trace node 0: piece (1, 1) of 2 x 3, 79590802 + 53063711 limbs at 132654514, slots 2: A - B HIT | 1.979 s: redistribute 0.099 ntt 1.402 crt 0.005 out 0.419 carry 0.056
cache_trace node 1: piece (1, 1) of 2 x 3, 79590802 + 53063711 limbs at 132654514, slots 2: A - B HIT | 1.979 s: redistribute 0.044 ntt 1.401 crt 0.005 out 0.225 carry 0.056
cache_trace node 0: piece (0, 2) of 2 x 3, 79590803 + 53063709 limbs at 106127422, slots 2: A HIT B cached | 1.691 s: redistribute 0.049 ntt 1.511 crt 0.005 out 0.108 carry 0.061
cache_trace node 1: piece (0, 2) of 2 x 3, 79590803 + 53063709 limbs at 106127422, slots 2: A HIT B cached | 1.691 s: redistribute 0.039 ntt 1.505 crt 0.004 out 0.116 carry 0.061
cache_trace node 0: piece (1, 2) of 2 x 3, 79590802 + 53063709 limbs at 185718225, slots 2: A - B HIT | 2.145 s: redistribute 0.135 ntt 1.532 crt 0.005 out 0.460 carry 0.043
dist_mn node 0: 159181605 x 159191131 limbs over 2 x 4 ranks (cap 2^27): 2 x 3 pieces, 6 formed, 0 skipped (cache 2 slots: 5 hits, 4 misses)
cache_trace node 1: piece (1, 2) of 2 x 3, 79590802 + 53063709 limbs at 185718225, slots 2: A - B HIT | 2.145 s: redistribute 0.081 ntt 1.533 crt 0.005 out 0.226 carry 0.043
dist_mn node 1: 159181605 x 159191131 limbs over 2 x 4 ranks (cap 2^27): 2 x 3 pieces, 6 formed, 0 skipped (cache 2 slots: 5 hits, 4 misses)
cx_grid node 0: the allocating product (2 slots): 13.101 s, the cache's allocation 0.34 s
cx_grid node 1: the allocating product (2 slots): 13.101 s, the cache's allocation 0.30 s
cache_trace node 0: piece (0, 0) of 2 x 3, 79590803 + 53063711 limbs at 0, slots 0: A - B - | 2.419 s: redistribute 0.109 ntt 2.267 crt 0.002 out 0.072 carry 0.002
cache_trace node 1: piece (0, 0) of 2 x 3, 79590803 + 53063711 limbs at 0, slots 0: A - B - | 2.419 s: redistribute 0.108 ntt 2.266 crt 0.002 out 0.076 carry 0.002
cache_trace node 0: piece (1, 0) of 2 x 3, 79590802 + 53063711 limbs at 79590803, slots 0: A - B - | 2.592 s: redistribute 0.100 ntt 2.337 crt 0.002 out 0.099 carry 0.064
cache_trace node 1: piece (1, 0) of 2 x 3, 79590802 + 53063711 limbs at 79590803, slots 0: A - B - | 2.592 s: redistribute 0.099 ntt 2.323 crt 0.003 out 0.107 carry 0.064
cache_trace node 0: piece (0, 1) of 2 x 3, 79590803 + 53063711 limbs at 53063711, slots 0: A - B - | 2.477 s: redistribute 0.098 ntt 2.246 crt 0.005 out 0.100 carry 0.062
cache_trace node 1: piece (0, 1) of 2 x 3, 79590803 + 53063711 limbs at 53063711, slots 0: A - B - | 2.477 s: redistribute 0.097 ntt 2.249 crt 0.005 out 0.098 carry 0.062
cache_trace node 0: piece (1, 1) of 2 x 3, 79590802 + 53063711 limbs at 132654514, slots 0: A - B - | 2.581 s: redistribute 0.084 ntt 2.362 crt 0.003 out 0.095 carry 0.058
cache_trace node 1: piece (1, 1) of 2 x 3, 79590802 + 53063711 limbs at 132654514, slots 0: A - B - | 2.581 s: redistribute 0.083 ntt 2.368 crt 0.003 out 0.093 carry 0.058
cache_trace node 0: piece (0, 2) of 2 x 3, 79590803 + 53063709 limbs at 106127422, slots 0: A - B - | 2.955 s: redistribute 0.089 ntt 2.695 crt 0.004 out 0.108 carry 0.061
cache_trace node 1: piece (0, 2) of 2 x 3, 79590803 + 53063709 limbs at 106127422, slots 0: A - B - | 2.955 s: redistribute 0.082 ntt 2.711 crt 0.005 out 0.107 carry 0.062
cache_trace node 0: piece (1, 2) of 2 x 3, 79590802 + 53063709 limbs at 185718225, slots 0: A - B - | 2.821 s: redistribute 0.100 ntt 2.614 crt 0.005 out 0.094 carry 0.043
dist_mn node 0: 159181605 x 159191131 limbs over 2 x 4 ranks (cap 2^27): 2 x 3 pieces, 6 formed, 0 skipped (cache 0 slots: 0 hits, 0 misses)
cache_trace node 1: piece (1, 2) of 2 x 3, 79590802 + 53063709 limbs at 185718225, slots 0: A - B - | 2.821 s: redistribute 0.098 ntt 2.616 crt 0.005 out 0.082 carry 0.042
dist_mn node 1: 159181605 x 159191131 limbs over 2 x 4 ranks (cap 2^27): 2 x 3 pieces, 6 formed, 0 skipped (cache 0 slots: 0 hits, 0 misses)
cx_grid node 1: rep 0 (warm-up) shape 2x3_full (159181605 x 159191131, cut 0 / -1) slots 0: 15.965 s, cache 0 hits 0 misses, C sha256 02e9acc692b9f4e1 same
cx_grid node 0: rep 0 (warm-up) shape 2x3_full (159181605 x 159191131, cut 0 / -1) slots 0: 15.965 s, cache 0 hits 0 misses, C sha256 41e1c3b3e5a99325 same
cache_trace node 0: piece (0, 0) of 2 x 6, 78703953 + 52845459 limbs at 0, slots 0: A - B - | 2.854 s: redistribute 0.106 ntt 2.681 crt 0.003 out 0.077 carry 0.005
cache_trace node 1: piece (0, 0) of 2 x 6, 78703953 + 52845459 limbs at 0, slots 0: A - B - | 2.854 s: redistribute 0.104 ntt 2.683 crt 0.004 out 0.072 carry 0.005
cache_trace node 0: piece (1, 0) of 2 x 6, 78703952 + 52845459 limbs at 78703953, slots 0: A - B - | 2.607 s: redistribute 0.114 ntt 2.370 crt 0.005 out 0.084 carry 0.068
cache_trace node 1: piece (1, 0) of 2 x 6, 78703952 + 52845459 limbs at 78703953, slots 0: A - B - | 2.607 s: redistribute 0.112 ntt 2.365 crt 0.005 out 0.079 carry 0.068
cache_trace node 0: piece (0, 1) of 2 x 6, 78703953 + 52845459 limbs at 52845459, slots 0: A - B - | 2.658 s: redistribute 0.123 ntt 2.460 crt 0.005 out 0.074 carry 0.042
cache_trace node 1: piece (0, 1) of 2 x 6, 78703953 + 52845459 limbs at 52845459, slots 0: A - B - | 2.658 s: redistribute 0.120 ntt 2.467 crt 0.005 out 0.069 carry 0.042
cache_trace node 0: piece (1, 1) of 2 x 6, 78703952 + 52845459 limbs at 131549412, slots 0: A - B - | 2.620 s: redistribute 0.093 ntt 2.378 crt 0.005 out 0.103 carry 0.068
cache_trace node 1: piece (1, 1) of 2 x 6, 78703952 + 52845459 limbs at 131549412, slots 0: A - B - | 2.620 s: redistribute 0.092 ntt 2.381 crt 0.005 out 0.101 carry 0.068
cache_trace node 0: piece (0, 2) of 2 x 6, 78703953 + 52845459 limbs at 105690918, slots 0: A - B - | 2.544 s: redistribute 0.086 ntt 2.341 crt 0.002 out 0.080 carry 0.057
cache_trace node 1: piece (0, 2) of 2 x 6, 78703953 + 52845459 limbs at 105690918, slots 0: A - B - | 2.544 s: redistribute 0.085 ntt 2.339 crt 0.002 out 0.074 carry 0.058
cache_trace node 0: piece (1, 2) of 2 x 6, 78703952 + 52845459 limbs at 184394871, slots 0: A - B - | 3.162 s: redistribute 0.102 ntt 2.890 crt 0.003 out 0.118 carry 0.067
cache_trace node 1: piece (1, 2) of 2 x 6, 78703952 + 52845459 limbs at 184394871, slots 0: A - B - | 3.162 s: redistribute 0.101 ntt 2.889 crt 0.002 out 0.120 carry 0.067
cache_trace node 0: piece (0, 3) of 2 x 6, 78703953 + 52845459 limbs at 158536377, slots 0: A - B - | 3.058 s: redistribute 0.098 ntt 2.822 crt 0.003 out 0.120 carry 0.050
cache_trace node 1: piece (0, 3) of 2 x 6, 78703953 + 52845459 limbs at 158536377, slots 0: A - B - | 3.058 s: redistribute 0.097 ntt 2.824 crt 0.004 out 0.118 carry 0.050
cache_trace node 0: piece (1, 3) of 2 x 6, 78703952 + 52845459 limbs at 237240330, slots 0: A - B - | 2.664 s: redistribute 0.086 ntt 2.436 crt 0.005 out 0.074 carry 0.083
cache_trace node 1: piece (1, 3) of 2 x 6, 78703952 + 52845459 limbs at 237240330, slots 0: A - B - | 2.664 s: redistribute 0.084 ntt 2.437 crt 0.005 out 0.081 carry 0.083
cache_trace node 0: piece (0, 4) of 2 x 6, 78703953 + 52845459 limbs at 211381836, slots 0: A - B - | 2.776 s: redistribute 0.086 ntt 2.562 crt 0.002 out 0.087 carry 0.063
cache_trace node 1: piece (0, 4) of 2 x 6, 78703953 + 52845459 limbs at 211381836, slots 0: A - B - | 2.776 s: redistribute 0.083 ntt 2.550 crt 0.003 out 0.100 carry 0.062
cache_trace node 0: piece (1, 4) of 2 x 6, 78703952 + 52845459 limbs at 290085789, slots 0: A - B - | 2.807 s: redistribute 0.118 ntt 2.616 crt 0.005 out 0.084 carry 0.042
cache_trace node 1: piece (1, 4) of 2 x 6, 78703952 + 52845459 limbs at 290085789, slots 0: A - B - | 2.807 s: redistribute 0.097 ntt 2.617 crt 0.005 out 0.068 carry 0.042
cache_trace node 0: piece (0, 5) of 2 x 6, 78703953 + 52845454 limbs at 264227295, slots 0: A - B - | 2.532 s: redistribute 0.097 ntt 2.309 crt 0.005 out 0.089 carry 0.067
cache_trace node 1: piece (0, 5) of 2 x 6, 78703953 + 52845454 limbs at 264227295, slots 0: A - B - | 2.532 s: redistribute 0.092 ntt 2.313 crt 0.004 out 0.076 carry 0.067
cache_trace node 0: piece (1, 5) of 2 x 6, 78703952 + 52845454 limbs at 342931248, slots 0: A - B - | 2.455 s: redistribute 0.094 ntt 2.217 crt 0.005 out 0.076 carry 0.083
dist_mn node 0: 157407905 x 317072749 limbs over 2 x 4 ranks (cap 2^27): 2 x 6 pieces, 12 formed, 0 skipped (cache 0 slots: 0 hits, 0 misses)
cache_trace node 1: piece (1, 5) of 2 x 6, 78703952 + 52845454 limbs at 342931248, slots 0: A - B - | 2.455 s: redistribute 0.091 ntt 2.201 crt 0.005 out 0.081 carry 0.083
dist_mn node 1: 157407905 x 317072749 limbs over 2 x 4 ranks (cap 2^27): 2 x 6 pieces, 12 formed, 0 skipped (cache 0 slots: 0 hits, 0 misses)
cx_grid node 0: rep 0 (warm-up) shape 2x6_full (157407905 x 317072749, cut 0 / -1) slots 0: 32.936 s, cache 0 hits 0 misses, C sha256 5507aea46ef9a99d same
cx_grid node 1: rep 0 (warm-up) shape 2x6_full (157407905 x 317072749, cut 0 / -1) slots 0: 32.936 s, cache 0 hits 0 misses, C sha256 3b9b33f40caeeab1 same
cache_trace node 0: piece (0, 0) of 2 x 2, 58235255 + 59310082 limbs at 0, slots 0: A - B - | 2.496 s: redistribute 0.080 ntt 2.357 crt 0.005 out 0.068 carry 0.002
cache_trace node 1: piece (0, 0) of 2 x 2, 58235255 + 59310082 limbs at 0, slots 0: A - B - | 2.496 s: redistribute 0.079 ntt 2.360 crt 0.005 out 0.070 carry 0.002
cache_trace node 0: piece (1, 0) of 2 x 2, 58235254 + 59310082 limbs at 58235255, slots 0: A - B - | 2.539 s: redistribute 0.099 ntt 2.294 crt 0.005 out 0.101 carry 0.052
cache_trace node 1: piece (1, 0) of 2 x 2, 58235254 + 59310082 limbs at 58235255, slots 0: A - B - | 2.539 s: redistribute 0.096 ntt 2.296 crt 0.004 out 0.102 carry 0.052
cache_trace node 0: piece (0, 1) of 2 x 2, 58235255 + 59310081 limbs at 59310082, slots 0: A - B - | 2.508 s: redistribute 0.110 ntt 2.296 crt 0.003 out 0.092 carry 0.052
cache_trace node 1: piece (0, 1) of 2 x 2, 58235255 + 59310081 limbs at 59310082, slots 0: A - B - | 2.508 s: redistribute 0.108 ntt 2.295 crt 0.002 out 0.105 carry 0.052
cache_trace node 0: piece (1, 1) of 2 x 2, 58235254 + 59310081 limbs at 117545337, slots 0: A - B - | 2.530 s: redistribute 0.122 ntt 2.347 crt 0.004 out 0.066 carry 0.004
dist_mn node 0: 116470509 x 118620163 limbs over 2 x 4 ranks (cap 2^27): 2 x 2 pieces, 4 formed, 0 skipped (cache 0 slots: 0 hits, 0 misses)
cache_trace node 1: piece (1, 1) of 2 x 2, 58235254 + 59310081 limbs at 117545337, slots 0: A - B - | 2.530 s: redistribute 0.120 ntt 2.349 crt 0.005 out 0.065 carry 0.004
dist_mn node 1: 116470509 x 118620163 limbs over 2 x 4 ranks (cap 2^27): 2 x 2 pieces, 4 formed, 0 skipped (cache 0 slots: 0 hits, 0 misses)
cx_grid node 0: rep 0 (warm-up) shape 2x2_full (116470509 x 118620163, cut 0 / -1) slots 0: 10.078 s, cache 0 hits 0 misses, C sha256 91ed4b601c295a52 same
cx_grid node 1: rep 0 (warm-up) shape 2x2_full (116470509 x 118620163, cut 0 / -1) slots 0: 10.078 s, cache 0 hits 0 misses, C sha256 7cb94b3b2a00a3e6 same
cache_trace node 0: piece (0, 0) of 2 x 2, 86466471 + 43233236 limbs at 0, slots 0: A - B - | 2.606 s: redistribute 0.093 ntt 2.421 crt 0.005 out 0.105 carry 0.002
cache_trace node 1: piece (0, 0) of 2 x 2, 86466471 + 43233236 limbs at 0, slots 0: A - B - | 2.606 s: redistribute 0.094 ntt 2.420 crt 0.005 out 0.114 carry 0.002
cache_trace node 0: piece (1, 0) of 2 x 2, 86466471 + 43233236 limbs at 86466471, slots 0: A - B - | 2.442 s: redistribute 0.083 ntt 2.300 crt 0.004 out 0.055 carry 0.004
cache_trace node 1: piece (1, 0) of 2 x 2, 86466471 + 43233236 limbs at 86466471, slots 0: A - B - | 2.442 s: redistribute 0.084 ntt 2.301 crt 0.005 out 0.055 carry 0.003
cache_trace node 0: piece (0, 1) of 2 x 2, 86466471 + 43233235 limbs at 43233236, slots 0: A - B - | 2.606 s: redistribute 0.114 ntt 2.375 crt 0.005 out 0.099 carry 0.031
cache_trace node 1: piece (0, 1) of 2 x 2, 86466471 + 43233235 limbs at 43233236, slots 0: A - B - | 2.606 s: redistribute 0.113 ntt 2.376 crt 0.005 out 0.100 carry 0.031
cache_trace node 0: piece (1, 1) of 2 x 2, 86466471 + 43233235 limbs at 129699707, slots 0: A - B - | 2.466 s: redistribute 0.113 ntt 2.300 crt 0.005 out 0.039 carry 0.031
dist_mn node 0: 172932942 x 86466471 limbs over 2 x 4 ranks (cap 2^27): 2 x 2 pieces, 4 formed, 0 skipped (low product) (low cut) (cache 0 slots: 0 hits, 0 misses)
cache_trace node 1: piece (1, 1) of 2 x 2, 86466471 + 43233235 limbs at 129699707, slots 0: A - B - | 2.466 s: redistribute 0.112 ntt 2.301 crt 0.005 out 0.037 carry 0.031
dist_mn node 1: 172932942 x 86466471 limbs over 2 x 4 ranks (cap 2^27): 2 x 2 pieces, 4 formed, 0 skipped (low product) (low cut) (cache 0 slots: 0 hits, 0 misses)
cx_grid node 1: rep 0 (warm-up) shape 2x2_lowhighcut (172932942 x 86466471, cut 86466471 / 172932942) slots 0: 10.125 s, cache 0 hits 0 misses, C sha256 441afe7ecc9ae432 same
cx_grid node 0: rep 0 (warm-up) shape 2x2_lowhighcut (172932942 x 86466471, cut 86466471 / 172932942) slots 0: 10.125 s, cache 0 hits 0 misses, C sha256 4b040c3f61b7d6af same
cache_trace node 0: piece (0, 0) of 1 x 2, 86466471 + 43233236 limbs at 0, slots 0: A - B - | 2.528 s: redistribute 0.125 ntt 2.295 crt 0.002 out 0.115 carry 0.002
cache_trace node 1: piece (0, 0) of 1 x 2, 86466471 + 43233236 limbs at 0, slots 0: A - B - | 2.528 s: redistribute 0.140 ntt 2.284 crt 0.002 out 0.101 carry 0.002
cache_trace node 0: piece (0, 1) of 1 x 2, 86466471 + 43233235 limbs at 43233236, slots 0: A - B - | 2.893 s: redistribute 0.124 ntt 2.601 crt 0.003 out 0.132 carry 0.033
dist_mn node 0: 86466471 x 86466471 limbs over 2 x 4 ranks (cap 2^27): 1 x 2 pieces, 2 formed, 0 skipped (low cut) (cache 0 slots: 0 hits, 0 misses)
cache_trace node 1: piece (0, 1) of 1 x 2, 86466471 + 43233235 limbs at 43233236, slots 0: A - B - | 2.893 s: redistribute 0.123 ntt 2.600 crt 0.004 out 0.135 carry 0.033
dist_mn node 1: 86466471 x 86466471 limbs over 2 x 4 ranks (cap 2^27): 1 x 2 pieces, 2 formed, 0 skipped (low cut) (cache 0 slots: 0 hits, 0 misses)
cx_grid node 1: rep 0 (warm-up) shape 1x2_lowcut (86466471 x 86466471, cut 86466471 / -1) slots 0: 5.425 s, cache 0 hits 0 misses, C sha256 343d5345964372b1 same
cx_grid node 0: rep 0 (warm-up) shape 1x2_lowcut (86466471 x 86466471, cut 86466471 / -1) slots 0: 5.425 s, cache 0 hits 0 misses, C sha256 9f9803635b1064c7 same
cache_trace node 0: piece (1, 0) of 5 x 3, 69173177 + 57644314 limbs at 69173177, slots 0: A - B - | 2.820 s: redistribute 0.085 ntt 2.599 crt 0.005 out 0.093 carry 0.051
cache_trace node 1: piece (1, 0) of 5 x 3, 69173177 + 57644314 limbs at 69173177, slots 0: A - B - | 2.820 s: redistribute 0.104 ntt 2.602 crt 0.005 out 0.095 carry 0.051
cache_trace node 0: piece (2, 0) of 5 x 3, 69173177 + 57644314 limbs at 138346354, slots 0: A - B - | 2.950 s: redistribute 0.117 ntt 2.656 crt 0.002 out 0.143 carry 0.055
cache_trace node 1: piece (2, 0) of 5 x 3, 69173177 + 57644314 limbs at 138346354, slots 0: A - B - | 2.950 s: redistribute 0.121 ntt 2.681 crt 0.002 out 0.117 carry 0.055
cache_trace node 0: piece (3, 0) of 5 x 3, 69173177 + 57644314 limbs at 207519531, slots 0: A - B - | 2.616 s: redistribute 0.094 ntt 2.408 crt 0.003 out 0.085 carry 0.044
cache_trace node 1: piece (3, 0) of 5 x 3, 69173177 + 57644314 limbs at 207519531, slots 0: A - B - | 2.616 s: redistribute 0.095 ntt 2.407 crt 0.004 out 0.083 carry 0.043
cache_trace node 0: piece (4, 0) of 5 x 3, 69173177 + 57644314 limbs at 276692708, slots 0: A - B - | 2.507 s: redistribute 0.095 ntt 2.332 crt 0.005 out 0.044 carry 0.039
cache_trace node 1: piece (4, 0) of 5 x 3, 69173177 + 57644314 limbs at 276692708, slots 0: A - B - | 2.507 s: redistribute 0.096 ntt 2.330 crt 0.005 out 0.047 carry 0.039
cache_trace node 0: piece (0, 1) of 5 x 3, 69173177 + 57644314 limbs at 57644314, slots 0: A - B - | 2.420 s: redistribute 0.105 ntt 2.216 crt 0.005 out 0.080 carry 0.049
cache_trace node 1: piece (0, 1) of 5 x 3, 69173177 + 57644314 limbs at 57644314, slots 0: A - B - | 2.420 s: redistribute 0.106 ntt 2.207 crt 0.005 out 0.082 carry 0.049
cache_trace node 0: piece (1, 1) of 5 x 3, 69173177 + 57644314 limbs at 126817491, slots 0: A - B - | 2.431 s: redistribute 0.100 ntt 2.171 crt 0.005 out 0.107 carry 0.065
cache_trace node 1: piece (1, 1) of 5 x 3, 69173177 + 57644314 limbs at 126817491, slots 0: A - B - | 2.431 s: redistribute 0.109 ntt 2.181 crt 0.005 out 0.107 carry 0.065
cache_trace node 0: piece (2, 1) of 5 x 3, 69173177 + 57644314 limbs at 195990668, slots 0: A - B - | 2.511 s: redistribute 0.144 ntt 2.300 crt 0.005 out 0.074 carry 0.021
cache_trace node 1: piece (2, 1) of 5 x 3, 69173177 + 57644314 limbs at 195990668, slots 0: A - B - | 2.511 s: redistribute 0.150 ntt 2.301 crt 0.005 out 0.084 carry 0.021
cache_trace node 0: piece (3, 1) of 5 x 3, 69173177 + 57644314 limbs at 265163845, slots 0: A - B - | 2.505 s: redistribute 0.103 ntt 2.318 crt 0.002 out 0.058 carry 0.057
cache_trace node 1: piece (3, 1) of 5 x 3, 69173177 + 57644314 limbs at 265163845, slots 0: A - B - | 2.505 s: redistribute 0.102 ntt 2.312 crt 0.003 out 0.061 carry 0.057
cache_trace node 0: piece (4, 1) of 5 x 3, 69173177 + 57644314 limbs at 334337022, slots 0: A - B - | 2.411 s: redistribute 0.104 ntt 2.305 crt 0.005 out 0.038 carry 0.011
cache_trace node 1: piece (4, 1) of 5 x 3, 69173177 + 57644314 limbs at 334337022, slots 0: A - B - | 2.411 s: redistribute 0.098 ntt 2.297 crt 0.005 out 0.022 carry 0.011
cache_trace node 0: piece (0, 2) of 5 x 3, 69173177 + 57644314 limbs at 115288628, slots 0: A - B - | 2.565 s: redistribute 0.104 ntt 2.324 crt 0.002 out 0.109 carry 0.064
cache_trace node 1: piece (0, 2) of 5 x 3, 69173177 + 57644314 limbs at 115288628, slots 0: A - B - | 2.565 s: redistribute 0.101 ntt 2.321 crt 0.002 out 0.121 carry 0.064
cache_trace node 0: piece (1, 2) of 5 x 3, 69173177 + 57644314 limbs at 184461805, slots 0: A - B - | 3.202 s: redistribute 0.093 ntt 3.025 crt 0.004 out 0.078 carry 0.043
cache_trace node 1: piece (1, 2) of 5 x 3, 69173177 + 57644314 limbs at 184461805, slots 0: A - B - | 3.202 s: redistribute 0.091 ntt 3.020 crt 0.004 out 0.070 carry 0.043
cache_trace node 0: piece (2, 2) of 5 x 3, 69173177 + 57644314 limbs at 253634982, slots 0: A - B - | 3.019 s: redistribute 0.118 ntt 2.791 crt 0.005 out 0.063 carry 0.067
cache_trace node 1: piece (2, 2) of 5 x 3, 69173177 + 57644314 limbs at 253634982, slots 0: A - B - | 3.019 s: redistribute 0.111 ntt 2.796 crt 0.005 out 0.054 carry 0.067
cache_trace node 0: piece (3, 2) of 5 x 3, 69173177 + 57644314 limbs at 322808159, slots 0: A - B - | 3.200 s: redistribute 0.090 ntt 3.056 crt 0.005 out 0.032 carry 0.020
dist_mn node 0: 345865885 x 172932942 limbs over 2 x 4 ranks (cap 2^27): 5 x 3 pieces, 13 formed, 2 skipped (low product) (low cut) (cache 0 slots: 0 hits, 0 misses)
cache_trace node 1: piece (3, 2) of 5 x 3, 69173177 + 57644314 limbs at 322808159, slots 0: A - B - | 3.200 s: redistribute 0.089 ntt 3.056 crt 0.005 out 0.054 carry 0.020
dist_mn node 1: 345865885 x 172932942 limbs over 2 x 4 ranks (cap 2^27): 5 x 3 pieces, 13 formed, 2 skipped (low product) (low cut) (cache 0 slots: 0 hits, 0 misses)
cx_grid node 1: rep 0 (warm-up) shape 5x3_lowhighcut (345865885 x 172932942, cut 172932942 / 345865885) slots 0: 35.170 s, cache 0 hits 0 misses, C sha256 740d3194ecc09b84 same
cx_grid node 0: rep 0 (warm-up) shape 5x3_lowhighcut (345865885 x 172932942, cut 172932942 / 345865885) slots 0: 35.170 s, cache 0 hits 0 misses, C sha256 56cf657a487f7d0a same
cache_trace node 0: piece (1, 0) of 2 x 4, 86466471 + 43233236 limbs at 86466471, slots 0: A - B - | 2.603 s: redistribute 0.111 ntt 2.348 crt 0.004 out 0.109 carry 0.060
cache_trace node 1: piece (1, 0) of 2 x 4, 86466471 + 43233236 limbs at 86466471, slots 0: A - B - | 2.603 s: redistribute 0.112 ntt 2.347 crt 0.004 out 0.108 carry 0.060
cache_trace node 0: piece (0, 1) of 2 x 4, 86466471 + 43233236 limbs at 43233236, slots 0: A - B - | 2.840 s: redistribute 0.100 ntt 2.632 crt 0.005 out 0.074 carry 0.046
cache_trace node 1: piece (0, 1) of 2 x 4, 86466471 + 43233236 limbs at 43233236, slots 0: A - B - | 2.840 s: redistribute 0.101 ntt 2.629 crt 0.005 out 0.088 carry 0.046
cache_trace node 0: piece (1, 1) of 2 x 4, 86466471 + 43233236 limbs at 129699707, slots 0: A - B - | 3.153 s: redistribute 0.121 ntt 2.862 crt 0.005 out 0.130 carry 0.060
cache_trace node 1: piece (1, 1) of 2 x 4, 86466471 + 43233236 limbs at 129699707, slots 0: A - B - | 3.153 s: redistribute 0.123 ntt 2.860 crt 0.004 out 0.131 carry 0.060
cache_trace node 0: piece (0, 2) of 2 x 4, 86466471 + 43233236 limbs at 86466472, slots 0: A - B - | 2.515 s: redistribute 0.099 ntt 2.264 crt 0.005 out 0.105 carry 0.061
cache_trace node 1: piece (0, 2) of 2 x 4, 86466471 + 43233236 limbs at 86466472, slots 0: A - B - | 2.515 s: redistribute 0.098 ntt 2.262 crt 0.005 out 0.105 carry 0.061
cache_trace node 0: piece (1, 2) of 2 x 4, 86466471 + 43233236 limbs at 172932943, slots 0: A - B - | 2.562 s: redistribute 0.091 ntt 2.330 crt 0.005 out 0.072 carry 0.065
cache_trace node 1: piece (1, 2) of 2 x 4, 86466471 + 43233236 limbs at 172932943, slots 0: A - B - | 2.562 s: redistribute 0.090 ntt 2.331 crt 0.005 out 0.072 carry 0.065
cache_trace node 0: piece (0, 3) of 2 x 4, 86466471 + 43233234 limbs at 129699708, slots 0: A - B - | 2.553 s: redistribute 0.104 ntt 2.303 crt 0.005 out 0.105 carry 0.066
cache_trace node 1: piece (0, 3) of 2 x 4, 86466471 + 43233234 limbs at 129699708, slots 0: A - B - | 2.553 s: redistribute 0.103 ntt 2.309 crt 0.005 out 0.110 carry 0.065
cache_trace node 0: piece (1, 3) of 2 x 4, 86466471 + 43233234 limbs at 216166179, slots 0: A - B - | 2.843 s: redistribute 0.134 ntt 2.626 crt 0.004 out 0.070 carry 0.066
dist_mn node 0: 172932942 x 172932942 limbs over 2 x 4 ranks (cap 2^27): 2 x 4 pieces, 7 formed, 1 skipped (low cut) (cache 0 slots: 0 hits, 0 misses)
cache_trace node 1: piece (1, 3) of 2 x 4, 86466471 + 43233234 limbs at 216166179, slots 0: A - B - | 2.843 s: redistribute 0.133 ntt 2.625 crt 0.004 out 0.073 carry 0.066
dist_mn node 1: 172932942 x 172932942 limbs over 2 x 4 ranks (cap 2^27): 2 x 4 pieces, 7 formed, 1 skipped (low cut) (cache 0 slots: 0 hits, 0 misses)
cx_grid node 1: rep 0 (warm-up) shape 2x4_lowcut (172932942 x 172932942, cut 172932942 / -1) slots 0: 19.205 s, cache 0 hits 0 misses, C sha256 2dc62aaa434b5050 same
cx_grid node 0: rep 0 (warm-up) shape 2x4_lowcut (172932942 x 172932942, cut 172932942 / -1) slots 0: 19.205 s, cache 0 hits 0 misses, C sha256 1787dbd4e72d7df9 same
cache_trace node 0: piece (4, 0) of 5 x 6, 69173177 + 57644315 limbs at 276692708, slots 0: A - B - | 3.318 s: redistribute 0.091 ntt 3.075 crt 0.005 out 0.112 carry 0.054
cache_trace node 1: piece (4, 0) of 5 x 6, 69173177 + 57644315 limbs at 276692708, slots 0: A - B - | 3.318 s: redistribute 0.092 ntt 3.070 crt 0.004 out 0.106 carry 0.054
cache_trace node 0: piece (3, 1) of 5 x 6, 69173177 + 57644315 limbs at 265163846, slots 0: A - B - | 3.314 s: redistribute 0.099 ntt 3.042 crt 0.002 out 0.132 carry 0.056
cache_trace node 1: piece (3, 1) of 5 x 6, 69173177 + 57644315 limbs at 265163846, slots 0: A - B - | 3.314 s: redistribute 0.106 ntt 3.027 crt 0.003 out 0.123 carry 0.056
cache_trace node 0: piece (4, 1) of 5 x 6, 69173177 + 57644315 limbs at 334337023, slots 0: A - B - | 2.946 s: redistribute 0.092 ntt 2.707 crt 0.004 out 0.087 carry 0.062
cache_trace node 1: piece (4, 1) of 5 x 6, 69173177 + 57644315 limbs at 334337023, slots 0: A - B - | 2.946 s: redistribute 0.100 ntt 2.704 crt 0.005 out 0.086 carry 0.062
cache_trace node 0: piece (2, 2) of 5 x 6, 69173177 + 57644315 limbs at 253634984, slots 0: A - B - | 2.577 s: redistribute 0.111 ntt 2.312 crt 0.004 out 0.115 carry 0.052
cache_trace node 1: piece (2, 2) of 5 x 6, 69173177 + 57644315 limbs at 253634984, slots 0: A - B - | 2.577 s: redistribute 0.113 ntt 2.307 crt 0.005 out 0.108 carry 0.052
cache_trace node 0: piece (3, 2) of 5 x 6, 69173177 + 57644315 limbs at 322808161, slots 0: A - B - | 2.449 s: redistribute 0.089 ntt 2.201 crt 0.004 out 0.093 carry 0.070
cache_trace node 1: piece (3, 2) of 5 x 6, 69173177 + 57644315 limbs at 322808161, slots 0: A - B - | 2.449 s: redistribute 0.090 ntt 2.198 crt 0.004 out 0.104 carry 0.069
cache_trace node 0: piece (4, 2) of 5 x 6, 69173177 + 57644315 limbs at 391981338, slots 0: A - B - | 2.524 s: redistribute 0.079 ntt 2.285 crt 0.005 out 0.073 carry 0.083
cache_trace node 1: piece (4, 2) of 5 x 6, 69173177 + 57644315 limbs at 391981338, slots 0: A - B - | 2.524 s: redistribute 0.080 ntt 2.284 crt 0.004 out 0.075 carry 0.083
cache_trace node 0: piece (1, 3) of 5 x 6, 69173177 + 57644315 limbs at 242106122, slots 0: A - B - | 2.859 s: redistribute 0.093 ntt 2.638 crt 0.005 out 0.082 carry 0.058
cache_trace node 1: piece (1, 3) of 5 x 6, 69173177 + 57644315 limbs at 242106122, slots 0: A - B - | 2.859 s: redistribute 0.092 ntt 2.639 crt 0.005 out 0.088 carry 0.058
cache_trace node 0: piece (2, 3) of 5 x 6, 69173177 + 57644315 limbs at 311279299, slots 0: A - B - | 2.654 s: redistribute 0.142 ntt 2.401 crt 0.002 out 0.101 carry 0.062
cache_trace node 1: piece (2, 3) of 5 x 6, 69173177 + 57644315 limbs at 311279299, slots 0: A - B - | 2.654 s: redistribute 0.130 ntt 2.406 crt 0.003 out 0.093 carry 0.061
cache_trace node 0: piece (3, 3) of 5 x 6, 69173177 + 57644315 limbs at 380452476, slots 0: A - B - | 2.989 s: redistribute 0.084 ntt 2.757 crt 0.005 out 0.066 carry 0.086
cache_trace node 1: piece (3, 3) of 5 x 6, 69173177 + 57644315 limbs at 380452476, slots 0: A - B - | 2.989 s: redistribute 0.083 ntt 2.761 crt 0.005 out 0.071 carry 0.086
cache_trace node 0: piece (4, 3) of 5 x 6, 69173177 + 57644315 limbs at 449625653, slots 0: A - B - | 2.805 s: redistribute 0.084 ntt 2.602 crt 0.002 out 0.065 carry 0.053
cache_trace node 1: piece (4, 3) of 5 x 6, 69173177 + 57644315 limbs at 449625653, slots 0: A - B - | 2.805 s: redistribute 0.082 ntt 2.605 crt 0.002 out 0.068 carry 0.052
cache_trace node 0: piece (0, 4) of 5 x 6, 69173177 + 57644315 limbs at 230577260, slots 0: A - B - | 2.750 s: redistribute 0.096 ntt 2.549 crt 0.005 out 0.086 carry 0.049
cache_trace node 1: piece (0, 4) of 5 x 6, 69173177 + 57644315 limbs at 230577260, slots 0: A - B - | 2.750 s: redistribute 0.095 ntt 2.547 crt 0.004 out 0.083 carry 0.049
cache_trace node 0: piece (1, 4) of 5 x 6, 69173177 + 57644315 limbs at 299750437, slots 0: A - B - | 2.951 s: redistribute 0.096 ntt 2.704 crt 0.002 out 0.111 carry 0.052
cache_trace node 1: piece (1, 4) of 5 x 6, 69173177 + 57644315 limbs at 299750437, slots 0: A - B - | 2.951 s: redistribute 0.095 ntt 2.721 crt 0.002 out 0.115 carry 0.052
cache_trace node 0: piece (2, 4) of 5 x 6, 69173177 + 57644315 limbs at 368923614, slots 0: A - B - | 3.031 s: redistribute 0.148 ntt 2.717 crt 0.002 out 0.070 carry 0.097
cache_trace node 1: piece (2, 4) of 5 x 6, 69173177 + 57644315 limbs at 368923614, slots 0: A - B - | 3.031 s: redistribute 0.136 ntt 2.726 crt 0.003 out 0.073 carry 0.097
cache_trace node 0: piece (3, 4) of 5 x 6, 69173177 + 57644315 limbs at 438096791, slots 0: A - B - | 2.691 s: redistribute 0.100 ntt 2.475 crt 0.005 out 0.084 carry 0.063
cache_trace node 1: piece (3, 4) of 5 x 6, 69173177 + 57644315 limbs at 438096791, slots 0: A - B - | 2.691 s: redistribute 0.085 ntt 2.470 crt 0.005 out 0.090 carry 0.063
cache_trace node 0: piece (4, 4) of 5 x 6, 69173177 + 57644315 limbs at 507269968, slots 0: A - B - | 3.284 s: redistribute 0.088 ntt 3.053 crt 0.005 out 0.078 carry 0.074
cache_trace node 1: piece (4, 4) of 5 x 6, 69173177 + 57644315 limbs at 507269968, slots 0: A - B - | 3.284 s: redistribute 0.086 ntt 3.046 crt 0.005 out 0.089 carry 0.074
cache_trace node 0: piece (0, 5) of 5 x 6, 69173177 + 57644310 limbs at 288221575, slots 0: A - B - | 3.307 s: redistribute 0.112 ntt 3.052 crt 0.002 out 0.106 carry 0.057
cache_trace node 1: piece (0, 5) of 5 x 6, 69173177 + 57644310 limbs at 288221575, slots 0: A - B - | 3.307 s: redistribute 0.110 ntt 3.061 crt 0.002 out 0.112 carry 0.057
cache_trace node 0: piece (1, 5) of 5 x 6, 69173177 + 57644310 limbs at 357394752, slots 0: A - B - | 3.772 s: redistribute 0.110 ntt 3.488 crt 0.004 out 0.116 carry 0.092
cache_trace node 1: piece (1, 5) of 5 x 6, 69173177 + 57644310 limbs at 357394752, slots 0: A - B - | 3.772 s: redistribute 0.107 ntt 3.513 crt 0.005 out 0.093 carry 0.091
cache_trace node 0: piece (2, 5) of 5 x 6, 69173177 + 57644310 limbs at 426567929, slots 0: A - B - | 2.865 s: redistribute 0.141 ntt 2.620 crt 0.003 out 0.082 carry 0.060
cache_trace node 1: piece (2, 5) of 5 x 6, 69173177 + 57644310 limbs at 426567929, slots 0: A - B - | 2.865 s: redistribute 0.130 ntt 2.473 crt 0.002 out 0.228 carry 0.060
cache_trace node 0: piece (3, 5) of 5 x 6, 69173177 + 57644310 limbs at 495741106, slots 0: A - B - | 2.925 s: redistribute 0.092 ntt 2.715 crt 0.005 out 0.074 carry 0.068
cache_trace node 1: piece (3, 5) of 5 x 6, 69173177 + 57644310 limbs at 495741106, slots 0: A - B - | 2.925 s: redistribute 0.085 ntt 2.718 crt 0.005 out 0.075 carry 0.068
cache_trace node 0: piece (4, 5) of 5 x 6, 69173177 + 57644310 limbs at 564914283, slots 0: A - B - | 2.628 s: redistribute 0.100 ntt 2.407 crt 0.002 out 0.067 carry 0.075
dist_mn node 0: 345865885 x 345865885 limbs over 2 x 4 ranks (cap 2^27): 5 x 6 pieces, 20 formed, 10 skipped (low cut) (cache 0 slots: 0 hits, 0 misses)
cache_trace node 1: piece (4, 5) of 5 x 6, 69173177 + 57644310 limbs at 564914283, slots 0: A - B - | 2.628 s: redistribute 0.099 ntt 2.409 crt 0.002 out 0.085 carry 0.074
dist_mn node 1: 345865885 x 345865885 limbs over 2 x 4 ranks (cap 2^27): 5 x 6 pieces, 20 formed, 10 skipped (low cut) (cache 0 slots: 0 hits, 0 misses)
cx_grid node 0: rep 0 (warm-up) shape 5x6_lowcut (345865885 x 345865885, cut 345865885 / -1) slots 0: 58.911 s, cache 0 hits 0 misses, C sha256 261239e9c0ffe052 same
cx_grid node 1: rep 0 (warm-up) shape 5x6_lowcut (345865885 x 345865885, cut 345865885 / -1) slots 0: 58.911 s, cache 0 hits 0 misses, C sha256 5b432973f937164e same
cache_trace node 0: piece (0, 0) of 5 x 6, 69173177 + 57644315 limbs at 0, slots 0: A - B - | 2.638 s: redistribute 0.088 ntt 2.496 crt 0.004 out 0.090 carry 0.002
cache_trace node 1: piece (0, 0) of 5 x 6, 69173177 + 57644315 limbs at 0, slots 0: A - B - | 2.638 s: redistribute 0.089 ntt 2.492 crt 0.005 out 0.075 carry 0.002
cache_trace node 0: piece (1, 0) of 5 x 6, 69173177 + 57644315 limbs at 69173177, slots 0: A - B - | 2.725 s: redistribute 0.092 ntt 2.504 crt 0.005 out 0.102 carry 0.050
cache_trace node 1: piece (1, 0) of 5 x 6, 69173177 + 57644315 limbs at 69173177, slots 0: A - B - | 2.725 s: redistribute 0.099 ntt 2.479 crt 0.004 out 0.098 carry 0.051
cache_trace node 0: piece (2, 0) of 5 x 6, 69173177 + 57644315 limbs at 138346354, slots 0: A - B - | 2.709 s: redistribute 0.127 ntt 2.484 crt 0.005 out 0.092 carry 0.055
cache_trace node 1: piece (2, 0) of 5 x 6, 69173177 + 57644315 limbs at 138346354, slots 0: A - B - | 2.708 s: redistribute 0.128 ntt 2.486 crt 0.004 out 0.093 carry 0.055
cache_trace node 0: piece (3, 0) of 5 x 6, 69173177 + 57644315 limbs at 207519531, slots 0: A - B - | 2.510 s: redistribute 0.108 ntt 2.310 crt 0.005 out 0.080 carry 0.044
cache_trace node 1: piece (3, 0) of 5 x 6, 69173177 + 57644315 limbs at 207519531, slots 0: A - B - | 2.510 s: redistribute 0.110 ntt 2.309 crt 0.005 out 0.075 carry 0.044
cache_trace node 0: piece (4, 0) of 5 x 6, 69173177 + 57644315 limbs at 276692708, slots 0: A - B - | 2.429 s: redistribute 0.087 ntt 2.246 crt 0.005 out 0.058 carry 0.040
cache_trace node 1: piece (4, 0) of 5 x 6, 69173177 + 57644315 limbs at 276692708, slots 0: A - B - | 2.429 s: redistribute 0.088 ntt 2.243 crt 0.005 out 0.064 carry 0.040
cache_trace node 0: piece (0, 1) of 5 x 6, 69173177 + 57644315 limbs at 57644315, slots 0: A - B - | 2.562 s: redistribute 0.084 ntt 2.369 crt 0.005 out 0.086 carry 0.048
cache_trace node 1: piece (0, 1) of 5 x 6, 69173177 + 57644315 limbs at 57644315, slots 0: A - B - | 2.562 s: redistribute 0.087 ntt 2.357 crt 0.005 out 0.088 carry 0.048
cache_trace node 0: piece (1, 1) of 5 x 6, 69173177 + 57644315 limbs at 126817492, slots 0: A - B - | 2.457 s: redistribute 0.088 ntt 2.238 crt 0.005 out 0.092 carry 0.063
cache_trace node 1: piece (1, 1) of 5 x 6, 69173177 + 57644315 limbs at 126817492, slots 0: A - B - | 2.457 s: redistribute 0.089 ntt 2.237 crt 0.005 out 0.100 carry 0.063
cache_trace node 0: piece (2, 1) of 5 x 6, 69173177 + 57644315 limbs at 195990669, slots 0: A - B - | 2.518 s: redistribute 0.112 ntt 2.336 crt 0.005 out 0.062 carry 0.021
cache_trace node 1: piece (2, 1) of 5 x 6, 69173177 + 57644315 limbs at 195990669, slots 0: A - B - | 2.518 s: redistribute 0.112 ntt 2.332 crt 0.005 out 0.065 carry 0.021
cache_trace node 0: piece (3, 1) of 5 x 6, 69173177 + 57644315 limbs at 265163846, slots 0: A - B - | 2.526 s: redistribute 0.083 ntt 2.326 crt 0.005 out 0.064 carry 0.060
cache_trace node 1: piece (3, 1) of 5 x 6, 69173177 + 57644315 limbs at 265163846, slots 0: A - B - | 2.526 s: redistribute 0.084 ntt 2.325 crt 0.005 out 0.067 carry 0.060
cache_trace node 0: piece (4, 1) of 5 x 6, 69173177 + 57644315 limbs at 334337023, slots 0: A - B - | 2.358 s: redistribute 0.090 ntt 2.235 crt 0.005 out 0.023 carry 0.011
cache_trace node 1: piece (4, 1) of 5 x 6, 69173177 + 57644315 limbs at 334337023, slots 0: A - B - | 2.358 s: redistribute 0.092 ntt 2.234 crt 0.005 out 0.027 carry 0.011
cache_trace node 0: piece (0, 2) of 5 x 6, 69173177 + 57644315 limbs at 115288630, slots 0: A - B - | 2.471 s: redistribute 0.098 ntt 2.222 crt 0.005 out 0.102 carry 0.057
cache_trace node 1: piece (0, 2) of 5 x 6, 69173177 + 57644315 limbs at 115288630, slots 0: A - B - | 2.471 s: redistribute 0.099 ntt 2.221 crt 0.004 out 0.102 carry 0.057
cache_trace node 0: piece (1, 2) of 5 x 6, 69173177 + 57644315 limbs at 184461807, slots 0: A - B - | 2.548 s: redistribute 0.093 ntt 2.345 crt 0.005 out 0.084 carry 0.043
cache_trace node 1: piece (1, 2) of 5 x 6, 69173177 + 57644315 limbs at 184461807, slots 0: A - B - | 2.548 s: redistribute 0.097 ntt 2.344 crt 0.004 out 0.074 carry 0.043
cache_trace node 0: piece (2, 2) of 5 x 6, 69173177 + 57644315 limbs at 253634984, slots 0: A - B - | 2.499 s: redistribute 0.122 ntt 2.276 crt 0.005 out 0.053 carry 0.066
cache_trace node 1: piece (2, 2) of 5 x 6, 69173177 + 57644315 limbs at 253634984, slots 0: A - B - | 2.499 s: redistribute 0.123 ntt 2.274 crt 0.004 out 0.051 carry 0.066
cache_trace node 0: piece (3, 2) of 5 x 6, 69173177 + 57644315 limbs at 322808161, slots 0: A - B - | 2.460 s: redistribute 0.100 ntt 2.304 crt 0.002 out 0.042 carry 0.021
cache_trace node 1: piece (3, 2) of 5 x 6, 69173177 + 57644315 limbs at 322808161, slots 0: A - B - | 2.460 s: redistribute 0.101 ntt 2.292 crt 0.002 out 0.053 carry 0.021
cache_trace node 0: piece (0, 3) of 5 x 6, 69173177 + 57644315 limbs at 172932945, slots 0: A - B - | 2.567 s: redistribute 0.093 ntt 2.347 crt 0.005 out 0.073 carry 0.065
cache_trace node 1: piece (0, 3) of 5 x 6, 69173177 + 57644315 limbs at 172932945, slots 0: A - B - | 2.567 s: redistribute 0.091 ntt 2.347 crt 0.005 out 0.086 carry 0.065
cache_trace node 0: piece (1, 3) of 5 x 6, 69173177 + 57644315 limbs at 242106122, slots 0: A - B - | 2.514 s: redistribute 0.105 ntt 2.285 crt 0.005 out 0.087 carry 0.057
cache_trace node 1: piece (1, 3) of 5 x 6, 69173177 + 57644315 limbs at 242106122, slots 0: A - B - | 2.514 s: redistribute 0.101 ntt 2.294 crt 0.005 out 0.080 carry 0.057
cache_trace node 0: piece (2, 3) of 5 x 6, 69173177 + 57644315 limbs at 311279299, slots 0: A - B - | 2.556 s: redistribute 0.125 ntt 2.376 crt 0.005 out 0.047 carry 0.029
cache_trace node 1: piece (2, 3) of 5 x 6, 69173177 + 57644315 limbs at 311279299, slots 0: A - B - | 2.556 s: redistribute 0.105 ntt 2.392 crt 0.005 out 0.049 carry 0.029
cache_trace node 0: piece (0, 4) of 5 x 6, 69173177 + 57644315 limbs at 230577260, slots 0: A - B - | 3.150 s: redistribute 0.095 ntt 2.938 crt 0.005 out 0.066 carry 0.069
cache_trace node 1: piece (0, 4) of 5 x 6, 69173177 + 57644315 limbs at 230577260, slots 0: A - B - | 3.150 s: redistribute 0.092 ntt 2.942 crt 0.005 out 0.066 carry 0.068
cache_trace node 0: piece (1, 4) of 5 x 6, 69173177 + 57644315 limbs at 299750437, slots 0: A - B - | 2.578 s: redistribute 0.086 ntt 2.419 crt 0.003 out 0.037 carry 0.037
cache_trace node 1: piece (1, 4) of 5 x 6, 69173177 + 57644315 limbs at 299750437, slots 0: A - B - | 2.578 s: redistribute 0.084 ntt 2.418 crt 0.002 out 0.040 carry 0.037
cache_trace node 0: piece (0, 5) of 5 x 6, 69173177 + 57644310 limbs at 288221575, slots 0: A - B - | 2.381 s: redistribute 0.092 ntt 2.220 crt 0.002 out 0.041 carry 0.038
dist_mn node 0: 345865885 x 345865885 limbs over 2 x 4 ranks (cap 2^27): 5 x 6 pieces, 20 formed, 10 skipped (low product) (cache 0 slots: 0 hits, 0 misses)
cache_trace node 1: piece (0, 5) of 5 x 6, 69173177 + 57644310 limbs at 288221575, slots 0: A - B - | 2.381 s: redistribute 0.089 ntt 2.219 crt 0.002 out 0.056 carry 0.038
dist_mn node 1: 345865885 x 345865885 limbs over 2 x 4 ranks (cap 2^27): 5 x 6 pieces, 20 formed, 10 skipped (low product) (cache 0 slots: 0 hits, 0 misses)
cx_grid node 0: rep 0 (warm-up) shape 5x6_highcut (345865885 x 345865885, cut 0 / 345865885) slots 0: 51.168 s, cache 0 hits 0 misses, C sha256 a4fafb30f8f4e090 same
cx_grid node 1: rep 0 (warm-up) shape 5x6_highcut (345865885 x 345865885, cut 0 / 345865885) slots 0: 51.168 s, cache 0 hits 0 misses, C sha256 4686d3b4151e0c2f same
cache_trace node 0: piece (0, 0) of 2 x 3, 79590803 + 53063711 limbs at 0, slots 0: A - B - | 2.422 s: redistribute 0.094 ntt 2.265 crt 0.003 out 0.068 carry 0.002
cache_trace node 1: piece (0, 0) of 2 x 3, 79590803 + 53063711 limbs at 0, slots 0: A - B - | 2.422 s: redistribute 0.093 ntt 2.260 crt 0.002 out 0.088 carry 0.002
cache_trace node 0: piece (1, 0) of 2 x 3, 79590802 + 53063711 limbs at 79590803, slots 0: A - B - | 2.447 s: redistribute 0.110 ntt 2.189 crt 0.005 out 0.118 carry 0.065
cache_trace node 1: piece (1, 0) of 2 x 3, 79590802 + 53063711 limbs at 79590803, slots 0: A - B - | 2.447 s: redistribute 0.104 ntt 2.181 crt 0.004 out 0.112 carry 0.065
cache_trace node 0: piece (0, 1) of 2 x 3, 79590803 + 53063711 limbs at 53063711, slots 0: A - B - | 2.539 s: redistribute 0.101 ntt 2.290 crt 0.002 out 0.093 carry 0.063
cache_trace node 1: piece (0, 1) of 2 x 3, 79590803 + 53063711 limbs at 53063711, slots 0: A - B - | 2.539 s: redistribute 0.100 ntt 2.295 crt 0.002 out 0.105 carry 0.063
cache_trace node 0: piece (1, 1) of 2 x 3, 79590802 + 53063711 limbs at 132654514, slots 0: A - B - | 2.518 s: redistribute 0.096 ntt 2.296 crt 0.005 out 0.105 carry 0.056
cache_trace node 1: piece (1, 1) of 2 x 3, 79590802 + 53063711 limbs at 132654514, slots 0: A - B - | 2.518 s: redistribute 0.095 ntt 2.299 crt 0.005 out 0.107 carry 0.056
cache_trace node 0: piece (0, 2) of 2 x 3, 79590803 + 53063709 limbs at 106127422, slots 0: A - B - | 2.474 s: redistribute 0.101 ntt 2.222 crt 0.003 out 0.105 carry 0.060
cache_trace node 1: piece (0, 2) of 2 x 3, 79590803 + 53063709 limbs at 106127422, slots 0: A - B - | 2.474 s: redistribute 0.098 ntt 2.228 crt 0.002 out 0.110 carry 0.060
cache_trace node 0: piece (1, 2) of 2 x 3, 79590802 + 53063709 limbs at 185718225, slots 0: A - B - | 2.526 s: redistribute 0.100 ntt 2.334 crt 0.004 out 0.078 carry 0.042
dist_mn node 0: 159181605 x 159191131 limbs over 2 x 4 ranks (cap 2^27): 2 x 3 pieces, 6 formed, 0 skipped (cache 0 slots: 0 hits, 0 misses)
cache_trace node 1: piece (1, 2) of 2 x 3, 79590802 + 53063709 limbs at 185718225, slots 0: A - B - | 2.526 s: redistribute 0.097 ntt 2.338 crt 0.004 out 0.095 carry 0.042
dist_mn node 1: 159181605 x 159191131 limbs over 2 x 4 ranks (cap 2^27): 2 x 3 pieces, 6 formed, 0 skipped (cache 0 slots: 0 hits, 0 misses)
cx_grid node 1: rep 1 shape 2x3_full (159181605 x 159191131, cut 0 / -1) slots 0: 14.933 s, cache 0 hits 0 misses, C sha256 02e9acc692b9f4e1 same
cx_grid node 0: rep 1 shape 2x3_full (159181605 x 159191131, cut 0 / -1) slots 0: 14.933 s, cache 0 hits 0 misses, C sha256 41e1c3b3e5a99325 same
cache_trace node 0: piece (0, 0) of 2 x 3, 79590803 + 53063711 limbs at 0, slots 1: A - B cached | 2.543 s: redistribute 0.096 ntt 2.392 crt 0.005 out 0.066 carry 0.002
cache_trace node 1: piece (0, 0) of 2 x 3, 79590803 + 53063711 limbs at 0, slots 1: A - B cached | 2.543 s: redistribute 0.095 ntt 2.393 crt 0.005 out 0.067 carry 0.003
cache_trace node 0: piece (1, 0) of 2 x 3, 79590802 + 53063711 limbs at 79590803, slots 1: A - B HIT | 1.757 s: redistribute 0.053 ntt 1.539 crt 0.005 out 0.109 carry 0.064
cache_trace node 1: piece (1, 0) of 2 x 3, 79590802 + 53063711 limbs at 79590803, slots 1: A - B HIT | 1.757 s: redistribute 0.058 ntt 1.537 crt 0.005 out 0.109 carry 0.064
cache_trace node 0: piece (0, 1) of 2 x 3, 79590803 + 53063711 limbs at 53063711, slots 1: A - B cached | 2.509 s: redistribute 0.097 ntt 2.261 crt 0.004 out 0.101 carry 0.056
cache_trace node 1: piece (0, 1) of 2 x 3, 79590803 + 53063711 limbs at 53063711, slots 1: A - B cached | 2.509 s: redistribute 0.096 ntt 2.259 crt 0.003 out 0.105 carry 0.056
cache_trace node 0: piece (1, 1) of 2 x 3, 79590802 + 53063711 limbs at 132654514, slots 1: A - B HIT | 1.655 s: redistribute 0.060 ntt 1.460 crt 0.005 out 0.116 carry 0.058
cache_trace node 1: piece (1, 1) of 2 x 3, 79590802 + 53063711 limbs at 132654514, slots 1: A - B HIT | 1.655 s: redistribute 0.062 ntt 1.450 crt 0.005 out 0.106 carry 0.058
cache_trace node 0: piece (0, 2) of 2 x 3, 79590803 + 53063709 limbs at 106127422, slots 1: A - B cached | 2.515 s: redistribute 0.105 ntt 2.260 crt 0.005 out 0.115 carry 0.059
cache_trace node 1: piece (0, 2) of 2 x 3, 79590803 + 53063709 limbs at 106127422, slots 1: A - B cached | 2.515 s: redistribute 0.103 ntt 2.266 crt 0.005 out 0.111 carry 0.059
cache_trace node 0: piece (1, 2) of 2 x 3, 79590802 + 53063709 limbs at 185718225, slots 1: A - B HIT | 1.605 s: redistribute 0.062 ntt 1.449 crt 0.002 out 0.096 carry 0.042
dist_mn node 0: 159181605 x 159191131 limbs over 2 x 4 ranks (cap 2^27): 2 x 3 pieces, 6 formed, 0 skipped (cache 1 slots: 3 hits, 3 misses)
cache_trace node 1: piece (1, 2) of 2 x 3, 79590802 + 53063709 limbs at 185718225, slots 1: A - B HIT | 1.605 s: redistribute 0.066 ntt 1.442 crt 0.002 out 0.090 carry 0.042
dist_mn node 1: 159181605 x 159191131 limbs over 2 x 4 ranks (cap 2^27): 2 x 3 pieces, 6 formed, 0 skipped (cache 1 slots: 3 hits, 3 misses)
cx_grid node 0: rep 1 shape 2x3_full (159181605 x 159191131, cut 0 / -1) slots 1: 12.590 s, cache 3 hits 3 misses, C sha256 41e1c3b3e5a99325 same
cx_grid node 1: rep 1 shape 2x3_full (159181605 x 159191131, cut 0 / -1) slots 1: 12.590 s, cache 3 hits 3 misses, C sha256 02e9acc692b9f4e1 same
cache_trace node 0: piece (0, 0) of 2 x 3, 79590803 + 53063711 limbs at 0, slots 2: A cached B cached | 2.444 s: redistribute 0.099 ntt 2.273 crt 0.004 out 0.085 carry 0.002
cache_trace node 1: piece (0, 0) of 2 x 3, 79590803 + 53063711 limbs at 0, slots 2: A cached B cached | 2.444 s: redistribute 0.097 ntt 2.278 crt 0.005 out 0.079 carry 0.002
cache_trace node 0: piece (1, 0) of 2 x 3, 79590802 + 53063711 limbs at 79590803, slots 2: A - B HIT | 1.763 s: redistribute 0.060 ntt 1.556 crt 0.004 out 0.108 carry 0.065
cache_trace node 1: piece (1, 0) of 2 x 3, 79590802 + 53063711 limbs at 79590803, slots 2: A - B HIT | 1.763 s: redistribute 0.063 ntt 1.554 crt 0.005 out 0.106 carry 0.065
cache_trace node 0: piece (0, 1) of 2 x 3, 79590803 + 53063711 limbs at 53063711, slots 2: A HIT B cached | 1.730 s: redistribute 0.051 ntt 1.536 crt 0.005 out 0.108 carry 0.062
cache_trace node 1: piece (0, 1) of 2 x 3, 79590803 + 53063711 limbs at 53063711, slots 2: A HIT B cached | 1.730 s: redistribute 0.050 ntt 1.537 crt 0.005 out 0.098 carry 0.062
cache_trace node 0: piece (1, 1) of 2 x 3, 79590802 + 53063711 limbs at 132654514, slots 2: A - B HIT | 1.688 s: redistribute 0.053 ntt 1.495 crt 0.003 out 0.109 carry 0.058
cache_trace node 1: piece (1, 1) of 2 x 3, 79590802 + 53063711 limbs at 132654514, slots 2: A - B HIT | 1.688 s: redistribute 0.055 ntt 1.491 crt 0.003 out 0.107 carry 0.058
cache_trace node 0: piece (0, 2) of 2 x 3, 79590803 + 53063709 limbs at 106127422, slots 2: A HIT B cached | 1.694 s: redistribute 0.042 ntt 1.483 crt 0.005 out 0.110 carry 0.063
cache_trace node 1: piece (0, 2) of 2 x 3, 79590803 + 53063709 limbs at 106127422, slots 2: A HIT B cached | 1.694 s: redistribute 0.039 ntt 1.484 crt 0.005 out 0.113 carry 0.063
cache_trace node 0: piece (1, 2) of 2 x 3, 79590802 + 53063709 limbs at 185718225, slots 2: A - B HIT | 1.995 s: redistribute 0.060 ntt 1.823 crt 0.004 out 0.083 carry 0.043
dist_mn node 0: 159181605 x 159191131 limbs over 2 x 4 ranks (cap 2^27): 2 x 3 pieces, 6 formed, 0 skipped (cache 2 slots: 5 hits, 4 misses)
cache_trace node 1: piece (1, 2) of 2 x 3, 79590802 + 53063709 limbs at 185718225, slots 2: A - B HIT | 1.995 s: redistribute 0.075 ntt 1.824 crt 0.005 out 0.080 carry 0.043
dist_mn node 1: 159181605 x 159191131 limbs over 2 x 4 ranks (cap 2^27): 2 x 3 pieces, 6 formed, 0 skipped (cache 2 slots: 5 hits, 4 misses)
cx_grid node 1: rep 1 shape 2x3_full (159181605 x 159191131, cut 0 / -1) slots 2: 11.319 s, cache 5 hits 4 misses, C sha256 02e9acc692b9f4e1 same
cx_grid node 0: rep 1 shape 2x3_full (159181605 x 159191131, cut 0 / -1) slots 2: 11.319 s, cache 5 hits 4 misses, C sha256 41e1c3b3e5a99325 same
cache_trace node 0: piece (0, 0) of 2 x 6, 78703953 + 52845459 limbs at 0, slots 0: A - B - | 2.767 s: redistribute 0.087 ntt 2.611 crt 0.004 out 0.068 carry 0.003
cache_trace node 1: piece (0, 0) of 2 x 6, 78703953 + 52845459 limbs at 0, slots 0: A - B - | 2.767 s: redistribute 0.086 ntt 2.613 crt 0.004 out 0.073 carry 0.003
cache_trace node 0: piece (1, 0) of 2 x 6, 78703952 + 52845459 limbs at 78703953, slots 0: A - B - | 2.558 s: redistribute 0.093 ntt 2.340 crt 0.005 out 0.075 carry 0.070
cache_trace node 1: piece (1, 0) of 2 x 6, 78703952 + 52845459 limbs at 78703953, slots 0: A - B - | 2.558 s: redistribute 0.092 ntt 2.338 crt 0.005 out 0.080 carry 0.070
cache_trace node 0: piece (0, 1) of 2 x 6, 78703953 + 52845459 limbs at 52845459, slots 0: A - B - | 2.391 s: redistribute 0.087 ntt 2.198 crt 0.005 out 0.071 carry 0.042
cache_trace node 1: piece (0, 1) of 2 x 6, 78703953 + 52845459 limbs at 52845459, slots 0: A - B - | 2.391 s: redistribute 0.087 ntt 2.201 crt 0.005 out 0.073 carry 0.042
cache_trace node 0: piece (1, 1) of 2 x 6, 78703952 + 52845459 limbs at 131549412, slots 0: A - B - | 2.597 s: redistribute 0.114 ntt 2.340 crt 0.005 out 0.102 carry 0.065
cache_trace node 1: piece (1, 1) of 2 x 6, 78703952 + 52845459 limbs at 131549412, slots 0: A - B - | 2.597 s: redistribute 0.110 ntt 2.344 crt 0.005 out 0.110 carry 0.065
cache_trace node 0: piece (0, 2) of 2 x 6, 78703953 + 52845459 limbs at 105690918, slots 0: A - B - | 2.538 s: redistribute 0.094 ntt 2.313 crt 0.005 out 0.074 carry 0.056
cache_trace node 1: piece (0, 2) of 2 x 6, 78703953 + 52845459 limbs at 105690918, slots 0: A - B - | 2.538 s: redistribute 0.092 ntt 2.323 crt 0.005 out 0.073 carry 0.057
cache_trace node 0: piece (1, 2) of 2 x 6, 78703952 + 52845459 limbs at 184394871, slots 0: A - B - | 2.694 s: redistribute 0.112 ntt 2.413 crt 0.005 out 0.108 carry 0.065
cache_trace node 1: piece (1, 2) of 2 x 6, 78703952 + 52845459 limbs at 184394871, slots 0: A - B - | 2.694 s: redistribute 0.108 ntt 2.438 crt 0.005 out 0.094 carry 0.065
cache_trace node 0: piece (0, 3) of 2 x 6, 78703953 + 52845459 limbs at 158536377, slots 0: A - B - | 2.660 s: redistribute 0.119 ntt 2.417 crt 0.005 out 0.104 carry 0.053
cache_trace node 1: piece (0, 3) of 2 x 6, 78703953 + 52845459 limbs at 158536377, slots 0: A - B - | 2.661 s: redistribute 0.118 ntt 2.411 crt 0.005 out 0.103 carry 0.054
cache_trace node 0: piece (1, 3) of 2 x 6, 78703952 + 52845459 limbs at 237240330, slots 0: A - B - | 2.585 s: redistribute 0.116 ntt 2.355 crt 0.005 out 0.062 carry 0.086
cache_trace node 1: piece (1, 3) of 2 x 6, 78703952 + 52845459 limbs at 237240330, slots 0: A - B - | 2.585 s: redistribute 0.114 ntt 2.359 crt 0.005 out 0.059 carry 0.086
cache_trace node 0: piece (0, 4) of 2 x 6, 78703953 + 52845459 limbs at 211381836, slots 0: A - B - | 2.492 s: redistribute 0.107 ntt 2.252 crt 0.003 out 0.097 carry 0.067
cache_trace node 1: piece (0, 4) of 2 x 6, 78703953 + 52845459 limbs at 211381836, slots 0: A - B - | 2.492 s: redistribute 0.104 ntt 2.251 crt 0.004 out 0.096 carry 0.067
cache_trace node 0: piece (1, 4) of 2 x 6, 78703952 + 52845459 limbs at 290085789, slots 0: A - B - | 2.500 s: redistribute 0.097 ntt 2.308 crt 0.005 out 0.078 carry 0.042
cache_trace node 1: piece (1, 4) of 2 x 6, 78703952 + 52845459 limbs at 290085789, slots 0: A - B - | 2.500 s: redistribute 0.082 ntt 2.309 crt 0.005 out 0.085 carry 0.042
cache_trace node 0: piece (0, 5) of 2 x 6, 78703953 + 52845454 limbs at 264227295, slots 0: A - B - | 2.609 s: redistribute 0.093 ntt 2.397 crt 0.005 out 0.067 carry 0.067
cache_trace node 1: piece (0, 5) of 2 x 6, 78703953 + 52845454 limbs at 264227295, slots 0: A - B - | 2.609 s: redistribute 0.091 ntt 2.401 crt 0.005 out 0.065 carry 0.066
cache_trace node 0: piece (1, 5) of 2 x 6, 78703952 + 52845454 limbs at 342931248, slots 0: A - B - | 2.668 s: redistribute 0.094 ntt 2.400 crt 0.002 out 0.101 carry 0.082
dist_mn node 0: 157407905 x 317072749 limbs over 2 x 4 ranks (cap 2^27): 2 x 6 pieces, 12 formed, 0 skipped (cache 0 slots: 0 hits, 0 misses)
cache_trace node 1: piece (1, 5) of 2 x 6, 78703952 + 52845454 limbs at 342931248, slots 0: A - B - | 2.668 s: redistribute 0.091 ntt 2.423 crt 0.003 out 0.082 carry 0.082
dist_mn node 1: 157407905 x 317072749 limbs over 2 x 4 ranks (cap 2^27): 2 x 6 pieces, 12 formed, 0 skipped (cache 0 slots: 0 hits, 0 misses)
cx_grid node 0: rep 1 shape 2x6_full (157407905 x 317072749, cut 0 / -1) slots 0: 31.068 s, cache 0 hits 0 misses, C sha256 5507aea46ef9a99d same
cx_grid node 1: rep 1 shape 2x6_full (157407905 x 317072749, cut 0 / -1) slots 0: 31.067 s, cache 0 hits 0 misses, C sha256 3b9b33f40caeeab1 same
cache_trace node 0: piece (0, 0) of 2 x 6, 78703953 + 52845459 limbs at 0, slots 1: A - B cached | 2.445 s: redistribute 0.102 ntt 2.277 crt 0.005 out 0.080 carry 0.003
cache_trace node 1: piece (0, 0) of 2 x 6, 78703953 + 52845459 limbs at 0, slots 1: A - B cached | 2.445 s: redistribute 0.101 ntt 2.277 crt 0.005 out 0.079 carry 0.004
cache_trace node 0: piece (1, 0) of 2 x 6, 78703952 + 52845459 limbs at 78703953, slots 1: A - B HIT | 1.721 s: redistribute 0.060 ntt 1.530 crt 0.005 out 0.072 carry 0.070
cache_trace node 1: piece (1, 0) of 2 x 6, 78703952 + 52845459 limbs at 78703953, slots 1: A - B HIT | 1.721 s: redistribute 0.062 ntt 1.526 crt 0.005 out 0.074 carry 0.070
cache_trace node 0: piece (0, 1) of 2 x 6, 78703953 + 52845459 limbs at 52845459, slots 1: A - B cached | 2.481 s: redistribute 0.096 ntt 2.279 crt 0.005 out 0.071 carry 0.042
cache_trace node 1: piece (0, 1) of 2 x 6, 78703953 + 52845459 limbs at 52845459, slots 1: A - B cached | 2.481 s: redistribute 0.094 ntt 2.284 crt 0.005 out 0.068 carry 0.042
cache_trace node 0: piece (1, 1) of 2 x 6, 78703952 + 52845459 limbs at 131549412, slots 1: A - B HIT | 1.779 s: redistribute 0.059 ntt 1.579 crt 0.002 out 0.091 carry 0.068
cache_trace node 1: piece (1, 1) of 2 x 6, 78703952 + 52845459 limbs at 131549412, slots 1: A - B HIT | 1.779 s: redistribute 0.061 ntt 1.556 crt 0.002 out 0.100 carry 0.068
cache_trace node 0: piece (0, 2) of 2 x 6, 78703953 + 52845459 limbs at 105690918, slots 1: A - B cached | 2.534 s: redistribute 0.096 ntt 2.329 crt 0.005 out 0.073 carry 0.055
cache_trace node 1: piece (0, 2) of 2 x 6, 78703953 + 52845459 limbs at 105690918, slots 1: A - B cached | 2.534 s: redistribute 0.094 ntt 2.330 crt 0.005 out 0.078 carry 0.055
cache_trace node 0: piece (1, 2) of 2 x 6, 78703952 + 52845459 limbs at 184394871, slots 1: A - B HIT | 1.738 s: redistribute 0.057 ntt 1.539 crt 0.002 out 0.115 carry 0.064
cache_trace node 1: piece (1, 2) of 2 x 6, 78703952 + 52845459 limbs at 184394871, slots 1: A - B HIT | 1.738 s: redistribute 0.059 ntt 1.539 crt 0.003 out 0.098 carry 0.064
cache_trace node 0: piece (0, 3) of 2 x 6, 78703953 + 52845459 limbs at 158536377, slots 1: A - B cached | 2.560 s: redistribute 0.101 ntt 2.324 crt 0.003 out 0.093 carry 0.057
cache_trace node 1: piece (0, 3) of 2 x 6, 78703953 + 52845459 limbs at 158536377, slots 1: A - B cached | 2.560 s: redistribute 0.100 ntt 2.320 crt 0.003 out 0.100 carry 0.057
cache_trace node 0: piece (1, 3) of 2 x 6, 78703952 + 52845459 limbs at 237240330, slots 1: A - B HIT | 1.741 s: redistribute 0.070 ntt 1.507 crt 0.003 out 0.097 carry 0.083
cache_trace node 1: piece (1, 3) of 2 x 6, 78703952 + 52845459 limbs at 237240330, slots 1: A - B HIT | 1.741 s: redistribute 0.071 ntt 1.502 crt 0.002 out 0.089 carry 0.083
cache_trace node 0: piece (0, 4) of 2 x 6, 78703953 + 52845459 limbs at 211381836, slots 1: A - B cached | 2.515 s: redistribute 0.102 ntt 2.249 crt 0.003 out 0.102 carry 0.060
cache_trace node 1: piece (0, 4) of 2 x 6, 78703953 + 52845459 limbs at 211381836, slots 1: A - B cached | 2.515 s: redistribute 0.101 ntt 2.246 crt 0.004 out 0.106 carry 0.060
cache_trace node 0: piece (1, 4) of 2 x 6, 78703952 + 52845459 limbs at 290085789, slots 1: A - B HIT | 1.864 s: redistribute 0.056 ntt 1.692 crt 0.005 out 0.080 carry 0.042
cache_trace node 1: piece (1, 4) of 2 x 6, 78703952 + 52845459 limbs at 290085789, slots 1: A - B HIT | 1.864 s: redistribute 0.057 ntt 1.688 crt 0.004 out 0.079 carry 0.042
cache_trace node 0: piece (0, 5) of 2 x 6, 78703953 + 52845454 limbs at 264227295, slots 1: A - B cached | 2.572 s: redistribute 0.103 ntt 2.364 crt 0.003 out 0.070 carry 0.066
cache_trace node 1: piece (0, 5) of 2 x 6, 78703953 + 52845454 limbs at 264227295, slots 1: A - B cached | 2.572 s: redistribute 0.101 ntt 2.363 crt 0.002 out 0.072 carry 0.066
cache_trace node 0: piece (1, 5) of 2 x 6, 78703952 + 52845454 limbs at 342931248, slots 1: A - B HIT | 1.916 s: redistribute 0.047 ntt 1.722 crt 0.003 out 0.071 carry 0.081
dist_mn node 0: 157407905 x 317072749 limbs over 2 x 4 ranks (cap 2^27): 2 x 6 pieces, 12 formed, 0 skipped (cache 1 slots: 6 hits, 6 misses)
cache_trace node 1: piece (1, 5) of 2 x 6, 78703952 + 52845454 limbs at 342931248, slots 1: A - B HIT | 1.916 s: redistribute 0.047 ntt 1.727 crt 0.002 out 0.074 carry 0.081
dist_mn node 1: 157407905 x 317072749 limbs over 2 x 4 ranks (cap 2^27): 2 x 6 pieces, 12 formed, 0 skipped (cache 1 slots: 6 hits, 6 misses)
cx_grid node 1: rep 1 shape 2x6_full (157407905 x 317072749, cut 0 / -1) slots 1: 25.877 s, cache 6 hits 6 misses, C sha256 3b9b33f40caeeab1 same
cx_grid node 0: rep 1 shape 2x6_full (157407905 x 317072749, cut 0 / -1) slots 1: 25.877 s, cache 6 hits 6 misses, C sha256 5507aea46ef9a99d same
cache_trace node 0: piece (0, 0) of 2 x 6, 78703953 + 52845459 limbs at 0, slots 2: A cached B cached | 2.766 s: redistribute 0.098 ntt 2.607 crt 0.005 out 0.068 carry 0.003
cache_trace node 1: piece (0, 0) of 2 x 6, 78703953 + 52845459 limbs at 0, slots 2: A cached B cached | 2.766 s: redistribute 0.097 ntt 2.608 crt 0.005 out 0.068 carry 0.003
cache_trace node 0: piece (1, 0) of 2 x 6, 78703952 + 52845459 limbs at 78703953, slots 2: A - B HIT | 1.790 s: redistribute 0.050 ntt 1.606 crt 0.003 out 0.074 carry 0.069
cache_trace node 1: piece (1, 0) of 2 x 6, 78703952 + 52845459 limbs at 78703953, slots 2: A - B HIT | 1.790 s: redistribute 0.052 ntt 1.601 crt 0.002 out 0.078 carry 0.070
cache_trace node 0: piece (0, 1) of 2 x 6, 78703953 + 52845459 limbs at 52845459, slots 2: A HIT B cached | 2.077 s: redistribute 0.053 ntt 1.905 crt 0.003 out 0.084 carry 0.042
cache_trace node 1: piece (0, 1) of 2 x 6, 78703953 + 52845459 limbs at 52845459, slots 2: A HIT B cached | 2.077 s: redistribute 0.052 ntt 1.909 crt 0.005 out 0.082 carry 0.043
cache_trace node 0: piece (1, 1) of 2 x 6, 78703952 + 52845459 limbs at 131549412, slots 2: A - B HIT | 2.270 s: redistribute 0.067 ntt 2.044 crt 0.004 out 0.108 carry 0.060
cache_trace node 1: piece (1, 1) of 2 x 6, 78703952 + 52845459 limbs at 131549412, slots 2: A - B HIT | 2.270 s: redistribute 0.069 ntt 2.040 crt 0.003 out 0.110 carry 0.060
cache_trace node 0: piece (0, 2) of 2 x 6, 78703953 + 52845459 limbs at 105690918, slots 2: A HIT B cached | 1.733 s: redistribute 0.053 ntt 1.578 crt 0.005 out 0.063 carry 0.054
cache_trace node 1: piece (0, 2) of 2 x 6, 78703953 + 52845459 limbs at 105690918, slots 2: A HIT B cached | 1.733 s: redistribute 0.050 ntt 1.579 crt 0.005 out 0.066 carry 0.055
cache_trace node 0: piece (1, 2) of 2 x 6, 78703952 + 52845459 limbs at 184394871, slots 2: A - B HIT | 1.688 s: redistribute 0.053 ntt 1.457 crt 0.004 out 0.111 carry 0.076
cache_trace node 1: piece (1, 2) of 2 x 6, 78703952 + 52845459 limbs at 184394871, slots 2: A - B HIT | 1.688 s: redistribute 0.055 ntt 1.455 crt 0.004 out 0.113 carry 0.076
cache_trace node 0: piece (0, 3) of 2 x 6, 78703953 + 52845459 limbs at 158536377, slots 2: A HIT B cached | 1.681 s: redistribute 0.046 ntt 1.478 crt 0.005 out 0.121 carry 0.055
cache_trace node 1: piece (0, 3) of 2 x 6, 78703953 + 52845459 limbs at 158536377, slots 2: A HIT B cached | 1.681 s: redistribute 0.045 ntt 1.492 crt 0.005 out 0.101 carry 0.055
cache_trace node 0: piece (1, 3) of 2 x 6, 78703952 + 52845459 limbs at 237240330, slots 2: A - B HIT | 1.671 s: redistribute 0.068 ntt 1.471 crt 0.005 out 0.064 carry 0.084
cache_trace node 1: piece (1, 3) of 2 x 6, 78703952 + 52845459 limbs at 237240330, slots 2: A - B HIT | 1.671 s: redistribute 0.068 ntt 1.463 crt 0.004 out 0.075 carry 0.084
cache_trace node 0: piece (0, 4) of 2 x 6, 78703953 + 52845459 limbs at 211381836, slots 2: A HIT B cached | 1.679 s: redistribute 0.052 ntt 1.485 crt 0.005 out 0.085 carry 0.067
cache_trace node 1: piece (0, 4) of 2 x 6, 78703953 + 52845459 limbs at 211381836, slots 2: A HIT B cached | 1.679 s: redistribute 0.051 ntt 1.488 crt 0.005 out 0.089 carry 0.066
cache_trace node 0: piece (1, 4) of 2 x 6, 78703952 + 52845459 limbs at 290085789, slots 2: A - B HIT | 1.666 s: redistribute 0.055 ntt 1.499 crt 0.005 out 0.078 carry 0.042
cache_trace node 1: piece (1, 4) of 2 x 6, 78703952 + 52845459 limbs at 290085789, slots 2: A - B HIT | 1.666 s: redistribute 0.060 ntt 1.496 crt 0.005 out 0.079 carry 0.042
cache_trace node 0: piece (0, 5) of 2 x 6, 78703953 + 52845454 limbs at 264227295, slots 2: A HIT B cached | 1.751 s: redistribute 0.041 ntt 1.572 crt 0.005 out 0.081 carry 0.065
cache_trace node 1: piece (0, 5) of 2 x 6, 78703953 + 52845454 limbs at 264227295, slots 2: A HIT B cached | 1.751 s: redistribute 0.039 ntt 1.570 crt 0.005 out 0.084 carry 0.065
cache_trace node 0: piece (1, 5) of 2 x 6, 78703952 + 52845454 limbs at 342931248, slots 2: A - B HIT | 1.798 s: redistribute 0.044 ntt 1.608 crt 0.003 out 0.075 carry 0.080
dist_mn node 0: 157407905 x 317072749 limbs over 2 x 4 ranks (cap 2^27): 2 x 6 pieces, 12 formed, 0 skipped (cache 2 slots: 11 hits, 7 misses)
cache_trace node 1: piece (1, 5) of 2 x 6, 78703952 + 52845454 limbs at 342931248, slots 2: A - B HIT | 1.798 s: redistribute 0.045 ntt 1.604 crt 0.002 out 0.071 carry 0.080
dist_mn node 1: 157407905 x 317072749 limbs over 2 x 4 ranks (cap 2^27): 2 x 6 pieces, 12 formed, 0 skipped (cache 2 slots: 11 hits, 7 misses)
cx_grid node 1: rep 1 shape 2x6_full (157407905 x 317072749, cut 0 / -1) slots 2: 22.581 s, cache 11 hits 7 misses, C sha256 3b9b33f40caeeab1 same
cx_grid node 0: rep 1 shape 2x6_full (157407905 x 317072749, cut 0 / -1) slots 2: 22.581 s, cache 11 hits 7 misses, C sha256 5507aea46ef9a99d same
cache_trace node 0: piece (0, 0) of 2 x 2, 58235255 + 59310082 limbs at 0, slots 0: A - B - | 2.487 s: redistribute 0.085 ntt 2.341 crt 0.005 out 0.064 carry 0.002
cache_trace node 1: piece (0, 0) of 2 x 2, 58235255 + 59310082 limbs at 0, slots 0: A - B - | 2.487 s: redistribute 0.084 ntt 2.346 crt 0.005 out 0.059 carry 0.002
cache_trace node 0: piece (1, 0) of 2 x 2, 58235254 + 59310082 limbs at 58235255, slots 0: A - B - | 2.524 s: redistribute 0.111 ntt 2.276 crt 0.002 out 0.121 carry 0.053
cache_trace node 1: piece (1, 0) of 2 x 2, 58235254 + 59310082 limbs at 58235255, slots 0: A - B - | 2.524 s: redistribute 0.109 ntt 2.277 crt 0.002 out 0.129 carry 0.053
cache_trace node 0: piece (0, 1) of 2 x 2, 58235255 + 59310081 limbs at 59310082, slots 0: A - B - | 2.565 s: redistribute 0.112 ntt 2.296 crt 0.002 out 0.103 carry 0.053
cache_trace node 1: piece (0, 1) of 2 x 2, 58235255 + 59310081 limbs at 59310082, slots 0: A - B - | 2.565 s: redistribute 0.111 ntt 2.298 crt 0.002 out 0.100 carry 0.054
cache_trace node 0: piece (1, 1) of 2 x 2, 58235254 + 59310081 limbs at 117545337, slots 0: A - B - | 2.365 s: redistribute 0.102 ntt 2.208 crt 0.004 out 0.083 carry 0.005
dist_mn node 0: 116470509 x 118620163 limbs over 2 x 4 ranks (cap 2^27): 2 x 2 pieces, 4 formed, 0 skipped (cache 0 slots: 0 hits, 0 misses)
cache_trace node 1: piece (1, 1) of 2 x 2, 58235254 + 59310081 limbs at 117545337, slots 0: A - B - | 2.365 s: redistribute 0.100 ntt 2.209 crt 0.003 out 0.081 carry 0.005
dist_mn node 1: 116470509 x 118620163 limbs over 2 x 4 ranks (cap 2^27): 2 x 2 pieces, 4 formed, 0 skipped (cache 0 slots: 0 hits, 0 misses)
cx_grid node 1: rep 1 shape 2x2_full (116470509 x 118620163, cut 0 / -1) slots 0: 9.945 s, cache 0 hits 0 misses, C sha256 7cb94b3b2a00a3e6 same
cx_grid node 0: rep 1 shape 2x2_full (116470509 x 118620163, cut 0 / -1) slots 0: 9.945 s, cache 0 hits 0 misses, C sha256 91ed4b601c295a52 same
cache_trace node 0: piece (0, 0) of 2 x 2, 58235255 + 59310082 limbs at 0, slots 1: A - B cached | 2.403 s: redistribute 0.085 ntt 2.272 crt 0.003 out 0.075 carry 0.002
cache_trace node 1: piece (0, 0) of 2 x 2, 58235255 + 59310082 limbs at 0, slots 1: A - B cached | 2.403 s: redistribute 0.084 ntt 2.271 crt 0.002 out 0.077 carry 0.002
cache_trace node 0: piece (1, 0) of 2 x 2, 58235254 + 59310082 limbs at 58235255, slots 1: A - B HIT | 1.662 s: redistribute 0.044 ntt 1.470 crt 0.003 out 0.102 carry 0.052
cache_trace node 1: piece (1, 0) of 2 x 2, 58235254 + 59310082 limbs at 58235255, slots 1: A - B HIT | 1.662 s: redistribute 0.046 ntt 1.464 crt 0.002 out 0.100 carry 0.052
cache_trace node 1: piece (0, 1) of 2 x 2, 58235255 + 59310081 limbs at 59310082, slots 1: A - B cached | 2.522 s: redistribute 0.090 ntt 2.295 crt 0.003 out 0.099 carry 0.053
cache_trace node 0: piece (0, 1) of 2 x 2, 58235255 + 59310081 limbs at 59310082, slots 1: A - B cached | 2.522 s: redistribute 0.091 ntt 2.290 crt 0.004 out 0.103 carry 0.053
cache_trace node 0: piece (1, 1) of 2 x 2, 58235254 + 59310081 limbs at 117545337, slots 1: A - B HIT | 1.600 s: redistribute 0.041 ntt 1.486 crt 0.002 out 0.082 carry 0.005
dist_mn node 0: 116470509 x 118620163 limbs over 2 x 4 ranks (cap 2^27): 2 x 2 pieces, 4 formed, 0 skipped (cache 1 slots: 2 hits, 2 misses)
cache_trace node 1: piece (1, 1) of 2 x 2, 58235254 + 59310081 limbs at 117545337, slots 1: A - B HIT | 1.600 s: redistribute 0.050 ntt 1.480 crt 0.002 out 0.081 carry 0.005
dist_mn node 1: 116470509 x 118620163 limbs over 2 x 4 ranks (cap 2^27): 2 x 2 pieces, 4 formed, 0 skipped (cache 1 slots: 2 hits, 2 misses)
cx_grid node 1: rep 1 shape 2x2_full (116470509 x 118620163, cut 0 / -1) slots 1: 8.191 s, cache 2 hits 2 misses, C sha256 7cb94b3b2a00a3e6 same
cx_grid node 0: rep 1 shape 2x2_full (116470509 x 118620163, cut 0 / -1) slots 1: 8.191 s, cache 2 hits 2 misses, C sha256 91ed4b601c295a52 same
cache_trace node 0: piece (0, 0) of 2 x 2, 58235255 + 59310082 limbs at 0, slots 2: A cached B cached | 2.409 s: redistribute 0.089 ntt 2.258 crt 0.005 out 0.070 carry 0.002
cache_trace node 1: piece (0, 0) of 2 x 2, 58235255 + 59310082 limbs at 0, slots 2: A cached B cached | 2.409 s: redistribute 0.088 ntt 2.259 crt 0.005 out 0.065 carry 0.002
cache_trace node 0: piece (1, 0) of 2 x 2, 58235254 + 59310082 limbs at 58235255, slots 2: A - B HIT | 1.726 s: redistribute 0.049 ntt 1.545 crt 0.002 out 0.085 carry 0.051
cache_trace node 1: piece (1, 0) of 2 x 2, 58235254 + 59310082 limbs at 58235255, slots 2: A - B HIT | 1.726 s: redistribute 0.050 ntt 1.545 crt 0.002 out 0.095 carry 0.051
cache_trace node 0: piece (0, 1) of 2 x 2, 58235255 + 59310081 limbs at 59310082, slots 2: A HIT B cached | 1.720 s: redistribute 0.045 ntt 1.527 crt 0.005 out 0.101 carry 0.056
cache_trace node 1: piece (0, 1) of 2 x 2, 58235255 + 59310081 limbs at 59310082, slots 2: A HIT B cached | 1.720 s: redistribute 0.044 ntt 1.528 crt 0.005 out 0.101 carry 0.056
cache_trace node 0: piece (1, 1) of 2 x 2, 58235254 + 59310081 limbs at 117545337, slots 2: A - B HIT | 1.658 s: redistribute 0.044 ntt 1.547 crt 0.004 out 0.072 carry 0.005
dist_mn node 0: 116470509 x 118620163 limbs over 2 x 4 ranks (cap 2^27): 2 x 2 pieces, 4 formed, 0 skipped (cache 2 slots: 3 hits, 3 misses)
cache_trace node 1: piece (1, 1) of 2 x 2, 58235254 + 59310081 limbs at 117545337, slots 2: A - B HIT | 1.658 s: redistribute 0.060 ntt 1.542 crt 0.004 out 0.068 carry 0.005
dist_mn node 1: 116470509 x 118620163 limbs over 2 x 4 ranks (cap 2^27): 2 x 2 pieces, 4 formed, 0 skipped (cache 2 slots: 3 hits, 3 misses)
cx_grid node 0: rep 1 shape 2x2_full (116470509 x 118620163, cut 0 / -1) slots 2: 7.518 s, cache 3 hits 3 misses, C sha256 91ed4b601c295a52 same
cx_grid node 1: rep 1 shape 2x2_full (116470509 x 118620163, cut 0 / -1) slots 2: 7.518 s, cache 3 hits 3 misses, C sha256 7cb94b3b2a00a3e6 same
cache_trace node 0: piece (0, 0) of 2 x 2, 86466471 + 43233236 limbs at 0, slots 0: A - B - | 2.474 s: redistribute 0.110 ntt 2.261 crt 0.005 out 0.123 carry 0.002
cache_trace node 1: piece (0, 0) of 2 x 2, 86466471 + 43233236 limbs at 0, slots 0: A - B - | 2.474 s: redistribute 0.111 ntt 2.284 crt 0.005 out 0.103 carry 0.002
cache_trace node 0: piece (1, 0) of 2 x 2, 86466471 + 43233236 limbs at 86466471, slots 0: A - B - | 2.466 s: redistribute 0.107 ntt 2.317 crt 0.005 out 0.055 carry 0.004
cache_trace node 1: piece (1, 0) of 2 x 2, 86466471 + 43233236 limbs at 86466471, slots 0: A - B - | 2.466 s: redistribute 0.108 ntt 2.316 crt 0.005 out 0.056 carry 0.004
cache_trace node 0: piece (0, 1) of 2 x 2, 86466471 + 43233235 limbs at 43233236, slots 0: A - B - | 2.507 s: redistribute 0.108 ntt 2.316 crt 0.005 out 0.100 carry 0.031
cache_trace node 1: piece (0, 1) of 2 x 2, 86466471 + 43233235 limbs at 43233236, slots 0: A - B - | 2.507 s: redistribute 0.106 ntt 2.322 crt 0.005 out 0.091 carry 0.031
cache_trace node 0: piece (1, 1) of 2 x 2, 86466471 + 43233235 limbs at 129699707, slots 0: A - B - | 2.455 s: redistribute 0.126 ntt 2.277 crt 0.003 out 0.057 carry 0.030
dist_mn node 0: 172932942 x 86466471 limbs over 2 x 4 ranks (cap 2^27): 2 x 2 pieces, 4 formed, 0 skipped (low product) (low cut) (cache 0 slots: 0 hits, 0 misses)
cache_trace node 1: piece (1, 1) of 2 x 2, 86466471 + 43233235 limbs at 129699707, slots 0: A - B - | 2.455 s: redistribute 0.125 ntt 2.292 crt 0.004 out 0.062 carry 0.030
dist_mn node 1: 172932942 x 86466471 limbs over 2 x 4 ranks (cap 2^27): 2 x 2 pieces, 4 formed, 0 skipped (low product) (low cut) (cache 0 slots: 0 hits, 0 misses)
cx_grid node 1: rep 1 shape 2x2_lowhighcut (172932942 x 86466471, cut 86466471 / 172932942) slots 0: 9.907 s, cache 0 hits 0 misses, C sha256 441afe7ecc9ae432 same
cx_grid node 0: rep 1 shape 2x2_lowhighcut (172932942 x 86466471, cut 86466471 / 172932942) slots 0: 9.907 s, cache 0 hits 0 misses, C sha256 4b040c3f61b7d6af same
cache_trace node 0: piece (0, 0) of 2 x 2, 86466471 + 43233236 limbs at 0, slots 1: A - B cached | 2.542 s: redistribute 0.099 ntt 2.346 crt 0.005 out 0.121 carry 0.002
cache_trace node 1: piece (0, 0) of 2 x 2, 86466471 + 43233236 limbs at 0, slots 1: A - B cached | 2.542 s: redistribute 0.100 ntt 2.343 crt 0.005 out 0.124 carry 0.002
cache_trace node 0: piece (1, 0) of 2 x 2, 86466471 + 43233236 limbs at 86466471, slots 1: A - B HIT | 1.612 s: redistribute 0.065 ntt 1.504 crt 0.005 out 0.061 carry 0.004
cache_trace node 1: piece (1, 0) of 2 x 2, 86466471 + 43233236 limbs at 86466471, slots 1: A - B HIT | 1.612 s: redistribute 0.063 ntt 1.506 crt 0.005 out 0.058 carry 0.004
cache_trace node 0: piece (0, 1) of 2 x 2, 86466471 + 43233235 limbs at 43233236, slots 1: A - B cached | 2.485 s: redistribute 0.099 ntt 2.258 crt 0.005 out 0.103 carry 0.031
cache_trace node 1: piece (0, 1) of 2 x 2, 86466471 + 43233235 limbs at 43233236, slots 1: A - B cached | 2.485 s: redistribute 0.098 ntt 2.258 crt 0.004 out 0.104 carry 0.031
cache_trace node 0: piece (1, 1) of 2 x 2, 86466471 + 43233235 limbs at 129699707, slots 1: A - B HIT | 1.687 s: redistribute 0.070 ntt 1.549 crt 0.005 out 0.043 carry 0.031
dist_mn node 0: 172932942 x 86466471 limbs over 2 x 4 ranks (cap 2^27): 2 x 2 pieces, 4 formed, 0 skipped (low product) (low cut) (cache 1 slots: 2 hits, 2 misses)
cache_trace node 1: piece (1, 1) of 2 x 2, 86466471 + 43233235 limbs at 129699707, slots 1: A - B HIT | 1.687 s: redistribute 0.068 ntt 1.549 crt 0.005 out 0.054 carry 0.031
dist_mn node 1: 172932942 x 86466471 limbs over 2 x 4 ranks (cap 2^27): 2 x 2 pieces, 4 formed, 0 skipped (low product) (low cut) (cache 1 slots: 2 hits, 2 misses)
cx_grid node 1: rep 1 shape 2x2_lowhighcut (172932942 x 86466471, cut 86466471 / 172932942) slots 1: 8.330 s, cache 2 hits 2 misses, C sha256 441afe7ecc9ae432 same
cx_grid node 0: rep 1 shape 2x2_lowhighcut (172932942 x 86466471, cut 86466471 / 172932942) slots 1: 8.330 s, cache 2 hits 2 misses, C sha256 4b040c3f61b7d6af same
cache_trace node 0: piece (0, 0) of 2 x 2, 86466471 + 43233236 limbs at 0, slots 2: A cached B cached | 2.409 s: redistribute 0.095 ntt 2.199 crt 0.004 out 0.130 carry 0.001
cache_trace node 1: piece (0, 0) of 2 x 2, 86466471 + 43233236 limbs at 0, slots 2: A cached B cached | 2.409 s: redistribute 0.096 ntt 2.210 crt 0.005 out 0.101 carry 0.002
cache_trace node 0: piece (1, 0) of 2 x 2, 86466471 + 43233236 limbs at 86466471, slots 2: A - B HIT | 1.653 s: redistribute 0.059 ntt 1.537 crt 0.005 out 0.055 carry 0.004
cache_trace node 1: piece (1, 0) of 2 x 2, 86466471 + 43233236 limbs at 86466471, slots 2: A - B HIT | 1.653 s: redistribute 0.056 ntt 1.541 crt 0.005 out 0.067 carry 0.004
cache_trace node 0: piece (0, 1) of 2 x 2, 86466471 + 43233235 limbs at 43233236, slots 2: A HIT B cached | 1.666 s: redistribute 0.042 ntt 1.494 crt 0.005 out 0.110 carry 0.031
cache_trace node 1: piece (0, 1) of 2 x 2, 86466471 + 43233235 limbs at 43233236, slots 2: A HIT B cached | 1.666 s: redistribute 0.038 ntt 1.489 crt 0.004 out 0.111 carry 0.031
cache_trace node 0: piece (1, 1) of 2 x 2, 86466471 + 43233235 limbs at 129699707, slots 2: A - B HIT | 1.628 s: redistribute 0.111 ntt 1.505 crt 0.004 out 0.042 carry 0.030
dist_mn node 0: 172932942 x 86466471 limbs over 2 x 4 ranks (cap 2^27): 2 x 2 pieces, 4 formed, 0 skipped (low product) (low cut) (cache 2 slots: 3 hits, 3 misses)
cache_trace node 1: piece (1, 1) of 2 x 2, 86466471 + 43233235 limbs at 129699707, slots 2: A - B HIT | 1.628 s: redistribute 0.092 ntt 1.506 crt 0.003 out 0.057 carry 0.030
dist_mn node 1: 172932942 x 86466471 limbs over 2 x 4 ranks (cap 2^27): 2 x 2 pieces, 4 formed, 0 skipped (low product) (low cut) (cache 2 slots: 3 hits, 3 misses)
cx_grid node 1: rep 1 shape 2x2_lowhighcut (172932942 x 86466471, cut 86466471 / 172932942) slots 2: 7.361 s, cache 3 hits 3 misses, C sha256 441afe7ecc9ae432 same
cx_grid node 0: rep 1 shape 2x2_lowhighcut (172932942 x 86466471, cut 86466471 / 172932942) slots 2: 7.361 s, cache 3 hits 3 misses, C sha256 4b040c3f61b7d6af same
cache_trace node 0: piece (0, 0) of 1 x 2, 86466471 + 43233236 limbs at 0, slots 0: A - B - | 2.478 s: redistribute 0.120 ntt 2.279 crt 0.005 out 0.121 carry 0.002
cache_trace node 1: piece (0, 0) of 1 x 2, 86466471 + 43233236 limbs at 0, slots 0: A - B - | 2.478 s: redistribute 0.121 ntt 2.278 crt 0.005 out 0.117 carry 0.002
cache_trace node 0: piece (0, 1) of 1 x 2, 86466471 + 43233235 limbs at 43233236, slots 0: A - B - | 2.489 s: redistribute 0.122 ntt 2.253 crt 0.002 out 0.096 carry 0.033
dist_mn node 0: 86466471 x 86466471 limbs over 2 x 4 ranks (cap 2^27): 1 x 2 pieces, 2 formed, 0 skipped (low cut) (cache 0 slots: 0 hits, 0 misses)
cache_trace node 1: piece (0, 1) of 1 x 2, 86466471 + 43233235 limbs at 43233236, slots 0: A - B - | 2.489 s: redistribute 0.121 ntt 2.257 crt 0.003 out 0.098 carry 0.032
dist_mn node 1: 86466471 x 86466471 limbs over 2 x 4 ranks (cap 2^27): 1 x 2 pieces, 2 formed, 0 skipped (low cut) (cache 0 slots: 0 hits, 0 misses)
cx_grid node 1: rep 1 shape 1x2_lowcut (86466471 x 86466471, cut 86466471 / -1) slots 0: 4.971 s, cache 0 hits 0 misses, C sha256 343d5345964372b1 same
cx_grid node 0: rep 1 shape 1x2_lowcut (86466471 x 86466471, cut 86466471 / -1) slots 0: 4.971 s, cache 0 hits 0 misses, C sha256 9f9803635b1064c7 same
cache_trace node 0: piece (0, 0) of 1 x 2, 86466471 + 43233236 limbs at 0, slots 1: A - B cached | 2.437 s: redistribute 0.118 ntt 2.236 crt 0.005 out 0.111 carry 0.002
cache_trace node 1: piece (0, 0) of 1 x 2, 86466471 + 43233236 limbs at 0, slots 1: A - B cached | 2.437 s: redistribute 0.135 ntt 2.238 crt 0.005 out 0.107 carry 0.002
cache_trace node 0: piece (0, 1) of 1 x 2, 86466471 + 43233235 limbs at 43233236, slots 1: A - B cached | 2.501 s: redistribute 0.106 ntt 2.242 crt 0.005 out 0.125 carry 0.031
dist_mn node 0: 86466471 x 86466471 limbs over 2 x 4 ranks (cap 2^27): 1 x 2 pieces, 2 formed, 0 skipped (low cut) (cache 1 slots: 0 hits, 2 misses)
cache_trace node 1: piece (0, 1) of 1 x 2, 86466471 + 43233235 limbs at 43233236, slots 1: A - B cached | 2.501 s: redistribute 0.105 ntt 2.245 crt 0.004 out 0.117 carry 0.031
dist_mn node 1: 86466471 x 86466471 limbs over 2 x 4 ranks (cap 2^27): 1 x 2 pieces, 2 formed, 0 skipped (low cut) (cache 1 slots: 0 hits, 2 misses)
cx_grid node 1: rep 1 shape 1x2_lowcut (86466471 x 86466471, cut 86466471 / -1) slots 1: 4.942 s, cache 0 hits 2 misses, C sha256 343d5345964372b1 same
cx_grid node 0: rep 1 shape 1x2_lowcut (86466471 x 86466471, cut 86466471 / -1) slots 1: 4.942 s, cache 0 hits 2 misses, C sha256 9f9803635b1064c7 same
cache_trace node 0: piece (0, 0) of 1 x 2, 86466471 + 43233236 limbs at 0, slots 2: A cached B cached | 2.454 s: redistribute 0.118 ntt 2.256 crt 0.003 out 0.101 carry 0.002
cache_trace node 1: piece (0, 0) of 1 x 2, 86466471 + 43233236 limbs at 0, slots 2: A cached B cached | 2.454 s: redistribute 0.123 ntt 2.246 crt 0.005 out 0.101 carry 0.002
cache_trace node 0: piece (0, 1) of 1 x 2, 86466471 + 43233235 limbs at 43233236, slots 2: A HIT B cached | 1.623 s: redistribute 0.045 ntt 1.448 crt 0.005 out 0.106 carry 0.031
dist_mn node 0: 86466471 x 86466471 limbs over 2 x 4 ranks (cap 2^27): 1 x 2 pieces, 2 formed, 0 skipped (low cut) (cache 2 slots: 1 hits, 3 misses)
cache_trace node 1: piece (0, 1) of 1 x 2, 86466471 + 43233235 limbs at 43233236, slots 2: A HIT B cached | 1.623 s: redistribute 0.044 ntt 1.447 crt 0.005 out 0.106 carry 0.031
dist_mn node 1: 86466471 x 86466471 limbs over 2 x 4 ranks (cap 2^27): 1 x 2 pieces, 2 formed, 0 skipped (low cut) (cache 2 slots: 1 hits, 3 misses)
cx_grid node 1: rep 1 shape 1x2_lowcut (86466471 x 86466471, cut 86466471 / -1) slots 2: 4.082 s, cache 1 hits 3 misses, C sha256 343d5345964372b1 same
cx_grid node 0: rep 1 shape 1x2_lowcut (86466471 x 86466471, cut 86466471 / -1) slots 2: 4.082 s, cache 1 hits 3 misses, C sha256 9f9803635b1064c7 same
cache_trace node 0: piece (1, 0) of 5 x 3, 69173177 + 57644314 limbs at 69173177, slots 0: A - B - | 2.442 s: redistribute 0.097 ntt 2.207 crt 0.003 out 0.093 carry 0.055
cache_trace node 1: piece (1, 0) of 5 x 3, 69173177 + 57644314 limbs at 69173177, slots 0: A - B - | 2.442 s: redistribute 0.099 ntt 2.202 crt 0.004 out 0.095 carry 0.056
cache_trace node 0: piece (2, 0) of 5 x 3, 69173177 + 57644314 limbs at 138346354, slots 0: A - B - | 2.546 s: redistribute 0.113 ntt 2.276 crt 0.005 out 0.113 carry 0.050
cache_trace node 1: piece (2, 0) of 5 x 3, 69173177 + 57644314 limbs at 138346354, slots 0: A - B - | 2.546 s: redistribute 0.114 ntt 2.284 crt 0.005 out 0.103 carry 0.050
cache_trace node 0: piece (3, 0) of 5 x 3, 69173177 + 57644314 limbs at 207519531, slots 0: A - B - | 2.483 s: redistribute 0.096 ntt 2.277 crt 0.005 out 0.068 carry 0.044
cache_trace node 1: piece (3, 0) of 5 x 3, 69173177 + 57644314 limbs at 207519531, slots 0: A - B - | 2.483 s: redistribute 0.097 ntt 2.276 crt 0.005 out 0.068 carry 0.044
cache_trace node 0: piece (4, 0) of 5 x 3, 69173177 + 57644314 limbs at 276692708, slots 0: A - B - | 2.511 s: redistribute 0.077 ntt 2.350 crt 0.005 out 0.063 carry 0.040
cache_trace node 1: piece (4, 0) of 5 x 3, 69173177 + 57644314 limbs at 276692708, slots 0: A - B - | 2.512 s: redistribute 0.079 ntt 2.351 crt 0.005 out 0.053 carry 0.040
cache_trace node 0: piece (0, 1) of 5 x 3, 69173177 + 57644314 limbs at 57644314, slots 0: A - B - | 2.515 s: redistribute 0.116 ntt 2.294 crt 0.005 out 0.073 carry 0.053
cache_trace node 1: piece (0, 1) of 5 x 3, 69173177 + 57644314 limbs at 57644314, slots 0: A - B - | 2.515 s: redistribute 0.125 ntt 2.288 crt 0.005 out 0.073 carry 0.053
cache_trace node 0: piece (1, 1) of 5 x 3, 69173177 + 57644314 limbs at 126817491, slots 0: A - B - | 2.537 s: redistribute 0.114 ntt 2.254 crt 0.002 out 0.115 carry 0.060
cache_trace node 1: piece (1, 1) of 5 x 3, 69173177 + 57644314 limbs at 126817491, slots 0: A - B - | 2.537 s: redistribute 0.112 ntt 2.254 crt 0.002 out 0.121 carry 0.060
cache_trace node 0: piece (2, 1) of 5 x 3, 69173177 + 57644314 limbs at 195990668, slots 0: A - B - | 2.553 s: redistribute 0.138 ntt 2.332 crt 0.002 out 0.094 carry 0.022
cache_trace node 1: piece (2, 1) of 5 x 3, 69173177 + 57644314 limbs at 195990668, slots 0: A - B - | 2.553 s: redistribute 0.137 ntt 2.330 crt 0.002 out 0.078 carry 0.021
cache_trace node 0: piece (3, 1) of 5 x 3, 69173177 + 57644314 limbs at 265163845, slots 0: A - B - | 2.511 s: redistribute 0.097 ntt 2.317 crt 0.002 out 0.073 carry 0.058
cache_trace node 1: piece (3, 1) of 5 x 3, 69173177 + 57644314 limbs at 265163845, slots 0: A - B - | 2.511 s: redistribute 0.101 ntt 2.322 crt 0.002 out 0.065 carry 0.058
cache_trace node 0: piece (4, 1) of 5 x 3, 69173177 + 57644314 limbs at 334337022, slots 0: A - B - | 2.405 s: redistribute 0.097 ntt 2.278 crt 0.004 out 0.024 carry 0.011
cache_trace node 1: piece (4, 1) of 5 x 3, 69173177 + 57644314 limbs at 334337022, slots 0: A - B - | 2.405 s: redistribute 0.093 ntt 2.281 crt 0.004 out 0.027 carry 0.011
cache_trace node 0: piece (0, 2) of 5 x 3, 69173177 + 57644314 limbs at 115288628, slots 0: A - B - | 2.569 s: redistribute 0.089 ntt 2.323 crt 0.005 out 0.098 carry 0.063
cache_trace node 1: piece (0, 2) of 5 x 3, 69173177 + 57644314 limbs at 115288628, slots 0: A - B - | 2.569 s: redistribute 0.088 ntt 2.324 crt 0.005 out 0.097 carry 0.063
cache_trace node 0: piece (1, 2) of 5 x 3, 69173177 + 57644314 limbs at 184461805, slots 0: A - B - | 2.371 s: redistribute 0.113 ntt 2.149 crt 0.004 out 0.087 carry 0.043
cache_trace node 1: piece (1, 2) of 5 x 3, 69173177 + 57644314 limbs at 184461805, slots 0: A - B - | 2.371 s: redistribute 0.110 ntt 2.151 crt 0.004 out 0.087 carry 0.043
cache_trace node 0: piece (2, 2) of 5 x 3, 69173177 + 57644314 limbs at 253634982, slots 0: A - B - | 2.489 s: redistribute 0.119 ntt 2.264 crt 0.005 out 0.052 carry 0.067
cache_trace node 1: piece (2, 2) of 5 x 3, 69173177 + 57644314 limbs at 253634982, slots 0: A - B - | 2.489 s: redistribute 0.109 ntt 2.254 crt 0.005 out 0.064 carry 0.067
cache_trace node 0: piece (3, 2) of 5 x 3, 69173177 + 57644314 limbs at 322808159, slots 0: A - B - | 2.462 s: redistribute 0.092 ntt 2.331 crt 0.005 out 0.034 carry 0.021
dist_mn node 0: 345865885 x 172932942 limbs over 2 x 4 ranks (cap 2^27): 5 x 3 pieces, 13 formed, 2 skipped (low product) (low cut) (cache 0 slots: 0 hits, 0 misses)
cache_trace node 1: piece (3, 2) of 5 x 3, 69173177 + 57644314 limbs at 322808159, slots 0: A - B - | 2.462 s: redistribute 0.080 ntt 2.332 crt 0.005 out 0.037 carry 0.021
dist_mn node 1: 345865885 x 172932942 limbs over 2 x 4 ranks (cap 2^27): 5 x 3 pieces, 13 formed, 2 skipped (low product) (low cut) (cache 0 slots: 0 hits, 0 misses)
cx_grid node 1: rep 1 shape 5x3_lowhighcut (345865885 x 172932942, cut 172932942 / 345865885) slots 0: 32.407 s, cache 0 hits 0 misses, C sha256 740d3194ecc09b84 same
cx_grid node 0: rep 1 shape 5x3_lowhighcut (345865885 x 172932942, cut 172932942 / 345865885) slots 0: 32.407 s, cache 0 hits 0 misses, C sha256 56cf657a487f7d0a same
cache_trace node 0: piece (1, 0) of 5 x 3, 69173177 + 57644314 limbs at 69173177, slots 1: A - B cached | 2.536 s: redistribute 0.101 ntt 2.310 crt 0.004 out 0.099 carry 0.053
cache_trace node 1: piece (1, 0) of 5 x 3, 69173177 + 57644314 limbs at 69173177, slots 1: A - B cached | 2.536 s: redistribute 0.103 ntt 2.311 crt 0.003 out 0.101 carry 0.054
cache_trace node 0: piece (2, 0) of 5 x 3, 69173177 + 57644314 limbs at 138346354, slots 1: A - B HIT | 1.706 s: redistribute 0.081 ntt 1.501 crt 0.005 out 0.113 carry 0.057
cache_trace node 1: piece (2, 0) of 5 x 3, 69173177 + 57644314 limbs at 138346354, slots 1: A - B HIT | 1.706 s: redistribute 0.080 ntt 1.503 crt 0.005 out 0.106 carry 0.057
cache_trace node 0: piece (3, 0) of 5 x 3, 69173177 + 57644314 limbs at 207519531, slots 1: A - B HIT | 1.691 s: redistribute 0.073 ntt 1.524 crt 0.005 out 0.067 carry 0.044
cache_trace node 1: piece (3, 0) of 5 x 3, 69173177 + 57644314 limbs at 207519531, slots 1: A - B HIT | 1.691 s: redistribute 0.064 ntt 1.522 crt 0.004 out 0.070 carry 0.043
cache_trace node 0: piece (4, 0) of 5 x 3, 69173177 + 57644314 limbs at 276692708, slots 1: A - B HIT | 1.670 s: redistribute 0.052 ntt 1.532 crt 0.005 out 0.063 carry 0.041
cache_trace node 1: piece (4, 0) of 5 x 3, 69173177 + 57644314 limbs at 276692708, slots 1: A - B HIT | 1.670 s: redistribute 0.051 ntt 1.532 crt 0.005 out 0.058 carry 0.040
cache_trace node 0: piece (0, 1) of 5 x 3, 69173177 + 57644314 limbs at 57644314, slots 1: A - B cached | 2.465 s: redistribute 0.096 ntt 2.241 crt 0.002 out 0.081 carry 0.052
cache_trace node 1: piece (0, 1) of 5 x 3, 69173177 + 57644314 limbs at 57644314, slots 1: A - B cached | 2.465 s: redistribute 0.102 ntt 2.240 crt 0.003 out 0.078 carry 0.052
cache_trace node 0: piece (1, 1) of 5 x 3, 69173177 + 57644314 limbs at 126817491, slots 1: A - B HIT | 1.746 s: redistribute 0.057 ntt 1.518 crt 0.002 out 0.106 carry 0.063
cache_trace node 1: piece (1, 1) of 5 x 3, 69173177 + 57644314 limbs at 126817491, slots 1: A - B HIT | 1.746 s: redistribute 0.058 ntt 1.525 crt 0.003 out 0.098 carry 0.063
cache_trace node 0: piece (2, 1) of 5 x 3, 69173177 + 57644314 limbs at 195990668, slots 1: A - B HIT | 1.744 s: redistribute 0.093 ntt 1.558 crt 0.005 out 0.079 carry 0.021
cache_trace node 1: piece (2, 1) of 5 x 3, 69173177 + 57644314 limbs at 195990668, slots 1: A - B HIT | 1.744 s: redistribute 0.089 ntt 1.554 crt 0.005 out 0.086 carry 0.021
cache_trace node 0: piece (3, 1) of 5 x 3, 69173177 + 57644314 limbs at 265163845, slots 1: A - B HIT | 1.694 s: redistribute 0.059 ntt 1.541 crt 0.005 out 0.047 carry 0.057
cache_trace node 1: piece (3, 1) of 5 x 3, 69173177 + 57644314 limbs at 265163845, slots 1: A - B HIT | 1.694 s: redistribute 0.055 ntt 1.542 crt 0.005 out 0.052 carry 0.057
cache_trace node 0: piece (4, 1) of 5 x 3, 69173177 + 57644314 limbs at 334337022, slots 1: A - B HIT | 1.868 s: redistribute 0.059 ntt 1.776 crt 0.003 out 0.023 carry 0.010
cache_trace node 1: piece (4, 1) of 5 x 3, 69173177 + 57644314 limbs at 334337022, slots 1: A - B HIT | 1.868 s: redistribute 0.057 ntt 1.786 crt 0.002 out 0.041 carry 0.010
cache_trace node 0: piece (0, 2) of 5 x 3, 69173177 + 57644314 limbs at 115288628, slots 1: A - B cached | 2.790 s: redistribute 0.093 ntt 2.554 crt 0.005 out 0.114 carry 0.061
cache_trace node 1: piece (0, 2) of 5 x 3, 69173177 + 57644314 limbs at 115288628, slots 1: A - B cached | 2.790 s: redistribute 0.092 ntt 2.561 crt 0.005 out 0.116 carry 0.061
cache_trace node 0: piece (1, 2) of 5 x 3, 69173177 + 57644314 limbs at 184461805, slots 1: A - B HIT | 2.479 s: redistribute 0.074 ntt 2.311 crt 0.005 out 0.092 carry 0.043
cache_trace node 1: piece (1, 2) of 5 x 3, 69173177 + 57644314 limbs at 184461805, slots 1: A - B HIT | 2.479 s: redistribute 0.091 ntt 2.309 crt 0.005 out 0.072 carry 0.043
cache_trace node 0: piece (2, 2) of 5 x 3, 69173177 + 57644314 limbs at 253634982, slots 1: A - B HIT | 2.178 s: redistribute 0.076 ntt 1.972 crt 0.004 out 0.063 carry 0.063
cache_trace node 1: piece (2, 2) of 5 x 3, 69173177 + 57644314 limbs at 253634982, slots 1: A - B HIT | 2.178 s: redistribute 0.080 ntt 1.967 crt 0.005 out 0.062 carry 0.063
cache_trace node 0: piece (3, 2) of 5 x 3, 69173177 + 57644314 limbs at 322808159, slots 1: A - B HIT | 2.115 s: redistribute 0.048 ntt 2.033 crt 0.002 out 0.024 carry 0.021
dist_mn node 0: 345865885 x 172932942 limbs over 2 x 4 ranks (cap 2^27): 5 x 3 pieces, 13 formed, 2 skipped (low product) (low cut) (cache 1 slots: 10 hits, 3 misses)
cache_trace node 1: piece (3, 2) of 5 x 3, 69173177 + 57644314 limbs at 322808159, slots 1: A - B HIT | 2.115 s: redistribute 0.046 ntt 2.018 crt 0.002 out 0.043 carry 0.020
dist_mn node 1: 345865885 x 172932942 limbs over 2 x 4 ranks (cap 2^27): 5 x 3 pieces, 13 formed, 2 skipped (low product) (low cut) (cache 1 slots: 10 hits, 3 misses)
cx_grid node 1: rep 1 shape 5x3_lowhighcut (345865885 x 172932942, cut 172932942 / 345865885) slots 1: 26.692 s, cache 10 hits 3 misses, C sha256 740d3194ecc09b84 same
cx_grid node 0: rep 1 shape 5x3_lowhighcut (345865885 x 172932942, cut 172932942 / 345865885) slots 1: 26.692 s, cache 10 hits 3 misses, C sha256 56cf657a487f7d0a same
cache_trace node 0: piece (1, 0) of 5 x 3, 69173177 + 57644314 limbs at 69173177, slots 2: A - B cached | 3.587 s: redistribute 0.085 ntt 3.369 crt 0.004 out 0.094 carry 0.054
cache_trace node 1: piece (1, 0) of 5 x 3, 69173177 + 57644314 limbs at 69173177, slots 2: A - B cached | 3.587 s: redistribute 0.093 ntt 3.359 crt 0.004 out 0.102 carry 0.054
cache_trace node 0: piece (2, 0) of 5 x 3, 69173177 + 57644314 limbs at 138346354, slots 2: A - B HIT | 1.740 s: redistribute 0.088 ntt 1.529 crt 0.005 out 0.093 carry 0.051
cache_trace node 1: piece (2, 0) of 5 x 3, 69173177 + 57644314 limbs at 138346354, slots 2: A - B HIT | 1.740 s: redistribute 0.088 ntt 1.529 crt 0.005 out 0.091 carry 0.051
cache_trace node 0: piece (3, 0) of 5 x 3, 69173177 + 57644314 limbs at 207519531, slots 2: A - B HIT | 1.618 s: redistribute 0.049 ntt 1.460 crt 0.005 out 0.068 carry 0.044
cache_trace node 1: piece (3, 0) of 5 x 3, 69173177 + 57644314 limbs at 207519531, slots 2: A - B HIT | 1.618 s: redistribute 0.046 ntt 1.463 crt 0.005 out 0.068 carry 0.044
cache_trace node 0: piece (4, 0) of 5 x 3, 69173177 + 57644314 limbs at 276692708, slots 2: A - B HIT | 1.581 s: redistribute 0.051 ntt 1.463 crt 0.005 out 0.052 carry 0.041
cache_trace node 1: piece (4, 0) of 5 x 3, 69173177 + 57644314 limbs at 276692708, slots 2: A - B HIT | 1.581 s: redistribute 0.047 ntt 1.462 crt 0.005 out 0.052 carry 0.041
cache_trace node 0: piece (0, 1) of 5 x 3, 69173177 + 57644314 limbs at 57644314, slots 2: A cached B cached | 2.506 s: redistribute 0.101 ntt 2.285 crt 0.004 out 0.084 carry 0.049
cache_trace node 1: piece (0, 1) of 5 x 3, 69173177 + 57644314 limbs at 57644314, slots 2: A cached B cached | 2.506 s: redistribute 0.108 ntt 2.275 crt 0.005 out 0.083 carry 0.049
cache_trace node 0: piece (1, 1) of 5 x 3, 69173177 + 57644314 limbs at 126817491, slots 2: A - B HIT | 1.689 s: redistribute 0.052 ntt 1.486 crt 0.005 out 0.094 carry 0.062
cache_trace node 1: piece (1, 1) of 5 x 3, 69173177 + 57644314 limbs at 126817491, slots 2: A - B HIT | 1.689 s: redistribute 0.054 ntt 1.487 crt 0.004 out 0.091 carry 0.062
cache_trace node 0: piece (2, 1) of 5 x 3, 69173177 + 57644314 limbs at 195990668, slots 2: A - B HIT | 1.927 s: redistribute 0.086 ntt 1.803 crt 0.002 out 0.077 carry 0.021
cache_trace node 1: piece (2, 1) of 5 x 3, 69173177 + 57644314 limbs at 195990668, slots 2: A - B HIT | 1.927 s: redistribute 0.085 ntt 1.774 crt 0.002 out 0.090 carry 0.021
cache_trace node 0: piece (3, 1) of 5 x 3, 69173177 + 57644314 limbs at 265163845, slots 2: A - B HIT | 1.996 s: redistribute 0.063 ntt 1.833 crt 0.005 out 0.055 carry 0.057
cache_trace node 1: piece (3, 1) of 5 x 3, 69173177 + 57644314 limbs at 265163845, slots 2: A - B HIT | 1.996 s: redistribute 0.061 ntt 1.837 crt 0.005 out 0.059 carry 0.057
cache_trace node 0: piece (4, 1) of 5 x 3, 69173177 + 57644314 limbs at 334337022, slots 2: A - B HIT | 1.831 s: redistribute 0.055 ntt 1.756 crt 0.005 out 0.021 carry 0.011
cache_trace node 1: piece (4, 1) of 5 x 3, 69173177 + 57644314 limbs at 334337022, slots 2: A - B HIT | 1.831 s: redistribute 0.053 ntt 1.758 crt 0.005 out 0.021 carry 0.010
cache_trace node 0: piece (0, 2) of 5 x 3, 69173177 + 57644314 limbs at 115288628, slots 2: A HIT B cached | 2.342 s: redistribute 0.048 ntt 2.125 crt 0.005 out 0.118 carry 0.063
cache_trace node 1: piece (0, 2) of 5 x 3, 69173177 + 57644314 limbs at 115288628, slots 2: A HIT B cached | 2.342 s: redistribute 0.043 ntt 2.126 crt 0.005 out 0.120 carry 0.063
cache_trace node 0: piece (1, 2) of 5 x 3, 69173177 + 57644314 limbs at 184461805, slots 2: A - B HIT | 1.763 s: redistribute 0.053 ntt 1.601 crt 0.005 out 0.074 carry 0.043
cache_trace node 1: piece (1, 2) of 5 x 3, 69173177 + 57644314 limbs at 184461805, slots 2: A - B HIT | 1.763 s: redistribute 0.060 ntt 1.602 crt 0.005 out 0.082 carry 0.043
cache_trace node 0: piece (2, 2) of 5 x 3, 69173177 + 57644314 limbs at 253634982, slots 2: A - B HIT | 1.746 s: redistribute 0.071 ntt 1.548 crt 0.005 out 0.059 carry 0.066
cache_trace node 1: piece (2, 2) of 5 x 3, 69173177 + 57644314 limbs at 253634982, slots 2: A - B HIT | 1.746 s: redistribute 0.070 ntt 1.550 crt 0.005 out 0.062 carry 0.066
cache_trace node 0: piece (3, 2) of 5 x 3, 69173177 + 57644314 limbs at 322808159, slots 2: A - B HIT | 1.563 s: redistribute 0.053 ntt 1.460 crt 0.005 out 0.039 carry 0.020
dist_mn node 0: 345865885 x 172932942 limbs over 2 x 4 ranks (cap 2^27): 5 x 3 pieces, 13 formed, 2 skipped (low product) (low cut) (cache 2 slots: 11 hits, 4 misses)
cache_trace node 1: piece (3, 2) of 5 x 3, 69173177 + 57644314 limbs at 322808159, slots 2: A - B HIT | 1.563 s: redistribute 0.051 ntt 1.464 crt 0.005 out 0.043 carry 0.020
dist_mn node 1: 345865885 x 172932942 limbs over 2 x 4 ranks (cap 2^27): 5 x 3 pieces, 13 formed, 2 skipped (low product) (low cut) (cache 2 slots: 11 hits, 4 misses)
cx_grid node 1: rep 1 shape 5x3_lowhighcut (345865885 x 172932942, cut 172932942 / 345865885) slots 2: 25.902 s, cache 11 hits 4 misses, C sha256 740d3194ecc09b84 same
cx_grid node 0: rep 1 shape 5x3_lowhighcut (345865885 x 172932942, cut 172932942 / 345865885) slots 2: 25.902 s, cache 11 hits 4 misses, C sha256 56cf657a487f7d0a same
cache_trace node 0: piece (1, 0) of 2 x 4, 86466471 + 43233236 limbs at 86466471, slots 0: A - B - | 2.571 s: redistribute 0.102 ntt 2.304 crt 0.002 out 0.114 carry 0.060
cache_trace node 1: piece (1, 0) of 2 x 4, 86466471 + 43233236 limbs at 86466471, slots 0: A - B - | 2.571 s: redistribute 0.103 ntt 2.300 crt 0.002 out 0.110 carry 0.060
cache_trace node 0: piece (0, 1) of 2 x 4, 86466471 + 43233236 limbs at 43233236, slots 0: A - B - | 2.446 s: redistribute 0.098 ntt 2.252 crt 0.005 out 0.063 carry 0.053
cache_trace node 1: piece (0, 1) of 2 x 4, 86466471 + 43233236 limbs at 43233236, slots 0: A - B - | 2.446 s: redistribute 0.099 ntt 2.251 crt 0.005 out 0.068 carry 0.054
cache_trace node 0: piece (1, 1) of 2 x 4, 86466471 + 43233236 limbs at 129699707, slots 0: A - B - | 2.474 s: redistribute 0.095 ntt 2.213 crt 0.003 out 0.120 carry 0.066
cache_trace node 1: piece (1, 1) of 2 x 4, 86466471 + 43233236 limbs at 129699707, slots 0: A - B - | 2.474 s: redistribute 0.096 ntt 2.217 crt 0.002 out 0.117 carry 0.065
cache_trace node 0: piece (0, 2) of 2 x 4, 86466471 + 43233236 limbs at 86466472, slots 0: A - B - | 2.602 s: redistribute 0.107 ntt 2.345 crt 0.005 out 0.103 carry 0.062
cache_trace node 1: piece (0, 2) of 2 x 4, 86466471 + 43233236 limbs at 86466472, slots 0: A - B - | 2.602 s: redistribute 0.106 ntt 2.345 crt 0.005 out 0.102 carry 0.062
cache_trace node 0: piece (1, 2) of 2 x 4, 86466471 + 43233236 limbs at 172932943, slots 0: A - B - | 2.568 s: redistribute 0.093 ntt 2.347 crt 0.002 out 0.085 carry 0.065
cache_trace node 1: piece (1, 2) of 2 x 4, 86466471 + 43233236 limbs at 172932943, slots 0: A - B - | 2.568 s: redistribute 0.092 ntt 2.348 crt 0.002 out 0.076 carry 0.065
cache_trace node 0: piece (0, 3) of 2 x 4, 86466471 + 43233234 limbs at 129699708, slots 0: A - B - | 2.440 s: redistribute 0.099 ntt 2.185 crt 0.004 out 0.102 carry 0.063
cache_trace node 1: piece (0, 3) of 2 x 4, 86466471 + 43233234 limbs at 129699708, slots 0: A - B - | 2.440 s: redistribute 0.096 ntt 2.188 crt 0.005 out 0.092 carry 0.063
cache_trace node 0: piece (1, 3) of 2 x 4, 86466471 + 43233234 limbs at 216166179, slots 0: A - B - | 2.555 s: redistribute 0.127 ntt 2.331 crt 0.002 out 0.084 carry 0.066
dist_mn node 0: 172932942 x 172932942 limbs over 2 x 4 ranks (cap 2^27): 2 x 4 pieces, 7 formed, 1 skipped (low cut) (cache 0 slots: 0 hits, 0 misses)
cache_trace node 1: piece (1, 3) of 2 x 4, 86466471 + 43233234 limbs at 216166179, slots 0: A - B - | 2.555 s: redistribute 0.126 ntt 2.328 crt 0.002 out 0.089 carry 0.066
dist_mn node 1: 172932942 x 172932942 limbs over 2 x 4 ranks (cap 2^27): 2 x 4 pieces, 7 formed, 1 skipped (low cut) (cache 0 slots: 0 hits, 0 misses)
cx_grid node 0: rep 1 shape 2x4_lowcut (172932942 x 172932942, cut 172932942 / -1) slots 0: 17.664 s, cache 0 hits 0 misses, C sha256 1787dbd4e72d7df9 same
cx_grid node 1: rep 1 shape 2x4_lowcut (172932942 x 172932942, cut 172932942 / -1) slots 0: 17.664 s, cache 0 hits 0 misses, C sha256 2dc62aaa434b5050 same
cache_trace node 0: piece (1, 0) of 2 x 4, 86466471 + 43233236 limbs at 86466471, slots 1: A - B cached | 2.495 s: redistribute 0.099 ntt 2.244 crt 0.005 out 0.097 carry 0.059
cache_trace node 1: piece (1, 0) of 2 x 4, 86466471 + 43233236 limbs at 86466471, slots 1: A - B cached | 2.495 s: redistribute 0.100 ntt 2.249 crt 0.005 out 0.099 carry 0.058
cache_trace node 0: piece (0, 1) of 2 x 4, 86466471 + 43233236 limbs at 43233236, slots 1: A - B cached | 2.488 s: redistribute 0.111 ntt 2.286 crt 0.002 out 0.090 carry 0.054
cache_trace node 1: piece (0, 1) of 2 x 4, 86466471 + 43233236 limbs at 43233236, slots 1: A - B cached | 2.488 s: redistribute 0.112 ntt 2.273 crt 0.003 out 0.087 carry 0.055
cache_trace node 0: piece (1, 1) of 2 x 4, 86466471 + 43233236 limbs at 129699707, slots 1: A - B HIT | 1.763 s: redistribute 0.062 ntt 1.545 crt 0.003 out 0.111 carry 0.061
cache_trace node 1: piece (1, 1) of 2 x 4, 86466471 + 43233236 limbs at 129699707, slots 1: A - B HIT | 1.763 s: redistribute 0.060 ntt 1.544 crt 0.002 out 0.102 carry 0.061
cache_trace node 0: piece (0, 2) of 2 x 4, 86466471 + 43233236 limbs at 86466472, slots 1: A - B cached | 2.565 s: redistribute 0.117 ntt 2.324 crt 0.005 out 0.097 carry 0.058
cache_trace node 1: piece (0, 2) of 2 x 4, 86466471 + 43233236 limbs at 86466472, slots 1: A - B cached | 2.565 s: redistribute 0.116 ntt 2.325 crt 0.005 out 0.097 carry 0.058
cache_trace node 0: piece (1, 2) of 2 x 4, 86466471 + 43233236 limbs at 172932943, slots 1: A - B HIT | 1.689 s: redistribute 0.056 ntt 1.487 crt 0.003 out 0.090 carry 0.065
cache_trace node 1: piece (1, 2) of 2 x 4, 86466471 + 43233236 limbs at 172932943, slots 1: A - B HIT | 1.689 s: redistribute 0.054 ntt 1.491 crt 0.004 out 0.082 carry 0.064
cache_trace node 0: piece (0, 3) of 2 x 4, 86466471 + 43233234 limbs at 129699708, slots 1: A - B cached | 2.519 s: redistribute 0.093 ntt 2.286 crt 0.005 out 0.101 carry 0.055
cache_trace node 1: piece (0, 3) of 2 x 4, 86466471 + 43233234 limbs at 129699708, slots 1: A - B cached | 2.519 s: redistribute 0.092 ntt 2.287 crt 0.005 out 0.099 carry 0.055
cache_trace node 0: piece (1, 3) of 2 x 4, 86466471 + 43233234 limbs at 216166179, slots 1: A - B HIT | 1.737 s: redistribute 0.090 ntt 1.544 crt 0.005 out 0.067 carry 0.065
dist_mn node 0: 172932942 x 172932942 limbs over 2 x 4 ranks (cap 2^27): 2 x 4 pieces, 7 formed, 1 skipped (low cut) (cache 1 slots: 3 hits, 4 misses)
cache_trace node 1: piece (1, 3) of 2 x 4, 86466471 + 43233234 limbs at 216166179, slots 1: A - B HIT | 1.737 s: redistribute 0.076 ntt 1.549 crt 0.005 out 0.086 carry 0.065
dist_mn node 1: 172932942 x 172932942 limbs over 2 x 4 ranks (cap 2^27): 2 x 4 pieces, 7 formed, 1 skipped (low cut) (cache 1 slots: 3 hits, 4 misses)
cx_grid node 0: rep 1 shape 2x4_lowcut (172932942 x 172932942, cut 172932942 / -1) slots 1: 15.264 s, cache 3 hits 4 misses, C sha256 1787dbd4e72d7df9 same
cx_grid node 1: rep 1 shape 2x4_lowcut (172932942 x 172932942, cut 172932942 / -1) slots 1: 15.264 s, cache 3 hits 4 misses, C sha256 2dc62aaa434b5050 same
cache_trace node 0: piece (1, 0) of 2 x 4, 86466471 + 43233236 limbs at 86466471, slots 2: A - B cached | 2.538 s: redistribute 0.092 ntt 2.286 crt 0.002 out 0.113 carry 0.053
cache_trace node 1: piece (1, 0) of 2 x 4, 86466471 + 43233236 limbs at 86466471, slots 2: A - B cached | 2.538 s: redistribute 0.093 ntt 2.280 crt 0.002 out 0.110 carry 0.053
cache_trace node 0: piece (0, 1) of 2 x 4, 86466471 + 43233236 limbs at 43233236, slots 2: A cached B cached | 2.469 s: redistribute 0.092 ntt 2.277 crt 0.005 out 0.071 carry 0.052
cache_trace node 1: piece (0, 1) of 2 x 4, 86466471 + 43233236 limbs at 43233236, slots 2: A cached B cached | 2.469 s: redistribute 0.093 ntt 2.278 crt 0.004 out 0.072 carry 0.052
cache_trace node 0: piece (1, 1) of 2 x 4, 86466471 + 43233236 limbs at 129699707, slots 2: A - B HIT | 1.786 s: redistribute 0.072 ntt 1.539 crt 0.005 out 0.129 carry 0.065
cache_trace node 1: piece (1, 1) of 2 x 4, 86466471 + 43233236 limbs at 129699707, slots 2: A - B HIT | 1.786 s: redistribute 0.070 ntt 1.547 crt 0.005 out 0.102 carry 0.065
cache_trace node 0: piece (0, 2) of 2 x 4, 86466471 + 43233236 limbs at 86466472, slots 2: A HIT B cached | 1.749 s: redistribute 0.043 ntt 1.567 crt 0.002 out 0.109 carry 0.062
cache_trace node 1: piece (0, 2) of 2 x 4, 86466471 + 43233236 limbs at 86466472, slots 2: A HIT B cached | 1.749 s: redistribute 0.042 ntt 1.548 crt 0.002 out 0.107 carry 0.062
cache_trace node 0: piece (1, 2) of 2 x 4, 86466471 + 43233236 limbs at 172932943, slots 2: A - B HIT | 1.661 s: redistribute 0.068 ntt 1.462 crt 0.005 out 0.077 carry 0.065
cache_trace node 1: piece (1, 2) of 2 x 4, 86466471 + 43233236 limbs at 172932943, slots 2: A - B HIT | 1.661 s: redistribute 0.066 ntt 1.466 crt 0.005 out 0.078 carry 0.065
cache_trace node 0: piece (0, 3) of 2 x 4, 86466471 + 43233234 limbs at 129699708, slots 2: A HIT B cached | 1.729 s: redistribute 0.038 ntt 1.532 crt 0.005 out 0.102 carry 0.066
cache_trace node 1: piece (0, 3) of 2 x 4, 86466471 + 43233234 limbs at 129699708, slots 2: A HIT B cached | 1.729 s: redistribute 0.033 ntt 1.535 crt 0.005 out 0.102 carry 0.066
cache_trace node 0: piece (1, 3) of 2 x 4, 86466471 + 43233234 limbs at 216166179, slots 2: A - B HIT | 1.659 s: redistribute 0.078 ntt 1.456 crt 0.005 out 0.071 carry 0.066
dist_mn node 0: 172932942 x 172932942 limbs over 2 x 4 ranks (cap 2^27): 2 x 4 pieces, 7 formed, 1 skipped (low cut) (cache 2 slots: 5 hits, 5 misses)
cache_trace node 1: piece (1, 3) of 2 x 4, 86466471 + 43233234 limbs at 216166179, slots 2: A - B HIT | 1.659 s: redistribute 0.065 ntt 1.467 crt 0.005 out 0.071 carry 0.066
dist_mn node 1: 172932942 x 172932942 limbs over 2 x 4 ranks (cap 2^27): 2 x 4 pieces, 7 formed, 1 skipped (low cut) (cache 2 slots: 5 hits, 5 misses)
cx_grid node 0: rep 1 shape 2x4_lowcut (172932942 x 172932942, cut 172932942 / -1) slots 2: 13.599 s, cache 5 hits 5 misses, C sha256 1787dbd4e72d7df9 same
cx_grid node 1: rep 1 shape 2x4_lowcut (172932942 x 172932942, cut 172932942 / -1) slots 2: 13.599 s, cache 5 hits 5 misses, C sha256 2dc62aaa434b5050 same
cache_trace node 0: piece (4, 0) of 5 x 6, 69173177 + 57644315 limbs at 276692708, slots 0: A - B - | 2.527 s: redistribute 0.092 ntt 2.291 crt 0.005 out 0.122 carry 0.050
cache_trace node 1: piece (4, 0) of 5 x 6, 69173177 + 57644315 limbs at 276692708, slots 0: A - B - | 2.527 s: redistribute 0.093 ntt 2.290 crt 0.005 out 0.112 carry 0.050
cache_trace node 0: piece (3, 1) of 5 x 6, 69173177 + 57644315 limbs at 265163846, slots 0: A - B - | 2.540 s: redistribute 0.099 ntt 2.312 crt 0.003 out 0.112 carry 0.052
cache_trace node 1: piece (3, 1) of 5 x 6, 69173177 + 57644315 limbs at 265163846, slots 0: A - B - | 2.540 s: redistribute 0.108 ntt 2.300 crt 0.002 out 0.097 carry 0.052
cache_trace node 0: piece (4, 1) of 5 x 6, 69173177 + 57644315 limbs at 334337023, slots 0: A - B - | 2.526 s: redistribute 0.102 ntt 2.296 crt 0.004 out 0.098 carry 0.058
cache_trace node 1: piece (4, 1) of 5 x 6, 69173177 + 57644315 limbs at 334337023, slots 0: A - B - | 2.526 s: redistribute 0.106 ntt 2.286 crt 0.005 out 0.096 carry 0.057
cache_trace node 0: piece (2, 2) of 5 x 6, 69173177 + 57644315 limbs at 253634984, slots 0: A - B - | 2.557 s: redistribute 0.130 ntt 2.280 crt 0.004 out 0.107 carry 0.053
cache_trace node 1: piece (2, 2) of 5 x 6, 69173177 + 57644315 limbs at 253634984, slots 0: A - B - | 2.557 s: redistribute 0.132 ntt 2.283 crt 0.005 out 0.106 carry 0.053
cache_trace node 0: piece (3, 2) of 5 x 6, 69173177 + 57644315 limbs at 322808161, slots 0: A - B - | 2.506 s: redistribute 0.080 ntt 2.274 crt 0.005 out 0.101 carry 0.053
cache_trace node 1: piece (3, 2) of 5 x 6, 69173177 + 57644315 limbs at 322808161, slots 0: A - B - | 2.506 s: redistribute 0.082 ntt 2.283 crt 0.004 out 0.104 carry 0.053
cache_trace node 0: piece (4, 2) of 5 x 6, 69173177 + 57644315 limbs at 391981338, slots 0: A - B - | 2.546 s: redistribute 0.098 ntt 2.294 crt 0.004 out 0.087 carry 0.082
cache_trace node 1: piece (4, 2) of 5 x 6, 69173177 + 57644315 limbs at 391981338, slots 0: A - B - | 2.546 s: redistribute 0.100 ntt 2.292 crt 0.003 out 0.089 carry 0.082
cache_trace node 0: piece (1, 3) of 5 x 6, 69173177 + 57644315 limbs at 242106122, slots 0: A - B - | 2.846 s: redistribute 0.086 ntt 2.606 crt 0.002 out 0.102 carry 0.064
cache_trace node 1: piece (1, 3) of 5 x 6, 69173177 + 57644315 limbs at 242106122, slots 0: A - B - | 2.846 s: redistribute 0.083 ntt 2.605 crt 0.002 out 0.106 carry 0.064
cache_trace node 0: piece (2, 3) of 5 x 6, 69173177 + 57644315 limbs at 311279299, slots 0: A - B - | 2.964 s: redistribute 0.133 ntt 2.716 crt 0.004 out 0.094 carry 0.062
cache_trace node 1: piece (2, 3) of 5 x 6, 69173177 + 57644315 limbs at 311279299, slots 0: A - B - | 2.964 s: redistribute 0.125 ntt 2.721 crt 0.003 out 0.092 carry 0.062
cache_trace node 0: piece (3, 3) of 5 x 6, 69173177 + 57644315 limbs at 380452476, slots 0: A - B - | 3.454 s: redistribute 0.100 ntt 3.206 crt 0.005 out 0.076 carry 0.101
cache_trace node 1: piece (3, 3) of 5 x 6, 69173177 + 57644315 limbs at 380452476, slots 0: A - B - | 3.454 s: redistribute 0.099 ntt 3.207 crt 0.005 out 0.069 carry 0.100
cache_trace node 0: piece (4, 3) of 5 x 6, 69173177 + 57644315 limbs at 449625653, slots 0: A - B - | 3.731 s: redistribute 0.102 ntt 3.304 crt 0.005 out 0.278 carry 0.052
cache_trace node 1: piece (4, 3) of 5 x 6, 69173177 + 57644315 limbs at 449625653, slots 0: A - B - | 3.731 s: redistribute 0.101 ntt 3.491 crt 0.005 out 0.093 carry 0.051
cache_trace node 0: piece (0, 4) of 5 x 6, 69173177 + 57644315 limbs at 230577260, slots 0: A - B - | 3.256 s: redistribute 0.094 ntt 3.040 crt 0.002 out 0.089 carry 0.049
cache_trace node 1: piece (0, 4) of 5 x 6, 69173177 + 57644315 limbs at 230577260, slots 0: A - B - | 3.256 s: redistribute 0.093 ntt 3.044 crt 0.003 out 0.097 carry 0.050
cache_trace node 0: piece (1, 4) of 5 x 6, 69173177 + 57644315 limbs at 299750437, slots 0: A - B - | 3.697 s: redistribute 0.098 ntt 3.402 crt 0.003 out 0.135 carry 0.060
cache_trace node 1: piece (1, 4) of 5 x 6, 69173177 + 57644315 limbs at 299750437, slots 0: A - B - | 3.697 s: redistribute 0.095 ntt 3.405 crt 0.004 out 0.133 carry 0.060
cache_trace node 0: piece (2, 4) of 5 x 6, 69173177 + 57644315 limbs at 368923614, slots 0: A - B - | 3.533 s: redistribute 0.140 ntt 3.204 crt 0.002 out 0.094 carry 0.105
cache_trace node 1: piece (2, 4) of 5 x 6, 69173177 + 57644315 limbs at 368923614, slots 0: A - B - | 3.533 s: redistribute 0.121 ntt 3.234 crt 0.002 out 0.082 carry 0.104
cache_trace node 0: piece (3, 4) of 5 x 6, 69173177 + 57644315 limbs at 438096791, slots 0: A - B - | 3.439 s: redistribute 0.089 ntt 3.194 crt 0.005 out 0.089 carry 0.063
cache_trace node 1: piece (3, 4) of 5 x 6, 69173177 + 57644315 limbs at 438096791, slots 0: A - B - | 3.439 s: redistribute 0.088 ntt 3.197 crt 0.005 out 0.089 carry 0.062
cache_trace node 0: piece (4, 4) of 5 x 6, 69173177 + 57644315 limbs at 507269968, slots 0: A - B - | 3.426 s: redistribute 0.087 ntt 3.200 crt 0.004 out 0.068 carry 0.074
cache_trace node 1: piece (4, 4) of 5 x 6, 69173177 + 57644315 limbs at 507269968, slots 0: A - B - | 3.426 s: redistribute 0.081 ntt 3.212 crt 0.003 out 0.071 carry 0.074
cache_trace node 0: piece (0, 5) of 5 x 6, 69173177 + 57644310 limbs at 288221575, slots 0: A - B - | 3.311 s: redistribute 0.094 ntt 3.067 crt 0.005 out 0.116 carry 0.051
cache_trace node 1: piece (0, 5) of 5 x 6, 69173177 + 57644310 limbs at 288221575, slots 0: A - B - | 3.311 s: redistribute 0.093 ntt 3.088 crt 0.005 out 0.116 carry 0.051
cache_trace node 0: piece (1, 5) of 5 x 6, 69173177 + 57644310 limbs at 357394752, slots 0: A - B - | 3.756 s: redistribute 0.113 ntt 3.494 crt 0.005 out 0.075 carry 0.094
cache_trace node 1: piece (1, 5) of 5 x 6, 69173177 + 57644310 limbs at 357394752, slots 0: A - B - | 3.756 s: redistribute 0.111 ntt 3.328 crt 0.005 out 0.231 carry 0.094
cache_trace node 0: piece (2, 5) of 5 x 6, 69173177 + 57644310 limbs at 426567929, slots 0: A - B - | 2.983 s: redistribute 0.118 ntt 2.733 crt 0.005 out 0.083 carry 0.067
cache_trace node 1: piece (2, 5) of 5 x 6, 69173177 + 57644310 limbs at 426567929, slots 0: A - B - | 2.983 s: redistribute 0.113 ntt 2.751 crt 0.004 out 0.070 carry 0.066
cache_trace node 0: piece (3, 5) of 5 x 6, 69173177 + 57644310 limbs at 495741106, slots 0: A - B - | 3.433 s: redistribute 0.107 ntt 3.193 crt 0.005 out 0.069 carry 0.067
cache_trace node 1: piece (3, 5) of 5 x 6, 69173177 + 57644310 limbs at 495741106, slots 0: A - B - | 3.433 s: redistribute 0.104 ntt 3.195 crt 0.005 out 0.069 carry 0.067
cache_trace node 0: piece (4, 5) of 5 x 6, 69173177 + 57644310 limbs at 564914283, slots 0: A - B - | 2.861 s: redistribute 0.102 ntt 2.605 crt 0.005 out 0.079 carry 0.075
dist_mn node 0: 345865885 x 345865885 limbs over 2 x 4 ranks (cap 2^27): 5 x 6 pieces, 20 formed, 10 skipped (low cut) (cache 0 slots: 0 hits, 0 misses)
cache_trace node 1: piece (4, 5) of 5 x 6, 69173177 + 57644310 limbs at 564914283, slots 0: A - B - | 2.861 s: redistribute 0.100 ntt 2.609 crt 0.004 out 0.076 carry 0.074
dist_mn node 1: 345865885 x 345865885 limbs over 2 x 4 ranks (cap 2^27): 5 x 6 pieces, 20 formed, 10 skipped (low cut) (cache 0 slots: 0 hits, 0 misses)
cx_grid node 0: rep 1 shape 5x6_lowcut (345865885 x 345865885, cut 345865885 / -1) slots 0: 61.911 s, cache 0 hits 0 misses, C sha256 261239e9c0ffe052 same
cx_grid node 1: rep 1 shape 5x6_lowcut (345865885 x 345865885, cut 345865885 / -1) slots 0: 61.911 s, cache 0 hits 0 misses, C sha256 5b432973f937164e same
cache_trace node 0: piece (4, 0) of 5 x 6, 69173177 + 57644315 limbs at 276692708, slots 1: A - B cached | 3.356 s: redistribute 0.082 ntt 3.090 crt 0.003 out 0.131 carry 0.055
cache_trace node 1: piece (4, 0) of 5 x 6, 69173177 + 57644315 limbs at 276692708, slots 1: A - B cached | 3.356 s: redistribute 0.084 ntt 3.111 crt 0.005 out 0.110 carry 0.055
cache_trace node 0: piece (3, 1) of 5 x 6, 69173177 + 57644315 limbs at 265163846, slots 1: A - B cached | 3.179 s: redistribute 0.098 ntt 2.944 crt 0.004 out 0.113 carry 0.058
cache_trace node 1: piece (3, 1) of 5 x 6, 69173177 + 57644315 limbs at 265163846, slots 1: A - B cached | 3.179 s: redistribute 0.112 ntt 2.958 crt 0.003 out 0.095 carry 0.057
cache_trace node 0: piece (4, 1) of 5 x 6, 69173177 + 57644315 limbs at 334337023, slots 1: A - B HIT | 1.741 s: redistribute 0.052 ntt 1.547 crt 0.002 out 0.078 carry 0.063
cache_trace node 1: piece (4, 1) of 5 x 6, 69173177 + 57644315 limbs at 334337023, slots 1: A - B HIT | 1.741 s: redistribute 0.050 ntt 1.550 crt 0.002 out 0.084 carry 0.063
cache_trace node 0: piece (2, 2) of 5 x 6, 69173177 + 57644315 limbs at 253634984, slots 1: A - B cached | 3.500 s: redistribute 0.142 ntt 3.173 crt 0.005 out 0.134 carry 0.049
cache_trace node 1: piece (2, 2) of 5 x 6, 69173177 + 57644315 limbs at 253634984, slots 1: A - B cached | 3.500 s: redistribute 0.143 ntt 3.202 crt 0.004 out 0.118 carry 0.049
cache_trace node 0: piece (3, 2) of 5 x 6, 69173177 + 57644315 limbs at 322808161, slots 1: A - B HIT | 1.920 s: redistribute 0.057 ntt 1.714 crt 0.005 out 0.087 carry 0.067
cache_trace node 1: piece (3, 2) of 5 x 6, 69173177 + 57644315 limbs at 322808161, slots 1: A - B HIT | 1.920 s: redistribute 0.055 ntt 1.719 crt 0.005 out 0.087 carry 0.067
cache_trace node 0: piece (4, 2) of 5 x 6, 69173177 + 57644315 limbs at 391981338, slots 1: A - B HIT | 1.844 s: redistribute 0.059 ntt 1.645 crt 0.005 out 0.070 carry 0.086
cache_trace node 1: piece (4, 2) of 5 x 6, 69173177 + 57644315 limbs at 391981338, slots 1: A - B HIT | 1.844 s: redistribute 0.057 ntt 1.646 crt 0.005 out 0.073 carry 0.086
cache_trace node 0: piece (1, 3) of 5 x 6, 69173177 + 57644315 limbs at 242106122, slots 1: A - B cached | 2.520 s: redistribute 0.107 ntt 2.288 crt 0.002 out 0.091 carry 0.059
cache_trace node 1: piece (1, 3) of 5 x 6, 69173177 + 57644315 limbs at 242106122, slots 1: A - B cached | 2.520 s: redistribute 0.105 ntt 2.285 crt 0.002 out 0.100 carry 0.059
cache_trace node 0: piece (2, 3) of 5 x 6, 69173177 + 57644315 limbs at 311279299, slots 1: A - B HIT | 1.818 s: redistribute 0.080 ntt 1.579 crt 0.004 out 0.115 carry 0.064
cache_trace node 1: piece (2, 3) of 5 x 6, 69173177 + 57644315 limbs at 311279299, slots 1: A - B HIT | 1.818 s: redistribute 0.080 ntt 1.583 crt 0.005 out 0.109 carry 0.065
cache_trace node 0: piece (3, 3) of 5 x 6, 69173177 + 57644315 limbs at 380452476, slots 1: A - B HIT | 1.832 s: redistribute 0.063 ntt 1.603 crt 0.003 out 0.082 carry 0.096
cache_trace node 1: piece (3, 3) of 5 x 6, 69173177 + 57644315 limbs at 380452476, slots 1: A - B HIT | 1.832 s: redistribute 0.054 ntt 1.622 crt 0.002 out 0.085 carry 0.095
cache_trace node 0: piece (4, 3) of 5 x 6, 69173177 + 57644315 limbs at 449625653, slots 1: A - B HIT | 1.768 s: redistribute 0.056 ntt 1.606 crt 0.005 out 0.070 carry 0.052
cache_trace node 1: piece (4, 3) of 5 x 6, 69173177 + 57644315 limbs at 449625653, slots 1: A - B HIT | 1.768 s: redistribute 0.054 ntt 1.611 crt 0.004 out 0.074 carry 0.052
cache_trace node 0: piece (0, 4) of 5 x 6, 69173177 + 57644315 limbs at 230577260, slots 1: A - B cached | 2.882 s: redistribute 0.104 ntt 2.667 crt 0.003 out 0.083 carry 0.051
cache_trace node 1: piece (0, 4) of 5 x 6, 69173177 + 57644315 limbs at 230577260, slots 1: A - B cached | 2.882 s: redistribute 0.102 ntt 2.500 crt 0.004 out 0.238 carry 0.051
cache_trace node 0: piece (1, 4) of 5 x 6, 69173177 + 57644315 limbs at 299750437, slots 1: A - B HIT | 1.790 s: redistribute 0.062 ntt 1.561 crt 0.005 out 0.120 carry 0.059
cache_trace node 1: piece (1, 4) of 5 x 6, 69173177 + 57644315 limbs at 299750437, slots 1: A - B HIT | 1.790 s: redistribute 0.064 ntt 1.559 crt 0.005 out 0.118 carry 0.059
cache_trace node 0: piece (2, 4) of 5 x 6, 69173177 + 57644315 limbs at 368923614, slots 1: A - B HIT | 1.734 s: redistribute 0.076 ntt 1.511 crt 0.005 out 0.064 carry 0.093
cache_trace node 1: piece (2, 4) of 5 x 6, 69173177 + 57644315 limbs at 368923614, slots 1: A - B HIT | 1.734 s: redistribute 0.075 ntt 1.516 crt 0.005 out 0.064 carry 0.093
cache_trace node 0: piece (3, 4) of 5 x 6, 69173177 + 57644315 limbs at 438096791, slots 1: A - B HIT | 1.720 s: redistribute 0.054 ntt 1.554 crt 0.005 out 0.066 carry 0.061
cache_trace node 1: piece (3, 4) of 5 x 6, 69173177 + 57644315 limbs at 438096791, slots 1: A - B HIT | 1.720 s: redistribute 0.053 ntt 1.538 crt 0.005 out 0.078 carry 0.061
cache_trace node 0: piece (4, 4) of 5 x 6, 69173177 + 57644315 limbs at 507269968, slots 1: A - B HIT | 1.671 s: redistribute 0.054 ntt 1.483 crt 0.005 out 0.064 carry 0.070
cache_trace node 1: piece (4, 4) of 5 x 6, 69173177 + 57644315 limbs at 507269968, slots 1: A - B HIT | 1.671 s: redistribute 0.052 ntt 1.485 crt 0.005 out 0.065 carry 0.070
cache_trace node 0: piece (0, 5) of 5 x 6, 69173177 + 57644310 limbs at 288221575, slots 1: A - B cached | 2.554 s: redistribute 0.092 ntt 2.327 crt 0.005 out 0.097 carry 0.054
cache_trace node 1: piece (0, 5) of 5 x 6, 69173177 + 57644310 limbs at 288221575, slots 1: A - B cached | 2.554 s: redistribute 0.091 ntt 2.328 crt 0.005 out 0.097 carry 0.054
cache_trace node 0: piece (1, 5) of 5 x 6, 69173177 + 57644310 limbs at 357394752, slots 1: A - B HIT | 1.724 s: redistribute 0.056 ntt 1.507 crt 0.005 out 0.076 carry 0.093
cache_trace node 1: piece (1, 5) of 5 x 6, 69173177 + 57644310 limbs at 357394752, slots 1: A - B HIT | 1.724 s: redistribute 0.067 ntt 1.505 crt 0.005 out 0.076 carry 0.093
cache_trace node 0: piece (2, 5) of 5 x 6, 69173177 + 57644310 limbs at 426567929, slots 1: A - B HIT | 1.661 s: redistribute 0.075 ntt 1.453 crt 0.005 out 0.077 carry 0.062
cache_trace node 1: piece (2, 5) of 5 x 6, 69173177 + 57644310 limbs at 426567929, slots 1: A - B HIT | 1.661 s: redistribute 0.078 ntt 1.456 crt 0.005 out 0.077 carry 0.062
cache_trace node 0: piece (3, 5) of 5 x 6, 69173177 + 57644310 limbs at 495741106, slots 1: A - B HIT | 1.739 s: redistribute 0.054 ntt 1.531 crt 0.005 out 0.103 carry 0.069
cache_trace node 1: piece (3, 5) of 5 x 6, 69173177 + 57644310 limbs at 495741106, slots 1: A - B HIT | 1.739 s: redistribute 0.052 ntt 1.541 crt 0.005 out 0.084 carry 0.068
cache_trace node 0: piece (4, 5) of 5 x 6, 69173177 + 57644310 limbs at 564914283, slots 1: A - B HIT | 1.631 s: redistribute 0.054 ntt 1.449 crt 0.005 out 0.071 carry 0.073
dist_mn node 0: 345865885 x 345865885 limbs over 2 x 4 ranks (cap 2^27): 5 x 6 pieces, 20 formed, 10 skipped (low cut) (cache 1 slots: 14 hits, 6 misses)
cache_trace node 1: piece (4, 5) of 5 x 6, 69173177 + 57644310 limbs at 564914283, slots 1: A - B HIT | 1.631 s: redistribute 0.051 ntt 1.453 crt 0.005 out 0.069 carry 0.073
dist_mn node 1: 345865885 x 345865885 limbs over 2 x 4 ranks (cap 2^27): 5 x 6 pieces, 20 formed, 10 skipped (low cut) (cache 1 slots: 14 hits, 6 misses)
cx_grid node 0: rep 1 shape 5x6_lowcut (345865885 x 345865885, cut 345865885 / -1) slots 1: 42.866 s, cache 14 hits 6 misses, C sha256 261239e9c0ffe052 same
cx_grid node 1: rep 1 shape 5x6_lowcut (345865885 x 345865885, cut 345865885 / -1) slots 1: 42.866 s, cache 14 hits 6 misses, C sha256 5b432973f937164e same
cache_trace node 0: piece (4, 0) of 5 x 6, 69173177 + 57644315 limbs at 276692708, slots 2: A - B cached | 2.744 s: redistribute 0.094 ntt 2.531 crt 0.005 out 0.103 carry 0.045
cache_trace node 1: piece (4, 0) of 5 x 6, 69173177 + 57644315 limbs at 276692708, slots 2: A - B cached | 2.744 s: redistribute 0.096 ntt 2.365 crt 0.005 out 0.245 carry 0.045
cache_trace node 0: piece (3, 1) of 5 x 6, 69173177 + 57644315 limbs at 265163846, slots 2: A - B cached | 2.801 s: redistribute 0.080 ntt 2.562 crt 0.003 out 0.097 carry 0.063
cache_trace node 1: piece (3, 1) of 5 x 6, 69173177 + 57644315 limbs at 265163846, slots 2: A - B cached | 2.801 s: redistribute 0.084 ntt 2.562 crt 0.004 out 0.108 carry 0.063
cache_trace node 0: piece (4, 1) of 5 x 6, 69173177 + 57644315 limbs at 334337023, slots 2: A - B HIT | 1.752 s: redistribute 0.051 ntt 1.570 crt 0.004 out 0.089 carry 0.061
cache_trace node 1: piece (4, 1) of 5 x 6, 69173177 + 57644315 limbs at 334337023, slots 2: A - B HIT | 1.752 s: redistribute 0.050 ntt 1.574 crt 0.004 out 0.088 carry 0.062
cache_trace node 0: piece (2, 2) of 5 x 6, 69173177 + 57644315 limbs at 253634984, slots 2: A - B cached | 2.438 s: redistribute 0.116 ntt 2.211 crt 0.005 out 0.092 carry 0.051
cache_trace node 1: piece (2, 2) of 5 x 6, 69173177 + 57644315 limbs at 253634984, slots 2: A - B cached | 2.438 s: redistribute 0.117 ntt 2.210 crt 0.005 out 0.099 carry 0.052
cache_trace node 0: piece (3, 2) of 5 x 6, 69173177 + 57644315 limbs at 322808161, slots 2: A - B HIT | 1.699 s: redistribute 0.056 ntt 1.502 crt 0.005 out 0.108 carry 0.062
cache_trace node 1: piece (3, 2) of 5 x 6, 69173177 + 57644315 limbs at 322808161, slots 2: A - B HIT | 1.699 s: redistribute 0.053 ntt 1.504 crt 0.005 out 0.110 carry 0.062
cache_trace node 0: piece (4, 2) of 5 x 6, 69173177 + 57644315 limbs at 391981338, slots 2: A - B HIT | 1.728 s: redistribute 0.066 ntt 1.528 crt 0.005 out 0.075 carry 0.081
cache_trace node 1: piece (4, 2) of 5 x 6, 69173177 + 57644315 limbs at 391981338, slots 2: A - B HIT | 1.728 s: redistribute 0.064 ntt 1.529 crt 0.005 out 0.077 carry 0.081
cache_trace node 0: piece (1, 3) of 5 x 6, 69173177 + 57644315 limbs at 242106122, slots 2: A - B cached | 2.470 s: redistribute 0.097 ntt 2.226 crt 0.005 out 0.092 carry 0.058
cache_trace node 1: piece (1, 3) of 5 x 6, 69173177 + 57644315 limbs at 242106122, slots 2: A - B cached | 2.470 s: redistribute 0.096 ntt 2.227 crt 0.005 out 0.092 carry 0.058
cache_trace node 0: piece (2, 3) of 5 x 6, 69173177 + 57644315 limbs at 311279299, slots 2: A - B HIT | 1.694 s: redistribute 0.067 ntt 1.479 crt 0.002 out 0.108 carry 0.064
cache_trace node 1: piece (2, 3) of 5 x 6, 69173177 + 57644315 limbs at 311279299, slots 2: A - B HIT | 1.694 s: redistribute 0.068 ntt 1.480 crt 0.002 out 0.106 carry 0.064
cache_trace node 0: piece (3, 3) of 5 x 6, 69173177 + 57644315 limbs at 380452476, slots 2: A - B HIT | 1.740 s: redistribute 0.067 ntt 1.533 crt 0.005 out 0.067 carry 0.093
cache_trace node 1: piece (3, 3) of 5 x 6, 69173177 + 57644315 limbs at 380452476, slots 2: A - B HIT | 1.740 s: redistribute 0.051 ntt 1.536 crt 0.004 out 0.068 carry 0.093
cache_trace node 0: piece (4, 3) of 5 x 6, 69173177 + 57644315 limbs at 449625653, slots 2: A - B HIT | 1.649 s: redistribute 0.058 ntt 1.468 crt 0.005 out 0.074 carry 0.052
cache_trace node 1: piece (4, 3) of 5 x 6, 69173177 + 57644315 limbs at 449625653, slots 2: A - B HIT | 1.649 s: redistribute 0.056 ntt 1.470 crt 0.005 out 0.073 carry 0.052
cache_trace node 0: piece (0, 4) of 5 x 6, 69173177 + 57644315 limbs at 230577260, slots 2: A cached B cached | 2.487 s: redistribute 0.082 ntt 2.274 crt 0.004 out 0.084 carry 0.050
cache_trace node 1: piece (0, 4) of 5 x 6, 69173177 + 57644315 limbs at 230577260, slots 2: A cached B cached | 2.487 s: redistribute 0.081 ntt 2.275 crt 0.005 out 0.081 carry 0.050
cache_trace node 0: piece (1, 4) of 5 x 6, 69173177 + 57644315 limbs at 299750437, slots 2: A - B HIT | 1.722 s: redistribute 0.057 ntt 1.515 crt 0.005 out 0.097 carry 0.052
cache_trace node 1: piece (1, 4) of 5 x 6, 69173177 + 57644315 limbs at 299750437, slots 2: A - B HIT | 1.722 s: redistribute 0.061 ntt 1.506 crt 0.005 out 0.101 carry 0.052
cache_trace node 0: piece (2, 4) of 5 x 6, 69173177 + 57644315 limbs at 368923614, slots 2: A - B HIT | 1.776 s: redistribute 0.090 ntt 1.547 crt 0.005 out 0.079 carry 0.095
cache_trace node 1: piece (2, 4) of 5 x 6, 69173177 + 57644315 limbs at 368923614, slots 2: A - B HIT | 1.776 s: redistribute 0.088 ntt 1.549 crt 0.005 out 0.078 carry 0.095
cache_trace node 0: piece (3, 4) of 5 x 6, 69173177 + 57644315 limbs at 438096791, slots 2: A - B HIT | 1.649 s: redistribute 0.047 ntt 1.471 crt 0.004 out 0.073 carry 0.062
cache_trace node 1: piece (3, 4) of 5 x 6, 69173177 + 57644315 limbs at 438096791, slots 2: A - B HIT | 1.649 s: redistribute 0.045 ntt 1.480 crt 0.005 out 0.074 carry 0.061
cache_trace node 0: piece (4, 4) of 5 x 6, 69173177 + 57644315 limbs at 507269968, slots 2: A - B HIT | 1.703 s: redistribute 0.049 ntt 1.520 crt 0.005 out 0.080 carry 0.073
cache_trace node 1: piece (4, 4) of 5 x 6, 69173177 + 57644315 limbs at 507269968, slots 2: A - B HIT | 1.703 s: redistribute 0.047 ntt 1.524 crt 0.005 out 0.084 carry 0.073
cache_trace node 0: piece (0, 5) of 5 x 6, 69173177 + 57644310 limbs at 288221575, slots 2: A HIT B cached | 1.755 s: redistribute 0.057 ntt 1.569 crt 0.005 out 0.100 carry 0.051
cache_trace node 1: piece (0, 5) of 5 x 6, 69173177 + 57644310 limbs at 288221575, slots 2: A HIT B cached | 1.755 s: redistribute 0.056 ntt 1.556 crt 0.004 out 0.105 carry 0.052
cache_trace node 0: piece (1, 5) of 5 x 6, 69173177 + 57644310 limbs at 357394752, slots 2: A - B HIT | 1.706 s: redistribute 0.047 ntt 1.481 crt 0.004 out 0.093 carry 0.092
cache_trace node 1: piece (1, 5) of 5 x 6, 69173177 + 57644310 limbs at 357394752, slots 2: A - B HIT | 1.706 s: redistribute 0.055 ntt 1.484 crt 0.003 out 0.077 carry 0.091
cache_trace node 0: piece (2, 5) of 5 x 6, 69173177 + 57644310 limbs at 426567929, slots 2: A - B HIT | 1.732 s: redistribute 0.066 ntt 1.539 crt 0.005 out 0.072 carry 0.060
cache_trace node 1: piece (2, 5) of 5 x 6, 69173177 + 57644310 limbs at 426567929, slots 2: A - B HIT | 1.732 s: redistribute 0.068 ntt 1.543 crt 0.005 out 0.075 carry 0.060
cache_trace node 0: piece (3, 5) of 5 x 6, 69173177 + 57644310 limbs at 495741106, slots 2: A - B HIT | 1.786 s: redistribute 0.064 ntt 1.600 crt 0.005 out 0.078 carry 0.069
cache_trace node 1: piece (3, 5) of 5 x 6, 69173177 + 57644310 limbs at 495741106, slots 2: A - B HIT | 1.786 s: redistribute 0.062 ntt 1.602 crt 0.005 out 0.071 carry 0.069
cache_trace node 0: piece (4, 5) of 5 x 6, 69173177 + 57644310 limbs at 564914283, slots 2: A - B HIT | 1.829 s: redistribute 0.052 ntt 1.625 crt 0.003 out 0.086 carry 0.074
dist_mn node 0: 345865885 x 345865885 limbs over 2 x 4 ranks (cap 2^27): 5 x 6 pieces, 20 formed, 10 skipped (low cut) (cache 2 slots: 15 hits, 7 misses)
cache_trace node 1: piece (4, 5) of 5 x 6, 69173177 + 57644310 limbs at 564914283, slots 2: A - B HIT | 1.829 s: redistribute 0.047 ntt 1.626 crt 0.004 out 0.089 carry 0.074
dist_mn node 1: 345865885 x 345865885 limbs over 2 x 4 ranks (cap 2^27): 5 x 6 pieces, 20 formed, 10 skipped (low cut) (cache 2 slots: 15 hits, 7 misses)
cx_grid node 1: rep 1 shape 5x6_lowcut (345865885 x 345865885, cut 345865885 / -1) slots 2: 38.874 s, cache 15 hits 7 misses, C sha256 5b432973f937164e same
cx_grid node 0: rep 1 shape 5x6_lowcut (345865885 x 345865885, cut 345865885 / -1) slots 2: 38.874 s, cache 15 hits 7 misses, C sha256 261239e9c0ffe052 same
cache_trace node 0: piece (0, 0) of 5 x 6, 69173177 + 57644315 limbs at 0, slots 0: A - B - | 2.610 s: redistribute 0.088 ntt 2.425 crt 0.004 out 0.093 carry 0.002
cache_trace node 1: piece (0, 0) of 5 x 6, 69173177 + 57644315 limbs at 0, slots 0: A - B - | 2.610 s: redistribute 0.089 ntt 2.453 crt 0.004 out 0.069 carry 0.002
cache_trace node 0: piece (1, 0) of 5 x 6, 69173177 + 57644315 limbs at 69173177, slots 0: A - B - | 2.578 s: redistribute 0.086 ntt 2.349 crt 0.005 out 0.097 carry 0.055
cache_trace node 1: piece (1, 0) of 5 x 6, 69173177 + 57644315 limbs at 69173177, slots 0: A - B - | 2.578 s: redistribute 0.089 ntt 2.347 crt 0.005 out 0.096 carry 0.055
cache_trace node 0: piece (2, 0) of 5 x 6, 69173177 + 57644315 limbs at 138346354, slots 0: A - B - | 2.530 s: redistribute 0.135 ntt 2.263 crt 0.004 out 0.099 carry 0.052
cache_trace node 1: piece (2, 0) of 5 x 6, 69173177 + 57644315 limbs at 138346354, slots 0: A - B - | 2.530 s: redistribute 0.137 ntt 2.259 crt 0.004 out 0.104 carry 0.052
cache_trace node 0: piece (3, 0) of 5 x 6, 69173177 + 57644315 limbs at 207519531, slots 0: A - B - | 2.449 s: redistribute 0.119 ntt 2.262 crt 0.004 out 0.065 carry 0.045
cache_trace node 1: piece (3, 0) of 5 x 6, 69173177 + 57644315 limbs at 207519531, slots 0: A - B - | 2.449 s: redistribute 0.122 ntt 2.262 crt 0.004 out 0.073 carry 0.045
cache_trace node 0: piece (4, 0) of 5 x 6, 69173177 + 57644315 limbs at 276692708, slots 0: A - B - | 2.415 s: redistribute 0.100 ntt 2.255 crt 0.005 out 0.048 carry 0.040
cache_trace node 1: piece (4, 0) of 5 x 6, 69173177 + 57644315 limbs at 276692708, slots 0: A - B - | 2.415 s: redistribute 0.101 ntt 2.254 crt 0.005 out 0.051 carry 0.040
cache_trace node 0: piece (0, 1) of 5 x 6, 69173177 + 57644315 limbs at 57644315, slots 0: A - B - | 2.492 s: redistribute 0.100 ntt 2.264 crt 0.005 out 0.084 carry 0.050
cache_trace node 1: piece (0, 1) of 5 x 6, 69173177 + 57644315 limbs at 57644315, slots 0: A - B - | 2.492 s: redistribute 0.101 ntt 2.260 crt 0.005 out 0.086 carry 0.050
cache_trace node 0: piece (1, 1) of 5 x 6, 69173177 + 57644315 limbs at 126817492, slots 0: A - B - | 2.539 s: redistribute 0.099 ntt 2.275 crt 0.005 out 0.118 carry 0.062
cache_trace node 1: piece (1, 1) of 5 x 6, 69173177 + 57644315 limbs at 126817492, slots 0: A - B - | 2.539 s: redistribute 0.107 ntt 2.270 crt 0.005 out 0.117 carry 0.062
cache_trace node 0: piece (2, 1) of 5 x 6, 69173177 + 57644315 limbs at 195990669, slots 0: A - B - | 2.534 s: redistribute 0.131 ntt 2.335 crt 0.005 out 0.075 carry 0.021
cache_trace node 1: piece (2, 1) of 5 x 6, 69173177 + 57644315 limbs at 195990669, slots 0: A - B - | 2.534 s: redistribute 0.133 ntt 2.327 crt 0.005 out 0.081 carry 0.021
cache_trace node 0: piece (3, 1) of 5 x 6, 69173177 + 57644315 limbs at 265163846, slots 0: A - B - | 2.461 s: redistribute 0.080 ntt 2.279 crt 0.005 out 0.060 carry 0.057
cache_trace node 1: piece (3, 1) of 5 x 6, 69173177 + 57644315 limbs at 265163846, slots 0: A - B - | 2.461 s: redistribute 0.081 ntt 2.276 crt 0.005 out 0.060 carry 0.058
cache_trace node 0: piece (4, 1) of 5 x 6, 69173177 + 57644315 limbs at 334337023, slots 0: A - B - | 2.407 s: redistribute 0.088 ntt 2.296 crt 0.002 out 0.032 carry 0.010
cache_trace node 1: piece (4, 1) of 5 x 6, 69173177 + 57644315 limbs at 334337023, slots 0: A - B - | 2.407 s: redistribute 0.089 ntt 2.297 crt 0.003 out 0.023 carry 0.010
cache_trace node 0: piece (0, 2) of 5 x 6, 69173177 + 57644315 limbs at 115288630, slots 0: A - B - | 2.444 s: redistribute 0.086 ntt 2.202 crt 0.004 out 0.115 carry 0.059
cache_trace node 1: piece (0, 2) of 5 x 6, 69173177 + 57644315 limbs at 115288630, slots 0: A - B - | 2.444 s: redistribute 0.092 ntt 2.206 crt 0.003 out 0.117 carry 0.059
cache_trace node 0: piece (1, 2) of 5 x 6, 69173177 + 57644315 limbs at 184461807, slots 0: A - B - | 2.465 s: redistribute 0.098 ntt 2.269 crt 0.005 out 0.066 carry 0.043
cache_trace node 1: piece (1, 2) of 5 x 6, 69173177 + 57644315 limbs at 184461807, slots 0: A - B - | 2.465 s: redistribute 0.109 ntt 2.265 crt 0.005 out 0.069 carry 0.043
cache_trace node 0: piece (2, 2) of 5 x 6, 69173177 + 57644315 limbs at 253634984, slots 0: A - B - | 2.469 s: redistribute 0.135 ntt 2.240 crt 0.005 out 0.058 carry 0.064
cache_trace node 1: piece (2, 2) of 5 x 6, 69173177 + 57644315 limbs at 253634984, slots 0: A - B - | 2.469 s: redistribute 0.136 ntt 2.239 crt 0.005 out 0.058 carry 0.064
cache_trace node 0: piece (3, 2) of 5 x 6, 69173177 + 57644315 limbs at 322808161, slots 0: A - B - | 2.506 s: redistribute 0.095 ntt 2.389 crt 0.004 out 0.024 carry 0.020
cache_trace node 1: piece (3, 2) of 5 x 6, 69173177 + 57644315 limbs at 322808161, slots 0: A - B - | 2.506 s: redistribute 0.097 ntt 2.390 crt 0.005 out 0.026 carry 0.020
cache_trace node 0: piece (0, 3) of 5 x 6, 69173177 + 57644315 limbs at 172932945, slots 0: A - B - | 2.512 s: redistribute 0.085 ntt 2.290 crt 0.005 out 0.082 carry 0.066
cache_trace node 1: piece (0, 3) of 5 x 6, 69173177 + 57644315 limbs at 172932945, slots 0: A - B - | 2.512 s: redistribute 0.083 ntt 2.298 crt 0.005 out 0.076 carry 0.066
cache_trace node 0: piece (1, 3) of 5 x 6, 69173177 + 57644315 limbs at 242106122, slots 0: A - B - | 2.513 s: redistribute 0.095 ntt 2.308 crt 0.004 out 0.063 carry 0.056
cache_trace node 1: piece (1, 3) of 5 x 6, 69173177 + 57644315 limbs at 242106122, slots 0: A - B - | 2.513 s: redistribute 0.092 ntt 2.313 crt 0.004 out 0.059 carry 0.056
cache_trace node 0: piece (2, 3) of 5 x 6, 69173177 + 57644315 limbs at 311279299, slots 0: A - B - | 2.685 s: redistribute 0.141 ntt 2.481 crt 0.005 out 0.038 carry 0.029
cache_trace node 1: piece (2, 3) of 5 x 6, 69173177 + 57644315 limbs at 311279299, slots 0: A - B - | 2.685 s: redistribute 0.133 ntt 2.349 crt 0.005 out 0.170 carry 0.029
cache_trace node 0: piece (0, 4) of 5 x 6, 69173177 + 57644315 limbs at 230577260, slots 0: A - B - | 2.726 s: redistribute 0.113 ntt 2.529 crt 0.003 out 0.083 carry 0.069
cache_trace node 1: piece (0, 4) of 5 x 6, 69173177 + 57644315 limbs at 230577260, slots 0: A - B - | 2.726 s: redistribute 0.109 ntt 2.527 crt 0.002 out 0.075 carry 0.069
cache_trace node 0: piece (1, 4) of 5 x 6, 69173177 + 57644315 limbs at 299750437, slots 0: A - B - | 2.961 s: redistribute 0.093 ntt 2.795 crt 0.005 out 0.039 carry 0.038
cache_trace node 1: piece (1, 4) of 5 x 6, 69173177 + 57644315 limbs at 299750437, slots 0: A - B - | 2.961 s: redistribute 0.090 ntt 2.796 crt 0.005 out 0.039 carry 0.037
cache_trace node 0: piece (0, 5) of 5 x 6, 69173177 + 57644310 limbs at 288221575, slots 0: A - B - | 2.814 s: redistribute 0.099 ntt 2.632 crt 0.002 out 0.049 carry 0.039
dist_mn node 0: 345865885 x 345865885 limbs over 2 x 4 ranks (cap 2^27): 5 x 6 pieces, 20 formed, 10 skipped (low product) (cache 0 slots: 0 hits, 0 misses)
cache_trace node 1: piece (0, 5) of 5 x 6, 69173177 + 57644310 limbs at 288221575, slots 0: A - B - | 2.814 s: redistribute 0.096 ntt 2.641 crt 0.002 out 0.046 carry 0.038
dist_mn node 1: 345865885 x 345865885 limbs over 2 x 4 ranks (cap 2^27): 5 x 6 pieces, 20 formed, 10 skipped (low product) (cache 0 slots: 0 hits, 0 misses)
cx_grid node 0: rep 1 shape 5x6_highcut (345865885 x 345865885, cut 0 / 345865885) slots 0: 51.120 s, cache 0 hits 0 misses, C sha256 a4fafb30f8f4e090 same
cx_grid node 1: rep 1 shape 5x6_highcut (345865885 x 345865885, cut 0 / 345865885) slots 0: 51.120 s, cache 0 hits 0 misses, C sha256 4686d3b4151e0c2f same
cache_trace node 0: piece (0, 0) of 5 x 6, 69173177 + 57644315 limbs at 0, slots 1: A - B cached | 2.792 s: redistribute 0.099 ntt 2.630 crt 0.005 out 0.074 carry 0.002
cache_trace node 1: piece (0, 0) of 5 x 6, 69173177 + 57644315 limbs at 0, slots 1: A - B cached | 2.792 s: redistribute 0.100 ntt 2.627 crt 0.005 out 0.077 carry 0.003
cache_trace node 0: piece (1, 0) of 5 x 6, 69173177 + 57644315 limbs at 69173177, slots 1: A - B HIT | 1.944 s: redistribute 0.057 ntt 1.703 crt 0.002 out 0.130 carry 0.053
cache_trace node 1: piece (1, 0) of 5 x 6, 69173177 + 57644315 limbs at 69173177, slots 1: A - B HIT | 1.944 s: redistribute 0.058 ntt 1.690 crt 0.003 out 0.141 carry 0.053
cache_trace node 0: piece (2, 0) of 5 x 6, 69173177 + 57644315 limbs at 138346354, slots 1: A - B HIT | 2.532 s: redistribute 0.077 ntt 2.322 crt 0.004 out 0.095 carry 0.056
cache_trace node 1: piece (2, 0) of 5 x 6, 69173177 + 57644315 limbs at 138346354, slots 1: A - B HIT | 2.532 s: redistribute 0.083 ntt 2.315 crt 0.003 out 0.094 carry 0.056
cache_trace node 0: piece (3, 0) of 5 x 6, 69173177 + 57644315 limbs at 207519531, slots 1: A - B HIT | 1.923 s: redistribute 0.066 ntt 1.757 crt 0.003 out 0.071 carry 0.043
cache_trace node 1: piece (3, 0) of 5 x 6, 69173177 + 57644315 limbs at 207519531, slots 1: A - B HIT | 1.923 s: redistribute 0.056 ntt 1.767 crt 0.004 out 0.070 carry 0.043
cache_trace node 0: piece (4, 0) of 5 x 6, 69173177 + 57644315 limbs at 276692708, slots 1: A - B HIT | 1.932 s: redistribute 0.067 ntt 1.787 crt 0.004 out 0.048 carry 0.040
cache_trace node 1: piece (4, 0) of 5 x 6, 69173177 + 57644315 limbs at 276692708, slots 1: A - B HIT | 1.932 s: redistribute 0.064 ntt 1.766 crt 0.005 out 0.065 carry 0.040
cache_trace node 0: piece (0, 1) of 5 x 6, 69173177 + 57644315 limbs at 57644315, slots 1: A - B cached | 3.315 s: redistribute 0.102 ntt 3.118 crt 0.005 out 0.101 carry 0.049
cache_trace node 1: piece (0, 1) of 5 x 6, 69173177 + 57644315 limbs at 57644315, slots 1: A - B cached | 3.315 s: redistribute 0.104 ntt 3.094 crt 0.005 out 0.103 carry 0.049
cache_trace node 0: piece (1, 1) of 5 x 6, 69173177 + 57644315 limbs at 126817492, slots 1: A - B HIT | 1.938 s: redistribute 0.055 ntt 1.740 crt 0.002 out 0.101 carry 0.059
cache_trace node 1: piece (1, 1) of 5 x 6, 69173177 + 57644315 limbs at 126817492, slots 1: A - B HIT | 1.938 s: redistribute 0.057 ntt 1.734 crt 0.002 out 0.104 carry 0.059
cache_trace node 0: piece (2, 1) of 5 x 6, 69173177 + 57644315 limbs at 195990669, slots 1: A - B HIT | 1.700 s: redistribute 0.101 ntt 1.542 crt 0.005 out 0.070 carry 0.021
cache_trace node 1: piece (2, 1) of 5 x 6, 69173177 + 57644315 limbs at 195990669, slots 1: A - B HIT | 1.700 s: redistribute 0.100 ntt 1.545 crt 0.004 out 0.069 carry 0.021
cache_trace node 0: piece (3, 1) of 5 x 6, 69173177 + 57644315 limbs at 265163846, slots 1: A - B HIT | 1.694 s: redistribute 0.058 ntt 1.536 crt 0.002 out 0.056 carry 0.057
cache_trace node 1: piece (3, 1) of 5 x 6, 69173177 + 57644315 limbs at 265163846, slots 1: A - B HIT | 1.694 s: redistribute 0.057 ntt 1.535 crt 0.003 out 0.054 carry 0.057
cache_trace node 0: piece (4, 1) of 5 x 6, 69173177 + 57644315 limbs at 334337023, slots 1: A - B HIT | 1.588 s: redistribute 0.052 ntt 1.521 crt 0.005 out 0.025 carry 0.011
cache_trace node 1: piece (4, 1) of 5 x 6, 69173177 + 57644315 limbs at 334337023, slots 1: A - B HIT | 1.588 s: redistribute 0.048 ntt 1.522 crt 0.005 out 0.016 carry 0.011
cache_trace node 0: piece (0, 2) of 5 x 6, 69173177 + 57644315 limbs at 115288630, slots 1: A - B cached | 2.466 s: redistribute 0.101 ntt 2.226 crt 0.004 out 0.111 carry 0.062
cache_trace node 1: piece (0, 2) of 5 x 6, 69173177 + 57644315 limbs at 115288630, slots 1: A - B cached | 2.466 s: redistribute 0.106 ntt 2.225 crt 0.005 out 0.117 carry 0.062
cache_trace node 0: piece (1, 2) of 5 x 6, 69173177 + 57644315 limbs at 184461807, slots 1: A - B HIT | 1.808 s: redistribute 0.053 ntt 1.646 crt 0.002 out 0.065 carry 0.043
cache_trace node 1: piece (1, 2) of 5 x 6, 69173177 + 57644315 limbs at 184461807, slots 1: A - B HIT | 1.808 s: redistribute 0.053 ntt 1.633 crt 0.002 out 0.075 carry 0.043
cache_trace node 0: piece (2, 2) of 5 x 6, 69173177 + 57644315 limbs at 253634984, slots 1: A - B HIT | 1.957 s: redistribute 0.069 ntt 1.782 crt 0.005 out 0.056 carry 0.066
cache_trace node 1: piece (2, 2) of 5 x 6, 69173177 + 57644315 limbs at 253634984, slots 1: A - B HIT | 1.957 s: redistribute 0.067 ntt 1.776 crt 0.005 out 0.066 carry 0.066
cache_trace node 0: piece (3, 2) of 5 x 6, 69173177 + 57644315 limbs at 322808161, slots 1: A - B HIT | 2.192 s: redistribute 0.066 ntt 2.070 crt 0.005 out 0.046 carry 0.020
cache_trace node 1: piece (3, 2) of 5 x 6, 69173177 + 57644315 limbs at 322808161, slots 1: A - B HIT | 2.192 s: redistribute 0.064 ntt 2.072 crt 0.004 out 0.036 carry 0.020
cache_trace node 0: piece (0, 3) of 5 x 6, 69173177 + 57644315 limbs at 172932945, slots 1: A - B cached | 3.362 s: redistribute 0.098 ntt 3.142 crt 0.002 out 0.080 carry 0.064
cache_trace node 1: piece (0, 3) of 5 x 6, 69173177 + 57644315 limbs at 172932945, slots 1: A - B cached | 3.362 s: redistribute 0.094 ntt 3.143 crt 0.002 out 0.066 carry 0.063
cache_trace node 0: piece (1, 3) of 5 x 6, 69173177 + 57644315 limbs at 242106122, slots 1: A - B HIT | 1.857 s: redistribute 0.064 ntt 1.708 crt 0.005 out 0.062 carry 0.055
cache_trace node 1: piece (1, 3) of 5 x 6, 69173177 + 57644315 limbs at 242106122, slots 1: A - B HIT | 1.857 s: redistribute 0.064 ntt 1.706 crt 0.005 out 0.074 carry 0.055
cache_trace node 0: piece (2, 3) of 5 x 6, 69173177 + 57644315 limbs at 311279299, slots 1: A - B HIT | 1.900 s: redistribute 0.083 ntt 1.772 crt 0.005 out 0.053 carry 0.029
cache_trace node 1: piece (2, 3) of 5 x 6, 69173177 + 57644315 limbs at 311279299, slots 1: A - B HIT | 1.900 s: redistribute 0.080 ntt 1.605 crt 0.005 out 0.207 carry 0.029
cache_trace node 0: piece (0, 4) of 5 x 6, 69173177 + 57644315 limbs at 230577260, slots 1: A - B cached | 2.853 s: redistribute 0.096 ntt 2.637 crt 0.005 out 0.066 carry 0.068
cache_trace node 1: piece (0, 4) of 5 x 6, 69173177 + 57644315 limbs at 230577260, slots 1: A - B cached | 2.853 s: redistribute 0.093 ntt 2.632 crt 0.005 out 0.071 carry 0.068
cache_trace node 0: piece (1, 4) of 5 x 6, 69173177 + 57644315 limbs at 299750437, slots 1: A - B HIT | 1.773 s: redistribute 0.049 ntt 1.655 crt 0.005 out 0.041 carry 0.036
cache_trace node 1: piece (1, 4) of 5 x 6, 69173177 + 57644315 limbs at 299750437, slots 1: A - B HIT | 1.773 s: redistribute 0.051 ntt 1.650 crt 0.005 out 0.044 carry 0.036
cache_trace node 0: piece (0, 5) of 5 x 6, 69173177 + 57644310 limbs at 288221575, slots 1: A - B cached | 3.187 s: redistribute 0.097 ntt 3.024 crt 0.005 out 0.044 carry 0.038
dist_mn node 0: 345865885 x 345865885 limbs over 2 x 4 ranks (cap 2^27): 5 x 6 pieces, 20 formed, 10 skipped (low product) (cache 1 slots: 14 hits, 6 misses)
cache_trace node 1: piece (0, 5) of 5 x 6, 69173177 + 57644310 limbs at 288221575, slots 1: A - B cached | 3.187 s: redistribute 0.095 ntt 3.022 crt 0.005 out 0.046 carry 0.038
dist_mn node 1: 345865885 x 345865885 limbs over 2 x 4 ranks (cap 2^27): 5 x 6 pieces, 20 formed, 10 skipped (low product) (cache 1 slots: 14 hits, 6 misses)
cx_grid node 1: rep 1 shape 5x6_highcut (345865885 x 345865885, cut 0 / 345865885) slots 1: 44.730 s, cache 14 hits 6 misses, C sha256 4686d3b4151e0c2f same
cx_grid node 0: rep 1 shape 5x6_highcut (345865885 x 345865885, cut 0 / 345865885) slots 1: 44.730 s, cache 14 hits 6 misses, C sha256 a4fafb30f8f4e090 same
cache_trace node 0: piece (0, 0) of 5 x 6, 69173177 + 57644315 limbs at 0, slots 2: A cached B cached | 3.367 s: redistribute 0.099 ntt 3.210 crt 0.002 out 0.087 carry 0.002
cache_trace node 1: piece (0, 0) of 5 x 6, 69173177 + 57644315 limbs at 0, slots 2: A cached B cached | 3.367 s: redistribute 0.100 ntt 3.068 crt 0.003 out 0.236 carry 0.002
cache_trace node 0: piece (1, 0) of 5 x 6, 69173177 + 57644315 limbs at 69173177, slots 2: A - B HIT | 1.892 s: redistribute 0.044 ntt 1.721 crt 0.005 out 0.093 carry 0.047
cache_trace node 1: piece (1, 0) of 5 x 6, 69173177 + 57644315 limbs at 69173177, slots 2: A - B HIT | 1.892 s: redistribute 0.045 ntt 1.703 crt 0.004 out 0.099 carry 0.047
cache_trace node 0: piece (2, 0) of 5 x 6, 69173177 + 57644315 limbs at 138346354, slots 2: A - B HIT | 1.741 s: redistribute 0.065 ntt 1.532 crt 0.005 out 0.108 carry 0.055
cache_trace node 1: piece (2, 0) of 5 x 6, 69173177 + 57644315 limbs at 138346354, slots 2: A - B HIT | 1.741 s: redistribute 0.069 ntt 1.530 crt 0.005 out 0.108 carry 0.054
cache_trace node 0: piece (3, 0) of 5 x 6, 69173177 + 57644315 limbs at 207519531, slots 2: A - B HIT | 1.883 s: redistribute 0.056 ntt 1.723 crt 0.005 out 0.068 carry 0.044
cache_trace node 1: piece (3, 0) of 5 x 6, 69173177 + 57644315 limbs at 207519531, slots 2: A - B HIT | 1.883 s: redistribute 0.047 ntt 1.724 crt 0.005 out 0.074 carry 0.044
cache_trace node 0: piece (4, 0) of 5 x 6, 69173177 + 57644315 limbs at 276692708, slots 2: A - B HIT | 1.800 s: redistribute 0.055 ntt 1.679 crt 0.003 out 0.068 carry 0.039
cache_trace node 1: piece (4, 0) of 5 x 6, 69173177 + 57644315 limbs at 276692708, slots 2: A - B HIT | 1.800 s: redistribute 0.053 ntt 1.683 crt 0.003 out 0.062 carry 0.038
cache_trace node 0: piece (0, 1) of 5 x 6, 69173177 + 57644315 limbs at 57644315, slots 2: A HIT B cached | 1.863 s: redistribute 0.041 ntt 1.698 crt 0.002 out 0.078 carry 0.056
cache_trace node 1: piece (0, 1) of 5 x 6, 69173177 + 57644315 limbs at 57644315, slots 2: A HIT B cached | 1.863 s: redistribute 0.050 ntt 1.671 crt 0.002 out 0.099 carry 0.056
cache_trace node 0: piece (1, 1) of 5 x 6, 69173177 + 57644315 limbs at 126817492, slots 2: A - B HIT | 1.904 s: redistribute 0.046 ntt 1.724 crt 0.002 out 0.096 carry 0.061
cache_trace node 1: piece (1, 1) of 5 x 6, 69173177 + 57644315 limbs at 126817492, slots 2: A - B HIT | 1.904 s: redistribute 0.048 ntt 1.700 crt 0.002 out 0.093 carry 0.061
cache_trace node 0: piece (2, 1) of 5 x 6, 69173177 + 57644315 limbs at 195990669, slots 2: A - B HIT | 2.090 s: redistribute 0.092 ntt 1.911 crt 0.005 out 0.064 carry 0.021
cache_trace node 1: piece (2, 1) of 5 x 6, 69173177 + 57644315 limbs at 195990669, slots 2: A - B HIT | 2.090 s: redistribute 0.087 ntt 1.912 crt 0.005 out 0.066 carry 0.021
cache_trace node 0: piece (3, 1) of 5 x 6, 69173177 + 57644315 limbs at 265163846, slots 2: A - B HIT | 1.628 s: redistribute 0.050 ntt 1.480 crt 0.005 out 0.056 carry 0.055
cache_trace node 1: piece (3, 1) of 5 x 6, 69173177 + 57644315 limbs at 265163846, slots 2: A - B HIT | 1.628 s: redistribute 0.047 ntt 1.471 crt 0.005 out 0.063 carry 0.055
cache_trace node 0: piece (4, 1) of 5 x 6, 69173177 + 57644315 limbs at 334337023, slots 2: A - B HIT | 1.571 s: redistribute 0.052 ntt 1.503 crt 0.005 out 0.018 carry 0.011
cache_trace node 1: piece (4, 1) of 5 x 6, 69173177 + 57644315 limbs at 334337023, slots 2: A - B HIT | 1.571 s: redistribute 0.050 ntt 1.506 crt 0.005 out 0.019 carry 0.010
cache_trace node 0: piece (0, 2) of 5 x 6, 69173177 + 57644315 limbs at 115288630, slots 2: A HIT B cached | 1.682 s: redistribute 0.038 ntt 1.453 crt 0.005 out 0.135 carry 0.060
cache_trace node 1: piece (0, 2) of 5 x 6, 69173177 + 57644315 limbs at 115288630, slots 2: A HIT B cached | 1.682 s: redistribute 0.040 ntt 1.459 crt 0.005 out 0.127 carry 0.060
cache_trace node 0: piece (1, 2) of 5 x 6, 69173177 + 57644315 limbs at 184461807, slots 2: A - B HIT | 1.698 s: redistribute 0.050 ntt 1.550 crt 0.005 out 0.079 carry 0.043
cache_trace node 1: piece (1, 2) of 5 x 6, 69173177 + 57644315 limbs at 184461807, slots 2: A - B HIT | 1.698 s: redistribute 0.064 ntt 1.547 crt 0.005 out 0.082 carry 0.043
cache_trace node 0: piece (2, 2) of 5 x 6, 69173177 + 57644315 limbs at 253634984, slots 2: A - B HIT | 1.656 s: redistribute 0.065 ntt 1.480 crt 0.005 out 0.067 carry 0.062
cache_trace node 1: piece (2, 2) of 5 x 6, 69173177 + 57644315 limbs at 253634984, slots 2: A - B HIT | 1.656 s: redistribute 0.061 ntt 1.481 crt 0.004 out 0.056 carry 0.061
cache_trace node 0: piece (3, 2) of 5 x 6, 69173177 + 57644315 limbs at 322808161, slots 2: A - B HIT | 1.596 s: redistribute 0.051 ntt 1.483 crt 0.005 out 0.045 carry 0.020
cache_trace node 1: piece (3, 2) of 5 x 6, 69173177 + 57644315 limbs at 322808161, slots 2: A - B HIT | 1.596 s: redistribute 0.049 ntt 1.501 crt 0.005 out 0.033 carry 0.020
cache_trace node 0: piece (0, 3) of 5 x 6, 69173177 + 57644315 limbs at 172932945, slots 2: A HIT B cached | 1.681 s: redistribute 0.050 ntt 1.494 crt 0.005 out 0.082 carry 0.066
cache_trace node 1: piece (0, 3) of 5 x 6, 69173177 + 57644315 limbs at 172932945, slots 2: A HIT B cached | 1.681 s: redistribute 0.049 ntt 1.485 crt 0.005 out 0.096 carry 0.066
cache_trace node 0: piece (1, 3) of 5 x 6, 69173177 + 57644315 limbs at 242106122, slots 2: A - B HIT | 1.728 s: redistribute 0.049 ntt 1.568 crt 0.005 out 0.064 carry 0.055
cache_trace node 1: piece (1, 3) of 5 x 6, 69173177 + 57644315 limbs at 242106122, slots 2: A - B HIT | 1.728 s: redistribute 0.050 ntt 1.564 crt 0.005 out 0.072 carry 0.055
cache_trace node 0: piece (2, 3) of 5 x 6, 69173177 + 57644315 limbs at 311279299, slots 2: A - B HIT | 1.685 s: redistribute 0.080 ntt 1.558 crt 0.002 out 0.057 carry 0.029
cache_trace node 1: piece (2, 3) of 5 x 6, 69173177 + 57644315 limbs at 311279299, slots 2: A - B HIT | 1.685 s: redistribute 0.078 ntt 1.552 crt 0.002 out 0.056 carry 0.029
cache_trace node 0: piece (0, 4) of 5 x 6, 69173177 + 57644315 limbs at 230577260, slots 2: A HIT B cached | 1.678 s: redistribute 0.048 ntt 1.506 crt 0.003 out 0.073 carry 0.068
cache_trace node 1: piece (0, 4) of 5 x 6, 69173177 + 57644315 limbs at 230577260, slots 2: A HIT B cached | 1.678 s: redistribute 0.045 ntt 1.508 crt 0.004 out 0.086 carry 0.068
cache_trace node 0: piece (1, 4) of 5 x 6, 69173177 + 57644315 limbs at 299750437, slots 2: A - B HIT | 1.661 s: redistribute 0.043 ntt 1.532 crt 0.003 out 0.060 carry 0.037
cache_trace node 1: piece (1, 4) of 5 x 6, 69173177 + 57644315 limbs at 299750437, slots 2: A - B HIT | 1.661 s: redistribute 0.044 ntt 1.528 crt 0.002 out 0.054 carry 0.037
cache_trace node 0: piece (0, 5) of 5 x 6, 69173177 + 57644310 limbs at 288221575, slots 2: A HIT B cached | 1.674 s: redistribute 0.049 ntt 1.548 crt 0.005 out 0.048 carry 0.038
dist_mn node 0: 345865885 x 345865885 limbs over 2 x 4 ranks (cap 2^27): 5 x 6 pieces, 20 formed, 10 skipped (low product) (cache 2 slots: 19 hits, 7 misses)
cache_trace node 1: piece (0, 5) of 5 x 6, 69173177 + 57644310 limbs at 288221575, slots 2: A HIT B cached | 1.674 s: redistribute 0.046 ntt 1.552 crt 0.005 out 0.062 carry 0.038
dist_mn node 1: 345865885 x 345865885 limbs over 2 x 4 ranks (cap 2^27): 5 x 6 pieces, 20 formed, 10 skipped (low product) (cache 2 slots: 19 hits, 7 misses)
cx_grid node 1: rep 1 shape 5x6_highcut (345865885 x 345865885, cut 0 / 345865885) slots 2: 36.493 s, cache 19 hits 7 misses, C sha256 4686d3b4151e0c2f same
cx_grid node 0: rep 1 shape 5x6_highcut (345865885 x 345865885, cut 0 / 345865885) slots 2: 36.493 s, cache 19 hits 7 misses, C sha256 a4fafb30f8f4e090 same
cache_trace node 0: piece (0, 0) of 2 x 3, 79590803 + 53063711 limbs at 0, slots 0: A - B - | 2.478 s: redistribute 0.089 ntt 2.330 crt 0.005 out 0.077 carry 0.002
cache_trace node 1: piece (0, 0) of 2 x 3, 79590803 + 53063711 limbs at 0, slots 0: A - B - | 2.478 s: redistribute 0.088 ntt 2.331 crt 0.005 out 0.077 carry 0.003
cache_trace node 0: piece (1, 0) of 2 x 3, 79590802 + 53063711 limbs at 79590803, slots 0: A - B - | 2.526 s: redistribute 0.096 ntt 2.258 crt 0.005 out 0.120 carry 0.066
cache_trace node 1: piece (1, 0) of 2 x 3, 79590802 + 53063711 limbs at 79590803, slots 0: A - B - | 2.526 s: redistribute 0.093 ntt 2.259 crt 0.005 out 0.118 carry 0.066
cache_trace node 0: piece (0, 1) of 2 x 3, 79590803 + 53063711 limbs at 53063711, slots 0: A - B - | 2.520 s: redistribute 0.107 ntt 2.264 crt 0.005 out 0.095 carry 0.061
cache_trace node 1: piece (0, 1) of 2 x 3, 79590803 + 53063711 limbs at 53063711, slots 0: A - B - | 2.520 s: redistribute 0.104 ntt 2.263 crt 0.005 out 0.096 carry 0.061
cache_trace node 0: piece (1, 1) of 2 x 3, 79590802 + 53063711 limbs at 132654514, slots 0: A - B - | 2.536 s: redistribute 0.104 ntt 2.310 crt 0.005 out 0.100 carry 0.058
cache_trace node 1: piece (1, 1) of 2 x 3, 79590802 + 53063711 limbs at 132654514, slots 0: A - B - | 2.536 s: redistribute 0.101 ntt 2.309 crt 0.004 out 0.085 carry 0.058
cache_trace node 0: piece (0, 2) of 2 x 3, 79590803 + 53063709 limbs at 106127422, slots 0: A - B - | 2.532 s: redistribute 0.109 ntt 2.263 crt 0.005 out 0.110 carry 0.059
cache_trace node 1: piece (0, 2) of 2 x 3, 79590803 + 53063709 limbs at 106127422, slots 0: A - B - | 2.532 s: redistribute 0.104 ntt 2.272 crt 0.005 out 0.117 carry 0.059
cache_trace node 0: piece (1, 2) of 2 x 3, 79590802 + 53063709 limbs at 185718225, slots 0: A - B - | 2.467 s: redistribute 0.107 ntt 2.271 crt 0.004 out 0.080 carry 0.043
dist_mn node 0: 159181605 x 159191131 limbs over 2 x 4 ranks (cap 2^27): 2 x 3 pieces, 6 formed, 0 skipped (cache 0 slots: 0 hits, 0 misses)
cache_trace node 1: piece (1, 2) of 2 x 3, 79590802 + 53063709 limbs at 185718225, slots 0: A - B - | 2.467 s: redistribute 0.104 ntt 2.264 crt 0.005 out 0.076 carry 0.043
dist_mn node 1: 159181605 x 159191131 limbs over 2 x 4 ranks (cap 2^27): 2 x 3 pieces, 6 formed, 0 skipped (cache 0 slots: 0 hits, 0 misses)
cx_grid node 1: rep 2 shape 2x3_full (159181605 x 159191131, cut 0 / -1) slots 0: 15.066 s, cache 0 hits 0 misses, C sha256 02e9acc692b9f4e1 same
cx_grid node 0: rep 2 shape 2x3_full (159181605 x 159191131, cut 0 / -1) slots 0: 15.066 s, cache 0 hits 0 misses, C sha256 41e1c3b3e5a99325 same
cache_trace node 0: piece (0, 0) of 2 x 3, 79590803 + 53063711 limbs at 0, slots 1: A - B cached | 2.493 s: redistribute 0.098 ntt 2.342 crt 0.005 out 0.066 carry 0.002
cache_trace node 1: piece (0, 0) of 2 x 3, 79590803 + 53063711 limbs at 0, slots 1: A - B cached | 2.493 s: redistribute 0.097 ntt 2.345 crt 0.005 out 0.084 carry 0.003
cache_trace node 0: piece (1, 0) of 2 x 3, 79590802 + 53063711 limbs at 79590803, slots 1: A - B HIT | 1.810 s: redistribute 0.061 ntt 1.580 crt 0.002 out 0.115 carry 0.061
cache_trace node 1: piece (1, 0) of 2 x 3, 79590802 + 53063711 limbs at 79590803, slots 1: A - B HIT | 1.810 s: redistribute 0.064 ntt 1.584 crt 0.002 out 0.119 carry 0.061
cache_trace node 0: piece (0, 1) of 2 x 3, 79590803 + 53063711 limbs at 53063711, slots 1: A - B cached | 2.515 s: redistribute 0.135 ntt 2.285 crt 0.005 out 0.092 carry 0.054
cache_trace node 1: piece (0, 1) of 2 x 3, 79590803 + 53063711 limbs at 53063711, slots 1: A - B cached | 2.515 s: redistribute 0.132 ntt 2.273 crt 0.005 out 0.095 carry 0.055
cache_trace node 0: piece (1, 1) of 2 x 3, 79590802 + 53063711 limbs at 132654514, slots 1: A - B HIT | 1.737 s: redistribute 0.066 ntt 1.550 crt 0.005 out 0.099 carry 0.057
cache_trace node 1: piece (1, 1) of 2 x 3, 79590802 + 53063711 limbs at 132654514, slots 1: A - B HIT | 1.737 s: redistribute 0.068 ntt 1.530 crt 0.004 out 0.096 carry 0.057
cache_trace node 0: piece (0, 2) of 2 x 3, 79590803 + 53063709 limbs at 106127422, slots 1: A - B cached | 2.557 s: redistribute 0.110 ntt 2.314 crt 0.005 out 0.111 carry 0.062
cache_trace node 1: piece (0, 2) of 2 x 3, 79590803 + 53063709 limbs at 106127422, slots 1: A - B cached | 2.557 s: redistribute 0.106 ntt 2.294 crt 0.004 out 0.108 carry 0.063
cache_trace node 0: piece (1, 2) of 2 x 3, 79590802 + 53063709 limbs at 185718225, slots 1: A - B HIT | 1.687 s: redistribute 0.055 ntt 1.527 crt 0.004 out 0.075 carry 0.042
dist_mn node 0: 159181605 x 159191131 limbs over 2 x 4 ranks (cap 2^27): 2 x 3 pieces, 6 formed, 0 skipped (cache 1 slots: 3 hits, 3 misses)
cache_trace node 1: piece (1, 2) of 2 x 3, 79590802 + 53063709 limbs at 185718225, slots 1: A - B HIT | 1.687 s: redistribute 0.055 ntt 1.531 crt 0.005 out 0.071 carry 0.042
dist_mn node 1: 159181605 x 159191131 limbs over 2 x 4 ranks (cap 2^27): 2 x 3 pieces, 6 formed, 0 skipped (cache 1 slots: 3 hits, 3 misses)
cx_grid node 0: rep 2 shape 2x3_full (159181605 x 159191131, cut 0 / -1) slots 1: 12.806 s, cache 3 hits 3 misses, C sha256 41e1c3b3e5a99325 same
cx_grid node 1: rep 2 shape 2x3_full (159181605 x 159191131, cut 0 / -1) slots 1: 12.806 s, cache 3 hits 3 misses, C sha256 02e9acc692b9f4e1 same
cache_trace node 0: piece (0, 0) of 2 x 3, 79590803 + 53063711 limbs at 0, slots 2: A cached B cached | 2.375 s: redistribute 0.093 ntt 2.215 crt 0.005 out 0.075 carry 0.002
cache_trace node 1: piece (0, 0) of 2 x 3, 79590803 + 53063711 limbs at 0, slots 2: A cached B cached | 2.375 s: redistribute 0.092 ntt 2.228 crt 0.005 out 0.068 carry 0.002
cache_trace node 0: piece (1, 0) of 2 x 3, 79590802 + 53063711 limbs at 79590803, slots 2: A - B HIT | 1.715 s: redistribute 0.062 ntt 1.502 crt 0.005 out 0.102 carry 0.062
cache_trace node 1: piece (1, 0) of 2 x 3, 79590802 + 53063711 limbs at 79590803, slots 2: A - B HIT | 1.715 s: redistribute 0.063 ntt 1.499 crt 0.005 out 0.102 carry 0.063
cache_trace node 0: piece (0, 1) of 2 x 3, 79590803 + 53063711 limbs at 53063711, slots 2: A HIT B cached | 1.720 s: redistribute 0.038 ntt 1.509 crt 0.005 out 0.113 carry 0.061
cache_trace node 1: piece (0, 1) of 2 x 3, 79590803 + 53063711 limbs at 53063711, slots 2: A HIT B cached | 1.720 s: redistribute 0.037 ntt 1.537 crt 0.005 out 0.115 carry 0.061
cache_trace node 0: piece (1, 1) of 2 x 3, 79590802 + 53063711 limbs at 132654514, slots 2: A - B HIT | 1.680 s: redistribute 0.060 ntt 1.474 crt 0.005 out 0.091 carry 0.058
cache_trace node 1: piece (1, 1) of 2 x 3, 79590802 + 53063711 limbs at 132654514, slots 2: A - B HIT | 1.680 s: redistribute 0.062 ntt 1.472 crt 0.005 out 0.088 carry 0.058
cache_trace node 0: piece (0, 2) of 2 x 3, 79590803 + 53063709 limbs at 106127422, slots 2: A HIT B cached | 1.720 s: redistribute 0.068 ntt 1.517 crt 0.003 out 0.108 carry 0.060
cache_trace node 1: piece (0, 2) of 2 x 3, 79590803 + 53063709 limbs at 106127422, slots 2: A HIT B cached | 1.720 s: redistribute 0.054 ntt 1.521 crt 0.004 out 0.102 carry 0.060
cache_trace node 0: piece (1, 2) of 2 x 3, 79590802 + 53063709 limbs at 185718225, slots 2: A - B HIT | 1.715 s: redistribute 0.053 ntt 1.562 crt 0.002 out 0.074 carry 0.042
dist_mn node 0: 159181605 x 159191131 limbs over 2 x 4 ranks (cap 2^27): 2 x 3 pieces, 6 formed, 0 skipped (cache 2 slots: 5 hits, 4 misses)
cache_trace node 1: piece (1, 2) of 2 x 3, 79590802 + 53063709 limbs at 185718225, slots 2: A - B HIT | 1.715 s: redistribute 0.069 ntt 1.540 crt 0.003 out 0.083 carry 0.042
dist_mn node 1: 159181605 x 159191131 limbs over 2 x 4 ranks (cap 2^27): 2 x 3 pieces, 6 formed, 0 skipped (cache 2 slots: 5 hits, 4 misses)
cx_grid node 0: rep 2 shape 2x3_full (159181605 x 159191131, cut 0 / -1) slots 2: 10.931 s, cache 5 hits 4 misses, C sha256 41e1c3b3e5a99325 same
cx_grid node 1: rep 2 shape 2x3_full (159181605 x 159191131, cut 0 / -1) slots 2: 10.931 s, cache 5 hits 4 misses, C sha256 02e9acc692b9f4e1 same
cache_trace node 0: piece (0, 0) of 2 x 6, 78703953 + 52845459 limbs at 0, slots 0: A - B - | 2.461 s: redistribute 0.095 ntt 2.293 crt 0.005 out 0.074 carry 0.003
cache_trace node 1: piece (0, 0) of 2 x 6, 78703953 + 52845459 limbs at 0, slots 0: A - B - | 2.461 s: redistribute 0.093 ntt 2.294 crt 0.005 out 0.074 carry 0.004
cache_trace node 0: piece (1, 0) of 2 x 6, 78703952 + 52845459 limbs at 78703953, slots 0: A - B - | 2.483 s: redistribute 0.089 ntt 2.271 crt 0.005 out 0.085 carry 0.069
cache_trace node 1: piece (1, 0) of 2 x 6, 78703952 + 52845459 limbs at 78703953, slots 0: A - B - | 2.483 s: redistribute 0.086 ntt 2.272 crt 0.005 out 0.073 carry 0.069
cache_trace node 0: piece (0, 1) of 2 x 6, 78703953 + 52845459 limbs at 52845459, slots 0: A - B - | 2.540 s: redistribute 0.108 ntt 2.344 crt 0.005 out 0.068 carry 0.042
cache_trace node 1: piece (0, 1) of 2 x 6, 78703953 + 52845459 limbs at 52845459, slots 0: A - B - | 2.540 s: redistribute 0.105 ntt 2.347 crt 0.005 out 0.071 carry 0.043
cache_trace node 0: piece (1, 1) of 2 x 6, 78703952 + 52845459 limbs at 131549412, slots 0: A - B - | 2.501 s: redistribute 0.099 ntt 2.254 crt 0.004 out 0.098 carry 0.059
cache_trace node 1: piece (1, 1) of 2 x 6, 78703952 + 52845459 limbs at 131549412, slots 0: A - B - | 2.501 s: redistribute 0.098 ntt 2.253 crt 0.004 out 0.111 carry 0.060
cache_trace node 0: piece (0, 2) of 2 x 6, 78703953 + 52845459 limbs at 105690918, slots 0: A - B - | 2.473 s: redistribute 0.113 ntt 2.277 crt 0.005 out 0.071 carry 0.053
cache_trace node 1: piece (0, 2) of 2 x 6, 78703953 + 52845459 limbs at 105690918, slots 0: A - B - | 2.473 s: redistribute 0.111 ntt 2.279 crt 0.005 out 0.077 carry 0.054
cache_trace node 0: piece (1, 2) of 2 x 6, 78703952 + 52845459 limbs at 184394871, slots 0: A - B - | 2.518 s: redistribute 0.105 ntt 2.249 crt 0.004 out 0.119 carry 0.070
cache_trace node 1: piece (1, 2) of 2 x 6, 78703952 + 52845459 limbs at 184394871, slots 0: A - B - | 2.518 s: redistribute 0.104 ntt 2.248 crt 0.004 out 0.106 carry 0.070
cache_trace node 0: piece (0, 3) of 2 x 6, 78703953 + 52845459 limbs at 158536377, slots 0: A - B - | 2.889 s: redistribute 0.116 ntt 2.645 crt 0.005 out 0.100 carry 0.055
cache_trace node 1: piece (0, 3) of 2 x 6, 78703953 + 52845459 limbs at 158536377, slots 0: A - B - | 2.889 s: redistribute 0.115 ntt 2.644 crt 0.005 out 0.102 carry 0.056
cache_trace node 0: piece (1, 3) of 2 x 6, 78703952 + 52845459 limbs at 237240330, slots 0: A - B - | 2.522 s: redistribute 0.107 ntt 2.280 crt 0.005 out 0.086 carry 0.086
cache_trace node 1: piece (1, 3) of 2 x 6, 78703952 + 52845459 limbs at 237240330, slots 0: A - B - | 2.522 s: redistribute 0.102 ntt 2.290 crt 0.005 out 0.087 carry 0.086
cache_trace node 0: piece (0, 4) of 2 x 6, 78703953 + 52845459 limbs at 211381836, slots 0: A - B - | 2.425 s: redistribute 0.097 ntt 2.195 crt 0.005 out 0.095 carry 0.068
cache_trace node 1: piece (0, 4) of 2 x 6, 78703953 + 52845459 limbs at 211381836, slots 0: A - B - | 2.425 s: redistribute 0.094 ntt 2.196 crt 0.005 out 0.096 carry 0.068
cache_trace node 0: piece (1, 4) of 2 x 6, 78703952 + 52845459 limbs at 290085789, slots 0: A - B - | 2.519 s: redistribute 0.111 ntt 2.332 crt 0.004 out 0.075 carry 0.042
cache_trace node 1: piece (1, 4) of 2 x 6, 78703952 + 52845459 limbs at 290085789, slots 0: A - B - | 2.519 s: redistribute 0.099 ntt 2.314 crt 0.004 out 0.088 carry 0.042
cache_trace node 0: piece (0, 5) of 2 x 6, 78703953 + 52845454 limbs at 264227295, slots 0: A - B - | 2.532 s: redistribute 0.091 ntt 2.320 crt 0.003 out 0.078 carry 0.065
cache_trace node 1: piece (0, 5) of 2 x 6, 78703953 + 52845454 limbs at 264227295, slots 0: A - B - | 2.532 s: redistribute 0.088 ntt 2.324 crt 0.002 out 0.084 carry 0.065
cache_trace node 0: piece (1, 5) of 2 x 6, 78703952 + 52845454 limbs at 342931248, slots 0: A - B - | 2.540 s: redistribute 0.083 ntt 2.292 crt 0.004 out 0.089 carry 0.082
dist_mn node 0: 157407905 x 317072749 limbs over 2 x 4 ranks (cap 2^27): 2 x 6 pieces, 12 formed, 0 skipped (cache 0 slots: 0 hits, 0 misses)
cache_trace node 1: piece (1, 5) of 2 x 6, 78703952 + 52845454 limbs at 342931248, slots 0: A - B - | 2.540 s: redistribute 0.081 ntt 2.303 crt 0.004 out 0.090 carry 0.082
dist_mn node 1: 157407905 x 317072749 limbs over 2 x 4 ranks (cap 2^27): 2 x 6 pieces, 12 formed, 0 skipped (cache 0 slots: 0 hits, 0 misses)
cx_grid node 1: rep 2 shape 2x6_full (157407905 x 317072749, cut 0 / -1) slots 0: 30.411 s, cache 0 hits 0 misses, C sha256 3b9b33f40caeeab1 same
cx_grid node 0: rep 2 shape 2x6_full (157407905 x 317072749, cut 0 / -1) slots 0: 30.411 s, cache 0 hits 0 misses, C sha256 5507aea46ef9a99d same
cache_trace node 0: piece (0, 0) of 2 x 6, 78703953 + 52845459 limbs at 0, slots 1: A - B cached | 2.315 s: redistribute 0.090 ntt 2.155 crt 0.005 out 0.095 carry 0.003
cache_trace node 1: piece (0, 0) of 2 x 6, 78703953 + 52845459 limbs at 0, slots 1: A - B cached | 2.315 s: redistribute 0.089 ntt 2.153 crt 0.005 out 0.085 carry 0.003
cache_trace node 0: piece (1, 0) of 2 x 6, 78703952 + 52845459 limbs at 78703953, slots 1: A - B HIT | 1.732 s: redistribute 0.062 ntt 1.556 crt 0.005 out 0.066 carry 0.069
cache_trace node 1: piece (1, 0) of 2 x 6, 78703952 + 52845459 limbs at 78703953, slots 1: A - B HIT | 1.732 s: redistribute 0.064 ntt 1.552 crt 0.005 out 0.068 carry 0.070
cache_trace node 0: piece (0, 1) of 2 x 6, 78703953 + 52845459 limbs at 52845459, slots 1: A - B cached | 2.523 s: redistribute 0.090 ntt 2.327 crt 0.004 out 0.065 carry 0.042
cache_trace node 1: piece (0, 1) of 2 x 6, 78703953 + 52845459 limbs at 52845459, slots 1: A - B cached | 2.523 s: redistribute 0.089 ntt 2.328 crt 0.004 out 0.074 carry 0.042
cache_trace node 0: piece (1, 1) of 2 x 6, 78703952 + 52845459 limbs at 131549412, slots 1: A - B HIT | 1.766 s: redistribute 0.057 ntt 1.552 crt 0.004 out 0.109 carry 0.061
cache_trace node 1: piece (1, 1) of 2 x 6, 78703952 + 52845459 limbs at 131549412, slots 1: A - B HIT | 1.766 s: redistribute 0.059 ntt 1.542 crt 0.003 out 0.111 carry 0.061
cache_trace node 0: piece (0, 2) of 2 x 6, 78703953 + 52845459 limbs at 105690918, slots 1: A - B cached | 2.489 s: redistribute 0.100 ntt 2.280 crt 0.004 out 0.065 carry 0.054
cache_trace node 1: piece (0, 2) of 2 x 6, 78703953 + 52845459 limbs at 105690918, slots 1: A - B cached | 2.489 s: redistribute 0.099 ntt 2.276 crt 0.003 out 0.082 carry 0.054
cache_trace node 0: piece (1, 2) of 2 x 6, 78703952 + 52845459 limbs at 184394871, slots 1: A - B HIT | 1.729 s: redistribute 0.050 ntt 1.492 crt 0.003 out 0.119 carry 0.069
cache_trace node 1: piece (1, 2) of 2 x 6, 78703952 + 52845459 limbs at 184394871, slots 1: A - B HIT | 1.729 s: redistribute 0.052 ntt 1.487 crt 0.002 out 0.124 carry 0.069
cache_trace node 0: piece (0, 3) of 2 x 6, 78703953 + 52845459 limbs at 158536377, slots 1: A - B cached | 2.491 s: redistribute 0.118 ntt 2.261 crt 0.005 out 0.103 carry 0.055
cache_trace node 1: piece (0, 3) of 2 x 6, 78703953 + 52845459 limbs at 158536377, slots 1: A - B cached | 2.491 s: redistribute 0.117 ntt 2.265 crt 0.005 out 0.099 carry 0.055
cache_trace node 0: piece (1, 3) of 2 x 6, 78703952 + 52845459 limbs at 237240330, slots 1: A - B HIT | 1.697 s: redistribute 0.069 ntt 1.485 crt 0.004 out 0.087 carry 0.083
cache_trace node 1: piece (1, 3) of 2 x 6, 78703952 + 52845459 limbs at 237240330, slots 1: A - B HIT | 1.697 s: redistribute 0.070 ntt 1.470 crt 0.003 out 0.096 carry 0.083
cache_trace node 0: piece (0, 4) of 2 x 6, 78703953 + 52845459 limbs at 211381836, slots 1: A - B cached | 2.544 s: redistribute 0.091 ntt 2.303 crt 0.005 out 0.108 carry 0.063
cache_trace node 1: piece (0, 4) of 2 x 6, 78703953 + 52845459 limbs at 211381836, slots 1: A - B cached | 2.544 s: redistribute 0.090 ntt 2.297 crt 0.005 out 0.106 carry 0.063
cache_trace node 0: piece (1, 4) of 2 x 6, 78703952 + 52845459 limbs at 290085789, slots 1: A - B HIT | 1.648 s: redistribute 0.051 ntt 1.500 crt 0.005 out 0.072 carry 0.043
cache_trace node 1: piece (1, 4) of 2 x 6, 78703952 + 52845459 limbs at 290085789, slots 1: A - B HIT | 1.648 s: redistribute 0.052 ntt 1.503 crt 0.005 out 0.075 carry 0.042
cache_trace node 0: piece (0, 5) of 2 x 6, 78703953 + 52845454 limbs at 264227295, slots 1: A - B cached | 2.435 s: redistribute 0.085 ntt 2.213 crt 0.005 out 0.087 carry 0.066
cache_trace node 1: piece (0, 5) of 2 x 6, 78703953 + 52845454 limbs at 264227295, slots 1: A - B cached | 2.435 s: redistribute 0.081 ntt 2.214 crt 0.005 out 0.086 carry 0.066
cache_trace node 0: piece (1, 5) of 2 x 6, 78703952 + 52845454 limbs at 342931248, slots 1: A - B HIT | 1.714 s: redistribute 0.059 ntt 1.514 crt 0.005 out 0.071 carry 0.082
dist_mn node 0: 157407905 x 317072749 limbs over 2 x 4 ranks (cap 2^27): 2 x 6 pieces, 12 formed, 0 skipped (cache 1 slots: 6 hits, 6 misses)
cache_trace node 1: piece (1, 5) of 2 x 6, 78703952 + 52845454 limbs at 342931248, slots 1: A - B HIT | 1.714 s: redistribute 0.059 ntt 1.514 crt 0.004 out 0.069 carry 0.082
dist_mn node 1: 157407905 x 317072749 limbs over 2 x 4 ranks (cap 2^27): 2 x 6 pieces, 12 formed, 0 skipped (cache 1 slots: 6 hits, 6 misses)
cx_grid node 0: rep 2 shape 2x6_full (157407905 x 317072749, cut 0 / -1) slots 1: 25.094 s, cache 6 hits 6 misses, C sha256 5507aea46ef9a99d same
cx_grid node 1: rep 2 shape 2x6_full (157407905 x 317072749, cut 0 / -1) slots 1: 25.094 s, cache 6 hits 6 misses, C sha256 3b9b33f40caeeab1 same
cache_trace node 0: piece (0, 0) of 2 x 6, 78703953 + 52845459 limbs at 0, slots 2: A cached B cached | 2.358 s: redistribute 0.095 ntt 2.219 crt 0.004 out 0.072 carry 0.003
cache_trace node 1: piece (0, 0) of 2 x 6, 78703953 + 52845459 limbs at 0, slots 2: A cached B cached | 2.358 s: redistribute 0.094 ntt 2.196 crt 0.005 out 0.078 carry 0.003
cache_trace node 0: piece (1, 0) of 2 x 6, 78703952 + 52845459 limbs at 78703953, slots 2: A - B HIT | 1.710 s: redistribute 0.051 ntt 1.517 crt 0.005 out 0.072 carry 0.069
cache_trace node 1: piece (1, 0) of 2 x 6, 78703952 + 52845459 limbs at 78703953, slots 2: A - B HIT | 1.710 s: redistribute 0.053 ntt 1.515 crt 0.005 out 0.071 carry 0.070
cache_trace node 0: piece (0, 1) of 2 x 6, 78703953 + 52845459 limbs at 52845459, slots 2: A HIT B cached | 1.750 s: redistribute 0.051 ntt 1.607 crt 0.005 out 0.067 carry 0.042
cache_trace node 1: piece (0, 1) of 2 x 6, 78703953 + 52845459 limbs at 52845459, slots 2: A HIT B cached | 1.750 s: redistribute 0.050 ntt 1.604 crt 0.005 out 0.069 carry 0.043
cache_trace node 0: piece (1, 1) of 2 x 6, 78703952 + 52845459 limbs at 131549412, slots 2: A - B HIT | 1.708 s: redistribute 0.059 ntt 1.488 crt 0.005 out 0.120 carry 0.063
cache_trace node 1: piece (1, 1) of 2 x 6, 78703952 + 52845459 limbs at 131549412, slots 2: A - B HIT | 1.708 s: redistribute 0.061 ntt 1.492 crt 0.005 out 0.096 carry 0.063
cache_trace node 0: piece (0, 2) of 2 x 6, 78703953 + 52845459 limbs at 105690918, slots 2: A HIT B cached | 1.670 s: redistribute 0.043 ntt 1.508 crt 0.005 out 0.065 carry 0.061
cache_trace node 1: piece (0, 2) of 2 x 6, 78703953 + 52845459 limbs at 105690918, slots 2: A HIT B cached | 1.670 s: redistribute 0.042 ntt 1.514 crt 0.005 out 0.062 carry 0.062
cache_trace node 0: piece (1, 2) of 2 x 6, 78703952 + 52845459 limbs at 184394871, slots 2: A - B HIT | 1.752 s: redistribute 0.054 ntt 1.523 crt 0.005 out 0.110 carry 0.071
cache_trace node 1: piece (1, 2) of 2 x 6, 78703952 + 52845459 limbs at 184394871, slots 2: A - B HIT | 1.752 s: redistribute 0.056 ntt 1.522 crt 0.005 out 0.110 carry 0.071
cache_trace node 0: piece (0, 3) of 2 x 6, 78703953 + 52845459 limbs at 158536377, slots 2: A HIT B cached | 1.689 s: redistribute 0.054 ntt 1.480 crt 0.004 out 0.120 carry 0.055
cache_trace node 1: piece (0, 3) of 2 x 6, 78703953 + 52845459 limbs at 158536377, slots 2: A HIT B cached | 1.689 s: redistribute 0.051 ntt 1.483 crt 0.003 out 0.117 carry 0.056
cache_trace node 0: piece (1, 3) of 2 x 6, 78703952 + 52845459 limbs at 237240330, slots 2: A - B HIT | 1.648 s: redistribute 0.060 ntt 1.447 crt 0.005 out 0.070 carry 0.089
cache_trace node 1: piece (1, 3) of 2 x 6, 78703952 + 52845459 limbs at 237240330, slots 2: A - B HIT | 1.648 s: redistribute 0.060 ntt 1.447 crt 0.004 out 0.068 carry 0.088
cache_trace node 0: piece (0, 4) of 2 x 6, 78703953 + 52845459 limbs at 211381836, slots 2: A HIT B cached | 1.716 s: redistribute 0.062 ntt 1.495 crt 0.005 out 0.107 carry 0.054
cache_trace node 1: piece (0, 4) of 2 x 6, 78703953 + 52845459 limbs at 211381836, slots 2: A HIT B cached | 1.716 s: redistribute 0.059 ntt 1.496 crt 0.005 out 0.106 carry 0.054
cache_trace node 0: piece (1, 4) of 2 x 6, 78703952 + 52845459 limbs at 290085789, slots 2: A - B HIT | 1.669 s: redistribute 0.051 ntt 1.511 crt 0.005 out 0.078 carry 0.042
cache_trace node 1: piece (1, 4) of 2 x 6, 78703952 + 52845459 limbs at 290085789, slots 2: A - B HIT | 1.669 s: redistribute 0.051 ntt 1.518 crt 0.005 out 0.072 carry 0.042
cache_trace node 0: piece (0, 5) of 2 x 6, 78703953 + 52845454 limbs at 264227295, slots 2: A HIT B cached | 1.674 s: redistribute 0.043 ntt 1.493 crt 0.004 out 0.076 carry 0.064
cache_trace node 1: piece (0, 5) of 2 x 6, 78703953 + 52845454 limbs at 264227295, slots 2: A HIT B cached | 1.674 s: redistribute 0.041 ntt 1.495 crt 0.005 out 0.075 carry 0.064
cache_trace node 0: piece (1, 5) of 2 x 6, 78703952 + 52845454 limbs at 342931248, slots 2: A - B HIT | 2.278 s: redistribute 0.043 ntt 2.088 crt 0.004 out 0.075 carry 0.074
dist_mn node 0: 157407905 x 317072749 limbs over 2 x 4 ranks (cap 2^27): 2 x 6 pieces, 12 formed, 0 skipped (cache 2 slots: 11 hits, 7 misses)
cache_trace node 1: piece (1, 5) of 2 x 6, 78703952 + 52845454 limbs at 342931248, slots 2: A - B HIT | 2.278 s: redistribute 0.043 ntt 2.077 crt 0.003 out 0.083 carry 0.074
dist_mn node 1: 157407905 x 317072749 limbs over 2 x 4 ranks (cap 2^27): 2 x 6 pieces, 12 formed, 0 skipped (cache 2 slots: 11 hits, 7 misses)
cx_grid node 0: rep 2 shape 2x6_full (157407905 x 317072749, cut 0 / -1) slots 2: 21.634 s, cache 11 hits 7 misses, C sha256 5507aea46ef9a99d same
cx_grid node 1: rep 2 shape 2x6_full (157407905 x 317072749, cut 0 / -1) slots 2: 21.634 s, cache 11 hits 7 misses, C sha256 3b9b33f40caeeab1 same
cache_trace node 0: piece (0, 0) of 2 x 2, 58235255 + 59310082 limbs at 0, slots 0: A - B - | 2.593 s: redistribute 0.102 ntt 2.437 crt 0.004 out 0.062 carry 0.002
cache_trace node 1: piece (0, 0) of 2 x 2, 58235255 + 59310082 limbs at 0, slots 0: A - B - | 2.593 s: redistribute 0.101 ntt 2.430 crt 0.003 out 0.071 carry 0.002
cache_trace node 0: piece (1, 0) of 2 x 2, 58235254 + 59310082 limbs at 58235255, slots 0: A - B - | 2.792 s: redistribute 0.090 ntt 2.561 crt 0.004 out 0.127 carry 0.053
cache_trace node 1: piece (1, 0) of 2 x 2, 58235254 + 59310082 limbs at 58235255, slots 0: A - B - | 2.792 s: redistribute 0.088 ntt 2.567 crt 0.004 out 0.107 carry 0.053
cache_trace node 0: piece (0, 1) of 2 x 2, 58235255 + 59310081 limbs at 59310082, slots 0: A - B - | 2.829 s: redistribute 0.123 ntt 2.561 crt 0.004 out 0.096 carry 0.056
cache_trace node 1: piece (0, 1) of 2 x 2, 58235255 + 59310081 limbs at 59310082, slots 0: A - B - | 2.829 s: redistribute 0.122 ntt 2.559 crt 0.003 out 0.099 carry 0.056
cache_trace node 0: piece (1, 1) of 2 x 2, 58235254 + 59310081 limbs at 117545337, slots 0: A - B - | 2.801 s: redistribute 0.121 ntt 2.603 crt 0.002 out 0.083 carry 0.004
dist_mn node 0: 116470509 x 118620163 limbs over 2 x 4 ranks (cap 2^27): 2 x 2 pieces, 4 formed, 0 skipped (cache 0 slots: 0 hits, 0 misses)
cache_trace node 1: piece (1, 1) of 2 x 2, 58235254 + 59310081 limbs at 117545337, slots 0: A - B - | 2.801 s: redistribute 0.119 ntt 2.606 crt 0.002 out 0.086 carry 0.004
dist_mn node 1: 116470509 x 118620163 limbs over 2 x 4 ranks (cap 2^27): 2 x 2 pieces, 4 formed, 0 skipped (cache 0 slots: 0 hits, 0 misses)
cx_grid node 1: rep 2 shape 2x2_full (116470509 x 118620163, cut 0 / -1) slots 0: 11.018 s, cache 0 hits 0 misses, C sha256 7cb94b3b2a00a3e6 same
cx_grid node 0: rep 2 shape 2x2_full (116470509 x 118620163, cut 0 / -1) slots 0: 11.018 s, cache 0 hits 0 misses, C sha256 91ed4b601c295a52 same
cache_trace node 0: piece (0, 0) of 2 x 2, 58235255 + 59310082 limbs at 0, slots 1: A - B cached | 2.688 s: redistribute 0.082 ntt 2.542 crt 0.005 out 0.076 carry 0.002
cache_trace node 1: piece (0, 0) of 2 x 2, 58235255 + 59310082 limbs at 0, slots 1: A - B cached | 2.688 s: redistribute 0.081 ntt 2.544 crt 0.005 out 0.066 carry 0.002
cache_trace node 0: piece (1, 0) of 2 x 2, 58235254 + 59310082 limbs at 58235255, slots 1: A - B HIT | 1.717 s: redistribute 0.043 ntt 1.558 crt 0.002 out 0.113 carry 0.052
cache_trace node 1: piece (1, 0) of 2 x 2, 58235254 + 59310082 limbs at 58235255, slots 1: A - B HIT | 1.717 s: redistribute 0.047 ntt 1.533 crt 0.002 out 0.107 carry 0.052
cache_trace node 0: piece (0, 1) of 2 x 2, 58235255 + 59310081 limbs at 59310082, slots 1: A - B cached | 2.702 s: redistribute 0.117 ntt 2.440 crt 0.005 out 0.117 carry 0.052
cache_trace node 1: piece (0, 1) of 2 x 2, 58235255 + 59310081 limbs at 59310082, slots 1: A - B cached | 2.702 s: redistribute 0.116 ntt 2.452 crt 0.005 out 0.106 carry 0.052
cache_trace node 0: piece (1, 1) of 2 x 2, 58235254 + 59310081 limbs at 117545337, slots 1: A - B HIT | 1.615 s: redistribute 0.037 ntt 1.525 crt 0.005 out 0.076 carry 0.005
dist_mn node 0: 116470509 x 118620163 limbs over 2 x 4 ranks (cap 2^27): 2 x 2 pieces, 4 formed, 0 skipped (cache 1 slots: 2 hits, 2 misses)
cache_trace node 1: piece (1, 1) of 2 x 2, 58235254 + 59310081 limbs at 117545337, slots 1: A - B HIT | 1.615 s: redistribute 0.057 ntt 1.501 crt 0.005 out 0.081 carry 0.004
dist_mn node 1: 116470509 x 118620163 limbs over 2 x 4 ranks (cap 2^27): 2 x 2 pieces, 4 formed, 0 skipped (cache 1 slots: 2 hits, 2 misses)
cx_grid node 0: rep 2 shape 2x2_full (116470509 x 118620163, cut 0 / -1) slots 1: 8.726 s, cache 2 hits 2 misses, C sha256 91ed4b601c295a52 same
cx_grid node 1: rep 2 shape 2x2_full (116470509 x 118620163, cut 0 / -1) slots 1: 8.726 s, cache 2 hits 2 misses, C sha256 7cb94b3b2a00a3e6 same
cache_trace node 0: piece (0, 0) of 2 x 2, 58235255 + 59310082 limbs at 0, slots 2: A cached B cached | 2.472 s: redistribute 0.101 ntt 2.307 crt 0.005 out 0.066 carry 0.002
cache_trace node 1: piece (0, 0) of 2 x 2, 58235255 + 59310082 limbs at 0, slots 2: A cached B cached | 2.472 s: redistribute 0.100 ntt 2.309 crt 0.005 out 0.063 carry 0.002
cache_trace node 0: piece (1, 0) of 2 x 2, 58235254 + 59310082 limbs at 58235255, slots 2: A - B HIT | 1.589 s: redistribute 0.040 ntt 1.398 crt 0.003 out 0.106 carry 0.052
cache_trace node 1: piece (1, 0) of 2 x 2, 58235254 + 59310082 limbs at 58235255, slots 2: A - B HIT | 1.589 s: redistribute 0.041 ntt 1.397 crt 0.004 out 0.103 carry 0.052
cache_trace node 0: piece (0, 1) of 2 x 2, 58235255 + 59310081 limbs at 59310082, slots 2: A HIT B cached | 1.737 s: redistribute 0.039 ntt 1.536 crt 0.003 out 0.115 carry 0.054
cache_trace node 1: piece (0, 1) of 2 x 2, 58235255 + 59310081 limbs at 59310082, slots 2: A HIT B cached | 1.737 s: redistribute 0.037 ntt 1.537 crt 0.002 out 0.107 carry 0.054
cache_trace node 0: piece (1, 1) of 2 x 2, 58235254 + 59310081 limbs at 117545337, slots 2: A - B HIT | 1.600 s: redistribute 0.047 ntt 1.493 crt 0.004 out 0.075 carry 0.005
dist_mn node 0: 116470509 x 118620163 limbs over 2 x 4 ranks (cap 2^27): 2 x 2 pieces, 4 formed, 0 skipped (cache 2 slots: 3 hits, 3 misses)
cache_trace node 1: piece (1, 1) of 2 x 2, 58235254 + 59310081 limbs at 117545337, slots 2: A - B HIT | 1.600 s: redistribute 0.072 ntt 1.471 crt 0.005 out 0.069 carry 0.005
dist_mn node 1: 116470509 x 118620163 limbs over 2 x 4 ranks (cap 2^27): 2 x 2 pieces, 4 formed, 0 skipped (cache 2 slots: 3 hits, 3 misses)
cx_grid node 0: rep 2 shape 2x2_full (116470509 x 118620163, cut 0 / -1) slots 2: 7.403 s, cache 3 hits 3 misses, C sha256 91ed4b601c295a52 same
cx_grid node 1: rep 2 shape 2x2_full (116470509 x 118620163, cut 0 / -1) slots 2: 7.403 s, cache 3 hits 3 misses, C sha256 7cb94b3b2a00a3e6 same
cache_trace node 0: piece (0, 0) of 2 x 2, 86466471 + 43233236 limbs at 0, slots 0: A - B - | 2.569 s: redistribute 0.096 ntt 2.377 crt 0.005 out 0.106 carry 0.003
cache_trace node 1: piece (0, 0) of 2 x 2, 86466471 + 43233236 limbs at 0, slots 0: A - B - | 2.569 s: redistribute 0.097 ntt 2.376 crt 0.005 out 0.110 carry 0.002
cache_trace node 0: piece (1, 0) of 2 x 2, 86466471 + 43233236 limbs at 86466471, slots 0: A - B - | 2.393 s: redistribute 0.110 ntt 2.233 crt 0.004 out 0.063 carry 0.004
cache_trace node 1: piece (1, 0) of 2 x 2, 86466471 + 43233236 limbs at 86466471, slots 0: A - B - | 2.393 s: redistribute 0.124 ntt 2.232 crt 0.005 out 0.056 carry 0.003
cache_trace node 0: piece (0, 1) of 2 x 2, 86466471 + 43233235 limbs at 43233236, slots 0: A - B - | 2.554 s: redistribute 0.114 ntt 2.314 crt 0.002 out 0.113 carry 0.032
cache_trace node 1: piece (0, 1) of 2 x 2, 86466471 + 43233235 limbs at 43233236, slots 0: A - B - | 2.554 s: redistribute 0.110 ntt 2.327 crt 0.002 out 0.093 carry 0.032
cache_trace node 0: piece (1, 1) of 2 x 2, 86466471 + 43233235 limbs at 129699707, slots 0: A - B - | 2.462 s: redistribute 0.094 ntt 2.318 crt 0.005 out 0.040 carry 0.029
dist_mn node 0: 172932942 x 86466471 limbs over 2 x 4 ranks (cap 2^27): 2 x 2 pieces, 4 formed, 0 skipped (low product) (low cut) (cache 0 slots: 0 hits, 0 misses)
cache_trace node 1: piece (1, 1) of 2 x 2, 86466471 + 43233235 limbs at 129699707, slots 0: A - B - | 2.462 s: redistribute 0.093 ntt 2.319 crt 0.005 out 0.047 carry 0.029
dist_mn node 1: 172932942 x 86466471 limbs over 2 x 4 ranks (cap 2^27): 2 x 2 pieces, 4 formed, 0 skipped (low product) (low cut) (cache 0 slots: 0 hits, 0 misses)
cx_grid node 1: rep 2 shape 2x2_lowhighcut (172932942 x 86466471, cut 86466471 / 172932942) slots 0: 9.983 s, cache 0 hits 0 misses, C sha256 441afe7ecc9ae432 same
cx_grid node 0: rep 2 shape 2x2_lowhighcut (172932942 x 86466471, cut 86466471 / 172932942) slots 0: 9.983 s, cache 0 hits 0 misses, C sha256 4b040c3f61b7d6af same
cache_trace node 0: piece (0, 0) of 2 x 2, 86466471 + 43233236 limbs at 0, slots 1: A - B cached | 2.505 s: redistribute 0.091 ntt 2.334 crt 0.004 out 0.098 carry 0.002
cache_trace node 1: piece (0, 0) of 2 x 2, 86466471 + 43233236 limbs at 0, slots 1: A - B cached | 2.505 s: redistribute 0.092 ntt 2.341 crt 0.003 out 0.104 carry 0.002
cache_trace node 0: piece (1, 0) of 2 x 2, 86466471 + 43233236 limbs at 86466471, slots 1: A - B HIT | 1.778 s: redistribute 0.061 ntt 1.657 crt 0.005 out 0.054 carry 0.004
cache_trace node 1: piece (1, 0) of 2 x 2, 86466471 + 43233236 limbs at 86466471, slots 1: A - B HIT | 1.778 s: redistribute 0.059 ntt 1.661 crt 0.003 out 0.068 carry 0.004
cache_trace node 0: piece (0, 1) of 2 x 2, 86466471 + 43233235 limbs at 43233236, slots 1: A - B cached | 2.775 s: redistribute 0.118 ntt 2.578 crt 0.005 out 0.091 carry 0.033
cache_trace node 1: piece (0, 1) of 2 x 2, 86466471 + 43233235 limbs at 43233236, slots 1: A - B cached | 2.775 s: redistribute 0.117 ntt 2.575 crt 0.005 out 0.095 carry 0.032
cache_trace node 0: piece (1, 1) of 2 x 2, 86466471 + 43233235 limbs at 129699707, slots 1: A - B HIT | 1.695 s: redistribute 0.088 ntt 1.583 crt 0.005 out 0.052 carry 0.031
dist_mn node 0: 172932942 x 86466471 limbs over 2 x 4 ranks (cap 2^27): 2 x 2 pieces, 4 formed, 0 skipped (low product) (low cut) (cache 1 slots: 2 hits, 2 misses)
cache_trace node 1: piece (1, 1) of 2 x 2, 86466471 + 43233235 limbs at 129699707, slots 1: A - B HIT | 1.695 s: redistribute 0.078 ntt 1.587 crt 0.005 out 0.035 carry 0.031
dist_mn node 1: 172932942 x 86466471 limbs over 2 x 4 ranks (cap 2^27): 2 x 2 pieces, 4 formed, 0 skipped (low product) (low cut) (cache 1 slots: 2 hits, 2 misses)
cx_grid node 1: rep 2 shape 2x2_lowhighcut (172932942 x 86466471, cut 86466471 / 172932942) slots 1: 8.758 s, cache 2 hits 2 misses, C sha256 441afe7ecc9ae432 same
cx_grid node 0: rep 2 shape 2x2_lowhighcut (172932942 x 86466471, cut 86466471 / 172932942) slots 1: 8.758 s, cache 2 hits 2 misses, C sha256 4b040c3f61b7d6af same
cache_trace node 0: piece (0, 0) of 2 x 2, 86466471 + 43233236 limbs at 0, slots 2: A cached B cached | 3.039 s: redistribute 0.118 ntt 2.845 crt 0.002 out 0.093 carry 0.002
cache_trace node 1: piece (0, 0) of 2 x 2, 86466471 + 43233236 limbs at 0, slots 2: A cached B cached | 3.039 s: redistribute 0.119 ntt 2.846 crt 0.002 out 0.104 carry 0.002
cache_trace node 0: piece (1, 0) of 2 x 2, 86466471 + 43233236 limbs at 86466471, slots 2: A - B HIT | 1.671 s: redistribute 0.064 ntt 1.560 crt 0.005 out 0.052 carry 0.004
cache_trace node 1: piece (1, 0) of 2 x 2, 86466471 + 43233236 limbs at 86466471, slots 2: A - B HIT | 1.671 s: redistribute 0.062 ntt 1.555 crt 0.005 out 0.071 carry 0.004
cache_trace node 0: piece (0, 1) of 2 x 2, 86466471 + 43233235 limbs at 43233236, slots 2: A HIT B cached | 1.821 s: redistribute 0.049 ntt 1.635 crt 0.003 out 0.105 carry 0.029
cache_trace node 1: piece (0, 1) of 2 x 2, 86466471 + 43233235 limbs at 43233236, slots 2: A HIT B cached | 1.821 s: redistribute 0.045 ntt 1.638 crt 0.002 out 0.108 carry 0.029
cache_trace node 0: piece (1, 1) of 2 x 2, 86466471 + 43233235 limbs at 129699707, slots 2: A - B HIT | 1.887 s: redistribute 0.078 ntt 1.755 crt 0.004 out 0.043 carry 0.031
dist_mn node 0: 172932942 x 86466471 limbs over 2 x 4 ranks (cap 2^27): 2 x 2 pieces, 4 formed, 0 skipped (low product) (low cut) (cache 2 slots: 3 hits, 3 misses)
cache_trace node 1: piece (1, 1) of 2 x 2, 86466471 + 43233235 limbs at 129699707, slots 2: A - B HIT | 1.887 s: redistribute 0.066 ntt 1.757 crt 0.005 out 0.042 carry 0.030
dist_mn node 1: 172932942 x 86466471 limbs over 2 x 4 ranks (cap 2^27): 2 x 2 pieces, 4 formed, 0 skipped (low product) (low cut) (cache 2 slots: 3 hits, 3 misses)
cx_grid node 1: rep 2 shape 2x2_lowhighcut (172932942 x 86466471, cut 86466471 / 172932942) slots 2: 8.422 s, cache 3 hits 3 misses, C sha256 441afe7ecc9ae432 same
cx_grid node 0: rep 2 shape 2x2_lowhighcut (172932942 x 86466471, cut 86466471 / 172932942) slots 2: 8.422 s, cache 3 hits 3 misses, C sha256 4b040c3f61b7d6af same
cache_trace node 0: piece (0, 0) of 1 x 2, 86466471 + 43233236 limbs at 0, slots 0: A - B - | 2.731 s: redistribute 0.131 ntt 2.511 crt 0.002 out 0.109 carry 0.002
cache_trace node 1: piece (0, 0) of 1 x 2, 86466471 + 43233236 limbs at 0, slots 0: A - B - | 2.731 s: redistribute 0.134 ntt 2.508 crt 0.002 out 0.111 carry 0.002
cache_trace node 0: piece (0, 1) of 1 x 2, 86466471 + 43233235 limbs at 43233236, slots 0: A - B - | 2.871 s: redistribute 0.125 ntt 2.646 crt 0.004 out 0.106 carry 0.029
dist_mn node 0: 86466471 x 86466471 limbs over 2 x 4 ranks (cap 2^27): 1 x 2 pieces, 2 formed, 0 skipped (low cut) (cache 0 slots: 0 hits, 0 misses)
cache_trace node 1: piece (0, 1) of 1 x 2, 86466471 + 43233235 limbs at 43233236, slots 0: A - B - | 2.871 s: redistribute 0.124 ntt 2.626 crt 0.005 out 0.106 carry 0.029
dist_mn node 1: 86466471 x 86466471 limbs over 2 x 4 ranks (cap 2^27): 1 x 2 pieces, 2 formed, 0 skipped (low cut) (cache 0 slots: 0 hits, 0 misses)
cx_grid node 1: rep 2 shape 1x2_lowcut (86466471 x 86466471, cut 86466471 / -1) slots 0: 5.606 s, cache 0 hits 0 misses, C sha256 343d5345964372b1 same
cx_grid node 0: rep 2 shape 1x2_lowcut (86466471 x 86466471, cut 86466471 / -1) slots 0: 5.606 s, cache 0 hits 0 misses, C sha256 9f9803635b1064c7 same
cache_trace node 0: piece (0, 0) of 1 x 2, 86466471 + 43233236 limbs at 0, slots 1: A - B cached | 2.827 s: redistribute 0.118 ntt 2.614 crt 0.004 out 0.104 carry 0.002
cache_trace node 1: piece (0, 0) of 1 x 2, 86466471 + 43233236 limbs at 0, slots 1: A - B cached | 2.827 s: redistribute 0.132 ntt 2.431 crt 0.005 out 0.260 carry 0.002
cache_trace node 0: piece (0, 1) of 1 x 2, 86466471 + 43233235 limbs at 43233236, slots 1: A - B cached | 3.157 s: redistribute 0.115 ntt 2.921 crt 0.005 out 0.106 carry 0.029
dist_mn node 0: 86466471 x 86466471 limbs over 2 x 4 ranks (cap 2^27): 1 x 2 pieces, 2 formed, 0 skipped (low cut) (cache 1 slots: 0 hits, 2 misses)
cache_trace node 1: piece (0, 1) of 1 x 2, 86466471 + 43233235 limbs at 43233236, slots 1: A - B cached | 3.157 s: redistribute 0.114 ntt 2.922 crt 0.004 out 0.106 carry 0.029
dist_mn node 1: 86466471 x 86466471 limbs over 2 x 4 ranks (cap 2^27): 1 x 2 pieces, 2 formed, 0 skipped (low cut) (cache 1 slots: 0 hits, 2 misses)
cx_grid node 1: rep 2 shape 1x2_lowcut (86466471 x 86466471, cut 86466471 / -1) slots 1: 5.988 s, cache 0 hits 2 misses, C sha256 343d5345964372b1 same
cx_grid node 0: rep 2 shape 1x2_lowcut (86466471 x 86466471, cut 86466471 / -1) slots 1: 5.988 s, cache 0 hits 2 misses, C sha256 9f9803635b1064c7 same
cache_trace node 0: piece (0, 0) of 1 x 2, 86466471 + 43233236 limbs at 0, slots 2: A cached B cached | 2.717 s: redistribute 0.137 ntt 2.495 crt 0.005 out 0.095 carry 0.002
cache_trace node 1: piece (0, 0) of 1 x 2, 86466471 + 43233236 limbs at 0, slots 2: A cached B cached | 2.717 s: redistribute 0.138 ntt 2.490 crt 0.005 out 0.097 carry 0.002
cache_trace node 0: piece (0, 1) of 1 x 2, 86466471 + 43233235 limbs at 43233236, slots 2: A HIT B cached | 2.181 s: redistribute 0.037 ntt 2.018 crt 0.005 out 0.097 carry 0.031
dist_mn node 0: 86466471 x 86466471 limbs over 2 x 4 ranks (cap 2^27): 1 x 2 pieces, 2 formed, 0 skipped (low cut) (cache 2 slots: 1 hits, 3 misses)
cache_trace node 1: piece (0, 1) of 1 x 2, 86466471 + 43233235 limbs at 43233236, slots 2: A HIT B cached | 2.181 s: redistribute 0.036 ntt 2.019 crt 0.005 out 0.097 carry 0.031
dist_mn node 1: 86466471 x 86466471 limbs over 2 x 4 ranks (cap 2^27): 1 x 2 pieces, 2 formed, 0 skipped (low cut) (cache 2 slots: 1 hits, 3 misses)
cx_grid node 1: rep 2 shape 1x2_lowcut (86466471 x 86466471, cut 86466471 / -1) slots 2: 4.901 s, cache 1 hits 3 misses, C sha256 343d5345964372b1 same
cx_grid node 0: rep 2 shape 1x2_lowcut (86466471 x 86466471, cut 86466471 / -1) slots 2: 4.901 s, cache 1 hits 3 misses, C sha256 9f9803635b1064c7 same
cache_trace node 0: piece (1, 0) of 5 x 3, 69173177 + 57644314 limbs at 69173177, slots 0: A - B - | 3.023 s: redistribute 0.093 ntt 2.773 crt 0.005 out 0.122 carry 0.052
cache_trace node 1: piece (1, 0) of 5 x 3, 69173177 + 57644314 limbs at 69173177, slots 0: A - B - | 3.023 s: redistribute 0.094 ntt 2.773 crt 0.005 out 0.111 carry 0.052
cache_trace node 0: piece (2, 0) of 5 x 3, 69173177 + 57644314 limbs at 138346354, slots 0: A - B - | 3.039 s: redistribute 0.118 ntt 2.774 crt 0.005 out 0.093 carry 0.050
cache_trace node 1: piece (2, 0) of 5 x 3, 69173177 + 57644314 limbs at 138346354, slots 0: A - B - | 3.039 s: redistribute 0.119 ntt 2.773 crt 0.005 out 0.093 carry 0.049
cache_trace node 0: piece (3, 0) of 5 x 3, 69173177 + 57644314 limbs at 207519531, slots 0: A - B - | 2.716 s: redistribute 0.132 ntt 2.493 crt 0.005 out 0.093 carry 0.045
cache_trace node 1: piece (3, 0) of 5 x 3, 69173177 + 57644314 limbs at 207519531, slots 0: A - B - | 2.716 s: redistribute 0.133 ntt 2.501 crt 0.005 out 0.096 carry 0.044
cache_trace node 0: piece (4, 0) of 5 x 3, 69173177 + 57644314 limbs at 276692708, slots 0: A - B - | 2.834 s: redistribute 0.088 ntt 2.668 crt 0.002 out 0.060 carry 0.040
cache_trace node 1: piece (4, 0) of 5 x 3, 69173177 + 57644314 limbs at 276692708, slots 0: A - B - | 2.834 s: redistribute 0.089 ntt 2.496 crt 0.002 out 0.215 carry 0.040
cache_trace node 0: piece (0, 1) of 5 x 3, 69173177 + 57644314 limbs at 57644314, slots 0: A - B - | 2.948 s: redistribute 0.097 ntt 2.722 crt 0.005 out 0.082 carry 0.051
cache_trace node 1: piece (0, 1) of 5 x 3, 69173177 + 57644314 limbs at 57644314, slots 0: A - B - | 2.948 s: redistribute 0.107 ntt 2.720 crt 0.005 out 0.078 carry 0.051
cache_trace node 0: piece (1, 1) of 5 x 3, 69173177 + 57644314 limbs at 126817491, slots 0: A - B - | 2.634 s: redistribute 0.097 ntt 2.366 crt 0.004 out 0.120 carry 0.060
cache_trace node 1: piece (1, 1) of 5 x 3, 69173177 + 57644314 limbs at 126817491, slots 0: A - B - | 2.634 s: redistribute 0.095 ntt 2.376 crt 0.005 out 0.119 carry 0.061
cache_trace node 0: piece (2, 1) of 5 x 3, 69173177 + 57644314 limbs at 195990668, slots 0: A - B - | 2.855 s: redistribute 0.122 ntt 2.650 crt 0.005 out 0.064 carry 0.021
cache_trace node 1: piece (2, 1) of 5 x 3, 69173177 + 57644314 limbs at 195990668, slots 0: A - B - | 2.855 s: redistribute 0.117 ntt 2.650 crt 0.005 out 0.062 carry 0.021
cache_trace node 0: piece (3, 1) of 5 x 3, 69173177 + 57644314 limbs at 265163845, slots 0: A - B - | 2.491 s: redistribute 0.096 ntt 2.297 crt 0.005 out 0.060 carry 0.058
cache_trace node 1: piece (3, 1) of 5 x 3, 69173177 + 57644314 limbs at 265163845, slots 0: A - B - | 2.491 s: redistribute 0.097 ntt 2.297 crt 0.005 out 0.058 carry 0.058
cache_trace node 0: piece (4, 1) of 5 x 3, 69173177 + 57644314 limbs at 334337022, slots 0: A - B - | 2.807 s: redistribute 0.111 ntt 2.684 crt 0.005 out 0.050 carry 0.011
cache_trace node 1: piece (4, 1) of 5 x 3, 69173177 + 57644314 limbs at 334337022, slots 0: A - B - | 2.807 s: redistribute 0.103 ntt 2.684 crt 0.004 out 0.023 carry 0.011
cache_trace node 0: piece (0, 2) of 5 x 3, 69173177 + 57644314 limbs at 115288628, slots 0: A - B - | 2.945 s: redistribute 0.100 ntt 2.702 crt 0.005 out 0.112 carry 0.061
cache_trace node 1: piece (0, 2) of 5 x 3, 69173177 + 57644314 limbs at 115288628, slots 0: A - B - | 2.945 s: redistribute 0.098 ntt 2.701 crt 0.005 out 0.109 carry 0.061
cache_trace node 0: piece (1, 2) of 5 x 3, 69173177 + 57644314 limbs at 184461805, slots 0: A - B - | 2.390 s: redistribute 0.107 ntt 2.177 crt 0.002 out 0.070 carry 0.043
cache_trace node 1: piece (1, 2) of 5 x 3, 69173177 + 57644314 limbs at 184461805, slots 0: A - B - | 2.390 s: redistribute 0.104 ntt 2.188 crt 0.002 out 0.082 carry 0.043
cache_trace node 0: piece (2, 2) of 5 x 3, 69173177 + 57644314 limbs at 253634982, slots 0: A - B - | 2.552 s: redistribute 0.145 ntt 2.331 crt 0.005 out 0.057 carry 0.066
cache_trace node 1: piece (2, 2) of 5 x 3, 69173177 + 57644314 limbs at 253634982, slots 0: A - B - | 2.552 s: redistribute 0.134 ntt 2.335 crt 0.004 out 0.056 carry 0.066
cache_trace node 0: piece (3, 2) of 5 x 3, 69173177 + 57644314 limbs at 322808159, slots 0: A - B - | 2.342 s: redistribute 0.093 ntt 2.211 crt 0.003 out 0.028 carry 0.020
dist_mn node 0: 345865885 x 172932942 limbs over 2 x 4 ranks (cap 2^27): 5 x 3 pieces, 13 formed, 2 skipped (low product) (low cut) (cache 0 slots: 0 hits, 0 misses)
cache_trace node 1: piece (3, 2) of 5 x 3, 69173177 + 57644314 limbs at 322808159, slots 0: A - B - | 2.342 s: redistribute 0.086 ntt 2.206 crt 0.004 out 0.041 carry 0.020
dist_mn node 1: 345865885 x 172932942 limbs over 2 x 4 ranks (cap 2^27): 5 x 3 pieces, 13 formed, 2 skipped (low product) (low cut) (cache 0 slots: 0 hits, 0 misses)
cx_grid node 1: rep 2 shape 5x3_lowhighcut (345865885 x 172932942, cut 172932942 / 345865885) slots 0: 35.586 s, cache 0 hits 0 misses, C sha256 740d3194ecc09b84 same
cx_grid node 0: rep 2 shape 5x3_lowhighcut (345865885 x 172932942, cut 172932942 / 345865885) slots 0: 35.586 s, cache 0 hits 0 misses, C sha256 56cf657a487f7d0a same
cache_trace node 0: piece (1, 0) of 5 x 3, 69173177 + 57644314 limbs at 69173177, slots 1: A - B cached | 2.489 s: redistribute 0.087 ntt 2.262 crt 0.005 out 0.093 carry 0.051
cache_trace node 1: piece (1, 0) of 5 x 3, 69173177 + 57644314 limbs at 69173177, slots 1: A - B cached | 2.489 s: redistribute 0.098 ntt 2.263 crt 0.005 out 0.093 carry 0.052
cache_trace node 0: piece (2, 0) of 5 x 3, 69173177 + 57644314 limbs at 138346354, slots 1: A - B HIT | 1.731 s: redistribute 0.084 ntt 1.516 crt 0.005 out 0.091 carry 0.055
cache_trace node 1: piece (2, 0) of 5 x 3, 69173177 + 57644314 limbs at 138346354, slots 1: A - B HIT | 1.731 s: redistribute 0.083 ntt 1.512 crt 0.005 out 0.106 carry 0.055
cache_trace node 0: piece (3, 0) of 5 x 3, 69173177 + 57644314 limbs at 207519531, slots 1: A - B HIT | 1.673 s: redistribute 0.065 ntt 1.502 crt 0.003 out 0.081 carry 0.043
cache_trace node 1: piece (3, 0) of 5 x 3, 69173177 + 57644314 limbs at 207519531, slots 1: A - B HIT | 1.673 s: redistribute 0.060 ntt 1.502 crt 0.002 out 0.083 carry 0.043
cache_trace node 0: piece (4, 0) of 5 x 3, 69173177 + 57644314 limbs at 276692708, slots 1: A - B HIT | 1.689 s: redistribute 0.058 ntt 1.536 crt 0.005 out 0.075 carry 0.041
cache_trace node 1: piece (4, 0) of 5 x 3, 69173177 + 57644314 limbs at 276692708, slots 1: A - B HIT | 1.689 s: redistribute 0.056 ntt 1.554 crt 0.005 out 0.058 carry 0.040
cache_trace node 0: piece (0, 1) of 5 x 3, 69173177 + 57644314 limbs at 57644314, slots 1: A - B cached | 2.556 s: redistribute 0.117 ntt 2.349 crt 0.003 out 0.090 carry 0.053
cache_trace node 1: piece (0, 1) of 5 x 3, 69173177 + 57644314 limbs at 57644314, slots 1: A - B cached | 2.556 s: redistribute 0.118 ntt 2.344 crt 0.004 out 0.088 carry 0.053
cache_trace node 0: piece (1, 1) of 5 x 3, 69173177 + 57644314 limbs at 126817491, slots 1: A - B HIT | 1.744 s: redistribute 0.053 ntt 1.544 crt 0.003 out 0.107 carry 0.062
cache_trace node 1: piece (1, 1) of 5 x 3, 69173177 + 57644314 limbs at 126817491, slots 1: A - B HIT | 1.744 s: redistribute 0.055 ntt 1.538 crt 0.003 out 0.104 carry 0.062
cache_trace node 0: piece (2, 1) of 5 x 3, 69173177 + 57644314 limbs at 195990668, slots 1: A - B HIT | 1.721 s: redistribute 0.072 ntt 1.544 crt 0.005 out 0.088 carry 0.021
cache_trace node 1: piece (2, 1) of 5 x 3, 69173177 + 57644314 limbs at 195990668, slots 1: A - B HIT | 1.721 s: redistribute 0.070 ntt 1.564 crt 0.005 out 0.080 carry 0.021
cache_trace node 0: piece (3, 1) of 5 x 3, 69173177 + 57644314 limbs at 265163845, slots 1: A - B HIT | 1.829 s: redistribute 0.058 ntt 1.677 crt 0.004 out 0.060 carry 0.059
cache_trace node 1: piece (3, 1) of 5 x 3, 69173177 + 57644314 limbs at 265163845, slots 1: A - B HIT | 1.829 s: redistribute 0.056 ntt 1.676 crt 0.004 out 0.059 carry 0.059
cache_trace node 0: piece (4, 1) of 5 x 3, 69173177 + 57644314 limbs at 334337022, slots 1: A - B HIT | 2.073 s: redistribute 0.061 ntt 1.973 crt 0.002 out 0.029 carry 0.011
cache_trace node 1: piece (4, 1) of 5 x 3, 69173177 + 57644314 limbs at 334337022, slots 1: A - B HIT | 2.073 s: redistribute 0.059 ntt 1.984 crt 0.002 out 0.028 carry 0.010
cache_trace node 0: piece (0, 2) of 5 x 3, 69173177 + 57644314 limbs at 115288628, slots 1: A - B cached | 2.841 s: redistribute 0.093 ntt 2.583 crt 0.003 out 0.118 carry 0.064
cache_trace node 1: piece (0, 2) of 5 x 3, 69173177 + 57644314 limbs at 115288628, slots 1: A - B cached | 2.841 s: redistribute 0.092 ntt 2.582 crt 0.003 out 0.121 carry 0.064
cache_trace node 0: piece (1, 2) of 5 x 3, 69173177 + 57644314 limbs at 184461805, slots 1: A - B HIT | 1.850 s: redistribute 0.087 ntt 1.673 crt 0.005 out 0.075 carry 0.043
cache_trace node 1: piece (1, 2) of 5 x 3, 69173177 + 57644314 limbs at 184461805, slots 1: A - B HIT | 1.850 s: redistribute 0.100 ntt 1.652 crt 0.005 out 0.078 carry 0.043
cache_trace node 0: piece (2, 2) of 5 x 3, 69173177 + 57644314 limbs at 253634982, slots 1: A - B HIT | 1.864 s: redistribute 0.075 ntt 1.670 crt 0.004 out 0.067 carry 0.065
cache_trace node 1: piece (2, 2) of 5 x 3, 69173177 + 57644314 limbs at 253634982, slots 1: A - B HIT | 1.864 s: redistribute 0.073 ntt 1.670 crt 0.003 out 0.068 carry 0.065
cache_trace node 0: piece (3, 2) of 5 x 3, 69173177 + 57644314 limbs at 322808159, slots 1: A - B HIT | 1.884 s: redistribute 0.057 ntt 1.787 crt 0.002 out 0.032 carry 0.021
dist_mn node 0: 345865885 x 172932942 limbs over 2 x 4 ranks (cap 2^27): 5 x 3 pieces, 13 formed, 2 skipped (low product) (low cut) (cache 1 slots: 10 hits, 3 misses)
cache_trace node 1: piece (3, 2) of 5 x 3, 69173177 + 57644314 limbs at 322808159, slots 1: A - B HIT | 1.884 s: redistribute 0.055 ntt 1.798 crt 0.002 out 0.035 carry 0.021
dist_mn node 1: 345865885 x 172932942 limbs over 2 x 4 ranks (cap 2^27): 5 x 3 pieces, 13 formed, 2 skipped (low product) (low cut) (cache 1 slots: 10 hits, 3 misses)
cx_grid node 0: rep 2 shape 5x3_lowhighcut (345865885 x 172932942, cut 172932942 / 345865885) slots 1: 25.956 s, cache 10 hits 3 misses, C sha256 56cf657a487f7d0a same
cx_grid node 1: rep 2 shape 5x3_lowhighcut (345865885 x 172932942, cut 172932942 / 345865885) slots 1: 25.955 s, cache 10 hits 3 misses, C sha256 740d3194ecc09b84 same
cache_trace node 0: piece (1, 0) of 5 x 3, 69173177 + 57644314 limbs at 69173177, slots 2: A - B cached | 2.772 s: redistribute 0.084 ntt 2.546 crt 0.004 out 0.117 carry 0.051
cache_trace node 1: piece (1, 0) of 5 x 3, 69173177 + 57644314 limbs at 69173177, slots 2: A - B cached | 2.772 s: redistribute 0.093 ntt 2.534 crt 0.004 out 0.113 carry 0.051
cache_trace node 0: piece (2, 0) of 5 x 3, 69173177 + 57644314 limbs at 138346354, slots 2: A - B HIT | 2.149 s: redistribute 0.077 ntt 1.788 crt 0.002 out 0.248 carry 0.050
cache_trace node 1: piece (2, 0) of 5 x 3, 69173177 + 57644314 limbs at 138346354, slots 2: A - B HIT | 2.149 s: redistribute 0.080 ntt 1.953 crt 0.002 out 0.087 carry 0.050
cache_trace node 0: piece (3, 0) of 5 x 3, 69173177 + 57644314 limbs at 207519531, slots 2: A - B HIT | 2.013 s: redistribute 0.056 ntt 1.835 crt 0.005 out 0.092 carry 0.045
cache_trace node 1: piece (3, 0) of 5 x 3, 69173177 + 57644314 limbs at 207519531, slots 2: A - B HIT | 2.013 s: redistribute 0.052 ntt 1.858 crt 0.005 out 0.074 carry 0.045
cache_trace node 0: piece (4, 0) of 5 x 3, 69173177 + 57644314 limbs at 276692708, slots 2: A - B HIT | 1.655 s: redistribute 0.051 ntt 1.528 crt 0.002 out 0.046 carry 0.039
cache_trace node 1: piece (4, 0) of 5 x 3, 69173177 + 57644314 limbs at 276692708, slots 2: A - B HIT | 1.655 s: redistribute 0.049 ntt 1.532 crt 0.002 out 0.056 carry 0.039
cache_trace node 0: piece (0, 1) of 5 x 3, 69173177 + 57644314 limbs at 57644314, slots 2: A cached B cached | 2.599 s: redistribute 0.111 ntt 2.372 crt 0.005 out 0.085 carry 0.050
cache_trace node 1: piece (0, 1) of 5 x 3, 69173177 + 57644314 limbs at 57644314, slots 2: A cached B cached | 2.599 s: redistribute 0.120 ntt 2.360 crt 0.004 out 0.087 carry 0.050
cache_trace node 0: piece (1, 1) of 5 x 3, 69173177 + 57644314 limbs at 126817491, slots 2: A - B HIT | 1.737 s: redistribute 0.058 ntt 1.516 crt 0.005 out 0.110 carry 0.057
cache_trace node 1: piece (1, 1) of 5 x 3, 69173177 + 57644314 limbs at 126817491, slots 2: A - B HIT | 1.737 s: redistribute 0.060 ntt 1.515 crt 0.005 out 0.111 carry 0.056
cache_trace node 0: piece (2, 1) of 5 x 3, 69173177 + 57644314 limbs at 195990668, slots 2: A - B HIT | 1.692 s: redistribute 0.116 ntt 1.540 crt 0.002 out 0.070 carry 0.022
cache_trace node 1: piece (2, 1) of 5 x 3, 69173177 + 57644314 limbs at 195990668, slots 2: A - B HIT | 1.692 s: redistribute 0.113 ntt 1.530 crt 0.002 out 0.074 carry 0.021
cache_trace node 0: piece (3, 1) of 5 x 3, 69173177 + 57644314 limbs at 265163845, slots 2: A - B HIT | 1.654 s: redistribute 0.060 ntt 1.500 crt 0.004 out 0.046 carry 0.056
cache_trace node 1: piece (3, 1) of 5 x 3, 69173177 + 57644314 limbs at 265163845, slots 2: A - B HIT | 1.654 s: redistribute 0.058 ntt 1.492 crt 0.004 out 0.063 carry 0.056
cache_trace node 0: piece (4, 1) of 5 x 3, 69173177 + 57644314 limbs at 334337022, slots 2: A - B HIT | 1.525 s: redistribute 0.049 ntt 1.459 crt 0.002 out 0.026 carry 0.011
cache_trace node 1: piece (4, 1) of 5 x 3, 69173177 + 57644314 limbs at 334337022, slots 2: A - B HIT | 1.525 s: redistribute 0.047 ntt 1.450 crt 0.002 out 0.028 carry 0.011
cache_trace node 0: piece (0, 2) of 5 x 3, 69173177 + 57644314 limbs at 115288628, slots 2: A HIT B cached | 1.767 s: redistribute 0.065 ntt 1.573 crt 0.005 out 0.101 carry 0.061
cache_trace node 1: piece (0, 2) of 5 x 3, 69173177 + 57644314 limbs at 115288628, slots 2: A HIT B cached | 1.767 s: redistribute 0.062 ntt 1.578 crt 0.005 out 0.097 carry 0.061
cache_trace node 0: piece (1, 2) of 5 x 3, 69173177 + 57644314 limbs at 184461805, slots 2: A - B HIT | 1.735 s: redistribute 0.056 ntt 1.590 crt 0.002 out 0.097 carry 0.044
cache_trace node 1: piece (1, 2) of 5 x 3, 69173177 + 57644314 limbs at 184461805, slots 2: A - B HIT | 1.735 s: redistribute 0.079 ntt 1.586 crt 0.002 out 0.081 carry 0.043
cache_trace node 0: piece (2, 2) of 5 x 3, 69173177 + 57644314 limbs at 253634982, slots 2: A - B HIT | 1.681 s: redistribute 0.071 ntt 1.492 crt 0.005 out 0.068 carry 0.066
cache_trace node 1: piece (2, 2) of 5 x 3, 69173177 + 57644314 limbs at 253634982, slots 2: A - B HIT | 1.681 s: redistribute 0.070 ntt 1.494 crt 0.005 out 0.062 carry 0.066
cache_trace node 0: piece (3, 2) of 5 x 3, 69173177 + 57644314 limbs at 322808159, slots 2: A - B HIT | 1.658 s: redistribute 0.060 ntt 1.566 crt 0.005 out 0.036 carry 0.021
dist_mn node 0: 345865885 x 172932942 limbs over 2 x 4 ranks (cap 2^27): 5 x 3 pieces, 13 formed, 2 skipped (low product) (low cut) (cache 2 slots: 11 hits, 4 misses)
cache_trace node 1: piece (3, 2) of 5 x 3, 69173177 + 57644314 limbs at 322808159, slots 2: A - B HIT | 1.658 s: redistribute 0.055 ntt 1.562 crt 0.004 out 0.036 carry 0.021
dist_mn node 1: 345865885 x 172932942 limbs over 2 x 4 ranks (cap 2^27): 5 x 3 pieces, 13 formed, 2 skipped (low product) (low cut) (cache 2 slots: 11 hits, 4 misses)
cx_grid node 1: rep 2 shape 5x3_lowhighcut (345865885 x 172932942, cut 172932942 / 345865885) slots 2: 24.648 s, cache 11 hits 4 misses, C sha256 740d3194ecc09b84 same
cx_grid node 0: rep 2 shape 5x3_lowhighcut (345865885 x 172932942, cut 172932942 / 345865885) slots 2: 24.648 s, cache 11 hits 4 misses, C sha256 56cf657a487f7d0a same
cache_trace node 0: piece (1, 0) of 2 x 4, 86466471 + 43233236 limbs at 86466471, slots 0: A - B - | 2.525 s: redistribute 0.103 ntt 2.298 crt 0.005 out 0.090 carry 0.058
cache_trace node 1: piece (1, 0) of 2 x 4, 86466471 + 43233236 limbs at 86466471, slots 0: A - B - | 2.525 s: redistribute 0.104 ntt 2.273 crt 0.005 out 0.100 carry 0.058
cache_trace node 0: piece (0, 1) of 2 x 4, 86466471 + 43233236 limbs at 43233236, slots 0: A - B - | 2.523 s: redistribute 0.114 ntt 2.306 crt 0.005 out 0.074 carry 0.051
cache_trace node 1: piece (0, 1) of 2 x 4, 86466471 + 43233236 limbs at 43233236, slots 0: A - B - | 2.523 s: redistribute 0.115 ntt 2.312 crt 0.005 out 0.071 carry 0.051
cache_trace node 0: piece (1, 1) of 2 x 4, 86466471 + 43233236 limbs at 129699707, slots 0: A - B - | 2.507 s: redistribute 0.108 ntt 2.258 crt 0.005 out 0.095 carry 0.062
cache_trace node 1: piece (1, 1) of 2 x 4, 86466471 + 43233236 limbs at 129699707, slots 0: A - B - | 2.507 s: redistribute 0.109 ntt 2.249 crt 0.005 out 0.098 carry 0.062
cache_trace node 0: piece (0, 2) of 2 x 4, 86466471 + 43233236 limbs at 86466472, slots 0: A - B - | 2.514 s: redistribute 0.096 ntt 2.279 crt 0.003 out 0.097 carry 0.063
cache_trace node 1: piece (0, 2) of 2 x 4, 86466471 + 43233236 limbs at 86466472, slots 0: A - B - | 2.514 s: redistribute 0.095 ntt 2.284 crt 0.002 out 0.100 carry 0.063
cache_trace node 0: piece (1, 2) of 2 x 4, 86466471 + 43233236 limbs at 172932943, slots 0: A - B - | 2.454 s: redistribute 0.096 ntt 2.223 crt 0.003 out 0.082 carry 0.064
cache_trace node 1: piece (1, 2) of 2 x 4, 86466471 + 43233236 limbs at 172932943, slots 0: A - B - | 2.454 s: redistribute 0.095 ntt 2.224 crt 0.004 out 0.097 carry 0.064
cache_trace node 0: piece (0, 3) of 2 x 4, 86466471 + 43233234 limbs at 129699708, slots 0: A - B - | 2.505 s: redistribute 0.103 ntt 2.249 crt 0.005 out 0.101 carry 0.058
cache_trace node 1: piece (0, 3) of 2 x 4, 86466471 + 43233234 limbs at 129699708, slots 0: A - B - | 2.505 s: redistribute 0.102 ntt 2.253 crt 0.005 out 0.099 carry 0.058
cache_trace node 0: piece (1, 3) of 2 x 4, 86466471 + 43233234 limbs at 216166179, slots 0: A - B - | 2.437 s: redistribute 0.108 ntt 2.200 crt 0.004 out 0.069 carry 0.067
dist_mn node 0: 172932942 x 172932942 limbs over 2 x 4 ranks (cap 2^27): 2 x 4 pieces, 7 formed, 1 skipped (low cut) (cache 0 slots: 0 hits, 0 misses)
cache_trace node 1: piece (1, 3) of 2 x 4, 86466471 + 43233234 limbs at 216166179, slots 0: A - B - | 2.437 s: redistribute 0.106 ntt 2.204 crt 0.004 out 0.073 carry 0.066
dist_mn node 1: 172932942 x 172932942 limbs over 2 x 4 ranks (cap 2^27): 2 x 4 pieces, 7 formed, 1 skipped (low cut) (cache 0 slots: 0 hits, 0 misses)
cx_grid node 0: rep 2 shape 2x4_lowcut (172932942 x 172932942, cut 172932942 / -1) slots 0: 17.472 s, cache 0 hits 0 misses, C sha256 1787dbd4e72d7df9 same
cx_grid node 1: rep 2 shape 2x4_lowcut (172932942 x 172932942, cut 172932942 / -1) slots 0: 17.472 s, cache 0 hits 0 misses, C sha256 2dc62aaa434b5050 same
cache_trace node 0: piece (1, 0) of 2 x 4, 86466471 + 43233236 limbs at 86466471, slots 1: A - B cached | 2.562 s: redistribute 0.112 ntt 2.307 crt 0.005 out 0.101 carry 0.056
cache_trace node 1: piece (1, 0) of 2 x 4, 86466471 + 43233236 limbs at 86466471, slots 1: A - B cached | 2.562 s: redistribute 0.113 ntt 2.306 crt 0.005 out 0.101 carry 0.056
cache_trace node 0: piece (0, 1) of 2 x 4, 86466471 + 43233236 limbs at 43233236, slots 1: A - B cached | 2.519 s: redistribute 0.100 ntt 2.303 crt 0.005 out 0.083 carry 0.051
cache_trace node 1: piece (0, 1) of 2 x 4, 86466471 + 43233236 limbs at 43233236, slots 1: A - B cached | 2.519 s: redistribute 0.101 ntt 2.320 crt 0.005 out 0.070 carry 0.051
cache_trace node 0: piece (1, 1) of 2 x 4, 86466471 + 43233236 limbs at 129699707, slots 1: A - B HIT | 1.892 s: redistribute 0.061 ntt 1.678 crt 0.005 out 0.108 carry 0.065
cache_trace node 1: piece (1, 1) of 2 x 4, 86466471 + 43233236 limbs at 129699707, slots 1: A - B HIT | 1.892 s: redistribute 0.059 ntt 1.683 crt 0.004 out 0.109 carry 0.065
cache_trace node 0: piece (0, 2) of 2 x 4, 86466471 + 43233236 limbs at 86466472, slots 1: A - B cached | 2.760 s: redistribute 0.115 ntt 2.498 crt 0.005 out 0.108 carry 0.058
cache_trace node 1: piece (0, 2) of 2 x 4, 86466471 + 43233236 limbs at 86466472, slots 1: A - B cached | 2.760 s: redistribute 0.111 ntt 2.499 crt 0.005 out 0.113 carry 0.057
cache_trace node 0: piece (1, 2) of 2 x 4, 86466471 + 43233236 limbs at 172932943, slots 1: A - B HIT | 1.767 s: redistribute 0.062 ntt 1.560 crt 0.003 out 0.098 carry 0.065
cache_trace node 1: piece (1, 2) of 2 x 4, 86466471 + 43233236 limbs at 172932943, slots 1: A - B HIT | 1.767 s: redistribute 0.060 ntt 1.558 crt 0.004 out 0.093 carry 0.064
cache_trace node 0: piece (0, 3) of 2 x 4, 86466471 + 43233234 limbs at 129699708, slots 1: A - B cached | 2.530 s: redistribute 0.118 ntt 2.266 crt 0.002 out 0.110 carry 0.056
cache_trace node 1: piece (0, 3) of 2 x 4, 86466471 + 43233234 limbs at 129699708, slots 1: A - B cached | 2.530 s: redistribute 0.110 ntt 2.280 crt 0.002 out 0.103 carry 0.056
cache_trace node 0: piece (1, 3) of 2 x 4, 86466471 + 43233234 limbs at 216166179, slots 1: A - B HIT | 1.701 s: redistribute 0.079 ntt 1.518 crt 0.005 out 0.071 carry 0.065
dist_mn node 0: 172932942 x 172932942 limbs over 2 x 4 ranks (cap 2^27): 2 x 4 pieces, 7 formed, 1 skipped (low cut) (cache 1 slots: 3 hits, 4 misses)
cache_trace node 1: piece (1, 3) of 2 x 4, 86466471 + 43233234 limbs at 216166179, slots 1: A - B HIT | 1.701 s: redistribute 0.075 ntt 1.527 crt 0.005 out 0.071 carry 0.065
dist_mn node 1: 172932942 x 172932942 limbs over 2 x 4 ranks (cap 2^27): 2 x 4 pieces, 7 formed, 1 skipped (low cut) (cache 1 slots: 3 hits, 4 misses)
cx_grid node 1: rep 2 shape 2x4_lowcut (172932942 x 172932942, cut 172932942 / -1) slots 1: 15.738 s, cache 3 hits 4 misses, C sha256 2dc62aaa434b5050 same
cx_grid node 0: rep 2 shape 2x4_lowcut (172932942 x 172932942, cut 172932942 / -1) slots 1: 15.738 s, cache 3 hits 4 misses, C sha256 1787dbd4e72d7df9 same
cache_trace node 0: piece (1, 0) of 2 x 4, 86466471 + 43233236 limbs at 86466471, slots 2: A - B cached | 2.468 s: redistribute 0.086 ntt 2.231 crt 0.002 out 0.117 carry 0.060
cache_trace node 1: piece (1, 0) of 2 x 4, 86466471 + 43233236 limbs at 86466471, slots 2: A - B cached | 2.468 s: redistribute 0.087 ntt 2.228 crt 0.002 out 0.114 carry 0.059
cache_trace node 0: piece (0, 1) of 2 x 4, 86466471 + 43233236 limbs at 43233236, slots 2: A cached B cached | 2.461 s: redistribute 0.095 ntt 2.258 crt 0.004 out 0.067 carry 0.052
cache_trace node 1: piece (0, 1) of 2 x 4, 86466471 + 43233236 limbs at 43233236, slots 2: A cached B cached | 2.461 s: redistribute 0.097 ntt 2.256 crt 0.004 out 0.066 carry 0.052
cache_trace node 0: piece (1, 1) of 2 x 4, 86466471 + 43233236 limbs at 129699707, slots 2: A - B HIT | 1.764 s: redistribute 0.072 ntt 1.550 crt 0.005 out 0.081 carry 0.064
cache_trace node 1: piece (1, 1) of 2 x 4, 86466471 + 43233236 limbs at 129699707, slots 2: A - B HIT | 1.764 s: redistribute 0.070 ntt 1.546 crt 0.004 out 0.084 carry 0.064
cache_trace node 0: piece (0, 2) of 2 x 4, 86466471 + 43233236 limbs at 86466472, slots 2: A HIT B cached | 1.649 s: redistribute 0.034 ntt 1.454 crt 0.003 out 0.110 carry 0.055
cache_trace node 1: piece (0, 2) of 2 x 4, 86466471 + 43233236 limbs at 86466472, slots 2: A HIT B cached | 1.649 s: redistribute 0.033 ntt 1.455 crt 0.003 out 0.112 carry 0.055
cache_trace node 0: piece (1, 2) of 2 x 4, 86466471 + 43233236 limbs at 172932943, slots 2: A - B HIT | 1.668 s: redistribute 0.050 ntt 1.485 crt 0.005 out 0.063 carry 0.065
cache_trace node 1: piece (1, 2) of 2 x 4, 86466471 + 43233236 limbs at 172932943, slots 2: A - B HIT | 1.668 s: redistribute 0.048 ntt 1.487 crt 0.005 out 0.063 carry 0.065
cache_trace node 0: piece (0, 3) of 2 x 4, 86466471 + 43233234 limbs at 129699708, slots 2: A HIT B cached | 1.733 s: redistribute 0.034 ntt 1.541 crt 0.003 out 0.095 carry 0.065
cache_trace node 1: piece (0, 3) of 2 x 4, 86466471 + 43233234 limbs at 129699708, slots 2: A HIT B cached | 1.733 s: redistribute 0.033 ntt 1.539 crt 0.002 out 0.102 carry 0.065
cache_trace node 0: piece (1, 3) of 2 x 4, 86466471 + 43233234 limbs at 216166179, slots 2: A - B HIT | 1.726 s: redistribute 0.078 ntt 1.513 crt 0.004 out 0.084 carry 0.066
dist_mn node 0: 172932942 x 172932942 limbs over 2 x 4 ranks (cap 2^27): 2 x 4 pieces, 7 formed, 1 skipped (low cut) (cache 2 slots: 5 hits, 5 misses)
cache_trace node 1: piece (1, 3) of 2 x 4, 86466471 + 43233234 limbs at 216166179, slots 2: A - B HIT | 1.726 s: redistribute 0.068 ntt 1.522 crt 0.003 out 0.073 carry 0.066
dist_mn node 1: 172932942 x 172932942 limbs over 2 x 4 ranks (cap 2^27): 2 x 4 pieces, 7 formed, 1 skipped (low cut) (cache 2 slots: 5 hits, 5 misses)
cx_grid node 0: rep 2 shape 2x4_lowcut (172932942 x 172932942, cut 172932942 / -1) slots 2: 13.475 s, cache 5 hits 5 misses, C sha256 1787dbd4e72d7df9 same
cx_grid node 1: rep 2 shape 2x4_lowcut (172932942 x 172932942, cut 172932942 / -1) slots 2: 13.475 s, cache 5 hits 5 misses, C sha256 2dc62aaa434b5050 same
cache_trace node 0: piece (4, 0) of 5 x 6, 69173177 + 57644315 limbs at 276692708, slots 0: A - B - | 2.547 s: redistribute 0.100 ntt 2.319 crt 0.002 out 0.117 carry 0.050
cache_trace node 1: piece (4, 0) of 5 x 6, 69173177 + 57644315 limbs at 276692708, slots 0: A - B - | 2.547 s: redistribute 0.101 ntt 2.312 crt 0.002 out 0.109 carry 0.050
cache_trace node 0: piece (3, 1) of 5 x 6, 69173177 + 57644315 limbs at 265163846, slots 0: A - B - | 2.469 s: redistribute 0.115 ntt 2.245 crt 0.005 out 0.110 carry 0.053
cache_trace node 1: piece (3, 1) of 5 x 6, 69173177 + 57644315 limbs at 265163846, slots 0: A - B - | 2.469 s: redistribute 0.116 ntt 2.243 crt 0.005 out 0.108 carry 0.052
cache_trace node 0: piece (4, 1) of 5 x 6, 69173177 + 57644315 limbs at 334337023, slots 0: A - B - | 2.461 s: redistribute 0.104 ntt 2.247 crt 0.005 out 0.089 carry 0.056
cache_trace node 1: piece (4, 1) of 5 x 6, 69173177 + 57644315 limbs at 334337023, slots 0: A - B - | 2.461 s: redistribute 0.106 ntt 2.248 crt 0.005 out 0.088 carry 0.056
cache_trace node 0: piece (2, 2) of 5 x 6, 69173177 + 57644315 limbs at 253634984, slots 0: A - B - | 2.422 s: redistribute 0.119 ntt 2.167 crt 0.005 out 0.094 carry 0.047
cache_trace node 1: piece (2, 2) of 5 x 6, 69173177 + 57644315 limbs at 253634984, slots 0: A - B - | 2.422 s: redistribute 0.121 ntt 2.166 crt 0.005 out 0.099 carry 0.047
cache_trace node 0: piece (3, 2) of 5 x 6, 69173177 + 57644315 limbs at 322808161, slots 0: A - B - | 2.557 s: redistribute 0.084 ntt 2.325 crt 0.005 out 0.101 carry 0.063
cache_trace node 1: piece (3, 2) of 5 x 6, 69173177 + 57644315 limbs at 322808161, slots 0: A - B - | 2.557 s: redistribute 0.085 ntt 2.324 crt 0.005 out 0.097 carry 0.063
cache_trace node 0: piece (4, 2) of 5 x 6, 69173177 + 57644315 limbs at 391981338, slots 0: A - B - | 2.479 s: redistribute 0.104 ntt 2.223 crt 0.005 out 0.071 carry 0.087
cache_trace node 1: piece (4, 2) of 5 x 6, 69173177 + 57644315 limbs at 391981338, slots 0: A - B - | 2.479 s: redistribute 0.105 ntt 2.217 crt 0.005 out 0.079 carry 0.087
cache_trace node 0: piece (1, 3) of 5 x 6, 69173177 + 57644315 limbs at 242106122, slots 0: A - B - | 2.539 s: redistribute 0.097 ntt 2.313 crt 0.004 out 0.091 carry 0.059
cache_trace node 1: piece (1, 3) of 5 x 6, 69173177 + 57644315 limbs at 242106122, slots 0: A - B - | 2.539 s: redistribute 0.094 ntt 2.320 crt 0.004 out 0.089 carry 0.059
cache_trace node 0: piece (2, 3) of 5 x 6, 69173177 + 57644315 limbs at 311279299, slots 0: A - B - | 2.521 s: redistribute 0.137 ntt 2.272 crt 0.005 out 0.100 carry 0.058
cache_trace node 1: piece (2, 3) of 5 x 6, 69173177 + 57644315 limbs at 311279299, slots 0: A - B - | 2.521 s: redistribute 0.116 ntt 2.273 crt 0.005 out 0.104 carry 0.058
cache_trace node 0: piece (3, 3) of 5 x 6, 69173177 + 57644315 limbs at 380452476, slots 0: A - B - | 2.510 s: redistribute 0.114 ntt 2.267 crt 0.002 out 0.074 carry 0.090
cache_trace node 1: piece (3, 3) of 5 x 6, 69173177 + 57644315 limbs at 380452476, slots 0: A - B - | 2.510 s: redistribute 0.112 ntt 2.254 crt 0.002 out 0.084 carry 0.090
cache_trace node 0: piece (4, 3) of 5 x 6, 69173177 + 57644315 limbs at 449625653, slots 0: A - B - | 2.405 s: redistribute 0.089 ntt 2.198 crt 0.002 out 0.093 carry 0.052
cache_trace node 1: piece (4, 3) of 5 x 6, 69173177 + 57644315 limbs at 449625653, slots 0: A - B - | 2.405 s: redistribute 0.088 ntt 2.215 crt 0.003 out 0.075 carry 0.052
cache_trace node 0: piece (0, 4) of 5 x 6, 69173177 + 57644315 limbs at 230577260, slots 0: A - B - | 2.460 s: redistribute 0.086 ntt 2.269 crt 0.005 out 0.083 carry 0.051
cache_trace node 1: piece (0, 4) of 5 x 6, 69173177 + 57644315 limbs at 230577260, slots 0: A - B - | 2.460 s: redistribute 0.083 ntt 2.267 crt 0.005 out 0.076 carry 0.051
cache_trace node 0: piece (1, 4) of 5 x 6, 69173177 + 57644315 limbs at 299750437, slots 0: A - B - | 2.555 s: redistribute 0.105 ntt 2.301 crt 0.005 out 0.104 carry 0.060
cache_trace node 1: piece (1, 4) of 5 x 6, 69173177 + 57644315 limbs at 299750437, slots 0: A - B - | 2.555 s: redistribute 0.104 ntt 2.309 crt 0.005 out 0.100 carry 0.061
cache_trace node 0: piece (2, 4) of 5 x 6, 69173177 + 57644315 limbs at 368923614, slots 0: A - B - | 2.553 s: redistribute 0.134 ntt 2.286 crt 0.005 out 0.088 carry 0.102
cache_trace node 1: piece (2, 4) of 5 x 6, 69173177 + 57644315 limbs at 368923614, slots 0: A - B - | 2.553 s: redistribute 0.130 ntt 2.287 crt 0.005 out 0.073 carry 0.102
cache_trace node 0: piece (3, 4) of 5 x 6, 69173177 + 57644315 limbs at 438096791, slots 0: A - B - | 2.880 s: redistribute 0.091 ntt 2.678 crt 0.002 out 0.070 carry 0.060
cache_trace node 1: piece (3, 4) of 5 x 6, 69173177 + 57644315 limbs at 438096791, slots 0: A - B - | 2.880 s: redistribute 0.090 ntt 2.681 crt 0.003 out 0.068 carry 0.060
cache_trace node 0: piece (4, 4) of 5 x 6, 69173177 + 57644315 limbs at 507269968, slots 0: A - B - | 2.879 s: redistribute 0.097 ntt 2.661 crt 0.005 out 0.070 carry 0.072
cache_trace node 1: piece (4, 4) of 5 x 6, 69173177 + 57644315 limbs at 507269968, slots 0: A - B - | 2.879 s: redistribute 0.091 ntt 2.637 crt 0.004 out 0.088 carry 0.072
cache_trace node 0: piece (0, 5) of 5 x 6, 69173177 + 57644310 limbs at 288221575, slots 0: A - B - | 2.743 s: redistribute 0.100 ntt 2.513 crt 0.002 out 0.105 carry 0.056
cache_trace node 1: piece (0, 5) of 5 x 6, 69173177 + 57644310 limbs at 288221575, slots 0: A - B - | 2.743 s: redistribute 0.098 ntt 2.495 crt 0.002 out 0.120 carry 0.056
cache_trace node 0: piece (1, 5) of 5 x 6, 69173177 + 57644310 limbs at 357394752, slots 0: A - B - | 2.664 s: redistribute 0.094 ntt 2.421 crt 0.005 out 0.077 carry 0.092
cache_trace node 1: piece (1, 5) of 5 x 6, 69173177 + 57644310 limbs at 357394752, slots 0: A - B - | 2.664 s: redistribute 0.091 ntt 2.419 crt 0.005 out 0.074 carry 0.092
cache_trace node 0: piece (2, 5) of 5 x 6, 69173177 + 57644310 limbs at 426567929, slots 0: A - B - | 2.923 s: redistribute 0.126 ntt 2.685 crt 0.004 out 0.070 carry 0.063
cache_trace node 1: piece (2, 5) of 5 x 6, 69173177 + 57644310 limbs at 426567929, slots 0: A - B - | 2.923 s: redistribute 0.123 ntt 2.690 crt 0.004 out 0.071 carry 0.063
cache_trace node 0: piece (3, 5) of 5 x 6, 69173177 + 57644310 limbs at 495741106, slots 0: A - B - | 2.730 s: redistribute 0.085 ntt 2.503 crt 0.005 out 0.075 carry 0.068
cache_trace node 1: piece (3, 5) of 5 x 6, 69173177 + 57644310 limbs at 495741106, slots 0: A - B - | 2.730 s: redistribute 0.084 ntt 2.507 crt 0.005 out 0.073 carry 0.068
cache_trace node 0: piece (4, 5) of 5 x 6, 69173177 + 57644310 limbs at 564914283, slots 0: A - B - | 3.133 s: redistribute 0.083 ntt 2.920 crt 0.004 out 0.076 carry 0.074
dist_mn node 0: 345865885 x 345865885 limbs over 2 x 4 ranks (cap 2^27): 5 x 6 pieces, 20 formed, 10 skipped (low cut) (cache 0 slots: 0 hits, 0 misses)
cache_trace node 1: piece (4, 5) of 5 x 6, 69173177 + 57644310 limbs at 564914283, slots 0: A - B - | 3.133 s: redistribute 0.082 ntt 2.926 crt 0.005 out 0.061 carry 0.074
dist_mn node 1: 345865885 x 345865885 limbs over 2 x 4 ranks (cap 2^27): 5 x 6 pieces, 20 formed, 10 skipped (low cut) (cache 0 slots: 0 hits, 0 misses)
cx_grid node 0: rep 2 shape 5x6_lowcut (345865885 x 345865885, cut 345865885 / -1) slots 0: 52.446 s, cache 0 hits 0 misses, C sha256 261239e9c0ffe052 same
cx_grid node 1: rep 2 shape 5x6_lowcut (345865885 x 345865885, cut 345865885 / -1) slots 0: 52.446 s, cache 0 hits 0 misses, C sha256 5b432973f937164e same
cache_trace node 0: piece (4, 0) of 5 x 6, 69173177 + 57644315 limbs at 276692708, slots 1: A - B cached | 2.865 s: redistribute 0.097 ntt 2.606 crt 0.005 out 0.121 carry 0.049
cache_trace node 1: piece (4, 0) of 5 x 6, 69173177 + 57644315 limbs at 276692708, slots 1: A - B cached | 2.865 s: redistribute 0.098 ntt 2.605 crt 0.005 out 0.121 carry 0.050
cache_trace node 0: piece (3, 1) of 5 x 6, 69173177 + 57644315 limbs at 265163846, slots 1: A - B cached | 2.599 s: redistribute 0.104 ntt 2.369 crt 0.004 out 0.091 carry 0.058
cache_trace node 1: piece (3, 1) of 5 x 6, 69173177 + 57644315 limbs at 265163846, slots 1: A - B cached | 2.599 s: redistribute 0.106 ntt 2.367 crt 0.003 out 0.109 carry 0.058
cache_trace node 0: piece (4, 1) of 5 x 6, 69173177 + 57644315 limbs at 334337023, slots 1: A - B HIT | 1.703 s: redistribute 0.047 ntt 1.520 crt 0.005 out 0.094 carry 0.058
cache_trace node 1: piece (4, 1) of 5 x 6, 69173177 + 57644315 limbs at 334337023, slots 1: A - B HIT | 1.703 s: redistribute 0.045 ntt 1.527 crt 0.005 out 0.093 carry 0.058
cache_trace node 0: piece (2, 2) of 5 x 6, 69173177 + 57644315 limbs at 253634984, slots 1: A - B cached | 2.489 s: redistribute 0.115 ntt 2.218 crt 0.005 out 0.110 carry 0.049
cache_trace node 1: piece (2, 2) of 5 x 6, 69173177 + 57644315 limbs at 253634984, slots 1: A - B cached | 2.489 s: redistribute 0.116 ntt 2.229 crt 0.005 out 0.108 carry 0.049
cache_trace node 0: piece (3, 2) of 5 x 6, 69173177 + 57644315 limbs at 322808161, slots 1: A - B HIT | 1.687 s: redistribute 0.052 ntt 1.490 crt 0.005 out 0.103 carry 0.060
cache_trace node 1: piece (3, 2) of 5 x 6, 69173177 + 57644315 limbs at 322808161, slots 1: A - B HIT | 1.687 s: redistribute 0.051 ntt 1.492 crt 0.005 out 0.105 carry 0.059
cache_trace node 0: piece (4, 2) of 5 x 6, 69173177 + 57644315 limbs at 391981338, slots 1: A - B HIT | 1.703 s: redistribute 0.076 ntt 1.505 crt 0.005 out 0.074 carry 0.082
cache_trace node 1: piece (4, 2) of 5 x 6, 69173177 + 57644315 limbs at 391981338, slots 1: A - B HIT | 1.703 s: redistribute 0.073 ntt 1.507 crt 0.005 out 0.078 carry 0.082
cache_trace node 0: piece (1, 3) of 5 x 6, 69173177 + 57644315 limbs at 242106122, slots 1: A - B cached | 2.448 s: redistribute 0.085 ntt 2.218 crt 0.003 out 0.090 carry 0.061
cache_trace node 1: piece (1, 3) of 5 x 6, 69173177 + 57644315 limbs at 242106122, slots 1: A - B cached | 2.448 s: redistribute 0.083 ntt 2.223 crt 0.005 out 0.082 carry 0.061
cache_trace node 0: piece (2, 3) of 5 x 6, 69173177 + 57644315 limbs at 311279299, slots 1: A - B HIT | 1.635 s: redistribute 0.077 ntt 1.422 crt 0.005 out 0.084 carry 0.060
cache_trace node 1: piece (2, 3) of 5 x 6, 69173177 + 57644315 limbs at 311279299, slots 1: A - B HIT | 1.635 s: redistribute 0.081 ntt 1.422 crt 0.005 out 0.106 carry 0.060
cache_trace node 0: piece (3, 3) of 5 x 6, 69173177 + 57644315 limbs at 380452476, slots 1: A - B HIT | 1.744 s: redistribute 0.071 ntt 1.527 crt 0.005 out 0.089 carry 0.087
cache_trace node 1: piece (3, 3) of 5 x 6, 69173177 + 57644315 limbs at 380452476, slots 1: A - B HIT | 1.744 s: redistribute 0.049 ntt 1.543 crt 0.005 out 0.076 carry 0.087
cache_trace node 0: piece (4, 3) of 5 x 6, 69173177 + 57644315 limbs at 449625653, slots 1: A - B HIT | 1.648 s: redistribute 0.059 ntt 1.484 crt 0.004 out 0.072 carry 0.053
cache_trace node 1: piece (4, 3) of 5 x 6, 69173177 + 57644315 limbs at 449625653, slots 1: A - B HIT | 1.648 s: redistribute 0.052 ntt 1.488 crt 0.005 out 0.069 carry 0.052
cache_trace node 0: piece (0, 4) of 5 x 6, 69173177 + 57644315 limbs at 230577260, slots 1: A - B cached | 2.445 s: redistribute 0.093 ntt 2.236 crt 0.002 out 0.082 carry 0.051
cache_trace node 1: piece (0, 4) of 5 x 6, 69173177 + 57644315 limbs at 230577260, slots 1: A - B cached | 2.445 s: redistribute 0.092 ntt 2.239 crt 0.003 out 0.073 carry 0.051
cache_trace node 0: piece (1, 4) of 5 x 6, 69173177 + 57644315 limbs at 299750437, slots 1: A - B HIT | 1.833 s: redistribute 0.062 ntt 1.614 crt 0.005 out 0.102 carry 0.063
cache_trace node 1: piece (1, 4) of 5 x 6, 69173177 + 57644315 limbs at 299750437, slots 1: A - B HIT | 1.833 s: redistribute 0.064 ntt 1.610 crt 0.005 out 0.102 carry 0.063
cache_trace node 0: piece (2, 4) of 5 x 6, 69173177 + 57644315 limbs at 368923614, slots 1: A - B HIT | 1.743 s: redistribute 0.056 ntt 1.521 crt 0.005 out 0.084 carry 0.105
cache_trace node 1: piece (2, 4) of 5 x 6, 69173177 + 57644315 limbs at 368923614, slots 1: A - B HIT | 1.743 s: redistribute 0.056 ntt 1.524 crt 0.005 out 0.084 carry 0.106
cache_trace node 0: piece (3, 4) of 5 x 6, 69173177 + 57644315 limbs at 438096791, slots 1: A - B HIT | 1.700 s: redistribute 0.056 ntt 1.530 crt 0.004 out 0.063 carry 0.061
cache_trace node 1: piece (3, 4) of 5 x 6, 69173177 + 57644315 limbs at 438096791, slots 1: A - B HIT | 1.700 s: redistribute 0.053 ntt 1.532 crt 0.004 out 0.080 carry 0.061
cache_trace node 0: piece (4, 4) of 5 x 6, 69173177 + 57644315 limbs at 507269968, slots 1: A - B HIT | 1.700 s: redistribute 0.053 ntt 1.493 crt 0.005 out 0.089 carry 0.073
cache_trace node 1: piece (4, 4) of 5 x 6, 69173177 + 57644315 limbs at 507269968, slots 1: A - B HIT | 1.700 s: redistribute 0.052 ntt 1.495 crt 0.005 out 0.079 carry 0.073
cache_trace node 0: piece (0, 5) of 5 x 6, 69173177 + 57644310 limbs at 288221575, slots 1: A - B cached | 2.540 s: redistribute 0.077 ntt 2.313 crt 0.005 out 0.101 carry 0.049
cache_trace node 1: piece (0, 5) of 5 x 6, 69173177 + 57644310 limbs at 288221575, slots 1: A - B cached | 2.540 s: redistribute 0.075 ntt 2.312 crt 0.005 out 0.104 carry 0.049
cache_trace node 0: piece (1, 5) of 5 x 6, 69173177 + 57644310 limbs at 357394752, slots 1: A - B HIT | 1.725 s: redistribute 0.069 ntt 1.513 crt 0.004 out 0.074 carry 0.092
cache_trace node 1: piece (1, 5) of 5 x 6, 69173177 + 57644310 limbs at 357394752, slots 1: A - B HIT | 1.725 s: redistribute 0.092 ntt 1.512 crt 0.005 out 0.071 carry 0.091
cache_trace node 0: piece (2, 5) of 5 x 6, 69173177 + 57644310 limbs at 426567929, slots 1: A - B HIT | 1.696 s: redistribute 0.075 ntt 1.508 crt 0.004 out 0.065 carry 0.059
cache_trace node 1: piece (2, 5) of 5 x 6, 69173177 + 57644310 limbs at 426567929, slots 1: A - B HIT | 1.696 s: redistribute 0.071 ntt 1.507 crt 0.003 out 0.071 carry 0.059
cache_trace node 0: piece (3, 5) of 5 x 6, 69173177 + 57644310 limbs at 495741106, slots 1: A - B HIT | 1.741 s: redistribute 0.054 ntt 1.542 crt 0.005 out 0.083 carry 0.069
cache_trace node 1: piece (3, 5) of 5 x 6, 69173177 + 57644310 limbs at 495741106, slots 1: A - B HIT | 1.741 s: redistribute 0.051 ntt 1.544 crt 0.005 out 0.083 carry 0.069
cache_trace node 0: piece (4, 5) of 5 x 6, 69173177 + 57644310 limbs at 564914283, slots 1: A - B HIT | 1.696 s: redistribute 0.050 ntt 1.516 crt 0.005 out 0.086 carry 0.074
dist_mn node 0: 345865885 x 345865885 limbs over 2 x 4 ranks (cap 2^27): 5 x 6 pieces, 20 formed, 10 skipped (low cut) (cache 1 slots: 14 hits, 6 misses)
cache_trace node 1: piece (4, 5) of 5 x 6, 69173177 + 57644310 limbs at 564914283, slots 1: A - B HIT | 1.696 s: redistribute 0.048 ntt 1.515 crt 0.005 out 0.083 carry 0.073
dist_mn node 1: 345865885 x 345865885 limbs over 2 x 4 ranks (cap 2^27): 5 x 6 pieces, 20 formed, 10 skipped (low cut) (cache 1 slots: 14 hits, 6 misses)
cx_grid node 0: rep 2 shape 5x6_lowcut (345865885 x 345865885, cut 345865885 / -1) slots 1: 39.357 s, cache 14 hits 6 misses, C sha256 261239e9c0ffe052 same
cx_grid node 1: rep 2 shape 5x6_lowcut (345865885 x 345865885, cut 345865885 / -1) slots 1: 39.357 s, cache 14 hits 6 misses, C sha256 5b432973f937164e same
cache_trace node 0: piece (4, 0) of 5 x 6, 69173177 + 57644315 limbs at 276692708, slots 2: A - B cached | 2.535 s: redistribute 0.092 ntt 2.291 crt 0.005 out 0.115 carry 0.057
cache_trace node 1: piece (4, 0) of 5 x 6, 69173177 + 57644315 limbs at 276692708, slots 2: A - B cached | 2.535 s: redistribute 0.093 ntt 2.287 crt 0.005 out 0.114 carry 0.057
cache_trace node 0: piece (3, 1) of 5 x 6, 69173177 + 57644315 limbs at 265163846, slots 2: A - B cached | 2.471 s: redistribute 0.085 ntt 2.236 crt 0.002 out 0.102 carry 0.057
cache_trace node 1: piece (3, 1) of 5 x 6, 69173177 + 57644315 limbs at 265163846, slots 2: A - B cached | 2.471 s: redistribute 0.095 ntt 2.250 crt 0.002 out 0.107 carry 0.057
cache_trace node 0: piece (4, 1) of 5 x 6, 69173177 + 57644315 limbs at 334337023, slots 2: A - B HIT | 1.697 s: redistribute 0.057 ntt 1.504 crt 0.005 out 0.072 carry 0.066
cache_trace node 1: piece (4, 1) of 5 x 6, 69173177 + 57644315 limbs at 334337023, slots 2: A - B HIT | 1.697 s: redistribute 0.056 ntt 1.502 crt 0.005 out 0.086 carry 0.066
cache_trace node 0: piece (2, 2) of 5 x 6, 69173177 + 57644315 limbs at 253634984, slots 2: A - B cached | 2.437 s: redistribute 0.111 ntt 2.192 crt 0.005 out 0.099 carry 0.051
cache_trace node 1: piece (2, 2) of 5 x 6, 69173177 + 57644315 limbs at 253634984, slots 2: A - B cached | 2.437 s: redistribute 0.112 ntt 2.191 crt 0.005 out 0.103 carry 0.051
cache_trace node 0: piece (3, 2) of 5 x 6, 69173177 + 57644315 limbs at 322808161, slots 2: A - B HIT | 1.847 s: redistribute 0.070 ntt 1.644 crt 0.005 out 0.079 carry 0.068
cache_trace node 1: piece (3, 2) of 5 x 6, 69173177 + 57644315 limbs at 322808161, slots 2: A - B HIT | 1.847 s: redistribute 0.065 ntt 1.639 crt 0.005 out 0.093 carry 0.067
cache_trace node 0: piece (4, 2) of 5 x 6, 69173177 + 57644315 limbs at 391981338, slots 2: A - B HIT | 1.658 s: redistribute 0.070 ntt 1.448 crt 0.005 out 0.083 carry 0.077
cache_trace node 1: piece (4, 2) of 5 x 6, 69173177 + 57644315 limbs at 391981338, slots 2: A - B HIT | 1.658 s: redistribute 0.068 ntt 1.459 crt 0.005 out 0.083 carry 0.077
cache_trace node 0: piece (1, 3) of 5 x 6, 69173177 + 57644315 limbs at 242106122, slots 2: A - B cached | 2.617 s: redistribute 0.088 ntt 2.396 crt 0.005 out 0.084 carry 0.059
cache_trace node 1: piece (1, 3) of 5 x 6, 69173177 + 57644315 limbs at 242106122, slots 2: A - B cached | 2.617 s: redistribute 0.087 ntt 2.398 crt 0.005 out 0.081 carry 0.059
cache_trace node 0: piece (2, 3) of 5 x 6, 69173177 + 57644315 limbs at 311279299, slots 2: A - B HIT | 1.868 s: redistribute 0.085 ntt 1.683 crt 0.003 out 0.141 carry 0.061
cache_trace node 1: piece (2, 3) of 5 x 6, 69173177 + 57644315 limbs at 311279299, slots 2: A - B HIT | 1.868 s: redistribute 0.085 ntt 1.654 crt 0.004 out 0.130 carry 0.060
cache_trace node 0: piece (3, 3) of 5 x 6, 69173177 + 57644315 limbs at 380452476, slots 2: A - B HIT | 1.771 s: redistribute 0.079 ntt 1.570 crt 0.005 out 0.077 carry 0.076
cache_trace node 1: piece (3, 3) of 5 x 6, 69173177 + 57644315 limbs at 380452476, slots 2: A - B HIT | 1.771 s: redistribute 0.073 ntt 1.572 crt 0.005 out 0.088 carry 0.076
cache_trace node 0: piece (4, 3) of 5 x 6, 69173177 + 57644315 limbs at 449625653, slots 2: A - B HIT | 1.672 s: redistribute 0.056 ntt 1.499 crt 0.003 out 0.070 carry 0.052
cache_trace node 1: piece (4, 3) of 5 x 6, 69173177 + 57644315 limbs at 449625653, slots 2: A - B HIT | 1.672 s: redistribute 0.054 ntt 1.494 crt 0.002 out 0.081 carry 0.052
cache_trace node 0: piece (0, 4) of 5 x 6, 69173177 + 57644315 limbs at 230577260, slots 2: A cached B cached | 2.545 s: redistribute 0.082 ntt 2.331 crt 0.005 out 0.089 carry 0.051
cache_trace node 1: piece (0, 4) of 5 x 6, 69173177 + 57644315 limbs at 230577260, slots 2: A cached B cached | 2.545 s: redistribute 0.081 ntt 2.333 crt 0.005 out 0.079 carry 0.051
cache_trace node 0: piece (1, 4) of 5 x 6, 69173177 + 57644315 limbs at 299750437, slots 2: A - B HIT | 1.792 s: redistribute 0.058 ntt 1.543 crt 0.003 out 0.118 carry 0.071
cache_trace node 1: piece (1, 4) of 5 x 6, 69173177 + 57644315 limbs at 299750437, slots 2: A - B HIT | 1.791 s: redistribute 0.059 ntt 1.545 crt 0.002 out 0.114 carry 0.071
cache_trace node 0: piece (2, 4) of 5 x 6, 69173177 + 57644315 limbs at 368923614, slots 2: A - B HIT | 1.721 s: redistribute 0.070 ntt 1.522 crt 0.005 out 0.072 carry 0.089
cache_trace node 1: piece (2, 4) of 5 x 6, 69173177 + 57644315 limbs at 368923614, slots 2: A - B HIT | 1.721 s: redistribute 0.069 ntt 1.505 crt 0.005 out 0.073 carry 0.089
cache_trace node 0: piece (3, 4) of 5 x 6, 69173177 + 57644315 limbs at 438096791, slots 2: A - B HIT | 1.724 s: redistribute 0.047 ntt 1.553 crt 0.005 out 0.085 carry 0.062
cache_trace node 1: piece (3, 4) of 5 x 6, 69173177 + 57644315 limbs at 438096791, slots 2: A - B HIT | 1.724 s: redistribute 0.046 ntt 1.554 crt 0.005 out 0.072 carry 0.061
cache_trace node 0: piece (4, 4) of 5 x 6, 69173177 + 57644315 limbs at 507269968, slots 2: A - B HIT | 1.694 s: redistribute 0.062 ntt 1.505 crt 0.005 out 0.081 carry 0.074
cache_trace node 1: piece (4, 4) of 5 x 6, 69173177 + 57644315 limbs at 507269968, slots 2: A - B HIT | 1.694 s: redistribute 0.061 ntt 1.507 crt 0.005 out 0.078 carry 0.074
cache_trace node 0: piece (0, 5) of 5 x 6, 69173177 + 57644310 limbs at 288221575, slots 2: A HIT B cached | 1.767 s: redistribute 0.050 ntt 1.566 crt 0.005 out 0.111 carry 0.056
cache_trace node 1: piece (0, 5) of 5 x 6, 69173177 + 57644310 limbs at 288221575, slots 2: A HIT B cached | 1.767 s: redistribute 0.049 ntt 1.569 crt 0.005 out 0.123 carry 0.056
cache_trace node 0: piece (1, 5) of 5 x 6, 69173177 + 57644310 limbs at 357394752, slots 2: A - B HIT | 1.741 s: redistribute 0.048 ntt 1.529 crt 0.005 out 0.067 carry 0.092
cache_trace node 1: piece (1, 5) of 5 x 6, 69173177 + 57644310 limbs at 357394752, slots 2: A - B HIT | 1.741 s: redistribute 0.054 ntt 1.527 crt 0.004 out 0.073 carry 0.092
cache_trace node 0: piece (2, 5) of 5 x 6, 69173177 + 57644310 limbs at 426567929, slots 2: A - B HIT | 1.735 s: redistribute 0.082 ntt 1.531 crt 0.005 out 0.073 carry 0.062
cache_trace node 1: piece (2, 5) of 5 x 6, 69173177 + 57644310 limbs at 426567929, slots 2: A - B HIT | 1.735 s: redistribute 0.081 ntt 1.527 crt 0.005 out 0.081 carry 0.062
cache_trace node 0: piece (3, 5) of 5 x 6, 69173177 + 57644310 limbs at 495741106, slots 2: A - B HIT | 1.677 s: redistribute 0.051 ntt 1.493 crt 0.004 out 0.080 carry 0.069
cache_trace node 1: piece (3, 5) of 5 x 6, 69173177 + 57644310 limbs at 495741106, slots 2: A - B HIT | 1.677 s: redistribute 0.049 ntt 1.497 crt 0.003 out 0.069 carry 0.069
cache_trace node 0: piece (4, 5) of 5 x 6, 69173177 + 57644310 limbs at 564914283, slots 2: A - B HIT | 1.717 s: redistribute 0.051 ntt 1.525 crt 0.005 out 0.086 carry 0.073
dist_mn node 0: 345865885 x 345865885 limbs over 2 x 4 ranks (cap 2^27): 5 x 6 pieces, 20 formed, 10 skipped (low cut) (cache 2 slots: 15 hits, 7 misses)
cache_trace node 1: piece (4, 5) of 5 x 6, 69173177 + 57644310 limbs at 564914283, slots 2: A - B HIT | 1.717 s: redistribute 0.047 ntt 1.529 crt 0.005 out 0.076 carry 0.073
dist_mn node 1: 345865885 x 345865885 limbs over 2 x 4 ranks (cap 2^27): 5 x 6 pieces, 20 formed, 10 skipped (low cut) (cache 2 slots: 15 hits, 7 misses)
cx_grid node 0: rep 2 shape 5x6_lowcut (345865885 x 345865885, cut 345865885 / -1) slots 2: 38.701 s, cache 15 hits 7 misses, C sha256 261239e9c0ffe052 same
cx_grid node 1: rep 2 shape 5x6_lowcut (345865885 x 345865885, cut 345865885 / -1) slots 2: 38.701 s, cache 15 hits 7 misses, C sha256 5b432973f937164e same
cache_trace node 0: piece (0, 0) of 5 x 6, 69173177 + 57644315 limbs at 0, slots 0: A - B - | 2.385 s: redistribute 0.096 ntt 2.252 crt 0.005 out 0.072 carry 0.002
cache_trace node 1: piece (0, 0) of 5 x 6, 69173177 + 57644315 limbs at 0, slots 0: A - B - | 2.385 s: redistribute 0.098 ntt 2.243 crt 0.005 out 0.080 carry 0.002
cache_trace node 0: piece (1, 0) of 5 x 6, 69173177 + 57644315 limbs at 69173177, slots 0: A - B - | 2.486 s: redistribute 0.089 ntt 2.266 crt 0.005 out 0.102 carry 0.050
cache_trace node 1: piece (1, 0) of 5 x 6, 69173177 + 57644315 limbs at 69173177, slots 0: A - B - | 2.486 s: redistribute 0.091 ntt 2.264 crt 0.005 out 0.086 carry 0.051
cache_trace node 0: piece (2, 0) of 5 x 6, 69173177 + 57644315 limbs at 138346354, slots 0: A - B - | 2.519 s: redistribute 0.123 ntt 2.271 crt 0.005 out 0.093 carry 0.050
cache_trace node 1: piece (2, 0) of 5 x 6, 69173177 + 57644315 limbs at 138346354, slots 0: A - B - | 2.519 s: redistribute 0.124 ntt 2.255 crt 0.005 out 0.095 carry 0.050
cache_trace node 0: piece (3, 0) of 5 x 6, 69173177 + 57644315 limbs at 207519531, slots 0: A - B - | 2.547 s: redistribute 0.143 ntt 2.335 crt 0.005 out 0.077 carry 0.045
cache_trace node 1: piece (3, 0) of 5 x 6, 69173177 + 57644315 limbs at 207519531, slots 0: A - B - | 2.547 s: redistribute 0.144 ntt 2.344 crt 0.005 out 0.077 carry 0.044
cache_trace node 0: piece (4, 0) of 5 x 6, 69173177 + 57644315 limbs at 276692708, slots 0: A - B - | 2.480 s: redistribute 0.095 ntt 2.294 crt 0.004 out 0.049 carry 0.040
cache_trace node 1: piece (4, 0) of 5 x 6, 69173177 + 57644315 limbs at 276692708, slots 0: A - B - | 2.480 s: redistribute 0.096 ntt 2.292 crt 0.004 out 0.067 carry 0.040
cache_trace node 0: piece (0, 1) of 5 x 6, 69173177 + 57644315 limbs at 57644315, slots 0: A - B - | 2.556 s: redistribute 0.104 ntt 2.341 crt 0.005 out 0.084 carry 0.051
cache_trace node 1: piece (0, 1) of 5 x 6, 69173177 + 57644315 limbs at 57644315, slots 0: A - B - | 2.556 s: redistribute 0.118 ntt 2.332 crt 0.005 out 0.084 carry 0.051
cache_trace node 0: piece (1, 1) of 5 x 6, 69173177 + 57644315 limbs at 126817492, slots 0: A - B - | 2.497 s: redistribute 0.093 ntt 2.257 crt 0.003 out 0.105 carry 0.066
cache_trace node 1: piece (1, 1) of 5 x 6, 69173177 + 57644315 limbs at 126817492, slots 0: A - B - | 2.497 s: redistribute 0.094 ntt 2.245 crt 0.002 out 0.109 carry 0.066
cache_trace node 0: piece (2, 1) of 5 x 6, 69173177 + 57644315 limbs at 195990669, slots 0: A - B - | 2.462 s: redistribute 0.118 ntt 2.262 crt 0.005 out 0.082 carry 0.021
cache_trace node 1: piece (2, 1) of 5 x 6, 69173177 + 57644315 limbs at 195990669, slots 0: A - B - | 2.462 s: redistribute 0.118 ntt 2.264 crt 0.005 out 0.090 carry 0.021
cache_trace node 0: piece (3, 1) of 5 x 6, 69173177 + 57644315 limbs at 265163846, slots 0: A - B - | 2.484 s: redistribute 0.089 ntt 2.295 crt 0.005 out 0.050 carry 0.058
cache_trace node 1: piece (3, 1) of 5 x 6, 69173177 + 57644315 limbs at 265163846, slots 0: A - B - | 2.484 s: redistribute 0.090 ntt 2.294 crt 0.005 out 0.051 carry 0.058
cache_trace node 0: piece (4, 1) of 5 x 6, 69173177 + 57644315 limbs at 334337023, slots 0: A - B - | 2.372 s: redistribute 0.081 ntt 2.269 crt 0.002 out 0.022 carry 0.011
cache_trace node 1: piece (4, 1) of 5 x 6, 69173177 + 57644315 limbs at 334337023, slots 0: A - B - | 2.372 s: redistribute 0.082 ntt 2.265 crt 0.002 out 0.024 carry 0.011
cache_trace node 0: piece (0, 2) of 5 x 6, 69173177 + 57644315 limbs at 115288630, slots 0: A - B - | 2.548 s: redistribute 0.087 ntt 2.285 crt 0.002 out 0.114 carry 0.060
cache_trace node 1: piece (0, 2) of 5 x 6, 69173177 + 57644315 limbs at 115288630, slots 0: A - B - | 2.548 s: redistribute 0.088 ntt 2.286 crt 0.002 out 0.114 carry 0.060
cache_trace node 0: piece (1, 2) of 5 x 6, 69173177 + 57644315 limbs at 184461807, slots 0: A - B - | 2.442 s: redistribute 0.109 ntt 2.263 crt 0.005 out 0.069 carry 0.043
cache_trace node 1: piece (1, 2) of 5 x 6, 69173177 + 57644315 limbs at 184461807, slots 0: A - B - | 2.442 s: redistribute 0.109 ntt 2.259 crt 0.005 out 0.073 carry 0.043
cache_trace node 0: piece (2, 2) of 5 x 6, 69173177 + 57644315 limbs at 253634984, slots 0: A - B - | 2.581 s: redistribute 0.145 ntt 2.345 crt 0.005 out 0.060 carry 0.068
cache_trace node 1: piece (2, 2) of 5 x 6, 69173177 + 57644315 limbs at 253634984, slots 0: A - B - | 2.581 s: redistribute 0.145 ntt 2.339 crt 0.004 out 0.066 carry 0.067
cache_trace node 0: piece (3, 2) of 5 x 6, 69173177 + 57644315 limbs at 322808161, slots 0: A - B - | 2.418 s: redistribute 0.094 ntt 2.289 crt 0.002 out 0.039 carry 0.021
cache_trace node 1: piece (3, 2) of 5 x 6, 69173177 + 57644315 limbs at 322808161, slots 0: A - B - | 2.418 s: redistribute 0.095 ntt 2.286 crt 0.002 out 0.031 carry 0.021
cache_trace node 0: piece (0, 3) of 5 x 6, 69173177 + 57644315 limbs at 172932945, slots 0: A - B - | 2.557 s: redistribute 0.090 ntt 2.341 crt 0.005 out 0.081 carry 0.067
cache_trace node 1: piece (0, 3) of 5 x 6, 69173177 + 57644315 limbs at 172932945, slots 0: A - B - | 2.558 s: redistribute 0.087 ntt 2.354 crt 0.005 out 0.074 carry 0.066
cache_trace node 0: piece (1, 3) of 5 x 6, 69173177 + 57644315 limbs at 242106122, slots 0: A - B - | 2.647 s: redistribute 0.108 ntt 2.408 crt 0.003 out 0.095 carry 0.056
cache_trace node 1: piece (1, 3) of 5 x 6, 69173177 + 57644315 limbs at 242106122, slots 0: A - B - | 2.647 s: redistribute 0.105 ntt 2.436 crt 0.002 out 0.069 carry 0.055
cache_trace node 0: piece (2, 3) of 5 x 6, 69173177 + 57644315 limbs at 311279299, slots 0: A - B - | 2.525 s: redistribute 0.118 ntt 2.339 crt 0.005 out 0.051 carry 0.029
cache_trace node 1: piece (2, 3) of 5 x 6, 69173177 + 57644315 limbs at 311279299, slots 0: A - B - | 2.525 s: redistribute 0.109 ntt 2.340 crt 0.005 out 0.054 carry 0.029
cache_trace node 0: piece (0, 4) of 5 x 6, 69173177 + 57644315 limbs at 230577260, slots 0: A - B - | 2.729 s: redistribute 0.102 ntt 2.497 crt 0.004 out 0.085 carry 0.068
cache_trace node 1: piece (0, 4) of 5 x 6, 69173177 + 57644315 limbs at 230577260, slots 0: A - B - | 2.729 s: redistribute 0.096 ntt 2.495 crt 0.004 out 0.081 carry 0.068
cache_trace node 0: piece (1, 4) of 5 x 6, 69173177 + 57644315 limbs at 299750437, slots 0: A - B - | 2.676 s: redistribute 0.100 ntt 2.504 crt 0.005 out 0.039 carry 0.036
cache_trace node 1: piece (1, 4) of 5 x 6, 69173177 + 57644315 limbs at 299750437, slots 0: A - B - | 2.676 s: redistribute 0.098 ntt 2.503 crt 0.005 out 0.055 carry 0.036
cache_trace node 0: piece (0, 5) of 5 x 6, 69173177 + 57644310 limbs at 288221575, slots 0: A - B - | 3.061 s: redistribute 0.109 ntt 2.860 crt 0.005 out 0.049 carry 0.038
dist_mn node 0: 345865885 x 345865885 limbs over 2 x 4 ranks (cap 2^27): 5 x 6 pieces, 20 formed, 10 skipped (low product) (cache 0 slots: 0 hits, 0 misses)
cache_trace node 1: piece (0, 5) of 5 x 6, 69173177 + 57644310 limbs at 288221575, slots 0: A - B - | 3.061 s: redistribute 0.107 ntt 2.861 crt 0.005 out 0.049 carry 0.038
dist_mn node 1: 345865885 x 345865885 limbs over 2 x 4 ranks (cap 2^27): 5 x 6 pieces, 20 formed, 10 skipped (low product) (cache 0 slots: 0 hits, 0 misses)
cx_grid node 1: rep 2 shape 5x6_highcut (345865885 x 345865885, cut 0 / 345865885) slots 0: 50.987 s, cache 0 hits 0 misses, C sha256 4686d3b4151e0c2f same
cx_grid node 0: rep 2 shape 5x6_highcut (345865885 x 345865885, cut 0 / 345865885) slots 0: 50.987 s, cache 0 hits 0 misses, C sha256 a4fafb30f8f4e090 same
cache_trace node 0: piece (0, 0) of 5 x 6, 69173177 + 57644315 limbs at 0, slots 1: A - B cached | 2.999 s: redistribute 0.093 ntt 2.841 crt 0.005 out 0.070 carry 0.002
cache_trace node 1: piece (0, 0) of 5 x 6, 69173177 + 57644315 limbs at 0, slots 1: A - B cached | 2.999 s: redistribute 0.095 ntt 2.840 crt 0.005 out 0.069 carry 0.003
cache_trace node 0: piece (1, 0) of 5 x 6, 69173177 + 57644315 limbs at 69173177, slots 1: A - B HIT | 1.822 s: redistribute 0.058 ntt 1.642 crt 0.004 out 0.094 carry 0.050
cache_trace node 1: piece (1, 0) of 5 x 6, 69173177 + 57644315 limbs at 69173177, slots 1: A - B HIT | 1.822 s: redistribute 0.060 ntt 1.640 crt 0.004 out 0.097 carry 0.050
cache_trace node 0: piece (2, 0) of 5 x 6, 69173177 + 57644315 limbs at 138346354, slots 1: A - B HIT | 1.811 s: redistribute 0.096 ntt 1.569 crt 0.005 out 0.106 carry 0.054
cache_trace node 1: piece (2, 0) of 5 x 6, 69173177 + 57644315 limbs at 138346354, slots 1: A - B HIT | 1.811 s: redistribute 0.099 ntt 1.566 crt 0.005 out 0.104 carry 0.054
cache_trace node 0: piece (3, 0) of 5 x 6, 69173177 + 57644315 limbs at 207519531, slots 1: A - B HIT | 1.772 s: redistribute 0.068 ntt 1.596 crt 0.005 out 0.091 carry 0.044
cache_trace node 1: piece (3, 0) of 5 x 6, 69173177 + 57644315 limbs at 207519531, slots 1: A - B HIT | 1.772 s: redistribute 0.054 ntt 1.607 crt 0.005 out 0.098 carry 0.044
cache_trace node 0: piece (4, 0) of 5 x 6, 69173177 + 57644315 limbs at 276692708, slots 1: A - B HIT | 1.878 s: redistribute 0.057 ntt 1.579 crt 0.005 out 0.201 carry 0.039
cache_trace node 1: piece (4, 0) of 5 x 6, 69173177 + 57644315 limbs at 276692708, slots 1: A - B HIT | 1.878 s: redistribute 0.055 ntt 1.742 crt 0.005 out 0.051 carry 0.039
cache_trace node 0: piece (0, 1) of 5 x 6, 69173177 + 57644315 limbs at 57644315, slots 1: A - B cached | 2.866 s: redistribute 0.101 ntt 2.634 crt 0.002 out 0.092 carry 0.049
cache_trace node 1: piece (0, 1) of 5 x 6, 69173177 + 57644315 limbs at 57644315, slots 1: A - B cached | 2.866 s: redistribute 0.107 ntt 2.635 crt 0.003 out 0.090 carry 0.049
cache_trace node 0: piece (1, 1) of 5 x 6, 69173177 + 57644315 limbs at 126817492, slots 1: A - B HIT | 2.306 s: redistribute 0.062 ntt 2.082 crt 0.005 out 0.102 carry 0.055
cache_trace node 1: piece (1, 1) of 5 x 6, 69173177 + 57644315 limbs at 126817492, slots 1: A - B HIT | 2.306 s: redistribute 0.064 ntt 2.080 crt 0.005 out 0.102 carry 0.055
cache_trace node 0: piece (2, 1) of 5 x 6, 69173177 + 57644315 limbs at 195990669, slots 1: A - B HIT | 1.677 s: redistribute 0.108 ntt 1.522 crt 0.005 out 0.077 carry 0.022
cache_trace node 1: piece (2, 1) of 5 x 6, 69173177 + 57644315 limbs at 195990669, slots 1: A - B HIT | 1.677 s: redistribute 0.107 ntt 1.528 crt 0.005 out 0.084 carry 0.021
cache_trace node 0: piece (3, 1) of 5 x 6, 69173177 + 57644315 limbs at 265163846, slots 1: A - B HIT | 1.702 s: redistribute 0.060 ntt 1.556 crt 0.005 out 0.054 carry 0.056
cache_trace node 1: piece (3, 1) of 5 x 6, 69173177 + 57644315 limbs at 265163846, slots 1: A - B HIT | 1.702 s: redistribute 0.058 ntt 1.558 crt 0.005 out 0.061 carry 0.056
cache_trace node 0: piece (4, 1) of 5 x 6, 69173177 + 57644315 limbs at 334337023, slots 1: A - B HIT | 1.565 s: redistribute 0.046 ntt 1.491 crt 0.005 out 0.028 carry 0.011
cache_trace node 1: piece (4, 1) of 5 x 6, 69173177 + 57644315 limbs at 334337023, slots 1: A - B HIT | 1.565 s: redistribute 0.043 ntt 1.494 crt 0.005 out 0.028 carry 0.010
cache_trace node 0: piece (0, 2) of 5 x 6, 69173177 + 57644315 limbs at 115288630, slots 1: A - B cached | 2.460 s: redistribute 0.090 ntt 2.228 crt 0.002 out 0.090 carry 0.057
cache_trace node 1: piece (0, 2) of 5 x 6, 69173177 + 57644315 limbs at 115288630, slots 1: A - B cached | 2.460 s: redistribute 0.095 ntt 2.224 crt 0.002 out 0.085 carry 0.057
cache_trace node 0: piece (1, 2) of 5 x 6, 69173177 + 57644315 limbs at 184461807, slots 1: A - B HIT | 1.628 s: redistribute 0.050 ntt 1.463 crt 0.004 out 0.088 carry 0.043
cache_trace node 1: piece (1, 2) of 5 x 6, 69173177 + 57644315 limbs at 184461807, slots 1: A - B HIT | 1.628 s: redistribute 0.069 ntt 1.461 crt 0.004 out 0.075 carry 0.043
cache_trace node 0: piece (2, 2) of 5 x 6, 69173177 + 57644315 limbs at 253634984, slots 1: A - B HIT | 1.664 s: redistribute 0.072 ntt 1.477 crt 0.004 out 0.060 carry 0.068
cache_trace node 1: piece (2, 2) of 5 x 6, 69173177 + 57644315 limbs at 253634984, slots 1: A - B HIT | 1.664 s: redistribute 0.070 ntt 1.480 crt 0.004 out 0.070 carry 0.067
cache_trace node 0: piece (3, 2) of 5 x 6, 69173177 + 57644315 limbs at 322808161, slots 1: A - B HIT | 1.599 s: redistribute 0.056 ntt 1.519 crt 0.004 out 0.029 carry 0.021
cache_trace node 1: piece (3, 2) of 5 x 6, 69173177 + 57644315 limbs at 322808161, slots 1: A - B HIT | 1.599 s: redistribute 0.054 ntt 1.523 crt 0.004 out 0.031 carry 0.020
cache_trace node 0: piece (0, 3) of 5 x 6, 69173177 + 57644315 limbs at 172932945, slots 1: A - B cached | 2.683 s: redistribute 0.099 ntt 2.460 crt 0.003 out 0.077 carry 0.065
cache_trace node 1: piece (0, 3) of 5 x 6, 69173177 + 57644315 limbs at 172932945, slots 1: A - B cached | 2.683 s: redistribute 0.096 ntt 2.468 crt 0.004 out 0.080 carry 0.064
cache_trace node 0: piece (1, 3) of 5 x 6, 69173177 + 57644315 limbs at 242106122, slots 1: A - B HIT | 2.072 s: redistribute 0.057 ntt 1.912 crt 0.005 out 0.097 carry 0.056
cache_trace node 1: piece (1, 3) of 5 x 6, 69173177 + 57644315 limbs at 242106122, slots 1: A - B HIT | 2.072 s: redistribute 0.057 ntt 1.893 crt 0.005 out 0.099 carry 0.055
cache_trace node 0: piece (2, 3) of 5 x 6, 69173177 + 57644315 limbs at 311279299, slots 1: A - B HIT | 1.655 s: redistribute 0.080 ntt 1.532 crt 0.004 out 0.054 carry 0.029
cache_trace node 1: piece (2, 3) of 5 x 6, 69173177 + 57644315 limbs at 311279299, slots 1: A - B HIT | 1.655 s: redistribute 0.079 ntt 1.529 crt 0.003 out 0.046 carry 0.029
cache_trace node 0: piece (0, 4) of 5 x 6, 69173177 + 57644315 limbs at 230577260, slots 1: A - B cached | 2.657 s: redistribute 0.094 ntt 2.437 crt 0.002 out 0.082 carry 0.068
cache_trace node 1: piece (0, 4) of 5 x 6, 69173177 + 57644315 limbs at 230577260, slots 1: A - B cached | 2.657 s: redistribute 0.090 ntt 2.444 crt 0.002 out 0.071 carry 0.068
cache_trace node 0: piece (1, 4) of 5 x 6, 69173177 + 57644315 limbs at 299750437, slots 1: A - B HIT | 1.960 s: redistribute 0.044 ntt 1.825 crt 0.005 out 0.060 carry 0.036
cache_trace node 1: piece (1, 4) of 5 x 6, 69173177 + 57644315 limbs at 299750437, slots 1: A - B HIT | 1.960 s: redistribute 0.044 ntt 1.838 crt 0.005 out 0.045 carry 0.036
cache_trace node 0: piece (0, 5) of 5 x 6, 69173177 + 57644310 limbs at 288221575, slots 1: A - B cached | 2.967 s: redistribute 0.092 ntt 2.808 crt 0.002 out 0.064 carry 0.038
dist_mn node 0: 345865885 x 345865885 limbs over 2 x 4 ranks (cap 2^27): 5 x 6 pieces, 20 formed, 10 skipped (low product) (cache 1 slots: 14 hits, 6 misses)
cache_trace node 1: piece (0, 5) of 5 x 6, 69173177 + 57644310 limbs at 288221575, slots 1: A - B cached | 2.967 s: redistribute 0.090 ntt 2.801 crt 0.002 out 0.054 carry 0.038
dist_mn node 1: 345865885 x 345865885 limbs over 2 x 4 ranks (cap 2^27): 5 x 6 pieces, 20 formed, 10 skipped (low product) (cache 1 slots: 14 hits, 6 misses)
cx_grid node 1: rep 2 shape 5x6_highcut (345865885 x 345865885, cut 0 / 345865885) slots 1: 41.756 s, cache 14 hits 6 misses, C sha256 4686d3b4151e0c2f same
cx_grid node 0: rep 2 shape 5x6_highcut (345865885 x 345865885, cut 0 / 345865885) slots 1: 41.756 s, cache 14 hits 6 misses, C sha256 a4fafb30f8f4e090 same
cache_trace node 0: piece (0, 0) of 5 x 6, 69173177 + 57644315 limbs at 0, slots 2: A cached B cached | 2.606 s: redistribute 0.096 ntt 2.444 crt 0.004 out 0.075 carry 0.002
cache_trace node 1: piece (0, 0) of 5 x 6, 69173177 + 57644315 limbs at 0, slots 2: A cached B cached | 2.606 s: redistribute 0.097 ntt 2.450 crt 0.005 out 0.064 carry 0.003
cache_trace node 0: piece (1, 0) of 5 x 6, 69173177 + 57644315 limbs at 69173177, slots 2: A - B HIT | 1.912 s: redistribute 0.053 ntt 1.746 crt 0.003 out 0.085 carry 0.056
cache_trace node 1: piece (1, 0) of 5 x 6, 69173177 + 57644315 limbs at 69173177, slots 2: A - B HIT | 1.912 s: redistribute 0.055 ntt 1.744 crt 0.004 out 0.089 carry 0.056
cache_trace node 0: piece (2, 0) of 5 x 6, 69173177 + 57644315 limbs at 138346354, slots 2: A - B HIT | 2.196 s: redistribute 0.246 ntt 1.906 crt 0.003 out 0.125 carry 0.054
cache_trace node 1: piece (2, 0) of 5 x 6, 69173177 + 57644315 limbs at 138346354, slots 2: A - B HIT | 2.196 s: redistribute 0.255 ntt 1.921 crt 0.002 out 0.113 carry 0.054
cache_trace node 0: piece (3, 0) of 5 x 6, 69173177 + 57644315 limbs at 207519531, slots 2: A - B HIT | 1.825 s: redistribute 0.084 ntt 1.644 crt 0.002 out 0.077 carry 0.045
cache_trace node 1: piece (3, 0) of 5 x 6, 69173177 + 57644315 limbs at 207519531, slots 2: A - B HIT | 1.825 s: redistribute 0.079 ntt 1.645 crt 0.003 out 0.076 carry 0.044
cache_trace node 0: piece (4, 0) of 5 x 6, 69173177 + 57644315 limbs at 276692708, slots 2: A - B HIT | 1.631 s: redistribute 0.053 ntt 1.484 crt 0.002 out 0.066 carry 0.040
cache_trace node 1: piece (4, 0) of 5 x 6, 69173177 + 57644315 limbs at 276692708, slots 2: A - B HIT | 1.631 s: redistribute 0.051 ntt 1.487 crt 0.002 out 0.078 carry 0.040
cache_trace node 0: piece (0, 1) of 5 x 6, 69173177 + 57644315 limbs at 57644315, slots 2: A HIT B cached | 1.672 s: redistribute 0.047 ntt 1.501 crt 0.005 out 0.082 carry 0.048
cache_trace node 1: piece (0, 1) of 5 x 6, 69173177 + 57644315 limbs at 57644315, slots 2: A HIT B cached | 1.672 s: redistribute 0.054 ntt 1.500 crt 0.005 out 0.084 carry 0.048
cache_trace node 0: piece (1, 1) of 5 x 6, 69173177 + 57644315 limbs at 126817492, slots 2: A - B HIT | 1.707 s: redistribute 0.060 ntt 1.483 crt 0.002 out 0.103 carry 0.063
cache_trace node 1: piece (1, 1) of 5 x 6, 69173177 + 57644315 limbs at 126817492, slots 2: A - B HIT | 1.707 s: redistribute 0.062 ntt 1.493 crt 0.002 out 0.098 carry 0.063
cache_trace node 0: piece (2, 1) of 5 x 6, 69173177 + 57644315 limbs at 195990669, slots 2: A - B HIT | 1.706 s: redistribute 0.077 ntt 1.557 crt 0.004 out 0.066 carry 0.021
cache_trace node 1: piece (2, 1) of 5 x 6, 69173177 + 57644315 limbs at 195990669, slots 2: A - B HIT | 1.706 s: redistribute 0.076 ntt 1.551 crt 0.005 out 0.073 carry 0.021
cache_trace node 0: piece (3, 1) of 5 x 6, 69173177 + 57644315 limbs at 265163846, slots 2: A - B HIT | 1.654 s: redistribute 0.054 ntt 1.491 crt 0.005 out 0.059 carry 0.056
cache_trace node 1: piece (3, 1) of 5 x 6, 69173177 + 57644315 limbs at 265163846, slots 2: A - B HIT | 1.654 s: redistribute 0.052 ntt 1.492 crt 0.005 out 0.056 carry 0.056
cache_trace node 0: piece (4, 1) of 5 x 6, 69173177 + 57644315 limbs at 334337023, slots 2: A - B HIT | 1.581 s: redistribute 0.047 ntt 1.506 crt 0.005 out 0.020 carry 0.010
cache_trace node 1: piece (4, 1) of 5 x 6, 69173177 + 57644315 limbs at 334337023, slots 2: A - B HIT | 1.581 s: redistribute 0.046 ntt 1.503 crt 0.005 out 0.029 carry 0.010
cache_trace node 0: piece (0, 2) of 5 x 6, 69173177 + 57644315 limbs at 115288630, slots 2: A HIT B cached | 1.686 s: redistribute 0.043 ntt 1.497 crt 0.005 out 0.091 carry 0.058
cache_trace node 1: piece (0, 2) of 5 x 6, 69173177 + 57644315 limbs at 115288630, slots 2: A HIT B cached | 1.686 s: redistribute 0.048 ntt 1.491 crt 0.005 out 0.099 carry 0.058
cache_trace node 0: piece (1, 2) of 5 x 6, 69173177 + 57644315 limbs at 184461807, slots 2: A - B HIT | 1.662 s: redistribute 0.057 ntt 1.512 crt 0.003 out 0.086 carry 0.043
cache_trace node 1: piece (1, 2) of 5 x 6, 69173177 + 57644315 limbs at 184461807, slots 2: A - B HIT | 1.662 s: redistribute 0.057 ntt 1.502 crt 0.002 out 0.078 carry 0.043
cache_trace node 0: piece (2, 2) of 5 x 6, 69173177 + 57644315 limbs at 253634984, slots 2: A - B HIT | 1.689 s: redistribute 0.080 ntt 1.503 crt 0.002 out 0.058 carry 0.067
cache_trace node 1: piece (2, 2) of 5 x 6, 69173177 + 57644315 limbs at 253634984, slots 2: A - B HIT | 1.689 s: redistribute 0.078 ntt 1.496 crt 0.003 out 0.056 carry 0.067
cache_trace node 0: piece (3, 2) of 5 x 6, 69173177 + 57644315 limbs at 322808161, slots 2: A - B HIT | 1.601 s: redistribute 0.049 ntt 1.510 crt 0.005 out 0.025 carry 0.021
cache_trace node 1: piece (3, 2) of 5 x 6, 69173177 + 57644315 limbs at 322808161, slots 2: A - B HIT | 1.601 s: redistribute 0.047 ntt 1.511 crt 0.005 out 0.027 carry 0.021
cache_trace node 0: piece (0, 3) of 5 x 6, 69173177 + 57644315 limbs at 172932945, slots 2: A HIT B cached | 1.716 s: redistribute 0.049 ntt 1.534 crt 0.004 out 0.082 carry 0.066
cache_trace node 1: piece (0, 3) of 5 x 6, 69173177 + 57644315 limbs at 172932945, slots 2: A HIT B cached | 1.716 s: redistribute 0.046 ntt 1.536 crt 0.005 out 0.087 carry 0.066
cache_trace node 0: piece (1, 3) of 5 x 6, 69173177 + 57644315 limbs at 242106122, slots 2: A - B HIT | 1.715 s: redistribute 0.048 ntt 1.566 crt 0.002 out 0.076 carry 0.055
cache_trace node 1: piece (1, 3) of 5 x 6, 69173177 + 57644315 limbs at 242106122, slots 2: A - B HIT | 1.715 s: redistribute 0.049 ntt 1.562 crt 0.002 out 0.064 carry 0.055
cache_trace node 0: piece (2, 3) of 5 x 6, 69173177 + 57644315 limbs at 311279299, slots 2: A - B HIT | 1.634 s: redistribute 0.078 ntt 1.489 crt 0.005 out 0.051 carry 0.030
cache_trace node 1: piece (2, 3) of 5 x 6, 69173177 + 57644315 limbs at 311279299, slots 2: A - B HIT | 1.634 s: redistribute 0.079 ntt 1.493 crt 0.005 out 0.050 carry 0.030
cache_trace node 0: piece (0, 4) of 5 x 6, 69173177 + 57644315 limbs at 230577260, slots 2: A HIT B cached | 1.703 s: redistribute 0.054 ntt 1.539 crt 0.004 out 0.067 carry 0.068
cache_trace node 1: piece (0, 4) of 5 x 6, 69173177 + 57644315 limbs at 230577260, slots 2: A HIT B cached | 1.703 s: redistribute 0.053 ntt 1.537 crt 0.005 out 0.084 carry 0.068
cache_trace node 0: piece (1, 4) of 5 x 6, 69173177 + 57644315 limbs at 299750437, slots 2: A - B HIT | 1.640 s: redistribute 0.044 ntt 1.520 crt 0.005 out 0.051 carry 0.037
cache_trace node 1: piece (1, 4) of 5 x 6, 69173177 + 57644315 limbs at 299750437, slots 2: A - B HIT | 1.640 s: redistribute 0.045 ntt 1.519 crt 0.005 out 0.051 carry 0.037
cache_trace node 0: piece (0, 5) of 5 x 6, 69173177 + 57644310 limbs at 288221575, slots 2: A HIT B cached | 1.627 s: redistribute 0.063 ntt 1.483 crt 0.005 out 0.055 carry 0.038
dist_mn node 0: 345865885 x 345865885 limbs over 2 x 4 ranks (cap 2^27): 5 x 6 pieces, 20 formed, 10 skipped (low product) (cache 2 slots: 19 hits, 7 misses)
cache_trace node 1: piece (0, 5) of 5 x 6, 69173177 + 57644310 limbs at 288221575, slots 2: A HIT B cached | 1.627 s: redistribute 0.062 ntt 1.484 crt 0.005 out 0.045 carry 0.038
dist_mn node 1: 345865885 x 345865885 limbs over 2 x 4 ranks (cap 2^27): 5 x 6 pieces, 20 formed, 10 skipped (low product) (cache 2 slots: 19 hits, 7 misses)
cx_grid node 1: rep 2 shape 5x6_highcut (345865885 x 345865885, cut 0 / 345865885) slots 2: 35.178 s, cache 19 hits 7 misses, C sha256 4686d3b4151e0c2f same
cx_grid node 1: the cache's allocation 0.30 s (once, excluded above)
cx_grid node 0: rep 2 shape 5x6_highcut (345865885 x 345865885, cut 0 / 345865885) slots 2: 35.178 s, cache 19 hits 7 misses, C sha256 a4fafb30f8f4e090 same
cx_grid node 0: the cache's allocation 0.34 s (once, excluded above)

cx_grid: VERIFY OK (1 checks)

cx_grid: VERIFY OK (1 checks)
