META limb_base=10^18
META bench=cx_grid host=ppac-pl1-s24-26 date=2026-09-28T21:48:29
META limb_base=10^18
META bench=cx_grid host=ppac-pl1-s24-26 date=2026-09-28T21:48:29
mn: node 0 of 2, four meshes of 2 ranks on ppac-pl1-s24-26,ppac-pl1-s24-26 (port base 22802): connected in 0.00 s
mn: node 0: level 1 group [0, 2) (transform nodes 2): meshes connected in 0.00 s
cx_grid: node 0 of 2, plane cap 2^25, pool_log 24, 1 repetitions (+ warm-up), slot counts 0,1
mn: node 1 of 2, four meshes of 2 ranks on ppac-pl1-s24-26,ppac-pl1-s24-26 (port base 22802): connected in 0.05 s
mn: node 1: level 1 group [0, 2) (transform nodes 2): meshes connected in 0.00 s
cx_grid: node 1 of 2, plane cap 2^25, pool_log 24, 1 repetitions (+ warm-up), slot counts 0,1
   transform cache (RNS_DIST_CACHE_PARTIAL) node 0: 1 slot of 1 of 4 primes, q 2^22.00, from the block pool: 0.03 GB per APU (0.13 per node) | pool free 0.00 GB per APU (the smallest), the product's need 0.17, margin 0.50 -> 1 planes (RNS_DIST_CACHE_PARTIAL_FORCE) -- the pool GREW
   transform cache (RNS_DIST_CACHE_PARTIAL) node 1: 1 slot of 1 of 4 primes, q 2^22.00, from the block pool: 0.03 GB per APU (0.13 per node) | pool free 0.00 GB per APU (the smallest), the product's need 0.17, margin 0.50 -> 1 planes (RNS_DIST_CACHE_PARTIAL_FORCE) -- the pool GREW
cache_trace node 0: piece (0, 0) of 2 x 3, 19897701 + 13265928 limbs at 0, slots 1 x 1 prime: A cached B - | 1.333 s: redistribute 0.280 ntt 0.820 crt 0.086 out 0.112 carry 0.028
cache_trace node 1: piece (0, 0) of 2 x 3, 19897701 + 13265928 limbs at 0, slots 1 x 1 prime: A cached B - | 1.317 s: redistribute 0.277 ntt 0.815 crt 0.046 out 0.197 carry 0.028
cache_trace node 0: piece (0, 1) of 2 x 3, 19897701 + 13265928 limbs at 13265928, slots 1 x 1 prime: A HIT B - | 0.678 s: redistribute 0.028 ntt 0.577 crt 0.001 out 0.030 carry 0.044
cache_trace node 1: piece (0, 1) of 2 x 3, 19897701 + 13265928 limbs at 13265928, slots 1 x 1 prime: A HIT B - | 0.678 s: redistribute 0.027 ntt 0.574 crt 0.001 out 0.039 carry 0.044
cache_trace node 0: piece (0, 2) of 2 x 3, 19897701 + 13265926 limbs at 26531856, slots 1 x 1 prime: A HIT B - | 0.822 s: redistribute 0.055 ntt 0.561 crt 0.001 out 0.196 carry 0.017
cache_trace node 1: piece (0, 2) of 2 x 3, 19897701 + 13265926 limbs at 26531856, slots 1 x 1 prime: A HIT B - | 0.822 s: redistribute 0.041 ntt 0.566 crt 0.002 out 0.116 carry 0.016
cache_trace node 0: piece (1, 0) of 2 x 3, 19897700 + 13265928 limbs at 19897701, slots 1 x 1 prime: A cached B - | 0.709 s: redistribute 0.038 ntt 0.620 crt 0.001 out 0.039 carry 0.020
cache_trace node 1: piece (1, 0) of 2 x 3, 19897700 + 13265928 limbs at 19897701, slots 1 x 1 prime: A cached B - | 0.709 s: redistribute 0.037 ntt 0.618 crt 0.001 out 0.043 carry 0.020
cache_trace node 0: piece (1, 1) of 2 x 3, 19897700 + 13265928 limbs at 33163629, slots 1 x 1 prime: A HIT B - | 0.790 s: redistribute 0.047 ntt 0.548 crt 0.001 out 0.185 carry 0.017
cache_trace node 1: piece (1, 1) of 2 x 3, 19897700 + 13265928 limbs at 33163629, slots 1 x 1 prime: A HIT B - | 0.790 s: redistribute 0.027 ntt 0.578 crt 0.002 out 0.135 carry 0.017
cache_trace node 0: piece (1, 2) of 2 x 3, 19897700 + 13265926 limbs at 46429557, slots 1 x 1 prime: A HIT B - | 0.784 s: redistribute 0.062 ntt 0.572 crt 0.001 out 0.163 carry 0.011
dist_mn node 0: 39795401 x 39797782 limbs over 2 x 4 ranks (cap 2^25): 2 x 3 pieces, 6 formed, 0 skipped (cache 1 slots of 1 prime, partial: 4 hits, 2 misses)
cache_trace node 1: piece (1, 2) of 2 x 3, 19897700 + 13265926 limbs at 46429557, slots 1 x 1 prime: A HIT B - | 0.784 s: redistribute 0.040 ntt 0.623 crt 0.002 out 0.116 carry 0.011
dist_mn node 1: 39795401 x 39797782 limbs over 2 x 4 ranks (cap 2^25): 2 x 3 pieces, 6 formed, 0 skipped (cache 1 slots of 1 prime, partial: 4 hits, 2 misses)
cx_grid node 0: the allocating product (1 slots): 5.219 s, the cache's allocation 0.00 s
cx_grid node 1: the allocating product (1 slots): 5.225 s, the cache's allocation 0.00 s
cache_trace node 0: piece (0, 0) of 2 x 3, 19897701 + 13265928 limbs at 0, slots 0 x 4 primes: A - B - | 0.689 s: redistribute 0.033 ntt 0.622 crt 0.001 out 0.034 carry 0.001
cache_trace node 1: piece (0, 0) of 2 x 3, 19897701 + 13265928 limbs at 0, slots 0 x 4 primes: A - B - | 0.689 s: redistribute 0.032 ntt 0.627 crt 0.001 out 0.029 carry 0.001
cache_trace node 0: piece (0, 1) of 2 x 3, 19897701 + 13265928 limbs at 13265928, slots 0 x 4 primes: A - B - | 0.696 s: redistribute 0.040 ntt 0.612 crt 0.001 out 0.037 carry 0.017
cache_trace node 1: piece (0, 1) of 2 x 3, 19897701 + 13265928 limbs at 13265928, slots 0 x 4 primes: A - B - | 0.696 s: redistribute 0.039 ntt 0.608 crt 0.001 out 0.042 carry 0.017
cache_trace node 0: piece (0, 2) of 2 x 3, 19897701 + 13265926 limbs at 26531856, slots 0 x 4 primes: A - B - | 0.728 s: redistribute 0.047 ntt 0.648 crt 0.001 out 0.033 carry 0.018
cache_trace node 1: piece (0, 2) of 2 x 3, 19897701 + 13265926 limbs at 26531856, slots 0 x 4 primes: A - B - | 0.728 s: redistribute 0.047 ntt 0.642 crt 0.001 out 0.039 carry 0.018
cache_trace node 0: piece (1, 0) of 2 x 3, 19897700 + 13265928 limbs at 19897701, slots 0 x 4 primes: A - B - | 0.704 s: redistribute 0.042 ntt 0.608 crt 0.001 out 0.040 carry 0.019
cache_trace node 1: piece (1, 0) of 2 x 3, 19897700 + 13265928 limbs at 19897701, slots 0 x 4 primes: A - B - | 0.704 s: redistribute 0.042 ntt 0.614 crt 0.001 out 0.040 carry 0.019
cache_trace node 0: piece (1, 1) of 2 x 3, 19897700 + 13265928 limbs at 33163629, slots 0 x 4 primes: A - B - | 0.685 s: redistribute 0.032 ntt 0.601 crt 0.001 out 0.045 carry 0.017
cache_trace node 1: piece (1, 1) of 2 x 3, 19897700 + 13265928 limbs at 33163629, slots 0 x 4 primes: A - B - | 0.685 s: redistribute 0.031 ntt 0.597 crt 0.001 out 0.041 carry 0.017
cache_trace node 0: piece (1, 2) of 2 x 3, 19897700 + 13265926 limbs at 46429557, slots 0 x 4 primes: A - B - | 0.694 s: redistribute 0.044 ntt 0.613 crt 0.001 out 0.031 carry 0.012
dist_mn node 0: 39795401 x 39797782 limbs over 2 x 4 ranks (cap 2^25): 2 x 3 pieces, 6 formed, 0 skipped (cache 0 slots, partial: 0 hits, 0 misses)
cache_trace node 1: piece (1, 2) of 2 x 3, 19897700 + 13265926 limbs at 46429557, slots 0 x 4 primes: A - B - | 0.694 s: redistribute 0.037 ntt 0.615 crt 0.001 out 0.035 carry 0.012
dist_mn node 1: 39795401 x 39797782 limbs over 2 x 4 ranks (cap 2^25): 2 x 3 pieces, 6 formed, 0 skipped (cache 0 slots, partial: 0 hits, 0 misses)
cx_grid node 0: rep 0 (warm-up) shape 2x3_full (39795401 x 39797782, cut 0 / -1) slots 0: 4.229 s, cache 0 hits 0 misses, C sha256 19fe5a72de532305 same
cx_grid node 1: rep 0 (warm-up) shape 2x3_full (39795401 x 39797782, cut 0 / -1) slots 0: 4.229 s, cache 0 hits 0 misses, C sha256 b53fe65e9accfa51 same
cache_trace node 0: piece (0, 0) of 2 x 6, 19675988 + 13211365 limbs at 0, slots 0 x 4 primes: A - B - | 0.682 s: redistribute 0.041 ntt 0.620 crt 0.001 out 0.028 carry 0.003
cache_trace node 1: piece (0, 0) of 2 x 6, 19675988 + 13211365 limbs at 0, slots 0 x 4 primes: A - B - | 0.682 s: redistribute 0.040 ntt 0.616 crt 0.001 out 0.033 carry 0.004
cache_trace node 0: piece (0, 1) of 2 x 6, 19675988 + 13211365 limbs at 13211365, slots 0 x 4 primes: A - B - | 0.693 s: redistribute 0.036 ntt 0.615 crt 0.001 out 0.034 carry 0.016
cache_trace node 1: piece (0, 1) of 2 x 6, 19675988 + 13211365 limbs at 13211365, slots 0 x 4 primes: A - B - | 0.693 s: redistribute 0.033 ntt 0.613 crt 0.001 out 0.036 carry 0.016
cache_trace node 0: piece (0, 2) of 2 x 6, 19675988 + 13211365 limbs at 26422730, slots 0 x 4 primes: A - B - | 0.713 s: redistribute 0.039 ntt 0.627 crt 0.001 out 0.029 carry 0.023
cache_trace node 1: piece (0, 2) of 2 x 6, 19675988 + 13211365 limbs at 26422730, slots 0 x 4 primes: A - B - | 0.713 s: redistribute 0.038 ntt 0.635 crt 0.001 out 0.026 carry 0.023
cache_trace node 0: piece (0, 3) of 2 x 6, 19675988 + 13211365 limbs at 39634095, slots 0 x 4 primes: A - B - | 0.684 s: redistribute 0.039 ntt 0.595 crt 0.001 out 0.042 carry 0.017
cache_trace node 1: piece (0, 3) of 2 x 6, 19675988 + 13211365 limbs at 39634095, slots 0 x 4 primes: A - B - | 0.684 s: redistribute 0.037 ntt 0.600 crt 0.001 out 0.040 carry 0.017
cache_trace node 0: piece (0, 4) of 2 x 6, 19675988 + 13211365 limbs at 52845460, slots 0 x 4 primes: A - B - | 0.714 s: redistribute 0.039 ntt 0.627 crt 0.001 out 0.040 carry 0.022
cache_trace node 1: piece (0, 4) of 2 x 6, 19675988 + 13211365 limbs at 52845460, slots 0 x 4 primes: A - B - | 0.714 s: redistribute 0.039 ntt 0.626 crt 0.001 out 0.042 carry 0.022
cache_trace node 0: piece (0, 5) of 2 x 6, 19675988 + 13211362 limbs at 66056825, slots 0 x 4 primes: A - B - | 0.706 s: redistribute 0.041 ntt 0.621 crt 0.001 out 0.036 carry 0.017
cache_trace node 1: piece (0, 5) of 2 x 6, 19675988 + 13211362 limbs at 66056825, slots 0 x 4 primes: A - B - | 0.706 s: redistribute 0.039 ntt 0.622 crt 0.001 out 0.032 carry 0.017
cache_trace node 0: piece (1, 0) of 2 x 6, 19675988 + 13211365 limbs at 19675988, slots 0 x 4 primes: A - B - | 0.706 s: redistribute 0.039 ntt 0.621 crt 0.001 out 0.034 carry 0.018
cache_trace node 1: piece (1, 0) of 2 x 6, 19675988 + 13211365 limbs at 19675988, slots 0 x 4 primes: A - B - | 0.706 s: redistribute 0.039 ntt 0.625 crt 0.001 out 0.029 carry 0.018
cache_trace node 0: piece (1, 1) of 2 x 6, 19675988 + 13211365 limbs at 32887353, slots 0 x 4 primes: A - B - | 0.705 s: redistribute 0.041 ntt 0.604 crt 0.001 out 0.046 carry 0.020
cache_trace node 1: piece (1, 1) of 2 x 6, 19675988 + 13211365 limbs at 32887353, slots 0 x 4 primes: A - B - | 0.705 s: redistribute 0.039 ntt 0.608 crt 0.001 out 0.049 carry 0.020
cache_trace node 0: piece (1, 2) of 2 x 6, 19675988 + 13211365 limbs at 46098718, slots 0 x 4 primes: A - B - | 0.698 s: redistribute 0.040 ntt 0.609 crt 0.001 out 0.044 carry 0.019
cache_trace node 1: piece (1, 2) of 2 x 6, 19675988 + 13211365 limbs at 46098718, slots 0 x 4 primes: A - B - | 0.698 s: redistribute 0.036 ntt 0.612 crt 0.001 out 0.038 carry 0.018
cache_trace node 0: piece (1, 3) of 2 x 6, 19675988 + 13211365 limbs at 59310083, slots 0 x 4 primes: A - B - | 0.697 s: redistribute 0.042 ntt 0.623 crt 0.001 out 0.027 carry 0.020
cache_trace node 1: piece (1, 3) of 2 x 6, 19675988 + 13211365 limbs at 59310083, slots 0 x 4 primes: A - B - | 0.697 s: redistribute 0.040 ntt 0.623 crt 0.001 out 0.030 carry 0.020
cache_trace node 0: piece (1, 4) of 2 x 6, 19675988 + 13211365 limbs at 72521448, slots 0 x 4 primes: A - B - | 0.685 s: redistribute 0.042 ntt 0.603 crt 0.001 out 0.037 carry 0.011
cache_trace node 1: piece (1, 4) of 2 x 6, 19675988 + 13211365 limbs at 72521448, slots 0 x 4 primes: A - B - | 0.685 s: redistribute 0.041 ntt 0.601 crt 0.001 out 0.039 carry 0.011
cache_trace node 0: piece (1, 5) of 2 x 6, 19675988 + 13211362 limbs at 85732813, slots 0 x 4 primes: A - B - | 0.703 s: redistribute 0.032 ntt 0.618 crt 0.001 out 0.038 carry 0.022
dist_mn node 0: 39351976 x 79268187 limbs over 2 x 4 ranks (cap 2^25): 2 x 6 pieces, 12 formed, 0 skipped (cache 0 slots, partial: 0 hits, 0 misses)
cache_trace node 1: piece (1, 5) of 2 x 6, 19675988 + 13211362 limbs at 85732813, slots 0 x 4 primes: A - B - | 0.703 s: redistribute 0.031 ntt 0.615 crt 0.001 out 0.040 carry 0.022
dist_mn node 1: 39351976 x 79268187 limbs over 2 x 4 ranks (cap 2^25): 2 x 6 pieces, 12 formed, 0 skipped (cache 0 slots, partial: 0 hits, 0 misses)
cx_grid node 0: rep 0 (warm-up) shape 2x6_full (39351976 x 79268187, cut 0 / -1) slots 0: 8.439 s, cache 0 hits 0 misses, C sha256 48a8b6d3da21f87f same
cx_grid node 1: rep 0 (warm-up) shape 2x6_full (39351976 x 79268187, cut 0 / -1) slots 0: 8.439 s, cache 0 hits 0 misses, C sha256 da0b208cf6df82ca same
cache_trace node 0: piece (0, 0) of 2 x 2, 14558814 + 14827520 limbs at 0, slots 0 x 4 primes: A - B - | 0.646 s: redistribute 0.032 ntt 0.593 crt 0.001 out 0.026 carry 0.001
cache_trace node 1: piece (0, 0) of 2 x 2, 14558814 + 14827520 limbs at 0, slots 0 x 4 primes: A - B - | 0.646 s: redistribute 0.031 ntt 0.594 crt 0.001 out 0.023 carry 0.001
cache_trace node 0: piece (1, 0) of 2 x 2, 14558813 + 14827520 limbs at 14558814, slots 0 x 4 primes: A - B - | 0.692 s: redistribute 0.035 ntt 0.614 crt 0.001 out 0.036 carry 0.013
cache_trace node 1: piece (1, 0) of 2 x 2, 14558813 + 14827520 limbs at 14558814, slots 0 x 4 primes: A - B - | 0.692 s: redistribute 0.034 ntt 0.612 crt 0.001 out 0.037 carry 0.013
cache_trace node 0: piece (0, 1) of 2 x 2, 14558814 + 14827520 limbs at 14827520, slots 0 x 4 primes: A - B - | 0.698 s: redistribute 0.034 ntt 0.618 crt 0.001 out 0.039 carry 0.013
cache_trace node 1: piece (0, 1) of 2 x 2, 14558814 + 14827520 limbs at 14827520, slots 0 x 4 primes: A - B - | 0.698 s: redistribute 0.033 ntt 0.620 crt 0.001 out 0.039 carry 0.013
cache_trace node 0: piece (1, 1) of 2 x 2, 14558813 + 14827520 limbs at 29386334, slots 0 x 4 primes: A - B - | 0.692 s: redistribute 0.053 ntt 0.621 crt 0.001 out 0.031 carry 0.002
dist_mn node 0: 29117627 x 29655040 limbs over 2 x 4 ranks (cap 2^25): 2 x 2 pieces, 4 formed, 0 skipped (cache 0 slots, partial: 0 hits, 0 misses)
cache_trace node 1: piece (1, 1) of 2 x 2, 14558813 + 14827520 limbs at 29386334, slots 0 x 4 primes: A - B - | 0.692 s: redistribute 0.051 ntt 0.621 crt 0.001 out 0.030 carry 0.002
dist_mn node 1: 29117627 x 29655040 limbs over 2 x 4 ranks (cap 2^25): 2 x 2 pieces, 4 formed, 0 skipped (cache 0 slots, partial: 0 hits, 0 misses)
cx_grid node 0: rep 0 (warm-up) shape 2x2_full (29117627 x 29655040, cut 0 / -1) slots 0: 2.730 s, cache 0 hits 0 misses, C sha256 178231cd1ef2b51a same
cx_grid node 1: rep 0 (warm-up) shape 2x2_full (29117627 x 29655040, cut 0 / -1) slots 0: 2.730 s, cache 0 hits 0 misses, C sha256 d38838bf1dea5a21 same
cache_trace node 0: piece (0, 0) of 2 x 2, 21616618 + 10808309 limbs at 0, slots 0 x 4 primes: A - B - | 0.655 s: redistribute 0.033 ntt 0.589 crt 0.001 out 0.041 carry 0.001
cache_trace node 1: piece (0, 0) of 2 x 2, 21616618 + 10808309 limbs at 0, slots 0 x 4 primes: A - B - | 0.655 s: redistribute 0.033 ntt 0.588 crt 0.001 out 0.039 carry 0.001
cache_trace node 0: piece (1, 0) of 2 x 2, 21616617 + 10808309 limbs at 21616618, slots 0 x 4 primes: A - B - | 0.669 s: redistribute 0.034 ntt 0.616 crt 0.001 out 0.029 carry 0.001
cache_trace node 1: piece (1, 0) of 2 x 2, 21616617 + 10808309 limbs at 21616618, slots 0 x 4 primes: A - B - | 0.669 s: redistribute 0.035 ntt 0.615 crt 0.001 out 0.026 carry 0.001
cache_trace node 0: piece (0, 1) of 2 x 2, 21616618 + 10808308 limbs at 10808309, slots 0 x 4 primes: A - B - | 0.715 s: redistribute 0.051 ntt 0.643 crt 0.001 out 0.040 carry 0.010
cache_trace node 1: piece (0, 1) of 2 x 2, 21616618 + 10808308 limbs at 10808309, slots 0 x 4 primes: A - B - | 0.715 s: redistribute 0.047 ntt 0.637 crt 0.001 out 0.042 carry 0.010
cache_trace node 0: piece (1, 1) of 2 x 2, 21616617 + 10808308 limbs at 32424927, slots 0 x 4 primes: A - B - | 0.681 s: redistribute 0.051 ntt 0.616 crt 0.001 out 0.017 carry 0.007
dist_mn node 0: 43233235 x 21616617 limbs over 2 x 4 ranks (cap 2^25): 2 x 2 pieces, 4 formed, 0 skipped (low product) (low cut) (cache 0 slots, partial: 0 hits, 0 misses)
cache_trace node 1: piece (1, 1) of 2 x 2, 21616617 + 10808308 limbs at 32424927, slots 0 x 4 primes: A - B - | 0.681 s: redistribute 0.050 ntt 0.617 crt 0.001 out 0.019 carry 0.007
dist_mn node 1: 43233235 x 21616617 limbs over 2 x 4 ranks (cap 2^25): 2 x 2 pieces, 4 formed, 0 skipped (low product) (low cut) (cache 0 slots, partial: 0 hits, 0 misses)
cx_grid node 1: rep 0 (warm-up) shape 2x2_lowhighcut (43233235 x 21616617, cut 21616617 / 43233235) slots 0: 2.722 s, cache 0 hits 0 misses, C sha256 7aa2576d183901df same
cx_grid node 0: rep 0 (warm-up) shape 2x2_lowhighcut (43233235 x 21616617, cut 21616617 / 43233235) slots 0: 2.722 s, cache 0 hits 0 misses, C sha256 4a296081451480d4 same
cache_trace node 0: piece (0, 0) of 1 x 2, 21616617 + 10808309 limbs at 0, slots 0 x 4 primes: A - B - | 0.672 s: redistribute 0.038 ntt 0.594 crt 0.001 out 0.044 carry 0.001
cache_trace node 1: piece (0, 0) of 1 x 2, 21616617 + 10808309 limbs at 0, slots 0 x 4 primes: A - B - | 0.672 s: redistribute 0.042 ntt 0.600 crt 0.001 out 0.040 carry 0.001
cache_trace node 0: piece (0, 1) of 1 x 2, 21616617 + 10808308 limbs at 10808309, slots 0 x 4 primes: A - B - | 0.691 s: redistribute 0.043 ntt 0.610 crt 0.001 out 0.039 carry 0.008
dist_mn node 0: 21616617 x 21616617 limbs over 2 x 4 ranks (cap 2^25): 1 x 2 pieces, 2 formed, 0 skipped (low cut) (cache 0 slots, partial: 0 hits, 0 misses)
cache_trace node 1: piece (0, 1) of 1 x 2, 21616617 + 10808308 limbs at 10808309, slots 0 x 4 primes: A - B - | 0.691 s: redistribute 0.043 ntt 0.612 crt 0.001 out 0.043 carry 0.008
dist_mn node 1: 21616617 x 21616617 limbs over 2 x 4 ranks (cap 2^25): 1 x 2 pieces, 2 formed, 0 skipped (low cut) (cache 0 slots, partial: 0 hits, 0 misses)
cx_grid node 1: rep 0 (warm-up) shape 1x2_lowcut (21616617 x 21616617, cut 21616617 / -1) slots 0: 1.365 s, cache 0 hits 0 misses, C sha256 e750181209d87254 same
cx_grid node 0: rep 0 (warm-up) shape 1x2_lowcut (21616617 x 21616617, cut 21616617 / -1) slots 0: 1.365 s, cache 0 hits 0 misses, C sha256 300cb49213d3d27f same
cache_trace node 0: piece (1, 0) of 5 x 3, 17293295 + 14411079 limbs at 17293295, slots 0 x 4 primes: A - B - | 0.713 s: redistribute 0.037 ntt 0.626 crt 0.001 out 0.046 carry 0.016
cache_trace node 1: piece (1, 0) of 5 x 3, 17293295 + 14411079 limbs at 17293295, slots 0 x 4 primes: A - B - | 0.713 s: redistribute 0.040 ntt 0.625 crt 0.001 out 0.048 carry 0.016
cache_trace node 0: piece (2, 0) of 5 x 3, 17293295 + 14411079 limbs at 34586590, slots 0 x 4 primes: A - B - | 0.695 s: redistribute 0.051 ntt 0.597 crt 0.001 out 0.041 carry 0.017
cache_trace node 1: piece (2, 0) of 5 x 3, 17293295 + 14411079 limbs at 34586590, slots 0 x 4 primes: A - B - | 0.695 s: redistribute 0.051 ntt 0.594 crt 0.001 out 0.042 carry 0.017
cache_trace node 0: piece (3, 0) of 5 x 3, 17293295 + 14411079 limbs at 51879885, slots 0 x 4 primes: A - B - | 0.675 s: redistribute 0.037 ntt 0.607 crt 0.001 out 0.029 carry 0.012
cache_trace node 1: piece (3, 0) of 5 x 3, 17293295 + 14411079 limbs at 51879885, slots 0 x 4 primes: A - B - | 0.675 s: redistribute 0.040 ntt 0.602 crt 0.001 out 0.033 carry 0.012
cache_trace node 0: piece (4, 0) of 5 x 3, 17293291 + 14411079 limbs at 69173180, slots 0 x 4 primes: A - B - | 0.683 s: redistribute 0.039 ntt 0.621 crt 0.001 out 0.023 carry 0.009
cache_trace node 1: piece (4, 0) of 5 x 3, 17293291 + 14411079 limbs at 69173180, slots 0 x 4 primes: A - B - | 0.683 s: redistribute 0.039 ntt 0.624 crt 0.001 out 0.022 carry 0.009
cache_trace node 0: piece (0, 1) of 5 x 3, 17293295 + 14411079 limbs at 14411079, slots 0 x 4 primes: A - B - | 0.691 s: redistribute 0.037 ntt 0.613 crt 0.001 out 0.032 carry 0.017
cache_trace node 1: piece (0, 1) of 5 x 3, 17293295 + 14411079 limbs at 14411079, slots 0 x 4 primes: A - B - | 0.691 s: redistribute 0.036 ntt 0.610 crt 0.001 out 0.032 carry 0.017
cache_trace node 0: piece (1, 1) of 5 x 3, 17293295 + 14411079 limbs at 31704374, slots 0 x 4 primes: A - B - | 0.699 s: redistribute 0.034 ntt 0.611 crt 0.001 out 0.040 carry 0.019
cache_trace node 1: piece (1, 1) of 5 x 3, 17293295 + 14411079 limbs at 31704374, slots 0 x 4 primes: A - B - | 0.699 s: redistribute 0.035 ntt 0.615 crt 0.001 out 0.037 carry 0.018
cache_trace node 0: piece (2, 1) of 5 x 3, 17293295 + 14411079 limbs at 48997669, slots 0 x 4 primes: A - B - | 0.682 s: redistribute 0.042 ntt 0.616 crt 0.001 out 0.034 carry 0.006
cache_trace node 1: piece (2, 1) of 5 x 3, 17293295 + 14411079 limbs at 48997669, slots 0 x 4 primes: A - B - | 0.682 s: redistribute 0.045 ntt 0.611 crt 0.001 out 0.032 carry 0.006
cache_trace node 0: piece (3, 1) of 5 x 3, 17293295 + 14411079 limbs at 66290964, slots 0 x 4 primes: A - B - | 0.693 s: redistribute 0.057 ntt 0.616 crt 0.001 out 0.024 carry 0.014
cache_trace node 1: piece (3, 1) of 5 x 3, 17293295 + 14411079 limbs at 66290964, slots 0 x 4 primes: A - B - | 0.693 s: redistribute 0.048 ntt 0.619 crt 0.001 out 0.024 carry 0.013
cache_trace node 0: piece (4, 1) of 5 x 3, 17293291 + 14411079 limbs at 83584259, slots 0 x 4 primes: A - B - | 0.660 s: redistribute 0.040 ntt 0.617 crt 0.001 out 0.006 carry 0.002
cache_trace node 1: piece (4, 1) of 5 x 3, 17293291 + 14411079 limbs at 83584259, slots 0 x 4 primes: A - B - | 0.660 s: redistribute 0.040 ntt 0.616 crt 0.001 out 0.010 carry 0.002
cache_trace node 0: piece (0, 2) of 5 x 3, 17293295 + 14411077 limbs at 28822158, slots 0 x 4 primes: A - B - | 0.710 s: redistribute 0.047 ntt 0.619 crt 0.001 out 0.039 carry 0.016
cache_trace node 1: piece (0, 2) of 5 x 3, 17293295 + 14411077 limbs at 28822158, slots 0 x 4 primes: A - B - | 0.710 s: redistribute 0.046 ntt 0.619 crt 0.001 out 0.038 carry 0.016
cache_trace node 0: piece (1, 2) of 5 x 3, 17293295 + 14411077 limbs at 46115453, slots 0 x 4 primes: A - B - | 0.686 s: redistribute 0.043 ntt 0.599 crt 0.001 out 0.034 carry 0.011
cache_trace node 1: piece (1, 2) of 5 x 3, 17293295 + 14411077 limbs at 46115453, slots 0 x 4 primes: A - B - | 0.686 s: redistribute 0.042 ntt 0.605 crt 0.001 out 0.034 carry 0.010
cache_trace node 0: piece (2, 2) of 5 x 3, 17293295 + 14411077 limbs at 63408748, slots 0 x 4 primes: A - B - | 0.697 s: redistribute 0.041 ntt 0.621 crt 0.001 out 0.030 carry 0.016
cache_trace node 1: piece (2, 2) of 5 x 3, 17293295 + 14411077 limbs at 63408748, slots 0 x 4 primes: A - B - | 0.697 s: redistribute 0.040 ntt 0.621 crt 0.001 out 0.028 carry 0.016
cache_trace node 0: piece (3, 2) of 5 x 3, 17293295 + 14411077 limbs at 80702043, slots 0 x 4 primes: A - B - | 0.689 s: redistribute 0.042 ntt 0.634 crt 0.001 out 0.010 carry 0.004
dist_mn node 0: 86466471 x 43233235 limbs over 2 x 4 ranks (cap 2^25): 5 x 3 pieces, 13 formed, 2 skipped (low product) (low cut) (cache 0 slots, partial: 0 hits, 0 misses)
cache_trace node 1: piece (3, 2) of 5 x 3, 17293295 + 14411077 limbs at 80702043, slots 0 x 4 primes: A - B - | 0.689 s: redistribute 0.039 ntt 0.634 crt 0.001 out 0.015 carry 0.004
dist_mn node 1: 86466471 x 43233235 limbs over 2 x 4 ranks (cap 2^25): 5 x 3 pieces, 13 formed, 2 skipped (low product) (low cut) (cache 0 slots, partial: 0 hits, 0 misses)
cx_grid node 0: rep 0 (warm-up) shape 5x3_lowhighcut (86466471 x 43233235, cut 43233235 / 86466471) slots 0: 8.978 s, cache 0 hits 0 misses, C sha256 b427999dae1366c7 same
cx_grid node 1: rep 0 (warm-up) shape 5x3_lowhighcut (86466471 x 43233235, cut 43233235 / 86466471) slots 0: 8.978 s, cache 0 hits 0 misses, C sha256 83d94cc607ada3a3 same
cache_trace node 0: piece (0, 1) of 2 x 4, 21616618 + 10808309 limbs at 10808309, slots 0 x 4 primes: A - B - | 0.666 s: redistribute 0.040 ntt 0.597 crt 0.001 out 0.026 carry 0.017
cache_trace node 1: piece (0, 1) of 2 x 4, 21616618 + 10808309 limbs at 10808309, slots 0 x 4 primes: A - B - | 0.666 s: redistribute 0.041 ntt 0.592 crt 0.001 out 0.028 carry 0.018
cache_trace node 0: piece (0, 2) of 2 x 4, 21616618 + 10808309 limbs at 21616618, slots 0 x 4 primes: A - B - | 0.686 s: redistribute 0.037 ntt 0.592 crt 0.001 out 0.041 carry 0.019
cache_trace node 1: piece (0, 2) of 2 x 4, 21616618 + 10808309 limbs at 21616618, slots 0 x 4 primes: A - B - | 0.686 s: redistribute 0.033 ntt 0.597 crt 0.001 out 0.044 carry 0.019
cache_trace node 0: piece (0, 3) of 2 x 4, 21616618 + 10808308 limbs at 32424927, slots 0 x 4 primes: A - B - | 0.695 s: redistribute 0.040 ntt 0.608 crt 0.001 out 0.039 carry 0.019
cache_trace node 1: piece (0, 3) of 2 x 4, 21616618 + 10808308 limbs at 32424927, slots 0 x 4 primes: A - B - | 0.695 s: redistribute 0.039 ntt 0.607 crt 0.001 out 0.040 carry 0.019
cache_trace node 0: piece (1, 0) of 2 x 4, 21616617 + 10808309 limbs at 21616618, slots 0 x 4 primes: A - B - | 0.732 s: redistribute 0.057 ntt 0.620 crt 0.001 out 0.055 carry 0.018
cache_trace node 1: piece (1, 0) of 2 x 4, 21616617 + 10808309 limbs at 21616618, slots 0 x 4 primes: A - B - | 0.732 s: redistribute 0.058 ntt 0.619 crt 0.001 out 0.054 carry 0.018
cache_trace node 0: piece (1, 1) of 2 x 4, 21616617 + 10808309 limbs at 32424927, slots 0 x 4 primes: A - B - | 0.701 s: redistribute 0.040 ntt 0.613 crt 0.001 out 0.039 carry 0.017
cache_trace node 1: piece (1, 1) of 2 x 4, 21616617 + 10808309 limbs at 32424927, slots 0 x 4 primes: A - B - | 0.701 s: redistribute 0.040 ntt 0.613 crt 0.001 out 0.040 carry 0.017
cache_trace node 0: piece (1, 2) of 2 x 4, 21616617 + 10808309 limbs at 43233236, slots 0 x 4 primes: A - B - | 0.683 s: redistribute 0.040 ntt 0.606 crt 0.001 out 0.031 carry 0.015
cache_trace node 1: piece (1, 2) of 2 x 4, 21616617 + 10808309 limbs at 43233236, slots 0 x 4 primes: A - B - | 0.683 s: redistribute 0.039 ntt 0.607 crt 0.001 out 0.030 carry 0.015
cache_trace node 0: piece (1, 3) of 2 x 4, 21616617 + 10808308 limbs at 54041545, slots 0 x 4 primes: A - B - | 0.669 s: redistribute 0.031 ntt 0.598 crt 0.001 out 0.031 carry 0.017
dist_mn node 0: 43233235 x 43233235 limbs over 2 x 4 ranks (cap 2^25): 2 x 4 pieces, 7 formed, 1 skipped (low cut) (cache 0 slots, partial: 0 hits, 0 misses)
cache_trace node 1: piece (1, 3) of 2 x 4, 21616617 + 10808308 limbs at 54041545, slots 0 x 4 primes: A - B - | 0.669 s: redistribute 0.030 ntt 0.602 crt 0.001 out 0.028 carry 0.017
dist_mn node 1: 43233235 x 43233235 limbs over 2 x 4 ranks (cap 2^25): 2 x 4 pieces, 7 formed, 1 skipped (low cut) (cache 0 slots, partial: 0 hits, 0 misses)
cx_grid node 1: rep 0 (warm-up) shape 2x4_lowcut (43233235 x 43233235, cut 43233235 / -1) slots 0: 4.871 s, cache 0 hits 0 misses, C sha256 ec985af0744fe53f same
cx_grid node 0: rep 0 (warm-up) shape 2x4_lowcut (43233235 x 43233235, cut 43233235 / -1) slots 0: 4.871 s, cache 0 hits 0 misses, C sha256 3f1673aba78d5f9c same
cache_trace node 0: piece (0, 4) of 5 x 6, 17293295 + 14411079 limbs at 57644316, slots 0 x 4 primes: A - B - | 0.679 s: redistribute 0.037 ntt 0.602 crt 0.001 out 0.030 carry 0.024
cache_trace node 1: piece (0, 4) of 5 x 6, 17293295 + 14411079 limbs at 57644316, slots 0 x 4 primes: A - B - | 0.679 s: redistribute 0.036 ntt 0.599 crt 0.001 out 0.029 carry 0.024
cache_trace node 0: piece (0, 5) of 5 x 6, 17293295 + 14411076 limbs at 72055395, slots 0 x 4 primes: A - B - | 0.702 s: redistribute 0.045 ntt 0.608 crt 0.001 out 0.039 carry 0.019
cache_trace node 1: piece (0, 5) of 5 x 6, 17293295 + 14411076 limbs at 72055395, slots 0 x 4 primes: A - B - | 0.702 s: redistribute 0.045 ntt 0.613 crt 0.001 out 0.036 carry 0.019
cache_trace node 0: piece (1, 3) of 5 x 6, 17293295 + 14411079 limbs at 60526532, slots 0 x 4 primes: A - B - | 0.679 s: redistribute 0.039 ntt 0.596 crt 0.001 out 0.032 carry 0.020
cache_trace node 1: piece (1, 3) of 5 x 6, 17293295 + 14411079 limbs at 60526532, slots 0 x 4 primes: A - B - | 0.679 s: redistribute 0.039 ntt 0.600 crt 0.001 out 0.032 carry 0.020
cache_trace node 0: piece (1, 4) of 5 x 6, 17293295 + 14411079 limbs at 74937611, slots 0 x 4 primes: A - B - | 0.712 s: redistribute 0.040 ntt 0.618 crt 0.001 out 0.041 carry 0.021
cache_trace node 1: piece (1, 4) of 5 x 6, 17293295 + 14411079 limbs at 74937611, slots 0 x 4 primes: A - B - | 0.712 s: redistribute 0.038 ntt 0.621 crt 0.001 out 0.038 carry 0.021
cache_trace node 0: piece (1, 5) of 5 x 6, 17293295 + 14411076 limbs at 89348690, slots 0 x 4 primes: A - B - | 0.708 s: redistribute 0.040 ntt 0.614 crt 0.001 out 0.040 carry 0.024
cache_trace node 1: piece (1, 5) of 5 x 6, 17293295 + 14411076 limbs at 89348690, slots 0 x 4 primes: A - B - | 0.708 s: redistribute 0.035 ntt 0.617 crt 0.001 out 0.037 carry 0.024
cache_trace node 0: piece (2, 2) of 5 x 6, 17293295 + 14411079 limbs at 63408748, slots 0 x 4 primes: A - B - | 0.720 s: redistribute 0.044 ntt 0.631 crt 0.001 out 0.038 carry 0.019
cache_trace node 1: piece (2, 2) of 5 x 6, 17293295 + 14411079 limbs at 63408748, slots 0 x 4 primes: A - B - | 0.720 s: redistribute 0.045 ntt 0.628 crt 0.001 out 0.038 carry 0.019
cache_trace node 0: piece (2, 3) of 5 x 6, 17293295 + 14411079 limbs at 77819827, slots 0 x 4 primes: A - B - | 0.712 s: redistribute 0.040 ntt 0.619 crt 0.001 out 0.038 carry 0.021
cache_trace node 1: piece (2, 3) of 5 x 6, 17293295 + 14411079 limbs at 77819827, slots 0 x 4 primes: A - B - | 0.712 s: redistribute 0.039 ntt 0.619 crt 0.001 out 0.042 carry 0.021
cache_trace node 0: piece (2, 4) of 5 x 6, 17293295 + 14411079 limbs at 92230906, slots 0 x 4 primes: A - B - | 0.725 s: redistribute 0.051 ntt 0.626 crt 0.001 out 0.030 carry 0.027
cache_trace node 1: piece (2, 4) of 5 x 6, 17293295 + 14411079 limbs at 92230906, slots 0 x 4 primes: A - B - | 0.725 s: redistribute 0.049 ntt 0.625 crt 0.001 out 0.031 carry 0.027
cache_trace node 0: piece (2, 5) of 5 x 6, 17293295 + 14411076 limbs at 106641985, slots 0 x 4 primes: A - B - | 0.703 s: redistribute 0.036 ntt 0.627 crt 0.001 out 0.026 carry 0.019
cache_trace node 1: piece (2, 5) of 5 x 6, 17293295 + 14411076 limbs at 106641985, slots 0 x 4 primes: A - B - | 0.703 s: redistribute 0.031 ntt 0.623 crt 0.001 out 0.032 carry 0.019
cache_trace node 0: piece (3, 1) of 5 x 6, 17293295 + 14411079 limbs at 66290964, slots 0 x 4 primes: A - B - | 0.701 s: redistribute 0.041 ntt 0.620 crt 0.001 out 0.038 carry 0.019
cache_trace node 1: piece (3, 1) of 5 x 6, 17293295 + 14411079 limbs at 66290964, slots 0 x 4 primes: A - B - | 0.701 s: redistribute 0.041 ntt 0.618 crt 0.001 out 0.041 carry 0.019
cache_trace node 0: piece (3, 2) of 5 x 6, 17293295 + 14411079 limbs at 80702043, slots 0 x 4 primes: A - B - | 0.714 s: redistribute 0.047 ntt 0.627 crt 0.001 out 0.040 carry 0.025
cache_trace node 1: piece (3, 2) of 5 x 6, 17293295 + 14411079 limbs at 80702043, slots 0 x 4 primes: A - B - | 0.714 s: redistribute 0.047 ntt 0.627 crt 0.001 out 0.036 carry 0.025
cache_trace node 0: piece (3, 3) of 5 x 6, 17293295 + 14411079 limbs at 95113122, slots 0 x 4 primes: A - B - | 0.690 s: redistribute 0.041 ntt 0.605 crt 0.001 out 0.027 carry 0.024
cache_trace node 1: piece (3, 3) of 5 x 6, 17293295 + 14411079 limbs at 95113122, slots 0 x 4 primes: A - B - | 0.690 s: redistribute 0.037 ntt 0.605 crt 0.001 out 0.029 carry 0.024
cache_trace node 0: piece (3, 4) of 5 x 6, 17293295 + 14411079 limbs at 109524201, slots 0 x 4 primes: A - B - | 0.708 s: redistribute 0.045 ntt 0.627 crt 0.001 out 0.037 carry 0.016
cache_trace node 1: piece (3, 4) of 5 x 6, 17293295 + 14411079 limbs at 109524201, slots 0 x 4 primes: A - B - | 0.708 s: redistribute 0.035 ntt 0.631 crt 0.001 out 0.042 carry 0.016
cache_trace node 0: piece (3, 5) of 5 x 6, 17293295 + 14411076 limbs at 123935280, slots 0 x 4 primes: A - B - | 0.682 s: redistribute 0.035 ntt 0.604 crt 0.001 out 0.029 carry 0.017
cache_trace node 1: piece (3, 5) of 5 x 6, 17293295 + 14411076 limbs at 123935280, slots 0 x 4 primes: A - B - | 0.682 s: redistribute 0.032 ntt 0.611 crt 0.001 out 0.028 carry 0.016
cache_trace node 0: piece (4, 0) of 5 x 6, 17293291 + 14411079 limbs at 69173180, slots 0 x 4 primes: A - B - | 0.711 s: redistribute 0.035 ntt 0.631 crt 0.001 out 0.040 carry 0.018
cache_trace node 1: piece (4, 0) of 5 x 6, 17293291 + 14411079 limbs at 69173180, slots 0 x 4 primes: A - B - | 0.711 s: redistribute 0.036 ntt 0.632 crt 0.001 out 0.041 carry 0.018
cache_trace node 0: piece (4, 1) of 5 x 6, 17293291 + 14411079 limbs at 83584259, slots 0 x 4 primes: A - B - | 0.725 s: redistribute 0.040 ntt 0.642 crt 0.001 out 0.041 carry 0.021
cache_trace node 1: piece (4, 1) of 5 x 6, 17293291 + 14411079 limbs at 83584259, slots 0 x 4 primes: A - B - | 0.725 s: redistribute 0.043 ntt 0.636 crt 0.001 out 0.045 carry 0.021
cache_trace node 0: piece (4, 2) of 5 x 6, 17293291 + 14411079 limbs at 97995338, slots 0 x 4 primes: A - B - | 0.711 s: redistribute 0.035 ntt 0.627 crt 0.001 out 0.034 carry 0.021
cache_trace node 1: piece (4, 2) of 5 x 6, 17293291 + 14411079 limbs at 97995338, slots 0 x 4 primes: A - B - | 0.711 s: redistribute 0.035 ntt 0.623 crt 0.001 out 0.035 carry 0.021
cache_trace node 0: piece (4, 3) of 5 x 6, 17293291 + 14411079 limbs at 112406417, slots 0 x 4 primes: A - B - | 0.689 s: redistribute 0.048 ntt 0.615 crt 0.001 out 0.033 carry 0.014
cache_trace node 1: piece (4, 3) of 5 x 6, 17293291 + 14411079 limbs at 112406417, slots 0 x 4 primes: A - B - | 0.689 s: redistribute 0.047 ntt 0.612 crt 0.001 out 0.035 carry 0.014
cache_trace node 0: piece (4, 4) of 5 x 6, 17293291 + 14411079 limbs at 126817496, slots 0 x 4 primes: A - B - | 0.702 s: redistribute 0.038 ntt 0.621 crt 0.001 out 0.032 carry 0.019
cache_trace node 1: piece (4, 4) of 5 x 6, 17293291 + 14411079 limbs at 126817496, slots 0 x 4 primes: A - B - | 0.702 s: redistribute 0.037 ntt 0.619 crt 0.001 out 0.034 carry 0.019
cache_trace node 0: piece (4, 5) of 5 x 6, 17293291 + 14411076 limbs at 141228575, slots 0 x 4 primes: A - B - | 0.690 s: redistribute 0.035 ntt 0.604 crt 0.001 out 0.043 carry 0.019
dist_mn node 0: 86466471 x 86466471 limbs over 2 x 4 ranks (cap 2^25): 5 x 6 pieces, 20 formed, 10 skipped (low cut) (cache 0 slots, partial: 0 hits, 0 misses)
cache_trace node 1: piece (4, 5) of 5 x 6, 17293291 + 14411076 limbs at 141228575, slots 0 x 4 primes: A - B - | 0.690 s: redistribute 0.035 ntt 0.604 crt 0.001 out 0.036 carry 0.019
dist_mn node 1: 86466471 x 86466471 limbs over 2 x 4 ranks (cap 2^25): 5 x 6 pieces, 20 formed, 10 skipped (low cut) (cache 0 slots, partial: 0 hits, 0 misses)
cx_grid node 1: rep 0 (warm-up) shape 5x6_lowcut (86466471 x 86466471, cut 86466471 / -1) slots 0: 14.133 s, cache 0 hits 0 misses, C sha256 9cd829468ba4e146 same
cx_grid node 0: rep 0 (warm-up) shape 5x6_lowcut (86466471 x 86466471, cut 86466471 / -1) slots 0: 14.133 s, cache 0 hits 0 misses, C sha256 9b670fb53bd43257 same
cache_trace node 0: piece (0, 0) of 5 x 6, 17293295 + 14411079 limbs at 0, slots 0 x 4 primes: A - B - | 0.675 s: redistribute 0.036 ntt 0.621 crt 0.001 out 0.029 carry 0.001
cache_trace node 1: piece (0, 0) of 5 x 6, 17293295 + 14411079 limbs at 0, slots 0 x 4 primes: A - B - | 0.675 s: redistribute 0.037 ntt 0.621 crt 0.001 out 0.033 carry 0.001
cache_trace node 0: piece (0, 1) of 5 x 6, 17293295 + 14411079 limbs at 14411079, slots 0 x 4 primes: A - B - | 0.701 s: redistribute 0.042 ntt 0.619 crt 0.001 out 0.030 carry 0.018
cache_trace node 1: piece (0, 1) of 5 x 6, 17293295 + 14411079 limbs at 14411079, slots 0 x 4 primes: A - B - | 0.701 s: redistribute 0.045 ntt 0.618 crt 0.001 out 0.029 carry 0.018
cache_trace node 0: piece (0, 2) of 5 x 6, 17293295 + 14411079 limbs at 28822158, slots 0 x 4 primes: A - B - | 0.707 s: redistribute 0.036 ntt 0.625 crt 0.001 out 0.039 carry 0.019
cache_trace node 1: piece (0, 2) of 5 x 6, 17293295 + 14411079 limbs at 28822158, slots 0 x 4 primes: A - B - | 0.707 s: redistribute 0.039 ntt 0.623 crt 0.001 out 0.038 carry 0.019
cache_trace node 0: piece (0, 3) of 5 x 6, 17293295 + 14411079 limbs at 43233237, slots 0 x 4 primes: A - B - | 0.693 s: redistribute 0.041 ntt 0.617 crt 0.001 out 0.035 carry 0.015
cache_trace node 1: piece (0, 3) of 5 x 6, 17293295 + 14411079 limbs at 43233237, slots 0 x 4 primes: A - B - | 0.693 s: redistribute 0.040 ntt 0.618 crt 0.001 out 0.036 carry 0.015
cache_trace node 0: piece (0, 4) of 5 x 6, 17293295 + 14411079 limbs at 57644316, slots 0 x 4 primes: A - B - | 0.682 s: redistribute 0.040 ntt 0.605 crt 0.001 out 0.032 carry 0.017
cache_trace node 1: piece (0, 4) of 5 x 6, 17293295 + 14411079 limbs at 57644316, slots 0 x 4 primes: A - B - | 0.682 s: redistribute 0.040 ntt 0.612 crt 0.001 out 0.026 carry 0.017
cache_trace node 0: piece (0, 5) of 5 x 6, 17293295 + 14411076 limbs at 72055395, slots 0 x 4 primes: A - B - | 0.681 s: redistribute 0.039 ntt 0.621 crt 0.001 out 0.019 carry 0.009
cache_trace node 1: piece (0, 5) of 5 x 6, 17293295 + 14411076 limbs at 72055395, slots 0 x 4 primes: A - B - | 0.681 s: redistribute 0.039 ntt 0.624 crt 0.001 out 0.019 carry 0.009
cache_trace node 0: piece (1, 0) of 5 x 6, 17293295 + 14411079 limbs at 17293295, slots 0 x 4 primes: A - B - | 0.696 s: redistribute 0.038 ntt 0.620 crt 0.001 out 0.038 carry 0.014
cache_trace node 1: piece (1, 0) of 5 x 6, 17293295 + 14411079 limbs at 17293295, slots 0 x 4 primes: A - B - | 0.696 s: redistribute 0.039 ntt 0.616 crt 0.001 out 0.038 carry 0.014
cache_trace node 0: piece (1, 1) of 5 x 6, 17293295 + 14411079 limbs at 31704374, slots 0 x 4 primes: A - B - | 0.690 s: redistribute 0.039 ntt 0.605 crt 0.001 out 0.037 carry 0.018
cache_trace node 1: piece (1, 1) of 5 x 6, 17293295 + 14411079 limbs at 31704374, slots 0 x 4 primes: A - B - | 0.690 s: redistribute 0.039 ntt 0.602 crt 0.001 out 0.042 carry 0.018
cache_trace node 0: piece (1, 2) of 5 x 6, 17293295 + 14411079 limbs at 46115453, slots 0 x 4 primes: A - B - | 0.680 s: redistribute 0.034 ntt 0.609 crt 0.001 out 0.034 carry 0.011
cache_trace node 1: piece (1, 2) of 5 x 6, 17293295 + 14411079 limbs at 46115453, slots 0 x 4 primes: A - B - | 0.680 s: redistribute 0.034 ntt 0.606 crt 0.001 out 0.033 carry 0.010
cache_trace node 0: piece (1, 3) of 5 x 6, 17293295 + 14411079 limbs at 60526532, slots 0 x 4 primes: A - B - | 0.694 s: redistribute 0.041 ntt 0.628 crt 0.001 out 0.028 carry 0.014
cache_trace node 1: piece (1, 3) of 5 x 6, 17293295 + 14411079 limbs at 60526532, slots 0 x 4 primes: A - B - | 0.694 s: redistribute 0.040 ntt 0.631 crt 0.001 out 0.027 carry 0.014
cache_trace node 0: piece (1, 4) of 5 x 6, 17293295 + 14411079 limbs at 74937611, slots 0 x 4 primes: A - B - | 0.676 s: redistribute 0.050 ntt 0.614 crt 0.001 out 0.023 carry 0.009
cache_trace node 1: piece (1, 4) of 5 x 6, 17293295 + 14411079 limbs at 74937611, slots 0 x 4 primes: A - B - | 0.676 s: redistribute 0.050 ntt 0.613 crt 0.001 out 0.020 carry 0.009
cache_trace node 0: piece (2, 0) of 5 x 6, 17293295 + 14411079 limbs at 34586590, slots 0 x 4 primes: A - B - | 0.707 s: redistribute 0.038 ntt 0.617 crt 0.001 out 0.039 carry 0.017
cache_trace node 1: piece (2, 0) of 5 x 6, 17293295 + 14411079 limbs at 34586590, slots 0 x 4 primes: A - B - | 0.707 s: redistribute 0.046 ntt 0.619 crt 0.001 out 0.035 carry 0.017
cache_trace node 0: piece (2, 1) of 5 x 6, 17293295 + 14411079 limbs at 48997669, slots 0 x 4 primes: A - B - | 0.672 s: redistribute 0.043 ntt 0.597 crt 0.001 out 0.031 carry 0.006
cache_trace node 1: piece (2, 1) of 5 x 6, 17293295 + 14411079 limbs at 48997669, slots 0 x 4 primes: A - B - | 0.672 s: redistribute 0.043 ntt 0.591 crt 0.001 out 0.035 carry 0.006
cache_trace node 0: piece (2, 2) of 5 x 6, 17293295 + 14411079 limbs at 63408748, slots 0 x 4 primes: A - B - | 0.671 s: redistribute 0.040 ntt 0.603 crt 0.001 out 0.025 carry 0.017
cache_trace node 1: piece (2, 2) of 5 x 6, 17293295 + 14411079 limbs at 63408748, slots 0 x 4 primes: A - B - | 0.671 s: redistribute 0.040 ntt 0.602 crt 0.001 out 0.024 carry 0.017
cache_trace node 0: piece (2, 3) of 5 x 6, 17293295 + 14411079 limbs at 77819827, slots 0 x 4 primes: A - B - | 0.682 s: redistribute 0.047 ntt 0.618 crt 0.001 out 0.022 carry 0.007
cache_trace node 1: piece (2, 3) of 5 x 6, 17293295 + 14411079 limbs at 77819827, slots 0 x 4 primes: A - B - | 0.682 s: redistribute 0.043 ntt 0.624 crt 0.001 out 0.019 carry 0.007
cache_trace node 0: piece (3, 0) of 5 x 6, 17293295 + 14411079 limbs at 51879885, slots 0 x 4 primes: A - B - | 0.701 s: redistribute 0.038 ntt 0.631 crt 0.001 out 0.030 carry 0.012
cache_trace node 1: piece (3, 0) of 5 x 6, 17293295 + 14411079 limbs at 51879885, slots 0 x 4 primes: A - B - | 0.701 s: redistribute 0.038 ntt 0.625 crt 0.001 out 0.032 carry 0.012
cache_trace node 0: piece (3, 1) of 5 x 6, 17293295 + 14411079 limbs at 66290964, slots 0 x 4 primes: A - B - | 0.685 s: redistribute 0.035 ntt 0.617 crt 0.001 out 0.025 carry 0.015
cache_trace node 1: piece (3, 1) of 5 x 6, 17293295 + 14411079 limbs at 66290964, slots 0 x 4 primes: A - B - | 0.686 s: redistribute 0.035 ntt 0.621 crt 0.001 out 0.024 carry 0.015
cache_trace node 0: piece (3, 2) of 5 x 6, 17293295 + 14411079 limbs at 80702043, slots 0 x 4 primes: A - B - | 0.662 s: redistribute 0.043 ntt 0.617 crt 0.001 out 0.013 carry 0.004
cache_trace node 1: piece (3, 2) of 5 x 6, 17293295 + 14411079 limbs at 80702043, slots 0 x 4 primes: A - B - | 0.662 s: redistribute 0.047 ntt 0.621 crt 0.001 out 0.013 carry 0.004
cache_trace node 0: piece (4, 0) of 5 x 6, 17293291 + 14411079 limbs at 69173180, slots 0 x 4 primes: A - B - | 0.693 s: redistribute 0.038 ntt 0.631 crt 0.001 out 0.017 carry 0.010
cache_trace node 1: piece (4, 0) of 5 x 6, 17293291 + 14411079 limbs at 69173180, slots 0 x 4 primes: A - B - | 0.693 s: redistribute 0.039 ntt 0.625 crt 0.001 out 0.023 carry 0.009
cache_trace node 0: piece (4, 1) of 5 x 6, 17293291 + 14411079 limbs at 83584259, slots 0 x 4 primes: A - B - | 0.647 s: redistribute 0.030 ntt 0.619 crt 0.001 out 0.010 carry 0.002
dist_mn node 0: 86466471 x 86466471 limbs over 2 x 4 ranks (cap 2^25): 5 x 6 pieces, 20 formed, 10 skipped (low product) (cache 0 slots, partial: 0 hits, 0 misses)
cache_trace node 1: piece (4, 1) of 5 x 6, 17293291 + 14411079 limbs at 83584259, slots 0 x 4 primes: A - B - | 0.647 s: redistribute 0.030 ntt 0.617 crt 0.001 out 0.008 carry 0.002
dist_mn node 1: 86466471 x 86466471 limbs over 2 x 4 ranks (cap 2^25): 5 x 6 pieces, 20 formed, 10 skipped (low product) (cache 0 slots, partial: 0 hits, 0 misses)
cx_grid node 1: rep 0 (warm-up) shape 5x6_highcut (86466471 x 86466471, cut 0 / 86466471) slots 0: 13.702 s, cache 0 hits 0 misses, C sha256 27b0af0492a0457e same
cx_grid node 0: rep 0 (warm-up) shape 5x6_highcut (86466471 x 86466471, cut 0 / 86466471) slots 0: 13.702 s, cache 0 hits 0 misses, C sha256 cf16d9f968b3c1fc same
cache_trace node 0: piece (0, 0) of 2 x 3, 19897701 + 13265928 limbs at 0, slots 0 x 4 primes: A - B - | 0.661 s: redistribute 0.033 ntt 0.598 crt 0.001 out 0.033 carry 0.001
cache_trace node 1: piece (0, 0) of 2 x 3, 19897701 + 13265928 limbs at 0, slots 0 x 4 primes: A - B - | 0.661 s: redistribute 0.032 ntt 0.600 crt 0.001 out 0.031 carry 0.001
cache_trace node 0: piece (0, 1) of 2 x 3, 19897701 + 13265928 limbs at 13265928, slots 0 x 4 primes: A - B - | 0.709 s: redistribute 0.043 ntt 0.619 crt 0.001 out 0.038 carry 0.018
cache_trace node 1: piece (0, 1) of 2 x 3, 19897701 + 13265928 limbs at 13265928, slots 0 x 4 primes: A - B - | 0.709 s: redistribute 0.041 ntt 0.616 crt 0.001 out 0.043 carry 0.018
cache_trace node 0: piece (0, 2) of 2 x 3, 19897701 + 13265926 limbs at 26531856, slots 0 x 4 primes: A - B - | 0.693 s: redistribute 0.037 ntt 0.605 crt 0.001 out 0.040 carry 0.018
cache_trace node 1: piece (0, 2) of 2 x 3, 19897701 + 13265926 limbs at 26531856, slots 0 x 4 primes: A - B - | 0.693 s: redistribute 0.035 ntt 0.608 crt 0.001 out 0.043 carry 0.019
cache_trace node 0: piece (1, 0) of 2 x 3, 19897700 + 13265928 limbs at 19897701, slots 0 x 4 primes: A - B - | 0.714 s: redistribute 0.042 ntt 0.624 crt 0.001 out 0.044 carry 0.020
cache_trace node 1: piece (1, 0) of 2 x 3, 19897700 + 13265928 limbs at 19897701, slots 0 x 4 primes: A - B - | 0.714 s: redistribute 0.041 ntt 0.625 crt 0.001 out 0.039 carry 0.020
cache_trace node 0: piece (1, 1) of 2 x 3, 19897700 + 13265928 limbs at 33163629, slots 0 x 4 primes: A - B - | 0.701 s: redistribute 0.044 ntt 0.615 crt 0.001 out 0.038 carry 0.017
cache_trace node 1: piece (1, 1) of 2 x 3, 19897700 + 13265928 limbs at 33163629, slots 0 x 4 primes: A - B - | 0.701 s: redistribute 0.042 ntt 0.620 crt 0.001 out 0.038 carry 0.017
cache_trace node 0: piece (1, 2) of 2 x 3, 19897700 + 13265926 limbs at 46429557, slots 0 x 4 primes: A - B - | 0.691 s: redistribute 0.044 ntt 0.615 crt 0.001 out 0.033 carry 0.012
dist_mn node 0: 39795401 x 39797782 limbs over 2 x 4 ranks (cap 2^25): 2 x 3 pieces, 6 formed, 0 skipped (cache 0 slots, partial: 0 hits, 0 misses)
cache_trace node 1: piece (1, 2) of 2 x 3, 19897700 + 13265926 limbs at 46429557, slots 0 x 4 primes: A - B - | 0.691 s: redistribute 0.042 ntt 0.617 crt 0.001 out 0.034 carry 0.012
dist_mn node 1: 39795401 x 39797782 limbs over 2 x 4 ranks (cap 2^25): 2 x 3 pieces, 6 formed, 0 skipped (cache 0 slots, partial: 0 hits, 0 misses)
cx_grid node 1: rep 1 shape 2x3_full (39795401 x 39797782, cut 0 / -1) slots 0: 4.171 s, cache 0 hits 0 misses, C sha256 b53fe65e9accfa51 same
cx_grid node 0: rep 1 shape 2x3_full (39795401 x 39797782, cut 0 / -1) slots 0: 4.171 s, cache 0 hits 0 misses, C sha256 19fe5a72de532305 same
   transform cache (RNS_DIST_CACHE_PARTIAL) node 0: 1 slot of 1 of 4 primes, q 2^22.00, from the block pool: 0.03 GB per APU (0.13 per node) | pool free 0.62 GB per APU (the smallest), the product's need 0.17, margin 0.50 -> 1 planes (RNS_DIST_CACHE_PARTIAL_FORCE)
   transform cache (RNS_DIST_CACHE_PARTIAL) node 1: 1 slot of 1 of 4 primes, q 2^22.00, from the block pool: 0.03 GB per APU (0.13 per node) | pool free 0.84 GB per APU (the smallest), the product's need 0.17, margin 0.50 -> 1 planes (RNS_DIST_CACHE_PARTIAL_FORCE)
cache_trace node 0: piece (0, 0) of 2 x 3, 19897701 + 13265928 limbs at 0, slots 1 x 1 prime: A cached B - | 0.664 s: redistribute 0.040 ntt 0.609 crt 0.001 out 0.028 carry 0.001
cache_trace node 1: piece (0, 0) of 2 x 3, 19897701 + 13265928 limbs at 0, slots 1 x 1 prime: A cached B - | 0.664 s: redistribute 0.039 ntt 0.614 crt 0.001 out 0.023 carry 0.001
cache_trace node 0: piece (0, 1) of 2 x 3, 19897701 + 13265928 limbs at 13265928, slots 1 x 1 prime: A HIT B - | 0.632 s: redistribute 0.036 ntt 0.549 crt 0.001 out 0.035 carry 0.017
cache_trace node 1: piece (0, 1) of 2 x 3, 19897701 + 13265928 limbs at 13265928, slots 1 x 1 prime: A HIT B - | 0.631 s: redistribute 0.035 ntt 0.548 crt 0.001 out 0.037 carry 0.018
cache_trace node 0: piece (0, 2) of 2 x 3, 19897701 + 13265926 limbs at 26531856, slots 1 x 1 prime: A HIT B - | 0.637 s: redistribute 0.036 ntt 0.545 crt 0.001 out 0.047 carry 0.020
cache_trace node 1: piece (0, 2) of 2 x 3, 19897701 + 13265926 limbs at 26531856, slots 1 x 1 prime: A HIT B - | 0.637 s: redistribute 0.036 ntt 0.549 crt 0.001 out 0.043 carry 0.020
cache_trace node 0: piece (1, 0) of 2 x 3, 19897700 + 13265928 limbs at 19897701, slots 1 x 1 prime: A cached B - | 0.699 s: redistribute 0.036 ntt 0.605 crt 0.001 out 0.047 carry 0.020
cache_trace node 1: piece (1, 0) of 2 x 3, 19897700 + 13265928 limbs at 19897701, slots 1 x 1 prime: A cached B - | 0.699 s: redistribute 0.035 ntt 0.608 crt 0.001 out 0.045 carry 0.020
cache_trace node 0: piece (1, 1) of 2 x 3, 19897700 + 13265928 limbs at 33163629, slots 1 x 1 prime: A HIT B - | 0.648 s: redistribute 0.036 ntt 0.562 crt 0.001 out 0.043 carry 0.016
cache_trace node 1: piece (1, 1) of 2 x 3, 19897700 + 13265928 limbs at 33163629, slots 1 x 1 prime: A HIT B - | 0.648 s: redistribute 0.036 ntt 0.564 crt 0.001 out 0.044 carry 0.015
cache_trace node 0: piece (1, 2) of 2 x 3, 19897700 + 13265926 limbs at 46429557, slots 1 x 1 prime: A HIT B - | 0.651 s: redistribute 0.046 ntt 0.578 crt 0.001 out 0.029 carry 0.012
dist_mn node 0: 39795401 x 39797782 limbs over 2 x 4 ranks (cap 2^25): 2 x 3 pieces, 6 formed, 0 skipped (cache 1 slots of 1 prime, partial: 4 hits, 2 misses)
cache_trace node 1: piece (1, 2) of 2 x 3, 19897700 + 13265926 limbs at 46429557, slots 1 x 1 prime: A HIT B - | 0.651 s: redistribute 0.044 ntt 0.579 crt 0.001 out 0.029 carry 0.012
dist_mn node 1: 39795401 x 39797782 limbs over 2 x 4 ranks (cap 2^25): 2 x 3 pieces, 6 formed, 0 skipped (cache 1 slots of 1 prime, partial: 4 hits, 2 misses)
cx_grid node 1: rep 1 shape 2x3_full (39795401 x 39797782, cut 0 / -1) slots 1: 3.934 s, cache 4 hits 2 misses, C sha256 b53fe65e9accfa51 same
cx_grid node 0: rep 1 shape 2x3_full (39795401 x 39797782, cut 0 / -1) slots 1: 3.934 s, cache 4 hits 2 misses, C sha256 19fe5a72de532305 same
cache_trace node 0: piece (0, 0) of 2 x 6, 19675988 + 13211365 limbs at 0, slots 0 x 4 primes: A - B - | 0.675 s: redistribute 0.027 ntt 0.617 crt 0.001 out 0.038 carry 0.001
cache_trace node 1: piece (0, 0) of 2 x 6, 19675988 + 13211365 limbs at 0, slots 0 x 4 primes: A - B - | 0.675 s: redistribute 0.027 ntt 0.614 crt 0.001 out 0.033 carry 0.002
cache_trace node 0: piece (0, 1) of 2 x 6, 19675988 + 13211365 limbs at 13211365, slots 0 x 4 primes: A - B - | 0.730 s: redistribute 0.038 ntt 0.657 crt 0.001 out 0.030 carry 0.011
cache_trace node 1: piece (0, 1) of 2 x 6, 19675988 + 13211365 limbs at 13211365, slots 0 x 4 primes: A - B - | 0.730 s: redistribute 0.038 ntt 0.655 crt 0.001 out 0.031 carry 0.012
cache_trace node 0: piece (0, 2) of 2 x 6, 19675988 + 13211365 limbs at 26422730, slots 0 x 4 primes: A - B - | 0.728 s: redistribute 0.049 ntt 0.635 crt 0.001 out 0.030 carry 0.022
cache_trace node 1: piece (0, 2) of 2 x 6, 19675988 + 13211365 limbs at 26422730, slots 0 x 4 primes: A - B - | 0.728 s: redistribute 0.048 ntt 0.640 crt 0.001 out 0.032 carry 0.023
cache_trace node 0: piece (0, 3) of 2 x 6, 19675988 + 13211365 limbs at 39634095, slots 0 x 4 primes: A - B - | 0.711 s: redistribute 0.043 ntt 0.618 crt 0.001 out 0.045 carry 0.017
cache_trace node 1: piece (0, 3) of 2 x 6, 19675988 + 13211365 limbs at 39634095, slots 0 x 4 primes: A - B - | 0.711 s: redistribute 0.043 ntt 0.623 crt 0.001 out 0.043 carry 0.018
cache_trace node 0: piece (0, 4) of 2 x 6, 19675988 + 13211365 limbs at 52845460, slots 0 x 4 primes: A - B - | 0.686 s: redistribute 0.044 ntt 0.602 crt 0.001 out 0.031 carry 0.022
cache_trace node 1: piece (0, 4) of 2 x 6, 19675988 + 13211365 limbs at 52845460, slots 0 x 4 primes: A - B - | 0.686 s: redistribute 0.042 ntt 0.597 crt 0.001 out 0.034 carry 0.022
cache_trace node 0: piece (0, 5) of 2 x 6, 19675988 + 13211362 limbs at 66056825, slots 0 x 4 primes: A - B - | 0.702 s: redistribute 0.043 ntt 0.613 crt 0.001 out 0.033 carry 0.017
cache_trace node 1: piece (0, 5) of 2 x 6, 19675988 + 13211362 limbs at 66056825, slots 0 x 4 primes: A - B - | 0.702 s: redistribute 0.043 ntt 0.614 crt 0.001 out 0.033 carry 0.017
cache_trace node 0: piece (1, 0) of 2 x 6, 19675988 + 13211365 limbs at 19675988, slots 0 x 4 primes: A - B - | 0.678 s: redistribute 0.031 ntt 0.596 crt 0.001 out 0.036 carry 0.018
cache_trace node 1: piece (1, 0) of 2 x 6, 19675988 + 13211365 limbs at 19675988, slots 0 x 4 primes: A - B - | 0.678 s: redistribute 0.027 ntt 0.600 crt 0.001 out 0.035 carry 0.018
cache_trace node 0: piece (1, 1) of 2 x 6, 19675988 + 13211365 limbs at 32887353, slots 0 x 4 primes: A - B - | 0.701 s: redistribute 0.035 ntt 0.615 crt 0.001 out 0.037 carry 0.020
cache_trace node 1: piece (1, 1) of 2 x 6, 19675988 + 13211365 limbs at 32887353, slots 0 x 4 primes: A - B - | 0.701 s: redistribute 0.032 ntt 0.612 crt 0.001 out 0.036 carry 0.020
cache_trace node 0: piece (1, 2) of 2 x 6, 19675988 + 13211365 limbs at 46098718, slots 0 x 4 primes: A - B - | 0.713 s: redistribute 0.053 ntt 0.614 crt 0.001 out 0.039 carry 0.021
cache_trace node 1: piece (1, 2) of 2 x 6, 19675988 + 13211365 limbs at 46098718, slots 0 x 4 primes: A - B - | 0.713 s: redistribute 0.053 ntt 0.618 crt 0.001 out 0.036 carry 0.022
cache_trace node 0: piece (1, 3) of 2 x 6, 19675988 + 13211365 limbs at 59310083, slots 0 x 4 primes: A - B - | 0.685 s: redistribute 0.044 ntt 0.596 crt 0.001 out 0.035 carry 0.020
cache_trace node 1: piece (1, 3) of 2 x 6, 19675988 + 13211365 limbs at 59310083, slots 0 x 4 primes: A - B - | 0.685 s: redistribute 0.043 ntt 0.597 crt 0.001 out 0.035 carry 0.020
cache_trace node 0: piece (1, 4) of 2 x 6, 19675988 + 13211365 limbs at 72521448, slots 0 x 4 primes: A - B - | 0.687 s: redistribute 0.040 ntt 0.611 crt 0.001 out 0.036 carry 0.012
cache_trace node 1: piece (1, 4) of 2 x 6, 19675988 + 13211365 limbs at 72521448, slots 0 x 4 primes: A - B - | 0.687 s: redistribute 0.039 ntt 0.617 crt 0.001 out 0.035 carry 0.011
cache_trace node 0: piece (1, 5) of 2 x 6, 19675988 + 13211362 limbs at 85732813, slots 0 x 4 primes: A - B - | 0.683 s: redistribute 0.037 ntt 0.604 crt 0.001 out 0.036 carry 0.022
dist_mn node 0: 39351976 x 79268187 limbs over 2 x 4 ranks (cap 2^25): 2 x 6 pieces, 12 formed, 0 skipped (cache 0 slots, partial: 0 hits, 0 misses)
cache_trace node 1: piece (1, 5) of 2 x 6, 19675988 + 13211362 limbs at 85732813, slots 0 x 4 primes: A - B - | 0.683 s: redistribute 0.037 ntt 0.605 crt 0.001 out 0.031 carry 0.022
dist_mn node 1: 39351976 x 79268187 limbs over 2 x 4 ranks (cap 2^25): 2 x 6 pieces, 12 formed, 0 skipped (cache 0 slots, partial: 0 hits, 0 misses)
cx_grid node 0: rep 1 shape 2x6_full (39351976 x 79268187, cut 0 / -1) slots 0: 8.381 s, cache 0 hits 0 misses, C sha256 48a8b6d3da21f87f same
cx_grid node 1: rep 1 shape 2x6_full (39351976 x 79268187, cut 0 / -1) slots 0: 8.381 s, cache 0 hits 0 misses, C sha256 da0b208cf6df82ca same
   transform cache (RNS_DIST_CACHE_PARTIAL) node 0: 1 slot of 1 of 4 primes, q 2^22.00, from the block pool: 0.03 GB per APU (0.13 per node) | pool free 0.55 GB per APU (the smallest), the product's need 0.17, margin 0.50 -> 1 planes (RNS_DIST_CACHE_PARTIAL_FORCE)
   transform cache (RNS_DIST_CACHE_PARTIAL) node 1: 1 slot of 1 of 4 primes, q 2^22.00, from the block pool: 0.03 GB per APU (0.13 per node) | pool free 0.76 GB per APU (the smallest), the product's need 0.17, margin 0.50 -> 1 planes (RNS_DIST_CACHE_PARTIAL_FORCE)
cache_trace node 0: piece (0, 0) of 2 x 6, 19675988 + 13211365 limbs at 0, slots 1 x 1 prime: A cached B - | 0.650 s: redistribute 0.041 ntt 0.596 crt 0.001 out 0.025 carry 0.001
cache_trace node 1: piece (0, 0) of 2 x 6, 19675988 + 13211365 limbs at 0, slots 1 x 1 prime: A cached B - | 0.650 s: redistribute 0.040 ntt 0.593 crt 0.001 out 0.025 carry 0.001
cache_trace node 0: piece (0, 1) of 2 x 6, 19675988 + 13211365 limbs at 13211365, slots 1 x 1 prime: A HIT B - | 0.619 s: redistribute 0.035 ntt 0.545 crt 0.001 out 0.028 carry 0.011
cache_trace node 1: piece (0, 1) of 2 x 6, 19675988 + 13211365 limbs at 13211365, slots 1 x 1 prime: A HIT B - | 0.619 s: redistribute 0.035 ntt 0.548 crt 0.001 out 0.024 carry 0.012
cache_trace node 0: piece (0, 2) of 2 x 6, 19675988 + 13211365 limbs at 26422730, slots 1 x 1 prime: A HIT B - | 0.654 s: redistribute 0.043 ntt 0.564 crt 0.001 out 0.030 carry 0.022
cache_trace node 1: piece (0, 2) of 2 x 6, 19675988 + 13211365 limbs at 26422730, slots 1 x 1 prime: A HIT B - | 0.654 s: redistribute 0.041 ntt 0.572 crt 0.001 out 0.026 carry 0.023
cache_trace node 0: piece (0, 3) of 2 x 6, 19675988 + 13211365 limbs at 39634095, slots 1 x 1 prime: A HIT B - | 0.654 s: redistribute 0.036 ntt 0.564 crt 0.001 out 0.038 carry 0.017
cache_trace node 1: piece (0, 3) of 2 x 6, 19675988 + 13211365 limbs at 39634095, slots 1 x 1 prime: A HIT B - | 0.654 s: redistribute 0.035 ntt 0.563 crt 0.001 out 0.041 carry 0.018
cache_trace node 0: piece (0, 4) of 2 x 6, 19675988 + 13211365 limbs at 52845460, slots 1 x 1 prime: A HIT B - | 0.678 s: redistribute 0.041 ntt 0.573 crt 0.001 out 0.045 carry 0.021
cache_trace node 1: piece (0, 4) of 2 x 6, 19675988 + 13211365 limbs at 52845460, slots 1 x 1 prime: A HIT B - | 0.678 s: redistribute 0.037 ntt 0.575 crt 0.001 out 0.044 carry 0.021
cache_trace node 0: piece (0, 5) of 2 x 6, 19675988 + 13211362 limbs at 66056825, slots 1 x 1 prime: A HIT B - | 0.650 s: redistribute 0.041 ntt 0.565 crt 0.001 out 0.029 carry 0.017
cache_trace node 1: piece (0, 5) of 2 x 6, 19675988 + 13211362 limbs at 66056825, slots 1 x 1 prime: A HIT B - | 0.650 s: redistribute 0.038 ntt 0.566 crt 0.001 out 0.033 carry 0.017
cache_trace node 0: piece (1, 0) of 2 x 6, 19675988 + 13211365 limbs at 19675988, slots 1 x 1 prime: A cached B - | 0.709 s: redistribute 0.040 ntt 0.627 crt 0.001 out 0.036 carry 0.018
cache_trace node 1: piece (1, 0) of 2 x 6, 19675988 + 13211365 limbs at 19675988, slots 1 x 1 prime: A cached B - | 0.709 s: redistribute 0.040 ntt 0.626 crt 0.001 out 0.036 carry 0.018
cache_trace node 0: piece (1, 1) of 2 x 6, 19675988 + 13211365 limbs at 32887353, slots 1 x 1 prime: A HIT B - | 0.653 s: redistribute 0.041 ntt 0.553 crt 0.001 out 0.046 carry 0.020
cache_trace node 1: piece (1, 1) of 2 x 6, 19675988 + 13211365 limbs at 32887353, slots 1 x 1 prime: A HIT B - | 0.653 s: redistribute 0.037 ntt 0.557 crt 0.001 out 0.042 carry 0.020
cache_trace node 0: piece (1, 2) of 2 x 6, 19675988 + 13211365 limbs at 46098718, slots 1 x 1 prime: A HIT B - | 0.648 s: redistribute 0.040 ntt 0.562 crt 0.001 out 0.039 carry 0.019
cache_trace node 1: piece (1, 2) of 2 x 6, 19675988 + 13211365 limbs at 46098718, slots 1 x 1 prime: A HIT B - | 0.648 s: redistribute 0.040 ntt 0.565 crt 0.001 out 0.037 carry 0.018
cache_trace node 0: piece (1, 3) of 2 x 6, 19675988 + 13211365 limbs at 59310083, slots 1 x 1 prime: A HIT B - | 0.644 s: redistribute 0.034 ntt 0.563 crt 0.001 out 0.033 carry 0.020
cache_trace node 1: piece (1, 3) of 2 x 6, 19675988 + 13211365 limbs at 59310083, slots 1 x 1 prime: A HIT B - | 0.644 s: redistribute 0.033 ntt 0.567 crt 0.001 out 0.029 carry 0.020
cache_trace node 0: piece (1, 4) of 2 x 6, 19675988 + 13211365 limbs at 72521448, slots 1 x 1 prime: A HIT B - | 0.643 s: redistribute 0.040 ntt 0.572 crt 0.001 out 0.032 carry 0.011
cache_trace node 1: piece (1, 4) of 2 x 6, 19675988 + 13211365 limbs at 72521448, slots 1 x 1 prime: A HIT B - | 0.643 s: redistribute 0.039 ntt 0.575 crt 0.001 out 0.035 carry 0.011
cache_trace node 0: piece (1, 5) of 2 x 6, 19675988 + 13211362 limbs at 85732813, slots 1 x 1 prime: A HIT B - | 0.659 s: redistribute 0.042 ntt 0.563 crt 0.001 out 0.030 carry 0.023
dist_mn node 0: 39351976 x 79268187 limbs over 2 x 4 ranks (cap 2^25): 2 x 6 pieces, 12 formed, 0 skipped (cache 1 slots of 1 prime, partial: 10 hits, 2 misses)
cache_trace node 1: piece (1, 5) of 2 x 6, 19675988 + 13211362 limbs at 85732813, slots 1 x 1 prime: A HIT B - | 0.659 s: redistribute 0.041 ntt 0.566 crt 0.001 out 0.035 carry 0.022
dist_mn node 1: 39351976 x 79268187 limbs over 2 x 4 ranks (cap 2^25): 2 x 6 pieces, 12 formed, 0 skipped (cache 1 slots of 1 prime, partial: 10 hits, 2 misses)
cx_grid node 1: rep 1 shape 2x6_full (39351976 x 79268187, cut 0 / -1) slots 1: 7.867 s, cache 10 hits 2 misses, C sha256 da0b208cf6df82ca same
cx_grid node 0: rep 1 shape 2x6_full (39351976 x 79268187, cut 0 / -1) slots 1: 7.866 s, cache 10 hits 2 misses, C sha256 48a8b6d3da21f87f same
cache_trace node 0: piece (0, 0) of 2 x 2, 14558814 + 14827520 limbs at 0, slots 0 x 4 primes: A - B - | 0.642 s: redistribute 0.025 ntt 0.592 crt 0.001 out 0.033 carry 0.001
cache_trace node 1: piece (0, 0) of 2 x 2, 14558814 + 14827520 limbs at 0, slots 0 x 4 primes: A - B - | 0.642 s: redistribute 0.025 ntt 0.591 crt 0.001 out 0.030 carry 0.001
cache_trace node 0: piece (1, 0) of 2 x 2, 14558813 + 14827520 limbs at 14558814, slots 0 x 4 primes: A - B - | 0.708 s: redistribute 0.049 ntt 0.609 crt 0.001 out 0.038 carry 0.015
cache_trace node 1: piece (1, 0) of 2 x 2, 14558813 + 14827520 limbs at 14558814, slots 0 x 4 primes: A - B - | 0.708 s: redistribute 0.048 ntt 0.612 crt 0.001 out 0.036 carry 0.015
cache_trace node 0: piece (0, 1) of 2 x 2, 14558814 + 14827520 limbs at 14827520, slots 0 x 4 primes: A - B - | 0.685 s: redistribute 0.043 ntt 0.601 crt 0.001 out 0.037 carry 0.013
cache_trace node 1: piece (0, 1) of 2 x 2, 14558814 + 14827520 limbs at 14827520, slots 0 x 4 primes: A - B - | 0.685 s: redistribute 0.042 ntt 0.601 crt 0.001 out 0.038 carry 0.013
cache_trace node 0: piece (1, 1) of 2 x 2, 14558813 + 14827520 limbs at 29386334, slots 0 x 4 primes: A - B - | 0.677 s: redistribute 0.039 ntt 0.616 crt 0.001 out 0.029 carry 0.002
dist_mn node 0: 29117627 x 29655040 limbs over 2 x 4 ranks (cap 2^25): 2 x 2 pieces, 4 formed, 0 skipped (cache 0 slots, partial: 0 hits, 0 misses)
cache_trace node 1: piece (1, 1) of 2 x 2, 14558813 + 14827520 limbs at 29386334, slots 0 x 4 primes: A - B - | 0.677 s: redistribute 0.035 ntt 0.613 crt 0.001 out 0.032 carry 0.002
dist_mn node 1: 29117627 x 29655040 limbs over 2 x 4 ranks (cap 2^25): 2 x 2 pieces, 4 formed, 0 skipped (cache 0 slots, partial: 0 hits, 0 misses)
cx_grid node 1: rep 1 shape 2x2_full (29117627 x 29655040, cut 0 / -1) slots 0: 2.716 s, cache 0 hits 0 misses, C sha256 d38838bf1dea5a21 same
cx_grid node 0: rep 1 shape 2x2_full (29117627 x 29655040, cut 0 / -1) slots 0: 2.716 s, cache 0 hits 0 misses, C sha256 178231cd1ef2b51a same
   transform cache (RNS_DIST_CACHE_PARTIAL) node 0: 1 slot of 1 of 4 primes, q 2^22.00, from the block pool: 0.03 GB per APU (0.13 per node) | pool free 0.67 GB per APU (the smallest), the product's need 0.15, margin 0.50 -> 1 planes (RNS_DIST_CACHE_PARTIAL_FORCE)
   transform cache (RNS_DIST_CACHE_PARTIAL) node 1: 1 slot of 1 of 4 primes, q 2^22.00, from the block pool: 0.03 GB per APU (0.13 per node) | pool free 0.88 GB per APU (the smallest), the product's need 0.15, margin 0.50 -> 1 planes (RNS_DIST_CACHE_PARTIAL_FORCE)
cache_trace node 0: piece (0, 0) of 2 x 2, 14558814 + 14827520 limbs at 0, slots 1 x 1 prime: A - B cached | 0.662 s: redistribute 0.028 ntt 0.614 crt 0.001 out 0.022 carry 0.001
cache_trace node 1: piece (0, 0) of 2 x 2, 14558814 + 14827520 limbs at 0, slots 1 x 1 prime: A - B cached | 0.662 s: redistribute 0.028 ntt 0.611 crt 0.001 out 0.026 carry 0.001
cache_trace node 0: piece (1, 0) of 2 x 2, 14558813 + 14827520 limbs at 14558814, slots 1 x 1 prime: A - B HIT | 0.673 s: redistribute 0.032 ntt 0.593 crt 0.001 out 0.046 carry 0.014
cache_trace node 1: piece (1, 0) of 2 x 2, 14558813 + 14827520 limbs at 14558814, slots 1 x 1 prime: A - B HIT | 0.673 s: redistribute 0.032 ntt 0.588 crt 0.001 out 0.044 carry 0.014
cache_trace node 0: piece (0, 1) of 2 x 2, 14558814 + 14827520 limbs at 14827520, slots 1 x 1 prime: A - B cached | 0.717 s: redistribute 0.040 ntt 0.636 crt 0.001 out 0.041 carry 0.013
cache_trace node 1: piece (0, 1) of 2 x 2, 14558814 + 14827520 limbs at 14827520, slots 1 x 1 prime: A - B cached | 0.717 s: redistribute 0.040 ntt 0.634 crt 0.001 out 0.036 carry 0.013
cache_trace node 0: piece (1, 1) of 2 x 2, 14558813 + 14827520 limbs at 29386334, slots 1 x 1 prime: A - B HIT | 0.639 s: redistribute 0.046 ntt 0.571 crt 0.001 out 0.034 carry 0.002
dist_mn node 0: 29117627 x 29655040 limbs over 2 x 4 ranks (cap 2^25): 2 x 2 pieces, 4 formed, 0 skipped (cache 1 slots of 1 prime, partial: 2 hits, 2 misses)
cache_trace node 1: piece (1, 1) of 2 x 2, 14558813 + 14827520 limbs at 29386334, slots 1 x 1 prime: A - B HIT | 0.639 s: redistribute 0.039 ntt 0.571 crt 0.001 out 0.032 carry 0.002
dist_mn node 1: 29117627 x 29655040 limbs over 2 x 4 ranks (cap 2^25): 2 x 2 pieces, 4 formed, 0 skipped (cache 1 slots of 1 prime, partial: 2 hits, 2 misses)
cx_grid node 1: rep 1 shape 2x2_full (29117627 x 29655040, cut 0 / -1) slots 1: 2.694 s, cache 2 hits 2 misses, C sha256 d38838bf1dea5a21 same
cx_grid node 0: rep 1 shape 2x2_full (29117627 x 29655040, cut 0 / -1) slots 1: 2.694 s, cache 2 hits 2 misses, C sha256 178231cd1ef2b51a same
cache_trace node 0: piece (0, 0) of 2 x 2, 21616618 + 10808309 limbs at 0, slots 0 x 4 primes: A - B - | 0.675 s: redistribute 0.037 ntt 0.600 crt 0.001 out 0.047 carry 0.001
cache_trace node 1: piece (0, 0) of 2 x 2, 21616618 + 10808309 limbs at 0, slots 0 x 4 primes: A - B - | 0.675 s: redistribute 0.037 ntt 0.598 crt 0.001 out 0.047 carry 0.001
cache_trace node 0: piece (1, 0) of 2 x 2, 21616617 + 10808309 limbs at 21616618, slots 0 x 4 primes: A - B - | 0.669 s: redistribute 0.039 ntt 0.614 crt 0.001 out 0.028 carry 0.001
cache_trace node 1: piece (1, 0) of 2 x 2, 21616617 + 10808309 limbs at 21616618, slots 0 x 4 primes: A - B - | 0.669 s: redistribute 0.039 ntt 0.615 crt 0.001 out 0.031 carry 0.001
cache_trace node 0: piece (0, 1) of 2 x 2, 21616618 + 10808308 limbs at 10808309, slots 0 x 4 primes: A - B - | 0.706 s: redistribute 0.056 ntt 0.623 crt 0.001 out 0.042 carry 0.008
cache_trace node 1: piece (0, 1) of 2 x 2, 21616618 + 10808308 limbs at 10808309, slots 0 x 4 primes: A - B - | 0.706 s: redistribute 0.056 ntt 0.621 crt 0.001 out 0.041 carry 0.008
cache_trace node 0: piece (1, 1) of 2 x 2, 21616617 + 10808308 limbs at 32424927, slots 0 x 4 primes: A - B - | 0.676 s: redistribute 0.043 ntt 0.624 crt 0.001 out 0.016 carry 0.007
dist_mn node 0: 43233235 x 21616617 limbs over 2 x 4 ranks (cap 2^25): 2 x 2 pieces, 4 formed, 0 skipped (low product) (low cut) (cache 0 slots, partial: 0 hits, 0 misses)
cache_trace node 1: piece (1, 1) of 2 x 2, 21616617 + 10808308 limbs at 32424927, slots 0 x 4 primes: A - B - | 0.676 s: redistribute 0.042 ntt 0.620 crt 0.001 out 0.020 carry 0.007
dist_mn node 1: 43233235 x 21616617 limbs over 2 x 4 ranks (cap 2^25): 2 x 2 pieces, 4 formed, 0 skipped (low product) (low cut) (cache 0 slots, partial: 0 hits, 0 misses)
cx_grid node 1: rep 1 shape 2x2_lowhighcut (43233235 x 21616617, cut 21616617 / 43233235) slots 0: 2.728 s, cache 0 hits 0 misses, C sha256 7aa2576d183901df same
cx_grid node 0: rep 1 shape 2x2_lowhighcut (43233235 x 21616617, cut 21616617 / 43233235) slots 0: 2.728 s, cache 0 hits 0 misses, C sha256 4a296081451480d4 same
   transform cache (RNS_DIST_CACHE_PARTIAL) node 0: 1 slot of 1 of 4 primes, q 2^22.00, from the block pool: 0.03 GB per APU (0.13 per node) | pool free 0.70 GB per APU (the smallest), the product's need 0.15, margin 0.50 -> 1 planes (RNS_DIST_CACHE_PARTIAL_FORCE)
   transform cache (RNS_DIST_CACHE_PARTIAL) node 1: 1 slot of 1 of 4 primes, q 2^22.00, from the block pool: 0.03 GB per APU (0.13 per node) | pool free 0.91 GB per APU (the smallest), the product's need 0.15, margin 0.50 -> 1 planes (RNS_DIST_CACHE_PARTIAL_FORCE)
cache_trace node 0: piece (0, 0) of 2 x 2, 21616618 + 10808309 limbs at 0, slots 1 x 1 prime: A - B cached | 0.692 s: redistribute 0.029 ntt 0.623 crt 0.001 out 0.044 carry 0.001
cache_trace node 1: piece (0, 0) of 2 x 2, 21616618 + 10808309 limbs at 0, slots 1 x 1 prime: A - B cached | 0.692 s: redistribute 0.038 ntt 0.626 crt 0.001 out 0.044 carry 0.001
cache_trace node 0: piece (1, 0) of 2 x 2, 21616617 + 10808309 limbs at 21616618, slots 1 x 1 prime: A - B HIT | 0.597 s: redistribute 0.035 ntt 0.542 crt 0.001 out 0.024 carry 0.001
cache_trace node 1: piece (1, 0) of 2 x 2, 21616617 + 10808309 limbs at 21616618, slots 1 x 1 prime: A - B HIT | 0.597 s: redistribute 0.035 ntt 0.546 crt 0.001 out 0.023 carry 0.001
cache_trace node 0: piece (0, 1) of 2 x 2, 21616618 + 10808308 limbs at 10808309, slots 1 x 1 prime: A - B cached | 0.695 s: redistribute 0.056 ntt 0.626 crt 0.001 out 0.034 carry 0.008
cache_trace node 1: piece (0, 1) of 2 x 2, 21616618 + 10808308 limbs at 10808309, slots 1 x 1 prime: A - B cached | 0.695 s: redistribute 0.055 ntt 0.631 crt 0.001 out 0.035 carry 0.008
cache_trace node 0: piece (1, 1) of 2 x 2, 21616617 + 10808308 limbs at 32424927, slots 1 x 1 prime: A - B HIT | 0.645 s: redistribute 0.044 ntt 0.584 crt 0.001 out 0.017 carry 0.007
dist_mn node 0: 43233235 x 21616617 limbs over 2 x 4 ranks (cap 2^25): 2 x 2 pieces, 4 formed, 0 skipped (low product) (low cut) (cache 1 slots of 1 prime, partial: 2 hits, 2 misses)
cache_trace node 1: piece (1, 1) of 2 x 2, 21616617 + 10808308 limbs at 32424927, slots 1 x 1 prime: A - B HIT | 0.645 s: redistribute 0.042 ntt 0.585 crt 0.001 out 0.022 carry 0.007
dist_mn node 1: 43233235 x 21616617 limbs over 2 x 4 ranks (cap 2^25): 2 x 2 pieces, 4 formed, 0 skipped (low product) (low cut) (cache 1 slots of 1 prime, partial: 2 hits, 2 misses)
cx_grid node 1: rep 1 shape 2x2_lowhighcut (43233235 x 21616617, cut 21616617 / 43233235) slots 1: 2.631 s, cache 2 hits 2 misses, C sha256 7aa2576d183901df same
cx_grid node 0: rep 1 shape 2x2_lowhighcut (43233235 x 21616617, cut 21616617 / 43233235) slots 1: 2.631 s, cache 2 hits 2 misses, C sha256 4a296081451480d4 same
cache_trace node 0: piece (0, 0) of 1 x 2, 21616617 + 10808309 limbs at 0, slots 0 x 4 primes: A - B - | 0.678 s: redistribute 0.046 ntt 0.607 crt 0.001 out 0.039 carry 0.001
cache_trace node 1: piece (0, 0) of 1 x 2, 21616617 + 10808309 limbs at 0, slots 0 x 4 primes: A - B - | 0.678 s: redistribute 0.048 ntt 0.596 crt 0.001 out 0.042 carry 0.001
cache_trace node 0: piece (0, 1) of 1 x 2, 21616617 + 10808308 limbs at 10808309, slots 0 x 4 primes: A - B - | 0.697 s: redistribute 0.047 ntt 0.615 crt 0.001 out 0.035 carry 0.008
dist_mn node 0: 21616617 x 21616617 limbs over 2 x 4 ranks (cap 2^25): 1 x 2 pieces, 2 formed, 0 skipped (low cut) (cache 0 slots, partial: 0 hits, 0 misses)
cache_trace node 1: piece (0, 1) of 1 x 2, 21616617 + 10808308 limbs at 10808309, slots 0 x 4 primes: A - B - | 0.697 s: redistribute 0.045 ntt 0.617 crt 0.001 out 0.039 carry 0.008
dist_mn node 1: 21616617 x 21616617 limbs over 2 x 4 ranks (cap 2^25): 1 x 2 pieces, 2 formed, 0 skipped (low cut) (cache 0 slots, partial: 0 hits, 0 misses)
cx_grid node 1: rep 1 shape 1x2_lowcut (21616617 x 21616617, cut 21616617 / -1) slots 0: 1.376 s, cache 0 hits 0 misses, C sha256 e750181209d87254 same
cx_grid node 0: rep 1 shape 1x2_lowcut (21616617 x 21616617, cut 21616617 / -1) slots 0: 1.376 s, cache 0 hits 0 misses, C sha256 300cb49213d3d27f same
   transform cache (RNS_DIST_CACHE_PARTIAL) node 0: 1 slot of 1 of 4 primes, q 2^22.00, from the block pool: 0.03 GB per APU (0.13 per node) | pool free 0.70 GB per APU (the smallest), the product's need 0.13, margin 0.50 -> 1 planes (RNS_DIST_CACHE_PARTIAL_FORCE)
   transform cache (RNS_DIST_CACHE_PARTIAL) node 1: 1 slot of 1 of 4 primes, q 2^22.00, from the block pool: 0.03 GB per APU (0.13 per node) | pool free 0.91 GB per APU (the smallest), the product's need 0.13, margin 0.50 -> 1 planes (RNS_DIST_CACHE_PARTIAL_FORCE)
cache_trace node 0: piece (0, 0) of 1 x 2, 21616617 + 10808309 limbs at 0, slots 1 x 1 prime: A cached B - | 0.703 s: redistribute 0.063 ntt 0.604 crt 0.001 out 0.039 carry 0.001
cache_trace node 1: piece (0, 0) of 1 x 2, 21616617 + 10808309 limbs at 0, slots 1 x 1 prime: A cached B - | 0.703 s: redistribute 0.064 ntt 0.600 crt 0.001 out 0.044 carry 0.001
cache_trace node 0: piece (0, 1) of 1 x 2, 21616617 + 10808308 limbs at 10808309, slots 1 x 1 prime: A HIT B - | 0.631 s: redistribute 0.033 ntt 0.557 crt 0.001 out 0.039 carry 0.008
dist_mn node 0: 21616617 x 21616617 limbs over 2 x 4 ranks (cap 2^25): 1 x 2 pieces, 2 formed, 0 skipped (low cut) (cache 1 slots of 1 prime, partial: 1 hits, 1 misses)
cache_trace node 1: piece (0, 1) of 1 x 2, 21616617 + 10808308 limbs at 10808309, slots 1 x 1 prime: A HIT B - | 0.631 s: redistribute 0.031 ntt 0.555 crt 0.001 out 0.039 carry 0.008
dist_mn node 1: 21616617 x 21616617 limbs over 2 x 4 ranks (cap 2^25): 1 x 2 pieces, 2 formed, 0 skipped (low cut) (cache 1 slots of 1 prime, partial: 1 hits, 1 misses)
cx_grid node 1: rep 1 shape 1x2_lowcut (21616617 x 21616617, cut 21616617 / -1) slots 1: 1.335 s, cache 1 hits 1 misses, C sha256 e750181209d87254 same
cx_grid node 0: rep 1 shape 1x2_lowcut (21616617 x 21616617, cut 21616617 / -1) slots 1: 1.335 s, cache 1 hits 1 misses, C sha256 300cb49213d3d27f same
cache_trace node 0: piece (1, 0) of 5 x 3, 17293295 + 14411079 limbs at 17293295, slots 0 x 4 primes: A - B - | 0.677 s: redistribute 0.028 ntt 0.604 crt 0.001 out 0.032 carry 0.016
cache_trace node 1: piece (1, 0) of 5 x 3, 17293295 + 14411079 limbs at 17293295, slots 0 x 4 primes: A - B - | 0.677 s: redistribute 0.029 ntt 0.604 crt 0.001 out 0.033 carry 0.016
cache_trace node 0: piece (2, 0) of 5 x 3, 17293295 + 14411079 limbs at 34586590, slots 0 x 4 primes: A - B - | 0.692 s: redistribute 0.042 ntt 0.600 crt 0.001 out 0.039 carry 0.017
cache_trace node 1: piece (2, 0) of 5 x 3, 17293295 + 14411079 limbs at 34586590, slots 0 x 4 primes: A - B - | 0.692 s: redistribute 0.042 ntt 0.605 crt 0.001 out 0.041 carry 0.017
cache_trace node 0: piece (3, 0) of 5 x 3, 17293295 + 14411079 limbs at 51879885, slots 0 x 4 primes: A - B - | 0.694 s: redistribute 0.045 ntt 0.625 crt 0.001 out 0.030 carry 0.012
cache_trace node 1: piece (3, 0) of 5 x 3, 17293295 + 14411079 limbs at 51879885, slots 0 x 4 primes: A - B - | 0.694 s: redistribute 0.047 ntt 0.625 crt 0.001 out 0.033 carry 0.012
cache_trace node 0: piece (4, 0) of 5 x 3, 17293291 + 14411079 limbs at 69173180, slots 0 x 4 primes: A - B - | 0.673 s: redistribute 0.035 ntt 0.615 crt 0.001 out 0.023 carry 0.009
cache_trace node 1: piece (4, 0) of 5 x 3, 17293291 + 14411079 limbs at 69173180, slots 0 x 4 primes: A - B - | 0.673 s: redistribute 0.037 ntt 0.614 crt 0.001 out 0.021 carry 0.009
cache_trace node 0: piece (0, 1) of 5 x 3, 17293295 + 14411079 limbs at 14411079, slots 0 x 4 primes: A - B - | 0.704 s: redistribute 0.041 ntt 0.631 crt 0.001 out 0.034 carry 0.017
cache_trace node 1: piece (0, 1) of 5 x 3, 17293295 + 14411079 limbs at 14411079, slots 0 x 4 primes: A - B - | 0.704 s: redistribute 0.041 ntt 0.631 crt 0.001 out 0.032 carry 0.017
cache_trace node 0: piece (1, 1) of 5 x 3, 17293295 + 14411079 limbs at 31704374, slots 0 x 4 primes: A - B - | 0.675 s: redistribute 0.031 ntt 0.594 crt 0.001 out 0.041 carry 0.018
cache_trace node 1: piece (1, 1) of 5 x 3, 17293295 + 14411079 limbs at 31704374, slots 0 x 4 primes: A - B - | 0.675 s: redistribute 0.035 ntt 0.593 crt 0.001 out 0.034 carry 0.018
cache_trace node 0: piece (2, 1) of 5 x 3, 17293295 + 14411079 limbs at 48997669, slots 0 x 4 primes: A - B - | 0.687 s: redistribute 0.045 ntt 0.609 crt 0.001 out 0.035 carry 0.006
cache_trace node 1: piece (2, 1) of 5 x 3, 17293295 + 14411079 limbs at 48997669, slots 0 x 4 primes: A - B - | 0.687 s: redistribute 0.046 ntt 0.613 crt 0.001 out 0.034 carry 0.006
cache_trace node 0: piece (3, 1) of 5 x 3, 17293295 + 14411079 limbs at 66290964, slots 0 x 4 primes: A - B - | 0.702 s: redistribute 0.045 ntt 0.625 crt 0.001 out 0.024 carry 0.014
cache_trace node 1: piece (3, 1) of 5 x 3, 17293295 + 14411079 limbs at 66290964, slots 0 x 4 primes: A - B - | 0.702 s: redistribute 0.045 ntt 0.628 crt 0.001 out 0.024 carry 0.014
cache_trace node 0: piece (4, 1) of 5 x 3, 17293291 + 14411079 limbs at 83584259, slots 0 x 4 primes: A - B - | 0.658 s: redistribute 0.036 ntt 0.616 crt 0.001 out 0.007 carry 0.002
cache_trace node 1: piece (4, 1) of 5 x 3, 17293291 + 14411079 limbs at 83584259, slots 0 x 4 primes: A - B - | 0.658 s: redistribute 0.037 ntt 0.617 crt 0.001 out 0.012 carry 0.002
cache_trace node 0: piece (0, 2) of 5 x 3, 17293295 + 14411077 limbs at 28822158, slots 0 x 4 primes: A - B - | 0.716 s: redistribute 0.037 ntt 0.624 crt 0.001 out 0.044 carry 0.015
cache_trace node 1: piece (0, 2) of 5 x 3, 17293295 + 14411077 limbs at 28822158, slots 0 x 4 primes: A - B - | 0.716 s: redistribute 0.036 ntt 0.626 crt 0.001 out 0.040 carry 0.015
cache_trace node 0: piece (1, 2) of 5 x 3, 17293295 + 14411077 limbs at 46115453, slots 0 x 4 primes: A - B - | 0.701 s: redistribute 0.040 ntt 0.625 crt 0.001 out 0.032 carry 0.011
cache_trace node 1: piece (1, 2) of 5 x 3, 17293295 + 14411077 limbs at 46115453, slots 0 x 4 primes: A - B - | 0.701 s: redistribute 0.039 ntt 0.628 crt 0.001 out 0.033 carry 0.011
cache_trace node 0: piece (2, 2) of 5 x 3, 17293295 + 14411077 limbs at 63408748, slots 0 x 4 primes: A - B - | 0.692 s: redistribute 0.048 ntt 0.614 crt 0.001 out 0.025 carry 0.016
cache_trace node 1: piece (2, 2) of 5 x 3, 17293295 + 14411077 limbs at 63408748, slots 0 x 4 primes: A - B - | 0.692 s: redistribute 0.045 ntt 0.620 crt 0.001 out 0.028 carry 0.016
cache_trace node 0: piece (3, 2) of 5 x 3, 17293295 + 14411077 limbs at 80702043, slots 0 x 4 primes: A - B - | 0.655 s: redistribute 0.037 ntt 0.607 crt 0.001 out 0.015 carry 0.004
dist_mn node 0: 86466471 x 43233235 limbs over 2 x 4 ranks (cap 2^25): 5 x 3 pieces, 13 formed, 2 skipped (low product) (low cut) (cache 0 slots, partial: 0 hits, 0 misses)
cache_trace node 1: piece (3, 2) of 5 x 3, 17293295 + 14411077 limbs at 80702043, slots 0 x 4 primes: A - B - | 0.655 s: redistribute 0.037 ntt 0.611 crt 0.001 out 0.011 carry 0.004
dist_mn node 1: 86466471 x 43233235 limbs over 2 x 4 ranks (cap 2^25): 5 x 3 pieces, 13 formed, 2 skipped (low product) (low cut) (cache 0 slots, partial: 0 hits, 0 misses)
cx_grid node 1: rep 1 shape 5x3_lowhighcut (86466471 x 43233235, cut 43233235 / 86466471) slots 0: 8.931 s, cache 0 hits 0 misses, C sha256 83d94cc607ada3a3 same
cx_grid node 0: rep 1 shape 5x3_lowhighcut (86466471 x 43233235, cut 43233235 / 86466471) slots 0: 8.931 s, cache 0 hits 0 misses, C sha256 b427999dae1366c7 same
   transform cache (RNS_DIST_CACHE_PARTIAL) node 0: 1 slot of 1 of 4 primes, q 2^22.00, from the block pool: 0.03 GB per APU (0.13 per node) | pool free 0.61 GB per APU (the smallest), the product's need 0.16, margin 0.50 -> 1 planes (RNS_DIST_CACHE_PARTIAL_FORCE)
   transform cache (RNS_DIST_CACHE_PARTIAL) node 1: 1 slot of 1 of 4 primes, q 2^22.00, from the block pool: 0.03 GB per APU (0.13 per node) | pool free 0.82 GB per APU (the smallest), the product's need 0.16, margin 0.50 -> 1 planes (RNS_DIST_CACHE_PARTIAL_FORCE)
cache_trace node 0: piece (1, 0) of 5 x 3, 17293295 + 14411079 limbs at 17293295, slots 1 x 1 prime: A - B cached | 0.702 s: redistribute 0.030 ntt 0.628 crt 0.001 out 0.034 carry 0.015
cache_trace node 1: piece (1, 0) of 5 x 3, 17293295 + 14411079 limbs at 17293295, slots 1 x 1 prime: A - B cached | 0.702 s: redistribute 0.031 ntt 0.630 crt 0.001 out 0.036 carry 0.015
cache_trace node 0: piece (2, 0) of 5 x 3, 17293295 + 14411079 limbs at 34586590, slots 1 x 1 prime: A - B HIT | 0.653 s: redistribute 0.044 ntt 0.560 crt 0.001 out 0.041 carry 0.017
cache_trace node 1: piece (2, 0) of 5 x 3, 17293295 + 14411079 limbs at 34586590, slots 1 x 1 prime: A - B HIT | 0.653 s: redistribute 0.044 ntt 0.562 crt 0.001 out 0.043 carry 0.017
cache_trace node 0: piece (3, 0) of 5 x 3, 17293295 + 14411079 limbs at 51879885, slots 1 x 1 prime: A - B HIT | 0.631 s: redistribute 0.031 ntt 0.560 crt 0.001 out 0.030 carry 0.011
cache_trace node 1: piece (3, 0) of 5 x 3, 17293295 + 14411079 limbs at 51879885, slots 1 x 1 prime: A - B HIT | 0.631 s: redistribute 0.035 ntt 0.559 crt 0.001 out 0.034 carry 0.012
cache_trace node 0: piece (4, 0) of 5 x 3, 17293291 + 14411079 limbs at 69173180, slots 1 x 1 prime: A - B HIT | 0.618 s: redistribute 0.033 ntt 0.557 crt 0.001 out 0.024 carry 0.009
cache_trace node 1: piece (4, 0) of 5 x 3, 17293291 + 14411079 limbs at 69173180, slots 1 x 1 prime: A - B HIT | 0.618 s: redistribute 0.033 ntt 0.558 crt 0.001 out 0.023 carry 0.009
cache_trace node 0: piece (0, 1) of 5 x 3, 17293295 + 14411079 limbs at 14411079, slots 1 x 1 prime: A - B cached | 0.684 s: redistribute 0.035 ntt 0.605 crt 0.001 out 0.031 carry 0.019
cache_trace node 1: piece (0, 1) of 5 x 3, 17293295 + 14411079 limbs at 14411079, slots 1 x 1 prime: A - B cached | 0.684 s: redistribute 0.039 ntt 0.604 crt 0.001 out 0.028 carry 0.019
cache_trace node 0: piece (1, 1) of 5 x 3, 17293295 + 14411079 limbs at 31704374, slots 1 x 1 prime: A - B HIT | 0.616 s: redistribute 0.028 ntt 0.534 crt 0.001 out 0.037 carry 0.018
cache_trace node 1: piece (1, 1) of 5 x 3, 17293295 + 14411079 limbs at 31704374, slots 1 x 1 prime: A - B HIT | 0.616 s: redistribute 0.029 ntt 0.535 crt 0.001 out 0.036 carry 0.018
cache_trace node 0: piece (2, 1) of 5 x 3, 17293295 + 14411079 limbs at 48997669, slots 1 x 1 prime: A - B HIT | 0.639 s: redistribute 0.046 ntt 0.564 crt 0.001 out 0.034 carry 0.006
cache_trace node 1: piece (2, 1) of 5 x 3, 17293295 + 14411079 limbs at 48997669, slots 1 x 1 prime: A - B HIT | 0.639 s: redistribute 0.045 ntt 0.570 crt 0.001 out 0.029 carry 0.006
cache_trace node 0: piece (3, 1) of 5 x 3, 17293295 + 14411079 limbs at 66290964, slots 1 x 1 prime: A - B HIT | 0.633 s: redistribute 0.040 ntt 0.567 crt 0.001 out 0.028 carry 0.015
cache_trace node 1: piece (3, 1) of 5 x 3, 17293295 + 14411079 limbs at 66290964, slots 1 x 1 prime: A - B HIT | 0.633 s: redistribute 0.040 ntt 0.557 crt 0.001 out 0.027 carry 0.014
cache_trace node 0: piece (4, 1) of 5 x 3, 17293291 + 14411079 limbs at 83584259, slots 1 x 1 prime: A - B HIT | 0.608 s: redistribute 0.038 ntt 0.562 crt 0.001 out 0.008 carry 0.002
cache_trace node 1: piece (4, 1) of 5 x 3, 17293291 + 14411079 limbs at 83584259, slots 1 x 1 prime: A - B HIT | 0.608 s: redistribute 0.035 ntt 0.568 crt 0.001 out 0.011 carry 0.002
cache_trace node 0: piece (0, 2) of 5 x 3, 17293295 + 14411077 limbs at 28822158, slots 1 x 1 prime: A - B cached | 0.689 s: redistribute 0.039 ntt 0.612 crt 0.001 out 0.033 carry 0.018
cache_trace node 1: piece (0, 2) of 5 x 3, 17293295 + 14411077 limbs at 28822158, slots 1 x 1 prime: A - B cached | 0.689 s: redistribute 0.034 ntt 0.607 crt 0.001 out 0.040 carry 0.018
cache_trace node 0: piece (1, 2) of 5 x 3, 17293295 + 14411077 limbs at 46115453, slots 1 x 1 prime: A - B HIT | 0.662 s: redistribute 0.040 ntt 0.580 crt 0.001 out 0.036 carry 0.011
cache_trace node 1: piece (1, 2) of 5 x 3, 17293295 + 14411077 limbs at 46115453, slots 1 x 1 prime: A - B HIT | 0.662 s: redistribute 0.040 ntt 0.585 crt 0.001 out 0.030 carry 0.010
cache_trace node 0: piece (2, 2) of 5 x 3, 17293295 + 14411077 limbs at 63408748, slots 1 x 1 prime: A - B HIT | 0.660 s: redistribute 0.052 ntt 0.580 crt 0.001 out 0.028 carry 0.017
cache_trace node 1: piece (2, 2) of 5 x 3, 17293295 + 14411077 limbs at 63408748, slots 1 x 1 prime: A - B HIT | 0.660 s: redistribute 0.047 ntt 0.576 crt 0.001 out 0.030 carry 0.016
cache_trace node 0: piece (3, 2) of 5 x 3, 17293295 + 14411077 limbs at 80702043, slots 1 x 1 prime: A - B HIT | 0.614 s: redistribute 0.038 ntt 0.564 crt 0.001 out 0.011 carry 0.004
dist_mn node 0: 86466471 x 43233235 limbs over 2 x 4 ranks (cap 2^25): 5 x 3 pieces, 13 formed, 2 skipped (low product) (low cut) (cache 1 slots of 1 prime, partial: 10 hits, 3 misses)
cache_trace node 1: piece (3, 2) of 5 x 3, 17293295 + 14411077 limbs at 80702043, slots 1 x 1 prime: A - B HIT | 0.614 s: redistribute 0.038 ntt 0.566 crt 0.001 out 0.010 carry 0.004
dist_mn node 1: 86466471 x 43233235 limbs over 2 x 4 ranks (cap 2^25): 5 x 3 pieces, 13 formed, 2 skipped (low product) (low cut) (cache 1 slots of 1 prime, partial: 10 hits, 3 misses)
cx_grid node 1: rep 1 shape 5x3_lowhighcut (86466471 x 43233235, cut 43233235 / 86466471) slots 1: 8.413 s, cache 10 hits 3 misses, C sha256 83d94cc607ada3a3 same
cx_grid node 0: rep 1 shape 5x3_lowhighcut (86466471 x 43233235, cut 43233235 / 86466471) slots 1: 8.413 s, cache 10 hits 3 misses, C sha256 b427999dae1366c7 same
cache_trace node 0: piece (0, 1) of 2 x 4, 21616618 + 10808309 limbs at 10808309, slots 0 x 4 primes: A - B - | 0.680 s: redistribute 0.029 ntt 0.605 crt 0.001 out 0.033 carry 0.017
cache_trace node 1: piece (0, 1) of 2 x 4, 21616618 + 10808309 limbs at 10808309, slots 0 x 4 primes: A - B - | 0.680 s: redistribute 0.030 ntt 0.599 crt 0.001 out 0.035 carry 0.018
cache_trace node 0: piece (0, 2) of 2 x 4, 21616618 + 10808309 limbs at 21616618, slots 0 x 4 primes: A - B - | 0.683 s: redistribute 0.045 ntt 0.582 crt 0.001 out 0.051 carry 0.018
cache_trace node 1: piece (0, 2) of 2 x 4, 21616618 + 10808309 limbs at 21616618, slots 0 x 4 primes: A - B - | 0.683 s: redistribute 0.045 ntt 0.585 crt 0.001 out 0.046 carry 0.018
cache_trace node 0: piece (0, 3) of 2 x 4, 21616618 + 10808308 limbs at 32424927, slots 0 x 4 primes: A - B - | 0.680 s: redistribute 0.047 ntt 0.593 crt 0.001 out 0.036 carry 0.017
cache_trace node 1: piece (0, 3) of 2 x 4, 21616618 + 10808308 limbs at 32424927, slots 0 x 4 primes: A - B - | 0.680 s: redistribute 0.044 ntt 0.592 crt 0.001 out 0.036 carry 0.017
cache_trace node 0: piece (1, 0) of 2 x 4, 21616617 + 10808309 limbs at 21616618, slots 0 x 4 primes: A - B - | 0.732 s: redistribute 0.043 ntt 0.637 crt 0.001 out 0.043 carry 0.018
cache_trace node 1: piece (1, 0) of 2 x 4, 21616617 + 10808309 limbs at 21616618, slots 0 x 4 primes: A - B - | 0.732 s: redistribute 0.047 ntt 0.637 crt 0.001 out 0.042 carry 0.018
cache_trace node 0: piece (1, 1) of 2 x 4, 21616617 + 10808309 limbs at 32424927, slots 0 x 4 primes: A - B - | 0.691 s: redistribute 0.032 ntt 0.603 crt 0.001 out 0.041 carry 0.018
cache_trace node 1: piece (1, 1) of 2 x 4, 21616617 + 10808309 limbs at 32424927, slots 0 x 4 primes: A - B - | 0.691 s: redistribute 0.033 ntt 0.606 crt 0.001 out 0.041 carry 0.018
cache_trace node 0: piece (1, 2) of 2 x 4, 21616617 + 10808309 limbs at 43233236, slots 0 x 4 primes: A - B - | 0.712 s: redistribute 0.049 ntt 0.625 crt 0.001 out 0.032 carry 0.015
cache_trace node 1: piece (1, 2) of 2 x 4, 21616617 + 10808309 limbs at 43233236, slots 0 x 4 primes: A - B - | 0.712 s: redistribute 0.049 ntt 0.630 crt 0.001 out 0.033 carry 0.015
cache_trace node 0: piece (1, 3) of 2 x 4, 21616617 + 10808308 limbs at 54041545, slots 0 x 4 primes: A - B - | 0.701 s: redistribute 0.042 ntt 0.617 crt 0.001 out 0.032 carry 0.017
dist_mn node 0: 43233235 x 43233235 limbs over 2 x 4 ranks (cap 2^25): 2 x 4 pieces, 7 formed, 1 skipped (low cut) (cache 0 slots, partial: 0 hits, 0 misses)
cache_trace node 1: piece (1, 3) of 2 x 4, 21616617 + 10808308 limbs at 54041545, slots 0 x 4 primes: A - B - | 0.701 s: redistribute 0.041 ntt 0.616 crt 0.001 out 0.036 carry 0.017
dist_mn node 1: 43233235 x 43233235 limbs over 2 x 4 ranks (cap 2^25): 2 x 4 pieces, 7 formed, 1 skipped (low cut) (cache 0 slots, partial: 0 hits, 0 misses)
cx_grid node 1: rep 1 shape 2x4_lowcut (43233235 x 43233235, cut 43233235 / -1) slots 0: 4.882 s, cache 0 hits 0 misses, C sha256 ec985af0744fe53f same
cx_grid node 0: rep 1 shape 2x4_lowcut (43233235 x 43233235, cut 43233235 / -1) slots 0: 4.882 s, cache 0 hits 0 misses, C sha256 3f1673aba78d5f9c same
   transform cache (RNS_DIST_CACHE_PARTIAL) node 0: 1 slot of 1 of 4 primes, q 2^22.00, from the block pool: 0.03 GB per APU (0.13 per node) | pool free 0.61 GB per APU (the smallest), the product's need 0.17, margin 0.50 -> 1 planes (RNS_DIST_CACHE_PARTIAL_FORCE)
   transform cache (RNS_DIST_CACHE_PARTIAL) node 1: 1 slot of 1 of 4 primes, q 2^22.00, from the block pool: 0.03 GB per APU (0.13 per node) | pool free 0.82 GB per APU (the smallest), the product's need 0.17, margin 0.50 -> 1 planes (RNS_DIST_CACHE_PARTIAL_FORCE)
cache_trace node 0: piece (0, 1) of 2 x 4, 21616618 + 10808309 limbs at 10808309, slots 1 x 1 prime: A cached B - | 0.684 s: redistribute 0.034 ntt 0.619 crt 0.001 out 0.025 carry 0.017
cache_trace node 1: piece (0, 1) of 2 x 4, 21616618 + 10808309 limbs at 10808309, slots 1 x 1 prime: A cached B - | 0.684 s: redistribute 0.035 ntt 0.618 crt 0.001 out 0.025 carry 0.018
cache_trace node 0: piece (0, 2) of 2 x 4, 21616618 + 10808309 limbs at 21616618, slots 1 x 1 prime: A HIT B - | 0.643 s: redistribute 0.033 ntt 0.554 crt 0.001 out 0.043 carry 0.020
cache_trace node 1: piece (0, 2) of 2 x 4, 21616618 + 10808309 limbs at 21616618, slots 1 x 1 prime: A HIT B - | 0.643 s: redistribute 0.033 ntt 0.554 crt 0.001 out 0.039 carry 0.020
cache_trace node 0: piece (0, 3) of 2 x 4, 21616618 + 10808308 limbs at 32424927, slots 1 x 1 prime: A HIT B - | 0.661 s: redistribute 0.039 ntt 0.574 crt 0.001 out 0.037 carry 0.018
cache_trace node 1: piece (0, 3) of 2 x 4, 21616618 + 10808308 limbs at 32424927, slots 1 x 1 prime: A HIT B - | 0.661 s: redistribute 0.037 ntt 0.578 crt 0.001 out 0.037 carry 0.018
cache_trace node 0: piece (1, 0) of 2 x 4, 21616617 + 10808309 limbs at 21616618, slots 1 x 1 prime: A cached B - | 0.712 s: redistribute 0.043 ntt 0.631 crt 0.001 out 0.043 carry 0.019
cache_trace node 1: piece (1, 0) of 2 x 4, 21616617 + 10808309 limbs at 21616618, slots 1 x 1 prime: A cached B - | 0.712 s: redistribute 0.043 ntt 0.626 crt 0.001 out 0.043 carry 0.019
cache_trace node 0: piece (1, 1) of 2 x 4, 21616617 + 10808309 limbs at 32424927, slots 1 x 1 prime: A HIT B - | 0.646 s: redistribute 0.040 ntt 0.551 crt 0.001 out 0.042 carry 0.019
cache_trace node 1: piece (1, 1) of 2 x 4, 21616617 + 10808309 limbs at 32424927, slots 1 x 1 prime: A HIT B - | 0.646 s: redistribute 0.041 ntt 0.552 crt 0.001 out 0.041 carry 0.019
cache_trace node 0: piece (1, 2) of 2 x 4, 21616617 + 10808309 limbs at 43233236, slots 1 x 1 prime: A HIT B - | 0.635 s: redistribute 0.044 ntt 0.554 crt 0.001 out 0.034 carry 0.015
cache_trace node 1: piece (1, 2) of 2 x 4, 21616617 + 10808309 limbs at 43233236, slots 1 x 1 prime: A HIT B - | 0.635 s: redistribute 0.043 ntt 0.559 crt 0.001 out 0.031 carry 0.015
cache_trace node 0: piece (1, 3) of 2 x 4, 21616617 + 10808308 limbs at 54041545, slots 1 x 1 prime: A HIT B - | 0.651 s: redistribute 0.039 ntt 0.564 crt 0.001 out 0.035 carry 0.017
dist_mn node 0: 43233235 x 43233235 limbs over 2 x 4 ranks (cap 2^25): 2 x 4 pieces, 7 formed, 1 skipped (low cut) (cache 1 slots of 1 prime, partial: 5 hits, 2 misses)
cache_trace node 1: piece (1, 3) of 2 x 4, 21616617 + 10808308 limbs at 54041545, slots 1 x 1 prime: A HIT B - | 0.651 s: redistribute 0.038 ntt 0.567 crt 0.001 out 0.038 carry 0.017
dist_mn node 1: 43233235 x 43233235 limbs over 2 x 4 ranks (cap 2^25): 2 x 4 pieces, 7 formed, 1 skipped (low cut) (cache 1 slots of 1 prime, partial: 5 hits, 2 misses)
cx_grid node 1: rep 1 shape 2x4_lowcut (43233235 x 43233235, cut 43233235 / -1) slots 1: 4.635 s, cache 5 hits 2 misses, C sha256 ec985af0744fe53f same
cx_grid node 0: rep 1 shape 2x4_lowcut (43233235 x 43233235, cut 43233235 / -1) slots 1: 4.635 s, cache 5 hits 2 misses, C sha256 3f1673aba78d5f9c same
cache_trace node 0: piece (0, 4) of 5 x 6, 17293295 + 14411079 limbs at 57644316, slots 0 x 4 primes: A - B - | 0.678 s: redistribute 0.035 ntt 0.608 crt 0.001 out 0.031 carry 0.020
cache_trace node 1: piece (0, 4) of 5 x 6, 17293295 + 14411079 limbs at 57644316, slots 0 x 4 primes: A - B - | 0.678 s: redistribute 0.035 ntt 0.609 crt 0.001 out 0.029 carry 0.020
cache_trace node 0: piece (0, 5) of 5 x 6, 17293295 + 14411076 limbs at 72055395, slots 0 x 4 primes: A - B - | 0.686 s: redistribute 0.038 ntt 0.595 crt 0.001 out 0.036 carry 0.017
cache_trace node 1: piece (0, 5) of 5 x 6, 17293295 + 14411076 limbs at 72055395, slots 0 x 4 primes: A - B - | 0.686 s: redistribute 0.037 ntt 0.597 crt 0.001 out 0.039 carry 0.017
cache_trace node 0: piece (1, 3) of 5 x 6, 17293295 + 14411079 limbs at 60526532, slots 0 x 4 primes: A - B - | 0.694 s: redistribute 0.045 ntt 0.606 crt 0.001 out 0.030 carry 0.022
cache_trace node 1: piece (1, 3) of 5 x 6, 17293295 + 14411079 limbs at 60526532, slots 0 x 4 primes: A - B - | 0.694 s: redistribute 0.040 ntt 0.603 crt 0.001 out 0.036 carry 0.022
cache_trace node 0: piece (1, 4) of 5 x 6, 17293295 + 14411079 limbs at 74937611, slots 0 x 4 primes: A - B - | 0.720 s: redistribute 0.054 ntt 0.620 crt 0.001 out 0.037 carry 0.021
cache_trace node 1: piece (1, 4) of 5 x 6, 17293295 + 14411079 limbs at 74937611, slots 0 x 4 primes: A - B - | 0.720 s: redistribute 0.054 ntt 0.619 crt 0.001 out 0.038 carry 0.020
cache_trace node 0: piece (1, 5) of 5 x 6, 17293295 + 14411076 limbs at 89348690, slots 0 x 4 primes: A - B - | 0.701 s: redistribute 0.042 ntt 0.614 crt 0.001 out 0.030 carry 0.024
cache_trace node 1: piece (1, 5) of 5 x 6, 17293295 + 14411076 limbs at 89348690, slots 0 x 4 primes: A - B - | 0.701 s: redistribute 0.039 ntt 0.617 crt 0.001 out 0.033 carry 0.024
cache_trace node 0: piece (2, 2) of 5 x 6, 17293295 + 14411079 limbs at 63408748, slots 0 x 4 primes: A - B - | 0.683 s: redistribute 0.033 ntt 0.598 crt 0.001 out 0.042 carry 0.019
cache_trace node 1: piece (2, 2) of 5 x 6, 17293295 + 14411079 limbs at 63408748, slots 0 x 4 primes: A - B - | 0.683 s: redistribute 0.036 ntt 0.595 crt 0.001 out 0.044 carry 0.019
cache_trace node 0: piece (2, 3) of 5 x 6, 17293295 + 14411079 limbs at 77819827, slots 0 x 4 primes: A - B - | 0.700 s: redistribute 0.044 ntt 0.605 crt 0.001 out 0.039 carry 0.022
cache_trace node 1: piece (2, 3) of 5 x 6, 17293295 + 14411079 limbs at 77819827, slots 0 x 4 primes: A - B - | 0.700 s: redistribute 0.041 ntt 0.606 crt 0.001 out 0.038 carry 0.022
cache_trace node 0: piece (2, 4) of 5 x 6, 17293295 + 14411079 limbs at 92230906, slots 0 x 4 primes: A - B - | 0.707 s: redistribute 0.044 ntt 0.613 crt 0.001 out 0.031 carry 0.027
cache_trace node 1: piece (2, 4) of 5 x 6, 17293295 + 14411079 limbs at 92230906, slots 0 x 4 primes: A - B - | 0.707 s: redistribute 0.044 ntt 0.613 crt 0.001 out 0.033 carry 0.027
cache_trace node 0: piece (2, 5) of 5 x 6, 17293295 + 14411076 limbs at 106641985, slots 0 x 4 primes: A - B - | 0.692 s: redistribute 0.043 ntt 0.604 crt 0.001 out 0.032 carry 0.019
cache_trace node 1: piece (2, 5) of 5 x 6, 17293295 + 14411076 limbs at 106641985, slots 0 x 4 primes: A - B - | 0.692 s: redistribute 0.038 ntt 0.609 crt 0.001 out 0.030 carry 0.019
cache_trace node 0: piece (3, 1) of 5 x 6, 17293295 + 14411079 limbs at 66290964, slots 0 x 4 primes: A - B - | 0.703 s: redistribute 0.041 ntt 0.608 crt 0.001 out 0.044 carry 0.019
cache_trace node 1: piece (3, 1) of 5 x 6, 17293295 + 14411079 limbs at 66290964, slots 0 x 4 primes: A - B - | 0.703 s: redistribute 0.043 ntt 0.606 crt 0.001 out 0.041 carry 0.019
cache_trace node 0: piece (3, 2) of 5 x 6, 17293295 + 14411079 limbs at 80702043, slots 0 x 4 primes: A - B - | 0.704 s: redistribute 0.037 ntt 0.616 crt 0.001 out 0.039 carry 0.024
cache_trace node 1: piece (3, 2) of 5 x 6, 17293295 + 14411079 limbs at 80702043, slots 0 x 4 primes: A - B - | 0.704 s: redistribute 0.037 ntt 0.611 crt 0.001 out 0.035 carry 0.024
cache_trace node 0: piece (3, 3) of 5 x 6, 17293295 + 14411079 limbs at 95113122, slots 0 x 4 primes: A - B - | 0.702 s: redistribute 0.040 ntt 0.614 crt 0.001 out 0.028 carry 0.023
cache_trace node 1: piece (3, 3) of 5 x 6, 17293295 + 14411079 limbs at 95113122, slots 0 x 4 primes: A - B - | 0.702 s: redistribute 0.039 ntt 0.612 crt 0.001 out 0.032 carry 0.022
cache_trace node 0: piece (3, 4) of 5 x 6, 17293295 + 14411079 limbs at 109524201, slots 0 x 4 primes: A - B - | 0.705 s: redistribute 0.037 ntt 0.625 crt 0.001 out 0.034 carry 0.016
cache_trace node 1: piece (3, 4) of 5 x 6, 17293295 + 14411079 limbs at 109524201, slots 0 x 4 primes: A - B - | 0.705 s: redistribute 0.036 ntt 0.625 crt 0.001 out 0.030 carry 0.016
cache_trace node 0: piece (3, 5) of 5 x 6, 17293295 + 14411076 limbs at 123935280, slots 0 x 4 primes: A - B - | 0.695 s: redistribute 0.052 ntt 0.615 crt 0.001 out 0.032 carry 0.016
cache_trace node 1: piece (3, 5) of 5 x 6, 17293295 + 14411076 limbs at 123935280, slots 0 x 4 primes: A - B - | 0.695 s: redistribute 0.044 ntt 0.621 crt 0.001 out 0.031 carry 0.016
cache_trace node 0: piece (4, 0) of 5 x 6, 17293291 + 14411079 limbs at 69173180, slots 0 x 4 primes: A - B - | 0.715 s: redistribute 0.039 ntt 0.629 crt 0.001 out 0.042 carry 0.017
cache_trace node 1: piece (4, 0) of 5 x 6, 17293291 + 14411079 limbs at 69173180, slots 0 x 4 primes: A - B - | 0.715 s: redistribute 0.040 ntt 0.627 crt 0.001 out 0.047 carry 0.017
cache_trace node 0: piece (4, 1) of 5 x 6, 17293291 + 14411079 limbs at 83584259, slots 0 x 4 primes: A - B - | 0.699 s: redistribute 0.040 ntt 0.612 crt 0.001 out 0.039 carry 0.020
cache_trace node 1: piece (4, 1) of 5 x 6, 17293291 + 14411079 limbs at 83584259, slots 0 x 4 primes: A - B - | 0.699 s: redistribute 0.043 ntt 0.613 crt 0.001 out 0.034 carry 0.020
cache_trace node 0: piece (4, 2) of 5 x 6, 17293291 + 14411079 limbs at 97995338, slots 0 x 4 primes: A - B - | 0.705 s: redistribute 0.036 ntt 0.627 crt 0.001 out 0.030 carry 0.021
cache_trace node 1: piece (4, 2) of 5 x 6, 17293291 + 14411079 limbs at 97995338, slots 0 x 4 primes: A - B - | 0.705 s: redistribute 0.037 ntt 0.629 crt 0.001 out 0.029 carry 0.021
cache_trace node 0: piece (4, 3) of 5 x 6, 17293291 + 14411079 limbs at 112406417, slots 0 x 4 primes: A - B - | 0.701 s: redistribute 0.048 ntt 0.615 crt 0.001 out 0.032 carry 0.014
cache_trace node 1: piece (4, 3) of 5 x 6, 17293291 + 14411079 limbs at 112406417, slots 0 x 4 primes: A - B - | 0.701 s: redistribute 0.047 ntt 0.616 crt 0.001 out 0.030 carry 0.013
cache_trace node 0: piece (4, 4) of 5 x 6, 17293291 + 14411079 limbs at 126817496, slots 0 x 4 primes: A - B - | 0.690 s: redistribute 0.040 ntt 0.610 crt 0.001 out 0.033 carry 0.019
cache_trace node 1: piece (4, 4) of 5 x 6, 17293291 + 14411079 limbs at 126817496, slots 0 x 4 primes: A - B - | 0.690 s: redistribute 0.040 ntt 0.613 crt 0.001 out 0.032 carry 0.018
cache_trace node 0: piece (4, 5) of 5 x 6, 17293291 + 14411076 limbs at 141228575, slots 0 x 4 primes: A - B - | 0.702 s: redistribute 0.035 ntt 0.624 crt 0.001 out 0.033 carry 0.019
dist_mn node 0: 86466471 x 86466471 limbs over 2 x 4 ranks (cap 2^25): 5 x 6 pieces, 20 formed, 10 skipped (low cut) (cache 0 slots, partial: 0 hits, 0 misses)
cache_trace node 1: piece (4, 5) of 5 x 6, 17293291 + 14411076 limbs at 141228575, slots 0 x 4 primes: A - B - | 0.702 s: redistribute 0.035 ntt 0.621 crt 0.001 out 0.029 carry 0.019
dist_mn node 1: 86466471 x 86466471 limbs over 2 x 4 ranks (cap 2^25): 5 x 6 pieces, 20 formed, 10 skipped (low cut) (cache 0 slots, partial: 0 hits, 0 misses)
cx_grid node 1: rep 1 shape 5x6_lowcut (86466471 x 86466471, cut 86466471 / -1) slots 0: 13.988 s, cache 0 hits 0 misses, C sha256 9cd829468ba4e146 same
cx_grid node 0: rep 1 shape 5x6_lowcut (86466471 x 86466471, cut 86466471 / -1) slots 0: 13.988 s, cache 0 hits 0 misses, C sha256 9b670fb53bd43257 same
   transform cache (RNS_DIST_CACHE_PARTIAL) node 0: 1 slot of 1 of 4 primes, q 2^22.00, from the block pool: 0.03 GB per APU (0.13 per node) | pool free 0.61 GB per APU (the smallest), the product's need 0.16, margin 0.50 -> 1 planes (RNS_DIST_CACHE_PARTIAL_FORCE)
   transform cache (RNS_DIST_CACHE_PARTIAL) node 1: 1 slot of 1 of 4 primes, q 2^22.00, from the block pool: 0.03 GB per APU (0.13 per node) | pool free 0.82 GB per APU (the smallest), the product's need 0.16, margin 0.50 -> 1 planes (RNS_DIST_CACHE_PARTIAL_FORCE)
cache_trace node 0: piece (0, 4) of 5 x 6, 17293295 + 14411079 limbs at 57644316, slots 1 x 1 prime: A cached B - | 0.691 s: redistribute 0.046 ntt 0.623 crt 0.001 out 0.029 carry 0.019
cache_trace node 1: piece (0, 4) of 5 x 6, 17293295 + 14411079 limbs at 57644316, slots 1 x 1 prime: A cached B - | 0.691 s: redistribute 0.045 ntt 0.623 crt 0.001 out 0.031 carry 0.019
cache_trace node 0: piece (0, 5) of 5 x 6, 17293295 + 14411076 limbs at 72055395, slots 1 x 1 prime: A HIT B - | 0.624 s: redistribute 0.031 ntt 0.550 crt 0.001 out 0.044 carry 0.018
cache_trace node 1: piece (0, 5) of 5 x 6, 17293295 + 14411076 limbs at 72055395, slots 1 x 1 prime: A HIT B - | 0.624 s: redistribute 0.031 ntt 0.543 crt 0.001 out 0.039 carry 0.018
cache_trace node 0: piece (1, 3) of 5 x 6, 17293295 + 14411079 limbs at 60526532, slots 1 x 1 prime: A cached B - | 0.722 s: redistribute 0.044 ntt 0.623 crt 0.001 out 0.040 carry 0.021
cache_trace node 1: piece (1, 3) of 5 x 6, 17293295 + 14411079 limbs at 60526532, slots 1 x 1 prime: A cached B - | 0.722 s: redistribute 0.042 ntt 0.629 crt 0.001 out 0.036 carry 0.021
cache_trace node 0: piece (1, 4) of 5 x 6, 17293295 + 14411079 limbs at 74937611, slots 1 x 1 prime: A HIT B - | 0.649 s: redistribute 0.040 ntt 0.558 crt 0.001 out 0.039 carry 0.022
cache_trace node 1: piece (1, 4) of 5 x 6, 17293295 + 14411079 limbs at 74937611, slots 1 x 1 prime: A HIT B - | 0.649 s: redistribute 0.039 ntt 0.556 crt 0.001 out 0.043 carry 0.022
cache_trace node 0: piece (1, 5) of 5 x 6, 17293295 + 14411076 limbs at 89348690, slots 1 x 1 prime: A HIT B - | 0.648 s: redistribute 0.040 ntt 0.557 crt 0.001 out 0.034 carry 0.024
cache_trace node 1: piece (1, 5) of 5 x 6, 17293295 + 14411076 limbs at 89348690, slots 1 x 1 prime: A HIT B - | 0.648 s: redistribute 0.039 ntt 0.559 crt 0.001 out 0.031 carry 0.024
cache_trace node 0: piece (2, 2) of 5 x 6, 17293295 + 14411079 limbs at 63408748, slots 1 x 1 prime: A cached B - | 0.679 s: redistribute 0.036 ntt 0.596 crt 0.001 out 0.038 carry 0.019
cache_trace node 1: piece (2, 2) of 5 x 6, 17293295 + 14411079 limbs at 63408748, slots 1 x 1 prime: A cached B - | 0.679 s: redistribute 0.037 ntt 0.592 crt 0.001 out 0.039 carry 0.019
cache_trace node 0: piece (2, 3) of 5 x 6, 17293295 + 14411079 limbs at 77819827, slots 1 x 1 prime: A HIT B - | 0.672 s: redistribute 0.050 ntt 0.575 crt 0.001 out 0.042 carry 0.022
cache_trace node 1: piece (2, 3) of 5 x 6, 17293295 + 14411079 limbs at 77819827, slots 1 x 1 prime: A HIT B - | 0.672 s: redistribute 0.050 ntt 0.572 crt 0.001 out 0.040 carry 0.022
cache_trace node 0: piece (2, 4) of 5 x 6, 17293295 + 14411079 limbs at 92230906, slots 1 x 1 prime: A HIT B - | 0.648 s: redistribute 0.044 ntt 0.547 crt 0.001 out 0.034 carry 0.027
cache_trace node 1: piece (2, 4) of 5 x 6, 17293295 + 14411079 limbs at 92230906, slots 1 x 1 prime: A HIT B - | 0.648 s: redistribute 0.043 ntt 0.554 crt 0.001 out 0.028 carry 0.027
cache_trace node 0: piece (2, 5) of 5 x 6, 17293295 + 14411076 limbs at 106641985, slots 1 x 1 prime: A HIT B - | 0.664 s: redistribute 0.044 ntt 0.572 crt 0.001 out 0.035 carry 0.019
cache_trace node 1: piece (2, 5) of 5 x 6, 17293295 + 14411076 limbs at 106641985, slots 1 x 1 prime: A HIT B - | 0.664 s: redistribute 0.042 ntt 0.578 crt 0.001 out 0.030 carry 0.019
cache_trace node 0: piece (3, 1) of 5 x 6, 17293295 + 14411079 limbs at 66290964, slots 1 x 1 prime: A cached B - | 0.691 s: redistribute 0.033 ntt 0.602 crt 0.001 out 0.043 carry 0.018
cache_trace node 1: piece (3, 1) of 5 x 6, 17293295 + 14411079 limbs at 66290964, slots 1 x 1 prime: A cached B - | 0.691 s: redistribute 0.033 ntt 0.609 crt 0.001 out 0.040 carry 0.018
cache_trace node 0: piece (3, 2) of 5 x 6, 17293295 + 14411079 limbs at 80702043, slots 1 x 1 prime: A HIT B - | 0.653 s: redistribute 0.036 ntt 0.561 crt 0.001 out 0.041 carry 0.023
cache_trace node 1: piece (3, 2) of 5 x 6, 17293295 + 14411079 limbs at 80702043, slots 1 x 1 prime: A HIT B - | 0.653 s: redistribute 0.036 ntt 0.556 crt 0.001 out 0.037 carry 0.023
cache_trace node 0: piece (3, 3) of 5 x 6, 17293295 + 14411079 limbs at 95113122, slots 1 x 1 prime: A HIT B - | 0.666 s: redistribute 0.042 ntt 0.574 crt 0.001 out 0.036 carry 0.023
cache_trace node 1: piece (3, 3) of 5 x 6, 17293295 + 14411079 limbs at 95113122, slots 1 x 1 prime: A HIT B - | 0.666 s: redistribute 0.037 ntt 0.577 crt 0.001 out 0.042 carry 0.023
cache_trace node 0: piece (3, 4) of 5 x 6, 17293295 + 14411079 limbs at 109524201, slots 1 x 1 prime: A HIT B - | 0.671 s: redistribute 0.043 ntt 0.581 crt 0.001 out 0.036 carry 0.016
cache_trace node 1: piece (3, 4) of 5 x 6, 17293295 + 14411079 limbs at 109524201, slots 1 x 1 prime: A HIT B - | 0.671 s: redistribute 0.042 ntt 0.590 crt 0.001 out 0.031 carry 0.015
cache_trace node 0: piece (3, 5) of 5 x 6, 17293295 + 14411076 limbs at 123935280, slots 1 x 1 prime: A HIT B - | 0.649 s: redistribute 0.039 ntt 0.576 crt 0.001 out 0.032 carry 0.016
cache_trace node 1: piece (3, 5) of 5 x 6, 17293295 + 14411076 limbs at 123935280, slots 1 x 1 prime: A HIT B - | 0.649 s: redistribute 0.037 ntt 0.573 crt 0.001 out 0.034 carry 0.016
cache_trace node 0: piece (4, 0) of 5 x 6, 17293291 + 14411079 limbs at 69173180, slots 1 x 1 prime: A cached B - | 0.720 s: redistribute 0.039 ntt 0.625 crt 0.001 out 0.046 carry 0.018
cache_trace node 1: piece (4, 0) of 5 x 6, 17293291 + 14411079 limbs at 69173180, slots 1 x 1 prime: A cached B - | 0.720 s: redistribute 0.040 ntt 0.622 crt 0.001 out 0.048 carry 0.018
cache_trace node 0: piece (4, 1) of 5 x 6, 17293291 + 14411079 limbs at 83584259, slots 1 x 1 prime: A HIT B - | 0.657 s: redistribute 0.037 ntt 0.570 crt 0.001 out 0.038 carry 0.022
cache_trace node 1: piece (4, 1) of 5 x 6, 17293291 + 14411079 limbs at 83584259, slots 1 x 1 prime: A HIT B - | 0.657 s: redistribute 0.047 ntt 0.566 crt 0.001 out 0.040 carry 0.021
cache_trace node 0: piece (4, 2) of 5 x 6, 17293291 + 14411079 limbs at 97995338, slots 1 x 1 prime: A HIT B - | 0.645 s: redistribute 0.038 ntt 0.563 crt 0.001 out 0.032 carry 0.023
cache_trace node 1: piece (4, 2) of 5 x 6, 17293291 + 14411079 limbs at 97995338, slots 1 x 1 prime: A HIT B - | 0.645 s: redistribute 0.042 ntt 0.560 crt 0.001 out 0.032 carry 0.022
cache_trace node 0: piece (4, 3) of 5 x 6, 17293291 + 14411079 limbs at 112406417, slots 1 x 1 prime: A HIT B - | 0.642 s: redistribute 0.041 ntt 0.573 crt 0.001 out 0.036 carry 0.014
cache_trace node 1: piece (4, 3) of 5 x 6, 17293291 + 14411079 limbs at 112406417, slots 1 x 1 prime: A HIT B - | 0.642 s: redistribute 0.040 ntt 0.575 crt 0.001 out 0.030 carry 0.013
cache_trace node 0: piece (4, 4) of 5 x 6, 17293291 + 14411079 limbs at 126817496, slots 1 x 1 prime: A HIT B - | 0.640 s: redistribute 0.038 ntt 0.558 crt 0.001 out 0.031 carry 0.019
cache_trace node 1: piece (4, 4) of 5 x 6, 17293291 + 14411079 limbs at 126817496, slots 1 x 1 prime: A HIT B - | 0.640 s: redistribute 0.037 ntt 0.559 crt 0.001 out 0.033 carry 0.019
cache_trace node 0: piece (4, 5) of 5 x 6, 17293291 + 14411076 limbs at 141228575, slots 1 x 1 prime: A HIT B - | 0.644 s: redistribute 0.045 ntt 0.564 crt 0.001 out 0.030 carry 0.019
dist_mn node 0: 86466471 x 86466471 limbs over 2 x 4 ranks (cap 2^25): 5 x 6 pieces, 20 formed, 10 skipped (low cut) (cache 1 slots of 1 prime, partial: 15 hits, 5 misses)
cache_trace node 1: piece (4, 5) of 5 x 6, 17293291 + 14411076 limbs at 141228575, slots 1 x 1 prime: A HIT B - | 0.644 s: redistribute 0.042 ntt 0.561 crt 0.001 out 0.032 carry 0.019
dist_mn node 1: 86466471 x 86466471 limbs over 2 x 4 ranks (cap 2^25): 5 x 6 pieces, 20 formed, 10 skipped (low cut) (cache 1 slots of 1 prime, partial: 15 hits, 5 misses)
cx_grid node 1: rep 1 shape 5x6_lowcut (86466471 x 86466471, cut 86466471 / -1) slots 1: 13.347 s, cache 15 hits 5 misses, C sha256 9cd829468ba4e146 same
cx_grid node 0: rep 1 shape 5x6_lowcut (86466471 x 86466471, cut 86466471 / -1) slots 1: 13.347 s, cache 15 hits 5 misses, C sha256 9b670fb53bd43257 same
cache_trace node 0: piece (0, 0) of 5 x 6, 17293295 + 14411079 limbs at 0, slots 0 x 4 primes: A - B - | 0.656 s: redistribute 0.028 ntt 0.611 crt 0.001 out 0.025 carry 0.001
cache_trace node 1: piece (0, 0) of 5 x 6, 17293295 + 14411079 limbs at 0, slots 0 x 4 primes: A - B - | 0.656 s: redistribute 0.038 ntt 0.608 crt 0.001 out 0.028 carry 0.001
cache_trace node 0: piece (0, 1) of 5 x 6, 17293295 + 14411079 limbs at 14411079, slots 0 x 4 primes: A - B - | 0.694 s: redistribute 0.036 ntt 0.618 crt 0.001 out 0.030 carry 0.018
cache_trace node 1: piece (0, 1) of 5 x 6, 17293295 + 14411079 limbs at 14411079, slots 0 x 4 primes: A - B - | 0.694 s: redistribute 0.041 ntt 0.611 crt 0.001 out 0.033 carry 0.018
cache_trace node 0: piece (0, 2) of 5 x 6, 17293295 + 14411079 limbs at 28822158, slots 0 x 4 primes: A - B - | 0.686 s: redistribute 0.035 ntt 0.597 crt 0.001 out 0.043 carry 0.018
cache_trace node 1: piece (0, 2) of 5 x 6, 17293295 + 14411079 limbs at 28822158, slots 0 x 4 primes: A - B - | 0.686 s: redistribute 0.036 ntt 0.597 crt 0.001 out 0.039 carry 0.018
cache_trace node 0: piece (0, 3) of 5 x 6, 17293295 + 14411079 limbs at 43233237, slots 0 x 4 primes: A - B - | 0.684 s: redistribute 0.036 ntt 0.613 crt 0.001 out 0.029 carry 0.015
cache_trace node 1: piece (0, 3) of 5 x 6, 17293295 + 14411079 limbs at 43233237, slots 0 x 4 primes: A - B - | 0.684 s: redistribute 0.033 ntt 0.607 crt 0.001 out 0.034 carry 0.015
cache_trace node 0: piece (0, 4) of 5 x 6, 17293295 + 14411079 limbs at 57644316, slots 0 x 4 primes: A - B - | 0.682 s: redistribute 0.033 ntt 0.607 crt 0.001 out 0.028 carry 0.018
cache_trace node 1: piece (0, 4) of 5 x 6, 17293295 + 14411079 limbs at 57644316, slots 0 x 4 primes: A - B - | 0.682 s: redistribute 0.032 ntt 0.607 crt 0.001 out 0.031 carry 0.017
cache_trace node 0: piece (0, 5) of 5 x 6, 17293295 + 14411076 limbs at 72055395, slots 0 x 4 primes: A - B - | 0.662 s: redistribute 0.033 ntt 0.606 crt 0.001 out 0.020 carry 0.009
cache_trace node 1: piece (0, 5) of 5 x 6, 17293295 + 14411076 limbs at 72055395, slots 0 x 4 primes: A - B - | 0.662 s: redistribute 0.031 ntt 0.604 crt 0.001 out 0.021 carry 0.009
cache_trace node 0: piece (1, 0) of 5 x 6, 17293295 + 14411079 limbs at 17293295, slots 0 x 4 primes: A - B - | 0.692 s: redistribute 0.042 ntt 0.610 crt 0.001 out 0.035 carry 0.015
cache_trace node 1: piece (1, 0) of 5 x 6, 17293295 + 14411079 limbs at 17293295, slots 0 x 4 primes: A - B - | 0.692 s: redistribute 0.043 ntt 0.608 crt 0.001 out 0.036 carry 0.015
cache_trace node 0: piece (1, 1) of 5 x 6, 17293295 + 14411079 limbs at 31704374, slots 0 x 4 primes: A - B - | 0.705 s: redistribute 0.034 ntt 0.619 crt 0.001 out 0.040 carry 0.019
cache_trace node 1: piece (1, 1) of 5 x 6, 17293295 + 14411079 limbs at 31704374, slots 0 x 4 primes: A - B - | 0.705 s: redistribute 0.035 ntt 0.614 crt 0.001 out 0.041 carry 0.020
cache_trace node 0: piece (1, 2) of 5 x 6, 17293295 + 14411079 limbs at 46115453, slots 0 x 4 primes: A - B - | 0.702 s: redistribute 0.035 ntt 0.635 crt 0.001 out 0.031 carry 0.011
cache_trace node 1: piece (1, 2) of 5 x 6, 17293295 + 14411079 limbs at 46115453, slots 0 x 4 primes: A - B - | 0.702 s: redistribute 0.039 ntt 0.628 crt 0.001 out 0.031 carry 0.010
cache_trace node 0: piece (1, 3) of 5 x 6, 17293295 + 14411079 limbs at 60526532, slots 0 x 4 primes: A - B - | 0.687 s: redistribute 0.042 ntt 0.619 crt 0.001 out 0.029 carry 0.013
cache_trace node 1: piece (1, 3) of 5 x 6, 17293295 + 14411079 limbs at 60526532, slots 0 x 4 primes: A - B - | 0.687 s: redistribute 0.042 ntt 0.627 crt 0.001 out 0.029 carry 0.013
cache_trace node 0: piece (1, 4) of 5 x 6, 17293295 + 14411079 limbs at 74937611, slots 0 x 4 primes: A - B - | 0.651 s: redistribute 0.038 ntt 0.599 crt 0.001 out 0.016 carry 0.009
cache_trace node 1: piece (1, 4) of 5 x 6, 17293295 + 14411079 limbs at 74937611, slots 0 x 4 primes: A - B - | 0.651 s: redistribute 0.037 ntt 0.596 crt 0.001 out 0.017 carry 0.009
cache_trace node 0: piece (2, 0) of 5 x 6, 17293295 + 14411079 limbs at 34586590, slots 0 x 4 primes: A - B - | 0.719 s: redistribute 0.051 ntt 0.623 crt 0.001 out 0.042 carry 0.017
cache_trace node 1: piece (2, 0) of 5 x 6, 17293295 + 14411079 limbs at 34586590, slots 0 x 4 primes: A - B - | 0.719 s: redistribute 0.051 ntt 0.625 crt 0.001 out 0.036 carry 0.017
cache_trace node 0: piece (2, 1) of 5 x 6, 17293295 + 14411079 limbs at 48997669, slots 0 x 4 primes: A - B - | 0.694 s: redistribute 0.041 ntt 0.626 crt 0.001 out 0.033 carry 0.006
cache_trace node 1: piece (2, 1) of 5 x 6, 17293295 + 14411079 limbs at 48997669, slots 0 x 4 primes: A - B - | 0.694 s: redistribute 0.041 ntt 0.623 crt 0.001 out 0.033 carry 0.006
cache_trace node 0: piece (2, 2) of 5 x 6, 17293295 + 14411079 limbs at 63408748, slots 0 x 4 primes: A - B - | 0.687 s: redistribute 0.046 ntt 0.609 crt 0.001 out 0.028 carry 0.016
cache_trace node 1: piece (2, 2) of 5 x 6, 17293295 + 14411079 limbs at 63408748, slots 0 x 4 primes: A - B - | 0.687 s: redistribute 0.046 ntt 0.608 crt 0.001 out 0.027 carry 0.016
cache_trace node 0: piece (2, 3) of 5 x 6, 17293295 + 14411079 limbs at 77819827, slots 0 x 4 primes: A - B - | 0.670 s: redistribute 0.044 ntt 0.606 crt 0.001 out 0.018 carry 0.006
cache_trace node 1: piece (2, 3) of 5 x 6, 17293295 + 14411079 limbs at 77819827, slots 0 x 4 primes: A - B - | 0.670 s: redistribute 0.044 ntt 0.606 crt 0.001 out 0.024 carry 0.007
cache_trace node 0: piece (3, 0) of 5 x 6, 17293295 + 14411079 limbs at 51879885, slots 0 x 4 primes: A - B - | 0.691 s: redistribute 0.039 ntt 0.617 crt 0.001 out 0.038 carry 0.011
cache_trace node 1: piece (3, 0) of 5 x 6, 17293295 + 14411079 limbs at 51879885, slots 0 x 4 primes: A - B - | 0.691 s: redistribute 0.039 ntt 0.611 crt 0.001 out 0.034 carry 0.011
cache_trace node 0: piece (3, 1) of 5 x 6, 17293295 + 14411079 limbs at 66290964, slots 0 x 4 primes: A - B - | 0.693 s: redistribute 0.043 ntt 0.617 crt 0.001 out 0.023 carry 0.014
cache_trace node 1: piece (3, 1) of 5 x 6, 17293295 + 14411079 limbs at 66290964, slots 0 x 4 primes: A - B - | 0.693 s: redistribute 0.044 ntt 0.615 crt 0.001 out 0.027 carry 0.014
cache_trace node 0: piece (3, 2) of 5 x 6, 17293295 + 14411079 limbs at 80702043, slots 0 x 4 primes: A - B - | 0.679 s: redistribute 0.044 ntt 0.636 crt 0.001 out 0.014 carry 0.004
cache_trace node 1: piece (3, 2) of 5 x 6, 17293295 + 14411079 limbs at 80702043, slots 0 x 4 primes: A - B - | 0.679 s: redistribute 0.044 ntt 0.638 crt 0.001 out 0.016 carry 0.004
cache_trace node 0: piece (4, 0) of 5 x 6, 17293291 + 14411079 limbs at 69173180, slots 0 x 4 primes: A - B - | 0.670 s: redistribute 0.035 ntt 0.603 crt 0.001 out 0.024 carry 0.009
cache_trace node 1: piece (4, 0) of 5 x 6, 17293291 + 14411079 limbs at 69173180, slots 0 x 4 primes: A - B - | 0.670 s: redistribute 0.040 ntt 0.607 crt 0.001 out 0.023 carry 0.009
cache_trace node 0: piece (4, 1) of 5 x 6, 17293291 + 14411079 limbs at 83584259, slots 0 x 4 primes: A - B - | 0.669 s: redistribute 0.048 ntt 0.626 crt 0.001 out 0.009 carry 0.002
dist_mn node 0: 86466471 x 86466471 limbs over 2 x 4 ranks (cap 2^25): 5 x 6 pieces, 20 formed, 10 skipped (low product) (cache 0 slots, partial: 0 hits, 0 misses)
cache_trace node 1: piece (4, 1) of 5 x 6, 17293291 + 14411079 limbs at 83584259, slots 0 x 4 primes: A - B - | 0.669 s: redistribute 0.048 ntt 0.628 crt 0.001 out 0.007 carry 0.002
dist_mn node 1: 86466471 x 86466471 limbs over 2 x 4 ranks (cap 2^25): 5 x 6 pieces, 20 formed, 10 skipped (low product) (cache 0 slots, partial: 0 hits, 0 misses)
cx_grid node 1: rep 1 shape 5x6_highcut (86466471 x 86466471, cut 0 / 86466471) slots 0: 13.678 s, cache 0 hits 0 misses, C sha256 27b0af0492a0457e same
cx_grid node 0: rep 1 shape 5x6_highcut (86466471 x 86466471, cut 0 / 86466471) slots 0: 13.678 s, cache 0 hits 0 misses, C sha256 cf16d9f968b3c1fc same
   transform cache (RNS_DIST_CACHE_PARTIAL) node 0: 1 slot of 1 of 4 primes, q 2^22.00, from the block pool: 0.03 GB per APU (0.13 per node) | pool free 0.78 GB per APU (the smallest), the product's need 0.16, margin 0.50 -> 1 planes (RNS_DIST_CACHE_PARTIAL_FORCE)
   transform cache (RNS_DIST_CACHE_PARTIAL) node 1: 1 slot of 1 of 4 primes, q 2^22.00, from the block pool: 0.03 GB per APU (0.13 per node) | pool free 1.00 GB per APU (the smallest), the product's need 0.16, margin 0.50 -> 1 planes (RNS_DIST_CACHE_PARTIAL_FORCE)
cache_trace node 0: piece (0, 0) of 5 x 6, 17293295 + 14411079 limbs at 0, slots 1 x 1 prime: A cached B - | 0.656 s: redistribute 0.034 ntt 0.604 crt 0.001 out 0.023 carry 0.001
cache_trace node 1: piece (0, 0) of 5 x 6, 17293295 + 14411079 limbs at 0, slots 1 x 1 prime: A cached B - | 0.656 s: redistribute 0.039 ntt 0.598 crt 0.001 out 0.028 carry 0.001
cache_trace node 0: piece (0, 1) of 5 x 6, 17293295 + 14411079 limbs at 14411079, slots 1 x 1 prime: A HIT B - | 0.638 s: redistribute 0.042 ntt 0.571 crt 0.001 out 0.027 carry 0.016
cache_trace node 1: piece (0, 1) of 5 x 6, 17293295 + 14411079 limbs at 14411079, slots 1 x 1 prime: A HIT B - | 0.638 s: redistribute 0.044 ntt 0.562 crt 0.001 out 0.026 carry 0.016
cache_trace node 0: piece (0, 2) of 5 x 6, 17293295 + 14411079 limbs at 28822158, slots 1 x 1 prime: A HIT B - | 0.651 s: redistribute 0.031 ntt 0.567 crt 0.001 out 0.040 carry 0.016
cache_trace node 1: piece (0, 2) of 5 x 6, 17293295 + 14411079 limbs at 28822158, slots 1 x 1 prime: A HIT B - | 0.651 s: redistribute 0.038 ntt 0.572 crt 0.001 out 0.040 carry 0.016
cache_trace node 0: piece (0, 3) of 5 x 6, 17293295 + 14411079 limbs at 43233237, slots 1 x 1 prime: A HIT B - | 0.663 s: redistribute 0.042 ntt 0.583 crt 0.001 out 0.039 carry 0.016
cache_trace node 1: piece (0, 3) of 5 x 6, 17293295 + 14411079 limbs at 43233237, slots 1 x 1 prime: A HIT B - | 0.663 s: redistribute 0.041 ntt 0.584 crt 0.001 out 0.036 carry 0.016
cache_trace node 0: piece (0, 4) of 5 x 6, 17293295 + 14411079 limbs at 57644316, slots 1 x 1 prime: A HIT B - | 0.643 s: redistribute 0.040 ntt 0.567 crt 0.001 out 0.027 carry 0.018
cache_trace node 1: piece (0, 4) of 5 x 6, 17293295 + 14411079 limbs at 57644316, slots 1 x 1 prime: A HIT B - | 0.643 s: redistribute 0.039 ntt 0.571 crt 0.001 out 0.029 carry 0.017
cache_trace node 0: piece (0, 5) of 5 x 6, 17293295 + 14411076 limbs at 72055395, slots 1 x 1 prime: A HIT B - | 0.615 s: redistribute 0.037 ntt 0.556 crt 0.001 out 0.021 carry 0.009
cache_trace node 1: piece (0, 5) of 5 x 6, 17293295 + 14411076 limbs at 72055395, slots 1 x 1 prime: A HIT B - | 0.615 s: redistribute 0.037 ntt 0.560 crt 0.001 out 0.019 carry 0.009
cache_trace node 0: piece (1, 0) of 5 x 6, 17293295 + 14411079 limbs at 17293295, slots 1 x 1 prime: A cached B - | 0.706 s: redistribute 0.034 ntt 0.629 crt 0.001 out 0.036 carry 0.015
cache_trace node 1: piece (1, 0) of 5 x 6, 17293295 + 14411079 limbs at 17293295, slots 1 x 1 prime: A cached B - | 0.706 s: redistribute 0.035 ntt 0.628 crt 0.001 out 0.038 carry 0.015
cache_trace node 0: piece (1, 1) of 5 x 6, 17293295 + 14411079 limbs at 31704374, slots 1 x 1 prime: A HIT B - | 0.665 s: redistribute 0.045 ntt 0.575 crt 0.001 out 0.041 carry 0.018
cache_trace node 1: piece (1, 1) of 5 x 6, 17293295 + 14411079 limbs at 31704374, slots 1 x 1 prime: A HIT B - | 0.665 s: redistribute 0.046 ntt 0.573 crt 0.001 out 0.040 carry 0.019
cache_trace node 0: piece (1, 2) of 5 x 6, 17293295 + 14411079 limbs at 46115453, slots 1 x 1 prime: A HIT B - | 0.653 s: redistribute 0.037 ntt 0.577 crt 0.001 out 0.040 carry 0.011
cache_trace node 1: piece (1, 2) of 5 x 6, 17293295 + 14411079 limbs at 46115453, slots 1 x 1 prime: A HIT B - | 0.653 s: redistribute 0.039 ntt 0.580 crt 0.001 out 0.034 carry 0.011
cache_trace node 0: piece (1, 3) of 5 x 6, 17293295 + 14411079 limbs at 60526532, slots 1 x 1 prime: A HIT B - | 0.651 s: redistribute 0.040 ntt 0.583 crt 0.001 out 0.028 carry 0.014
cache_trace node 1: piece (1, 3) of 5 x 6, 17293295 + 14411079 limbs at 60526532, slots 1 x 1 prime: A HIT B - | 0.651 s: redistribute 0.039 ntt 0.582 crt 0.001 out 0.031 carry 0.013
cache_trace node 0: piece (1, 4) of 5 x 6, 17293295 + 14411079 limbs at 74937611, slots 1 x 1 prime: A HIT B - | 0.625 s: redistribute 0.040 ntt 0.566 crt 0.001 out 0.021 carry 0.009
cache_trace node 1: piece (1, 4) of 5 x 6, 17293295 + 14411079 limbs at 74937611, slots 1 x 1 prime: A HIT B - | 0.625 s: redistribute 0.039 ntt 0.560 crt 0.001 out 0.022 carry 0.009
cache_trace node 0: piece (2, 0) of 5 x 6, 17293295 + 14411079 limbs at 34586590, slots 1 x 1 prime: A cached B - | 0.699 s: redistribute 0.038 ntt 0.616 crt 0.001 out 0.036 carry 0.016
cache_trace node 1: piece (2, 0) of 5 x 6, 17293295 + 14411079 limbs at 34586590, slots 1 x 1 prime: A cached B - | 0.699 s: redistribute 0.045 ntt 0.615 crt 0.001 out 0.037 carry 0.016
cache_trace node 0: piece (2, 1) of 5 x 6, 17293295 + 14411079 limbs at 48997669, slots 1 x 1 prime: A HIT B - | 0.621 s: redistribute 0.042 ntt 0.551 crt 0.001 out 0.030 carry 0.006
cache_trace node 1: piece (2, 1) of 5 x 6, 17293295 + 14411079 limbs at 48997669, slots 1 x 1 prime: A HIT B - | 0.621 s: redistribute 0.043 ntt 0.556 crt 0.001 out 0.029 carry 0.006
cache_trace node 0: piece (2, 2) of 5 x 6, 17293295 + 14411079 limbs at 63408748, slots 1 x 1 prime: A HIT B - | 0.626 s: redistribute 0.045 ntt 0.553 crt 0.001 out 0.029 carry 0.016
cache_trace node 1: piece (2, 2) of 5 x 6, 17293295 + 14411079 limbs at 63408748, slots 1 x 1 prime: A HIT B - | 0.626 s: redistribute 0.045 ntt 0.551 crt 0.001 out 0.024 carry 0.016
cache_trace node 0: piece (2, 3) of 5 x 6, 17293295 + 14411079 limbs at 77819827, slots 1 x 1 prime: A HIT B - | 0.622 s: redistribute 0.046 ntt 0.564 crt 0.001 out 0.018 carry 0.007
cache_trace node 1: piece (2, 3) of 5 x 6, 17293295 + 14411079 limbs at 77819827, slots 1 x 1 prime: A HIT B - | 0.622 s: redistribute 0.043 ntt 0.564 crt 0.001 out 0.016 carry 0.007
cache_trace node 0: piece (3, 0) of 5 x 6, 17293295 + 14411079 limbs at 51879885, slots 1 x 1 prime: A cached B - | 0.699 s: redistribute 0.039 ntt 0.628 crt 0.001 out 0.034 carry 0.012
cache_trace node 1: piece (3, 0) of 5 x 6, 17293295 + 14411079 limbs at 51879885, slots 1 x 1 prime: A cached B - | 0.699 s: redistribute 0.039 ntt 0.627 crt 0.001 out 0.035 carry 0.011
cache_trace node 0: piece (3, 1) of 5 x 6, 17293295 + 14411079 limbs at 66290964, slots 1 x 1 prime: A HIT B - | 0.636 s: redistribute 0.037 ntt 0.563 crt 0.001 out 0.025 carry 0.014
cache_trace node 1: piece (3, 1) of 5 x 6, 17293295 + 14411079 limbs at 66290964, slots 1 x 1 prime: A HIT B - | 0.636 s: redistribute 0.040 ntt 0.561 crt 0.001 out 0.027 carry 0.014
cache_trace node 0: piece (3, 2) of 5 x 6, 17293295 + 14411079 limbs at 80702043, slots 1 x 1 prime: A HIT B - | 0.620 s: redistribute 0.037 ntt 0.576 crt 0.001 out 0.014 carry 0.004
cache_trace node 1: piece (3, 2) of 5 x 6, 17293295 + 14411079 limbs at 80702043, slots 1 x 1 prime: A HIT B - | 0.620 s: redistribute 0.039 ntt 0.574 crt 0.001 out 0.014 carry 0.004
cache_trace node 0: piece (4, 0) of 5 x 6, 17293291 + 14411079 limbs at 69173180, slots 1 x 1 prime: A cached B - | 0.684 s: redistribute 0.037 ntt 0.624 crt 0.001 out 0.023 carry 0.009
cache_trace node 1: piece (4, 0) of 5 x 6, 17293291 + 14411079 limbs at 69173180, slots 1 x 1 prime: A cached B - | 0.684 s: redistribute 0.039 ntt 0.622 crt 0.001 out 0.022 carry 0.009
cache_trace node 0: piece (4, 1) of 5 x 6, 17293291 + 14411079 limbs at 83584259, slots 1 x 1 prime: A HIT B - | 0.606 s: redistribute 0.036 ntt 0.569 crt 0.001 out 0.008 carry 0.002
dist_mn node 0: 86466471 x 86466471 limbs over 2 x 4 ranks (cap 2^25): 5 x 6 pieces, 20 formed, 10 skipped (low product) (cache 1 slots of 1 prime, partial: 15 hits, 5 misses)
cache_trace node 1: piece (4, 1) of 5 x 6, 17293291 + 14411079 limbs at 83584259, slots 1 x 1 prime: A HIT B - | 0.606 s: redistribute 0.036 ntt 0.571 crt 0.001 out 0.006 carry 0.002
dist_mn node 1: 86466471 x 86466471 limbs over 2 x 4 ranks (cap 2^25): 5 x 6 pieces, 20 formed, 10 skipped (low product) (cache 1 slots of 1 prime, partial: 15 hits, 5 misses)
cx_grid node 1: rep 1 shape 5x6_highcut (86466471 x 86466471, cut 0 / 86466471) slots 1: 12.984 s, cache 15 hits 5 misses, C sha256 27b0af0492a0457e same
cx_grid node 1: the cache's allocation 0.00 s (once, excluded above)
cx_grid node 0: rep 1 shape 5x6_highcut (86466471 x 86466471, cut 0 / 86466471) slots 1: 12.984 s, cache 15 hits 5 misses, C sha256 cf16d9f968b3c1fc same
cx_grid node 0: the cache's allocation 0.00 s (once, excluded above)

cx_grid: VERIFY OK (1 checks)

cx_grid: VERIFY OK (1 checks)
