META limb_base=10^18
META bench=cx_grid host=ppac-pl1-s24-26 date=2026-09-28T22:13:41
META limb_base=10^18
META bench=cx_grid host=ppac-pl1-s24-26 date=2026-09-28T22:13:41
mn: node 0 of 2, four meshes of 2 ranks on ppac-pl1-s24-26,ppac-pl1-s24-26 (port base 21255): connected in 0.10 s
mn: node 0: level 1 group [0, 2) (transform nodes 2): meshes connected in 0.00 s
cx_grid: node 0 of 2, plane cap 2^25, pool_log 24, 1 repetitions (+ warm-up), slot counts 0,1,2
mn: node 1 of 2, four meshes of 2 ranks on ppac-pl1-s24-26,ppac-pl1-s24-26 (port base 21255): connected in 0.03 s
mn: node 1: level 1 group [0, 2) (transform nodes 2): meshes connected in 0.00 s
cx_grid: node 1 of 2, plane cap 2^25, pool_log 24, 1 repetitions (+ warm-up), slot counts 0,1,2
   transform cache (RNS_DIST_CACHE_PARTIAL) node 0: 2 slots of 4 of 4 primes, q 2^22.00, from the block pool: 0.27 GB per APU (1.07 per node) | pool free 0.00 GB per APU (the smallest), the product's need 0.19, margin 0.50 -> 8 planes (RNS_DIST_CACHE_PARTIAL_FORCE) -- the pool GREW
   transform cache (RNS_DIST_CACHE_PARTIAL) node 1: 2 slots of 4 of 4 primes, q 2^22.00, from the block pool: 0.27 GB per APU (1.07 per node) | pool free 0.00 GB per APU (the smallest), the product's need 0.19, margin 0.50 -> 8 planes (RNS_DIST_CACHE_PARTIAL_FORCE) -- the pool GREW
cache_trace node 0: piece (0, 0) of 2 x 2, 19897701 + 19898891 limbs at 0, slots 2 x 4 primes: A cached B cached | 1.436 s: redistribute 0.298 ntt 0.852 crt 0.085 out 0.125 carry 0.033
cache_trace node 1: piece (0, 0) of 2 x 2, 19897701 + 19898891 limbs at 0, slots 2 x 4 primes: A cached B cached | 1.436 s: redistribute 0.294 ntt 0.826 crt 0.002 out 0.240 carry 0.034
cache_trace node 0: piece (1, 0) of 2 x 2, 19897700 + 19898891 limbs at 19897701, slots 2 x 4 primes: A - B HIT | 0.527 s: redistribute 0.012 ntt 0.422 crt 0.001 out 0.049 carry 0.053
cache_trace node 1: piece (1, 0) of 2 x 2, 19897700 + 19898891 limbs at 19897701, slots 2 x 4 primes: A - B HIT | 0.527 s: redistribute 0.012 ntt 0.423 crt 0.001 out 0.048 carry 0.053
cache_trace node 0: piece (0, 1) of 2 x 2, 19897701 + 19898891 limbs at 19898891, slots 2 x 4 primes: A HIT B cached | 0.511 s: redistribute 0.022 ntt 0.432 crt 0.001 out 0.048 carry 0.020
cache_trace node 1: piece (0, 1) of 2 x 2, 19897701 + 19898891 limbs at 19898891, slots 2 x 4 primes: A HIT B cached | 0.511 s: redistribute 0.022 ntt 0.430 crt 0.001 out 0.045 carry 0.020
cache_trace node 0: piece (1, 1) of 2 x 2, 19897700 + 19898891 limbs at 39796592, slots 2 x 4 primes: A - B HIT | 0.684 s: redistribute 0.041 ntt 0.414 crt 0.001 out 0.232 carry 0.002
dist_mn node 0: 39795401 x 39797782 limbs over 2 x 4 ranks (cap 2^25 points, P24): 2 x 2 pieces, 4 formed, 0 skipped (cache 2 slots of 4 primes, partial: 3 hits, 3 misses)
cache_trace node 1: piece (1, 1) of 2 x 2, 19897700 + 19898891 limbs at 39796592, slots 2 x 4 primes: A - B HIT | 0.684 s: redistribute 0.026 ntt 0.408 crt 0.001 out 0.173 carry 0.002
dist_mn node 1: 39795401 x 39797782 limbs over 2 x 4 ranks (cap 2^25 points, P24): 2 x 2 pieces, 4 formed, 0 skipped (cache 2 slots of 4 primes, partial: 3 hits, 3 misses)
cx_grid node 0: the allocating product (2 slots): 3.352 s, the cache's allocation 0.00 s
cx_grid node 1: the allocating product (2 slots): 3.352 s, the cache's allocation 0.00 s
cache_trace node 0: piece (0, 0) of 2 x 2, 19897701 + 19898891 limbs at 0, slots 0 x 4 primes: A - B - | 0.718 s: redistribute 0.055 ntt 0.637 crt 0.001 out 0.030 carry 0.001
cache_trace node 1: piece (0, 0) of 2 x 2, 19897701 + 19898891 limbs at 0, slots 0 x 4 primes: A - B - | 0.718 s: redistribute 0.055 ntt 0.627 crt 0.001 out 0.038 carry 0.001
cache_trace node 0: piece (1, 0) of 2 x 2, 19897700 + 19898891 limbs at 19897701, slots 0 x 4 primes: A - B - | 0.703 s: redistribute 0.037 ntt 0.604 crt 0.001 out 0.045 carry 0.021
cache_trace node 1: piece (1, 0) of 2 x 2, 19897700 + 19898891 limbs at 19897701, slots 0 x 4 primes: A - B - | 0.703 s: redistribute 0.036 ntt 0.603 crt 0.001 out 0.048 carry 0.021
cache_trace node 0: piece (0, 1) of 2 x 2, 19897701 + 19898891 limbs at 19898891, slots 0 x 4 primes: A - B - | 0.703 s: redistribute 0.036 ntt 0.606 crt 0.001 out 0.047 carry 0.020
cache_trace node 1: piece (0, 1) of 2 x 2, 19897701 + 19898891 limbs at 19898891, slots 0 x 4 primes: A - B - | 0.703 s: redistribute 0.035 ntt 0.607 crt 0.001 out 0.050 carry 0.020
cache_trace node 0: piece (1, 1) of 2 x 2, 19897700 + 19898891 limbs at 39796592, slots 0 x 4 primes: A - B - | 0.677 s: redistribute 0.045 ntt 0.589 crt 0.001 out 0.046 carry 0.002
dist_mn node 0: 39795401 x 39797782 limbs over 2 x 4 ranks (cap 2^25 points, P24): 2 x 2 pieces, 4 formed, 0 skipped (cache 0 slots, partial: 0 hits, 0 misses)
cache_trace node 1: piece (1, 1) of 2 x 2, 19897700 + 19898891 limbs at 39796592, slots 0 x 4 primes: A - B - | 0.677 s: redistribute 0.044 ntt 0.591 crt 0.001 out 0.037 carry 0.002
dist_mn node 1: 39795401 x 39797782 limbs over 2 x 4 ranks (cap 2^25 points, P24): 2 x 2 pieces, 4 formed, 0 skipped (cache 0 slots, partial: 0 hits, 0 misses)
cx_grid node 0: rep 0 (warm-up) shape 2x3_full (39795401 x 39797782, cut 0 / -1) slots 0: 2.803 s, cache 0 hits 0 misses, C sha256 19fe5a72de532305 same
cx_grid node 1: rep 0 (warm-up) shape 2x3_full (39795401 x 39797782, cut 0 / -1) slots 0: 2.803 s, cache 0 hits 0 misses, C sha256 b53fe65e9accfa51 same
cache_trace node 0: piece (0, 0) of 2 x 4, 19675988 + 19817047 limbs at 0, slots 0 x 4 primes: A - B - | 0.655 s: redistribute 0.024 ntt 0.596 crt 0.001 out 0.037 carry 0.004
cache_trace node 1: piece (0, 0) of 2 x 4, 19675988 + 19817047 limbs at 0, slots 0 x 4 primes: A - B - | 0.655 s: redistribute 0.023 ntt 0.594 crt 0.001 out 0.036 carry 0.004
cache_trace node 0: piece (0, 1) of 2 x 4, 19675988 + 19817047 limbs at 19817047, slots 0 x 4 primes: A - B - | 0.696 s: redistribute 0.041 ntt 0.612 crt 0.001 out 0.035 carry 0.024
cache_trace node 1: piece (0, 1) of 2 x 4, 19675988 + 19817047 limbs at 19817047, slots 0 x 4 primes: A - B - | 0.696 s: redistribute 0.039 ntt 0.610 crt 0.001 out 0.032 carry 0.024
cache_trace node 0: piece (0, 2) of 2 x 4, 19675988 + 19817047 limbs at 39634094, slots 0 x 4 primes: A - B - | 0.709 s: redistribute 0.038 ntt 0.609 crt 0.001 out 0.047 carry 0.021
cache_trace node 1: piece (0, 2) of 2 x 4, 19675988 + 19817047 limbs at 39634094, slots 0 x 4 primes: A - B - | 0.709 s: redistribute 0.037 ntt 0.614 crt 0.001 out 0.044 carry 0.021
cache_trace node 0: piece (0, 3) of 2 x 4, 19675988 + 19817046 limbs at 59451141, slots 0 x 4 primes: A - B - | 0.692 s: redistribute 0.034 ntt 0.603 crt 0.001 out 0.035 carry 0.023
cache_trace node 1: piece (0, 3) of 2 x 4, 19675988 + 19817046 limbs at 59451141, slots 0 x 4 primes: A - B - | 0.692 s: redistribute 0.033 ntt 0.604 crt 0.001 out 0.038 carry 0.022
cache_trace node 0: piece (1, 0) of 2 x 4, 19675988 + 19817047 limbs at 19675988, slots 0 x 4 primes: A - B - | 0.714 s: redistribute 0.041 ntt 0.630 crt 0.001 out 0.035 carry 0.024
cache_trace node 1: piece (1, 0) of 2 x 4, 19675988 + 19817047 limbs at 19675988, slots 0 x 4 primes: A - B - | 0.714 s: redistribute 0.040 ntt 0.634 crt 0.001 out 0.035 carry 0.024
cache_trace node 0: piece (1, 1) of 2 x 4, 19675988 + 19817047 limbs at 39493035, slots 0 x 4 primes: A - B - | 0.729 s: redistribute 0.039 ntt 0.628 crt 0.001 out 0.045 carry 0.019
cache_trace node 1: piece (1, 1) of 2 x 4, 19675988 + 19817047 limbs at 39493035, slots 0 x 4 primes: A - B - | 0.729 s: redistribute 0.039 ntt 0.630 crt 0.001 out 0.042 carry 0.019
cache_trace node 0: piece (1, 2) of 2 x 4, 19675988 + 19817047 limbs at 59310082, slots 0 x 4 primes: A - B - | 0.709 s: redistribute 0.043 ntt 0.606 crt 0.001 out 0.038 carry 0.023
cache_trace node 1: piece (1, 2) of 2 x 4, 19675988 + 19817047 limbs at 59310082, slots 0 x 4 primes: A - B - | 0.709 s: redistribute 0.042 ntt 0.611 crt 0.001 out 0.042 carry 0.022
cache_trace node 0: piece (1, 3) of 2 x 4, 19675988 + 19817046 limbs at 79127129, slots 0 x 4 primes: A - B - | 0.686 s: redistribute 0.040 ntt 0.595 crt 0.001 out 0.037 carry 0.024
dist_mn node 0: 39351976 x 79268187 limbs over 2 x 4 ranks (cap 2^25 points, P24): 2 x 4 pieces, 8 formed, 0 skipped (cache 0 slots, partial: 0 hits, 0 misses)
cache_trace node 1: piece (1, 3) of 2 x 4, 19675988 + 19817046 limbs at 79127129, slots 0 x 4 primes: A - B - | 0.686 s: redistribute 0.039 ntt 0.596 crt 0.001 out 0.036 carry 0.024
dist_mn node 1: 39351976 x 79268187 limbs over 2 x 4 ranks (cap 2^25 points, P24): 2 x 4 pieces, 8 formed, 0 skipped (cache 0 slots, partial: 0 hits, 0 misses)
cx_grid node 0: rep 0 (warm-up) shape 2x6_full (39351976 x 79268187, cut 0 / -1) slots 0: 5.642 s, cache 0 hits 0 misses, C sha256 48a8b6d3da21f87f same
cx_grid node 1: rep 0 (warm-up) shape 2x6_full (39351976 x 79268187, cut 0 / -1) slots 0: 5.642 s, cache 0 hits 0 misses, C sha256 da0b208cf6df82ca same
cache_trace node 0: piece (0, 0) of 1 x 2, 29117627 + 14827520 limbs at 0, slots 0 x 4 primes: A - B - | 0.681 s: redistribute 0.038 ntt 0.607 crt 0.001 out 0.049 carry 0.001
cache_trace node 1: piece (0, 0) of 1 x 2, 29117627 + 14827520 limbs at 0, slots 0 x 4 primes: A - B - | 0.681 s: redistribute 0.038 ntt 0.603 crt 0.001 out 0.047 carry 0.001
cache_trace node 0: piece (0, 1) of 1 x 2, 29117627 + 14827520 limbs at 14827520, slots 0 x 4 primes: A - B - | 0.719 s: redistribute 0.041 ntt 0.634 crt 0.001 out 0.044 carry 0.011
dist_mn node 0: 29117627 x 29655040 limbs over 2 x 4 ranks (cap 2^25 points, P24): 1 x 2 pieces, 2 formed, 0 skipped (cache 0 slots, partial: 0 hits, 0 misses)
cache_trace node 1: piece (0, 1) of 1 x 2, 29117627 + 14827520 limbs at 14827520, slots 0 x 4 primes: A - B - | 0.719 s: redistribute 0.034 ntt 0.634 crt 0.001 out 0.044 carry 0.011
dist_mn node 1: 29117627 x 29655040 limbs over 2 x 4 ranks (cap 2^25 points, P24): 1 x 2 pieces, 2 formed, 0 skipped (cache 0 slots, partial: 0 hits, 0 misses)
cx_grid node 1: rep 0 (warm-up) shape 2x2_full (29117627 x 29655040, cut 0 / -1) slots 0: 1.402 s, cache 0 hits 0 misses, C sha256 d38838bf1dea5a21 same
cx_grid node 0: rep 0 (warm-up) shape 2x2_full (29117627 x 29655040, cut 0 / -1) slots 0: 1.402 s, cache 0 hits 0 misses, C sha256 178231cd1ef2b51a same
cache_trace node 0: piece (0, 0) of 2 x 1, 21616618 + 21616617 limbs at 0, slots 0 x 4 primes: A - B - | 0.676 s: redistribute 0.039 ntt 0.595 crt 0.001 out 0.050 carry 0.001
cache_trace node 1: piece (0, 0) of 2 x 1, 21616618 + 21616617 limbs at 0, slots 0 x 4 primes: A - B - | 0.676 s: redistribute 0.042 ntt 0.589 crt 0.001 out 0.047 carry 0.001
cache_trace node 0: piece (1, 0) of 2 x 1, 21616617 + 21616617 limbs at 21616618, slots 0 x 4 primes: A - B - | 0.694 s: redistribute 0.045 ntt 0.628 crt 0.001 out 0.023 carry 0.001
dist_mn node 0: 43233235 x 21616617 limbs over 2 x 4 ranks (cap 2^25 points, P24): 2 x 1 pieces, 2 formed, 0 skipped (low product) (low cut) (cache 0 slots, partial: 0 hits, 0 misses)
cache_trace node 1: piece (1, 0) of 2 x 1, 21616617 + 21616617 limbs at 21616618, slots 0 x 4 primes: A - B - | 0.694 s: redistribute 0.048 ntt 0.630 crt 0.001 out 0.023 carry 0.001
dist_mn node 1: 43233235 x 21616617 limbs over 2 x 4 ranks (cap 2^25 points, P24): 2 x 1 pieces, 2 formed, 0 skipped (low product) (low cut) (cache 0 slots, partial: 0 hits, 0 misses)
cx_grid node 1: rep 0 (warm-up) shape 2x2_lowhighcut (43233235 x 21616617, cut 21616617 / 43233235) slots 0: 1.372 s, cache 0 hits 0 misses, C sha256 7aa2576d183901df same
cx_grid node 0: rep 0 (warm-up) shape 2x2_lowhighcut (43233235 x 21616617, cut 21616617 / 43233235) slots 0: 1.372 s, cache 0 hits 0 misses, C sha256 4a296081451480d4 same
cx_grid node 1: rep 0 (warm-up) shape 1x2_lowcut (21616617 x 21616617, cut 21616617 / -1) slots 0: 0.688 s, cache 0 hits 0 misses, C sha256 e750181209d87254 same
cx_grid node 0: rep 0 (warm-up) shape 1x2_lowcut (21616617 x 21616617, cut 21616617 / -1) slots 0: 0.688 s, cache 0 hits 0 misses, C sha256 300cb49213d3d27f same
cache_trace node 0: piece (0, 0) of 4 x 2, 21616618 + 21616618 limbs at 0, slots 0 x 4 primes: A - B - | 0.932 s: redistribute 0.036 ntt 0.714 crt 0.002 out 0.155 carry 0.001
cache_trace node 1: piece (0, 0) of 4 x 2, 21616618 + 21616618 limbs at 0, slots 0 x 4 primes: A - B - | 0.932 s: redistribute 0.050 ntt 0.630 crt 0.001 out 0.269 carry 0.001
cache_trace node 0: piece (1, 0) of 4 x 2, 21616618 + 21616618 limbs at 21616618, slots 0 x 4 primes: A - B - | 0.701 s: redistribute 0.029 ntt 0.602 crt 0.001 out 0.048 carry 0.023
cache_trace node 1: piece (1, 0) of 4 x 2, 21616618 + 21616618 limbs at 21616618, slots 0 x 4 primes: A - B - | 0.701 s: redistribute 0.032 ntt 0.605 crt 0.001 out 0.044 carry 0.023
cache_trace node 0: piece (2, 0) of 4 x 2, 21616618 + 21616618 limbs at 43233236, slots 0 x 4 primes: A - B - | 0.954 s: redistribute 0.069 ntt 0.627 crt 0.001 out 0.258 carry 0.002
cache_trace node 1: piece (2, 0) of 4 x 2, 21616618 + 21616618 limbs at 43233236, slots 0 x 4 primes: A - B - | 0.954 s: redistribute 0.053 ntt 0.627 crt 0.004 out 0.136 carry 0.002
cache_trace node 0: piece (3, 0) of 4 x 2, 21616617 + 21616618 limbs at 64849854, slots 0 x 4 primes: A - B - | 0.716 s: redistribute 0.036 ntt 0.654 crt 0.001 out 0.025 carry 0.016
cache_trace node 1: piece (3, 0) of 4 x 2, 21616617 + 21616618 limbs at 64849854, slots 0 x 4 primes: A - B - | 0.716 s: redistribute 0.049 ntt 0.651 crt 0.001 out 0.029 carry 0.016
cache_trace node 0: piece (0, 1) of 4 x 2, 21616618 + 21616617 limbs at 21616618, slots 0 x 4 primes: A - B - | 0.718 s: redistribute 0.047 ntt 0.616 crt 0.001 out 0.048 carry 0.024
cache_trace node 1: piece (0, 1) of 4 x 2, 21616618 + 21616617 limbs at 21616618, slots 0 x 4 primes: A - B - | 0.718 s: redistribute 0.046 ntt 0.613 crt 0.001 out 0.047 carry 0.024
cache_trace node 0: piece (1, 1) of 4 x 2, 21616618 + 21616617 limbs at 43233236, slots 0 x 4 primes: A - B - | 0.688 s: redistribute 0.048 ntt 0.611 crt 0.001 out 0.042 carry 0.002
cache_trace node 1: piece (1, 1) of 4 x 2, 21616618 + 21616617 limbs at 43233236, slots 0 x 4 primes: A - B - | 0.688 s: redistribute 0.047 ntt 0.609 crt 0.001 out 0.041 carry 0.002
cache_trace node 0: piece (2, 1) of 4 x 2, 21616618 + 21616617 limbs at 64849854, slots 0 x 4 primes: A - B - | 0.697 s: redistribute 0.058 ntt 0.608 crt 0.001 out 0.023 carry 0.015
dist_mn node 0: 86466471 x 43233235 limbs over 2 x 4 ranks (cap 2^25 points, P24): 4 x 2 pieces, 7 formed, 1 skipped (low product) (low cut) (cache 0 slots, partial: 0 hits, 0 misses)
cache_trace node 1: piece (2, 1) of 4 x 2, 21616618 + 21616617 limbs at 64849854, slots 0 x 4 primes: A - B - | 0.697 s: redistribute 0.056 ntt 0.614 crt 0.001 out 0.027 carry 0.015
dist_mn node 1: 86466471 x 43233235 limbs over 2 x 4 ranks (cap 2^25 points, P24): 4 x 2 pieces, 7 formed, 1 skipped (low product) (low cut) (cache 0 slots, partial: 0 hits, 0 misses)
cx_grid node 1: rep 0 (warm-up) shape 5x3_lowhighcut (86466471 x 43233235, cut 43233235 / 86466471) slots 0: 5.410 s, cache 0 hits 0 misses, C sha256 83d94cc607ada3a3 same
cx_grid node 0: rep 0 (warm-up) shape 5x3_lowhighcut (86466471 x 43233235, cut 43233235 / 86466471) slots 0: 5.410 s, cache 0 hits 0 misses, C sha256 7a1a1649c2d0cb2b same
cache_trace node 0: piece (0, 0) of 2 x 2, 21616618 + 21616618 limbs at 0, slots 0 x 4 primes: A - B - | 0.694 s: redistribute 0.050 ntt 0.628 crt 0.001 out 0.034 carry 0.001
cache_trace node 1: piece (0, 0) of 2 x 2, 21616618 + 21616618 limbs at 0, slots 0 x 4 primes: A - B - | 0.694 s: redistribute 0.058 ntt 0.620 crt 0.001 out 0.043 carry 0.001
cache_trace node 0: piece (1, 0) of 2 x 2, 21616617 + 21616618 limbs at 21616618, slots 0 x 4 primes: A - B - | 0.715 s: redistribute 0.041 ntt 0.617 crt 0.001 out 0.051 carry 0.021
cache_trace node 1: piece (1, 0) of 2 x 2, 21616617 + 21616618 limbs at 21616618, slots 0 x 4 primes: A - B - | 0.715 s: redistribute 0.043 ntt 0.622 crt 0.001 out 0.044 carry 0.021
cache_trace node 0: piece (0, 1) of 2 x 2, 21616618 + 21616617 limbs at 21616618, slots 0 x 4 primes: A - B - | 0.724 s: redistribute 0.039 ntt 0.626 crt 0.001 out 0.051 carry 0.023
cache_trace node 1: piece (0, 1) of 2 x 2, 21616618 + 21616617 limbs at 21616618, slots 0 x 4 primes: A - B - | 0.724 s: redistribute 0.039 ntt 0.631 crt 0.001 out 0.048 carry 0.023
cache_trace node 0: piece (1, 1) of 2 x 2, 21616617 + 21616617 limbs at 43233236, slots 0 x 4 primes: A - B - | 0.717 s: redistribute 0.040 ntt 0.634 crt 0.001 out 0.048 carry 0.003
dist_mn node 0: 43233235 x 43233235 limbs over 2 x 4 ranks (cap 2^25 points, P24): 2 x 2 pieces, 4 formed, 0 skipped (low cut) (cache 0 slots, partial: 0 hits, 0 misses)
cache_trace node 1: piece (1, 1) of 2 x 2, 21616617 + 21616617 limbs at 43233236, slots 0 x 4 primes: A - B - | 0.717 s: redistribute 0.039 ntt 0.634 crt 0.001 out 0.037 carry 0.002
dist_mn node 1: 43233235 x 43233235 limbs over 2 x 4 ranks (cap 2^25 points, P24): 2 x 2 pieces, 4 formed, 0 skipped (low cut) (cache 0 slots, partial: 0 hits, 0 misses)
cx_grid node 0: rep 0 (warm-up) shape 2x4_lowcut (43233235 x 43233235, cut 43233235 / -1) slots 0: 2.852 s, cache 0 hits 0 misses, C sha256 845056bac9ddd4f8 same
cx_grid node 1: rep 0 (warm-up) shape 2x4_lowcut (43233235 x 43233235, cut 43233235 / -1) slots 0: 2.852 s, cache 0 hits 0 misses, C sha256 ec985af0744fe53f same
cache_trace node 0: piece (2, 0) of 4 x 4, 21616618 + 21616618 limbs at 43233236, slots 0 x 4 primes: A - B - | 0.691 s: redistribute 0.027 ntt 0.607 crt 0.001 out 0.031 carry 0.035
cache_trace node 1: piece (2, 0) of 4 x 4, 21616618 + 21616618 limbs at 43233236, slots 0 x 4 primes: A - B - | 0.691 s: redistribute 0.028 ntt 0.605 crt 0.001 out 0.038 carry 0.035
cache_trace node 0: piece (3, 0) of 4 x 4, 21616617 + 21616618 limbs at 64849854, slots 0 x 4 primes: A - B - | 0.704 s: redistribute 0.033 ntt 0.602 crt 0.001 out 0.048 carry 0.025
cache_trace node 1: piece (3, 0) of 4 x 4, 21616617 + 21616618 limbs at 64849854, slots 0 x 4 primes: A - B - | 0.704 s: redistribute 0.036 ntt 0.596 crt 0.001 out 0.054 carry 0.025
cache_trace node 0: piece (1, 1) of 4 x 4, 21616618 + 21616618 limbs at 43233236, slots 0 x 4 primes: A - B - | 0.716 s: redistribute 0.041 ntt 0.614 crt 0.001 out 0.036 carry 0.030
cache_trace node 1: piece (1, 1) of 4 x 4, 21616618 + 21616618 limbs at 43233236, slots 0 x 4 primes: A - B - | 0.716 s: redistribute 0.052 ntt 0.607 crt 0.001 out 0.039 carry 0.031
cache_trace node 0: piece (2, 1) of 4 x 4, 21616618 + 21616618 limbs at 64849854, slots 0 x 4 primes: A - B - | 0.737 s: redistribute 0.039 ntt 0.630 crt 0.001 out 0.051 carry 0.025
cache_trace node 1: piece (2, 1) of 4 x 4, 21616618 + 21616618 limbs at 64849854, slots 0 x 4 primes: A - B - | 0.737 s: redistribute 0.042 ntt 0.627 crt 0.001 out 0.047 carry 0.025
cache_trace node 0: piece (3, 1) of 4 x 4, 21616617 + 21616618 limbs at 86466472, slots 0 x 4 primes: A - B - | 0.715 s: redistribute 0.040 ntt 0.612 crt 0.001 out 0.039 carry 0.033
cache_trace node 1: piece (3, 1) of 4 x 4, 21616617 + 21616618 limbs at 86466472, slots 0 x 4 primes: A - B - | 0.715 s: redistribute 0.040 ntt 0.607 crt 0.001 out 0.036 carry 0.032
cache_trace node 0: piece (0, 2) of 4 x 4, 21616618 + 21616618 limbs at 43233236, slots 0 x 4 primes: A - B - | 0.733 s: redistribute 0.045 ntt 0.631 crt 0.001 out 0.036 carry 0.032
cache_trace node 1: piece (0, 2) of 4 x 4, 21616618 + 21616618 limbs at 43233236, slots 0 x 4 primes: A - B - | 0.733 s: redistribute 0.045 ntt 0.631 crt 0.001 out 0.034 carry 0.033
cache_trace node 0: piece (1, 2) of 4 x 4, 21616618 + 21616618 limbs at 64849854, slots 0 x 4 primes: A - B - | 0.712 s: redistribute 0.049 ntt 0.604 crt 0.001 out 0.053 carry 0.023
cache_trace node 1: piece (1, 2) of 4 x 4, 21616618 + 21616618 limbs at 64849854, slots 0 x 4 primes: A - B - | 0.712 s: redistribute 0.048 ntt 0.604 crt 0.001 out 0.053 carry 0.024
cache_trace node 0: piece (2, 2) of 4 x 4, 21616618 + 21616618 limbs at 86466472, slots 0 x 4 primes: A - B - | 0.752 s: redistribute 0.059 ntt 0.611 crt 0.002 out 0.069 carry 0.032
cache_trace node 1: piece (2, 2) of 4 x 4, 21616618 + 21616618 limbs at 86466472, slots 0 x 4 primes: A - B - | 0.752 s: redistribute 0.054 ntt 0.610 crt 0.002 out 0.068 carry 0.032
cache_trace node 0: piece (3, 2) of 4 x 4, 21616617 + 21616618 limbs at 108083090, slots 0 x 4 primes: A - B - | 0.723 s: redistribute 0.049 ntt 0.619 crt 0.001 out 0.040 carry 0.018
cache_trace node 1: piece (3, 2) of 4 x 4, 21616617 + 21616618 limbs at 108083090, slots 0 x 4 primes: A - B - | 0.723 s: redistribute 0.047 ntt 0.623 crt 0.001 out 0.039 carry 0.018
cache_trace node 0: piece (0, 3) of 4 x 4, 21616618 + 21616617 limbs at 64849854, slots 0 x 4 primes: A - B - | 0.730 s: redistribute 0.037 ntt 0.631 crt 0.001 out 0.049 carry 0.027
cache_trace node 1: piece (0, 3) of 4 x 4, 21616618 + 21616617 limbs at 64849854, slots 0 x 4 primes: A - B - | 0.730 s: redistribute 0.037 ntt 0.630 crt 0.001 out 0.047 carry 0.027
cache_trace node 0: piece (1, 3) of 4 x 4, 21616618 + 21616617 limbs at 86466472, slots 0 x 4 primes: A - B - | 0.722 s: redistribute 0.044 ntt 0.616 crt 0.001 out 0.042 carry 0.033
cache_trace node 1: piece (1, 3) of 4 x 4, 21616618 + 21616617 limbs at 86466472, slots 0 x 4 primes: A - B - | 0.722 s: redistribute 0.043 ntt 0.616 crt 0.001 out 0.038 carry 0.033
cache_trace node 0: piece (2, 3) of 4 x 4, 21616618 + 21616617 limbs at 108083090, slots 0 x 4 primes: A - B - | 0.706 s: redistribute 0.046 ntt 0.620 crt 0.001 out 0.038 carry 0.018
cache_trace node 1: piece (2, 3) of 4 x 4, 21616618 + 21616617 limbs at 108083090, slots 0 x 4 primes: A - B - | 0.706 s: redistribute 0.041 ntt 0.619 crt 0.001 out 0.037 carry 0.018
cache_trace node 0: piece (3, 3) of 4 x 4, 21616617 + 21616617 limbs at 129699708, slots 0 x 4 primes: A - B - | 0.722 s: redistribute 0.053 ntt 0.612 crt 0.001 out 0.040 carry 0.031
dist_mn node 0: 86466471 x 86466471 limbs over 2 x 4 ranks (cap 2^25 points, P24): 4 x 4 pieces, 13 formed, 3 skipped (low cut) (cache 0 slots, partial: 0 hits, 0 misses)
cache_trace node 1: piece (3, 3) of 4 x 4, 21616617 + 21616617 limbs at 129699708, slots 0 x 4 primes: A - B - | 0.722 s: redistribute 0.049 ntt 0.617 crt 0.001 out 0.040 carry 0.030
dist_mn node 1: 86466471 x 86466471 limbs over 2 x 4 ranks (cap 2^25 points, P24): 4 x 4 pieces, 13 formed, 3 skipped (low cut) (cache 0 slots, partial: 0 hits, 0 misses)
cx_grid node 1: rep 0 (warm-up) shape 5x6_lowcut (86466471 x 86466471, cut 86466471 / -1) slots 0: 9.432 s, cache 0 hits 0 misses, C sha256 9cd829468ba4e146 same
cx_grid node 0: rep 0 (warm-up) shape 5x6_lowcut (86466471 x 86466471, cut 86466471 / -1) slots 0: 9.431 s, cache 0 hits 0 misses, C sha256 8dfd856fd8311bea same
cache_trace node 0: piece (0, 0) of 4 x 4, 21616618 + 21616618 limbs at 0, slots 0 x 4 primes: A - B - | 0.680 s: redistribute 0.031 ntt 0.618 crt 0.001 out 0.036 carry 0.001
cache_trace node 1: piece (0, 0) of 4 x 4, 21616618 + 21616618 limbs at 0, slots 0 x 4 primes: A - B - | 0.680 s: redistribute 0.039 ntt 0.617 crt 0.001 out 0.041 carry 0.001
cache_trace node 0: piece (1, 0) of 4 x 4, 21616618 + 21616618 limbs at 21616618, slots 0 x 4 primes: A - B - | 0.733 s: redistribute 0.054 ntt 0.627 crt 0.001 out 0.045 carry 0.021
cache_trace node 1: piece (1, 0) of 4 x 4, 21616618 + 21616618 limbs at 21616618, slots 0 x 4 primes: A - B - | 0.733 s: redistribute 0.058 ntt 0.619 crt 0.001 out 0.043 carry 0.021
cache_trace node 0: piece (2, 0) of 4 x 4, 21616618 + 21616618 limbs at 43233236, slots 0 x 4 primes: A - B - | 0.677 s: redistribute 0.038 ntt 0.611 crt 0.002 out 0.035 carry 0.003
cache_trace node 1: piece (2, 0) of 4 x 4, 21616618 + 21616618 limbs at 43233236, slots 0 x 4 primes: A - B - | 0.677 s: redistribute 0.038 ntt 0.607 crt 0.002 out 0.034 carry 0.002
cache_trace node 0: piece (3, 0) of 4 x 4, 21616617 + 21616618 limbs at 64849854, slots 0 x 4 primes: A - B - | 0.688 s: redistribute 0.035 ntt 0.613 crt 0.001 out 0.027 carry 0.018
cache_trace node 1: piece (3, 0) of 4 x 4, 21616617 + 21616618 limbs at 64849854, slots 0 x 4 primes: A - B - | 0.688 s: redistribute 0.038 ntt 0.614 crt 0.001 out 0.028 carry 0.018
cache_trace node 0: piece (0, 1) of 4 x 4, 21616618 + 21616618 limbs at 21616618, slots 0 x 4 primes: A - B - | 0.731 s: redistribute 0.048 ntt 0.628 crt 0.001 out 0.053 carry 0.020
cache_trace node 1: piece (0, 1) of 4 x 4, 21616618 + 21616618 limbs at 21616618, slots 0 x 4 primes: A - B - | 0.731 s: redistribute 0.049 ntt 0.626 crt 0.001 out 0.054 carry 0.021
cache_trace node 0: piece (1, 1) of 4 x 4, 21616618 + 21616618 limbs at 43233236, slots 0 x 4 primes: A - B - | 0.695 s: redistribute 0.049 ntt 0.616 crt 0.001 out 0.038 carry 0.002
cache_trace node 1: piece (1, 1) of 4 x 4, 21616618 + 21616618 limbs at 43233236, slots 0 x 4 primes: A - B - | 0.695 s: redistribute 0.052 ntt 0.612 crt 0.001 out 0.037 carry 0.002
cache_trace node 0: piece (2, 1) of 4 x 4, 21616618 + 21616618 limbs at 64849854, slots 0 x 4 primes: A - B - | 0.676 s: redistribute 0.041 ntt 0.604 crt 0.001 out 0.025 carry 0.018
cache_trace node 1: piece (2, 1) of 4 x 4, 21616618 + 21616618 limbs at 64849854, slots 0 x 4 primes: A - B - | 0.676 s: redistribute 0.042 ntt 0.599 crt 0.001 out 0.029 carry 0.018
cache_trace node 0: piece (0, 2) of 4 x 4, 21616618 + 21616618 limbs at 43233236, slots 0 x 4 primes: A - B - | 0.688 s: redistribute 0.050 ntt 0.613 crt 0.001 out 0.032 carry 0.003
cache_trace node 1: piece (0, 2) of 4 x 4, 21616618 + 21616618 limbs at 43233236, slots 0 x 4 primes: A - B - | 0.688 s: redistribute 0.049 ntt 0.612 crt 0.001 out 0.033 carry 0.002
cache_trace node 0: piece (1, 2) of 4 x 4, 21616618 + 21616618 limbs at 64849854, slots 0 x 4 primes: A - B - | 0.722 s: redistribute 0.039 ntt 0.649 crt 0.001 out 0.025 carry 0.018
cache_trace node 1: piece (1, 2) of 4 x 4, 21616618 + 21616618 limbs at 64849854, slots 0 x 4 primes: A - B - | 0.722 s: redistribute 0.038 ntt 0.645 crt 0.001 out 0.026 carry 0.018
cache_trace node 0: piece (0, 3) of 4 x 4, 21616618 + 21616617 limbs at 64849854, slots 0 x 4 primes: A - B - | 0.710 s: redistribute 0.044 ntt 0.627 crt 0.001 out 0.028 carry 0.018
dist_mn node 0: 86466471 x 86466471 limbs over 2 x 4 ranks (cap 2^25 points, P24): 4 x 4 pieces, 10 formed, 6 skipped (low product) (cache 0 slots, partial: 0 hits, 0 misses)
cache_trace node 1: piece (0, 3) of 4 x 4, 21616618 + 21616617 limbs at 64849854, slots 0 x 4 primes: A - B - | 0.710 s: redistribute 0.043 ntt 0.631 crt 0.001 out 0.030 carry 0.018
dist_mn node 1: 86466471 x 86466471 limbs over 2 x 4 ranks (cap 2^25 points, P24): 4 x 4 pieces, 10 formed, 6 skipped (low product) (cache 0 slots, partial: 0 hits, 0 misses)
cx_grid node 0: rep 0 (warm-up) shape 5x6_highcut (86466471 x 86466471, cut 0 / 86466471) slots 0: 7.004 s, cache 0 hits 0 misses, C sha256 cf16d9f968b3c1fc same
cx_grid node 1: rep 0 (warm-up) shape 5x6_highcut (86466471 x 86466471, cut 0 / 86466471) slots 0: 7.004 s, cache 0 hits 0 misses, C sha256 27b0af0492a0457e same
cache_trace node 0: piece (0, 0) of 2 x 2, 19897701 + 19898891 limbs at 0, slots 0 x 4 primes: A - B - | 0.687 s: redistribute 0.035 ntt 0.626 crt 0.001 out 0.034 carry 0.001
cache_trace node 1: piece (0, 0) of 2 x 2, 19897701 + 19898891 limbs at 0, slots 0 x 4 primes: A - B - | 0.687 s: redistribute 0.035 ntt 0.633 crt 0.001 out 0.028 carry 0.001
cache_trace node 0: piece (1, 0) of 2 x 2, 19897700 + 19898891 limbs at 19897701, slots 0 x 4 primes: A - B - | 0.698 s: redistribute 0.043 ntt 0.601 crt 0.001 out 0.048 carry 0.020
cache_trace node 1: piece (1, 0) of 2 x 2, 19897700 + 19898891 limbs at 19897701, slots 0 x 4 primes: A - B - | 0.698 s: redistribute 0.039 ntt 0.602 crt 0.001 out 0.043 carry 0.020
cache_trace node 0: piece (0, 1) of 2 x 2, 19897701 + 19898891 limbs at 19898891, slots 0 x 4 primes: A - B - | 0.731 s: redistribute 0.045 ntt 0.633 crt 0.001 out 0.051 carry 0.019
cache_trace node 1: piece (0, 1) of 2 x 2, 19897701 + 19898891 limbs at 19898891, slots 0 x 4 primes: A - B - | 0.731 s: redistribute 0.044 ntt 0.632 crt 0.001 out 0.048 carry 0.019
cache_trace node 0: piece (1, 1) of 2 x 2, 19897700 + 19898891 limbs at 39796592, slots 0 x 4 primes: A - B - | 0.721 s: redistribute 0.061 ntt 0.646 crt 0.001 out 0.034 carry 0.002
dist_mn node 0: 39795401 x 39797782 limbs over 2 x 4 ranks (cap 2^25 points, P24): 2 x 2 pieces, 4 formed, 0 skipped (cache 0 slots, partial: 0 hits, 0 misses)
cache_trace node 1: piece (1, 1) of 2 x 2, 19897700 + 19898891 limbs at 39796592, slots 0 x 4 primes: A - B - | 0.721 s: redistribute 0.060 ntt 0.639 crt 0.001 out 0.036 carry 0.002
dist_mn node 1: 39795401 x 39797782 limbs over 2 x 4 ranks (cap 2^25 points, P24): 2 x 2 pieces, 4 formed, 0 skipped (cache 0 slots, partial: 0 hits, 0 misses)
cx_grid node 0: rep 1 shape 2x3_full (39795401 x 39797782, cut 0 / -1) slots 0: 2.841 s, cache 0 hits 0 misses, C sha256 19fe5a72de532305 same
cx_grid node 1: rep 1 shape 2x3_full (39795401 x 39797782, cut 0 / -1) slots 0: 2.841 s, cache 0 hits 0 misses, C sha256 b53fe65e9accfa51 same
   transform cache (RNS_DIST_CACHE_PARTIAL) node 0: 1 slot of 4 of 4 primes, q 2^22.00, from the block pool: 0.13 GB per APU (0.54 per node) | pool free 0.91 GB per APU (the smallest), the product's need 0.19, margin 0.50 -> 8 planes (RNS_DIST_CACHE_PARTIAL_FORCE)
   transform cache (RNS_DIST_CACHE_PARTIAL) node 1: 1 slot of 4 of 4 primes, q 2^22.00, from the block pool: 0.13 GB per APU (0.54 per node) | pool free 1.11 GB per APU (the smallest), the product's need 0.19, margin 0.50 -> 8 planes (RNS_DIST_CACHE_PARTIAL_FORCE)
cache_trace node 0: piece (0, 0) of 2 x 2, 19897701 + 19898891 limbs at 0, slots 1 x 4 primes: A - B cached | 0.665 s: redistribute 0.032 ntt 0.598 crt 0.001 out 0.039 carry 0.001
cache_trace node 1: piece (0, 0) of 2 x 2, 19897701 + 19898891 limbs at 0, slots 1 x 4 primes: A - B cached | 0.665 s: redistribute 0.032 ntt 0.604 crt 0.001 out 0.034 carry 0.001
cache_trace node 0: piece (1, 0) of 2 x 2, 19897700 + 19898891 limbs at 19897701, slots 1 x 4 primes: A - B HIT | 0.480 s: redistribute 0.019 ntt 0.405 crt 0.001 out 0.044 carry 0.020
cache_trace node 1: piece (1, 0) of 2 x 2, 19897700 + 19898891 limbs at 19897701, slots 1 x 4 primes: A - B HIT | 0.480 s: redistribute 0.021 ntt 0.406 crt 0.001 out 0.046 carry 0.020
cache_trace node 0: piece (0, 1) of 2 x 2, 19897701 + 19898891 limbs at 19898891, slots 1 x 4 primes: A - B cached | 0.716 s: redistribute 0.041 ntt 0.632 crt 0.001 out 0.047 carry 0.020
cache_trace node 1: piece (0, 1) of 2 x 2, 19897701 + 19898891 limbs at 19898891, slots 1 x 4 primes: A - B cached | 0.716 s: redistribute 0.040 ntt 0.636 crt 0.001 out 0.046 carry 0.020
cache_trace node 0: piece (1, 1) of 2 x 2, 19897700 + 19898891 limbs at 39796592, slots 1 x 4 primes: A - B HIT | 0.483 s: redistribute 0.021 ntt 0.428 crt 0.001 out 0.032 carry 0.002
dist_mn node 0: 39795401 x 39797782 limbs over 2 x 4 ranks (cap 2^25 points, P24): 2 x 2 pieces, 4 formed, 0 skipped (cache 1 slots of 4 primes, partial: 2 hits, 2 misses)
cache_trace node 1: piece (1, 1) of 2 x 2, 19897700 + 19898891 limbs at 39796592, slots 1 x 4 primes: A - B HIT | 0.483 s: redistribute 0.032 ntt 0.425 crt 0.001 out 0.036 carry 0.002
dist_mn node 1: 39795401 x 39797782 limbs over 2 x 4 ranks (cap 2^25 points, P24): 2 x 2 pieces, 4 formed, 0 skipped (cache 1 slots of 4 primes, partial: 2 hits, 2 misses)
cx_grid node 0: rep 1 shape 2x3_full (39795401 x 39797782, cut 0 / -1) slots 1: 2.346 s, cache 2 hits 2 misses, C sha256 19fe5a72de532305 same
cx_grid node 1: rep 1 shape 2x3_full (39795401 x 39797782, cut 0 / -1) slots 1: 2.346 s, cache 2 hits 2 misses, C sha256 b53fe65e9accfa51 same
   transform cache (RNS_DIST_CACHE_PARTIAL) node 0: 2 slots of 4 of 4 primes, q 2^22.00, from the block pool: 0.27 GB per APU (1.07 per node) | pool free 0.91 GB per APU (the smallest), the product's need 0.19, margin 0.50 -> 8 planes (RNS_DIST_CACHE_PARTIAL_FORCE)
   transform cache (RNS_DIST_CACHE_PARTIAL) node 1: 2 slots of 4 of 4 primes, q 2^22.00, from the block pool: 0.27 GB per APU (1.07 per node) | pool free 1.11 GB per APU (the smallest), the product's need 0.19, margin 0.50 -> 8 planes (RNS_DIST_CACHE_PARTIAL_FORCE)
cache_trace node 0: piece (0, 0) of 2 x 2, 19897701 + 19898891 limbs at 0, slots 2 x 4 primes: A cached B cached | 0.668 s: redistribute 0.028 ntt 0.609 crt 0.001 out 0.034 carry 0.001
cache_trace node 1: piece (0, 0) of 2 x 2, 19897701 + 19898891 limbs at 0, slots 2 x 4 primes: A cached B cached | 0.668 s: redistribute 0.027 ntt 0.607 crt 0.001 out 0.035 carry 0.001
cache_trace node 0: piece (1, 0) of 2 x 2, 19897700 + 19898891 limbs at 19897701, slots 2 x 4 primes: A - B HIT | 0.480 s: redistribute 0.019 ntt 0.403 crt 0.002 out 0.044 carry 0.019
cache_trace node 1: piece (1, 0) of 2 x 2, 19897700 + 19898891 limbs at 19897701, slots 2 x 4 primes: A - B HIT | 0.480 s: redistribute 0.020 ntt 0.403 crt 0.002 out 0.045 carry 0.019
cache_trace node 0: piece (0, 1) of 2 x 2, 19897701 + 19898891 limbs at 19898891, slots 2 x 4 primes: A HIT B cached | 0.476 s: redistribute 0.026 ntt 0.391 crt 0.001 out 0.049 carry 0.019
cache_trace node 1: piece (0, 1) of 2 x 2, 19897701 + 19898891 limbs at 19898891, slots 2 x 4 primes: A HIT B cached | 0.476 s: redistribute 0.025 ntt 0.395 crt 0.001 out 0.048 carry 0.020
cache_trace node 0: piece (1, 1) of 2 x 2, 19897700 + 19898891 limbs at 39796592, slots 2 x 4 primes: A - B HIT | 0.473 s: redistribute 0.019 ntt 0.413 crt 0.001 out 0.039 carry 0.002
dist_mn node 0: 39795401 x 39797782 limbs over 2 x 4 ranks (cap 2^25 points, P24): 2 x 2 pieces, 4 formed, 0 skipped (cache 2 slots of 4 primes, partial: 3 hits, 3 misses)
cache_trace node 1: piece (1, 1) of 2 x 2, 19897700 + 19898891 limbs at 39796592, slots 2 x 4 primes: A - B HIT | 0.473 s: redistribute 0.021 ntt 0.418 crt 0.001 out 0.035 carry 0.002
dist_mn node 1: 39795401 x 39797782 limbs over 2 x 4 ranks (cap 2^25 points, P24): 2 x 2 pieces, 4 formed, 0 skipped (cache 2 slots of 4 primes, partial: 3 hits, 3 misses)
cx_grid node 0: rep 1 shape 2x3_full (39795401 x 39797782, cut 0 / -1) slots 2: 2.100 s, cache 3 hits 3 misses, C sha256 19fe5a72de532305 same
cx_grid node 1: rep 1 shape 2x3_full (39795401 x 39797782, cut 0 / -1) slots 2: 2.100 s, cache 3 hits 3 misses, C sha256 b53fe65e9accfa51 same
cache_trace node 0: piece (0, 0) of 2 x 4, 19675988 + 19817047 limbs at 0, slots 0 x 4 primes: A - B - | 0.655 s: redistribute 0.036 ntt 0.603 crt 0.001 out 0.025 carry 0.001
cache_trace node 1: piece (0, 0) of 2 x 4, 19675988 + 19817047 limbs at 0, slots 0 x 4 primes: A - B - | 0.655 s: redistribute 0.035 ntt 0.602 crt 0.001 out 0.030 carry 0.002
cache_trace node 0: piece (0, 1) of 2 x 4, 19675988 + 19817047 limbs at 19817047, slots 0 x 4 primes: A - B - | 0.699 s: redistribute 0.038 ntt 0.605 crt 0.001 out 0.037 carry 0.027
cache_trace node 1: piece (0, 1) of 2 x 4, 19675988 + 19817047 limbs at 19817047, slots 0 x 4 primes: A - B - | 0.699 s: redistribute 0.038 ntt 0.608 crt 0.001 out 0.036 carry 0.027
cache_trace node 0: piece (0, 2) of 2 x 4, 19675988 + 19817047 limbs at 39634094, slots 0 x 4 primes: A - B - | 0.717 s: redistribute 0.042 ntt 0.621 crt 0.001 out 0.047 carry 0.021
cache_trace node 1: piece (0, 2) of 2 x 4, 19675988 + 19817047 limbs at 39634094, slots 0 x 4 primes: A - B - | 0.717 s: redistribute 0.042 ntt 0.617 crt 0.001 out 0.046 carry 0.021
cache_trace node 0: piece (0, 3) of 2 x 4, 19675988 + 19817046 limbs at 59451141, slots 0 x 4 primes: A - B - | 0.717 s: redistribute 0.047 ntt 0.623 crt 0.001 out 0.041 carry 0.022
cache_trace node 1: piece (0, 3) of 2 x 4, 19675988 + 19817046 limbs at 59451141, slots 0 x 4 primes: A - B - | 0.717 s: redistribute 0.046 ntt 0.627 crt 0.001 out 0.038 carry 0.021
cache_trace node 0: piece (1, 0) of 2 x 4, 19675988 + 19817047 limbs at 19675988, slots 0 x 4 primes: A - B - | 0.720 s: redistribute 0.041 ntt 0.626 crt 0.001 out 0.037 carry 0.024
cache_trace node 1: piece (1, 0) of 2 x 4, 19675988 + 19817047 limbs at 19675988, slots 0 x 4 primes: A - B - | 0.720 s: redistribute 0.041 ntt 0.631 crt 0.001 out 0.033 carry 0.024
cache_trace node 0: piece (1, 1) of 2 x 4, 19675988 + 19817047 limbs at 39493035, slots 0 x 4 primes: A - B - | 0.710 s: redistribute 0.042 ntt 0.608 crt 0.001 out 0.043 carry 0.020
cache_trace node 1: piece (1, 1) of 2 x 4, 19675988 + 19817047 limbs at 39493035, slots 0 x 4 primes: A - B - | 0.710 s: redistribute 0.041 ntt 0.608 crt 0.001 out 0.042 carry 0.020
cache_trace node 0: piece (1, 2) of 2 x 4, 19675988 + 19817047 limbs at 59310082, slots 0 x 4 primes: A - B - | 0.694 s: redistribute 0.042 ntt 0.609 crt 0.001 out 0.038 carry 0.021
cache_trace node 1: piece (1, 2) of 2 x 4, 19675988 + 19817047 limbs at 59310082, slots 0 x 4 primes: A - B - | 0.694 s: redistribute 0.041 ntt 0.611 crt 0.001 out 0.039 carry 0.020
cache_trace node 0: piece (1, 3) of 2 x 4, 19675988 + 19817046 limbs at 79127129, slots 0 x 4 primes: A - B - | 0.705 s: redistribute 0.039 ntt 0.606 crt 0.002 out 0.044 carry 0.025
dist_mn node 0: 39351976 x 79268187 limbs over 2 x 4 ranks (cap 2^25 points, P24): 2 x 4 pieces, 8 formed, 0 skipped (cache 0 slots, partial: 0 hits, 0 misses)
cache_trace node 1: piece (1, 3) of 2 x 4, 19675988 + 19817046 limbs at 79127129, slots 0 x 4 primes: A - B - | 0.705 s: redistribute 0.037 ntt 0.607 crt 0.002 out 0.040 carry 0.024
dist_mn node 1: 39351976 x 79268187 limbs over 2 x 4 ranks (cap 2^25 points, P24): 2 x 4 pieces, 8 formed, 0 skipped (cache 0 slots, partial: 0 hits, 0 misses)
cx_grid node 0: rep 1 shape 2x6_full (39351976 x 79268187, cut 0 / -1) slots 0: 5.622 s, cache 0 hits 0 misses, C sha256 48a8b6d3da21f87f same
cx_grid node 1: rep 1 shape 2x6_full (39351976 x 79268187, cut 0 / -1) slots 0: 5.622 s, cache 0 hits 0 misses, C sha256 da0b208cf6df82ca same
   transform cache (RNS_DIST_CACHE_PARTIAL) node 0: 1 slot of 4 of 4 primes, q 2^22.00, from the block pool: 0.13 GB per APU (0.54 per node) | pool free 0.83 GB per APU (the smallest), the product's need 0.19, margin 0.50 -> 8 planes (RNS_DIST_CACHE_PARTIAL_FORCE)
   transform cache (RNS_DIST_CACHE_PARTIAL) node 1: 1 slot of 4 of 4 primes, q 2^22.00, from the block pool: 0.13 GB per APU (0.54 per node) | pool free 1.03 GB per APU (the smallest), the product's need 0.19, margin 0.50 -> 8 planes (RNS_DIST_CACHE_PARTIAL_FORCE)
cache_trace node 0: piece (0, 0) of 2 x 4, 19675988 + 19817047 limbs at 0, slots 1 x 4 primes: A cached B - | 0.666 s: redistribute 0.038 ntt 0.605 crt 0.001 out 0.033 carry 0.001
cache_trace node 1: piece (0, 0) of 2 x 4, 19675988 + 19817047 limbs at 0, slots 1 x 4 primes: A cached B - | 0.666 s: redistribute 0.035 ntt 0.601 crt 0.001 out 0.037 carry 0.002
cache_trace node 0: piece (0, 1) of 2 x 4, 19675988 + 19817047 limbs at 19817047, slots 1 x 4 primes: A HIT B - | 0.513 s: redistribute 0.030 ntt 0.425 crt 0.001 out 0.045 carry 0.025
cache_trace node 1: piece (0, 1) of 2 x 4, 19675988 + 19817047 limbs at 19817047, slots 1 x 4 primes: A HIT B - | 0.513 s: redistribute 0.030 ntt 0.428 crt 0.001 out 0.046 carry 0.025
cache_trace node 0: piece (0, 2) of 2 x 4, 19675988 + 19817047 limbs at 39634094, slots 1 x 4 primes: A HIT B - | 0.504 s: redistribute 0.024 ntt 0.431 crt 0.001 out 0.040 carry 0.021
cache_trace node 1: piece (0, 2) of 2 x 4, 19675988 + 19817047 limbs at 39634094, slots 1 x 4 primes: A HIT B - | 0.504 s: redistribute 0.024 ntt 0.426 crt 0.001 out 0.041 carry 0.020
cache_trace node 0: piece (0, 3) of 2 x 4, 19675988 + 19817046 limbs at 59451141, slots 1 x 4 primes: A HIT B - | 0.487 s: redistribute 0.031 ntt 0.405 crt 0.001 out 0.045 carry 0.023
cache_trace node 1: piece (0, 3) of 2 x 4, 19675988 + 19817046 limbs at 59451141, slots 1 x 4 primes: A HIT B - | 0.487 s: redistribute 0.031 ntt 0.411 crt 0.001 out 0.041 carry 0.023
cache_trace node 0: piece (1, 0) of 2 x 4, 19675988 + 19817047 limbs at 19675988, slots 1 x 4 primes: A cached B - | 0.706 s: redistribute 0.044 ntt 0.618 crt 0.001 out 0.035 carry 0.023
cache_trace node 1: piece (1, 0) of 2 x 4, 19675988 + 19817047 limbs at 19675988, slots 1 x 4 primes: A cached B - | 0.706 s: redistribute 0.044 ntt 0.618 crt 0.001 out 0.036 carry 0.024
cache_trace node 0: piece (1, 1) of 2 x 4, 19675988 + 19817047 limbs at 39493035, slots 1 x 4 primes: A HIT B - | 0.489 s: redistribute 0.025 ntt 0.405 crt 0.001 out 0.046 carry 0.019
cache_trace node 1: piece (1, 1) of 2 x 4, 19675988 + 19817047 limbs at 39493035, slots 1 x 4 primes: A HIT B - | 0.489 s: redistribute 0.023 ntt 0.409 crt 0.001 out 0.045 carry 0.020
cache_trace node 0: piece (1, 2) of 2 x 4, 19675988 + 19817047 limbs at 59310082, slots 1 x 4 primes: A HIT B - | 0.507 s: redistribute 0.030 ntt 0.428 crt 0.001 out 0.038 carry 0.023
cache_trace node 1: piece (1, 2) of 2 x 4, 19675988 + 19817047 limbs at 59310082, slots 1 x 4 primes: A HIT B - | 0.507 s: redistribute 0.030 ntt 0.430 crt 0.001 out 0.038 carry 0.023
cache_trace node 0: piece (1, 3) of 2 x 4, 19675988 + 19817046 limbs at 79127129, slots 1 x 4 primes: A HIT B - | 0.488 s: redistribute 0.021 ntt 0.407 crt 0.001 out 0.041 carry 0.024
dist_mn node 0: 39351976 x 79268187 limbs over 2 x 4 ranks (cap 2^25 points, P24): 2 x 4 pieces, 8 formed, 0 skipped (cache 1 slots of 4 primes, partial: 6 hits, 2 misses)
cache_trace node 1: piece (1, 3) of 2 x 4, 19675988 + 19817046 limbs at 79127129, slots 1 x 4 primes: A HIT B - | 0.489 s: redistribute 0.019 ntt 0.413 crt 0.001 out 0.039 carry 0.024
dist_mn node 1: 39351976 x 79268187 limbs over 2 x 4 ranks (cap 2^25 points, P24): 2 x 4 pieces, 8 formed, 0 skipped (cache 1 slots of 4 primes, partial: 6 hits, 2 misses)
cx_grid node 0: rep 1 shape 2x6_full (39351976 x 79268187, cut 0 / -1) slots 1: 4.365 s, cache 6 hits 2 misses, C sha256 48a8b6d3da21f87f same
cx_grid node 1: rep 1 shape 2x6_full (39351976 x 79268187, cut 0 / -1) slots 1: 4.365 s, cache 6 hits 2 misses, C sha256 da0b208cf6df82ca same
   transform cache (RNS_DIST_CACHE_PARTIAL) node 0: 2 slots of 4 of 4 primes, q 2^22.00, from the block pool: 0.27 GB per APU (1.07 per node) | pool free 0.83 GB per APU (the smallest), the product's need 0.19, margin 0.50 -> 8 planes (RNS_DIST_CACHE_PARTIAL_FORCE)
   transform cache (RNS_DIST_CACHE_PARTIAL) node 1: 2 slots of 4 of 4 primes, q 2^22.00, from the block pool: 0.27 GB per APU (1.07 per node) | pool free 1.03 GB per APU (the smallest), the product's need 0.19, margin 0.50 -> 8 planes (RNS_DIST_CACHE_PARTIAL_FORCE)
cache_trace node 0: piece (0, 0) of 2 x 4, 19675988 + 19817047 limbs at 0, slots 2 x 4 primes: A cached B cached | 0.666 s: redistribute 0.032 ntt 0.614 crt 0.001 out 0.027 carry 0.001
cache_trace node 1: piece (0, 0) of 2 x 4, 19675988 + 19817047 limbs at 0, slots 2 x 4 primes: A cached B cached | 0.666 s: redistribute 0.032 ntt 0.613 crt 0.001 out 0.027 carry 0.001
cache_trace node 0: piece (0, 1) of 2 x 4, 19675988 + 19817047 limbs at 19817047, slots 2 x 4 primes: A HIT B - | 0.491 s: redistribute 0.025 ntt 0.412 crt 0.001 out 0.033 carry 0.027
cache_trace node 1: piece (0, 1) of 2 x 4, 19675988 + 19817047 limbs at 19817047, slots 2 x 4 primes: A HIT B - | 0.491 s: redistribute 0.025 ntt 0.409 crt 0.001 out 0.034 carry 0.027
cache_trace node 0: piece (0, 2) of 2 x 4, 19675988 + 19817047 limbs at 39634094, slots 2 x 4 primes: A HIT B - | 0.508 s: redistribute 0.030 ntt 0.417 crt 0.001 out 0.047 carry 0.023
cache_trace node 1: piece (0, 2) of 2 x 4, 19675988 + 19817047 limbs at 39634094, slots 2 x 4 primes: A HIT B - | 0.508 s: redistribute 0.028 ntt 0.420 crt 0.001 out 0.048 carry 0.024
cache_trace node 0: piece (0, 3) of 2 x 4, 19675988 + 19817046 limbs at 59451141, slots 2 x 4 primes: A HIT B - | 0.494 s: redistribute 0.022 ntt 0.409 crt 0.001 out 0.043 carry 0.022
cache_trace node 1: piece (0, 3) of 2 x 4, 19675988 + 19817046 limbs at 59451141, slots 2 x 4 primes: A HIT B - | 0.494 s: redistribute 0.021 ntt 0.412 crt 0.001 out 0.038 carry 0.022
cache_trace node 0: piece (1, 0) of 2 x 4, 19675988 + 19817047 limbs at 19675988, slots 2 x 4 primes: A cached B HIT | 0.492 s: redistribute 0.020 ntt 0.424 crt 0.001 out 0.038 carry 0.024
cache_trace node 1: piece (1, 0) of 2 x 4, 19675988 + 19817047 limbs at 19675988, slots 2 x 4 primes: A cached B HIT | 0.492 s: redistribute 0.021 ntt 0.421 crt 0.001 out 0.036 carry 0.024
cache_trace node 0: piece (1, 1) of 2 x 4, 19675988 + 19817047 limbs at 39493035, slots 2 x 4 primes: A HIT B - | 0.488 s: redistribute 0.020 ntt 0.407 crt 0.002 out 0.041 carry 0.022
cache_trace node 1: piece (1, 1) of 2 x 4, 19675988 + 19817047 limbs at 39493035, slots 2 x 4 primes: A HIT B - | 0.488 s: redistribute 0.020 ntt 0.407 crt 0.002 out 0.041 carry 0.022
cache_trace node 0: piece (1, 2) of 2 x 4, 19675988 + 19817047 limbs at 59310082, slots 2 x 4 primes: A HIT B - | 0.478 s: redistribute 0.022 ntt 0.407 crt 0.001 out 0.034 carry 0.021
cache_trace node 1: piece (1, 2) of 2 x 4, 19675988 + 19817047 limbs at 59310082, slots 2 x 4 primes: A HIT B - | 0.478 s: redistribute 0.021 ntt 0.406 crt 0.001 out 0.035 carry 0.021
cache_trace node 0: piece (1, 3) of 2 x 4, 19675988 + 19817046 limbs at 79127129, slots 2 x 4 primes: A HIT B - | 0.487 s: redistribute 0.023 ntt 0.405 crt 0.002 out 0.040 carry 0.025
dist_mn node 0: 39351976 x 79268187 limbs over 2 x 4 ranks (cap 2^25 points, P24): 2 x 4 pieces, 8 formed, 0 skipped (cache 2 slots of 4 primes, partial: 7 hits, 3 misses)
cache_trace node 1: piece (1, 3) of 2 x 4, 19675988 + 19817046 limbs at 79127129, slots 2 x 4 primes: A HIT B - | 0.487 s: redistribute 0.023 ntt 0.407 crt 0.002 out 0.041 carry 0.024
dist_mn node 1: 39351976 x 79268187 limbs over 2 x 4 ranks (cap 2^25 points, P24): 2 x 4 pieces, 8 formed, 0 skipped (cache 2 slots of 4 primes, partial: 7 hits, 3 misses)
cx_grid node 1: rep 1 shape 2x6_full (39351976 x 79268187, cut 0 / -1) slots 2: 4.107 s, cache 7 hits 3 misses, C sha256 da0b208cf6df82ca same
cx_grid node 0: rep 1 shape 2x6_full (39351976 x 79268187, cut 0 / -1) slots 2: 4.107 s, cache 7 hits 3 misses, C sha256 48a8b6d3da21f87f same
cache_trace node 0: piece (0, 0) of 1 x 2, 29117627 + 14827520 limbs at 0, slots 0 x 4 primes: A - B - | 0.710 s: redistribute 0.032 ntt 0.635 crt 0.001 out 0.053 carry 0.001
cache_trace node 1: piece (0, 0) of 1 x 2, 29117627 + 14827520 limbs at 0, slots 0 x 4 primes: A - B - | 0.710 s: redistribute 0.032 ntt 0.636 crt 0.001 out 0.047 carry 0.001
cache_trace node 0: piece (0, 1) of 1 x 2, 29117627 + 14827520 limbs at 14827520, slots 0 x 4 primes: A - B - | 0.679 s: redistribute 0.045 ntt 0.590 crt 0.001 out 0.038 carry 0.013
dist_mn node 0: 29117627 x 29655040 limbs over 2 x 4 ranks (cap 2^25 points, P24): 1 x 2 pieces, 2 formed, 0 skipped (cache 0 slots, partial: 0 hits, 0 misses)
cache_trace node 1: piece (0, 1) of 1 x 2, 29117627 + 14827520 limbs at 14827520, slots 0 x 4 primes: A - B - | 0.679 s: redistribute 0.044 ntt 0.586 crt 0.001 out 0.042 carry 0.013
dist_mn node 1: 29117627 x 29655040 limbs over 2 x 4 ranks (cap 2^25 points, P24): 1 x 2 pieces, 2 formed, 0 skipped (cache 0 slots, partial: 0 hits, 0 misses)
cx_grid node 1: rep 1 shape 2x2_full (29117627 x 29655040, cut 0 / -1) slots 0: 1.392 s, cache 0 hits 0 misses, C sha256 d38838bf1dea5a21 same
cx_grid node 0: rep 1 shape 2x2_full (29117627 x 29655040, cut 0 / -1) slots 0: 1.392 s, cache 0 hits 0 misses, C sha256 178231cd1ef2b51a same
   transform cache (RNS_DIST_CACHE_PARTIAL) node 0: 1 slot of 4 of 4 primes, q 2^22.00, from the block pool: 0.13 GB per APU (0.54 per node) | pool free 0.95 GB per APU (the smallest), the product's need 0.18, margin 0.50 -> 8 planes (RNS_DIST_CACHE_PARTIAL_FORCE)
   transform cache (RNS_DIST_CACHE_PARTIAL) node 1: 1 slot of 4 of 4 primes, q 2^22.00, from the block pool: 0.13 GB per APU (0.54 per node) | pool free 1.15 GB per APU (the smallest), the product's need 0.15, margin 0.50 -> 8 planes (RNS_DIST_CACHE_PARTIAL_FORCE)
cache_trace node 0: piece (0, 0) of 1 x 2, 29117627 + 14827520 limbs at 0, slots 1 x 4 primes: A cached B - | 0.676 s: redistribute 0.032 ntt 0.600 crt 0.002 out 0.047 carry 0.001
cache_trace node 1: piece (0, 0) of 1 x 2, 29117627 + 14827520 limbs at 0, slots 1 x 4 primes: A cached B - | 0.676 s: redistribute 0.032 ntt 0.605 crt 0.002 out 0.047 carry 0.001
cache_trace node 0: piece (0, 1) of 1 x 2, 29117627 + 14827520 limbs at 14827520, slots 1 x 4 primes: A HIT B - | 0.476 s: redistribute 0.023 ntt 0.410 crt 0.001 out 0.043 carry 0.010
dist_mn node 0: 29117627 x 29655040 limbs over 2 x 4 ranks (cap 2^25 points, P24): 1 x 2 pieces, 2 formed, 0 skipped (cache 1 slots of 4 primes, partial: 1 hits, 1 misses)
cache_trace node 1: piece (0, 1) of 1 x 2, 29117627 + 14827520 limbs at 14827520, slots 1 x 4 primes: A HIT B - | 0.476 s: redistribute 0.023 ntt 0.409 crt 0.001 out 0.043 carry 0.010
dist_mn node 1: 29117627 x 29655040 limbs over 2 x 4 ranks (cap 2^25 points, P24): 1 x 2 pieces, 2 formed, 0 skipped (cache 1 slots of 4 primes, partial: 1 hits, 1 misses)
cx_grid node 1: rep 1 shape 2x2_full (29117627 x 29655040, cut 0 / -1) slots 1: 1.153 s, cache 1 hits 1 misses, C sha256 d38838bf1dea5a21 same
cx_grid node 0: rep 1 shape 2x2_full (29117627 x 29655040, cut 0 / -1) slots 1: 1.153 s, cache 1 hits 1 misses, C sha256 178231cd1ef2b51a same
   transform cache (RNS_DIST_CACHE_PARTIAL) node 0: 2 slots of 4 of 4 primes, q 2^22.00, from the block pool: 0.27 GB per APU (1.07 per node) | pool free 0.95 GB per APU (the smallest), the product's need 0.18, margin 0.50 -> 8 planes (RNS_DIST_CACHE_PARTIAL_FORCE)
   transform cache (RNS_DIST_CACHE_PARTIAL) node 1: 2 slots of 4 of 4 primes, q 2^22.00, from the block pool: 0.27 GB per APU (1.07 per node) | pool free 1.15 GB per APU (the smallest), the product's need 0.15, margin 0.50 -> 8 planes (RNS_DIST_CACHE_PARTIAL_FORCE)
cache_trace node 0: piece (0, 0) of 1 x 2, 29117627 + 14827520 limbs at 0, slots 2 x 4 primes: A cached B cached | 0.647 s: redistribute 0.035 ntt 0.574 crt 0.002 out 0.043 carry 0.001
cache_trace node 1: piece (0, 0) of 1 x 2, 29117627 + 14827520 limbs at 0, slots 2 x 4 primes: A cached B cached | 0.647 s: redistribute 0.034 ntt 0.575 crt 0.002 out 0.044 carry 0.001
cache_trace node 0: piece (0, 1) of 1 x 2, 29117627 + 14827520 limbs at 14827520, slots 2 x 4 primes: A HIT B - | 0.472 s: redistribute 0.023 ntt 0.399 crt 0.001 out 0.045 carry 0.011
dist_mn node 0: 29117627 x 29655040 limbs over 2 x 4 ranks (cap 2^25 points, P24): 1 x 2 pieces, 2 formed, 0 skipped (cache 2 slots of 4 primes, partial: 1 hits, 2 misses)
cache_trace node 1: piece (0, 1) of 1 x 2, 29117627 + 14827520 limbs at 14827520, slots 2 x 4 primes: A HIT B - | 0.472 s: redistribute 0.020 ntt 0.401 crt 0.001 out 0.040 carry 0.011
dist_mn node 1: 29117627 x 29655040 limbs over 2 x 4 ranks (cap 2^25 points, P24): 1 x 2 pieces, 2 formed, 0 skipped (cache 2 slots of 4 primes, partial: 1 hits, 2 misses)
cx_grid node 1: rep 1 shape 2x2_full (29117627 x 29655040, cut 0 / -1) slots 2: 1.120 s, cache 1 hits 2 misses, C sha256 d38838bf1dea5a21 same
cx_grid node 0: rep 1 shape 2x2_full (29117627 x 29655040, cut 0 / -1) slots 2: 1.120 s, cache 1 hits 2 misses, C sha256 178231cd1ef2b51a same
cache_trace node 0: piece (0, 0) of 2 x 1, 21616618 + 21616617 limbs at 0, slots 0 x 4 primes: A - B - | 0.695 s: redistribute 0.038 ntt 0.619 crt 0.001 out 0.049 carry 0.001
cache_trace node 1: piece (0, 0) of 2 x 1, 21616618 + 21616617 limbs at 0, slots 0 x 4 primes: A - B - | 0.695 s: redistribute 0.036 ntt 0.615 crt 0.001 out 0.049 carry 0.001
cache_trace node 0: piece (1, 0) of 2 x 1, 21616617 + 21616617 limbs at 21616618, slots 0 x 4 primes: A - B - | 0.689 s: redistribute 0.050 ntt 0.619 crt 0.001 out 0.024 carry 0.001
dist_mn node 0: 43233235 x 21616617 limbs over 2 x 4 ranks (cap 2^25 points, P24): 2 x 1 pieces, 2 formed, 0 skipped (low product) (low cut) (cache 0 slots, partial: 0 hits, 0 misses)
cache_trace node 1: piece (1, 0) of 2 x 1, 21616617 + 21616617 limbs at 21616618, slots 0 x 4 primes: A - B - | 0.689 s: redistribute 0.057 ntt 0.612 crt 0.001 out 0.026 carry 0.001
dist_mn node 1: 43233235 x 21616617 limbs over 2 x 4 ranks (cap 2^25 points, P24): 2 x 1 pieces, 2 formed, 0 skipped (low product) (low cut) (cache 0 slots, partial: 0 hits, 0 misses)
cx_grid node 1: rep 1 shape 2x2_lowhighcut (43233235 x 21616617, cut 21616617 / 43233235) slots 0: 1.387 s, cache 0 hits 0 misses, C sha256 7aa2576d183901df same
cx_grid node 0: rep 1 shape 2x2_lowhighcut (43233235 x 21616617, cut 21616617 / 43233235) slots 0: 1.387 s, cache 0 hits 0 misses, C sha256 4a296081451480d4 same
   transform cache (RNS_DIST_CACHE_PARTIAL) node 0: 1 slot of 4 of 4 primes, q 2^22.00, from the block pool: 0.13 GB per APU (0.54 per node) | pool free 0.98 GB per APU (the smallest), the product's need 0.14, margin 0.50 -> 8 planes (RNS_DIST_CACHE_PARTIAL_FORCE)
   transform cache (RNS_DIST_CACHE_PARTIAL) node 1: 1 slot of 4 of 4 primes, q 2^22.00, from the block pool: 0.13 GB per APU (0.54 per node) | pool free 1.18 GB per APU (the smallest), the product's need 0.14, margin 0.50 -> 8 planes (RNS_DIST_CACHE_PARTIAL_FORCE)
cache_trace node 0: piece (0, 0) of 2 x 1, 21616618 + 21616617 limbs at 0, slots 1 x 4 primes: A - B cached | 0.682 s: redistribute 0.037 ntt 0.610 crt 0.001 out 0.045 carry 0.001
cache_trace node 1: piece (0, 0) of 2 x 1, 21616618 + 21616617 limbs at 0, slots 1 x 4 primes: A - B cached | 0.682 s: redistribute 0.046 ntt 0.604 crt 0.001 out 0.043 carry 0.001
cache_trace node 0: piece (1, 0) of 2 x 1, 21616617 + 21616617 limbs at 21616618, slots 1 x 4 primes: A - B HIT | 0.448 s: redistribute 0.028 ntt 0.389 crt 0.001 out 0.031 carry 0.002
dist_mn node 0: 43233235 x 21616617 limbs over 2 x 4 ranks (cap 2^25 points, P24): 2 x 1 pieces, 2 formed, 0 skipped (low product) (low cut) (cache 1 slots of 4 primes, partial: 1 hits, 1 misses)
cache_trace node 1: piece (1, 0) of 2 x 1, 21616617 + 21616617 limbs at 21616618, slots 1 x 4 primes: A - B HIT | 0.448 s: redistribute 0.028 ntt 0.387 crt 0.001 out 0.034 carry 0.002
dist_mn node 1: 43233235 x 21616617 limbs over 2 x 4 ranks (cap 2^25 points, P24): 2 x 1 pieces, 2 formed, 0 skipped (low product) (low cut) (cache 1 slots of 4 primes, partial: 1 hits, 1 misses)
cx_grid node 0: rep 1 shape 2x2_lowhighcut (43233235 x 21616617, cut 21616617 / 43233235) slots 1: 1.132 s, cache 1 hits 1 misses, C sha256 4a296081451480d4 same
cx_grid node 1: rep 1 shape 2x2_lowhighcut (43233235 x 21616617, cut 21616617 / 43233235) slots 1: 1.132 s, cache 1 hits 1 misses, C sha256 7aa2576d183901df same
   transform cache (RNS_DIST_CACHE_PARTIAL) node 0: 2 slots of 4 of 4 primes, q 2^22.00, from the block pool: 0.27 GB per APU (1.07 per node) | pool free 0.98 GB per APU (the smallest), the product's need 0.14, margin 0.50 -> 8 planes (RNS_DIST_CACHE_PARTIAL_FORCE)
   transform cache (RNS_DIST_CACHE_PARTIAL) node 1: 2 slots of 4 of 4 primes, q 2^22.00, from the block pool: 0.27 GB per APU (1.07 per node) | pool free 1.18 GB per APU (the smallest), the product's need 0.14, margin 0.50 -> 8 planes (RNS_DIST_CACHE_PARTIAL_FORCE)
cache_trace node 0: piece (0, 0) of 2 x 1, 21616618 + 21616617 limbs at 0, slots 2 x 4 primes: A cached B cached | 0.689 s: redistribute 0.033 ntt 0.613 crt 0.001 out 0.049 carry 0.001
cache_trace node 1: piece (0, 0) of 2 x 1, 21616618 + 21616617 limbs at 0, slots 2 x 4 primes: A cached B cached | 0.689 s: redistribute 0.036 ntt 0.609 crt 0.001 out 0.044 carry 0.001
cache_trace node 0: piece (1, 0) of 2 x 1, 21616617 + 21616617 limbs at 21616618, slots 2 x 4 primes: A - B HIT | 0.436 s: redistribute 0.025 ntt 0.388 crt 0.001 out 0.029 carry 0.001
dist_mn node 0: 43233235 x 21616617 limbs over 2 x 4 ranks (cap 2^25 points, P24): 2 x 1 pieces, 2 formed, 0 skipped (low product) (low cut) (cache 2 slots of 4 primes, partial: 1 hits, 2 misses)
cache_trace node 1: piece (1, 0) of 2 x 1, 21616617 + 21616617 limbs at 21616618, slots 2 x 4 primes: A - B HIT | 0.436 s: redistribute 0.024 ntt 0.390 crt 0.001 out 0.030 carry 0.001
dist_mn node 1: 43233235 x 21616617 limbs over 2 x 4 ranks (cap 2^25 points, P24): 2 x 1 pieces, 2 formed, 0 skipped (low product) (low cut) (cache 2 slots of 4 primes, partial: 1 hits, 2 misses)
cx_grid node 1: rep 1 shape 2x2_lowhighcut (43233235 x 21616617, cut 21616617 / 43233235) slots 2: 1.128 s, cache 1 hits 2 misses, C sha256 7aa2576d183901df same
cx_grid node 0: rep 1 shape 2x2_lowhighcut (43233235 x 21616617, cut 21616617 / 43233235) slots 2: 1.128 s, cache 1 hits 2 misses, C sha256 4a296081451480d4 same
cx_grid node 1: rep 1 shape 1x2_lowcut (21616617 x 21616617, cut 21616617 / -1) slots 0: 0.703 s, cache 0 hits 0 misses, C sha256 e750181209d87254 same
cx_grid node 0: rep 1 shape 1x2_lowcut (21616617 x 21616617, cut 21616617 / -1) slots 0: 0.703 s, cache 0 hits 0 misses, C sha256 300cb49213d3d27f same
cx_grid node 1: rep 1 shape 1x2_lowcut (21616617 x 21616617, cut 21616617 / -1) slots 1: 0.717 s, cache 0 hits 0 misses, C sha256 e750181209d87254 same
cx_grid node 0: rep 1 shape 1x2_lowcut (21616617 x 21616617, cut 21616617 / -1) slots 1: 0.717 s, cache 0 hits 0 misses, C sha256 300cb49213d3d27f same
cx_grid node 0: rep 1 shape 1x2_lowcut (21616617 x 21616617, cut 21616617 / -1) slots 2: 0.678 s, cache 0 hits 0 misses, C sha256 300cb49213d3d27f same
cx_grid node 1: rep 1 shape 1x2_lowcut (21616617 x 21616617, cut 21616617 / -1) slots 2: 0.678 s, cache 0 hits 0 misses, C sha256 e750181209d87254 same
cache_trace node 0: piece (0, 0) of 4 x 2, 21616618 + 21616618 limbs at 0, slots 0 x 4 primes: A - B - | 0.674 s: redistribute 0.045 ntt 0.611 crt 0.001 out 0.039 carry 0.001
cache_trace node 1: piece (0, 0) of 4 x 2, 21616618 + 21616618 limbs at 0, slots 0 x 4 primes: A - B - | 0.674 s: redistribute 0.047 ntt 0.613 crt 0.001 out 0.035 carry 0.001
cache_trace node 0: piece (1, 0) of 4 x 2, 21616618 + 21616618 limbs at 21616618, slots 0 x 4 primes: A - B - | 0.726 s: redistribute 0.038 ntt 0.624 crt 0.001 out 0.047 carry 0.021
cache_trace node 1: piece (1, 0) of 4 x 2, 21616618 + 21616618 limbs at 21616618, slots 0 x 4 primes: A - B - | 0.726 s: redistribute 0.046 ntt 0.619 crt 0.001 out 0.051 carry 0.021
cache_trace node 0: piece (2, 0) of 4 x 2, 21616618 + 21616618 limbs at 43233236, slots 0 x 4 primes: A - B - | 0.705 s: redistribute 0.048 ntt 0.634 crt 0.002 out 0.036 carry 0.002
cache_trace node 1: piece (2, 0) of 4 x 2, 21616618 + 21616618 limbs at 43233236, slots 0 x 4 primes: A - B - | 0.705 s: redistribute 0.049 ntt 0.634 crt 0.002 out 0.037 carry 0.002
cache_trace node 0: piece (3, 0) of 4 x 2, 21616617 + 21616618 limbs at 64849854, slots 0 x 4 primes: A - B - | 0.691 s: redistribute 0.041 ntt 0.608 crt 0.001 out 0.030 carry 0.015
cache_trace node 1: piece (3, 0) of 4 x 2, 21616617 + 21616618 limbs at 64849854, slots 0 x 4 primes: A - B - | 0.691 s: redistribute 0.042 ntt 0.611 crt 0.001 out 0.029 carry 0.015
cache_trace node 0: piece (0, 1) of 4 x 2, 21616618 + 21616617 limbs at 21616618, slots 0 x 4 primes: A - B - | 0.747 s: redistribute 0.060 ntt 0.634 crt 0.001 out 0.048 carry 0.024
cache_trace node 1: piece (0, 1) of 4 x 2, 21616618 + 21616617 limbs at 21616618, slots 0 x 4 primes: A - B - | 0.747 s: redistribute 0.060 ntt 0.633 crt 0.001 out 0.047 carry 0.025
cache_trace node 0: piece (1, 1) of 4 x 2, 21616618 + 21616617 limbs at 43233236, slots 0 x 4 primes: A - B - | 0.700 s: redistribute 0.043 ntt 0.617 crt 0.001 out 0.046 carry 0.003
cache_trace node 1: piece (1, 1) of 4 x 2, 21616618 + 21616617 limbs at 43233236, slots 0 x 4 primes: A - B - | 0.700 s: redistribute 0.042 ntt 0.618 crt 0.001 out 0.039 carry 0.002
cache_trace node 0: piece (2, 1) of 4 x 2, 21616618 + 21616617 limbs at 64849854, slots 0 x 4 primes: A - B - | 0.695 s: redistribute 0.050 ntt 0.606 crt 0.001 out 0.027 carry 0.015
dist_mn node 0: 86466471 x 43233235 limbs over 2 x 4 ranks (cap 2^25 points, P24): 4 x 2 pieces, 7 formed, 1 skipped (low product) (low cut) (cache 0 slots, partial: 0 hits, 0 misses)
cache_trace node 1: piece (2, 1) of 4 x 2, 21616618 + 21616617 limbs at 64849854, slots 0 x 4 primes: A - B - | 0.695 s: redistribute 0.048 ntt 0.614 crt 0.001 out 0.026 carry 0.015
dist_mn node 1: 86466471 x 43233235 limbs over 2 x 4 ranks (cap 2^25 points, P24): 4 x 2 pieces, 7 formed, 1 skipped (low product) (low cut) (cache 0 slots, partial: 0 hits, 0 misses)
cx_grid node 0: rep 1 shape 5x3_lowhighcut (86466471 x 43233235, cut 43233235 / 86466471) slots 0: 4.942 s, cache 0 hits 0 misses, C sha256 7a1a1649c2d0cb2b same
cx_grid node 1: rep 1 shape 5x3_lowhighcut (86466471 x 43233235, cut 43233235 / 86466471) slots 0: 4.942 s, cache 0 hits 0 misses, C sha256 83d94cc607ada3a3 same
   transform cache (RNS_DIST_CACHE_PARTIAL) node 0: 1 slot of 4 of 4 primes, q 2^22.00, from the block pool: 0.13 GB per APU (0.54 per node) | pool free 0.89 GB per APU (the smallest), the product's need 0.21, margin 0.50 -> 8 planes (RNS_DIST_CACHE_PARTIAL_FORCE)
   transform cache (RNS_DIST_CACHE_PARTIAL) node 1: 1 slot of 4 of 4 primes, q 2^22.00, from the block pool: 0.13 GB per APU (0.54 per node) | pool free 1.10 GB per APU (the smallest), the product's need 0.21, margin 0.50 -> 8 planes (RNS_DIST_CACHE_PARTIAL_FORCE)
cache_trace node 0: piece (0, 0) of 4 x 2, 21616618 + 21616618 limbs at 0, slots 1 x 4 primes: A - B cached | 0.676 s: redistribute 0.036 ntt 0.611 crt 0.001 out 0.036 carry 0.001
cache_trace node 1: piece (0, 0) of 4 x 2, 21616618 + 21616618 limbs at 0, slots 1 x 4 primes: A - B cached | 0.676 s: redistribute 0.041 ntt 0.610 crt 0.001 out 0.033 carry 0.002
cache_trace node 0: piece (1, 0) of 4 x 2, 21616618 + 21616618 limbs at 21616618, slots 1 x 4 primes: A - B HIT | 0.479 s: redistribute 0.022 ntt 0.394 crt 0.001 out 0.046 carry 0.021
cache_trace node 1: piece (1, 0) of 4 x 2, 21616618 + 21616618 limbs at 21616618, slots 1 x 4 primes: A - B HIT | 0.479 s: redistribute 0.026 ntt 0.391 crt 0.001 out 0.047 carry 0.021
cache_trace node 0: piece (2, 0) of 4 x 2, 21616618 + 21616618 limbs at 43233236, slots 1 x 4 primes: A - B HIT | 0.460 s: redistribute 0.028 ntt 0.391 crt 0.001 out 0.039 carry 0.003
cache_trace node 1: piece (2, 0) of 4 x 2, 21616618 + 21616618 limbs at 43233236, slots 1 x 4 primes: A - B HIT | 0.460 s: redistribute 0.027 ntt 0.396 crt 0.001 out 0.043 carry 0.002
cache_trace node 0: piece (3, 0) of 4 x 2, 21616617 + 21616618 limbs at 64849854, slots 1 x 4 primes: A - B HIT | 0.468 s: redistribute 0.021 ntt 0.406 crt 0.002 out 0.029 carry 0.015
cache_trace node 1: piece (3, 0) of 4 x 2, 21616617 + 21616618 limbs at 64849854, slots 1 x 4 primes: A - B HIT | 0.468 s: redistribute 0.021 ntt 0.413 crt 0.002 out 0.022 carry 0.015
cache_trace node 0: piece (0, 1) of 4 x 2, 21616618 + 21616617 limbs at 21616618, slots 1 x 4 primes: A - B cached | 0.724 s: redistribute 0.057 ntt 0.610 crt 0.001 out 0.047 carry 0.023
cache_trace node 1: piece (0, 1) of 4 x 2, 21616618 + 21616617 limbs at 21616618, slots 1 x 4 primes: A - B cached | 0.724 s: redistribute 0.057 ntt 0.617 crt 0.001 out 0.044 carry 0.023
cache_trace node 0: piece (1, 1) of 4 x 2, 21616618 + 21616617 limbs at 43233236, slots 1 x 4 primes: A - B HIT | 0.486 s: redistribute 0.027 ntt 0.429 crt 0.001 out 0.043 carry 0.003
cache_trace node 1: piece (1, 1) of 4 x 2, 21616618 + 21616617 limbs at 43233236, slots 1 x 4 primes: A - B HIT | 0.486 s: redistribute 0.027 ntt 0.433 crt 0.001 out 0.038 carry 0.002
cache_trace node 0: piece (2, 1) of 4 x 2, 21616618 + 21616617 limbs at 64849854, slots 1 x 4 primes: A - B HIT | 0.475 s: redistribute 0.026 ntt 0.418 crt 0.001 out 0.025 carry 0.015
dist_mn node 0: 86466471 x 43233235 limbs over 2 x 4 ranks (cap 2^25 points, P24): 4 x 2 pieces, 7 formed, 1 skipped (low product) (low cut) (cache 1 slots of 4 primes, partial: 5 hits, 2 misses)
cache_trace node 1: piece (2, 1) of 4 x 2, 21616618 + 21616617 limbs at 64849854, slots 1 x 4 primes: A - B HIT | 0.475 s: redistribute 0.025 ntt 0.420 crt 0.001 out 0.024 carry 0.015
dist_mn node 1: 86466471 x 43233235 limbs over 2 x 4 ranks (cap 2^25 points, P24): 4 x 2 pieces, 7 formed, 1 skipped (low product) (low cut) (cache 1 slots of 4 primes, partial: 5 hits, 2 misses)
cx_grid node 0: rep 1 shape 5x3_lowhighcut (86466471 x 43233235, cut 43233235 / 86466471) slots 1: 3.772 s, cache 5 hits 2 misses, C sha256 7a1a1649c2d0cb2b same
cx_grid node 1: rep 1 shape 5x3_lowhighcut (86466471 x 43233235, cut 43233235 / 86466471) slots 1: 3.772 s, cache 5 hits 2 misses, C sha256 83d94cc607ada3a3 same
   transform cache (RNS_DIST_CACHE_PARTIAL) node 0: 2 slots of 4 of 4 primes, q 2^22.00, from the block pool: 0.27 GB per APU (1.07 per node) | pool free 0.89 GB per APU (the smallest), the product's need 0.21, margin 0.50 -> 8 planes (RNS_DIST_CACHE_PARTIAL_FORCE)
   transform cache (RNS_DIST_CACHE_PARTIAL) node 1: 2 slots of 4 of 4 primes, q 2^22.00, from the block pool: 0.27 GB per APU (1.07 per node) | pool free 1.10 GB per APU (the smallest), the product's need 0.21, margin 0.50 -> 8 planes (RNS_DIST_CACHE_PARTIAL_FORCE)
cache_trace node 0: piece (0, 0) of 4 x 2, 21616618 + 21616618 limbs at 0, slots 2 x 4 primes: A cached B cached | 0.665 s: redistribute 0.034 ntt 0.609 crt 0.001 out 0.039 carry 0.001
cache_trace node 1: piece (0, 0) of 4 x 2, 21616618 + 21616618 limbs at 0, slots 2 x 4 primes: A cached B cached | 0.665 s: redistribute 0.036 ntt 0.605 crt 0.001 out 0.036 carry 0.001
cache_trace node 0: piece (1, 0) of 4 x 2, 21616618 + 21616618 limbs at 21616618, slots 2 x 4 primes: A - B HIT | 0.492 s: redistribute 0.023 ntt 0.411 crt 0.001 out 0.047 carry 0.020
cache_trace node 1: piece (1, 0) of 4 x 2, 21616618 + 21616618 limbs at 21616618, slots 2 x 4 primes: A - B HIT | 0.492 s: redistribute 0.023 ntt 0.408 crt 0.001 out 0.050 carry 0.021
cache_trace node 0: piece (2, 0) of 4 x 2, 21616618 + 21616618 limbs at 43233236, slots 2 x 4 primes: A - B HIT | 0.468 s: redistribute 0.031 ntt 0.410 crt 0.001 out 0.039 carry 0.003
cache_trace node 1: piece (2, 0) of 4 x 2, 21616618 + 21616618 limbs at 43233236, slots 2 x 4 primes: A - B HIT | 0.468 s: redistribute 0.030 ntt 0.413 crt 0.001 out 0.036 carry 0.002
cache_trace node 0: piece (3, 0) of 4 x 2, 21616617 + 21616618 limbs at 64849854, slots 2 x 4 primes: A - B HIT | 0.474 s: redistribute 0.030 ntt 0.407 crt 0.001 out 0.024 carry 0.015
cache_trace node 1: piece (3, 0) of 4 x 2, 21616617 + 21616618 limbs at 64849854, slots 2 x 4 primes: A - B HIT | 0.474 s: redistribute 0.028 ntt 0.403 crt 0.001 out 0.029 carry 0.015
cache_trace node 0: piece (0, 1) of 4 x 2, 21616618 + 21616617 limbs at 21616618, slots 2 x 4 primes: A HIT B cached | 0.507 s: redistribute 0.031 ntt 0.413 crt 0.001 out 0.055 carry 0.021
cache_trace node 1: piece (0, 1) of 4 x 2, 21616618 + 21616617 limbs at 21616618, slots 2 x 4 primes: A HIT B cached | 0.507 s: redistribute 0.031 ntt 0.416 crt 0.001 out 0.053 carry 0.021
cache_trace node 0: piece (1, 1) of 4 x 2, 21616618 + 21616617 limbs at 43233236, slots 2 x 4 primes: A - B HIT | 0.482 s: redistribute 0.022 ntt 0.429 crt 0.001 out 0.041 carry 0.002
cache_trace node 1: piece (1, 1) of 4 x 2, 21616618 + 21616617 limbs at 43233236, slots 2 x 4 primes: A - B HIT | 0.482 s: redistribute 0.023 ntt 0.427 crt 0.001 out 0.041 carry 0.002
cache_trace node 0: piece (2, 1) of 4 x 2, 21616618 + 21616617 limbs at 64849854, slots 2 x 4 primes: A - B HIT | 0.477 s: redistribute 0.034 ntt 0.404 crt 0.001 out 0.026 carry 0.015
dist_mn node 0: 86466471 x 43233235 limbs over 2 x 4 ranks (cap 2^25 points, P24): 4 x 2 pieces, 7 formed, 1 skipped (low product) (low cut) (cache 2 slots of 4 primes, partial: 6 hits, 3 misses)
cache_trace node 1: piece (2, 1) of 4 x 2, 21616618 + 21616617 limbs at 64849854, slots 2 x 4 primes: A - B HIT | 0.477 s: redistribute 0.033 ntt 0.407 crt 0.001 out 0.023 carry 0.015
dist_mn node 1: 86466471 x 43233235 limbs over 2 x 4 ranks (cap 2^25 points, P24): 4 x 2 pieces, 7 formed, 1 skipped (low product) (low cut) (cache 2 slots of 4 primes, partial: 6 hits, 3 misses)
cx_grid node 1: rep 1 shape 5x3_lowhighcut (86466471 x 43233235, cut 43233235 / 86466471) slots 2: 3.568 s, cache 6 hits 3 misses, C sha256 83d94cc607ada3a3 same
cx_grid node 0: rep 1 shape 5x3_lowhighcut (86466471 x 43233235, cut 43233235 / 86466471) slots 2: 3.568 s, cache 6 hits 3 misses, C sha256 7a1a1649c2d0cb2b same
cache_trace node 0: piece (0, 0) of 2 x 2, 21616618 + 21616618 limbs at 0, slots 0 x 4 primes: A - B - | 0.693 s: redistribute 0.044 ntt 0.621 crt 0.001 out 0.041 carry 0.001
cache_trace node 1: piece (0, 0) of 2 x 2, 21616618 + 21616618 limbs at 0, slots 0 x 4 primes: A - B - | 0.693 s: redistribute 0.049 ntt 0.617 crt 0.001 out 0.037 carry 0.001
cache_trace node 0: piece (1, 0) of 2 x 2, 21616617 + 21616618 limbs at 21616618, slots 0 x 4 primes: A - B - | 0.722 s: redistribute 0.042 ntt 0.614 crt 0.001 out 0.058 carry 0.021
cache_trace node 1: piece (1, 0) of 2 x 2, 21616617 + 21616618 limbs at 21616618, slots 0 x 4 primes: A - B - | 0.722 s: redistribute 0.043 ntt 0.609 crt 0.001 out 0.052 carry 0.021
cache_trace node 0: piece (0, 1) of 2 x 2, 21616618 + 21616617 limbs at 21616618, slots 0 x 4 primes: A - B - | 0.721 s: redistribute 0.044 ntt 0.620 crt 0.002 out 0.048 carry 0.021
cache_trace node 1: piece (0, 1) of 2 x 2, 21616618 + 21616617 limbs at 21616618, slots 0 x 4 primes: A - B - | 0.721 s: redistribute 0.043 ntt 0.622 crt 0.002 out 0.048 carry 0.021
cache_trace node 0: piece (1, 1) of 2 x 2, 21616617 + 21616617 limbs at 43233236, slots 0 x 4 primes: A - B - | 0.708 s: redistribute 0.049 ntt 0.628 crt 0.001 out 0.041 carry 0.002
dist_mn node 0: 43233235 x 43233235 limbs over 2 x 4 ranks (cap 2^25 points, P24): 2 x 2 pieces, 4 formed, 0 skipped (low cut) (cache 0 slots, partial: 0 hits, 0 misses)
cache_trace node 1: piece (1, 1) of 2 x 2, 21616617 + 21616617 limbs at 43233236, slots 0 x 4 primes: A - B - | 0.708 s: redistribute 0.043 ntt 0.627 crt 0.001 out 0.040 carry 0.002
dist_mn node 1: 43233235 x 43233235 limbs over 2 x 4 ranks (cap 2^25 points, P24): 2 x 2 pieces, 4 formed, 0 skipped (low cut) (cache 0 slots, partial: 0 hits, 0 misses)
cx_grid node 0: rep 1 shape 2x4_lowcut (43233235 x 43233235, cut 43233235 / -1) slots 0: 2.846 s, cache 0 hits 0 misses, C sha256 845056bac9ddd4f8 same
cx_grid node 1: rep 1 shape 2x4_lowcut (43233235 x 43233235, cut 43233235 / -1) slots 0: 2.846 s, cache 0 hits 0 misses, C sha256 ec985af0744fe53f same
   transform cache (RNS_DIST_CACHE_PARTIAL) node 0: 1 slot of 4 of 4 primes, q 2^22.00, from the block pool: 0.13 GB per APU (0.54 per node) | pool free 0.89 GB per APU (the smallest), the product's need 0.21, margin 0.50 -> 8 planes (RNS_DIST_CACHE_PARTIAL_FORCE)
   transform cache (RNS_DIST_CACHE_PARTIAL) node 1: 1 slot of 4 of 4 primes, q 2^22.00, from the block pool: 0.13 GB per APU (0.54 per node) | pool free 1.10 GB per APU (the smallest), the product's need 0.21, margin 0.50 -> 8 planes (RNS_DIST_CACHE_PARTIAL_FORCE)
cache_trace node 0: piece (0, 0) of 2 x 2, 21616618 + 21616618 limbs at 0, slots 1 x 4 primes: A - B cached | 0.667 s: redistribute 0.037 ntt 0.602 crt 0.001 out 0.035 carry 0.001
cache_trace node 1: piece (0, 0) of 2 x 2, 21616618 + 21616618 limbs at 0, slots 1 x 4 primes: A - B cached | 0.667 s: redistribute 0.047 ntt 0.603 crt 0.001 out 0.040 carry 0.001
cache_trace node 0: piece (1, 0) of 2 x 2, 21616617 + 21616618 limbs at 21616618, slots 1 x 4 primes: A - B HIT | 0.485 s: redistribute 0.027 ntt 0.401 crt 0.001 out 0.048 carry 0.021
cache_trace node 1: piece (1, 0) of 2 x 2, 21616617 + 21616618 limbs at 21616618, slots 1 x 4 primes: A - B HIT | 0.484 s: redistribute 0.027 ntt 0.403 crt 0.001 out 0.047 carry 0.021
cache_trace node 0: piece (0, 1) of 2 x 2, 21616618 + 21616617 limbs at 21616618, slots 1 x 4 primes: A - B cached | 0.712 s: redistribute 0.045 ntt 0.600 crt 0.001 out 0.051 carry 0.020
cache_trace node 1: piece (0, 1) of 2 x 2, 21616618 + 21616617 limbs at 21616618, slots 1 x 4 primes: A - B cached | 0.712 s: redistribute 0.044 ntt 0.600 crt 0.001 out 0.051 carry 0.020
cache_trace node 0: piece (1, 1) of 2 x 2, 21616617 + 21616617 limbs at 43233236, slots 1 x 4 primes: A - B HIT | 0.475 s: redistribute 0.030 ntt 0.415 crt 0.001 out 0.038 carry 0.003
dist_mn node 0: 43233235 x 43233235 limbs over 2 x 4 ranks (cap 2^25 points, P24): 2 x 2 pieces, 4 formed, 0 skipped (low cut) (cache 1 slots of 4 primes, partial: 2 hits, 2 misses)
cache_trace node 1: piece (1, 1) of 2 x 2, 21616617 + 21616617 limbs at 43233236, slots 1 x 4 primes: A - B HIT | 0.475 s: redistribute 0.028 ntt 0.419 crt 0.001 out 0.035 carry 0.002
dist_mn node 1: 43233235 x 43233235 limbs over 2 x 4 ranks (cap 2^25 points, P24): 2 x 2 pieces, 4 formed, 0 skipped (low cut) (cache 1 slots of 4 primes, partial: 2 hits, 2 misses)
cx_grid node 0: rep 1 shape 2x4_lowcut (43233235 x 43233235, cut 43233235 / -1) slots 1: 2.341 s, cache 2 hits 2 misses, C sha256 845056bac9ddd4f8 same
cx_grid node 1: rep 1 shape 2x4_lowcut (43233235 x 43233235, cut 43233235 / -1) slots 1: 2.341 s, cache 2 hits 2 misses, C sha256 ec985af0744fe53f same
   transform cache (RNS_DIST_CACHE_PARTIAL) node 0: 2 slots of 4 of 4 primes, q 2^22.00, from the block pool: 0.27 GB per APU (1.07 per node) | pool free 0.89 GB per APU (the smallest), the product's need 0.21, margin 0.50 -> 8 planes (RNS_DIST_CACHE_PARTIAL_FORCE)
   transform cache (RNS_DIST_CACHE_PARTIAL) node 1: 2 slots of 4 of 4 primes, q 2^22.00, from the block pool: 0.27 GB per APU (1.07 per node) | pool free 1.10 GB per APU (the smallest), the product's need 0.21, margin 0.50 -> 8 planes (RNS_DIST_CACHE_PARTIAL_FORCE)
cache_trace node 0: piece (0, 0) of 2 x 2, 21616618 + 21616618 limbs at 0, slots 2 x 4 primes: A cached B cached | 0.676 s: redistribute 0.036 ntt 0.611 crt 0.001 out 0.037 carry 0.001
cache_trace node 1: piece (0, 0) of 2 x 2, 21616618 + 21616618 limbs at 0, slots 2 x 4 primes: A cached B cached | 0.676 s: redistribute 0.043 ntt 0.613 crt 0.001 out 0.036 carry 0.001
cache_trace node 0: piece (1, 0) of 2 x 2, 21616617 + 21616618 limbs at 21616618, slots 2 x 4 primes: A - B HIT | 0.498 s: redistribute 0.028 ntt 0.413 crt 0.001 out 0.049 carry 0.023
cache_trace node 1: piece (1, 0) of 2 x 2, 21616617 + 21616618 limbs at 21616618, slots 2 x 4 primes: A - B HIT | 0.498 s: redistribute 0.028 ntt 0.408 crt 0.001 out 0.048 carry 0.023
cache_trace node 0: piece (0, 1) of 2 x 2, 21616618 + 21616617 limbs at 21616618, slots 2 x 4 primes: A HIT B cached | 0.515 s: redistribute 0.027 ntt 0.421 crt 0.001 out 0.050 carry 0.024
cache_trace node 1: piece (0, 1) of 2 x 2, 21616618 + 21616617 limbs at 21616618, slots 2 x 4 primes: A HIT B cached | 0.515 s: redistribute 0.024 ntt 0.420 crt 0.001 out 0.046 carry 0.024
cache_trace node 0: piece (1, 1) of 2 x 2, 21616617 + 21616617 limbs at 43233236, slots 2 x 4 primes: A - B HIT | 0.465 s: redistribute 0.028 ntt 0.412 crt 0.001 out 0.033 carry 0.002
dist_mn node 0: 43233235 x 43233235 limbs over 2 x 4 ranks (cap 2^25 points, P24): 2 x 2 pieces, 4 formed, 0 skipped (low cut) (cache 2 slots of 4 primes, partial: 3 hits, 3 misses)
cache_trace node 1: piece (1, 1) of 2 x 2, 21616617 + 21616617 limbs at 43233236, slots 2 x 4 primes: A - B HIT | 0.465 s: redistribute 0.028 ntt 0.412 crt 0.001 out 0.040 carry 0.002
dist_mn node 1: 43233235 x 43233235 limbs over 2 x 4 ranks (cap 2^25 points, P24): 2 x 2 pieces, 4 formed, 0 skipped (low cut) (cache 2 slots of 4 primes, partial: 3 hits, 3 misses)
cx_grid node 1: rep 1 shape 2x4_lowcut (43233235 x 43233235, cut 43233235 / -1) slots 2: 2.157 s, cache 3 hits 3 misses, C sha256 ec985af0744fe53f same
cx_grid node 0: rep 1 shape 2x4_lowcut (43233235 x 43233235, cut 43233235 / -1) slots 2: 2.157 s, cache 3 hits 3 misses, C sha256 845056bac9ddd4f8 same
cache_trace node 0: piece (2, 0) of 4 x 4, 21616618 + 21616618 limbs at 43233236, slots 0 x 4 primes: A - B - | 0.696 s: redistribute 0.031 ntt 0.601 crt 0.001 out 0.036 carry 0.035
cache_trace node 1: piece (2, 0) of 4 x 4, 21616618 + 21616618 limbs at 43233236, slots 0 x 4 primes: A - B - | 0.696 s: redistribute 0.032 ntt 0.601 crt 0.001 out 0.038 carry 0.035
cache_trace node 0: piece (3, 0) of 4 x 4, 21616617 + 21616618 limbs at 64849854, slots 0 x 4 primes: A - B - | 0.727 s: redistribute 0.043 ntt 0.609 crt 0.001 out 0.052 carry 0.028
cache_trace node 1: piece (3, 0) of 4 x 4, 21616617 + 21616618 limbs at 64849854, slots 0 x 4 primes: A - B - | 0.727 s: redistribute 0.043 ntt 0.608 crt 0.001 out 0.054 carry 0.028
cache_trace node 0: piece (1, 1) of 4 x 4, 21616618 + 21616618 limbs at 43233236, slots 0 x 4 primes: A - B - | 0.703 s: redistribute 0.031 ntt 0.605 crt 0.001 out 0.040 carry 0.035
cache_trace node 1: piece (1, 1) of 4 x 4, 21616618 + 21616618 limbs at 43233236, slots 0 x 4 primes: A - B - | 0.703 s: redistribute 0.034 ntt 0.599 crt 0.001 out 0.037 carry 0.035
cache_trace node 0: piece (2, 1) of 4 x 4, 21616618 + 21616618 limbs at 64849854, slots 0 x 4 primes: A - B - | 0.732 s: redistribute 0.043 ntt 0.626 crt 0.001 out 0.046 carry 0.028
cache_trace node 1: piece (2, 1) of 4 x 4, 21616618 + 21616618 limbs at 64849854, slots 0 x 4 primes: A - B - | 0.732 s: redistribute 0.045 ntt 0.622 crt 0.001 out 0.048 carry 0.028
cache_trace node 0: piece (3, 1) of 4 x 4, 21616617 + 21616618 limbs at 86466472, slots 0 x 4 primes: A - B - | 0.723 s: redistribute 0.049 ntt 0.616 crt 0.001 out 0.035 carry 0.032
cache_trace node 1: piece (3, 1) of 4 x 4, 21616617 + 21616618 limbs at 86466472, slots 0 x 4 primes: A - B - | 0.723 s: redistribute 0.050 ntt 0.616 crt 0.001 out 0.038 carry 0.032
cache_trace node 0: piece (0, 2) of 4 x 4, 21616618 + 21616618 limbs at 43233236, slots 0 x 4 primes: A - B - | 0.728 s: redistribute 0.039 ntt 0.630 crt 0.001 out 0.032 carry 0.034
cache_trace node 1: piece (0, 2) of 4 x 4, 21616618 + 21616618 limbs at 43233236, slots 0 x 4 primes: A - B - | 0.728 s: redistribute 0.039 ntt 0.629 crt 0.001 out 0.031 carry 0.035
cache_trace node 0: piece (1, 2) of 4 x 4, 21616618 + 21616618 limbs at 64849854, slots 0 x 4 primes: A - B - | 0.724 s: redistribute 0.049 ntt 0.602 crt 0.001 out 0.052 carry 0.025
cache_trace node 1: piece (1, 2) of 4 x 4, 21616618 + 21616618 limbs at 64849854, slots 0 x 4 primes: A - B - | 0.724 s: redistribute 0.047 ntt 0.601 crt 0.001 out 0.053 carry 0.025
cache_trace node 0: piece (2, 2) of 4 x 4, 21616618 + 21616618 limbs at 86466472, slots 0 x 4 primes: A - B - | 0.739 s: redistribute 0.057 ntt 0.620 crt 0.001 out 0.042 carry 0.033
cache_trace node 1: piece (2, 2) of 4 x 4, 21616618 + 21616618 limbs at 86466472, slots 0 x 4 primes: A - B - | 0.739 s: redistribute 0.050 ntt 0.625 crt 0.001 out 0.040 carry 0.033
cache_trace node 0: piece (3, 2) of 4 x 4, 21616617 + 21616618 limbs at 108083090, slots 0 x 4 primes: A - B - | 0.729 s: redistribute 0.055 ntt 0.630 crt 0.001 out 0.034 carry 0.018
cache_trace node 1: piece (3, 2) of 4 x 4, 21616617 + 21616618 limbs at 108083090, slots 0 x 4 primes: A - B - | 0.729 s: redistribute 0.052 ntt 0.629 crt 0.001 out 0.039 carry 0.018
cache_trace node 0: piece (0, 3) of 4 x 4, 21616618 + 21616617 limbs at 64849854, slots 0 x 4 primes: A - B - | 0.736 s: redistribute 0.040 ntt 0.628 crt 0.001 out 0.050 carry 0.027
cache_trace node 1: piece (0, 3) of 4 x 4, 21616618 + 21616617 limbs at 64849854, slots 0 x 4 primes: A - B - | 0.736 s: redistribute 0.039 ntt 0.627 crt 0.001 out 0.047 carry 0.027
cache_trace node 0: piece (1, 3) of 4 x 4, 21616618 + 21616617 limbs at 86466472, slots 0 x 4 primes: A - B - | 0.712 s: redistribute 0.045 ntt 0.597 crt 0.001 out 0.039 carry 0.033
cache_trace node 1: piece (1, 3) of 4 x 4, 21616618 + 21616617 limbs at 86466472, slots 0 x 4 primes: A - B - | 0.712 s: redistribute 0.044 ntt 0.602 crt 0.001 out 0.038 carry 0.033
cache_trace node 0: piece (2, 3) of 4 x 4, 21616618 + 21616617 limbs at 108083090, slots 0 x 4 primes: A - B - | 0.703 s: redistribute 0.053 ntt 0.605 crt 0.001 out 0.039 carry 0.018
cache_trace node 1: piece (2, 3) of 4 x 4, 21616618 + 21616617 limbs at 108083090, slots 0 x 4 primes: A - B - | 0.703 s: redistribute 0.052 ntt 0.611 crt 0.001 out 0.040 carry 0.018
cache_trace node 0: piece (3, 3) of 4 x 4, 21616617 + 21616617 limbs at 129699708, slots 0 x 4 primes: A - B - | 0.733 s: redistribute 0.057 ntt 0.622 crt 0.001 out 0.036 carry 0.037
dist_mn node 0: 86466471 x 86466471 limbs over 2 x 4 ranks (cap 2^25 points, P24): 4 x 4 pieces, 13 formed, 3 skipped (low cut) (cache 0 slots, partial: 0 hits, 0 misses)
cache_trace node 1: piece (3, 3) of 4 x 4, 21616617 + 21616617 limbs at 129699708, slots 0 x 4 primes: A - B - | 0.733 s: redistribute 0.054 ntt 0.622 crt 0.001 out 0.037 carry 0.037
dist_mn node 1: 86466471 x 86466471 limbs over 2 x 4 ranks (cap 2^25 points, P24): 4 x 4 pieces, 13 formed, 3 skipped (low cut) (cache 0 slots, partial: 0 hits, 0 misses)
cx_grid node 0: rep 1 shape 5x6_lowcut (86466471 x 86466471, cut 86466471 / -1) slots 0: 9.390 s, cache 0 hits 0 misses, C sha256 8dfd856fd8311bea same
cx_grid node 1: rep 1 shape 5x6_lowcut (86466471 x 86466471, cut 86466471 / -1) slots 0: 9.390 s, cache 0 hits 0 misses, C sha256 9cd829468ba4e146 same
   transform cache (RNS_DIST_CACHE_PARTIAL) node 0: 1 slot of 4 of 4 primes, q 2^22.00, from the block pool: 0.13 GB per APU (0.54 per node) | pool free 0.89 GB per APU (the smallest), the product's need 0.21, margin 0.50 -> 8 planes (RNS_DIST_CACHE_PARTIAL_FORCE)
   transform cache (RNS_DIST_CACHE_PARTIAL) node 1: 1 slot of 4 of 4 primes, q 2^22.00, from the block pool: 0.13 GB per APU (0.54 per node) | pool free 1.10 GB per APU (the smallest), the product's need 0.21, margin 0.50 -> 8 planes (RNS_DIST_CACHE_PARTIAL_FORCE)
cache_trace node 0: piece (2, 0) of 4 x 4, 21616618 + 21616618 limbs at 43233236, slots 1 x 4 primes: A - B cached | 0.687 s: redistribute 0.033 ntt 0.595 crt 0.001 out 0.036 carry 0.030
cache_trace node 1: piece (2, 0) of 4 x 4, 21616618 + 21616618 limbs at 43233236, slots 1 x 4 primes: A - B cached | 0.687 s: redistribute 0.034 ntt 0.599 crt 0.001 out 0.030 carry 0.030
cache_trace node 0: piece (3, 0) of 4 x 4, 21616617 + 21616618 limbs at 64849854, slots 1 x 4 primes: A - B HIT | 0.496 s: redistribute 0.029 ntt 0.403 crt 0.001 out 0.046 carry 0.027
cache_trace node 1: piece (3, 0) of 4 x 4, 21616617 + 21616618 limbs at 64849854, slots 1 x 4 primes: A - B HIT | 0.496 s: redistribute 0.028 ntt 0.406 crt 0.001 out 0.046 carry 0.027
cache_trace node 0: piece (1, 1) of 4 x 4, 21616618 + 21616618 limbs at 43233236, slots 1 x 4 primes: A - B cached | 0.723 s: redistribute 0.042 ntt 0.626 crt 0.001 out 0.036 carry 0.031
cache_trace node 1: piece (1, 1) of 4 x 4, 21616618 + 21616618 limbs at 43233236, slots 1 x 4 primes: A - B cached | 0.723 s: redistribute 0.044 ntt 0.628 crt 0.001 out 0.036 carry 0.032
cache_trace node 0: piece (2, 1) of 4 x 4, 21616618 + 21616618 limbs at 64849854, slots 1 x 4 primes: A - B HIT | 0.510 s: redistribute 0.024 ntt 0.423 crt 0.001 out 0.045 carry 0.026
cache_trace node 1: piece (2, 1) of 4 x 4, 21616618 + 21616618 limbs at 64849854, slots 1 x 4 primes: A - B HIT | 0.510 s: redistribute 0.024 ntt 0.421 crt 0.001 out 0.047 carry 0.026
cache_trace node 0: piece (3, 1) of 4 x 4, 21616617 + 21616618 limbs at 86466472, slots 1 x 4 primes: A - B HIT | 0.504 s: redistribute 0.022 ntt 0.419 crt 0.002 out 0.039 carry 0.032
cache_trace node 1: piece (3, 1) of 4 x 4, 21616617 + 21616618 limbs at 86466472, slots 1 x 4 primes: A - B HIT | 0.504 s: redistribute 0.021 ntt 0.419 crt 0.002 out 0.035 carry 0.032
cache_trace node 0: piece (0, 2) of 4 x 4, 21616618 + 21616618 limbs at 43233236, slots 1 x 4 primes: A - B cached | 0.707 s: redistribute 0.040 ntt 0.599 crt 0.001 out 0.039 carry 0.032
cache_trace node 1: piece (0, 2) of 4 x 4, 21616618 + 21616618 limbs at 43233236, slots 1 x 4 primes: A - B cached | 0.707 s: redistribute 0.040 ntt 0.601 crt 0.001 out 0.037 carry 0.033
cache_trace node 0: piece (1, 2) of 4 x 4, 21616618 + 21616618 limbs at 64849854, slots 1 x 4 primes: A - B HIT | 0.481 s: redistribute 0.018 ntt 0.387 crt 0.001 out 0.052 carry 0.026
cache_trace node 1: piece (1, 2) of 4 x 4, 21616618 + 21616618 limbs at 64849854, slots 1 x 4 primes: A - B HIT | 0.481 s: redistribute 0.018 ntt 0.388 crt 0.001 out 0.050 carry 0.026
cache_trace node 0: piece (2, 2) of 4 x 4, 21616618 + 21616618 limbs at 86466472, slots 1 x 4 primes: A - B HIT | 0.504 s: redistribute 0.030 ntt 0.404 crt 0.001 out 0.042 carry 0.033
cache_trace node 1: piece (2, 2) of 4 x 4, 21616618 + 21616618 limbs at 86466472, slots 1 x 4 primes: A - B HIT | 0.504 s: redistribute 0.029 ntt 0.402 crt 0.001 out 0.048 carry 0.033
cache_trace node 0: piece (3, 2) of 4 x 4, 21616617 + 21616618 limbs at 108083090, slots 1 x 4 primes: A - B HIT | 0.494 s: redistribute 0.030 ntt 0.408 crt 0.001 out 0.047 carry 0.018
cache_trace node 1: piece (3, 2) of 4 x 4, 21616617 + 21616618 limbs at 108083090, slots 1 x 4 primes: A - B HIT | 0.494 s: redistribute 0.029 ntt 0.411 crt 0.001 out 0.051 carry 0.018
cache_trace node 0: piece (0, 3) of 4 x 4, 21616618 + 21616617 limbs at 64849854, slots 1 x 4 primes: A - B cached | 0.714 s: redistribute 0.042 ntt 0.609 crt 0.001 out 0.045 carry 0.027
cache_trace node 1: piece (0, 3) of 4 x 4, 21616618 + 21616617 limbs at 64849854, slots 1 x 4 primes: A - B cached | 0.714 s: redistribute 0.042 ntt 0.607 crt 0.001 out 0.046 carry 0.027
cache_trace node 0: piece (1, 3) of 4 x 4, 21616618 + 21616617 limbs at 86466472, slots 1 x 4 primes: A - B HIT | 0.513 s: redistribute 0.031 ntt 0.417 crt 0.001 out 0.043 carry 0.034
cache_trace node 1: piece (1, 3) of 4 x 4, 21616618 + 21616617 limbs at 86466472, slots 1 x 4 primes: A - B HIT | 0.513 s: redistribute 0.033 ntt 0.416 crt 0.001 out 0.045 carry 0.034
cache_trace node 0: piece (2, 3) of 4 x 4, 21616618 + 21616617 limbs at 108083090, slots 1 x 4 primes: A - B HIT | 0.483 s: redistribute 0.021 ntt 0.403 crt 0.001 out 0.044 carry 0.018
cache_trace node 1: piece (2, 3) of 4 x 4, 21616618 + 21616617 limbs at 108083090, slots 1 x 4 primes: A - B HIT | 0.483 s: redistribute 0.020 ntt 0.408 crt 0.001 out 0.042 carry 0.018
cache_trace node 0: piece (3, 3) of 4 x 4, 21616617 + 21616617 limbs at 129699708, slots 1 x 4 primes: A - B HIT | 0.506 s: redistribute 0.023 ntt 0.401 crt 0.001 out 0.055 carry 0.031
dist_mn node 0: 86466471 x 86466471 limbs over 2 x 4 ranks (cap 2^25 points, P24): 4 x 4 pieces, 13 formed, 3 skipped (low cut) (cache 1 slots of 4 primes, partial: 9 hits, 4 misses)
cache_trace node 1: piece (3, 3) of 4 x 4, 21616617 + 21616617 limbs at 129699708, slots 1 x 4 primes: A - B HIT | 0.506 s: redistribute 0.023 ntt 0.400 crt 0.001 out 0.055 carry 0.031
dist_mn node 1: 86466471 x 86466471 limbs over 2 x 4 ranks (cap 2^25 points, P24): 4 x 4 pieces, 13 formed, 3 skipped (low cut) (cache 1 slots of 4 primes, partial: 9 hits, 4 misses)
cx_grid node 1: rep 1 shape 5x6_lowcut (86466471 x 86466471, cut 86466471 / -1) slots 1: 7.395 s, cache 9 hits 4 misses, C sha256 9cd829468ba4e146 same
cx_grid node 0: rep 1 shape 5x6_lowcut (86466471 x 86466471, cut 86466471 / -1) slots 1: 7.395 s, cache 9 hits 4 misses, C sha256 8dfd856fd8311bea same
   transform cache (RNS_DIST_CACHE_PARTIAL) node 0: 2 slots of 4 of 4 primes, q 2^22.00, from the block pool: 0.27 GB per APU (1.07 per node) | pool free 0.89 GB per APU (the smallest), the product's need 0.21, margin 0.50 -> 8 planes (RNS_DIST_CACHE_PARTIAL_FORCE)
   transform cache (RNS_DIST_CACHE_PARTIAL) node 1: 2 slots of 4 of 4 primes, q 2^22.00, from the block pool: 0.27 GB per APU (1.07 per node) | pool free 1.10 GB per APU (the smallest), the product's need 0.21, margin 0.50 -> 8 planes (RNS_DIST_CACHE_PARTIAL_FORCE)
cache_trace node 0: piece (2, 0) of 4 x 4, 21616618 + 21616618 limbs at 43233236, slots 2 x 4 primes: A - B cached | 0.708 s: redistribute 0.031 ntt 0.611 crt 0.001 out 0.037 carry 0.030
cache_trace node 1: piece (2, 0) of 4 x 4, 21616618 + 21616618 limbs at 43233236, slots 2 x 4 primes: A - B cached | 0.708 s: redistribute 0.032 ntt 0.610 crt 0.001 out 0.037 carry 0.030
cache_trace node 0: piece (3, 0) of 4 x 4, 21616617 + 21616618 limbs at 64849854, slots 2 x 4 primes: A - B HIT | 0.480 s: redistribute 0.021 ntt 0.394 crt 0.001 out 0.045 carry 0.023
cache_trace node 1: piece (3, 0) of 4 x 4, 21616617 + 21616618 limbs at 64849854, slots 2 x 4 primes: A - B HIT | 0.480 s: redistribute 0.020 ntt 0.393 crt 0.001 out 0.044 carry 0.024
cache_trace node 0: piece (1, 1) of 4 x 4, 21616618 + 21616618 limbs at 43233236, slots 2 x 4 primes: A - B cached | 0.711 s: redistribute 0.045 ntt 0.606 crt 0.002 out 0.046 carry 0.031
cache_trace node 1: piece (1, 1) of 4 x 4, 21616618 + 21616618 limbs at 43233236, slots 2 x 4 primes: A - B cached | 0.711 s: redistribute 0.050 ntt 0.604 crt 0.002 out 0.040 carry 0.032
cache_trace node 0: piece (2, 1) of 4 x 4, 21616618 + 21616618 limbs at 64849854, slots 2 x 4 primes: A - B HIT | 0.481 s: redistribute 0.026 ntt 0.388 crt 0.001 out 0.045 carry 0.025
cache_trace node 1: piece (2, 1) of 4 x 4, 21616618 + 21616618 limbs at 64849854, slots 2 x 4 primes: A - B HIT | 0.481 s: redistribute 0.026 ntt 0.387 crt 0.001 out 0.047 carry 0.025
cache_trace node 0: piece (3, 1) of 4 x 4, 21616617 + 21616618 limbs at 86466472, slots 2 x 4 primes: A - B HIT | 0.502 s: redistribute 0.026 ntt 0.416 crt 0.001 out 0.038 carry 0.034
cache_trace node 1: piece (3, 1) of 4 x 4, 21616617 + 21616618 limbs at 86466472, slots 2 x 4 primes: A - B HIT | 0.502 s: redistribute 0.025 ntt 0.412 crt 0.001 out 0.039 carry 0.034
cache_trace node 0: piece (0, 2) of 4 x 4, 21616618 + 21616618 limbs at 43233236, slots 2 x 4 primes: A cached B cached | 0.728 s: redistribute 0.043 ntt 0.629 crt 0.001 out 0.036 carry 0.033
cache_trace node 1: piece (0, 2) of 4 x 4, 21616618 + 21616618 limbs at 43233236, slots 2 x 4 primes: A cached B cached | 0.728 s: redistribute 0.043 ntt 0.630 crt 0.001 out 0.039 carry 0.033
cache_trace node 0: piece (1, 2) of 4 x 4, 21616618 + 21616618 limbs at 64849854, slots 2 x 4 primes: A - B HIT | 0.497 s: redistribute 0.017 ntt 0.412 crt 0.001 out 0.048 carry 0.022
cache_trace node 1: piece (1, 2) of 4 x 4, 21616618 + 21616618 limbs at 64849854, slots 2 x 4 primes: A - B HIT | 0.497 s: redistribute 0.018 ntt 0.416 crt 0.001 out 0.044 carry 0.023
cache_trace node 0: piece (2, 2) of 4 x 4, 21616618 + 21616618 limbs at 86466472, slots 2 x 4 primes: A - B HIT | 0.517 s: redistribute 0.026 ntt 0.422 crt 0.001 out 0.042 carry 0.035
cache_trace node 1: piece (2, 2) of 4 x 4, 21616618 + 21616618 limbs at 86466472, slots 2 x 4 primes: A - B HIT | 0.517 s: redistribute 0.025 ntt 0.422 crt 0.001 out 0.043 carry 0.034
cache_trace node 0: piece (3, 2) of 4 x 4, 21616617 + 21616618 limbs at 108083090, slots 2 x 4 primes: A - B HIT | 0.508 s: redistribute 0.050 ntt 0.428 crt 0.001 out 0.038 carry 0.018
cache_trace node 1: piece (3, 2) of 4 x 4, 21616617 + 21616618 limbs at 108083090, slots 2 x 4 primes: A - B HIT | 0.508 s: redistribute 0.049 ntt 0.430 crt 0.001 out 0.036 carry 0.017
cache_trace node 0: piece (0, 3) of 4 x 4, 21616618 + 21616617 limbs at 64849854, slots 2 x 4 primes: A HIT B cached | 0.490 s: redistribute 0.024 ntt 0.399 crt 0.002 out 0.050 carry 0.023
cache_trace node 1: piece (0, 3) of 4 x 4, 21616618 + 21616617 limbs at 64849854, slots 2 x 4 primes: A HIT B cached | 0.490 s: redistribute 0.023 ntt 0.402 crt 0.002 out 0.048 carry 0.024
cache_trace node 0: piece (1, 3) of 4 x 4, 21616618 + 21616617 limbs at 86466472, slots 2 x 4 primes: A - B HIT | 0.506 s: redistribute 0.028 ntt 0.415 crt 0.001 out 0.037 carry 0.035
cache_trace node 1: piece (1, 3) of 4 x 4, 21616618 + 21616617 limbs at 86466472, slots 2 x 4 primes: A - B HIT | 0.506 s: redistribute 0.031 ntt 0.406 crt 0.001 out 0.036 carry 0.034
cache_trace node 0: piece (2, 3) of 4 x 4, 21616618 + 21616617 limbs at 108083090, slots 2 x 4 primes: A - B HIT | 0.484 s: redistribute 0.025 ntt 0.405 crt 0.001 out 0.044 carry 0.018
cache_trace node 1: piece (2, 3) of 4 x 4, 21616618 + 21616617 limbs at 108083090, slots 2 x 4 primes: A - B HIT | 0.484 s: redistribute 0.025 ntt 0.400 crt 0.001 out 0.041 carry 0.017
cache_trace node 0: piece (3, 3) of 4 x 4, 21616617 + 21616617 limbs at 129699708, slots 2 x 4 primes: A - B HIT | 0.511 s: redistribute 0.024 ntt 0.428 crt 0.001 out 0.035 carry 0.031
dist_mn node 0: 86466471 x 86466471 limbs over 2 x 4 ranks (cap 2^25 points, P24): 4 x 4 pieces, 13 formed, 3 skipped (low cut) (cache 2 slots of 4 primes, partial: 10 hits, 5 misses)
cache_trace node 1: piece (3, 3) of 4 x 4, 21616617 + 21616617 limbs at 129699708, slots 2 x 4 primes: A - B HIT | 0.511 s: redistribute 0.024 ntt 0.423 crt 0.001 out 0.039 carry 0.031
dist_mn node 1: 86466471 x 86466471 limbs over 2 x 4 ranks (cap 2^25 points, P24): 4 x 4 pieces, 13 formed, 3 skipped (low cut) (cache 2 slots of 4 primes, partial: 10 hits, 5 misses)
cx_grid node 1: rep 1 shape 5x6_lowcut (86466471 x 86466471, cut 86466471 / -1) slots 2: 7.126 s, cache 10 hits 5 misses, C sha256 9cd829468ba4e146 same
cx_grid node 0: rep 1 shape 5x6_lowcut (86466471 x 86466471, cut 86466471 / -1) slots 2: 7.127 s, cache 10 hits 5 misses, C sha256 8dfd856fd8311bea same
cache_trace node 0: piece (0, 0) of 4 x 4, 21616618 + 21616618 limbs at 0, slots 0 x 4 primes: A - B - | 0.684 s: redistribute 0.052 ntt 0.626 crt 0.001 out 0.032 carry 0.001
cache_trace node 1: piece (0, 0) of 4 x 4, 21616618 + 21616618 limbs at 0, slots 0 x 4 primes: A - B - | 0.684 s: redistribute 0.054 ntt 0.622 crt 0.001 out 0.034 carry 0.001
cache_trace node 0: piece (1, 0) of 4 x 4, 21616618 + 21616618 limbs at 21616618, slots 0 x 4 primes: A - B - | 0.697 s: redistribute 0.036 ntt 0.595 crt 0.001 out 0.049 carry 0.020
cache_trace node 1: piece (1, 0) of 4 x 4, 21616618 + 21616618 limbs at 21616618, slots 0 x 4 primes: A - B - | 0.697 s: redistribute 0.037 ntt 0.592 crt 0.001 out 0.049 carry 0.020
cache_trace node 0: piece (2, 0) of 4 x 4, 21616618 + 21616618 limbs at 43233236, slots 0 x 4 primes: A - B - | 0.700 s: redistribute 0.049 ntt 0.625 crt 0.001 out 0.040 carry 0.002
cache_trace node 1: piece (2, 0) of 4 x 4, 21616618 + 21616618 limbs at 43233236, slots 0 x 4 primes: A - B - | 0.700 s: redistribute 0.054 ntt 0.630 crt 0.001 out 0.045 carry 0.002
cache_trace node 0: piece (3, 0) of 4 x 4, 21616617 + 21616618 limbs at 64849854, slots 0 x 4 primes: A - B - | 0.685 s: redistribute 0.043 ntt 0.610 crt 0.001 out 0.023 carry 0.015
cache_trace node 1: piece (3, 0) of 4 x 4, 21616617 + 21616618 limbs at 64849854, slots 0 x 4 primes: A - B - | 0.685 s: redistribute 0.047 ntt 0.605 crt 0.001 out 0.028 carry 0.015
cache_trace node 0: piece (0, 1) of 4 x 4, 21616618 + 21616618 limbs at 21616618, slots 0 x 4 primes: A - B - | 0.699 s: redistribute 0.045 ntt 0.605 crt 0.001 out 0.045 carry 0.022
cache_trace node 1: piece (0, 1) of 4 x 4, 21616618 + 21616618 limbs at 21616618, slots 0 x 4 primes: A - B - | 0.699 s: redistribute 0.048 ntt 0.600 crt 0.001 out 0.048 carry 0.022
cache_trace node 0: piece (1, 1) of 4 x 4, 21616618 + 21616618 limbs at 43233236, slots 0 x 4 primes: A - B - | 0.733 s: redistribute 0.055 ntt 0.656 crt 0.001 out 0.044 carry 0.002
cache_trace node 1: piece (1, 1) of 4 x 4, 21616618 + 21616618 limbs at 43233236, slots 0 x 4 primes: A - B - | 0.733 s: redistribute 0.056 ntt 0.653 crt 0.001 out 0.042 carry 0.002
cache_trace node 0: piece (2, 1) of 4 x 4, 21616618 + 21616618 limbs at 64849854, slots 0 x 4 primes: A - B - | 0.685 s: redistribute 0.046 ntt 0.613 crt 0.001 out 0.026 carry 0.015
cache_trace node 1: piece (2, 1) of 4 x 4, 21616618 + 21616618 limbs at 64849854, slots 0 x 4 primes: A - B - | 0.685 s: redistribute 0.046 ntt 0.607 crt 0.001 out 0.027 carry 0.015
cache_trace node 0: piece (0, 2) of 4 x 4, 21616618 + 21616618 limbs at 43233236, slots 0 x 4 primes: A - B - | 0.713 s: redistribute 0.065 ntt 0.642 crt 0.001 out 0.044 carry 0.002
cache_trace node 1: piece (0, 2) of 4 x 4, 21616618 + 21616618 limbs at 43233236, slots 0 x 4 primes: A - B - | 0.713 s: redistribute 0.064 ntt 0.642 crt 0.001 out 0.040 carry 0.002
cache_trace node 0: piece (1, 2) of 4 x 4, 21616618 + 21616618 limbs at 64849854, slots 0 x 4 primes: A - B - | 0.714 s: redistribute 0.040 ntt 0.652 crt 0.001 out 0.027 carry 0.015
cache_trace node 1: piece (1, 2) of 4 x 4, 21616618 + 21616618 limbs at 64849854, slots 0 x 4 primes: A - B - | 0.714 s: redistribute 0.039 ntt 0.646 crt 0.001 out 0.027 carry 0.015
cache_trace node 0: piece (0, 3) of 4 x 4, 21616618 + 21616617 limbs at 64849854, slots 0 x 4 primes: A - B - | 0.697 s: redistribute 0.053 ntt 0.615 crt 0.001 out 0.026 carry 0.015
dist_mn node 0: 86466471 x 86466471 limbs over 2 x 4 ranks (cap 2^25 points, P24): 4 x 4 pieces, 10 formed, 6 skipped (low product) (cache 0 slots, partial: 0 hits, 0 misses)
cache_trace node 1: piece (0, 3) of 4 x 4, 21616618 + 21616617 limbs at 64849854, slots 0 x 4 primes: A - B - | 0.697 s: redistribute 0.052 ntt 0.614 crt 0.001 out 0.028 carry 0.015
dist_mn node 1: 86466471 x 86466471 limbs over 2 x 4 ranks (cap 2^25 points, P24): 4 x 4 pieces, 10 formed, 6 skipped (low product) (cache 0 slots, partial: 0 hits, 0 misses)
cx_grid node 0: rep 1 shape 5x6_highcut (86466471 x 86466471, cut 0 / 86466471) slots 0: 7.012 s, cache 0 hits 0 misses, C sha256 cf16d9f968b3c1fc same
cx_grid node 1: rep 1 shape 5x6_highcut (86466471 x 86466471, cut 0 / 86466471) slots 0: 7.012 s, cache 0 hits 0 misses, C sha256 27b0af0492a0457e same
   transform cache (RNS_DIST_CACHE_PARTIAL) node 0: 1 slot of 4 of 4 primes, q 2^22.00, from the block pool: 0.13 GB per APU (0.54 per node) | pool free 1.07 GB per APU (the smallest), the product's need 0.21, margin 0.50 -> 8 planes (RNS_DIST_CACHE_PARTIAL_FORCE)
   transform cache (RNS_DIST_CACHE_PARTIAL) node 1: 1 slot of 4 of 4 primes, q 2^22.00, from the block pool: 0.13 GB per APU (0.54 per node) | pool free 1.27 GB per APU (the smallest), the product's need 0.21, margin 0.50 -> 8 planes (RNS_DIST_CACHE_PARTIAL_FORCE)
cache_trace node 0: piece (0, 0) of 4 x 4, 21616618 + 21616618 limbs at 0, slots 1 x 4 primes: A - B cached | 0.666 s: redistribute 0.038 ntt 0.613 crt 0.002 out 0.032 carry 0.001
cache_trace node 1: piece (0, 0) of 4 x 4, 21616618 + 21616618 limbs at 0, slots 1 x 4 primes: A - B cached | 0.666 s: redistribute 0.046 ntt 0.614 crt 0.002 out 0.029 carry 0.001
cache_trace node 0: piece (1, 0) of 4 x 4, 21616618 + 21616618 limbs at 21616618, slots 1 x 4 primes: A - B HIT | 0.495 s: redistribute 0.020 ntt 0.408 crt 0.001 out 0.054 carry 0.022
cache_trace node 1: piece (1, 0) of 4 x 4, 21616618 + 21616618 limbs at 21616618, slots 1 x 4 primes: A - B HIT | 0.495 s: redistribute 0.021 ntt 0.404 crt 0.001 out 0.051 carry 0.022
cache_trace node 0: piece (2, 0) of 4 x 4, 21616618 + 21616618 limbs at 43233236, slots 1 x 4 primes: A - B HIT | 0.480 s: redistribute 0.026 ntt 0.413 crt 0.001 out 0.043 carry 0.003
cache_trace node 1: piece (2, 0) of 4 x 4, 21616618 + 21616618 limbs at 43233236, slots 1 x 4 primes: A - B HIT | 0.480 s: redistribute 0.026 ntt 0.419 crt 0.001 out 0.043 carry 0.002
cache_trace node 0: piece (3, 0) of 4 x 4, 21616617 + 21616618 limbs at 64849854, slots 1 x 4 primes: A - B HIT | 0.492 s: redistribute 0.033 ntt 0.424 crt 0.001 out 0.023 carry 0.015
cache_trace node 1: piece (3, 0) of 4 x 4, 21616617 + 21616618 limbs at 64849854, slots 1 x 4 primes: A - B HIT | 0.492 s: redistribute 0.032 ntt 0.426 crt 0.001 out 0.027 carry 0.015
cache_trace node 0: piece (0, 1) of 4 x 4, 21616618 + 21616618 limbs at 21616618, slots 1 x 4 primes: A - B cached | 0.714 s: redistribute 0.039 ntt 0.612 crt 0.001 out 0.050 carry 0.021
cache_trace node 1: piece (0, 1) of 4 x 4, 21616618 + 21616618 limbs at 21616618, slots 1 x 4 primes: A - B cached | 0.714 s: redistribute 0.043 ntt 0.602 crt 0.001 out 0.052 carry 0.021
cache_trace node 0: piece (1, 1) of 4 x 4, 21616618 + 21616618 limbs at 43233236, slots 1 x 4 primes: A - B HIT | 0.485 s: redistribute 0.024 ntt 0.422 crt 0.002 out 0.047 carry 0.002
cache_trace node 1: piece (1, 1) of 4 x 4, 21616618 + 21616618 limbs at 43233236, slots 1 x 4 primes: A - B HIT | 0.485 s: redistribute 0.025 ntt 0.428 crt 0.002 out 0.040 carry 0.002
cache_trace node 0: piece (2, 1) of 4 x 4, 21616618 + 21616618 limbs at 64849854, slots 1 x 4 primes: A - B HIT | 0.473 s: redistribute 0.032 ntt 0.413 crt 0.001 out 0.027 carry 0.015
cache_trace node 1: piece (2, 1) of 4 x 4, 21616618 + 21616618 limbs at 64849854, slots 1 x 4 primes: A - B HIT | 0.473 s: redistribute 0.032 ntt 0.412 crt 0.001 out 0.028 carry 0.015
cache_trace node 0: piece (0, 2) of 4 x 4, 21616618 + 21616618 limbs at 43233236, slots 1 x 4 primes: A - B cached | 0.688 s: redistribute 0.047 ntt 0.613 crt 0.001 out 0.037 carry 0.002
cache_trace node 1: piece (0, 2) of 4 x 4, 21616618 + 21616618 limbs at 43233236, slots 1 x 4 primes: A - B cached | 0.688 s: redistribute 0.046 ntt 0.614 crt 0.001 out 0.037 carry 0.002
cache_trace node 0: piece (1, 2) of 4 x 4, 21616618 + 21616618 limbs at 64849854, slots 1 x 4 primes: A - B HIT | 0.457 s: redistribute 0.020 ntt 0.400 crt 0.001 out 0.025 carry 0.015
cache_trace node 1: piece (1, 2) of 4 x 4, 21616618 + 21616618 limbs at 64849854, slots 1 x 4 primes: A - B HIT | 0.457 s: redistribute 0.020 ntt 0.398 crt 0.001 out 0.025 carry 0.015
cache_trace node 0: piece (0, 3) of 4 x 4, 21616618 + 21616617 limbs at 64849854, slots 1 x 4 primes: A - B cached | 0.698 s: redistribute 0.057 ntt 0.620 crt 0.001 out 0.028 carry 0.015
dist_mn node 0: 86466471 x 86466471 limbs over 2 x 4 ranks (cap 2^25 points, P24): 4 x 4 pieces, 10 formed, 6 skipped (low product) (cache 1 slots of 4 primes, partial: 6 hits, 4 misses)
cache_trace node 1: piece (0, 3) of 4 x 4, 21616618 + 21616617 limbs at 64849854, slots 1 x 4 primes: A - B cached | 0.698 s: redistribute 0.056 ntt 0.622 crt 0.001 out 0.027 carry 0.015
dist_mn node 1: 86466471 x 86466471 limbs over 2 x 4 ranks (cap 2^25 points, P24): 4 x 4 pieces, 10 formed, 6 skipped (low product) (cache 1 slots of 4 primes, partial: 6 hits, 4 misses)
cx_grid node 0: rep 1 shape 5x6_highcut (86466471 x 86466471, cut 0 / 86466471) slots 1: 5.651 s, cache 6 hits 4 misses, C sha256 cf16d9f968b3c1fc same
cx_grid node 1: rep 1 shape 5x6_highcut (86466471 x 86466471, cut 0 / 86466471) slots 1: 5.651 s, cache 6 hits 4 misses, C sha256 27b0af0492a0457e same
   transform cache (RNS_DIST_CACHE_PARTIAL) node 0: 2 slots of 4 of 4 primes, q 2^22.00, from the block pool: 0.27 GB per APU (1.07 per node) | pool free 1.07 GB per APU (the smallest), the product's need 0.21, margin 0.50 -> 8 planes (RNS_DIST_CACHE_PARTIAL_FORCE)
   transform cache (RNS_DIST_CACHE_PARTIAL) node 1: 2 slots of 4 of 4 primes, q 2^22.00, from the block pool: 0.27 GB per APU (1.07 per node) | pool free 1.27 GB per APU (the smallest), the product's need 0.21, margin 0.50 -> 8 planes (RNS_DIST_CACHE_PARTIAL_FORCE)
cache_trace node 0: piece (0, 0) of 4 x 4, 21616618 + 21616618 limbs at 0, slots 2 x 4 primes: A cached B cached | 0.667 s: redistribute 0.031 ntt 0.610 crt 0.001 out 0.033 carry 0.001
cache_trace node 1: piece (0, 0) of 4 x 4, 21616618 + 21616618 limbs at 0, slots 2 x 4 primes: A cached B cached | 0.667 s: redistribute 0.037 ntt 0.607 crt 0.001 out 0.032 carry 0.001
cache_trace node 0: piece (1, 0) of 4 x 4, 21616618 + 21616618 limbs at 21616618, slots 2 x 4 primes: A - B HIT | 0.483 s: redistribute 0.019 ntt 0.402 crt 0.001 out 0.044 carry 0.021
cache_trace node 1: piece (1, 0) of 4 x 4, 21616618 + 21616618 limbs at 21616618, slots 2 x 4 primes: A - B HIT | 0.483 s: redistribute 0.024 ntt 0.403 crt 0.001 out 0.044 carry 0.021
cache_trace node 0: piece (2, 0) of 4 x 4, 21616618 + 21616618 limbs at 43233236, slots 2 x 4 primes: A - B HIT | 0.462 s: redistribute 0.032 ntt 0.395 crt 0.001 out 0.043 carry 0.003
cache_trace node 1: piece (2, 0) of 4 x 4, 21616618 + 21616618 limbs at 43233236, slots 2 x 4 primes: A - B HIT | 0.462 s: redistribute 0.031 ntt 0.395 crt 0.001 out 0.037 carry 0.002
cache_trace node 0: piece (3, 0) of 4 x 4, 21616617 + 21616618 limbs at 64849854, slots 2 x 4 primes: A - B HIT | 0.452 s: redistribute 0.026 ntt 0.397 crt 0.001 out 0.033 carry 0.015
cache_trace node 1: piece (3, 0) of 4 x 4, 21616617 + 21616618 limbs at 64849854, slots 2 x 4 primes: A - B HIT | 0.452 s: redistribute 0.025 ntt 0.396 crt 0.001 out 0.032 carry 0.015
cache_trace node 0: piece (0, 1) of 4 x 4, 21616618 + 21616618 limbs at 21616618, slots 2 x 4 primes: A HIT B cached | 0.486 s: redistribute 0.017 ntt 0.407 crt 0.001 out 0.048 carry 0.021
cache_trace node 1: piece (0, 1) of 4 x 4, 21616618 + 21616618 limbs at 21616618, slots 2 x 4 primes: A HIT B cached | 0.486 s: redistribute 0.022 ntt 0.405 crt 0.001 out 0.048 carry 0.021
cache_trace node 0: piece (1, 1) of 4 x 4, 21616618 + 21616618 limbs at 43233236, slots 2 x 4 primes: A - B HIT | 0.475 s: redistribute 0.029 ntt 0.423 crt 0.001 out 0.037 carry 0.002
cache_trace node 1: piece (1, 1) of 4 x 4, 21616618 + 21616618 limbs at 43233236, slots 2 x 4 primes: A - B HIT | 0.475 s: redistribute 0.031 ntt 0.421 crt 0.001 out 0.037 carry 0.002
cache_trace node 0: piece (2, 1) of 4 x 4, 21616618 + 21616618 limbs at 64849854, slots 2 x 4 primes: A - B HIT | 0.460 s: redistribute 0.023 ntt 0.405 crt 0.001 out 0.024 carry 0.015
cache_trace node 1: piece (2, 1) of 4 x 4, 21616618 + 21616618 limbs at 64849854, slots 2 x 4 primes: A - B HIT | 0.460 s: redistribute 0.022 ntt 0.404 crt 0.001 out 0.026 carry 0.015
cache_trace node 0: piece (0, 2) of 4 x 4, 21616618 + 21616618 limbs at 43233236, slots 2 x 4 primes: A HIT B cached | 0.464 s: redistribute 0.028 ntt 0.401 crt 0.001 out 0.040 carry 0.003
cache_trace node 1: piece (0, 2) of 4 x 4, 21616618 + 21616618 limbs at 43233236, slots 2 x 4 primes: A HIT B cached | 0.464 s: redistribute 0.026 ntt 0.403 crt 0.001 out 0.036 carry 0.002
cache_trace node 0: piece (1, 2) of 4 x 4, 21616618 + 21616618 limbs at 64849854, slots 2 x 4 primes: A - B HIT | 0.469 s: redistribute 0.027 ntt 0.417 crt 0.001 out 0.024 carry 0.015
cache_trace node 1: piece (1, 2) of 4 x 4, 21616618 + 21616618 limbs at 64849854, slots 2 x 4 primes: A - B HIT | 0.469 s: redistribute 0.027 ntt 0.416 crt 0.001 out 0.023 carry 0.015
cache_trace node 0: piece (0, 3) of 4 x 4, 21616618 + 21616617 limbs at 64849854, slots 2 x 4 primes: A HIT B cached | 0.477 s: redistribute 0.024 ntt 0.423 crt 0.001 out 0.024 carry 0.015
dist_mn node 0: 86466471 x 86466471 limbs over 2 x 4 ranks (cap 2^25 points, P24): 4 x 4 pieces, 10 formed, 6 skipped (low product) (cache 2 slots of 4 primes, partial: 9 hits, 5 misses)
cache_trace node 1: piece (0, 3) of 4 x 4, 21616618 + 21616617 limbs at 64849854, slots 2 x 4 primes: A HIT B cached | 0.477 s: redistribute 0.023 ntt 0.425 crt 0.001 out 0.026 carry 0.015
dist_mn node 1: 86466471 x 86466471 limbs over 2 x 4 ranks (cap 2^25 points, P24): 4 x 4 pieces, 10 formed, 6 skipped (low product) (cache 2 slots of 4 primes, partial: 9 hits, 5 misses)
cx_grid node 0: rep 1 shape 5x6_highcut (86466471 x 86466471, cut 0 / 86466471) slots 2: 4.900 s, cache 9 hits 5 misses, C sha256 cf16d9f968b3c1fc same
cx_grid node 0: the cache's allocation 0.00 s (once, excluded above)
cx_grid node 1: rep 1 shape 5x6_highcut (86466471 x 86466471, cut 0 / 86466471) slots 2: 4.900 s, cache 9 hits 5 misses, C sha256 27b0af0492a0457e same
cx_grid node 1: the cache's allocation 0.00 s (once, excluded above)

cx_grid: VERIFY OK (1 checks)

cx_grid: VERIFY OK (1 checks)
