META limb_base=10^18
META bench=cx_grid host=ppac-pl1-s24-26 date=2026-09-28T22:00:46
META limb_base=10^18
META bench=cx_grid host=ppac-pl1-s24-26 date=2026-09-28T22:00:46
mn: node 0 of 2, four meshes of 2 ranks on ppac-pl1-s24-26,ppac-pl1-s24-26 (port base 21658): connected in 0.00 s
mn: node 0: level 1 group [0, 2) (transform nodes 2): meshes connected in 0.00 s
cx_grid: node 0 of 2, plane cap 2^25, pool_log 24, 1 repetitions (+ warm-up), slot counts 0,1,2
mn: node 1 of 2, four meshes of 2 ranks on ppac-pl1-s24-26,ppac-pl1-s24-26 (port base 21658): connected in 0.07 s
mn: node 1: level 1 group [0, 2) (transform nodes 2): meshes connected in 0.00 s
cx_grid: node 1 of 2, plane cap 2^25, pool_log 24, 1 repetitions (+ warm-up), slot counts 0,1,2
cache_trace node 0: piece (0, 0) of 2 x 3, 19897701 + 13265928 limbs at 0, slots 0 x 4 primes: A - B - | 1.322 s: redistribute 0.287 ntt 0.763 crt 0.089 out 0.135 carry 0.032
cache_trace node 1: piece (0, 0) of 2 x 3, 19897701 + 13265928 limbs at 0, slots 0 x 4 primes: A - B - | 1.322 s: redistribute 0.271 ntt 0.760 crt 0.058 out 0.182 carry 0.032
cache_trace node 0: piece (0, 1) of 2 x 3, 19897701 + 13265928 limbs at 13265928, slots 0 x 4 primes: A - B - | 0.751 s: redistribute 0.028 ntt 0.640 crt 0.001 out 0.035 carry 0.050
cache_trace node 1: piece (0, 1) of 2 x 3, 19897701 + 13265928 limbs at 13265928, slots 0 x 4 primes: A - B - | 0.751 s: redistribute 0.027 ntt 0.632 crt 0.001 out 0.048 carry 0.050
cache_trace node 0: piece (0, 2) of 2 x 3, 19897701 + 13265926 limbs at 26531856, slots 0 x 4 primes: A - B - | 0.862 s: redistribute 0.047 ntt 0.637 crt 0.001 out 0.167 carry 0.018
cache_trace node 1: piece (0, 2) of 2 x 3, 19897701 + 13265926 limbs at 26531856, slots 0 x 4 primes: A - B - | 0.862 s: redistribute 0.034 ntt 0.649 crt 0.001 out 0.110 carry 0.018
cache_trace node 0: piece (1, 0) of 2 x 3, 19897700 + 13265928 limbs at 19897701, slots 0 x 4 primes: A - B - | 0.726 s: redistribute 0.056 ntt 0.624 crt 0.001 out 0.046 carry 0.020
cache_trace node 1: piece (1, 0) of 2 x 3, 19897700 + 13265928 limbs at 19897701, slots 0 x 4 primes: A - B - | 0.726 s: redistribute 0.055 ntt 0.625 crt 0.001 out 0.048 carry 0.020
cache_trace node 0: piece (1, 1) of 2 x 3, 19897700 + 13265928 limbs at 33163629, slots 0 x 4 primes: A - B - | 0.862 s: redistribute 0.047 ntt 0.617 crt 0.001 out 0.186 carry 0.017
cache_trace node 1: piece (1, 1) of 2 x 3, 19897700 + 13265928 limbs at 33163629, slots 0 x 4 primes: A - B - | 0.862 s: redistribute 0.028 ntt 0.695 crt 0.003 out 0.092 carry 0.017
cache_trace node 0: piece (1, 2) of 2 x 3, 19897700 + 13265926 limbs at 46429557, slots 0 x 4 primes: A - B - | 0.860 s: redistribute 0.054 ntt 0.621 crt 0.001 out 0.174 carry 0.012
dist_mn node 0: 39795401 x 39797782 limbs over 2 x 4 ranks (cap 2^25): 2 x 3 pieces, 6 formed, 0 skipped (cache 0 slots, partial: 0 hits, 0 misses)
cache_trace node 1: piece (1, 2) of 2 x 3, 19897700 + 13265926 limbs at 46429557, slots 0 x 4 primes: A - B - | 0.860 s: redistribute 0.031 ntt 0.649 crt 0.001 out 0.092 carry 0.011
dist_mn node 1: 39795401 x 39797782 limbs over 2 x 4 ranks (cap 2^25): 2 x 3 pieces, 6 formed, 0 skipped (cache 0 slots, partial: 0 hits, 0 misses)
cx_grid node 0: the allocating product (2 slots): 5.461 s, the cache's allocation 0.00 s
cx_grid node 1: the allocating product (2 slots): 5.461 s, the cache's allocation 0.00 s
cache_trace node 0: piece (0, 0) of 2 x 3, 19897701 + 13265928 limbs at 0, slots 0 x 4 primes: A - B - | 0.718 s: redistribute 0.042 ntt 0.664 crt 0.001 out 0.031 carry 0.001
cache_trace node 1: piece (0, 0) of 2 x 3, 19897701 + 13265928 limbs at 0, slots 0 x 4 primes: A - B - | 0.718 s: redistribute 0.042 ntt 0.660 crt 0.001 out 0.033 carry 0.001
cache_trace node 0: piece (0, 1) of 2 x 3, 19897701 + 13265928 limbs at 13265928, slots 0 x 4 primes: A - B - | 0.720 s: redistribute 0.043 ntt 0.635 crt 0.001 out 0.036 carry 0.017
cache_trace node 1: piece (0, 1) of 2 x 3, 19897701 + 13265928 limbs at 13265928, slots 0 x 4 primes: A - B - | 0.720 s: redistribute 0.042 ntt 0.636 crt 0.001 out 0.038 carry 0.017
cache_trace node 0: piece (0, 2) of 2 x 3, 19897701 + 13265926 limbs at 26531856, slots 0 x 4 primes: A - B - | 0.733 s: redistribute 0.041 ntt 0.639 crt 0.001 out 0.045 carry 0.017
cache_trace node 1: piece (0, 2) of 2 x 3, 19897701 + 13265926 limbs at 26531856, slots 0 x 4 primes: A - B - | 0.733 s: redistribute 0.038 ntt 0.644 crt 0.001 out 0.044 carry 0.018
cache_trace node 0: piece (1, 0) of 2 x 3, 19897700 + 13265928 limbs at 19897701, slots 0 x 4 primes: A - B - | 0.718 s: redistribute 0.045 ntt 0.620 crt 0.001 out 0.040 carry 0.021
cache_trace node 1: piece (1, 0) of 2 x 3, 19897700 + 13265928 limbs at 19897701, slots 0 x 4 primes: A - B - | 0.718 s: redistribute 0.044 ntt 0.620 crt 0.001 out 0.040 carry 0.021
cache_trace node 0: piece (1, 1) of 2 x 3, 19897700 + 13265928 limbs at 33163629, slots 0 x 4 primes: A - B - | 0.707 s: redistribute 0.036 ntt 0.617 crt 0.001 out 0.040 carry 0.016
cache_trace node 1: piece (1, 1) of 2 x 3, 19897700 + 13265928 limbs at 33163629, slots 0 x 4 primes: A - B - | 0.706 s: redistribute 0.036 ntt 0.627 crt 0.001 out 0.039 carry 0.016
cache_trace node 0: piece (1, 2) of 2 x 3, 19897700 + 13265926 limbs at 46429557, slots 0 x 4 primes: A - B - | 0.694 s: redistribute 0.046 ntt 0.616 crt 0.001 out 0.034 carry 0.012
dist_mn node 0: 39795401 x 39797782 limbs over 2 x 4 ranks (cap 2^25): 2 x 3 pieces, 6 formed, 0 skipped (cache 0 slots, partial: 0 hits, 0 misses)
cache_trace node 1: piece (1, 2) of 2 x 3, 19897700 + 13265926 limbs at 46429557, slots 0 x 4 primes: A - B - | 0.694 s: redistribute 0.045 ntt 0.626 crt 0.001 out 0.032 carry 0.012
dist_mn node 1: 39795401 x 39797782 limbs over 2 x 4 ranks (cap 2^25): 2 x 3 pieces, 6 formed, 0 skipped (cache 0 slots, partial: 0 hits, 0 misses)
cx_grid node 1: rep 0 (warm-up) shape 2x3_full (39795401 x 39797782, cut 0 / -1) slots 0: 4.323 s, cache 0 hits 0 misses, C sha256 b53fe65e9accfa51 same
cx_grid node 0: rep 0 (warm-up) shape 2x3_full (39795401 x 39797782, cut 0 / -1) slots 0: 4.323 s, cache 0 hits 0 misses, C sha256 19fe5a72de532305 same
cache_trace node 0: piece (0, 0) of 2 x 6, 19675988 + 13211365 limbs at 0, slots 0 x 4 primes: A - B - | 0.666 s: redistribute 0.035 ntt 0.604 crt 0.001 out 0.034 carry 0.003
cache_trace node 1: piece (0, 0) of 2 x 6, 19675988 + 13211365 limbs at 0, slots 0 x 4 primes: A - B - | 0.666 s: redistribute 0.034 ntt 0.607 crt 0.001 out 0.032 carry 0.004
cache_trace node 0: piece (0, 1) of 2 x 6, 19675988 + 13211365 limbs at 13211365, slots 0 x 4 primes: A - B - | 0.685 s: redistribute 0.047 ntt 0.604 crt 0.001 out 0.037 carry 0.014
cache_trace node 1: piece (0, 1) of 2 x 6, 19675988 + 13211365 limbs at 13211365, slots 0 x 4 primes: A - B - | 0.685 s: redistribute 0.042 ntt 0.605 crt 0.001 out 0.033 carry 0.014
cache_trace node 0: piece (0, 2) of 2 x 6, 19675988 + 13211365 limbs at 26422730, slots 0 x 4 primes: A - B - | 0.684 s: redistribute 0.036 ntt 0.600 crt 0.001 out 0.027 carry 0.023
cache_trace node 1: piece (0, 2) of 2 x 6, 19675988 + 13211365 limbs at 26422730, slots 0 x 4 primes: A - B - | 0.684 s: redistribute 0.036 ntt 0.604 crt 0.001 out 0.028 carry 0.023
cache_trace node 0: piece (0, 3) of 2 x 6, 19675988 + 13211365 limbs at 39634095, slots 0 x 4 primes: A - B - | 0.699 s: redistribute 0.035 ntt 0.615 crt 0.001 out 0.037 carry 0.017
cache_trace node 1: piece (0, 3) of 2 x 6, 19675988 + 13211365 limbs at 39634095, slots 0 x 4 primes: A - B - | 0.699 s: redistribute 0.034 ntt 0.610 crt 0.001 out 0.039 carry 0.017
cache_trace node 0: piece (0, 4) of 2 x 6, 19675988 + 13211365 limbs at 52845460, slots 0 x 4 primes: A - B - | 0.718 s: redistribute 0.043 ntt 0.632 crt 0.001 out 0.038 carry 0.021
cache_trace node 1: piece (0, 4) of 2 x 6, 19675988 + 13211365 limbs at 52845460, slots 0 x 4 primes: A - B - | 0.718 s: redistribute 0.043 ntt 0.635 crt 0.001 out 0.038 carry 0.021
cache_trace node 0: piece (0, 5) of 2 x 6, 19675988 + 13211362 limbs at 66056825, slots 0 x 4 primes: A - B - | 0.714 s: redistribute 0.051 ntt 0.638 crt 0.001 out 0.031 carry 0.017
cache_trace node 1: piece (0, 5) of 2 x 6, 19675988 + 13211362 limbs at 66056825, slots 0 x 4 primes: A - B - | 0.714 s: redistribute 0.050 ntt 0.637 crt 0.001 out 0.031 carry 0.017
cache_trace node 0: piece (1, 0) of 2 x 6, 19675988 + 13211365 limbs at 19675988, slots 0 x 4 primes: A - B - | 0.695 s: redistribute 0.042 ntt 0.616 crt 0.001 out 0.029 carry 0.018
cache_trace node 1: piece (1, 0) of 2 x 6, 19675988 + 13211365 limbs at 19675988, slots 0 x 4 primes: A - B - | 0.695 s: redistribute 0.038 ntt 0.615 crt 0.001 out 0.031 carry 0.018
cache_trace node 0: piece (1, 1) of 2 x 6, 19675988 + 13211365 limbs at 32887353, slots 0 x 4 primes: A - B - | 0.698 s: redistribute 0.037 ntt 0.609 crt 0.001 out 0.038 carry 0.019
cache_trace node 1: piece (1, 1) of 2 x 6, 19675988 + 13211365 limbs at 32887353, slots 0 x 4 primes: A - B - | 0.698 s: redistribute 0.034 ntt 0.610 crt 0.001 out 0.037 carry 0.020
cache_trace node 0: piece (1, 2) of 2 x 6, 19675988 + 13211365 limbs at 46098718, slots 0 x 4 primes: A - B - | 0.713 s: redistribute 0.045 ntt 0.619 crt 0.001 out 0.039 carry 0.019
cache_trace node 1: piece (1, 2) of 2 x 6, 19675988 + 13211365 limbs at 46098718, slots 0 x 4 primes: A - B - | 0.713 s: redistribute 0.042 ntt 0.625 crt 0.001 out 0.042 carry 0.019
cache_trace node 0: piece (1, 3) of 2 x 6, 19675988 + 13211365 limbs at 59310083, slots 0 x 4 primes: A - B - | 0.709 s: redistribute 0.044 ntt 0.621 crt 0.001 out 0.038 carry 0.018
cache_trace node 1: piece (1, 3) of 2 x 6, 19675988 + 13211365 limbs at 59310083, slots 0 x 4 primes: A - B - | 0.709 s: redistribute 0.042 ntt 0.628 crt 0.001 out 0.035 carry 0.018
cache_trace node 0: piece (1, 4) of 2 x 6, 19675988 + 13211365 limbs at 72521448, slots 0 x 4 primes: A - B - | 0.701 s: redistribute 0.040 ntt 0.619 crt 0.001 out 0.040 carry 0.012
cache_trace node 1: piece (1, 4) of 2 x 6, 19675988 + 13211365 limbs at 72521448, slots 0 x 4 primes: A - B - | 0.701 s: redistribute 0.040 ntt 0.619 crt 0.001 out 0.036 carry 0.011
cache_trace node 0: piece (1, 5) of 2 x 6, 19675988 + 13211362 limbs at 85732813, slots 0 x 4 primes: A - B - | 0.708 s: redistribute 0.037 ntt 0.627 crt 0.001 out 0.028 carry 0.023
dist_mn node 0: 39351976 x 79268187 limbs over 2 x 4 ranks (cap 2^25): 2 x 6 pieces, 12 formed, 0 skipped (cache 0 slots, partial: 0 hits, 0 misses)
cache_trace node 1: piece (1, 5) of 2 x 6, 19675988 + 13211362 limbs at 85732813, slots 0 x 4 primes: A - B - | 0.708 s: redistribute 0.036 ntt 0.626 crt 0.001 out 0.030 carry 0.023
dist_mn node 1: 39351976 x 79268187 limbs over 2 x 4 ranks (cap 2^25): 2 x 6 pieces, 12 formed, 0 skipped (cache 0 slots, partial: 0 hits, 0 misses)
cx_grid node 1: rep 0 (warm-up) shape 2x6_full (39351976 x 79268187, cut 0 / -1) slots 0: 8.441 s, cache 0 hits 0 misses, C sha256 da0b208cf6df82ca same
cx_grid node 0: rep 0 (warm-up) shape 2x6_full (39351976 x 79268187, cut 0 / -1) slots 0: 8.441 s, cache 0 hits 0 misses, C sha256 48a8b6d3da21f87f same
cache_trace node 0: piece (0, 0) of 2 x 2, 14558814 + 14827520 limbs at 0, slots 0 x 4 primes: A - B - | 0.680 s: redistribute 0.027 ntt 0.618 crt 0.001 out 0.040 carry 0.001
cache_trace node 1: piece (0, 0) of 2 x 2, 14558814 + 14827520 limbs at 0, slots 0 x 4 primes: A - B - | 0.680 s: redistribute 0.027 ntt 0.620 crt 0.001 out 0.038 carry 0.001
cache_trace node 0: piece (1, 0) of 2 x 2, 14558813 + 14827520 limbs at 14558814, slots 0 x 4 primes: A - B - | 0.720 s: redistribute 0.049 ntt 0.630 crt 0.001 out 0.044 carry 0.014
cache_trace node 1: piece (1, 0) of 2 x 2, 14558813 + 14827520 limbs at 14558814, slots 0 x 4 primes: A - B - | 0.720 s: redistribute 0.049 ntt 0.635 crt 0.001 out 0.040 carry 0.014
cache_trace node 0: piece (0, 1) of 2 x 2, 14558814 + 14827520 limbs at 14827520, slots 0 x 4 primes: A - B - | 0.720 s: redistribute 0.043 ntt 0.640 crt 0.001 out 0.036 carry 0.013
cache_trace node 1: piece (0, 1) of 2 x 2, 14558814 + 14827520 limbs at 14827520, slots 0 x 4 primes: A - B - | 0.720 s: redistribute 0.042 ntt 0.640 crt 0.001 out 0.034 carry 0.013
cache_trace node 0: piece (1, 1) of 2 x 2, 14558813 + 14827520 limbs at 29386334, slots 0 x 4 primes: A - B - | 0.666 s: redistribute 0.036 ntt 0.605 crt 0.001 out 0.025 carry 0.002
dist_mn node 0: 29117627 x 29655040 limbs over 2 x 4 ranks (cap 2^25): 2 x 2 pieces, 4 formed, 0 skipped (cache 0 slots, partial: 0 hits, 0 misses)
cache_trace node 1: piece (1, 1) of 2 x 2, 14558813 + 14827520 limbs at 29386334, slots 0 x 4 primes: A - B - | 0.666 s: redistribute 0.035 ntt 0.606 crt 0.001 out 0.029 carry 0.002
dist_mn node 1: 29117627 x 29655040 limbs over 2 x 4 ranks (cap 2^25): 2 x 2 pieces, 4 formed, 0 skipped (cache 0 slots, partial: 0 hits, 0 misses)
cx_grid node 1: rep 0 (warm-up) shape 2x2_full (29117627 x 29655040, cut 0 / -1) slots 0: 2.788 s, cache 0 hits 0 misses, C sha256 d38838bf1dea5a21 same
cx_grid node 0: rep 0 (warm-up) shape 2x2_full (29117627 x 29655040, cut 0 / -1) slots 0: 2.788 s, cache 0 hits 0 misses, C sha256 178231cd1ef2b51a same
cache_trace node 0: piece (0, 0) of 2 x 2, 21616618 + 10808309 limbs at 0, slots 0 x 4 primes: A - B - | 0.675 s: redistribute 0.032 ntt 0.605 crt 0.001 out 0.038 carry 0.001
cache_trace node 1: piece (0, 0) of 2 x 2, 21616618 + 10808309 limbs at 0, slots 0 x 4 primes: A - B - | 0.675 s: redistribute 0.033 ntt 0.604 crt 0.001 out 0.042 carry 0.001
cache_trace node 0: piece (1, 0) of 2 x 2, 21616617 + 10808309 limbs at 21616618, slots 0 x 4 primes: A - B - | 0.665 s: redistribute 0.038 ntt 0.608 crt 0.001 out 0.023 carry 0.001
cache_trace node 1: piece (1, 0) of 2 x 2, 21616617 + 10808309 limbs at 21616618, slots 0 x 4 primes: A - B - | 0.665 s: redistribute 0.042 ntt 0.602 crt 0.001 out 0.024 carry 0.001
cache_trace node 0: piece (0, 1) of 2 x 2, 21616618 + 10808308 limbs at 10808309, slots 0 x 4 primes: A - B - | 0.708 s: redistribute 0.044 ntt 0.635 crt 0.001 out 0.043 carry 0.008
cache_trace node 1: piece (0, 1) of 2 x 2, 21616618 + 10808308 limbs at 10808309, slots 0 x 4 primes: A - B - | 0.708 s: redistribute 0.042 ntt 0.635 crt 0.001 out 0.044 carry 0.008
cache_trace node 0: piece (1, 1) of 2 x 2, 21616617 + 10808308 limbs at 32424927, slots 0 x 4 primes: A - B - | 0.684 s: redistribute 0.036 ntt 0.632 crt 0.001 out 0.018 carry 0.007
dist_mn node 0: 43233235 x 21616617 limbs over 2 x 4 ranks (cap 2^25): 2 x 2 pieces, 4 formed, 0 skipped (low product) (low cut) (cache 0 slots, partial: 0 hits, 0 misses)
cache_trace node 1: piece (1, 1) of 2 x 2, 21616617 + 10808308 limbs at 32424927, slots 0 x 4 primes: A - B - | 0.684 s: redistribute 0.036 ntt 0.626 crt 0.001 out 0.023 carry 0.007
dist_mn node 1: 43233235 x 21616617 limbs over 2 x 4 ranks (cap 2^25): 2 x 2 pieces, 4 formed, 0 skipped (low product) (low cut) (cache 0 slots, partial: 0 hits, 0 misses)
cx_grid node 1: rep 0 (warm-up) shape 2x2_lowhighcut (43233235 x 21616617, cut 21616617 / 43233235) slots 0: 2.735 s, cache 0 hits 0 misses, C sha256 7aa2576d183901df same
cx_grid node 0: rep 0 (warm-up) shape 2x2_lowhighcut (43233235 x 21616617, cut 21616617 / 43233235) slots 0: 2.735 s, cache 0 hits 0 misses, C sha256 4a296081451480d4 same
cache_trace node 0: piece (0, 0) of 1 x 2, 21616617 + 10808309 limbs at 0, slots 0 x 4 primes: A - B - | 0.680 s: redistribute 0.035 ntt 0.613 crt 0.001 out 0.039 carry 0.001
cache_trace node 1: piece (0, 0) of 1 x 2, 21616617 + 10808309 limbs at 0, slots 0 x 4 primes: A - B - | 0.680 s: redistribute 0.035 ntt 0.612 crt 0.001 out 0.041 carry 0.001
cache_trace node 0: piece (0, 1) of 1 x 2, 21616617 + 10808308 limbs at 10808309, slots 0 x 4 primes: A - B - | 0.718 s: redistribute 0.043 ntt 0.636 crt 0.001 out 0.042 carry 0.008
dist_mn node 0: 21616617 x 21616617 limbs over 2 x 4 ranks (cap 2^25): 1 x 2 pieces, 2 formed, 0 skipped (low cut) (cache 0 slots, partial: 0 hits, 0 misses)
cache_trace node 1: piece (0, 1) of 1 x 2, 21616617 + 10808308 limbs at 10808309, slots 0 x 4 primes: A - B - | 0.718 s: redistribute 0.042 ntt 0.638 crt 0.001 out 0.037 carry 0.008
dist_mn node 1: 21616617 x 21616617 limbs over 2 x 4 ranks (cap 2^25): 1 x 2 pieces, 2 formed, 0 skipped (low cut) (cache 0 slots, partial: 0 hits, 0 misses)
cx_grid node 1: rep 0 (warm-up) shape 1x2_lowcut (21616617 x 21616617, cut 21616617 / -1) slots 0: 1.399 s, cache 0 hits 0 misses, C sha256 e750181209d87254 same
cx_grid node 0: rep 0 (warm-up) shape 1x2_lowcut (21616617 x 21616617, cut 21616617 / -1) slots 0: 1.399 s, cache 0 hits 0 misses, C sha256 300cb49213d3d27f same
cache_trace node 0: piece (1, 0) of 5 x 3, 17293295 + 14411079 limbs at 17293295, slots 0 x 4 primes: A - B - | 0.680 s: redistribute 0.036 ntt 0.605 crt 0.001 out 0.030 carry 0.017
cache_trace node 1: piece (1, 0) of 5 x 3, 17293295 + 14411079 limbs at 17293295, slots 0 x 4 primes: A - B - | 0.680 s: redistribute 0.038 ntt 0.598 crt 0.001 out 0.030 carry 0.017
cache_trace node 0: piece (2, 0) of 5 x 3, 17293295 + 14411079 limbs at 34586590, slots 0 x 4 primes: A - B - | 0.692 s: redistribute 0.039 ntt 0.606 crt 0.001 out 0.040 carry 0.015
cache_trace node 1: piece (2, 0) of 5 x 3, 17293295 + 14411079 limbs at 34586590, slots 0 x 4 primes: A - B - | 0.692 s: redistribute 0.040 ntt 0.602 crt 0.001 out 0.038 carry 0.015
cache_trace node 0: piece (3, 0) of 5 x 3, 17293295 + 14411079 limbs at 51879885, slots 0 x 4 primes: A - B - | 0.672 s: redistribute 0.041 ntt 0.603 crt 0.001 out 0.031 carry 0.012
cache_trace node 1: piece (3, 0) of 5 x 3, 17293295 + 14411079 limbs at 51879885, slots 0 x 4 primes: A - B - | 0.672 s: redistribute 0.041 ntt 0.600 crt 0.001 out 0.032 carry 0.012
cache_trace node 0: piece (4, 0) of 5 x 3, 17293291 + 14411079 limbs at 69173180, slots 0 x 4 primes: A - B - | 0.663 s: redistribute 0.038 ntt 0.608 crt 0.001 out 0.019 carry 0.011
cache_trace node 1: piece (4, 0) of 5 x 3, 17293291 + 14411079 limbs at 69173180, slots 0 x 4 primes: A - B - | 0.663 s: redistribute 0.039 ntt 0.604 crt 0.001 out 0.023 carry 0.011
cache_trace node 0: piece (0, 1) of 5 x 3, 17293295 + 14411079 limbs at 14411079, slots 0 x 4 primes: A - B - | 0.702 s: redistribute 0.029 ntt 0.632 crt 0.001 out 0.029 carry 0.016
cache_trace node 1: piece (0, 1) of 5 x 3, 17293295 + 14411079 limbs at 14411079, slots 0 x 4 primes: A - B - | 0.702 s: redistribute 0.032 ntt 0.637 crt 0.001 out 0.027 carry 0.016
cache_trace node 0: piece (1, 1) of 5 x 3, 17293295 + 14411079 limbs at 31704374, slots 0 x 4 primes: A - B - | 0.720 s: redistribute 0.045 ntt 0.627 crt 0.001 out 0.038 carry 0.017
cache_trace node 1: piece (1, 1) of 5 x 3, 17293295 + 14411079 limbs at 31704374, slots 0 x 4 primes: A - B - | 0.720 s: redistribute 0.047 ntt 0.631 crt 0.001 out 0.037 carry 0.017
cache_trace node 0: piece (2, 1) of 5 x 3, 17293295 + 14411079 limbs at 48997669, slots 0 x 4 primes: A - B - | 0.714 s: redistribute 0.038 ntt 0.639 crt 0.001 out 0.031 carry 0.006
cache_trace node 1: piece (2, 1) of 5 x 3, 17293295 + 14411079 limbs at 48997669, slots 0 x 4 primes: A - B - | 0.714 s: redistribute 0.043 ntt 0.634 crt 0.001 out 0.036 carry 0.006
cache_trace node 0: piece (3, 1) of 5 x 3, 17293295 + 14411079 limbs at 66290964, slots 0 x 4 primes: A - B - | 0.695 s: redistribute 0.035 ntt 0.630 crt 0.001 out 0.026 carry 0.016
cache_trace node 1: piece (3, 1) of 5 x 3, 17293295 + 14411079 limbs at 66290964, slots 0 x 4 primes: A - B - | 0.695 s: redistribute 0.036 ntt 0.635 crt 0.001 out 0.024 carry 0.015
cache_trace node 0: piece (4, 1) of 5 x 3, 17293291 + 14411079 limbs at 83584259, slots 0 x 4 primes: A - B - | 0.676 s: redistribute 0.035 ntt 0.641 crt 0.001 out 0.005 carry 0.002
cache_trace node 1: piece (4, 1) of 5 x 3, 17293291 + 14411079 limbs at 83584259, slots 0 x 4 primes: A - B - | 0.676 s: redistribute 0.031 ntt 0.642 crt 0.001 out 0.011 carry 0.002
cache_trace node 0: piece (0, 2) of 5 x 3, 17293295 + 14411077 limbs at 28822158, slots 0 x 4 primes: A - B - | 0.714 s: redistribute 0.039 ntt 0.631 crt 0.001 out 0.043 carry 0.016
cache_trace node 1: piece (0, 2) of 5 x 3, 17293295 + 14411077 limbs at 28822158, slots 0 x 4 primes: A - B - | 0.714 s: redistribute 0.039 ntt 0.628 crt 0.001 out 0.047 carry 0.016
cache_trace node 0: piece (1, 2) of 5 x 3, 17293295 + 14411077 limbs at 46115453, slots 0 x 4 primes: A - B - | 0.719 s: redistribute 0.052 ntt 0.634 crt 0.001 out 0.031 carry 0.011
cache_trace node 1: piece (1, 2) of 5 x 3, 17293295 + 14411077 limbs at 46115453, slots 0 x 4 primes: A - B - | 0.719 s: redistribute 0.051 ntt 0.630 crt 0.001 out 0.037 carry 0.011
cache_trace node 0: piece (2, 2) of 5 x 3, 17293295 + 14411077 limbs at 63408748, slots 0 x 4 primes: A - B - | 0.686 s: redistribute 0.042 ntt 0.608 crt 0.001 out 0.022 carry 0.017
cache_trace node 1: piece (2, 2) of 5 x 3, 17293295 + 14411077 limbs at 63408748, slots 0 x 4 primes: A - B - | 0.686 s: redistribute 0.038 ntt 0.611 crt 0.001 out 0.027 carry 0.017
cache_trace node 0: piece (3, 2) of 5 x 3, 17293295 + 14411077 limbs at 80702043, slots 0 x 4 primes: A - B - | 0.672 s: redistribute 0.042 ntt 0.621 crt 0.001 out 0.010 carry 0.004
dist_mn node 0: 86466471 x 43233235 limbs over 2 x 4 ranks (cap 2^25): 5 x 3 pieces, 13 formed, 2 skipped (low product) (low cut) (cache 0 slots, partial: 0 hits, 0 misses)
cache_trace node 1: piece (3, 2) of 5 x 3, 17293295 + 14411077 limbs at 80702043, slots 0 x 4 primes: A - B - | 0.672 s: redistribute 0.040 ntt 0.625 crt 0.001 out 0.015 carry 0.004
dist_mn node 1: 86466471 x 43233235 limbs over 2 x 4 ranks (cap 2^25): 5 x 3 pieces, 13 formed, 2 skipped (low product) (low cut) (cache 0 slots, partial: 0 hits, 0 misses)
cx_grid node 1: rep 0 (warm-up) shape 5x3_lowhighcut (86466471 x 43233235, cut 43233235 / 86466471) slots 0: 9.011 s, cache 0 hits 0 misses, C sha256 83d94cc607ada3a3 same
cx_grid node 0: rep 0 (warm-up) shape 5x3_lowhighcut (86466471 x 43233235, cut 43233235 / 86466471) slots 0: 9.011 s, cache 0 hits 0 misses, C sha256 b427999dae1366c7 same
cache_trace node 0: piece (0, 1) of 2 x 4, 21616618 + 10808309 limbs at 10808309, slots 0 x 4 primes: A - B - | 0.683 s: redistribute 0.034 ntt 0.608 crt 0.001 out 0.035 carry 0.017
cache_trace node 1: piece (0, 1) of 2 x 4, 21616618 + 10808309 limbs at 10808309, slots 0 x 4 primes: A - B - | 0.683 s: redistribute 0.034 ntt 0.605 crt 0.001 out 0.033 carry 0.018
cache_trace node 0: piece (0, 2) of 2 x 4, 21616618 + 10808309 limbs at 21616618, slots 0 x 4 primes: A - B - | 0.698 s: redistribute 0.037 ntt 0.603 crt 0.001 out 0.040 carry 0.020
cache_trace node 1: piece (0, 2) of 2 x 4, 21616618 + 10808309 limbs at 21616618, slots 0 x 4 primes: A - B - | 0.698 s: redistribute 0.037 ntt 0.604 crt 0.001 out 0.039 carry 0.020
cache_trace node 0: piece (0, 3) of 2 x 4, 21616618 + 10808308 limbs at 32424927, slots 0 x 4 primes: A - B - | 0.705 s: redistribute 0.041 ntt 0.611 crt 0.001 out 0.038 carry 0.018
cache_trace node 1: piece (0, 3) of 2 x 4, 21616618 + 10808308 limbs at 32424927, slots 0 x 4 primes: A - B - | 0.705 s: redistribute 0.041 ntt 0.613 crt 0.001 out 0.042 carry 0.018
cache_trace node 0: piece (1, 0) of 2 x 4, 21616617 + 10808309 limbs at 21616618, slots 0 x 4 primes: A - B - | 0.707 s: redistribute 0.039 ntt 0.611 crt 0.001 out 0.045 carry 0.020
cache_trace node 1: piece (1, 0) of 2 x 4, 21616617 + 10808309 limbs at 21616618, slots 0 x 4 primes: A - B - | 0.707 s: redistribute 0.041 ntt 0.616 crt 0.001 out 0.039 carry 0.020
cache_trace node 0: piece (1, 1) of 2 x 4, 21616617 + 10808309 limbs at 32424927, slots 0 x 4 primes: A - B - | 0.707 s: redistribute 0.045 ntt 0.617 crt 0.001 out 0.039 carry 0.019
cache_trace node 1: piece (1, 1) of 2 x 4, 21616617 + 10808309 limbs at 32424927, slots 0 x 4 primes: A - B - | 0.707 s: redistribute 0.049 ntt 0.620 crt 0.001 out 0.041 carry 0.019
cache_trace node 0: piece (1, 2) of 2 x 4, 21616617 + 10808309 limbs at 43233236, slots 0 x 4 primes: A - B - | 0.732 s: redistribute 0.059 ntt 0.639 crt 0.001 out 0.035 carry 0.016
cache_trace node 1: piece (1, 2) of 2 x 4, 21616617 + 10808309 limbs at 43233236, slots 0 x 4 primes: A - B - | 0.732 s: redistribute 0.058 ntt 0.640 crt 0.001 out 0.037 carry 0.016
cache_trace node 0: piece (1, 3) of 2 x 4, 21616617 + 10808308 limbs at 54041545, slots 0 x 4 primes: A - B - | 0.718 s: redistribute 0.043 ntt 0.638 crt 0.001 out 0.033 carry 0.017
dist_mn node 0: 43233235 x 43233235 limbs over 2 x 4 ranks (cap 2^25): 2 x 4 pieces, 7 formed, 1 skipped (low cut) (cache 0 slots, partial: 0 hits, 0 misses)
cache_trace node 1: piece (1, 3) of 2 x 4, 21616617 + 10808308 limbs at 54041545, slots 0 x 4 primes: A - B - | 0.718 s: redistribute 0.041 ntt 0.640 crt 0.001 out 0.035 carry 0.017
dist_mn node 1: 43233235 x 43233235 limbs over 2 x 4 ranks (cap 2^25): 2 x 4 pieces, 7 formed, 1 skipped (low cut) (cache 0 slots, partial: 0 hits, 0 misses)
cx_grid node 1: rep 0 (warm-up) shape 2x4_lowcut (43233235 x 43233235, cut 43233235 / -1) slots 0: 4.986 s, cache 0 hits 0 misses, C sha256 ec985af0744fe53f same
cx_grid node 0: rep 0 (warm-up) shape 2x4_lowcut (43233235 x 43233235, cut 43233235 / -1) slots 0: 4.986 s, cache 0 hits 0 misses, C sha256 3f1673aba78d5f9c same
cache_trace node 0: piece (0, 4) of 5 x 6, 17293295 + 14411079 limbs at 57644316, slots 0 x 4 primes: A - B - | 0.680 s: redistribute 0.037 ntt 0.602 crt 0.001 out 0.033 carry 0.022
cache_trace node 1: piece (0, 4) of 5 x 6, 17293295 + 14411079 limbs at 57644316, slots 0 x 4 primes: A - B - | 0.680 s: redistribute 0.036 ntt 0.596 crt 0.001 out 0.032 carry 0.022
cache_trace node 0: piece (0, 5) of 5 x 6, 17293295 + 14411076 limbs at 72055395, slots 0 x 4 primes: A - B - | 0.709 s: redistribute 0.042 ntt 0.615 crt 0.001 out 0.038 carry 0.017
cache_trace node 1: piece (0, 5) of 5 x 6, 17293295 + 14411076 limbs at 72055395, slots 0 x 4 primes: A - B - | 0.709 s: redistribute 0.042 ntt 0.619 crt 0.001 out 0.040 carry 0.018
cache_trace node 0: piece (1, 3) of 5 x 6, 17293295 + 14411079 limbs at 60526532, slots 0 x 4 primes: A - B - | 0.699 s: redistribute 0.042 ntt 0.612 crt 0.001 out 0.032 carry 0.021
cache_trace node 1: piece (1, 3) of 5 x 6, 17293295 + 14411079 limbs at 60526532, slots 0 x 4 primes: A - B - | 0.699 s: redistribute 0.042 ntt 0.610 crt 0.001 out 0.034 carry 0.021
cache_trace node 0: piece (1, 4) of 5 x 6, 17293295 + 14411079 limbs at 74937611, slots 0 x 4 primes: A - B - | 0.703 s: redistribute 0.046 ntt 0.616 crt 0.001 out 0.036 carry 0.021
cache_trace node 1: piece (1, 4) of 5 x 6, 17293295 + 14411079 limbs at 74937611, slots 0 x 4 primes: A - B - | 0.703 s: redistribute 0.045 ntt 0.619 crt 0.001 out 0.037 carry 0.021
cache_trace node 0: piece (1, 5) of 5 x 6, 17293295 + 14411076 limbs at 89348690, slots 0 x 4 primes: A - B - | 0.703 s: redistribute 0.041 ntt 0.612 crt 0.001 out 0.039 carry 0.024
cache_trace node 1: piece (1, 5) of 5 x 6, 17293295 + 14411076 limbs at 89348690, slots 0 x 4 primes: A - B - | 0.703 s: redistribute 0.039 ntt 0.615 crt 0.001 out 0.037 carry 0.024
cache_trace node 0: piece (2, 2) of 5 x 6, 17293295 + 14411079 limbs at 63408748, slots 0 x 4 primes: A - B - | 0.705 s: redistribute 0.041 ntt 0.608 crt 0.001 out 0.040 carry 0.018
cache_trace node 1: piece (2, 2) of 5 x 6, 17293295 + 14411079 limbs at 63408748, slots 0 x 4 primes: A - B - | 0.705 s: redistribute 0.041 ntt 0.612 crt 0.001 out 0.040 carry 0.019
cache_trace node 0: piece (2, 3) of 5 x 6, 17293295 + 14411079 limbs at 77819827, slots 0 x 4 primes: A - B - | 0.725 s: redistribute 0.055 ntt 0.638 crt 0.001 out 0.041 carry 0.021
cache_trace node 1: piece (2, 3) of 5 x 6, 17293295 + 14411079 limbs at 77819827, slots 0 x 4 primes: A - B - | 0.725 s: redistribute 0.047 ntt 0.631 crt 0.001 out 0.037 carry 0.021
cache_trace node 0: piece (2, 4) of 5 x 6, 17293295 + 14411079 limbs at 92230906, slots 0 x 4 primes: A - B - | 0.706 s: redistribute 0.043 ntt 0.604 crt 0.001 out 0.033 carry 0.027
cache_trace node 1: piece (2, 4) of 5 x 6, 17293295 + 14411079 limbs at 92230906, slots 0 x 4 primes: A - B - | 0.706 s: redistribute 0.041 ntt 0.607 crt 0.001 out 0.035 carry 0.027
cache_trace node 0: piece (2, 5) of 5 x 6, 17293295 + 14411076 limbs at 106641985, slots 0 x 4 primes: A - B - | 0.704 s: redistribute 0.045 ntt 0.631 crt 0.001 out 0.030 carry 0.019
cache_trace node 1: piece (2, 5) of 5 x 6, 17293295 + 14411076 limbs at 106641985, slots 0 x 4 primes: A - B - | 0.704 s: redistribute 0.043 ntt 0.628 crt 0.001 out 0.032 carry 0.019
cache_trace node 0: piece (3, 1) of 5 x 6, 17293295 + 14411079 limbs at 66290964, slots 0 x 4 primes: A - B - | 0.730 s: redistribute 0.057 ntt 0.647 crt 0.001 out 0.040 carry 0.019
cache_trace node 1: piece (3, 1) of 5 x 6, 17293295 + 14411079 limbs at 66290964, slots 0 x 4 primes: A - B - | 0.730 s: redistribute 0.058 ntt 0.642 crt 0.001 out 0.042 carry 0.019
cache_trace node 0: piece (3, 2) of 5 x 6, 17293295 + 14411079 limbs at 80702043, slots 0 x 4 primes: A - B - | 0.717 s: redistribute 0.039 ntt 0.628 crt 0.001 out 0.046 carry 0.023
cache_trace node 1: piece (3, 2) of 5 x 6, 17293295 + 14411079 limbs at 80702043, slots 0 x 4 primes: A - B - | 0.717 s: redistribute 0.039 ntt 0.629 crt 0.001 out 0.042 carry 0.022
cache_trace node 0: piece (3, 3) of 5 x 6, 17293295 + 14411079 limbs at 95113122, slots 0 x 4 primes: A - B - | 0.687 s: redistribute 0.039 ntt 0.600 crt 0.001 out 0.030 carry 0.022
cache_trace node 1: piece (3, 3) of 5 x 6, 17293295 + 14411079 limbs at 95113122, slots 0 x 4 primes: A - B - | 0.687 s: redistribute 0.038 ntt 0.600 crt 0.001 out 0.030 carry 0.022
cache_trace node 0: piece (3, 4) of 5 x 6, 17293295 + 14411079 limbs at 109524201, slots 0 x 4 primes: A - B - | 0.696 s: redistribute 0.039 ntt 0.622 crt 0.001 out 0.028 carry 0.016
cache_trace node 1: piece (3, 4) of 5 x 6, 17293295 + 14411079 limbs at 109524201, slots 0 x 4 primes: A - B - | 0.696 s: redistribute 0.038 ntt 0.622 crt 0.001 out 0.028 carry 0.016
cache_trace node 0: piece (3, 5) of 5 x 6, 17293295 + 14411076 limbs at 123935280, slots 0 x 4 primes: A - B - | 0.694 s: redistribute 0.041 ntt 0.610 crt 0.001 out 0.038 carry 0.017
cache_trace node 1: piece (3, 5) of 5 x 6, 17293295 + 14411076 limbs at 123935280, slots 0 x 4 primes: A - B - | 0.694 s: redistribute 0.041 ntt 0.614 crt 0.001 out 0.032 carry 0.016
cache_trace node 0: piece (4, 0) of 5 x 6, 17293291 + 14411079 limbs at 69173180, slots 0 x 4 primes: A - B - | 0.705 s: redistribute 0.034 ntt 0.622 crt 0.001 out 0.042 carry 0.017
cache_trace node 1: piece (4, 0) of 5 x 6, 17293291 + 14411079 limbs at 69173180, slots 0 x 4 primes: A - B - | 0.705 s: redistribute 0.035 ntt 0.616 crt 0.001 out 0.042 carry 0.017
cache_trace node 0: piece (4, 1) of 5 x 6, 17293291 + 14411079 limbs at 83584259, slots 0 x 4 primes: A - B - | 0.707 s: redistribute 0.042 ntt 0.613 crt 0.001 out 0.041 carry 0.021
cache_trace node 1: piece (4, 1) of 5 x 6, 17293291 + 14411079 limbs at 83584259, slots 0 x 4 primes: A - B - | 0.707 s: redistribute 0.043 ntt 0.609 crt 0.001 out 0.041 carry 0.020
cache_trace node 0: piece (4, 2) of 5 x 6, 17293291 + 14411079 limbs at 97995338, slots 0 x 4 primes: A - B - | 0.706 s: redistribute 0.043 ntt 0.621 crt 0.001 out 0.036 carry 0.023
cache_trace node 1: piece (4, 2) of 5 x 6, 17293291 + 14411079 limbs at 97995338, slots 0 x 4 primes: A - B - | 0.706 s: redistribute 0.044 ntt 0.621 crt 0.001 out 0.035 carry 0.022
cache_trace node 0: piece (4, 3) of 5 x 6, 17293291 + 14411079 limbs at 112406417, slots 0 x 4 primes: A - B - | 0.712 s: redistribute 0.039 ntt 0.643 crt 0.001 out 0.027 carry 0.014
cache_trace node 1: piece (4, 3) of 5 x 6, 17293291 + 14411079 limbs at 112406417, slots 0 x 4 primes: A - B - | 0.712 s: redistribute 0.038 ntt 0.643 crt 0.001 out 0.031 carry 0.013
cache_trace node 0: piece (4, 4) of 5 x 6, 17293291 + 14411079 limbs at 126817496, slots 0 x 4 primes: A - B - | 0.698 s: redistribute 0.038 ntt 0.619 crt 0.001 out 0.032 carry 0.019
cache_trace node 1: piece (4, 4) of 5 x 6, 17293291 + 14411079 limbs at 126817496, slots 0 x 4 primes: A - B - | 0.698 s: redistribute 0.033 ntt 0.616 crt 0.001 out 0.029 carry 0.018
cache_trace node 0: piece (4, 5) of 5 x 6, 17293291 + 14411076 limbs at 141228575, slots 0 x 4 primes: A - B - | 0.687 s: redistribute 0.039 ntt 0.609 crt 0.001 out 0.031 carry 0.019
dist_mn node 0: 86466471 x 86466471 limbs over 2 x 4 ranks (cap 2^25): 5 x 6 pieces, 20 formed, 10 skipped (low cut) (cache 0 slots, partial: 0 hits, 0 misses)
cache_trace node 1: piece (4, 5) of 5 x 6, 17293291 + 14411076 limbs at 141228575, slots 0 x 4 primes: A - B - | 0.687 s: redistribute 0.035 ntt 0.610 crt 0.001 out 0.032 carry 0.019
dist_mn node 1: 86466471 x 86466471 limbs over 2 x 4 ranks (cap 2^25): 5 x 6 pieces, 20 formed, 10 skipped (low cut) (cache 0 slots, partial: 0 hits, 0 misses)
cx_grid node 1: rep 0 (warm-up) shape 5x6_lowcut (86466471 x 86466471, cut 86466471 / -1) slots 0: 14.151 s, cache 0 hits 0 misses, C sha256 9cd829468ba4e146 same
cx_grid node 0: rep 0 (warm-up) shape 5x6_lowcut (86466471 x 86466471, cut 86466471 / -1) slots 0: 14.151 s, cache 0 hits 0 misses, C sha256 9b670fb53bd43257 same
cache_trace node 0: piece (0, 0) of 5 x 6, 17293295 + 14411079 limbs at 0, slots 0 x 4 primes: A - B - | 0.694 s: redistribute 0.034 ntt 0.644 crt 0.001 out 0.030 carry 0.001
cache_trace node 1: piece (0, 0) of 5 x 6, 17293295 + 14411079 limbs at 0, slots 0 x 4 primes: A - B - | 0.694 s: redistribute 0.040 ntt 0.635 crt 0.001 out 0.031 carry 0.001
cache_trace node 0: piece (0, 1) of 5 x 6, 17293295 + 14411079 limbs at 14411079, slots 0 x 4 primes: A - B - | 0.696 s: redistribute 0.034 ntt 0.627 crt 0.001 out 0.036 carry 0.016
cache_trace node 1: piece (0, 1) of 5 x 6, 17293295 + 14411079 limbs at 14411079, slots 0 x 4 primes: A - B - | 0.696 s: redistribute 0.035 ntt 0.621 crt 0.001 out 0.030 carry 0.016
cache_trace node 0: piece (0, 2) of 5 x 6, 17293295 + 14411079 limbs at 28822158, slots 0 x 4 primes: A - B - | 0.730 s: redistribute 0.054 ntt 0.638 crt 0.001 out 0.044 carry 0.016
cache_trace node 1: piece (0, 2) of 5 x 6, 17293295 + 14411079 limbs at 28822158, slots 0 x 4 primes: A - B - | 0.730 s: redistribute 0.058 ntt 0.634 crt 0.001 out 0.042 carry 0.016
cache_trace node 0: piece (0, 3) of 5 x 6, 17293295 + 14411079 limbs at 43233237, slots 0 x 4 primes: A - B - | 0.706 s: redistribute 0.041 ntt 0.624 crt 0.001 out 0.033 carry 0.016
cache_trace node 1: piece (0, 3) of 5 x 6, 17293295 + 14411079 limbs at 43233237, slots 0 x 4 primes: A - B - | 0.706 s: redistribute 0.038 ntt 0.633 crt 0.001 out 0.031 carry 0.016
cache_trace node 0: piece (0, 4) of 5 x 6, 17293295 + 14411079 limbs at 57644316, slots 0 x 4 primes: A - B - | 0.689 s: redistribute 0.033 ntt 0.614 crt 0.001 out 0.028 carry 0.017
cache_trace node 1: piece (0, 4) of 5 x 6, 17293295 + 14411079 limbs at 57644316, slots 0 x 4 primes: A - B - | 0.689 s: redistribute 0.033 ntt 0.614 crt 0.001 out 0.033 carry 0.017
cache_trace node 0: piece (0, 5) of 5 x 6, 17293295 + 14411076 limbs at 72055395, slots 0 x 4 primes: A - B - | 0.693 s: redistribute 0.046 ntt 0.623 crt 0.001 out 0.020 carry 0.010
cache_trace node 1: piece (0, 5) of 5 x 6, 17293295 + 14411076 limbs at 72055395, slots 0 x 4 primes: A - B - | 0.693 s: redistribute 0.046 ntt 0.618 crt 0.001 out 0.026 carry 0.009
cache_trace node 0: piece (1, 0) of 5 x 6, 17293295 + 14411079 limbs at 17293295, slots 0 x 4 primes: A - B - | 0.713 s: redistribute 0.042 ntt 0.635 crt 0.001 out 0.033 carry 0.016
cache_trace node 1: piece (1, 0) of 5 x 6, 17293295 + 14411079 limbs at 17293295, slots 0 x 4 primes: A - B - | 0.713 s: redistribute 0.043 ntt 0.635 crt 0.001 out 0.036 carry 0.016
cache_trace node 0: piece (1, 1) of 5 x 6, 17293295 + 14411079 limbs at 31704374, slots 0 x 4 primes: A - B - | 0.700 s: redistribute 0.037 ntt 0.608 crt 0.001 out 0.039 carry 0.018
cache_trace node 1: piece (1, 1) of 5 x 6, 17293295 + 14411079 limbs at 31704374, slots 0 x 4 primes: A - B - | 0.700 s: redistribute 0.039 ntt 0.604 crt 0.001 out 0.044 carry 0.018
cache_trace node 0: piece (1, 2) of 5 x 6, 17293295 + 14411079 limbs at 46115453, slots 0 x 4 primes: A - B - | 0.681 s: redistribute 0.038 ntt 0.608 crt 0.001 out 0.033 carry 0.011
cache_trace node 1: piece (1, 2) of 5 x 6, 17293295 + 14411079 limbs at 46115453, slots 0 x 4 primes: A - B - | 0.681 s: redistribute 0.037 ntt 0.613 crt 0.001 out 0.028 carry 0.011
cache_trace node 0: piece (1, 3) of 5 x 6, 17293295 + 14411079 limbs at 60526532, slots 0 x 4 primes: A - B - | 0.702 s: redistribute 0.036 ntt 0.629 crt 0.001 out 0.027 carry 0.014
cache_trace node 1: piece (1, 3) of 5 x 6, 17293295 + 14411079 limbs at 60526532, slots 0 x 4 primes: A - B - | 0.702 s: redistribute 0.036 ntt 0.633 crt 0.001 out 0.024 carry 0.014
cache_trace node 0: piece (1, 4) of 5 x 6, 17293295 + 14411079 limbs at 74937611, slots 0 x 4 primes: A - B - | 0.681 s: redistribute 0.041 ntt 0.626 crt 0.001 out 0.019 carry 0.009
cache_trace node 1: piece (1, 4) of 5 x 6, 17293295 + 14411079 limbs at 74937611, slots 0 x 4 primes: A - B - | 0.681 s: redistribute 0.040 ntt 0.625 crt 0.001 out 0.023 carry 0.009
cache_trace node 0: piece (2, 0) of 5 x 6, 17293295 + 14411079 limbs at 34586590, slots 0 x 4 primes: A - B - | 0.726 s: redistribute 0.047 ntt 0.641 crt 0.001 out 0.040 carry 0.016
cache_trace node 1: piece (2, 0) of 5 x 6, 17293295 + 14411079 limbs at 34586590, slots 0 x 4 primes: A - B - | 0.726 s: redistribute 0.048 ntt 0.630 crt 0.001 out 0.039 carry 0.016
cache_trace node 0: piece (2, 1) of 5 x 6, 17293295 + 14411079 limbs at 48997669, slots 0 x 4 primes: A - B - | 0.684 s: redistribute 0.042 ntt 0.616 crt 0.001 out 0.029 carry 0.006
cache_trace node 1: piece (2, 1) of 5 x 6, 17293295 + 14411079 limbs at 48997669, slots 0 x 4 primes: A - B - | 0.684 s: redistribute 0.042 ntt 0.612 crt 0.001 out 0.032 carry 0.006
cache_trace node 0: piece (2, 2) of 5 x 6, 17293295 + 14411079 limbs at 63408748, slots 0 x 4 primes: A - B - | 0.695 s: redistribute 0.043 ntt 0.617 crt 0.001 out 0.026 carry 0.017
cache_trace node 1: piece (2, 2) of 5 x 6, 17293295 + 14411079 limbs at 63408748, slots 0 x 4 primes: A - B - | 0.695 s: redistribute 0.043 ntt 0.611 crt 0.001 out 0.028 carry 0.017
cache_trace node 0: piece (2, 3) of 5 x 6, 17293295 + 14411079 limbs at 77819827, slots 0 x 4 primes: A - B - | 0.678 s: redistribute 0.044 ntt 0.614 crt 0.001 out 0.021 carry 0.007
cache_trace node 1: piece (2, 3) of 5 x 6, 17293295 + 14411079 limbs at 77819827, slots 0 x 4 primes: A - B - | 0.678 s: redistribute 0.043 ntt 0.617 crt 0.001 out 0.016 carry 0.006
cache_trace node 0: piece (3, 0) of 5 x 6, 17293295 + 14411079 limbs at 51879885, slots 0 x 4 primes: A - B - | 0.680 s: redistribute 0.035 ntt 0.609 crt 0.001 out 0.032 carry 0.012
cache_trace node 1: piece (3, 0) of 5 x 6, 17293295 + 14411079 limbs at 51879885, slots 0 x 4 primes: A - B - | 0.680 s: redistribute 0.035 ntt 0.611 crt 0.001 out 0.030 carry 0.012
cache_trace node 0: piece (3, 1) of 5 x 6, 17293295 + 14411079 limbs at 66290964, slots 0 x 4 primes: A - B - | 0.698 s: redistribute 0.035 ntt 0.627 crt 0.001 out 0.026 carry 0.015
cache_trace node 1: piece (3, 1) of 5 x 6, 17293295 + 14411079 limbs at 66290964, slots 0 x 4 primes: A - B - | 0.698 s: redistribute 0.036 ntt 0.626 crt 0.001 out 0.025 carry 0.015
cache_trace node 0: piece (3, 2) of 5 x 6, 17293295 + 14411079 limbs at 80702043, slots 0 x 4 primes: A - B - | 0.666 s: redistribute 0.034 ntt 0.622 crt 0.001 out 0.014 carry 0.004
cache_trace node 1: piece (3, 2) of 5 x 6, 17293295 + 14411079 limbs at 80702043, slots 0 x 4 primes: A - B - | 0.666 s: redistribute 0.034 ntt 0.621 crt 0.001 out 0.012 carry 0.004
cache_trace node 0: piece (4, 0) of 5 x 6, 17293291 + 14411079 limbs at 69173180, slots 0 x 4 primes: A - B - | 0.677 s: redistribute 0.033 ntt 0.616 crt 0.001 out 0.024 carry 0.010
cache_trace node 1: piece (4, 0) of 5 x 6, 17293291 + 14411079 limbs at 69173180, slots 0 x 4 primes: A - B - | 0.677 s: redistribute 0.034 ntt 0.613 crt 0.001 out 0.024 carry 0.010
cache_trace node 0: piece (4, 1) of 5 x 6, 17293291 + 14411079 limbs at 83584259, slots 0 x 4 primes: A - B - | 0.674 s: redistribute 0.031 ntt 0.637 crt 0.001 out 0.008 carry 0.002
dist_mn node 0: 86466471 x 86466471 limbs over 2 x 4 ranks (cap 2^25): 5 x 6 pieces, 20 formed, 10 skipped (low product) (cache 0 slots, partial: 0 hits, 0 misses)
cache_trace node 1: piece (4, 1) of 5 x 6, 17293291 + 14411079 limbs at 83584259, slots 0 x 4 primes: A - B - | 0.674 s: redistribute 0.038 ntt 0.637 crt 0.001 out 0.011 carry 0.002
dist_mn node 1: 86466471 x 86466471 limbs over 2 x 4 ranks (cap 2^25): 5 x 6 pieces, 20 formed, 10 skipped (low product) (cache 0 slots, partial: 0 hits, 0 misses)
cx_grid node 0: rep 0 (warm-up) shape 5x6_highcut (86466471 x 86466471, cut 0 / 86466471) slots 0: 13.869 s, cache 0 hits 0 misses, C sha256 cf16d9f968b3c1fc same
cx_grid node 1: rep 0 (warm-up) shape 5x6_highcut (86466471 x 86466471, cut 0 / 86466471) slots 0: 13.869 s, cache 0 hits 0 misses, C sha256 27b0af0492a0457e same
cache_trace node 0: piece (0, 0) of 2 x 3, 19897701 + 13265928 limbs at 0, slots 0 x 4 primes: A - B - | 0.662 s: redistribute 0.032 ntt 0.612 crt 0.001 out 0.028 carry 0.001
cache_trace node 1: piece (0, 0) of 2 x 3, 19897701 + 13265928 limbs at 0, slots 0 x 4 primes: A - B - | 0.662 s: redistribute 0.032 ntt 0.611 crt 0.001 out 0.029 carry 0.001
cache_trace node 0: piece (0, 1) of 2 x 3, 19897701 + 13265928 limbs at 13265928, slots 0 x 4 primes: A - B - | 0.699 s: redistribute 0.037 ntt 0.613 crt 0.001 out 0.037 carry 0.015
cache_trace node 1: piece (0, 1) of 2 x 3, 19897701 + 13265928 limbs at 13265928, slots 0 x 4 primes: A - B - | 0.699 s: redistribute 0.036 ntt 0.613 crt 0.001 out 0.037 carry 0.015
cache_trace node 0: piece (0, 2) of 2 x 3, 19897701 + 13265926 limbs at 26531856, slots 0 x 4 primes: A - B - | 0.699 s: redistribute 0.038 ntt 0.606 crt 0.001 out 0.041 carry 0.017
cache_trace node 1: piece (0, 2) of 2 x 3, 19897701 + 13265926 limbs at 26531856, slots 0 x 4 primes: A - B - | 0.699 s: redistribute 0.036 ntt 0.604 crt 0.001 out 0.042 carry 0.017
cache_trace node 0: piece (1, 0) of 2 x 3, 19897700 + 13265928 limbs at 19897701, slots 0 x 4 primes: A - B - | 0.716 s: redistribute 0.045 ntt 0.628 crt 0.001 out 0.044 carry 0.019
cache_trace node 1: piece (1, 0) of 2 x 3, 19897700 + 13265928 limbs at 19897701, slots 0 x 4 primes: A - B - | 0.716 s: redistribute 0.045 ntt 0.628 crt 0.001 out 0.047 carry 0.019
cache_trace node 0: piece (1, 1) of 2 x 3, 19897700 + 13265928 limbs at 33163629, slots 0 x 4 primes: A - B - | 0.697 s: redistribute 0.041 ntt 0.605 crt 0.001 out 0.039 carry 0.017
cache_trace node 1: piece (1, 1) of 2 x 3, 19897700 + 13265928 limbs at 33163629, slots 0 x 4 primes: A - B - | 0.697 s: redistribute 0.040 ntt 0.607 crt 0.001 out 0.039 carry 0.017
cache_trace node 0: piece (1, 2) of 2 x 3, 19897700 + 13265926 limbs at 46429557, slots 0 x 4 primes: A - B - | 0.712 s: redistribute 0.052 ntt 0.636 crt 0.001 out 0.031 carry 0.012
dist_mn node 0: 39795401 x 39797782 limbs over 2 x 4 ranks (cap 2^25): 2 x 3 pieces, 6 formed, 0 skipped (cache 0 slots, partial: 0 hits, 0 misses)
cache_trace node 1: piece (1, 2) of 2 x 3, 19897700 + 13265926 limbs at 46429557, slots 0 x 4 primes: A - B - | 0.712 s: redistribute 0.051 ntt 0.633 crt 0.001 out 0.037 carry 0.012
dist_mn node 1: 39795401 x 39797782 limbs over 2 x 4 ranks (cap 2^25): 2 x 3 pieces, 6 formed, 0 skipped (cache 0 slots, partial: 0 hits, 0 misses)
cx_grid node 1: rep 1 shape 2x3_full (39795401 x 39797782, cut 0 / -1) slots 0: 4.189 s, cache 0 hits 0 misses, C sha256 b53fe65e9accfa51 same
cx_grid node 0: rep 1 shape 2x3_full (39795401 x 39797782, cut 0 / -1) slots 0: 4.189 s, cache 0 hits 0 misses, C sha256 19fe5a72de532305 same
cache_trace node 0: piece (0, 0) of 2 x 3, 19897701 + 13265928 limbs at 0, slots 0 x 4 primes: A - B - | 0.656 s: redistribute 0.037 ntt 0.600 crt 0.001 out 0.025 carry 0.001
cache_trace node 1: piece (0, 0) of 2 x 3, 19897701 + 13265928 limbs at 0, slots 0 x 4 primes: A - B - | 0.656 s: redistribute 0.036 ntt 0.602 crt 0.001 out 0.026 carry 0.001
cache_trace node 0: piece (0, 1) of 2 x 3, 19897701 + 13265928 limbs at 13265928, slots 0 x 4 primes: A - B - | 0.711 s: redistribute 0.043 ntt 0.637 crt 0.001 out 0.035 carry 0.017
cache_trace node 1: piece (0, 1) of 2 x 3, 19897701 + 13265928 limbs at 13265928, slots 0 x 4 primes: A - B - | 0.711 s: redistribute 0.043 ntt 0.637 crt 0.001 out 0.031 carry 0.017
cache_trace node 0: piece (0, 2) of 2 x 3, 19897701 + 13265926 limbs at 26531856, slots 0 x 4 primes: A - B - | 0.715 s: redistribute 0.040 ntt 0.620 crt 0.001 out 0.042 carry 0.018
cache_trace node 1: piece (0, 2) of 2 x 3, 19897701 + 13265926 limbs at 26531856, slots 0 x 4 primes: A - B - | 0.715 s: redistribute 0.039 ntt 0.626 crt 0.001 out 0.037 carry 0.019
cache_trace node 0: piece (1, 0) of 2 x 3, 19897700 + 13265928 limbs at 19897701, slots 0 x 4 primes: A - B - | 0.706 s: redistribute 0.038 ntt 0.616 crt 0.001 out 0.044 carry 0.020
cache_trace node 1: piece (1, 0) of 2 x 3, 19897700 + 13265928 limbs at 19897701, slots 0 x 4 primes: A - B - | 0.706 s: redistribute 0.038 ntt 0.616 crt 0.001 out 0.044 carry 0.020
cache_trace node 0: piece (1, 1) of 2 x 3, 19897700 + 13265928 limbs at 33163629, slots 0 x 4 primes: A - B - | 0.708 s: redistribute 0.040 ntt 0.613 crt 0.001 out 0.039 carry 0.016
cache_trace node 1: piece (1, 1) of 2 x 3, 19897700 + 13265928 limbs at 33163629, slots 0 x 4 primes: A - B - | 0.708 s: redistribute 0.039 ntt 0.616 crt 0.001 out 0.041 carry 0.016
cache_trace node 0: piece (1, 2) of 2 x 3, 19897700 + 13265926 limbs at 46429557, slots 0 x 4 primes: A - B - | 0.701 s: redistribute 0.046 ntt 0.620 crt 0.001 out 0.033 carry 0.012
dist_mn node 0: 39795401 x 39797782 limbs over 2 x 4 ranks (cap 2^25): 2 x 3 pieces, 6 formed, 0 skipped (cache 0 slots, partial: 0 hits, 0 misses)
cache_trace node 1: piece (1, 2) of 2 x 3, 19897700 + 13265926 limbs at 46429557, slots 0 x 4 primes: A - B - | 0.701 s: redistribute 0.042 ntt 0.620 crt 0.001 out 0.031 carry 0.012
dist_mn node 1: 39795401 x 39797782 limbs over 2 x 4 ranks (cap 2^25): 2 x 3 pieces, 6 formed, 0 skipped (cache 0 slots, partial: 0 hits, 0 misses)
cx_grid node 1: rep 1 shape 2x3_full (39795401 x 39797782, cut 0 / -1) slots 1: 4.199 s, cache 0 hits 0 misses, C sha256 b53fe65e9accfa51 same
cx_grid node 0: rep 1 shape 2x3_full (39795401 x 39797782, cut 0 / -1) slots 1: 4.199 s, cache 0 hits 0 misses, C sha256 19fe5a72de532305 same
cache_trace node 0: piece (0, 0) of 2 x 3, 19897701 + 13265928 limbs at 0, slots 0 x 4 primes: A - B - | 0.672 s: redistribute 0.036 ntt 0.615 crt 0.001 out 0.028 carry 0.001
cache_trace node 1: piece (0, 0) of 2 x 3, 19897701 + 13265928 limbs at 0, slots 0 x 4 primes: A - B - | 0.672 s: redistribute 0.036 ntt 0.613 crt 0.001 out 0.033 carry 0.002
cache_trace node 0: piece (0, 1) of 2 x 3, 19897701 + 13265928 limbs at 13265928, slots 0 x 4 primes: A - B - | 0.711 s: redistribute 0.042 ntt 0.619 crt 0.001 out 0.041 carry 0.017
cache_trace node 1: piece (0, 1) of 2 x 3, 19897701 + 13265928 limbs at 13265928, slots 0 x 4 primes: A - B - | 0.711 s: redistribute 0.034 ntt 0.625 crt 0.001 out 0.035 carry 0.017
cache_trace node 0: piece (0, 2) of 2 x 3, 19897701 + 13265926 limbs at 26531856, slots 0 x 4 primes: A - B - | 0.698 s: redistribute 0.038 ntt 0.616 crt 0.001 out 0.038 carry 0.018
cache_trace node 1: piece (0, 2) of 2 x 3, 19897701 + 13265926 limbs at 26531856, slots 0 x 4 primes: A - B - | 0.698 s: redistribute 0.038 ntt 0.612 crt 0.001 out 0.037 carry 0.018
cache_trace node 0: piece (1, 0) of 2 x 3, 19897700 + 13265928 limbs at 19897701, slots 0 x 4 primes: A - B - | 0.697 s: redistribute 0.039 ntt 0.609 crt 0.001 out 0.044 carry 0.020
cache_trace node 1: piece (1, 0) of 2 x 3, 19897700 + 13265928 limbs at 19897701, slots 0 x 4 primes: A - B - | 0.697 s: redistribute 0.035 ntt 0.604 crt 0.001 out 0.048 carry 0.021
cache_trace node 0: piece (1, 1) of 2 x 3, 19897700 + 13265928 limbs at 33163629, slots 0 x 4 primes: A - B - | 0.730 s: redistribute 0.043 ntt 0.640 crt 0.001 out 0.042 carry 0.017
cache_trace node 1: piece (1, 1) of 2 x 3, 19897700 + 13265928 limbs at 33163629, slots 0 x 4 primes: A - B - | 0.730 s: redistribute 0.043 ntt 0.644 crt 0.001 out 0.037 carry 0.017
cache_trace node 0: piece (1, 2) of 2 x 3, 19897700 + 13265926 limbs at 46429557, slots 0 x 4 primes: A - B - | 0.724 s: redistribute 0.050 ntt 0.628 crt 0.001 out 0.042 carry 0.012
dist_mn node 0: 39795401 x 39797782 limbs over 2 x 4 ranks (cap 2^25): 2 x 3 pieces, 6 formed, 0 skipped (cache 0 slots, partial: 0 hits, 0 misses)
cache_trace node 1: piece (1, 2) of 2 x 3, 19897700 + 13265926 limbs at 46429557, slots 0 x 4 primes: A - B - | 0.724 s: redistribute 0.050 ntt 0.623 crt 0.001 out 0.046 carry 0.012
dist_mn node 1: 39795401 x 39797782 limbs over 2 x 4 ranks (cap 2^25): 2 x 3 pieces, 6 formed, 0 skipped (cache 0 slots, partial: 0 hits, 0 misses)
cx_grid node 0: rep 1 shape 2x3_full (39795401 x 39797782, cut 0 / -1) slots 2: 4.235 s, cache 0 hits 0 misses, C sha256 19fe5a72de532305 same
cx_grid node 1: rep 1 shape 2x3_full (39795401 x 39797782, cut 0 / -1) slots 2: 4.235 s, cache 0 hits 0 misses, C sha256 b53fe65e9accfa51 same
cache_trace node 0: piece (0, 0) of 2 x 6, 19675988 + 13211365 limbs at 0, slots 0 x 4 primes: A - B - | 0.652 s: redistribute 0.032 ntt 0.590 crt 0.001 out 0.035 carry 0.001
cache_trace node 1: piece (0, 0) of 2 x 6, 19675988 + 13211365 limbs at 0, slots 0 x 4 primes: A - B - | 0.652 s: redistribute 0.031 ntt 0.595 crt 0.001 out 0.029 carry 0.001
cache_trace node 0: piece (0, 1) of 2 x 6, 19675988 + 13211365 limbs at 13211365, slots 0 x 4 primes: A - B - | 0.675 s: redistribute 0.041 ntt 0.607 crt 0.001 out 0.028 carry 0.011
cache_trace node 1: piece (0, 1) of 2 x 6, 19675988 + 13211365 limbs at 13211365, slots 0 x 4 primes: A - B - | 0.675 s: redistribute 0.034 ntt 0.607 crt 0.001 out 0.028 carry 0.012
cache_trace node 0: piece (0, 2) of 2 x 6, 19675988 + 13211365 limbs at 26422730, slots 0 x 4 primes: A - B - | 0.726 s: redistribute 0.045 ntt 0.637 crt 0.001 out 0.031 carry 0.022
cache_trace node 1: piece (0, 2) of 2 x 6, 19675988 + 13211365 limbs at 26422730, slots 0 x 4 primes: A - B - | 0.726 s: redistribute 0.043 ntt 0.638 crt 0.001 out 0.033 carry 0.022
cache_trace node 0: piece (0, 3) of 2 x 6, 19675988 + 13211365 limbs at 39634095, slots 0 x 4 primes: A - B - | 0.730 s: redistribute 0.041 ntt 0.628 crt 0.001 out 0.046 carry 0.017
cache_trace node 1: piece (0, 3) of 2 x 6, 19675988 + 13211365 limbs at 39634095, slots 0 x 4 primes: A - B - | 0.730 s: redistribute 0.041 ntt 0.634 crt 0.001 out 0.042 carry 0.017
cache_trace node 0: piece (0, 4) of 2 x 6, 19675988 + 13211365 limbs at 52845460, slots 0 x 4 primes: A - B - | 0.709 s: redistribute 0.039 ntt 0.619 crt 0.001 out 0.041 carry 0.021
cache_trace node 1: piece (0, 4) of 2 x 6, 19675988 + 13211365 limbs at 52845460, slots 0 x 4 primes: A - B - | 0.709 s: redistribute 0.038 ntt 0.615 crt 0.001 out 0.040 carry 0.021
cache_trace node 0: piece (0, 5) of 2 x 6, 19675988 + 13211362 limbs at 66056825, slots 0 x 4 primes: A - B - | 0.723 s: redistribute 0.042 ntt 0.642 crt 0.001 out 0.031 carry 0.017
cache_trace node 1: piece (0, 5) of 2 x 6, 19675988 + 13211362 limbs at 66056825, slots 0 x 4 primes: A - B - | 0.723 s: redistribute 0.039 ntt 0.647 crt 0.001 out 0.030 carry 0.017
cache_trace node 0: piece (1, 0) of 2 x 6, 19675988 + 13211365 limbs at 19675988, slots 0 x 4 primes: A - B - | 0.689 s: redistribute 0.040 ntt 0.605 crt 0.001 out 0.035 carry 0.018
cache_trace node 1: piece (1, 0) of 2 x 6, 19675988 + 13211365 limbs at 19675988, slots 0 x 4 primes: A - B - | 0.689 s: redistribute 0.040 ntt 0.609 crt 0.001 out 0.031 carry 0.018
cache_trace node 0: piece (1, 1) of 2 x 6, 19675988 + 13211365 limbs at 32887353, slots 0 x 4 primes: A - B - | 0.707 s: redistribute 0.045 ntt 0.619 crt 0.001 out 0.037 carry 0.020
cache_trace node 1: piece (1, 1) of 2 x 6, 19675988 + 13211365 limbs at 32887353, slots 0 x 4 primes: A - B - | 0.707 s: redistribute 0.039 ntt 0.617 crt 0.001 out 0.039 carry 0.020
cache_trace node 0: piece (1, 2) of 2 x 6, 19675988 + 13211365 limbs at 46098718, slots 0 x 4 primes: A - B - | 0.697 s: redistribute 0.036 ntt 0.616 crt 0.001 out 0.036 carry 0.018
cache_trace node 1: piece (1, 2) of 2 x 6, 19675988 + 13211365 limbs at 46098718, slots 0 x 4 primes: A - B - | 0.697 s: redistribute 0.036 ntt 0.620 crt 0.001 out 0.040 carry 0.018
cache_trace node 0: piece (1, 3) of 2 x 6, 19675988 + 13211365 limbs at 59310083, slots 0 x 4 primes: A - B - | 0.722 s: redistribute 0.051 ntt 0.631 crt 0.001 out 0.031 carry 0.020
cache_trace node 1: piece (1, 3) of 2 x 6, 19675988 + 13211365 limbs at 59310083, slots 0 x 4 primes: A - B - | 0.722 s: redistribute 0.050 ntt 0.633 crt 0.001 out 0.032 carry 0.019
cache_trace node 0: piece (1, 4) of 2 x 6, 19675988 + 13211365 limbs at 72521448, slots 0 x 4 primes: A - B - | 0.673 s: redistribute 0.033 ntt 0.595 crt 0.001 out 0.043 carry 0.011
cache_trace node 1: piece (1, 4) of 2 x 6, 19675988 + 13211365 limbs at 72521448, slots 0 x 4 primes: A - B - | 0.673 s: redistribute 0.030 ntt 0.600 crt 0.001 out 0.042 carry 0.011
cache_trace node 0: piece (1, 5) of 2 x 6, 19675988 + 13211362 limbs at 85732813, slots 0 x 4 primes: A - B - | 0.712 s: redistribute 0.038 ntt 0.622 crt 0.001 out 0.034 carry 0.023
dist_mn node 0: 39351976 x 79268187 limbs over 2 x 4 ranks (cap 2^25): 2 x 6 pieces, 12 formed, 0 skipped (cache 0 slots, partial: 0 hits, 0 misses)
cache_trace node 1: piece (1, 5) of 2 x 6, 19675988 + 13211362 limbs at 85732813, slots 0 x 4 primes: A - B - | 0.712 s: redistribute 0.037 ntt 0.623 crt 0.001 out 0.031 carry 0.023
dist_mn node 1: 39351976 x 79268187 limbs over 2 x 4 ranks (cap 2^25): 2 x 6 pieces, 12 formed, 0 skipped (cache 0 slots, partial: 0 hits, 0 misses)
cx_grid node 0: rep 1 shape 2x6_full (39351976 x 79268187, cut 0 / -1) slots 0: 8.420 s, cache 0 hits 0 misses, C sha256 48a8b6d3da21f87f same
cx_grid node 1: rep 1 shape 2x6_full (39351976 x 79268187, cut 0 / -1) slots 0: 8.420 s, cache 0 hits 0 misses, C sha256 da0b208cf6df82ca same
cache_trace node 0: piece (0, 0) of 2 x 6, 19675988 + 13211365 limbs at 0, slots 0 x 4 primes: A - B - | 0.658 s: redistribute 0.038 ntt 0.598 crt 0.001 out 0.026 carry 0.001
cache_trace node 1: piece (0, 0) of 2 x 6, 19675988 + 13211365 limbs at 0, slots 0 x 4 primes: A - B - | 0.658 s: redistribute 0.038 ntt 0.600 crt 0.001 out 0.030 carry 0.002
cache_trace node 0: piece (0, 1) of 2 x 6, 19675988 + 13211365 limbs at 13211365, slots 0 x 4 primes: A - B - | 0.689 s: redistribute 0.044 ntt 0.616 crt 0.001 out 0.030 carry 0.011
cache_trace node 1: piece (0, 1) of 2 x 6, 19675988 + 13211365 limbs at 13211365, slots 0 x 4 primes: A - B - | 0.689 s: redistribute 0.043 ntt 0.613 crt 0.001 out 0.031 carry 0.012
cache_trace node 0: piece (0, 2) of 2 x 6, 19675988 + 13211365 limbs at 26422730, slots 0 x 4 primes: A - B - | 0.695 s: redistribute 0.041 ntt 0.605 crt 0.001 out 0.035 carry 0.023
cache_trace node 1: piece (0, 2) of 2 x 6, 19675988 + 13211365 limbs at 26422730, slots 0 x 4 primes: A - B - | 0.695 s: redistribute 0.038 ntt 0.607 crt 0.001 out 0.030 carry 0.023
cache_trace node 0: piece (0, 3) of 2 x 6, 19675988 + 13211365 limbs at 39634095, slots 0 x 4 primes: A - B - | 0.705 s: redistribute 0.045 ntt 0.602 crt 0.001 out 0.042 carry 0.018
cache_trace node 1: piece (0, 3) of 2 x 6, 19675988 + 13211365 limbs at 39634095, slots 0 x 4 primes: A - B - | 0.705 s: redistribute 0.042 ntt 0.603 crt 0.001 out 0.044 carry 0.018
cache_trace node 0: piece (0, 4) of 2 x 6, 19675988 + 13211365 limbs at 52845460, slots 0 x 4 primes: A - B - | 0.720 s: redistribute 0.053 ntt 0.622 crt 0.001 out 0.039 carry 0.021
cache_trace node 1: piece (0, 4) of 2 x 6, 19675988 + 13211365 limbs at 52845460, slots 0 x 4 primes: A - B - | 0.720 s: redistribute 0.047 ntt 0.619 crt 0.001 out 0.035 carry 0.021
cache_trace node 0: piece (0, 5) of 2 x 6, 19675988 + 13211362 limbs at 66056825, slots 0 x 4 primes: A - B - | 0.712 s: redistribute 0.037 ntt 0.632 crt 0.001 out 0.031 carry 0.017
cache_trace node 1: piece (0, 5) of 2 x 6, 19675988 + 13211362 limbs at 66056825, slots 0 x 4 primes: A - B - | 0.712 s: redistribute 0.036 ntt 0.632 crt 0.001 out 0.031 carry 0.017
cache_trace node 0: piece (1, 0) of 2 x 6, 19675988 + 13211365 limbs at 19675988, slots 0 x 4 primes: A - B - | 0.701 s: redistribute 0.035 ntt 0.619 crt 0.001 out 0.035 carry 0.018
cache_trace node 1: piece (1, 0) of 2 x 6, 19675988 + 13211365 limbs at 19675988, slots 0 x 4 primes: A - B - | 0.701 s: redistribute 0.033 ntt 0.620 crt 0.001 out 0.032 carry 0.018
cache_trace node 0: piece (1, 1) of 2 x 6, 19675988 + 13211365 limbs at 32887353, slots 0 x 4 primes: A - B - | 0.702 s: redistribute 0.038 ntt 0.624 crt 0.001 out 0.032 carry 0.020
cache_trace node 1: piece (1, 1) of 2 x 6, 19675988 + 13211365 limbs at 32887353, slots 0 x 4 primes: A - B - | 0.702 s: redistribute 0.036 ntt 0.619 crt 0.001 out 0.032 carry 0.020
cache_trace node 0: piece (1, 2) of 2 x 6, 19675988 + 13211365 limbs at 46098718, slots 0 x 4 primes: A - B - | 0.716 s: redistribute 0.038 ntt 0.623 crt 0.001 out 0.040 carry 0.021
cache_trace node 1: piece (1, 2) of 2 x 6, 19675988 + 13211365 limbs at 46098718, slots 0 x 4 primes: A - B - | 0.716 s: redistribute 0.038 ntt 0.627 crt 0.001 out 0.042 carry 0.021
cache_trace node 0: piece (1, 3) of 2 x 6, 19675988 + 13211365 limbs at 59310083, slots 0 x 4 primes: A - B - | 0.716 s: redistribute 0.065 ntt 0.603 crt 0.001 out 0.037 carry 0.019
cache_trace node 1: piece (1, 3) of 2 x 6, 19675988 + 13211365 limbs at 59310083, slots 0 x 4 primes: A - B - | 0.716 s: redistribute 0.063 ntt 0.611 crt 0.001 out 0.033 carry 0.019
cache_trace node 0: piece (1, 4) of 2 x 6, 19675988 + 13211365 limbs at 72521448, slots 0 x 4 primes: A - B - | 0.707 s: redistribute 0.044 ntt 0.624 crt 0.001 out 0.036 carry 0.012
cache_trace node 1: piece (1, 4) of 2 x 6, 19675988 + 13211365 limbs at 72521448, slots 0 x 4 primes: A - B - | 0.707 s: redistribute 0.043 ntt 0.628 crt 0.001 out 0.036 carry 0.011
cache_trace node 0: piece (1, 5) of 2 x 6, 19675988 + 13211362 limbs at 85732813, slots 0 x 4 primes: A - B - | 0.708 s: redistribute 0.042 ntt 0.626 crt 0.001 out 0.037 carry 0.022
dist_mn node 0: 39351976 x 79268187 limbs over 2 x 4 ranks (cap 2^25): 2 x 6 pieces, 12 formed, 0 skipped (cache 0 slots, partial: 0 hits, 0 misses)
cache_trace node 1: piece (1, 5) of 2 x 6, 19675988 + 13211362 limbs at 85732813, slots 0 x 4 primes: A - B - | 0.708 s: redistribute 0.041 ntt 0.630 crt 0.001 out 0.039 carry 0.023
dist_mn node 1: 39351976 x 79268187 limbs over 2 x 4 ranks (cap 2^25): 2 x 6 pieces, 12 formed, 0 skipped (cache 0 slots, partial: 0 hits, 0 misses)
cx_grid node 1: rep 1 shape 2x6_full (39351976 x 79268187, cut 0 / -1) slots 1: 8.432 s, cache 0 hits 0 misses, C sha256 da0b208cf6df82ca same
cx_grid node 0: rep 1 shape 2x6_full (39351976 x 79268187, cut 0 / -1) slots 1: 8.432 s, cache 0 hits 0 misses, C sha256 48a8b6d3da21f87f same
cache_trace node 0: piece (0, 0) of 2 x 6, 19675988 + 13211365 limbs at 0, slots 0 x 4 primes: A - B - | 0.669 s: redistribute 0.039 ntt 0.616 crt 0.001 out 0.027 carry 0.001
cache_trace node 1: piece (0, 0) of 2 x 6, 19675988 + 13211365 limbs at 0, slots 0 x 4 primes: A - B - | 0.669 s: redistribute 0.039 ntt 0.615 crt 0.001 out 0.032 carry 0.002
cache_trace node 0: piece (0, 1) of 2 x 6, 19675988 + 13211365 limbs at 13211365, slots 0 x 4 primes: A - B - | 0.684 s: redistribute 0.035 ntt 0.612 crt 0.001 out 0.035 carry 0.011
cache_trace node 1: piece (0, 1) of 2 x 6, 19675988 + 13211365 limbs at 13211365, slots 0 x 4 primes: A - B - | 0.684 s: redistribute 0.034 ntt 0.615 crt 0.001 out 0.033 carry 0.012
cache_trace node 0: piece (0, 2) of 2 x 6, 19675988 + 13211365 limbs at 26422730, slots 0 x 4 primes: A - B - | 0.702 s: redistribute 0.042 ntt 0.615 crt 0.001 out 0.028 carry 0.021
cache_trace node 1: piece (0, 2) of 2 x 6, 19675988 + 13211365 limbs at 26422730, slots 0 x 4 primes: A - B - | 0.702 s: redistribute 0.042 ntt 0.622 crt 0.001 out 0.025 carry 0.022
cache_trace node 0: piece (0, 3) of 2 x 6, 19675988 + 13211365 limbs at 39634095, slots 0 x 4 primes: A - B - | 0.699 s: redistribute 0.042 ntt 0.600 crt 0.001 out 0.042 carry 0.017
cache_trace node 1: piece (0, 3) of 2 x 6, 19675988 + 13211365 limbs at 39634095, slots 0 x 4 primes: A - B - | 0.699 s: redistribute 0.039 ntt 0.605 crt 0.001 out 0.040 carry 0.017
cache_trace node 0: piece (0, 4) of 2 x 6, 19675988 + 13211365 limbs at 52845460, slots 0 x 4 primes: A - B - | 0.698 s: redistribute 0.036 ntt 0.616 crt 0.001 out 0.037 carry 0.022
cache_trace node 1: piece (0, 4) of 2 x 6, 19675988 + 13211365 limbs at 52845460, slots 0 x 4 primes: A - B - | 0.698 s: redistribute 0.035 ntt 0.610 crt 0.001 out 0.038 carry 0.021
cache_trace node 0: piece (0, 5) of 2 x 6, 19675988 + 13211362 limbs at 66056825, slots 0 x 4 primes: A - B - | 0.715 s: redistribute 0.045 ntt 0.632 crt 0.001 out 0.039 carry 0.017
cache_trace node 1: piece (0, 5) of 2 x 6, 19675988 + 13211362 limbs at 66056825, slots 0 x 4 primes: A - B - | 0.715 s: redistribute 0.039 ntt 0.630 crt 0.001 out 0.035 carry 0.017
cache_trace node 0: piece (1, 0) of 2 x 6, 19675988 + 13211365 limbs at 19675988, slots 0 x 4 primes: A - B - | 0.699 s: redistribute 0.038 ntt 0.621 crt 0.001 out 0.032 carry 0.018
cache_trace node 1: piece (1, 0) of 2 x 6, 19675988 + 13211365 limbs at 19675988, slots 0 x 4 primes: A - B - | 0.699 s: redistribute 0.038 ntt 0.618 crt 0.001 out 0.034 carry 0.018
cache_trace node 0: piece (1, 1) of 2 x 6, 19675988 + 13211365 limbs at 32887353, slots 0 x 4 primes: A - B - | 0.710 s: redistribute 0.043 ntt 0.626 crt 0.001 out 0.035 carry 0.019
cache_trace node 1: piece (1, 1) of 2 x 6, 19675988 + 13211365 limbs at 32887353, slots 0 x 4 primes: A - B - | 0.710 s: redistribute 0.042 ntt 0.629 crt 0.001 out 0.035 carry 0.019
cache_trace node 0: piece (1, 2) of 2 x 6, 19675988 + 13211365 limbs at 46098718, slots 0 x 4 primes: A - B - | 0.716 s: redistribute 0.035 ntt 0.630 crt 0.001 out 0.040 carry 0.019
cache_trace node 1: piece (1, 2) of 2 x 6, 19675988 + 13211365 limbs at 46098718, slots 0 x 4 primes: A - B - | 0.716 s: redistribute 0.034 ntt 0.633 crt 0.001 out 0.036 carry 0.019
cache_trace node 0: piece (1, 3) of 2 x 6, 19675988 + 13211365 limbs at 59310083, slots 0 x 4 primes: A - B - | 0.705 s: redistribute 0.052 ntt 0.622 crt 0.001 out 0.031 carry 0.020
cache_trace node 1: piece (1, 3) of 2 x 6, 19675988 + 13211365 limbs at 59310083, slots 0 x 4 primes: A - B - | 0.705 s: redistribute 0.052 ntt 0.619 crt 0.001 out 0.035 carry 0.020
cache_trace node 0: piece (1, 4) of 2 x 6, 19675988 + 13211365 limbs at 72521448, slots 0 x 4 primes: A - B - | 0.690 s: redistribute 0.036 ntt 0.622 crt 0.001 out 0.031 carry 0.011
cache_trace node 1: piece (1, 4) of 2 x 6, 19675988 + 13211365 limbs at 72521448, slots 0 x 4 primes: A - B - | 0.690 s: redistribute 0.031 ntt 0.621 crt 0.001 out 0.036 carry 0.011
cache_trace node 0: piece (1, 5) of 2 x 6, 19675988 + 13211362 limbs at 85732813, slots 0 x 4 primes: A - B - | 0.699 s: redistribute 0.037 ntt 0.611 crt 0.001 out 0.036 carry 0.022
dist_mn node 0: 39351976 x 79268187 limbs over 2 x 4 ranks (cap 2^25): 2 x 6 pieces, 12 formed, 0 skipped (cache 0 slots, partial: 0 hits, 0 misses)
cache_trace node 1: piece (1, 5) of 2 x 6, 19675988 + 13211362 limbs at 85732813, slots 0 x 4 primes: A - B - | 0.699 s: redistribute 0.036 ntt 0.619 crt 0.001 out 0.033 carry 0.022
dist_mn node 1: 39351976 x 79268187 limbs over 2 x 4 ranks (cap 2^25): 2 x 6 pieces, 12 formed, 0 skipped (cache 0 slots, partial: 0 hits, 0 misses)
cx_grid node 1: rep 1 shape 2x6_full (39351976 x 79268187, cut 0 / -1) slots 2: 8.389 s, cache 0 hits 0 misses, C sha256 da0b208cf6df82ca same
cx_grid node 0: rep 1 shape 2x6_full (39351976 x 79268187, cut 0 / -1) slots 2: 8.389 s, cache 0 hits 0 misses, C sha256 48a8b6d3da21f87f same
cache_trace node 0: piece (0, 0) of 2 x 2, 14558814 + 14827520 limbs at 0, slots 0 x 4 primes: A - B - | 0.684 s: redistribute 0.039 ntt 0.622 crt 0.001 out 0.029 carry 0.001
cache_trace node 1: piece (0, 0) of 2 x 2, 14558814 + 14827520 limbs at 0, slots 0 x 4 primes: A - B - | 0.684 s: redistribute 0.038 ntt 0.627 crt 0.001 out 0.028 carry 0.001
cache_trace node 0: piece (1, 0) of 2 x 2, 14558813 + 14827520 limbs at 14558814, slots 0 x 4 primes: A - B - | 0.698 s: redistribute 0.039 ntt 0.614 crt 0.001 out 0.039 carry 0.014
cache_trace node 1: piece (1, 0) of 2 x 2, 14558813 + 14827520 limbs at 14558814, slots 0 x 4 primes: A - B - | 0.698 s: redistribute 0.038 ntt 0.619 crt 0.001 out 0.038 carry 0.014
cache_trace node 0: piece (0, 1) of 2 x 2, 14558814 + 14827520 limbs at 14827520, slots 0 x 4 primes: A - B - | 0.705 s: redistribute 0.038 ntt 0.631 crt 0.001 out 0.034 carry 0.013
cache_trace node 1: piece (0, 1) of 2 x 2, 14558814 + 14827520 limbs at 14827520, slots 0 x 4 primes: A - B - | 0.705 s: redistribute 0.038 ntt 0.631 crt 0.001 out 0.038 carry 0.013
cache_trace node 0: piece (1, 1) of 2 x 2, 14558813 + 14827520 limbs at 29386334, slots 0 x 4 primes: A - B - | 0.688 s: redistribute 0.038 ntt 0.626 crt 0.001 out 0.037 carry 0.002
dist_mn node 0: 29117627 x 29655040 limbs over 2 x 4 ranks (cap 2^25): 2 x 2 pieces, 4 formed, 0 skipped (cache 0 slots, partial: 0 hits, 0 misses)
cache_trace node 1: piece (1, 1) of 2 x 2, 14558813 + 14827520 limbs at 29386334, slots 0 x 4 primes: A - B - | 0.688 s: redistribute 0.037 ntt 0.626 crt 0.001 out 0.031 carry 0.002
dist_mn node 1: 29117627 x 29655040 limbs over 2 x 4 ranks (cap 2^25): 2 x 2 pieces, 4 formed, 0 skipped (cache 0 slots, partial: 0 hits, 0 misses)
cx_grid node 1: rep 1 shape 2x2_full (29117627 x 29655040, cut 0 / -1) slots 0: 2.777 s, cache 0 hits 0 misses, C sha256 d38838bf1dea5a21 same
cx_grid node 0: rep 1 shape 2x2_full (29117627 x 29655040, cut 0 / -1) slots 0: 2.777 s, cache 0 hits 0 misses, C sha256 178231cd1ef2b51a same
cache_trace node 0: piece (0, 0) of 2 x 2, 14558814 + 14827520 limbs at 0, slots 0 x 4 primes: A - B - | 0.659 s: redistribute 0.028 ntt 0.611 crt 0.001 out 0.024 carry 0.001
cache_trace node 1: piece (0, 0) of 2 x 2, 14558814 + 14827520 limbs at 0, slots 0 x 4 primes: A - B - | 0.659 s: redistribute 0.028 ntt 0.615 crt 0.001 out 0.020 carry 0.001
cache_trace node 0: piece (1, 0) of 2 x 2, 14558813 + 14827520 limbs at 14558814, slots 0 x 4 primes: A - B - | 0.697 s: redistribute 0.037 ntt 0.612 crt 0.001 out 0.044 carry 0.014
cache_trace node 1: piece (1, 0) of 2 x 2, 14558813 + 14827520 limbs at 14558814, slots 0 x 4 primes: A - B - | 0.697 s: redistribute 0.036 ntt 0.614 crt 0.001 out 0.038 carry 0.014
cache_trace node 0: piece (0, 1) of 2 x 2, 14558814 + 14827520 limbs at 14827520, slots 0 x 4 primes: A - B - | 0.689 s: redistribute 0.035 ntt 0.606 crt 0.001 out 0.050 carry 0.015
cache_trace node 1: piece (0, 1) of 2 x 2, 14558814 + 14827520 limbs at 14827520, slots 0 x 4 primes: A - B - | 0.689 s: redistribute 0.033 ntt 0.607 crt 0.001 out 0.045 carry 0.015
cache_trace node 0: piece (1, 1) of 2 x 2, 14558813 + 14827520 limbs at 29386334, slots 0 x 4 primes: A - B - | 0.677 s: redistribute 0.032 ntt 0.623 crt 0.001 out 0.032 carry 0.002
dist_mn node 0: 29117627 x 29655040 limbs over 2 x 4 ranks (cap 2^25): 2 x 2 pieces, 4 formed, 0 skipped (cache 0 slots, partial: 0 hits, 0 misses)
cache_trace node 1: piece (1, 1) of 2 x 2, 14558813 + 14827520 limbs at 29386334, slots 0 x 4 primes: A - B - | 0.677 s: redistribute 0.032 ntt 0.625 crt 0.001 out 0.033 carry 0.002
dist_mn node 1: 29117627 x 29655040 limbs over 2 x 4 ranks (cap 2^25): 2 x 2 pieces, 4 formed, 0 skipped (cache 0 slots, partial: 0 hits, 0 misses)
cx_grid node 1: rep 1 shape 2x2_full (29117627 x 29655040, cut 0 / -1) slots 1: 2.723 s, cache 0 hits 0 misses, C sha256 d38838bf1dea5a21 same
cx_grid node 0: rep 1 shape 2x2_full (29117627 x 29655040, cut 0 / -1) slots 1: 2.723 s, cache 0 hits 0 misses, C sha256 178231cd1ef2b51a same
cache_trace node 0: piece (0, 0) of 2 x 2, 14558814 + 14827520 limbs at 0, slots 0 x 4 primes: A - B - | 0.659 s: redistribute 0.032 ntt 0.613 crt 0.001 out 0.025 carry 0.001
cache_trace node 1: piece (0, 0) of 2 x 2, 14558814 + 14827520 limbs at 0, slots 0 x 4 primes: A - B - | 0.659 s: redistribute 0.031 ntt 0.613 crt 0.001 out 0.024 carry 0.001
cache_trace node 0: piece (1, 0) of 2 x 2, 14558813 + 14827520 limbs at 14558814, slots 0 x 4 primes: A - B - | 0.700 s: redistribute 0.045 ntt 0.610 crt 0.001 out 0.035 carry 0.015
cache_trace node 1: piece (1, 0) of 2 x 2, 14558813 + 14827520 limbs at 14558814, slots 0 x 4 primes: A - B - | 0.700 s: redistribute 0.044 ntt 0.609 crt 0.001 out 0.036 carry 0.015
cache_trace node 0: piece (0, 1) of 2 x 2, 14558814 + 14827520 limbs at 14827520, slots 0 x 4 primes: A - B - | 0.692 s: redistribute 0.034 ntt 0.612 crt 0.001 out 0.039 carry 0.013
cache_trace node 1: piece (0, 1) of 2 x 2, 14558814 + 14827520 limbs at 14827520, slots 0 x 4 primes: A - B - | 0.692 s: redistribute 0.033 ntt 0.617 crt 0.001 out 0.037 carry 0.014
cache_trace node 0: piece (1, 1) of 2 x 2, 14558813 + 14827520 limbs at 29386334, slots 0 x 4 primes: A - B - | 0.681 s: redistribute 0.038 ntt 0.619 crt 0.001 out 0.029 carry 0.002
dist_mn node 0: 29117627 x 29655040 limbs over 2 x 4 ranks (cap 2^25): 2 x 2 pieces, 4 formed, 0 skipped (cache 0 slots, partial: 0 hits, 0 misses)
cache_trace node 1: piece (1, 1) of 2 x 2, 14558813 + 14827520 limbs at 29386334, slots 0 x 4 primes: A - B - | 0.681 s: redistribute 0.037 ntt 0.620 crt 0.001 out 0.027 carry 0.002
dist_mn node 1: 29117627 x 29655040 limbs over 2 x 4 ranks (cap 2^25): 2 x 2 pieces, 4 formed, 0 skipped (cache 0 slots, partial: 0 hits, 0 misses)
cx_grid node 0: rep 1 shape 2x2_full (29117627 x 29655040, cut 0 / -1) slots 2: 2.735 s, cache 0 hits 0 misses, C sha256 178231cd1ef2b51a same
cx_grid node 1: rep 1 shape 2x2_full (29117627 x 29655040, cut 0 / -1) slots 2: 2.735 s, cache 0 hits 0 misses, C sha256 d38838bf1dea5a21 same
cache_trace node 0: piece (0, 0) of 2 x 2, 21616618 + 10808309 limbs at 0, slots 0 x 4 primes: A - B - | 0.681 s: redistribute 0.035 ntt 0.606 crt 0.001 out 0.045 carry 0.001
cache_trace node 1: piece (0, 0) of 2 x 2, 21616618 + 10808309 limbs at 0, slots 0 x 4 primes: A - B - | 0.681 s: redistribute 0.036 ntt 0.608 crt 0.001 out 0.044 carry 0.001
cache_trace node 0: piece (1, 0) of 2 x 2, 21616617 + 10808309 limbs at 21616618, slots 0 x 4 primes: A - B - | 0.670 s: redistribute 0.040 ntt 0.609 crt 0.001 out 0.032 carry 0.001
cache_trace node 1: piece (1, 0) of 2 x 2, 21616617 + 10808309 limbs at 21616618, slots 0 x 4 primes: A - B - | 0.670 s: redistribute 0.040 ntt 0.607 crt 0.001 out 0.033 carry 0.001
cache_trace node 0: piece (0, 1) of 2 x 2, 21616618 + 10808308 limbs at 10808309, slots 0 x 4 primes: A - B - | 0.710 s: redistribute 0.038 ntt 0.621 crt 0.001 out 0.043 carry 0.008
cache_trace node 1: piece (0, 1) of 2 x 2, 21616618 + 10808308 limbs at 10808309, slots 0 x 4 primes: A - B - | 0.710 s: redistribute 0.038 ntt 0.627 crt 0.001 out 0.039 carry 0.008
cache_trace node 0: piece (1, 1) of 2 x 2, 21616617 + 10808308 limbs at 32424927, slots 0 x 4 primes: A - B - | 0.682 s: redistribute 0.040 ntt 0.621 crt 0.001 out 0.020 carry 0.007
dist_mn node 0: 43233235 x 21616617 limbs over 2 x 4 ranks (cap 2^25): 2 x 2 pieces, 4 formed, 0 skipped (low product) (low cut) (cache 0 slots, partial: 0 hits, 0 misses)
cache_trace node 1: piece (1, 1) of 2 x 2, 21616617 + 10808308 limbs at 32424927, slots 0 x 4 primes: A - B - | 0.682 s: redistribute 0.040 ntt 0.620 crt 0.001 out 0.017 carry 0.007
dist_mn node 1: 43233235 x 21616617 limbs over 2 x 4 ranks (cap 2^25): 2 x 2 pieces, 4 formed, 0 skipped (low product) (low cut) (cache 0 slots, partial: 0 hits, 0 misses)
cx_grid node 1: rep 1 shape 2x2_lowhighcut (43233235 x 21616617, cut 21616617 / 43233235) slots 0: 2.745 s, cache 0 hits 0 misses, C sha256 7aa2576d183901df same
cx_grid node 0: rep 1 shape 2x2_lowhighcut (43233235 x 21616617, cut 21616617 / 43233235) slots 0: 2.745 s, cache 0 hits 0 misses, C sha256 4a296081451480d4 same
cache_trace node 0: piece (0, 0) of 2 x 2, 21616618 + 10808309 limbs at 0, slots 0 x 4 primes: A - B - | 0.698 s: redistribute 0.032 ntt 0.630 crt 0.001 out 0.043 carry 0.001
cache_trace node 1: piece (0, 0) of 2 x 2, 21616618 + 10808309 limbs at 0, slots 0 x 4 primes: A - B - | 0.698 s: redistribute 0.033 ntt 0.624 crt 0.001 out 0.043 carry 0.001
cache_trace node 0: piece (1, 0) of 2 x 2, 21616617 + 10808309 limbs at 21616618, slots 0 x 4 primes: A - B - | 0.673 s: redistribute 0.038 ntt 0.618 crt 0.001 out 0.029 carry 0.002
cache_trace node 1: piece (1, 0) of 2 x 2, 21616617 + 10808309 limbs at 21616618, slots 0 x 4 primes: A - B - | 0.673 s: redistribute 0.042 ntt 0.614 crt 0.001 out 0.026 carry 0.001
cache_trace node 0: piece (0, 1) of 2 x 2, 21616618 + 10808308 limbs at 10808309, slots 0 x 4 primes: A - B - | 0.718 s: redistribute 0.064 ntt 0.630 crt 0.001 out 0.040 carry 0.008
cache_trace node 1: piece (0, 1) of 2 x 2, 21616618 + 10808308 limbs at 10808309, slots 0 x 4 primes: A - B - | 0.718 s: redistribute 0.061 ntt 0.636 crt 0.001 out 0.039 carry 0.008
cache_trace node 0: piece (1, 1) of 2 x 2, 21616617 + 10808308 limbs at 32424927, slots 0 x 4 primes: A - B - | 0.671 s: redistribute 0.041 ntt 0.611 crt 0.001 out 0.020 carry 0.007
dist_mn node 0: 43233235 x 21616617 limbs over 2 x 4 ranks (cap 2^25): 2 x 2 pieces, 4 formed, 0 skipped (low product) (low cut) (cache 0 slots, partial: 0 hits, 0 misses)
cache_trace node 1: piece (1, 1) of 2 x 2, 21616617 + 10808308 limbs at 32424927, slots 0 x 4 primes: A - B - | 0.671 s: redistribute 0.039 ntt 0.612 crt 0.001 out 0.021 carry 0.007
dist_mn node 1: 43233235 x 21616617 limbs over 2 x 4 ranks (cap 2^25): 2 x 2 pieces, 4 formed, 0 skipped (low product) (low cut) (cache 0 slots, partial: 0 hits, 0 misses)
cx_grid node 1: rep 1 shape 2x2_lowhighcut (43233235 x 21616617, cut 21616617 / 43233235) slots 1: 2.761 s, cache 0 hits 0 misses, C sha256 7aa2576d183901df same
cx_grid node 0: rep 1 shape 2x2_lowhighcut (43233235 x 21616617, cut 21616617 / 43233235) slots 1: 2.761 s, cache 0 hits 0 misses, C sha256 4a296081451480d4 same
cache_trace node 0: piece (0, 0) of 2 x 2, 21616618 + 10808309 limbs at 0, slots 0 x 4 primes: A - B - | 0.688 s: redistribute 0.041 ntt 0.619 crt 0.001 out 0.040 carry 0.001
cache_trace node 1: piece (0, 0) of 2 x 2, 21616618 + 10808309 limbs at 0, slots 0 x 4 primes: A - B - | 0.688 s: redistribute 0.041 ntt 0.625 crt 0.001 out 0.046 carry 0.001
cache_trace node 0: piece (1, 0) of 2 x 2, 21616617 + 10808309 limbs at 21616618, slots 0 x 4 primes: A - B - | 0.672 s: redistribute 0.038 ntt 0.610 crt 0.001 out 0.024 carry 0.001
cache_trace node 1: piece (1, 0) of 2 x 2, 21616617 + 10808309 limbs at 21616618, slots 0 x 4 primes: A - B - | 0.672 s: redistribute 0.042 ntt 0.607 crt 0.001 out 0.027 carry 0.001
cache_trace node 0: piece (0, 1) of 2 x 2, 21616618 + 10808308 limbs at 10808309, slots 0 x 4 primes: A - B - | 0.687 s: redistribute 0.046 ntt 0.606 crt 0.001 out 0.040 carry 0.007
cache_trace node 1: piece (0, 1) of 2 x 2, 21616618 + 10808308 limbs at 10808309, slots 0 x 4 primes: A - B - | 0.687 s: redistribute 0.045 ntt 0.604 crt 0.001 out 0.036 carry 0.007
cache_trace node 0: piece (1, 1) of 2 x 2, 21616617 + 10808308 limbs at 32424927, slots 0 x 4 primes: A - B - | 0.678 s: redistribute 0.050 ntt 0.606 crt 0.001 out 0.020 carry 0.007
dist_mn node 0: 43233235 x 21616617 limbs over 2 x 4 ranks (cap 2^25): 2 x 2 pieces, 4 formed, 0 skipped (low product) (low cut) (cache 0 slots, partial: 0 hits, 0 misses)
cache_trace node 1: piece (1, 1) of 2 x 2, 21616617 + 10808308 limbs at 32424927, slots 0 x 4 primes: A - B - | 0.678 s: redistribute 0.050 ntt 0.614 crt 0.001 out 0.019 carry 0.007
dist_mn node 1: 43233235 x 21616617 limbs over 2 x 4 ranks (cap 2^25): 2 x 2 pieces, 4 formed, 0 skipped (low product) (low cut) (cache 0 slots, partial: 0 hits, 0 misses)
cx_grid node 1: rep 1 shape 2x2_lowhighcut (43233235 x 21616617, cut 21616617 / 43233235) slots 2: 2.727 s, cache 0 hits 0 misses, C sha256 7aa2576d183901df same
cx_grid node 0: rep 1 shape 2x2_lowhighcut (43233235 x 21616617, cut 21616617 / 43233235) slots 2: 2.727 s, cache 0 hits 0 misses, C sha256 4a296081451480d4 same
cache_trace node 0: piece (0, 0) of 1 x 2, 21616617 + 10808309 limbs at 0, slots 0 x 4 primes: A - B - | 0.680 s: redistribute 0.043 ntt 0.602 crt 0.001 out 0.039 carry 0.001
cache_trace node 1: piece (0, 0) of 1 x 2, 21616617 + 10808309 limbs at 0, slots 0 x 4 primes: A - B - | 0.680 s: redistribute 0.045 ntt 0.601 crt 0.001 out 0.041 carry 0.001
cache_trace node 0: piece (0, 1) of 1 x 2, 21616617 + 10808308 limbs at 10808309, slots 0 x 4 primes: A - B - | 0.681 s: redistribute 0.048 ntt 0.601 crt 0.001 out 0.040 carry 0.008
dist_mn node 0: 21616617 x 21616617 limbs over 2 x 4 ranks (cap 2^25): 1 x 2 pieces, 2 formed, 0 skipped (low cut) (cache 0 slots, partial: 0 hits, 0 misses)
cache_trace node 1: piece (0, 1) of 1 x 2, 21616617 + 10808308 limbs at 10808309, slots 0 x 4 primes: A - B - | 0.681 s: redistribute 0.046 ntt 0.606 crt 0.001 out 0.042 carry 0.008
dist_mn node 1: 21616617 x 21616617 limbs over 2 x 4 ranks (cap 2^25): 1 x 2 pieces, 2 formed, 0 skipped (low cut) (cache 0 slots, partial: 0 hits, 0 misses)
cx_grid node 1: rep 1 shape 1x2_lowcut (21616617 x 21616617, cut 21616617 / -1) slots 0: 1.363 s, cache 0 hits 0 misses, C sha256 e750181209d87254 same
cx_grid node 0: rep 1 shape 1x2_lowcut (21616617 x 21616617, cut 21616617 / -1) slots 0: 1.363 s, cache 0 hits 0 misses, C sha256 300cb49213d3d27f same
cache_trace node 0: piece (0, 0) of 1 x 2, 21616617 + 10808309 limbs at 0, slots 0 x 4 primes: A - B - | 0.702 s: redistribute 0.052 ntt 0.627 crt 0.001 out 0.040 carry 0.001
cache_trace node 1: piece (0, 0) of 1 x 2, 21616617 + 10808309 limbs at 0, slots 0 x 4 primes: A - B - | 0.702 s: redistribute 0.056 ntt 0.620 crt 0.001 out 0.039 carry 0.001
cache_trace node 0: piece (0, 1) of 1 x 2, 21616617 + 10808308 limbs at 10808309, slots 0 x 4 primes: A - B - | 0.686 s: redistribute 0.041 ntt 0.605 crt 0.001 out 0.040 carry 0.008
dist_mn node 0: 21616617 x 21616617 limbs over 2 x 4 ranks (cap 2^25): 1 x 2 pieces, 2 formed, 0 skipped (low cut) (cache 0 slots, partial: 0 hits, 0 misses)
cache_trace node 1: piece (0, 1) of 1 x 2, 21616617 + 10808308 limbs at 10808309, slots 0 x 4 primes: A - B - | 0.686 s: redistribute 0.041 ntt 0.608 crt 0.001 out 0.037 carry 0.008
dist_mn node 1: 21616617 x 21616617 limbs over 2 x 4 ranks (cap 2^25): 1 x 2 pieces, 2 formed, 0 skipped (low cut) (cache 0 slots, partial: 0 hits, 0 misses)
cx_grid node 1: rep 1 shape 1x2_lowcut (21616617 x 21616617, cut 21616617 / -1) slots 1: 1.391 s, cache 0 hits 0 misses, C sha256 e750181209d87254 same
cx_grid node 0: rep 1 shape 1x2_lowcut (21616617 x 21616617, cut 21616617 / -1) slots 1: 1.391 s, cache 0 hits 0 misses, C sha256 300cb49213d3d27f same
cache_trace node 0: piece (0, 0) of 1 x 2, 21616617 + 10808309 limbs at 0, slots 0 x 4 primes: A - B - | 0.702 s: redistribute 0.051 ntt 0.624 crt 0.001 out 0.038 carry 0.001
cache_trace node 1: piece (0, 0) of 1 x 2, 21616617 + 10808309 limbs at 0, slots 0 x 4 primes: A - B - | 0.702 s: redistribute 0.051 ntt 0.621 crt 0.001 out 0.040 carry 0.001
cache_trace node 0: piece (0, 1) of 1 x 2, 21616617 + 10808308 limbs at 10808309, slots 0 x 4 primes: A - B - | 0.704 s: redistribute 0.047 ntt 0.626 crt 0.001 out 0.041 carry 0.008
dist_mn node 0: 21616617 x 21616617 limbs over 2 x 4 ranks (cap 2^25): 1 x 2 pieces, 2 formed, 0 skipped (low cut) (cache 0 slots, partial: 0 hits, 0 misses)
cache_trace node 1: piece (0, 1) of 1 x 2, 21616617 + 10808308 limbs at 10808309, slots 0 x 4 primes: A - B - | 0.704 s: redistribute 0.046 ntt 0.627 crt 0.001 out 0.036 carry 0.008
dist_mn node 1: 21616617 x 21616617 limbs over 2 x 4 ranks (cap 2^25): 1 x 2 pieces, 2 formed, 0 skipped (low cut) (cache 0 slots, partial: 0 hits, 0 misses)
cx_grid node 1: rep 1 shape 1x2_lowcut (21616617 x 21616617, cut 21616617 / -1) slots 2: 1.408 s, cache 0 hits 0 misses, C sha256 e750181209d87254 same
cx_grid node 0: rep 1 shape 1x2_lowcut (21616617 x 21616617, cut 21616617 / -1) slots 2: 1.408 s, cache 0 hits 0 misses, C sha256 300cb49213d3d27f same
cache_trace node 0: piece (1, 0) of 5 x 3, 17293295 + 14411079 limbs at 17293295, slots 0 x 4 primes: A - B - | 0.700 s: redistribute 0.032 ntt 0.621 crt 0.001 out 0.035 carry 0.017
cache_trace node 1: piece (1, 0) of 5 x 3, 17293295 + 14411079 limbs at 17293295, slots 0 x 4 primes: A - B - | 0.700 s: redistribute 0.037 ntt 0.617 crt 0.001 out 0.036 carry 0.017
cache_trace node 0: piece (2, 0) of 5 x 3, 17293295 + 14411079 limbs at 34586590, slots 0 x 4 primes: A - B - | 0.691 s: redistribute 0.043 ntt 0.597 crt 0.001 out 0.040 carry 0.017
cache_trace node 1: piece (2, 0) of 5 x 3, 17293295 + 14411079 limbs at 34586590, slots 0 x 4 primes: A - B - | 0.691 s: redistribute 0.044 ntt 0.599 crt 0.001 out 0.042 carry 0.017
cache_trace node 0: piece (3, 0) of 5 x 3, 17293295 + 14411079 limbs at 51879885, slots 0 x 4 primes: A - B - | 0.707 s: redistribute 0.041 ntt 0.625 crt 0.001 out 0.037 carry 0.012
cache_trace node 1: piece (3, 0) of 5 x 3, 17293295 + 14411079 limbs at 51879885, slots 0 x 4 primes: A - B - | 0.707 s: redistribute 0.042 ntt 0.624 crt 0.001 out 0.035 carry 0.012
cache_trace node 0: piece (4, 0) of 5 x 3, 17293291 + 14411079 limbs at 69173180, slots 0 x 4 primes: A - B - | 0.663 s: redistribute 0.032 ntt 0.605 crt 0.001 out 0.025 carry 0.009
cache_trace node 1: piece (4, 0) of 5 x 3, 17293291 + 14411079 limbs at 69173180, slots 0 x 4 primes: A - B - | 0.663 s: redistribute 0.037 ntt 0.608 crt 0.001 out 0.022 carry 0.009
cache_trace node 0: piece (0, 1) of 5 x 3, 17293295 + 14411079 limbs at 14411079, slots 0 x 4 primes: A - B - | 0.713 s: redistribute 0.038 ntt 0.635 crt 0.001 out 0.028 carry 0.016
cache_trace node 1: piece (0, 1) of 5 x 3, 17293295 + 14411079 limbs at 14411079, slots 0 x 4 primes: A - B - | 0.713 s: redistribute 0.041 ntt 0.626 crt 0.001 out 0.030 carry 0.017
cache_trace node 0: piece (1, 1) of 5 x 3, 17293295 + 14411079 limbs at 31704374, slots 0 x 4 primes: A - B - | 0.735 s: redistribute 0.039 ntt 0.640 crt 0.001 out 0.045 carry 0.018
cache_trace node 1: piece (1, 1) of 5 x 3, 17293295 + 14411079 limbs at 31704374, slots 0 x 4 primes: A - B - | 0.735 s: redistribute 0.038 ntt 0.639 crt 0.001 out 0.041 carry 0.018
cache_trace node 0: piece (2, 1) of 5 x 3, 17293295 + 14411079 limbs at 48997669, slots 0 x 4 primes: A - B - | 0.691 s: redistribute 0.050 ntt 0.616 crt 0.001 out 0.033 carry 0.006
cache_trace node 1: piece (2, 1) of 5 x 3, 17293295 + 14411079 limbs at 48997669, slots 0 x 4 primes: A - B - | 0.691 s: redistribute 0.045 ntt 0.618 crt 0.001 out 0.027 carry 0.006
cache_trace node 0: piece (3, 1) of 5 x 3, 17293295 + 14411079 limbs at 66290964, slots 0 x 4 primes: A - B - | 0.689 s: redistribute 0.039 ntt 0.616 crt 0.001 out 0.030 carry 0.015
cache_trace node 1: piece (3, 1) of 5 x 3, 17293295 + 14411079 limbs at 66290964, slots 0 x 4 primes: A - B - | 0.689 s: redistribute 0.038 ntt 0.620 crt 0.001 out 0.024 carry 0.015
cache_trace node 0: piece (4, 1) of 5 x 3, 17293291 + 14411079 limbs at 83584259, slots 0 x 4 primes: A - B - | 0.660 s: redistribute 0.040 ntt 0.620 crt 0.001 out 0.007 carry 0.002
cache_trace node 1: piece (4, 1) of 5 x 3, 17293291 + 14411079 limbs at 83584259, slots 0 x 4 primes: A - B - | 0.660 s: redistribute 0.038 ntt 0.622 crt 0.001 out 0.008 carry 0.002
cache_trace node 0: piece (0, 2) of 5 x 3, 17293295 + 14411077 limbs at 28822158, slots 0 x 4 primes: A - B - | 0.697 s: redistribute 0.041 ntt 0.614 crt 0.001 out 0.037 carry 0.016
cache_trace node 1: piece (0, 2) of 5 x 3, 17293295 + 14411077 limbs at 28822158, slots 0 x 4 primes: A - B - | 0.697 s: redistribute 0.035 ntt 0.608 crt 0.001 out 0.042 carry 0.016
cache_trace node 0: piece (1, 2) of 5 x 3, 17293295 + 14411077 limbs at 46115453, slots 0 x 4 primes: A - B - | 0.700 s: redistribute 0.038 ntt 0.620 crt 0.001 out 0.033 carry 0.011
cache_trace node 1: piece (1, 2) of 5 x 3, 17293295 + 14411077 limbs at 46115453, slots 0 x 4 primes: A - B - | 0.700 s: redistribute 0.037 ntt 0.627 crt 0.001 out 0.031 carry 0.011
cache_trace node 0: piece (2, 2) of 5 x 3, 17293295 + 14411077 limbs at 63408748, slots 0 x 4 primes: A - B - | 0.693 s: redistribute 0.048 ntt 0.619 crt 0.001 out 0.031 carry 0.017
cache_trace node 1: piece (2, 2) of 5 x 3, 17293295 + 14411077 limbs at 63408748, slots 0 x 4 primes: A - B - | 0.693 s: redistribute 0.042 ntt 0.621 crt 0.001 out 0.027 carry 0.017
cache_trace node 0: piece (3, 2) of 5 x 3, 17293295 + 14411077 limbs at 80702043, slots 0 x 4 primes: A - B - | 0.667 s: redistribute 0.039 ntt 0.622 crt 0.001 out 0.013 carry 0.004
dist_mn node 0: 86466471 x 43233235 limbs over 2 x 4 ranks (cap 2^25): 5 x 3 pieces, 13 formed, 2 skipped (low product) (low cut) (cache 0 slots, partial: 0 hits, 0 misses)
cache_trace node 1: piece (3, 2) of 5 x 3, 17293295 + 14411077 limbs at 80702043, slots 0 x 4 primes: A - B - | 0.667 s: redistribute 0.035 ntt 0.621 crt 0.001 out 0.015 carry 0.004
dist_mn node 1: 86466471 x 43233235 limbs over 2 x 4 ranks (cap 2^25): 5 x 3 pieces, 13 formed, 2 skipped (low product) (low cut) (cache 0 slots, partial: 0 hits, 0 misses)
cx_grid node 1: rep 1 shape 5x3_lowhighcut (86466471 x 43233235, cut 43233235 / 86466471) slots 0: 9.012 s, cache 0 hits 0 misses, C sha256 83d94cc607ada3a3 same
cx_grid node 0: rep 1 shape 5x3_lowhighcut (86466471 x 43233235, cut 43233235 / 86466471) slots 0: 9.012 s, cache 0 hits 0 misses, C sha256 b427999dae1366c7 same
cache_trace node 0: piece (1, 0) of 5 x 3, 17293295 + 14411079 limbs at 17293295, slots 0 x 4 primes: A - B - | 0.687 s: redistribute 0.028 ntt 0.615 crt 0.001 out 0.032 carry 0.016
cache_trace node 1: piece (1, 0) of 5 x 3, 17293295 + 14411079 limbs at 17293295, slots 0 x 4 primes: A - B - | 0.687 s: redistribute 0.034 ntt 0.614 crt 0.001 out 0.038 carry 0.017
cache_trace node 0: piece (2, 0) of 5 x 3, 17293295 + 14411079 limbs at 34586590, slots 0 x 4 primes: A - B - | 0.713 s: redistribute 0.038 ntt 0.629 crt 0.001 out 0.040 carry 0.016
cache_trace node 1: piece (2, 0) of 5 x 3, 17293295 + 14411079 limbs at 34586590, slots 0 x 4 primes: A - B - | 0.713 s: redistribute 0.038 ntt 0.622 crt 0.001 out 0.043 carry 0.016
cache_trace node 0: piece (3, 0) of 5 x 3, 17293295 + 14411079 limbs at 51879885, slots 0 x 4 primes: A - B - | 0.692 s: redistribute 0.044 ntt 0.620 crt 0.001 out 0.032 carry 0.012
cache_trace node 1: piece (3, 0) of 5 x 3, 17293295 + 14411079 limbs at 51879885, slots 0 x 4 primes: A - B - | 0.692 s: redistribute 0.044 ntt 0.615 crt 0.001 out 0.028 carry 0.012
cache_trace node 0: piece (4, 0) of 5 x 3, 17293291 + 14411079 limbs at 69173180, slots 0 x 4 primes: A - B - | 0.676 s: redistribute 0.031 ntt 0.615 crt 0.001 out 0.024 carry 0.009
cache_trace node 1: piece (4, 0) of 5 x 3, 17293291 + 14411079 limbs at 69173180, slots 0 x 4 primes: A - B - | 0.676 s: redistribute 0.034 ntt 0.610 crt 0.001 out 0.028 carry 0.009
cache_trace node 0: piece (0, 1) of 5 x 3, 17293295 + 14411079 limbs at 14411079, slots 0 x 4 primes: A - B - | 0.697 s: redistribute 0.040 ntt 0.619 crt 0.001 out 0.032 carry 0.017
cache_trace node 1: piece (0, 1) of 5 x 3, 17293295 + 14411079 limbs at 14411079, slots 0 x 4 primes: A - B - | 0.697 s: redistribute 0.037 ntt 0.618 crt 0.001 out 0.030 carry 0.017
cache_trace node 0: piece (1, 1) of 5 x 3, 17293295 + 14411079 limbs at 31704374, slots 0 x 4 primes: A - B - | 0.717 s: redistribute 0.045 ntt 0.633 crt 0.001 out 0.042 carry 0.019
cache_trace node 1: piece (1, 1) of 5 x 3, 17293295 + 14411079 limbs at 31704374, slots 0 x 4 primes: A - B - | 0.717 s: redistribute 0.053 ntt 0.633 crt 0.001 out 0.036 carry 0.019
cache_trace node 0: piece (2, 1) of 5 x 3, 17293295 + 14411079 limbs at 48997669, slots 0 x 4 primes: A - B - | 0.710 s: redistribute 0.041 ntt 0.635 crt 0.001 out 0.032 carry 0.006
cache_trace node 1: piece (2, 1) of 5 x 3, 17293295 + 14411079 limbs at 48997669, slots 0 x 4 primes: A - B - | 0.710 s: redistribute 0.044 ntt 0.639 crt 0.001 out 0.032 carry 0.006
cache_trace node 0: piece (3, 1) of 5 x 3, 17293295 + 14411079 limbs at 66290964, slots 0 x 4 primes: A - B - | 0.702 s: redistribute 0.035 ntt 0.631 crt 0.001 out 0.027 carry 0.015
cache_trace node 1: piece (3, 1) of 5 x 3, 17293295 + 14411079 limbs at 66290964, slots 0 x 4 primes: A - B - | 0.702 s: redistribute 0.038 ntt 0.633 crt 0.001 out 0.026 carry 0.015
cache_trace node 0: piece (4, 1) of 5 x 3, 17293291 + 14411079 limbs at 83584259, slots 0 x 4 primes: A - B - | 0.661 s: redistribute 0.035 ntt 0.623 crt 0.001 out 0.006 carry 0.002
cache_trace node 1: piece (4, 1) of 5 x 3, 17293291 + 14411079 limbs at 83584259, slots 0 x 4 primes: A - B - | 0.661 s: redistribute 0.044 ntt 0.626 crt 0.001 out 0.010 carry 0.002
cache_trace node 0: piece (0, 2) of 5 x 3, 17293295 + 14411077 limbs at 28822158, slots 0 x 4 primes: A - B - | 0.685 s: redistribute 0.039 ntt 0.592 crt 0.001 out 0.041 carry 0.016
cache_trace node 1: piece (0, 2) of 5 x 3, 17293295 + 14411077 limbs at 28822158, slots 0 x 4 primes: A - B - | 0.685 s: redistribute 0.038 ntt 0.595 crt 0.001 out 0.039 carry 0.016
cache_trace node 0: piece (1, 2) of 5 x 3, 17293295 + 14411077 limbs at 46115453, slots 0 x 4 primes: A - B - | 0.705 s: redistribute 0.038 ntt 0.637 crt 0.001 out 0.036 carry 0.011
cache_trace node 1: piece (1, 2) of 5 x 3, 17293295 + 14411077 limbs at 46115453, slots 0 x 4 primes: A - B - | 0.705 s: redistribute 0.037 ntt 0.631 crt 0.001 out 0.033 carry 0.011
cache_trace node 0: piece (2, 2) of 5 x 3, 17293295 + 14411077 limbs at 63408748, slots 0 x 4 primes: A - B - | 0.696 s: redistribute 0.047 ntt 0.613 crt 0.001 out 0.029 carry 0.017
cache_trace node 1: piece (2, 2) of 5 x 3, 17293295 + 14411077 limbs at 63408748, slots 0 x 4 primes: A - B - | 0.696 s: redistribute 0.047 ntt 0.613 crt 0.001 out 0.031 carry 0.017
cache_trace node 0: piece (3, 2) of 5 x 3, 17293295 + 14411077 limbs at 80702043, slots 0 x 4 primes: A - B - | 0.674 s: redistribute 0.048 ntt 0.622 crt 0.001 out 0.012 carry 0.004
dist_mn node 0: 86466471 x 43233235 limbs over 2 x 4 ranks (cap 2^25): 5 x 3 pieces, 13 formed, 2 skipped (low product) (low cut) (cache 0 slots, partial: 0 hits, 0 misses)
cache_trace node 1: piece (3, 2) of 5 x 3, 17293295 + 14411077 limbs at 80702043, slots 0 x 4 primes: A - B - | 0.674 s: redistribute 0.046 ntt 0.628 crt 0.001 out 0.009 carry 0.004
dist_mn node 1: 86466471 x 43233235 limbs over 2 x 4 ranks (cap 2^25): 5 x 3 pieces, 13 formed, 2 skipped (low product) (low cut) (cache 0 slots, partial: 0 hits, 0 misses)
cx_grid node 0: rep 1 shape 5x3_lowhighcut (86466471 x 43233235, cut 43233235 / 86466471) slots 1: 9.020 s, cache 0 hits 0 misses, C sha256 b427999dae1366c7 same
cx_grid node 1: rep 1 shape 5x3_lowhighcut (86466471 x 43233235, cut 43233235 / 86466471) slots 1: 9.020 s, cache 0 hits 0 misses, C sha256 83d94cc607ada3a3 same
cache_trace node 0: piece (1, 0) of 5 x 3, 17293295 + 14411079 limbs at 17293295, slots 0 x 4 primes: A - B - | 0.683 s: redistribute 0.032 ntt 0.603 crt 0.001 out 0.037 carry 0.016
cache_trace node 1: piece (1, 0) of 5 x 3, 17293295 + 14411079 limbs at 17293295, slots 0 x 4 primes: A - B - | 0.683 s: redistribute 0.035 ntt 0.607 crt 0.001 out 0.037 carry 0.016
cache_trace node 0: piece (2, 0) of 5 x 3, 17293295 + 14411079 limbs at 34586590, slots 0 x 4 primes: A - B - | 0.690 s: redistribute 0.035 ntt 0.602 crt 0.001 out 0.043 carry 0.016
cache_trace node 1: piece (2, 0) of 5 x 3, 17293295 + 14411079 limbs at 34586590, slots 0 x 4 primes: A - B - | 0.690 s: redistribute 0.035 ntt 0.604 crt 0.001 out 0.041 carry 0.016
cache_trace node 0: piece (3, 0) of 5 x 3, 17293295 + 14411079 limbs at 51879885, slots 0 x 4 primes: A - B - | 0.680 s: redistribute 0.040 ntt 0.614 crt 0.001 out 0.036 carry 0.012
cache_trace node 1: piece (3, 0) of 5 x 3, 17293295 + 14411079 limbs at 51879885, slots 0 x 4 primes: A - B - | 0.680 s: redistribute 0.040 ntt 0.604 crt 0.001 out 0.035 carry 0.012
cache_trace node 0: piece (4, 0) of 5 x 3, 17293291 + 14411079 limbs at 69173180, slots 0 x 4 primes: A - B - | 0.698 s: redistribute 0.040 ntt 0.637 crt 0.001 out 0.021 carry 0.009
cache_trace node 1: piece (4, 0) of 5 x 3, 17293291 + 14411079 limbs at 69173180, slots 0 x 4 primes: A - B - | 0.698 s: redistribute 0.046 ntt 0.637 crt 0.001 out 0.026 carry 0.009
cache_trace node 0: piece (0, 1) of 5 x 3, 17293295 + 14411079 limbs at 14411079, slots 0 x 4 primes: A - B - | 0.685 s: redistribute 0.038 ntt 0.610 crt 0.001 out 0.029 carry 0.019
cache_trace node 1: piece (0, 1) of 5 x 3, 17293295 + 14411079 limbs at 14411079, slots 0 x 4 primes: A - B - | 0.685 s: redistribute 0.036 ntt 0.610 crt 0.001 out 0.028 carry 0.020
cache_trace node 0: piece (1, 1) of 5 x 3, 17293295 + 14411079 limbs at 31704374, slots 0 x 4 primes: A - B - | 0.701 s: redistribute 0.034 ntt 0.614 crt 0.001 out 0.043 carry 0.019
cache_trace node 1: piece (1, 1) of 5 x 3, 17293295 + 14411079 limbs at 31704374, slots 0 x 4 primes: A - B - | 0.701 s: redistribute 0.033 ntt 0.615 crt 0.001 out 0.039 carry 0.019
cache_trace node 0: piece (2, 1) of 5 x 3, 17293295 + 14411079 limbs at 48997669, slots 0 x 4 primes: A - B - | 0.682 s: redistribute 0.038 ntt 0.609 crt 0.001 out 0.034 carry 0.007
cache_trace node 1: piece (2, 1) of 5 x 3, 17293295 + 14411079 limbs at 48997669, slots 0 x 4 primes: A - B - | 0.682 s: redistribute 0.044 ntt 0.606 crt 0.001 out 0.035 carry 0.006
cache_trace node 0: piece (3, 1) of 5 x 3, 17293295 + 14411079 limbs at 66290964, slots 0 x 4 primes: A - B - | 0.694 s: redistribute 0.039 ntt 0.624 crt 0.001 out 0.024 carry 0.014
cache_trace node 1: piece (3, 1) of 5 x 3, 17293295 + 14411079 limbs at 66290964, slots 0 x 4 primes: A - B - | 0.694 s: redistribute 0.037 ntt 0.628 crt 0.001 out 0.027 carry 0.014
cache_trace node 0: piece (4, 1) of 5 x 3, 17293291 + 14411079 limbs at 83584259, slots 0 x 4 primes: A - B - | 0.674 s: redistribute 0.034 ntt 0.636 crt 0.001 out 0.010 carry 0.002
cache_trace node 1: piece (4, 1) of 5 x 3, 17293291 + 14411079 limbs at 83584259, slots 0 x 4 primes: A - B - | 0.674 s: redistribute 0.036 ntt 0.633 crt 0.001 out 0.007 carry 0.002
cache_trace node 0: piece (0, 2) of 5 x 3, 17293295 + 14411077 limbs at 28822158, slots 0 x 4 primes: A - B - | 0.715 s: redistribute 0.042 ntt 0.617 crt 0.001 out 0.041 carry 0.017
cache_trace node 1: piece (0, 2) of 5 x 3, 17293295 + 14411077 limbs at 28822158, slots 0 x 4 primes: A - B - | 0.715 s: redistribute 0.041 ntt 0.624 crt 0.001 out 0.044 carry 0.017
cache_trace node 0: piece (1, 2) of 5 x 3, 17293295 + 14411077 limbs at 46115453, slots 0 x 4 primes: A - B - | 0.688 s: redistribute 0.049 ntt 0.609 crt 0.001 out 0.031 carry 0.011
cache_trace node 1: piece (1, 2) of 5 x 3, 17293295 + 14411077 limbs at 46115453, slots 0 x 4 primes: A - B - | 0.688 s: redistribute 0.048 ntt 0.610 crt 0.001 out 0.033 carry 0.011
cache_trace node 0: piece (2, 2) of 5 x 3, 17293295 + 14411077 limbs at 63408748, slots 0 x 4 primes: A - B - | 0.712 s: redistribute 0.042 ntt 0.640 crt 0.001 out 0.026 carry 0.016
cache_trace node 1: piece (2, 2) of 5 x 3, 17293295 + 14411077 limbs at 63408748, slots 0 x 4 primes: A - B - | 0.712 s: redistribute 0.041 ntt 0.639 crt 0.001 out 0.029 carry 0.016
cache_trace node 0: piece (3, 2) of 5 x 3, 17293295 + 14411077 limbs at 80702043, slots 0 x 4 primes: A - B - | 0.712 s: redistribute 0.034 ntt 0.667 crt 0.001 out 0.010 carry 0.004
dist_mn node 0: 86466471 x 43233235 limbs over 2 x 4 ranks (cap 2^25): 5 x 3 pieces, 13 formed, 2 skipped (low product) (low cut) (cache 0 slots, partial: 0 hits, 0 misses)
cache_trace node 1: piece (3, 2) of 5 x 3, 17293295 + 14411077 limbs at 80702043, slots 0 x 4 primes: A - B - | 0.712 s: redistribute 0.032 ntt 0.667 crt 0.001 out 0.016 carry 0.004
dist_mn node 1: 86466471 x 43233235 limbs over 2 x 4 ranks (cap 2^25): 5 x 3 pieces, 13 formed, 2 skipped (low product) (low cut) (cache 0 slots, partial: 0 hits, 0 misses)
cx_grid node 0: rep 1 shape 5x3_lowhighcut (86466471 x 43233235, cut 43233235 / 86466471) slots 2: 9.019 s, cache 0 hits 0 misses, C sha256 b427999dae1366c7 same
cx_grid node 1: rep 1 shape 5x3_lowhighcut (86466471 x 43233235, cut 43233235 / 86466471) slots 2: 9.019 s, cache 0 hits 0 misses, C sha256 83d94cc607ada3a3 same
cache_trace node 0: piece (0, 1) of 2 x 4, 21616618 + 10808309 limbs at 10808309, slots 0 x 4 primes: A - B - | 0.707 s: redistribute 0.028 ntt 0.643 crt 0.001 out 0.025 carry 0.017
cache_trace node 1: piece (0, 1) of 2 x 4, 21616618 + 10808309 limbs at 10808309, slots 0 x 4 primes: A - B - | 0.707 s: redistribute 0.029 ntt 0.643 crt 0.001 out 0.025 carry 0.018
cache_trace node 0: piece (0, 2) of 2 x 4, 21616618 + 10808309 limbs at 21616618, slots 0 x 4 primes: A - B - | 0.705 s: redistribute 0.039 ntt 0.611 crt 0.001 out 0.042 carry 0.019
cache_trace node 1: piece (0, 2) of 2 x 4, 21616618 + 10808309 limbs at 21616618, slots 0 x 4 primes: A - B - | 0.705 s: redistribute 0.037 ntt 0.616 crt 0.001 out 0.038 carry 0.019
cache_trace node 0: piece (0, 3) of 2 x 4, 21616618 + 10808308 limbs at 32424927, slots 0 x 4 primes: A - B - | 0.711 s: redistribute 0.043 ntt 0.623 crt 0.001 out 0.037 carry 0.018
cache_trace node 1: piece (0, 3) of 2 x 4, 21616618 + 10808308 limbs at 32424927, slots 0 x 4 primes: A - B - | 0.711 s: redistribute 0.043 ntt 0.621 crt 0.001 out 0.036 carry 0.018
cache_trace node 0: piece (1, 0) of 2 x 4, 21616617 + 10808309 limbs at 21616618, slots 0 x 4 primes: A - B - | 0.711 s: redistribute 0.037 ntt 0.622 crt 0.001 out 0.044 carry 0.020
cache_trace node 1: piece (1, 0) of 2 x 4, 21616617 + 10808309 limbs at 21616618, slots 0 x 4 primes: A - B - | 0.711 s: redistribute 0.037 ntt 0.623 crt 0.001 out 0.044 carry 0.020
cache_trace node 0: piece (1, 1) of 2 x 4, 21616617 + 10808309 limbs at 32424927, slots 0 x 4 primes: A - B - | 0.705 s: redistribute 0.039 ntt 0.617 crt 0.001 out 0.040 carry 0.019
cache_trace node 1: piece (1, 1) of 2 x 4, 21616617 + 10808309 limbs at 32424927, slots 0 x 4 primes: A - B - | 0.705 s: redistribute 0.039 ntt 0.617 crt 0.001 out 0.039 carry 0.019
cache_trace node 0: piece (1, 2) of 2 x 4, 21616617 + 10808309 limbs at 43233236, slots 0 x 4 primes: A - B - | 0.699 s: redistribute 0.042 ntt 0.628 crt 0.001 out 0.029 carry 0.016
cache_trace node 1: piece (1, 2) of 2 x 4, 21616617 + 10808309 limbs at 43233236, slots 0 x 4 primes: A - B - | 0.699 s: redistribute 0.039 ntt 0.631 crt 0.001 out 0.029 carry 0.016
cache_trace node 0: piece (1, 3) of 2 x 4, 21616617 + 10808308 limbs at 54041545, slots 0 x 4 primes: A - B - | 0.729 s: redistribute 0.049 ntt 0.642 crt 0.001 out 0.030 carry 0.017
dist_mn node 0: 43233235 x 43233235 limbs over 2 x 4 ranks (cap 2^25): 2 x 4 pieces, 7 formed, 1 skipped (low cut) (cache 0 slots, partial: 0 hits, 0 misses)
cache_trace node 1: piece (1, 3) of 2 x 4, 21616617 + 10808308 limbs at 54041545, slots 0 x 4 primes: A - B - | 0.729 s: redistribute 0.049 ntt 0.638 crt 0.001 out 0.033 carry 0.017
dist_mn node 1: 43233235 x 43233235 limbs over 2 x 4 ranks (cap 2^25): 2 x 4 pieces, 7 formed, 1 skipped (low cut) (cache 0 slots, partial: 0 hits, 0 misses)
cx_grid node 1: rep 1 shape 2x4_lowcut (43233235 x 43233235, cut 43233235 / -1) slots 0: 4.969 s, cache 0 hits 0 misses, C sha256 ec985af0744fe53f same
cx_grid node 0: rep 1 shape 2x4_lowcut (43233235 x 43233235, cut 43233235 / -1) slots 0: 4.969 s, cache 0 hits 0 misses, C sha256 3f1673aba78d5f9c same
cache_trace node 0: piece (0, 1) of 2 x 4, 21616618 + 10808309 limbs at 10808309, slots 0 x 4 primes: A - B - | 0.645 s: redistribute 0.030 ntt 0.578 crt 0.001 out 0.025 carry 0.016
cache_trace node 1: piece (0, 1) of 2 x 4, 21616618 + 10808309 limbs at 10808309, slots 0 x 4 primes: A - B - | 0.645 s: redistribute 0.032 ntt 0.581 crt 0.001 out 0.023 carry 0.017
cache_trace node 0: piece (0, 2) of 2 x 4, 21616618 + 10808309 limbs at 21616618, slots 0 x 4 primes: A - B - | 0.711 s: redistribute 0.038 ntt 0.626 crt 0.001 out 0.045 carry 0.018
cache_trace node 1: piece (0, 2) of 2 x 4, 21616618 + 10808309 limbs at 21616618, slots 0 x 4 primes: A - B - | 0.711 s: redistribute 0.037 ntt 0.622 crt 0.001 out 0.047 carry 0.018
cache_trace node 0: piece (0, 3) of 2 x 4, 21616618 + 10808308 limbs at 32424927, slots 0 x 4 primes: A - B - | 0.718 s: redistribute 0.035 ntt 0.637 crt 0.001 out 0.033 carry 0.019
cache_trace node 1: piece (0, 3) of 2 x 4, 21616618 + 10808308 limbs at 32424927, slots 0 x 4 primes: A - B - | 0.718 s: redistribute 0.032 ntt 0.633 crt 0.001 out 0.039 carry 0.019
cache_trace node 0: piece (1, 0) of 2 x 4, 21616617 + 10808309 limbs at 21616618, slots 0 x 4 primes: A - B - | 0.709 s: redistribute 0.043 ntt 0.623 crt 0.001 out 0.048 carry 0.020
cache_trace node 1: piece (1, 0) of 2 x 4, 21616617 + 10808309 limbs at 21616618, slots 0 x 4 primes: A - B - | 0.709 s: redistribute 0.044 ntt 0.619 crt 0.001 out 0.044 carry 0.020
cache_trace node 0: piece (1, 1) of 2 x 4, 21616617 + 10808309 limbs at 32424927, slots 0 x 4 primes: A - B - | 0.688 s: redistribute 0.033 ntt 0.605 crt 0.001 out 0.041 carry 0.018
cache_trace node 1: piece (1, 1) of 2 x 4, 21616617 + 10808309 limbs at 32424927, slots 0 x 4 primes: A - B - | 0.688 s: redistribute 0.033 ntt 0.603 crt 0.001 out 0.037 carry 0.019
cache_trace node 0: piece (1, 2) of 2 x 4, 21616617 + 10808309 limbs at 43233236, slots 0 x 4 primes: A - B - | 0.688 s: redistribute 0.038 ntt 0.617 crt 0.001 out 0.027 carry 0.015
cache_trace node 1: piece (1, 2) of 2 x 4, 21616617 + 10808309 limbs at 43233236, slots 0 x 4 primes: A - B - | 0.688 s: redistribute 0.038 ntt 0.613 crt 0.001 out 0.031 carry 0.015
cache_trace node 0: piece (1, 3) of 2 x 4, 21616617 + 10808308 limbs at 54041545, slots 0 x 4 primes: A - B - | 0.681 s: redistribute 0.039 ntt 0.600 crt 0.001 out 0.035 carry 0.017
dist_mn node 0: 43233235 x 43233235 limbs over 2 x 4 ranks (cap 2^25): 2 x 4 pieces, 7 formed, 1 skipped (low cut) (cache 0 slots, partial: 0 hits, 0 misses)
cache_trace node 1: piece (1, 3) of 2 x 4, 21616617 + 10808308 limbs at 54041545, slots 0 x 4 primes: A - B - | 0.681 s: redistribute 0.039 ntt 0.597 crt 0.001 out 0.031 carry 0.017
dist_mn node 1: 43233235 x 43233235 limbs over 2 x 4 ranks (cap 2^25): 2 x 4 pieces, 7 formed, 1 skipped (low cut) (cache 0 slots, partial: 0 hits, 0 misses)
cx_grid node 0: rep 1 shape 2x4_lowcut (43233235 x 43233235, cut 43233235 / -1) slots 1: 4.844 s, cache 0 hits 0 misses, C sha256 3f1673aba78d5f9c same
cx_grid node 1: rep 1 shape 2x4_lowcut (43233235 x 43233235, cut 43233235 / -1) slots 1: 4.844 s, cache 0 hits 0 misses, C sha256 ec985af0744fe53f same
cache_trace node 0: piece (0, 1) of 2 x 4, 21616618 + 10808309 limbs at 10808309, slots 0 x 4 primes: A - B - | 0.710 s: redistribute 0.040 ntt 0.635 crt 0.001 out 0.031 carry 0.017
cache_trace node 1: piece (0, 1) of 2 x 4, 21616618 + 10808309 limbs at 10808309, slots 0 x 4 primes: A - B - | 0.710 s: redistribute 0.041 ntt 0.632 crt 0.001 out 0.032 carry 0.017
cache_trace node 0: piece (0, 2) of 2 x 4, 21616618 + 10808309 limbs at 21616618, slots 0 x 4 primes: A - B - | 0.713 s: redistribute 0.049 ntt 0.624 crt 0.001 out 0.038 carry 0.019
cache_trace node 1: piece (0, 2) of 2 x 4, 21616618 + 10808309 limbs at 21616618, slots 0 x 4 primes: A - B - | 0.713 s: redistribute 0.049 ntt 0.624 crt 0.001 out 0.041 carry 0.019
cache_trace node 0: piece (0, 3) of 2 x 4, 21616618 + 10808308 limbs at 32424927, slots 0 x 4 primes: A - B - | 0.692 s: redistribute 0.031 ntt 0.608 crt 0.001 out 0.041 carry 0.020
cache_trace node 1: piece (0, 3) of 2 x 4, 21616618 + 10808308 limbs at 32424927, slots 0 x 4 primes: A - B - | 0.692 s: redistribute 0.028 ntt 0.615 crt 0.001 out 0.040 carry 0.020
cache_trace node 0: piece (1, 0) of 2 x 4, 21616617 + 10808309 limbs at 21616618, slots 0 x 4 primes: A - B - | 0.694 s: redistribute 0.034 ntt 0.602 crt 0.001 out 0.041 carry 0.020
cache_trace node 1: piece (1, 0) of 2 x 4, 21616617 + 10808309 limbs at 21616618, slots 0 x 4 primes: A - B - | 0.694 s: redistribute 0.036 ntt 0.598 crt 0.001 out 0.042 carry 0.020
cache_trace node 0: piece (1, 1) of 2 x 4, 21616617 + 10808309 limbs at 32424927, slots 0 x 4 primes: A - B - | 0.712 s: redistribute 0.043 ntt 0.623 crt 0.001 out 0.040 carry 0.019
cache_trace node 1: piece (1, 1) of 2 x 4, 21616617 + 10808309 limbs at 32424927, slots 0 x 4 primes: A - B - | 0.712 s: redistribute 0.044 ntt 0.620 crt 0.001 out 0.042 carry 0.019
cache_trace node 0: piece (1, 2) of 2 x 4, 21616617 + 10808309 limbs at 43233236, slots 0 x 4 primes: A - B - | 0.698 s: redistribute 0.039 ntt 0.622 crt 0.001 out 0.030 carry 0.016
cache_trace node 1: piece (1, 2) of 2 x 4, 21616617 + 10808309 limbs at 43233236, slots 0 x 4 primes: A - B - | 0.698 s: redistribute 0.036 ntt 0.628 crt 0.001 out 0.030 carry 0.016
cache_trace node 0: piece (1, 3) of 2 x 4, 21616617 + 10808308 limbs at 54041545, slots 0 x 4 primes: A - B - | 0.690 s: redistribute 0.036 ntt 0.609 crt 0.001 out 0.035 carry 0.017
dist_mn node 0: 43233235 x 43233235 limbs over 2 x 4 ranks (cap 2^25): 2 x 4 pieces, 7 formed, 1 skipped (low cut) (cache 0 slots, partial: 0 hits, 0 misses)
cache_trace node 1: piece (1, 3) of 2 x 4, 21616617 + 10808308 limbs at 54041545, slots 0 x 4 primes: A - B - | 0.690 s: redistribute 0.035 ntt 0.612 crt 0.001 out 0.033 carry 0.017
dist_mn node 1: 43233235 x 43233235 limbs over 2 x 4 ranks (cap 2^25): 2 x 4 pieces, 7 formed, 1 skipped (low cut) (cache 0 slots, partial: 0 hits, 0 misses)
cx_grid node 1: rep 1 shape 2x4_lowcut (43233235 x 43233235, cut 43233235 / -1) slots 2: 4.913 s, cache 0 hits 0 misses, C sha256 ec985af0744fe53f same
cx_grid node 0: rep 1 shape 2x4_lowcut (43233235 x 43233235, cut 43233235 / -1) slots 2: 4.913 s, cache 0 hits 0 misses, C sha256 3f1673aba78d5f9c same
cache_trace node 0: piece (0, 4) of 5 x 6, 17293295 + 14411079 limbs at 57644316, slots 0 x 4 primes: A - B - | 0.685 s: redistribute 0.035 ntt 0.608 crt 0.001 out 0.032 carry 0.020
cache_trace node 1: piece (0, 4) of 5 x 6, 17293295 + 14411079 limbs at 57644316, slots 0 x 4 primes: A - B - | 0.685 s: redistribute 0.035 ntt 0.612 crt 0.001 out 0.034 carry 0.020
cache_trace node 0: piece (0, 5) of 5 x 6, 17293295 + 14411076 limbs at 72055395, slots 0 x 4 primes: A - B - | 0.709 s: redistribute 0.035 ntt 0.622 crt 0.001 out 0.041 carry 0.017
cache_trace node 1: piece (0, 5) of 5 x 6, 17293295 + 14411076 limbs at 72055395, slots 0 x 4 primes: A - B - | 0.709 s: redistribute 0.035 ntt 0.623 crt 0.001 out 0.040 carry 0.017
cache_trace node 0: piece (1, 3) of 5 x 6, 17293295 + 14411079 limbs at 60526532, slots 0 x 4 primes: A - B - | 0.713 s: redistribute 0.035 ntt 0.623 crt 0.001 out 0.032 carry 0.022
cache_trace node 1: piece (1, 3) of 5 x 6, 17293295 + 14411079 limbs at 60526532, slots 0 x 4 primes: A - B - | 0.713 s: redistribute 0.035 ntt 0.624 crt 0.001 out 0.037 carry 0.022
cache_trace node 0: piece (1, 4) of 5 x 6, 17293295 + 14411079 limbs at 74937611, slots 0 x 4 primes: A - B - | 0.691 s: redistribute 0.043 ntt 0.600 crt 0.001 out 0.041 carry 0.021
cache_trace node 1: piece (1, 4) of 5 x 6, 17293295 + 14411079 limbs at 74937611, slots 0 x 4 primes: A - B - | 0.691 s: redistribute 0.043 ntt 0.607 crt 0.001 out 0.039 carry 0.021
cache_trace node 0: piece (1, 5) of 5 x 6, 17293295 + 14411076 limbs at 89348690, slots 0 x 4 primes: A - B - | 0.712 s: redistribute 0.041 ntt 0.624 crt 0.001 out 0.033 carry 0.024
cache_trace node 1: piece (1, 5) of 5 x 6, 17293295 + 14411076 limbs at 89348690, slots 0 x 4 primes: A - B - | 0.712 s: redistribute 0.039 ntt 0.629 crt 0.001 out 0.031 carry 0.023
cache_trace node 0: piece (2, 2) of 5 x 6, 17293295 + 14411079 limbs at 63408748, slots 0 x 4 primes: A - B - | 0.705 s: redistribute 0.035 ntt 0.609 crt 0.001 out 0.045 carry 0.020
cache_trace node 1: piece (2, 2) of 5 x 6, 17293295 + 14411079 limbs at 63408748, slots 0 x 4 primes: A - B - | 0.705 s: redistribute 0.036 ntt 0.608 crt 0.001 out 0.047 carry 0.018
cache_trace node 0: piece (2, 3) of 5 x 6, 17293295 + 14411079 limbs at 77819827, slots 0 x 4 primes: A - B - | 0.720 s: redistribute 0.043 ntt 0.629 crt 0.001 out 0.040 carry 0.021
cache_trace node 1: piece (2, 3) of 5 x 6, 17293295 + 14411079 limbs at 77819827, slots 0 x 4 primes: A - B - | 0.720 s: redistribute 0.038 ntt 0.624 crt 0.001 out 0.038 carry 0.021
cache_trace node 0: piece (2, 4) of 5 x 6, 17293295 + 14411079 limbs at 92230906, slots 0 x 4 primes: A - B - | 0.725 s: redistribute 0.049 ntt 0.631 crt 0.001 out 0.034 carry 0.026
cache_trace node 1: piece (2, 4) of 5 x 6, 17293295 + 14411079 limbs at 92230906, slots 0 x 4 primes: A - B - | 0.725 s: redistribute 0.049 ntt 0.630 crt 0.001 out 0.036 carry 0.026
cache_trace node 0: piece (2, 5) of 5 x 6, 17293295 + 14411076 limbs at 106641985, slots 0 x 4 primes: A - B - | 0.699 s: redistribute 0.049 ntt 0.608 crt 0.001 out 0.032 carry 0.019
cache_trace node 1: piece (2, 5) of 5 x 6, 17293295 + 14411076 limbs at 106641985, slots 0 x 4 primes: A - B - | 0.699 s: redistribute 0.047 ntt 0.612 crt 0.001 out 0.030 carry 0.019
cache_trace node 0: piece (3, 1) of 5 x 6, 17293295 + 14411079 limbs at 66290964, slots 0 x 4 primes: A - B - | 0.708 s: redistribute 0.044 ntt 0.622 crt 0.001 out 0.044 carry 0.018
cache_trace node 1: piece (3, 1) of 5 x 6, 17293295 + 14411079 limbs at 66290964, slots 0 x 4 primes: A - B - | 0.708 s: redistribute 0.044 ntt 0.624 crt 0.001 out 0.043 carry 0.018
cache_trace node 0: piece (3, 2) of 5 x 6, 17293295 + 14411079 limbs at 80702043, slots 0 x 4 primes: A - B - | 0.712 s: redistribute 0.035 ntt 0.624 crt 0.001 out 0.040 carry 0.022
cache_trace node 1: piece (3, 2) of 5 x 6, 17293295 + 14411079 limbs at 80702043, slots 0 x 4 primes: A - B - | 0.712 s: redistribute 0.040 ntt 0.622 crt 0.001 out 0.039 carry 0.022
cache_trace node 0: piece (3, 3) of 5 x 6, 17293295 + 14411079 limbs at 95113122, slots 0 x 4 primes: A - B - | 0.684 s: redistribute 0.028 ntt 0.608 crt 0.001 out 0.028 carry 0.023
cache_trace node 1: piece (3, 3) of 5 x 6, 17293295 + 14411079 limbs at 95113122, slots 0 x 4 primes: A - B - | 0.684 s: redistribute 0.028 ntt 0.611 crt 0.001 out 0.033 carry 0.022
cache_trace node 0: piece (3, 4) of 5 x 6, 17293295 + 14411079 limbs at 109524201, slots 0 x 4 primes: A - B - | 0.702 s: redistribute 0.033 ntt 0.631 crt 0.001 out 0.036 carry 0.016
cache_trace node 1: piece (3, 4) of 5 x 6, 17293295 + 14411079 limbs at 109524201, slots 0 x 4 primes: A - B - | 0.702 s: redistribute 0.032 ntt 0.629 crt 0.001 out 0.034 carry 0.016
cache_trace node 0: piece (3, 5) of 5 x 6, 17293295 + 14411076 limbs at 123935280, slots 0 x 4 primes: A - B - | 0.702 s: redistribute 0.040 ntt 0.623 crt 0.001 out 0.032 carry 0.017
cache_trace node 1: piece (3, 5) of 5 x 6, 17293295 + 14411076 limbs at 123935280, slots 0 x 4 primes: A - B - | 0.702 s: redistribute 0.037 ntt 0.628 crt 0.001 out 0.030 carry 0.016
cache_trace node 0: piece (4, 0) of 5 x 6, 17293291 + 14411079 limbs at 69173180, slots 0 x 4 primes: A - B - | 0.700 s: redistribute 0.035 ntt 0.613 crt 0.001 out 0.044 carry 0.018
cache_trace node 1: piece (4, 0) of 5 x 6, 17293291 + 14411079 limbs at 69173180, slots 0 x 4 primes: A - B - | 0.700 s: redistribute 0.036 ntt 0.613 crt 0.001 out 0.040 carry 0.018
cache_trace node 0: piece (4, 1) of 5 x 6, 17293291 + 14411079 limbs at 83584259, slots 0 x 4 primes: A - B - | 0.706 s: redistribute 0.039 ntt 0.616 crt 0.001 out 0.040 carry 0.021
cache_trace node 1: piece (4, 1) of 5 x 6, 17293291 + 14411079 limbs at 83584259, slots 0 x 4 primes: A - B - | 0.706 s: redistribute 0.046 ntt 0.619 crt 0.001 out 0.033 carry 0.021
cache_trace node 0: piece (4, 2) of 5 x 6, 17293291 + 14411079 limbs at 97995338, slots 0 x 4 primes: A - B - | 0.704 s: redistribute 0.040 ntt 0.620 crt 0.001 out 0.034 carry 0.021
cache_trace node 1: piece (4, 2) of 5 x 6, 17293291 + 14411079 limbs at 97995338, slots 0 x 4 primes: A - B - | 0.704 s: redistribute 0.041 ntt 0.616 crt 0.001 out 0.034 carry 0.021
cache_trace node 0: piece (4, 3) of 5 x 6, 17293291 + 14411079 limbs at 112406417, slots 0 x 4 primes: A - B - | 0.691 s: redistribute 0.046 ntt 0.620 crt 0.001 out 0.032 carry 0.014
cache_trace node 1: piece (4, 3) of 5 x 6, 17293291 + 14411079 limbs at 112406417, slots 0 x 4 primes: A - B - | 0.691 s: redistribute 0.041 ntt 0.619 crt 0.001 out 0.034 carry 0.014
cache_trace node 0: piece (4, 4) of 5 x 6, 17293291 + 14411079 limbs at 126817496, slots 0 x 4 primes: A - B - | 0.719 s: redistribute 0.038 ntt 0.632 crt 0.001 out 0.032 carry 0.019
cache_trace node 1: piece (4, 4) of 5 x 6, 17293291 + 14411079 limbs at 126817496, slots 0 x 4 primes: A - B - | 0.719 s: redistribute 0.033 ntt 0.636 crt 0.001 out 0.034 carry 0.019
cache_trace node 0: piece (4, 5) of 5 x 6, 17293291 + 14411076 limbs at 141228575, slots 0 x 4 primes: A - B - | 0.703 s: redistribute 0.042 ntt 0.620 crt 0.001 out 0.033 carry 0.019
dist_mn node 0: 86466471 x 86466471 limbs over 2 x 4 ranks (cap 2^25): 5 x 6 pieces, 20 formed, 10 skipped (low cut) (cache 0 slots, partial: 0 hits, 0 misses)
cache_trace node 1: piece (4, 5) of 5 x 6, 17293291 + 14411076 limbs at 141228575, slots 0 x 4 primes: A - B - | 0.703 s: redistribute 0.036 ntt 0.627 crt 0.001 out 0.032 carry 0.019
dist_mn node 1: 86466471 x 86466471 limbs over 2 x 4 ranks (cap 2^25): 5 x 6 pieces, 20 formed, 10 skipped (low cut) (cache 0 slots, partial: 0 hits, 0 misses)
cx_grid node 0: rep 1 shape 5x6_lowcut (86466471 x 86466471, cut 86466471 / -1) slots 0: 14.095 s, cache 0 hits 0 misses, C sha256 9b670fb53bd43257 same
cx_grid node 1: rep 1 shape 5x6_lowcut (86466471 x 86466471, cut 86466471 / -1) slots 0: 14.095 s, cache 0 hits 0 misses, C sha256 9cd829468ba4e146 same
cache_trace node 0: piece (0, 4) of 5 x 6, 17293295 + 14411079 limbs at 57644316, slots 0 x 4 primes: A - B - | 0.721 s: redistribute 0.043 ntt 0.635 crt 0.001 out 0.038 carry 0.020
cache_trace node 1: piece (0, 4) of 5 x 6, 17293295 + 14411079 limbs at 57644316, slots 0 x 4 primes: A - B - | 0.721 s: redistribute 0.043 ntt 0.631 crt 0.001 out 0.032 carry 0.020
cache_trace node 0: piece (0, 5) of 5 x 6, 17293295 + 14411076 limbs at 72055395, slots 0 x 4 primes: A - B - | 0.710 s: redistribute 0.039 ntt 0.622 crt 0.001 out 0.046 carry 0.017
cache_trace node 1: piece (0, 5) of 5 x 6, 17293295 + 14411076 limbs at 72055395, slots 0 x 4 primes: A - B - | 0.710 s: redistribute 0.039 ntt 0.623 crt 0.001 out 0.041 carry 0.017
cache_trace node 0: piece (1, 3) of 5 x 6, 17293295 + 14411079 limbs at 60526532, slots 0 x 4 primes: A - B - | 0.695 s: redistribute 0.038 ntt 0.609 crt 0.001 out 0.031 carry 0.021
cache_trace node 1: piece (1, 3) of 5 x 6, 17293295 + 14411079 limbs at 60526532, slots 0 x 4 primes: A - B - | 0.695 s: redistribute 0.037 ntt 0.606 crt 0.001 out 0.034 carry 0.021
cache_trace node 0: piece (1, 4) of 5 x 6, 17293295 + 14411079 limbs at 74937611, slots 0 x 4 primes: A - B - | 0.700 s: redistribute 0.041 ntt 0.613 crt 0.001 out 0.033 carry 0.021
cache_trace node 1: piece (1, 4) of 5 x 6, 17293295 + 14411079 limbs at 74937611, slots 0 x 4 primes: A - B - | 0.700 s: redistribute 0.040 ntt 0.611 crt 0.001 out 0.038 carry 0.021
cache_trace node 0: piece (1, 5) of 5 x 6, 17293295 + 14411076 limbs at 89348690, slots 0 x 4 primes: A - B - | 0.694 s: redistribute 0.037 ntt 0.613 crt 0.001 out 0.030 carry 0.024
cache_trace node 1: piece (1, 5) of 5 x 6, 17293295 + 14411076 limbs at 89348690, slots 0 x 4 primes: A - B - | 0.694 s: redistribute 0.034 ntt 0.614 crt 0.001 out 0.029 carry 0.024
cache_trace node 0: piece (2, 2) of 5 x 6, 17293295 + 14411079 limbs at 63408748, slots 0 x 4 primes: A - B - | 0.708 s: redistribute 0.040 ntt 0.613 crt 0.001 out 0.040 carry 0.019
cache_trace node 1: piece (2, 2) of 5 x 6, 17293295 + 14411079 limbs at 63408748, slots 0 x 4 primes: A - B - | 0.708 s: redistribute 0.041 ntt 0.613 crt 0.001 out 0.040 carry 0.019
cache_trace node 0: piece (2, 3) of 5 x 6, 17293295 + 14411079 limbs at 77819827, slots 0 x 4 primes: A - B - | 0.708 s: redistribute 0.045 ntt 0.618 crt 0.001 out 0.037 carry 0.021
cache_trace node 1: piece (2, 3) of 5 x 6, 17293295 + 14411079 limbs at 77819827, slots 0 x 4 primes: A - B - | 0.708 s: redistribute 0.045 ntt 0.621 crt 0.001 out 0.033 carry 0.021
cache_trace node 0: piece (2, 4) of 5 x 6, 17293295 + 14411079 limbs at 92230906, slots 0 x 4 primes: A - B - | 0.708 s: redistribute 0.044 ntt 0.622 crt 0.001 out 0.028 carry 0.026
cache_trace node 1: piece (2, 4) of 5 x 6, 17293295 + 14411079 limbs at 92230906, slots 0 x 4 primes: A - B - | 0.708 s: redistribute 0.043 ntt 0.622 crt 0.001 out 0.034 carry 0.026
cache_trace node 0: piece (2, 5) of 5 x 6, 17293295 + 14411076 limbs at 106641985, slots 0 x 4 primes: A - B - | 0.711 s: redistribute 0.039 ntt 0.630 crt 0.001 out 0.028 carry 0.019
cache_trace node 1: piece (2, 5) of 5 x 6, 17293295 + 14411076 limbs at 106641985, slots 0 x 4 primes: A - B - | 0.711 s: redistribute 0.033 ntt 0.633 crt 0.001 out 0.034 carry 0.019
cache_trace node 0: piece (3, 1) of 5 x 6, 17293295 + 14411079 limbs at 66290964, slots 0 x 4 primes: A - B - | 0.705 s: redistribute 0.036 ntt 0.620 crt 0.001 out 0.038 carry 0.018
cache_trace node 1: piece (3, 1) of 5 x 6, 17293295 + 14411079 limbs at 66290964, slots 0 x 4 primes: A - B - | 0.705 s: redistribute 0.036 ntt 0.623 crt 0.001 out 0.038 carry 0.019
cache_trace node 0: piece (3, 2) of 5 x 6, 17293295 + 14411079 limbs at 80702043, slots 0 x 4 primes: A - B - | 0.712 s: redistribute 0.045 ntt 0.616 crt 0.001 out 0.040 carry 0.023
cache_trace node 1: piece (3, 2) of 5 x 6, 17293295 + 14411079 limbs at 80702043, slots 0 x 4 primes: A - B - | 0.712 s: redistribute 0.045 ntt 0.616 crt 0.001 out 0.038 carry 0.023
cache_trace node 0: piece (3, 3) of 5 x 6, 17293295 + 14411079 limbs at 95113122, slots 0 x 4 primes: A - B - | 0.728 s: redistribute 0.050 ntt 0.635 crt 0.001 out 0.036 carry 0.022
cache_trace node 1: piece (3, 3) of 5 x 6, 17293295 + 14411079 limbs at 95113122, slots 0 x 4 primes: A - B - | 0.728 s: redistribute 0.047 ntt 0.640 crt 0.001 out 0.032 carry 0.022
cache_trace node 0: piece (3, 4) of 5 x 6, 17293295 + 14411079 limbs at 109524201, slots 0 x 4 primes: A - B - | 0.711 s: redistribute 0.043 ntt 0.629 crt 0.001 out 0.029 carry 0.016
cache_trace node 1: piece (3, 4) of 5 x 6, 17293295 + 14411079 limbs at 109524201, slots 0 x 4 primes: A - B - | 0.711 s: redistribute 0.038 ntt 0.631 crt 0.001 out 0.033 carry 0.016
cache_trace node 0: piece (3, 5) of 5 x 6, 17293295 + 14411076 limbs at 123935280, slots 0 x 4 primes: A - B - | 0.703 s: redistribute 0.043 ntt 0.625 crt 0.001 out 0.032 carry 0.017
cache_trace node 1: piece (3, 5) of 5 x 6, 17293295 + 14411076 limbs at 123935280, slots 0 x 4 primes: A - B - | 0.703 s: redistribute 0.043 ntt 0.630 crt 0.001 out 0.037 carry 0.016
cache_trace node 0: piece (4, 0) of 5 x 6, 17293291 + 14411079 limbs at 69173180, slots 0 x 4 primes: A - B - | 0.709 s: redistribute 0.036 ntt 0.619 crt 0.001 out 0.044 carry 0.018
cache_trace node 1: piece (4, 0) of 5 x 6, 17293291 + 14411079 limbs at 69173180, slots 0 x 4 primes: A - B - | 0.709 s: redistribute 0.036 ntt 0.619 crt 0.001 out 0.043 carry 0.018
cache_trace node 0: piece (4, 1) of 5 x 6, 17293291 + 14411079 limbs at 83584259, slots 0 x 4 primes: A - B - | 0.702 s: redistribute 0.038 ntt 0.614 crt 0.001 out 0.036 carry 0.021
cache_trace node 1: piece (4, 1) of 5 x 6, 17293291 + 14411079 limbs at 83584259, slots 0 x 4 primes: A - B - | 0.702 s: redistribute 0.046 ntt 0.617 crt 0.001 out 0.033 carry 0.021
cache_trace node 0: piece (4, 2) of 5 x 6, 17293291 + 14411079 limbs at 97995338, slots 0 x 4 primes: A - B - | 0.720 s: redistribute 0.037 ntt 0.636 crt 0.001 out 0.033 carry 0.021
cache_trace node 1: piece (4, 2) of 5 x 6, 17293291 + 14411079 limbs at 97995338, slots 0 x 4 primes: A - B - | 0.720 s: redistribute 0.038 ntt 0.626 crt 0.001 out 0.038 carry 0.021
cache_trace node 0: piece (4, 3) of 5 x 6, 17293291 + 14411079 limbs at 112406417, slots 0 x 4 primes: A - B - | 0.691 s: redistribute 0.029 ntt 0.616 crt 0.001 out 0.038 carry 0.014
cache_trace node 1: piece (4, 3) of 5 x 6, 17293291 + 14411079 limbs at 112406417, slots 0 x 4 primes: A - B - | 0.691 s: redistribute 0.028 ntt 0.624 crt 0.001 out 0.036 carry 0.013
cache_trace node 0: piece (4, 4) of 5 x 6, 17293291 + 14411079 limbs at 126817496, slots 0 x 4 primes: A - B - | 0.683 s: redistribute 0.034 ntt 0.614 crt 0.001 out 0.032 carry 0.019
cache_trace node 1: piece (4, 4) of 5 x 6, 17293291 + 14411079 limbs at 126817496, slots 0 x 4 primes: A - B - | 0.683 s: redistribute 0.033 ntt 0.609 crt 0.001 out 0.032 carry 0.019
cache_trace node 0: piece (4, 5) of 5 x 6, 17293291 + 14411076 limbs at 141228575, slots 0 x 4 primes: A - B - | 0.691 s: redistribute 0.041 ntt 0.608 crt 0.001 out 0.030 carry 0.019
dist_mn node 0: 86466471 x 86466471 limbs over 2 x 4 ranks (cap 2^25): 5 x 6 pieces, 20 formed, 10 skipped (low cut) (cache 0 slots, partial: 0 hits, 0 misses)
cache_trace node 1: piece (4, 5) of 5 x 6, 17293291 + 14411076 limbs at 141228575, slots 0 x 4 primes: A - B - | 0.691 s: redistribute 0.041 ntt 0.614 crt 0.001 out 0.030 carry 0.019
dist_mn node 1: 86466471 x 86466471 limbs over 2 x 4 ranks (cap 2^25): 5 x 6 pieces, 20 formed, 10 skipped (low cut) (cache 0 slots, partial: 0 hits, 0 misses)
cx_grid node 0: rep 1 shape 5x6_lowcut (86466471 x 86466471, cut 86466471 / -1) slots 1: 14.196 s, cache 0 hits 0 misses, C sha256 9b670fb53bd43257 same
cx_grid node 1: rep 1 shape 5x6_lowcut (86466471 x 86466471, cut 86466471 / -1) slots 1: 14.196 s, cache 0 hits 0 misses, C sha256 9cd829468ba4e146 same
cache_trace node 0: piece (0, 4) of 5 x 6, 17293295 + 14411079 limbs at 57644316, slots 0 x 4 primes: A - B - | 0.690 s: redistribute 0.042 ntt 0.617 crt 0.001 out 0.026 carry 0.019
cache_trace node 1: piece (0, 4) of 5 x 6, 17293295 + 14411079 limbs at 57644316, slots 0 x 4 primes: A - B - | 0.690 s: redistribute 0.042 ntt 0.620 crt 0.001 out 0.027 carry 0.019
cache_trace node 0: piece (0, 5) of 5 x 6, 17293295 + 14411076 limbs at 72055395, slots 0 x 4 primes: A - B - | 0.690 s: redistribute 0.038 ntt 0.601 crt 0.001 out 0.042 carry 0.017
cache_trace node 1: piece (0, 5) of 5 x 6, 17293295 + 14411076 limbs at 72055395, slots 0 x 4 primes: A - B - | 0.690 s: redistribute 0.038 ntt 0.603 crt 0.001 out 0.043 carry 0.017
cache_trace node 0: piece (1, 3) of 5 x 6, 17293295 + 14411079 limbs at 60526532, slots 0 x 4 primes: A - B - | 0.692 s: redistribute 0.035 ntt 0.606 crt 0.001 out 0.031 carry 0.022
cache_trace node 1: piece (1, 3) of 5 x 6, 17293295 + 14411079 limbs at 60526532, slots 0 x 4 primes: A - B - | 0.692 s: redistribute 0.033 ntt 0.612 crt 0.001 out 0.033 carry 0.022
cache_trace node 0: piece (1, 4) of 5 x 6, 17293295 + 14411079 limbs at 74937611, slots 0 x 4 primes: A - B - | 0.692 s: redistribute 0.035 ntt 0.606 crt 0.001 out 0.040 carry 0.021
cache_trace node 1: piece (1, 4) of 5 x 6, 17293295 + 14411079 limbs at 74937611, slots 0 x 4 primes: A - B - | 0.692 s: redistribute 0.034 ntt 0.605 crt 0.001 out 0.038 carry 0.021
cache_trace node 0: piece (1, 5) of 5 x 6, 17293295 + 14411076 limbs at 89348690, slots 0 x 4 primes: A - B - | 0.706 s: redistribute 0.046 ntt 0.619 crt 0.001 out 0.035 carry 0.024
cache_trace node 1: piece (1, 5) of 5 x 6, 17293295 + 14411076 limbs at 89348690, slots 0 x 4 primes: A - B - | 0.706 s: redistribute 0.038 ntt 0.615 crt 0.001 out 0.035 carry 0.023
cache_trace node 0: piece (2, 2) of 5 x 6, 17293295 + 14411079 limbs at 63408748, slots 0 x 4 primes: A - B - | 0.702 s: redistribute 0.040 ntt 0.612 crt 0.001 out 0.036 carry 0.018
cache_trace node 1: piece (2, 2) of 5 x 6, 17293295 + 14411079 limbs at 63408748, slots 0 x 4 primes: A - B - | 0.702 s: redistribute 0.041 ntt 0.612 crt 0.001 out 0.035 carry 0.018
cache_trace node 0: piece (2, 3) of 5 x 6, 17293295 + 14411079 limbs at 77819827, slots 0 x 4 primes: A - B - | 0.706 s: redistribute 0.044 ntt 0.610 crt 0.001 out 0.039 carry 0.022
cache_trace node 1: piece (2, 3) of 5 x 6, 17293295 + 14411079 limbs at 77819827, slots 0 x 4 primes: A - B - | 0.706 s: redistribute 0.037 ntt 0.615 crt 0.001 out 0.040 carry 0.021
cache_trace node 0: piece (2, 4) of 5 x 6, 17293295 + 14411079 limbs at 92230906, slots 0 x 4 primes: A - B - | 0.700 s: redistribute 0.043 ntt 0.602 crt 0.001 out 0.034 carry 0.027
cache_trace node 1: piece (2, 4) of 5 x 6, 17293295 + 14411079 limbs at 92230906, slots 0 x 4 primes: A - B - | 0.700 s: redistribute 0.043 ntt 0.609 crt 0.001 out 0.037 carry 0.026
cache_trace node 0: piece (2, 5) of 5 x 6, 17293295 + 14411076 limbs at 106641985, slots 0 x 4 primes: A - B - | 0.696 s: redistribute 0.044 ntt 0.608 crt 0.001 out 0.034 carry 0.019
cache_trace node 1: piece (2, 5) of 5 x 6, 17293295 + 14411076 limbs at 106641985, slots 0 x 4 primes: A - B - | 0.696 s: redistribute 0.038 ntt 0.610 crt 0.001 out 0.035 carry 0.019
cache_trace node 0: piece (3, 1) of 5 x 6, 17293295 + 14411079 limbs at 66290964, slots 0 x 4 primes: A - B - | 0.693 s: redistribute 0.037 ntt 0.618 crt 0.001 out 0.039 carry 0.019
cache_trace node 1: piece (3, 1) of 5 x 6, 17293295 + 14411079 limbs at 66290964, slots 0 x 4 primes: A - B - | 0.693 s: redistribute 0.037 ntt 0.618 crt 0.001 out 0.039 carry 0.020
cache_trace node 0: piece (3, 2) of 5 x 6, 17293295 + 14411079 limbs at 80702043, slots 0 x 4 primes: A - B - | 0.706 s: redistribute 0.036 ntt 0.622 crt 0.001 out 0.039 carry 0.023
cache_trace node 1: piece (3, 2) of 5 x 6, 17293295 + 14411079 limbs at 80702043, slots 0 x 4 primes: A - B - | 0.706 s: redistribute 0.037 ntt 0.622 crt 0.001 out 0.038 carry 0.022
cache_trace node 0: piece (3, 3) of 5 x 6, 17293295 + 14411079 limbs at 95113122, slots 0 x 4 primes: A - B - | 0.726 s: redistribute 0.046 ntt 0.641 crt 0.001 out 0.034 carry 0.024
cache_trace node 1: piece (3, 3) of 5 x 6, 17293295 + 14411079 limbs at 95113122, slots 0 x 4 primes: A - B - | 0.726 s: redistribute 0.044 ntt 0.639 crt 0.001 out 0.035 carry 0.024
cache_trace node 0: piece (3, 4) of 5 x 6, 17293295 + 14411079 limbs at 109524201, slots 0 x 4 primes: A - B - | 0.699 s: redistribute 0.047 ntt 0.623 crt 0.001 out 0.037 carry 0.015
cache_trace node 1: piece (3, 4) of 5 x 6, 17293295 + 14411079 limbs at 109524201, slots 0 x 4 primes: A - B - | 0.699 s: redistribute 0.045 ntt 0.623 crt 0.001 out 0.035 carry 0.015
cache_trace node 0: piece (3, 5) of 5 x 6, 17293295 + 14411076 limbs at 123935280, slots 0 x 4 primes: A - B - | 0.710 s: redistribute 0.044 ntt 0.624 crt 0.001 out 0.037 carry 0.016
cache_trace node 1: piece (3, 5) of 5 x 6, 17293295 + 14411076 limbs at 123935280, slots 0 x 4 primes: A - B - | 0.710 s: redistribute 0.041 ntt 0.623 crt 0.001 out 0.035 carry 0.016
cache_trace node 0: piece (4, 0) of 5 x 6, 17293291 + 14411079 limbs at 69173180, slots 0 x 4 primes: A - B - | 0.709 s: redistribute 0.033 ntt 0.620 crt 0.001 out 0.045 carry 0.018
cache_trace node 1: piece (4, 0) of 5 x 6, 17293291 + 14411079 limbs at 69173180, slots 0 x 4 primes: A - B - | 0.709 s: redistribute 0.034 ntt 0.619 crt 0.001 out 0.041 carry 0.019
cache_trace node 0: piece (4, 1) of 5 x 6, 17293291 + 14411079 limbs at 83584259, slots 0 x 4 primes: A - B - | 0.705 s: redistribute 0.035 ntt 0.622 crt 0.001 out 0.036 carry 0.020
cache_trace node 1: piece (4, 1) of 5 x 6, 17293291 + 14411079 limbs at 83584259, slots 0 x 4 primes: A - B - | 0.705 s: redistribute 0.036 ntt 0.621 crt 0.001 out 0.037 carry 0.020
cache_trace node 0: piece (4, 2) of 5 x 6, 17293291 + 14411079 limbs at 97995338, slots 0 x 4 primes: A - B - | 0.693 s: redistribute 0.037 ntt 0.613 crt 0.001 out 0.032 carry 0.021
cache_trace node 1: piece (4, 2) of 5 x 6, 17293291 + 14411079 limbs at 97995338, slots 0 x 4 primes: A - B - | 0.693 s: redistribute 0.039 ntt 0.612 crt 0.001 out 0.031 carry 0.021
cache_trace node 0: piece (4, 3) of 5 x 6, 17293291 + 14411079 limbs at 112406417, slots 0 x 4 primes: A - B - | 0.691 s: redistribute 0.033 ntt 0.617 crt 0.001 out 0.032 carry 0.013
cache_trace node 1: piece (4, 3) of 5 x 6, 17293291 + 14411079 limbs at 112406417, slots 0 x 4 primes: A - B - | 0.691 s: redistribute 0.032 ntt 0.620 crt 0.001 out 0.030 carry 0.013
cache_trace node 0: piece (4, 4) of 5 x 6, 17293291 + 14411079 limbs at 126817496, slots 0 x 4 primes: A - B - | 0.719 s: redistribute 0.041 ntt 0.635 crt 0.001 out 0.034 carry 0.019
cache_trace node 1: piece (4, 4) of 5 x 6, 17293291 + 14411079 limbs at 126817496, slots 0 x 4 primes: A - B - | 0.719 s: redistribute 0.040 ntt 0.635 crt 0.001 out 0.031 carry 0.019
cache_trace node 0: piece (4, 5) of 5 x 6, 17293291 + 14411076 limbs at 141228575, slots 0 x 4 primes: A - B - | 0.701 s: redistribute 0.044 ntt 0.617 crt 0.001 out 0.031 carry 0.019
dist_mn node 0: 86466471 x 86466471 limbs over 2 x 4 ranks (cap 2^25): 5 x 6 pieces, 20 formed, 10 skipped (low cut) (cache 0 slots, partial: 0 hits, 0 misses)
cache_trace node 1: piece (4, 5) of 5 x 6, 17293291 + 14411076 limbs at 141228575, slots 0 x 4 primes: A - B - | 0.702 s: redistribute 0.042 ntt 0.622 crt 0.001 out 0.028 carry 0.019
dist_mn node 1: 86466471 x 86466471 limbs over 2 x 4 ranks (cap 2^25): 5 x 6 pieces, 20 formed, 10 skipped (low cut) (cache 0 slots, partial: 0 hits, 0 misses)
cx_grid node 1: rep 1 shape 5x6_lowcut (86466471 x 86466471, cut 86466471 / -1) slots 2: 14.033 s, cache 0 hits 0 misses, C sha256 9cd829468ba4e146 same
cx_grid node 0: rep 1 shape 5x6_lowcut (86466471 x 86466471, cut 86466471 / -1) slots 2: 14.033 s, cache 0 hits 0 misses, C sha256 9b670fb53bd43257 same
cache_trace node 0: piece (0, 0) of 5 x 6, 17293295 + 14411079 limbs at 0, slots 0 x 4 primes: A - B - | 0.673 s: redistribute 0.039 ntt 0.613 crt 0.001 out 0.033 carry 0.001
cache_trace node 1: piece (0, 0) of 5 x 6, 17293295 + 14411079 limbs at 0, slots 0 x 4 primes: A - B - | 0.673 s: redistribute 0.043 ntt 0.617 crt 0.001 out 0.029 carry 0.001
cache_trace node 0: piece (0, 1) of 5 x 6, 17293295 + 14411079 limbs at 14411079, slots 0 x 4 primes: A - B - | 0.696 s: redistribute 0.041 ntt 0.612 crt 0.001 out 0.030 carry 0.020
cache_trace node 1: piece (0, 1) of 5 x 6, 17293295 + 14411079 limbs at 14411079, slots 0 x 4 primes: A - B - | 0.696 s: redistribute 0.042 ntt 0.615 crt 0.001 out 0.032 carry 0.019
cache_trace node 0: piece (0, 2) of 5 x 6, 17293295 + 14411079 limbs at 28822158, slots 0 x 4 primes: A - B - | 0.692 s: redistribute 0.042 ntt 0.611 crt 0.001 out 0.039 carry 0.016
cache_trace node 1: piece (0, 2) of 5 x 6, 17293295 + 14411079 limbs at 28822158, slots 0 x 4 primes: A - B - | 0.692 s: redistribute 0.042 ntt 0.608 crt 0.001 out 0.036 carry 0.016
cache_trace node 0: piece (0, 3) of 5 x 6, 17293295 + 14411079 limbs at 43233237, slots 0 x 4 primes: A - B - | 0.681 s: redistribute 0.033 ntt 0.603 crt 0.001 out 0.029 carry 0.016
cache_trace node 1: piece (0, 3) of 5 x 6, 17293295 + 14411079 limbs at 43233237, slots 0 x 4 primes: A - B - | 0.681 s: redistribute 0.033 ntt 0.607 crt 0.001 out 0.028 carry 0.016
cache_trace node 0: piece (0, 4) of 5 x 6, 17293295 + 14411079 limbs at 57644316, slots 0 x 4 primes: A - B - | 0.701 s: redistribute 0.040 ntt 0.619 crt 0.001 out 0.030 carry 0.017
cache_trace node 1: piece (0, 4) of 5 x 6, 17293295 + 14411079 limbs at 57644316, slots 0 x 4 primes: A - B - | 0.701 s: redistribute 0.040 ntt 0.620 crt 0.001 out 0.031 carry 0.017
cache_trace node 0: piece (0, 5) of 5 x 6, 17293295 + 14411076 limbs at 72055395, slots 0 x 4 primes: A - B - | 0.675 s: redistribute 0.039 ntt 0.616 crt 0.001 out 0.023 carry 0.010
cache_trace node 1: piece (0, 5) of 5 x 6, 17293295 + 14411076 limbs at 72055395, slots 0 x 4 primes: A - B - | 0.675 s: redistribute 0.037 ntt 0.621 crt 0.001 out 0.024 carry 0.009
cache_trace node 0: piece (1, 0) of 5 x 6, 17293295 + 14411079 limbs at 17293295, slots 0 x 4 primes: A - B - | 0.713 s: redistribute 0.042 ntt 0.619 crt 0.001 out 0.040 carry 0.016
cache_trace node 1: piece (1, 0) of 5 x 6, 17293295 + 14411079 limbs at 17293295, slots 0 x 4 primes: A - B - | 0.713 s: redistribute 0.043 ntt 0.620 crt 0.001 out 0.038 carry 0.016
cache_trace node 0: piece (1, 1) of 5 x 6, 17293295 + 14411079 limbs at 31704374, slots 0 x 4 primes: A - B - | 0.698 s: redistribute 0.035 ntt 0.620 crt 0.001 out 0.041 carry 0.018
cache_trace node 1: piece (1, 1) of 5 x 6, 17293295 + 14411079 limbs at 31704374, slots 0 x 4 primes: A - B - | 0.698 s: redistribute 0.037 ntt 0.620 crt 0.001 out 0.038 carry 0.018
cache_trace node 0: piece (1, 2) of 5 x 6, 17293295 + 14411079 limbs at 46115453, slots 0 x 4 primes: A - B - | 0.675 s: redistribute 0.032 ntt 0.608 crt 0.001 out 0.034 carry 0.011
cache_trace node 1: piece (1, 2) of 5 x 6, 17293295 + 14411079 limbs at 46115453, slots 0 x 4 primes: A - B - | 0.675 s: redistribute 0.035 ntt 0.607 crt 0.001 out 0.033 carry 0.011
cache_trace node 0: piece (1, 3) of 5 x 6, 17293295 + 14411079 limbs at 60526532, slots 0 x 4 primes: A - B - | 0.682 s: redistribute 0.036 ntt 0.612 crt 0.001 out 0.030 carry 0.013
cache_trace node 1: piece (1, 3) of 5 x 6, 17293295 + 14411079 limbs at 60526532, slots 0 x 4 primes: A - B - | 0.682 s: redistribute 0.035 ntt 0.609 crt 0.001 out 0.029 carry 0.013
cache_trace node 0: piece (1, 4) of 5 x 6, 17293295 + 14411079 limbs at 74937611, slots 0 x 4 primes: A - B - | 0.687 s: redistribute 0.036 ntt 0.635 crt 0.001 out 0.020 carry 0.009
cache_trace node 1: piece (1, 4) of 5 x 6, 17293295 + 14411079 limbs at 74937611, slots 0 x 4 primes: A - B - | 0.687 s: redistribute 0.036 ntt 0.629 crt 0.001 out 0.025 carry 0.009
cache_trace node 0: piece (2, 0) of 5 x 6, 17293295 + 14411079 limbs at 34586590, slots 0 x 4 primes: A - B - | 0.722 s: redistribute 0.043 ntt 0.634 crt 0.001 out 0.036 carry 0.016
cache_trace node 1: piece (2, 0) of 5 x 6, 17293295 + 14411079 limbs at 34586590, slots 0 x 4 primes: A - B - | 0.722 s: redistribute 0.045 ntt 0.634 crt 0.001 out 0.038 carry 0.016
cache_trace node 0: piece (2, 1) of 5 x 6, 17293295 + 14411079 limbs at 48997669, slots 0 x 4 primes: A - B - | 0.694 s: redistribute 0.041 ntt 0.618 crt 0.001 out 0.036 carry 0.006
cache_trace node 1: piece (2, 1) of 5 x 6, 17293295 + 14411079 limbs at 48997669, slots 0 x 4 primes: A - B - | 0.694 s: redistribute 0.045 ntt 0.618 crt 0.001 out 0.039 carry 0.006
cache_trace node 0: piece (2, 2) of 5 x 6, 17293295 + 14411079 limbs at 63408748, slots 0 x 4 primes: A - B - | 0.704 s: redistribute 0.041 ntt 0.624 crt 0.001 out 0.025 carry 0.016
cache_trace node 1: piece (2, 2) of 5 x 6, 17293295 + 14411079 limbs at 63408748, slots 0 x 4 primes: A - B - | 0.704 s: redistribute 0.045 ntt 0.622 crt 0.001 out 0.031 carry 0.016
cache_trace node 0: piece (2, 3) of 5 x 6, 17293295 + 14411079 limbs at 77819827, slots 0 x 4 primes: A - B - | 0.691 s: redistribute 0.043 ntt 0.628 crt 0.001 out 0.018 carry 0.007
cache_trace node 1: piece (2, 3) of 5 x 6, 17293295 + 14411079 limbs at 77819827, slots 0 x 4 primes: A - B - | 0.691 s: redistribute 0.040 ntt 0.637 crt 0.001 out 0.017 carry 0.007
cache_trace node 0: piece (3, 0) of 5 x 6, 17293295 + 14411079 limbs at 51879885, slots 0 x 4 primes: A - B - | 0.715 s: redistribute 0.044 ntt 0.644 crt 0.001 out 0.028 carry 0.012
cache_trace node 1: piece (3, 0) of 5 x 6, 17293295 + 14411079 limbs at 51879885, slots 0 x 4 primes: A - B - | 0.715 s: redistribute 0.044 ntt 0.637 crt 0.001 out 0.034 carry 0.011
cache_trace node 0: piece (3, 1) of 5 x 6, 17293295 + 14411079 limbs at 66290964, slots 0 x 4 primes: A - B - | 0.696 s: redistribute 0.039 ntt 0.622 crt 0.001 out 0.031 carry 0.014
cache_trace node 1: piece (3, 1) of 5 x 6, 17293295 + 14411079 limbs at 66290964, slots 0 x 4 primes: A - B - | 0.696 s: redistribute 0.040 ntt 0.623 crt 0.001 out 0.032 carry 0.014
cache_trace node 0: piece (3, 2) of 5 x 6, 17293295 + 14411079 limbs at 80702043, slots 0 x 4 primes: A - B - | 0.656 s: redistribute 0.038 ntt 0.608 crt 0.001 out 0.013 carry 0.004
cache_trace node 1: piece (3, 2) of 5 x 6, 17293295 + 14411079 limbs at 80702043, slots 0 x 4 primes: A - B - | 0.656 s: redistribute 0.038 ntt 0.605 crt 0.001 out 0.016 carry 0.004
cache_trace node 0: piece (4, 0) of 5 x 6, 17293291 + 14411079 limbs at 69173180, slots 0 x 4 primes: A - B - | 0.683 s: redistribute 0.034 ntt 0.619 crt 0.001 out 0.023 carry 0.009
cache_trace node 1: piece (4, 0) of 5 x 6, 17293291 + 14411079 limbs at 69173180, slots 0 x 4 primes: A - B - | 0.683 s: redistribute 0.036 ntt 0.620 crt 0.001 out 0.020 carry 0.009
cache_trace node 0: piece (4, 1) of 5 x 6, 17293291 + 14411079 limbs at 83584259, slots 0 x 4 primes: A - B - | 0.642 s: redistribute 0.038 ntt 0.596 crt 0.001 out 0.009 carry 0.002
dist_mn node 0: 86466471 x 86466471 limbs over 2 x 4 ranks (cap 2^25): 5 x 6 pieces, 20 formed, 10 skipped (low product) (cache 0 slots, partial: 0 hits, 0 misses)
cache_trace node 1: piece (4, 1) of 5 x 6, 17293291 + 14411079 limbs at 83584259, slots 0 x 4 primes: A - B - | 0.642 s: redistribute 0.041 ntt 0.598 crt 0.001 out 0.009 carry 0.002
dist_mn node 1: 86466471 x 86466471 limbs over 2 x 4 ranks (cap 2^25): 5 x 6 pieces, 20 formed, 10 skipped (low product) (cache 0 slots, partial: 0 hits, 0 misses)
cx_grid node 0: rep 1 shape 5x6_highcut (86466471 x 86466471, cut 0 / 86466471) slots 0: 13.782 s, cache 0 hits 0 misses, C sha256 cf16d9f968b3c1fc same
cx_grid node 1: rep 1 shape 5x6_highcut (86466471 x 86466471, cut 0 / 86466471) slots 0: 13.782 s, cache 0 hits 0 misses, C sha256 27b0af0492a0457e same
   transform cache (RNS_DIST_CACHE_PARTIAL) node 0: 1 slot of 2 of 4 primes, q 2^22.00, from the block pool: 0.07 GB per APU (0.27 per node) | pool free 0.75 GB per APU (the smallest), the product's need 0.16, margin 0.50 -> 2 planes
   transform cache (RNS_DIST_CACHE_PARTIAL) node 1: 1 slot of 2 of 4 primes, q 2^22.00, from the block pool: 0.07 GB per APU (0.27 per node) | pool free 0.96 GB per APU (the smallest), the product's need 0.16, margin 0.50 -> 2 planes
cache_trace node 0: piece (0, 0) of 5 x 6, 17293295 + 14411079 limbs at 0, slots 1 x 2 primes: A cached B - | 0.667 s: redistribute 0.038 ntt 0.620 crt 0.001 out 0.034 carry 0.001
cache_trace node 1: piece (0, 0) of 5 x 6, 17293295 + 14411079 limbs at 0, slots 1 x 2 primes: A cached B - | 0.667 s: redistribute 0.038 ntt 0.614 crt 0.001 out 0.031 carry 0.001
cache_trace node 0: piece (0, 1) of 5 x 6, 17293295 + 14411079 limbs at 14411079, slots 1 x 2 primes: A HIT B - | 0.609 s: redistribute 0.038 ntt 0.524 crt 0.001 out 0.037 carry 0.019
cache_trace node 1: piece (0, 1) of 5 x 6, 17293295 + 14411079 limbs at 14411079, slots 1 x 2 primes: A HIT B - | 0.609 s: redistribute 0.039 ntt 0.522 crt 0.001 out 0.032 carry 0.020
cache_trace node 0: piece (0, 2) of 5 x 6, 17293295 + 14411079 limbs at 28822158, slots 1 x 2 primes: A HIT B - | 0.596 s: redistribute 0.036 ntt 0.517 crt 0.001 out 0.035 carry 0.017
cache_trace node 1: piece (0, 2) of 5 x 6, 17293295 + 14411079 limbs at 28822158, slots 1 x 2 primes: A HIT B - | 0.596 s: redistribute 0.036 ntt 0.509 crt 0.001 out 0.038 carry 0.017
cache_trace node 0: piece (0, 3) of 5 x 6, 17293295 + 14411079 limbs at 43233237, slots 1 x 2 primes: A HIT B - | 0.601 s: redistribute 0.042 ntt 0.518 crt 0.001 out 0.034 carry 0.015
cache_trace node 1: piece (0, 3) of 5 x 6, 17293295 + 14411079 limbs at 43233237, slots 1 x 2 primes: A HIT B - | 0.602 s: redistribute 0.041 ntt 0.523 crt 0.001 out 0.035 carry 0.015
cache_trace node 0: piece (0, 4) of 5 x 6, 17293295 + 14411079 limbs at 57644316, slots 1 x 2 primes: A HIT B - | 0.593 s: redistribute 0.032 ntt 0.521 crt 0.001 out 0.031 carry 0.018
cache_trace node 1: piece (0, 4) of 5 x 6, 17293295 + 14411079 limbs at 57644316, slots 1 x 2 primes: A HIT B - | 0.593 s: redistribute 0.031 ntt 0.519 crt 0.001 out 0.033 carry 0.017
cache_trace node 0: piece (0, 5) of 5 x 6, 17293295 + 14411076 limbs at 72055395, slots 1 x 2 primes: A HIT B - | 0.598 s: redistribute 0.040 ntt 0.530 crt 0.001 out 0.024 carry 0.010
cache_trace node 1: piece (0, 5) of 5 x 6, 17293295 + 14411076 limbs at 72055395, slots 1 x 2 primes: A HIT B - | 0.598 s: redistribute 0.039 ntt 0.532 crt 0.001 out 0.022 carry 0.009
cache_trace node 0: piece (1, 0) of 5 x 6, 17293295 + 14411079 limbs at 17293295, slots 1 x 2 primes: A cached B - | 0.719 s: redistribute 0.042 ntt 0.638 crt 0.001 out 0.034 carry 0.015
cache_trace node 1: piece (1, 0) of 5 x 6, 17293295 + 14411079 limbs at 17293295, slots 1 x 2 primes: A cached B - | 0.719 s: redistribute 0.044 ntt 0.628 crt 0.001 out 0.036 carry 0.015
cache_trace node 0: piece (1, 1) of 5 x 6, 17293295 + 14411079 limbs at 31704374, slots 1 x 2 primes: A HIT B - | 0.608 s: redistribute 0.045 ntt 0.514 crt 0.001 out 0.040 carry 0.018
cache_trace node 1: piece (1, 1) of 5 x 6, 17293295 + 14411079 limbs at 31704374, slots 1 x 2 primes: A HIT B - | 0.608 s: redistribute 0.045 ntt 0.516 crt 0.001 out 0.041 carry 0.018
cache_trace node 0: piece (1, 2) of 5 x 6, 17293295 + 14411079 limbs at 46115453, slots 1 x 2 primes: A HIT B - | 0.602 s: redistribute 0.043 ntt 0.517 crt 0.001 out 0.035 carry 0.011
cache_trace node 1: piece (1, 2) of 5 x 6, 17293295 + 14411079 limbs at 46115453, slots 1 x 2 primes: A HIT B - | 0.602 s: redistribute 0.044 ntt 0.516 crt 0.001 out 0.033 carry 0.011
cache_trace node 0: piece (1, 3) of 5 x 6, 17293295 + 14411079 limbs at 60526532, slots 1 x 2 primes: A HIT B - | 0.580 s: redistribute 0.041 ntt 0.503 crt 0.001 out 0.028 carry 0.014
cache_trace node 1: piece (1, 3) of 5 x 6, 17293295 + 14411079 limbs at 60526532, slots 1 x 2 primes: A HIT B - | 0.580 s: redistribute 0.040 ntt 0.502 crt 0.001 out 0.030 carry 0.013
cache_trace node 0: piece (1, 4) of 5 x 6, 17293295 + 14411079 limbs at 74937611, slots 1 x 2 primes: A HIT B - | 0.583 s: redistribute 0.038 ntt 0.519 crt 0.001 out 0.020 carry 0.009
cache_trace node 1: piece (1, 4) of 5 x 6, 17293295 + 14411079 limbs at 74937611, slots 1 x 2 primes: A HIT B - | 0.583 s: redistribute 0.037 ntt 0.518 crt 0.001 out 0.020 carry 0.009
cache_trace node 0: piece (2, 0) of 5 x 6, 17293295 + 14411079 limbs at 34586590, slots 1 x 2 primes: A cached B - | 0.708 s: redistribute 0.041 ntt 0.618 crt 0.001 out 0.041 carry 0.017
cache_trace node 1: piece (2, 0) of 5 x 6, 17293295 + 14411079 limbs at 34586590, slots 1 x 2 primes: A cached B - | 0.708 s: redistribute 0.046 ntt 0.618 crt 0.001 out 0.035 carry 0.017
cache_trace node 0: piece (2, 1) of 5 x 6, 17293295 + 14411079 limbs at 48997669, slots 1 x 2 primes: A HIT B - | 0.618 s: redistribute 0.042 ntt 0.535 crt 0.001 out 0.044 carry 0.006
cache_trace node 1: piece (2, 1) of 5 x 6, 17293295 + 14411079 limbs at 48997669, slots 1 x 2 primes: A HIT B - | 0.618 s: redistribute 0.044 ntt 0.530 crt 0.001 out 0.041 carry 0.006
cache_trace node 0: piece (2, 2) of 5 x 6, 17293295 + 14411079 limbs at 63408748, slots 1 x 2 primes: A HIT B - | 0.588 s: redistribute 0.034 ntt 0.514 crt 0.001 out 0.028 carry 0.017
cache_trace node 1: piece (2, 2) of 5 x 6, 17293295 + 14411079 limbs at 63408748, slots 1 x 2 primes: A HIT B - | 0.588 s: redistribute 0.034 ntt 0.514 crt 0.001 out 0.030 carry 0.016
cache_trace node 0: piece (2, 3) of 5 x 6, 17293295 + 14411079 limbs at 77819827, slots 1 x 2 primes: A HIT B - | 0.586 s: redistribute 0.044 ntt 0.525 crt 0.001 out 0.017 carry 0.007
cache_trace node 1: piece (2, 3) of 5 x 6, 17293295 + 14411079 limbs at 77819827, slots 1 x 2 primes: A HIT B - | 0.586 s: redistribute 0.044 ntt 0.531 crt 0.001 out 0.019 carry 0.007
cache_trace node 0: piece (3, 0) of 5 x 6, 17293295 + 14411079 limbs at 51879885, slots 1 x 2 primes: A cached B - | 0.687 s: redistribute 0.034 ntt 0.617 crt 0.001 out 0.031 carry 0.012
cache_trace node 1: piece (3, 0) of 5 x 6, 17293295 + 14411079 limbs at 51879885, slots 1 x 2 primes: A cached B - | 0.687 s: redistribute 0.034 ntt 0.619 crt 0.001 out 0.032 carry 0.012
cache_trace node 0: piece (3, 1) of 5 x 6, 17293295 + 14411079 limbs at 66290964, slots 1 x 2 primes: A HIT B - | 0.586 s: redistribute 0.033 ntt 0.525 crt 0.001 out 0.027 carry 0.015
cache_trace node 1: piece (3, 1) of 5 x 6, 17293295 + 14411079 limbs at 66290964, slots 1 x 2 primes: A HIT B - | 0.586 s: redistribute 0.034 ntt 0.526 crt 0.001 out 0.027 carry 0.015
cache_trace node 0: piece (3, 2) of 5 x 6, 17293295 + 14411079 limbs at 80702043, slots 1 x 2 primes: A HIT B - | 0.570 s: redistribute 0.039 ntt 0.526 crt 0.001 out 0.013 carry 0.004
cache_trace node 1: piece (3, 2) of 5 x 6, 17293295 + 14411079 limbs at 80702043, slots 1 x 2 primes: A HIT B - | 0.570 s: redistribute 0.041 ntt 0.523 crt 0.001 out 0.012 carry 0.004
cache_trace node 0: piece (4, 0) of 5 x 6, 17293291 + 14411079 limbs at 69173180, slots 1 x 2 primes: A cached B - | 0.688 s: redistribute 0.037 ntt 0.629 crt 0.001 out 0.018 carry 0.010
cache_trace node 1: piece (4, 0) of 5 x 6, 17293291 + 14411079 limbs at 69173180, slots 1 x 2 primes: A cached B - | 0.688 s: redistribute 0.039 ntt 0.624 crt 0.001 out 0.025 carry 0.009
cache_trace node 0: piece (4, 1) of 5 x 6, 17293291 + 14411079 limbs at 83584259, slots 1 x 2 primes: A HIT B - | 0.544 s: redistribute 0.028 ntt 0.512 crt 0.001 out 0.007 carry 0.002
dist_mn node 0: 86466471 x 86466471 limbs over 2 x 4 ranks (cap 2^25): 5 x 6 pieces, 20 formed, 10 skipped (low product) (cache 1 slots of 2 primes, partial: 15 hits, 5 misses)
cache_trace node 1: piece (4, 1) of 5 x 6, 17293291 + 14411079 limbs at 83584259, slots 1 x 2 primes: A HIT B - | 0.544 s: redistribute 0.031 ntt 0.508 crt 0.001 out 0.009 carry 0.002
dist_mn node 1: 86466471 x 86466471 limbs over 2 x 4 ranks (cap 2^25): 5 x 6 pieces, 20 formed, 10 skipped (low product) (cache 1 slots of 2 primes, partial: 15 hits, 5 misses)
cx_grid node 0: rep 1 shape 5x6_highcut (86466471 x 86466471, cut 0 / 86466471) slots 1: 12.338 s, cache 15 hits 5 misses, C sha256 cf16d9f968b3c1fc same
cx_grid node 1: rep 1 shape 5x6_highcut (86466471 x 86466471, cut 0 / 86466471) slots 1: 12.338 s, cache 15 hits 5 misses, C sha256 27b0af0492a0457e same
   transform cache (RNS_DIST_CACHE_PARTIAL) node 0: 1 slot of 2 of 4 primes, q 2^22.00, from the block pool: 0.07 GB per APU (0.27 per node) | pool free 0.75 GB per APU (the smallest), the product's need 0.16, margin 0.50 -> 2 planes
   transform cache (RNS_DIST_CACHE_PARTIAL) node 1: 1 slot of 2 of 4 primes, q 2^22.00, from the block pool: 0.07 GB per APU (0.27 per node) | pool free 0.96 GB per APU (the smallest), the product's need 0.16, margin 0.50 -> 2 planes
cache_trace node 0: piece (0, 0) of 5 x 6, 17293295 + 14411079 limbs at 0, slots 1 x 2 primes: A cached B - | 0.656 s: redistribute 0.031 ntt 0.600 crt 0.001 out 0.028 carry 0.001
cache_trace node 1: piece (0, 0) of 5 x 6, 17293295 + 14411079 limbs at 0, slots 1 x 2 primes: A cached B - | 0.656 s: redistribute 0.034 ntt 0.600 crt 0.001 out 0.025 carry 0.001
cache_trace node 0: piece (0, 1) of 5 x 6, 17293295 + 14411079 limbs at 14411079, slots 1 x 2 primes: A HIT B - | 0.592 s: redistribute 0.035 ntt 0.518 crt 0.001 out 0.033 carry 0.016
cache_trace node 1: piece (0, 1) of 5 x 6, 17293295 + 14411079 limbs at 14411079, slots 1 x 2 primes: A HIT B - | 0.592 s: redistribute 0.039 ntt 0.517 crt 0.001 out 0.033 carry 0.017
cache_trace node 0: piece (0, 2) of 5 x 6, 17293295 + 14411079 limbs at 28822158, slots 1 x 2 primes: A HIT B - | 0.602 s: redistribute 0.039 ntt 0.515 crt 0.001 out 0.044 carry 0.016
cache_trace node 1: piece (0, 2) of 5 x 6, 17293295 + 14411079 limbs at 28822158, slots 1 x 2 primes: A HIT B - | 0.602 s: redistribute 0.040 ntt 0.513 crt 0.001 out 0.039 carry 0.016
cache_trace node 0: piece (0, 3) of 5 x 6, 17293295 + 14411079 limbs at 43233237, slots 1 x 2 primes: A HIT B - | 0.596 s: redistribute 0.042 ntt 0.518 crt 0.001 out 0.030 carry 0.016
cache_trace node 1: piece (0, 3) of 5 x 6, 17293295 + 14411079 limbs at 43233237, slots 1 x 2 primes: A HIT B - | 0.596 s: redistribute 0.041 ntt 0.514 crt 0.001 out 0.031 carry 0.016
cache_trace node 0: piece (0, 4) of 5 x 6, 17293295 + 14411079 limbs at 57644316, slots 1 x 2 primes: A HIT B - | 0.589 s: redistribute 0.036 ntt 0.515 crt 0.001 out 0.029 carry 0.017
cache_trace node 1: piece (0, 4) of 5 x 6, 17293295 + 14411079 limbs at 57644316, slots 1 x 2 primes: A HIT B - | 0.589 s: redistribute 0.035 ntt 0.516 crt 0.001 out 0.028 carry 0.017
cache_trace node 0: piece (0, 5) of 5 x 6, 17293295 + 14411076 limbs at 72055395, slots 1 x 2 primes: A HIT B - | 0.587 s: redistribute 0.035 ntt 0.534 crt 0.001 out 0.021 carry 0.009
cache_trace node 1: piece (0, 5) of 5 x 6, 17293295 + 14411076 limbs at 72055395, slots 1 x 2 primes: A HIT B - | 0.587 s: redistribute 0.034 ntt 0.531 crt 0.001 out 0.021 carry 0.009
cache_trace node 0: piece (1, 0) of 5 x 6, 17293295 + 14411079 limbs at 17293295, slots 1 x 2 primes: A cached B - | 0.715 s: redistribute 0.037 ntt 0.637 crt 0.001 out 0.036 carry 0.016
cache_trace node 1: piece (1, 0) of 5 x 6, 17293295 + 14411079 limbs at 17293295, slots 1 x 2 primes: A cached B - | 0.715 s: redistribute 0.041 ntt 0.641 crt 0.001 out 0.034 carry 0.016
cache_trace node 0: piece (1, 1) of 5 x 6, 17293295 + 14411079 limbs at 31704374, slots 1 x 2 primes: A HIT B - | 0.627 s: redistribute 0.038 ntt 0.539 crt 0.001 out 0.039 carry 0.019
cache_trace node 1: piece (1, 1) of 5 x 6, 17293295 + 14411079 limbs at 31704374, slots 1 x 2 primes: A HIT B - | 0.627 s: redistribute 0.042 ntt 0.531 crt 0.001 out 0.042 carry 0.019
cache_trace node 0: piece (1, 2) of 5 x 6, 17293295 + 14411079 limbs at 46115453, slots 1 x 2 primes: A HIT B - | 0.583 s: redistribute 0.032 ntt 0.514 crt 0.001 out 0.037 carry 0.011
cache_trace node 1: piece (1, 2) of 5 x 6, 17293295 + 14411079 limbs at 46115453, slots 1 x 2 primes: A HIT B - | 0.583 s: redistribute 0.032 ntt 0.514 crt 0.001 out 0.032 carry 0.011
cache_trace node 0: piece (1, 3) of 5 x 6, 17293295 + 14411079 limbs at 60526532, slots 1 x 2 primes: A HIT B - | 0.605 s: redistribute 0.040 ntt 0.536 crt 0.001 out 0.026 carry 0.014
cache_trace node 1: piece (1, 3) of 5 x 6, 17293295 + 14411079 limbs at 60526532, slots 1 x 2 primes: A HIT B - | 0.605 s: redistribute 0.039 ntt 0.536 crt 0.001 out 0.029 carry 0.014
cache_trace node 0: piece (1, 4) of 5 x 6, 17293295 + 14411079 limbs at 74937611, slots 1 x 2 primes: A HIT B - | 0.579 s: redistribute 0.037 ntt 0.519 crt 0.001 out 0.022 carry 0.009
cache_trace node 1: piece (1, 4) of 5 x 6, 17293295 + 14411079 limbs at 74937611, slots 1 x 2 primes: A HIT B - | 0.579 s: redistribute 0.037 ntt 0.522 crt 0.001 out 0.019 carry 0.009
cache_trace node 0: piece (2, 0) of 5 x 6, 17293295 + 14411079 limbs at 34586590, slots 1 x 2 primes: A cached B - | 0.707 s: redistribute 0.041 ntt 0.613 crt 0.001 out 0.040 carry 0.017
cache_trace node 1: piece (2, 0) of 5 x 6, 17293295 + 14411079 limbs at 34586590, slots 1 x 2 primes: A cached B - | 0.707 s: redistribute 0.042 ntt 0.617 crt 0.001 out 0.038 carry 0.017
cache_trace node 0: piece (2, 1) of 5 x 6, 17293295 + 14411079 limbs at 48997669, slots 1 x 2 primes: A HIT B - | 0.575 s: redistribute 0.043 ntt 0.510 crt 0.001 out 0.029 carry 0.006
cache_trace node 1: piece (2, 1) of 5 x 6, 17293295 + 14411079 limbs at 48997669, slots 1 x 2 primes: A HIT B - | 0.575 s: redistribute 0.043 ntt 0.508 crt 0.001 out 0.031 carry 0.006
cache_trace node 0: piece (2, 2) of 5 x 6, 17293295 + 14411079 limbs at 63408748, slots 1 x 2 primes: A HIT B - | 0.578 s: redistribute 0.037 ntt 0.503 crt 0.001 out 0.028 carry 0.017
cache_trace node 1: piece (2, 2) of 5 x 6, 17293295 + 14411079 limbs at 63408748, slots 1 x 2 primes: A HIT B - | 0.578 s: redistribute 0.038 ntt 0.496 crt 0.001 out 0.031 carry 0.016
cache_trace node 0: piece (2, 3) of 5 x 6, 17293295 + 14411079 limbs at 77819827, slots 1 x 2 primes: A HIT B - | 0.593 s: redistribute 0.043 ntt 0.531 crt 0.001 out 0.014 carry 0.007
cache_trace node 1: piece (2, 3) of 5 x 6, 17293295 + 14411079 limbs at 77819827, slots 1 x 2 primes: A HIT B - | 0.593 s: redistribute 0.043 ntt 0.530 crt 0.001 out 0.018 carry 0.007
cache_trace node 0: piece (3, 0) of 5 x 6, 17293295 + 14411079 limbs at 51879885, slots 1 x 2 primes: A cached B - | 0.696 s: redistribute 0.037 ntt 0.616 crt 0.001 out 0.031 carry 0.012
cache_trace node 1: piece (3, 0) of 5 x 6, 17293295 + 14411079 limbs at 51879885, slots 1 x 2 primes: A cached B - | 0.696 s: redistribute 0.038 ntt 0.618 crt 0.001 out 0.034 carry 0.012
cache_trace node 0: piece (3, 1) of 5 x 6, 17293295 + 14411079 limbs at 66290964, slots 1 x 2 primes: A HIT B - | 0.590 s: redistribute 0.029 ntt 0.525 crt 0.001 out 0.026 carry 0.015
cache_trace node 1: piece (3, 1) of 5 x 6, 17293295 + 14411079 limbs at 66290964, slots 1 x 2 primes: A HIT B - | 0.590 s: redistribute 0.030 ntt 0.522 crt 0.001 out 0.031 carry 0.015
cache_trace node 0: piece (3, 2) of 5 x 6, 17293295 + 14411079 limbs at 80702043, slots 1 x 2 primes: A HIT B - | 0.569 s: redistribute 0.041 ntt 0.527 crt 0.001 out 0.015 carry 0.004
cache_trace node 1: piece (3, 2) of 5 x 6, 17293295 + 14411079 limbs at 80702043, slots 1 x 2 primes: A HIT B - | 0.569 s: redistribute 0.043 ntt 0.520 crt 0.001 out 0.014 carry 0.004
cache_trace node 0: piece (4, 0) of 5 x 6, 17293291 + 14411079 limbs at 69173180, slots 1 x 2 primes: A cached B - | 0.668 s: redistribute 0.039 ntt 0.611 crt 0.001 out 0.025 carry 0.010
cache_trace node 1: piece (4, 0) of 5 x 6, 17293291 + 14411079 limbs at 69173180, slots 1 x 2 primes: A cached B - | 0.668 s: redistribute 0.040 ntt 0.607 crt 0.001 out 0.023 carry 0.010
cache_trace node 0: piece (4, 1) of 5 x 6, 17293291 + 14411079 limbs at 83584259, slots 1 x 2 primes: A HIT B - | 0.573 s: redistribute 0.038 ntt 0.525 crt 0.001 out 0.010 carry 0.002
dist_mn node 0: 86466471 x 86466471 limbs over 2 x 4 ranks (cap 2^25): 5 x 6 pieces, 20 formed, 10 skipped (low product) (cache 1 slots of 2 primes, partial: 15 hits, 5 misses)
cache_trace node 1: piece (4, 1) of 5 x 6, 17293291 + 14411079 limbs at 83584259, slots 1 x 2 primes: A HIT B - | 0.573 s: redistribute 0.042 ntt 0.527 crt 0.001 out 0.006 carry 0.002
dist_mn node 1: 86466471 x 86466471 limbs over 2 x 4 ranks (cap 2^25): 5 x 6 pieces, 20 formed, 10 skipped (low product) (cache 1 slots of 2 primes, partial: 15 hits, 5 misses)
cx_grid node 1: rep 1 shape 5x6_highcut (86466471 x 86466471, cut 0 / 86466471) slots 2: 12.285 s, cache 15 hits 5 misses, C sha256 27b0af0492a0457e same
cx_grid node 1: the cache's allocation 0.00 s (once, excluded above)
cx_grid node 0: rep 1 shape 5x6_highcut (86466471 x 86466471, cut 0 / 86466471) slots 2: 12.285 s, cache 15 hits 5 misses, C sha256 cf16d9f968b3c1fc same
cx_grid node 0: the cache's allocation 0.00 s (once, excluded above)

cx_grid: VERIFY OK (1 checks)

cx_grid: VERIFY OK (1 checks)
