META bench=t_mn_grid host=ppac-pl1-s24-16 date=2026-09-29T01:22:03
META bench=t_mn_grid host=ppac-pl1-s24-16 date=2026-09-29T01:22:03
mn: node 0 of 2, four meshes of 2 ranks on ppac-pl1-s24-16,ppac-pl1-s24-16 (port base 20880): connected in 0.40 s
mn: node 0: level 1 group [0, 2) (transform nodes 2): meshes connected in 0.00 s
t_mn_grid: node 0 of 2, group [0, 2) (2 x 4 ranks), plane cap 2^25, unit 33554432 limbs
mn: node 1 of 2, four meshes of 2 ranks on ppac-pl1-s24-16,ppac-pl1-s24-16 (port base 20880): connected in 0.05 s
mn: node 1: level 1 group [0, 2) (transform nodes 2): meshes connected in 0.00 s
t_mn_grid: node 1 of 2, group [0, 2) (2 x 4 ranks), plane cap 2^25, unit 33554432 limbs
   one plane 10066329 x 8388608: 4.02 s
dist_mn node 0: 10066329 x 8388608 limbs over 2 x 4 ranks (cap 2^25): 1 x 1 pieces, 0 formed, 1 skipped (low cut) (cache 0 slots, partial: 0 hits, 0 misses)
dist_mn node 1: 10066329 x 8388608 limbs over 2 x 4 ranks (cap 2^25): 1 x 1 pieces, 0 formed, 1 skipped (low cut) (cache 0 slots, partial: 0 hits, 0 misses)
dist_mn node 0: 10066329 x 8388608 limbs over 2 x 4 ranks (cap 2^25): 1 x 1 pieces, 0 formed, 1 skipped (low product) (low cut) (cache 0 slots, partial: 0 hits, 0 misses)
dist_mn node 1: 10066329 x 8388608 limbs over 2 x 4 ranks (cap 2^25): 1 x 1 pieces, 0 formed, 1 skipped (low product) (low cut) (cache 0 slots, partial: 0 hits, 0 misses)
dist_mn node 0: 10066329 x 8388608 limbs over 2 x 4 ranks (cap 2^25): 1 x 1 pieces, 0 formed, 1 skipped (low cut) (cache 0 slots, partial: 0 hits, 0 misses)
dist_mn node 1: 10066329 x 8388608 limbs over 2 x 4 ranks (cap 2^25): 1 x 1 pieces, 0 formed, 1 skipped (low cut) (cache 0 slots, partial: 0 hits, 0 misses)
dist_mn node 0: 10066329 x 8388608 limbs over 2 x 4 ranks (cap 2^25): 1 x 1 pieces, 0 formed, 1 skipped (low product) (low cut) (cache 0 slots, partial: 0 hits, 0 misses)
dist_mn node 1: 10066329 x 8388608 limbs over 2 x 4 ranks (cap 2^25): 1 x 1 pieces, 0 formed, 1 skipped (low product) (low cut) (cache 0 slots, partial: 0 hits, 0 misses)
   transform cache (RNS_DIST_CACHE_PARTIAL) node 0: 1 slot of 1 of 4 primes, q 2^22.00, from the block pool: 0.03 GB per APU (0.13 per node) | pool free 0.11 GB per APU (the smallest), the product's need 0.12, margin 0.50 -> 1 planes (RNS_DIST_CACHE_PARTIAL_FORCE)
   transform cache (RNS_DIST_CACHE_PARTIAL) node 1: 1 slot of 1 of 4 primes, q 2^22.00, from the block pool: 0.03 GB per APU (0.13 per node) | pool free 0.11 GB per APU (the smallest), the product's need 0.12, margin 0.50 -> 1 planes (RNS_DIST_CACHE_PARTIAL_FORCE)
dist_mn node 0: 20132659 x 16777216 limbs over 2 x 4 ranks (cap 2^25): 1 x 2 pieces, 2 formed, 0 skipped (cache 1 slots of 1 prime, partial: 1 hits, 1 misses)
dist_mn node 1: 20132659 x 16777216 limbs over 2 x 4 ranks (cap 2^25): 1 x 2 pieces, 2 formed, 0 skipped (cache 1 slots of 1 prime, partial: 1 hits, 1 misses)
   2 pieces 20132659 x 16777216: 4.42 s
   transform cache (RNS_DIST_CACHE_PARTIAL) node 1: 1 slot of 1 of 4 primes, q 2^22.00, from the block pool: 0.03 GB per APU (0.13 per node) | pool free 0.24 GB per APU (the smallest), the product's need 0.12, margin 0.50 -> 1 planes (RNS_DIST_CACHE_PARTIAL_FORCE)
   transform cache (RNS_DIST_CACHE_PARTIAL) node 0: 1 slot of 1 of 4 primes, q 2^22.00, from the block pool: 0.03 GB per APU (0.13 per node) | pool free 0.21 GB per APU (the smallest), the product's need 0.12, margin 0.50 -> 1 planes (RNS_DIST_CACHE_PARTIAL_FORCE)
dist_mn node 0: 20132659 x 16777216 limbs over 2 x 4 ranks (cap 2^25): 1 x 2 pieces, 2 formed, 0 skipped (cache 1 slots of 1 prime, partial: 2 hits, 2 misses)
dist_mn node 1: 20132659 x 16777216 limbs over 2 x 4 ranks (cap 2^25): 1 x 2 pieces, 2 formed, 0 skipped (cache 1 slots of 1 prime, partial: 2 hits, 2 misses)
   transform cache (RNS_DIST_CACHE_PARTIAL) node 0: 1 slot of 1 of 4 primes, q 2^22.00, from the block pool: 0.03 GB per APU (0.13 per node) | pool free 0.26 GB per APU (the smallest), the product's need 0.10, margin 0.50 -> 1 planes (RNS_DIST_CACHE_PARTIAL_FORCE)
   transform cache (RNS_DIST_CACHE_PARTIAL) node 1: 1 slot of 1 of 4 primes, q 2^22.00, from the block pool: 0.03 GB per APU (0.13 per node) | pool free 0.30 GB per APU (the smallest), the product's need 0.10, margin 0.50 -> 1 planes (RNS_DIST_CACHE_PARTIAL_FORCE)
dist_mn node 0: 20132659 x 16777216 limbs over 2 x 4 ranks (cap 2^25): 1 x 2 pieces, 2 formed, 0 skipped (low product) (cache 1 slots of 1 prime, partial: 3 hits, 3 misses)
dist_mn node 1: 20132659 x 16777216 limbs over 2 x 4 ranks (cap 2^25): 1 x 2 pieces, 2 formed, 0 skipped (low product) (cache 1 slots of 1 prime, partial: 3 hits, 3 misses)
   transform cache (RNS_DIST_CACHE_PARTIAL) node 1: 1 slot of 1 of 4 primes, q 2^22.00, from the block pool: 0.03 GB per APU (0.13 per node) | pool free 0.31 GB per APU (the smallest), the product's need 0.12, margin 0.50 -> 1 planes (RNS_DIST_CACHE_PARTIAL_FORCE)
   transform cache (RNS_DIST_CACHE_PARTIAL) node 0: 1 slot of 1 of 4 primes, q 2^22.00, from the block pool: 0.03 GB per APU (0.13 per node) | pool free 0.27 GB per APU (the smallest), the product's need 0.12, margin 0.50 -> 1 planes (RNS_DIST_CACHE_PARTIAL_FORCE)
dist_mn node 0: 20132659 x 16777216 limbs over 2 x 4 ranks (cap 2^25): 1 x 2 pieces, 2 formed, 0 skipped (low product) (cache 1 slots of 1 prime, partial: 4 hits, 4 misses)
dist_mn node 1: 20132659 x 16777216 limbs over 2 x 4 ranks (cap 2^25): 1 x 2 pieces, 2 formed, 0 skipped (low product) (cache 1 slots of 1 prime, partial: 4 hits, 4 misses)
   transform cache (RNS_DIST_CACHE_PARTIAL) node 1: 1 slot of 1 of 4 primes, q 2^22.00, from the block pool: 0.03 GB per APU (0.13 per node) | pool free 0.28 GB per APU (the smallest), the product's need 0.12, margin 0.50 -> 1 planes (RNS_DIST_CACHE_PARTIAL_FORCE)
   transform cache (RNS_DIST_CACHE_PARTIAL) node 0: 1 slot of 1 of 4 primes, q 2^22.00, from the block pool: 0.03 GB per APU (0.13 per node) | pool free 0.24 GB per APU (the smallest), the product's need 0.12, margin 0.50 -> 1 planes (RNS_DIST_CACHE_PARTIAL_FORCE)
dist_mn node 0: 20132659 x 16777216 limbs over 2 x 4 ranks (cap 2^25): 1 x 2 pieces, 2 formed, 0 skipped (low cut) (cache 1 slots of 1 prime, partial: 5 hits, 5 misses)
dist_mn node 1: 20132659 x 16777216 limbs over 2 x 4 ranks (cap 2^25): 1 x 2 pieces, 2 formed, 0 skipped (low cut) (cache 1 slots of 1 prime, partial: 5 hits, 5 misses)
   transform cache (RNS_DIST_CACHE_PARTIAL) node 0: 1 slot of 1 of 4 primes, q 2^22.00, from the block pool: 0.03 GB per APU (0.13 per node) | pool free 0.24 GB per APU (the smallest), the product's need 0.12, margin 0.50 -> 1 planes (RNS_DIST_CACHE_PARTIAL_FORCE)
   transform cache (RNS_DIST_CACHE_PARTIAL) node 1: 1 slot of 1 of 4 primes, q 2^22.00, from the block pool: 0.03 GB per APU (0.13 per node) | pool free 0.28 GB per APU (the smallest), the product's need 0.12, margin 0.50 -> 1 planes (RNS_DIST_CACHE_PARTIAL_FORCE)
dist_mn node 0: 20132659 x 16777216 limbs over 2 x 4 ranks (cap 2^25): 1 x 2 pieces, 2 formed, 0 skipped (low product) (low cut) (cache 1 slots of 1 prime, partial: 6 hits, 6 misses)
dist_mn node 1: 20132659 x 16777216 limbs over 2 x 4 ranks (cap 2^25): 1 x 2 pieces, 2 formed, 0 skipped (low product) (low cut) (cache 1 slots of 1 prime, partial: 6 hits, 6 misses)
   transform cache (RNS_DIST_CACHE_PARTIAL) node 0: 1 slot of 1 of 4 primes, q 2^22.00, from the block pool: 0.03 GB per APU (0.13 per node) | pool free 0.24 GB per APU (the smallest), the product's need 0.12, margin 0.50 -> 1 planes (RNS_DIST_CACHE_PARTIAL_FORCE)
   transform cache (RNS_DIST_CACHE_PARTIAL) node 1: 1 slot of 1 of 4 primes, q 2^22.00, from the block pool: 0.03 GB per APU (0.13 per node) | pool free 0.28 GB per APU (the smallest), the product's need 0.12, margin 0.50 -> 1 planes (RNS_DIST_CACHE_PARTIAL_FORCE)
dist_mn node 0: 20132659 x 16777216 limbs over 2 x 4 ranks (cap 2^25): 1 x 2 pieces, 2 formed, 0 skipped (low cut) (cache 1 slots of 1 prime, partial: 7 hits, 7 misses)
dist_mn node 1: 20132659 x 16777216 limbs over 2 x 4 ranks (cap 2^25): 1 x 2 pieces, 2 formed, 0 skipped (low cut) (cache 1 slots of 1 prime, partial: 7 hits, 7 misses)
   transform cache (RNS_DIST_CACHE_PARTIAL) node 1: 1 slot of 1 of 4 primes, q 2^22.00, from the block pool: 0.03 GB per APU (0.13 per node) | pool free 0.28 GB per APU (the smallest), the product's need 0.12, margin 0.50 -> 1 planes (RNS_DIST_CACHE_PARTIAL_FORCE)
   transform cache (RNS_DIST_CACHE_PARTIAL) node 0: 1 slot of 1 of 4 primes, q 2^22.00, from the block pool: 0.03 GB per APU (0.13 per node) | pool free 0.24 GB per APU (the smallest), the product's need 0.12, margin 0.50 -> 1 planes (RNS_DIST_CACHE_PARTIAL_FORCE)
dist_mn node 0: 20132659 x 16777216 limbs over 2 x 4 ranks (cap 2^25): 1 x 2 pieces, 2 formed, 0 skipped (low product) (low cut) (cache 1 slots of 1 prime, partial: 8 hits, 8 misses)
dist_mn node 1: 20132659 x 16777216 limbs over 2 x 4 ranks (cap 2^25): 1 x 2 pieces, 2 formed, 0 skipped (low product) (low cut) (cache 1 slots of 1 prime, partial: 8 hits, 8 misses)
   transform cache (RNS_DIST_CACHE_PARTIAL) node 1: 1 slot of 1 of 4 primes, q 2^22.00, from the block pool: 0.03 GB per APU (0.13 per node) | pool free 0.28 GB per APU (the smallest), the product's need 0.12, margin 0.50 -> 1 planes (RNS_DIST_CACHE_PARTIAL_FORCE)
   transform cache (RNS_DIST_CACHE_PARTIAL) node 0: 1 slot of 1 of 4 primes, q 2^22.00, from the block pool: 0.03 GB per APU (0.13 per node) | pool free 0.24 GB per APU (the smallest), the product's need 0.12, margin 0.50 -> 1 planes (RNS_DIST_CACHE_PARTIAL_FORCE)
dist_mn node 1: 20132659 x 16777216 limbs over 2 x 4 ranks (cap 2^25): 1 x 2 pieces, 0 formed, 2 skipped (low cut) (cache 1 slots of 1 prime, partial: 8 hits, 8 misses)
dist_mn node 0: 20132659 x 16777216 limbs over 2 x 4 ranks (cap 2^25): 1 x 2 pieces, 0 formed, 2 skipped (low cut) (cache 1 slots of 1 prime, partial: 8 hits, 8 misses)
   transform cache (RNS_DIST_CACHE_PARTIAL) node 0: 1 slot of 1 of 4 primes, q 2^22.00, from the block pool: 0.03 GB per APU (0.13 per node) | pool free 0.24 GB per APU (the smallest), the product's need 0.12, margin 0.50 -> 1 planes (RNS_DIST_CACHE_PARTIAL_FORCE)
   transform cache (RNS_DIST_CACHE_PARTIAL) node 1: 1 slot of 1 of 4 primes, q 2^22.00, from the block pool: 0.03 GB per APU (0.13 per node) | pool free 0.28 GB per APU (the smallest), the product's need 0.12, margin 0.50 -> 1 planes (RNS_DIST_CACHE_PARTIAL_FORCE)
dist_mn node 0: 20132659 x 16777216 limbs over 2 x 4 ranks (cap 2^25): 1 x 2 pieces, 0 formed, 2 skipped (low product) (low cut) (cache 1 slots of 1 prime, partial: 8 hits, 8 misses)
dist_mn node 1: 20132659 x 16777216 limbs over 2 x 4 ranks (cap 2^25): 1 x 2 pieces, 0 formed, 2 skipped (low product) (low cut) (cache 1 slots of 1 prime, partial: 8 hits, 8 misses)
   transform cache (RNS_DIST_CACHE_PARTIAL) node 1: 1 slot of 1 of 4 primes, q 2^22.00, from the block pool: 0.03 GB per APU (0.13 per node) | pool free 0.28 GB per APU (the smallest), the product's need 0.12, margin 0.50 -> 1 planes (RNS_DIST_CACHE_PARTIAL_FORCE)
   transform cache (RNS_DIST_CACHE_PARTIAL) node 0: 1 slot of 1 of 4 primes, q 2^22.00, from the block pool: 0.03 GB per APU (0.13 per node) | pool free 0.24 GB per APU (the smallest), the product's need 0.12, margin 0.50 -> 1 planes (RNS_DIST_CACHE_PARTIAL_FORCE)
dist_mn node 0: 20132659 x 16777216 limbs over 2 x 4 ranks (cap 2^25): 1 x 2 pieces, 2 formed, 0 skipped (cache 1 slots of 1 prime, partial: 9 hits, 9 misses)
dist_mn node 1: 20132659 x 16777216 limbs over 2 x 4 ranks (cap 2^25): 1 x 2 pieces, 2 formed, 0 skipped (cache 1 slots of 1 prime, partial: 9 hits, 9 misses)
   transform cache (RNS_DIST_CACHE_PARTIAL) node 0: 1 slot of 1 of 4 primes, q 2^22.00, from the block pool: 0.03 GB per APU (0.13 per node) | pool free 0.24 GB per APU (the smallest), the product's need 0.12, margin 0.50 -> 1 planes (RNS_DIST_CACHE_PARTIAL_FORCE)
   transform cache (RNS_DIST_CACHE_PARTIAL) node 1: 1 slot of 1 of 4 primes, q 2^22.00, from the block pool: 0.03 GB per APU (0.13 per node) | pool free 0.28 GB per APU (the smallest), the product's need 0.12, margin 0.50 -> 1 planes (RNS_DIST_CACHE_PARTIAL_FORCE)
dist_mn node 0: 20132659 x 16777216 limbs over 2 x 4 ranks (cap 2^25): 1 x 2 pieces, 2 formed, 0 skipped (low product) (cache 1 slots of 1 prime, partial: 10 hits, 10 misses)
dist_mn node 1: 20132659 x 16777216 limbs over 2 x 4 ranks (cap 2^25): 1 x 2 pieces, 2 formed, 0 skipped (low product) (cache 1 slots of 1 prime, partial: 10 hits, 10 misses)
   transform cache (RNS_DIST_CACHE_PARTIAL) node 1: 1 slot of 1 of 4 primes, q 2^22.00, from the block pool: 0.03 GB per APU (0.13 per node) | pool free 0.31 GB per APU (the smallest), the product's need 0.12, margin 0.50 -> 1 planes (RNS_DIST_CACHE_PARTIAL_FORCE)
   transform cache (RNS_DIST_CACHE_PARTIAL) node 0: 1 slot of 1 of 4 primes, q 2^22.00, from the block pool: 0.03 GB per APU (0.13 per node) | pool free 0.27 GB per APU (the smallest), the product's need 0.12, margin 0.50 -> 1 planes (RNS_DIST_CACHE_PARTIAL_FORCE)
dist_mn node 0: 20132659 x 16777216 limbs over 2 x 4 ranks (cap 2^25): 1 x 2 pieces, 2 formed, 0 skipped (cache 1 slots of 1 prime, partial: 1 hits, 1 misses)
dist_mn node 1: 20132659 x 16777216 limbs over 2 x 4 ranks (cap 2^25): 1 x 2 pieces, 2 formed, 0 skipped (cache 1 slots of 1 prime, partial: 1 hits, 1 misses)
   transform cache (RNS_DIST_CACHE_PARTIAL) node 0: 1 slot of 1 of 4 primes, q 2^22.00, from the block pool: 0.03 GB per APU (0.13 per node) | pool free 0.24 GB per APU (the smallest), the product's need 0.12, margin 0.50 -> 1 planes (RNS_DIST_CACHE_PARTIAL_FORCE)
   transform cache (RNS_DIST_CACHE_PARTIAL) node 1: 1 slot of 1 of 4 primes, q 2^22.00, from the block pool: 0.03 GB per APU (0.13 per node) | pool free 0.28 GB per APU (the smallest), the product's need 0.12, margin 0.50 -> 1 planes (RNS_DIST_CACHE_PARTIAL_FORCE)
dist_mn node 0: 20132659 x 16777216 limbs over 2 x 4 ranks (cap 2^25): 1 x 2 pieces, 2 formed, 0 skipped (cache 1 slots of 1 prime, partial: 2 hits, 2 misses)
dist_mn node 1: 20132659 x 16777216 limbs over 2 x 4 ranks (cap 2^25): 1 x 2 pieces, 2 formed, 0 skipped (cache 1 slots of 1 prime, partial: 2 hits, 2 misses)
   transform cache (RNS_DIST_CACHE_PARTIAL) node 0: 1 slot of 1 of 4 primes, q 2^22.00, from the block pool: 0.03 GB per APU (0.13 per node) | pool free 0.24 GB per APU (the smallest), the product's need 0.12, margin 0.50 -> 1 planes (RNS_DIST_CACHE_PARTIAL_FORCE)
   transform cache (RNS_DIST_CACHE_PARTIAL) node 1: 1 slot of 1 of 4 primes, q 2^22.00, from the block pool: 0.03 GB per APU (0.13 per node) | pool free 0.28 GB per APU (the smallest), the product's need 0.12, margin 0.50 -> 1 planes (RNS_DIST_CACHE_PARTIAL_FORCE)
dist_mn node 0: 20132659 x 16777216 limbs over 2 x 4 ranks (cap 2^25): 1 x 2 pieces, 2 formed, 0 skipped (cache 1 slots of 1 prime, partial: 3 hits, 3 misses)
dist_mn node 1: 20132659 x 16777216 limbs over 2 x 4 ranks (cap 2^25): 1 x 2 pieces, 2 formed, 0 skipped (cache 1 slots of 1 prime, partial: 3 hits, 3 misses)
   transform cache (RNS_DIST_CACHE_PARTIAL) node 0: 1 slot of 1 of 4 primes, q 2^22.00, from the block pool: 0.03 GB per APU (0.13 per node) | pool free 0.26 GB per APU (the smallest), the product's need 0.10, margin 0.50 -> 1 planes (RNS_DIST_CACHE_PARTIAL_FORCE)
   transform cache (RNS_DIST_CACHE_PARTIAL) node 1: 1 slot of 1 of 4 primes, q 2^22.00, from the block pool: 0.03 GB per APU (0.13 per node) | pool free 0.30 GB per APU (the smallest), the product's need 0.10, margin 0.50 -> 1 planes (RNS_DIST_CACHE_PARTIAL_FORCE)
dist_mn node 0: 20132659 x 16777216 limbs over 2 x 4 ranks (cap 2^25): 1 x 2 pieces, 2 formed, 0 skipped (low product) (cache 1 slots of 1 prime, partial: 4 hits, 4 misses)
dist_mn node 1: 20132659 x 16777216 limbs over 2 x 4 ranks (cap 2^25): 1 x 2 pieces, 2 formed, 0 skipped (low product) (cache 1 slots of 1 prime, partial: 4 hits, 4 misses)
   transform cache (RNS_DIST_CACHE_PARTIAL) node 0: 1 slot of 1 of 4 primes, q 2^22.00, from the block pool: 0.03 GB per APU (0.13 per node) | pool free 0.27 GB per APU (the smallest), the product's need 0.12, margin 0.50 -> 1 planes (RNS_DIST_CACHE_PARTIAL_FORCE)
   transform cache (RNS_DIST_CACHE_PARTIAL) node 1: 1 slot of 1 of 4 primes, q 2^22.00, from the block pool: 0.03 GB per APU (0.13 per node) | pool free 0.31 GB per APU (the smallest), the product's need 0.12, margin 0.50 -> 1 planes (RNS_DIST_CACHE_PARTIAL_FORCE)
dist_mn node 0: 20132659 x 16777216 limbs over 2 x 4 ranks (cap 2^25): 1 x 2 pieces, 2 formed, 0 skipped (low product) (cache 1 slots of 1 prime, partial: 5 hits, 5 misses)
dist_mn node 1: 20132659 x 16777216 limbs over 2 x 4 ranks (cap 2^25): 1 x 2 pieces, 2 formed, 0 skipped (low product) (cache 1 slots of 1 prime, partial: 5 hits, 5 misses)
   transform cache (RNS_DIST_CACHE_PARTIAL) node 0: 1 slot of 1 of 4 primes, q 2^22.00, from the block pool: 0.03 GB per APU (0.13 per node) | pool free 0.24 GB per APU (the smallest), the product's need 0.12, margin 0.50 -> 1 planes (RNS_DIST_CACHE_PARTIAL_FORCE)
   transform cache (RNS_DIST_CACHE_PARTIAL) node 1: 1 slot of 1 of 4 primes, q 2^22.00, from the block pool: 0.03 GB per APU (0.13 per node) | pool free 0.28 GB per APU (the smallest), the product's need 0.12, margin 0.50 -> 1 planes (RNS_DIST_CACHE_PARTIAL_FORCE)
dist_mn node 0: 20132659 x 16777216 limbs over 2 x 4 ranks (cap 2^25): 1 x 2 pieces, 2 formed, 0 skipped (low cut) (cache 1 slots of 1 prime, partial: 6 hits, 6 misses)
dist_mn node 1: 20132659 x 16777216 limbs over 2 x 4 ranks (cap 2^25): 1 x 2 pieces, 2 formed, 0 skipped (low cut) (cache 1 slots of 1 prime, partial: 6 hits, 6 misses)
   transform cache (RNS_DIST_CACHE_PARTIAL) node 0: 1 slot of 1 of 4 primes, q 2^22.00, from the block pool: 0.03 GB per APU (0.13 per node) | pool free 0.24 GB per APU (the smallest), the product's need 0.12, margin 0.50 -> 1 planes (RNS_DIST_CACHE_PARTIAL_FORCE)
   transform cache (RNS_DIST_CACHE_PARTIAL) node 1: 1 slot of 1 of 4 primes, q 2^22.00, from the block pool: 0.03 GB per APU (0.13 per node) | pool free 0.28 GB per APU (the smallest), the product's need 0.12, margin 0.50 -> 1 planes (RNS_DIST_CACHE_PARTIAL_FORCE)
dist_mn node 0: 20132659 x 16777216 limbs over 2 x 4 ranks (cap 2^25): 1 x 2 pieces, 2 formed, 0 skipped (low product) (low cut) (cache 1 slots of 1 prime, partial: 7 hits, 7 misses)
dist_mn node 1: 20132659 x 16777216 limbs over 2 x 4 ranks (cap 2^25): 1 x 2 pieces, 2 formed, 0 skipped (low product) (low cut) (cache 1 slots of 1 prime, partial: 7 hits, 7 misses)
   transform cache (RNS_DIST_CACHE_PARTIAL) node 0: 1 slot of 1 of 4 primes, q 2^22.00, from the block pool: 0.03 GB per APU (0.13 per node) | pool free 0.24 GB per APU (the smallest), the product's need 0.12, margin 0.50 -> 1 planes (RNS_DIST_CACHE_PARTIAL_FORCE)
   transform cache (RNS_DIST_CACHE_PARTIAL) node 1: 1 slot of 1 of 4 primes, q 2^22.00, from the block pool: 0.03 GB per APU (0.13 per node) | pool free 0.28 GB per APU (the smallest), the product's need 0.12, margin 0.50 -> 1 planes (RNS_DIST_CACHE_PARTIAL_FORCE)
dist_mn node 0: 20132659 x 16777216 limbs over 2 x 4 ranks (cap 2^25): 1 x 2 pieces, 2 formed, 0 skipped (low cut) (cache 1 slots of 1 prime, partial: 8 hits, 8 misses)
dist_mn node 1: 20132659 x 16777216 limbs over 2 x 4 ranks (cap 2^25): 1 x 2 pieces, 2 formed, 0 skipped (low cut) (cache 1 slots of 1 prime, partial: 8 hits, 8 misses)
   transform cache (RNS_DIST_CACHE_PARTIAL) node 0: 1 slot of 1 of 4 primes, q 2^22.00, from the block pool: 0.03 GB per APU (0.13 per node) | pool free 0.24 GB per APU (the smallest), the product's need 0.12, margin 0.50 -> 1 planes (RNS_DIST_CACHE_PARTIAL_FORCE)
   transform cache (RNS_DIST_CACHE_PARTIAL) node 1: 1 slot of 1 of 4 primes, q 2^22.00, from the block pool: 0.03 GB per APU (0.13 per node) | pool free 0.28 GB per APU (the smallest), the product's need 0.12, margin 0.50 -> 1 planes (RNS_DIST_CACHE_PARTIAL_FORCE)
dist_mn node 0: 20132659 x 16777216 limbs over 2 x 4 ranks (cap 2^25): 1 x 2 pieces, 2 formed, 0 skipped (low product) (low cut) (cache 1 slots of 1 prime, partial: 9 hits, 9 misses)
dist_mn node 1: 20132659 x 16777216 limbs over 2 x 4 ranks (cap 2^25): 1 x 2 pieces, 2 formed, 0 skipped (low product) (low cut) (cache 1 slots of 1 prime, partial: 9 hits, 9 misses)
   transform cache (RNS_DIST_CACHE_PARTIAL) node 0: 1 slot of 1 of 4 primes, q 2^22.00, from the block pool: 0.03 GB per APU (0.13 per node) | pool free 0.24 GB per APU (the smallest), the product's need 0.12, margin 0.50 -> 1 planes (RNS_DIST_CACHE_PARTIAL_FORCE)
   transform cache (RNS_DIST_CACHE_PARTIAL) node 1: 1 slot of 1 of 4 primes, q 2^22.00, from the block pool: 0.03 GB per APU (0.13 per node) | pool free 0.28 GB per APU (the smallest), the product's need 0.12, margin 0.50 -> 1 planes (RNS_DIST_CACHE_PARTIAL_FORCE)
dist_mn node 0: 20132659 x 16777216 limbs over 2 x 4 ranks (cap 2^25): 1 x 2 pieces, 0 formed, 2 skipped (low cut) (cache 1 slots of 1 prime, partial: 9 hits, 9 misses)
dist_mn node 1: 20132659 x 16777216 limbs over 2 x 4 ranks (cap 2^25): 1 x 2 pieces, 0 formed, 2 skipped (low cut) (cache 1 slots of 1 prime, partial: 9 hits, 9 misses)
   transform cache (RNS_DIST_CACHE_PARTIAL) node 0: 1 slot of 1 of 4 primes, q 2^22.00, from the block pool: 0.03 GB per APU (0.13 per node) | pool free 0.24 GB per APU (the smallest), the product's need 0.12, margin 0.50 -> 1 planes (RNS_DIST_CACHE_PARTIAL_FORCE)
   transform cache (RNS_DIST_CACHE_PARTIAL) node 1: 1 slot of 1 of 4 primes, q 2^22.00, from the block pool: 0.03 GB per APU (0.13 per node) | pool free 0.28 GB per APU (the smallest), the product's need 0.12, margin 0.50 -> 1 planes (RNS_DIST_CACHE_PARTIAL_FORCE)
dist_mn node 1: 20132659 x 16777216 limbs over 2 x 4 ranks (cap 2^25): 1 x 2 pieces, 0 formed, 2 skipped (low product) (low cut) (cache 1 slots of 1 prime, partial: 9 hits, 9 misses)
dist_mn node 0: 20132659 x 16777216 limbs over 2 x 4 ranks (cap 2^25): 1 x 2 pieces, 0 formed, 2 skipped (low product) (low cut) (cache 1 slots of 1 prime, partial: 9 hits, 9 misses)
   transform cache (RNS_DIST_CACHE_PARTIAL) node 0: 1 slot of 1 of 4 primes, q 2^22.00, from the block pool: 0.03 GB per APU (0.13 per node) | pool free 0.24 GB per APU (the smallest), the product's need 0.12, margin 0.50 -> 1 planes (RNS_DIST_CACHE_PARTIAL_FORCE)
   transform cache (RNS_DIST_CACHE_PARTIAL) node 1: 1 slot of 1 of 4 primes, q 2^22.00, from the block pool: 0.03 GB per APU (0.13 per node) | pool free 0.28 GB per APU (the smallest), the product's need 0.12, margin 0.50 -> 1 planes (RNS_DIST_CACHE_PARTIAL_FORCE)
dist_mn node 0: 20132659 x 16777216 limbs over 2 x 4 ranks (cap 2^25): 1 x 2 pieces, 2 formed, 0 skipped (cache 1 slots of 1 prime, partial: 10 hits, 10 misses)
dist_mn node 1: 20132659 x 16777216 limbs over 2 x 4 ranks (cap 2^25): 1 x 2 pieces, 2 formed, 0 skipped (cache 1 slots of 1 prime, partial: 10 hits, 10 misses)
   transform cache (RNS_DIST_CACHE_PARTIAL) node 1: 1 slot of 1 of 4 primes, q 2^22.00, from the block pool: 0.03 GB per APU (0.13 per node) | pool free 0.28 GB per APU (the smallest), the product's need 0.12, margin 0.50 -> 1 planes (RNS_DIST_CACHE_PARTIAL_FORCE)
   transform cache (RNS_DIST_CACHE_PARTIAL) node 0: 1 slot of 1 of 4 primes, q 2^22.00, from the block pool: 0.03 GB per APU (0.13 per node) | pool free 0.24 GB per APU (the smallest), the product's need 0.12, margin 0.50 -> 1 planes (RNS_DIST_CACHE_PARTIAL_FORCE)
dist_mn node 0: 20132659 x 16777216 limbs over 2 x 4 ranks (cap 2^25): 1 x 2 pieces, 2 formed, 0 skipped (low product) (cache 1 slots of 1 prime, partial: 11 hits, 11 misses)
dist_mn node 1: 20132659 x 16777216 limbs over 2 x 4 ranks (cap 2^25): 1 x 2 pieces, 2 formed, 0 skipped (low product) (cache 1 slots of 1 prime, partial: 11 hits, 11 misses)
   transform cache (RNS_DIST_CACHE_PARTIAL) node 1: 1 slot of 1 of 4 primes, q 2^22.00, from the block pool: 0.03 GB per APU (0.13 per node) | pool free 0.31 GB per APU (the smallest), the product's need 0.12, margin 0.50 -> 1 planes (RNS_DIST_CACHE_PARTIAL_FORCE)
   transform cache (RNS_DIST_CACHE_PARTIAL) node 0: 1 slot of 1 of 4 primes, q 2^22.00, from the block pool: 0.03 GB per APU (0.13 per node) | pool free 0.27 GB per APU (the smallest), the product's need 0.12, margin 0.50 -> 1 planes (RNS_DIST_CACHE_PARTIAL_FORCE)
dist_mn node 0: 20132659 x 16777216 limbs over 2 x 4 ranks (cap 2^25): 1 x 2 pieces, 2 formed, 0 skipped (cache 1 slots of 1 prime, partial: 1 hits, 1 misses)
dist_mn node 1: 20132659 x 16777216 limbs over 2 x 4 ranks (cap 2^25): 1 x 2 pieces, 2 formed, 0 skipped (cache 1 slots of 1 prime, partial: 1 hits, 1 misses)
   transform cache (RNS_DIST_CACHE_PARTIAL) node 0: 1 slot of 1 of 4 primes, q 2^22.00, from the block pool: 0.03 GB per APU (0.13 per node) | pool free 0.27 GB per APU (the smallest), the product's need 0.15, margin 0.50 -> 1 planes (RNS_DIST_CACHE_PARTIAL_FORCE)
   transform cache (RNS_DIST_CACHE_PARTIAL) node 1: 1 slot of 1 of 4 primes, q 2^22.00, from the block pool: 0.03 GB per APU (0.13 per node) | pool free 0.27 GB per APU (the smallest), the product's need 0.15, margin 0.50 -> 1 planes (RNS_DIST_CACHE_PARTIAL_FORCE)
dist_mn node 0: 34561064 x 34561064 limbs over 2 x 4 ranks (cap 2^25): 2 x 3 pieces, 6 formed, 0 skipped (cache 1 slots of 1 prime, partial: 5 hits, 3 misses)
dist_mn node 1: 34561064 x 34561064 limbs over 2 x 4 ranks (cap 2^25): 2 x 3 pieces, 6 formed, 0 skipped (cache 1 slots of 1 prime, partial: 5 hits, 3 misses)
   2x3 34561064 x 34561064: 16.22 s
   transform cache (RNS_DIST_CACHE_PARTIAL) node 0: 1 slot of 1 of 4 primes, q 2^22.00, from the block pool: 0.03 GB per APU (0.13 per node) | pool free 0.44 GB per APU (the smallest), the product's need 0.15, margin 0.50 -> 1 planes (RNS_DIST_CACHE_PARTIAL_FORCE)
   transform cache (RNS_DIST_CACHE_PARTIAL) node 1: 1 slot of 1 of 4 primes, q 2^22.00, from the block pool: 0.03 GB per APU (0.13 per node) | pool free 0.58 GB per APU (the smallest), the product's need 0.15, margin 0.50 -> 1 planes (RNS_DIST_CACHE_PARTIAL_FORCE)
dist_mn node 0: 34561064 x 34561064 limbs over 2 x 4 ranks (cap 2^25): 2 x 3 pieces, 6 formed, 0 skipped (cache 1 slots of 1 prime, partial: 9 hits, 5 misses)
dist_mn node 1: 34561064 x 34561064 limbs over 2 x 4 ranks (cap 2^25): 2 x 3 pieces, 6 formed, 0 skipped (cache 1 slots of 1 prime, partial: 9 hits, 5 misses)
   transform cache (RNS_DIST_CACHE_PARTIAL) node 0: 1 slot of 1 of 4 primes, q 2^22.00, from the block pool: 0.03 GB per APU (0.13 per node) | pool free 0.61 GB per APU (the smallest), the product's need 0.13, margin 0.50 -> 1 planes (RNS_DIST_CACHE_PARTIAL_FORCE)
   transform cache (RNS_DIST_CACHE_PARTIAL) node 1: 1 slot of 1 of 4 primes, q 2^22.00, from the block pool: 0.03 GB per APU (0.13 per node) | pool free 0.62 GB per APU (the smallest), the product's need 0.13, margin 0.50 -> 1 planes (RNS_DIST_CACHE_PARTIAL_FORCE)
dist_mn node 0: 34561064 x 34561064 limbs over 2 x 4 ranks (cap 2^25): 2 x 3 pieces, 5 formed, 1 skipped (low product) (cache 1 slots of 1 prime, partial: 12 hits, 7 misses)
dist_mn node 1: 34561064 x 34561064 limbs over 2 x 4 ranks (cap 2^25): 2 x 3 pieces, 5 formed, 1 skipped (low product) (cache 1 slots of 1 prime, partial: 12 hits, 7 misses)
   transform cache (RNS_DIST_CACHE_PARTIAL) node 0: 1 slot of 1 of 4 primes, q 2^22.00, from the block pool: 0.03 GB per APU (0.13 per node) | pool free 0.66 GB per APU (the smallest), the product's need 0.11, margin 0.50 -> 1 planes (RNS_DIST_CACHE_PARTIAL_FORCE)
   transform cache (RNS_DIST_CACHE_PARTIAL) node 1: 1 slot of 1 of 4 primes, q 2^22.00, from the block pool: 0.03 GB per APU (0.13 per node) | pool free 0.67 GB per APU (the smallest), the product's need 0.08, margin 0.50 -> 1 planes (RNS_DIST_CACHE_PARTIAL_FORCE)
dist_mn node 0: 17280533 x 17280533 limbs over 2 x 4 ranks (cap 2^25): 1 x 2 pieces, 2 formed, 0 skipped (low product) (cache 1 slots of 1 prime, partial: 13 hits, 8 misses)
dist_mn node 1: 17280533 x 17280533 limbs over 2 x 4 ranks (cap 2^25): 1 x 2 pieces, 2 formed, 0 skipped (low product) (cache 1 slots of 1 prime, partial: 13 hits, 8 misses)
   transform cache (RNS_DIST_CACHE_PARTIAL) node 0: 1 slot of 1 of 4 primes, q 2^22.00, from the block pool: 0.03 GB per APU (0.13 per node) | pool free 0.63 GB per APU (the smallest), the product's need 0.15, margin 0.50 -> 1 planes (RNS_DIST_CACHE_PARTIAL_FORCE)
   transform cache (RNS_DIST_CACHE_PARTIAL) node 1: 1 slot of 1 of 4 primes, q 2^22.00, from the block pool: 0.03 GB per APU (0.13 per node) | pool free 0.63 GB per APU (the smallest), the product's need 0.15, margin 0.50 -> 1 planes (RNS_DIST_CACHE_PARTIAL_FORCE)
dist_mn node 0: 34561064 x 34561064 limbs over 2 x 4 ranks (cap 2^25): 2 x 3 pieces, 6 formed, 0 skipped (low product) (cache 1 slots of 1 prime, partial: 17 hits, 10 misses)
dist_mn node 1: 34561064 x 34561064 limbs over 2 x 4 ranks (cap 2^25): 2 x 3 pieces, 6 formed, 0 skipped (low product) (cache 1 slots of 1 prime, partial: 17 hits, 10 misses)
   transform cache (RNS_DIST_CACHE_PARTIAL) node 1: 1 slot of 1 of 4 primes, q 2^22.00, from the block pool: 0.03 GB per APU (0.13 per node) | pool free 0.58 GB per APU (the smallest), the product's need 0.15, margin 0.50 -> 1 planes (RNS_DIST_CACHE_PARTIAL_FORCE)
   transform cache (RNS_DIST_CACHE_PARTIAL) node 0: 1 slot of 1 of 4 primes, q 2^22.00, from the block pool: 0.03 GB per APU (0.13 per node) | pool free 0.58 GB per APU (the smallest), the product's need 0.15, margin 0.50 -> 1 planes (RNS_DIST_CACHE_PARTIAL_FORCE)
dist_mn node 0: 34561064 x 34561064 limbs over 2 x 4 ranks (cap 2^25): 2 x 3 pieces, 5 formed, 1 skipped (low cut) (cache 1 slots of 1 prime, partial: 20 hits, 12 misses)
dist_mn node 1: 34561064 x 34561064 limbs over 2 x 4 ranks (cap 2^25): 2 x 3 pieces, 5 formed, 1 skipped (low cut) (cache 1 slots of 1 prime, partial: 20 hits, 12 misses)
   transform cache (RNS_DIST_CACHE_PARTIAL) node 0: 1 slot of 1 of 4 primes, q 2^22.00, from the block pool: 0.03 GB per APU (0.13 per node) | pool free 0.58 GB per APU (the smallest), the product's need 0.15, margin 0.50 -> 1 planes (RNS_DIST_CACHE_PARTIAL_FORCE)
   transform cache (RNS_DIST_CACHE_PARTIAL) node 1: 1 slot of 1 of 4 primes, q 2^22.00, from the block pool: 0.03 GB per APU (0.13 per node) | pool free 0.58 GB per APU (the smallest), the product's need 0.15, margin 0.50 -> 1 planes (RNS_DIST_CACHE_PARTIAL_FORCE)
dist_mn node 0: 34561064 x 34561064 limbs over 2 x 4 ranks (cap 2^25): 2 x 3 pieces, 5 formed, 1 skipped (low product) (low cut) (cache 1 slots of 1 prime, partial: 23 hits, 14 misses)
dist_mn node 1: 34561064 x 34561064 limbs over 2 x 4 ranks (cap 2^25): 2 x 3 pieces, 5 formed, 1 skipped (low product) (low cut) (cache 1 slots of 1 prime, partial: 23 hits, 14 misses)
   transform cache (RNS_DIST_CACHE_PARTIAL) node 0: 1 slot of 1 of 4 primes, q 2^22.00, from the block pool: 0.03 GB per APU (0.13 per node) | pool free 0.58 GB per APU (the smallest), the product's need 0.15, margin 0.50 -> 1 planes (RNS_DIST_CACHE_PARTIAL_FORCE)
   transform cache (RNS_DIST_CACHE_PARTIAL) node 1: 1 slot of 1 of 4 primes, q 2^22.00, from the block pool: 0.03 GB per APU (0.13 per node) | pool free 0.58 GB per APU (the smallest), the product's need 0.15, margin 0.50 -> 1 planes (RNS_DIST_CACHE_PARTIAL_FORCE)
dist_mn node 0: 34561064 x 34561064 limbs over 2 x 4 ranks (cap 2^25): 2 x 3 pieces, 6 formed, 0 skipped (low cut) (cache 1 slots of 1 prime, partial: 27 hits, 16 misses)
dist_mn node 1: 34561064 x 34561064 limbs over 2 x 4 ranks (cap 2^25): 2 x 3 pieces, 6 formed, 0 skipped (low cut) (cache 1 slots of 1 prime, partial: 27 hits, 16 misses)
   transform cache (RNS_DIST_CACHE_PARTIAL) node 1: 1 slot of 1 of 4 primes, q 2^22.00, from the block pool: 0.03 GB per APU (0.13 per node) | pool free 0.58 GB per APU (the smallest), the product's need 0.15, margin 0.50 -> 1 planes (RNS_DIST_CACHE_PARTIAL_FORCE)
   transform cache (RNS_DIST_CACHE_PARTIAL) node 0: 1 slot of 1 of 4 primes, q 2^22.00, from the block pool: 0.03 GB per APU (0.13 per node) | pool free 0.58 GB per APU (the smallest), the product's need 0.15, margin 0.50 -> 1 planes (RNS_DIST_CACHE_PARTIAL_FORCE)
dist_mn node 0: 34561064 x 34561064 limbs over 2 x 4 ranks (cap 2^25): 2 x 3 pieces, 6 formed, 0 skipped (low product) (low cut) (cache 1 slots of 1 prime, partial: 31 hits, 18 misses)
dist_mn node 1: 34561064 x 34561064 limbs over 2 x 4 ranks (cap 2^25): 2 x 3 pieces, 6 formed, 0 skipped (low product) (low cut) (cache 1 slots of 1 prime, partial: 31 hits, 18 misses)
   transform cache (RNS_DIST_CACHE_PARTIAL) node 0: 1 slot of 1 of 4 primes, q 2^22.00, from the block pool: 0.03 GB per APU (0.13 per node) | pool free 0.58 GB per APU (the smallest), the product's need 0.15, margin 0.50 -> 1 planes (RNS_DIST_CACHE_PARTIAL_FORCE)
   transform cache (RNS_DIST_CACHE_PARTIAL) node 1: 1 slot of 1 of 4 primes, q 2^22.00, from the block pool: 0.03 GB per APU (0.13 per node) | pool free 0.58 GB per APU (the smallest), the product's need 0.15, margin 0.50 -> 1 planes (RNS_DIST_CACHE_PARTIAL_FORCE)
dist_mn node 0: 34561064 x 34561064 limbs over 2 x 4 ranks (cap 2^25): 2 x 3 pieces, 0 formed, 6 skipped (low cut) (cache 1 slots of 1 prime, partial: 31 hits, 18 misses)
dist_mn node 1: 34561064 x 34561064 limbs over 2 x 4 ranks (cap 2^25): 2 x 3 pieces, 0 formed, 6 skipped (low cut) (cache 1 slots of 1 prime, partial: 31 hits, 18 misses)
   transform cache (RNS_DIST_CACHE_PARTIAL) node 0: 1 slot of 1 of 4 primes, q 2^22.00, from the block pool: 0.03 GB per APU (0.13 per node) | pool free 0.58 GB per APU (the smallest), the product's need 0.15, margin 0.50 -> 1 planes (RNS_DIST_CACHE_PARTIAL_FORCE)
   transform cache (RNS_DIST_CACHE_PARTIAL) node 1: 1 slot of 1 of 4 primes, q 2^22.00, from the block pool: 0.03 GB per APU (0.13 per node) | pool free 0.58 GB per APU (the smallest), the product's need 0.15, margin 0.50 -> 1 planes (RNS_DIST_CACHE_PARTIAL_FORCE)
dist_mn node 0: 34561064 x 34561064 limbs over 2 x 4 ranks (cap 2^25): 2 x 3 pieces, 0 formed, 6 skipped (low product) (low cut) (cache 1 slots of 1 prime, partial: 31 hits, 18 misses)
dist_mn node 1: 34561064 x 34561064 limbs over 2 x 4 ranks (cap 2^25): 2 x 3 pieces, 0 formed, 6 skipped (low product) (low cut) (cache 1 slots of 1 prime, partial: 31 hits, 18 misses)
   transform cache (RNS_DIST_CACHE_PARTIAL) node 0: 1 slot of 1 of 4 primes, q 2^22.00, from the block pool: 0.03 GB per APU (0.13 per node) | pool free 0.58 GB per APU (the smallest), the product's need 0.15, margin 0.50 -> 1 planes (RNS_DIST_CACHE_PARTIAL_FORCE)
   transform cache (RNS_DIST_CACHE_PARTIAL) node 1: 1 slot of 1 of 4 primes, q 2^22.00, from the block pool: 0.03 GB per APU (0.13 per node) | pool free 0.58 GB per APU (the smallest), the product's need 0.15, margin 0.50 -> 1 planes (RNS_DIST_CACHE_PARTIAL_FORCE)
dist_mn node 0: 34561064 x 34561064 limbs over 2 x 4 ranks (cap 2^25): 2 x 3 pieces, 6 formed, 0 skipped (cache 1 slots of 1 prime, partial: 35 hits, 20 misses)
dist_mn node 1: 34561064 x 34561064 limbs over 2 x 4 ranks (cap 2^25): 2 x 3 pieces, 6 formed, 0 skipped (cache 1 slots of 1 prime, partial: 35 hits, 20 misses)
   transform cache (RNS_DIST_CACHE_PARTIAL) node 0: 1 slot of 1 of 4 primes, q 2^22.00, from the block pool: 0.03 GB per APU (0.13 per node) | pool free 0.58 GB per APU (the smallest), the product's need 0.15, margin 0.50 -> 1 planes (RNS_DIST_CACHE_PARTIAL_FORCE)
   transform cache (RNS_DIST_CACHE_PARTIAL) node 1: 1 slot of 1 of 4 primes, q 2^22.00, from the block pool: 0.03 GB per APU (0.13 per node) | pool free 0.58 GB per APU (the smallest), the product's need 0.15, margin 0.50 -> 1 planes (RNS_DIST_CACHE_PARTIAL_FORCE)
dist_mn node 0: 34561064 x 34561064 limbs over 2 x 4 ranks (cap 2^25): 2 x 3 pieces, 6 formed, 0 skipped (low product) (cache 1 slots of 1 prime, partial: 39 hits, 22 misses)
dist_mn node 1: 34561064 x 34561064 limbs over 2 x 4 ranks (cap 2^25): 2 x 3 pieces, 6 formed, 0 skipped (low product) (cache 1 slots of 1 prime, partial: 39 hits, 22 misses)
   transform cache (RNS_DIST_CACHE_PARTIAL) node 0: 1 slot of 1 of 4 primes, q 2^22.00, from the block pool: 0.03 GB per APU (0.13 per node) | pool free 0.60 GB per APU (the smallest), the product's need 0.14, margin 0.50 -> 1 planes (RNS_DIST_CACHE_PARTIAL_FORCE)
   transform cache (RNS_DIST_CACHE_PARTIAL) node 1: 1 slot of 1 of 4 primes, q 2^22.00, from the block pool: 0.03 GB per APU (0.13 per node) | pool free 0.60 GB per APU (the smallest), the product's need 0.14, margin 0.50 -> 1 planes (RNS_DIST_CACHE_PARTIAL_FORCE)
dist_mn node 0: 17280532 x 34561057 limbs over 2 x 4 ranks (cap 2^25): 1 x 3 pieces, 3 formed, 0 skipped (cache 1 slots of 1 prime, partial: 2 hits, 1 misses)
dist_mn node 1: 17280532 x 34561057 limbs over 2 x 4 ranks (cap 2^25): 1 x 3 pieces, 3 formed, 0 skipped (cache 1 slots of 1 prime, partial: 2 hits, 1 misses)
   transform cache (RNS_DIST_CACHE_PARTIAL) node 0: 1 slot of 1 of 4 primes, q 2^22.00, from the block pool: 0.03 GB per APU (0.13 per node) | pool free 0.65 GB per APU (the smallest), the product's need 0.10, margin 0.50 -> 1 planes (RNS_DIST_CACHE_PARTIAL_FORCE)
   transform cache (RNS_DIST_CACHE_PARTIAL) node 1: 1 slot of 1 of 4 primes, q 2^22.00, from the block pool: 0.03 GB per APU (0.13 per node) | pool free 0.65 GB per APU (the smallest), the product's need 0.10, margin 0.50 -> 1 planes (RNS_DIST_CACHE_PARTIAL_FORCE)
dist_mn node 0: 17280532 x 34561057 limbs over 2 x 4 ranks (cap 2^25): 1 x 3 pieces, 2 formed, 1 skipped (low product) (cache 1 slots of 1 prime, partial: 3 hits, 2 misses)
dist_mn node 1: 17280532 x 34561057 limbs over 2 x 4 ranks (cap 2^25): 1 x 3 pieces, 2 formed, 1 skipped (low product) (cache 1 slots of 1 prime, partial: 3 hits, 2 misses)
   transform cache (RNS_DIST_CACHE_PARTIAL) node 0: 1 slot of 1 of 4 primes, q 2^22.00, from the block pool: 0.03 GB per APU (0.13 per node) | pool free 0.63 GB per APU (the smallest), the product's need 0.15, margin 0.50 -> 1 planes (RNS_DIST_CACHE_PARTIAL_FORCE)
   transform cache (RNS_DIST_CACHE_PARTIAL) node 1: 1 slot of 1 of 4 primes, q 2^22.00, from the block pool: 0.03 GB per APU (0.13 per node) | pool free 0.63 GB per APU (the smallest), the product's need 0.15, margin 0.50 -> 1 planes (RNS_DIST_CACHE_PARTIAL_FORCE)
dist_mn node 0: 34561064 x 34561064 limbs over 2 x 4 ranks (cap 2^25): 2 x 3 pieces, 6 formed, 0 skipped (cache 1 slots of 1 prime, partial: 7 hits, 4 misses)
dist_mn node 1: 34561064 x 34561064 limbs over 2 x 4 ranks (cap 2^25): 2 x 3 pieces, 6 formed, 0 skipped (cache 1 slots of 1 prime, partial: 7 hits, 4 misses)
   transform cache (RNS_DIST_CACHE_PARTIAL) node 0: 1 slot of 1 of 4 primes, q 2^22.00, from the block pool: 0.03 GB per APU (0.13 per node) | pool free 0.58 GB per APU (the smallest), the product's need 0.15, margin 0.50 -> 1 planes (RNS_DIST_CACHE_PARTIAL_FORCE)
   transform cache (RNS_DIST_CACHE_PARTIAL) node 1: 1 slot of 1 of 4 primes, q 2^22.00, from the block pool: 0.03 GB per APU (0.13 per node) | pool free 0.65 GB per APU (the smallest), the product's need 0.15, margin 0.50 -> 1 planes (RNS_DIST_CACHE_PARTIAL_FORCE)
dist_mn node 0: 34561064 x 34561064 limbs over 2 x 4 ranks (cap 2^25): 2 x 3 pieces, 6 formed, 0 skipped (cache 1 slots of 1 prime, partial: 11 hits, 6 misses)
dist_mn node 1: 34561064 x 34561064 limbs over 2 x 4 ranks (cap 2^25): 2 x 3 pieces, 6 formed, 0 skipped (cache 1 slots of 1 prime, partial: 11 hits, 6 misses)
   transform cache (RNS_DIST_CACHE_PARTIAL) node 0: 1 slot of 1 of 4 primes, q 2^22.00, from the block pool: 0.03 GB per APU (0.13 per node) | pool free 0.58 GB per APU (the smallest), the product's need 0.15, margin 0.50 -> 1 planes (RNS_DIST_CACHE_PARTIAL_FORCE)
   transform cache (RNS_DIST_CACHE_PARTIAL) node 1: 1 slot of 1 of 4 primes, q 2^22.00, from the block pool: 0.03 GB per APU (0.13 per node) | pool free 0.65 GB per APU (the smallest), the product's need 0.15, margin 0.50 -> 1 planes (RNS_DIST_CACHE_PARTIAL_FORCE)
dist_mn node 0: 34561064 x 34561064 limbs over 2 x 4 ranks (cap 2^25): 2 x 3 pieces, 6 formed, 0 skipped (cache 1 slots of 1 prime, partial: 15 hits, 8 misses)
dist_mn node 1: 34561064 x 34561064 limbs over 2 x 4 ranks (cap 2^25): 2 x 3 pieces, 6 formed, 0 skipped (cache 1 slots of 1 prime, partial: 15 hits, 8 misses)
   transform cache (RNS_DIST_CACHE_PARTIAL) node 0: 1 slot of 1 of 4 primes, q 2^22.00, from the block pool: 0.03 GB per APU (0.13 per node) | pool free 0.61 GB per APU (the smallest), the product's need 0.13, margin 0.50 -> 1 planes (RNS_DIST_CACHE_PARTIAL_FORCE)
   transform cache (RNS_DIST_CACHE_PARTIAL) node 1: 1 slot of 1 of 4 primes, q 2^22.00, from the block pool: 0.03 GB per APU (0.13 per node) | pool free 0.68 GB per APU (the smallest), the product's need 0.13, margin 0.50 -> 1 planes (RNS_DIST_CACHE_PARTIAL_FORCE)
dist_mn node 0: 34561064 x 34561064 limbs over 2 x 4 ranks (cap 2^25): 2 x 3 pieces, 5 formed, 1 skipped (low product) (cache 1 slots of 1 prime, partial: 18 hits, 10 misses)
dist_mn node 1: 34561064 x 34561064 limbs over 2 x 4 ranks (cap 2^25): 2 x 3 pieces, 5 formed, 1 skipped (low product) (cache 1 slots of 1 prime, partial: 18 hits, 10 misses)
   transform cache (RNS_DIST_CACHE_PARTIAL) node 0: 1 slot of 1 of 4 primes, q 2^22.00, from the block pool: 0.03 GB per APU (0.13 per node) | pool free 0.66 GB per APU (the smallest), the product's need 0.11, margin 0.50 -> 1 planes (RNS_DIST_CACHE_PARTIAL_FORCE)
   transform cache (RNS_DIST_CACHE_PARTIAL) node 1: 1 slot of 1 of 4 primes, q 2^22.00, from the block pool: 0.03 GB per APU (0.13 per node) | pool free 0.74 GB per APU (the smallest), the product's need 0.08, margin 0.50 -> 1 planes (RNS_DIST_CACHE_PARTIAL_FORCE)
dist_mn node 0: 17280533 x 17280533 limbs over 2 x 4 ranks (cap 2^25): 1 x 2 pieces, 2 formed, 0 skipped (low product) (cache 1 slots of 1 prime, partial: 19 hits, 11 misses)
dist_mn node 1: 17280533 x 17280533 limbs over 2 x 4 ranks (cap 2^25): 1 x 2 pieces, 2 formed, 0 skipped (low product) (cache 1 slots of 1 prime, partial: 19 hits, 11 misses)
   transform cache (RNS_DIST_CACHE_PARTIAL) node 0: 1 slot of 1 of 4 primes, q 2^22.00, from the block pool: 0.03 GB per APU (0.13 per node) | pool free 0.63 GB per APU (the smallest), the product's need 0.15, margin 0.50 -> 1 planes (RNS_DIST_CACHE_PARTIAL_FORCE)
   transform cache (RNS_DIST_CACHE_PARTIAL) node 1: 1 slot of 1 of 4 primes, q 2^22.00, from the block pool: 0.03 GB per APU (0.13 per node) | pool free 0.70 GB per APU (the smallest), the product's need 0.15, margin 0.50 -> 1 planes (RNS_DIST_CACHE_PARTIAL_FORCE)
dist_mn node 0: 34561064 x 34561064 limbs over 2 x 4 ranks (cap 2^25): 2 x 3 pieces, 6 formed, 0 skipped (low product) (cache 1 slots of 1 prime, partial: 23 hits, 13 misses)
dist_mn node 1: 34561064 x 34561064 limbs over 2 x 4 ranks (cap 2^25): 2 x 3 pieces, 6 formed, 0 skipped (low product) (cache 1 slots of 1 prime, partial: 23 hits, 13 misses)
   transform cache (RNS_DIST_CACHE_PARTIAL) node 0: 1 slot of 1 of 4 primes, q 2^22.00, from the block pool: 0.03 GB per APU (0.13 per node) | pool free 0.58 GB per APU (the smallest), the product's need 0.15, margin 0.50 -> 1 planes (RNS_DIST_CACHE_PARTIAL_FORCE)
   transform cache (RNS_DIST_CACHE_PARTIAL) node 1: 1 slot of 1 of 4 primes, q 2^22.00, from the block pool: 0.03 GB per APU (0.13 per node) | pool free 0.65 GB per APU (the smallest), the product's need 0.15, margin 0.50 -> 1 planes (RNS_DIST_CACHE_PARTIAL_FORCE)
dist_mn node 0: 34561064 x 34561064 limbs over 2 x 4 ranks (cap 2^25): 2 x 3 pieces, 5 formed, 1 skipped (low cut) (cache 1 slots of 1 prime, partial: 26 hits, 15 misses)
dist_mn node 1: 34561064 x 34561064 limbs over 2 x 4 ranks (cap 2^25): 2 x 3 pieces, 5 formed, 1 skipped (low cut) (cache 1 slots of 1 prime, partial: 26 hits, 15 misses)
   transform cache (RNS_DIST_CACHE_PARTIAL) node 0: 1 slot of 1 of 4 primes, q 2^22.00, from the block pool: 0.03 GB per APU (0.13 per node) | pool free 0.58 GB per APU (the smallest), the product's need 0.15, margin 0.50 -> 1 planes (RNS_DIST_CACHE_PARTIAL_FORCE)
   transform cache (RNS_DIST_CACHE_PARTIAL) node 1: 1 slot of 1 of 4 primes, q 2^22.00, from the block pool: 0.03 GB per APU (0.13 per node) | pool free 0.65 GB per APU (the smallest), the product's need 0.15, margin 0.50 -> 1 planes (RNS_DIST_CACHE_PARTIAL_FORCE)
dist_mn node 0: 34561064 x 34561064 limbs over 2 x 4 ranks (cap 2^25): 2 x 3 pieces, 5 formed, 1 skipped (low product) (low cut) (cache 1 slots of 1 prime, partial: 29 hits, 17 misses)
dist_mn node 1: 34561064 x 34561064 limbs over 2 x 4 ranks (cap 2^25): 2 x 3 pieces, 5 formed, 1 skipped (low product) (low cut) (cache 1 slots of 1 prime, partial: 29 hits, 17 misses)
   transform cache (RNS_DIST_CACHE_PARTIAL) node 0: 1 slot of 1 of 4 primes, q 2^22.00, from the block pool: 0.03 GB per APU (0.13 per node) | pool free 0.58 GB per APU (the smallest), the product's need 0.15, margin 0.50 -> 1 planes (RNS_DIST_CACHE_PARTIAL_FORCE)
   transform cache (RNS_DIST_CACHE_PARTIAL) node 1: 1 slot of 1 of 4 primes, q 2^22.00, from the block pool: 0.03 GB per APU (0.13 per node) | pool free 0.65 GB per APU (the smallest), the product's need 0.15, margin 0.50 -> 1 planes (RNS_DIST_CACHE_PARTIAL_FORCE)
dist_mn node 0: 34561064 x 34561064 limbs over 2 x 4 ranks (cap 2^25): 2 x 3 pieces, 6 formed, 0 skipped (low cut) (cache 1 slots of 1 prime, partial: 33 hits, 19 misses)
dist_mn node 1: 34561064 x 34561064 limbs over 2 x 4 ranks (cap 2^25): 2 x 3 pieces, 6 formed, 0 skipped (low cut) (cache 1 slots of 1 prime, partial: 33 hits, 19 misses)
   transform cache (RNS_DIST_CACHE_PARTIAL) node 1: 1 slot of 1 of 4 primes, q 2^22.00, from the block pool: 0.03 GB per APU (0.13 per node) | pool free 0.65 GB per APU (the smallest), the product's need 0.15, margin 0.50 -> 1 planes (RNS_DIST_CACHE_PARTIAL_FORCE)
   transform cache (RNS_DIST_CACHE_PARTIAL) node 0: 1 slot of 1 of 4 primes, q 2^22.00, from the block pool: 0.03 GB per APU (0.13 per node) | pool free 0.58 GB per APU (the smallest), the product's need 0.15, margin 0.50 -> 1 planes (RNS_DIST_CACHE_PARTIAL_FORCE)
dist_mn node 0: 34561064 x 34561064 limbs over 2 x 4 ranks (cap 2^25): 2 x 3 pieces, 6 formed, 0 skipped (low product) (low cut) (cache 1 slots of 1 prime, partial: 37 hits, 21 misses)
dist_mn node 1: 34561064 x 34561064 limbs over 2 x 4 ranks (cap 2^25): 2 x 3 pieces, 6 formed, 0 skipped (low product) (low cut) (cache 1 slots of 1 prime, partial: 37 hits, 21 misses)
   transform cache (RNS_DIST_CACHE_PARTIAL) node 0: 1 slot of 1 of 4 primes, q 2^22.00, from the block pool: 0.03 GB per APU (0.13 per node) | pool free 0.58 GB per APU (the smallest), the product's need 0.15, margin 0.50 -> 1 planes (RNS_DIST_CACHE_PARTIAL_FORCE)
   transform cache (RNS_DIST_CACHE_PARTIAL) node 1: 1 slot of 1 of 4 primes, q 2^22.00, from the block pool: 0.03 GB per APU (0.13 per node) | pool free 0.65 GB per APU (the smallest), the product's need 0.15, margin 0.50 -> 1 planes (RNS_DIST_CACHE_PARTIAL_FORCE)
dist_mn node 0: 34561064 x 34561064 limbs over 2 x 4 ranks (cap 2^25): 2 x 3 pieces, 0 formed, 6 skipped (low cut) (cache 1 slots of 1 prime, partial: 37 hits, 21 misses)
dist_mn node 1: 34561064 x 34561064 limbs over 2 x 4 ranks (cap 2^25): 2 x 3 pieces, 0 formed, 6 skipped (low cut) (cache 1 slots of 1 prime, partial: 37 hits, 21 misses)
   transform cache (RNS_DIST_CACHE_PARTIAL) node 1: 1 slot of 1 of 4 primes, q 2^22.00, from the block pool: 0.03 GB per APU (0.13 per node) | pool free 0.65 GB per APU (the smallest), the product's need 0.15, margin 0.50 -> 1 planes (RNS_DIST_CACHE_PARTIAL_FORCE)
   transform cache (RNS_DIST_CACHE_PARTIAL) node 0: 1 slot of 1 of 4 primes, q 2^22.00, from the block pool: 0.03 GB per APU (0.13 per node) | pool free 0.58 GB per APU (the smallest), the product's need 0.15, margin 0.50 -> 1 planes (RNS_DIST_CACHE_PARTIAL_FORCE)
dist_mn node 0: 34561064 x 34561064 limbs over 2 x 4 ranks (cap 2^25): 2 x 3 pieces, 0 formed, 6 skipped (low product) (low cut) (cache 1 slots of 1 prime, partial: 37 hits, 21 misses)
dist_mn node 1: 34561064 x 34561064 limbs over 2 x 4 ranks (cap 2^25): 2 x 3 pieces, 0 formed, 6 skipped (low product) (low cut) (cache 1 slots of 1 prime, partial: 37 hits, 21 misses)
   transform cache (RNS_DIST_CACHE_PARTIAL) node 0: 1 slot of 1 of 4 primes, q 2^22.00, from the block pool: 0.03 GB per APU (0.13 per node) | pool free 0.58 GB per APU (the smallest), the product's need 0.15, margin 0.50 -> 1 planes (RNS_DIST_CACHE_PARTIAL_FORCE)
   transform cache (RNS_DIST_CACHE_PARTIAL) node 1: 1 slot of 1 of 4 primes, q 2^22.00, from the block pool: 0.03 GB per APU (0.13 per node) | pool free 0.65 GB per APU (the smallest), the product's need 0.15, margin 0.50 -> 1 planes (RNS_DIST_CACHE_PARTIAL_FORCE)
dist_mn node 0: 34561064 x 34561064 limbs over 2 x 4 ranks (cap 2^25): 2 x 3 pieces, 6 formed, 0 skipped (cache 1 slots of 1 prime, partial: 41 hits, 23 misses)
dist_mn node 1: 34561064 x 34561064 limbs over 2 x 4 ranks (cap 2^25): 2 x 3 pieces, 6 formed, 0 skipped (cache 1 slots of 1 prime, partial: 41 hits, 23 misses)
   transform cache (RNS_DIST_CACHE_PARTIAL) node 0: 1 slot of 1 of 4 primes, q 2^22.00, from the block pool: 0.03 GB per APU (0.13 per node) | pool free 0.58 GB per APU (the smallest), the product's need 0.15, margin 0.50 -> 1 planes (RNS_DIST_CACHE_PARTIAL_FORCE)
   transform cache (RNS_DIST_CACHE_PARTIAL) node 1: 1 slot of 1 of 4 primes, q 2^22.00, from the block pool: 0.03 GB per APU (0.13 per node) | pool free 0.65 GB per APU (the smallest), the product's need 0.15, margin 0.50 -> 1 planes (RNS_DIST_CACHE_PARTIAL_FORCE)
dist_mn node 0: 34561064 x 34561064 limbs over 2 x 4 ranks (cap 2^25): 2 x 3 pieces, 6 formed, 0 skipped (low product) (cache 1 slots of 1 prime, partial: 45 hits, 25 misses)
dist_mn node 1: 34561064 x 34561064 limbs over 2 x 4 ranks (cap 2^25): 2 x 3 pieces, 6 formed, 0 skipped (low product) (cache 1 slots of 1 prime, partial: 45 hits, 25 misses)
   transform cache (RNS_DIST_CACHE_PARTIAL) node 0: 1 slot of 1 of 4 primes, q 2^22.00, from the block pool: 0.03 GB per APU (0.13 per node) | pool free 0.60 GB per APU (the smallest), the product's need 0.14, margin 0.50 -> 1 planes (RNS_DIST_CACHE_PARTIAL_FORCE)
   transform cache (RNS_DIST_CACHE_PARTIAL) node 1: 1 slot of 1 of 4 primes, q 2^22.00, from the block pool: 0.03 GB per APU (0.13 per node) | pool free 0.67 GB per APU (the smallest), the product's need 0.14, margin 0.50 -> 1 planes (RNS_DIST_CACHE_PARTIAL_FORCE)
dist_mn node 0: 17280532 x 34561057 limbs over 2 x 4 ranks (cap 2^25): 1 x 3 pieces, 3 formed, 0 skipped (cache 1 slots of 1 prime, partial: 2 hits, 1 misses)
dist_mn node 1: 17280532 x 34561057 limbs over 2 x 4 ranks (cap 2^25): 1 x 3 pieces, 3 formed, 0 skipped (cache 1 slots of 1 prime, partial: 2 hits, 1 misses)
   transform cache (RNS_DIST_CACHE_PARTIAL) node 0: 1 slot of 1 of 4 primes, q 2^22.00, from the block pool: 0.03 GB per APU (0.13 per node) | pool free 0.65 GB per APU (the smallest), the product's need 0.10, margin 0.50 -> 1 planes (RNS_DIST_CACHE_PARTIAL_FORCE)
   transform cache (RNS_DIST_CACHE_PARTIAL) node 1: 1 slot of 1 of 4 primes, q 2^22.00, from the block pool: 0.03 GB per APU (0.13 per node) | pool free 0.72 GB per APU (the smallest), the product's need 0.10, margin 0.50 -> 1 planes (RNS_DIST_CACHE_PARTIAL_FORCE)
dist_mn node 0: 17280532 x 34561057 limbs over 2 x 4 ranks (cap 2^25): 1 x 3 pieces, 2 formed, 1 skipped (low product) (cache 1 slots of 1 prime, partial: 3 hits, 2 misses)
dist_mn node 1: 17280532 x 34561057 limbs over 2 x 4 ranks (cap 2^25): 1 x 3 pieces, 2 formed, 1 skipped (low product) (cache 1 slots of 1 prime, partial: 3 hits, 2 misses)
   transform cache (RNS_DIST_CACHE_PARTIAL) node 0: 1 slot of 1 of 4 primes, q 2^22.00, from the block pool: 0.03 GB per APU (0.13 per node) | pool free 0.63 GB per APU (the smallest), the product's need 0.15, margin 0.50 -> 1 planes (RNS_DIST_CACHE_PARTIAL_FORCE)
   transform cache (RNS_DIST_CACHE_PARTIAL) node 1: 1 slot of 1 of 4 primes, q 2^22.00, from the block pool: 0.03 GB per APU (0.13 per node) | pool free 0.70 GB per APU (the smallest), the product's need 0.15, margin 0.50 -> 1 planes (RNS_DIST_CACHE_PARTIAL_FORCE)
dist_mn node 0: 34561064 x 34561064 limbs over 2 x 4 ranks (cap 2^25): 2 x 3 pieces, 6 formed, 0 skipped (cache 1 slots of 1 prime, partial: 7 hits, 4 misses)
dist_mn node 1: 34561064 x 34561064 limbs over 2 x 4 ranks (cap 2^25): 2 x 3 pieces, 6 formed, 0 skipped (cache 1 slots of 1 prime, partial: 7 hits, 4 misses)
   transform cache (RNS_DIST_CACHE_PARTIAL) node 0: 1 slot of 1 of 4 primes, q 2^22.00, from the block pool: 0.03 GB per APU (0.13 per node) | pool free 0.61 GB per APU (the smallest), the product's need 0.16, margin 0.50 -> 1 planes (RNS_DIST_CACHE_PARTIAL_FORCE)
   transform cache (RNS_DIST_CACHE_PARTIAL) node 1: 1 slot of 1 of 4 primes, q 2^22.00, from the block pool: 0.03 GB per APU (0.13 per node) | pool free 0.68 GB per APU (the smallest), the product's need 0.16, margin 0.50 -> 1 planes (RNS_DIST_CACHE_PARTIAL_FORCE)
dist_mn node 0: 50331648 x 13421772 limbs over 2 x 4 ranks (cap 2^25): 3 x 1 pieces, 3 formed, 0 skipped (cache 1 slots of 1 prime, partial: 9 hits, 5 misses)
dist_mn node 1: 50331648 x 13421772 limbs over 2 x 4 ranks (cap 2^25): 3 x 1 pieces, 3 formed, 0 skipped (cache 1 slots of 1 prime, partial: 9 hits, 5 misses)
   3x1 50331648 x 13421772: 1.72 s
   transform cache (RNS_DIST_CACHE_PARTIAL) node 0: 1 slot of 1 of 4 primes, q 2^22.00, from the block pool: 0.03 GB per APU (0.13 per node) | pool free 0.62 GB per APU (the smallest), the product's need 0.16, margin 0.50 -> 1 planes (RNS_DIST_CACHE_PARTIAL_FORCE)
   transform cache (RNS_DIST_CACHE_PARTIAL) node 1: 1 slot of 1 of 4 primes, q 2^22.00, from the block pool: 0.03 GB per APU (0.13 per node) | pool free 0.75 GB per APU (the smallest), the product's need 0.16, margin 0.50 -> 1 planes (RNS_DIST_CACHE_PARTIAL_FORCE)
dist_mn node 0: 50331648 x 13421772 limbs over 2 x 4 ranks (cap 2^25): 3 x 1 pieces, 3 formed, 0 skipped (cache 1 slots of 1 prime, partial: 11 hits, 6 misses)
dist_mn node 1: 50331648 x 13421772 limbs over 2 x 4 ranks (cap 2^25): 3 x 1 pieces, 3 formed, 0 skipped (cache 1 slots of 1 prime, partial: 11 hits, 6 misses)
   transform cache (RNS_DIST_CACHE_PARTIAL) node 0: 1 slot of 1 of 4 primes, q 2^22.00, from the block pool: 0.03 GB per APU (0.13 per node) | pool free 0.63 GB per APU (the smallest), the product's need 0.15, margin 0.50 -> 1 planes (RNS_DIST_CACHE_PARTIAL_FORCE)
   transform cache (RNS_DIST_CACHE_PARTIAL) node 1: 1 slot of 1 of 4 primes, q 2^22.00, from the block pool: 0.03 GB per APU (0.13 per node) | pool free 0.76 GB per APU (the smallest), the product's need 0.15, margin 0.50 -> 1 planes (RNS_DIST_CACHE_PARTIAL_FORCE)
dist_mn node 0: 50331648 x 13421772 limbs over 2 x 4 ranks (cap 2^25): 3 x 1 pieces, 3 formed, 0 skipped (low product) (cache 1 slots of 1 prime, partial: 13 hits, 7 misses)
dist_mn node 1: 50331648 x 13421772 limbs over 2 x 4 ranks (cap 2^25): 3 x 1 pieces, 3 formed, 0 skipped (low product) (cache 1 slots of 1 prime, partial: 13 hits, 7 misses)
   transform cache (RNS_DIST_CACHE_PARTIAL) node 0: 1 slot of 1 of 4 primes, q 2^22.00, from the block pool: 0.03 GB per APU (0.13 per node) | pool free 0.67 GB per APU (the smallest), the product's need 0.14, margin 0.50 -> 1 planes (RNS_DIST_CACHE_PARTIAL_FORCE)
   transform cache (RNS_DIST_CACHE_PARTIAL) node 1: 1 slot of 1 of 4 primes, q 2^22.00, from the block pool: 0.03 GB per APU (0.13 per node) | pool free 0.80 GB per APU (the smallest), the product's need 0.10, margin 0.50 -> 1 planes (RNS_DIST_CACHE_PARTIAL_FORCE)
dist_mn node 0: 25165825 x 13421772 limbs over 2 x 4 ranks (cap 2^25): 1 x 2 pieces, 2 formed, 0 skipped (low product) (cache 1 slots of 1 prime, partial: 14 hits, 8 misses)
dist_mn node 1: 25165825 x 13421772 limbs over 2 x 4 ranks (cap 2^25): 1 x 2 pieces, 2 formed, 0 skipped (low product) (cache 1 slots of 1 prime, partial: 14 hits, 8 misses)
   transform cache (RNS_DIST_CACHE_PARTIAL) node 0: 1 slot of 1 of 4 primes, q 2^22.00, from the block pool: 0.03 GB per APU (0.13 per node) | pool free 0.65 GB per APU (the smallest), the product's need 0.16, margin 0.50 -> 1 planes (RNS_DIST_CACHE_PARTIAL_FORCE)
   transform cache (RNS_DIST_CACHE_PARTIAL) node 1: 1 slot of 1 of 4 primes, q 2^22.00, from the block pool: 0.03 GB per APU (0.13 per node) | pool free 0.79 GB per APU (the smallest), the product's need 0.16, margin 0.50 -> 1 planes (RNS_DIST_CACHE_PARTIAL_FORCE)
dist_mn node 0: 50331648 x 13421772 limbs over 2 x 4 ranks (cap 2^25): 3 x 1 pieces, 3 formed, 0 skipped (low product) (cache 1 slots of 1 prime, partial: 16 hits, 9 misses)
dist_mn node 1: 50331648 x 13421772 limbs over 2 x 4 ranks (cap 2^25): 3 x 1 pieces, 3 formed, 0 skipped (low product) (cache 1 slots of 1 prime, partial: 16 hits, 9 misses)
   transform cache (RNS_DIST_CACHE_PARTIAL) node 0: 1 slot of 1 of 4 primes, q 2^22.00, from the block pool: 0.03 GB per APU (0.13 per node) | pool free 0.62 GB per APU (the smallest), the product's need 0.16, margin 0.50 -> 1 planes (RNS_DIST_CACHE_PARTIAL_FORCE)
   transform cache (RNS_DIST_CACHE_PARTIAL) node 1: 1 slot of 1 of 4 primes, q 2^22.00, from the block pool: 0.03 GB per APU (0.13 per node) | pool free 0.75 GB per APU (the smallest), the product's need 0.16, margin 0.50 -> 1 planes (RNS_DIST_CACHE_PARTIAL_FORCE)
dist_mn node 0: 50331648 x 13421772 limbs over 2 x 4 ranks (cap 2^25): 3 x 1 pieces, 2 formed, 1 skipped (low cut) (cache 1 slots of 1 prime, partial: 17 hits, 10 misses)
dist_mn node 1: 50331648 x 13421772 limbs over 2 x 4 ranks (cap 2^25): 3 x 1 pieces, 2 formed, 1 skipped (low cut) (cache 1 slots of 1 prime, partial: 17 hits, 10 misses)
   transform cache (RNS_DIST_CACHE_PARTIAL) node 0: 1 slot of 1 of 4 primes, q 2^22.00, from the block pool: 0.03 GB per APU (0.13 per node) | pool free 0.62 GB per APU (the smallest), the product's need 0.16, margin 0.50 -> 1 planes (RNS_DIST_CACHE_PARTIAL_FORCE)
   transform cache (RNS_DIST_CACHE_PARTIAL) node 1: 1 slot of 1 of 4 primes, q 2^22.00, from the block pool: 0.03 GB per APU (0.13 per node) | pool free 0.75 GB per APU (the smallest), the product's need 0.16, margin 0.50 -> 1 planes (RNS_DIST_CACHE_PARTIAL_FORCE)
dist_mn node 0: 50331648 x 13421772 limbs over 2 x 4 ranks (cap 2^25): 3 x 1 pieces, 2 formed, 1 skipped (low product) (low cut) (cache 1 slots of 1 prime, partial: 18 hits, 11 misses)
dist_mn node 1: 50331648 x 13421772 limbs over 2 x 4 ranks (cap 2^25): 3 x 1 pieces, 2 formed, 1 skipped (low product) (low cut) (cache 1 slots of 1 prime, partial: 18 hits, 11 misses)
   transform cache (RNS_DIST_CACHE_PARTIAL) node 0: 1 slot of 1 of 4 primes, q 2^22.00, from the block pool: 0.03 GB per APU (0.13 per node) | pool free 0.62 GB per APU (the smallest), the product's need 0.16, margin 0.50 -> 1 planes (RNS_DIST_CACHE_PARTIAL_FORCE)
   transform cache (RNS_DIST_CACHE_PARTIAL) node 1: 1 slot of 1 of 4 primes, q 2^22.00, from the block pool: 0.03 GB per APU (0.13 per node) | pool free 0.75 GB per APU (the smallest), the product's need 0.16, margin 0.50 -> 1 planes (RNS_DIST_CACHE_PARTIAL_FORCE)
dist_mn node 0: 50331648 x 13421772 limbs over 2 x 4 ranks (cap 2^25): 3 x 1 pieces, 3 formed, 0 skipped (low cut) (cache 1 slots of 1 prime, partial: 20 hits, 12 misses)
dist_mn node 1: 50331648 x 13421772 limbs over 2 x 4 ranks (cap 2^25): 3 x 1 pieces, 3 formed, 0 skipped (low cut) (cache 1 slots of 1 prime, partial: 20 hits, 12 misses)
   transform cache (RNS_DIST_CACHE_PARTIAL) node 0: 1 slot of 1 of 4 primes, q 2^22.00, from the block pool: 0.03 GB per APU (0.13 per node) | pool free 0.62 GB per APU (the smallest), the product's need 0.16, margin 0.50 -> 1 planes (RNS_DIST_CACHE_PARTIAL_FORCE)
   transform cache (RNS_DIST_CACHE_PARTIAL) node 1: 1 slot of 1 of 4 primes, q 2^22.00, from the block pool: 0.03 GB per APU (0.13 per node) | pool free 0.75 GB per APU (the smallest), the product's need 0.16, margin 0.50 -> 1 planes (RNS_DIST_CACHE_PARTIAL_FORCE)
dist_mn node 0: 50331648 x 13421772 limbs over 2 x 4 ranks (cap 2^25): 3 x 1 pieces, 3 formed, 0 skipped (low product) (low cut) (cache 1 slots of 1 prime, partial: 22 hits, 13 misses)
dist_mn node 1: 50331648 x 13421772 limbs over 2 x 4 ranks (cap 2^25): 3 x 1 pieces, 3 formed, 0 skipped (low product) (low cut) (cache 1 slots of 1 prime, partial: 22 hits, 13 misses)
   transform cache (RNS_DIST_CACHE_PARTIAL) node 0: 1 slot of 1 of 4 primes, q 2^22.00, from the block pool: 0.03 GB per APU (0.13 per node) | pool free 0.62 GB per APU (the smallest), the product's need 0.16, margin 0.50 -> 1 planes (RNS_DIST_CACHE_PARTIAL_FORCE)
   transform cache (RNS_DIST_CACHE_PARTIAL) node 1: 1 slot of 1 of 4 primes, q 2^22.00, from the block pool: 0.03 GB per APU (0.13 per node) | pool free 0.75 GB per APU (the smallest), the product's need 0.16, margin 0.50 -> 1 planes (RNS_DIST_CACHE_PARTIAL_FORCE)
dist_mn node 0: 50331648 x 13421772 limbs over 2 x 4 ranks (cap 2^25): 3 x 1 pieces, 0 formed, 3 skipped (low cut) (cache 1 slots of 1 prime, partial: 22 hits, 13 misses)
dist_mn node 1: 50331648 x 13421772 limbs over 2 x 4 ranks (cap 2^25): 3 x 1 pieces, 0 formed, 3 skipped (low cut) (cache 1 slots of 1 prime, partial: 22 hits, 13 misses)
   transform cache (RNS_DIST_CACHE_PARTIAL) node 0: 1 slot of 1 of 4 primes, q 2^22.00, from the block pool: 0.03 GB per APU (0.13 per node) | pool free 0.62 GB per APU (the smallest), the product's need 0.16, margin 0.50 -> 1 planes (RNS_DIST_CACHE_PARTIAL_FORCE)
   transform cache (RNS_DIST_CACHE_PARTIAL) node 1: 1 slot of 1 of 4 primes, q 2^22.00, from the block pool: 0.03 GB per APU (0.13 per node) | pool free 0.75 GB per APU (the smallest), the product's need 0.16, margin 0.50 -> 1 planes (RNS_DIST_CACHE_PARTIAL_FORCE)
dist_mn node 0: 50331648 x 13421772 limbs over 2 x 4 ranks (cap 2^25): 3 x 1 pieces, 0 formed, 3 skipped (low product) (low cut) (cache 1 slots of 1 prime, partial: 22 hits, 13 misses)
dist_mn node 1: 50331648 x 13421772 limbs over 2 x 4 ranks (cap 2^25): 3 x 1 pieces, 0 formed, 3 skipped (low product) (low cut) (cache 1 slots of 1 prime, partial: 22 hits, 13 misses)
   transform cache (RNS_DIST_CACHE_PARTIAL) node 0: 1 slot of 1 of 4 primes, q 2^22.00, from the block pool: 0.03 GB per APU (0.13 per node) | pool free 0.62 GB per APU (the smallest), the product's need 0.16, margin 0.50 -> 1 planes (RNS_DIST_CACHE_PARTIAL_FORCE)
   transform cache (RNS_DIST_CACHE_PARTIAL) node 1: 1 slot of 1 of 4 primes, q 2^22.00, from the block pool: 0.03 GB per APU (0.13 per node) | pool free 0.75 GB per APU (the smallest), the product's need 0.16, margin 0.50 -> 1 planes (RNS_DIST_CACHE_PARTIAL_FORCE)
dist_mn node 0: 50331648 x 13421772 limbs over 2 x 4 ranks (cap 2^25): 3 x 1 pieces, 3 formed, 0 skipped (cache 1 slots of 1 prime, partial: 24 hits, 14 misses)
dist_mn node 1: 50331648 x 13421772 limbs over 2 x 4 ranks (cap 2^25): 3 x 1 pieces, 3 formed, 0 skipped (cache 1 slots of 1 prime, partial: 24 hits, 14 misses)
   transform cache (RNS_DIST_CACHE_PARTIAL) node 0: 1 slot of 1 of 4 primes, q 2^22.00, from the block pool: 0.03 GB per APU (0.13 per node) | pool free 0.62 GB per APU (the smallest), the product's need 0.16, margin 0.50 -> 1 planes (RNS_DIST_CACHE_PARTIAL_FORCE)
   transform cache (RNS_DIST_CACHE_PARTIAL) node 1: 1 slot of 1 of 4 primes, q 2^22.00, from the block pool: 0.03 GB per APU (0.13 per node) | pool free 0.75 GB per APU (the smallest), the product's need 0.16, margin 0.50 -> 1 planes (RNS_DIST_CACHE_PARTIAL_FORCE)
dist_mn node 0: 50331648 x 13421772 limbs over 2 x 4 ranks (cap 2^25): 3 x 1 pieces, 3 formed, 0 skipped (low product) (cache 1 slots of 1 prime, partial: 26 hits, 15 misses)
dist_mn node 1: 50331648 x 13421772 limbs over 2 x 4 ranks (cap 2^25): 3 x 1 pieces, 3 formed, 0 skipped (low product) (cache 1 slots of 1 prime, partial: 26 hits, 15 misses)
   transform cache (RNS_DIST_CACHE_PARTIAL) node 0: 1 slot of 1 of 4 primes, q 2^22.00, from the block pool: 0.03 GB per APU (0.13 per node) | pool free 0.64 GB per APU (the smallest), the product's need 0.12, margin 0.50 -> 1 planes (RNS_DIST_CACHE_PARTIAL_FORCE)
   transform cache (RNS_DIST_CACHE_PARTIAL) node 1: 1 slot of 1 of 4 primes, q 2^22.00, from the block pool: 0.03 GB per APU (0.13 per node) | pool free 0.77 GB per APU (the smallest), the product's need 0.14, margin 0.50 -> 1 planes (RNS_DIST_CACHE_PARTIAL_FORCE)
dist_mn node 0: 25165824 x 13421765 limbs over 2 x 4 ranks (cap 2^25): 1 x 2 pieces, 2 formed, 0 skipped (cache 1 slots of 1 prime, partial: 1 hits, 1 misses)
dist_mn node 1: 25165824 x 13421765 limbs over 2 x 4 ranks (cap 2^25): 1 x 2 pieces, 2 formed, 0 skipped (cache 1 slots of 1 prime, partial: 1 hits, 1 misses)
   transform cache (RNS_DIST_CACHE_PARTIAL) node 0: 1 slot of 1 of 4 primes, q 2^22.00, from the block pool: 0.03 GB per APU (0.13 per node) | pool free 0.68 GB per APU (the smallest), the product's need 0.11, margin 0.50 -> 1 planes (RNS_DIST_CACHE_PARTIAL_FORCE)
   transform cache (RNS_DIST_CACHE_PARTIAL) node 1: 1 slot of 1 of 4 primes, q 2^22.00, from the block pool: 0.03 GB per APU (0.13 per node) | pool free 0.81 GB per APU (the smallest), the product's need 0.12, margin 0.50 -> 1 planes (RNS_DIST_CACHE_PARTIAL_FORCE)
dist_mn node 0: 25165824 x 13421765 limbs over 2 x 4 ranks (cap 2^25): 1 x 2 pieces, 2 formed, 0 skipped (low product) (cache 1 slots of 1 prime, partial: 2 hits, 2 misses)
dist_mn node 1: 25165824 x 13421765 limbs over 2 x 4 ranks (cap 2^25): 1 x 2 pieces, 2 formed, 0 skipped (low product) (cache 1 slots of 1 prime, partial: 2 hits, 2 misses)
   transform cache (RNS_DIST_CACHE_PARTIAL) node 0: 1 slot of 1 of 4 primes, q 2^22.00, from the block pool: 0.03 GB per APU (0.13 per node) | pool free 0.65 GB per APU (the smallest), the product's need 0.16, margin 0.50 -> 1 planes (RNS_DIST_CACHE_PARTIAL_FORCE)
   transform cache (RNS_DIST_CACHE_PARTIAL) node 1: 1 slot of 1 of 4 primes, q 2^22.00, from the block pool: 0.03 GB per APU (0.13 per node) | pool free 0.79 GB per APU (the smallest), the product's need 0.16, margin 0.50 -> 1 planes (RNS_DIST_CACHE_PARTIAL_FORCE)
dist_mn node 0: 50331648 x 13421772 limbs over 2 x 4 ranks (cap 2^25): 3 x 1 pieces, 3 formed, 0 skipped (cache 1 slots of 1 prime, partial: 4 hits, 3 misses)
dist_mn node 1: 50331648 x 13421772 limbs over 2 x 4 ranks (cap 2^25): 3 x 1 pieces, 3 formed, 0 skipped (cache 1 slots of 1 prime, partial: 4 hits, 3 misses)
   transform cache (RNS_DIST_CACHE_PARTIAL) node 0: 1 slot of 1 of 4 primes, q 2^22.00, from the block pool: 0.03 GB per APU (0.13 per node) | pool free 0.62 GB per APU (the smallest), the product's need 0.16, margin 0.50 -> 1 planes (RNS_DIST_CACHE_PARTIAL_FORCE)
   transform cache (RNS_DIST_CACHE_PARTIAL) node 1: 1 slot of 1 of 4 primes, q 2^22.00, from the block pool: 0.03 GB per APU (0.13 per node) | pool free 0.75 GB per APU (the smallest), the product's need 0.16, margin 0.50 -> 1 planes (RNS_DIST_CACHE_PARTIAL_FORCE)
dist_mn node 0: 50331648 x 13421772 limbs over 2 x 4 ranks (cap 2^25): 3 x 1 pieces, 3 formed, 0 skipped (cache 1 slots of 1 prime, partial: 6 hits, 4 misses)
dist_mn node 1: 50331648 x 13421772 limbs over 2 x 4 ranks (cap 2^25): 3 x 1 pieces, 3 formed, 0 skipped (cache 1 slots of 1 prime, partial: 6 hits, 4 misses)
   transform cache (RNS_DIST_CACHE_PARTIAL) node 0: 1 slot of 1 of 4 primes, q 2^22.00, from the block pool: 0.03 GB per APU (0.13 per node) | pool free 0.62 GB per APU (the smallest), the product's need 0.16, margin 0.50 -> 1 planes (RNS_DIST_CACHE_PARTIAL_FORCE)
   transform cache (RNS_DIST_CACHE_PARTIAL) node 1: 1 slot of 1 of 4 primes, q 2^22.00, from the block pool: 0.03 GB per APU (0.13 per node) | pool free 0.75 GB per APU (the smallest), the product's need 0.16, margin 0.50 -> 1 planes (RNS_DIST_CACHE_PARTIAL_FORCE)
dist_mn node 0: 50331648 x 13421772 limbs over 2 x 4 ranks (cap 2^25): 3 x 1 pieces, 3 formed, 0 skipped (cache 1 slots of 1 prime, partial: 8 hits, 5 misses)
dist_mn node 1: 50331648 x 13421772 limbs over 2 x 4 ranks (cap 2^25): 3 x 1 pieces, 3 formed, 0 skipped (cache 1 slots of 1 prime, partial: 8 hits, 5 misses)
   transform cache (RNS_DIST_CACHE_PARTIAL) node 0: 1 slot of 1 of 4 primes, q 2^22.00, from the block pool: 0.03 GB per APU (0.13 per node) | pool free 0.63 GB per APU (the smallest), the product's need 0.15, margin 0.50 -> 1 planes (RNS_DIST_CACHE_PARTIAL_FORCE)
   transform cache (RNS_DIST_CACHE_PARTIAL) node 1: 1 slot of 1 of 4 primes, q 2^22.00, from the block pool: 0.03 GB per APU (0.13 per node) | pool free 0.76 GB per APU (the smallest), the product's need 0.15, margin 0.50 -> 1 planes (RNS_DIST_CACHE_PARTIAL_FORCE)
dist_mn node 0: 50331648 x 13421772 limbs over 2 x 4 ranks (cap 2^25): 3 x 1 pieces, 3 formed, 0 skipped (low product) (cache 1 slots of 1 prime, partial: 10 hits, 6 misses)
dist_mn node 1: 50331648 x 13421772 limbs over 2 x 4 ranks (cap 2^25): 3 x 1 pieces, 3 formed, 0 skipped (low product) (cache 1 slots of 1 prime, partial: 10 hits, 6 misses)
   transform cache (RNS_DIST_CACHE_PARTIAL) node 0: 1 slot of 1 of 4 primes, q 2^22.00, from the block pool: 0.03 GB per APU (0.13 per node) | pool free 0.67 GB per APU (the smallest), the product's need 0.14, margin 0.50 -> 1 planes (RNS_DIST_CACHE_PARTIAL_FORCE)
   transform cache (RNS_DIST_CACHE_PARTIAL) node 1: 1 slot of 1 of 4 primes, q 2^22.00, from the block pool: 0.03 GB per APU (0.13 per node) | pool free 0.80 GB per APU (the smallest), the product's need 0.10, margin 0.50 -> 1 planes (RNS_DIST_CACHE_PARTIAL_FORCE)
dist_mn node 0: 25165825 x 13421772 limbs over 2 x 4 ranks (cap 2^25): 1 x 2 pieces, 2 formed, 0 skipped (low product) (cache 1 slots of 1 prime, partial: 11 hits, 7 misses)
dist_mn node 1: 25165825 x 13421772 limbs over 2 x 4 ranks (cap 2^25): 1 x 2 pieces, 2 formed, 0 skipped (low product) (cache 1 slots of 1 prime, partial: 11 hits, 7 misses)
   transform cache (RNS_DIST_CACHE_PARTIAL) node 0: 1 slot of 1 of 4 primes, q 2^22.00, from the block pool: 0.03 GB per APU (0.13 per node) | pool free 0.65 GB per APU (the smallest), the product's need 0.16, margin 0.50 -> 1 planes (RNS_DIST_CACHE_PARTIAL_FORCE)
   transform cache (RNS_DIST_CACHE_PARTIAL) node 1: 1 slot of 1 of 4 primes, q 2^22.00, from the block pool: 0.03 GB per APU (0.13 per node) | pool free 0.79 GB per APU (the smallest), the product's need 0.16, margin 0.50 -> 1 planes (RNS_DIST_CACHE_PARTIAL_FORCE)
dist_mn node 0: 50331648 x 13421772 limbs over 2 x 4 ranks (cap 2^25): 3 x 1 pieces, 3 formed, 0 skipped (low product) (cache 1 slots of 1 prime, partial: 13 hits, 8 misses)
dist_mn node 1: 50331648 x 13421772 limbs over 2 x 4 ranks (cap 2^25): 3 x 1 pieces, 3 formed, 0 skipped (low product) (cache 1 slots of 1 prime, partial: 13 hits, 8 misses)
   transform cache (RNS_DIST_CACHE_PARTIAL) node 0: 1 slot of 1 of 4 primes, q 2^22.00, from the block pool: 0.03 GB per APU (0.13 per node) | pool free 0.62 GB per APU (the smallest), the product's need 0.16, margin 0.50 -> 1 planes (RNS_DIST_CACHE_PARTIAL_FORCE)
   transform cache (RNS_DIST_CACHE_PARTIAL) node 1: 1 slot of 1 of 4 primes, q 2^22.00, from the block pool: 0.03 GB per APU (0.13 per node) | pool free 0.75 GB per APU (the smallest), the product's need 0.16, margin 0.50 -> 1 planes (RNS_DIST_CACHE_PARTIAL_FORCE)
dist_mn node 0: 50331648 x 13421772 limbs over 2 x 4 ranks (cap 2^25): 3 x 1 pieces, 2 formed, 1 skipped (low cut) (cache 1 slots of 1 prime, partial: 14 hits, 9 misses)
dist_mn node 1: 50331648 x 13421772 limbs over 2 x 4 ranks (cap 2^25): 3 x 1 pieces, 2 formed, 1 skipped (low cut) (cache 1 slots of 1 prime, partial: 14 hits, 9 misses)
   transform cache (RNS_DIST_CACHE_PARTIAL) node 0: 1 slot of 1 of 4 primes, q 2^22.00, from the block pool: 0.03 GB per APU (0.13 per node) | pool free 0.62 GB per APU (the smallest), the product's need 0.16, margin 0.50 -> 1 planes (RNS_DIST_CACHE_PARTIAL_FORCE)
   transform cache (RNS_DIST_CACHE_PARTIAL) node 1: 1 slot of 1 of 4 primes, q 2^22.00, from the block pool: 0.03 GB per APU (0.13 per node) | pool free 0.75 GB per APU (the smallest), the product's need 0.16, margin 0.50 -> 1 planes (RNS_DIST_CACHE_PARTIAL_FORCE)
dist_mn node 0: 50331648 x 13421772 limbs over 2 x 4 ranks (cap 2^25): 3 x 1 pieces, 2 formed, 1 skipped (low product) (low cut) (cache 1 slots of 1 prime, partial: 15 hits, 10 misses)
dist_mn node 1: 50331648 x 13421772 limbs over 2 x 4 ranks (cap 2^25): 3 x 1 pieces, 2 formed, 1 skipped (low product) (low cut) (cache 1 slots of 1 prime, partial: 15 hits, 10 misses)
   transform cache (RNS_DIST_CACHE_PARTIAL) node 0: 1 slot of 1 of 4 primes, q 2^22.00, from the block pool: 0.03 GB per APU (0.13 per node) | pool free 0.62 GB per APU (the smallest), the product's need 0.16, margin 0.50 -> 1 planes (RNS_DIST_CACHE_PARTIAL_FORCE)
   transform cache (RNS_DIST_CACHE_PARTIAL) node 1: 1 slot of 1 of 4 primes, q 2^22.00, from the block pool: 0.03 GB per APU (0.13 per node) | pool free 0.75 GB per APU (the smallest), the product's need 0.16, margin 0.50 -> 1 planes (RNS_DIST_CACHE_PARTIAL_FORCE)
dist_mn node 0: 50331648 x 13421772 limbs over 2 x 4 ranks (cap 2^25): 3 x 1 pieces, 3 formed, 0 skipped (low cut) (cache 1 slots of 1 prime, partial: 17 hits, 11 misses)
dist_mn node 1: 50331648 x 13421772 limbs over 2 x 4 ranks (cap 2^25): 3 x 1 pieces, 3 formed, 0 skipped (low cut) (cache 1 slots of 1 prime, partial: 17 hits, 11 misses)
   transform cache (RNS_DIST_CACHE_PARTIAL) node 1: 1 slot of 1 of 4 primes, q 2^22.00, from the block pool: 0.03 GB per APU (0.13 per node) | pool free 0.75 GB per APU (the smallest), the product's need 0.16, margin 0.50 -> 1 planes (RNS_DIST_CACHE_PARTIAL_FORCE)
   transform cache (RNS_DIST_CACHE_PARTIAL) node 0: 1 slot of 1 of 4 primes, q 2^22.00, from the block pool: 0.03 GB per APU (0.13 per node) | pool free 0.62 GB per APU (the smallest), the product's need 0.16, margin 0.50 -> 1 planes (RNS_DIST_CACHE_PARTIAL_FORCE)
dist_mn node 0: 50331648 x 13421772 limbs over 2 x 4 ranks (cap 2^25): 3 x 1 pieces, 3 formed, 0 skipped (low product) (low cut) (cache 1 slots of 1 prime, partial: 19 hits, 12 misses)
dist_mn node 1: 50331648 x 13421772 limbs over 2 x 4 ranks (cap 2^25): 3 x 1 pieces, 3 formed, 0 skipped (low product) (low cut) (cache 1 slots of 1 prime, partial: 19 hits, 12 misses)
   transform cache (RNS_DIST_CACHE_PARTIAL) node 1: 1 slot of 1 of 4 primes, q 2^22.00, from the block pool: 0.03 GB per APU (0.13 per node) | pool free 0.75 GB per APU (the smallest), the product's need 0.16, margin 0.50 -> 1 planes (RNS_DIST_CACHE_PARTIAL_FORCE)
   transform cache (RNS_DIST_CACHE_PARTIAL) node 0: 1 slot of 1 of 4 primes, q 2^22.00, from the block pool: 0.03 GB per APU (0.13 per node) | pool free 0.62 GB per APU (the smallest), the product's need 0.16, margin 0.50 -> 1 planes (RNS_DIST_CACHE_PARTIAL_FORCE)
dist_mn node 0: 50331648 x 13421772 limbs over 2 x 4 ranks (cap 2^25): 3 x 1 pieces, 0 formed, 3 skipped (low cut) (cache 1 slots of 1 prime, partial: 19 hits, 12 misses)
dist_mn node 1: 50331648 x 13421772 limbs over 2 x 4 ranks (cap 2^25): 3 x 1 pieces, 0 formed, 3 skipped (low cut) (cache 1 slots of 1 prime, partial: 19 hits, 12 misses)
   transform cache (RNS_DIST_CACHE_PARTIAL) node 0: 1 slot of 1 of 4 primes, q 2^22.00, from the block pool: 0.03 GB per APU (0.13 per node) | pool free 0.62 GB per APU (the smallest), the product's need 0.16, margin 0.50 -> 1 planes (RNS_DIST_CACHE_PARTIAL_FORCE)
   transform cache (RNS_DIST_CACHE_PARTIAL) node 1: 1 slot of 1 of 4 primes, q 2^22.00, from the block pool: 0.03 GB per APU (0.13 per node) | pool free 0.75 GB per APU (the smallest), the product's need 0.16, margin 0.50 -> 1 planes (RNS_DIST_CACHE_PARTIAL_FORCE)
dist_mn node 0: 50331648 x 13421772 limbs over 2 x 4 ranks (cap 2^25): 3 x 1 pieces, 0 formed, 3 skipped (low product) (low cut) (cache 1 slots of 1 prime, partial: 19 hits, 12 misses)
dist_mn node 1: 50331648 x 13421772 limbs over 2 x 4 ranks (cap 2^25): 3 x 1 pieces, 0 formed, 3 skipped (low product) (low cut) (cache 1 slots of 1 prime, partial: 19 hits, 12 misses)
   transform cache (RNS_DIST_CACHE_PARTIAL) node 0: 1 slot of 1 of 4 primes, q 2^22.00, from the block pool: 0.03 GB per APU (0.13 per node) | pool free 0.62 GB per APU (the smallest), the product's need 0.16, margin 0.50 -> 1 planes (RNS_DIST_CACHE_PARTIAL_FORCE)
   transform cache (RNS_DIST_CACHE_PARTIAL) node 1: 1 slot of 1 of 4 primes, q 2^22.00, from the block pool: 0.03 GB per APU (0.13 per node) | pool free 0.75 GB per APU (the smallest), the product's need 0.16, margin 0.50 -> 1 planes (RNS_DIST_CACHE_PARTIAL_FORCE)
dist_mn node 0: 50331648 x 13421772 limbs over 2 x 4 ranks (cap 2^25): 3 x 1 pieces, 3 formed, 0 skipped (cache 1 slots of 1 prime, partial: 21 hits, 13 misses)
dist_mn node 1: 50331648 x 13421772 limbs over 2 x 4 ranks (cap 2^25): 3 x 1 pieces, 3 formed, 0 skipped (cache 1 slots of 1 prime, partial: 21 hits, 13 misses)
   transform cache (RNS_DIST_CACHE_PARTIAL) node 0: 1 slot of 1 of 4 primes, q 2^22.00, from the block pool: 0.03 GB per APU (0.13 per node) | pool free 0.62 GB per APU (the smallest), the product's need 0.16, margin 0.50 -> 1 planes (RNS_DIST_CACHE_PARTIAL_FORCE)
   transform cache (RNS_DIST_CACHE_PARTIAL) node 1: 1 slot of 1 of 4 primes, q 2^22.00, from the block pool: 0.03 GB per APU (0.13 per node) | pool free 0.75 GB per APU (the smallest), the product's need 0.16, margin 0.50 -> 1 planes (RNS_DIST_CACHE_PARTIAL_FORCE)
dist_mn node 0: 50331648 x 13421772 limbs over 2 x 4 ranks (cap 2^25): 3 x 1 pieces, 3 formed, 0 skipped (low product) (cache 1 slots of 1 prime, partial: 23 hits, 14 misses)
dist_mn node 1: 50331648 x 13421772 limbs over 2 x 4 ranks (cap 2^25): 3 x 1 pieces, 3 formed, 0 skipped (low product) (cache 1 slots of 1 prime, partial: 23 hits, 14 misses)
   transform cache (RNS_DIST_CACHE_PARTIAL) node 0: 1 slot of 1 of 4 primes, q 2^22.00, from the block pool: 0.03 GB per APU (0.13 per node) | pool free 0.64 GB per APU (the smallest), the product's need 0.12, margin 0.50 -> 1 planes (RNS_DIST_CACHE_PARTIAL_FORCE)
   transform cache (RNS_DIST_CACHE_PARTIAL) node 1: 1 slot of 1 of 4 primes, q 2^22.00, from the block pool: 0.03 GB per APU (0.13 per node) | pool free 0.77 GB per APU (the smallest), the product's need 0.14, margin 0.50 -> 1 planes (RNS_DIST_CACHE_PARTIAL_FORCE)
dist_mn node 0: 25165824 x 13421765 limbs over 2 x 4 ranks (cap 2^25): 1 x 2 pieces, 2 formed, 0 skipped (cache 1 slots of 1 prime, partial: 1 hits, 1 misses)
dist_mn node 1: 25165824 x 13421765 limbs over 2 x 4 ranks (cap 2^25): 1 x 2 pieces, 2 formed, 0 skipped (cache 1 slots of 1 prime, partial: 1 hits, 1 misses)
   transform cache (RNS_DIST_CACHE_PARTIAL) node 0: 1 slot of 1 of 4 primes, q 2^22.00, from the block pool: 0.03 GB per APU (0.13 per node) | pool free 0.68 GB per APU (the smallest), the product's need 0.11, margin 0.50 -> 1 planes (RNS_DIST_CACHE_PARTIAL_FORCE)
   transform cache (RNS_DIST_CACHE_PARTIAL) node 1: 1 slot of 1 of 4 primes, q 2^22.00, from the block pool: 0.03 GB per APU (0.13 per node) | pool free 0.81 GB per APU (the smallest), the product's need 0.12, margin 0.50 -> 1 planes (RNS_DIST_CACHE_PARTIAL_FORCE)
dist_mn node 0: 25165824 x 13421765 limbs over 2 x 4 ranks (cap 2^25): 1 x 2 pieces, 2 formed, 0 skipped (low product) (cache 1 slots of 1 prime, partial: 2 hits, 2 misses)
dist_mn node 1: 25165824 x 13421765 limbs over 2 x 4 ranks (cap 2^25): 1 x 2 pieces, 2 formed, 0 skipped (low product) (cache 1 slots of 1 prime, partial: 2 hits, 2 misses)
   transform cache (RNS_DIST_CACHE_PARTIAL) node 0: 1 slot of 1 of 4 primes, q 2^22.00, from the block pool: 0.03 GB per APU (0.13 per node) | pool free 0.65 GB per APU (the smallest), the product's need 0.16, margin 0.50 -> 1 planes (RNS_DIST_CACHE_PARTIAL_FORCE)
   transform cache (RNS_DIST_CACHE_PARTIAL) node 1: 1 slot of 1 of 4 primes, q 2^22.00, from the block pool: 0.03 GB per APU (0.13 per node) | pool free 0.79 GB per APU (the smallest), the product's need 0.16, margin 0.50 -> 1 planes (RNS_DIST_CACHE_PARTIAL_FORCE)
dist_mn node 0: 50331648 x 13421772 limbs over 2 x 4 ranks (cap 2^25): 3 x 1 pieces, 3 formed, 0 skipped (cache 1 slots of 1 prime, partial: 4 hits, 3 misses)
dist_mn node 1: 50331648 x 13421772 limbs over 2 x 4 ranks (cap 2^25): 3 x 1 pieces, 3 formed, 0 skipped (cache 1 slots of 1 prime, partial: 4 hits, 3 misses)
   transform cache (RNS_DIST_CACHE_PARTIAL) node 0: 1 slot of 1 of 4 primes, q 2^22.00, from the block pool: 0.03 GB per APU (0.13 per node) | pool free 0.64 GB per APU (the smallest), the product's need 0.15, margin 0.50 -> 1 planes (RNS_DIST_CACHE_PARTIAL_FORCE)
   transform cache (RNS_DIST_CACHE_PARTIAL) node 1: 1 slot of 1 of 4 primes, q 2^22.00, from the block pool: 0.03 GB per APU (0.13 per node) | pool free 0.71 GB per APU (the smallest), the product's need 0.15, margin 0.50 -> 1 planes (RNS_DIST_CACHE_PARTIAL_FORCE)
dist_mn node 0: 30198988 x 30198988 limbs over 2 x 4 ranks (cap 2^25): 2 x 2 pieces, 4 formed, 0 skipped (cache 1 slots of 1 prime, partial: 6 hits, 5 misses)
dist_mn node 1: 30198988 x 30198988 limbs over 2 x 4 ranks (cap 2^25): 2 x 2 pieces, 4 formed, 0 skipped (cache 1 slots of 1 prime, partial: 6 hits, 5 misses)
   subgroups 30198988 x 30198988: 2.72 s
   transform cache (RNS_DIST_CACHE_PARTIAL) node 1: 1 slot of 1 of 4 primes, q 2^22.00, from the block pool: 0.03 GB per APU (0.13 per node) | pool free 0.83 GB per APU (the smallest), the product's need 0.15, margin 0.50 -> 1 planes (RNS_DIST_CACHE_PARTIAL_FORCE)
   transform cache (RNS_DIST_CACHE_PARTIAL) node 0: 1 slot of 1 of 4 primes, q 2^22.00, from the block pool: 0.03 GB per APU (0.13 per node) | pool free 0.64 GB per APU (the smallest), the product's need 0.15, margin 0.50 -> 1 planes (RNS_DIST_CACHE_PARTIAL_FORCE)
dist_mn node 0: 30198988 x 30198988 limbs over 2 x 4 ranks (cap 2^25): 2 x 2 pieces, 4 formed, 0 skipped (cache 1 slots of 1 prime, partial: 8 hits, 7 misses)
dist_mn node 1: 30198988 x 30198988 limbs over 2 x 4 ranks (cap 2^25): 2 x 2 pieces, 4 formed, 0 skipped (cache 1 slots of 1 prime, partial: 8 hits, 7 misses)
   transform cache (RNS_DIST_CACHE_PARTIAL) node 1: 1 slot of 1 of 4 primes, q 2^22.00, from the block pool: 0.03 GB per APU (0.13 per node) | pool free 0.86 GB per APU (the smallest), the product's need 0.12, margin 0.50 -> 1 planes (RNS_DIST_CACHE_PARTIAL_FORCE)
   transform cache (RNS_DIST_CACHE_PARTIAL) node 0: 1 slot of 1 of 4 primes, q 2^22.00, from the block pool: 0.03 GB per APU (0.13 per node) | pool free 0.73 GB per APU (the smallest), the product's need 0.12, margin 0.50 -> 1 planes (RNS_DIST_CACHE_PARTIAL_FORCE)
dist_mn node 0: 30198988 x 30198988 limbs over 2 x 4 ranks (cap 2^25): 2 x 2 pieces, 4 formed, 0 skipped (low product) (cache 1 slots of 1 prime, partial: 10 hits, 9 misses)
dist_mn node 1: 30198988 x 30198988 limbs over 2 x 4 ranks (cap 2^25): 2 x 2 pieces, 4 formed, 0 skipped (low product) (cache 1 slots of 1 prime, partial: 10 hits, 9 misses)
   transform cache (RNS_DIST_CACHE_PARTIAL) node 0: 1 slot of 1 of 4 primes, q 2^22.00, from the block pool: 0.03 GB per APU (0.13 per node) | pool free 0.75 GB per APU (the smallest), the product's need 0.15, margin 0.50 -> 1 planes (RNS_DIST_CACHE_PARTIAL_FORCE)
   transform cache (RNS_DIST_CACHE_PARTIAL) node 1: 1 slot of 1 of 4 primes, q 2^22.00, from the block pool: 0.03 GB per APU (0.13 per node) | pool free 0.88 GB per APU (the smallest), the product's need 0.15, margin 0.50 -> 1 planes (RNS_DIST_CACHE_PARTIAL_FORCE)
dist_mn node 0: 30198988 x 30198988 limbs over 2 x 4 ranks (cap 2^25): 2 x 2 pieces, 4 formed, 0 skipped (low product) (cache 1 slots of 1 prime, partial: 12 hits, 11 misses)
dist_mn node 1: 30198988 x 30198988 limbs over 2 x 4 ranks (cap 2^25): 2 x 2 pieces, 4 formed, 0 skipped (low product) (cache 1 slots of 1 prime, partial: 12 hits, 11 misses)
   transform cache (RNS_DIST_CACHE_PARTIAL) node 0: 1 slot of 1 of 4 primes, q 2^22.00, from the block pool: 0.03 GB per APU (0.13 per node) | pool free 0.70 GB per APU (the smallest), the product's need 0.15, margin 0.50 -> 1 planes (RNS_DIST_CACHE_PARTIAL_FORCE)
   transform cache (RNS_DIST_CACHE_PARTIAL) node 1: 1 slot of 1 of 4 primes, q 2^22.00, from the block pool: 0.03 GB per APU (0.13 per node) | pool free 0.83 GB per APU (the smallest), the product's need 0.15, margin 0.50 -> 1 planes (RNS_DIST_CACHE_PARTIAL_FORCE)
dist_mn node 0: 30198988 x 30198988 limbs over 2 x 4 ranks (cap 2^25): 2 x 2 pieces, 3 formed, 1 skipped (low cut) (cache 1 slots of 1 prime, partial: 13 hits, 13 misses)
dist_mn node 1: 30198988 x 30198988 limbs over 2 x 4 ranks (cap 2^25): 2 x 2 pieces, 3 formed, 1 skipped (low cut) (cache 1 slots of 1 prime, partial: 13 hits, 13 misses)
   transform cache (RNS_DIST_CACHE_PARTIAL) node 1: 1 slot of 1 of 4 primes, q 2^22.00, from the block pool: 0.03 GB per APU (0.13 per node) | pool free 0.83 GB per APU (the smallest), the product's need 0.15, margin 0.50 -> 1 planes (RNS_DIST_CACHE_PARTIAL_FORCE)
   transform cache (RNS_DIST_CACHE_PARTIAL) node 0: 1 slot of 1 of 4 primes, q 2^22.00, from the block pool: 0.03 GB per APU (0.13 per node) | pool free 0.70 GB per APU (the smallest), the product's need 0.15, margin 0.50 -> 1 planes (RNS_DIST_CACHE_PARTIAL_FORCE)
dist_mn node 0: 30198988 x 30198988 limbs over 2 x 4 ranks (cap 2^25): 2 x 2 pieces, 3 formed, 1 skipped (low product) (low cut) (cache 1 slots of 1 prime, partial: 14 hits, 15 misses)
dist_mn node 1: 30198988 x 30198988 limbs over 2 x 4 ranks (cap 2^25): 2 x 2 pieces, 3 formed, 1 skipped (low product) (low cut) (cache 1 slots of 1 prime, partial: 14 hits, 15 misses)
   transform cache (RNS_DIST_CACHE_PARTIAL) node 0: 1 slot of 1 of 4 primes, q 2^22.00, from the block pool: 0.03 GB per APU (0.13 per node) | pool free 0.70 GB per APU (the smallest), the product's need 0.15, margin 0.50 -> 1 planes (RNS_DIST_CACHE_PARTIAL_FORCE)
   transform cache (RNS_DIST_CACHE_PARTIAL) node 1: 1 slot of 1 of 4 primes, q 2^22.00, from the block pool: 0.03 GB per APU (0.13 per node) | pool free 0.83 GB per APU (the smallest), the product's need 0.15, margin 0.50 -> 1 planes (RNS_DIST_CACHE_PARTIAL_FORCE)
dist_mn node 0: 30198988 x 30198988 limbs over 2 x 4 ranks (cap 2^25): 2 x 2 pieces, 4 formed, 0 skipped (low cut) (cache 1 slots of 1 prime, partial: 16 hits, 17 misses)
dist_mn node 1: 30198988 x 30198988 limbs over 2 x 4 ranks (cap 2^25): 2 x 2 pieces, 4 formed, 0 skipped (low cut) (cache 1 slots of 1 prime, partial: 16 hits, 17 misses)
   transform cache (RNS_DIST_CACHE_PARTIAL) node 0: 1 slot of 1 of 4 primes, q 2^22.00, from the block pool: 0.03 GB per APU (0.13 per node) | pool free 0.70 GB per APU (the smallest), the product's need 0.15, margin 0.50 -> 1 planes (RNS_DIST_CACHE_PARTIAL_FORCE)
   transform cache (RNS_DIST_CACHE_PARTIAL) node 1: 1 slot of 1 of 4 primes, q 2^22.00, from the block pool: 0.03 GB per APU (0.13 per node) | pool free 0.83 GB per APU (the smallest), the product's need 0.15, margin 0.50 -> 1 planes (RNS_DIST_CACHE_PARTIAL_FORCE)
dist_mn node 0: 30198988 x 30198988 limbs over 2 x 4 ranks (cap 2^25): 2 x 2 pieces, 4 formed, 0 skipped (low product) (low cut) (cache 1 slots of 1 prime, partial: 18 hits, 19 misses)
dist_mn node 1: 30198988 x 30198988 limbs over 2 x 4 ranks (cap 2^25): 2 x 2 pieces, 4 formed, 0 skipped (low product) (low cut) (cache 1 slots of 1 prime, partial: 18 hits, 19 misses)
   transform cache (RNS_DIST_CACHE_PARTIAL) node 0: 1 slot of 1 of 4 primes, q 2^22.00, from the block pool: 0.03 GB per APU (0.13 per node) | pool free 0.70 GB per APU (the smallest), the product's need 0.15, margin 0.50 -> 1 planes (RNS_DIST_CACHE_PARTIAL_FORCE)
   transform cache (RNS_DIST_CACHE_PARTIAL) node 1: 1 slot of 1 of 4 primes, q 2^22.00, from the block pool: 0.03 GB per APU (0.13 per node) | pool free 0.83 GB per APU (the smallest), the product's need 0.15, margin 0.50 -> 1 planes (RNS_DIST_CACHE_PARTIAL_FORCE)
dist_mn node 1: 30198988 x 30198988 limbs over 2 x 4 ranks (cap 2^25): 2 x 2 pieces, 0 formed, 4 skipped (low cut) (cache 1 slots of 1 prime, partial: 18 hits, 19 misses)
dist_mn node 0: 30198988 x 30198988 limbs over 2 x 4 ranks (cap 2^25): 2 x 2 pieces, 0 formed, 4 skipped (low cut) (cache 1 slots of 1 prime, partial: 18 hits, 19 misses)
   transform cache (RNS_DIST_CACHE_PARTIAL) node 0: 1 slot of 1 of 4 primes, q 2^22.00, from the block pool: 0.03 GB per APU (0.13 per node) | pool free 0.70 GB per APU (the smallest), the product's need 0.15, margin 0.50 -> 1 planes (RNS_DIST_CACHE_PARTIAL_FORCE)
   transform cache (RNS_DIST_CACHE_PARTIAL) node 1: 1 slot of 1 of 4 primes, q 2^22.00, from the block pool: 0.03 GB per APU (0.13 per node) | pool free 0.83 GB per APU (the smallest), the product's need 0.15, margin 0.50 -> 1 planes (RNS_DIST_CACHE_PARTIAL_FORCE)
dist_mn node 0: 30198988 x 30198988 limbs over 2 x 4 ranks (cap 2^25): 2 x 2 pieces, 0 formed, 4 skipped (low product) (low cut) (cache 1 slots of 1 prime, partial: 18 hits, 19 misses)
dist_mn node 1: 30198988 x 30198988 limbs over 2 x 4 ranks (cap 2^25): 2 x 2 pieces, 0 formed, 4 skipped (low product) (low cut) (cache 1 slots of 1 prime, partial: 18 hits, 19 misses)
   transform cache (RNS_DIST_CACHE_PARTIAL) node 0: 1 slot of 1 of 4 primes, q 2^22.00, from the block pool: 0.03 GB per APU (0.13 per node) | pool free 0.70 GB per APU (the smallest), the product's need 0.15, margin 0.50 -> 1 planes (RNS_DIST_CACHE_PARTIAL_FORCE)
   transform cache (RNS_DIST_CACHE_PARTIAL) node 1: 1 slot of 1 of 4 primes, q 2^22.00, from the block pool: 0.03 GB per APU (0.13 per node) | pool free 0.83 GB per APU (the smallest), the product's need 0.15, margin 0.50 -> 1 planes (RNS_DIST_CACHE_PARTIAL_FORCE)
dist_mn node 0: 30198988 x 30198988 limbs over 2 x 4 ranks (cap 2^25): 2 x 2 pieces, 4 formed, 0 skipped (cache 1 slots of 1 prime, partial: 20 hits, 21 misses)
dist_mn node 1: 30198988 x 30198988 limbs over 2 x 4 ranks (cap 2^25): 2 x 2 pieces, 4 formed, 0 skipped (cache 1 slots of 1 prime, partial: 20 hits, 21 misses)
   transform cache (RNS_DIST_CACHE_PARTIAL) node 0: 1 slot of 1 of 4 primes, q 2^22.00, from the block pool: 0.03 GB per APU (0.13 per node) | pool free 0.70 GB per APU (the smallest), the product's need 0.15, margin 0.50 -> 1 planes (RNS_DIST_CACHE_PARTIAL_FORCE)
   transform cache (RNS_DIST_CACHE_PARTIAL) node 1: 1 slot of 1 of 4 primes, q 2^22.00, from the block pool: 0.03 GB per APU (0.13 per node) | pool free 0.83 GB per APU (the smallest), the product's need 0.15, margin 0.50 -> 1 planes (RNS_DIST_CACHE_PARTIAL_FORCE)
dist_mn node 0: 30198988 x 30198988 limbs over 2 x 4 ranks (cap 2^25): 2 x 2 pieces, 4 formed, 0 skipped (low product) (cache 1 slots of 1 prime, partial: 22 hits, 23 misses)
dist_mn node 1: 30198988 x 30198988 limbs over 2 x 4 ranks (cap 2^25): 2 x 2 pieces, 4 formed, 0 skipped (low product) (cache 1 slots of 1 prime, partial: 22 hits, 23 misses)
   transform cache (RNS_DIST_CACHE_PARTIAL) node 1: 1 slot of 1 of 4 primes, q 2^22.00, from the block pool: 0.03 GB per APU (0.13 per node) | pool free 0.85 GB per APU (the smallest), the product's need 0.14, margin 0.50 -> 1 planes (RNS_DIST_CACHE_PARTIAL_FORCE)
   transform cache (RNS_DIST_CACHE_PARTIAL) node 0: 1 slot of 1 of 4 primes, q 2^22.00, from the block pool: 0.03 GB per APU (0.13 per node) | pool free 0.71 GB per APU (the smallest), the product's need 0.14, margin 0.50 -> 1 planes (RNS_DIST_CACHE_PARTIAL_FORCE)
dist_mn node 0: 15099494 x 30198981 limbs over 2 x 4 ranks (cap 2^25): 1 x 2 pieces, 2 formed, 0 skipped (cache 1 slots of 1 prime, partial: 1 hits, 1 misses)
dist_mn node 1: 15099494 x 30198981 limbs over 2 x 4 ranks (cap 2^25): 1 x 2 pieces, 2 formed, 0 skipped (cache 1 slots of 1 prime, partial: 1 hits, 1 misses)
   transform cache (RNS_DIST_CACHE_PARTIAL) node 0: 1 slot of 1 of 4 primes, q 2^22.00, from the block pool: 0.03 GB per APU (0.13 per node) | pool free 0.76 GB per APU (the smallest), the product's need 0.11, margin 0.50 -> 1 planes (RNS_DIST_CACHE_PARTIAL_FORCE)
   transform cache (RNS_DIST_CACHE_PARTIAL) node 1: 1 slot of 1 of 4 primes, q 2^22.00, from the block pool: 0.03 GB per APU (0.13 per node) | pool free 0.89 GB per APU (the smallest), the product's need 0.11, margin 0.50 -> 1 planes (RNS_DIST_CACHE_PARTIAL_FORCE)
dist_mn node 0: 15099494 x 30198981 limbs over 2 x 4 ranks (cap 2^25): 1 x 2 pieces, 2 formed, 0 skipped (low product) (cache 1 slots of 1 prime, partial: 2 hits, 2 misses)
dist_mn node 1: 15099494 x 30198981 limbs over 2 x 4 ranks (cap 2^25): 1 x 2 pieces, 2 formed, 0 skipped (low product) (cache 1 slots of 1 prime, partial: 2 hits, 2 misses)
   transform cache (RNS_DIST_CACHE_PARTIAL) node 0: 1 slot of 1 of 4 primes, q 2^22.00, from the block pool: 0.03 GB per APU (0.13 per node) | pool free 0.75 GB per APU (the smallest), the product's need 0.15, margin 0.50 -> 1 planes (RNS_DIST_CACHE_PARTIAL_FORCE)
   transform cache (RNS_DIST_CACHE_PARTIAL) node 1: 1 slot of 1 of 4 primes, q 2^22.00, from the block pool: 0.03 GB per APU (0.13 per node) | pool free 0.88 GB per APU (the smallest), the product's need 0.15, margin 0.50 -> 1 planes (RNS_DIST_CACHE_PARTIAL_FORCE)
dist_mn node 0: 30198988 x 30198988 limbs over 2 x 4 ranks (cap 2^25): 2 x 2 pieces, 4 formed, 0 skipped (cache 1 slots of 1 prime, partial: 4 hits, 4 misses)
dist_mn node 1: 30198988 x 30198988 limbs over 2 x 4 ranks (cap 2^25): 2 x 2 pieces, 4 formed, 0 skipped (cache 1 slots of 1 prime, partial: 4 hits, 4 misses)
   transform cache (RNS_DIST_CACHE_PARTIAL) node 0: 1 slot of 1 of 4 primes, q 2^22.00, from the block pool: 0.03 GB per APU (0.13 per node) | pool free 0.70 GB per APU (the smallest), the product's need 0.15, margin 0.50 -> 1 planes (RNS_DIST_CACHE_PARTIAL_FORCE)
   transform cache (RNS_DIST_CACHE_PARTIAL) node 1: 1 slot of 1 of 4 primes, q 2^22.00, from the block pool: 0.03 GB per APU (0.13 per node) | pool free 0.83 GB per APU (the smallest), the product's need 0.15, margin 0.50 -> 1 planes (RNS_DIST_CACHE_PARTIAL_FORCE)
dist_mn node 0: 30198988 x 30198988 limbs over 2 x 4 ranks (cap 2^25): 2 x 2 pieces, 4 formed, 0 skipped (cache 1 slots of 1 prime, partial: 6 hits, 6 misses)
dist_mn node 1: 30198988 x 30198988 limbs over 2 x 4 ranks (cap 2^25): 2 x 2 pieces, 4 formed, 0 skipped (cache 1 slots of 1 prime, partial: 6 hits, 6 misses)
   transform cache (RNS_DIST_CACHE_PARTIAL) node 1: 1 slot of 1 of 4 primes, q 2^22.00, from the block pool: 0.03 GB per APU (0.13 per node) | pool free 0.83 GB per APU (the smallest), the product's need 0.15, margin 0.50 -> 1 planes (RNS_DIST_CACHE_PARTIAL_FORCE)
   transform cache (RNS_DIST_CACHE_PARTIAL) node 0: 1 slot of 1 of 4 primes, q 2^22.00, from the block pool: 0.03 GB per APU (0.13 per node) | pool free 0.70 GB per APU (the smallest), the product's need 0.15, margin 0.50 -> 1 planes (RNS_DIST_CACHE_PARTIAL_FORCE)
dist_mn node 0: 30198988 x 30198988 limbs over 2 x 4 ranks (cap 2^25): 2 x 2 pieces, 4 formed, 0 skipped (cache 1 slots of 1 prime, partial: 8 hits, 8 misses)
dist_mn node 1: 30198988 x 30198988 limbs over 2 x 4 ranks (cap 2^25): 2 x 2 pieces, 4 formed, 0 skipped (cache 1 slots of 1 prime, partial: 8 hits, 8 misses)
   transform cache (RNS_DIST_CACHE_PARTIAL) node 0: 1 slot of 1 of 4 primes, q 2^22.00, from the block pool: 0.03 GB per APU (0.13 per node) | pool free 0.73 GB per APU (the smallest), the product's need 0.12, margin 0.50 -> 1 planes (RNS_DIST_CACHE_PARTIAL_FORCE)
   transform cache (RNS_DIST_CACHE_PARTIAL) node 1: 1 slot of 1 of 4 primes, q 2^22.00, from the block pool: 0.03 GB per APU (0.13 per node) | pool free 0.86 GB per APU (the smallest), the product's need 0.12, margin 0.50 -> 1 planes (RNS_DIST_CACHE_PARTIAL_FORCE)
dist_mn node 0: 30198988 x 30198988 limbs over 2 x 4 ranks (cap 2^25): 2 x 2 pieces, 4 formed, 0 skipped (low product) (cache 1 slots of 1 prime, partial: 10 hits, 10 misses)
dist_mn node 1: 30198988 x 30198988 limbs over 2 x 4 ranks (cap 2^25): 2 x 2 pieces, 4 formed, 0 skipped (low product) (cache 1 slots of 1 prime, partial: 10 hits, 10 misses)
   transform cache (RNS_DIST_CACHE_PARTIAL) node 0: 1 slot of 1 of 4 primes, q 2^22.00, from the block pool: 0.03 GB per APU (0.13 per node) | pool free 0.75 GB per APU (the smallest), the product's need 0.15, margin 0.50 -> 1 planes (RNS_DIST_CACHE_PARTIAL_FORCE)
   transform cache (RNS_DIST_CACHE_PARTIAL) node 1: 1 slot of 1 of 4 primes, q 2^22.00, from the block pool: 0.03 GB per APU (0.13 per node) | pool free 0.88 GB per APU (the smallest), the product's need 0.15, margin 0.50 -> 1 planes (RNS_DIST_CACHE_PARTIAL_FORCE)
dist_mn node 0: 30198988 x 30198988 limbs over 2 x 4 ranks (cap 2^25): 2 x 2 pieces, 4 formed, 0 skipped (low product) (cache 1 slots of 1 prime, partial: 12 hits, 12 misses)
dist_mn node 1: 30198988 x 30198988 limbs over 2 x 4 ranks (cap 2^25): 2 x 2 pieces, 4 formed, 0 skipped (low product) (cache 1 slots of 1 prime, partial: 12 hits, 12 misses)
   transform cache (RNS_DIST_CACHE_PARTIAL) node 0: 1 slot of 1 of 4 primes, q 2^22.00, from the block pool: 0.03 GB per APU (0.13 per node) | pool free 0.70 GB per APU (the smallest), the product's need 0.15, margin 0.50 -> 1 planes (RNS_DIST_CACHE_PARTIAL_FORCE)
   transform cache (RNS_DIST_CACHE_PARTIAL) node 1: 1 slot of 1 of 4 primes, q 2^22.00, from the block pool: 0.03 GB per APU (0.13 per node) | pool free 0.83 GB per APU (the smallest), the product's need 0.15, margin 0.50 -> 1 planes (RNS_DIST_CACHE_PARTIAL_FORCE)
dist_mn node 0: 30198988 x 30198988 limbs over 2 x 4 ranks (cap 2^25): 2 x 2 pieces, 3 formed, 1 skipped (low cut) (cache 1 slots of 1 prime, partial: 13 hits, 14 misses)
dist_mn node 1: 30198988 x 30198988 limbs over 2 x 4 ranks (cap 2^25): 2 x 2 pieces, 3 formed, 1 skipped (low cut) (cache 1 slots of 1 prime, partial: 13 hits, 14 misses)
   transform cache (RNS_DIST_CACHE_PARTIAL) node 0: 1 slot of 1 of 4 primes, q 2^22.00, from the block pool: 0.03 GB per APU (0.13 per node) | pool free 0.70 GB per APU (the smallest), the product's need 0.15, margin 0.50 -> 1 planes (RNS_DIST_CACHE_PARTIAL_FORCE)
   transform cache (RNS_DIST_CACHE_PARTIAL) node 1: 1 slot of 1 of 4 primes, q 2^22.00, from the block pool: 0.03 GB per APU (0.13 per node) | pool free 0.83 GB per APU (the smallest), the product's need 0.15, margin 0.50 -> 1 planes (RNS_DIST_CACHE_PARTIAL_FORCE)
dist_mn node 0: 30198988 x 30198988 limbs over 2 x 4 ranks (cap 2^25): 2 x 2 pieces, 3 formed, 1 skipped (low product) (low cut) (cache 1 slots of 1 prime, partial: 14 hits, 16 misses)
dist_mn node 1: 30198988 x 30198988 limbs over 2 x 4 ranks (cap 2^25): 2 x 2 pieces, 3 formed, 1 skipped (low product) (low cut) (cache 1 slots of 1 prime, partial: 14 hits, 16 misses)
   transform cache (RNS_DIST_CACHE_PARTIAL) node 1: 1 slot of 1 of 4 primes, q 2^22.00, from the block pool: 0.03 GB per APU (0.13 per node) | pool free 0.83 GB per APU (the smallest), the product's need 0.15, margin 0.50 -> 1 planes (RNS_DIST_CACHE_PARTIAL_FORCE)
   transform cache (RNS_DIST_CACHE_PARTIAL) node 0: 1 slot of 1 of 4 primes, q 2^22.00, from the block pool: 0.03 GB per APU (0.13 per node) | pool free 0.70 GB per APU (the smallest), the product's need 0.15, margin 0.50 -> 1 planes (RNS_DIST_CACHE_PARTIAL_FORCE)
dist_mn node 0: 30198988 x 30198988 limbs over 2 x 4 ranks (cap 2^25): 2 x 2 pieces, 4 formed, 0 skipped (low cut) (cache 1 slots of 1 prime, partial: 16 hits, 18 misses)
dist_mn node 1: 30198988 x 30198988 limbs over 2 x 4 ranks (cap 2^25): 2 x 2 pieces, 4 formed, 0 skipped (low cut) (cache 1 slots of 1 prime, partial: 16 hits, 18 misses)
   transform cache (RNS_DIST_CACHE_PARTIAL) node 0: 1 slot of 1 of 4 primes, q 2^22.00, from the block pool: 0.03 GB per APU (0.13 per node) | pool free 0.70 GB per APU (the smallest), the product's need 0.15, margin 0.50 -> 1 planes (RNS_DIST_CACHE_PARTIAL_FORCE)
   transform cache (RNS_DIST_CACHE_PARTIAL) node 1: 1 slot of 1 of 4 primes, q 2^22.00, from the block pool: 0.03 GB per APU (0.13 per node) | pool free 0.83 GB per APU (the smallest), the product's need 0.15, margin 0.50 -> 1 planes (RNS_DIST_CACHE_PARTIAL_FORCE)
dist_mn node 0: 30198988 x 30198988 limbs over 2 x 4 ranks (cap 2^25): 2 x 2 pieces, 4 formed, 0 skipped (low product) (low cut) (cache 1 slots of 1 prime, partial: 18 hits, 20 misses)
dist_mn node 1: 30198988 x 30198988 limbs over 2 x 4 ranks (cap 2^25): 2 x 2 pieces, 4 formed, 0 skipped (low product) (low cut) (cache 1 slots of 1 prime, partial: 18 hits, 20 misses)
   transform cache (RNS_DIST_CACHE_PARTIAL) node 0: 1 slot of 1 of 4 primes, q 2^22.00, from the block pool: 0.03 GB per APU (0.13 per node) | pool free 0.70 GB per APU (the smallest), the product's need 0.15, margin 0.50 -> 1 planes (RNS_DIST_CACHE_PARTIAL_FORCE)
   transform cache (RNS_DIST_CACHE_PARTIAL) node 1: 1 slot of 1 of 4 primes, q 2^22.00, from the block pool: 0.03 GB per APU (0.13 per node) | pool free 0.83 GB per APU (the smallest), the product's need 0.15, margin 0.50 -> 1 planes (RNS_DIST_CACHE_PARTIAL_FORCE)
dist_mn node 0: 30198988 x 30198988 limbs over 2 x 4 ranks (cap 2^25): 2 x 2 pieces, 0 formed, 4 skipped (low cut) (cache 1 slots of 1 prime, partial: 18 hits, 20 misses)
dist_mn node 1: 30198988 x 30198988 limbs over 2 x 4 ranks (cap 2^25): 2 x 2 pieces, 0 formed, 4 skipped (low cut) (cache 1 slots of 1 prime, partial: 18 hits, 20 misses)
   transform cache (RNS_DIST_CACHE_PARTIAL) node 0: 1 slot of 1 of 4 primes, q 2^22.00, from the block pool: 0.03 GB per APU (0.13 per node) | pool free 0.70 GB per APU (the smallest), the product's need 0.15, margin 0.50 -> 1 planes (RNS_DIST_CACHE_PARTIAL_FORCE)
   transform cache (RNS_DIST_CACHE_PARTIAL) node 1: 1 slot of 1 of 4 primes, q 2^22.00, from the block pool: 0.03 GB per APU (0.13 per node) | pool free 0.83 GB per APU (the smallest), the product's need 0.15, margin 0.50 -> 1 planes (RNS_DIST_CACHE_PARTIAL_FORCE)
dist_mn node 0: 30198988 x 30198988 limbs over 2 x 4 ranks (cap 2^25): 2 x 2 pieces, 0 formed, 4 skipped (low product) (low cut) (cache 1 slots of 1 prime, partial: 18 hits, 20 misses)
dist_mn node 1: 30198988 x 30198988 limbs over 2 x 4 ranks (cap 2^25): 2 x 2 pieces, 0 formed, 4 skipped (low product) (low cut) (cache 1 slots of 1 prime, partial: 18 hits, 20 misses)
   transform cache (RNS_DIST_CACHE_PARTIAL) node 1: 1 slot of 1 of 4 primes, q 2^22.00, from the block pool: 0.03 GB per APU (0.13 per node) | pool free 0.83 GB per APU (the smallest), the product's need 0.15, margin 0.50 -> 1 planes (RNS_DIST_CACHE_PARTIAL_FORCE)
   transform cache (RNS_DIST_CACHE_PARTIAL) node 0: 1 slot of 1 of 4 primes, q 2^22.00, from the block pool: 0.03 GB per APU (0.13 per node) | pool free 0.70 GB per APU (the smallest), the product's need 0.15, margin 0.50 -> 1 planes (RNS_DIST_CACHE_PARTIAL_FORCE)
dist_mn node 0: 30198988 x 30198988 limbs over 2 x 4 ranks (cap 2^25): 2 x 2 pieces, 4 formed, 0 skipped (cache 1 slots of 1 prime, partial: 20 hits, 22 misses)
dist_mn node 1: 30198988 x 30198988 limbs over 2 x 4 ranks (cap 2^25): 2 x 2 pieces, 4 formed, 0 skipped (cache 1 slots of 1 prime, partial: 20 hits, 22 misses)
   transform cache (RNS_DIST_CACHE_PARTIAL) node 0: 1 slot of 1 of 4 primes, q 2^22.00, from the block pool: 0.03 GB per APU (0.13 per node) | pool free 0.70 GB per APU (the smallest), the product's need 0.15, margin 0.50 -> 1 planes (RNS_DIST_CACHE_PARTIAL_FORCE)
   transform cache (RNS_DIST_CACHE_PARTIAL) node 1: 1 slot of 1 of 4 primes, q 2^22.00, from the block pool: 0.03 GB per APU (0.13 per node) | pool free 0.83 GB per APU (the smallest), the product's need 0.15, margin 0.50 -> 1 planes (RNS_DIST_CACHE_PARTIAL_FORCE)
dist_mn node 0: 30198988 x 30198988 limbs over 2 x 4 ranks (cap 2^25): 2 x 2 pieces, 4 formed, 0 skipped (low product) (cache 1 slots of 1 prime, partial: 22 hits, 24 misses)
dist_mn node 1: 30198988 x 30198988 limbs over 2 x 4 ranks (cap 2^25): 2 x 2 pieces, 4 formed, 0 skipped (low product) (cache 1 slots of 1 prime, partial: 22 hits, 24 misses)
   transform cache (RNS_DIST_CACHE_PARTIAL) node 0: 1 slot of 1 of 4 primes, q 2^22.00, from the block pool: 0.03 GB per APU (0.13 per node) | pool free 0.71 GB per APU (the smallest), the product's need 0.14, margin 0.50 -> 1 planes (RNS_DIST_CACHE_PARTIAL_FORCE)
   transform cache (RNS_DIST_CACHE_PARTIAL) node 1: 1 slot of 1 of 4 primes, q 2^22.00, from the block pool: 0.03 GB per APU (0.13 per node) | pool free 0.85 GB per APU (the smallest), the product's need 0.14, margin 0.50 -> 1 planes (RNS_DIST_CACHE_PARTIAL_FORCE)
dist_mn node 0: 15099494 x 30198981 limbs over 2 x 4 ranks (cap 2^25): 1 x 2 pieces, 2 formed, 0 skipped (cache 1 slots of 1 prime, partial: 1 hits, 1 misses)
dist_mn node 1: 15099494 x 30198981 limbs over 2 x 4 ranks (cap 2^25): 1 x 2 pieces, 2 formed, 0 skipped (cache 1 slots of 1 prime, partial: 1 hits, 1 misses)
   transform cache (RNS_DIST_CACHE_PARTIAL) node 1: 1 slot of 1 of 4 primes, q 2^22.00, from the block pool: 0.03 GB per APU (0.13 per node) | pool free 0.89 GB per APU (the smallest), the product's need 0.11, margin 0.50 -> 1 planes (RNS_DIST_CACHE_PARTIAL_FORCE)
   transform cache (RNS_DIST_CACHE_PARTIAL) node 0: 1 slot of 1 of 4 primes, q 2^22.00, from the block pool: 0.03 GB per APU (0.13 per node) | pool free 0.76 GB per APU (the smallest), the product's need 0.11, margin 0.50 -> 1 planes (RNS_DIST_CACHE_PARTIAL_FORCE)
dist_mn node 0: 15099494 x 30198981 limbs over 2 x 4 ranks (cap 2^25): 1 x 2 pieces, 2 formed, 0 skipped (low product) (cache 1 slots of 1 prime, partial: 2 hits, 2 misses)
dist_mn node 1: 15099494 x 30198981 limbs over 2 x 4 ranks (cap 2^25): 1 x 2 pieces, 2 formed, 0 skipped (low product) (cache 1 slots of 1 prime, partial: 2 hits, 2 misses)
   transform cache (RNS_DIST_CACHE_PARTIAL) node 0: 1 slot of 1 of 4 primes, q 2^22.00, from the block pool: 0.03 GB per APU (0.13 per node) | pool free 0.75 GB per APU (the smallest), the product's need 0.15, margin 0.50 -> 1 planes (RNS_DIST_CACHE_PARTIAL_FORCE)
   transform cache (RNS_DIST_CACHE_PARTIAL) node 1: 1 slot of 1 of 4 primes, q 2^22.00, from the block pool: 0.03 GB per APU (0.13 per node) | pool free 0.88 GB per APU (the smallest), the product's need 0.15, margin 0.50 -> 1 planes (RNS_DIST_CACHE_PARTIAL_FORCE)
dist_mn node 0: 30198988 x 30198988 limbs over 2 x 4 ranks (cap 2^25): 2 x 2 pieces, 4 formed, 0 skipped (cache 1 slots of 1 prime, partial: 4 hits, 4 misses)
dist_mn node 1: 30198988 x 30198988 limbs over 2 x 4 ranks (cap 2^25): 2 x 2 pieces, 4 formed, 0 skipped (cache 1 slots of 1 prime, partial: 4 hits, 4 misses)

t_mn_grid: VERIFY OK (200 checks)

t_mn_grid: VERIFY OK (200 checks)
