META bench=t_mn_grid host=ppac-pl1-s24-16 date=2026-09-29T01:34:02
META bench=t_mn_grid host=ppac-pl1-s24-16 date=2026-09-29T01:34:02
mn: node 0 of 2, four meshes of 2 ranks on ppac-pl1-s24-16,ppac-pl1-s24-16 (port base 25165): connected in 0.40 s
mn: node 0: level 1 group [0, 2) (transform nodes 2): meshes connected in 0.00 s
t_mn_grid: node 0 of 2, group [0, 2) (2 x 4 ranks), plane cap 2^25, unit 33554432 limbs
mn: node 1 of 2, four meshes of 2 ranks on ppac-pl1-s24-16,ppac-pl1-s24-16 (port base 25165): connected in 0.06 s
mn: node 1: level 1 group [0, 2) (transform nodes 2): meshes connected in 0.00 s
t_mn_grid: node 1 of 2, group [0, 2) (2 x 4 ranks), plane cap 2^25, unit 33554432 limbs
   one plane 10066329 x 8388608: 3.24 s
dist_mn node 0: 10066329 x 8388608 limbs over 2 x 4 ranks (cap 2^25): 1 x 1 pieces, 0 formed, 1 skipped (low cut) (cache 0 slots, partial: 0 hits, 0 misses)
dist_mn node 1: 10066329 x 8388608 limbs over 2 x 4 ranks (cap 2^25): 1 x 1 pieces, 0 formed, 1 skipped (low cut) (cache 0 slots, partial: 0 hits, 0 misses)
dist_mn node 0: 10066329 x 8388608 limbs over 2 x 4 ranks (cap 2^25): 1 x 1 pieces, 0 formed, 1 skipped (low product) (low cut) (cache 0 slots, partial: 0 hits, 0 misses)
dist_mn node 1: 10066329 x 8388608 limbs over 2 x 4 ranks (cap 2^25): 1 x 1 pieces, 0 formed, 1 skipped (low product) (low cut) (cache 0 slots, partial: 0 hits, 0 misses)
dist_mn node 1: 10066329 x 8388608 limbs over 2 x 4 ranks (cap 2^25): 1 x 1 pieces, 0 formed, 1 skipped (low cut) (cache 0 slots, partial: 0 hits, 0 misses)
dist_mn node 0: 10066329 x 8388608 limbs over 2 x 4 ranks (cap 2^25): 1 x 1 pieces, 0 formed, 1 skipped (low cut) (cache 0 slots, partial: 0 hits, 0 misses)
dist_mn node 0: 10066329 x 8388608 limbs over 2 x 4 ranks (cap 2^25): 1 x 1 pieces, 0 formed, 1 skipped (low product) (low cut) (cache 0 slots, partial: 0 hits, 0 misses)
dist_mn node 1: 10066329 x 8388608 limbs over 2 x 4 ranks (cap 2^25): 1 x 1 pieces, 0 formed, 1 skipped (low product) (low cut) (cache 0 slots, partial: 0 hits, 0 misses)
   transform cache (RNS_DIST_CACHE_PARTIAL) node 0: 2 slots of 4 of 4 primes, q 2^22.00, from the block pool: 0.27 GB per APU (1.07 per node) | pool free 0.11 GB per APU (the smallest), the product's need 0.12, margin 0.50 -> 8 planes (RNS_DIST_CACHE_PARTIAL_FORCE) -- the pool GREW
   transform cache (RNS_DIST_CACHE_PARTIAL) node 1: 2 slots of 4 of 4 primes, q 2^22.00, from the block pool: 0.27 GB per APU (1.07 per node) | pool free 0.11 GB per APU (the smallest), the product's need 0.12, margin 0.50 -> 8 planes (RNS_DIST_CACHE_PARTIAL_FORCE) -- the pool GREW
dist_mn node 0: 20132659 x 16777216 limbs over 2 x 4 ranks (cap 2^25): 1 x 2 pieces, 2 formed, 0 skipped (cache 2 slots of 4 primes, partial: 1 hits, 2 misses)
dist_mn node 1: 20132659 x 16777216 limbs over 2 x 4 ranks (cap 2^25): 1 x 2 pieces, 2 formed, 0 skipped (cache 2 slots of 4 primes, partial: 1 hits, 2 misses)
   2 pieces 20132659 x 16777216: 7.72 s
   transform cache (RNS_DIST_CACHE_PARTIAL) node 0: 2 slots of 4 of 4 primes, q 2^22.00, from the block pool: 0.27 GB per APU (1.07 per node) | pool free 0.44 GB per APU (the smallest), the product's need 0.12, margin 0.50 -> 8 planes (RNS_DIST_CACHE_PARTIAL_FORCE)
   transform cache (RNS_DIST_CACHE_PARTIAL) node 1: 2 slots of 4 of 4 primes, q 2^22.00, from the block pool: 0.27 GB per APU (1.07 per node) | pool free 0.48 GB per APU (the smallest), the product's need 0.12, margin 0.50 -> 8 planes (RNS_DIST_CACHE_PARTIAL_FORCE)
dist_mn node 0: 20132659 x 16777216 limbs over 2 x 4 ranks (cap 2^25): 1 x 2 pieces, 2 formed, 0 skipped (cache 2 slots of 4 primes, partial: 2 hits, 4 misses)
dist_mn node 1: 20132659 x 16777216 limbs over 2 x 4 ranks (cap 2^25): 1 x 2 pieces, 2 formed, 0 skipped (cache 2 slots of 4 primes, partial: 2 hits, 4 misses)
   transform cache (RNS_DIST_CACHE_PARTIAL) node 0: 2 slots of 4 of 4 primes, q 2^22.00, from the block pool: 0.27 GB per APU (1.07 per node) | pool free 0.50 GB per APU (the smallest), the product's need 0.10, margin 0.50 -> 8 planes (RNS_DIST_CACHE_PARTIAL_FORCE)
   transform cache (RNS_DIST_CACHE_PARTIAL) node 1: 2 slots of 4 of 4 primes, q 2^22.00, from the block pool: 0.27 GB per APU (1.07 per node) | pool free 0.53 GB per APU (the smallest), the product's need 0.10, margin 0.50 -> 8 planes (RNS_DIST_CACHE_PARTIAL_FORCE)
dist_mn node 0: 20132659 x 16777216 limbs over 2 x 4 ranks (cap 2^25): 1 x 2 pieces, 2 formed, 0 skipped (low product) (cache 2 slots of 4 primes, partial: 3 hits, 6 misses)
dist_mn node 1: 20132659 x 16777216 limbs over 2 x 4 ranks (cap 2^25): 1 x 2 pieces, 2 formed, 0 skipped (low product) (cache 2 slots of 4 primes, partial: 3 hits, 6 misses)
   transform cache (RNS_DIST_CACHE_PARTIAL) node 0: 2 slots of 4 of 4 primes, q 2^22.00, from the block pool: 0.27 GB per APU (1.07 per node) | pool free 0.51 GB per APU (the smallest), the product's need 0.12, margin 0.50 -> 8 planes (RNS_DIST_CACHE_PARTIAL_FORCE)
   transform cache (RNS_DIST_CACHE_PARTIAL) node 1: 2 slots of 4 of 4 primes, q 2^22.00, from the block pool: 0.27 GB per APU (1.07 per node) | pool free 0.54 GB per APU (the smallest), the product's need 0.12, margin 0.50 -> 8 planes (RNS_DIST_CACHE_PARTIAL_FORCE)
dist_mn node 0: 20132659 x 16777216 limbs over 2 x 4 ranks (cap 2^25): 1 x 2 pieces, 2 formed, 0 skipped (low product) (cache 2 slots of 4 primes, partial: 4 hits, 8 misses)
dist_mn node 1: 20132659 x 16777216 limbs over 2 x 4 ranks (cap 2^25): 1 x 2 pieces, 2 formed, 0 skipped (low product) (cache 2 slots of 4 primes, partial: 4 hits, 8 misses)
   transform cache (RNS_DIST_CACHE_PARTIAL) node 0: 2 slots of 4 of 4 primes, q 2^22.00, from the block pool: 0.27 GB per APU (1.07 per node) | pool free 0.48 GB per APU (the smallest), the product's need 0.12, margin 0.50 -> 8 planes (RNS_DIST_CACHE_PARTIAL_FORCE)
   transform cache (RNS_DIST_CACHE_PARTIAL) node 1: 2 slots of 4 of 4 primes, q 2^22.00, from the block pool: 0.27 GB per APU (1.07 per node) | pool free 0.52 GB per APU (the smallest), the product's need 0.12, margin 0.50 -> 8 planes (RNS_DIST_CACHE_PARTIAL_FORCE)
dist_mn node 0: 20132659 x 16777216 limbs over 2 x 4 ranks (cap 2^25): 1 x 2 pieces, 2 formed, 0 skipped (low cut) (cache 2 slots of 4 primes, partial: 5 hits, 10 misses)
dist_mn node 1: 20132659 x 16777216 limbs over 2 x 4 ranks (cap 2^25): 1 x 2 pieces, 2 formed, 0 skipped (low cut) (cache 2 slots of 4 primes, partial: 5 hits, 10 misses)
   transform cache (RNS_DIST_CACHE_PARTIAL) node 0: 2 slots of 4 of 4 primes, q 2^22.00, from the block pool: 0.27 GB per APU (1.07 per node) | pool free 0.48 GB per APU (the smallest), the product's need 0.12, margin 0.50 -> 8 planes (RNS_DIST_CACHE_PARTIAL_FORCE)
   transform cache (RNS_DIST_CACHE_PARTIAL) node 1: 2 slots of 4 of 4 primes, q 2^22.00, from the block pool: 0.27 GB per APU (1.07 per node) | pool free 0.52 GB per APU (the smallest), the product's need 0.12, margin 0.50 -> 8 planes (RNS_DIST_CACHE_PARTIAL_FORCE)
dist_mn node 0: 20132659 x 16777216 limbs over 2 x 4 ranks (cap 2^25): 1 x 2 pieces, 2 formed, 0 skipped (low product) (low cut) (cache 2 slots of 4 primes, partial: 6 hits, 12 misses)
dist_mn node 1: 20132659 x 16777216 limbs over 2 x 4 ranks (cap 2^25): 1 x 2 pieces, 2 formed, 0 skipped (low product) (low cut) (cache 2 slots of 4 primes, partial: 6 hits, 12 misses)
   transform cache (RNS_DIST_CACHE_PARTIAL) node 0: 2 slots of 4 of 4 primes, q 2^22.00, from the block pool: 0.27 GB per APU (1.07 per node) | pool free 0.48 GB per APU (the smallest), the product's need 0.12, margin 0.50 -> 8 planes (RNS_DIST_CACHE_PARTIAL_FORCE)
   transform cache (RNS_DIST_CACHE_PARTIAL) node 1: 2 slots of 4 of 4 primes, q 2^22.00, from the block pool: 0.27 GB per APU (1.07 per node) | pool free 0.52 GB per APU (the smallest), the product's need 0.12, margin 0.50 -> 8 planes (RNS_DIST_CACHE_PARTIAL_FORCE)
dist_mn node 0: 20132659 x 16777216 limbs over 2 x 4 ranks (cap 2^25): 1 x 2 pieces, 2 formed, 0 skipped (low cut) (cache 2 slots of 4 primes, partial: 7 hits, 14 misses)
dist_mn node 1: 20132659 x 16777216 limbs over 2 x 4 ranks (cap 2^25): 1 x 2 pieces, 2 formed, 0 skipped (low cut) (cache 2 slots of 4 primes, partial: 7 hits, 14 misses)
   transform cache (RNS_DIST_CACHE_PARTIAL) node 0: 2 slots of 4 of 4 primes, q 2^22.00, from the block pool: 0.27 GB per APU (1.07 per node) | pool free 0.48 GB per APU (the smallest), the product's need 0.12, margin 0.50 -> 8 planes (RNS_DIST_CACHE_PARTIAL_FORCE)
   transform cache (RNS_DIST_CACHE_PARTIAL) node 1: 2 slots of 4 of 4 primes, q 2^22.00, from the block pool: 0.27 GB per APU (1.07 per node) | pool free 0.52 GB per APU (the smallest), the product's need 0.12, margin 0.50 -> 8 planes (RNS_DIST_CACHE_PARTIAL_FORCE)
dist_mn node 0: 20132659 x 16777216 limbs over 2 x 4 ranks (cap 2^25): 1 x 2 pieces, 2 formed, 0 skipped (low product) (low cut) (cache 2 slots of 4 primes, partial: 8 hits, 16 misses)
dist_mn node 1: 20132659 x 16777216 limbs over 2 x 4 ranks (cap 2^25): 1 x 2 pieces, 2 formed, 0 skipped (low product) (low cut) (cache 2 slots of 4 primes, partial: 8 hits, 16 misses)
   transform cache (RNS_DIST_CACHE_PARTIAL) node 0: 2 slots of 4 of 4 primes, q 2^22.00, from the block pool: 0.27 GB per APU (1.07 per node) | pool free 0.48 GB per APU (the smallest), the product's need 0.12, margin 0.50 -> 8 planes (RNS_DIST_CACHE_PARTIAL_FORCE)
   transform cache (RNS_DIST_CACHE_PARTIAL) node 1: 2 slots of 4 of 4 primes, q 2^22.00, from the block pool: 0.27 GB per APU (1.07 per node) | pool free 0.52 GB per APU (the smallest), the product's need 0.12, margin 0.50 -> 8 planes (RNS_DIST_CACHE_PARTIAL_FORCE)
dist_mn node 0: 20132659 x 16777216 limbs over 2 x 4 ranks (cap 2^25): 1 x 2 pieces, 0 formed, 2 skipped (low cut) (cache 2 slots of 4 primes, partial: 8 hits, 16 misses)
dist_mn node 1: 20132659 x 16777216 limbs over 2 x 4 ranks (cap 2^25): 1 x 2 pieces, 0 formed, 2 skipped (low cut) (cache 2 slots of 4 primes, partial: 8 hits, 16 misses)
   transform cache (RNS_DIST_CACHE_PARTIAL) node 0: 2 slots of 4 of 4 primes, q 2^22.00, from the block pool: 0.27 GB per APU (1.07 per node) | pool free 0.48 GB per APU (the smallest), the product's need 0.12, margin 0.50 -> 8 planes (RNS_DIST_CACHE_PARTIAL_FORCE)
   transform cache (RNS_DIST_CACHE_PARTIAL) node 1: 2 slots of 4 of 4 primes, q 2^22.00, from the block pool: 0.27 GB per APU (1.07 per node) | pool free 0.52 GB per APU (the smallest), the product's need 0.12, margin 0.50 -> 8 planes (RNS_DIST_CACHE_PARTIAL_FORCE)
dist_mn node 0: 20132659 x 16777216 limbs over 2 x 4 ranks (cap 2^25): 1 x 2 pieces, 0 formed, 2 skipped (low product) (low cut) (cache 2 slots of 4 primes, partial: 8 hits, 16 misses)
dist_mn node 1: 20132659 x 16777216 limbs over 2 x 4 ranks (cap 2^25): 1 x 2 pieces, 0 formed, 2 skipped (low product) (low cut) (cache 2 slots of 4 primes, partial: 8 hits, 16 misses)
   transform cache (RNS_DIST_CACHE_PARTIAL) node 0: 2 slots of 4 of 4 primes, q 2^22.00, from the block pool: 0.27 GB per APU (1.07 per node) | pool free 0.48 GB per APU (the smallest), the product's need 0.12, margin 0.50 -> 8 planes (RNS_DIST_CACHE_PARTIAL_FORCE)
   transform cache (RNS_DIST_CACHE_PARTIAL) node 1: 2 slots of 4 of 4 primes, q 2^22.00, from the block pool: 0.27 GB per APU (1.07 per node) | pool free 0.52 GB per APU (the smallest), the product's need 0.12, margin 0.50 -> 8 planes (RNS_DIST_CACHE_PARTIAL_FORCE)
dist_mn node 0: 20132659 x 16777216 limbs over 2 x 4 ranks (cap 2^25): 1 x 2 pieces, 2 formed, 0 skipped (cache 2 slots of 4 primes, partial: 9 hits, 18 misses)
dist_mn node 1: 20132659 x 16777216 limbs over 2 x 4 ranks (cap 2^25): 1 x 2 pieces, 2 formed, 0 skipped (cache 2 slots of 4 primes, partial: 9 hits, 18 misses)
   transform cache (RNS_DIST_CACHE_PARTIAL) node 0: 2 slots of 4 of 4 primes, q 2^22.00, from the block pool: 0.27 GB per APU (1.07 per node) | pool free 0.48 GB per APU (the smallest), the product's need 0.12, margin 0.50 -> 8 planes (RNS_DIST_CACHE_PARTIAL_FORCE)
   transform cache (RNS_DIST_CACHE_PARTIAL) node 1: 2 slots of 4 of 4 primes, q 2^22.00, from the block pool: 0.27 GB per APU (1.07 per node) | pool free 0.52 GB per APU (the smallest), the product's need 0.12, margin 0.50 -> 8 planes (RNS_DIST_CACHE_PARTIAL_FORCE)
dist_mn node 0: 20132659 x 16777216 limbs over 2 x 4 ranks (cap 2^25): 1 x 2 pieces, 2 formed, 0 skipped (low product) (cache 2 slots of 4 primes, partial: 10 hits, 20 misses)
dist_mn node 1: 20132659 x 16777216 limbs over 2 x 4 ranks (cap 2^25): 1 x 2 pieces, 2 formed, 0 skipped (low product) (cache 2 slots of 4 primes, partial: 10 hits, 20 misses)
   transform cache (RNS_DIST_CACHE_PARTIAL) node 0: 2 slots of 4 of 4 primes, q 2^22.00, from the block pool: 0.27 GB per APU (1.07 per node) | pool free 0.51 GB per APU (the smallest), the product's need 0.12, margin 0.50 -> 8 planes (RNS_DIST_CACHE_PARTIAL_FORCE)
   transform cache (RNS_DIST_CACHE_PARTIAL) node 1: 2 slots of 4 of 4 primes, q 2^22.00, from the block pool: 0.27 GB per APU (1.07 per node) | pool free 0.54 GB per APU (the smallest), the product's need 0.12, margin 0.50 -> 8 planes (RNS_DIST_CACHE_PARTIAL_FORCE)
dist_mn node 0: 20132659 x 16777216 limbs over 2 x 4 ranks (cap 2^25): 1 x 2 pieces, 2 formed, 0 skipped (cache 2 slots of 4 primes, partial: 1 hits, 2 misses)
dist_mn node 1: 20132659 x 16777216 limbs over 2 x 4 ranks (cap 2^25): 1 x 2 pieces, 2 formed, 0 skipped (cache 2 slots of 4 primes, partial: 1 hits, 2 misses)
   transform cache (RNS_DIST_CACHE_PARTIAL) node 0: 2 slots of 4 of 4 primes, q 2^22.00, from the block pool: 0.27 GB per APU (1.07 per node) | pool free 0.48 GB per APU (the smallest), the product's need 0.12, margin 0.50 -> 8 planes (RNS_DIST_CACHE_PARTIAL_FORCE)
   transform cache (RNS_DIST_CACHE_PARTIAL) node 1: 2 slots of 4 of 4 primes, q 2^22.00, from the block pool: 0.27 GB per APU (1.07 per node) | pool free 0.52 GB per APU (the smallest), the product's need 0.12, margin 0.50 -> 8 planes (RNS_DIST_CACHE_PARTIAL_FORCE)
dist_mn node 0: 20132659 x 16777216 limbs over 2 x 4 ranks (cap 2^25): 1 x 2 pieces, 2 formed, 0 skipped (cache 2 slots of 4 primes, partial: 2 hits, 4 misses)
dist_mn node 1: 20132659 x 16777216 limbs over 2 x 4 ranks (cap 2^25): 1 x 2 pieces, 2 formed, 0 skipped (cache 2 slots of 4 primes, partial: 2 hits, 4 misses)
   transform cache (RNS_DIST_CACHE_PARTIAL) node 0: 2 slots of 4 of 4 primes, q 2^22.00, from the block pool: 0.27 GB per APU (1.07 per node) | pool free 0.48 GB per APU (the smallest), the product's need 0.12, margin 0.50 -> 8 planes (RNS_DIST_CACHE_PARTIAL_FORCE)
   transform cache (RNS_DIST_CACHE_PARTIAL) node 1: 2 slots of 4 of 4 primes, q 2^22.00, from the block pool: 0.27 GB per APU (1.07 per node) | pool free 0.52 GB per APU (the smallest), the product's need 0.12, margin 0.50 -> 8 planes (RNS_DIST_CACHE_PARTIAL_FORCE)
dist_mn node 0: 20132659 x 16777216 limbs over 2 x 4 ranks (cap 2^25): 1 x 2 pieces, 2 formed, 0 skipped (cache 2 slots of 4 primes, partial: 3 hits, 6 misses)
dist_mn node 1: 20132659 x 16777216 limbs over 2 x 4 ranks (cap 2^25): 1 x 2 pieces, 2 formed, 0 skipped (cache 2 slots of 4 primes, partial: 3 hits, 6 misses)
   transform cache (RNS_DIST_CACHE_PARTIAL) node 0: 2 slots of 4 of 4 primes, q 2^22.00, from the block pool: 0.27 GB per APU (1.07 per node) | pool free 0.50 GB per APU (the smallest), the product's need 0.10, margin 0.50 -> 8 planes (RNS_DIST_CACHE_PARTIAL_FORCE)
   transform cache (RNS_DIST_CACHE_PARTIAL) node 1: 2 slots of 4 of 4 primes, q 2^22.00, from the block pool: 0.27 GB per APU (1.07 per node) | pool free 0.53 GB per APU (the smallest), the product's need 0.10, margin 0.50 -> 8 planes (RNS_DIST_CACHE_PARTIAL_FORCE)
dist_mn node 0: 20132659 x 16777216 limbs over 2 x 4 ranks (cap 2^25): 1 x 2 pieces, 2 formed, 0 skipped (low product) (cache 2 slots of 4 primes, partial: 4 hits, 8 misses)
dist_mn node 1: 20132659 x 16777216 limbs over 2 x 4 ranks (cap 2^25): 1 x 2 pieces, 2 formed, 0 skipped (low product) (cache 2 slots of 4 primes, partial: 4 hits, 8 misses)
   transform cache (RNS_DIST_CACHE_PARTIAL) node 0: 2 slots of 4 of 4 primes, q 2^22.00, from the block pool: 0.27 GB per APU (1.07 per node) | pool free 0.51 GB per APU (the smallest), the product's need 0.12, margin 0.50 -> 8 planes (RNS_DIST_CACHE_PARTIAL_FORCE)
   transform cache (RNS_DIST_CACHE_PARTIAL) node 1: 2 slots of 4 of 4 primes, q 2^22.00, from the block pool: 0.27 GB per APU (1.07 per node) | pool free 0.54 GB per APU (the smallest), the product's need 0.12, margin 0.50 -> 8 planes (RNS_DIST_CACHE_PARTIAL_FORCE)
dist_mn node 0: 20132659 x 16777216 limbs over 2 x 4 ranks (cap 2^25): 1 x 2 pieces, 2 formed, 0 skipped (low product) (cache 2 slots of 4 primes, partial: 5 hits, 10 misses)
dist_mn node 1: 20132659 x 16777216 limbs over 2 x 4 ranks (cap 2^25): 1 x 2 pieces, 2 formed, 0 skipped (low product) (cache 2 slots of 4 primes, partial: 5 hits, 10 misses)
   transform cache (RNS_DIST_CACHE_PARTIAL) node 0: 2 slots of 4 of 4 primes, q 2^22.00, from the block pool: 0.27 GB per APU (1.07 per node) | pool free 0.48 GB per APU (the smallest), the product's need 0.12, margin 0.50 -> 8 planes (RNS_DIST_CACHE_PARTIAL_FORCE)
   transform cache (RNS_DIST_CACHE_PARTIAL) node 1: 2 slots of 4 of 4 primes, q 2^22.00, from the block pool: 0.27 GB per APU (1.07 per node) | pool free 0.52 GB per APU (the smallest), the product's need 0.12, margin 0.50 -> 8 planes (RNS_DIST_CACHE_PARTIAL_FORCE)
dist_mn node 0: 20132659 x 16777216 limbs over 2 x 4 ranks (cap 2^25): 1 x 2 pieces, 2 formed, 0 skipped (low cut) (cache 2 slots of 4 primes, partial: 6 hits, 12 misses)
dist_mn node 1: 20132659 x 16777216 limbs over 2 x 4 ranks (cap 2^25): 1 x 2 pieces, 2 formed, 0 skipped (low cut) (cache 2 slots of 4 primes, partial: 6 hits, 12 misses)
   transform cache (RNS_DIST_CACHE_PARTIAL) node 0: 2 slots of 4 of 4 primes, q 2^22.00, from the block pool: 0.27 GB per APU (1.07 per node) | pool free 0.48 GB per APU (the smallest), the product's need 0.12, margin 0.50 -> 8 planes (RNS_DIST_CACHE_PARTIAL_FORCE)
   transform cache (RNS_DIST_CACHE_PARTIAL) node 1: 2 slots of 4 of 4 primes, q 2^22.00, from the block pool: 0.27 GB per APU (1.07 per node) | pool free 0.52 GB per APU (the smallest), the product's need 0.12, margin 0.50 -> 8 planes (RNS_DIST_CACHE_PARTIAL_FORCE)
dist_mn node 0: 20132659 x 16777216 limbs over 2 x 4 ranks (cap 2^25): 1 x 2 pieces, 2 formed, 0 skipped (low product) (low cut) (cache 2 slots of 4 primes, partial: 7 hits, 14 misses)
dist_mn node 1: 20132659 x 16777216 limbs over 2 x 4 ranks (cap 2^25): 1 x 2 pieces, 2 formed, 0 skipped (low product) (low cut) (cache 2 slots of 4 primes, partial: 7 hits, 14 misses)
   transform cache (RNS_DIST_CACHE_PARTIAL) node 1: 2 slots of 4 of 4 primes, q 2^22.00, from the block pool: 0.27 GB per APU (1.07 per node) | pool free 0.52 GB per APU (the smallest), the product's need 0.12, margin 0.50 -> 8 planes (RNS_DIST_CACHE_PARTIAL_FORCE)
   transform cache (RNS_DIST_CACHE_PARTIAL) node 0: 2 slots of 4 of 4 primes, q 2^22.00, from the block pool: 0.27 GB per APU (1.07 per node) | pool free 0.48 GB per APU (the smallest), the product's need 0.12, margin 0.50 -> 8 planes (RNS_DIST_CACHE_PARTIAL_FORCE)
dist_mn node 0: 20132659 x 16777216 limbs over 2 x 4 ranks (cap 2^25): 1 x 2 pieces, 2 formed, 0 skipped (low cut) (cache 2 slots of 4 primes, partial: 8 hits, 16 misses)
dist_mn node 1: 20132659 x 16777216 limbs over 2 x 4 ranks (cap 2^25): 1 x 2 pieces, 2 formed, 0 skipped (low cut) (cache 2 slots of 4 primes, partial: 8 hits, 16 misses)
   transform cache (RNS_DIST_CACHE_PARTIAL) node 0: 2 slots of 4 of 4 primes, q 2^22.00, from the block pool: 0.27 GB per APU (1.07 per node) | pool free 0.48 GB per APU (the smallest), the product's need 0.12, margin 0.50 -> 8 planes (RNS_DIST_CACHE_PARTIAL_FORCE)
   transform cache (RNS_DIST_CACHE_PARTIAL) node 1: 2 slots of 4 of 4 primes, q 2^22.00, from the block pool: 0.27 GB per APU (1.07 per node) | pool free 0.52 GB per APU (the smallest), the product's need 0.12, margin 0.50 -> 8 planes (RNS_DIST_CACHE_PARTIAL_FORCE)
dist_mn node 0: 20132659 x 16777216 limbs over 2 x 4 ranks (cap 2^25): 1 x 2 pieces, 2 formed, 0 skipped (low product) (low cut) (cache 2 slots of 4 primes, partial: 9 hits, 18 misses)
dist_mn node 1: 20132659 x 16777216 limbs over 2 x 4 ranks (cap 2^25): 1 x 2 pieces, 2 formed, 0 skipped (low product) (low cut) (cache 2 slots of 4 primes, partial: 9 hits, 18 misses)
   transform cache (RNS_DIST_CACHE_PARTIAL) node 0: 2 slots of 4 of 4 primes, q 2^22.00, from the block pool: 0.27 GB per APU (1.07 per node) | pool free 0.48 GB per APU (the smallest), the product's need 0.12, margin 0.50 -> 8 planes (RNS_DIST_CACHE_PARTIAL_FORCE)
   transform cache (RNS_DIST_CACHE_PARTIAL) node 1: 2 slots of 4 of 4 primes, q 2^22.00, from the block pool: 0.27 GB per APU (1.07 per node) | pool free 0.52 GB per APU (the smallest), the product's need 0.12, margin 0.50 -> 8 planes (RNS_DIST_CACHE_PARTIAL_FORCE)
dist_mn node 0: 20132659 x 16777216 limbs over 2 x 4 ranks (cap 2^25): 1 x 2 pieces, 0 formed, 2 skipped (low cut) (cache 2 slots of 4 primes, partial: 9 hits, 18 misses)
dist_mn node 1: 20132659 x 16777216 limbs over 2 x 4 ranks (cap 2^25): 1 x 2 pieces, 0 formed, 2 skipped (low cut) (cache 2 slots of 4 primes, partial: 9 hits, 18 misses)
   transform cache (RNS_DIST_CACHE_PARTIAL) node 1: 2 slots of 4 of 4 primes, q 2^22.00, from the block pool: 0.27 GB per APU (1.07 per node) | pool free 0.52 GB per APU (the smallest), the product's need 0.12, margin 0.50 -> 8 planes (RNS_DIST_CACHE_PARTIAL_FORCE)
   transform cache (RNS_DIST_CACHE_PARTIAL) node 0: 2 slots of 4 of 4 primes, q 2^22.00, from the block pool: 0.27 GB per APU (1.07 per node) | pool free 0.48 GB per APU (the smallest), the product's need 0.12, margin 0.50 -> 8 planes (RNS_DIST_CACHE_PARTIAL_FORCE)
dist_mn node 1: 20132659 x 16777216 limbs over 2 x 4 ranks (cap 2^25): 1 x 2 pieces, 0 formed, 2 skipped (low product) (low cut) (cache 2 slots of 4 primes, partial: 9 hits, 18 misses)
dist_mn node 0: 20132659 x 16777216 limbs over 2 x 4 ranks (cap 2^25): 1 x 2 pieces, 0 formed, 2 skipped (low product) (low cut) (cache 2 slots of 4 primes, partial: 9 hits, 18 misses)
   transform cache (RNS_DIST_CACHE_PARTIAL) node 1: 2 slots of 4 of 4 primes, q 2^22.00, from the block pool: 0.27 GB per APU (1.07 per node) | pool free 0.52 GB per APU (the smallest), the product's need 0.12, margin 0.50 -> 8 planes (RNS_DIST_CACHE_PARTIAL_FORCE)
   transform cache (RNS_DIST_CACHE_PARTIAL) node 0: 2 slots of 4 of 4 primes, q 2^22.00, from the block pool: 0.27 GB per APU (1.07 per node) | pool free 0.48 GB per APU (the smallest), the product's need 0.12, margin 0.50 -> 8 planes (RNS_DIST_CACHE_PARTIAL_FORCE)
dist_mn node 0: 20132659 x 16777216 limbs over 2 x 4 ranks (cap 2^25): 1 x 2 pieces, 2 formed, 0 skipped (cache 2 slots of 4 primes, partial: 10 hits, 20 misses)
dist_mn node 1: 20132659 x 16777216 limbs over 2 x 4 ranks (cap 2^25): 1 x 2 pieces, 2 formed, 0 skipped (cache 2 slots of 4 primes, partial: 10 hits, 20 misses)
   transform cache (RNS_DIST_CACHE_PARTIAL) node 0: 2 slots of 4 of 4 primes, q 2^22.00, from the block pool: 0.27 GB per APU (1.07 per node) | pool free 0.48 GB per APU (the smallest), the product's need 0.12, margin 0.50 -> 8 planes (RNS_DIST_CACHE_PARTIAL_FORCE)
   transform cache (RNS_DIST_CACHE_PARTIAL) node 1: 2 slots of 4 of 4 primes, q 2^22.00, from the block pool: 0.27 GB per APU (1.07 per node) | pool free 0.52 GB per APU (the smallest), the product's need 0.12, margin 0.50 -> 8 planes (RNS_DIST_CACHE_PARTIAL_FORCE)
dist_mn node 0: 20132659 x 16777216 limbs over 2 x 4 ranks (cap 2^25): 1 x 2 pieces, 2 formed, 0 skipped (low product) (cache 2 slots of 4 primes, partial: 11 hits, 22 misses)
dist_mn node 1: 20132659 x 16777216 limbs over 2 x 4 ranks (cap 2^25): 1 x 2 pieces, 2 formed, 0 skipped (low product) (cache 2 slots of 4 primes, partial: 11 hits, 22 misses)
   transform cache (RNS_DIST_CACHE_PARTIAL) node 0: 2 slots of 4 of 4 primes, q 2^22.00, from the block pool: 0.27 GB per APU (1.07 per node) | pool free 0.51 GB per APU (the smallest), the product's need 0.12, margin 0.50 -> 8 planes (RNS_DIST_CACHE_PARTIAL_FORCE)
   transform cache (RNS_DIST_CACHE_PARTIAL) node 1: 2 slots of 4 of 4 primes, q 2^22.00, from the block pool: 0.27 GB per APU (1.07 per node) | pool free 0.54 GB per APU (the smallest), the product's need 0.12, margin 0.50 -> 8 planes (RNS_DIST_CACHE_PARTIAL_FORCE)
dist_mn node 0: 20132659 x 16777216 limbs over 2 x 4 ranks (cap 2^25): 1 x 2 pieces, 2 formed, 0 skipped (cache 2 slots of 4 primes, partial: 1 hits, 2 misses)
dist_mn node 1: 20132659 x 16777216 limbs over 2 x 4 ranks (cap 2^25): 1 x 2 pieces, 2 formed, 0 skipped (cache 2 slots of 4 primes, partial: 1 hits, 2 misses)
   transform cache (RNS_DIST_CACHE_PARTIAL) node 1: 2 slots of 4 of 4 primes, q 2^22.00, from the block pool: 0.27 GB per APU (1.07 per node) | pool free 0.50 GB per APU (the smallest), the product's need 0.15, margin 0.50 -> 8 planes (RNS_DIST_CACHE_PARTIAL_FORCE)
   transform cache (RNS_DIST_CACHE_PARTIAL) node 0: 2 slots of 4 of 4 primes, q 2^22.00, from the block pool: 0.27 GB per APU (1.07 per node) | pool free 0.50 GB per APU (the smallest), the product's need 0.15, margin 0.50 -> 8 planes (RNS_DIST_CACHE_PARTIAL_FORCE)
dist_mn node 0: 34561064 x 34561064 limbs over 2 x 4 ranks (cap 2^25): 2 x 3 pieces, 6 formed, 0 skipped (cache 2 slots of 4 primes, partial: 6 hits, 5 misses)
dist_mn node 1: 34561064 x 34561064 limbs over 2 x 4 ranks (cap 2^25): 2 x 3 pieces, 6 formed, 0 skipped (cache 2 slots of 4 primes, partial: 6 hits, 5 misses)
   2x3 34561064 x 34561064: 11.65 s
   transform cache (RNS_DIST_CACHE_PARTIAL) node 0: 2 slots of 4 of 4 primes, q 2^22.00, from the block pool: 0.27 GB per APU (1.07 per node) | pool free 0.68 GB per APU (the smallest), the product's need 0.15, margin 0.50 -> 8 planes (RNS_DIST_CACHE_PARTIAL_FORCE)
   transform cache (RNS_DIST_CACHE_PARTIAL) node 1: 2 slots of 4 of 4 primes, q 2^22.00, from the block pool: 0.27 GB per APU (1.07 per node) | pool free 0.82 GB per APU (the smallest), the product's need 0.15, margin 0.50 -> 8 planes (RNS_DIST_CACHE_PARTIAL_FORCE)
dist_mn node 0: 34561064 x 34561064 limbs over 2 x 4 ranks (cap 2^25): 2 x 3 pieces, 6 formed, 0 skipped (cache 2 slots of 4 primes, partial: 11 hits, 8 misses)
dist_mn node 1: 34561064 x 34561064 limbs over 2 x 4 ranks (cap 2^25): 2 x 3 pieces, 6 formed, 0 skipped (cache 2 slots of 4 primes, partial: 11 hits, 8 misses)
   transform cache (RNS_DIST_CACHE_PARTIAL) node 0: 2 slots of 4 of 4 primes, q 2^22.00, from the block pool: 0.27 GB per APU (1.07 per node) | pool free 0.85 GB per APU (the smallest), the product's need 0.13, margin 0.50 -> 8 planes (RNS_DIST_CACHE_PARTIAL_FORCE)
   transform cache (RNS_DIST_CACHE_PARTIAL) node 1: 2 slots of 4 of 4 primes, q 2^22.00, from the block pool: 0.27 GB per APU (1.07 per node) | pool free 0.85 GB per APU (the smallest), the product's need 0.13, margin 0.50 -> 8 planes (RNS_DIST_CACHE_PARTIAL_FORCE)
dist_mn node 0: 34561064 x 34561064 limbs over 2 x 4 ranks (cap 2^25): 2 x 3 pieces, 5 formed, 1 skipped (low product) (cache 2 slots of 4 primes, partial: 15 hits, 11 misses)
dist_mn node 1: 34561064 x 34561064 limbs over 2 x 4 ranks (cap 2^25): 2 x 3 pieces, 5 formed, 1 skipped (low product) (cache 2 slots of 4 primes, partial: 15 hits, 11 misses)
   transform cache (RNS_DIST_CACHE_PARTIAL) node 0: 2 slots of 4 of 4 primes, q 2^22.00, from the block pool: 0.27 GB per APU (1.07 per node) | pool free 0.90 GB per APU (the smallest), the product's need 0.11, margin 0.50 -> 8 planes (RNS_DIST_CACHE_PARTIAL_FORCE)
   transform cache (RNS_DIST_CACHE_PARTIAL) node 1: 2 slots of 4 of 4 primes, q 2^22.00, from the block pool: 0.27 GB per APU (1.07 per node) | pool free 0.90 GB per APU (the smallest), the product's need 0.08, margin 0.50 -> 8 planes (RNS_DIST_CACHE_PARTIAL_FORCE)
dist_mn node 0: 17280533 x 17280533 limbs over 2 x 4 ranks (cap 2^25): 1 x 2 pieces, 2 formed, 0 skipped (low product) (cache 2 slots of 4 primes, partial: 16 hits, 13 misses)
dist_mn node 1: 17280533 x 17280533 limbs over 2 x 4 ranks (cap 2^25): 1 x 2 pieces, 2 formed, 0 skipped (low product) (cache 2 slots of 4 primes, partial: 16 hits, 13 misses)
   transform cache (RNS_DIST_CACHE_PARTIAL) node 0: 2 slots of 4 of 4 primes, q 2^22.00, from the block pool: 0.27 GB per APU (1.07 per node) | pool free 0.87 GB per APU (the smallest), the product's need 0.15, margin 0.50 -> 8 planes (RNS_DIST_CACHE_PARTIAL_FORCE)
   transform cache (RNS_DIST_CACHE_PARTIAL) node 1: 2 slots of 4 of 4 primes, q 2^22.00, from the block pool: 0.27 GB per APU (1.07 per node) | pool free 0.87 GB per APU (the smallest), the product's need 0.15, margin 0.50 -> 8 planes (RNS_DIST_CACHE_PARTIAL_FORCE)
dist_mn node 0: 34561064 x 34561064 limbs over 2 x 4 ranks (cap 2^25): 2 x 3 pieces, 6 formed, 0 skipped (low product) (cache 2 slots of 4 primes, partial: 21 hits, 16 misses)
dist_mn node 1: 34561064 x 34561064 limbs over 2 x 4 ranks (cap 2^25): 2 x 3 pieces, 6 formed, 0 skipped (low product) (cache 2 slots of 4 primes, partial: 21 hits, 16 misses)
   transform cache (RNS_DIST_CACHE_PARTIAL) node 0: 2 slots of 4 of 4 primes, q 2^22.00, from the block pool: 0.27 GB per APU (1.07 per node) | pool free 0.81 GB per APU (the smallest), the product's need 0.15, margin 0.50 -> 8 planes (RNS_DIST_CACHE_PARTIAL_FORCE)
   transform cache (RNS_DIST_CACHE_PARTIAL) node 1: 2 slots of 4 of 4 primes, q 2^22.00, from the block pool: 0.27 GB per APU (1.07 per node) | pool free 0.82 GB per APU (the smallest), the product's need 0.15, margin 0.50 -> 8 planes (RNS_DIST_CACHE_PARTIAL_FORCE)
dist_mn node 0: 34561064 x 34561064 limbs over 2 x 4 ranks (cap 2^25): 2 x 3 pieces, 5 formed, 1 skipped (low cut) (cache 2 slots of 4 primes, partial: 24 hits, 19 misses)
dist_mn node 1: 34561064 x 34561064 limbs over 2 x 4 ranks (cap 2^25): 2 x 3 pieces, 5 formed, 1 skipped (low cut) (cache 2 slots of 4 primes, partial: 24 hits, 19 misses)
   transform cache (RNS_DIST_CACHE_PARTIAL) node 0: 2 slots of 4 of 4 primes, q 2^22.00, from the block pool: 0.27 GB per APU (1.07 per node) | pool free 0.81 GB per APU (the smallest), the product's need 0.15, margin 0.50 -> 8 planes (RNS_DIST_CACHE_PARTIAL_FORCE)
   transform cache (RNS_DIST_CACHE_PARTIAL) node 1: 2 slots of 4 of 4 primes, q 2^22.00, from the block pool: 0.27 GB per APU (1.07 per node) | pool free 0.82 GB per APU (the smallest), the product's need 0.15, margin 0.50 -> 8 planes (RNS_DIST_CACHE_PARTIAL_FORCE)
dist_mn node 0: 34561064 x 34561064 limbs over 2 x 4 ranks (cap 2^25): 2 x 3 pieces, 5 formed, 1 skipped (low product) (low cut) (cache 2 slots of 4 primes, partial: 27 hits, 22 misses)
dist_mn node 1: 34561064 x 34561064 limbs over 2 x 4 ranks (cap 2^25): 2 x 3 pieces, 5 formed, 1 skipped (low product) (low cut) (cache 2 slots of 4 primes, partial: 27 hits, 22 misses)
   transform cache (RNS_DIST_CACHE_PARTIAL) node 0: 2 slots of 4 of 4 primes, q 2^22.00, from the block pool: 0.27 GB per APU (1.07 per node) | pool free 0.81 GB per APU (the smallest), the product's need 0.15, margin 0.50 -> 8 planes (RNS_DIST_CACHE_PARTIAL_FORCE)
   transform cache (RNS_DIST_CACHE_PARTIAL) node 1: 2 slots of 4 of 4 primes, q 2^22.00, from the block pool: 0.27 GB per APU (1.07 per node) | pool free 0.82 GB per APU (the smallest), the product's need 0.15, margin 0.50 -> 8 planes (RNS_DIST_CACHE_PARTIAL_FORCE)
dist_mn node 0: 34561064 x 34561064 limbs over 2 x 4 ranks (cap 2^25): 2 x 3 pieces, 6 formed, 0 skipped (low cut) (cache 2 slots of 4 primes, partial: 32 hits, 25 misses)
dist_mn node 1: 34561064 x 34561064 limbs over 2 x 4 ranks (cap 2^25): 2 x 3 pieces, 6 formed, 0 skipped (low cut) (cache 2 slots of 4 primes, partial: 32 hits, 25 misses)
   transform cache (RNS_DIST_CACHE_PARTIAL) node 1: 2 slots of 4 of 4 primes, q 2^22.00, from the block pool: 0.27 GB per APU (1.07 per node) | pool free 0.82 GB per APU (the smallest), the product's need 0.15, margin 0.50 -> 8 planes (RNS_DIST_CACHE_PARTIAL_FORCE)
   transform cache (RNS_DIST_CACHE_PARTIAL) node 0: 2 slots of 4 of 4 primes, q 2^22.00, from the block pool: 0.27 GB per APU (1.07 per node) | pool free 0.81 GB per APU (the smallest), the product's need 0.15, margin 0.50 -> 8 planes (RNS_DIST_CACHE_PARTIAL_FORCE)
dist_mn node 0: 34561064 x 34561064 limbs over 2 x 4 ranks (cap 2^25): 2 x 3 pieces, 6 formed, 0 skipped (low product) (low cut) (cache 2 slots of 4 primes, partial: 37 hits, 28 misses)
dist_mn node 1: 34561064 x 34561064 limbs over 2 x 4 ranks (cap 2^25): 2 x 3 pieces, 6 formed, 0 skipped (low product) (low cut) (cache 2 slots of 4 primes, partial: 37 hits, 28 misses)
   transform cache (RNS_DIST_CACHE_PARTIAL) node 0: 2 slots of 4 of 4 primes, q 2^22.00, from the block pool: 0.27 GB per APU (1.07 per node) | pool free 0.81 GB per APU (the smallest), the product's need 0.15, margin 0.50 -> 8 planes (RNS_DIST_CACHE_PARTIAL_FORCE)
   transform cache (RNS_DIST_CACHE_PARTIAL) node 1: 2 slots of 4 of 4 primes, q 2^22.00, from the block pool: 0.27 GB per APU (1.07 per node) | pool free 0.82 GB per APU (the smallest), the product's need 0.15, margin 0.50 -> 8 planes (RNS_DIST_CACHE_PARTIAL_FORCE)
dist_mn node 0: 34561064 x 34561064 limbs over 2 x 4 ranks (cap 2^25): 2 x 3 pieces, 0 formed, 6 skipped (low cut) (cache 2 slots of 4 primes, partial: 37 hits, 28 misses)
dist_mn node 1: 34561064 x 34561064 limbs over 2 x 4 ranks (cap 2^25): 2 x 3 pieces, 0 formed, 6 skipped (low cut) (cache 2 slots of 4 primes, partial: 37 hits, 28 misses)
   transform cache (RNS_DIST_CACHE_PARTIAL) node 0: 2 slots of 4 of 4 primes, q 2^22.00, from the block pool: 0.27 GB per APU (1.07 per node) | pool free 0.81 GB per APU (the smallest), the product's need 0.15, margin 0.50 -> 8 planes (RNS_DIST_CACHE_PARTIAL_FORCE)
   transform cache (RNS_DIST_CACHE_PARTIAL) node 1: 2 slots of 4 of 4 primes, q 2^22.00, from the block pool: 0.27 GB per APU (1.07 per node) | pool free 0.82 GB per APU (the smallest), the product's need 0.15, margin 0.50 -> 8 planes (RNS_DIST_CACHE_PARTIAL_FORCE)
dist_mn node 0: 34561064 x 34561064 limbs over 2 x 4 ranks (cap 2^25): 2 x 3 pieces, 0 formed, 6 skipped (low product) (low cut) (cache 2 slots of 4 primes, partial: 37 hits, 28 misses)
dist_mn node 1: 34561064 x 34561064 limbs over 2 x 4 ranks (cap 2^25): 2 x 3 pieces, 0 formed, 6 skipped (low product) (low cut) (cache 2 slots of 4 primes, partial: 37 hits, 28 misses)
   transform cache (RNS_DIST_CACHE_PARTIAL) node 0: 2 slots of 4 of 4 primes, q 2^22.00, from the block pool: 0.27 GB per APU (1.07 per node) | pool free 0.81 GB per APU (the smallest), the product's need 0.15, margin 0.50 -> 8 planes (RNS_DIST_CACHE_PARTIAL_FORCE)
   transform cache (RNS_DIST_CACHE_PARTIAL) node 1: 2 slots of 4 of 4 primes, q 2^22.00, from the block pool: 0.27 GB per APU (1.07 per node) | pool free 0.82 GB per APU (the smallest), the product's need 0.15, margin 0.50 -> 8 planes (RNS_DIST_CACHE_PARTIAL_FORCE)
dist_mn node 0: 34561064 x 34561064 limbs over 2 x 4 ranks (cap 2^25): 2 x 3 pieces, 6 formed, 0 skipped (cache 2 slots of 4 primes, partial: 42 hits, 31 misses)
dist_mn node 1: 34561064 x 34561064 limbs over 2 x 4 ranks (cap 2^25): 2 x 3 pieces, 6 formed, 0 skipped (cache 2 slots of 4 primes, partial: 42 hits, 31 misses)
   transform cache (RNS_DIST_CACHE_PARTIAL) node 0: 2 slots of 4 of 4 primes, q 2^22.00, from the block pool: 0.27 GB per APU (1.07 per node) | pool free 0.81 GB per APU (the smallest), the product's need 0.15, margin 0.50 -> 8 planes (RNS_DIST_CACHE_PARTIAL_FORCE)
   transform cache (RNS_DIST_CACHE_PARTIAL) node 1: 2 slots of 4 of 4 primes, q 2^22.00, from the block pool: 0.27 GB per APU (1.07 per node) | pool free 0.82 GB per APU (the smallest), the product's need 0.15, margin 0.50 -> 8 planes (RNS_DIST_CACHE_PARTIAL_FORCE)
dist_mn node 0: 34561064 x 34561064 limbs over 2 x 4 ranks (cap 2^25): 2 x 3 pieces, 6 formed, 0 skipped (low product) (cache 2 slots of 4 primes, partial: 47 hits, 34 misses)
dist_mn node 1: 34561064 x 34561064 limbs over 2 x 4 ranks (cap 2^25): 2 x 3 pieces, 6 formed, 0 skipped (low product) (cache 2 slots of 4 primes, partial: 47 hits, 34 misses)
   transform cache (RNS_DIST_CACHE_PARTIAL) node 0: 2 slots of 4 of 4 primes, q 2^22.00, from the block pool: 0.27 GB per APU (1.07 per node) | pool free 0.83 GB per APU (the smallest), the product's need 0.14, margin 0.50 -> 8 planes (RNS_DIST_CACHE_PARTIAL_FORCE)
   transform cache (RNS_DIST_CACHE_PARTIAL) node 1: 2 slots of 4 of 4 primes, q 2^22.00, from the block pool: 0.27 GB per APU (1.07 per node) | pool free 0.83 GB per APU (the smallest), the product's need 0.14, margin 0.50 -> 8 planes (RNS_DIST_CACHE_PARTIAL_FORCE)
dist_mn node 0: 17280532 x 34561057 limbs over 2 x 4 ranks (cap 2^25): 1 x 3 pieces, 3 formed, 0 skipped (cache 2 slots of 4 primes, partial: 2 hits, 2 misses)
dist_mn node 1: 17280532 x 34561057 limbs over 2 x 4 ranks (cap 2^25): 1 x 3 pieces, 3 formed, 0 skipped (cache 2 slots of 4 primes, partial: 2 hits, 2 misses)
   transform cache (RNS_DIST_CACHE_PARTIAL) node 0: 2 slots of 4 of 4 primes, q 2^22.00, from the block pool: 0.27 GB per APU (1.07 per node) | pool free 0.88 GB per APU (the smallest), the product's need 0.10, margin 0.50 -> 8 planes (RNS_DIST_CACHE_PARTIAL_FORCE)
   transform cache (RNS_DIST_CACHE_PARTIAL) node 1: 2 slots of 4 of 4 primes, q 2^22.00, from the block pool: 0.27 GB per APU (1.07 per node) | pool free 0.88 GB per APU (the smallest), the product's need 0.10, margin 0.50 -> 8 planes (RNS_DIST_CACHE_PARTIAL_FORCE)
dist_mn node 0: 17280532 x 34561057 limbs over 2 x 4 ranks (cap 2^25): 1 x 3 pieces, 2 formed, 1 skipped (low product) (cache 2 slots of 4 primes, partial: 3 hits, 4 misses)
dist_mn node 1: 17280532 x 34561057 limbs over 2 x 4 ranks (cap 2^25): 1 x 3 pieces, 2 formed, 1 skipped (low product) (cache 2 slots of 4 primes, partial: 3 hits, 4 misses)
   transform cache (RNS_DIST_CACHE_PARTIAL) node 0: 2 slots of 4 of 4 primes, q 2^22.00, from the block pool: 0.27 GB per APU (1.07 per node) | pool free 0.87 GB per APU (the smallest), the product's need 0.15, margin 0.50 -> 8 planes (RNS_DIST_CACHE_PARTIAL_FORCE)
   transform cache (RNS_DIST_CACHE_PARTIAL) node 1: 2 slots of 4 of 4 primes, q 2^22.00, from the block pool: 0.27 GB per APU (1.07 per node) | pool free 0.87 GB per APU (the smallest), the product's need 0.15, margin 0.50 -> 8 planes (RNS_DIST_CACHE_PARTIAL_FORCE)
dist_mn node 0: 34561064 x 34561064 limbs over 2 x 4 ranks (cap 2^25): 2 x 3 pieces, 6 formed, 0 skipped (cache 2 slots of 4 primes, partial: 8 hits, 7 misses)
dist_mn node 1: 34561064 x 34561064 limbs over 2 x 4 ranks (cap 2^25): 2 x 3 pieces, 6 formed, 0 skipped (cache 2 slots of 4 primes, partial: 8 hits, 7 misses)
   transform cache (RNS_DIST_CACHE_PARTIAL) node 0: 2 slots of 4 of 4 primes, q 2^22.00, from the block pool: 0.27 GB per APU (1.07 per node) | pool free 0.81 GB per APU (the smallest), the product's need 0.15, margin 0.50 -> 8 planes (RNS_DIST_CACHE_PARTIAL_FORCE)
   transform cache (RNS_DIST_CACHE_PARTIAL) node 1: 2 slots of 4 of 4 primes, q 2^22.00, from the block pool: 0.27 GB per APU (1.07 per node) | pool free 0.88 GB per APU (the smallest), the product's need 0.15, margin 0.50 -> 8 planes (RNS_DIST_CACHE_PARTIAL_FORCE)
dist_mn node 0: 34561064 x 34561064 limbs over 2 x 4 ranks (cap 2^25): 2 x 3 pieces, 6 formed, 0 skipped (cache 2 slots of 4 primes, partial: 13 hits, 10 misses)
dist_mn node 1: 34561064 x 34561064 limbs over 2 x 4 ranks (cap 2^25): 2 x 3 pieces, 6 formed, 0 skipped (cache 2 slots of 4 primes, partial: 13 hits, 10 misses)
   transform cache (RNS_DIST_CACHE_PARTIAL) node 0: 2 slots of 4 of 4 primes, q 2^22.00, from the block pool: 0.27 GB per APU (1.07 per node) | pool free 0.81 GB per APU (the smallest), the product's need 0.15, margin 0.50 -> 8 planes (RNS_DIST_CACHE_PARTIAL_FORCE)
   transform cache (RNS_DIST_CACHE_PARTIAL) node 1: 2 slots of 4 of 4 primes, q 2^22.00, from the block pool: 0.27 GB per APU (1.07 per node) | pool free 0.88 GB per APU (the smallest), the product's need 0.15, margin 0.50 -> 8 planes (RNS_DIST_CACHE_PARTIAL_FORCE)
dist_mn node 0: 34561064 x 34561064 limbs over 2 x 4 ranks (cap 2^25): 2 x 3 pieces, 6 formed, 0 skipped (cache 2 slots of 4 primes, partial: 18 hits, 13 misses)
dist_mn node 1: 34561064 x 34561064 limbs over 2 x 4 ranks (cap 2^25): 2 x 3 pieces, 6 formed, 0 skipped (cache 2 slots of 4 primes, partial: 18 hits, 13 misses)
   transform cache (RNS_DIST_CACHE_PARTIAL) node 0: 2 slots of 4 of 4 primes, q 2^22.00, from the block pool: 0.27 GB per APU (1.07 per node) | pool free 0.85 GB per APU (the smallest), the product's need 0.13, margin 0.50 -> 8 planes (RNS_DIST_CACHE_PARTIAL_FORCE)
   transform cache (RNS_DIST_CACHE_PARTIAL) node 1: 2 slots of 4 of 4 primes, q 2^22.00, from the block pool: 0.27 GB per APU (1.07 per node) | pool free 0.92 GB per APU (the smallest), the product's need 0.13, margin 0.50 -> 8 planes (RNS_DIST_CACHE_PARTIAL_FORCE)
dist_mn node 0: 34561064 x 34561064 limbs over 2 x 4 ranks (cap 2^25): 2 x 3 pieces, 5 formed, 1 skipped (low product) (cache 2 slots of 4 primes, partial: 22 hits, 16 misses)
dist_mn node 1: 34561064 x 34561064 limbs over 2 x 4 ranks (cap 2^25): 2 x 3 pieces, 5 formed, 1 skipped (low product) (cache 2 slots of 4 primes, partial: 22 hits, 16 misses)
   transform cache (RNS_DIST_CACHE_PARTIAL) node 0: 2 slots of 4 of 4 primes, q 2^22.00, from the block pool: 0.27 GB per APU (1.07 per node) | pool free 0.90 GB per APU (the smallest), the product's need 0.11, margin 0.50 -> 8 planes (RNS_DIST_CACHE_PARTIAL_FORCE)
   transform cache (RNS_DIST_CACHE_PARTIAL) node 1: 2 slots of 4 of 4 primes, q 2^22.00, from the block pool: 0.27 GB per APU (1.07 per node) | pool free 0.97 GB per APU (the smallest), the product's need 0.08, margin 0.50 -> 8 planes (RNS_DIST_CACHE_PARTIAL_FORCE)
dist_mn node 0: 17280533 x 17280533 limbs over 2 x 4 ranks (cap 2^25): 1 x 2 pieces, 2 formed, 0 skipped (low product) (cache 2 slots of 4 primes, partial: 23 hits, 18 misses)
dist_mn node 1: 17280533 x 17280533 limbs over 2 x 4 ranks (cap 2^25): 1 x 2 pieces, 2 formed, 0 skipped (low product) (cache 2 slots of 4 primes, partial: 23 hits, 18 misses)
   transform cache (RNS_DIST_CACHE_PARTIAL) node 0: 2 slots of 4 of 4 primes, q 2^22.00, from the block pool: 0.27 GB per APU (1.07 per node) | pool free 0.87 GB per APU (the smallest), the product's need 0.15, margin 0.50 -> 8 planes (RNS_DIST_CACHE_PARTIAL_FORCE)
   transform cache (RNS_DIST_CACHE_PARTIAL) node 1: 2 slots of 4 of 4 primes, q 2^22.00, from the block pool: 0.27 GB per APU (1.07 per node) | pool free 0.94 GB per APU (the smallest), the product's need 0.15, margin 0.50 -> 8 planes (RNS_DIST_CACHE_PARTIAL_FORCE)
dist_mn node 0: 34561064 x 34561064 limbs over 2 x 4 ranks (cap 2^25): 2 x 3 pieces, 6 formed, 0 skipped (low product) (cache 2 slots of 4 primes, partial: 28 hits, 21 misses)
dist_mn node 1: 34561064 x 34561064 limbs over 2 x 4 ranks (cap 2^25): 2 x 3 pieces, 6 formed, 0 skipped (low product) (cache 2 slots of 4 primes, partial: 28 hits, 21 misses)
   transform cache (RNS_DIST_CACHE_PARTIAL) node 0: 2 slots of 4 of 4 primes, q 2^22.00, from the block pool: 0.27 GB per APU (1.07 per node) | pool free 0.81 GB per APU (the smallest), the product's need 0.15, margin 0.50 -> 8 planes (RNS_DIST_CACHE_PARTIAL_FORCE)
   transform cache (RNS_DIST_CACHE_PARTIAL) node 1: 2 slots of 4 of 4 primes, q 2^22.00, from the block pool: 0.27 GB per APU (1.07 per node) | pool free 0.88 GB per APU (the smallest), the product's need 0.15, margin 0.50 -> 8 planes (RNS_DIST_CACHE_PARTIAL_FORCE)
dist_mn node 0: 34561064 x 34561064 limbs over 2 x 4 ranks (cap 2^25): 2 x 3 pieces, 5 formed, 1 skipped (low cut) (cache 2 slots of 4 primes, partial: 31 hits, 24 misses)
dist_mn node 1: 34561064 x 34561064 limbs over 2 x 4 ranks (cap 2^25): 2 x 3 pieces, 5 formed, 1 skipped (low cut) (cache 2 slots of 4 primes, partial: 31 hits, 24 misses)
   transform cache (RNS_DIST_CACHE_PARTIAL) node 0: 2 slots of 4 of 4 primes, q 2^22.00, from the block pool: 0.27 GB per APU (1.07 per node) | pool free 0.81 GB per APU (the smallest), the product's need 0.15, margin 0.50 -> 8 planes (RNS_DIST_CACHE_PARTIAL_FORCE)
   transform cache (RNS_DIST_CACHE_PARTIAL) node 1: 2 slots of 4 of 4 primes, q 2^22.00, from the block pool: 0.27 GB per APU (1.07 per node) | pool free 0.88 GB per APU (the smallest), the product's need 0.15, margin 0.50 -> 8 planes (RNS_DIST_CACHE_PARTIAL_FORCE)
dist_mn node 0: 34561064 x 34561064 limbs over 2 x 4 ranks (cap 2^25): 2 x 3 pieces, 5 formed, 1 skipped (low product) (low cut) (cache 2 slots of 4 primes, partial: 34 hits, 27 misses)
dist_mn node 1: 34561064 x 34561064 limbs over 2 x 4 ranks (cap 2^25): 2 x 3 pieces, 5 formed, 1 skipped (low product) (low cut) (cache 2 slots of 4 primes, partial: 34 hits, 27 misses)
   transform cache (RNS_DIST_CACHE_PARTIAL) node 0: 2 slots of 4 of 4 primes, q 2^22.00, from the block pool: 0.27 GB per APU (1.07 per node) | pool free 0.81 GB per APU (the smallest), the product's need 0.15, margin 0.50 -> 8 planes (RNS_DIST_CACHE_PARTIAL_FORCE)
   transform cache (RNS_DIST_CACHE_PARTIAL) node 1: 2 slots of 4 of 4 primes, q 2^22.00, from the block pool: 0.27 GB per APU (1.07 per node) | pool free 0.88 GB per APU (the smallest), the product's need 0.15, margin 0.50 -> 8 planes (RNS_DIST_CACHE_PARTIAL_FORCE)
dist_mn node 0: 34561064 x 34561064 limbs over 2 x 4 ranks (cap 2^25): 2 x 3 pieces, 6 formed, 0 skipped (low cut) (cache 2 slots of 4 primes, partial: 39 hits, 30 misses)
dist_mn node 1: 34561064 x 34561064 limbs over 2 x 4 ranks (cap 2^25): 2 x 3 pieces, 6 formed, 0 skipped (low cut) (cache 2 slots of 4 primes, partial: 39 hits, 30 misses)
   transform cache (RNS_DIST_CACHE_PARTIAL) node 0: 2 slots of 4 of 4 primes, q 2^22.00, from the block pool: 0.27 GB per APU (1.07 per node) | pool free 0.81 GB per APU (the smallest), the product's need 0.15, margin 0.50 -> 8 planes (RNS_DIST_CACHE_PARTIAL_FORCE)
   transform cache (RNS_DIST_CACHE_PARTIAL) node 1: 2 slots of 4 of 4 primes, q 2^22.00, from the block pool: 0.27 GB per APU (1.07 per node) | pool free 0.88 GB per APU (the smallest), the product's need 0.15, margin 0.50 -> 8 planes (RNS_DIST_CACHE_PARTIAL_FORCE)
dist_mn node 0: 34561064 x 34561064 limbs over 2 x 4 ranks (cap 2^25): 2 x 3 pieces, 6 formed, 0 skipped (low product) (low cut) (cache 2 slots of 4 primes, partial: 44 hits, 33 misses)
dist_mn node 1: 34561064 x 34561064 limbs over 2 x 4 ranks (cap 2^25): 2 x 3 pieces, 6 formed, 0 skipped (low product) (low cut) (cache 2 slots of 4 primes, partial: 44 hits, 33 misses)
   transform cache (RNS_DIST_CACHE_PARTIAL) node 0: 2 slots of 4 of 4 primes, q 2^22.00, from the block pool: 0.27 GB per APU (1.07 per node) | pool free 0.81 GB per APU (the smallest), the product's need 0.15, margin 0.50 -> 8 planes (RNS_DIST_CACHE_PARTIAL_FORCE)
   transform cache (RNS_DIST_CACHE_PARTIAL) node 1: 2 slots of 4 of 4 primes, q 2^22.00, from the block pool: 0.27 GB per APU (1.07 per node) | pool free 0.88 GB per APU (the smallest), the product's need 0.15, margin 0.50 -> 8 planes (RNS_DIST_CACHE_PARTIAL_FORCE)
dist_mn node 0: 34561064 x 34561064 limbs over 2 x 4 ranks (cap 2^25): 2 x 3 pieces, 0 formed, 6 skipped (low cut) (cache 2 slots of 4 primes, partial: 44 hits, 33 misses)
dist_mn node 1: 34561064 x 34561064 limbs over 2 x 4 ranks (cap 2^25): 2 x 3 pieces, 0 formed, 6 skipped (low cut) (cache 2 slots of 4 primes, partial: 44 hits, 33 misses)
   transform cache (RNS_DIST_CACHE_PARTIAL) node 0: 2 slots of 4 of 4 primes, q 2^22.00, from the block pool: 0.27 GB per APU (1.07 per node) | pool free 0.81 GB per APU (the smallest), the product's need 0.15, margin 0.50 -> 8 planes (RNS_DIST_CACHE_PARTIAL_FORCE)
   transform cache (RNS_DIST_CACHE_PARTIAL) node 1: 2 slots of 4 of 4 primes, q 2^22.00, from the block pool: 0.27 GB per APU (1.07 per node) | pool free 0.88 GB per APU (the smallest), the product's need 0.15, margin 0.50 -> 8 planes (RNS_DIST_CACHE_PARTIAL_FORCE)
dist_mn node 0: 34561064 x 34561064 limbs over 2 x 4 ranks (cap 2^25): 2 x 3 pieces, 0 formed, 6 skipped (low product) (low cut) (cache 2 slots of 4 primes, partial: 44 hits, 33 misses)
dist_mn node 1: 34561064 x 34561064 limbs over 2 x 4 ranks (cap 2^25): 2 x 3 pieces, 0 formed, 6 skipped (low product) (low cut) (cache 2 slots of 4 primes, partial: 44 hits, 33 misses)
   transform cache (RNS_DIST_CACHE_PARTIAL) node 0: 2 slots of 4 of 4 primes, q 2^22.00, from the block pool: 0.27 GB per APU (1.07 per node) | pool free 0.81 GB per APU (the smallest), the product's need 0.15, margin 0.50 -> 8 planes (RNS_DIST_CACHE_PARTIAL_FORCE)
   transform cache (RNS_DIST_CACHE_PARTIAL) node 1: 2 slots of 4 of 4 primes, q 2^22.00, from the block pool: 0.27 GB per APU (1.07 per node) | pool free 0.88 GB per APU (the smallest), the product's need 0.15, margin 0.50 -> 8 planes (RNS_DIST_CACHE_PARTIAL_FORCE)
dist_mn node 0: 34561064 x 34561064 limbs over 2 x 4 ranks (cap 2^25): 2 x 3 pieces, 6 formed, 0 skipped (cache 2 slots of 4 primes, partial: 49 hits, 36 misses)
dist_mn node 1: 34561064 x 34561064 limbs over 2 x 4 ranks (cap 2^25): 2 x 3 pieces, 6 formed, 0 skipped (cache 2 slots of 4 primes, partial: 49 hits, 36 misses)
   transform cache (RNS_DIST_CACHE_PARTIAL) node 1: 2 slots of 4 of 4 primes, q 2^22.00, from the block pool: 0.27 GB per APU (1.07 per node) | pool free 0.88 GB per APU (the smallest), the product's need 0.15, margin 0.50 -> 8 planes (RNS_DIST_CACHE_PARTIAL_FORCE)
   transform cache (RNS_DIST_CACHE_PARTIAL) node 0: 2 slots of 4 of 4 primes, q 2^22.00, from the block pool: 0.27 GB per APU (1.07 per node) | pool free 0.81 GB per APU (the smallest), the product's need 0.15, margin 0.50 -> 8 planes (RNS_DIST_CACHE_PARTIAL_FORCE)
dist_mn node 0: 34561064 x 34561064 limbs over 2 x 4 ranks (cap 2^25): 2 x 3 pieces, 6 formed, 0 skipped (low product) (cache 2 slots of 4 primes, partial: 54 hits, 39 misses)
dist_mn node 1: 34561064 x 34561064 limbs over 2 x 4 ranks (cap 2^25): 2 x 3 pieces, 6 formed, 0 skipped (low product) (cache 2 slots of 4 primes, partial: 54 hits, 39 misses)
   transform cache (RNS_DIST_CACHE_PARTIAL) node 0: 2 slots of 4 of 4 primes, q 2^22.00, from the block pool: 0.27 GB per APU (1.07 per node) | pool free 0.83 GB per APU (the smallest), the product's need 0.14, margin 0.50 -> 8 planes (RNS_DIST_CACHE_PARTIAL_FORCE)
   transform cache (RNS_DIST_CACHE_PARTIAL) node 1: 2 slots of 4 of 4 primes, q 2^22.00, from the block pool: 0.27 GB per APU (1.07 per node) | pool free 0.90 GB per APU (the smallest), the product's need 0.14, margin 0.50 -> 8 planes (RNS_DIST_CACHE_PARTIAL_FORCE)
dist_mn node 0: 17280532 x 34561057 limbs over 2 x 4 ranks (cap 2^25): 1 x 3 pieces, 3 formed, 0 skipped (cache 2 slots of 4 primes, partial: 2 hits, 2 misses)
dist_mn node 1: 17280532 x 34561057 limbs over 2 x 4 ranks (cap 2^25): 1 x 3 pieces, 3 formed, 0 skipped (cache 2 slots of 4 primes, partial: 2 hits, 2 misses)
   transform cache (RNS_DIST_CACHE_PARTIAL) node 0: 2 slots of 4 of 4 primes, q 2^22.00, from the block pool: 0.27 GB per APU (1.07 per node) | pool free 0.88 GB per APU (the smallest), the product's need 0.10, margin 0.50 -> 8 planes (RNS_DIST_CACHE_PARTIAL_FORCE)
   transform cache (RNS_DIST_CACHE_PARTIAL) node 1: 2 slots of 4 of 4 primes, q 2^22.00, from the block pool: 0.27 GB per APU (1.07 per node) | pool free 0.95 GB per APU (the smallest), the product's need 0.10, margin 0.50 -> 8 planes (RNS_DIST_CACHE_PARTIAL_FORCE)
dist_mn node 0: 17280532 x 34561057 limbs over 2 x 4 ranks (cap 2^25): 1 x 3 pieces, 2 formed, 1 skipped (low product) (cache 2 slots of 4 primes, partial: 3 hits, 4 misses)
dist_mn node 1: 17280532 x 34561057 limbs over 2 x 4 ranks (cap 2^25): 1 x 3 pieces, 2 formed, 1 skipped (low product) (cache 2 slots of 4 primes, partial: 3 hits, 4 misses)
   transform cache (RNS_DIST_CACHE_PARTIAL) node 0: 2 slots of 4 of 4 primes, q 2^22.00, from the block pool: 0.27 GB per APU (1.07 per node) | pool free 0.87 GB per APU (the smallest), the product's need 0.15, margin 0.50 -> 8 planes (RNS_DIST_CACHE_PARTIAL_FORCE)
   transform cache (RNS_DIST_CACHE_PARTIAL) node 1: 2 slots of 4 of 4 primes, q 2^22.00, from the block pool: 0.27 GB per APU (1.07 per node) | pool free 0.94 GB per APU (the smallest), the product's need 0.15, margin 0.50 -> 8 planes (RNS_DIST_CACHE_PARTIAL_FORCE)
dist_mn node 0: 34561064 x 34561064 limbs over 2 x 4 ranks (cap 2^25): 2 x 3 pieces, 6 formed, 0 skipped (cache 2 slots of 4 primes, partial: 8 hits, 7 misses)
dist_mn node 1: 34561064 x 34561064 limbs over 2 x 4 ranks (cap 2^25): 2 x 3 pieces, 6 formed, 0 skipped (cache 2 slots of 4 primes, partial: 8 hits, 7 misses)
   transform cache (RNS_DIST_CACHE_PARTIAL) node 0: 2 slots of 4 of 4 primes, q 2^22.00, from the block pool: 0.27 GB per APU (1.07 per node) | pool free 0.85 GB per APU (the smallest), the product's need 0.16, margin 0.50 -> 8 planes (RNS_DIST_CACHE_PARTIAL_FORCE)
   transform cache (RNS_DIST_CACHE_PARTIAL) node 1: 2 slots of 4 of 4 primes, q 2^22.00, from the block pool: 0.27 GB per APU (1.07 per node) | pool free 0.92 GB per APU (the smallest), the product's need 0.16, margin 0.50 -> 8 planes (RNS_DIST_CACHE_PARTIAL_FORCE)
dist_mn node 0: 50331648 x 13421772 limbs over 2 x 4 ranks (cap 2^25): 3 x 1 pieces, 3 formed, 0 skipped (cache 2 slots of 4 primes, partial: 10 hits, 9 misses)
dist_mn node 1: 50331648 x 13421772 limbs over 2 x 4 ranks (cap 2^25): 3 x 1 pieces, 3 formed, 0 skipped (cache 2 slots of 4 primes, partial: 10 hits, 9 misses)
   3x1 50331648 x 13421772: 1.68 s
   transform cache (RNS_DIST_CACHE_PARTIAL) node 0: 2 slots of 4 of 4 primes, q 2^22.00, from the block pool: 0.27 GB per APU (1.07 per node) | pool free 0.85 GB per APU (the smallest), the product's need 0.16, margin 0.50 -> 8 planes (RNS_DIST_CACHE_PARTIAL_FORCE)
   transform cache (RNS_DIST_CACHE_PARTIAL) node 1: 2 slots of 4 of 4 primes, q 2^22.00, from the block pool: 0.27 GB per APU (1.07 per node) | pool free 0.98 GB per APU (the smallest), the product's need 0.16, margin 0.50 -> 8 planes (RNS_DIST_CACHE_PARTIAL_FORCE)
dist_mn node 0: 50331648 x 13421772 limbs over 2 x 4 ranks (cap 2^25): 3 x 1 pieces, 3 formed, 0 skipped (cache 2 slots of 4 primes, partial: 12 hits, 11 misses)
dist_mn node 1: 50331648 x 13421772 limbs over 2 x 4 ranks (cap 2^25): 3 x 1 pieces, 3 formed, 0 skipped (cache 2 slots of 4 primes, partial: 12 hits, 11 misses)
   transform cache (RNS_DIST_CACHE_PARTIAL) node 0: 2 slots of 4 of 4 primes, q 2^22.00, from the block pool: 0.27 GB per APU (1.07 per node) | pool free 0.86 GB per APU (the smallest), the product's need 0.15, margin 0.50 -> 8 planes (RNS_DIST_CACHE_PARTIAL_FORCE)
   transform cache (RNS_DIST_CACHE_PARTIAL) node 1: 2 slots of 4 of 4 primes, q 2^22.00, from the block pool: 0.27 GB per APU (1.07 per node) | pool free 1.00 GB per APU (the smallest), the product's need 0.15, margin 0.50 -> 8 planes (RNS_DIST_CACHE_PARTIAL_FORCE)
dist_mn node 0: 50331648 x 13421772 limbs over 2 x 4 ranks (cap 2^25): 3 x 1 pieces, 3 formed, 0 skipped (low product) (cache 2 slots of 4 primes, partial: 14 hits, 13 misses)
dist_mn node 1: 50331648 x 13421772 limbs over 2 x 4 ranks (cap 2^25): 3 x 1 pieces, 3 formed, 0 skipped (low product) (cache 2 slots of 4 primes, partial: 14 hits, 13 misses)
   transform cache (RNS_DIST_CACHE_PARTIAL) node 1: 2 slots of 4 of 4 primes, q 2^22.00, from the block pool: 0.27 GB per APU (1.07 per node) | pool free 1.03 GB per APU (the smallest), the product's need 0.10, margin 0.50 -> 8 planes (RNS_DIST_CACHE_PARTIAL_FORCE)
   transform cache (RNS_DIST_CACHE_PARTIAL) node 0: 2 slots of 4 of 4 primes, q 2^22.00, from the block pool: 0.27 GB per APU (1.07 per node) | pool free 0.90 GB per APU (the smallest), the product's need 0.14, margin 0.50 -> 8 planes (RNS_DIST_CACHE_PARTIAL_FORCE)
dist_mn node 0: 25165825 x 13421772 limbs over 2 x 4 ranks (cap 2^25): 1 x 2 pieces, 2 formed, 0 skipped (low product) (cache 2 slots of 4 primes, partial: 15 hits, 15 misses)
dist_mn node 1: 25165825 x 13421772 limbs over 2 x 4 ranks (cap 2^25): 1 x 2 pieces, 2 formed, 0 skipped (low product) (cache 2 slots of 4 primes, partial: 15 hits, 15 misses)
   transform cache (RNS_DIST_CACHE_PARTIAL) node 0: 2 slots of 4 of 4 primes, q 2^22.00, from the block pool: 0.27 GB per APU (1.07 per node) | pool free 0.89 GB per APU (the smallest), the product's need 0.16, margin 0.50 -> 8 planes (RNS_DIST_CACHE_PARTIAL_FORCE)
   transform cache (RNS_DIST_CACHE_PARTIAL) node 1: 2 slots of 4 of 4 primes, q 2^22.00, from the block pool: 0.27 GB per APU (1.07 per node) | pool free 1.02 GB per APU (the smallest), the product's need 0.16, margin 0.50 -> 8 planes (RNS_DIST_CACHE_PARTIAL_FORCE)
dist_mn node 0: 50331648 x 13421772 limbs over 2 x 4 ranks (cap 2^25): 3 x 1 pieces, 3 formed, 0 skipped (low product) (cache 2 slots of 4 primes, partial: 17 hits, 17 misses)
dist_mn node 1: 50331648 x 13421772 limbs over 2 x 4 ranks (cap 2^25): 3 x 1 pieces, 3 formed, 0 skipped (low product) (cache 2 slots of 4 primes, partial: 17 hits, 17 misses)
   transform cache (RNS_DIST_CACHE_PARTIAL) node 0: 2 slots of 4 of 4 primes, q 2^22.00, from the block pool: 0.27 GB per APU (1.07 per node) | pool free 0.85 GB per APU (the smallest), the product's need 0.16, margin 0.50 -> 8 planes (RNS_DIST_CACHE_PARTIAL_FORCE)
   transform cache (RNS_DIST_CACHE_PARTIAL) node 1: 2 slots of 4 of 4 primes, q 2^22.00, from the block pool: 0.27 GB per APU (1.07 per node) | pool free 0.98 GB per APU (the smallest), the product's need 0.16, margin 0.50 -> 8 planes (RNS_DIST_CACHE_PARTIAL_FORCE)
dist_mn node 0: 50331648 x 13421772 limbs over 2 x 4 ranks (cap 2^25): 3 x 1 pieces, 2 formed, 1 skipped (low cut) (cache 2 slots of 4 primes, partial: 18 hits, 18 misses)
dist_mn node 1: 50331648 x 13421772 limbs over 2 x 4 ranks (cap 2^25): 3 x 1 pieces, 2 formed, 1 skipped (low cut) (cache 2 slots of 4 primes, partial: 18 hits, 18 misses)
   transform cache (RNS_DIST_CACHE_PARTIAL) node 0: 2 slots of 4 of 4 primes, q 2^22.00, from the block pool: 0.27 GB per APU (1.07 per node) | pool free 0.85 GB per APU (the smallest), the product's need 0.16, margin 0.50 -> 8 planes (RNS_DIST_CACHE_PARTIAL_FORCE)
   transform cache (RNS_DIST_CACHE_PARTIAL) node 1: 2 slots of 4 of 4 primes, q 2^22.00, from the block pool: 0.27 GB per APU (1.07 per node) | pool free 0.98 GB per APU (the smallest), the product's need 0.16, margin 0.50 -> 8 planes (RNS_DIST_CACHE_PARTIAL_FORCE)
dist_mn node 0: 50331648 x 13421772 limbs over 2 x 4 ranks (cap 2^25): 3 x 1 pieces, 2 formed, 1 skipped (low product) (low cut) (cache 2 slots of 4 primes, partial: 19 hits, 19 misses)
dist_mn node 1: 50331648 x 13421772 limbs over 2 x 4 ranks (cap 2^25): 3 x 1 pieces, 2 formed, 1 skipped (low product) (low cut) (cache 2 slots of 4 primes, partial: 19 hits, 19 misses)
   transform cache (RNS_DIST_CACHE_PARTIAL) node 0: 2 slots of 4 of 4 primes, q 2^22.00, from the block pool: 0.27 GB per APU (1.07 per node) | pool free 0.85 GB per APU (the smallest), the product's need 0.16, margin 0.50 -> 8 planes (RNS_DIST_CACHE_PARTIAL_FORCE)
   transform cache (RNS_DIST_CACHE_PARTIAL) node 1: 2 slots of 4 of 4 primes, q 2^22.00, from the block pool: 0.27 GB per APU (1.07 per node) | pool free 0.98 GB per APU (the smallest), the product's need 0.16, margin 0.50 -> 8 planes (RNS_DIST_CACHE_PARTIAL_FORCE)
dist_mn node 0: 50331648 x 13421772 limbs over 2 x 4 ranks (cap 2^25): 3 x 1 pieces, 3 formed, 0 skipped (low cut) (cache 2 slots of 4 primes, partial: 21 hits, 21 misses)
dist_mn node 1: 50331648 x 13421772 limbs over 2 x 4 ranks (cap 2^25): 3 x 1 pieces, 3 formed, 0 skipped (low cut) (cache 2 slots of 4 primes, partial: 21 hits, 21 misses)
   transform cache (RNS_DIST_CACHE_PARTIAL) node 0: 2 slots of 4 of 4 primes, q 2^22.00, from the block pool: 0.27 GB per APU (1.07 per node) | pool free 0.85 GB per APU (the smallest), the product's need 0.16, margin 0.50 -> 8 planes (RNS_DIST_CACHE_PARTIAL_FORCE)
   transform cache (RNS_DIST_CACHE_PARTIAL) node 1: 2 slots of 4 of 4 primes, q 2^22.00, from the block pool: 0.27 GB per APU (1.07 per node) | pool free 0.98 GB per APU (the smallest), the product's need 0.16, margin 0.50 -> 8 planes (RNS_DIST_CACHE_PARTIAL_FORCE)
dist_mn node 0: 50331648 x 13421772 limbs over 2 x 4 ranks (cap 2^25): 3 x 1 pieces, 3 formed, 0 skipped (low product) (low cut) (cache 2 slots of 4 primes, partial: 23 hits, 23 misses)
dist_mn node 1: 50331648 x 13421772 limbs over 2 x 4 ranks (cap 2^25): 3 x 1 pieces, 3 formed, 0 skipped (low product) (low cut) (cache 2 slots of 4 primes, partial: 23 hits, 23 misses)
   transform cache (RNS_DIST_CACHE_PARTIAL) node 0: 2 slots of 4 of 4 primes, q 2^22.00, from the block pool: 0.27 GB per APU (1.07 per node) | pool free 0.85 GB per APU (the smallest), the product's need 0.16, margin 0.50 -> 8 planes (RNS_DIST_CACHE_PARTIAL_FORCE)
   transform cache (RNS_DIST_CACHE_PARTIAL) node 1: 2 slots of 4 of 4 primes, q 2^22.00, from the block pool: 0.27 GB per APU (1.07 per node) | pool free 0.98 GB per APU (the smallest), the product's need 0.16, margin 0.50 -> 8 planes (RNS_DIST_CACHE_PARTIAL_FORCE)
dist_mn node 0: 50331648 x 13421772 limbs over 2 x 4 ranks (cap 2^25): 3 x 1 pieces, 0 formed, 3 skipped (low cut) (cache 2 slots of 4 primes, partial: 23 hits, 23 misses)
dist_mn node 1: 50331648 x 13421772 limbs over 2 x 4 ranks (cap 2^25): 3 x 1 pieces, 0 formed, 3 skipped (low cut) (cache 2 slots of 4 primes, partial: 23 hits, 23 misses)
   transform cache (RNS_DIST_CACHE_PARTIAL) node 0: 2 slots of 4 of 4 primes, q 2^22.00, from the block pool: 0.27 GB per APU (1.07 per node) | pool free 0.85 GB per APU (the smallest), the product's need 0.16, margin 0.50 -> 8 planes (RNS_DIST_CACHE_PARTIAL_FORCE)
   transform cache (RNS_DIST_CACHE_PARTIAL) node 1: 2 slots of 4 of 4 primes, q 2^22.00, from the block pool: 0.27 GB per APU (1.07 per node) | pool free 0.98 GB per APU (the smallest), the product's need 0.16, margin 0.50 -> 8 planes (RNS_DIST_CACHE_PARTIAL_FORCE)
dist_mn node 0: 50331648 x 13421772 limbs over 2 x 4 ranks (cap 2^25): 3 x 1 pieces, 0 formed, 3 skipped (low product) (low cut) (cache 2 slots of 4 primes, partial: 23 hits, 23 misses)
dist_mn node 1: 50331648 x 13421772 limbs over 2 x 4 ranks (cap 2^25): 3 x 1 pieces, 0 formed, 3 skipped (low product) (low cut) (cache 2 slots of 4 primes, partial: 23 hits, 23 misses)
   transform cache (RNS_DIST_CACHE_PARTIAL) node 0: 2 slots of 4 of 4 primes, q 2^22.00, from the block pool: 0.27 GB per APU (1.07 per node) | pool free 0.85 GB per APU (the smallest), the product's need 0.16, margin 0.50 -> 8 planes (RNS_DIST_CACHE_PARTIAL_FORCE)
   transform cache (RNS_DIST_CACHE_PARTIAL) node 1: 2 slots of 4 of 4 primes, q 2^22.00, from the block pool: 0.27 GB per APU (1.07 per node) | pool free 0.98 GB per APU (the smallest), the product's need 0.16, margin 0.50 -> 8 planes (RNS_DIST_CACHE_PARTIAL_FORCE)
dist_mn node 0: 50331648 x 13421772 limbs over 2 x 4 ranks (cap 2^25): 3 x 1 pieces, 3 formed, 0 skipped (cache 2 slots of 4 primes, partial: 25 hits, 25 misses)
dist_mn node 1: 50331648 x 13421772 limbs over 2 x 4 ranks (cap 2^25): 3 x 1 pieces, 3 formed, 0 skipped (cache 2 slots of 4 primes, partial: 25 hits, 25 misses)
   transform cache (RNS_DIST_CACHE_PARTIAL) node 0: 2 slots of 4 of 4 primes, q 2^22.00, from the block pool: 0.27 GB per APU (1.07 per node) | pool free 0.85 GB per APU (the smallest), the product's need 0.16, margin 0.50 -> 8 planes (RNS_DIST_CACHE_PARTIAL_FORCE)
   transform cache (RNS_DIST_CACHE_PARTIAL) node 1: 2 slots of 4 of 4 primes, q 2^22.00, from the block pool: 0.27 GB per APU (1.07 per node) | pool free 0.98 GB per APU (the smallest), the product's need 0.16, margin 0.50 -> 8 planes (RNS_DIST_CACHE_PARTIAL_FORCE)
dist_mn node 0: 50331648 x 13421772 limbs over 2 x 4 ranks (cap 2^25): 3 x 1 pieces, 3 formed, 0 skipped (low product) (cache 2 slots of 4 primes, partial: 27 hits, 27 misses)
dist_mn node 1: 50331648 x 13421772 limbs over 2 x 4 ranks (cap 2^25): 3 x 1 pieces, 3 formed, 0 skipped (low product) (cache 2 slots of 4 primes, partial: 27 hits, 27 misses)
   transform cache (RNS_DIST_CACHE_PARTIAL) node 0: 2 slots of 4 of 4 primes, q 2^22.00, from the block pool: 0.27 GB per APU (1.07 per node) | pool free 0.88 GB per APU (the smallest), the product's need 0.12, margin 0.50 -> 8 planes (RNS_DIST_CACHE_PARTIAL_FORCE)
   transform cache (RNS_DIST_CACHE_PARTIAL) node 1: 2 slots of 4 of 4 primes, q 2^22.00, from the block pool: 0.27 GB per APU (1.07 per node) | pool free 1.01 GB per APU (the smallest), the product's need 0.14, margin 0.50 -> 8 planes (RNS_DIST_CACHE_PARTIAL_FORCE)
dist_mn node 0: 25165824 x 13421765 limbs over 2 x 4 ranks (cap 2^25): 1 x 2 pieces, 2 formed, 0 skipped (cache 2 slots of 4 primes, partial: 1 hits, 2 misses)
dist_mn node 1: 25165824 x 13421765 limbs over 2 x 4 ranks (cap 2^25): 1 x 2 pieces, 2 formed, 0 skipped (cache 2 slots of 4 primes, partial: 1 hits, 2 misses)
   transform cache (RNS_DIST_CACHE_PARTIAL) node 0: 2 slots of 4 of 4 primes, q 2^22.00, from the block pool: 0.27 GB per APU (1.07 per node) | pool free 0.91 GB per APU (the smallest), the product's need 0.11, margin 0.50 -> 8 planes (RNS_DIST_CACHE_PARTIAL_FORCE)
   transform cache (RNS_DIST_CACHE_PARTIAL) node 1: 2 slots of 4 of 4 primes, q 2^22.00, from the block pool: 0.27 GB per APU (1.07 per node) | pool free 1.05 GB per APU (the smallest), the product's need 0.12, margin 0.50 -> 8 planes (RNS_DIST_CACHE_PARTIAL_FORCE)
dist_mn node 0: 25165824 x 13421765 limbs over 2 x 4 ranks (cap 2^25): 1 x 2 pieces, 2 formed, 0 skipped (low product) (cache 2 slots of 4 primes, partial: 2 hits, 4 misses)
dist_mn node 1: 25165824 x 13421765 limbs over 2 x 4 ranks (cap 2^25): 1 x 2 pieces, 2 formed, 0 skipped (low product) (cache 2 slots of 4 primes, partial: 2 hits, 4 misses)
   transform cache (RNS_DIST_CACHE_PARTIAL) node 0: 2 slots of 4 of 4 primes, q 2^22.00, from the block pool: 0.27 GB per APU (1.07 per node) | pool free 0.89 GB per APU (the smallest), the product's need 0.16, margin 0.50 -> 8 planes (RNS_DIST_CACHE_PARTIAL_FORCE)
   transform cache (RNS_DIST_CACHE_PARTIAL) node 1: 2 slots of 4 of 4 primes, q 2^22.00, from the block pool: 0.27 GB per APU (1.07 per node) | pool free 1.02 GB per APU (the smallest), the product's need 0.16, margin 0.50 -> 8 planes (RNS_DIST_CACHE_PARTIAL_FORCE)
dist_mn node 0: 50331648 x 13421772 limbs over 2 x 4 ranks (cap 2^25): 3 x 1 pieces, 3 formed, 0 skipped (cache 2 slots of 4 primes, partial: 4 hits, 6 misses)
dist_mn node 1: 50331648 x 13421772 limbs over 2 x 4 ranks (cap 2^25): 3 x 1 pieces, 3 formed, 0 skipped (cache 2 slots of 4 primes, partial: 4 hits, 6 misses)
   transform cache (RNS_DIST_CACHE_PARTIAL) node 0: 2 slots of 4 of 4 primes, q 2^22.00, from the block pool: 0.27 GB per APU (1.07 per node) | pool free 0.85 GB per APU (the smallest), the product's need 0.16, margin 0.50 -> 8 planes (RNS_DIST_CACHE_PARTIAL_FORCE)
   transform cache (RNS_DIST_CACHE_PARTIAL) node 1: 2 slots of 4 of 4 primes, q 2^22.00, from the block pool: 0.27 GB per APU (1.07 per node) | pool free 0.98 GB per APU (the smallest), the product's need 0.16, margin 0.50 -> 8 planes (RNS_DIST_CACHE_PARTIAL_FORCE)
dist_mn node 0: 50331648 x 13421772 limbs over 2 x 4 ranks (cap 2^25): 3 x 1 pieces, 3 formed, 0 skipped (cache 2 slots of 4 primes, partial: 6 hits, 8 misses)
dist_mn node 1: 50331648 x 13421772 limbs over 2 x 4 ranks (cap 2^25): 3 x 1 pieces, 3 formed, 0 skipped (cache 2 slots of 4 primes, partial: 6 hits, 8 misses)
   transform cache (RNS_DIST_CACHE_PARTIAL) node 0: 2 slots of 4 of 4 primes, q 2^22.00, from the block pool: 0.27 GB per APU (1.07 per node) | pool free 0.85 GB per APU (the smallest), the product's need 0.16, margin 0.50 -> 8 planes (RNS_DIST_CACHE_PARTIAL_FORCE)
   transform cache (RNS_DIST_CACHE_PARTIAL) node 1: 2 slots of 4 of 4 primes, q 2^22.00, from the block pool: 0.27 GB per APU (1.07 per node) | pool free 0.98 GB per APU (the smallest), the product's need 0.16, margin 0.50 -> 8 planes (RNS_DIST_CACHE_PARTIAL_FORCE)
dist_mn node 0: 50331648 x 13421772 limbs over 2 x 4 ranks (cap 2^25): 3 x 1 pieces, 3 formed, 0 skipped (cache 2 slots of 4 primes, partial: 8 hits, 10 misses)
dist_mn node 1: 50331648 x 13421772 limbs over 2 x 4 ranks (cap 2^25): 3 x 1 pieces, 3 formed, 0 skipped (cache 2 slots of 4 primes, partial: 8 hits, 10 misses)
   transform cache (RNS_DIST_CACHE_PARTIAL) node 0: 2 slots of 4 of 4 primes, q 2^22.00, from the block pool: 0.27 GB per APU (1.07 per node) | pool free 0.86 GB per APU (the smallest), the product's need 0.15, margin 0.50 -> 8 planes (RNS_DIST_CACHE_PARTIAL_FORCE)
   transform cache (RNS_DIST_CACHE_PARTIAL) node 1: 2 slots of 4 of 4 primes, q 2^22.00, from the block pool: 0.27 GB per APU (1.07 per node) | pool free 1.00 GB per APU (the smallest), the product's need 0.15, margin 0.50 -> 8 planes (RNS_DIST_CACHE_PARTIAL_FORCE)
dist_mn node 0: 50331648 x 13421772 limbs over 2 x 4 ranks (cap 2^25): 3 x 1 pieces, 3 formed, 0 skipped (low product) (cache 2 slots of 4 primes, partial: 10 hits, 12 misses)
dist_mn node 1: 50331648 x 13421772 limbs over 2 x 4 ranks (cap 2^25): 3 x 1 pieces, 3 formed, 0 skipped (low product) (cache 2 slots of 4 primes, partial: 10 hits, 12 misses)
   transform cache (RNS_DIST_CACHE_PARTIAL) node 0: 2 slots of 4 of 4 primes, q 2^22.00, from the block pool: 0.27 GB per APU (1.07 per node) | pool free 0.90 GB per APU (the smallest), the product's need 0.14, margin 0.50 -> 8 planes (RNS_DIST_CACHE_PARTIAL_FORCE)
   transform cache (RNS_DIST_CACHE_PARTIAL) node 1: 2 slots of 4 of 4 primes, q 2^22.00, from the block pool: 0.27 GB per APU (1.07 per node) | pool free 1.03 GB per APU (the smallest), the product's need 0.10, margin 0.50 -> 8 planes (RNS_DIST_CACHE_PARTIAL_FORCE)
dist_mn node 0: 25165825 x 13421772 limbs over 2 x 4 ranks (cap 2^25): 1 x 2 pieces, 2 formed, 0 skipped (low product) (cache 2 slots of 4 primes, partial: 11 hits, 14 misses)
dist_mn node 1: 25165825 x 13421772 limbs over 2 x 4 ranks (cap 2^25): 1 x 2 pieces, 2 formed, 0 skipped (low product) (cache 2 slots of 4 primes, partial: 11 hits, 14 misses)
   transform cache (RNS_DIST_CACHE_PARTIAL) node 0: 2 slots of 4 of 4 primes, q 2^22.00, from the block pool: 0.27 GB per APU (1.07 per node) | pool free 0.89 GB per APU (the smallest), the product's need 0.16, margin 0.50 -> 8 planes (RNS_DIST_CACHE_PARTIAL_FORCE)
   transform cache (RNS_DIST_CACHE_PARTIAL) node 1: 2 slots of 4 of 4 primes, q 2^22.00, from the block pool: 0.27 GB per APU (1.07 per node) | pool free 1.02 GB per APU (the smallest), the product's need 0.16, margin 0.50 -> 8 planes (RNS_DIST_CACHE_PARTIAL_FORCE)
dist_mn node 0: 50331648 x 13421772 limbs over 2 x 4 ranks (cap 2^25): 3 x 1 pieces, 3 formed, 0 skipped (low product) (cache 2 slots of 4 primes, partial: 13 hits, 16 misses)
dist_mn node 1: 50331648 x 13421772 limbs over 2 x 4 ranks (cap 2^25): 3 x 1 pieces, 3 formed, 0 skipped (low product) (cache 2 slots of 4 primes, partial: 13 hits, 16 misses)
   transform cache (RNS_DIST_CACHE_PARTIAL) node 0: 2 slots of 4 of 4 primes, q 2^22.00, from the block pool: 0.27 GB per APU (1.07 per node) | pool free 0.85 GB per APU (the smallest), the product's need 0.16, margin 0.50 -> 8 planes (RNS_DIST_CACHE_PARTIAL_FORCE)
   transform cache (RNS_DIST_CACHE_PARTIAL) node 1: 2 slots of 4 of 4 primes, q 2^22.00, from the block pool: 0.27 GB per APU (1.07 per node) | pool free 0.98 GB per APU (the smallest), the product's need 0.16, margin 0.50 -> 8 planes (RNS_DIST_CACHE_PARTIAL_FORCE)
dist_mn node 0: 50331648 x 13421772 limbs over 2 x 4 ranks (cap 2^25): 3 x 1 pieces, 2 formed, 1 skipped (low cut) (cache 2 slots of 4 primes, partial: 14 hits, 17 misses)
dist_mn node 1: 50331648 x 13421772 limbs over 2 x 4 ranks (cap 2^25): 3 x 1 pieces, 2 formed, 1 skipped (low cut) (cache 2 slots of 4 primes, partial: 14 hits, 17 misses)
   transform cache (RNS_DIST_CACHE_PARTIAL) node 0: 2 slots of 4 of 4 primes, q 2^22.00, from the block pool: 0.27 GB per APU (1.07 per node) | pool free 0.85 GB per APU (the smallest), the product's need 0.16, margin 0.50 -> 8 planes (RNS_DIST_CACHE_PARTIAL_FORCE)
   transform cache (RNS_DIST_CACHE_PARTIAL) node 1: 2 slots of 4 of 4 primes, q 2^22.00, from the block pool: 0.27 GB per APU (1.07 per node) | pool free 0.98 GB per APU (the smallest), the product's need 0.16, margin 0.50 -> 8 planes (RNS_DIST_CACHE_PARTIAL_FORCE)
dist_mn node 0: 50331648 x 13421772 limbs over 2 x 4 ranks (cap 2^25): 3 x 1 pieces, 2 formed, 1 skipped (low product) (low cut) (cache 2 slots of 4 primes, partial: 15 hits, 18 misses)
dist_mn node 1: 50331648 x 13421772 limbs over 2 x 4 ranks (cap 2^25): 3 x 1 pieces, 2 formed, 1 skipped (low product) (low cut) (cache 2 slots of 4 primes, partial: 15 hits, 18 misses)
   transform cache (RNS_DIST_CACHE_PARTIAL) node 0: 2 slots of 4 of 4 primes, q 2^22.00, from the block pool: 0.27 GB per APU (1.07 per node) | pool free 0.85 GB per APU (the smallest), the product's need 0.16, margin 0.50 -> 8 planes (RNS_DIST_CACHE_PARTIAL_FORCE)
   transform cache (RNS_DIST_CACHE_PARTIAL) node 1: 2 slots of 4 of 4 primes, q 2^22.00, from the block pool: 0.27 GB per APU (1.07 per node) | pool free 0.98 GB per APU (the smallest), the product's need 0.16, margin 0.50 -> 8 planes (RNS_DIST_CACHE_PARTIAL_FORCE)
dist_mn node 0: 50331648 x 13421772 limbs over 2 x 4 ranks (cap 2^25): 3 x 1 pieces, 3 formed, 0 skipped (low cut) (cache 2 slots of 4 primes, partial: 17 hits, 20 misses)
dist_mn node 1: 50331648 x 13421772 limbs over 2 x 4 ranks (cap 2^25): 3 x 1 pieces, 3 formed, 0 skipped (low cut) (cache 2 slots of 4 primes, partial: 17 hits, 20 misses)
   transform cache (RNS_DIST_CACHE_PARTIAL) node 1: 2 slots of 4 of 4 primes, q 2^22.00, from the block pool: 0.27 GB per APU (1.07 per node) | pool free 0.98 GB per APU (the smallest), the product's need 0.16, margin 0.50 -> 8 planes (RNS_DIST_CACHE_PARTIAL_FORCE)
   transform cache (RNS_DIST_CACHE_PARTIAL) node 0: 2 slots of 4 of 4 primes, q 2^22.00, from the block pool: 0.27 GB per APU (1.07 per node) | pool free 0.85 GB per APU (the smallest), the product's need 0.16, margin 0.50 -> 8 planes (RNS_DIST_CACHE_PARTIAL_FORCE)
dist_mn node 0: 50331648 x 13421772 limbs over 2 x 4 ranks (cap 2^25): 3 x 1 pieces, 3 formed, 0 skipped (low product) (low cut) (cache 2 slots of 4 primes, partial: 19 hits, 22 misses)
dist_mn node 1: 50331648 x 13421772 limbs over 2 x 4 ranks (cap 2^25): 3 x 1 pieces, 3 formed, 0 skipped (low product) (low cut) (cache 2 slots of 4 primes, partial: 19 hits, 22 misses)
   transform cache (RNS_DIST_CACHE_PARTIAL) node 0: 2 slots of 4 of 4 primes, q 2^22.00, from the block pool: 0.27 GB per APU (1.07 per node) | pool free 0.85 GB per APU (the smallest), the product's need 0.16, margin 0.50 -> 8 planes (RNS_DIST_CACHE_PARTIAL_FORCE)
   transform cache (RNS_DIST_CACHE_PARTIAL) node 1: 2 slots of 4 of 4 primes, q 2^22.00, from the block pool: 0.27 GB per APU (1.07 per node) | pool free 0.98 GB per APU (the smallest), the product's need 0.16, margin 0.50 -> 8 planes (RNS_DIST_CACHE_PARTIAL_FORCE)
dist_mn node 0: 50331648 x 13421772 limbs over 2 x 4 ranks (cap 2^25): 3 x 1 pieces, 0 formed, 3 skipped (low cut) (cache 2 slots of 4 primes, partial: 19 hits, 22 misses)
dist_mn node 1: 50331648 x 13421772 limbs over 2 x 4 ranks (cap 2^25): 3 x 1 pieces, 0 formed, 3 skipped (low cut) (cache 2 slots of 4 primes, partial: 19 hits, 22 misses)
   transform cache (RNS_DIST_CACHE_PARTIAL) node 0: 2 slots of 4 of 4 primes, q 2^22.00, from the block pool: 0.27 GB per APU (1.07 per node) | pool free 0.85 GB per APU (the smallest), the product's need 0.16, margin 0.50 -> 8 planes (RNS_DIST_CACHE_PARTIAL_FORCE)
   transform cache (RNS_DIST_CACHE_PARTIAL) node 1: 2 slots of 4 of 4 primes, q 2^22.00, from the block pool: 0.27 GB per APU (1.07 per node) | pool free 0.98 GB per APU (the smallest), the product's need 0.16, margin 0.50 -> 8 planes (RNS_DIST_CACHE_PARTIAL_FORCE)
dist_mn node 0: 50331648 x 13421772 limbs over 2 x 4 ranks (cap 2^25): 3 x 1 pieces, 0 formed, 3 skipped (low product) (low cut) (cache 2 slots of 4 primes, partial: 19 hits, 22 misses)
dist_mn node 1: 50331648 x 13421772 limbs over 2 x 4 ranks (cap 2^25): 3 x 1 pieces, 0 formed, 3 skipped (low product) (low cut) (cache 2 slots of 4 primes, partial: 19 hits, 22 misses)
   transform cache (RNS_DIST_CACHE_PARTIAL) node 0: 2 slots of 4 of 4 primes, q 2^22.00, from the block pool: 0.27 GB per APU (1.07 per node) | pool free 0.85 GB per APU (the smallest), the product's need 0.16, margin 0.50 -> 8 planes (RNS_DIST_CACHE_PARTIAL_FORCE)
   transform cache (RNS_DIST_CACHE_PARTIAL) node 1: 2 slots of 4 of 4 primes, q 2^22.00, from the block pool: 0.27 GB per APU (1.07 per node) | pool free 0.98 GB per APU (the smallest), the product's need 0.16, margin 0.50 -> 8 planes (RNS_DIST_CACHE_PARTIAL_FORCE)
dist_mn node 0: 50331648 x 13421772 limbs over 2 x 4 ranks (cap 2^25): 3 x 1 pieces, 3 formed, 0 skipped (cache 2 slots of 4 primes, partial: 21 hits, 24 misses)
dist_mn node 1: 50331648 x 13421772 limbs over 2 x 4 ranks (cap 2^25): 3 x 1 pieces, 3 formed, 0 skipped (cache 2 slots of 4 primes, partial: 21 hits, 24 misses)
   transform cache (RNS_DIST_CACHE_PARTIAL) node 0: 2 slots of 4 of 4 primes, q 2^22.00, from the block pool: 0.27 GB per APU (1.07 per node) | pool free 0.85 GB per APU (the smallest), the product's need 0.16, margin 0.50 -> 8 planes (RNS_DIST_CACHE_PARTIAL_FORCE)
   transform cache (RNS_DIST_CACHE_PARTIAL) node 1: 2 slots of 4 of 4 primes, q 2^22.00, from the block pool: 0.27 GB per APU (1.07 per node) | pool free 0.98 GB per APU (the smallest), the product's need 0.16, margin 0.50 -> 8 planes (RNS_DIST_CACHE_PARTIAL_FORCE)
dist_mn node 0: 50331648 x 13421772 limbs over 2 x 4 ranks (cap 2^25): 3 x 1 pieces, 3 formed, 0 skipped (low product) (cache 2 slots of 4 primes, partial: 23 hits, 26 misses)
dist_mn node 1: 50331648 x 13421772 limbs over 2 x 4 ranks (cap 2^25): 3 x 1 pieces, 3 formed, 0 skipped (low product) (cache 2 slots of 4 primes, partial: 23 hits, 26 misses)
   transform cache (RNS_DIST_CACHE_PARTIAL) node 1: 2 slots of 4 of 4 primes, q 2^22.00, from the block pool: 0.27 GB per APU (1.07 per node) | pool free 1.01 GB per APU (the smallest), the product's need 0.14, margin 0.50 -> 8 planes (RNS_DIST_CACHE_PARTIAL_FORCE)
   transform cache (RNS_DIST_CACHE_PARTIAL) node 0: 2 slots of 4 of 4 primes, q 2^22.00, from the block pool: 0.27 GB per APU (1.07 per node) | pool free 0.88 GB per APU (the smallest), the product's need 0.12, margin 0.50 -> 8 planes (RNS_DIST_CACHE_PARTIAL_FORCE)
dist_mn node 0: 25165824 x 13421765 limbs over 2 x 4 ranks (cap 2^25): 1 x 2 pieces, 2 formed, 0 skipped (cache 2 slots of 4 primes, partial: 1 hits, 2 misses)
dist_mn node 1: 25165824 x 13421765 limbs over 2 x 4 ranks (cap 2^25): 1 x 2 pieces, 2 formed, 0 skipped (cache 2 slots of 4 primes, partial: 1 hits, 2 misses)
   transform cache (RNS_DIST_CACHE_PARTIAL) node 0: 2 slots of 4 of 4 primes, q 2^22.00, from the block pool: 0.27 GB per APU (1.07 per node) | pool free 0.91 GB per APU (the smallest), the product's need 0.11, margin 0.50 -> 8 planes (RNS_DIST_CACHE_PARTIAL_FORCE)
   transform cache (RNS_DIST_CACHE_PARTIAL) node 1: 2 slots of 4 of 4 primes, q 2^22.00, from the block pool: 0.27 GB per APU (1.07 per node) | pool free 1.05 GB per APU (the smallest), the product's need 0.12, margin 0.50 -> 8 planes (RNS_DIST_CACHE_PARTIAL_FORCE)
dist_mn node 0: 25165824 x 13421765 limbs over 2 x 4 ranks (cap 2^25): 1 x 2 pieces, 2 formed, 0 skipped (low product) (cache 2 slots of 4 primes, partial: 2 hits, 4 misses)
dist_mn node 1: 25165824 x 13421765 limbs over 2 x 4 ranks (cap 2^25): 1 x 2 pieces, 2 formed, 0 skipped (low product) (cache 2 slots of 4 primes, partial: 2 hits, 4 misses)
   transform cache (RNS_DIST_CACHE_PARTIAL) node 0: 2 slots of 4 of 4 primes, q 2^22.00, from the block pool: 0.27 GB per APU (1.07 per node) | pool free 0.89 GB per APU (the smallest), the product's need 0.16, margin 0.50 -> 8 planes (RNS_DIST_CACHE_PARTIAL_FORCE)
   transform cache (RNS_DIST_CACHE_PARTIAL) node 1: 2 slots of 4 of 4 primes, q 2^22.00, from the block pool: 0.27 GB per APU (1.07 per node) | pool free 1.02 GB per APU (the smallest), the product's need 0.16, margin 0.50 -> 8 planes (RNS_DIST_CACHE_PARTIAL_FORCE)
dist_mn node 0: 50331648 x 13421772 limbs over 2 x 4 ranks (cap 2^25): 3 x 1 pieces, 3 formed, 0 skipped (cache 2 slots of 4 primes, partial: 4 hits, 6 misses)
dist_mn node 1: 50331648 x 13421772 limbs over 2 x 4 ranks (cap 2^25): 3 x 1 pieces, 3 formed, 0 skipped (cache 2 slots of 4 primes, partial: 4 hits, 6 misses)
   transform cache (RNS_DIST_CACHE_PARTIAL) node 0: 2 slots of 4 of 4 primes, q 2^22.00, from the block pool: 0.27 GB per APU (1.07 per node) | pool free 0.87 GB per APU (the smallest), the product's need 0.15, margin 0.50 -> 8 planes (RNS_DIST_CACHE_PARTIAL_FORCE)
   transform cache (RNS_DIST_CACHE_PARTIAL) node 1: 2 slots of 4 of 4 primes, q 2^22.00, from the block pool: 0.27 GB per APU (1.07 per node) | pool free 0.94 GB per APU (the smallest), the product's need 0.15, margin 0.50 -> 8 planes (RNS_DIST_CACHE_PARTIAL_FORCE)
dist_mn node 0: 30198988 x 30198988 limbs over 2 x 4 ranks (cap 2^25): 2 x 2 pieces, 4 formed, 0 skipped (cache 2 slots of 4 primes, partial: 7 hits, 9 misses)
dist_mn node 1: 30198988 x 30198988 limbs over 2 x 4 ranks (cap 2^25): 2 x 2 pieces, 4 formed, 0 skipped (cache 2 slots of 4 primes, partial: 7 hits, 9 misses)
   subgroups 30198988 x 30198988: 2.07 s
   transform cache (RNS_DIST_CACHE_PARTIAL) node 0: 2 slots of 4 of 4 primes, q 2^22.00, from the block pool: 0.27 GB per APU (1.07 per node) | pool free 0.87 GB per APU (the smallest), the product's need 0.15, margin 0.50 -> 8 planes (RNS_DIST_CACHE_PARTIAL_FORCE)
   transform cache (RNS_DIST_CACHE_PARTIAL) node 1: 2 slots of 4 of 4 primes, q 2^22.00, from the block pool: 0.27 GB per APU (1.07 per node) | pool free 1.07 GB per APU (the smallest), the product's need 0.15, margin 0.50 -> 8 planes (RNS_DIST_CACHE_PARTIAL_FORCE)
dist_mn node 0: 30198988 x 30198988 limbs over 2 x 4 ranks (cap 2^25): 2 x 2 pieces, 4 formed, 0 skipped (cache 2 slots of 4 primes, partial: 10 hits, 12 misses)
dist_mn node 1: 30198988 x 30198988 limbs over 2 x 4 ranks (cap 2^25): 2 x 2 pieces, 4 formed, 0 skipped (cache 2 slots of 4 primes, partial: 10 hits, 12 misses)
   transform cache (RNS_DIST_CACHE_PARTIAL) node 0: 2 slots of 4 of 4 primes, q 2^22.00, from the block pool: 0.27 GB per APU (1.07 per node) | pool free 0.96 GB per APU (the smallest), the product's need 0.12, margin 0.50 -> 8 planes (RNS_DIST_CACHE_PARTIAL_FORCE)
   transform cache (RNS_DIST_CACHE_PARTIAL) node 1: 2 slots of 4 of 4 primes, q 2^22.00, from the block pool: 0.27 GB per APU (1.07 per node) | pool free 1.10 GB per APU (the smallest), the product's need 0.12, margin 0.50 -> 8 planes (RNS_DIST_CACHE_PARTIAL_FORCE)
dist_mn node 0: 30198988 x 30198988 limbs over 2 x 4 ranks (cap 2^25): 2 x 2 pieces, 4 formed, 0 skipped (low product) (cache 2 slots of 4 primes, partial: 13 hits, 15 misses)
dist_mn node 1: 30198988 x 30198988 limbs over 2 x 4 ranks (cap 2^25): 2 x 2 pieces, 4 formed, 0 skipped (low product) (cache 2 slots of 4 primes, partial: 13 hits, 15 misses)
   transform cache (RNS_DIST_CACHE_PARTIAL) node 0: 2 slots of 4 of 4 primes, q 2^22.00, from the block pool: 0.27 GB per APU (1.07 per node) | pool free 0.98 GB per APU (the smallest), the product's need 0.15, margin 0.50 -> 8 planes (RNS_DIST_CACHE_PARTIAL_FORCE)
   transform cache (RNS_DIST_CACHE_PARTIAL) node 1: 2 slots of 4 of 4 primes, q 2^22.00, from the block pool: 0.27 GB per APU (1.07 per node) | pool free 1.11 GB per APU (the smallest), the product's need 0.15, margin 0.50 -> 8 planes (RNS_DIST_CACHE_PARTIAL_FORCE)
dist_mn node 0: 30198988 x 30198988 limbs over 2 x 4 ranks (cap 2^25): 2 x 2 pieces, 4 formed, 0 skipped (low product) (cache 2 slots of 4 primes, partial: 16 hits, 18 misses)
dist_mn node 1: 30198988 x 30198988 limbs over 2 x 4 ranks (cap 2^25): 2 x 2 pieces, 4 formed, 0 skipped (low product) (cache 2 slots of 4 primes, partial: 16 hits, 18 misses)
   transform cache (RNS_DIST_CACHE_PARTIAL) node 0: 2 slots of 4 of 4 primes, q 2^22.00, from the block pool: 0.27 GB per APU (1.07 per node) | pool free 0.93 GB per APU (the smallest), the product's need 0.15, margin 0.50 -> 8 planes (RNS_DIST_CACHE_PARTIAL_FORCE)
   transform cache (RNS_DIST_CACHE_PARTIAL) node 1: 2 slots of 4 of 4 primes, q 2^22.00, from the block pool: 0.27 GB per APU (1.07 per node) | pool free 1.07 GB per APU (the smallest), the product's need 0.15, margin 0.50 -> 8 planes (RNS_DIST_CACHE_PARTIAL_FORCE)
dist_mn node 0: 30198988 x 30198988 limbs over 2 x 4 ranks (cap 2^25): 2 x 2 pieces, 3 formed, 1 skipped (low cut) (cache 2 slots of 4 primes, partial: 17 hits, 21 misses)
dist_mn node 1: 30198988 x 30198988 limbs over 2 x 4 ranks (cap 2^25): 2 x 2 pieces, 3 formed, 1 skipped (low cut) (cache 2 slots of 4 primes, partial: 17 hits, 21 misses)
   transform cache (RNS_DIST_CACHE_PARTIAL) node 0: 2 slots of 4 of 4 primes, q 2^22.00, from the block pool: 0.27 GB per APU (1.07 per node) | pool free 0.93 GB per APU (the smallest), the product's need 0.15, margin 0.50 -> 8 planes (RNS_DIST_CACHE_PARTIAL_FORCE)
   transform cache (RNS_DIST_CACHE_PARTIAL) node 1: 2 slots of 4 of 4 primes, q 2^22.00, from the block pool: 0.27 GB per APU (1.07 per node) | pool free 1.07 GB per APU (the smallest), the product's need 0.15, margin 0.50 -> 8 planes (RNS_DIST_CACHE_PARTIAL_FORCE)
dist_mn node 0: 30198988 x 30198988 limbs over 2 x 4 ranks (cap 2^25): 2 x 2 pieces, 3 formed, 1 skipped (low product) (low cut) (cache 2 slots of 4 primes, partial: 18 hits, 24 misses)
dist_mn node 1: 30198988 x 30198988 limbs over 2 x 4 ranks (cap 2^25): 2 x 2 pieces, 3 formed, 1 skipped (low product) (low cut) (cache 2 slots of 4 primes, partial: 18 hits, 24 misses)
   transform cache (RNS_DIST_CACHE_PARTIAL) node 1: 2 slots of 4 of 4 primes, q 2^22.00, from the block pool: 0.27 GB per APU (1.07 per node) | pool free 1.07 GB per APU (the smallest), the product's need 0.15, margin 0.50 -> 8 planes (RNS_DIST_CACHE_PARTIAL_FORCE)
   transform cache (RNS_DIST_CACHE_PARTIAL) node 0: 2 slots of 4 of 4 primes, q 2^22.00, from the block pool: 0.27 GB per APU (1.07 per node) | pool free 0.93 GB per APU (the smallest), the product's need 0.15, margin 0.50 -> 8 planes (RNS_DIST_CACHE_PARTIAL_FORCE)
dist_mn node 0: 30198988 x 30198988 limbs over 2 x 4 ranks (cap 2^25): 2 x 2 pieces, 4 formed, 0 skipped (low cut) (cache 2 slots of 4 primes, partial: 21 hits, 27 misses)
dist_mn node 1: 30198988 x 30198988 limbs over 2 x 4 ranks (cap 2^25): 2 x 2 pieces, 4 formed, 0 skipped (low cut) (cache 2 slots of 4 primes, partial: 21 hits, 27 misses)
   transform cache (RNS_DIST_CACHE_PARTIAL) node 1: 2 slots of 4 of 4 primes, q 2^22.00, from the block pool: 0.27 GB per APU (1.07 per node) | pool free 1.07 GB per APU (the smallest), the product's need 0.15, margin 0.50 -> 8 planes (RNS_DIST_CACHE_PARTIAL_FORCE)
   transform cache (RNS_DIST_CACHE_PARTIAL) node 0: 2 slots of 4 of 4 primes, q 2^22.00, from the block pool: 0.27 GB per APU (1.07 per node) | pool free 0.93 GB per APU (the smallest), the product's need 0.15, margin 0.50 -> 8 planes (RNS_DIST_CACHE_PARTIAL_FORCE)
dist_mn node 0: 30198988 x 30198988 limbs over 2 x 4 ranks (cap 2^25): 2 x 2 pieces, 4 formed, 0 skipped (low product) (low cut) (cache 2 slots of 4 primes, partial: 24 hits, 30 misses)
dist_mn node 1: 30198988 x 30198988 limbs over 2 x 4 ranks (cap 2^25): 2 x 2 pieces, 4 formed, 0 skipped (low product) (low cut) (cache 2 slots of 4 primes, partial: 24 hits, 30 misses)
   transform cache (RNS_DIST_CACHE_PARTIAL) node 0: 2 slots of 4 of 4 primes, q 2^22.00, from the block pool: 0.27 GB per APU (1.07 per node) | pool free 0.93 GB per APU (the smallest), the product's need 0.15, margin 0.50 -> 8 planes (RNS_DIST_CACHE_PARTIAL_FORCE)
   transform cache (RNS_DIST_CACHE_PARTIAL) node 1: 2 slots of 4 of 4 primes, q 2^22.00, from the block pool: 0.27 GB per APU (1.07 per node) | pool free 1.07 GB per APU (the smallest), the product's need 0.15, margin 0.50 -> 8 planes (RNS_DIST_CACHE_PARTIAL_FORCE)
dist_mn node 0: 30198988 x 30198988 limbs over 2 x 4 ranks (cap 2^25): 2 x 2 pieces, 0 formed, 4 skipped (low cut) (cache 2 slots of 4 primes, partial: 24 hits, 30 misses)
dist_mn node 1: 30198988 x 30198988 limbs over 2 x 4 ranks (cap 2^25): 2 x 2 pieces, 0 formed, 4 skipped (low cut) (cache 2 slots of 4 primes, partial: 24 hits, 30 misses)
   transform cache (RNS_DIST_CACHE_PARTIAL) node 1: 2 slots of 4 of 4 primes, q 2^22.00, from the block pool: 0.27 GB per APU (1.07 per node) | pool free 1.07 GB per APU (the smallest), the product's need 0.15, margin 0.50 -> 8 planes (RNS_DIST_CACHE_PARTIAL_FORCE)
   transform cache (RNS_DIST_CACHE_PARTIAL) node 0: 2 slots of 4 of 4 primes, q 2^22.00, from the block pool: 0.27 GB per APU (1.07 per node) | pool free 0.93 GB per APU (the smallest), the product's need 0.15, margin 0.50 -> 8 planes (RNS_DIST_CACHE_PARTIAL_FORCE)
dist_mn node 0: 30198988 x 30198988 limbs over 2 x 4 ranks (cap 2^25): 2 x 2 pieces, 0 formed, 4 skipped (low product) (low cut) (cache 2 slots of 4 primes, partial: 24 hits, 30 misses)
dist_mn node 1: 30198988 x 30198988 limbs over 2 x 4 ranks (cap 2^25): 2 x 2 pieces, 0 formed, 4 skipped (low product) (low cut) (cache 2 slots of 4 primes, partial: 24 hits, 30 misses)
   transform cache (RNS_DIST_CACHE_PARTIAL) node 0: 2 slots of 4 of 4 primes, q 2^22.00, from the block pool: 0.27 GB per APU (1.07 per node) | pool free 0.93 GB per APU (the smallest), the product's need 0.15, margin 0.50 -> 8 planes (RNS_DIST_CACHE_PARTIAL_FORCE)
   transform cache (RNS_DIST_CACHE_PARTIAL) node 1: 2 slots of 4 of 4 primes, q 2^22.00, from the block pool: 0.27 GB per APU (1.07 per node) | pool free 1.07 GB per APU (the smallest), the product's need 0.15, margin 0.50 -> 8 planes (RNS_DIST_CACHE_PARTIAL_FORCE)
dist_mn node 0: 30198988 x 30198988 limbs over 2 x 4 ranks (cap 2^25): 2 x 2 pieces, 4 formed, 0 skipped (cache 2 slots of 4 primes, partial: 27 hits, 33 misses)
dist_mn node 1: 30198988 x 30198988 limbs over 2 x 4 ranks (cap 2^25): 2 x 2 pieces, 4 formed, 0 skipped (cache 2 slots of 4 primes, partial: 27 hits, 33 misses)
   transform cache (RNS_DIST_CACHE_PARTIAL) node 0: 2 slots of 4 of 4 primes, q 2^22.00, from the block pool: 0.27 GB per APU (1.07 per node) | pool free 0.93 GB per APU (the smallest), the product's need 0.15, margin 0.50 -> 8 planes (RNS_DIST_CACHE_PARTIAL_FORCE)
   transform cache (RNS_DIST_CACHE_PARTIAL) node 1: 2 slots of 4 of 4 primes, q 2^22.00, from the block pool: 0.27 GB per APU (1.07 per node) | pool free 1.07 GB per APU (the smallest), the product's need 0.15, margin 0.50 -> 8 planes (RNS_DIST_CACHE_PARTIAL_FORCE)
dist_mn node 0: 30198988 x 30198988 limbs over 2 x 4 ranks (cap 2^25): 2 x 2 pieces, 4 formed, 0 skipped (low product) (cache 2 slots of 4 primes, partial: 30 hits, 36 misses)
dist_mn node 1: 30198988 x 30198988 limbs over 2 x 4 ranks (cap 2^25): 2 x 2 pieces, 4 formed, 0 skipped (low product) (cache 2 slots of 4 primes, partial: 30 hits, 36 misses)
   transform cache (RNS_DIST_CACHE_PARTIAL) node 0: 2 slots of 4 of 4 primes, q 2^22.00, from the block pool: 0.27 GB per APU (1.07 per node) | pool free 0.95 GB per APU (the smallest), the product's need 0.14, margin 0.50 -> 8 planes (RNS_DIST_CACHE_PARTIAL_FORCE)
   transform cache (RNS_DIST_CACHE_PARTIAL) node 1: 2 slots of 4 of 4 primes, q 2^22.00, from the block pool: 0.27 GB per APU (1.07 per node) | pool free 1.08 GB per APU (the smallest), the product's need 0.14, margin 0.50 -> 8 planes (RNS_DIST_CACHE_PARTIAL_FORCE)
dist_mn node 0: 15099494 x 30198981 limbs over 2 x 4 ranks (cap 2^25): 1 x 2 pieces, 2 formed, 0 skipped (cache 2 slots of 4 primes, partial: 1 hits, 2 misses)
dist_mn node 1: 15099494 x 30198981 limbs over 2 x 4 ranks (cap 2^25): 1 x 2 pieces, 2 formed, 0 skipped (cache 2 slots of 4 primes, partial: 1 hits, 2 misses)
   transform cache (RNS_DIST_CACHE_PARTIAL) node 0: 2 slots of 4 of 4 primes, q 2^22.00, from the block pool: 0.27 GB per APU (1.07 per node) | pool free 1.00 GB per APU (the smallest), the product's need 0.11, margin 0.50 -> 8 planes (RNS_DIST_CACHE_PARTIAL_FORCE)
   transform cache (RNS_DIST_CACHE_PARTIAL) node 1: 2 slots of 4 of 4 primes, q 2^22.00, from the block pool: 0.27 GB per APU (1.07 per node) | pool free 1.13 GB per APU (the smallest), the product's need 0.11, margin 0.50 -> 8 planes (RNS_DIST_CACHE_PARTIAL_FORCE)
dist_mn node 0: 15099494 x 30198981 limbs over 2 x 4 ranks (cap 2^25): 1 x 2 pieces, 2 formed, 0 skipped (low product) (cache 2 slots of 4 primes, partial: 2 hits, 4 misses)
dist_mn node 1: 15099494 x 30198981 limbs over 2 x 4 ranks (cap 2^25): 1 x 2 pieces, 2 formed, 0 skipped (low product) (cache 2 slots of 4 primes, partial: 2 hits, 4 misses)
   transform cache (RNS_DIST_CACHE_PARTIAL) node 0: 2 slots of 4 of 4 primes, q 2^22.00, from the block pool: 0.27 GB per APU (1.07 per node) | pool free 0.98 GB per APU (the smallest), the product's need 0.15, margin 0.50 -> 8 planes (RNS_DIST_CACHE_PARTIAL_FORCE)
   transform cache (RNS_DIST_CACHE_PARTIAL) node 1: 2 slots of 4 of 4 primes, q 2^22.00, from the block pool: 0.27 GB per APU (1.07 per node) | pool free 1.11 GB per APU (the smallest), the product's need 0.15, margin 0.50 -> 8 planes (RNS_DIST_CACHE_PARTIAL_FORCE)
dist_mn node 0: 30198988 x 30198988 limbs over 2 x 4 ranks (cap 2^25): 2 x 2 pieces, 4 formed, 0 skipped (cache 2 slots of 4 primes, partial: 5 hits, 7 misses)
dist_mn node 1: 30198988 x 30198988 limbs over 2 x 4 ranks (cap 2^25): 2 x 2 pieces, 4 formed, 0 skipped (cache 2 slots of 4 primes, partial: 5 hits, 7 misses)
   transform cache (RNS_DIST_CACHE_PARTIAL) node 0: 2 slots of 4 of 4 primes, q 2^22.00, from the block pool: 0.27 GB per APU (1.07 per node) | pool free 0.93 GB per APU (the smallest), the product's need 0.15, margin 0.50 -> 8 planes (RNS_DIST_CACHE_PARTIAL_FORCE)
   transform cache (RNS_DIST_CACHE_PARTIAL) node 1: 2 slots of 4 of 4 primes, q 2^22.00, from the block pool: 0.27 GB per APU (1.07 per node) | pool free 1.07 GB per APU (the smallest), the product's need 0.15, margin 0.50 -> 8 planes (RNS_DIST_CACHE_PARTIAL_FORCE)
dist_mn node 0: 30198988 x 30198988 limbs over 2 x 4 ranks (cap 2^25): 2 x 2 pieces, 4 formed, 0 skipped (cache 2 slots of 4 primes, partial: 8 hits, 10 misses)
dist_mn node 1: 30198988 x 30198988 limbs over 2 x 4 ranks (cap 2^25): 2 x 2 pieces, 4 formed, 0 skipped (cache 2 slots of 4 primes, partial: 8 hits, 10 misses)
   transform cache (RNS_DIST_CACHE_PARTIAL) node 0: 2 slots of 4 of 4 primes, q 2^22.00, from the block pool: 0.27 GB per APU (1.07 per node) | pool free 0.93 GB per APU (the smallest), the product's need 0.15, margin 0.50 -> 8 planes (RNS_DIST_CACHE_PARTIAL_FORCE)
   transform cache (RNS_DIST_CACHE_PARTIAL) node 1: 2 slots of 4 of 4 primes, q 2^22.00, from the block pool: 0.27 GB per APU (1.07 per node) | pool free 1.07 GB per APU (the smallest), the product's need 0.15, margin 0.50 -> 8 planes (RNS_DIST_CACHE_PARTIAL_FORCE)
dist_mn node 0: 30198988 x 30198988 limbs over 2 x 4 ranks (cap 2^25): 2 x 2 pieces, 4 formed, 0 skipped (cache 2 slots of 4 primes, partial: 11 hits, 13 misses)
dist_mn node 1: 30198988 x 30198988 limbs over 2 x 4 ranks (cap 2^25): 2 x 2 pieces, 4 formed, 0 skipped (cache 2 slots of 4 primes, partial: 11 hits, 13 misses)
   transform cache (RNS_DIST_CACHE_PARTIAL) node 0: 2 slots of 4 of 4 primes, q 2^22.00, from the block pool: 0.27 GB per APU (1.07 per node) | pool free 0.96 GB per APU (the smallest), the product's need 0.12, margin 0.50 -> 8 planes (RNS_DIST_CACHE_PARTIAL_FORCE)
   transform cache (RNS_DIST_CACHE_PARTIAL) node 1: 2 slots of 4 of 4 primes, q 2^22.00, from the block pool: 0.27 GB per APU (1.07 per node) | pool free 1.10 GB per APU (the smallest), the product's need 0.12, margin 0.50 -> 8 planes (RNS_DIST_CACHE_PARTIAL_FORCE)
dist_mn node 0: 30198988 x 30198988 limbs over 2 x 4 ranks (cap 2^25): 2 x 2 pieces, 4 formed, 0 skipped (low product) (cache 2 slots of 4 primes, partial: 14 hits, 16 misses)
dist_mn node 1: 30198988 x 30198988 limbs over 2 x 4 ranks (cap 2^25): 2 x 2 pieces, 4 formed, 0 skipped (low product) (cache 2 slots of 4 primes, partial: 14 hits, 16 misses)
   transform cache (RNS_DIST_CACHE_PARTIAL) node 1: 2 slots of 4 of 4 primes, q 2^22.00, from the block pool: 0.27 GB per APU (1.07 per node) | pool free 1.11 GB per APU (the smallest), the product's need 0.15, margin 0.50 -> 8 planes (RNS_DIST_CACHE_PARTIAL_FORCE)
   transform cache (RNS_DIST_CACHE_PARTIAL) node 0: 2 slots of 4 of 4 primes, q 2^22.00, from the block pool: 0.27 GB per APU (1.07 per node) | pool free 0.98 GB per APU (the smallest), the product's need 0.15, margin 0.50 -> 8 planes (RNS_DIST_CACHE_PARTIAL_FORCE)
dist_mn node 0: 30198988 x 30198988 limbs over 2 x 4 ranks (cap 2^25): 2 x 2 pieces, 4 formed, 0 skipped (low product) (cache 2 slots of 4 primes, partial: 17 hits, 19 misses)
dist_mn node 1: 30198988 x 30198988 limbs over 2 x 4 ranks (cap 2^25): 2 x 2 pieces, 4 formed, 0 skipped (low product) (cache 2 slots of 4 primes, partial: 17 hits, 19 misses)
   transform cache (RNS_DIST_CACHE_PARTIAL) node 0: 2 slots of 4 of 4 primes, q 2^22.00, from the block pool: 0.27 GB per APU (1.07 per node) | pool free 0.93 GB per APU (the smallest), the product's need 0.15, margin 0.50 -> 8 planes (RNS_DIST_CACHE_PARTIAL_FORCE)
   transform cache (RNS_DIST_CACHE_PARTIAL) node 1: 2 slots of 4 of 4 primes, q 2^22.00, from the block pool: 0.27 GB per APU (1.07 per node) | pool free 1.07 GB per APU (the smallest), the product's need 0.15, margin 0.50 -> 8 planes (RNS_DIST_CACHE_PARTIAL_FORCE)
dist_mn node 0: 30198988 x 30198988 limbs over 2 x 4 ranks (cap 2^25): 2 x 2 pieces, 3 formed, 1 skipped (low cut) (cache 2 slots of 4 primes, partial: 18 hits, 22 misses)
dist_mn node 1: 30198988 x 30198988 limbs over 2 x 4 ranks (cap 2^25): 2 x 2 pieces, 3 formed, 1 skipped (low cut) (cache 2 slots of 4 primes, partial: 18 hits, 22 misses)
   transform cache (RNS_DIST_CACHE_PARTIAL) node 1: 2 slots of 4 of 4 primes, q 2^22.00, from the block pool: 0.27 GB per APU (1.07 per node) | pool free 1.07 GB per APU (the smallest), the product's need 0.15, margin 0.50 -> 8 planes (RNS_DIST_CACHE_PARTIAL_FORCE)
   transform cache (RNS_DIST_CACHE_PARTIAL) node 0: 2 slots of 4 of 4 primes, q 2^22.00, from the block pool: 0.27 GB per APU (1.07 per node) | pool free 0.93 GB per APU (the smallest), the product's need 0.15, margin 0.50 -> 8 planes (RNS_DIST_CACHE_PARTIAL_FORCE)
dist_mn node 0: 30198988 x 30198988 limbs over 2 x 4 ranks (cap 2^25): 2 x 2 pieces, 3 formed, 1 skipped (low product) (low cut) (cache 2 slots of 4 primes, partial: 19 hits, 25 misses)
dist_mn node 1: 30198988 x 30198988 limbs over 2 x 4 ranks (cap 2^25): 2 x 2 pieces, 3 formed, 1 skipped (low product) (low cut) (cache 2 slots of 4 primes, partial: 19 hits, 25 misses)
   transform cache (RNS_DIST_CACHE_PARTIAL) node 0: 2 slots of 4 of 4 primes, q 2^22.00, from the block pool: 0.27 GB per APU (1.07 per node) | pool free 0.93 GB per APU (the smallest), the product's need 0.15, margin 0.50 -> 8 planes (RNS_DIST_CACHE_PARTIAL_FORCE)
   transform cache (RNS_DIST_CACHE_PARTIAL) node 1: 2 slots of 4 of 4 primes, q 2^22.00, from the block pool: 0.27 GB per APU (1.07 per node) | pool free 1.07 GB per APU (the smallest), the product's need 0.15, margin 0.50 -> 8 planes (RNS_DIST_CACHE_PARTIAL_FORCE)
dist_mn node 0: 30198988 x 30198988 limbs over 2 x 4 ranks (cap 2^25): 2 x 2 pieces, 4 formed, 0 skipped (low cut) (cache 2 slots of 4 primes, partial: 22 hits, 28 misses)
dist_mn node 1: 30198988 x 30198988 limbs over 2 x 4 ranks (cap 2^25): 2 x 2 pieces, 4 formed, 0 skipped (low cut) (cache 2 slots of 4 primes, partial: 22 hits, 28 misses)
   transform cache (RNS_DIST_CACHE_PARTIAL) node 0: 2 slots of 4 of 4 primes, q 2^22.00, from the block pool: 0.27 GB per APU (1.07 per node) | pool free 0.93 GB per APU (the smallest), the product's need 0.15, margin 0.50 -> 8 planes (RNS_DIST_CACHE_PARTIAL_FORCE)
   transform cache (RNS_DIST_CACHE_PARTIAL) node 1: 2 slots of 4 of 4 primes, q 2^22.00, from the block pool: 0.27 GB per APU (1.07 per node) | pool free 1.07 GB per APU (the smallest), the product's need 0.15, margin 0.50 -> 8 planes (RNS_DIST_CACHE_PARTIAL_FORCE)
dist_mn node 0: 30198988 x 30198988 limbs over 2 x 4 ranks (cap 2^25): 2 x 2 pieces, 4 formed, 0 skipped (low product) (low cut) (cache 2 slots of 4 primes, partial: 25 hits, 31 misses)
dist_mn node 1: 30198988 x 30198988 limbs over 2 x 4 ranks (cap 2^25): 2 x 2 pieces, 4 formed, 0 skipped (low product) (low cut) (cache 2 slots of 4 primes, partial: 25 hits, 31 misses)
   transform cache (RNS_DIST_CACHE_PARTIAL) node 0: 2 slots of 4 of 4 primes, q 2^22.00, from the block pool: 0.27 GB per APU (1.07 per node) | pool free 0.93 GB per APU (the smallest), the product's need 0.15, margin 0.50 -> 8 planes (RNS_DIST_CACHE_PARTIAL_FORCE)
   transform cache (RNS_DIST_CACHE_PARTIAL) node 1: 2 slots of 4 of 4 primes, q 2^22.00, from the block pool: 0.27 GB per APU (1.07 per node) | pool free 1.07 GB per APU (the smallest), the product's need 0.15, margin 0.50 -> 8 planes (RNS_DIST_CACHE_PARTIAL_FORCE)
dist_mn node 0: 30198988 x 30198988 limbs over 2 x 4 ranks (cap 2^25): 2 x 2 pieces, 0 formed, 4 skipped (low cut) (cache 2 slots of 4 primes, partial: 25 hits, 31 misses)
dist_mn node 1: 30198988 x 30198988 limbs over 2 x 4 ranks (cap 2^25): 2 x 2 pieces, 0 formed, 4 skipped (low cut) (cache 2 slots of 4 primes, partial: 25 hits, 31 misses)
   transform cache (RNS_DIST_CACHE_PARTIAL) node 0: 2 slots of 4 of 4 primes, q 2^22.00, from the block pool: 0.27 GB per APU (1.07 per node) | pool free 0.93 GB per APU (the smallest), the product's need 0.15, margin 0.50 -> 8 planes (RNS_DIST_CACHE_PARTIAL_FORCE)
   transform cache (RNS_DIST_CACHE_PARTIAL) node 1: 2 slots of 4 of 4 primes, q 2^22.00, from the block pool: 0.27 GB per APU (1.07 per node) | pool free 1.07 GB per APU (the smallest), the product's need 0.15, margin 0.50 -> 8 planes (RNS_DIST_CACHE_PARTIAL_FORCE)
dist_mn node 0: 30198988 x 30198988 limbs over 2 x 4 ranks (cap 2^25): 2 x 2 pieces, 0 formed, 4 skipped (low product) (low cut) (cache 2 slots of 4 primes, partial: 25 hits, 31 misses)
dist_mn node 1: 30198988 x 30198988 limbs over 2 x 4 ranks (cap 2^25): 2 x 2 pieces, 0 formed, 4 skipped (low product) (low cut) (cache 2 slots of 4 primes, partial: 25 hits, 31 misses)
   transform cache (RNS_DIST_CACHE_PARTIAL) node 0: 2 slots of 4 of 4 primes, q 2^22.00, from the block pool: 0.27 GB per APU (1.07 per node) | pool free 0.93 GB per APU (the smallest), the product's need 0.15, margin 0.50 -> 8 planes (RNS_DIST_CACHE_PARTIAL_FORCE)
   transform cache (RNS_DIST_CACHE_PARTIAL) node 1: 2 slots of 4 of 4 primes, q 2^22.00, from the block pool: 0.27 GB per APU (1.07 per node) | pool free 1.07 GB per APU (the smallest), the product's need 0.15, margin 0.50 -> 8 planes (RNS_DIST_CACHE_PARTIAL_FORCE)
dist_mn node 0: 30198988 x 30198988 limbs over 2 x 4 ranks (cap 2^25): 2 x 2 pieces, 4 formed, 0 skipped (cache 2 slots of 4 primes, partial: 28 hits, 34 misses)
dist_mn node 1: 30198988 x 30198988 limbs over 2 x 4 ranks (cap 2^25): 2 x 2 pieces, 4 formed, 0 skipped (cache 2 slots of 4 primes, partial: 28 hits, 34 misses)
   transform cache (RNS_DIST_CACHE_PARTIAL) node 0: 2 slots of 4 of 4 primes, q 2^22.00, from the block pool: 0.27 GB per APU (1.07 per node) | pool free 0.93 GB per APU (the smallest), the product's need 0.15, margin 0.50 -> 8 planes (RNS_DIST_CACHE_PARTIAL_FORCE)
   transform cache (RNS_DIST_CACHE_PARTIAL) node 1: 2 slots of 4 of 4 primes, q 2^22.00, from the block pool: 0.27 GB per APU (1.07 per node) | pool free 1.07 GB per APU (the smallest), the product's need 0.15, margin 0.50 -> 8 planes (RNS_DIST_CACHE_PARTIAL_FORCE)
dist_mn node 0: 30198988 x 30198988 limbs over 2 x 4 ranks (cap 2^25): 2 x 2 pieces, 4 formed, 0 skipped (low product) (cache 2 slots of 4 primes, partial: 31 hits, 37 misses)
dist_mn node 1: 30198988 x 30198988 limbs over 2 x 4 ranks (cap 2^25): 2 x 2 pieces, 4 formed, 0 skipped (low product) (cache 2 slots of 4 primes, partial: 31 hits, 37 misses)
   transform cache (RNS_DIST_CACHE_PARTIAL) node 0: 2 slots of 4 of 4 primes, q 2^22.00, from the block pool: 0.27 GB per APU (1.07 per node) | pool free 0.95 GB per APU (the smallest), the product's need 0.14, margin 0.50 -> 8 planes (RNS_DIST_CACHE_PARTIAL_FORCE)
   transform cache (RNS_DIST_CACHE_PARTIAL) node 1: 2 slots of 4 of 4 primes, q 2^22.00, from the block pool: 0.27 GB per APU (1.07 per node) | pool free 1.08 GB per APU (the smallest), the product's need 0.14, margin 0.50 -> 8 planes (RNS_DIST_CACHE_PARTIAL_FORCE)
dist_mn node 0: 15099494 x 30198981 limbs over 2 x 4 ranks (cap 2^25): 1 x 2 pieces, 2 formed, 0 skipped (cache 2 slots of 4 primes, partial: 1 hits, 2 misses)
dist_mn node 1: 15099494 x 30198981 limbs over 2 x 4 ranks (cap 2^25): 1 x 2 pieces, 2 formed, 0 skipped (cache 2 slots of 4 primes, partial: 1 hits, 2 misses)
   transform cache (RNS_DIST_CACHE_PARTIAL) node 0: 2 slots of 4 of 4 primes, q 2^22.00, from the block pool: 0.27 GB per APU (1.07 per node) | pool free 1.00 GB per APU (the smallest), the product's need 0.11, margin 0.50 -> 8 planes (RNS_DIST_CACHE_PARTIAL_FORCE)
   transform cache (RNS_DIST_CACHE_PARTIAL) node 1: 2 slots of 4 of 4 primes, q 2^22.00, from the block pool: 0.27 GB per APU (1.07 per node) | pool free 1.13 GB per APU (the smallest), the product's need 0.11, margin 0.50 -> 8 planes (RNS_DIST_CACHE_PARTIAL_FORCE)
dist_mn node 0: 15099494 x 30198981 limbs over 2 x 4 ranks (cap 2^25): 1 x 2 pieces, 2 formed, 0 skipped (low product) (cache 2 slots of 4 primes, partial: 2 hits, 4 misses)
dist_mn node 1: 15099494 x 30198981 limbs over 2 x 4 ranks (cap 2^25): 1 x 2 pieces, 2 formed, 0 skipped (low product) (cache 2 slots of 4 primes, partial: 2 hits, 4 misses)
   transform cache (RNS_DIST_CACHE_PARTIAL) node 0: 2 slots of 4 of 4 primes, q 2^22.00, from the block pool: 0.27 GB per APU (1.07 per node) | pool free 0.98 GB per APU (the smallest), the product's need 0.15, margin 0.50 -> 8 planes (RNS_DIST_CACHE_PARTIAL_FORCE)
   transform cache (RNS_DIST_CACHE_PARTIAL) node 1: 2 slots of 4 of 4 primes, q 2^22.00, from the block pool: 0.27 GB per APU (1.07 per node) | pool free 1.11 GB per APU (the smallest), the product's need 0.15, margin 0.50 -> 8 planes (RNS_DIST_CACHE_PARTIAL_FORCE)
dist_mn node 0: 30198988 x 30198988 limbs over 2 x 4 ranks (cap 2^25): 2 x 2 pieces, 4 formed, 0 skipped (cache 2 slots of 4 primes, partial: 5 hits, 7 misses)
dist_mn node 1: 30198988 x 30198988 limbs over 2 x 4 ranks (cap 2^25): 2 x 2 pieces, 4 formed, 0 skipped (cache 2 slots of 4 primes, partial: 5 hits, 7 misses)

t_mn_grid: VERIFY OK (200 checks)

t_mn_grid: VERIFY OK (200 checks)
