META limb_base=10^18
META bench=t_mn_grid host=ppac-pl1-s24-16 date=2026-09-28T17:58:58
META limb_base=10^18
META bench=t_mn_grid host=ppac-pl1-s24-16 date=2026-09-28T17:58:58
rns_init: primes per product (ECALC_NP=auto): three (c 2^44 + 1, c = 240, 216, 207), four for a distributed product over 23488102 terms (ECALC_NP_AUTO_TERMS, a test bound); plane pool 0 for 4 primes
rns_init: primes per product (ECALC_NP=auto): three (c 2^44 + 1, c = 240, 216, 207), four for a distributed product over 23488102 terms (ECALC_NP_AUTO_TERMS, a test bound); plane pool 0 for 4 primes
rns_init: APU3 staging 2.0 GiB touch 0.04 s register 0.18 s, 48 cpus; device open 0.00 s, contexts 0.83 s, stream+staging 0.24 s
rns_init: APU1 staging 2.0 GiB touch 0.05 s register 0.18 s, 48 cpus; device open 0.00 s, contexts 0.85 s, stream+staging 0.24 s
rns_init: APU0 staging 2.0 GiB touch 0.05 s register 0.16 s, 48 cpus; device open 0.00 s, contexts 1.20 s, stream+staging 0.22 s
rns_init: APU3 staging 2.0 GiB touch 0.08 s register 0.24 s, 48 cpus; device open 0.00 s, contexts 1.20 s, stream+staging 0.34 s
rns_init: APU2 staging 2.0 GiB touch 0.05 s register 0.17 s, 48 cpus; device open 0.00 s, contexts 1.27 s, stream+staging 0.39 s
rns_init: APU0 staging 2.0 GiB touch 0.10 s register 0.30 s, 48 cpus; device open 0.00 s, contexts 1.26 s, stream+staging 0.42 s
rns_init: APU1 staging 2.0 GiB touch 0.05 s register 0.18 s, 48 cpus; device open 0.00 s, contexts 1.49 s, stream+staging 0.41 s
rns_init: APU2 staging 2.0 GiB touch 0.07 s register 0.18 s, 48 cpus; device open 0.00 s, contexts 1.71 s, stream+staging 0.27 s
rns_init: plane pools per APU 2.00 + 2.00 GiB (hipmalloc), staging 2.00 GiB, tables 0.306 GB; staging+contexts 1.92 s, pools 0.97 s, peer access 0.02 s
rns_init: plane pools per APU 2.00 + 2.00 GiB (hipmalloc), staging 2.00 GiB, tables 0.308 GB; staging+contexts 2.00 s, pools 1.09 s, peer access 0.02 s
mn: node 0 of 2, four meshes of 2 ranks on ppac-pl1-s24-16,ppac-pl1-s24-16 (port base 24634): connected in 0.00 s
mn: node 0: level 1 group [0, 2) (transform nodes 2): meshes connected in 0.00 s
t_mn_grid: node 0 of 2, group [0, 2) (2 x 4 ranks), plane cap 2^25, unit 33554432 limbs
mn: node 1 of 2, four meshes of 2 ranks on ppac-pl1-s24-16,ppac-pl1-s24-16 (port base 24634): connected in 0.20 s
mn: node 1: level 1 group [0, 2) (transform nodes 2): meshes connected in 0.00 s
t_mn_grid: node 1 of 2, group [0, 2) (2 x 4 ranks), plane cap 2^25, unit 33554432 limbs
dbig pool: APU0 hipMalloc 0.01 GB inside the phase (free 0.00 GB in 0 extents, largest 0.00; live 0.00 GB in 0 blocks)
dbig pool: APU0 hipMalloc 0.01 GB inside the phase (free 0.00 GB in 0 extents, largest 0.00; live 0.00 GB in 0 blocks)
dbig pool: APU1 hipMalloc 0.01 GB inside the phase (free 0.00 GB in 0 extents, largest 0.00; live 0.00 GB in 1 blocks)
dbig pool: APU1 hipMalloc 0.01 GB inside the phase (free 0.00 GB in 0 extents, largest 0.00; live 0.00 GB in 1 blocks)
dbig pool: APU2 hipMalloc 0.01 GB inside the phase (free 0.00 GB in 0 extents, largest 0.00; live 0.00 GB in 2 blocks)
dbig pool: APU2 hipMalloc 0.01 GB inside the phase (free 0.00 GB in 0 extents, largest 0.00; live 0.00 GB in 2 blocks)
dbig pool: APU3 hipMalloc 0.01 GB inside the phase (free 0.00 GB in 0 extents, largest 0.00; live 0.00 GB in 3 blocks)
dbig pool: APU3 hipMalloc 0.01 GB inside the phase (free 0.00 GB in 0 extents, largest 0.00; live 0.00 GB in 3 blocks)
dbig pool: APU0 hipMalloc 0.01 GB inside the phase (free 0.00 GB in 0 extents, largest 0.00; live 0.01 GB in 4 blocks)
dbig pool: APU1 hipMalloc 0.01 GB inside the phase (free 0.00 GB in 0 extents, largest 0.00; live 0.01 GB in 5 blocks)
dbig pool: APU2 hipMalloc 0.01 GB inside the phase (free 0.00 GB in 0 extents, largest 0.00; live 0.01 GB in 6 blocks)
dbig pool: APU3 hipMalloc 0.01 GB inside the phase (free 0.00 GB in 0 extents, largest 0.00; live 0.01 GB in 7 blocks)
dbig pool: APU0 hipMalloc 0.01 GB inside the phase (free 0.00 GB in 0 extents, largest 0.00; live 0.01 GB in 4 blocks)
dbig pool: APU1 hipMalloc 0.01 GB inside the phase (free 0.00 GB in 0 extents, largest 0.00; live 0.01 GB in 5 blocks)
dbig pool: APU2 hipMalloc 0.01 GB inside the phase (free 0.00 GB in 0 extents, largest 0.00; live 0.01 GB in 6 blocks)
dbig pool: APU3 hipMalloc 0.01 GB inside the phase (free 0.00 GB in 0 extents, largest 0.00; live 0.01 GB in 7 blocks)
dbig pool: APU0 hipMalloc 0.01 GB inside the phase (free 0.00 GB in 0 extents, largest 0.00; live 0.02 GB in 8 blocks)
dbig pool: APU1 hipMalloc 0.01 GB inside the phase (free 0.00 GB in 0 extents, largest 0.00; live 0.02 GB in 9 blocks)
dbig pool: APU2 hipMalloc 0.01 GB inside the phase (free 0.00 GB in 0 extents, largest 0.00; live 0.02 GB in 10 blocks)
dbig pool: APU3 hipMalloc 0.01 GB inside the phase (free 0.00 GB in 0 extents, largest 0.00; live 0.02 GB in 11 blocks)
dbig pool: APU0 hipMalloc 0.01 GB inside the phase (free 0.00 GB in 0 extents, largest 0.00; live 0.02 GB in 8 blocks)
dbig pool: APU1 hipMalloc 0.01 GB inside the phase (free 0.00 GB in 0 extents, largest 0.00; live 0.02 GB in 9 blocks)
dbig pool: APU2 hipMalloc 0.01 GB inside the phase (free 0.00 GB in 0 extents, largest 0.00; live 0.02 GB in 10 blocks)
dbig pool: APU3 hipMalloc 0.01 GB inside the phase (free 0.00 GB in 0 extents, largest 0.00; live 0.02 GB in 11 blocks)
dbig pool: APU0 hipMalloc 0.02 GB inside the phase (free 0.00 GB in 0 extents, largest 0.00; live 0.03 GB in 12 blocks)
dbig pool: APU1 hipMalloc 0.02 GB inside the phase (free 0.00 GB in 0 extents, largest 0.00; live 0.03 GB in 13 blocks)
dbig pool: APU0 hipMalloc 0.02 GB inside the phase (free 0.00 GB in 0 extents, largest 0.00; live 0.03 GB in 12 blocks)
dbig pool: APU2 hipMalloc 0.02 GB inside the phase (free 0.00 GB in 0 extents, largest 0.00; live 0.03 GB in 14 blocks)
dbig pool: APU1 hipMalloc 0.02 GB inside the phase (free 0.00 GB in 0 extents, largest 0.00; live 0.03 GB in 13 blocks)
dbig pool: APU3 hipMalloc 0.02 GB inside the phase (free 0.00 GB in 0 extents, largest 0.00; live 0.03 GB in 15 blocks)
dbig pool: APU2 hipMalloc 0.02 GB inside the phase (free 0.00 GB in 0 extents, largest 0.00; live 0.03 GB in 14 blocks)
dbig pool: APU3 hipMalloc 0.02 GB inside the phase (free 0.00 GB in 0 extents, largest 0.00; live 0.03 GB in 15 blocks)
dbig pool: APU2 hipMalloc 0.00 GB inside the phase (free 0.00 GB in 0 extents, largest 0.00; live 0.05 GB in 16 blocks)
dbig pool: APU2 hipMalloc 0.03 GB inside the phase (free 0.00 GB in 0 extents, largest 0.00; live 0.05 GB in 17 blocks)
dbig pool: APU0 hipMalloc 0.00 GB inside the phase (free 0.00 GB in 0 extents, largest 0.00; live 0.05 GB in 18 blocks)
dbig pool: APU0 hipMalloc 0.03 GB inside the phase (free 0.00 GB in 0 extents, largest 0.00; live 0.05 GB in 19 blocks)
dbig pool: APU1 hipMalloc 0.00 GB inside the phase (free 0.00 GB in 0 extents, largest 0.00; live 0.05 GB in 20 blocks)
dbig pool: APU1 hipMalloc 0.03 GB inside the phase (free 0.00 GB in 0 extents, largest 0.00; live 0.05 GB in 21 blocks)
dbig pool: APU3 hipMalloc 0.00 GB inside the phase (free 0.00 GB in 0 extents, largest 0.00; live 0.05 GB in 22 blocks)
dbig pool: APU3 hipMalloc 0.03 GB inside the phase (free 0.00 GB in 0 extents, largest 0.00; live 0.05 GB in 23 blocks)
dbig pool: APU2 hipMalloc 0.01 GB inside the phase (free 0.00 GB in 0 extents, largest 0.00; live 0.08 GB in 24 blocks)
dbig pool: APU2 hipMalloc 0.00 GB inside the phase (free 0.00 GB in 0 extents, largest 0.00; live 0.05 GB in 16 blocks)
dbig pool: APU2 hipMalloc 0.03 GB inside the phase (free 0.00 GB in 0 extents, largest 0.00; live 0.05 GB in 17 blocks)
dbig pool: APU2 hipMalloc 0.01 GB inside the phase (free 0.00 GB in 0 extents, largest 0.00; live 0.09 GB in 25 blocks)
dbig pool: APU0 hipMalloc 0.00 GB inside the phase (free 0.00 GB in 0 extents, largest 0.00; live 0.05 GB in 18 blocks)
dbig pool: APU0 hipMalloc 0.03 GB inside the phase (free 0.00 GB in 0 extents, largest 0.00; live 0.05 GB in 19 blocks)
dbig pool: APU0 hipMalloc 0.01 GB inside the phase (free 0.00 GB in 0 extents, largest 0.00; live 0.08 GB in 26 blocks)
dbig pool: APU1 hipMalloc 0.00 GB inside the phase (free 0.00 GB in 0 extents, largest 0.00; live 0.05 GB in 20 blocks)
dbig pool: APU1 hipMalloc 0.03 GB inside the phase (free 0.00 GB in 0 extents, largest 0.00; live 0.05 GB in 21 blocks)
dbig pool: APU0 hipMalloc 0.01 GB inside the phase (free 0.00 GB in 0 extents, largest 0.00; live 0.09 GB in 27 blocks)
dbig pool: APU3 hipMalloc 0.00 GB inside the phase (free 0.00 GB in 0 extents, largest 0.00; live 0.05 GB in 22 blocks)
dbig pool: APU3 hipMalloc 0.03 GB inside the phase (free 0.00 GB in 0 extents, largest 0.00; live 0.05 GB in 23 blocks)
dbig pool: APU1 hipMalloc 0.01 GB inside the phase (free 0.00 GB in 0 extents, largest 0.00; live 0.08 GB in 28 blocks)
dbig pool: APU1 hipMalloc 0.01 GB inside the phase (free 0.00 GB in 0 extents, largest 0.00; live 0.09 GB in 29 blocks)
dbig pool: APU3 hipMalloc 0.01 GB inside the phase (free 0.00 GB in 0 extents, largest 0.00; live 0.08 GB in 30 blocks)
dbig pool: APU2 hipMalloc 0.01 GB inside the phase (free 0.00 GB in 0 extents, largest 0.00; live 0.08 GB in 24 blocks)
dbig pool: APU3 hipMalloc 0.01 GB inside the phase (free 0.00 GB in 0 extents, largest 0.00; live 0.09 GB in 31 blocks)
dbig pool: APU2 hipMalloc 0.01 GB inside the phase (free 0.00 GB in 0 extents, largest 0.00; live 0.09 GB in 25 blocks)
dbig pool: APU0 hipMalloc 0.01 GB inside the phase (free 0.00 GB in 0 extents, largest 0.00; live 0.08 GB in 26 blocks)
dbig pool: APU0 hipMalloc 0.01 GB inside the phase (free 0.00 GB in 0 extents, largest 0.00; live 0.09 GB in 27 blocks)
dbig pool: APU1 hipMalloc 0.01 GB inside the phase (free 0.00 GB in 0 extents, largest 0.00; live 0.08 GB in 28 blocks)
dbig pool: APU1 hipMalloc 0.01 GB inside the phase (free 0.00 GB in 0 extents, largest 0.00; live 0.09 GB in 29 blocks)
dbig pool: APU3 hipMalloc 0.01 GB inside the phase (free 0.00 GB in 0 extents, largest 0.00; live 0.08 GB in 30 blocks)
dbig pool: APU3 hipMalloc 0.01 GB inside the phase (free 0.00 GB in 0 extents, largest 0.00; live 0.09 GB in 31 blocks)
dbig pool: APU2 hipMalloc 0.01 GB inside the phase (free 0.00 GB in 1 extents, largest 0.00; live 0.10 GB in 32 blocks)
dbig pool: APU2 hipMalloc 0.01 GB inside the phase (free 0.00 GB in 1 extents, largest 0.00; live 0.10 GB in 32 blocks)
dbig pool: APU0 hipMalloc 0.01 GB inside the phase (free 0.00 GB in 1 extents, largest 0.00; live 0.10 GB in 33 blocks)
dbig pool: APU0 hipMalloc 0.01 GB inside the phase (free 0.00 GB in 1 extents, largest 0.00; live 0.10 GB in 31 blocks)
dbig pool: APU1 hipMalloc 0.01 GB inside the phase (free 0.00 GB in 1 extents, largest 0.00; live 0.10 GB in 31 blocks)
dbig pool: APU1 hipMalloc 0.01 GB inside the phase (free 0.00 GB in 1 extents, largest 0.00; live 0.10 GB in 31 blocks)
dbig pool: APU3 hipMalloc 0.01 GB inside the phase (free 0.00 GB in 1 extents, largest 0.00; live 0.10 GB in 33 blocks)
dbig pool: APU3 hipMalloc 0.01 GB inside the phase (free 0.00 GB in 1 extents, largest 0.00; live 0.10 GB in 33 blocks)
dbig pool: APU3 hipMalloc 0.02 GB inside the phase (free 0.03 GB in 3 extents, largest 0.01; live 0.08 GB in 27 blocks)
dbig pool: APU3 hipMalloc 0.02 GB inside the phase (free 0.03 GB in 3 extents, largest 0.01; live 0.08 GB in 26 blocks)
dbig pool: APU1 hipMalloc 0.02 GB inside the phase (free 0.03 GB in 3 extents, largest 0.01; live 0.08 GB in 25 blocks)
dbig pool: APU0 hipMalloc 0.02 GB inside the phase (free 0.03 GB in 3 extents, largest 0.01; live 0.08 GB in 25 blocks)
dbig pool: APU0 hipMalloc 0.02 GB inside the phase (free 0.03 GB in 3 extents, largest 0.01; live 0.08 GB in 26 blocks)
dbig pool: APU1 hipMalloc 0.02 GB inside the phase (free 0.03 GB in 3 extents, largest 0.01; live 0.08 GB in 26 blocks)
dbig pool: APU2 hipMalloc 0.02 GB inside the phase (free 0.03 GB in 3 extents, largest 0.01; live 0.08 GB in 27 blocks)
dbig pool: APU2 hipMalloc 0.02 GB inside the phase (free 0.03 GB in 3 extents, largest 0.01; live 0.08 GB in 29 blocks)
dist_mn node 0: 2^25 = 2^12 x 2^13 over 2 x 4 ranks, 3 primes (rows 512..512; 10066329 + 8388608 limbs at 0, window [0, 9227468) of share [0, 9227468)): redistribute 0.277 ntt 0.690 crt 0.044 out 0.071 spills+carry 0.013 total 1.123 s
dist_mn node 0: 10066329 x 8388608 limbs over 2 x 4 ranks (cap 2^25): 1 x 1 pieces, 1 formed, 0 skipped (cache 0 slots: 0 hits, 0 misses)
dist_mn node 1: 2^25 = 2^12 x 2^13 over 2 x 4 ranks, 3 primes (rows 512..512; 10066329 + 8388608 limbs at 0, window [9227468, 18454937) of share [9227468, 18454937)): redistribute 0.253 ntt 0.695 crt 0.042 out 0.066 spills+carry 0.013 total 1.124 s
dist_mn node 1: 10066329 x 8388608 limbs over 2 x 4 ranks (cap 2^25): 1 x 1 pieces, 1 formed, 0 skipped (cache 0 slots: 0 hits, 0 misses)
dist_mn node 0: 10066329 + 8388608 limbs -> 18454937 (share 9227468): redistribute 0.277 ntt 0.690 crt 0.044 out 0.071 spills+carry 0.013, total 1.167 s
dist_mn node 1: 10066329 + 8388608 limbs -> 18454937 (share 9227469): redistribute 0.253 ntt 0.695 crt 0.042 out 0.066 spills+carry 0.013, total 1.164 s
mdev 3*2^23 (18454937 limbs): repack 0.018 h2d 0.001 fwd 0.008 inv 0.001 d2h 0.019 crt 0.011 total 0.050 s
mdev 3*2^23 (18454937 limbs): repack 0.030 h2d 0.001 fwd 0.007 inv 0.001 d2h 0.016 crt 0.005 total 0.058 s
dbig pool: APU0 hipMalloc 0.03 GB inside the phase (free 0.03 GB in 3 extents, largest 0.01; live 0.10 GB in 23 blocks)
   one plane 10066329 x 8388608: 1.26 s
dbig pool: APU3 hipMalloc 0.03 GB inside the phase (free 0.03 GB in 3 extents, largest 0.01; live 0.10 GB in 27 blocks)
dbig pool: APU1 hipMalloc 0.03 GB inside the phase (free 0.03 GB in 3 extents, largest 0.01; live 0.10 GB in 32 blocks)
dbig pool: APU3 hipMalloc 0.03 GB inside the phase (free 0.03 GB in 3 extents, largest 0.01; live 0.10 GB in 23 blocks)
dbig pool: APU0 hipMalloc 0.03 GB inside the phase (free 0.03 GB in 3 extents, largest 0.01; live 0.10 GB in 27 blocks)
dbig pool: APU2 hipMalloc 0.03 GB inside the phase (free 0.03 GB in 3 extents, largest 0.01; live 0.10 GB in 37 blocks)
dbig pool: APU1 hipMalloc 0.03 GB inside the phase (free 0.03 GB in 3 extents, largest 0.01; live 0.10 GB in 32 blocks)
dbig pool: APU2 hipMalloc 0.03 GB inside the phase (free 0.03 GB in 3 extents, largest 0.01; live 0.10 GB in 37 blocks)
dbig pool: APU3 hipMalloc 0.01 GB inside the phase (free 0.00 GB in 1 extents, largest 0.00; live 0.16 GB in 42 blocks)
dbig pool: APU0 hipMalloc 0.01 GB inside the phase (free 0.00 GB in 1 extents, largest 0.00; live 0.16 GB in 43 blocks)
dbig pool: APU3 hipMalloc 0.01 GB inside the phase (free 0.00 GB in 1 extents, largest 0.00; live 0.16 GB in 42 blocks)
dbig pool: APU0 hipMalloc 0.01 GB inside the phase (free 0.00 GB in 1 extents, largest 0.00; live 0.16 GB in 43 blocks)
dbig pool: APU2 hipMalloc 0.01 GB inside the phase (free 0.00 GB in 1 extents, largest 0.00; live 0.16 GB in 39 blocks)
dbig pool: APU2 hipMalloc 0.01 GB inside the phase (free 0.00 GB in 1 extents, largest 0.00; live 0.16 GB in 39 blocks)
dbig pool: APU1 hipMalloc 0.01 GB inside the phase (free 0.00 GB in 1 extents, largest 0.00; live 0.16 GB in 38 blocks)
dbig pool: APU1 hipMalloc 0.01 GB inside the phase (free 0.00 GB in 1 extents, largest 0.00; live 0.16 GB in 38 blocks)
dbig pool: APU1 hipMalloc 0.02 GB inside the phase (free 0.04 GB in 4 extents, largest 0.01; live 0.13 GB in 33 blocks)
dbig pool: APU0 hipMalloc 0.02 GB inside the phase (free 0.04 GB in 4 extents, largest 0.01; live 0.13 GB in 35 blocks)
dbig pool: APU2 hipMalloc 0.02 GB inside the phase (free 0.04 GB in 4 extents, largest 0.01; live 0.13 GB in 34 blocks)
dbig pool: APU1 hipMalloc 0.02 GB inside the phase (free 0.04 GB in 4 extents, largest 0.01; live 0.13 GB in 34 blocks)
dbig pool: APU0 hipMalloc 0.02 GB inside the phase (free 0.04 GB in 4 extents, largest 0.01; live 0.13 GB in 35 blocks)
dbig pool: APU2 hipMalloc 0.02 GB inside the phase (free 0.04 GB in 4 extents, largest 0.01; live 0.13 GB in 35 blocks)
dbig pool: APU3 hipMalloc 0.02 GB inside the phase (free 0.04 GB in 4 extents, largest 0.01; live 0.13 GB in 35 blocks)
dbig pool: APU3 hipMalloc 0.02 GB inside the phase (free 0.04 GB in 4 extents, largest 0.01; live 0.13 GB in 33 blocks)
dist_mn node 0: 2^25 = 2^12 x 2^13 over 2 x 4 ranks, 3 primes (rows 512..512; 10066329 + 8388608 + x limbs at 0, window [0, 9227469) of share [0, 9227469)): redistribute 0.055 ntt 0.386 crt 0.000 out 0.030 spills+carry 0.000 total 0.439 s
dist_mn node 0: 10066329 x 8388608 limbs over 2 x 4 ranks (cap 2^25): 1 x 1 pieces, 1 formed, 0 skipped (cache 0 slots: 0 hits, 0 misses)
dist_mn node 1: 2^25 = 2^12 x 2^13 over 2 x 4 ranks, 3 primes (rows 512..512; 10066329 + 8388608 + x limbs at 0, window [9227469, 18454938) of share [9227469, 18454938)): redistribute 0.057 ntt 0.391 crt 0.000 out 0.025 spills+carry 0.000 total 0.446 s
dist_mn node 1: 10066329 x 8388608 limbs over 2 x 4 ranks (cap 2^25): 1 x 1 pieces, 1 formed, 0 skipped (cache 0 slots: 0 hits, 0 misses)
dist_mn node 0: 10066329 + 8388608 + x limbs -> 18454937 (share 9227469): redistribute 0.055 ntt 0.386 crt 0.000 out 0.030 spills+carry 0.000, total 0.440 s
dist_mn node 1: 10066329 + 8388608 + x limbs -> 18454937 (share 9227469): redistribute 0.057 ntt 0.391 crt 0.000 out 0.025 spills+carry 0.000, total 0.447 s
dist_mn node 0: 2^25 = 2^12 x 2^13 over 2 x 4 ranks, 3 primes (rows 512..512; 10066329 + 8388608 limbs at 0, window [0, 5033165) of share [0, 5033165)): redistribute 0.021 ntt 0.398 crt 0.000 out 0.012 spills+carry 0.000 total 0.431 s
dist_mn node 0: 10066329 x 8388608 limbs over 2 x 4 ranks (cap 2^25): 1 x 1 pieces, 1 formed, 0 skipped (low product) (cache 0 slots: 0 hits, 0 misses)
dist_mn node 1: 2^25 = 2^12 x 2^13 over 2 x 4 ranks, 3 primes (rows 512..512; 10066329 + 8388608 limbs at 0, window [5033165, 10066331) of share [5033165, 10066331)): redistribute 0.020 ntt 0.397 crt 0.000 out 0.013 spills+carry 0.001 total 0.431 s
dist_mn node 1: 10066329 x 8388608 limbs over 2 x 4 ranks (cap 2^25): 1 x 1 pieces, 1 formed, 0 skipped (low product) (cache 0 slots: 0 hits, 0 misses)
dist_mn node 0: 10066329 + 8388608 limbs -> 10066331 (share 5033165): redistribute 0.021 ntt 0.398 crt 0.000 out 0.012 spills+carry 0.000, total 0.431 s
dist_mn node 1: 10066329 + 8388608 limbs -> 10066331 (share 5033166): redistribute 0.020 ntt 0.397 crt 0.000 out 0.013 spills+carry 0.001, total 0.431 s
dist_mn node 0: 2^24 = 2^12 x 2^12 over 2 x 4 ranks, 3 primes (rows 512..512; 5033165 + 5033165 limbs at 0, window [0, 2516582) of share [0, 2516582)): redistribute 0.022 ntt 0.232 crt 0.000 out 0.007 spills+carry 0.000 total 0.290 s
dist_mn node 0: 5033165 x 5033165 limbs over 2 x 4 ranks (cap 2^25): 1 x 1 pieces, 1 formed, 0 skipped (low product) (cache 0 slots: 0 hits, 0 misses)
dist_mn node 1: 2^24 = 2^12 x 2^12 over 2 x 4 ranks, 3 primes (rows 512..512; 5033165 + 5033165 limbs at 0, window [2516582, 5033165) of share [2516582, 5033165)): redistribute 0.027 ntt 0.232 crt 0.000 out 0.005 spills+carry 0.000 total 0.290 s
dist_mn node 1: 5033165 x 5033165 limbs over 2 x 4 ranks (cap 2^25): 1 x 1 pieces, 1 formed, 0 skipped (low product) (cache 0 slots: 0 hits, 0 misses)
dist_mn node 1: 5033165 + 5033165 limbs -> 5033165 (share 2516583): redistribute 0.027 ntt 0.232 crt 0.000 out 0.005 spills+carry 0.000, total 0.290 s
dist_mn node 0: 5033165 + 5033165 limbs -> 5033165 (share 2516582): redistribute 0.022 ntt 0.232 crt 0.000 out 0.007 spills+carry 0.000, total 0.290 s
dist_mn node 0: 2^25 = 2^12 x 2^13 over 2 x 4 ranks, 3 primes (rows 512..512; 10066329 + 8388608 limbs at 0, window [0, 9227468) of share [0, 9227468)): redistribute 0.033 ntt 0.373 crt 0.001 out 0.020 spills+carry 0.000 total 0.470 s
dist_mn node 0: 10066329 x 8388608 limbs over 2 x 4 ranks (cap 2^25): 1 x 1 pieces, 1 formed, 0 skipped (low product) (cache 0 slots: 0 hits, 0 misses)
dist_mn node 1: 2^25 = 2^12 x 2^13 over 2 x 4 ranks, 3 primes (rows 512..512; 10066329 + 8388608 limbs at 0, window [9227468, 18454936) of share [9227468, 18454936)): redistribute 0.045 ntt 0.373 crt 0.001 out 0.017 spills+carry 0.001 total 0.470 s
dist_mn node 1: 10066329 x 8388608 limbs over 2 x 4 ranks (cap 2^25): 1 x 1 pieces, 1 formed, 0 skipped (low product) (cache 0 slots: 0 hits, 0 misses)
dist_mn node 0: 10066329 + 8388608 limbs -> 18454936 (share 9227468): redistribute 0.033 ntt 0.373 crt 0.001 out 0.020 spills+carry 0.000, total 0.470 s
dist_mn node 1: 10066329 + 8388608 limbs -> 18454936 (share 9227468): redistribute 0.045 ntt 0.373 crt 0.001 out 0.017 spills+carry 0.001, total 0.470 s
dist_mn node 0: 2^25 = 2^12 x 2^13 over 2 x 4 ranks, 3 primes (rows 512..512; 10066329 + 8388608 limbs at 0, window [0, 9227468) of share [0, 9227468)): redistribute 0.042 ntt 0.422 crt 0.000 out 0.028 spills+carry 0.000 total 0.485 s
dist_mn node 0: 10066329 x 8388608 limbs over 2 x 4 ranks (cap 2^25): 1 x 1 pieces, 1 formed, 0 skipped (low cut) (cache 0 slots: 0 hits, 0 misses)
dist_mn node 1: 2^25 = 2^12 x 2^13 over 2 x 4 ranks, 3 primes (rows 512..512; 10066329 + 8388608 limbs at 0, window [9227468, 18454937) of share [9227468, 18454937)): redistribute 0.049 ntt 0.420 crt 0.000 out 0.024 spills+carry 0.000 total 0.486 s
dist_mn node 1: 10066329 x 8388608 limbs over 2 x 4 ranks (cap 2^25): 1 x 1 pieces, 1 formed, 0 skipped (low cut) (cache 0 slots: 0 hits, 0 misses)
dist_mn node 0: 10066329 + 8388608 limbs -> 18454937 (share 9227468): redistribute 0.042 ntt 0.422 crt 0.000 out 0.028 spills+carry 0.000, total 0.486 s
dist_mn node 1: 10066329 + 8388608 limbs -> 18454937 (share 9227469): redistribute 0.049 ntt 0.420 crt 0.000 out 0.024 spills+carry 0.000, total 0.486 s
dist_mn node 0: 2^25 = 2^12 x 2^13 over 2 x 4 ranks, 3 primes (rows 512..512; 10066329 + 8388608 limbs at 0, window [0, 9227468) of share [0, 9227468)): redistribute 0.035 ntt 0.416 crt 0.000 out 0.025 spills+carry 0.000 total 0.467 s
dist_mn node 0: 10066329 x 8388608 limbs over 2 x 4 ranks (cap 2^25): 1 x 1 pieces, 1 formed, 0 skipped (low product) (low cut) (cache 0 slots: 0 hits, 0 misses)
dist_mn node 1: 2^25 = 2^12 x 2^13 over 2 x 4 ranks, 3 primes (rows 512..512; 10066329 + 8388608 limbs at 0, window [9227468, 18454936) of share [9227468, 18454936)): redistribute 0.034 ntt 0.413 crt 0.000 out 0.026 spills+carry 0.000 total 0.467 s
dist_mn node 1: 10066329 x 8388608 limbs over 2 x 4 ranks (cap 2^25): 1 x 1 pieces, 1 formed, 0 skipped (low product) (low cut) (cache 0 slots: 0 hits, 0 misses)
dist_mn node 0: 10066329 + 8388608 limbs -> 18454936 (share 9227468): redistribute 0.035 ntt 0.416 crt 0.000 out 0.025 spills+carry 0.000, total 0.468 s
dist_mn node 1: 10066329 + 8388608 limbs -> 18454936 (share 9227468): redistribute 0.034 ntt 0.413 crt 0.000 out 0.026 spills+carry 0.000, total 0.468 s
dist_mn node 0: 2^25 = 2^12 x 2^13 over 2 x 4 ranks, 3 primes (rows 512..512; 10066329 + 8388608 limbs at 0, window [0, 9227468) of share [0, 9227468)): redistribute 0.032 ntt 0.419 crt 0.000 out 0.018 spills+carry 0.000 total 0.460 s
dist_mn node 0: 10066329 x 8388608 limbs over 2 x 4 ranks (cap 2^25): 1 x 1 pieces, 1 formed, 0 skipped (low cut) (cache 0 slots: 0 hits, 0 misses)
dist_mn node 1: 2^25 = 2^12 x 2^13 over 2 x 4 ranks, 3 primes (rows 512..512; 10066329 + 8388608 limbs at 0, window [9227468, 18454937) of share [9227468, 18454937)): redistribute 0.035 ntt 0.419 crt 0.000 out 0.019 spills+carry 0.000 total 0.459 s
dist_mn node 1: 10066329 x 8388608 limbs over 2 x 4 ranks (cap 2^25): 1 x 1 pieces, 1 formed, 0 skipped (low cut) (cache 0 slots: 0 hits, 0 misses)
dist_mn node 0: 10066329 + 8388608 limbs -> 18454937 (share 9227468): redistribute 0.032 ntt 0.419 crt 0.000 out 0.018 spills+carry 0.000, total 0.460 s
dist_mn node 1: 10066329 + 8388608 limbs -> 18454937 (share 9227469): redistribute 0.035 ntt 0.419 crt 0.000 out 0.019 spills+carry 0.000, total 0.460 s
dist_mn node 0: 2^25 = 2^12 x 2^13 over 2 x 4 ranks, 3 primes (rows 512..512; 10066329 + 8388608 limbs at 0, window [0, 9227468) of share [0, 9227468)): redistribute 0.030 ntt 0.394 crt 0.000 out 0.023 spills+carry 0.000 total 0.438 s
dist_mn node 0: 10066329 x 8388608 limbs over 2 x 4 ranks (cap 2^25): 1 x 1 pieces, 1 formed, 0 skipped (low product) (low cut) (cache 0 slots: 0 hits, 0 misses)
dist_mn node 1: 2^25 = 2^12 x 2^13 over 2 x 4 ranks, 3 primes (rows 512..512; 10066329 + 8388608 limbs at 0, window [9227468, 18454936) of share [9227468, 18454936)): redistribute 0.035 ntt 0.393 crt 0.000 out 0.025 spills+carry 0.000 total 0.438 s
dist_mn node 1: 10066329 x 8388608 limbs over 2 x 4 ranks (cap 2^25): 1 x 1 pieces, 1 formed, 0 skipped (low product) (low cut) (cache 0 slots: 0 hits, 0 misses)
dist_mn node 0: 10066329 + 8388608 limbs -> 18454936 (share 9227468): redistribute 0.030 ntt 0.394 crt 0.000 out 0.023 spills+carry 0.000, total 0.438 s
dist_mn node 1: 10066329 + 8388608 limbs -> 18454936 (share 9227468): redistribute 0.035 ntt 0.393 crt 0.000 out 0.025 spills+carry 0.000, total 0.438 s
dist_mn node 1: 10066329 x 8388608 limbs over 2 x 4 ranks (cap 2^25): 1 x 1 pieces, 0 formed, 1 skipped (low cut) (cache 0 slots: 0 hits, 0 misses)
dist_mn node 0: 10066329 x 8388608 limbs over 2 x 4 ranks (cap 2^25): 1 x 1 pieces, 0 formed, 1 skipped (low cut) (cache 0 slots: 0 hits, 0 misses)
dist_mn node 0: 10066329 + 8388608 limbs -> 0 (share 9227468): redistribute 0.000 ntt 0.000 crt 0.000 out 0.000 spills+carry 0.000, total 0.000 s
dist_mn node 1: 10066329 + 8388608 limbs -> 0 (share 9227469): redistribute 0.000 ntt 0.000 crt 0.000 out 0.000 spills+carry 0.000, total 0.003 s
mdev 3*2^23 (18454937 limbs): repack 0.016 h2d 0.000 fwd 0.002 inv 0.001 d2h 0.016 crt 0.008 total 0.039 s
mdev 3*2^23 (18454937 limbs): repack 0.027 h2d 0.001 fwd 0.003 inv 0.002 d2h 0.018 crt 0.015 total 0.051 s
dist_mn node 1: 10066329 x 8388608 limbs over 2 x 4 ranks (cap 2^25): 1 x 1 pieces, 0 formed, 1 skipped (low product) (low cut) (cache 0 slots: 0 hits, 0 misses)
dist_mn node 0: 10066329 x 8388608 limbs over 2 x 4 ranks (cap 2^25): 1 x 1 pieces, 0 formed, 1 skipped (low product) (low cut) (cache 0 slots: 0 hits, 0 misses)
dist_mn node 0: 10066329 + 8388608 limbs -> 0 (share 9227468): redistribute 0.000 ntt 0.000 crt 0.000 out 0.000 spills+carry 0.000, total 0.001 s
dist_mn node 1: 10066329 + 8388608 limbs -> 0 (share 9227468): redistribute 0.000 ntt 0.000 crt 0.000 out 0.000 spills+carry 0.000, total 0.001 s
mdev 3*2^23 (18454937 limbs): repack 0.020 h2d 0.001 fwd 0.004 inv 0.002 d2h 0.015 crt 0.013 total 0.042 s
mdev 3*2^23 (18454937 limbs): repack 0.021 h2d 0.001 fwd 0.003 inv 0.002 d2h 0.020 crt 0.006 total 0.049 s
   transform cache: 2 of 2 slots of 0.1 GiB per APU allocated in 0.06 s (margin 24 GB) = 1.07 GB per node-process
   transform cache: 2 of 2 slots of 0.1 GiB per APU allocated in 0.07 s (margin 24 GB) = 1.07 GB per node-process
dist_mn node 0: 2^25 = 2^12 x 2^13 over 2 x 4 ranks, 3 primes (rows 512..512; 10066329 + 8388608 limbs at 0, window [0, 9227468) of share [0, 9227468)): redistribute 0.028 ntt 0.376 crt 0.000 out 0.021 spills+carry 0.000 total 0.417 s [B cached]
dist_mn node 0: 10066329 x 8388608 limbs over 2 x 4 ranks (cap 2^25): 1 x 1 pieces, 1 formed, 0 skipped (cache 2 slots: 0 hits, 1 misses)
dist_mn node 1: 2^25 = 2^12 x 2^13 over 2 x 4 ranks, 3 primes (rows 512..512; 10066329 + 8388608 limbs at 0, window [9227468, 18454937) of share [9227468, 18454937)): redistribute 0.027 ntt 0.377 crt 0.000 out 0.023 spills+carry 0.000 total 0.417 s [B cached]
dist_mn node 1: 10066329 x 8388608 limbs over 2 x 4 ranks (cap 2^25): 1 x 1 pieces, 1 formed, 0 skipped (cache 2 slots: 0 hits, 1 misses)
dist_mn node 0: 10066329 + 8388608 limbs -> 18454937 (share 9227468): redistribute 0.028 ntt 0.376 crt 0.000 out 0.021 spills+carry 0.000, total 0.493 s
dist_mn node 1: 10066329 + 8388608 limbs -> 18454937 (share 9227469): redistribute 0.027 ntt 0.377 crt 0.000 out 0.023 spills+carry 0.000, total 0.501 s
dist_mn node 0: 2^25 = 2^12 x 2^13 over 2 x 4 ranks, 3 primes (rows 512..512; 10066329 + 8388608 limbs at 0, window [0, 9227468) of share [0, 9227468)): redistribute 0.013 ntt 0.247 crt 0.000 out 0.018 spills+carry 0.001 total 0.280 s [B hit]
dist_mn node 0: 10066329 x 8388608 limbs over 2 x 4 ranks (cap 2^25): 1 x 1 pieces, 1 formed, 0 skipped (low product) (cache 0 slots: 1 hits, 1 misses)
dist_mn node 1: 2^25 = 2^12 x 2^13 over 2 x 4 ranks, 3 primes (rows 512..512; 10066329 + 8388608 limbs at 0, window [9227468, 18454936) of share [9227468, 18454936)): redistribute 0.015 ntt 0.247 crt 0.000 out 0.020 spills+carry 0.001 total 0.280 s [B hit]
dist_mn node 1: 10066329 x 8388608 limbs over 2 x 4 ranks (cap 2^25): 1 x 1 pieces, 1 formed, 0 skipped (low product) (cache 0 slots: 1 hits, 1 misses)
dist_mn node 0: 10066329 + 8388608 limbs -> 18454936 (share 9227468): redistribute 0.013 ntt 0.247 crt 0.000 out 0.018 spills+carry 0.001, total 0.280 s
dist_mn node 1: 10066329 + 8388608 limbs -> 18454936 (share 9227468): redistribute 0.015 ntt 0.247 crt 0.000 out 0.020 spills+carry 0.001, total 0.280 s
dist_mn node 0: 2^24 = 2^12 x 2^12 over 2 x 4 ranks, 3 primes (rows 512..512; 5033164 + 8388601 limbs at 0, window [0, 6710882) of share [0, 6710882)): redistribute 0.052 ntt 0.232 crt 0.000 out 0.017 spills+carry 0.000 total 0.313 s
dist_mn node 0: 5033164 x 8388601 limbs over 2 x 4 ranks (cap 2^25): 1 x 1 pieces, 1 formed, 0 skipped (cache 0 slots: 0 hits, 0 misses)
dist_mn node 1: 2^24 = 2^12 x 2^12 over 2 x 4 ranks, 3 primes (rows 512..512; 5033164 + 8388601 limbs at 0, window [6710882, 13421765) of share [6710882, 13421765)): redistribute 0.025 ntt 0.233 crt 0.000 out 0.017 spills+carry 0.000 total 0.312 s
dist_mn node 1: 5033164 x 8388601 limbs over 2 x 4 ranks (cap 2^25): 1 x 1 pieces, 1 formed, 0 skipped (cache 0 slots: 0 hits, 0 misses)
dist_mn node 0: 5033164 + 8388601 limbs -> 13421765 (share 6710882): redistribute 0.052 ntt 0.232 crt 0.000 out 0.017 spills+carry 0.000, total 0.313 s
dist_mn node 1: 5033164 + 8388601 limbs -> 13421765 (share 6710883): redistribute 0.025 ntt 0.233 crt 0.000 out 0.017 spills+carry 0.000, total 0.313 s
mdev 2^24 (13421765 limbs): repack 0.017 h2d 0.001 fwd 0.002 inv 0.001 d2h 0.028 crt 0.006 total 0.050 s
mdev 2^24 (13421765 limbs): repack 0.034 h2d 0.001 fwd 0.003 inv 0.001 d2h 0.023 crt 0.032 total 0.072 s
dist_mn node 0: 2^24 = 2^12 x 2^12 over 2 x 4 ranks, 3 primes (rows 512..512; 5033164 + 8388601 limbs at 0, window [0, 2516583) of share [0, 2516583)): redistribute 0.046 ntt 0.265 crt 0.000 out 0.007 spills+carry 0.000 total 0.314 s
dist_mn node 0: 5033164 x 8388601 limbs over 2 x 4 ranks (cap 2^25): 1 x 1 pieces, 1 formed, 0 skipped (low product) (cache 0 slots: 0 hits, 0 misses)
dist_mn node 1: 2^24 = 2^12 x 2^12 over 2 x 4 ranks, 3 primes (rows 512..512; 5033164 + 8388601 limbs at 0, window [2516583, 5033167) of share [2516583, 5033167)): redistribute 0.016 ntt 0.263 crt 0.000 out 0.005 spills+carry 0.000 total 0.283 s
dist_mn node 1: 5033164 x 8388601 limbs over 2 x 4 ranks (cap 2^25): 1 x 1 pieces, 1 formed, 0 skipped (low product) (cache 0 slots: 0 hits, 0 misses)
dist_mn node 0: 5033164 + 8388601 limbs -> 5033167 (share 2516583): redistribute 0.046 ntt 0.265 crt 0.000 out 0.007 spills+carry 0.000, total 0.315 s
dist_mn node 1: 5033164 + 8388601 limbs -> 5033167 (share 2516584): redistribute 0.016 ntt 0.263 crt 0.000 out 0.005 spills+carry 0.000, total 0.285 s
dist_mn node 0: 2^25 = 2^12 x 2^13 over 2 x 4 ranks, 3 primes (rows 512..512; 10066329 + 8388608 + x limbs at 0, window [0, 9227469) of share [0, 9227469)): redistribute 0.037 ntt 0.385 crt 0.001 out 0.020 spills+carry 0.000 total 0.456 s
dist_mn node 0: 10066329 x 8388608 limbs over 2 x 4 ranks (cap 2^25): 1 x 1 pieces, 1 formed, 0 skipped (cache 0 slots: 0 hits, 0 misses)
dist_mn node 1: 2^25 = 2^12 x 2^13 over 2 x 4 ranks, 3 primes (rows 512..512; 10066329 + 8388608 + x limbs at 0, window [9227469, 18454938) of share [9227469, 18454938)): redistribute 0.036 ntt 0.391 crt 0.001 out 0.015 spills+carry 0.000 total 0.456 s
dist_mn node 1: 10066329 x 8388608 limbs over 2 x 4 ranks (cap 2^25): 1 x 1 pieces, 1 formed, 0 skipped (cache 0 slots: 0 hits, 0 misses)
dist_mn node 1: 10066329 + 8388608 + x limbs -> 18454937 (share 9227469): redistribute 0.036 ntt 0.391 crt 0.001 out 0.015 spills+carry 0.000, total 0.457 s
dist_mn node 0: 10066329 + 8388608 + x limbs -> 18454937 (share 9227469): redistribute 0.037 ntt 0.385 crt 0.001 out 0.020 spills+carry 0.000, total 0.457 s
mdb_add_shifted node 1: 8388605 limbs at 0 into a basis of 18454938 (my window [9227469, 9227469), 1 rounds of 2097152; slabs 0 + 0 limbs per APU 0): 0.072 s
mdb_add_shifted node 0: 8388605 limbs at 0 into a basis of 18454938 (my window [0, 8388605), 1 rounds of 2097152; slabs 2097151 + 2097151 limbs per APU 0): 0.034 s
mdb_add_shifted node 0: 8388605 limbs at 7 into a basis of 18454938 (my window [7, 8388612), 1 rounds of 2097152; slabs 2097151 + 2097151 limbs per APU 0): 0.044 s
mdb_add_shifted node 1: 8388605 limbs at 7 into a basis of 18454938 (my window [9227469, 9227469), 1 rounds of 2097152; slabs 0 + 0 limbs per APU 0): 0.037 s
mdb_add_shifted node 0: 8388605 limbs at 5033164 into a basis of 18454938 (my window [5033164, 9227469), 1 rounds of 1048592; slabs 1048576 + 1048576 limbs per APU 0): 0.018 s
mdb_add_shifted node 1: 8388605 limbs at 5033164 into a basis of 18454938 (my window [9227469, 13421769), 1 rounds of 1048592; slabs 1048575 + 1048575 limbs per APU 0): 0.011 s
mdb_add_shifted node 0: 8388605 limbs at 10066329 into a basis of 18454938 (my window [10066329, 10066329), 1 rounds of 2097152; slabs 2097151 + 0 limbs per APU 0): 0.037 s
mdb_add_shifted node 1: 8388605 limbs at 10066329 into a basis of 18454938 (my window [10066329, 18454934), 1 rounds of 2097152; slabs 0 + 2097151 limbs per APU 0): 0.021 s
dist_mn node 0: 2^25 = 2^12 x 2^13 over 2 x 4 ranks, 3 primes (rows 512..512; 10066329 + 8388608 limbs at 0, window [0, 9227468) of share [0, 9227468)): redistribute 0.040 ntt 0.416 crt 0.000 out 0.017 spills+carry 0.002 total 0.475 s
dist_mn node 0: 10066329 x 8388608 limbs over 2 x 4 ranks (cap 2^25): 1 x 1 pieces, 1 formed, 0 skipped (cache 0 slots: 0 hits, 0 misses)
dist_mn node 1: 2^25 = 2^12 x 2^13 over 2 x 4 ranks, 3 primes (rows 512..512; 10066329 + 8388608 limbs at 0, window [9227468, 18454937) of share [9227468, 18454937)): redistribute 0.025 ntt 0.410 crt 0.000 out 0.020 spills+carry 0.002 total 0.458 s
dist_mn node 1: 10066329 x 8388608 limbs over 2 x 4 ranks (cap 2^25): 1 x 1 pieces, 1 formed, 0 skipped (cache 0 slots: 0 hits, 0 misses)
dist_mn node 0: 10066329 + 8388608 limbs -> 18454937 (share 9227468): redistribute 0.040 ntt 0.416 crt 0.000 out 0.017 spills+carry 0.002, total 0.477 s
dist_mn node 1: 10066329 + 8388608 limbs -> 18454937 (share 9227469): redistribute 0.025 ntt 0.410 crt 0.000 out 0.020 spills+carry 0.002, total 0.459 s
mdev 3*2^23 (18454937 limbs): repack 0.022 h2d 0.001 fwd 0.005 inv 0.002 d2h 0.028 crt 0.013 total 0.059 s
mdev 3*2^23 (18454937 limbs): repack 0.020 h2d 0.001 fwd 0.004 inv 0.003 d2h 0.030 crt 0.016 total 0.064 s
dist_mn node 0: 2^25 = 2^12 x 2^13 over 2 x 4 ranks, 3 primes (rows 512..512; 10066329 + 8388608 + x limbs at 0, window [0, 9227469) of share [0, 9227469)): redistribute 0.023 ntt 0.347 crt 0.000 out 0.019 spills+carry 0.002 total 0.390 s
dist_mn node 0: 10066329 x 8388608 limbs over 2 x 4 ranks (cap 2^25): 1 x 1 pieces, 1 formed, 0 skipped (cache 0 slots: 0 hits, 0 misses)
dist_mn node 1: 2^25 = 2^12 x 2^13 over 2 x 4 ranks, 3 primes (rows 512..512; 10066329 + 8388608 + x limbs at 0, window [9227469, 18454938) of share [9227469, 18454938)): redistribute 0.064 ntt 0.349 crt 0.000 out 0.020 spills+carry 0.002 total 0.427 s
dist_mn node 1: 10066329 x 8388608 limbs over 2 x 4 ranks (cap 2^25): 1 x 1 pieces, 1 formed, 0 skipped (cache 0 slots: 0 hits, 0 misses)
dist_mn node 0: 10066329 + 8388608 + x limbs -> 18454937 (share 9227469): redistribute 0.023 ntt 0.347 crt 0.000 out 0.019 spills+carry 0.002, total 0.391 s
dist_mn node 1: 10066329 + 8388608 + x limbs -> 18454937 (share 9227469): redistribute 0.064 ntt 0.349 crt 0.000 out 0.020 spills+carry 0.002, total 0.429 s
dist_mn node 0: 2^25 = 2^12 x 2^13 over 2 x 4 ranks, 3 primes (rows 512..512; 10066329 + 8388608 limbs at 0, window [0, 5033165) of share [0, 5033165)): redistribute 0.032 ntt 0.373 crt 0.000 out 0.010 spills+carry 0.003 total 0.407 s
dist_mn node 0: 10066329 x 8388608 limbs over 2 x 4 ranks (cap 2^25): 1 x 1 pieces, 1 formed, 0 skipped (low product) (cache 0 slots: 0 hits, 0 misses)
dist_mn node 1: 2^25 = 2^12 x 2^13 over 2 x 4 ranks, 3 primes (rows 512..512; 10066329 + 8388608 limbs at 0, window [5033165, 10066331) of share [5033165, 10066331)): redistribute 0.028 ntt 0.370 crt 0.000 out 0.013 spills+carry 0.003 total 0.407 s
dist_mn node 1: 10066329 x 8388608 limbs over 2 x 4 ranks (cap 2^25): 1 x 1 pieces, 1 formed, 0 skipped (low product) (cache 0 slots: 0 hits, 0 misses)
dist_mn node 0: 10066329 + 8388608 limbs -> 10066331 (share 5033165): redistribute 0.032 ntt 0.373 crt 0.000 out 0.010 spills+carry 0.003, total 0.407 s
dist_mn node 1: 10066329 + 8388608 limbs -> 10066331 (share 5033166): redistribute 0.028 ntt 0.370 crt 0.000 out 0.013 spills+carry 0.003, total 0.407 s
dist_mn node 0: 2^24 = 2^12 x 2^12 over 2 x 4 ranks, 3 primes (rows 512..512; 5033165 + 5033165 limbs at 0, window [0, 2516582) of share [0, 2516582)): redistribute 0.039 ntt 0.279 crt 0.000 out 0.011 spills+carry 0.003 total 0.342 s
dist_mn node 0: 5033165 x 5033165 limbs over 2 x 4 ranks (cap 2^25): 1 x 1 pieces, 1 formed, 0 skipped (low product) (cache 0 slots: 0 hits, 0 misses)
dist_mn node 1: 2^24 = 2^12 x 2^12 over 2 x 4 ranks, 3 primes (rows 512..512; 5033165 + 5033165 limbs at 0, window [2516582, 5033165) of share [2516582, 5033165)): redistribute 0.025 ntt 0.279 crt 0.000 out 0.007 spills+carry 0.003 total 0.342 s
dist_mn node 1: 5033165 x 5033165 limbs over 2 x 4 ranks (cap 2^25): 1 x 1 pieces, 1 formed, 0 skipped (low product) (cache 0 slots: 0 hits, 0 misses)
dist_mn node 0: 5033165 + 5033165 limbs -> 1 (share 2516582): redistribute 0.039 ntt 0.279 crt 0.000 out 0.011 spills+carry 0.003, total 0.342 s
dist_mn node 1: 5033165 + 5033165 limbs -> 1 (share 2516583): redistribute 0.025 ntt 0.279 crt 0.000 out 0.007 spills+carry 0.003, total 0.342 s
dist_mn node 0: 2^25 = 2^12 x 2^13 over 2 x 4 ranks, 3 primes (rows 512..512; 10066329 + 8388608 limbs at 0, window [0, 9227468) of share [0, 9227468)): redistribute 0.041 ntt 0.442 crt 0.000 out 0.020 spills+carry 0.002 total 0.530 s
dist_mn node 0: 10066329 x 8388608 limbs over 2 x 4 ranks (cap 2^25): 1 x 1 pieces, 1 formed, 0 skipped (low product) (cache 0 slots: 0 hits, 0 misses)
dist_mn node 1: 2^25 = 2^12 x 2^13 over 2 x 4 ranks, 3 primes (rows 512..512; 10066329 + 8388608 limbs at 0, window [9227468, 18454936) of share [9227468, 18454936)): redistribute 0.033 ntt 0.442 crt 0.000 out 0.021 spills+carry 0.002 total 0.530 s
dist_mn node 1: 10066329 x 8388608 limbs over 2 x 4 ranks (cap 2^25): 1 x 1 pieces, 1 formed, 0 skipped (low product) (cache 0 slots: 0 hits, 0 misses)
dist_mn node 1: 10066329 + 8388608 limbs -> 18454936 (share 9227468): redistribute 0.033 ntt 0.442 crt 0.000 out 0.021 spills+carry 0.002, total 0.530 s
dist_mn node 0: 10066329 + 8388608 limbs -> 18454936 (share 9227468): redistribute 0.041 ntt 0.442 crt 0.000 out 0.020 spills+carry 0.002, total 0.530 s
dist_mn node 0: 2^25 = 2^12 x 2^13 over 2 x 4 ranks, 3 primes (rows 512..512; 10066329 + 8388608 limbs at 0, window [0, 9227468) of share [0, 9227468)): redistribute 0.027 ntt 0.418 crt 0.000 out 0.021 spills+carry 0.002 total 0.455 s
dist_mn node 0: 10066329 x 8388608 limbs over 2 x 4 ranks (cap 2^25): 1 x 1 pieces, 1 formed, 0 skipped (low cut) (cache 0 slots: 0 hits, 0 misses)
dist_mn node 1: 2^25 = 2^12 x 2^13 over 2 x 4 ranks, 3 primes (rows 512..512; 10066329 + 8388608 limbs at 0, window [9227468, 18454937) of share [9227468, 18454937)): redistribute 0.030 ntt 0.410 crt 0.000 out 0.021 spills+carry 0.002 total 0.454 s
dist_mn node 1: 10066329 x 8388608 limbs over 2 x 4 ranks (cap 2^25): 1 x 1 pieces, 1 formed, 0 skipped (low cut) (cache 0 slots: 0 hits, 0 misses)
dist_mn node 0: 10066329 + 8388608 limbs -> 18454937 (share 9227468): redistribute 0.027 ntt 0.418 crt 0.000 out 0.021 spills+carry 0.002, total 0.455 s
dist_mn node 1: 10066329 + 8388608 limbs -> 18454937 (share 9227469): redistribute 0.030 ntt 0.410 crt 0.000 out 0.021 spills+carry 0.002, total 0.455 s
dist_mn node 0: 2^25 = 2^12 x 2^13 over 2 x 4 ranks, 3 primes (rows 512..512; 10066329 + 8388608 limbs at 0, window [0, 9227468) of share [0, 9227468)): redistribute 0.041 ntt 0.433 crt 0.000 out 0.025 spills+carry 0.002 total 0.487 s
dist_mn node 0: 10066329 x 8388608 limbs over 2 x 4 ranks (cap 2^25): 1 x 1 pieces, 1 formed, 0 skipped (low product) (low cut) (cache 0 slots: 0 hits, 0 misses)
dist_mn node 1: 2^25 = 2^12 x 2^13 over 2 x 4 ranks, 3 primes (rows 512..512; 10066329 + 8388608 limbs at 0, window [9227468, 18454936) of share [9227468, 18454936)): redistribute 0.039 ntt 0.431 crt 0.000 out 0.022 spills+carry 0.002 total 0.487 s
dist_mn node 1: 10066329 x 8388608 limbs over 2 x 4 ranks (cap 2^25): 1 x 1 pieces, 1 formed, 0 skipped (low product) (low cut) (cache 0 slots: 0 hits, 0 misses)
dist_mn node 0: 10066329 + 8388608 limbs -> 18454936 (share 9227468): redistribute 0.041 ntt 0.433 crt 0.000 out 0.025 spills+carry 0.002, total 0.487 s
dist_mn node 1: 10066329 + 8388608 limbs -> 18454936 (share 9227468): redistribute 0.039 ntt 0.431 crt 0.000 out 0.022 spills+carry 0.002, total 0.488 s
dist_mn node 0: 2^25 = 2^12 x 2^13 over 2 x 4 ranks, 3 primes (rows 512..512; 10066329 + 8388608 limbs at 0, window [0, 9227468) of share [0, 9227468)): redistribute 0.042 ntt 0.429 crt 0.000 out 0.020 spills+carry 0.002 total 0.479 s
dist_mn node 0: 10066329 x 8388608 limbs over 2 x 4 ranks (cap 2^25): 1 x 1 pieces, 1 formed, 0 skipped (low cut) (cache 0 slots: 0 hits, 0 misses)
dist_mn node 1: 2^25 = 2^12 x 2^13 over 2 x 4 ranks, 3 primes (rows 512..512; 10066329 + 8388608 limbs at 0, window [9227468, 18454937) of share [9227468, 18454937)): redistribute 0.040 ntt 0.430 crt 0.000 out 0.017 spills+carry 0.002 total 0.479 s
dist_mn node 1: 10066329 x 8388608 limbs over 2 x 4 ranks (cap 2^25): 1 x 1 pieces, 1 formed, 0 skipped (low cut) (cache 0 slots: 0 hits, 0 misses)
dist_mn node 0: 10066329 + 8388608 limbs -> 18454937 (share 9227468): redistribute 0.042 ntt 0.429 crt 0.000 out 0.020 spills+carry 0.002, total 0.479 s
dist_mn node 1: 10066329 + 8388608 limbs -> 18454937 (share 9227469): redistribute 0.040 ntt 0.430 crt 0.000 out 0.017 spills+carry 0.002, total 0.479 s
dist_mn node 0: 2^25 = 2^12 x 2^13 over 2 x 4 ranks, 3 primes (rows 512..512; 10066329 + 8388608 limbs at 0, window [0, 9227468) of share [0, 9227468)): redistribute 0.028 ntt 0.390 crt 0.000 out 0.018 spills+carry 0.002 total 0.428 s
dist_mn node 0: 10066329 x 8388608 limbs over 2 x 4 ranks (cap 2^25): 1 x 1 pieces, 1 formed, 0 skipped (low product) (low cut) (cache 0 slots: 0 hits, 0 misses)
dist_mn node 1: 2^25 = 2^12 x 2^13 over 2 x 4 ranks, 3 primes (rows 512..512; 10066329 + 8388608 limbs at 0, window [9227468, 18454936) of share [9227468, 18454936)): redistribute 0.027 ntt 0.397 crt 0.000 out 0.017 spills+carry 0.002 total 0.428 s
dist_mn node 1: 10066329 x 8388608 limbs over 2 x 4 ranks (cap 2^25): 1 x 1 pieces, 1 formed, 0 skipped (low product) (low cut) (cache 0 slots: 0 hits, 0 misses)
dist_mn node 0: 10066329 + 8388608 limbs -> 18454936 (share 9227468): redistribute 0.028 ntt 0.390 crt 0.000 out 0.018 spills+carry 0.002, total 0.429 s
dist_mn node 1: 10066329 + 8388608 limbs -> 18454936 (share 9227468): redistribute 0.027 ntt 0.397 crt 0.000 out 0.017 spills+carry 0.002, total 0.429 s
dist_mn node 1: 10066329 x 8388608 limbs over 2 x 4 ranks (cap 2^25): 1 x 1 pieces, 0 formed, 1 skipped (low cut) (cache 0 slots: 0 hits, 0 misses)
dist_mn node 0: 10066329 x 8388608 limbs over 2 x 4 ranks (cap 2^25): 1 x 1 pieces, 0 formed, 1 skipped (low cut) (cache 0 slots: 0 hits, 0 misses)
dist_mn node 1: 10066329 + 8388608 limbs -> 0 (share 9227469): redistribute 0.000 ntt 0.000 crt 0.000 out 0.000 spills+carry 0.000, total 0.000 s
dist_mn node 0: 10066329 + 8388608 limbs -> 0 (share 9227468): redistribute 0.000 ntt 0.000 crt 0.000 out 0.000 spills+carry 0.000, total 0.003 s
mdev 3*2^23 (18454937 limbs): repack 0.034 h2d 0.001 fwd 0.003 inv 0.001 d2h 0.023 crt 0.011 total 0.062 s
mdev 3*2^23 (18454937 limbs): repack 0.020 h2d 0.001 fwd 0.003 inv 0.001 d2h 0.049 crt 0.016 total 0.077 s
dist_mn node 0: 10066329 x 8388608 limbs over 2 x 4 ranks (cap 2^25): 1 x 1 pieces, 0 formed, 1 skipped (low product) (low cut) (cache 0 slots: 0 hits, 0 misses)
dist_mn node 1: 10066329 x 8388608 limbs over 2 x 4 ranks (cap 2^25): 1 x 1 pieces, 0 formed, 1 skipped (low product) (low cut) (cache 0 slots: 0 hits, 0 misses)
dist_mn node 0: 10066329 + 8388608 limbs -> 0 (share 9227468): redistribute 0.000 ntt 0.000 crt 0.000 out 0.000 spills+carry 0.000, total 0.000 s
dist_mn node 1: 10066329 + 8388608 limbs -> 0 (share 9227468): redistribute 0.000 ntt 0.000 crt 0.000 out 0.000 spills+carry 0.000, total 0.000 s
mdev 3*2^23 (18454937 limbs): repack 0.019 h2d 0.001 fwd 0.002 inv 0.001 d2h 0.048 crt 0.010 total 0.073 s
mdev 3*2^23 (18454937 limbs): repack 0.028 h2d 0.001 fwd 0.002 inv 0.001 d2h 0.031 crt 0.014 total 0.066 s
dist_mn node 0: 2^25 = 2^12 x 2^13 over 2 x 4 ranks, 3 primes (rows 512..512; 10066329 + 8388608 limbs at 0, window [0, 9227468) of share [0, 9227468)): redistribute 0.026 ntt 0.392 crt 0.000 out 0.020 spills+carry 0.002 total 0.436 s [B cached]
dist_mn node 0: 10066329 x 8388608 limbs over 2 x 4 ranks (cap 2^25): 1 x 1 pieces, 1 formed, 0 skipped (cache 2 slots: 0 hits, 1 misses)
dist_mn node 1: 2^25 = 2^12 x 2^13 over 2 x 4 ranks, 3 primes (rows 512..512; 10066329 + 8388608 limbs at 0, window [9227468, 18454937) of share [9227468, 18454937)): redistribute 0.022 ntt 0.395 crt 0.000 out 0.022 spills+carry 0.002 total 0.436 s [B cached]
dist_mn node 1: 10066329 x 8388608 limbs over 2 x 4 ranks (cap 2^25): 1 x 1 pieces, 1 formed, 0 skipped (cache 2 slots: 0 hits, 1 misses)
dist_mn node 0: 10066329 + 8388608 limbs -> 18454937 (share 9227468): redistribute 0.026 ntt 0.392 crt 0.000 out 0.020 spills+carry 0.002, total 0.484 s
dist_mn node 1: 10066329 + 8388608 limbs -> 18454937 (share 9227469): redistribute 0.022 ntt 0.395 crt 0.000 out 0.022 spills+carry 0.002, total 0.438 s
dist_mn node 0: 2^25 = 2^12 x 2^13 over 2 x 4 ranks, 3 primes (rows 512..512; 10066329 + 8388608 limbs at 0, window [0, 9227468) of share [0, 9227468)): redistribute 0.021 ntt 0.293 crt 0.000 out 0.015 spills+carry 0.002 total 0.328 s [B hit]
dist_mn node 0: 10066329 x 8388608 limbs over 2 x 4 ranks (cap 2^25): 1 x 1 pieces, 1 formed, 0 skipped (low product) (cache 0 slots: 1 hits, 1 misses)
dist_mn node 1: 2^25 = 2^12 x 2^13 over 2 x 4 ranks, 3 primes (rows 512..512; 10066329 + 8388608 limbs at 0, window [9227468, 18454936) of share [9227468, 18454936)): redistribute 0.021 ntt 0.295 crt 0.000 out 0.019 spills+carry 0.002 total 0.328 s [B hit]
dist_mn node 1: 10066329 x 8388608 limbs over 2 x 4 ranks (cap 2^25): 1 x 1 pieces, 1 formed, 0 skipped (low product) (cache 0 slots: 1 hits, 1 misses)
dist_mn node 0: 10066329 + 8388608 limbs -> 18454936 (share 9227468): redistribute 0.021 ntt 0.293 crt 0.000 out 0.015 spills+carry 0.002, total 0.328 s
dist_mn node 1: 10066329 + 8388608 limbs -> 18454936 (share 9227468): redistribute 0.021 ntt 0.295 crt 0.000 out 0.019 spills+carry 0.002, total 0.328 s
dist_mn node 0: 2^24 = 2^12 x 2^12 over 2 x 4 ranks, 3 primes (rows 512..512; 5033164 + 8388601 limbs at 0, window [0, 6710882) of share [0, 6710882)): redistribute 0.027 ntt 0.247 crt 0.000 out 0.012 spills+carry 0.001 total 0.340 s
dist_mn node 0: 5033164 x 8388601 limbs over 2 x 4 ranks (cap 2^25): 1 x 1 pieces, 1 formed, 0 skipped (cache 0 slots: 0 hits, 0 misses)
dist_mn node 1: 2^24 = 2^12 x 2^12 over 2 x 4 ranks, 3 primes (rows 512..512; 5033164 + 8388601 limbs at 0, window [6710882, 13421765) of share [6710882, 13421765)): redistribute 0.043 ntt 0.246 crt 0.000 out 0.015 spills+carry 0.002 total 0.339 s
dist_mn node 1: 5033164 x 8388601 limbs over 2 x 4 ranks (cap 2^25): 1 x 1 pieces, 1 formed, 0 skipped (cache 0 slots: 0 hits, 0 misses)
dist_mn node 0: 5033164 + 8388601 limbs -> 13421765 (share 6710882): redistribute 0.027 ntt 0.247 crt 0.000 out 0.012 spills+carry 0.001, total 0.340 s
dist_mn node 1: 5033164 + 8388601 limbs -> 13421765 (share 6710883): redistribute 0.043 ntt 0.246 crt 0.000 out 0.015 spills+carry 0.002, total 0.340 s
mdev 2^24 (13421765 limbs): repack 0.017 h2d 0.001 fwd 0.003 inv 0.001 d2h 0.030 crt 0.007 total 0.050 s
mdev 2^24 (13421765 limbs): repack 0.021 h2d 0.002 fwd 0.002 inv 0.001 d2h 0.065 crt 0.036 total 0.106 s
dist_mn node 0: 2^24 = 2^12 x 2^12 over 2 x 4 ranks, 3 primes (rows 512..512; 5033164 + 8388601 limbs at 0, window [0, 2516583) of share [0, 2516583)): redistribute 0.020 ntt 0.207 crt 0.000 out 0.005 spills+carry 0.003 total 0.231 s
dist_mn node 0: 5033164 x 8388601 limbs over 2 x 4 ranks (cap 2^25): 1 x 1 pieces, 1 formed, 0 skipped (low product) (cache 0 slots: 0 hits, 0 misses)
dist_mn node 1: 2^24 = 2^12 x 2^12 over 2 x 4 ranks, 3 primes (rows 512..512; 5033164 + 8388601 limbs at 0, window [2516583, 5033167) of share [2516583, 5033167)): redistribute 0.079 ntt 0.208 crt 0.000 out 0.006 spills+carry 0.003 total 0.292 s
dist_mn node 1: 5033164 x 8388601 limbs over 2 x 4 ranks (cap 2^25): 1 x 1 pieces, 1 formed, 0 skipped (low product) (cache 0 slots: 0 hits, 0 misses)
dist_mn node 1: 5033164 + 8388601 limbs -> 5033167 (share 2516584): redistribute 0.079 ntt 0.208 crt 0.000 out 0.006 spills+carry 0.003, total 0.293 s
dist_mn node 0: 5033164 + 8388601 limbs -> 5033167 (share 2516583): redistribute 0.020 ntt 0.207 crt 0.000 out 0.005 spills+carry 0.003, total 0.232 s
dist_mn node 0: 2^25 = 2^12 x 2^13 over 2 x 4 ranks, 3 primes (rows 512..512; 10066329 + 8388608 + x limbs at 0, window [0, 9227469) of share [0, 9227469)): redistribute 0.047 ntt 0.411 crt 0.001 out 0.030 spills+carry 0.002 total 0.518 s
dist_mn node 0: 10066329 x 8388608 limbs over 2 x 4 ranks (cap 2^25): 1 x 1 pieces, 1 formed, 0 skipped (cache 0 slots: 0 hits, 0 misses)
dist_mn node 1: 2^25 = 2^12 x 2^13 over 2 x 4 ranks, 3 primes (rows 512..512; 10066329 + 8388608 + x limbs at 0, window [9227469, 18454938) of share [9227469, 18454938)): redistribute 0.039 ntt 0.411 crt 0.001 out 0.023 spills+carry 0.002 total 0.520 s
dist_mn node 1: 10066329 x 8388608 limbs over 2 x 4 ranks (cap 2^25): 1 x 1 pieces, 1 formed, 0 skipped (cache 0 slots: 0 hits, 0 misses)
dist_mn node 0: 10066329 + 8388608 + x limbs -> 18454937 (share 9227469): redistribute 0.047 ntt 0.411 crt 0.001 out 0.030 spills+carry 0.002, total 0.519 s
dist_mn node 1: 10066329 + 8388608 + x limbs -> 18454937 (share 9227469): redistribute 0.039 ntt 0.411 crt 0.001 out 0.023 spills+carry 0.002, total 0.521 s
mdb_add_shifted node 0: 8388605 limbs at 0 into a basis of 18454938 (my window [0, 8388605), 1 rounds of 2097152; slabs 2097151 + 2097151 limbs per APU 0): 0.013 s
mdb_add_shifted node 1: 8388605 limbs at 0 into a basis of 18454938 (my window [9227469, 9227469), 1 rounds of 2097152; slabs 0 + 0 limbs per APU 0): 0.032 s
mdb_add_shifted node 0: 8388605 limbs at 7 into a basis of 18454938 (my window [7, 8388612), 1 rounds of 2097152; slabs 2097151 + 2097151 limbs per APU 0): 0.044 s
mdb_add_shifted node 1: 8388605 limbs at 7 into a basis of 18454938 (my window [9227469, 9227469), 1 rounds of 2097152; slabs 0 + 0 limbs per APU 0): 0.049 s
mdb_add_shifted node 0: 8388605 limbs at 5033164 into a basis of 18454938 (my window [5033164, 9227469), 1 rounds of 1048592; slabs 1048576 + 1048576 limbs per APU 0): 0.010 s
mdb_add_shifted node 1: 8388605 limbs at 5033164 into a basis of 18454938 (my window [9227469, 13421769), 1 rounds of 1048592; slabs 1048575 + 1048575 limbs per APU 0): 0.014 s
mdb_add_shifted node 1: 8388605 limbs at 10066329 into a basis of 18454938 (my window [10066329, 18454934), 1 rounds of 2097152; slabs 0 + 2097151 limbs per APU 0): 0.048 s
mdb_add_shifted node 0: 8388605 limbs at 10066329 into a basis of 18454938 (my window [10066329, 10066329), 1 rounds of 2097152; slabs 2097151 + 0 limbs per APU 0): 0.041 s
dbig pool: APU0 hipMalloc 0.04 GB inside the phase (free 0.11 GB in 12 extents, largest 0.03; live 0.07 GB in 16 blocks)
dbig pool: APU1 hipMalloc 0.04 GB inside the phase (free 0.11 GB in 12 extents, largest 0.03; live 0.07 GB in 17 blocks)
dbig pool: APU2 hipMalloc 0.04 GB inside the phase (free 0.11 GB in 12 extents, largest 0.03; live 0.07 GB in 18 blocks)
dbig pool: APU0 hipMalloc 0.04 GB inside the phase (free 0.11 GB in 12 extents, largest 0.03; live 0.07 GB in 16 blocks)
dbig pool: APU1 hipMalloc 0.04 GB inside the phase (free 0.11 GB in 12 extents, largest 0.03; live 0.07 GB in 17 blocks)
dbig pool: APU3 hipMalloc 0.04 GB inside the phase (free 0.11 GB in 12 extents, largest 0.03; live 0.07 GB in 19 blocks)
dbig pool: APU2 hipMalloc 0.04 GB inside the phase (free 0.11 GB in 12 extents, largest 0.03; live 0.07 GB in 18 blocks)
dbig pool: APU3 hipMalloc 0.04 GB inside the phase (free 0.11 GB in 12 extents, largest 0.03; live 0.07 GB in 19 blocks)
dbig pool: APU0 hipMalloc 0.02 GB inside the phase (free 0.08 GB in 10 extents, largest 0.01; live 0.14 GB in 24 blocks)
dbig pool: APU0 hipMalloc 0.02 GB inside the phase (free 0.08 GB in 10 extents, largest 0.01; live 0.14 GB in 23 blocks)
dbig pool: APU0 hipMalloc 0.02 GB inside the phase (free 0.08 GB in 10 extents, largest 0.01; live 0.16 GB in 25 blocks)
dbig pool: APU0 hipMalloc 0.02 GB inside the phase (free 0.08 GB in 10 extents, largest 0.01; live 0.16 GB in 24 blocks)
dbig pool: APU1 hipMalloc 0.02 GB inside the phase (free 0.08 GB in 10 extents, largest 0.01; live 0.14 GB in 26 blocks)
dbig pool: APU1 hipMalloc 0.02 GB inside the phase (free 0.08 GB in 10 extents, largest 0.01; live 0.16 GB in 27 blocks)
dbig pool: APU2 hipMalloc 0.02 GB inside the phase (free 0.08 GB in 10 extents, largest 0.01; live 0.14 GB in 27 blocks)
dbig pool: APU2 hipMalloc 0.02 GB inside the phase (free 0.08 GB in 10 extents, largest 0.01; live 0.16 GB in 28 blocks)
dbig pool: APU3 hipMalloc 0.02 GB inside the phase (free 0.08 GB in 10 extents, largest 0.01; live 0.14 GB in 30 blocks)
dbig pool: APU3 hipMalloc 0.02 GB inside the phase (free 0.08 GB in 10 extents, largest 0.01; live 0.16 GB in 31 blocks)
dbig pool: APU1 hipMalloc 0.02 GB inside the phase (free 0.08 GB in 10 extents, largest 0.01; live 0.14 GB in 34 blocks)
dbig pool: APU1 hipMalloc 0.02 GB inside the phase (free 0.08 GB in 10 extents, largest 0.01; live 0.16 GB in 35 blocks)
dbig pool: APU3 hipMalloc 0.02 GB inside the phase (free 0.08 GB in 10 extents, largest 0.01; live 0.14 GB in 30 blocks)
dbig pool: APU3 hipMalloc 0.02 GB inside the phase (free 0.08 GB in 10 extents, largest 0.01; live 0.16 GB in 31 blocks)
dbig pool: APU2 hipMalloc 0.02 GB inside the phase (free 0.08 GB in 10 extents, largest 0.01; live 0.14 GB in 34 blocks)
dbig pool: APU2 hipMalloc 0.02 GB inside the phase (free 0.08 GB in 10 extents, largest 0.01; live 0.16 GB in 35 blocks)
dbig pool: APU0 hipMalloc 0.04 GB inside the phase (free 0.12 GB in 12 extents, largest 0.02; live 0.14 GB in 31 blocks)
dbig pool: APU2 hipMalloc 0.04 GB inside the phase (free 0.12 GB in 12 extents, largest 0.02; live 0.14 GB in 30 blocks)
dbig pool: APU1 hipMalloc 0.04 GB inside the phase (free 0.12 GB in 12 extents, largest 0.02; live 0.14 GB in 31 blocks)
dbig pool: APU3 hipMalloc 0.04 GB inside the phase (free 0.12 GB in 12 extents, largest 0.02; live 0.14 GB in 31 blocks)
dist_mn node 0: 2^25 = 2^12 x 2^13 over 2 x 4 ranks, 3 primes (rows 512..512; 20132659 + 8388608 limbs at 0, window [0, 18454937) of share [0, 18454937)): redistribute 0.207 ntt 0.445 crt 0.001 out 0.086 spills+carry 0.005 total 0.691 s [A cached] [B cached]
dist_mn node 1: 2^25 = 2^12 x 2^13 over 2 x 4 ranks, 3 primes (rows 512..512; 20132659 + 8388608 limbs at 0, window [18454937, 28521267) of share [18454937, 36909875)): redistribute 0.186 ntt 0.444 crt 0.001 out 0.154 spills+carry 0.005 total 0.691 s [A cached] [B cached]
dbig pool: APU0 hipMalloc 0.04 GB inside the phase (free 0.15 GB in 14 extents, largest 0.03; live 0.11 GB in 20 blocks)
dbig pool: APU1 hipMalloc 0.04 GB inside the phase (free 0.15 GB in 14 extents, largest 0.03; live 0.11 GB in 21 blocks)
dbig pool: APU2 hipMalloc 0.04 GB inside the phase (free 0.15 GB in 14 extents, largest 0.03; live 0.11 GB in 22 blocks)
dbig pool: APU3 hipMalloc 0.04 GB inside the phase (free 0.15 GB in 14 extents, largest 0.03; live 0.11 GB in 23 blocks)
dbig pool: APU0 hipMalloc 0.04 GB inside the phase (free 0.12 GB in 12 extents, largest 0.02; live 0.18 GB in 35 blocks)
dbig pool: APU1 hipMalloc 0.04 GB inside the phase (free 0.12 GB in 12 extents, largest 0.02; live 0.18 GB in 34 blocks)
dbig pool: APU2 hipMalloc 0.04 GB inside the phase (free 0.12 GB in 12 extents, largest 0.02; live 0.18 GB in 35 blocks)
dbig pool: APU3 hipMalloc 0.04 GB inside the phase (free 0.12 GB in 12 extents, largest 0.02; live 0.18 GB in 37 blocks)
dist_mn node 0: 2^25 = 2^12 x 2^13 over 2 x 4 ranks, 3 primes (rows 512..512; 20132659 + 8388608 limbs at 8388608, window [0, 10066329) of share [0, 18454937), accumulated): redistribute 0.024 ntt 0.224 crt 0.000 out 0.136 spills+carry 0.008 total 0.392 s [A hit] [B cached]
dist_mn node 0: 20132659 x 16777216 limbs over 2 x 4 ranks (cap 2^25): 1 x 2 pieces, 2 formed, 0 skipped (cache 2 slots: 1 hits, 3 misses)
dist_mn node 1: 2^25 = 2^12 x 2^13 over 2 x 4 ranks, 3 primes (rows 512..512; 20132659 + 8388608 limbs at 8388608, window [10066329, 28521267) of share [18454937, 36909875), accumulated): redistribute 0.011 ntt 0.254 crt 0.002 out 0.081 spills+carry 0.008 total 0.392 s [A hit] [B cached]
dist_mn node 1: 20132659 x 16777216 limbs over 2 x 4 ranks (cap 2^25): 1 x 2 pieces, 2 formed, 0 skipped (cache 2 slots: 1 hits, 3 misses)
dist_mn node 0: 20132659 + 16777216 limbs -> 36909875 (share 18454937): redistribute 0.231 ntt 0.669 crt 0.002 out 0.222 spills+carry 0.013, total 1.100 s
dist_mn node 1: 20132659 + 16777216 limbs -> 36909875 (share 18454938): redistribute 0.198 ntt 0.697 crt 0.003 out 0.235 spills+carry 0.013, total 1.108 s
mdev 3*2^24 (36909875 limbs): repack 0.040 h2d 0.001 fwd 0.011 inv 0.005 d2h 0.059 crt 0.029 total 0.118 s
mdev 3*2^24 (36909875 limbs): repack 0.045 h2d 0.001 fwd 0.009 inv 0.005 d2h 0.042 crt 0.064 total 0.129 s
   2 pieces 20132659 x 16777216: 1.32 s
dbig pool: APU1 hipMalloc 0.04 GB inside the phase (free 0.14 GB in 13 extents, largest 0.02; live 0.16 GB in 31 blocks)
dbig pool: APU2 hipMalloc 0.04 GB inside the phase (free 0.14 GB in 13 extents, largest 0.02; live 0.16 GB in 30 blocks)
dbig pool: APU0 hipMalloc 0.04 GB inside the phase (free 0.14 GB in 13 extents, largest 0.02; live 0.16 GB in 31 blocks)
dbig pool: APU3 hipMalloc 0.04 GB inside the phase (free 0.14 GB in 13 extents, largest 0.02; live 0.16 GB in 33 blocks)
dist_mn node 0: 2^25 = 2^12 x 2^13 over 2 x 4 ranks, 3 primes (rows 512..512; 20132659 + 8388608 limbs at 0, window [0, 18454938) of share [0, 18454938)): redistribute 0.034 ntt 0.403 crt 0.001 out 0.057 spills+carry 0.001 total 0.454 s [A cached] [B cached]
dist_mn node 1: 2^25 = 2^12 x 2^13 over 2 x 4 ranks, 3 primes (rows 512..512; 20132659 + 8388608 limbs at 0, window [18454938, 28521267) of share [18454938, 36909876)): redistribute 0.035 ntt 0.378 crt 0.000 out 0.058 spills+carry 0.001 total 0.454 s [A cached] [B cached]
dbig pool: APU2 hipMalloc 0.04 GB inside the phase (free 0.14 GB in 13 extents, largest 0.02; live 0.20 GB in 34 blocks)
dbig pool: APU1 hipMalloc 0.04 GB inside the phase (free 0.14 GB in 13 extents, largest 0.02; live 0.20 GB in 35 blocks)
dbig pool: APU0 hipMalloc 0.04 GB inside the phase (free 0.14 GB in 13 extents, largest 0.02; live 0.20 GB in 35 blocks)
dbig pool: APU3 hipMalloc 0.04 GB inside the phase (free 0.14 GB in 13 extents, largest 0.02; live 0.20 GB in 35 blocks)
dist_mn node 0: 2^25 = 2^12 x 2^13 over 2 x 4 ranks, 3 primes (rows 512..512; 20132659 + 8388608 limbs at 8388608, window [0, 10066330) of share [0, 18454938), accumulated): redistribute 0.012 ntt 0.241 crt 0.000 out 0.038 spills+carry 0.006 total 0.298 s [A hit] [B cached]
dist_mn node 1: 2^25 = 2^12 x 2^13 over 2 x 4 ranks, 3 primes (rows 512..512; 20132659 + 8388608 limbs at 8388608, window [10066330, 28521267) of share [18454938, 36909876), accumulated): redistribute 0.010 ntt 0.244 crt 0.000 out 0.034 spills+carry 0.006 total 0.298 s [A hit] [B cached]
dbig pool: APU0 hipMalloc 0.03 GB inside the phase (free 0.14 GB in 15 extents, largest 0.02; live 0.19 GB in 25 blocks)
dbig pool: APU1 hipMalloc 0.03 GB inside the phase (free 0.14 GB in 15 extents, largest 0.02; live 0.19 GB in 34 blocks)
mdb_add_shifted node 0: 16777213 limbs at 0 into a basis of 36909876 (my window [0, 16777213), 1 rounds of 4194304; slabs 4194303 + 4194303 limbs per APU 0): 0.042 s
dist_mn node 0: 20132659 x 16777216 limbs over 2 x 4 ranks (cap 2^25): 1 x 2 pieces, 2 formed, 0 skipped (cache 2 slots: 2 hits, 6 misses)
mdb_add_shifted node 1: 16777213 limbs at 0 into a basis of 36909876 (my window [18454938, 18454938), 1 rounds of 4194304; slabs 0 + 0 limbs per APU 0): 0.042 s
dist_mn node 1: 20132659 x 16777216 limbs over 2 x 4 ranks (cap 2^25): 1 x 2 pieces, 2 formed, 0 skipped (cache 2 slots: 2 hits, 6 misses)
dist_mn node 0: 20132659 + 16777216 + x limbs -> 36909875 (share 18454938): redistribute 0.046 ntt 0.644 crt 0.002 out 0.095 spills+carry 0.007, total 0.798 s
dist_mn node 1: 20132659 + 16777216 + x limbs -> 36909875 (share 18454938): redistribute 0.045 ntt 0.621 crt 0.001 out 0.092 spills+carry 0.007, total 0.844 s
dist_mn node 0: 2^25 = 2^12 x 2^13 over 2 x 4 ranks, 3 primes (rows 512..512; 20132659 + 8388608 limbs at 0, window [0, 10066330) of share [0, 10066330)): redistribute 0.046 ntt 0.408 crt 0.000 out 0.025 spills+carry 0.000 total 0.457 s [A cached] [B cached]
dist_mn node 1: 2^25 = 2^12 x 2^13 over 2 x 4 ranks, 3 primes (rows 512..512; 20132659 + 8388608 limbs at 0, window [10066330, 20132661) of share [10066330, 20132661)): redistribute 0.049 ntt 0.405 crt 0.000 out 0.022 spills+carry 0.001 total 0.457 s [A cached] [B cached]
dist_mn node 0: 2^25 = 2^12 x 2^13 over 2 x 4 ranks, 3 primes (rows 512..512; 20132659 + 8388608 limbs at 8388608, window [0, 1677722) of share [0, 10066330), accumulated): redistribute 0.014 ntt 0.225 crt 0.000 out 0.021 spills+carry 0.002 total 0.260 s [A hit] [B cached]
dist_mn node 0: 20132659 x 16777216 limbs over 2 x 4 ranks (cap 2^25): 1 x 2 pieces, 2 formed, 0 skipped (low product) (cache 2 slots: 3 hits, 9 misses)
dist_mn node 1: 2^25 = 2^12 x 2^13 over 2 x 4 ranks, 3 primes (rows 512..512; 20132659 + 8388608 limbs at 8388608, window [1677722, 11744053) of share [10066330, 20132661), accumulated): redistribute 0.011 ntt 0.233 crt 0.000 out 0.017 spills+carry 0.001 total 0.260 s [A hit] [B cached]
dist_mn node 1: 20132659 x 16777216 limbs over 2 x 4 ranks (cap 2^25): 1 x 2 pieces, 2 formed, 0 skipped (low product) (cache 2 slots: 3 hits, 9 misses)
dist_mn node 0: 20132659 + 16777216 limbs -> 20132661 (share 10066330): redistribute 0.059 ntt 0.633 crt 0.001 out 0.046 spills+carry 0.002, total 0.718 s
dist_mn node 1: 20132659 + 16777216 limbs -> 20132661 (share 10066331): redistribute 0.060 ntt 0.638 crt 0.001 out 0.039 spills+carry 0.002, total 0.718 s
dist_mn node 0: 2^25 = 2^12 x 2^13 over 2 x 4 ranks, 3 primes (rows 512..512; 10066330 + 10066330 limbs at 0, window [0, 5033165) of share [0, 5033165)): redistribute 0.027 ntt 0.379 crt 0.001 out 0.011 spills+carry 0.000 total 0.416 s
dist_mn node 0: 10066330 x 10066330 limbs over 2 x 4 ranks (cap 2^25): 1 x 1 pieces, 1 formed, 0 skipped (low product) (cache 0 slots: 3 hits, 9 misses)
dist_mn node 1: 2^25 = 2^12 x 2^13 over 2 x 4 ranks, 3 primes (rows 512..512; 10066330 + 10066330 limbs at 0, window [5033165, 10066330) of share [5033165, 10066330)): redistribute 0.029 ntt 0.381 crt 0.001 out 0.012 spills+carry 0.000 total 0.416 s
dist_mn node 1: 10066330 x 10066330 limbs over 2 x 4 ranks (cap 2^25): 1 x 1 pieces, 1 formed, 0 skipped (low product) (cache 0 slots: 3 hits, 9 misses)
dist_mn node 0: 10066330 + 10066330 limbs -> 10066330 (share 5033165): redistribute 0.027 ntt 0.379 crt 0.001 out 0.011 spills+carry 0.000, total 0.416 s
dist_mn node 1: 10066330 + 10066330 limbs -> 10066330 (share 5033165): redistribute 0.029 ntt 0.381 crt 0.001 out 0.012 spills+carry 0.000, total 0.416 s
dist_mn node 0: 2^25 = 2^12 x 2^13 over 2 x 4 ranks, 3 primes (rows 512..512; 20132659 + 8388608 limbs at 0, window [0, 18454937) of share [0, 18454937)): redistribute 0.029 ntt 0.358 crt 0.000 out 0.036 spills+carry 0.001 total 0.420 s [A cached] [B cached]
dist_mn node 1: 2^25 = 2^12 x 2^13 over 2 x 4 ranks, 3 primes (rows 512..512; 20132659 + 8388608 limbs at 0, window [18454937, 28521267) of share [18454937, 36909874)): redistribute 0.029 ntt 0.362 crt 0.000 out 0.030 spills+carry 0.001 total 0.420 s [A cached] [B cached]
dist_mn node 0: 2^25 = 2^12 x 2^13 over 2 x 4 ranks, 3 primes (rows 512..512; 20132659 + 8388608 limbs at 8388608, window [0, 10066329) of share [0, 18454937), accumulated): redistribute 0.015 ntt 0.233 crt 0.000 out 0.029 spills+carry 0.006 total 0.278 s [A hit] [B cached]
dist_mn node 0: 20132659 x 16777216 limbs over 2 x 4 ranks (cap 2^25): 1 x 2 pieces, 2 formed, 0 skipped (low product) (cache 2 slots: 4 hits, 12 misses)
dist_mn node 1: 2^25 = 2^12 x 2^13 over 2 x 4 ranks, 3 primes (rows 512..512; 20132659 + 8388608 limbs at 8388608, window [10066329, 28521266) of share [18454937, 36909874), accumulated): redistribute 0.008 ntt 0.237 crt 0.000 out 0.030 spills+carry 0.007 total 0.278 s [A hit] [B cached]
dist_mn node 1: 20132659 x 16777216 limbs over 2 x 4 ranks (cap 2^25): 1 x 2 pieces, 2 formed, 0 skipped (low product) (cache 2 slots: 4 hits, 12 misses)
dist_mn node 0: 20132659 + 16777216 limbs -> 36909874 (share 18454937): redistribute 0.044 ntt 0.591 crt 0.001 out 0.065 spills+carry 0.007, total 0.698 s
dist_mn node 1: 20132659 + 16777216 limbs -> 36909874 (share 18454937): redistribute 0.037 ntt 0.598 crt 0.001 out 0.061 spills+carry 0.007, total 0.698 s
dist_mn node 0: 2^25 = 2^12 x 2^13 over 2 x 4 ranks, 3 primes (rows 512..512; 20132659 + 8388608 limbs at 0, window [0, 18454937) of share [0, 18454937)): redistribute 0.035 ntt 0.365 crt 0.000 out 0.027 spills+carry 0.001 total 0.421 s [A cached] [B cached]
dist_mn node 1: 2^25 = 2^12 x 2^13 over 2 x 4 ranks, 3 primes (rows 512..512; 20132659 + 8388608 limbs at 0, window [18454937, 28521267) of share [18454937, 36909875)): redistribute 0.035 ntt 0.360 crt 0.000 out 0.026 spills+carry 0.001 total 0.421 s [A cached] [B cached]
dist_mn node 0: 2^25 = 2^12 x 2^13 over 2 x 4 ranks, 3 primes (rows 512..512; 20132659 + 8388608 limbs at 8388608, window [0, 10066329) of share [0, 18454937), accumulated): redistribute 0.008 ntt 0.232 crt 0.000 out 0.024 spills+carry 0.007 total 0.270 s [A hit] [B cached]
dist_mn node 0: 20132659 x 16777216 limbs over 2 x 4 ranks (cap 2^25): 1 x 2 pieces, 2 formed, 0 skipped (low cut) (cache 2 slots: 5 hits, 15 misses)
dist_mn node 1: 2^25 = 2^12 x 2^13 over 2 x 4 ranks, 3 primes (rows 512..512; 20132659 + 8388608 limbs at 8388608, window [10066329, 28521267) of share [18454937, 36909875), accumulated): redistribute 0.007 ntt 0.228 crt 0.000 out 0.028 spills+carry 0.007 total 0.270 s [A hit] [B cached]
dist_mn node 1: 20132659 x 16777216 limbs over 2 x 4 ranks (cap 2^25): 1 x 2 pieces, 2 formed, 0 skipped (low cut) (cache 2 slots: 5 hits, 15 misses)
dist_mn node 1: 20132659 + 16777216 limbs -> 36909875 (share 18454938): redistribute 0.042 ntt 0.588 crt 0.001 out 0.054 spills+carry 0.008, total 0.692 s
dist_mn node 0: 20132659 + 16777216 limbs -> 36909875 (share 18454937): redistribute 0.043 ntt 0.596 crt 0.001 out 0.050 spills+carry 0.008, total 0.692 s
dist_mn node 0: 2^25 = 2^12 x 2^13 over 2 x 4 ranks, 3 primes (rows 512..512; 20132659 + 8388608 limbs at 0, window [0, 18454937) of share [0, 18454937)): redistribute 0.044 ntt 0.382 crt 0.000 out 0.028 spills+carry 0.001 total 0.432 s [A cached] [B cached]
dist_mn node 1: 2^25 = 2^12 x 2^13 over 2 x 4 ranks, 3 primes (rows 512..512; 20132659 + 8388608 limbs at 0, window [18454937, 28521267) of share [18454937, 36909874)): redistribute 0.044 ntt 0.376 crt 0.000 out 0.026 spills+carry 0.001 total 0.432 s [A cached] [B cached]
dist_mn node 0: 2^25 = 2^12 x 2^13 over 2 x 4 ranks, 3 primes (rows 512..512; 20132659 + 8388608 limbs at 8388608, window [0, 10066329) of share [0, 18454937), accumulated): redistribute 0.009 ntt 0.232 crt 0.000 out 0.031 spills+carry 0.006 total 0.278 s [A hit] [B cached]
dist_mn node 0: 20132659 x 16777216 limbs over 2 x 4 ranks (cap 2^25): 1 x 2 pieces, 2 formed, 0 skipped (low product) (low cut) (cache 2 slots: 6 hits, 18 misses)
dist_mn node 1: 2^25 = 2^12 x 2^13 over 2 x 4 ranks, 3 primes (rows 512..512; 20132659 + 8388608 limbs at 8388608, window [10066329, 28521266) of share [18454937, 36909874), accumulated): redistribute 0.009 ntt 0.231 crt 0.000 out 0.032 spills+carry 0.006 total 0.278 s [A hit] [B cached]
dist_mn node 1: 20132659 x 16777216 limbs over 2 x 4 ranks (cap 2^25): 1 x 2 pieces, 2 formed, 0 skipped (low product) (low cut) (cache 2 slots: 6 hits, 18 misses)
dist_mn node 0: 20132659 + 16777216 limbs -> 36909874 (share 18454937): redistribute 0.053 ntt 0.614 crt 0.001 out 0.059 spills+carry 0.007, total 0.711 s
dist_mn node 1: 20132659 + 16777216 limbs -> 36909874 (share 18454937): redistribute 0.053 ntt 0.607 crt 0.001 out 0.058 spills+carry 0.007, total 0.711 s
dist_mn node 0: 2^25 = 2^12 x 2^13 over 2 x 4 ranks, 3 primes (rows 512..512; 20132659 + 8388608 limbs at 0, window [0, 18454937) of share [0, 18454937)): redistribute 0.030 ntt 0.373 crt 0.001 out 0.029 spills+carry 0.001 total 0.428 s [A cached] [B cached]
dist_mn node 1: 2^25 = 2^12 x 2^13 over 2 x 4 ranks, 3 primes (rows 512..512; 20132659 + 8388608 limbs at 0, window [18454937, 28521267) of share [18454937, 36909875)): redistribute 0.031 ntt 0.363 crt 0.001 out 0.033 spills+carry 0.001 total 0.428 s [A cached] [B cached]
dist_mn node 0: 2^25 = 2^12 x 2^13 over 2 x 4 ranks, 3 primes (rows 512..512; 20132659 + 8388608 limbs at 8388608, window [0, 10066329) of share [0, 18454937), accumulated): redistribute 0.009 ntt 0.240 crt 0.000 out 0.024 spills+carry 0.007 total 0.280 s [A hit] [B cached]
dist_mn node 0: 20132659 x 16777216 limbs over 2 x 4 ranks (cap 2^25): 1 x 2 pieces, 2 formed, 0 skipped (low cut) (cache 2 slots: 7 hits, 21 misses)
dist_mn node 1: 2^25 = 2^12 x 2^13 over 2 x 4 ranks, 3 primes (rows 512..512; 20132659 + 8388608 limbs at 8388608, window [10066329, 28521267) of share [18454937, 36909875), accumulated): redistribute 0.009 ntt 0.242 crt 0.000 out 0.022 spills+carry 0.007 total 0.280 s [A hit] [B cached]
dist_mn node 1: 20132659 x 16777216 limbs over 2 x 4 ranks (cap 2^25): 1 x 2 pieces, 2 formed, 0 skipped (low cut) (cache 2 slots: 7 hits, 21 misses)
dist_mn node 0: 20132659 + 16777216 limbs -> 36909875 (share 18454937): redistribute 0.039 ntt 0.613 crt 0.001 out 0.053 spills+carry 0.007, total 0.709 s
dist_mn node 1: 20132659 + 16777216 limbs -> 36909875 (share 18454938): redistribute 0.041 ntt 0.605 crt 0.001 out 0.055 spills+carry 0.007, total 0.709 s
dist_mn node 0: 2^25 = 2^12 x 2^13 over 2 x 4 ranks, 3 primes (rows 512..512; 20132659 + 8388608 limbs at 0, window [0, 18454937) of share [0, 18454937)): redistribute 0.027 ntt 0.351 crt 0.000 out 0.030 spills+carry 0.001 total 0.405 s [A cached] [B cached]
dist_mn node 1: 2^25 = 2^12 x 2^13 over 2 x 4 ranks, 3 primes (rows 512..512; 20132659 + 8388608 limbs at 0, window [18454937, 28521267) of share [18454937, 36909874)): redistribute 0.029 ntt 0.342 crt 0.000 out 0.034 spills+carry 0.001 total 0.405 s [A cached] [B cached]
dist_mn node 0: 2^25 = 2^12 x 2^13 over 2 x 4 ranks, 3 primes (rows 512..512; 20132659 + 8388608 limbs at 8388608, window [0, 10066329) of share [0, 18454937), accumulated): redistribute 0.009 ntt 0.209 crt 0.000 out 0.023 spills+carry 0.007 total 0.249 s [A hit] [B cached]
dist_mn node 0: 20132659 x 16777216 limbs over 2 x 4 ranks (cap 2^25): 1 x 2 pieces, 2 formed, 0 skipped (low product) (low cut) (cache 2 slots: 8 hits, 24 misses)
dist_mn node 1: 2^25 = 2^12 x 2^13 over 2 x 4 ranks, 3 primes (rows 512..512; 20132659 + 8388608 limbs at 8388608, window [10066329, 28521266) of share [18454937, 36909874), accumulated): redistribute 0.009 ntt 0.210 crt 0.000 out 0.024 spills+carry 0.007 total 0.249 s [A hit] [B cached]
dist_mn node 1: 20132659 x 16777216 limbs over 2 x 4 ranks (cap 2^25): 1 x 2 pieces, 2 formed, 0 skipped (low product) (low cut) (cache 2 slots: 8 hits, 24 misses)
dist_mn node 0: 20132659 + 16777216 limbs -> 36909874 (share 18454937): redistribute 0.036 ntt 0.560 crt 0.001 out 0.053 spills+carry 0.007, total 0.655 s
dist_mn node 1: 20132659 + 16777216 limbs -> 36909874 (share 18454937): redistribute 0.038 ntt 0.551 crt 0.001 out 0.058 spills+carry 0.007, total 0.655 s
dist_mn node 0: 20132659 x 16777216 limbs over 2 x 4 ranks (cap 2^25): 1 x 2 pieces, 0 formed, 2 skipped (low cut) (cache 2 slots: 8 hits, 24 misses)
dist_mn node 1: 20132659 x 16777216 limbs over 2 x 4 ranks (cap 2^25): 1 x 2 pieces, 0 formed, 2 skipped (low cut) (cache 2 slots: 8 hits, 24 misses)
dist_mn node 0: 20132659 + 16777216 limbs -> 0 (share 18454937): redistribute 0.000 ntt 0.000 crt 0.000 out 0.000 spills+carry 0.000, total 0.002 s
dist_mn node 1: 20132659 + 16777216 limbs -> 0 (share 18454938): redistribute 0.000 ntt 0.000 crt 0.000 out 0.000 spills+carry 0.000, total 0.002 s
mdev 2^25 (28521267 limbs): repack 0.022 h2d 0.001 fwd 0.003 inv 0.001 d2h 0.033 crt 0.010 total 0.059 s
mdev 2^25 (28521267 limbs): repack 0.040 h2d 0.001 fwd 0.003 inv 0.001 d2h 0.018 crt 0.023 total 0.073 s
mdev 2^25 (28521267 limbs): repack 0.052 h2d 0.001 fwd 0.003 inv 0.001 d2h 0.028 crt 0.018 total 0.086 s
mdev 2^25 (28521267 limbs): repack 0.027 h2d 0.001 fwd 0.003 inv 0.001 d2h 0.045 crt 0.020 total 0.090 s
dist_mn node 0: 20132659 x 16777216 limbs over 2 x 4 ranks (cap 2^25): 1 x 2 pieces, 0 formed, 2 skipped (low product) (low cut) (cache 2 slots: 8 hits, 24 misses)
dist_mn node 1: 20132659 x 16777216 limbs over 2 x 4 ranks (cap 2^25): 1 x 2 pieces, 0 formed, 2 skipped (low product) (low cut) (cache 2 slots: 8 hits, 24 misses)
dist_mn node 0: 20132659 + 16777216 limbs -> 0 (share 18454937): redistribute 0.000 ntt 0.000 crt 0.000 out 0.000 spills+carry 0.000, total 0.002 s
dist_mn node 1: 20132659 + 16777216 limbs -> 0 (share 18454937): redistribute 0.000 ntt 0.000 crt 0.000 out 0.000 spills+carry 0.000, total 0.007 s
mdev 2^25 (28521267 limbs): repack 0.027 h2d 0.001 fwd 0.006 inv 0.002 d2h 0.015 crt 0.006 total 0.052 s
mdev 2^25 (28521267 limbs): repack 0.029 h2d 0.001 fwd 0.005 inv 0.003 d2h 0.033 crt 0.024 total 0.080 s
mdev 2^25 (28521267 limbs): repack 0.027 h2d 0.001 fwd 0.003 inv 0.001 d2h 0.030 crt 0.019 total 0.064 s
mdev 2^25 (28521267 limbs): repack 0.039 h2d 0.001 fwd 0.003 inv 0.001 d2h 0.037 crt 0.025 total 0.084 s
dist_mn node 0: 2^25 = 2^12 x 2^13 over 2 x 4 ranks, 3 primes (rows 512..512; 20132659 + 8388608 limbs at 0, window [0, 18454937) of share [0, 18454937)): redistribute 0.035 ntt 0.325 crt 0.000 out 0.030 spills+carry 0.001 total 0.390 s [B cached]
dist_mn node 1: 2^25 = 2^12 x 2^13 over 2 x 4 ranks, 3 primes (rows 512..512; 20132659 + 8388608 limbs at 0, window [18454937, 28521267) of share [18454937, 36909875)): redistribute 0.035 ntt 0.326 crt 0.000 out 0.034 spills+carry 0.001 total 0.390 s [B cached]
dist_mn node 0: 2^25 = 2^12 x 2^13 over 2 x 4 ranks, 3 primes (rows 512..512; 20132659 + 8388608 limbs at 8388608, window [0, 10066329) of share [0, 18454937), accumulated): redistribute 0.027 ntt 0.360 crt 0.000 out 0.023 spills+carry 0.007 total 0.416 s [B cached]
dist_mn node 0: 20132659 x 16777216 limbs over 2 x 4 ranks (cap 2^25): 1 x 2 pieces, 2 formed, 0 skipped (cache 2 slots: 8 hits, 26 misses)
dist_mn node 1: 2^25 = 2^12 x 2^13 over 2 x 4 ranks, 3 primes (rows 512..512; 20132659 + 8388608 limbs at 8388608, window [10066329, 28521267) of share [18454937, 36909875), accumulated): redistribute 0.027 ntt 0.361 crt 0.000 out 0.023 spills+carry 0.007 total 0.416 s [B cached]
dist_mn node 1: 20132659 x 16777216 limbs over 2 x 4 ranks (cap 2^25): 1 x 2 pieces, 2 formed, 0 skipped (cache 2 slots: 8 hits, 26 misses)
dist_mn node 0: 20132659 + 16777216 limbs -> 36909875 (share 18454937): redistribute 0.062 ntt 0.685 crt 0.001 out 0.053 spills+carry 0.007, total 0.911 s
dist_mn node 1: 20132659 + 16777216 limbs -> 36909875 (share 18454938): redistribute 0.062 ntt 0.687 crt 0.001 out 0.057 spills+carry 0.007, total 0.809 s
dist_mn node 0: 2^25 = 2^12 x 2^13 over 2 x 4 ranks, 3 primes (rows 512..512; 20132659 + 8388608 limbs at 0, window [0, 18454937) of share [0, 18454937)): redistribute 0.032 ntt 0.219 crt 0.000 out 0.022 spills+carry 0.001 total 0.275 s [B hit]
dist_mn node 1: 2^25 = 2^12 x 2^13 over 2 x 4 ranks, 3 primes (rows 512..512; 20132659 + 8388608 limbs at 0, window [18454937, 28521267) of share [18454937, 36909874)): redistribute 0.035 ntt 0.221 crt 0.000 out 0.028 spills+carry 0.001 total 0.274 s [B hit]
dist_mn node 0: 2^25 = 2^12 x 2^13 over 2 x 4 ranks, 3 primes (rows 512..512; 20132659 + 8388608 limbs at 8388608, window [0, 10066329) of share [0, 18454937), accumulated): redistribute 0.026 ntt 0.211 crt 0.000 out 0.027 spills+carry 0.007 total 0.265 s [B hit]
dist_mn node 0: 20132659 x 16777216 limbs over 2 x 4 ranks (cap 2^25): 1 x 2 pieces, 2 formed, 0 skipped (low product) (cache 2 slots: 10 hits, 26 misses)
dist_mn node 1: 2^25 = 2^12 x 2^13 over 2 x 4 ranks, 3 primes (rows 512..512; 20132659 + 8388608 limbs at 8388608, window [10066329, 28521266) of share [18454937, 36909874), accumulated): redistribute 0.025 ntt 0.215 crt 0.000 out 0.025 spills+carry 0.007 total 0.265 s [B hit]
dist_mn node 1: 20132659 x 16777216 limbs over 2 x 4 ranks (cap 2^25): 1 x 2 pieces, 2 formed, 0 skipped (low product) (cache 2 slots: 10 hits, 26 misses)
dist_mn node 0: 20132659 + 16777216 limbs -> 36909874 (share 18454937): redistribute 0.059 ntt 0.431 crt 0.001 out 0.049 spills+carry 0.008, total 0.541 s
dist_mn node 1: 20132659 + 16777216 limbs -> 36909874 (share 18454937): redistribute 0.060 ntt 0.436 crt 0.001 out 0.052 spills+carry 0.008, total 0.541 s
dist_mn node 0: 2^25 = 2^12 x 2^13 over 2 x 4 ranks, 3 primes (rows 512..512; 10066329 + 16777209 limbs at 0, window [0, 13421769) of share [0, 13421769)): redistribute 0.028 ntt 0.335 crt 0.000 out 0.026 spills+carry 0.001 total 0.381 s
dist_mn node 0: 10066329 x 16777209 limbs over 2 x 4 ranks (cap 2^25): 1 x 1 pieces, 1 formed, 0 skipped (cache 0 slots: 0 hits, 0 misses)
dist_mn node 1: 2^25 = 2^12 x 2^13 over 2 x 4 ranks, 3 primes (rows 512..512; 10066329 + 16777209 limbs at 0, window [13421769, 26843538) of share [13421769, 26843538)): redistribute 0.028 ntt 0.325 crt 0.000 out 0.027 spills+carry 0.001 total 0.381 s
dist_mn node 1: 10066329 x 16777209 limbs over 2 x 4 ranks (cap 2^25): 1 x 1 pieces, 1 formed, 0 skipped (cache 0 slots: 0 hits, 0 misses)
dist_mn node 0: 10066329 + 16777209 limbs -> 26843538 (share 13421769): redistribute 0.028 ntt 0.335 crt 0.000 out 0.026 spills+carry 0.001, total 0.381 s
dist_mn node 1: 10066329 + 16777209 limbs -> 26843538 (share 13421769): redistribute 0.028 ntt 0.325 crt 0.000 out 0.027 spills+carry 0.001, total 0.381 s
mdev 2^25 (26843538 limbs): repack 0.028 h2d 0.001 fwd 0.004 inv 0.003 d2h 0.025 crt 0.017 total 0.064 s
mdev 2^25 (26843538 limbs): repack 0.031 h2d 0.001 fwd 0.006 inv 0.002 d2h 0.026 crt 0.018 total 0.067 s
dist_mn node 0: 2^25 = 2^12 x 2^13 over 2 x 4 ranks, 3 primes (rows 512..512; 10066329 + 16777209 limbs at 0, window [0, 5033166) of share [0, 5033166)): redistribute 0.049 ntt 0.380 crt 0.000 out 0.015 spills+carry 0.000 total 0.428 s
dist_mn node 0: 10066329 x 16777209 limbs over 2 x 4 ranks (cap 2^25): 1 x 1 pieces, 1 formed, 0 skipped (low product) (cache 0 slots: 0 hits, 0 misses)
dist_mn node 1: 2^25 = 2^12 x 2^13 over 2 x 4 ranks, 3 primes (rows 512..512; 10066329 + 16777209 limbs at 0, window [5033166, 10066332) of share [5033166, 10066332)): redistribute 0.040 ntt 0.379 crt 0.000 out 0.013 spills+carry 0.000 total 0.416 s
dist_mn node 1: 10066329 x 16777209 limbs over 2 x 4 ranks (cap 2^25): 1 x 1 pieces, 1 formed, 0 skipped (low product) (cache 0 slots: 0 hits, 0 misses)
dist_mn node 0: 10066329 + 16777209 limbs -> 10066332 (share 5033166): redistribute 0.049 ntt 0.380 crt 0.000 out 0.015 spills+carry 0.000, total 0.429 s
dist_mn node 1: 10066329 + 16777209 limbs -> 10066332 (share 5033166): redistribute 0.040 ntt 0.379 crt 0.000 out 0.013 spills+carry 0.000, total 0.418 s
dist_mn node 0: 2^25 = 2^12 x 2^13 over 2 x 4 ranks, 3 primes (rows 512..512; 20132659 + 8388608 limbs at 0, window [0, 18454938) of share [0, 18454938)): redistribute 0.041 ntt 0.452 crt 0.000 out 0.028 spills+carry 0.001 total 0.522 s [A cached] [B cached]
dist_mn node 1: 2^25 = 2^12 x 2^13 over 2 x 4 ranks, 3 primes (rows 512..512; 20132659 + 8388608 limbs at 0, window [18454938, 28521267) of share [18454938, 36909876)): redistribute 0.041 ntt 0.449 crt 0.000 out 0.031 spills+carry 0.001 total 0.522 s [A cached] [B cached]
dist_mn node 0: 2^25 = 2^12 x 2^13 over 2 x 4 ranks, 3 primes (rows 512..512; 20132659 + 8388608 limbs at 8388608, window [0, 10066330) of share [0, 18454938), accumulated): redistribute 0.008 ntt 0.272 crt 0.000 out 0.028 spills+carry 0.006 total 0.308 s [A hit] [B cached]
dist_mn node 1: 2^25 = 2^12 x 2^13 over 2 x 4 ranks, 3 primes (rows 512..512; 20132659 + 8388608 limbs at 8388608, window [10066330, 28521267) of share [18454938, 36909876), accumulated): redistribute 0.007 ntt 0.271 crt 0.000 out 0.025 spills+carry 0.006 total 0.308 s [A hit] [B cached]
mdb_add_shifted node 0: 16777213 limbs at 0 into a basis of 36909876 (my window [0, 16777213), 1 rounds of 4194304; slabs 4194303 + 4194303 limbs per APU 0): 0.024 s
dist_mn node 0: 20132659 x 16777216 limbs over 2 x 4 ranks (cap 2^25): 1 x 2 pieces, 2 formed, 0 skipped (cache 2 slots: 1 hits, 3 misses)
mdb_add_shifted node 1: 16777213 limbs at 0 into a basis of 36909876 (my window [18454938, 18454938), 1 rounds of 4194304; slabs 0 + 0 limbs per APU 0): 0.024 s
dist_mn node 1: 20132659 x 16777216 limbs over 2 x 4 ranks (cap 2^25): 1 x 2 pieces, 2 formed, 0 skipped (cache 2 slots: 1 hits, 3 misses)
dist_mn node 0: 20132659 + 16777216 + x limbs -> 36909875 (share 18454938): redistribute 0.049 ntt 0.723 crt 0.001 out 0.056 spills+carry 0.007, total 0.858 s
dist_mn node 1: 20132659 + 16777216 + x limbs -> 36909875 (share 18454938): redistribute 0.049 ntt 0.720 crt 0.001 out 0.056 spills+carry 0.007, total 0.857 s
mdb_add_shifted node 1: 16777213 limbs at 0 into a basis of 36909876 (my window [18454938, 18454938), 1 rounds of 4194304; slabs 0 + 0 limbs per APU 0): 0.077 s
mdb_add_shifted node 0: 16777213 limbs at 0 into a basis of 36909876 (my window [0, 16777213), 1 rounds of 4194304; slabs 4194303 + 4194303 limbs per APU 0): 0.080 s
mdb_add_shifted node 1: 16777213 limbs at 7 into a basis of 36909876 (my window [18454938, 18454938), 1 rounds of 4194304; slabs 0 + 0 limbs per APU 0): 0.059 s
mdb_add_shifted node 0: 16777213 limbs at 7 into a basis of 36909876 (my window [7, 16777220), 1 rounds of 4194304; slabs 4194303 + 4194303 limbs per APU 0): 0.041 s
mdb_add_shifted node 1: 16777213 limbs at 10066329 into a basis of 36909876 (my window [18454938, 26843542), 1 rounds of 2097168; slabs 2097151 + 2097151 limbs per APU 0): 0.011 s
mdb_add_shifted node 0: 16777213 limbs at 10066329 into a basis of 36909876 (my window [10066329, 18454938), 1 rounds of 2097168; slabs 2097152 + 2097152 limbs per APU 0): 0.019 s
mdb_add_shifted node 1: 16777213 limbs at 20132659 into a basis of 36909876 (my window [20132659, 36909872), 1 rounds of 4194304; slabs 0 + 4194303 limbs per APU 0): 0.023 s
mdb_add_shifted node 0: 16777213 limbs at 20132659 into a basis of 36909876 (my window [20132659, 20132659), 1 rounds of 4194304; slabs 4194303 + 0 limbs per APU 0): 0.053 s
dist_mn node 0: 2^25 = 2^12 x 2^13 over 2 x 4 ranks, 3 primes (rows 512..512; 20132659 + 8388608 limbs at 0, window [0, 18454937) of share [0, 18454937)): redistribute 0.051 ntt 0.437 crt 0.000 out 0.024 spills+carry 0.002 total 0.502 s [A cached] [B cached]
dist_mn node 1: 2^25 = 2^12 x 2^13 over 2 x 4 ranks, 3 primes (rows 512..512; 20132659 + 8388608 limbs at 0, window [18454937, 28521267) of share [18454937, 36909875)): redistribute 0.051 ntt 0.435 crt 0.000 out 0.030 spills+carry 0.002 total 0.502 s [A cached] [B cached]
dist_mn node 0: 2^25 = 2^12 x 2^13 over 2 x 4 ranks, 3 primes (rows 512..512; 20132659 + 8388608 limbs at 8388608, window [0, 10066329) of share [0, 18454937), accumulated): redistribute 0.008 ntt 0.232 crt 0.000 out 0.027 spills+carry 0.009 total 0.278 s [A hit] [B cached]
dist_mn node 0: 20132659 x 16777216 limbs over 2 x 4 ranks (cap 2^25): 1 x 2 pieces, 2 formed, 0 skipped (cache 2 slots: 2 hits, 6 misses)
dist_mn node 1: 2^25 = 2^12 x 2^13 over 2 x 4 ranks, 3 primes (rows 512..512; 20132659 + 8388608 limbs at 8388608, window [10066329, 28521267) of share [18454937, 36909875), accumulated): redistribute 0.008 ntt 0.229 crt 0.000 out 0.030 spills+carry 0.009 total 0.278 s [A hit] [B cached]
dist_mn node 1: 20132659 x 16777216 limbs over 2 x 4 ranks (cap 2^25): 1 x 2 pieces, 2 formed, 0 skipped (cache 2 slots: 2 hits, 6 misses)
dist_mn node 0: 20132659 + 16777216 limbs -> 36909875 (share 18454937): redistribute 0.060 ntt 0.669 crt 0.001 out 0.051 spills+carry 0.011, total 0.781 s
dist_mn node 1: 20132659 + 16777216 limbs -> 36909875 (share 18454938): redistribute 0.059 ntt 0.664 crt 0.001 out 0.061 spills+carry 0.011, total 0.801 s
mdev 3*2^24 (36909875 limbs): repack 0.037 h2d 0.001 fwd 0.008 inv 0.006 d2h 0.029 crt 0.033 total 0.084 s
mdev 3*2^24 (36909875 limbs): repack 0.040 h2d 0.001 fwd 0.010 inv 0.005 d2h 0.028 crt 0.037 total 0.086 s
dist_mn node 0: 2^25 = 2^12 x 2^13 over 2 x 4 ranks, 3 primes (rows 512..512; 20132659 + 8388608 limbs at 0, window [0, 18454938) of share [0, 18454938)): redistribute 0.041 ntt 0.418 crt 0.000 out 0.021 spills+carry 0.002 total 0.482 s [A cached] [B cached]
dist_mn node 1: 2^25 = 2^12 x 2^13 over 2 x 4 ranks, 3 primes (rows 512..512; 20132659 + 8388608 limbs at 0, window [18454938, 28521267) of share [18454938, 36909876)): redistribute 0.043 ntt 0.417 crt 0.000 out 0.029 spills+carry 0.002 total 0.482 s [A cached] [B cached]
dist_mn node 0: 2^25 = 2^12 x 2^13 over 2 x 4 ranks, 3 primes (rows 512..512; 20132659 + 8388608 limbs at 8388608, window [0, 10066330) of share [0, 18454938), accumulated): redistribute 0.008 ntt 0.240 crt 0.000 out 0.025 spills+carry 0.009 total 0.281 s [A hit] [B cached]
dist_mn node 1: 2^25 = 2^12 x 2^13 over 2 x 4 ranks, 3 primes (rows 512..512; 20132659 + 8388608 limbs at 8388608, window [10066330, 28521267) of share [18454938, 36909876), accumulated): redistribute 0.007 ntt 0.242 crt 0.000 out 0.024 spills+carry 0.009 total 0.281 s [A hit] [B cached]
mdb_add_shifted node 0: 16777213 limbs at 0 into a basis of 36909876 (my window [0, 16777213), 1 rounds of 4194304; slabs 4194303 + 4194303 limbs per APU 0): 0.024 s
dist_mn node 0: 20132659 x 16777216 limbs over 2 x 4 ranks (cap 2^25): 1 x 2 pieces, 2 formed, 0 skipped (cache 2 slots: 3 hits, 9 misses)
mdb_add_shifted node 1: 16777213 limbs at 0 into a basis of 36909876 (my window [18454938, 18454938), 1 rounds of 4194304; slabs 0 + 0 limbs per APU 0): 0.024 s
dist_mn node 1: 20132659 x 16777216 limbs over 2 x 4 ranks (cap 2^25): 1 x 2 pieces, 2 formed, 0 skipped (cache 2 slots: 3 hits, 9 misses)
dist_mn node 0: 20132659 + 16777216 + x limbs -> 36909875 (share 18454938): redistribute 0.049 ntt 0.659 crt 0.001 out 0.046 spills+carry 0.011, total 0.790 s
dist_mn node 1: 20132659 + 16777216 + x limbs -> 36909875 (share 18454938): redistribute 0.051 ntt 0.659 crt 0.001 out 0.053 spills+carry 0.011, total 0.802 s
dist_mn node 0: 2^25 = 2^12 x 2^13 over 2 x 4 ranks, 3 primes (rows 512..512; 20132659 + 8388608 limbs at 0, window [0, 10066330) of share [0, 10066330)): redistribute 0.039 ntt 0.337 crt 0.000 out 0.031 spills+carry 0.002 total 0.404 s [A cached] [B cached]
dist_mn node 1: 2^25 = 2^12 x 2^13 over 2 x 4 ranks, 3 primes (rows 512..512; 20132659 + 8388608 limbs at 0, window [10066330, 20132661) of share [10066330, 20132661)): redistribute 0.039 ntt 0.339 crt 0.000 out 0.028 spills+carry 0.002 total 0.403 s [A cached] [B cached]
dist_mn node 0: 2^25 = 2^12 x 2^13 over 2 x 4 ranks, 3 primes (rows 512..512; 20132659 + 8388608 limbs at 8388608, window [0, 1677722) of share [0, 10066330), accumulated): redistribute 0.007 ntt 0.235 crt 0.000 out 0.021 spills+carry 0.006 total 0.268 s [A hit] [B cached]
dist_mn node 0: 20132659 x 16777216 limbs over 2 x 4 ranks (cap 2^25): 1 x 2 pieces, 2 formed, 0 skipped (low product) (cache 2 slots: 4 hits, 12 misses)
dist_mn node 1: 2^25 = 2^12 x 2^13 over 2 x 4 ranks, 3 primes (rows 512..512; 20132659 + 8388608 limbs at 8388608, window [1677722, 11744053) of share [10066330, 20132661), accumulated): redistribute 0.007 ntt 0.240 crt 0.000 out 0.015 spills+carry 0.006 total 0.268 s [A hit] [B cached]
dist_mn node 1: 20132659 x 16777216 limbs over 2 x 4 ranks (cap 2^25): 1 x 2 pieces, 2 formed, 0 skipped (low product) (cache 2 slots: 4 hits, 12 misses)
dist_mn node 0: 20132659 + 16777216 limbs -> 20132661 (share 10066330): redistribute 0.046 ntt 0.571 crt 0.001 out 0.052 spills+carry 0.008, total 0.673 s
dist_mn node 1: 20132659 + 16777216 limbs -> 20132661 (share 10066331): redistribute 0.046 ntt 0.579 crt 0.001 out 0.043 spills+carry 0.008, total 0.673 s
dist_mn node 0: 2^25 = 2^12 x 2^13 over 2 x 4 ranks, 3 primes (rows 512..512; 10066330 + 10066330 limbs at 0, window [0, 5033165) of share [0, 5033165)): redistribute 0.032 ntt 0.408 crt 0.000 out 0.011 spills+carry 0.003 total 0.451 s
dist_mn node 0: 10066330 x 10066330 limbs over 2 x 4 ranks (cap 2^25): 1 x 1 pieces, 1 formed, 0 skipped (low product) (cache 0 slots: 4 hits, 12 misses)
dist_mn node 1: 2^25 = 2^12 x 2^13 over 2 x 4 ranks, 3 primes (rows 512..512; 10066330 + 10066330 limbs at 0, window [5033165, 10066330) of share [5033165, 10066330)): redistribute 0.032 ntt 0.409 crt 0.000 out 0.008 spills+carry 0.003 total 0.451 s
dist_mn node 1: 10066330 x 10066330 limbs over 2 x 4 ranks (cap 2^25): 1 x 1 pieces, 1 formed, 0 skipped (low product) (cache 0 slots: 4 hits, 12 misses)
dist_mn node 0: 10066330 + 10066330 limbs -> 1 (share 5033165): redistribute 0.032 ntt 0.408 crt 0.000 out 0.011 spills+carry 0.003, total 0.451 s
dist_mn node 1: 10066330 + 10066330 limbs -> 1 (share 5033165): redistribute 0.032 ntt 0.409 crt 0.000 out 0.008 spills+carry 0.003, total 0.451 s
dist_mn node 0: 2^25 = 2^12 x 2^13 over 2 x 4 ranks, 3 primes (rows 512..512; 20132659 + 8388608 limbs at 0, window [0, 18454937) of share [0, 18454937)): redistribute 0.045 ntt 0.416 crt 0.000 out 0.026 spills+carry 0.002 total 0.476 s [A cached] [B cached]
dist_mn node 1: 2^25 = 2^12 x 2^13 over 2 x 4 ranks, 3 primes (rows 512..512; 20132659 + 8388608 limbs at 0, window [18454937, 28521267) of share [18454937, 36909874)): redistribute 0.045 ntt 0.418 crt 0.000 out 0.026 spills+carry 0.002 total 0.476 s [A cached] [B cached]
dist_mn node 0: 2^25 = 2^12 x 2^13 over 2 x 4 ranks, 3 primes (rows 512..512; 20132659 + 8388608 limbs at 8388608, window [0, 10066329) of share [0, 18454937), accumulated): redistribute 0.011 ntt 0.210 crt 0.000 out 0.025 spills+carry 0.008 total 0.255 s [A hit] [B cached]
dist_mn node 0: 20132659 x 16777216 limbs over 2 x 4 ranks (cap 2^25): 1 x 2 pieces, 2 formed, 0 skipped (low product) (cache 2 slots: 5 hits, 15 misses)
dist_mn node 1: 2^25 = 2^12 x 2^13 over 2 x 4 ranks, 3 primes (rows 512..512; 20132659 + 8388608 limbs at 8388608, window [10066329, 28521266) of share [18454937, 36909874), accumulated): redistribute 0.010 ntt 0.216 crt 0.000 out 0.024 spills+carry 0.008 total 0.255 s [A hit] [B cached]
dist_mn node 1: 20132659 x 16777216 limbs over 2 x 4 ranks (cap 2^25): 1 x 2 pieces, 2 formed, 0 skipped (low product) (cache 2 slots: 5 hits, 15 misses)
dist_mn node 0: 20132659 + 16777216 limbs -> 36909874 (share 18454937): redistribute 0.056 ntt 0.627 crt 0.001 out 0.051 spills+carry 0.010, total 0.732 s
dist_mn node 1: 20132659 + 16777216 limbs -> 36909874 (share 18454937): redistribute 0.054 ntt 0.634 crt 0.001 out 0.050 spills+carry 0.010, total 0.732 s
dist_mn node 0: 2^25 = 2^12 x 2^13 over 2 x 4 ranks, 3 primes (rows 512..512; 20132659 + 8388608 limbs at 0, window [0, 18454937) of share [0, 18454937)): redistribute 0.048 ntt 0.423 crt 0.000 out 0.027 spills+carry 0.002 total 0.486 s [A cached] [B cached]
dist_mn node 1: 2^25 = 2^12 x 2^13 over 2 x 4 ranks, 3 primes (rows 512..512; 20132659 + 8388608 limbs at 0, window [18454937, 28521267) of share [18454937, 36909875)): redistribute 0.048 ntt 0.418 crt 0.000 out 0.029 spills+carry 0.002 total 0.486 s [A cached] [B cached]
dist_mn node 0: 2^25 = 2^12 x 2^13 over 2 x 4 ranks, 3 primes (rows 512..512; 20132659 + 8388608 limbs at 8388608, window [0, 10066329) of share [0, 18454937), accumulated): redistribute 0.013 ntt 0.246 crt 0.000 out 0.024 spills+carry 0.009 total 0.290 s [A hit] [B cached]
dist_mn node 0: 20132659 x 16777216 limbs over 2 x 4 ranks (cap 2^25): 1 x 2 pieces, 2 formed, 0 skipped (low cut) (cache 2 slots: 6 hits, 18 misses)
dist_mn node 1: 2^25 = 2^12 x 2^13 over 2 x 4 ranks, 3 primes (rows 512..512; 20132659 + 8388608 limbs at 8388608, window [10066329, 28521267) of share [18454937, 36909875), accumulated): redistribute 0.013 ntt 0.248 crt 0.000 out 0.023 spills+carry 0.009 total 0.290 s [A hit] [B cached]
dist_mn node 1: 20132659 x 16777216 limbs over 2 x 4 ranks (cap 2^25): 1 x 2 pieces, 2 formed, 0 skipped (low cut) (cache 2 slots: 6 hits, 18 misses)
dist_mn node 0: 20132659 + 16777216 limbs -> 36909875 (share 18454937): redistribute 0.062 ntt 0.669 crt 0.001 out 0.050 spills+carry 0.011, total 0.776 s
dist_mn node 1: 20132659 + 16777216 limbs -> 36909875 (share 18454938): redistribute 0.061 ntt 0.666 crt 0.001 out 0.052 spills+carry 0.011, total 0.776 s
dist_mn node 0: 2^25 = 2^12 x 2^13 over 2 x 4 ranks, 3 primes (rows 512..512; 20132659 + 8388608 limbs at 0, window [0, 18454937) of share [0, 18454937)): redistribute 0.040 ntt 0.400 crt 0.000 out 0.020 spills+carry 0.002 total 0.456 s [A cached] [B cached]
dist_mn node 1: 2^25 = 2^12 x 2^13 over 2 x 4 ranks, 3 primes (rows 512..512; 20132659 + 8388608 limbs at 0, window [18454937, 28521267) of share [18454937, 36909874)): redistribute 0.039 ntt 0.398 crt 0.000 out 0.024 spills+carry 0.002 total 0.456 s [A cached] [B cached]
dist_mn node 0: 2^25 = 2^12 x 2^13 over 2 x 4 ranks, 3 primes (rows 512..512; 20132659 + 8388608 limbs at 8388608, window [0, 10066329) of share [0, 18454937), accumulated): redistribute 0.010 ntt 0.206 crt 0.000 out 0.037 spills+carry 0.009 total 0.263 s [A hit] [B cached]
dist_mn node 0: 20132659 x 16777216 limbs over 2 x 4 ranks (cap 2^25): 1 x 2 pieces, 2 formed, 0 skipped (low product) (low cut) (cache 2 slots: 7 hits, 21 misses)
dist_mn node 1: 2^25 = 2^12 x 2^13 over 2 x 4 ranks, 3 primes (rows 512..512; 20132659 + 8388608 limbs at 8388608, window [10066329, 28521266) of share [18454937, 36909874), accumulated): redistribute 0.008 ntt 0.210 crt 0.000 out 0.035 spills+carry 0.009 total 0.263 s [A hit] [B cached]
dist_mn node 1: 20132659 x 16777216 limbs over 2 x 4 ranks (cap 2^25): 1 x 2 pieces, 2 formed, 0 skipped (low product) (low cut) (cache 2 slots: 7 hits, 21 misses)
dist_mn node 0: 20132659 + 16777216 limbs -> 36909874 (share 18454937): redistribute 0.049 ntt 0.606 crt 0.001 out 0.057 spills+carry 0.011, total 0.720 s
dist_mn node 1: 20132659 + 16777216 limbs -> 36909874 (share 18454937): redistribute 0.047 ntt 0.609 crt 0.001 out 0.058 spills+carry 0.011, total 0.720 s
dist_mn node 0: 2^25 = 2^12 x 2^13 over 2 x 4 ranks, 3 primes (rows 512..512; 20132659 + 8388608 limbs at 0, window [0, 18454937) of share [0, 18454937)): redistribute 0.066 ntt 0.423 crt 0.000 out 0.031 spills+carry 0.002 total 0.484 s [A cached] [B cached]
dist_mn node 1: 2^25 = 2^12 x 2^13 over 2 x 4 ranks, 3 primes (rows 512..512; 20132659 + 8388608 limbs at 0, window [18454937, 28521267) of share [18454937, 36909875)): redistribute 0.066 ntt 0.424 crt 0.000 out 0.025 spills+carry 0.002 total 0.484 s [A cached] [B cached]
dist_mn node 0: 2^25 = 2^12 x 2^13 over 2 x 4 ranks, 3 primes (rows 512..512; 20132659 + 8388608 limbs at 8388608, window [0, 10066329) of share [0, 18454937), accumulated): redistribute 0.011 ntt 0.226 crt 0.000 out 0.026 spills+carry 0.009 total 0.272 s [A hit] [B cached]
dist_mn node 0: 20132659 x 16777216 limbs over 2 x 4 ranks (cap 2^25): 1 x 2 pieces, 2 formed, 0 skipped (low cut) (cache 2 slots: 8 hits, 24 misses)
dist_mn node 1: 2^25 = 2^12 x 2^13 over 2 x 4 ranks, 3 primes (rows 512..512; 20132659 + 8388608 limbs at 8388608, window [10066329, 28521267) of share [18454937, 36909875), accumulated): redistribute 0.011 ntt 0.225 crt 0.000 out 0.026 spills+carry 0.009 total 0.272 s [A hit] [B cached]
dist_mn node 1: 20132659 x 16777216 limbs over 2 x 4 ranks (cap 2^25): 1 x 2 pieces, 2 formed, 0 skipped (low cut) (cache 2 slots: 8 hits, 24 misses)
dist_mn node 0: 20132659 + 16777216 limbs -> 36909875 (share 18454937): redistribute 0.077 ntt 0.649 crt 0.001 out 0.057 spills+carry 0.011, total 0.757 s
dist_mn node 1: 20132659 + 16777216 limbs -> 36909875 (share 18454938): redistribute 0.076 ntt 0.649 crt 0.001 out 0.052 spills+carry 0.011, total 0.757 s
dist_mn node 0: 2^25 = 2^12 x 2^13 over 2 x 4 ranks, 3 primes (rows 512..512; 20132659 + 8388608 limbs at 0, window [0, 18454937) of share [0, 18454937)): redistribute 0.088 ntt 0.426 crt 0.000 out 0.028 spills+carry 0.002 total 0.490 s [A cached] [B cached]
dist_mn node 1: 2^25 = 2^12 x 2^13 over 2 x 4 ranks, 3 primes (rows 512..512; 20132659 + 8388608 limbs at 0, window [18454937, 28521267) of share [18454937, 36909874)): redistribute 0.095 ntt 0.423 crt 0.000 out 0.027 spills+carry 0.002 total 0.489 s [A cached] [B cached]
dist_mn node 0: 2^25 = 2^12 x 2^13 over 2 x 4 ranks, 3 primes (rows 512..512; 20132659 + 8388608 limbs at 8388608, window [0, 10066329) of share [0, 18454937), accumulated): redistribute 0.011 ntt 0.263 crt 0.000 out 0.025 spills+carry 0.009 total 0.305 s [A hit] [B cached]
dist_mn node 0: 20132659 x 16777216 limbs over 2 x 4 ranks (cap 2^25): 1 x 2 pieces, 2 formed, 0 skipped (low product) (low cut) (cache 2 slots: 9 hits, 27 misses)
dist_mn node 1: 2^25 = 2^12 x 2^13 over 2 x 4 ranks, 3 primes (rows 512..512; 20132659 + 8388608 limbs at 8388608, window [10066329, 28521266) of share [18454937, 36909874), accumulated): redistribute 0.010 ntt 0.262 crt 0.000 out 0.025 spills+carry 0.009 total 0.305 s [A hit] [B cached]
dist_mn node 1: 20132659 x 16777216 limbs over 2 x 4 ranks (cap 2^25): 1 x 2 pieces, 2 formed, 0 skipped (low product) (low cut) (cache 2 slots: 9 hits, 27 misses)
dist_mn node 0: 20132659 + 16777216 limbs -> 36909874 (share 18454937): redistribute 0.099 ntt 0.689 crt 0.001 out 0.053 spills+carry 0.010, total 0.796 s
dist_mn node 1: 20132659 + 16777216 limbs -> 36909874 (share 18454937): redistribute 0.105 ntt 0.685 crt 0.001 out 0.052 spills+carry 0.011, total 0.796 s
dist_mn node 0: 20132659 x 16777216 limbs over 2 x 4 ranks (cap 2^25): 1 x 2 pieces, 0 formed, 2 skipped (low cut) (cache 2 slots: 9 hits, 27 misses)
dist_mn node 1: 20132659 x 16777216 limbs over 2 x 4 ranks (cap 2^25): 1 x 2 pieces, 0 formed, 2 skipped (low cut) (cache 2 slots: 9 hits, 27 misses)
dist_mn node 0: 20132659 + 16777216 limbs -> 0 (share 18454937): redistribute 0.000 ntt 0.000 crt 0.000 out 0.000 spills+carry 0.000, total 0.001 s
dist_mn node 1: 20132659 + 16777216 limbs -> 0 (share 18454938): redistribute 0.000 ntt 0.000 crt 0.000 out 0.000 spills+carry 0.000, total 0.001 s
mdev 2^25 (28521267 limbs): repack 0.026 h2d 0.001 fwd 0.003 inv 0.001 d2h 0.030 crt 0.023 total 0.064 s
mdev 2^25 (28521267 limbs): repack 0.030 h2d 0.001 fwd 0.003 inv 0.001 d2h 0.025 crt 0.023 total 0.062 s
mdev 2^25 (28521267 limbs): repack 0.031 h2d 0.001 fwd 0.006 inv 0.002 d2h 0.020 crt 0.009 total 0.058 s
mdev 2^25 (28521267 limbs): repack 0.070 h2d 0.001 fwd 0.005 inv 0.004 d2h 0.052 crt 0.024 total 0.134 s
dist_mn node 0: 20132659 x 16777216 limbs over 2 x 4 ranks (cap 2^25): 1 x 2 pieces, 0 formed, 2 skipped (low product) (low cut) (cache 2 slots: 9 hits, 27 misses)
dist_mn node 1: 20132659 x 16777216 limbs over 2 x 4 ranks (cap 2^25): 1 x 2 pieces, 0 formed, 2 skipped (low product) (low cut) (cache 2 slots: 9 hits, 27 misses)
dist_mn node 0: 20132659 + 16777216 limbs -> 0 (share 18454937): redistribute 0.000 ntt 0.000 crt 0.000 out 0.000 spills+carry 0.000, total 0.002 s
dist_mn node 1: 20132659 + 16777216 limbs -> 0 (share 18454937): redistribute 0.000 ntt 0.000 crt 0.000 out 0.000 spills+carry 0.000, total 0.004 s
mdev 2^25 (28521267 limbs): repack 0.029 h2d 0.001 fwd 0.004 inv 0.003 d2h 0.032 crt 0.023 total 0.073 s
mdev 2^25 (28521267 limbs): repack 0.032 h2d 0.001 fwd 0.005 inv 0.002 d2h 0.050 crt 0.045 total 0.095 s
mdev 2^25 (28521267 limbs): repack 0.028 h2d 0.001 fwd 0.003 inv 0.001 d2h 0.031 crt 0.014 total 0.065 s
mdev 2^25 (28521267 limbs): repack 0.039 h2d 0.001 fwd 0.002 inv 0.001 d2h 0.041 crt 0.020 total 0.098 s
dist_mn node 0: 2^25 = 2^12 x 2^13 over 2 x 4 ranks, 3 primes (rows 512..512; 20132659 + 8388608 limbs at 0, window [0, 18454937) of share [0, 18454937)): redistribute 0.021 ntt 0.290 crt 0.000 out 0.030 spills+carry 0.002 total 0.343 s [B cached]
dist_mn node 1: 2^25 = 2^12 x 2^13 over 2 x 4 ranks, 3 primes (rows 512..512; 20132659 + 8388608 limbs at 0, window [18454937, 28521267) of share [18454937, 36909875)): redistribute 0.021 ntt 0.289 crt 0.000 out 0.031 spills+carry 0.002 total 0.343 s [B cached]
dist_mn node 0: 2^25 = 2^12 x 2^13 over 2 x 4 ranks, 3 primes (rows 512..512; 20132659 + 8388608 limbs at 8388608, window [0, 10066329) of share [0, 18454937), accumulated): redistribute 0.028 ntt 0.330 crt 0.000 out 0.031 spills+carry 0.009 total 0.397 s [B cached]
dist_mn node 0: 20132659 x 16777216 limbs over 2 x 4 ranks (cap 2^25): 1 x 2 pieces, 2 formed, 0 skipped (cache 2 slots: 9 hits, 29 misses)
dist_mn node 1: 2^25 = 2^12 x 2^13 over 2 x 4 ranks, 3 primes (rows 512..512; 20132659 + 8388608 limbs at 8388608, window [10066329, 28521267) of share [18454937, 36909875), accumulated): redistribute 0.027 ntt 0.328 crt 0.000 out 0.033 spills+carry 0.009 total 0.397 s [B cached]
dist_mn node 1: 20132659 x 16777216 limbs over 2 x 4 ranks (cap 2^25): 1 x 2 pieces, 2 formed, 0 skipped (cache 2 slots: 9 hits, 29 misses)
dist_mn node 0: 20132659 + 16777216 limbs -> 36909875 (share 18454937): redistribute 0.049 ntt 0.620 crt 0.001 out 0.061 spills+carry 0.011, total 0.743 s
dist_mn node 1: 20132659 + 16777216 limbs -> 36909875 (share 18454938): redistribute 0.048 ntt 0.617 crt 0.001 out 0.063 spills+carry 0.011, total 0.924 s
dist_mn node 0: 2^25 = 2^12 x 2^13 over 2 x 4 ranks, 3 primes (rows 512..512; 20132659 + 8388608 limbs at 0, window [0, 18454937) of share [0, 18454937)): redistribute 0.035 ntt 0.296 crt 0.000 out 0.032 spills+carry 0.002 total 0.349 s [B hit]
dist_mn node 1: 2^25 = 2^12 x 2^13 over 2 x 4 ranks, 3 primes (rows 512..512; 20132659 + 8388608 limbs at 0, window [18454937, 28521267) of share [18454937, 36909874)): redistribute 0.037 ntt 0.294 crt 0.000 out 0.033 spills+carry 0.002 total 0.349 s [B hit]
dist_mn node 0: 2^25 = 2^12 x 2^13 over 2 x 4 ranks, 3 primes (rows 512..512; 20132659 + 8388608 limbs at 8388608, window [0, 10066329) of share [0, 18454937), accumulated): redistribute 0.014 ntt 0.231 crt 0.001 out 0.032 spills+carry 0.009 total 0.285 s [B hit]
dist_mn node 0: 20132659 x 16777216 limbs over 2 x 4 ranks (cap 2^25): 1 x 2 pieces, 2 formed, 0 skipped (low product) (cache 2 slots: 11 hits, 29 misses)
dist_mn node 1: 2^25 = 2^12 x 2^13 over 2 x 4 ranks, 3 primes (rows 512..512; 20132659 + 8388608 limbs at 8388608, window [10066329, 28521266) of share [18454937, 36909874), accumulated): redistribute 0.016 ntt 0.227 crt 0.001 out 0.032 spills+carry 0.009 total 0.285 s [B hit]
dist_mn node 1: 20132659 x 16777216 limbs over 2 x 4 ranks (cap 2^25): 1 x 2 pieces, 2 formed, 0 skipped (low product) (cache 2 slots: 11 hits, 29 misses)
dist_mn node 0: 20132659 + 16777216 limbs -> 36909874 (share 18454937): redistribute 0.049 ntt 0.527 crt 0.001 out 0.064 spills+carry 0.011, total 0.635 s
dist_mn node 1: 20132659 + 16777216 limbs -> 36909874 (share 18454937): redistribute 0.053 ntt 0.521 crt 0.001 out 0.064 spills+carry 0.011, total 0.635 s
dist_mn node 0: 2^25 = 2^12 x 2^13 over 2 x 4 ranks, 3 primes (rows 512..512; 10066329 + 16777209 limbs at 0, window [0, 13421769) of share [0, 13421769)): redistribute 0.038 ntt 0.419 crt 0.000 out 0.028 spills+carry 0.002 total 0.488 s
dist_mn node 0: 10066329 x 16777209 limbs over 2 x 4 ranks (cap 2^25): 1 x 1 pieces, 1 formed, 0 skipped (cache 0 slots: 0 hits, 0 misses)
dist_mn node 1: 2^25 = 2^12 x 2^13 over 2 x 4 ranks, 3 primes (rows 512..512; 10066329 + 16777209 limbs at 0, window [13421769, 26843538) of share [13421769, 26843538)): redistribute 0.040 ntt 0.415 crt 0.000 out 0.034 spills+carry 0.002 total 0.488 s
dist_mn node 1: 10066329 x 16777209 limbs over 2 x 4 ranks (cap 2^25): 1 x 1 pieces, 1 formed, 0 skipped (cache 0 slots: 0 hits, 0 misses)
dist_mn node 1: 10066329 + 16777209 limbs -> 26843538 (share 13421769): redistribute 0.040 ntt 0.415 crt 0.000 out 0.034 spills+carry 0.002, total 0.488 s
dist_mn node 0: 10066329 + 16777209 limbs -> 26843538 (share 13421769): redistribute 0.038 ntt 0.419 crt 0.000 out 0.028 spills+carry 0.002, total 0.488 s
mdev 2^25 (26843538 limbs): repack 0.032 h2d 0.001 fwd 0.004 inv 0.002 d2h 0.046 crt 0.029 total 0.086 s
mdev 2^25 (26843538 limbs): repack 0.041 h2d 0.001 fwd 0.004 inv 0.003 d2h 0.040 crt 0.018 total 0.099 s
dist_mn node 0: 2^25 = 2^12 x 2^13 over 2 x 4 ranks, 3 primes (rows 512..512; 10066329 + 16777209 limbs at 0, window [0, 5033166) of share [0, 5033166)): redistribute 0.051 ntt 0.400 crt 0.001 out 0.015 spills+carry 0.003 total 0.458 s
dist_mn node 0: 10066329 x 16777209 limbs over 2 x 4 ranks (cap 2^25): 1 x 1 pieces, 1 formed, 0 skipped (low product) (cache 0 slots: 0 hits, 0 misses)
dist_mn node 1: 2^25 = 2^12 x 2^13 over 2 x 4 ranks, 3 primes (rows 512..512; 10066329 + 16777209 limbs at 0, window [5033166, 10066332) of share [5033166, 10066332)): redistribute 0.030 ntt 0.402 crt 0.001 out 0.009 spills+carry 0.003 total 0.444 s
dist_mn node 1: 10066329 x 16777209 limbs over 2 x 4 ranks (cap 2^25): 1 x 1 pieces, 1 formed, 0 skipped (low product) (cache 0 slots: 0 hits, 0 misses)
dist_mn node 0: 10066329 + 16777209 limbs -> 10066332 (share 5033166): redistribute 0.051 ntt 0.400 crt 0.001 out 0.015 spills+carry 0.003, total 0.459 s
dist_mn node 1: 10066329 + 16777209 limbs -> 10066332 (share 5033166): redistribute 0.030 ntt 0.402 crt 0.001 out 0.009 spills+carry 0.003, total 0.446 s
dist_mn node 0: 2^25 = 2^12 x 2^13 over 2 x 4 ranks, 3 primes (rows 512..512; 20132659 + 8388608 limbs at 0, window [0, 18454938) of share [0, 18454938)): redistribute 0.048 ntt 0.417 crt 0.000 out 0.032 spills+carry 0.002 total 0.479 s [A cached] [B cached]
dist_mn node 1: 2^25 = 2^12 x 2^13 over 2 x 4 ranks, 3 primes (rows 512..512; 20132659 + 8388608 limbs at 0, window [18454938, 28521267) of share [18454938, 36909876)): redistribute 0.063 ntt 0.416 crt 0.000 out 0.030 spills+carry 0.002 total 0.479 s [A cached] [B cached]
dist_mn node 0: 2^25 = 2^12 x 2^13 over 2 x 4 ranks, 3 primes (rows 512..512; 20132659 + 8388608 limbs at 8388608, window [0, 10066330) of share [0, 18454938), accumulated): redistribute 0.011 ntt 0.249 crt 0.000 out 0.028 spills+carry 0.009 total 0.296 s [A hit] [B cached]
dist_mn node 1: 2^25 = 2^12 x 2^13 over 2 x 4 ranks, 3 primes (rows 512..512; 20132659 + 8388608 limbs at 8388608, window [10066330, 28521267) of share [18454938, 36909876), accumulated): redistribute 0.010 ntt 0.253 crt 0.000 out 0.024 spills+carry 0.009 total 0.296 s [A hit] [B cached]
mdb_add_shifted node 0: 16777213 limbs at 0 into a basis of 36909876 (my window [0, 16777213), 1 rounds of 4194304; slabs 4194303 + 4194303 limbs per APU 0): 0.033 s
dist_mn node 0: 20132659 x 16777216 limbs over 2 x 4 ranks (cap 2^25): 1 x 2 pieces, 2 formed, 0 skipped (cache 2 slots: 1 hits, 3 misses)
mdb_add_shifted node 1: 16777213 limbs at 0 into a basis of 36909876 (my window [18454938, 18454938), 1 rounds of 4194304; slabs 0 + 0 limbs per APU 0): 0.033 s
dist_mn node 1: 20132659 x 16777216 limbs over 2 x 4 ranks (cap 2^25): 1 x 2 pieces, 2 formed, 0 skipped (cache 2 slots: 1 hits, 3 misses)
dist_mn node 0: 20132659 + 16777216 + x limbs -> 36909875 (share 18454938): redistribute 0.059 ntt 0.665 crt 0.001 out 0.060 spills+carry 0.011, total 0.811 s
dist_mn node 1: 20132659 + 16777216 + x limbs -> 36909875 (share 18454938): redistribute 0.073 ntt 0.669 crt 0.001 out 0.054 spills+carry 0.011, total 0.809 s
mdb_add_shifted node 0: 16777213 limbs at 0 into a basis of 36909876 (my window [0, 16777213), 1 rounds of 4194304; slabs 4194303 + 4194303 limbs per APU 0): 0.088 s
mdb_add_shifted node 1: 16777213 limbs at 0 into a basis of 36909876 (my window [18454938, 18454938), 1 rounds of 4194304; slabs 0 + 0 limbs per APU 0): 0.065 s
mdb_add_shifted node 1: 16777213 limbs at 7 into a basis of 36909876 (my window [18454938, 18454938), 1 rounds of 4194304; slabs 0 + 0 limbs per APU 0): 0.033 s
mdb_add_shifted node 0: 16777213 limbs at 7 into a basis of 36909876 (my window [7, 16777220), 1 rounds of 4194304; slabs 4194303 + 4194303 limbs per APU 0): 0.040 s
mdb_add_shifted node 1: 16777213 limbs at 10066329 into a basis of 36909876 (my window [18454938, 26843542), 1 rounds of 2097168; slabs 2097151 + 2097151 limbs per APU 0): 0.021 s
mdb_add_shifted node 0: 16777213 limbs at 10066329 into a basis of 36909876 (my window [10066329, 18454938), 1 rounds of 2097168; slabs 2097152 + 2097152 limbs per APU 0): 0.017 s
mdb_add_shifted node 0: 16777213 limbs at 20132659 into a basis of 36909876 (my window [20132659, 20132659), 1 rounds of 4194304; slabs 4194303 + 0 limbs per APU 0): 0.039 s
mdb_add_shifted node 1: 16777213 limbs at 20132659 into a basis of 36909876 (my window [20132659, 36909872), 1 rounds of 4194304; slabs 0 + 4194303 limbs per APU 0): 0.036 s
dbig pool: APU0 hipMalloc 0.03 GB inside the phase (free 0.27 GB in 18 extents, largest 0.03; live 0.11 GB in 12 blocks)
dbig pool: APU1 hipMalloc 0.03 GB inside the phase (free 0.27 GB in 18 extents, largest 0.03; live 0.11 GB in 13 blocks)
dbig pool: APU2 hipMalloc 0.03 GB inside the phase (free 0.23 GB in 17 extents, largest 0.03; live 0.11 GB in 14 blocks)
dbig pool: APU3 hipMalloc 0.03 GB inside the phase (free 0.23 GB in 17 extents, largest 0.03; live 0.11 GB in 15 blocks)
dbig pool: APU0 hipMalloc 0.07 GB inside the phase (free 0.27 GB in 18 extents, largest 0.03; live 0.14 GB in 16 blocks)
dbig pool: APU1 hipMalloc 0.07 GB inside the phase (free 0.27 GB in 18 extents, largest 0.03; live 0.14 GB in 17 blocks)
dbig pool: APU2 hipMalloc 0.07 GB inside the phase (free 0.23 GB in 17 extents, largest 0.03; live 0.14 GB in 18 blocks)
dbig pool: APU3 hipMalloc 0.07 GB inside the phase (free 0.23 GB in 17 extents, largest 0.03; live 0.14 GB in 19 blocks)
dbig pool: APU0 hipMalloc 0.07 GB inside the phase (free 0.23 GB in 18 extents, largest 0.03; live 0.14 GB in 16 blocks)
dbig pool: APU1 hipMalloc 0.07 GB inside the phase (free 0.23 GB in 18 extents, largest 0.03; live 0.14 GB in 17 blocks)
dbig pool: APU2 hipMalloc 0.07 GB inside the phase (free 0.23 GB in 18 extents, largest 0.03; live 0.14 GB in 18 blocks)
dbig pool: APU3 hipMalloc 0.07 GB inside the phase (free 0.23 GB in 18 extents, largest 0.03; live 0.14 GB in 19 blocks)
dbig pool: APU3 hipMalloc 0.03 GB inside the phase (free 0.20 GB in 15 extents, largest 0.03; live 0.24 GB in 25 blocks)
dbig pool: APU2 hipMalloc 0.03 GB inside the phase (free 0.20 GB in 15 extents, largest 0.03; live 0.24 GB in 27 blocks)
dbig pool: APU0 hipMalloc 0.03 GB inside the phase (free 0.23 GB in 16 extents, largest 0.03; live 0.24 GB in 30 blocks)
dbig pool: APU1 hipMalloc 0.03 GB inside the phase (free 0.23 GB in 16 extents, largest 0.03; live 0.24 GB in 34 blocks)
dbig pool: APU2 hipMalloc 0.06 GB inside the phase (free 0.23 GB in 16 extents, largest 0.03; live 0.24 GB in 31 blocks)
dbig pool: APU0 hipMalloc 0.06 GB inside the phase (free 0.27 GB in 17 extents, largest 0.03; live 0.24 GB in 30 blocks)
dbig pool: APU1 hipMalloc 0.06 GB inside the phase (free 0.27 GB in 17 extents, largest 0.03; live 0.24 GB in 31 blocks)
dbig pool: APU3 hipMalloc 0.06 GB inside the phase (free 0.23 GB in 16 extents, largest 0.03; live 0.24 GB in 31 blocks)
dist_mn node 0: 2^25 = 2^12 x 2^13 over 2 x 4 ranks, 3 primes (rows 512..512; 17280532 + 11520355 limbs at 0, window [0, 28800887) of share [0, 34561064)): redistribute 0.029 ntt 0.421 crt 0.003 out 0.168 spills+carry 0.004 total 0.635 s [A cached] [B cached]
dist_mn node 1: 2^25 = 2^12 x 2^13 over 2 x 4 ranks, 3 primes (rows 512..512; 17280532 + 11520355 limbs at 0, window [28800887, 28800887) of share [34561064, 69122128)): redistribute 0.036 ntt 0.349 crt 0.000 out 0.257 spills+carry 0.004 total 0.635 s [A cached] [B cached]
dbig pool: APU0 hipMalloc 0.03 GB inside the phase (free 0.18 GB in 16 extents, largest 0.02; live 0.27 GB in 26 blocks)
dbig pool: APU1 hipMalloc 0.03 GB inside the phase (free 0.18 GB in 16 extents, largest 0.02; live 0.27 GB in 30 blocks)
dbig pool: APU3 hipMalloc 0.03 GB inside the phase (free 0.18 GB in 16 extents, largest 0.02; live 0.27 GB in 34 blocks)
dbig pool: APU2 hipMalloc 0.03 GB inside the phase (free 0.18 GB in 16 extents, largest 0.02; live 0.27 GB in 38 blocks)
dist_mn node 0: 2^25 = 2^12 x 2^13 over 2 x 4 ranks, 3 primes (rows 512..512; 17280532 + 11520355 limbs at 17280532, window [0, 17280532) of share [0, 34561064), accumulated): redistribute 0.023 ntt 0.259 crt 0.001 out 0.024 spills+carry 0.019 total 0.322 s [B hit]
dist_mn node 1: 2^25 = 2^12 x 2^13 over 2 x 4 ranks, 3 primes (rows 512..512; 17280532 + 11520355 limbs at 17280532, window [17280532, 28800887) of share [34561064, 69122128), accumulated): redistribute 0.022 ntt 0.252 crt 0.001 out 0.031 spills+carry 0.019 total 0.322 s [B hit]
dbig pool: APU0 hipMalloc 0.05 GB inside the phase (free 0.28 GB in 18 extents, largest 0.03; live 0.29 GB in 34 blocks)
dbig pool: APU1 hipMalloc 0.05 GB inside the phase (free 0.28 GB in 18 extents, largest 0.03; live 0.29 GB in 35 blocks)
dbig pool: APU2 hipMalloc 0.05 GB inside the phase (free 0.24 GB in 17 extents, largest 0.03; live 0.29 GB in 35 blocks)
dbig pool: APU3 hipMalloc 0.05 GB inside the phase (free 0.24 GB in 17 extents, largest 0.03; live 0.29 GB in 35 blocks)
dist_mn node 0: 2^25 = 2^12 x 2^13 over 2 x 4 ranks, 3 primes (rows 512..512; 17280532 + 11520355 limbs at 11520355, window [0, 23040709) of share [0, 34561064), accumulated): redistribute 0.016 ntt 0.269 crt 0.000 out 0.025 spills+carry 0.014 total 0.328 s [A hit] [B cached]
dist_mn node 1: 2^25 = 2^12 x 2^13 over 2 x 4 ranks, 3 primes (rows 512..512; 17280532 + 11520355 limbs at 11520355, window [23040709, 28800887) of share [34561064, 69122128), accumulated): redistribute 0.015 ntt 0.275 crt 0.000 out 0.024 spills+carry 0.014 total 0.328 s [A hit] [B cached]
dbig pool: APU0 hipMalloc 0.05 GB inside the phase (free 0.27 GB in 19 extents, largest 0.03; live 0.21 GB in 20 blocks)
dbig pool: APU1 hipMalloc 0.05 GB inside the phase (free 0.27 GB in 19 extents, largest 0.03; live 0.21 GB in 21 blocks)
dbig pool: APU2 hipMalloc 0.05 GB inside the phase (free 0.27 GB in 19 extents, largest 0.03; live 0.21 GB in 22 blocks)
dbig pool: APU3 hipMalloc 0.05 GB inside the phase (free 0.27 GB in 19 extents, largest 0.03; live 0.21 GB in 23 blocks)
dbig pool: APU0 hipMalloc 0.05 GB inside the phase (free 0.23 GB in 17 extents, largest 0.03; live 0.29 GB in 32 blocks)
dbig pool: APU1 hipMalloc 0.05 GB inside the phase (free 0.23 GB in 17 extents, largest 0.03; live 0.29 GB in 33 blocks)
dbig pool: APU2 hipMalloc 0.05 GB inside the phase (free 0.23 GB in 17 extents, largest 0.03; live 0.29 GB in 34 blocks)
dbig pool: APU3 hipMalloc 0.05 GB inside the phase (free 0.23 GB in 17 extents, largest 0.03; live 0.29 GB in 35 blocks)
dist_mn node 0: 2^25 = 2^12 x 2^13 over 2 x 4 ranks, 3 primes (rows 512..512; 17280532 + 11520355 limbs at 28800887, window [0, 5760177) of share [0, 34561064), accumulated): redistribute 0.035 ntt 0.263 crt 0.000 out 0.165 spills+carry 0.013 total 0.460 s [B hit]
dist_mn node 1: 2^25 = 2^12 x 2^13 over 2 x 4 ranks, 3 primes (rows 512..512; 17280532 + 11520355 limbs at 28800887, window [5760177, 28800887) of share [34561064, 69122128), accumulated): redistribute 0.022 ntt 0.266 crt 0.008 out 0.126 spills+carry 0.013 total 0.460 s [B hit]
dist_mn node 0: 2^25 = 2^12 x 2^13 over 2 x 4 ranks, 3 primes (rows 512..512; 17280532 + 11520354 limbs at 23040710, window [0, 11520354) of share [0, 34561064), accumulated): redistribute 0.018 ntt 0.248 crt 0.000 out 0.034 spills+carry 0.015 total 0.315 s [A hit] [B cached]
dist_mn node 1: 2^25 = 2^12 x 2^13 over 2 x 4 ranks, 3 primes (rows 512..512; 17280532 + 11520354 limbs at 23040710, window [11520354, 28800886) of share [34561064, 69122128), accumulated): redistribute 0.018 ntt 0.255 crt 0.000 out 0.027 spills+carry 0.016 total 0.315 s [A hit] [B cached]
dbig pool: APU0 hipMalloc 0.06 GB inside the phase (free 0.36 GB in 21 extents, largest 0.05; live 0.21 GB in 20 blocks)
dbig pool: APU1 hipMalloc 0.06 GB inside the phase (free 0.36 GB in 21 extents, largest 0.05; live 0.21 GB in 21 blocks)
dbig pool: APU2 hipMalloc 0.06 GB inside the phase (free 0.36 GB in 21 extents, largest 0.05; live 0.21 GB in 22 blocks)
dbig pool: APU3 hipMalloc 0.06 GB inside the phase (free 0.36 GB in 21 extents, largest 0.05; live 0.21 GB in 23 blocks)
dbig pool: APU1 hipMalloc 0.06 GB inside the phase (free 0.33 GB in 19 extents, largest 0.05; live 0.30 GB in 32 blocks)
dbig pool: APU0 hipMalloc 0.06 GB inside the phase (free 0.33 GB in 19 extents, largest 0.05; live 0.30 GB in 33 blocks)
dbig pool: APU2 hipMalloc 0.06 GB inside the phase (free 0.33 GB in 19 extents, largest 0.05; live 0.30 GB in 34 blocks)
dbig pool: APU3 hipMalloc 0.06 GB inside the phase (free 0.33 GB in 19 extents, largest 0.05; live 0.30 GB in 35 blocks)
dist_mn node 0: 2^25 = 2^12 x 2^13 over 2 x 4 ranks, 3 primes (rows 512..512; 17280532 + 11520354 limbs at 40321242, window [0, 0) of share [0, 34561064), accumulated): redistribute 0.034 ntt 0.255 crt 0.000 out 0.167 spills+carry 0.009 total 0.466 s [B hit]
dist_mn node 0: 34561064 x 34561064 limbs over 2 x 4 ranks (cap 2^25): 2 x 3 pieces, 6 formed, 0 skipped (cache 2 slots: 6 hits, 7 misses)
dist_mn node 1: 2^25 = 2^12 x 2^13 over 2 x 4 ranks, 3 primes (rows 512..512; 17280532 + 11520354 limbs at 40321242, window [0, 28800886) of share [34561064, 69122128), accumulated): redistribute 0.014 ntt 0.254 crt 0.000 out 0.110 spills+carry 0.009 total 0.466 s [B hit]
dist_mn node 1: 34561064 x 34561064 limbs over 2 x 4 ranks (cap 2^25): 2 x 3 pieces, 6 formed, 0 skipped (cache 2 slots: 6 hits, 7 misses)
dist_mn node 0: 34561064 + 34561064 limbs -> 69122128 (share 34561064): redistribute 0.156 ntt 1.715 crt 0.005 out 0.583 spills+carry 0.075, total 2.742 s
dist_mn node 1: 34561064 + 34561064 limbs -> 69122128 (share 34561064): redistribute 0.127 ntt 1.651 crt 0.010 out 0.575 spills+carry 0.075, total 2.552 s
mdev 3*2^25 (69122128 limbs): repack 0.067 h2d 0.001 fwd 0.017 inv 0.010 d2h 0.065 crt 0.044 total 0.161 s
mdev 3*2^25 (69122128 limbs): repack 0.078 h2d 0.002 fwd 0.020 inv 0.007 d2h 0.073 crt 0.049 total 0.181 s
dbig pool: APU0 hipMalloc 0.07 GB inside the phase (free 0.51 GB in 24 extents, largest 0.06; live 0.17 GB in 16 blocks)
dbig pool: APU1 hipMalloc 0.07 GB inside the phase (free 0.51 GB in 24 extents, largest 0.06; live 0.17 GB in 17 blocks)
dbig pool: APU2 hipMalloc 0.07 GB inside the phase (free 0.51 GB in 24 extents, largest 0.06; live 0.17 GB in 18 blocks)
dbig pool: APU3 hipMalloc 0.07 GB inside the phase (free 0.51 GB in 24 extents, largest 0.06; live 0.17 GB in 19 blocks)
   2x3 34561064 x 34561064: 3.02 s
dbig pool: APU0 hipMalloc 0.07 GB inside the phase (free 0.44 GB in 22 extents, largest 0.06; live 0.17 GB in 16 blocks)
dbig pool: APU1 hipMalloc 0.07 GB inside the phase (free 0.44 GB in 22 extents, largest 0.06; live 0.17 GB in 17 blocks)
dbig pool: APU2 hipMalloc 0.07 GB inside the phase (free 0.41 GB in 21 extents, largest 0.06; live 0.17 GB in 18 blocks)
dbig pool: APU3 hipMalloc 0.07 GB inside the phase (free 0.41 GB in 21 extents, largest 0.06; live 0.17 GB in 19 blocks)
dist_mn node 0: 2^25 = 2^12 x 2^13 over 2 x 4 ranks, 3 primes (rows 512..512; 17280532 + 11520355 limbs at 0, window [0, 28800887) of share [0, 34561064)): redistribute 0.050 ntt 0.372 crt 0.000 out 0.030 spills+carry 0.001 total 0.431 s [A cached] [B cached]
dist_mn node 1: 2^25 = 2^12 x 2^13 over 2 x 4 ranks, 3 primes (rows 512..512; 17280532 + 11520355 limbs at 0, window [28800887, 28800887) of share [34561064, 69122129)): redistribute 0.048 ntt 0.378 crt 0.000 out 0.023 spills+carry 0.001 total 0.431 s [A cached] [B cached]
dist_mn node 0: 2^25 = 2^12 x 2^13 over 2 x 4 ranks, 3 primes (rows 512..512; 17280532 + 11520355 limbs at 17280532, window [0, 17280532) of share [0, 34561064), accumulated): redistribute 0.014 ntt 0.244 crt 0.000 out 0.025 spills+carry 0.017 total 0.296 s [B hit]
dist_mn node 1: 2^25 = 2^12 x 2^13 over 2 x 4 ranks, 3 primes (rows 512..512; 17280532 + 11520355 limbs at 17280532, window [17280532, 28800887) of share [34561064, 69122129), accumulated): redistribute 0.014 ntt 0.239 crt 0.000 out 0.027 spills+carry 0.017 total 0.295 s [B hit]
dist_mn node 0: 2^25 = 2^12 x 2^13 over 2 x 4 ranks, 3 primes (rows 512..512; 17280532 + 11520355 limbs at 11520355, window [0, 23040709) of share [0, 34561064), accumulated): redistribute 0.011 ntt 0.230 crt 0.000 out 0.033 spills+carry 0.015 total 0.277 s [A hit] [B cached]
dist_mn node 1: 2^25 = 2^12 x 2^13 over 2 x 4 ranks, 3 primes (rows 512..512; 17280532 + 11520355 limbs at 11520355, window [23040709, 28800887) of share [34561064, 69122129), accumulated): redistribute 0.010 ntt 0.232 crt 0.000 out 0.036 spills+carry 0.015 total 0.277 s [A hit] [B cached]
dist_mn node 0: 2^25 = 2^12 x 2^13 over 2 x 4 ranks, 3 primes (rows 512..512; 17280532 + 11520355 limbs at 28800887, window [0, 5760177) of share [0, 34561064), accumulated): redistribute 0.021 ntt 0.227 crt 0.001 out 0.029 spills+carry 0.014 total 0.287 s [B hit]
dist_mn node 1: 2^25 = 2^12 x 2^13 over 2 x 4 ranks, 3 primes (rows 512..512; 17280532 + 11520355 limbs at 28800887, window [5760177, 28800887) of share [34561064, 69122129), accumulated): redistribute 0.021 ntt 0.229 crt 0.001 out 0.027 spills+carry 0.014 total 0.287 s [B hit]
dist_mn node 0: 2^25 = 2^12 x 2^13 over 2 x 4 ranks, 3 primes (rows 512..512; 17280532 + 11520354 limbs at 23040710, window [0, 11520354) of share [0, 34561064), accumulated): redistribute 0.013 ntt 0.234 crt 0.000 out 0.028 spills+carry 0.014 total 0.288 s [A hit] [B cached]
dist_mn node 1: 2^25 = 2^12 x 2^13 over 2 x 4 ranks, 3 primes (rows 512..512; 17280532 + 11520354 limbs at 23040710, window [11520354, 28800886) of share [34561064, 69122129), accumulated): redistribute 0.011 ntt 0.239 crt 0.000 out 0.025 spills+carry 0.014 total 0.288 s [A hit] [B cached]
dist_mn node 0: 2^25 = 2^12 x 2^13 over 2 x 4 ranks, 3 primes (rows 512..512; 17280532 + 11520354 limbs at 40321242, window [0, 0) of share [0, 34561064), accumulated): redistribute 0.019 ntt 0.229 crt 0.000 out 0.028 spills+carry 0.010 total 0.284 s [B hit]
dbig pool: APU0 hipMalloc 0.07 GB inside the phase (free 0.44 GB in 22 extents, largest 0.06; live 0.24 GB in 20 blocks)
dist_mn node 1: 2^25 = 2^12 x 2^13 over 2 x 4 ranks, 3 primes (rows 512..512; 17280532 + 11520354 limbs at 40321242, window [0, 28800886) of share [34561064, 69122129), accumulated): redistribute 0.017 ntt 0.234 crt 0.000 out 0.025 spills+carry 0.010 total 0.284 s [B hit]
dbig pool: APU3 hipMalloc 0.07 GB inside the phase (free 0.51 GB in 24 extents, largest 0.06; live 0.24 GB in 21 blocks)
dbig pool: APU1 hipMalloc 0.07 GB inside the phase (free 0.44 GB in 22 extents, largest 0.06; live 0.24 GB in 21 blocks)
dbig pool: APU2 hipMalloc 0.07 GB inside the phase (free 0.51 GB in 24 extents, largest 0.06; live 0.24 GB in 26 blocks)
dbig pool: APU2 hipMalloc 0.07 GB inside the phase (free 0.41 GB in 21 extents, largest 0.06; live 0.24 GB in 22 blocks)
dbig pool: APU3 hipMalloc 0.07 GB inside the phase (free 0.41 GB in 21 extents, largest 0.06; live 0.24 GB in 23 blocks)
dbig pool: APU0 hipMalloc 0.07 GB inside the phase (free 0.44 GB in 22 extents, largest 0.06; live 0.31 GB in 24 blocks)
dbig pool: APU0 hipMalloc 0.07 GB inside the phase (free 0.44 GB in 22 extents, largest 0.06; live 0.38 GB in 25 blocks)
dbig pool: APU3 hipMalloc 0.07 GB inside the phase (free 0.41 GB in 20 extents, largest 0.06; live 0.31 GB in 28 blocks)
dbig pool: APU1 hipMalloc 0.07 GB inside the phase (free 0.44 GB in 22 extents, largest 0.06; live 0.31 GB in 30 blocks)
dbig pool: APU1 hipMalloc 0.07 GB inside the phase (free 0.44 GB in 22 extents, largest 0.06; live 0.38 GB in 31 blocks)
dbig pool: APU2 hipMalloc 0.07 GB inside the phase (free 0.41 GB in 20 extents, largest 0.06; live 0.31 GB in 31 blocks)
mdb_add_shifted node 0: 34561061 limbs at 0 into a basis of 69122129 (my window [0, 34561061), 1 rounds of 8640272; slabs 8640265 + 8640265 limbs per APU 0): 0.279 s
dist_mn node 0: 34561064 x 34561064 limbs over 2 x 4 ranks (cap 2^25): 2 x 3 pieces, 6 formed, 0 skipped (cache 2 slots: 11 hits, 11 misses)
mdb_add_shifted node 1: 34561061 limbs at 0 into a basis of 69122129 (my window [34561064, 34561064), 1 rounds of 8640272; slabs 0 + 0 limbs per APU 0): 0.279 s
dist_mn node 1: 34561064 x 34561064 limbs over 2 x 4 ranks (cap 2^25): 2 x 3 pieces, 6 formed, 0 skipped (cache 2 slots: 11 hits, 11 misses)
dist_mn node 0: 34561064 + 34561064 + x limbs -> 69122128 (share 34561064): redistribute 0.128 ntt 1.537 crt 0.003 out 0.173 spills+carry 0.070, total 2.165 s
dist_mn node 1: 34561064 + 34561064 + x limbs -> 69122128 (share 34561065): redistribute 0.121 ntt 1.552 crt 0.003 out 0.162 spills+carry 0.071, total 2.183 s
dist_mn node 0: 2^25 = 2^12 x 2^13 over 2 x 4 ranks, 3 primes (rows 512..512; 17280532 + 11520355 limbs at 0, window [0, 17280533) of share [0, 17280533)): redistribute 0.055 ntt 0.402 crt 0.000 out 0.032 spills+carry 0.001 total 0.457 s [A cached] [B cached]
dist_mn node 1: 2^25 = 2^12 x 2^13 over 2 x 4 ranks, 3 primes (rows 512..512; 17280532 + 11520355 limbs at 0, window [17280533, 28800887) of share [17280533, 34561066)): redistribute 0.060 ntt 0.399 crt 0.000 out 0.034 spills+carry 0.001 total 0.457 s [A cached] [B cached]
dist_mn node 0: 2^25 = 2^12 x 2^13 over 2 x 4 ranks, 3 primes (rows 512..512; 17280532 + 11520355 limbs at 17280532, window [0, 1) of share [0, 17280533), accumulated): redistribute 0.019 ntt 0.258 crt 0.000 out 0.026 spills+carry 0.002 total 0.301 s [B hit]
dist_mn node 1: 2^25 = 2^12 x 2^13 over 2 x 4 ranks, 3 primes (rows 512..512; 17280532 + 11520355 limbs at 17280532, window [1, 17280534) of share [17280533, 34561066), accumulated): redistribute 0.019 ntt 0.264 crt 0.000 out 0.020 spills+carry 0.002 total 0.301 s [B hit]
dist_mn node 0: 2^25 = 2^12 x 2^13 over 2 x 4 ranks, 3 primes (rows 512..512; 17280532 + 11520355 limbs at 11520355, window [0, 5760178) of share [0, 17280533), accumulated): redistribute 0.015 ntt 0.234 crt 0.000 out 0.024 spills+carry 0.004 total 0.277 s [A hit] [B cached]
dist_mn node 1: 2^25 = 2^12 x 2^13 over 2 x 4 ranks, 3 primes (rows 512..512; 17280532 + 11520355 limbs at 11520355, window [5760178, 23040711) of share [17280533, 34561066), accumulated): redistribute 0.017 ntt 0.232 crt 0.000 out 0.026 spills+carry 0.004 total 0.277 s [A hit] [B cached]
dist_mn node 0: 2^25 = 2^12 x 2^13 over 2 x 4 ranks, 3 primes (rows 512..512; 17280532 + 11520355 limbs at 28800887, window [0, 0) of share [0, 17280533), accumulated): redistribute 0.019 ntt 0.238 crt 0.000 out 0.013 spills+carry 0.003 total 0.274 s [B hit]
dist_mn node 1: 2^25 = 2^12 x 2^13 over 2 x 4 ranks, 3 primes (rows 512..512; 17280532 + 11520355 limbs at 28800887, window [0, 5760179) of share [17280533, 34561066), accumulated): redistribute 0.019 ntt 0.241 crt 0.000 out 0.011 spills+carry 0.003 total 0.274 s [B hit]
dist_mn node 0: 2^25 = 2^12 x 2^13 over 2 x 4 ranks, 3 primes (rows 512..512; 17280532 + 11520354 limbs at 23040710, window [0, 0) of share [0, 17280533), accumulated): redistribute 0.018 ntt 0.204 crt 0.001 out 0.014 spills+carry 0.006 total 0.243 s [A hit] [B cached]
dist_mn node 0: 34561064 x 34561064 limbs over 2 x 4 ranks (cap 2^25): 2 x 3 pieces, 5 formed, 1 skipped (low product) (cache 2 slots: 15 hits, 15 misses)
dist_mn node 1: 2^25 = 2^12 x 2^13 over 2 x 4 ranks, 3 primes (rows 512..512; 17280532 + 11520354 limbs at 23040710, window [0, 11520356) of share [17280533, 34561066), accumulated): redistribute 0.010 ntt 0.208 crt 0.001 out 0.017 spills+carry 0.006 total 0.243 s [A hit] [B cached]
dist_mn node 1: 34561064 x 34561064 limbs over 2 x 4 ranks (cap 2^25): 2 x 3 pieces, 5 formed, 1 skipped (low product) (cache 2 slots: 15 hits, 15 misses)
dist_mn node 0: 34561064 + 34561064 limbs -> 34561066 (share 17280533): redistribute 0.126 ntt 1.336 crt 0.002 out 0.108 spills+carry 0.016, total 1.555 s
dist_mn node 1: 34561064 + 34561064 limbs -> 34561066 (share 17280533): redistribute 0.125 ntt 1.344 crt 0.002 out 0.109 spills+carry 0.016, total 1.555 s
dist_mn node 0: 2^25 = 2^12 x 2^13 over 2 x 4 ranks, 3 primes (rows 512..512; 17280533 + 8640267 limbs at 0, window [0, 8640266) of share [0, 8640266)): redistribute 0.051 ntt 0.371 crt 0.000 out 0.020 spills+carry 0.000 total 0.425 s [A cached] [B cached]
dist_mn node 1: 2^25 = 2^12 x 2^13 over 2 x 4 ranks, 3 primes (rows 512..512; 17280533 + 8640267 limbs at 0, window [8640266, 17280533) of share [8640266, 17280533)): redistribute 0.053 ntt 0.367 crt 0.000 out 0.023 spills+carry 0.001 total 0.425 s [A cached] [B cached]
dist_mn node 0: 2^25 = 2^12 x 2^13 over 2 x 4 ranks, 3 primes (rows 512..512; 17280533 + 8640266 limbs at 8640267, window [0, 0) of share [0, 8640266), accumulated): redistribute 0.012 ntt 0.236 crt 0.000 out 0.013 spills+carry 0.001 total 0.259 s [A hit] [B cached]
dist_mn node 0: 17280533 x 17280533 limbs over 2 x 4 ranks (cap 2^25): 1 x 2 pieces, 2 formed, 0 skipped (low product) (cache 2 slots: 16 hits, 18 misses)
dist_mn node 1: 2^25 = 2^12 x 2^13 over 2 x 4 ranks, 3 primes (rows 512..512; 17280533 + 8640266 limbs at 8640267, window [0, 8640266) of share [8640266, 17280533), accumulated): redistribute 0.012 ntt 0.235 crt 0.000 out 0.013 spills+carry 0.001 total 0.259 s [A hit] [B cached]
dist_mn node 1: 17280533 x 17280533 limbs over 2 x 4 ranks (cap 2^25): 1 x 2 pieces, 2 formed, 0 skipped (low product) (cache 2 slots: 16 hits, 18 misses)
dist_mn node 0: 17280533 + 17280533 limbs -> 17280533 (share 8640266): redistribute 0.063 ntt 0.607 crt 0.001 out 0.033 spills+carry 0.001, total 0.686 s
dist_mn node 1: 17280533 + 17280533 limbs -> 17280533 (share 8640267): redistribute 0.065 ntt 0.602 crt 0.001 out 0.036 spills+carry 0.001, total 0.686 s
dist_mn node 0: 2^25 = 2^12 x 2^13 over 2 x 4 ranks, 3 primes (rows 512..512; 17280532 + 11520355 limbs at 0, window [0, 28800887) of share [0, 34561063)): redistribute 0.034 ntt 0.369 crt 0.000 out 0.023 spills+carry 0.001 total 0.419 s [A cached] [B cached]
dist_mn node 1: 2^25 = 2^12 x 2^13 over 2 x 4 ranks, 3 primes (rows 512..512; 17280532 + 11520355 limbs at 0, window [28800887, 28800887) of share [34561063, 69122127)): redistribute 0.034 ntt 0.369 crt 0.000 out 0.021 spills+carry 0.001 total 0.419 s [A cached] [B cached]
dist_mn node 0: 2^25 = 2^12 x 2^13 over 2 x 4 ranks, 3 primes (rows 512..512; 17280532 + 11520355 limbs at 17280532, window [0, 17280531) of share [0, 34561063), accumulated): redistribute 0.016 ntt 0.222 crt 0.000 out 0.026 spills+carry 0.017 total 0.279 s [B hit]
dist_mn node 1: 2^25 = 2^12 x 2^13 over 2 x 4 ranks, 3 primes (rows 512..512; 17280532 + 11520355 limbs at 17280532, window [17280531, 28800887) of share [34561063, 69122127), accumulated): redistribute 0.015 ntt 0.221 crt 0.000 out 0.029 spills+carry 0.017 total 0.279 s [B hit]
dist_mn node 0: 2^25 = 2^12 x 2^13 over 2 x 4 ranks, 3 primes (rows 512..512; 17280532 + 11520355 limbs at 11520355, window [0, 23040708) of share [0, 34561063), accumulated): redistribute 0.008 ntt 0.205 crt 0.000 out 0.027 spills+carry 0.014 total 0.254 s [A hit] [B cached]
dist_mn node 1: 2^25 = 2^12 x 2^13 over 2 x 4 ranks, 3 primes (rows 512..512; 17280532 + 11520355 limbs at 11520355, window [23040708, 28800887) of share [34561063, 69122127), accumulated): redistribute 0.010 ntt 0.206 crt 0.000 out 0.025 spills+carry 0.014 total 0.254 s [A hit] [B cached]
dist_mn node 0: 2^25 = 2^12 x 2^13 over 2 x 4 ranks, 3 primes (rows 512..512; 17280532 + 11520355 limbs at 28800887, window [0, 5760176) of share [0, 34561063), accumulated): redistribute 0.019 ntt 0.249 crt 0.000 out 0.025 spills+carry 0.014 total 0.305 s [B hit]
dist_mn node 1: 2^25 = 2^12 x 2^13 over 2 x 4 ranks, 3 primes (rows 512..512; 17280532 + 11520355 limbs at 28800887, window [5760176, 28800887) of share [34561063, 69122127), accumulated): redistribute 0.018 ntt 0.248 crt 0.000 out 0.025 spills+carry 0.014 total 0.305 s [B hit]
dist_mn node 0: 2^25 = 2^12 x 2^13 over 2 x 4 ranks, 3 primes (rows 512..512; 17280532 + 11520354 limbs at 23040710, window [0, 11520353) of share [0, 34561063), accumulated): redistribute 0.017 ntt 0.249 crt 0.000 out 0.034 spills+carry 0.015 total 0.314 s [A hit] [B cached]
dist_mn node 1: 2^25 = 2^12 x 2^13 over 2 x 4 ranks, 3 primes (rows 512..512; 17280532 + 11520354 limbs at 23040710, window [11520353, 28800886) of share [34561063, 69122127), accumulated): redistribute 0.017 ntt 0.248 crt 0.000 out 0.036 spills+carry 0.015 total 0.314 s [A hit] [B cached]
dist_mn node 0: 2^25 = 2^12 x 2^13 over 2 x 4 ranks, 3 primes (rows 512..512; 17280532 + 11520354 limbs at 40321242, window [0, 0) of share [0, 34561063), accumulated): redistribute 0.019 ntt 0.226 crt 0.000 out 0.027 spills+carry 0.010 total 0.282 s [B hit]
dist_mn node 0: 34561064 x 34561064 limbs over 2 x 4 ranks (cap 2^25): 2 x 3 pieces, 6 formed, 0 skipped (low product) (cache 2 slots: 21 hits, 22 misses)
dist_mn node 1: 2^25 = 2^12 x 2^13 over 2 x 4 ranks, 3 primes (rows 512..512; 17280532 + 11520354 limbs at 40321242, window [0, 28800885) of share [34561063, 69122127), accumulated): redistribute 0.018 ntt 0.232 crt 0.000 out 0.022 spills+carry 0.009 total 0.282 s [B hit]
dist_mn node 1: 34561064 x 34561064 limbs over 2 x 4 ranks (cap 2^25): 2 x 3 pieces, 6 formed, 0 skipped (low product) (cache 2 slots: 21 hits, 22 misses)
dist_mn node 0: 34561064 + 34561064 limbs -> 69122127 (share 34561063): redistribute 0.112 ntt 1.521 crt 0.002 out 0.162 spills+carry 0.069, total 1.856 s
dist_mn node 1: 34561064 + 34561064 limbs -> 69122127 (share 34561064): redistribute 0.113 ntt 1.525 crt 0.002 out 0.157 spills+carry 0.070, total 1.856 s
dist_mn node 0: 2^25 = 2^12 x 2^13 over 2 x 4 ranks, 3 primes (rows 512..512; 17280532 + 11520355 limbs at 17280532, window [0, 17280532) of share [0, 34561064), accumulated): redistribute 0.042 ntt 0.342 crt 0.000 out 0.023 spills+carry 0.017 total 0.416 s [B cached]
dist_mn node 1: 2^25 = 2^12 x 2^13 over 2 x 4 ranks, 3 primes (rows 512..512; 17280532 + 11520355 limbs at 17280532, window [17280532, 28800887) of share [34561064, 69122128), accumulated): redistribute 0.044 ntt 0.344 crt 0.000 out 0.021 spills+carry 0.017 total 0.416 s [B cached]
dist_mn node 0: 2^25 = 2^12 x 2^13 over 2 x 4 ranks, 3 primes (rows 512..512; 17280532 + 11520355 limbs at 11520355, window [0, 23040709) of share [0, 34561064), accumulated): redistribute 0.023 ntt 0.337 crt 0.001 out 0.037 spills+carry 0.014 total 0.407 s [A cached] [B cached]
dist_mn node 1: 2^25 = 2^12 x 2^13 over 2 x 4 ranks, 3 primes (rows 512..512; 17280532 + 11520355 limbs at 11520355, window [23040709, 28800887) of share [34561064, 69122128), accumulated): redistribute 0.024 ntt 0.338 crt 0.001 out 0.032 spills+carry 0.014 total 0.407 s [A cached] [B cached]
dist_mn node 0: 2^25 = 2^12 x 2^13 over 2 x 4 ranks, 3 primes (rows 512..512; 17280532 + 11520355 limbs at 28800887, window [0, 5760177) of share [0, 34561064), accumulated): redistribute 0.021 ntt 0.226 crt 0.000 out 0.025 spills+carry 0.013 total 0.281 s [B hit]
dist_mn node 1: 2^25 = 2^12 x 2^13 over 2 x 4 ranks, 3 primes (rows 512..512; 17280532 + 11520355 limbs at 28800887, window [5760177, 28800887) of share [34561064, 69122128), accumulated): redistribute 0.020 ntt 0.224 crt 0.000 out 0.026 spills+carry 0.013 total 0.281 s [B hit]
dist_mn node 0: 2^25 = 2^12 x 2^13 over 2 x 4 ranks, 3 primes (rows 512..512; 17280532 + 11520354 limbs at 23040710, window [0, 11520354) of share [0, 34561064), accumulated): redistribute 0.016 ntt 0.250 crt 0.000 out 0.026 spills+carry 0.015 total 0.305 s [A hit] [B cached]
dist_mn node 1: 2^25 = 2^12 x 2^13 over 2 x 4 ranks, 3 primes (rows 512..512; 17280532 + 11520354 limbs at 23040710, window [11520354, 28800886) of share [34561064, 69122128), accumulated): redistribute 0.015 ntt 0.248 crt 0.000 out 0.029 spills+carry 0.015 total 0.305 s [A hit] [B cached]
dist_mn node 0: 2^25 = 2^12 x 2^13 over 2 x 4 ranks, 3 primes (rows 512..512; 17280532 + 11520354 limbs at 40321242, window [0, 0) of share [0, 34561064), accumulated): redistribute 0.022 ntt 0.238 crt 0.000 out 0.028 spills+carry 0.009 total 0.295 s [B hit]
dist_mn node 0: 34561064 x 34561064 limbs over 2 x 4 ranks (cap 2^25): 2 x 3 pieces, 5 formed, 1 skipped (low cut) (cache 2 slots: 24 hits, 26 misses)
dist_mn node 1: 2^25 = 2^12 x 2^13 over 2 x 4 ranks, 3 primes (rows 512..512; 17280532 + 11520354 limbs at 40321242, window [0, 28800886) of share [34561064, 69122128), accumulated): redistribute 0.021 ntt 0.238 crt 0.000 out 0.031 spills+carry 0.009 total 0.295 s [B hit]
dist_mn node 1: 34561064 x 34561064 limbs over 2 x 4 ranks (cap 2^25): 2 x 3 pieces, 5 formed, 1 skipped (low cut) (cache 2 slots: 24 hits, 26 misses)
dist_mn node 0: 34561064 + 34561064 limbs -> 69122128 (share 34561064): redistribute 0.124 ntt 1.393 crt 0.002 out 0.139 spills+carry 0.068, total 1.706 s
dist_mn node 1: 34561064 + 34561064 limbs -> 69122128 (share 34561064): redistribute 0.124 ntt 1.391 crt 0.002 out 0.140 spills+carry 0.068, total 1.706 s
mdev 2^25 (28800887 limbs): repack 0.032 h2d 0.001 fwd 0.003 inv 0.001 d2h 0.022 crt 0.024 total 0.062 s
mdev 2^25 (28800887 limbs): repack 0.037 h2d 0.001 fwd 0.003 inv 0.002 d2h 0.013 crt 0.023 total 0.059 s
dist_mn node 0: 2^25 = 2^12 x 2^13 over 2 x 4 ranks, 3 primes (rows 512..512; 17280532 + 11520355 limbs at 17280532, window [0, 17280531) of share [0, 34561063), accumulated): redistribute 0.045 ntt 0.355 crt 0.000 out 0.021 spills+carry 0.016 total 0.422 s [B cached]
dist_mn node 1: 2^25 = 2^12 x 2^13 over 2 x 4 ranks, 3 primes (rows 512..512; 17280532 + 11520355 limbs at 17280532, window [17280531, 28800887) of share [34561063, 69122127), accumulated): redistribute 0.045 ntt 0.351 crt 0.000 out 0.024 spills+carry 0.016 total 0.422 s [B cached]
dist_mn node 0: 2^25 = 2^12 x 2^13 over 2 x 4 ranks, 3 primes (rows 512..512; 17280532 + 11520355 limbs at 11520355, window [0, 23040708) of share [0, 34561063), accumulated): redistribute 0.035 ntt 0.364 crt 0.001 out 0.023 spills+carry 0.014 total 0.423 s [A cached] [B cached]
dist_mn node 1: 2^25 = 2^12 x 2^13 over 2 x 4 ranks, 3 primes (rows 512..512; 17280532 + 11520355 limbs at 11520355, window [23040708, 28800887) of share [34561063, 69122127), accumulated): redistribute 0.035 ntt 0.361 crt 0.001 out 0.021 spills+carry 0.014 total 0.423 s [A cached] [B cached]
dist_mn node 0: 2^25 = 2^12 x 2^13 over 2 x 4 ranks, 3 primes (rows 512..512; 17280532 + 11520355 limbs at 28800887, window [0, 5760176) of share [0, 34561063), accumulated): redistribute 0.019 ntt 0.238 crt 0.000 out 0.025 spills+carry 0.014 total 0.293 s [B hit]
dist_mn node 1: 2^25 = 2^12 x 2^13 over 2 x 4 ranks, 3 primes (rows 512..512; 17280532 + 11520355 limbs at 28800887, window [5760176, 28800887) of share [34561063, 69122127), accumulated): redistribute 0.019 ntt 0.235 crt 0.000 out 0.029 spills+carry 0.014 total 0.293 s [B hit]
dist_mn node 0: 2^25 = 2^12 x 2^13 over 2 x 4 ranks, 3 primes (rows 512..512; 17280532 + 11520354 limbs at 23040710, window [0, 11520353) of share [0, 34561063), accumulated): redistribute 0.017 ntt 0.257 crt 0.000 out 0.029 spills+carry 0.015 total 0.319 s [A hit] [B cached]
dist_mn node 1: 2^25 = 2^12 x 2^13 over 2 x 4 ranks, 3 primes (rows 512..512; 17280532 + 11520354 limbs at 23040710, window [11520353, 28800886) of share [34561063, 69122127), accumulated): redistribute 0.016 ntt 0.254 crt 0.000 out 0.033 spills+carry 0.015 total 0.319 s [A hit] [B cached]
dist_mn node 0: 2^25 = 2^12 x 2^13 over 2 x 4 ranks, 3 primes (rows 512..512; 17280532 + 11520354 limbs at 40321242, window [0, 0) of share [0, 34561063), accumulated): redistribute 0.022 ntt 0.243 crt 0.000 out 0.027 spills+carry 0.010 total 0.299 s [B hit]
dist_mn node 0: 34561064 x 34561064 limbs over 2 x 4 ranks (cap 2^25): 2 x 3 pieces, 5 formed, 1 skipped (low product) (low cut) (cache 2 slots: 27 hits, 30 misses)
dist_mn node 1: 2^25 = 2^12 x 2^13 over 2 x 4 ranks, 3 primes (rows 512..512; 17280532 + 11520354 limbs at 40321242, window [0, 28800885) of share [34561063, 69122127), accumulated): redistribute 0.017 ntt 0.243 crt 0.000 out 0.029 spills+carry 0.009 total 0.299 s [B hit]
dist_mn node 1: 34561064 x 34561064 limbs over 2 x 4 ranks (cap 2^25): 2 x 3 pieces, 5 formed, 1 skipped (low product) (low cut) (cache 2 slots: 27 hits, 30 misses)
dist_mn node 0: 34561064 + 34561064 limbs -> 69122127 (share 34561063): redistribute 0.138 ntt 1.458 crt 0.002 out 0.126 spills+carry 0.068, total 1.757 s
dist_mn node 1: 34561064 + 34561064 limbs -> 69122127 (share 34561064): redistribute 0.133 ntt 1.444 crt 0.002 out 0.136 spills+carry 0.068, total 1.757 s
mdev 2^25 (28800887 limbs): repack 0.028 h2d 0.001 fwd 0.003 inv 0.001 d2h 0.021 crt 0.010 total 0.057 s
mdev 2^25 (28800887 limbs): repack 0.026 h2d 0.001 fwd 0.003 inv 0.001 d2h 0.014 crt 0.009 total 0.050 s
dist_mn node 0: 2^25 = 2^12 x 2^13 over 2 x 4 ranks, 3 primes (rows 512..512; 17280532 + 11520355 limbs at 0, window [0, 28800887) of share [0, 34561064)): redistribute 0.041 ntt 0.369 crt 0.000 out 0.032 spills+carry 0.001 total 0.424 s [A cached] [B cached]
dist_mn node 1: 2^25 = 2^12 x 2^13 over 2 x 4 ranks, 3 primes (rows 512..512; 17280532 + 11520355 limbs at 0, window [28800887, 28800887) of share [34561064, 69122128)): redistribute 0.042 ntt 0.374 crt 0.000 out 0.026 spills+carry 0.001 total 0.424 s [A cached] [B cached]
dist_mn node 0: 2^25 = 2^12 x 2^13 over 2 x 4 ranks, 3 primes (rows 512..512; 17280532 + 11520355 limbs at 17280532, window [0, 17280532) of share [0, 34561064), accumulated): redistribute 0.015 ntt 0.233 crt 0.000 out 0.023 spills+carry 0.018 total 0.287 s [B hit]
dist_mn node 1: 2^25 = 2^12 x 2^13 over 2 x 4 ranks, 3 primes (rows 512..512; 17280532 + 11520355 limbs at 17280532, window [17280532, 28800887) of share [34561064, 69122128), accumulated): redistribute 0.014 ntt 0.229 crt 0.000 out 0.027 spills+carry 0.018 total 0.287 s [B hit]
dist_mn node 0: 2^25 = 2^12 x 2^13 over 2 x 4 ranks, 3 primes (rows 512..512; 17280532 + 11520355 limbs at 11520355, window [0, 23040709) of share [0, 34561064), accumulated): redistribute 0.010 ntt 0.216 crt 0.000 out 0.025 spills+carry 0.013 total 0.264 s [A hit] [B cached]
dist_mn node 1: 2^25 = 2^12 x 2^13 over 2 x 4 ranks, 3 primes (rows 512..512; 17280532 + 11520355 limbs at 11520355, window [23040709, 28800887) of share [34561064, 69122128), accumulated): redistribute 0.009 ntt 0.215 crt 0.000 out 0.026 spills+carry 0.013 total 0.264 s [A hit] [B cached]
dist_mn node 0: 2^25 = 2^12 x 2^13 over 2 x 4 ranks, 3 primes (rows 512..512; 17280532 + 11520355 limbs at 28800887, window [0, 5760177) of share [0, 34561064), accumulated): redistribute 0.018 ntt 0.233 crt 0.000 out 0.028 spills+carry 0.014 total 0.291 s [B hit]
dist_mn node 1: 2^25 = 2^12 x 2^13 over 2 x 4 ranks, 3 primes (rows 512..512; 17280532 + 11520355 limbs at 28800887, window [5760177, 28800887) of share [34561064, 69122128), accumulated): redistribute 0.017 ntt 0.234 crt 0.000 out 0.026 spills+carry 0.014 total 0.291 s [B hit]
dist_mn node 0: 2^25 = 2^12 x 2^13 over 2 x 4 ranks, 3 primes (rows 512..512; 17280532 + 11520354 limbs at 23040710, window [0, 11520354) of share [0, 34561064), accumulated): redistribute 0.017 ntt 0.219 crt 0.001 out 0.021 spills+carry 0.014 total 0.270 s [A hit] [B cached]
dist_mn node 1: 2^25 = 2^12 x 2^13 over 2 x 4 ranks, 3 primes (rows 512..512; 17280532 + 11520354 limbs at 23040710, window [11520354, 28800886) of share [34561064, 69122128), accumulated): redistribute 0.017 ntt 0.220 crt 0.001 out 0.022 spills+carry 0.014 total 0.270 s [A hit] [B cached]
dist_mn node 0: 2^25 = 2^12 x 2^13 over 2 x 4 ranks, 3 primes (rows 512..512; 17280532 + 11520354 limbs at 40321242, window [0, 0) of share [0, 34561064), accumulated): redistribute 0.017 ntt 0.243 crt 0.000 out 0.026 spills+carry 0.010 total 0.296 s [B hit]
dist_mn node 0: 34561064 x 34561064 limbs over 2 x 4 ranks (cap 2^25): 2 x 3 pieces, 6 formed, 0 skipped (low cut) (cache 2 slots: 32 hits, 34 misses)
dist_mn node 1: 2^25 = 2^12 x 2^13 over 2 x 4 ranks, 3 primes (rows 512..512; 17280532 + 11520354 limbs at 40321242, window [0, 28800886) of share [34561064, 69122128), accumulated): redistribute 0.018 ntt 0.236 crt 0.000 out 0.033 spills+carry 0.010 total 0.296 s [B hit]
dist_mn node 1: 34561064 x 34561064 limbs over 2 x 4 ranks (cap 2^25): 2 x 3 pieces, 6 formed, 0 skipped (low cut) (cache 2 slots: 32 hits, 34 misses)
dist_mn node 0: 34561064 + 34561064 limbs -> 69122128 (share 34561064): redistribute 0.117 ntt 1.513 crt 0.003 out 0.156 spills+carry 0.069, total 1.836 s
dist_mn node 1: 34561064 + 34561064 limbs -> 69122128 (share 34561064): redistribute 0.117 ntt 1.508 crt 0.003 out 0.161 spills+carry 0.069, total 1.836 s
dist_mn node 0: 2^25 = 2^12 x 2^13 over 2 x 4 ranks, 3 primes (rows 512..512; 17280532 + 11520355 limbs at 0, window [0, 28800887) of share [0, 34561063)): redistribute 0.072 ntt 0.408 crt 0.001 out 0.023 spills+carry 0.001 total 0.466 s [A cached] [B cached]
dist_mn node 1: 2^25 = 2^12 x 2^13 over 2 x 4 ranks, 3 primes (rows 512..512; 17280532 + 11520355 limbs at 0, window [28800887, 28800887) of share [34561063, 69122127)): redistribute 0.072 ntt 0.409 crt 0.001 out 0.023 spills+carry 0.001 total 0.466 s [A cached] [B cached]
dist_mn node 0: 2^25 = 2^12 x 2^13 over 2 x 4 ranks, 3 primes (rows 512..512; 17280532 + 11520355 limbs at 17280532, window [0, 17280531) of share [0, 34561063), accumulated): redistribute 0.015 ntt 0.226 crt 0.000 out 0.025 spills+carry 0.016 total 0.281 s [B hit]
dist_mn node 1: 2^25 = 2^12 x 2^13 over 2 x 4 ranks, 3 primes (rows 512..512; 17280532 + 11520355 limbs at 17280532, window [17280531, 28800887) of share [34561063, 69122127), accumulated): redistribute 0.015 ntt 0.221 crt 0.000 out 0.028 spills+carry 0.016 total 0.281 s [B hit]
dist_mn node 0: 2^25 = 2^12 x 2^13 over 2 x 4 ranks, 3 primes (rows 512..512; 17280532 + 11520355 limbs at 11520355, window [0, 23040708) of share [0, 34561063), accumulated): redistribute 0.011 ntt 0.232 crt 0.000 out 0.029 spills+carry 0.013 total 0.280 s [A hit] [B cached]
dist_mn node 1: 2^25 = 2^12 x 2^13 over 2 x 4 ranks, 3 primes (rows 512..512; 17280532 + 11520355 limbs at 11520355, window [23040708, 28800887) of share [34561063, 69122127), accumulated): redistribute 0.014 ntt 0.238 crt 0.000 out 0.030 spills+carry 0.013 total 0.280 s [A hit] [B cached]
dist_mn node 0: 2^25 = 2^12 x 2^13 over 2 x 4 ranks, 3 primes (rows 512..512; 17280532 + 11520355 limbs at 28800887, window [0, 5760176) of share [0, 34561063), accumulated): redistribute 0.018 ntt 0.219 crt 0.000 out 0.034 spills+carry 0.013 total 0.284 s [B hit]
dist_mn node 1: 2^25 = 2^12 x 2^13 over 2 x 4 ranks, 3 primes (rows 512..512; 17280532 + 11520355 limbs at 28800887, window [5760176, 28800887) of share [34561063, 69122127), accumulated): redistribute 0.017 ntt 0.225 crt 0.000 out 0.027 spills+carry 0.013 total 0.284 s [B hit]
dist_mn node 0: 2^25 = 2^12 x 2^13 over 2 x 4 ranks, 3 primes (rows 512..512; 17280532 + 11520354 limbs at 23040710, window [0, 11520353) of share [0, 34561063), accumulated): redistribute 0.017 ntt 0.253 crt 0.000 out 0.027 spills+carry 0.015 total 0.313 s [A hit] [B cached]
dist_mn node 1: 2^25 = 2^12 x 2^13 over 2 x 4 ranks, 3 primes (rows 512..512; 17280532 + 11520354 limbs at 23040710, window [11520353, 28800886) of share [34561063, 69122127), accumulated): redistribute 0.011 ntt 0.259 crt 0.000 out 0.026 spills+carry 0.015 total 0.313 s [A hit] [B cached]
dist_mn node 0: 2^25 = 2^12 x 2^13 over 2 x 4 ranks, 3 primes (rows 512..512; 17280532 + 11520354 limbs at 40321242, window [0, 0) of share [0, 34561063), accumulated): redistribute 0.024 ntt 0.234 crt 0.001 out 0.028 spills+carry 0.010 total 0.296 s [B hit]
dist_mn node 0: 34561064 x 34561064 limbs over 2 x 4 ranks (cap 2^25): 2 x 3 pieces, 6 formed, 0 skipped (low product) (low cut) (cache 2 slots: 37 hits, 38 misses)
dist_mn node 1: 2^25 = 2^12 x 2^13 over 2 x 4 ranks, 3 primes (rows 512..512; 17280532 + 11520354 limbs at 40321242, window [0, 28800885) of share [34561063, 69122127), accumulated): redistribute 0.023 ntt 0.237 crt 0.001 out 0.026 spills+carry 0.009 total 0.296 s [B hit]
dist_mn node 1: 34561064 x 34561064 limbs over 2 x 4 ranks (cap 2^25): 2 x 3 pieces, 6 formed, 0 skipped (low product) (low cut) (cache 2 slots: 37 hits, 38 misses)
dist_mn node 0: 34561064 + 34561064 limbs -> 69122127 (share 34561063): redistribute 0.157 ntt 1.571 crt 0.003 out 0.166 spills+carry 0.068, total 1.920 s
dist_mn node 1: 34561064 + 34561064 limbs -> 69122127 (share 34561064): redistribute 0.153 ntt 1.590 crt 0.003 out 0.160 spills+carry 0.068, total 1.920 s
dist_mn node 0: 34561064 x 34561064 limbs over 2 x 4 ranks (cap 2^25): 2 x 3 pieces, 0 formed, 6 skipped (low cut) (cache 2 slots: 37 hits, 38 misses)
dist_mn node 1: 34561064 x 34561064 limbs over 2 x 4 ranks (cap 2^25): 2 x 3 pieces, 0 formed, 6 skipped (low cut) (cache 2 slots: 37 hits, 38 misses)
dist_mn node 0: 34561064 + 34561064 limbs -> 0 (share 34561064): redistribute 0.000 ntt 0.000 crt 0.000 out 0.000 spills+carry 0.000, total 0.002 s
dist_mn node 1: 34561064 + 34561064 limbs -> 0 (share 34561064): redistribute 0.000 ntt 0.000 crt 0.000 out 0.000 spills+carry 0.000, total 0.002 s
mdev 2^25 (28800887 limbs): repack 0.031 h2d 0.001 fwd 0.005 inv 0.002 d2h 0.016 crt 0.028 total 0.059 s
mdev 2^25 (28800887 limbs): repack 0.030 h2d 0.001 fwd 0.003 inv 0.003 d2h 0.036 crt 0.022 total 0.088 s
mdev 2^25 (28800887 limbs): repack 0.023 h2d 0.001 fwd 0.003 inv 0.001 d2h 0.025 crt 0.006 total 0.051 s
mdev 2^25 (28800887 limbs): repack 0.031 h2d 0.001 fwd 0.003 inv 0.001 d2h 0.024 crt 0.016 total 0.066 s
mdev 2^25 (28800887 limbs): repack 0.024 h2d 0.001 fwd 0.003 inv 0.001 d2h 0.018 crt 0.008 total 0.050 s
mdev 2^25 (28800887 limbs): repack 0.042 h2d 0.001 fwd 0.003 inv 0.001 d2h 0.022 crt 0.025 total 0.072 s
mdev 2^25 (28800887 limbs): repack 0.041 h2d 0.001 fwd 0.003 inv 0.001 d2h 0.025 crt 0.019 total 0.074 s
mdev 2^25 (28800886 limbs): repack 0.037 h2d 0.001 fwd 0.003 inv 0.001 d2h 0.036 crt 0.012 total 0.080 s
mdev 2^25 (28800887 limbs): repack 0.032 h2d 0.001 fwd 0.003 inv 0.001 d2h 0.012 crt 0.013 total 0.054 s
mdev 2^25 (28800886 limbs): repack 0.021 h2d 0.001 fwd 0.003 inv 0.001 d2h 0.016 crt 0.007 total 0.045 s
mdev 2^25 (28800886 limbs): repack 0.037 h2d 0.001 fwd 0.003 inv 0.001 d2h 0.033 crt 0.025 total 0.078 s
mdev 2^25 (28800886 limbs): repack 0.033 h2d 0.001 fwd 0.003 inv 0.001 d2h 0.019 crt 0.025 total 0.061 s
dist_mn node 0: 34561064 x 34561064 limbs over 2 x 4 ranks (cap 2^25): 2 x 3 pieces, 0 formed, 6 skipped (low product) (low cut) (cache 2 slots: 37 hits, 38 misses)
dist_mn node 1: 34561064 x 34561064 limbs over 2 x 4 ranks (cap 2^25): 2 x 3 pieces, 0 formed, 6 skipped (low product) (low cut) (cache 2 slots: 37 hits, 38 misses)
dist_mn node 0: 34561064 + 34561064 limbs -> 0 (share 34561063): redistribute 0.000 ntt 0.000 crt 0.000 out 0.000 spills+carry 0.000, total 0.002 s
dist_mn node 1: 34561064 + 34561064 limbs -> 0 (share 34561064): redistribute 0.000 ntt 0.000 crt 0.000 out 0.000 spills+carry 0.000, total 0.002 s
mdev 2^25 (28800887 limbs): repack 0.023 h2d 0.001 fwd 0.003 inv 0.001 d2h 0.017 crt 0.005 total 0.049 s
mdev 2^25 (28800887 limbs): repack 0.034 h2d 0.001 fwd 0.003 inv 0.001 d2h 0.022 crt 0.014 total 0.064 s
mdev 2^25 (28800887 limbs): repack 0.045 h2d 0.001 fwd 0.003 inv 0.001 d2h 0.021 crt 0.040 total 0.075 s
mdev 2^25 (28800887 limbs): repack 0.033 h2d 0.001 fwd 0.003 inv 0.001 d2h 0.030 crt 0.024 total 0.078 s
mdev 2^25 (28800887 limbs): repack 0.027 h2d 0.001 fwd 0.003 inv 0.001 d2h 0.020 crt 0.016 total 0.056 s
mdev 2^25 (28800887 limbs): repack 0.025 h2d 0.001 fwd 0.003 inv 0.001 d2h 0.019 crt 0.015 total 0.051 s
mdev 2^25 (28800887 limbs): repack 0.037 h2d 0.001 fwd 0.003 inv 0.001 d2h 0.016 crt 0.018 total 0.061 s
mdev 2^25 (28800887 limbs): repack 0.037 h2d 0.001 fwd 0.003 inv 0.001 d2h 0.021 crt 0.027 total 0.068 s
mdev 2^25 (28800886 limbs): repack 0.026 h2d 0.001 fwd 0.003 inv 0.001 d2h 0.024 crt 0.013 total 0.058 s
mdev 2^25 (28800886 limbs): repack 0.021 h2d 0.001 fwd 0.003 inv 0.001 d2h 0.014 crt 0.006 total 0.044 s
mdev 2^25 (28800886 limbs): repack 0.022 h2d 0.001 fwd 0.003 inv 0.001 d2h 0.022 crt 0.008 total 0.050 s
mdev 2^25 (28800886 limbs): repack 0.027 h2d 0.001 fwd 0.003 inv 0.001 d2h 0.014 crt 0.002 total 0.050 s
dist_mn node 0: 2^25 = 2^12 x 2^13 over 2 x 4 ranks, 3 primes (rows 512..512; 17280532 + 11520355 limbs at 0, window [0, 28800887) of share [0, 34561064)): redistribute 0.023 ntt 0.384 crt 0.000 out 0.023 spills+carry 0.001 total 0.425 s [B cached]
dist_mn node 1: 2^25 = 2^12 x 2^13 over 2 x 4 ranks, 3 primes (rows 512..512; 17280532 + 11520355 limbs at 0, window [28800887, 28800887) of share [34561064, 69122128)): redistribute 0.023 ntt 0.386 crt 0.000 out 0.024 spills+carry 0.001 total 0.425 s [B cached]
dist_mn node 0: 2^25 = 2^12 x 2^13 over 2 x 4 ranks, 3 primes (rows 512..512; 17280532 + 11520355 limbs at 17280532, window [0, 17280532) of share [0, 34561064), accumulated): redistribute 0.014 ntt 0.236 crt 0.000 out 0.028 spills+carry 0.016 total 0.296 s [B hit]
dist_mn node 1: 2^25 = 2^12 x 2^13 over 2 x 4 ranks, 3 primes (rows 512..512; 17280532 + 11520355 limbs at 17280532, window [17280532, 28800887) of share [34561064, 69122128), accumulated): redistribute 0.014 ntt 0.231 crt 0.000 out 0.034 spills+carry 0.016 total 0.296 s [B hit]
dist_mn node 0: 2^25 = 2^12 x 2^13 over 2 x 4 ranks, 3 primes (rows 512..512; 17280532 + 11520355 limbs at 11520355, window [0, 23040709) of share [0, 34561064), accumulated): redistribute 0.020 ntt 0.333 crt 0.000 out 0.026 spills+carry 0.014 total 0.394 s [B cached]
dist_mn node 1: 2^25 = 2^12 x 2^13 over 2 x 4 ranks, 3 primes (rows 512..512; 17280532 + 11520355 limbs at 11520355, window [23040709, 28800887) of share [34561064, 69122128), accumulated): redistribute 0.022 ntt 0.333 crt 0.000 out 0.024 spills+carry 0.015 total 0.394 s [B cached]
dist_mn node 0: 2^25 = 2^12 x 2^13 over 2 x 4 ranks, 3 primes (rows 512..512; 17280532 + 11520355 limbs at 28800887, window [0, 5760177) of share [0, 34561064), accumulated): redistribute 0.021 ntt 0.241 crt 0.001 out 0.027 spills+carry 0.014 total 0.299 s [B hit]
dist_mn node 1: 2^25 = 2^12 x 2^13 over 2 x 4 ranks, 3 primes (rows 512..512; 17280532 + 11520355 limbs at 28800887, window [5760177, 28800887) of share [34561064, 69122128), accumulated): redistribute 0.021 ntt 0.235 crt 0.001 out 0.033 spills+carry 0.014 total 0.299 s [B hit]
dist_mn node 0: 2^25 = 2^12 x 2^13 over 2 x 4 ranks, 3 primes (rows 512..512; 17280532 + 11520354 limbs at 23040710, window [0, 11520354) of share [0, 34561064), accumulated): redistribute 0.032 ntt 0.321 crt 0.000 out 0.028 spills+carry 0.014 total 0.391 s
dist_mn node 1: 2^25 = 2^12 x 2^13 over 2 x 4 ranks, 3 primes (rows 512..512; 17280532 + 11520354 limbs at 23040710, window [11520354, 28800886) of share [34561064, 69122128), accumulated): redistribute 0.030 ntt 0.324 crt 0.000 out 0.027 spills+carry 0.014 total 0.391 s
dist_mn node 0: 2^25 = 2^12 x 2^13 over 2 x 4 ranks, 3 primes (rows 512..512; 17280532 + 11520354 limbs at 40321242, window [0, 0) of share [0, 34561064), accumulated): redistribute 0.031 ntt 0.377 crt 0.000 out 0.029 spills+carry 0.010 total 0.437 s
dist_mn node 0: 34561064 x 34561064 limbs over 2 x 4 ranks (cap 2^25): 2 x 3 pieces, 6 formed, 0 skipped (cache 2 slots: 39 hits, 40 misses)
dist_mn node 1: 2^25 = 2^12 x 2^13 over 2 x 4 ranks, 3 primes (rows 512..512; 17280532 + 11520354 limbs at 40321242, window [0, 28800886) of share [34561064, 69122128), accumulated): redistribute 0.031 ntt 0.375 crt 0.000 out 0.031 spills+carry 0.010 total 0.437 s
dist_mn node 1: 34561064 x 34561064 limbs over 2 x 4 ranks (cap 2^25): 2 x 3 pieces, 6 formed, 0 skipped (cache 2 slots: 39 hits, 40 misses)
dist_mn node 0: 34561064 + 34561064 limbs -> 69122128 (share 34561064): redistribute 0.141 ntt 1.893 crt 0.003 out 0.160 spills+carry 0.070, total 2.477 s
dist_mn node 1: 34561064 + 34561064 limbs -> 69122128 (share 34561064): redistribute 0.141 ntt 1.884 crt 0.003 out 0.173 spills+carry 0.070, total 2.244 s
dist_mn node 0: 2^25 = 2^12 x 2^13 over 2 x 4 ranks, 3 primes (rows 512..512; 17280532 + 11520355 limbs at 0, window [0, 28800887) of share [0, 34561063)): redistribute 0.052 ntt 0.274 crt 0.000 out 0.022 spills+carry 0.001 total 0.315 s [B hit]
dist_mn node 1: 2^25 = 2^12 x 2^13 over 2 x 4 ranks, 3 primes (rows 512..512; 17280532 + 11520355 limbs at 0, window [28800887, 28800887) of share [34561063, 69122127)): redistribute 0.051 ntt 0.267 crt 0.000 out 0.028 spills+carry 0.001 total 0.315 s [B hit]
dist_mn node 0: 2^25 = 2^12 x 2^13 over 2 x 4 ranks, 3 primes (rows 512..512; 17280532 + 11520355 limbs at 17280532, window [0, 17280531) of share [0, 34561063), accumulated): redistribute 0.017 ntt 0.247 crt 0.000 out 0.028 spills+carry 0.017 total 0.309 s [B hit]
dist_mn node 1: 2^25 = 2^12 x 2^13 over 2 x 4 ranks, 3 primes (rows 512..512; 17280532 + 11520355 limbs at 17280532, window [17280531, 28800887) of share [34561063, 69122127), accumulated): redistribute 0.017 ntt 0.242 crt 0.000 out 0.033 spills+carry 0.017 total 0.309 s [B hit]
dist_mn node 0: 2^25 = 2^12 x 2^13 over 2 x 4 ranks, 3 primes (rows 512..512; 17280532 + 11520355 limbs at 11520355, window [0, 23040708) of share [0, 34561063), accumulated): redistribute 0.021 ntt 0.217 crt 0.000 out 0.029 spills+carry 0.015 total 0.276 s [B hit]
dist_mn node 1: 2^25 = 2^12 x 2^13 over 2 x 4 ranks, 3 primes (rows 512..512; 17280532 + 11520355 limbs at 11520355, window [23040708, 28800887) of share [34561063, 69122127), accumulated): redistribute 0.022 ntt 0.218 crt 0.000 out 0.029 spills+carry 0.015 total 0.276 s [B hit]
dist_mn node 0: 2^25 = 2^12 x 2^13 over 2 x 4 ranks, 3 primes (rows 512..512; 17280532 + 11520355 limbs at 28800887, window [0, 5760176) of share [0, 34561063), accumulated): redistribute 0.022 ntt 0.266 crt 0.001 out 0.023 spills+carry 0.013 total 0.315 s [B hit]
dist_mn node 1: 2^25 = 2^12 x 2^13 over 2 x 4 ranks, 3 primes (rows 512..512; 17280532 + 11520355 limbs at 28800887, window [5760176, 28800887) of share [34561063, 69122127), accumulated): redistribute 0.020 ntt 0.258 crt 0.001 out 0.027 spills+carry 0.013 total 0.315 s [B hit]
dist_mn node 0: 2^25 = 2^12 x 2^13 over 2 x 4 ranks, 3 primes (rows 512..512; 17280532 + 11520354 limbs at 23040710, window [0, 11520353) of share [0, 34561063), accumulated): redistribute 0.030 ntt 0.344 crt 0.000 out 0.035 spills+carry 0.015 total 0.418 s
dist_mn node 1: 2^25 = 2^12 x 2^13 over 2 x 4 ranks, 3 primes (rows 512..512; 17280532 + 11520354 limbs at 23040710, window [11520353, 28800886) of share [34561063, 69122127), accumulated): redistribute 0.029 ntt 0.345 crt 0.000 out 0.035 spills+carry 0.015 total 0.418 s
dist_mn node 0: 2^25 = 2^12 x 2^13 over 2 x 4 ranks, 3 primes (rows 512..512; 17280532 + 11520354 limbs at 40321242, window [0, 0) of share [0, 34561063), accumulated): redistribute 0.032 ntt 0.355 crt 0.000 out 0.032 spills+carry 0.010 total 0.422 s
dist_mn node 0: 34561064 x 34561064 limbs over 2 x 4 ranks (cap 2^25): 2 x 3 pieces, 6 formed, 0 skipped (low product) (cache 2 slots: 43 hits, 40 misses)
dist_mn node 1: 2^25 = 2^12 x 2^13 over 2 x 4 ranks, 3 primes (rows 512..512; 17280532 + 11520354 limbs at 40321242, window [0, 28800885) of share [34561063, 69122127), accumulated): redistribute 0.031 ntt 0.365 crt 0.000 out 0.025 spills+carry 0.010 total 0.422 s
dist_mn node 1: 34561064 x 34561064 limbs over 2 x 4 ranks (cap 2^25): 2 x 3 pieces, 6 formed, 0 skipped (low product) (cache 2 slots: 43 hits, 40 misses)
dist_mn node 0: 34561064 + 34561064 limbs -> 69122127 (share 34561063): redistribute 0.173 ntt 1.702 crt 0.003 out 0.169 spills+carry 0.070, total 2.057 s
dist_mn node 1: 34561064 + 34561064 limbs -> 69122127 (share 34561064): redistribute 0.170 ntt 1.697 crt 0.003 out 0.177 spills+carry 0.070, total 2.057 s
dist_mn node 0: 2^25 = 2^12 x 2^13 over 2 x 4 ranks, 3 primes (rows 512..512; 17280532 + 11520353 limbs at 0, window [0, 25920794) of share [0, 25920794)): redistribute 0.062 ntt 0.372 crt 0.000 out 0.022 spills+carry 0.001 total 0.428 s [A cached] [B cached]
dist_mn node 1: 2^25 = 2^12 x 2^13 over 2 x 4 ranks, 3 primes (rows 512..512; 17280532 + 11520353 limbs at 0, window [25920794, 28800885) of share [25920794, 51841589)): redistribute 0.060 ntt 0.366 crt 0.000 out 0.022 spills+carry 0.001 total 0.428 s [A cached] [B cached]
dist_mn node 0: 2^25 = 2^12 x 2^13 over 2 x 4 ranks, 3 primes (rows 512..512; 17280532 + 11520353 limbs at 11520353, window [0, 14400441) of share [0, 25920794), accumulated): redistribute 0.012 ntt 0.222 crt 0.000 out 0.027 spills+carry 0.012 total 0.273 s [A hit] [B cached]
dist_mn node 1: 2^25 = 2^12 x 2^13 over 2 x 4 ranks, 3 primes (rows 512..512; 17280532 + 11520353 limbs at 11520353, window [14400441, 28800885) of share [25920794, 51841589), accumulated): redistribute 0.013 ntt 0.221 crt 0.000 out 0.027 spills+carry 0.012 total 0.273 s [A hit] [B cached]
dist_mn node 0: 2^25 = 2^12 x 2^13 over 2 x 4 ranks, 3 primes (rows 512..512; 17280532 + 11520351 limbs at 23040706, window [0, 2880088) of share [0, 25920794), accumulated): redistribute 0.012 ntt 0.222 crt 0.000 out 0.024 spills+carry 0.003 total 0.261 s [A hit] [B cached]
dist_mn node 0: 17280532 x 34561057 limbs over 2 x 4 ranks (cap 2^25): 1 x 3 pieces, 3 formed, 0 skipped (cache 2 slots: 2 hits, 4 misses)
dist_mn node 1: 2^25 = 2^12 x 2^13 over 2 x 4 ranks, 3 primes (rows 512..512; 17280532 + 11520351 limbs at 23040706, window [2880088, 28800883) of share [25920794, 51841589), accumulated): redistribute 0.011 ntt 0.223 crt 0.000 out 0.024 spills+carry 0.003 total 0.261 s [A hit] [B cached]
dist_mn node 1: 17280532 x 34561057 limbs over 2 x 4 ranks (cap 2^25): 1 x 3 pieces, 3 formed, 0 skipped (cache 2 slots: 2 hits, 4 misses)
dist_mn node 0: 17280532 + 34561057 limbs -> 51841589 (share 25920794): redistribute 0.086 ntt 0.816 crt 0.001 out 0.073 spills+carry 0.015, total 0.964 s
dist_mn node 1: 17280532 + 34561057 limbs -> 51841589 (share 25920795): redistribute 0.085 ntt 0.810 crt 0.001 out 0.073 spills+carry 0.015, total 0.964 s
mdev 2^26 (51841589 limbs): repack 0.052 h2d 0.001 fwd 0.011 inv 0.005 d2h 0.037 crt 0.024 total 0.112 s
mdev 2^26 (51841589 limbs): repack 0.055 h2d 0.001 fwd 0.010 inv 0.006 d2h 0.043 crt 0.025 total 0.120 s
dist_mn node 0: 2^25 = 2^12 x 2^13 over 2 x 4 ranks, 3 primes (rows 512..512; 17280532 + 11520353 limbs at 0, window [0, 8640267) of share [0, 8640267)): redistribute 0.039 ntt 0.379 crt 0.001 out 0.028 spills+carry 0.000 total 0.437 s [A cached] [B cached]
dist_mn node 1: 2^25 = 2^12 x 2^13 over 2 x 4 ranks, 3 primes (rows 512..512; 17280532 + 11520353 limbs at 0, window [8640267, 17280535) of share [8640267, 17280535)): redistribute 0.039 ntt 0.376 crt 0.001 out 0.023 spills+carry 0.001 total 0.437 s [A cached] [B cached]
dist_mn node 0: 2^25 = 2^12 x 2^13 over 2 x 4 ranks, 3 primes (rows 512..512; 17280532 + 11520353 limbs at 11520353, window [0, 0) of share [0, 8640267), accumulated): redistribute 0.012 ntt 0.196 crt 0.000 out 0.016 spills+carry 0.002 total 0.226 s [A hit] [B cached]
dist_mn node 0: 17280532 x 34561057 limbs over 2 x 4 ranks (cap 2^25): 1 x 3 pieces, 2 formed, 1 skipped (low product) (cache 2 slots: 3 hits, 7 misses)
dist_mn node 1: 2^25 = 2^12 x 2^13 over 2 x 4 ranks, 3 primes (rows 512..512; 17280532 + 11520353 limbs at 11520353, window [0, 5760182) of share [8640267, 17280535), accumulated): redistribute 0.015 ntt 0.199 crt 0.000 out 0.010 spills+carry 0.002 total 0.226 s [A hit] [B cached]
dist_mn node 1: 17280532 x 34561057 limbs over 2 x 4 ranks (cap 2^25): 1 x 3 pieces, 2 formed, 1 skipped (low product) (cache 2 slots: 3 hits, 7 misses)
dist_mn node 0: 17280532 + 34561057 limbs -> 17280535 (share 8640267): redistribute 0.051 ntt 0.575 crt 0.001 out 0.044 spills+carry 0.003, total 0.666 s
dist_mn node 1: 17280532 + 34561057 limbs -> 17280535 (share 8640268): redistribute 0.053 ntt 0.575 crt 0.001 out 0.032 spills+carry 0.003, total 0.679 s
dist_mn node 0: 2^25 = 2^12 x 2^13 over 2 x 4 ranks, 3 primes (rows 512..512; 17280532 + 11520355 limbs at 0, window [0, 28800887) of share [0, 34561064)): redistribute 0.055 ntt 0.441 crt 0.000 out 0.035 spills+carry 0.001 total 0.499 s [A cached] [B cached]
dist_mn node 1: 2^25 = 2^12 x 2^13 over 2 x 4 ranks, 3 primes (rows 512..512; 17280532 + 11520355 limbs at 0, window [28800887, 28800887) of share [34561064, 69122129)): redistribute 0.066 ntt 0.440 crt 0.000 out 0.035 spills+carry 0.001 total 0.499 s [A cached] [B cached]
dist_mn node 0: 2^25 = 2^12 x 2^13 over 2 x 4 ranks, 3 primes (rows 512..512; 17280532 + 11520355 limbs at 17280532, window [0, 17280532) of share [0, 34561064), accumulated): redistribute 0.021 ntt 0.247 crt 0.000 out 0.033 spills+carry 0.018 total 0.315 s [B hit]
dist_mn node 1: 2^25 = 2^12 x 2^13 over 2 x 4 ranks, 3 primes (rows 512..512; 17280532 + 11520355 limbs at 17280532, window [17280532, 28800887) of share [34561064, 69122129), accumulated): redistribute 0.021 ntt 0.246 crt 0.000 out 0.035 spills+carry 0.018 total 0.315 s [B hit]
dist_mn node 0: 2^25 = 2^12 x 2^13 over 2 x 4 ranks, 3 primes (rows 512..512; 17280532 + 11520355 limbs at 11520355, window [0, 23040709) of share [0, 34561064), accumulated): redistribute 0.014 ntt 0.239 crt 0.000 out 0.029 spills+carry 0.014 total 0.296 s [A hit] [B cached]
dist_mn node 1: 2^25 = 2^12 x 2^13 over 2 x 4 ranks, 3 primes (rows 512..512; 17280532 + 11520355 limbs at 11520355, window [23040709, 28800887) of share [34561064, 69122129), accumulated): redistribute 0.017 ntt 0.235 crt 0.000 out 0.029 spills+carry 0.015 total 0.296 s [A hit] [B cached]
dist_mn node 0: 2^25 = 2^12 x 2^13 over 2 x 4 ranks, 3 primes (rows 512..512; 17280532 + 11520355 limbs at 28800887, window [0, 5760177) of share [0, 34561064), accumulated): redistribute 0.019 ntt 0.242 crt 0.000 out 0.031 spills+carry 0.013 total 0.303 s [B hit]
dist_mn node 1: 2^25 = 2^12 x 2^13 over 2 x 4 ranks, 3 primes (rows 512..512; 17280532 + 11520355 limbs at 28800887, window [5760177, 28800887) of share [34561064, 69122129), accumulated): redistribute 0.019 ntt 0.239 crt 0.000 out 0.035 spills+carry 0.013 total 0.303 s [B hit]
dist_mn node 0: 2^25 = 2^12 x 2^13 over 2 x 4 ranks, 3 primes (rows 512..512; 17280532 + 11520354 limbs at 23040710, window [0, 11520354) of share [0, 34561064), accumulated): redistribute 0.015 ntt 0.248 crt 0.000 out 0.027 spills+carry 0.015 total 0.305 s [A hit] [B cached]
dist_mn node 1: 2^25 = 2^12 x 2^13 over 2 x 4 ranks, 3 primes (rows 512..512; 17280532 + 11520354 limbs at 23040710, window [11520354, 28800886) of share [34561064, 69122129), accumulated): redistribute 0.015 ntt 0.245 crt 0.000 out 0.030 spills+carry 0.015 total 0.305 s [A hit] [B cached]
dist_mn node 0: 2^25 = 2^12 x 2^13 over 2 x 4 ranks, 3 primes (rows 512..512; 17280532 + 11520354 limbs at 40321242, window [0, 0) of share [0, 34561064), accumulated): redistribute 0.022 ntt 0.245 crt 0.000 out 0.030 spills+carry 0.010 total 0.307 s [B hit]
dist_mn node 1: 2^25 = 2^12 x 2^13 over 2 x 4 ranks, 3 primes (rows 512..512; 17280532 + 11520354 limbs at 40321242, window [0, 28800886) of share [34561064, 69122129), accumulated): redistribute 0.021 ntt 0.254 crt 0.000 out 0.027 spills+carry 0.009 total 0.307 s [B hit]
mdb_add_shifted node 0: 34561061 limbs at 0 into a basis of 69122129 (my window [0, 34561061), 1 rounds of 8640272; slabs 8640265 + 8640265 limbs per APU 0): 0.039 s
dist_mn node 0: 34561064 x 34561064 limbs over 2 x 4 ranks (cap 2^25): 2 x 3 pieces, 6 formed, 0 skipped (cache 2 slots: 8 hits, 11 misses)
mdb_add_shifted node 1: 34561061 limbs at 0 into a basis of 69122129 (my window [34561064, 34561064), 1 rounds of 8640272; slabs 0 + 0 limbs per APU 0): 0.039 s
dist_mn node 1: 34561064 x 34561064 limbs over 2 x 4 ranks (cap 2^25): 2 x 3 pieces, 6 formed, 0 skipped (cache 2 slots: 8 hits, 11 misses)
dist_mn node 0: 34561064 + 34561064 + x limbs -> 69122128 (share 34561064): redistribute 0.147 ntt 1.661 crt 0.002 out 0.184 spills+carry 0.071, total 2.068 s
dist_mn node 1: 34561064 + 34561064 + x limbs -> 69122128 (share 34561065): redistribute 0.159 ntt 1.659 crt 0.002 out 0.191 spills+carry 0.071, total 2.091 s
mdb_add_shifted node 1: 34561061 limbs at 0 into a basis of 69122129 (my window [34561064, 34561064), 1 rounds of 8640272; slabs 0 + 0 limbs per APU 0): 0.092 s
mdb_add_shifted node 0: 34561061 limbs at 0 into a basis of 69122129 (my window [0, 34561061), 1 rounds of 8640272; slabs 8640265 + 8640265 limbs per APU 0): 0.100 s
mdb_add_shifted node 0: 34561061 limbs at 7 into a basis of 69122129 (my window [7, 34561064), 1 rounds of 8640272; slabs 8640264 + 8640264 limbs per APU 0): 0.088 s
mdb_add_shifted node 1: 34561061 limbs at 7 into a basis of 69122129 (my window [34561064, 34561068), 1 rounds of 8640272; slabs 1 + 1 limbs per APU 0): 0.086 s
mdb_add_shifted node 0: 34561061 limbs at 17280532 into a basis of 69122129 (my window [17280532, 34561064), 1 rounds of 4320144; slabs 4320133 + 4320133 limbs per APU 0): 0.024 s
mdb_add_shifted node 1: 34561061 limbs at 17280532 into a basis of 69122129 (my window [34561064, 51841593), 1 rounds of 4320144; slabs 4320132 + 4320132 limbs per APU 0): 0.080 s
dbig pool: APU0 hipMalloc 0.07 GB inside the phase (free 0.51 GB in 23 extents, largest 0.06; live 0.24 GB in 21 blocks)
dbig pool: APU3 hipMalloc 0.07 GB inside the phase (free 0.51 GB in 24 extents, largest 0.06; live 0.31 GB in 24 blocks)
dbig pool: APU1 hipMalloc 0.07 GB inside the phase (free 0.51 GB in 23 extents, largest 0.06; live 0.24 GB in 26 blocks)
dbig pool: APU2 hipMalloc 0.07 GB inside the phase (free 0.51 GB in 24 extents, largest 0.06; live 0.31 GB in 30 blocks)
mdb_add_shifted node 0: 34561061 limbs at 34561064 into a basis of 69122129 (my window [34561064, 34561064), 1 rounds of 8640272; slabs 8640265 + 0 limbs per APU 0): 0.170 s
mdb_add_shifted node 1: 34561061 limbs at 34561064 into a basis of 69122129 (my window [34561064, 69122125), 1 rounds of 8640272; slabs 0 + 8640265 limbs per APU 0): 0.166 s
dist_mn node 0: 2^25 = 2^12 x 2^13 over 2 x 4 ranks, 3 primes (rows 512..512; 17280532 + 11520355 limbs at 0, window [0, 28800887) of share [0, 34561064)): redistribute 0.049 ntt 0.369 crt 0.000 out 0.023 spills+carry 0.003 total 0.431 s [A cached] [B cached]
dist_mn node 1: 2^25 = 2^12 x 2^13 over 2 x 4 ranks, 3 primes (rows 512..512; 17280532 + 11520355 limbs at 0, window [28800887, 28800887) of share [34561064, 69122128)): redistribute 0.049 ntt 0.371 crt 0.000 out 0.022 spills+carry 0.003 total 0.430 s [A cached] [B cached]
dist_mn node 0: 2^25 = 2^12 x 2^13 over 2 x 4 ranks, 3 primes (rows 512..512; 17280532 + 11520355 limbs at 17280532, window [0, 17280532) of share [0, 34561064), accumulated): redistribute 0.017 ntt 0.227 crt 0.000 out 0.034 spills+carry 0.018 total 0.296 s [B hit]
dist_mn node 1: 2^25 = 2^12 x 2^13 over 2 x 4 ranks, 3 primes (rows 512..512; 17280532 + 11520355 limbs at 17280532, window [17280532, 28800887) of share [34561064, 69122128), accumulated): redistribute 0.016 ntt 0.227 crt 0.000 out 0.035 spills+carry 0.018 total 0.296 s [B hit]
dist_mn node 0: 2^25 = 2^12 x 2^13 over 2 x 4 ranks, 3 primes (rows 512..512; 17280532 + 11520355 limbs at 11520355, window [0, 23040709) of share [0, 34561064), accumulated): redistribute 0.013 ntt 0.232 crt 0.000 out 0.020 spills+carry 0.017 total 0.283 s [A hit] [B cached]
dist_mn node 1: 2^25 = 2^12 x 2^13 over 2 x 4 ranks, 3 primes (rows 512..512; 17280532 + 11520355 limbs at 11520355, window [23040709, 28800887) of share [34561064, 69122128), accumulated): redistribute 0.015 ntt 0.235 crt 0.000 out 0.019 spills+carry 0.017 total 0.283 s [A hit] [B cached]
dist_mn node 0: 2^25 = 2^12 x 2^13 over 2 x 4 ranks, 3 primes (rows 512..512; 17280532 + 11520355 limbs at 28800887, window [0, 5760177) of share [0, 34561064), accumulated): redistribute 0.021 ntt 0.235 crt 0.000 out 0.032 spills+carry 0.016 total 0.296 s [B hit]
dist_mn node 1: 2^25 = 2^12 x 2^13 over 2 x 4 ranks, 3 primes (rows 512..512; 17280532 + 11520355 limbs at 28800887, window [5760177, 28800887) of share [34561064, 69122128), accumulated): redistribute 0.020 ntt 0.235 crt 0.000 out 0.032 spills+carry 0.016 total 0.296 s [B hit]
dist_mn node 0: 2^25 = 2^12 x 2^13 over 2 x 4 ranks, 3 primes (rows 512..512; 17280532 + 11520354 limbs at 23040710, window [0, 11520354) of share [0, 34561064), accumulated): redistribute 0.014 ntt 0.249 crt 0.000 out 0.025 spills+carry 0.019 total 0.308 s [A hit] [B cached]
dist_mn node 1: 2^25 = 2^12 x 2^13 over 2 x 4 ranks, 3 primes (rows 512..512; 17280532 + 11520354 limbs at 23040710, window [11520354, 28800886) of share [34561064, 69122128), accumulated): redistribute 0.011 ntt 0.248 crt 0.000 out 0.030 spills+carry 0.019 total 0.308 s [A hit] [B cached]
dist_mn node 0: 2^25 = 2^12 x 2^13 over 2 x 4 ranks, 3 primes (rows 512..512; 17280532 + 11520354 limbs at 40321242, window [0, 0) of share [0, 34561064), accumulated): redistribute 0.019 ntt 0.276 crt 0.000 out 0.027 spills+carry 0.011 total 0.331 s [B hit]
dist_mn node 0: 34561064 x 34561064 limbs over 2 x 4 ranks (cap 2^25): 2 x 3 pieces, 6 formed, 0 skipped (cache 2 slots: 13 hits, 15 misses)
dist_mn node 1: 2^25 = 2^12 x 2^13 over 2 x 4 ranks, 3 primes (rows 512..512; 17280532 + 11520354 limbs at 40321242, window [0, 28800886) of share [34561064, 69122128), accumulated): redistribute 0.017 ntt 0.275 crt 0.000 out 0.028 spills+carry 0.011 total 0.331 s [B hit]
dist_mn node 1: 34561064 x 34561064 limbs over 2 x 4 ranks (cap 2^25): 2 x 3 pieces, 6 formed, 0 skipped (cache 2 slots: 13 hits, 15 misses)
dist_mn node 0: 34561064 + 34561064 limbs -> 69122128 (share 34561064): redistribute 0.133 ntt 1.588 crt 0.002 out 0.162 spills+carry 0.084, total 1.949 s
dist_mn node 1: 34561064 + 34561064 limbs -> 69122128 (share 34561064): redistribute 0.128 ntt 1.591 crt 0.002 out 0.166 spills+carry 0.084, total 2.035 s
mdev 3*2^25 (69122128 limbs): repack 0.046 h2d 0.001 fwd 0.014 inv 0.012 d2h 0.071 crt 0.062 total 0.152 s
mdev 3*2^25 (69122128 limbs): repack 0.075 h2d 0.002 fwd 0.022 inv 0.007 d2h 0.059 crt 0.057 total 0.156 s
dist_mn node 0: 2^25 = 2^12 x 2^13 over 2 x 4 ranks, 3 primes (rows 512..512; 17280532 + 11520355 limbs at 0, window [0, 28800887) of share [0, 34561064)): redistribute 0.047 ntt 0.353 crt 0.000 out 0.041 spills+carry 0.002 total 0.405 s [A cached] [B cached]
dist_mn node 1: 2^25 = 2^12 x 2^13 over 2 x 4 ranks, 3 primes (rows 512..512; 17280532 + 11520355 limbs at 0, window [28800887, 28800887) of share [34561064, 69122129)): redistribute 0.047 ntt 0.348 crt 0.000 out 0.039 spills+carry 0.002 total 0.405 s [A cached] [B cached]
dist_mn node 0: 2^25 = 2^12 x 2^13 over 2 x 4 ranks, 3 primes (rows 512..512; 17280532 + 11520355 limbs at 17280532, window [0, 17280532) of share [0, 34561064), accumulated): redistribute 0.017 ntt 0.238 crt 0.000 out 0.026 spills+carry 0.018 total 0.299 s [B hit]
dist_mn node 1: 2^25 = 2^12 x 2^13 over 2 x 4 ranks, 3 primes (rows 512..512; 17280532 + 11520355 limbs at 17280532, window [17280532, 28800887) of share [34561064, 69122129), accumulated): redistribute 0.016 ntt 0.232 crt 0.000 out 0.032 spills+carry 0.018 total 0.299 s [B hit]
dist_mn node 0: 2^25 = 2^12 x 2^13 over 2 x 4 ranks, 3 primes (rows 512..512; 17280532 + 11520355 limbs at 11520355, window [0, 23040709) of share [0, 34561064), accumulated): redistribute 0.012 ntt 0.254 crt 0.000 out 0.030 spills+carry 0.017 total 0.304 s [A hit] [B cached]
dist_mn node 1: 2^25 = 2^12 x 2^13 over 2 x 4 ranks, 3 primes (rows 512..512; 17280532 + 11520355 limbs at 11520355, window [23040709, 28800887) of share [34561064, 69122129), accumulated): redistribute 0.015 ntt 0.256 crt 0.000 out 0.030 spills+carry 0.017 total 0.304 s [A hit] [B cached]
dist_mn node 0: 2^25 = 2^12 x 2^13 over 2 x 4 ranks, 3 primes (rows 512..512; 17280532 + 11520355 limbs at 28800887, window [0, 5760177) of share [0, 34561064), accumulated): redistribute 0.019 ntt 0.226 crt 0.000 out 0.029 spills+carry 0.016 total 0.288 s [B hit]
dist_mn node 1: 2^25 = 2^12 x 2^13 over 2 x 4 ranks, 3 primes (rows 512..512; 17280532 + 11520355 limbs at 28800887, window [5760177, 28800887) of share [34561064, 69122129), accumulated): redistribute 0.019 ntt 0.228 crt 0.000 out 0.026 spills+carry 0.016 total 0.288 s [B hit]
dist_mn node 0: 2^25 = 2^12 x 2^13 over 2 x 4 ranks, 3 primes (rows 512..512; 17280532 + 11520354 limbs at 23040710, window [0, 11520354) of share [0, 34561064), accumulated): redistribute 0.013 ntt 0.228 crt 0.000 out 0.022 spills+carry 0.019 total 0.282 s [A hit] [B cached]
dist_mn node 1: 2^25 = 2^12 x 2^13 over 2 x 4 ranks, 3 primes (rows 512..512; 17280532 + 11520354 limbs at 23040710, window [11520354, 28800886) of share [34561064, 69122129), accumulated): redistribute 0.013 ntt 0.225 crt 0.000 out 0.025 spills+carry 0.019 total 0.282 s [A hit] [B cached]
dist_mn node 0: 2^25 = 2^12 x 2^13 over 2 x 4 ranks, 3 primes (rows 512..512; 17280532 + 11520354 limbs at 40321242, window [0, 0) of share [0, 34561064), accumulated): redistribute 0.026 ntt 0.247 crt 0.000 out 0.023 spills+carry 0.011 total 0.304 s [B hit]
dist_mn node 1: 2^25 = 2^12 x 2^13 over 2 x 4 ranks, 3 primes (rows 512..512; 17280532 + 11520354 limbs at 40321242, window [0, 28800886) of share [34561064, 69122129), accumulated): redistribute 0.023 ntt 0.248 crt 0.000 out 0.023 spills+carry 0.011 total 0.304 s [B hit]
mdb_add_shifted node 0: 34561061 limbs at 0 into a basis of 69122129 (my window [0, 34561061), 1 rounds of 8640272; slabs 8640265 + 8640265 limbs per APU 0): 0.037 s
dist_mn node 0: 34561064 x 34561064 limbs over 2 x 4 ranks (cap 2^25): 2 x 3 pieces, 6 formed, 0 skipped (cache 2 slots: 18 hits, 19 misses)
mdb_add_shifted node 1: 34561061 limbs at 0 into a basis of 69122129 (my window [34561064, 34561064), 1 rounds of 8640272; slabs 0 + 0 limbs per APU 0): 0.037 s
dist_mn node 1: 34561064 x 34561064 limbs over 2 x 4 ranks (cap 2^25): 2 x 3 pieces, 6 formed, 0 skipped (cache 2 slots: 18 hits, 19 misses)
dist_mn node 0: 34561064 + 34561064 + x limbs -> 69122128 (share 34561064): redistribute 0.134 ntt 1.547 crt 0.002 out 0.172 spills+carry 0.084, total 1.980 s
dist_mn node 1: 34561064 + 34561064 + x limbs -> 69122128 (share 34561065): redistribute 0.133 ntt 1.536 crt 0.002 out 0.175 spills+carry 0.084, total 1.923 s
dist_mn node 0: 2^25 = 2^12 x 2^13 over 2 x 4 ranks, 3 primes (rows 512..512; 17280532 + 11520355 limbs at 0, window [0, 17280533) of share [0, 17280533)): redistribute 0.036 ntt 0.380 crt 0.001 out 0.028 spills+carry 0.002 total 0.432 s [A cached] [B cached]
dist_mn node 1: 2^25 = 2^12 x 2^13 over 2 x 4 ranks, 3 primes (rows 512..512; 17280532 + 11520355 limbs at 0, window [17280533, 28800887) of share [17280533, 34561066)): redistribute 0.036 ntt 0.373 crt 0.001 out 0.035 spills+carry 0.002 total 0.432 s [A cached] [B cached]
dist_mn node 0: 2^25 = 2^12 x 2^13 over 2 x 4 ranks, 3 primes (rows 512..512; 17280532 + 11520355 limbs at 17280532, window [0, 1) of share [0, 17280533), accumulated): redistribute 0.014 ntt 0.232 crt 0.000 out 0.019 spills+carry 0.003 total 0.268 s [B hit]
dist_mn node 1: 2^25 = 2^12 x 2^13 over 2 x 4 ranks, 3 primes (rows 512..512; 17280532 + 11520355 limbs at 17280532, window [1, 17280534) of share [17280533, 34561066), accumulated): redistribute 0.013 ntt 0.229 crt 0.000 out 0.023 spills+carry 0.003 total 0.268 s [B hit]
dist_mn node 0: 2^25 = 2^12 x 2^13 over 2 x 4 ranks, 3 primes (rows 512..512; 17280532 + 11520355 limbs at 11520355, window [0, 5760178) of share [0, 17280533), accumulated): redistribute 0.010 ntt 0.222 crt 0.000 out 0.033 spills+carry 0.009 total 0.272 s [A hit] [B cached]
dist_mn node 1: 2^25 = 2^12 x 2^13 over 2 x 4 ranks, 3 primes (rows 512..512; 17280532 + 11520355 limbs at 11520355, window [5760178, 23040711) of share [17280533, 34561066), accumulated): redistribute 0.010 ntt 0.223 crt 0.000 out 0.032 spills+carry 0.009 total 0.272 s [A hit] [B cached]
dist_mn node 0: 2^25 = 2^12 x 2^13 over 2 x 4 ranks, 3 primes (rows 512..512; 17280532 + 11520355 limbs at 28800887, window [0, 0) of share [0, 17280533), accumulated): redistribute 0.021 ntt 0.240 crt 0.000 out 0.010 spills+carry 0.004 total 0.271 s [B hit]
dist_mn node 1: 2^25 = 2^12 x 2^13 over 2 x 4 ranks, 3 primes (rows 512..512; 17280532 + 11520355 limbs at 28800887, window [0, 5760179) of share [17280533, 34561066), accumulated): redistribute 0.021 ntt 0.241 crt 0.000 out 0.010 spills+carry 0.004 total 0.271 s [B hit]
dist_mn node 0: 2^25 = 2^12 x 2^13 over 2 x 4 ranks, 3 primes (rows 512..512; 17280532 + 11520354 limbs at 23040710, window [0, 0) of share [0, 17280533), accumulated): redistribute 0.014 ntt 0.250 crt 0.000 out 0.013 spills+carry 0.009 total 0.283 s [A hit] [B cached]
dist_mn node 0: 34561064 x 34561064 limbs over 2 x 4 ranks (cap 2^25): 2 x 3 pieces, 5 formed, 1 skipped (low product) (cache 2 slots: 22 hits, 23 misses)
dist_mn node 1: 2^25 = 2^12 x 2^13 over 2 x 4 ranks, 3 primes (rows 512..512; 17280532 + 11520354 limbs at 23040710, window [0, 11520356) of share [17280533, 34561066), accumulated): redistribute 0.014 ntt 0.253 crt 0.000 out 0.010 spills+carry 0.009 total 0.283 s [A hit] [B cached]
dist_mn node 1: 34561064 x 34561064 limbs over 2 x 4 ranks (cap 2^25): 2 x 3 pieces, 5 formed, 1 skipped (low product) (cache 2 slots: 22 hits, 23 misses)
dist_mn node 0: 34561064 + 34561064 limbs -> 34561066 (share 17280533): redistribute 0.095 ntt 1.324 crt 0.002 out 0.104 spills+carry 0.027, total 1.528 s
dist_mn node 1: 34561064 + 34561064 limbs -> 34561066 (share 17280533): redistribute 0.093 ntt 1.319 crt 0.002 out 0.109 spills+carry 0.027, total 1.528 s
dist_mn node 0: 2^25 = 2^12 x 2^13 over 2 x 4 ranks, 3 primes (rows 512..512; 17280533 + 8640267 limbs at 0, window [0, 8640266) of share [0, 8640266)): redistribute 0.044 ntt 0.359 crt 0.001 out 0.026 spills+carry 0.002 total 0.416 s [A cached] [B cached]
dist_mn node 1: 2^25 = 2^12 x 2^13 over 2 x 4 ranks, 3 primes (rows 512..512; 17280533 + 8640267 limbs at 0, window [8640266, 17280533) of share [8640266, 17280533)): redistribute 0.044 ntt 0.360 crt 0.001 out 0.026 spills+carry 0.002 total 0.416 s [A cached] [B cached]
dist_mn node 0: 2^25 = 2^12 x 2^13 over 2 x 4 ranks, 3 primes (rows 512..512; 17280533 + 8640266 limbs at 8640267, window [0, 0) of share [0, 8640266), accumulated): redistribute 0.008 ntt 0.234 crt 0.000 out 0.020 spills+carry 0.003 total 0.265 s [A hit] [B cached]
dist_mn node 0: 17280533 x 17280533 limbs over 2 x 4 ranks (cap 2^25): 1 x 2 pieces, 2 formed, 0 skipped (low product) (cache 2 slots: 23 hits, 26 misses)
dist_mn node 1: 2^25 = 2^12 x 2^13 over 2 x 4 ranks, 3 primes (rows 512..512; 17280533 + 8640266 limbs at 8640267, window [0, 8640266) of share [8640266, 17280533), accumulated): redistribute 0.009 ntt 0.238 crt 0.000 out 0.014 spills+carry 0.003 total 0.265 s [A hit] [B cached]
dist_mn node 1: 17280533 x 17280533 limbs over 2 x 4 ranks (cap 2^25): 1 x 2 pieces, 2 formed, 0 skipped (low product) (cache 2 slots: 23 hits, 26 misses)
dist_mn node 0: 17280533 + 17280533 limbs -> 1 (share 8640266): redistribute 0.052 ntt 0.593 crt 0.001 out 0.046 spills+carry 0.005, total 0.682 s
dist_mn node 1: 17280533 + 17280533 limbs -> 1 (share 8640267): redistribute 0.053 ntt 0.597 crt 0.001 out 0.041 spills+carry 0.005, total 0.682 s
dist_mn node 0: 2^25 = 2^12 x 2^13 over 2 x 4 ranks, 3 primes (rows 512..512; 17280532 + 11520355 limbs at 0, window [0, 28800887) of share [0, 34561063)): redistribute 0.045 ntt 0.415 crt 0.001 out 0.019 spills+carry 0.002 total 0.455 s [A cached] [B cached]
dist_mn node 1: 2^25 = 2^12 x 2^13 over 2 x 4 ranks, 3 primes (rows 512..512; 17280532 + 11520355 limbs at 0, window [28800887, 28800887) of share [34561063, 69122127)): redistribute 0.045 ntt 0.415 crt 0.001 out 0.019 spills+carry 0.003 total 0.455 s [A cached] [B cached]
dist_mn node 0: 2^25 = 2^12 x 2^13 over 2 x 4 ranks, 3 primes (rows 512..512; 17280532 + 11520355 limbs at 17280532, window [0, 17280531) of share [0, 34561063), accumulated): redistribute 0.021 ntt 0.241 crt 0.000 out 0.029 spills+carry 0.018 total 0.311 s [B hit]
dist_mn node 1: 2^25 = 2^12 x 2^13 over 2 x 4 ranks, 3 primes (rows 512..512; 17280532 + 11520355 limbs at 17280532, window [17280531, 28800887) of share [34561063, 69122127), accumulated): redistribute 0.021 ntt 0.239 crt 0.000 out 0.031 spills+carry 0.018 total 0.311 s [B hit]
dist_mn node 0: 2^25 = 2^12 x 2^13 over 2 x 4 ranks, 3 primes (rows 512..512; 17280532 + 11520355 limbs at 11520355, window [0, 23040708) of share [0, 34561063), accumulated): redistribute 0.011 ntt 0.226 crt 0.000 out 0.037 spills+carry 0.017 total 0.281 s [A hit] [B cached]
dist_mn node 1: 2^25 = 2^12 x 2^13 over 2 x 4 ranks, 3 primes (rows 512..512; 17280532 + 11520355 limbs at 11520355, window [23040708, 28800887) of share [34561063, 69122127), accumulated): redistribute 0.011 ntt 0.232 crt 0.000 out 0.036 spills+carry 0.017 total 0.281 s [A hit] [B cached]
dist_mn node 0: 2^25 = 2^12 x 2^13 over 2 x 4 ranks, 3 primes (rows 512..512; 17280532 + 11520355 limbs at 28800887, window [0, 5760176) of share [0, 34561063), accumulated): redistribute 0.023 ntt 0.256 crt 0.000 out 0.022 spills+carry 0.017 total 0.317 s [B hit]
dist_mn node 1: 2^25 = 2^12 x 2^13 over 2 x 4 ranks, 3 primes (rows 512..512; 17280532 + 11520355 limbs at 28800887, window [5760176, 28800887) of share [34561063, 69122127), accumulated): redistribute 0.023 ntt 0.252 crt 0.000 out 0.026 spills+carry 0.017 total 0.317 s [B hit]
dist_mn node 0: 2^25 = 2^12 x 2^13 over 2 x 4 ranks, 3 primes (rows 512..512; 17280532 + 11520354 limbs at 23040710, window [0, 11520353) of share [0, 34561063), accumulated): redistribute 0.012 ntt 0.219 crt 0.000 out 0.040 spills+carry 0.019 total 0.290 s [A hit] [B cached]
dist_mn node 1: 2^25 = 2^12 x 2^13 over 2 x 4 ranks, 3 primes (rows 512..512; 17280532 + 11520354 limbs at 23040710, window [11520353, 28800886) of share [34561063, 69122127), accumulated): redistribute 0.010 ntt 0.227 crt 0.000 out 0.033 spills+carry 0.019 total 0.290 s [A hit] [B cached]
dist_mn node 0: 2^25 = 2^12 x 2^13 over 2 x 4 ranks, 3 primes (rows 512..512; 17280532 + 11520354 limbs at 40321242, window [0, 0) of share [0, 34561063), accumulated): redistribute 0.024 ntt 0.232 crt 0.000 out 0.029 spills+carry 0.011 total 0.285 s [B hit]
dist_mn node 0: 34561064 x 34561064 limbs over 2 x 4 ranks (cap 2^25): 2 x 3 pieces, 6 formed, 0 skipped (low product) (cache 2 slots: 28 hits, 30 misses)
dist_mn node 1: 2^25 = 2^12 x 2^13 over 2 x 4 ranks, 3 primes (rows 512..512; 17280532 + 11520354 limbs at 40321242, window [0, 28800885) of share [34561063, 69122127), accumulated): redistribute 0.021 ntt 0.233 crt 0.000 out 0.026 spills+carry 0.011 total 0.285 s [B hit]
dist_mn node 1: 34561064 x 34561064 limbs over 2 x 4 ranks (cap 2^25): 2 x 3 pieces, 6 formed, 0 skipped (low product) (cache 2 slots: 28 hits, 30 misses)
dist_mn node 0: 34561064 + 34561064 limbs -> 69122127 (share 34561063): redistribute 0.136 ntt 1.589 crt 0.003 out 0.176 spills+carry 0.084, total 1.940 s
dist_mn node 1: 34561064 + 34561064 limbs -> 69122127 (share 34561064): redistribute 0.131 ntt 1.598 crt 0.003 out 0.172 spills+carry 0.085, total 1.940 s
dist_mn node 0: 2^25 = 2^12 x 2^13 over 2 x 4 ranks, 3 primes (rows 512..512; 17280532 + 11520355 limbs at 17280532, window [0, 17280532) of share [0, 34561064), accumulated): redistribute 0.063 ntt 0.363 crt 0.000 out 0.025 spills+carry 0.018 total 0.428 s [B cached]
dist_mn node 1: 2^25 = 2^12 x 2^13 over 2 x 4 ranks, 3 primes (rows 512..512; 17280532 + 11520355 limbs at 17280532, window [17280532, 28800887) of share [34561064, 69122128), accumulated): redistribute 0.062 ntt 0.365 crt 0.000 out 0.023 spills+carry 0.018 total 0.428 s [B cached]
dist_mn node 0: 2^25 = 2^12 x 2^13 over 2 x 4 ranks, 3 primes (rows 512..512; 17280532 + 11520355 limbs at 11520355, window [0, 23040709) of share [0, 34561064), accumulated): redistribute 0.021 ntt 0.344 crt 0.000 out 0.030 spills+carry 0.016 total 0.409 s [A cached] [B cached]
dist_mn node 1: 2^25 = 2^12 x 2^13 over 2 x 4 ranks, 3 primes (rows 512..512; 17280532 + 11520355 limbs at 11520355, window [23040709, 28800887) of share [34561064, 69122128), accumulated): redistribute 0.021 ntt 0.345 crt 0.000 out 0.027 spills+carry 0.016 total 0.409 s [A cached] [B cached]
dist_mn node 0: 2^25 = 2^12 x 2^13 over 2 x 4 ranks, 3 primes (rows 512..512; 17280532 + 11520355 limbs at 28800887, window [0, 5760177) of share [0, 34561064), accumulated): redistribute 0.014 ntt 0.237 crt 0.000 out 0.027 spills+carry 0.017 total 0.296 s [B hit]
dist_mn node 1: 2^25 = 2^12 x 2^13 over 2 x 4 ranks, 3 primes (rows 512..512; 17280532 + 11520355 limbs at 28800887, window [5760177, 28800887) of share [34561064, 69122128), accumulated): redistribute 0.013 ntt 0.237 crt 0.000 out 0.028 spills+carry 0.017 total 0.296 s [B hit]
dist_mn node 0: 2^25 = 2^12 x 2^13 over 2 x 4 ranks, 3 primes (rows 512..512; 17280532 + 11520354 limbs at 23040710, window [0, 11520354) of share [0, 34561064), accumulated): redistribute 0.010 ntt 0.215 crt 0.000 out 0.027 spills+carry 0.018 total 0.271 s [A hit] [B cached]
dist_mn node 1: 2^25 = 2^12 x 2^13 over 2 x 4 ranks, 3 primes (rows 512..512; 17280532 + 11520354 limbs at 23040710, window [11520354, 28800886) of share [34561064, 69122128), accumulated): redistribute 0.010 ntt 0.210 crt 0.000 out 0.032 spills+carry 0.018 total 0.271 s [A hit] [B cached]
dist_mn node 0: 2^25 = 2^12 x 2^13 over 2 x 4 ranks, 3 primes (rows 512..512; 17280532 + 11520354 limbs at 40321242, window [0, 0) of share [0, 34561064), accumulated): redistribute 0.020 ntt 0.227 crt 0.000 out 0.023 spills+carry 0.011 total 0.276 s [B hit]
dist_mn node 0: 34561064 x 34561064 limbs over 2 x 4 ranks (cap 2^25): 2 x 3 pieces, 5 formed, 1 skipped (low cut) (cache 2 slots: 31 hits, 34 misses)
dist_mn node 1: 2^25 = 2^12 x 2^13 over 2 x 4 ranks, 3 primes (rows 512..512; 17280532 + 11520354 limbs at 40321242, window [0, 28800886) of share [34561064, 69122128), accumulated): redistribute 0.019 ntt 0.231 crt 0.000 out 0.022 spills+carry 0.011 total 0.276 s [B hit]
dist_mn node 1: 34561064 x 34561064 limbs over 2 x 4 ranks (cap 2^25): 2 x 3 pieces, 5 formed, 1 skipped (low cut) (cache 2 slots: 31 hits, 34 misses)
dist_mn node 0: 34561064 + 34561064 limbs -> 69122128 (share 34561064): redistribute 0.128 ntt 1.387 crt 0.002 out 0.132 spills+carry 0.080, total 1.681 s
dist_mn node 1: 34561064 + 34561064 limbs -> 69122128 (share 34561064): redistribute 0.125 ntt 1.387 crt 0.002 out 0.133 spills+carry 0.080, total 1.681 s
mdev 2^25 (28800887 limbs): repack 0.022 h2d 0.001 fwd 0.003 inv 0.001 d2h 0.026 crt 0.023 total 0.056 s
mdev 2^25 (28800887 limbs): repack 0.018 h2d 0.001 fwd 0.003 inv 0.001 d2h 0.021 crt 0.013 total 0.047 s
dist_mn node 0: 2^25 = 2^12 x 2^13 over 2 x 4 ranks, 3 primes (rows 512..512; 17280532 + 11520355 limbs at 17280532, window [0, 17280531) of share [0, 34561063), accumulated): redistribute 0.044 ntt 0.368 crt 0.000 out 0.025 spills+carry 0.018 total 0.440 s [B cached]
dist_mn node 1: 2^25 = 2^12 x 2^13 over 2 x 4 ranks, 3 primes (rows 512..512; 17280532 + 11520355 limbs at 17280532, window [17280531, 28800887) of share [34561063, 69122127), accumulated): redistribute 0.044 ntt 0.365 crt 0.000 out 0.026 spills+carry 0.018 total 0.440 s [B cached]
dist_mn node 0: 2^25 = 2^12 x 2^13 over 2 x 4 ranks, 3 primes (rows 512..512; 17280532 + 11520355 limbs at 11520355, window [0, 23040708) of share [0, 34561063), accumulated): redistribute 0.020 ntt 0.371 crt 0.000 out 0.029 spills+carry 0.016 total 0.427 s [A cached] [B cached]
dist_mn node 1: 2^25 = 2^12 x 2^13 over 2 x 4 ranks, 3 primes (rows 512..512; 17280532 + 11520355 limbs at 11520355, window [23040708, 28800887) of share [34561063, 69122127), accumulated): redistribute 0.027 ntt 0.363 crt 0.000 out 0.028 spills+carry 0.016 total 0.427 s [A cached] [B cached]
dist_mn node 0: 2^25 = 2^12 x 2^13 over 2 x 4 ranks, 3 primes (rows 512..512; 17280532 + 11520355 limbs at 28800887, window [0, 5760176) of share [0, 34561063), accumulated): redistribute 0.014 ntt 0.241 crt 0.000 out 0.030 spills+carry 0.017 total 0.302 s [B hit]
dist_mn node 1: 2^25 = 2^12 x 2^13 over 2 x 4 ranks, 3 primes (rows 512..512; 17280532 + 11520355 limbs at 28800887, window [5760176, 28800887) of share [34561063, 69122127), accumulated): redistribute 0.014 ntt 0.244 crt 0.000 out 0.027 spills+carry 0.017 total 0.302 s [B hit]
dist_mn node 0: 2^25 = 2^12 x 2^13 over 2 x 4 ranks, 3 primes (rows 512..512; 17280532 + 11520354 limbs at 23040710, window [0, 11520353) of share [0, 34561063), accumulated): redistribute 0.017 ntt 0.226 crt 0.000 out 0.026 spills+carry 0.018 total 0.288 s [A hit] [B cached]
dist_mn node 1: 2^25 = 2^12 x 2^13 over 2 x 4 ranks, 3 primes (rows 512..512; 17280532 + 11520354 limbs at 23040710, window [11520353, 28800886) of share [34561063, 69122127), accumulated): redistribute 0.017 ntt 0.226 crt 0.000 out 0.025 spills+carry 0.018 total 0.288 s [A hit] [B cached]
dist_mn node 0: 2^25 = 2^12 x 2^13 over 2 x 4 ranks, 3 primes (rows 512..512; 17280532 + 11520354 limbs at 40321242, window [0, 0) of share [0, 34561063), accumulated): redistribute 0.022 ntt 0.234 crt 0.000 out 0.037 spills+carry 0.011 total 0.296 s [B hit]
dist_mn node 0: 34561064 x 34561064 limbs over 2 x 4 ranks (cap 2^25): 2 x 3 pieces, 5 formed, 1 skipped (low product) (low cut) (cache 2 slots: 34 hits, 38 misses)
dist_mn node 1: 2^25 = 2^12 x 2^13 over 2 x 4 ranks, 3 primes (rows 512..512; 17280532 + 11520354 limbs at 40321242, window [0, 28800885) of share [34561063, 69122127), accumulated): redistribute 0.021 ntt 0.240 crt 0.000 out 0.032 spills+carry 0.011 total 0.296 s [B hit]
dist_mn node 1: 34561064 x 34561064 limbs over 2 x 4 ranks (cap 2^25): 2 x 3 pieces, 5 formed, 1 skipped (low product) (low cut) (cache 2 slots: 34 hits, 38 misses)
dist_mn node 0: 34561064 + 34561064 limbs -> 69122127 (share 34561063): redistribute 0.117 ntt 1.439 crt 0.002 out 0.146 spills+carry 0.080, total 1.754 s
dist_mn node 1: 34561064 + 34561064 limbs -> 69122127 (share 34561064): redistribute 0.123 ntt 1.439 crt 0.002 out 0.139 spills+carry 0.080, total 1.754 s
mdev 2^25 (28800887 limbs): repack 0.023 h2d 0.001 fwd 0.003 inv 0.001 d2h 0.026 crt 0.016 total 0.057 s
mdev 2^25 (28800887 limbs): repack 0.031 h2d 0.001 fwd 0.003 inv 0.001 d2h 0.026 crt 0.014 total 0.065 s
dist_mn node 0: 2^25 = 2^12 x 2^13 over 2 x 4 ranks, 3 primes (rows 512..512; 17280532 + 11520355 limbs at 0, window [0, 28800887) of share [0, 34561064)): redistribute 0.062 ntt 0.377 crt 0.000 out 0.028 spills+carry 0.002 total 0.431 s [A cached] [B cached]
dist_mn node 1: 2^25 = 2^12 x 2^13 over 2 x 4 ranks, 3 primes (rows 512..512; 17280532 + 11520355 limbs at 0, window [28800887, 28800887) of share [34561064, 69122128)): redistribute 0.065 ntt 0.382 crt 0.000 out 0.022 spills+carry 0.003 total 0.431 s [A cached] [B cached]
dist_mn node 0: 2^25 = 2^12 x 2^13 over 2 x 4 ranks, 3 primes (rows 512..512; 17280532 + 11520355 limbs at 17280532, window [0, 17280532) of share [0, 34561064), accumulated): redistribute 0.016 ntt 0.203 crt 0.000 out 0.030 spills+carry 0.018 total 0.267 s [B hit]
dist_mn node 1: 2^25 = 2^12 x 2^13 over 2 x 4 ranks, 3 primes (rows 512..512; 17280532 + 11520355 limbs at 17280532, window [17280532, 28800887) of share [34561064, 69122128), accumulated): redistribute 0.015 ntt 0.203 crt 0.000 out 0.030 spills+carry 0.018 total 0.267 s [B hit]
dist_mn node 0: 2^25 = 2^12 x 2^13 over 2 x 4 ranks, 3 primes (rows 512..512; 17280532 + 11520355 limbs at 11520355, window [0, 23040709) of share [0, 34561064), accumulated): redistribute 0.016 ntt 0.223 crt 0.001 out 0.030 spills+carry 0.016 total 0.278 s [A hit] [B cached]
dist_mn node 1: 2^25 = 2^12 x 2^13 over 2 x 4 ranks, 3 primes (rows 512..512; 17280532 + 11520355 limbs at 11520355, window [23040709, 28800887) of share [34561064, 69122128), accumulated): redistribute 0.016 ntt 0.226 crt 0.001 out 0.030 spills+carry 0.016 total 0.278 s [A hit] [B cached]
dist_mn node 0: 2^25 = 2^12 x 2^13 over 2 x 4 ranks, 3 primes (rows 512..512; 17280532 + 11520355 limbs at 28800887, window [0, 5760177) of share [0, 34561064), accumulated): redistribute 0.020 ntt 0.225 crt 0.000 out 0.025 spills+carry 0.016 total 0.282 s [B hit]
dist_mn node 1: 2^25 = 2^12 x 2^13 over 2 x 4 ranks, 3 primes (rows 512..512; 17280532 + 11520355 limbs at 28800887, window [5760177, 28800887) of share [34561064, 69122128), accumulated): redistribute 0.020 ntt 0.225 crt 0.000 out 0.025 spills+carry 0.016 total 0.282 s [B hit]
dist_mn node 0: 2^25 = 2^12 x 2^13 over 2 x 4 ranks, 3 primes (rows 512..512; 17280532 + 11520354 limbs at 23040710, window [0, 11520354) of share [0, 34561064), accumulated): redistribute 0.012 ntt 0.234 crt 0.001 out 0.029 spills+carry 0.019 total 0.294 s [A hit] [B cached]
dist_mn node 1: 2^25 = 2^12 x 2^13 over 2 x 4 ranks, 3 primes (rows 512..512; 17280532 + 11520354 limbs at 23040710, window [11520354, 28800886) of share [34561064, 69122128), accumulated): redistribute 0.011 ntt 0.237 crt 0.001 out 0.027 spills+carry 0.019 total 0.294 s [A hit] [B cached]
dist_mn node 0: 2^25 = 2^12 x 2^13 over 2 x 4 ranks, 3 primes (rows 512..512; 17280532 + 11520354 limbs at 40321242, window [0, 0) of share [0, 34561064), accumulated): redistribute 0.020 ntt 0.214 crt 0.000 out 0.023 spills+carry 0.011 total 0.268 s [B hit]
dist_mn node 0: 34561064 x 34561064 limbs over 2 x 4 ranks (cap 2^25): 2 x 3 pieces, 6 formed, 0 skipped (low cut) (cache 2 slots: 39 hits, 42 misses)
dist_mn node 1: 2^25 = 2^12 x 2^13 over 2 x 4 ranks, 3 primes (rows 512..512; 17280532 + 11520354 limbs at 40321242, window [0, 28800886) of share [34561064, 69122128), accumulated): redistribute 0.019 ntt 0.216 crt 0.000 out 0.022 spills+carry 0.011 total 0.268 s [B hit]
dist_mn node 1: 34561064 x 34561064 limbs over 2 x 4 ranks (cap 2^25): 2 x 3 pieces, 6 formed, 0 skipped (low cut) (cache 2 slots: 39 hits, 42 misses)
dist_mn node 0: 34561064 + 34561064 limbs -> 69122128 (share 34561064): redistribute 0.147 ntt 1.476 crt 0.003 out 0.166 spills+carry 0.082, total 1.821 s
dist_mn node 1: 34561064 + 34561064 limbs -> 69122128 (share 34561064): redistribute 0.146 ntt 1.489 crt 0.003 out 0.156 spills+carry 0.082, total 1.821 s
dist_mn node 0: 2^25 = 2^12 x 2^13 over 2 x 4 ranks, 3 primes (rows 512..512; 17280532 + 11520355 limbs at 0, window [0, 28800887) of share [0, 34561063)): redistribute 0.053 ntt 0.425 crt 0.000 out 0.026 spills+carry 0.002 total 0.488 s [A cached] [B cached]
dist_mn node 1: 2^25 = 2^12 x 2^13 over 2 x 4 ranks, 3 primes (rows 512..512; 17280532 + 11520355 limbs at 0, window [28800887, 28800887) of share [34561063, 69122127)): redistribute 0.064 ntt 0.425 crt 0.000 out 0.022 spills+carry 0.003 total 0.488 s [A cached] [B cached]
dist_mn node 0: 2^25 = 2^12 x 2^13 over 2 x 4 ranks, 3 primes (rows 512..512; 17280532 + 11520355 limbs at 17280532, window [0, 17280531) of share [0, 34561063), accumulated): redistribute 0.014 ntt 0.248 crt 0.000 out 0.028 spills+carry 0.017 total 0.308 s [B hit]
dist_mn node 1: 2^25 = 2^12 x 2^13 over 2 x 4 ranks, 3 primes (rows 512..512; 17280532 + 11520355 limbs at 17280532, window [17280531, 28800887) of share [34561063, 69122127), accumulated): redistribute 0.014 ntt 0.247 crt 0.000 out 0.030 spills+carry 0.017 total 0.308 s [B hit]
dist_mn node 0: 2^25 = 2^12 x 2^13 over 2 x 4 ranks, 3 primes (rows 512..512; 17280532 + 11520355 limbs at 11520355, window [0, 23040708) of share [0, 34561063), accumulated): redistribute 0.011 ntt 0.252 crt 0.001 out 0.024 spills+carry 0.017 total 0.305 s [A hit] [B cached]
dist_mn node 1: 2^25 = 2^12 x 2^13 over 2 x 4 ranks, 3 primes (rows 512..512; 17280532 + 11520355 limbs at 11520355, window [23040708, 28800887) of share [34561063, 69122127), accumulated): redistribute 0.014 ntt 0.254 crt 0.001 out 0.023 spills+carry 0.017 total 0.305 s [A hit] [B cached]
dist_mn node 0: 2^25 = 2^12 x 2^13 over 2 x 4 ranks, 3 primes (rows 512..512; 17280532 + 11520355 limbs at 28800887, window [0, 5760176) of share [0, 34561063), accumulated): redistribute 0.028 ntt 0.250 crt 0.000 out 0.024 spills+carry 0.016 total 0.308 s [B hit]
dist_mn node 1: 2^25 = 2^12 x 2^13 over 2 x 4 ranks, 3 primes (rows 512..512; 17280532 + 11520355 limbs at 28800887, window [5760176, 28800887) of share [34561063, 69122127), accumulated): redistribute 0.028 ntt 0.247 crt 0.000 out 0.028 spills+carry 0.016 total 0.308 s [B hit]
dist_mn node 0: 2^25 = 2^12 x 2^13 over 2 x 4 ranks, 3 primes (rows 512..512; 17280532 + 11520354 limbs at 23040710, window [0, 11520353) of share [0, 34561063), accumulated): redistribute 0.020 ntt 0.254 crt 0.000 out 0.028 spills+carry 0.019 total 0.322 s [A hit] [B cached]
dist_mn node 1: 2^25 = 2^12 x 2^13 over 2 x 4 ranks, 3 primes (rows 512..512; 17280532 + 11520354 limbs at 23040710, window [11520353, 28800886) of share [34561063, 69122127), accumulated): redistribute 0.011 ntt 0.257 crt 0.000 out 0.034 spills+carry 0.019 total 0.322 s [A hit] [B cached]
dist_mn node 0: 2^25 = 2^12 x 2^13 over 2 x 4 ranks, 3 primes (rows 512..512; 17280532 + 11520354 limbs at 40321242, window [0, 0) of share [0, 34561063), accumulated): redistribute 0.017 ntt 0.270 crt 0.000 out 0.027 spills+carry 0.011 total 0.322 s [B hit]
dist_mn node 0: 34561064 x 34561064 limbs over 2 x 4 ranks (cap 2^25): 2 x 3 pieces, 6 formed, 0 skipped (low product) (low cut) (cache 2 slots: 44 hits, 46 misses)
dist_mn node 1: 2^25 = 2^12 x 2^13 over 2 x 4 ranks, 3 primes (rows 512..512; 17280532 + 11520354 limbs at 40321242, window [0, 28800885) of share [34561063, 69122127), accumulated): redistribute 0.015 ntt 0.270 crt 0.000 out 0.028 spills+carry 0.011 total 0.322 s [B hit]
dist_mn node 1: 34561064 x 34561064 limbs over 2 x 4 ranks (cap 2^25): 2 x 3 pieces, 6 formed, 0 skipped (low product) (low cut) (cache 2 slots: 44 hits, 46 misses)
dist_mn node 0: 34561064 + 34561064 limbs -> 69122127 (share 34561063): redistribute 0.143 ntt 1.699 crt 0.003 out 0.159 spills+carry 0.083, total 2.055 s
dist_mn node 1: 34561064 + 34561064 limbs -> 69122127 (share 34561064): redistribute 0.146 ntt 1.700 crt 0.003 out 0.166 spills+carry 0.083, total 2.055 s
dist_mn node 0: 34561064 x 34561064 limbs over 2 x 4 ranks (cap 2^25): 2 x 3 pieces, 0 formed, 6 skipped (low cut) (cache 2 slots: 44 hits, 46 misses)
dist_mn node 1: 34561064 x 34561064 limbs over 2 x 4 ranks (cap 2^25): 2 x 3 pieces, 0 formed, 6 skipped (low cut) (cache 2 slots: 44 hits, 46 misses)
dist_mn node 0: 34561064 + 34561064 limbs -> 0 (share 34561064): redistribute 0.000 ntt 0.000 crt 0.000 out 0.000 spills+carry 0.000, total 0.002 s
dist_mn node 1: 34561064 + 34561064 limbs -> 0 (share 34561064): redistribute 0.000 ntt 0.000 crt 0.000 out 0.000 spills+carry 0.000, total 0.002 s
mdev 2^25 (28800887 limbs): repack 0.029 h2d 0.001 fwd 0.004 inv 0.002 d2h 0.029 crt 0.021 total 0.069 s
mdev 2^25 (28800887 limbs): repack 0.034 h2d 0.001 fwd 0.005 inv 0.002 d2h 0.036 crt 0.026 total 0.081 s
mdev 2^25 (28800887 limbs): repack 0.026 h2d 0.001 fwd 0.006 inv 0.003 d2h 0.023 crt 0.015 total 0.061 s
mdev 2^25 (28800887 limbs): repack 0.025 h2d 0.001 fwd 0.005 inv 0.004 d2h 0.029 crt 0.011 total 0.062 s
mdev 2^25 (28800887 limbs): repack 0.021 h2d 0.001 fwd 0.003 inv 0.001 d2h 0.023 crt 0.018 total 0.051 s
mdev 2^25 (28800887 limbs): repack 0.021 h2d 0.001 fwd 0.003 inv 0.001 d2h 0.029 crt 0.026 total 0.059 s
mdev 2^25 (28800887 limbs): repack 0.028 h2d 0.001 fwd 0.003 inv 0.001 d2h 0.027 crt 0.024 total 0.063 s
mdev 2^25 (28800887 limbs): repack 0.021 h2d 0.001 fwd 0.003 inv 0.001 d2h 0.030 crt 0.014 total 0.059 s
mdev 2^25 (28800886 limbs): repack 0.037 h2d 0.001 fwd 0.003 inv 0.001 d2h 0.035 crt 0.029 total 0.081 s
mdev 2^25 (28800886 limbs): repack 0.052 h2d 0.001 fwd 0.003 inv 0.001 d2h 0.032 crt 0.050 total 0.092 s
mdev 2^25 (28800886 limbs): repack 0.054 h2d 0.003 fwd 0.003 inv 0.001 d2h 0.020 crt 0.012 total 0.082 s
mdev 2^25 (28800886 limbs): repack 0.036 h2d 0.001 fwd 0.003 inv 0.001 d2h 0.041 crt 0.021 total 0.086 s
dist_mn node 0: 34561064 x 34561064 limbs over 2 x 4 ranks (cap 2^25): 2 x 3 pieces, 0 formed, 6 skipped (low product) (low cut) (cache 2 slots: 44 hits, 46 misses)
dist_mn node 1: 34561064 x 34561064 limbs over 2 x 4 ranks (cap 2^25): 2 x 3 pieces, 0 formed, 6 skipped (low product) (low cut) (cache 2 slots: 44 hits, 46 misses)
dist_mn node 1: 34561064 + 34561064 limbs -> 0 (share 34561064): redistribute 0.000 ntt 0.000 crt 0.000 out 0.000 spills+carry 0.000, total 0.002 s
dist_mn node 0: 34561064 + 34561064 limbs -> 0 (share 34561063): redistribute 0.000 ntt 0.000 crt 0.000 out 0.000 spills+carry 0.000, total 0.004 s
mdev 2^25 (28800887 limbs): repack 0.042 h2d 0.001 fwd 0.003 inv 0.001 d2h 0.035 crt 0.036 total 0.085 s
mdev 2^25 (28800887 limbs): repack 0.035 h2d 0.001 fwd 0.003 inv 0.001 d2h 0.050 crt 0.035 total 0.093 s
mdev 2^25 (28800887 limbs): repack 0.044 h2d 0.001 fwd 0.003 inv 0.002 d2h 0.027 crt 0.012 total 0.081 s
mdev 2^25 (28800887 limbs): repack 0.033 h2d 0.001 fwd 0.004 inv 0.002 d2h 0.034 crt 0.010 total 0.076 s
mdev 2^25 (28800887 limbs): repack 0.024 h2d 0.001 fwd 0.003 inv 0.001 d2h 0.031 crt 0.022 total 0.064 s
mdev 2^25 (28800887 limbs): repack 0.039 h2d 0.001 fwd 0.003 inv 0.001 d2h 0.037 crt 0.033 total 0.083 s
mdev 2^25 (28800887 limbs): repack 0.040 h2d 0.001 fwd 0.003 inv 0.001 d2h 0.031 crt 0.022 total 0.079 s
mdev 2^25 (28800887 limbs): repack 0.037 h2d 0.001 fwd 0.003 inv 0.001 d2h 0.026 crt 0.018 total 0.070 s
mdev 2^25 (28800886 limbs): repack 0.023 h2d 0.001 fwd 0.003 inv 0.001 d2h 0.029 crt 0.011 total 0.060 s
mdev 2^25 (28800886 limbs): repack 0.030 h2d 0.001 fwd 0.003 inv 0.001 d2h 0.027 crt 0.020 total 0.065 s
mdev 2^25 (28800886 limbs): repack 0.031 h2d 0.001 fwd 0.003 inv 0.001 d2h 0.028 crt 0.014 total 0.067 s
mdev 2^25 (28800886 limbs): repack 0.021 h2d 0.001 fwd 0.003 inv 0.001 d2h 0.024 crt 0.020 total 0.053 s
dist_mn node 0: 2^25 = 2^12 x 2^13 over 2 x 4 ranks, 3 primes (rows 512..512; 17280532 + 11520355 limbs at 0, window [0, 28800887) of share [0, 34561064)): redistribute 0.031 ntt 0.322 crt 0.000 out 0.024 spills+carry 0.002 total 0.379 s [B cached]
dist_mn node 1: 2^25 = 2^12 x 2^13 over 2 x 4 ranks, 3 primes (rows 512..512; 17280532 + 11520355 limbs at 0, window [28800887, 28800887) of share [34561064, 69122128)): redistribute 0.031 ntt 0.327 crt 0.000 out 0.021 spills+carry 0.003 total 0.379 s [B cached]
dist_mn node 0: 2^25 = 2^12 x 2^13 over 2 x 4 ranks, 3 primes (rows 512..512; 17280532 + 11520355 limbs at 17280532, window [0, 17280532) of share [0, 34561064), accumulated): redistribute 0.025 ntt 0.241 crt 0.001 out 0.026 spills+carry 0.019 total 0.309 s [B hit]
dist_mn node 1: 2^25 = 2^12 x 2^13 over 2 x 4 ranks, 3 primes (rows 512..512; 17280532 + 11520355 limbs at 17280532, window [17280532, 28800887) of share [34561064, 69122128), accumulated): redistribute 0.024 ntt 0.242 crt 0.001 out 0.030 spills+carry 0.019 total 0.309 s [B hit]
dist_mn node 0: 2^25 = 2^12 x 2^13 over 2 x 4 ranks, 3 primes (rows 512..512; 17280532 + 11520355 limbs at 11520355, window [0, 23040709) of share [0, 34561064), accumulated): redistribute 0.027 ntt 0.336 crt 0.000 out 0.021 spills+carry 0.016 total 0.397 s [B cached]
dist_mn node 1: 2^25 = 2^12 x 2^13 over 2 x 4 ranks, 3 primes (rows 512..512; 17280532 + 11520355 limbs at 11520355, window [23040709, 28800887) of share [34561064, 69122128), accumulated): redistribute 0.026 ntt 0.335 crt 0.000 out 0.023 spills+carry 0.016 total 0.397 s [B cached]
dist_mn node 0: 2^25 = 2^12 x 2^13 over 2 x 4 ranks, 3 primes (rows 512..512; 17280532 + 11520355 limbs at 28800887, window [0, 5760177) of share [0, 34561064), accumulated): redistribute 0.018 ntt 0.208 crt 0.000 out 0.026 spills+carry 0.016 total 0.269 s [B hit]
dist_mn node 1: 2^25 = 2^12 x 2^13 over 2 x 4 ranks, 3 primes (rows 512..512; 17280532 + 11520355 limbs at 28800887, window [5760177, 28800887) of share [34561064, 69122128), accumulated): redistribute 0.018 ntt 0.206 crt 0.000 out 0.029 spills+carry 0.016 total 0.269 s [B hit]
dist_mn node 0: 2^25 = 2^12 x 2^13 over 2 x 4 ranks, 3 primes (rows 512..512; 17280532 + 11520354 limbs at 23040710, window [0, 11520354) of share [0, 34561064), accumulated): redistribute 0.031 ntt 0.331 crt 0.000 out 0.030 spills+carry 0.019 total 0.405 s
dist_mn node 1: 2^25 = 2^12 x 2^13 over 2 x 4 ranks, 3 primes (rows 512..512; 17280532 + 11520354 limbs at 23040710, window [11520354, 28800886) of share [34561064, 69122128), accumulated): redistribute 0.030 ntt 0.326 crt 0.000 out 0.034 spills+carry 0.019 total 0.405 s
dist_mn node 0: 2^25 = 2^12 x 2^13 over 2 x 4 ranks, 3 primes (rows 512..512; 17280532 + 11520354 limbs at 40321242, window [0, 0) of share [0, 34561064), accumulated): redistribute 0.034 ntt 0.353 crt 0.000 out 0.027 spills+carry 0.011 total 0.422 s
dist_mn node 0: 34561064 x 34561064 limbs over 2 x 4 ranks (cap 2^25): 2 x 3 pieces, 6 formed, 0 skipped (cache 2 slots: 46 hits, 48 misses)
dist_mn node 1: 2^25 = 2^12 x 2^13 over 2 x 4 ranks, 3 primes (rows 512..512; 17280532 + 11520354 limbs at 40321242, window [0, 28800886) of share [34561064, 69122128), accumulated): redistribute 0.033 ntt 0.353 crt 0.000 out 0.029 spills+carry 0.011 total 0.422 s
dist_mn node 1: 34561064 x 34561064 limbs over 2 x 4 ranks (cap 2^25): 2 x 3 pieces, 6 formed, 0 skipped (cache 2 slots: 46 hits, 48 misses)
dist_mn node 0: 34561064 + 34561064 limbs -> 69122128 (share 34561064): redistribute 0.166 ntt 1.790 crt 0.003 out 0.154 spills+carry 0.083, total 2.183 s
dist_mn node 1: 34561064 + 34561064 limbs -> 69122128 (share 34561064): redistribute 0.161 ntt 1.789 crt 0.003 out 0.165 spills+carry 0.084, total 2.326 s
dist_mn node 0: 2^25 = 2^12 x 2^13 over 2 x 4 ranks, 3 primes (rows 512..512; 17280532 + 11520355 limbs at 0, window [0, 28800887) of share [0, 34561063)): redistribute 0.017 ntt 0.284 crt 0.000 out 0.022 spills+carry 0.002 total 0.322 s [B hit]
dist_mn node 1: 2^25 = 2^12 x 2^13 over 2 x 4 ranks, 3 primes (rows 512..512; 17280532 + 11520355 limbs at 0, window [28800887, 28800887) of share [34561063, 69122127)): redistribute 0.017 ntt 0.288 crt 0.000 out 0.019 spills+carry 0.003 total 0.322 s [B hit]
dist_mn node 0: 2^25 = 2^12 x 2^13 over 2 x 4 ranks, 3 primes (rows 512..512; 17280532 + 11520355 limbs at 17280532, window [0, 17280531) of share [0, 34561063), accumulated): redistribute 0.016 ntt 0.209 crt 0.000 out 0.025 spills+carry 0.018 total 0.263 s [B hit]
dist_mn node 1: 2^25 = 2^12 x 2^13 over 2 x 4 ranks, 3 primes (rows 512..512; 17280532 + 11520355 limbs at 17280532, window [17280531, 28800887) of share [34561063, 69122127), accumulated): redistribute 0.015 ntt 0.207 crt 0.000 out 0.024 spills+carry 0.018 total 0.263 s [B hit]
dist_mn node 0: 2^25 = 2^12 x 2^13 over 2 x 4 ranks, 3 primes (rows 512..512; 17280532 + 11520355 limbs at 11520355, window [0, 23040708) of share [0, 34561063), accumulated): redistribute 0.014 ntt 0.195 crt 0.000 out 0.023 spills+carry 0.016 total 0.242 s [B hit]
dist_mn node 1: 2^25 = 2^12 x 2^13 over 2 x 4 ranks, 3 primes (rows 512..512; 17280532 + 11520355 limbs at 11520355, window [23040708, 28800887) of share [34561063, 69122127), accumulated): redistribute 0.014 ntt 0.194 crt 0.000 out 0.026 spills+carry 0.016 total 0.242 s [B hit]
dist_mn node 0: 2^25 = 2^12 x 2^13 over 2 x 4 ranks, 3 primes (rows 512..512; 17280532 + 11520355 limbs at 28800887, window [0, 5760176) of share [0, 34561063), accumulated): redistribute 0.015 ntt 0.230 crt 0.001 out 0.026 spills+carry 0.016 total 0.287 s [B hit]
dist_mn node 1: 2^25 = 2^12 x 2^13 over 2 x 4 ranks, 3 primes (rows 512..512; 17280532 + 11520355 limbs at 28800887, window [5760176, 28800887) of share [34561063, 69122127), accumulated): redistribute 0.014 ntt 0.230 crt 0.001 out 0.027 spills+carry 0.016 total 0.287 s [B hit]
dist_mn node 0: 2^25 = 2^12 x 2^13 over 2 x 4 ranks, 3 primes (rows 512..512; 17280532 + 11520354 limbs at 23040710, window [0, 11520353) of share [0, 34561063), accumulated): redistribute 0.036 ntt 0.378 crt 0.000 out 0.026 spills+carry 0.019 total 0.454 s
dist_mn node 1: 2^25 = 2^12 x 2^13 over 2 x 4 ranks, 3 primes (rows 512..512; 17280532 + 11520354 limbs at 23040710, window [11520353, 28800886) of share [34561063, 69122127), accumulated): redistribute 0.032 ntt 0.376 crt 0.000 out 0.028 spills+carry 0.019 total 0.454 s
dist_mn node 0: 2^25 = 2^12 x 2^13 over 2 x 4 ranks, 3 primes (rows 512..512; 17280532 + 11520354 limbs at 40321242, window [0, 0) of share [0, 34561063), accumulated): redistribute 0.030 ntt 0.353 crt 0.000 out 0.030 spills+carry 0.011 total 0.414 s
dist_mn node 0: 34561064 x 34561064 limbs over 2 x 4 ranks (cap 2^25): 2 x 3 pieces, 6 formed, 0 skipped (low product) (cache 2 slots: 50 hits, 48 misses)
dist_mn node 1: 2^25 = 2^12 x 2^13 over 2 x 4 ranks, 3 primes (rows 512..512; 17280532 + 11520354 limbs at 40321242, window [0, 28800885) of share [34561063, 69122127), accumulated): redistribute 0.030 ntt 0.352 crt 0.000 out 0.030 spills+carry 0.011 total 0.414 s
dist_mn node 1: 34561064 x 34561064 limbs over 2 x 4 ranks (cap 2^25): 2 x 3 pieces, 6 formed, 0 skipped (low product) (cache 2 slots: 50 hits, 48 misses)
dist_mn node 1: 34561064 + 34561064 limbs -> 69122127 (share 34561064): redistribute 0.123 ntt 1.646 crt 0.003 out 0.154 spills+carry 0.083, total 1.985 s
dist_mn node 0: 34561064 + 34561064 limbs -> 69122127 (share 34561063): redistribute 0.128 ntt 1.647 crt 0.003 out 0.152 spills+carry 0.083, total 1.985 s
dist_mn node 0: 2^25 = 2^12 x 2^13 over 2 x 4 ranks, 3 primes (rows 512..512; 17280532 + 11520353 limbs at 0, window [0, 25920794) of share [0, 25920794)): redistribute 0.037 ntt 0.389 crt 0.001 out 0.031 spills+carry 0.002 total 0.445 s [A cached] [B cached]
dist_mn node 1: 2^25 = 2^12 x 2^13 over 2 x 4 ranks, 3 primes (rows 512..512; 17280532 + 11520353 limbs at 0, window [25920794, 28800885) of share [25920794, 51841589)): redistribute 0.038 ntt 0.391 crt 0.001 out 0.028 spills+carry 0.002 total 0.446 s [A cached] [B cached]
dist_mn node 0: 2^25 = 2^12 x 2^13 over 2 x 4 ranks, 3 primes (rows 512..512; 17280532 + 11520353 limbs at 11520353, window [0, 14400441) of share [0, 25920794), accumulated): redistribute 0.012 ntt 0.236 crt 0.000 out 0.038 spills+carry 0.013 total 0.296 s [A hit] [B cached]
dist_mn node 1: 2^25 = 2^12 x 2^13 over 2 x 4 ranks, 3 primes (rows 512..512; 17280532 + 11520353 limbs at 11520353, window [14400441, 28800885) of share [25920794, 51841589), accumulated): redistribute 0.015 ntt 0.234 crt 0.000 out 0.034 spills+carry 0.013 total 0.296 s [A hit] [B cached]
dist_mn node 0: 2^25 = 2^12 x 2^13 over 2 x 4 ranks, 3 primes (rows 512..512; 17280532 + 11520351 limbs at 23040706, window [0, 2880088) of share [0, 25920794), accumulated): redistribute 0.020 ntt 0.224 crt 0.000 out 0.030 spills+carry 0.006 total 0.277 s [A hit] [B cached]
dist_mn node 0: 17280532 x 34561057 limbs over 2 x 4 ranks (cap 2^25): 1 x 3 pieces, 3 formed, 0 skipped (cache 2 slots: 2 hits, 4 misses)
dist_mn node 1: 2^25 = 2^12 x 2^13 over 2 x 4 ranks, 3 primes (rows 512..512; 17280532 + 11520351 limbs at 23040706, window [2880088, 28800883) of share [25920794, 51841589), accumulated): redistribute 0.015 ntt 0.231 crt 0.000 out 0.028 spills+carry 0.006 total 0.277 s [A hit] [B cached]
dist_mn node 1: 17280532 x 34561057 limbs over 2 x 4 ranks (cap 2^25): 1 x 3 pieces, 3 formed, 0 skipped (cache 2 slots: 2 hits, 4 misses)
dist_mn node 0: 17280532 + 34561057 limbs -> 51841589 (share 25920794): redistribute 0.069 ntt 0.848 crt 0.001 out 0.099 spills+carry 0.020, total 1.020 s
dist_mn node 1: 17280532 + 34561057 limbs -> 51841589 (share 25920795): redistribute 0.068 ntt 0.856 crt 0.001 out 0.090 spills+carry 0.021, total 1.020 s
mdev 2^26 (51841589 limbs): repack 0.051 h2d 0.001 fwd 0.011 inv 0.006 d2h 0.039 crt 0.051 total 0.111 s
mdev 2^26 (51841589 limbs): repack 0.055 h2d 0.001 fwd 0.011 inv 0.005 d2h 0.044 crt 0.052 total 0.118 s
dist_mn node 0: 2^25 = 2^12 x 2^13 over 2 x 4 ranks, 3 primes (rows 512..512; 17280532 + 11520353 limbs at 0, window [0, 8640267) of share [0, 8640267)): redistribute 0.066 ntt 0.391 crt 0.000 out 0.020 spills+carry 0.003 total 0.447 s [A cached] [B cached]
dist_mn node 1: 2^25 = 2^12 x 2^13 over 2 x 4 ranks, 3 primes (rows 512..512; 17280532 + 11520353 limbs at 0, window [8640267, 17280535) of share [8640267, 17280535)): redistribute 0.064 ntt 0.390 crt 0.000 out 0.022 spills+carry 0.003 total 0.447 s [A cached] [B cached]
dist_mn node 0: 2^25 = 2^12 x 2^13 over 2 x 4 ranks, 3 primes (rows 512..512; 17280532 + 11520353 limbs at 11520353, window [0, 0) of share [0, 8640267), accumulated): redistribute 0.016 ntt 0.209 crt 0.000 out 0.014 spills+carry 0.005 total 0.243 s [A hit] [B cached]
dist_mn node 0: 17280532 x 34561057 limbs over 2 x 4 ranks (cap 2^25): 1 x 3 pieces, 2 formed, 1 skipped (low product) (cache 2 slots: 3 hits, 7 misses)
dist_mn node 1: 2^25 = 2^12 x 2^13 over 2 x 4 ranks, 3 primes (rows 512..512; 17280532 + 11520353 limbs at 11520353, window [0, 5760182) of share [8640267, 17280535), accumulated): redistribute 0.016 ntt 0.212 crt 0.000 out 0.010 spills+carry 0.005 total 0.243 s [A hit] [B cached]
dist_mn node 1: 17280532 x 34561057 limbs over 2 x 4 ranks (cap 2^25): 1 x 3 pieces, 2 formed, 1 skipped (low product) (cache 2 slots: 3 hits, 7 misses)
dist_mn node 0: 17280532 + 34561057 limbs -> 17280535 (share 8640267): redistribute 0.082 ntt 0.599 crt 0.001 out 0.034 spills+carry 0.008, total 0.708 s
dist_mn node 1: 17280532 + 34561057 limbs -> 17280535 (share 8640268): redistribute 0.079 ntt 0.603 crt 0.001 out 0.031 spills+carry 0.008, total 0.692 s
dist_mn node 0: 2^25 = 2^12 x 2^13 over 2 x 4 ranks, 3 primes (rows 512..512; 17280532 + 11520355 limbs at 0, window [0, 28800887) of share [0, 34561064)): redistribute 0.046 ntt 0.401 crt 0.000 out 0.024 spills+carry 0.002 total 0.462 s [A cached] [B cached]
dist_mn node 1: 2^25 = 2^12 x 2^13 over 2 x 4 ranks, 3 primes (rows 512..512; 17280532 + 11520355 limbs at 0, window [28800887, 28800887) of share [34561064, 69122129)): redistribute 0.047 ntt 0.407 crt 0.000 out 0.020 spills+carry 0.003 total 0.461 s [A cached] [B cached]
dist_mn node 0: 2^25 = 2^12 x 2^13 over 2 x 4 ranks, 3 primes (rows 512..512; 17280532 + 11520355 limbs at 17280532, window [0, 17280532) of share [0, 34561064), accumulated): redistribute 0.015 ntt 0.215 crt 0.000 out 0.023 spills+carry 0.017 total 0.271 s [B hit]
dist_mn node 1: 2^25 = 2^12 x 2^13 over 2 x 4 ranks, 3 primes (rows 512..512; 17280532 + 11520355 limbs at 17280532, window [17280532, 28800887) of share [34561064, 69122129), accumulated): redistribute 0.015 ntt 0.214 crt 0.000 out 0.024 spills+carry 0.017 total 0.271 s [B hit]
dist_mn node 0: 2^25 = 2^12 x 2^13 over 2 x 4 ranks, 3 primes (rows 512..512; 17280532 + 11520355 limbs at 11520355, window [0, 23040709) of share [0, 34561064), accumulated): redistribute 0.015 ntt 0.222 crt 0.000 out 0.034 spills+carry 0.017 total 0.282 s [A hit] [B cached]
dist_mn node 1: 2^25 = 2^12 x 2^13 over 2 x 4 ranks, 3 primes (rows 512..512; 17280532 + 11520355 limbs at 11520355, window [23040709, 28800887) of share [34561064, 69122129), accumulated): redistribute 0.018 ntt 0.223 crt 0.000 out 0.033 spills+carry 0.017 total 0.282 s [A hit] [B cached]
dist_mn node 0: 2^25 = 2^12 x 2^13 over 2 x 4 ranks, 3 primes (rows 512..512; 17280532 + 11520355 limbs at 28800887, window [0, 5760177) of share [0, 34561064), accumulated): redistribute 0.016 ntt 0.235 crt 0.000 out 0.027 spills+carry 0.016 total 0.294 s [B hit]
dist_mn node 1: 2^25 = 2^12 x 2^13 over 2 x 4 ranks, 3 primes (rows 512..512; 17280532 + 11520355 limbs at 28800887, window [5760177, 28800887) of share [34561064, 69122129), accumulated): redistribute 0.015 ntt 0.234 crt 0.000 out 0.028 spills+carry 0.016 total 0.294 s [B hit]
dist_mn node 0: 2^25 = 2^12 x 2^13 over 2 x 4 ranks, 3 primes (rows 512..512; 17280532 + 11520354 limbs at 23040710, window [0, 11520354) of share [0, 34561064), accumulated): redistribute 0.015 ntt 0.237 crt 0.000 out 0.030 spills+carry 0.017 total 0.298 s [A hit] [B cached]
dist_mn node 1: 2^25 = 2^12 x 2^13 over 2 x 4 ranks, 3 primes (rows 512..512; 17280532 + 11520354 limbs at 23040710, window [11520354, 28800886) of share [34561064, 69122129), accumulated): redistribute 0.015 ntt 0.240 crt 0.000 out 0.027 spills+carry 0.017 total 0.298 s [A hit] [B cached]
dist_mn node 0: 2^25 = 2^12 x 2^13 over 2 x 4 ranks, 3 primes (rows 512..512; 17280532 + 11520354 limbs at 40321242, window [0, 0) of share [0, 34561064), accumulated): redistribute 0.015 ntt 0.219 crt 0.000 out 0.027 spills+carry 0.011 total 0.272 s [B hit]
dist_mn node 1: 2^25 = 2^12 x 2^13 over 2 x 4 ranks, 3 primes (rows 512..512; 17280532 + 11520354 limbs at 40321242, window [0, 28800886) of share [34561064, 69122129), accumulated): redistribute 0.015 ntt 0.219 crt 0.000 out 0.028 spills+carry 0.011 total 0.272 s [B hit]
mdb_add_shifted node 0: 34561061 limbs at 0 into a basis of 69122129 (my window [0, 34561061), 1 rounds of 8640272; slabs 8640265 + 8640265 limbs per APU 0): 0.046 s
dist_mn node 0: 34561064 x 34561064 limbs over 2 x 4 ranks (cap 2^25): 2 x 3 pieces, 6 formed, 0 skipped (cache 2 slots: 8 hits, 11 misses)
mdb_add_shifted node 1: 34561061 limbs at 0 into a basis of 69122129 (my window [34561064, 34561064), 1 rounds of 8640272; slabs 0 + 0 limbs per APU 0): 0.046 s
dist_mn node 1: 34561064 x 34561064 limbs over 2 x 4 ranks (cap 2^25): 2 x 3 pieces, 6 formed, 0 skipped (cache 2 slots: 8 hits, 11 misses)
dist_mn node 0: 34561064 + 34561064 + x limbs -> 69122128 (share 34561064): redistribute 0.122 ntt 1.530 crt 0.002 out 0.164 spills+carry 0.081, total 1.928 s
dist_mn node 1: 34561064 + 34561064 + x limbs -> 69122128 (share 34561065): redistribute 0.125 ntt 1.536 crt 0.002 out 0.160 spills+carry 0.081, total 1.932 s
mdb_add_shifted node 0: 34561061 limbs at 0 into a basis of 69122129 (my window [0, 34561061), 1 rounds of 8640272; slabs 8640265 + 8640265 limbs per APU 0): 0.138 s
mdb_add_shifted node 1: 34561061 limbs at 0 into a basis of 69122129 (my window [34561064, 34561064), 1 rounds of 8640272; slabs 0 + 0 limbs per APU 0): 0.115 s
mdb_add_shifted node 0: 34561061 limbs at 7 into a basis of 69122129 (my window [7, 34561064), 1 rounds of 8640272; slabs 8640264 + 8640264 limbs per APU 0): 0.088 s
mdb_add_shifted node 1: 34561061 limbs at 7 into a basis of 69122129 (my window [34561064, 34561068), 1 rounds of 8640272; slabs 1 + 1 limbs per APU 0): 0.086 s
mdb_add_shifted node 1: 34561061 limbs at 17280532 into a basis of 69122129 (my window [34561064, 51841593), 1 rounds of 4320144; slabs 4320132 + 4320132 limbs per APU 0): 0.031 s
mdb_add_shifted node 0: 34561061 limbs at 17280532 into a basis of 69122129 (my window [17280532, 34561064), 1 rounds of 4320144; slabs 4320133 + 4320133 limbs per APU 0): 0.035 s
mdb_add_shifted node 1: 34561061 limbs at 34561064 into a basis of 69122129 (my window [34561064, 69122125), 1 rounds of 8640272; slabs 0 + 8640265 limbs per APU 0): 0.077 s
mdb_add_shifted node 0: 34561061 limbs at 34561064 into a basis of 69122129 (my window [34561064, 34561064), 1 rounds of 8640272; slabs 8640265 + 0 limbs per APU 0): 0.097 s
dist_mn node 0: 2^25 = 2^12 x 2^13 over 2 x 4 ranks, 3 primes (rows 512..512; 16777216 + 13421772 limbs at 0, window [0, 30198988) of share [0, 31876710)): redistribute 0.044 ntt 0.373 crt 0.001 out 0.023 spills+carry 0.001 total 0.423 s [A cached] [B cached]
dist_mn node 1: 2^25 = 2^12 x 2^13 over 2 x 4 ranks, 3 primes (rows 512..512; 16777216 + 13421772 limbs at 0, window [30198988, 30198988) of share [31876710, 63753420)): redistribute 0.041 ntt 0.374 crt 0.001 out 0.022 spills+carry 0.001 total 0.422 s [A cached] [B cached]
dist_mn node 0: 2^25 = 2^12 x 2^13 over 2 x 4 ranks, 3 primes (rows 512..512; 16777216 + 13421772 limbs at 16777216, window [0, 15099494) of share [0, 31876710), accumulated): redistribute 0.019 ntt 0.234 crt 0.000 out 0.029 spills+carry 0.013 total 0.293 s [B hit]
dist_mn node 1: 2^25 = 2^12 x 2^13 over 2 x 4 ranks, 3 primes (rows 512..512; 16777216 + 13421772 limbs at 16777216, window [15099494, 30198988) of share [31876710, 63753420), accumulated): redistribute 0.022 ntt 0.232 crt 0.000 out 0.028 spills+carry 0.013 total 0.293 s [B hit]
dbig pool: APU1 hipMalloc 0.06 GB inside the phase (free 0.52 GB in 24 extents, largest 0.06; live 0.30 GB in 32 blocks)
dbig pool: APU0 hipMalloc 0.06 GB inside the phase (free 0.52 GB in 24 extents, largest 0.06; live 0.30 GB in 34 blocks)
dist_mn node 0: 2^25 = 2^12 x 2^13 over 2 x 4 ranks, 3 primes (rows 512..512; 16777216 + 13421772 limbs at 33554432, window [0, 0) of share [0, 31876710), accumulated): redistribute 0.015 ntt 0.230 crt 0.000 out 0.029 spills+carry 0.004 total 0.275 s [B hit]
dist_mn node 0: 50331648 x 13421772 limbs over 2 x 4 ranks (cap 2^25): 3 x 1 pieces, 3 formed, 0 skipped (cache 2 slots: 10 hits, 13 misses)
dist_mn node 1: 2^25 = 2^12 x 2^13 over 2 x 4 ranks, 3 primes (rows 512..512; 16777216 + 13421772 limbs at 33554432, window [0, 30198988) of share [31876710, 63753420), accumulated): redistribute 0.014 ntt 0.236 crt 0.000 out 0.025 spills+carry 0.004 total 0.275 s [B hit]
dist_mn node 1: 50331648 x 13421772 limbs over 2 x 4 ranks (cap 2^25): 3 x 1 pieces, 3 formed, 0 skipped (cache 2 slots: 10 hits, 13 misses)
dist_mn node 0: 50331648 + 13421772 limbs -> 63753420 (share 31876710): redistribute 0.077 ntt 0.837 crt 0.001 out 0.082 spills+carry 0.017, total 1.125 s
dist_mn node 1: 50331648 + 13421772 limbs -> 63753420 (share 31876710): redistribute 0.078 ntt 0.842 crt 0.001 out 0.075 spills+carry 0.018, total 0.994 s
mdev 2^26 (63753420 limbs): repack 0.071 h2d 0.001 fwd 0.012 inv 0.005 d2h 0.058 crt 0.031 total 0.153 s
mdev 2^26 (63753420 limbs): repack 0.070 h2d 0.001 fwd 0.011 inv 0.006 d2h 0.059 crt 0.044 total 0.153 s
   3x1 50331648 x 13421772: 1.39 s
dist_mn node 0: 2^25 = 2^12 x 2^13 over 2 x 4 ranks, 3 primes (rows 512..512; 16777216 + 13421772 limbs at 0, window [0, 30198988) of share [0, 31876710)): redistribute 0.030 ntt 0.374 crt 0.000 out 0.022 spills+carry 0.001 total 0.414 s [A cached] [B cached]
dist_mn node 1: 2^25 = 2^12 x 2^13 over 2 x 4 ranks, 3 primes (rows 512..512; 16777216 + 13421772 limbs at 0, window [30198988, 30198988) of share [31876710, 63753421)): redistribute 0.029 ntt 0.369 crt 0.000 out 0.023 spills+carry 0.001 total 0.414 s [A cached] [B cached]
dist_mn node 0: 2^25 = 2^12 x 2^13 over 2 x 4 ranks, 3 primes (rows 512..512; 16777216 + 13421772 limbs at 16777216, window [0, 15099494) of share [0, 31876710), accumulated): redistribute 0.013 ntt 0.264 crt 0.000 out 0.030 spills+carry 0.013 total 0.321 s [B hit]
dist_mn node 1: 2^25 = 2^12 x 2^13 over 2 x 4 ranks, 3 primes (rows 512..512; 16777216 + 13421772 limbs at 16777216, window [15099494, 30198988) of share [31876710, 63753421), accumulated): redistribute 0.026 ntt 0.255 crt 0.000 out 0.028 spills+carry 0.013 total 0.321 s [B hit]
dist_mn node 0: 2^25 = 2^12 x 2^13 over 2 x 4 ranks, 3 primes (rows 512..512; 16777216 + 13421772 limbs at 33554432, window [0, 0) of share [0, 31876710), accumulated): redistribute 0.021 ntt 0.249 crt 0.000 out 0.022 spills+carry 0.004 total 0.293 s [B hit]
dist_mn node 1: 2^25 = 2^12 x 2^13 over 2 x 4 ranks, 3 primes (rows 512..512; 16777216 + 13421772 limbs at 33554432, window [0, 30198988) of share [31876710, 63753421), accumulated): redistribute 0.020 ntt 0.252 crt 0.000 out 0.023 spills+carry 0.004 total 0.293 s [B hit]
mdb_add_shifted node 0: 13421769 limbs at 0 into a basis of 63753421 (my window [0, 13421769), 1 rounds of 3355456; slabs 3355442 + 3355442 limbs per APU 0): 0.032 s
dist_mn node 0: 50331648 x 13421772 limbs over 2 x 4 ranks (cap 2^25): 3 x 1 pieces, 3 formed, 0 skipped (cache 2 slots: 12 hits, 15 misses)
mdb_add_shifted node 1: 13421769 limbs at 0 into a basis of 63753421 (my window [31876710, 31876710), 1 rounds of 3355456; slabs 0 + 0 limbs per APU 0): 0.032 s
dist_mn node 1: 50331648 x 13421772 limbs over 2 x 4 ranks (cap 2^25): 3 x 1 pieces, 3 formed, 0 skipped (cache 2 slots: 12 hits, 15 misses)
dist_mn node 0: 50331648 + 13421772 + x limbs -> 63753420 (share 31876710): redistribute 0.064 ntt 0.887 crt 0.001 out 0.073 spills+carry 0.018, total 1.067 s
dist_mn node 1: 50331648 + 13421772 + x limbs -> 63753420 (share 31876711): redistribute 0.074 ntt 0.876 crt 0.001 out 0.074 spills+carry 0.018, total 1.062 s
dist_mn node 0: 2^25 = 2^12 x 2^13 over 2 x 4 ranks, 3 primes (rows 512..512; 16777216 + 13421772 limbs at 0, window [0, 25165825) of share [0, 25165825)): redistribute 0.035 ntt 0.361 crt 0.001 out 0.024 spills+carry 0.001 total 0.420 s [A cached] [B cached]
dist_mn node 1: 2^25 = 2^12 x 2^13 over 2 x 4 ranks, 3 primes (rows 512..512; 16777216 + 13421772 limbs at 0, window [25165825, 30198988) of share [25165825, 50331650)): redistribute 0.038 ntt 0.364 crt 0.001 out 0.023 spills+carry 0.001 total 0.420 s [A cached] [B cached]
dist_mn node 0: 2^25 = 2^12 x 2^13 over 2 x 4 ranks, 3 primes (rows 512..512; 16777216 + 13421772 limbs at 16777216, window [0, 8388609) of share [0, 25165825), accumulated): redistribute 0.018 ntt 0.217 crt 0.000 out 0.032 spills+carry 0.008 total 0.273 s [B hit]
dist_mn node 1: 2^25 = 2^12 x 2^13 over 2 x 4 ranks, 3 primes (rows 512..512; 16777216 + 13421772 limbs at 16777216, window [8388609, 30198988) of share [25165825, 50331650), accumulated): redistribute 0.028 ntt 0.213 crt 0.000 out 0.026 spills+carry 0.008 total 0.273 s [B hit]
dist_mn node 0: 2^25 = 2^12 x 2^13 over 2 x 4 ranks, 3 primes (rows 512..512; 16777216 + 13421772 limbs at 33554432, window [0, 0) of share [0, 25165825), accumulated): redistribute 0.020 ntt 0.216 crt 0.000 out 0.021 spills+carry 0.010 total 0.262 s [B hit]
dist_mn node 0: 50331648 x 13421772 limbs over 2 x 4 ranks (cap 2^25): 3 x 1 pieces, 3 formed, 0 skipped (low product) (cache 2 slots: 14 hits, 17 misses)
dist_mn node 1: 2^25 = 2^12 x 2^13 over 2 x 4 ranks, 3 primes (rows 512..512; 16777216 + 13421772 limbs at 33554432, window [0, 16777218) of share [25165825, 50331650), accumulated): redistribute 0.019 ntt 0.219 crt 0.000 out 0.019 spills+carry 0.010 total 0.262 s [B hit]
dist_mn node 1: 50331648 x 13421772 limbs over 2 x 4 ranks (cap 2^25): 3 x 1 pieces, 3 formed, 0 skipped (low product) (cache 2 slots: 14 hits, 17 misses)
dist_mn node 0: 50331648 + 13421772 limbs -> 50331650 (share 25165825): redistribute 0.073 ntt 0.794 crt 0.001 out 0.077 spills+carry 0.019, total 0.957 s
dist_mn node 1: 50331648 + 13421772 limbs -> 50331650 (share 25165825): redistribute 0.086 ntt 0.795 crt 0.001 out 0.068 spills+carry 0.018, total 0.957 s
dist_mn node 0: 2^25 = 2^12 x 2^13 over 2 x 4 ranks, 3 primes (rows 512..512; 25165825 + 6710886 limbs at 0, window [0, 12582912) of share [0, 12582912)): redistribute 0.042 ntt 0.390 crt 0.001 out 0.026 spills+carry 0.000 total 0.443 s [A cached] [B cached]
dist_mn node 1: 2^25 = 2^12 x 2^13 over 2 x 4 ranks, 3 primes (rows 512..512; 25165825 + 6710886 limbs at 0, window [12582912, 25165825) of share [12582912, 25165825)): redistribute 0.041 ntt 0.386 crt 0.001 out 0.023 spills+carry 0.001 total 0.443 s [A cached] [B cached]
dist_mn node 0: 2^25 = 2^12 x 2^13 over 2 x 4 ranks, 3 primes (rows 512..512; 25165825 + 6710886 limbs at 6710886, window [0, 5872026) of share [0, 12582912), accumulated): redistribute 0.010 ntt 0.253 crt 0.000 out 0.022 spills+carry 0.004 total 0.290 s [A hit] [B cached]
dist_mn node 0: 25165825 x 13421772 limbs over 2 x 4 ranks (cap 2^25): 1 x 2 pieces, 2 formed, 0 skipped (low product) (cache 2 slots: 15 hits, 20 misses)
dist_mn node 1: 2^25 = 2^12 x 2^13 over 2 x 4 ranks, 3 primes (rows 512..512; 25165825 + 6710886 limbs at 6710886, window [5872026, 18454939) of share [12582912, 25165825), accumulated): redistribute 0.010 ntt 0.256 crt 0.000 out 0.020 spills+carry 0.004 total 0.290 s [A hit] [B cached]
dist_mn node 1: 25165825 x 13421772 limbs over 2 x 4 ranks (cap 2^25): 1 x 2 pieces, 2 formed, 0 skipped (low product) (cache 2 slots: 15 hits, 20 misses)
dist_mn node 0: 25165825 + 13421772 limbs -> 25165825 (share 12582912): redistribute 0.052 ntt 0.643 crt 0.001 out 0.048 spills+carry 0.005, total 0.735 s
dist_mn node 1: 25165825 + 13421772 limbs -> 25165825 (share 12582913): redistribute 0.051 ntt 0.642 crt 0.001 out 0.043 spills+carry 0.005, total 0.735 s
dist_mn node 0: 2^25 = 2^12 x 2^13 over 2 x 4 ranks, 3 primes (rows 512..512; 16777216 + 13421772 limbs at 0, window [0, 30198988) of share [0, 31876709)): redistribute 0.047 ntt 0.355 crt 0.000 out 0.022 spills+carry 0.001 total 0.412 s [A cached] [B cached]
dist_mn node 1: 2^25 = 2^12 x 2^13 over 2 x 4 ranks, 3 primes (rows 512..512; 16777216 + 13421772 limbs at 0, window [30198988, 30198988) of share [31876709, 63753419)): redistribute 0.039 ntt 0.352 crt 0.000 out 0.021 spills+carry 0.001 total 0.412 s [A cached] [B cached]
dist_mn node 0: 2^25 = 2^12 x 2^13 over 2 x 4 ranks, 3 primes (rows 512..512; 16777216 + 13421772 limbs at 16777216, window [0, 15099493) of share [0, 31876709), accumulated): redistribute 0.014 ntt 0.224 crt 0.000 out 0.034 spills+carry 0.013 total 0.286 s [B hit]
dist_mn node 1: 2^25 = 2^12 x 2^13 over 2 x 4 ranks, 3 primes (rows 512..512; 16777216 + 13421772 limbs at 16777216, window [15099493, 30198988) of share [31876709, 63753419), accumulated): redistribute 0.020 ntt 0.222 crt 0.000 out 0.035 spills+carry 0.013 total 0.286 s [B hit]
dist_mn node 0: 2^25 = 2^12 x 2^13 over 2 x 4 ranks, 3 primes (rows 512..512; 16777216 + 13421772 limbs at 33554432, window [0, 0) of share [0, 31876709), accumulated): redistribute 0.014 ntt 0.213 crt 0.000 out 0.027 spills+carry 0.004 total 0.257 s [B hit]
dist_mn node 0: 50331648 x 13421772 limbs over 2 x 4 ranks (cap 2^25): 3 x 1 pieces, 3 formed, 0 skipped (low product) (cache 2 slots: 17 hits, 22 misses)
dist_mn node 1: 2^25 = 2^12 x 2^13 over 2 x 4 ranks, 3 primes (rows 512..512; 16777216 + 13421772 limbs at 33554432, window [0, 30198987) of share [31876709, 63753419), accumulated): redistribute 0.014 ntt 0.215 crt 0.000 out 0.025 spills+carry 0.004 total 0.257 s [B hit]
dist_mn node 1: 50331648 x 13421772 limbs over 2 x 4 ranks (cap 2^25): 3 x 1 pieces, 3 formed, 0 skipped (low product) (cache 2 slots: 17 hits, 22 misses)
dist_mn node 0: 50331648 + 13421772 limbs -> 63753419 (share 31876709): redistribute 0.075 ntt 0.792 crt 0.001 out 0.082 spills+carry 0.018, total 0.956 s
dist_mn node 1: 50331648 + 13421772 limbs -> 63753419 (share 31876710): redistribute 0.073 ntt 0.790 crt 0.001 out 0.081 spills+carry 0.018, total 0.956 s
dist_mn node 0: 2^25 = 2^12 x 2^13 over 2 x 4 ranks, 3 primes (rows 512..512; 16777216 + 13421772 limbs at 16777216, window [0, 15099494) of share [0, 31876710), accumulated): redistribute 0.036 ntt 0.394 crt 0.001 out 0.026 spills+carry 0.013 total 0.457 s [B cached]
dist_mn node 1: 2^25 = 2^12 x 2^13 over 2 x 4 ranks, 3 primes (rows 512..512; 16777216 + 13421772 limbs at 16777216, window [15099494, 30198988) of share [31876710, 63753420), accumulated): redistribute 0.037 ntt 0.397 crt 0.001 out 0.026 spills+carry 0.013 total 0.457 s [B cached]
dist_mn node 0: 2^25 = 2^12 x 2^13 over 2 x 4 ranks, 3 primes (rows 512..512; 16777216 + 13421772 limbs at 33554432, window [0, 0) of share [0, 31876710), accumulated): redistribute 0.013 ntt 0.203 crt 0.000 out 0.024 spills+carry 0.004 total 0.244 s [B hit]
dist_mn node 0: 50331648 x 13421772 limbs over 2 x 4 ranks (cap 2^25): 3 x 1 pieces, 2 formed, 1 skipped (low cut) (cache 2 slots: 18 hits, 23 misses)
dist_mn node 1: 2^25 = 2^12 x 2^13 over 2 x 4 ranks, 3 primes (rows 512..512; 16777216 + 13421772 limbs at 33554432, window [0, 30198988) of share [31876710, 63753420), accumulated): redistribute 0.012 ntt 0.207 crt 0.000 out 0.022 spills+carry 0.003 total 0.244 s [B hit]
dist_mn node 1: 50331648 x 13421772 limbs over 2 x 4 ranks (cap 2^25): 3 x 1 pieces, 2 formed, 1 skipped (low cut) (cache 2 slots: 18 hits, 23 misses)
dist_mn node 0: 50331648 + 13421772 limbs -> 63753420 (share 31876710): redistribute 0.049 ntt 0.596 crt 0.001 out 0.050 spills+carry 0.017, total 0.702 s
dist_mn node 1: 50331648 + 13421772 limbs -> 63753420 (share 31876710): redistribute 0.049 ntt 0.604 crt 0.001 out 0.048 spills+carry 0.016, total 0.702 s
mdev 2^25 (30198988 limbs): repack 0.028 h2d 0.001 fwd 0.003 inv 0.001 d2h 0.013 crt 0.016 total 0.049 s
mdev 2^25 (30198988 limbs): repack 0.034 h2d 0.001 fwd 0.003 inv 0.001 d2h 0.012 crt 0.015 total 0.055 s
dist_mn node 0: 2^25 = 2^12 x 2^13 over 2 x 4 ranks, 3 primes (rows 512..512; 16777216 + 13421772 limbs at 16777216, window [0, 15099493) of share [0, 31876709), accumulated): redistribute 0.040 ntt 0.377 crt 0.001 out 0.027 spills+carry 0.013 total 0.441 s [B cached]
dist_mn node 1: 2^25 = 2^12 x 2^13 over 2 x 4 ranks, 3 primes (rows 512..512; 16777216 + 13421772 limbs at 16777216, window [15099493, 30198988) of share [31876709, 63753419), accumulated): redistribute 0.038 ntt 0.377 crt 0.001 out 0.027 spills+carry 0.013 total 0.441 s [B cached]
dist_mn node 0: 2^25 = 2^12 x 2^13 over 2 x 4 ranks, 3 primes (rows 512..512; 16777216 + 13421772 limbs at 33554432, window [0, 0) of share [0, 31876709), accumulated): redistribute 0.012 ntt 0.200 crt 0.000 out 0.031 spills+carry 0.004 total 0.247 s [B hit]
dist_mn node 0: 50331648 x 13421772 limbs over 2 x 4 ranks (cap 2^25): 3 x 1 pieces, 2 formed, 1 skipped (low product) (low cut) (cache 2 slots: 19 hits, 24 misses)
dist_mn node 1: 2^25 = 2^12 x 2^13 over 2 x 4 ranks, 3 primes (rows 512..512; 16777216 + 13421772 limbs at 33554432, window [0, 30198987) of share [31876709, 63753419), accumulated): redistribute 0.011 ntt 0.204 crt 0.000 out 0.028 spills+carry 0.004 total 0.247 s [B hit]
dist_mn node 1: 50331648 x 13421772 limbs over 2 x 4 ranks (cap 2^25): 3 x 1 pieces, 2 formed, 1 skipped (low product) (low cut) (cache 2 slots: 19 hits, 24 misses)
dist_mn node 0: 50331648 + 13421772 limbs -> 63753419 (share 31876709): redistribute 0.052 ntt 0.577 crt 0.001 out 0.058 spills+carry 0.016, total 0.689 s
dist_mn node 1: 50331648 + 13421772 limbs -> 63753419 (share 31876710): redistribute 0.049 ntt 0.581 crt 0.001 out 0.055 spills+carry 0.016, total 0.689 s
mdev 2^25 (30198988 limbs): repack 0.024 h2d 0.001 fwd 0.003 inv 0.001 d2h 0.014 crt 0.004 total 0.047 s
mdev 2^25 (30198988 limbs): repack 0.039 h2d 0.001 fwd 0.003 inv 0.001 d2h 0.017 crt 0.027 total 0.064 s
dist_mn node 0: 2^25 = 2^12 x 2^13 over 2 x 4 ranks, 3 primes (rows 512..512; 16777216 + 13421772 limbs at 0, window [0, 30198988) of share [0, 31876710)): redistribute 0.038 ntt 0.384 crt 0.000 out 0.021 spills+carry 0.001 total 0.425 s [A cached] [B cached]
dist_mn node 1: 2^25 = 2^12 x 2^13 over 2 x 4 ranks, 3 primes (rows 512..512; 16777216 + 13421772 limbs at 0, window [30198988, 30198988) of share [31876710, 63753420)): redistribute 0.038 ntt 0.386 crt 0.000 out 0.023 spills+carry 0.001 total 0.425 s [A cached] [B cached]
dist_mn node 0: 2^25 = 2^12 x 2^13 over 2 x 4 ranks, 3 primes (rows 512..512; 16777216 + 13421772 limbs at 16777216, window [0, 15099494) of share [0, 31876710), accumulated): redistribute 0.021 ntt 0.234 crt 0.000 out 0.038 spills+carry 0.014 total 0.307 s [B hit]
dist_mn node 1: 2^25 = 2^12 x 2^13 over 2 x 4 ranks, 3 primes (rows 512..512; 16777216 + 13421772 limbs at 16777216, window [15099494, 30198988) of share [31876710, 63753420), accumulated): redistribute 0.020 ntt 0.236 crt 0.000 out 0.036 spills+carry 0.014 total 0.307 s [B hit]
dist_mn node 0: 2^25 = 2^12 x 2^13 over 2 x 4 ranks, 3 primes (rows 512..512; 16777216 + 13421772 limbs at 33554432, window [0, 0) of share [0, 31876710), accumulated): redistribute 0.015 ntt 0.235 crt 0.001 out 0.022 spills+carry 0.004 total 0.276 s [B hit]
dist_mn node 0: 50331648 x 13421772 limbs over 2 x 4 ranks (cap 2^25): 3 x 1 pieces, 3 formed, 0 skipped (low cut) (cache 2 slots: 21 hits, 26 misses)
dist_mn node 1: 2^25 = 2^12 x 2^13 over 2 x 4 ranks, 3 primes (rows 512..512; 16777216 + 13421772 limbs at 33554432, window [0, 30198988) of share [31876710, 63753420), accumulated): redistribute 0.014 ntt 0.231 crt 0.001 out 0.026 spills+carry 0.003 total 0.276 s [B hit]
dist_mn node 1: 50331648 x 13421772 limbs over 2 x 4 ranks (cap 2^25): 3 x 1 pieces, 3 formed, 0 skipped (low cut) (cache 2 slots: 21 hits, 26 misses)
dist_mn node 0: 50331648 + 13421772 limbs -> 63753420 (share 31876710): redistribute 0.073 ntt 0.853 crt 0.002 out 0.081 spills+carry 0.018, total 1.009 s
dist_mn node 1: 50331648 + 13421772 limbs -> 63753420 (share 31876710): redistribute 0.072 ntt 0.853 crt 0.001 out 0.085 spills+carry 0.018, total 1.009 s
dist_mn node 0: 2^25 = 2^12 x 2^13 over 2 x 4 ranks, 3 primes (rows 512..512; 16777216 + 13421772 limbs at 0, window [0, 30198988) of share [0, 31876709)): redistribute 0.033 ntt 0.374 crt 0.000 out 0.024 spills+carry 0.001 total 0.423 s [A cached] [B cached]
dist_mn node 1: 2^25 = 2^12 x 2^13 over 2 x 4 ranks, 3 primes (rows 512..512; 16777216 + 13421772 limbs at 0, window [30198988, 30198988) of share [31876709, 63753419)): redistribute 0.037 ntt 0.374 crt 0.000 out 0.024 spills+carry 0.001 total 0.423 s [A cached] [B cached]
dist_mn node 0: 2^25 = 2^12 x 2^13 over 2 x 4 ranks, 3 primes (rows 512..512; 16777216 + 13421772 limbs at 16777216, window [0, 15099493) of share [0, 31876709), accumulated): redistribute 0.018 ntt 0.235 crt 0.000 out 0.029 spills+carry 0.013 total 0.296 s [B hit]
dist_mn node 1: 2^25 = 2^12 x 2^13 over 2 x 4 ranks, 3 primes (rows 512..512; 16777216 + 13421772 limbs at 16777216, window [15099493, 30198988) of share [31876709, 63753419), accumulated): redistribute 0.024 ntt 0.230 crt 0.000 out 0.029 spills+carry 0.013 total 0.296 s [B hit]
dist_mn node 0: 2^25 = 2^12 x 2^13 over 2 x 4 ranks, 3 primes (rows 512..512; 16777216 + 13421772 limbs at 33554432, window [0, 0) of share [0, 31876709), accumulated): redistribute 0.021 ntt 0.243 crt 0.001 out 0.033 spills+carry 0.004 total 0.296 s [B hit]
dist_mn node 0: 50331648 x 13421772 limbs over 2 x 4 ranks (cap 2^25): 3 x 1 pieces, 3 formed, 0 skipped (low product) (low cut) (cache 2 slots: 23 hits, 28 misses)
dist_mn node 1: 2^25 = 2^12 x 2^13 over 2 x 4 ranks, 3 primes (rows 512..512; 16777216 + 13421772 limbs at 33554432, window [0, 30198987) of share [31876709, 63753419), accumulated): redistribute 0.020 ntt 0.244 crt 0.001 out 0.028 spills+carry 0.004 total 0.296 s [B hit]
dist_mn node 1: 50331648 x 13421772 limbs over 2 x 4 ranks (cap 2^25): 3 x 1 pieces, 3 formed, 0 skipped (low product) (low cut) (cache 2 slots: 23 hits, 28 misses)
dist_mn node 0: 50331648 + 13421772 limbs -> 63753419 (share 31876709): redistribute 0.072 ntt 0.853 crt 0.001 out 0.085 spills+carry 0.018, total 1.016 s
dist_mn node 1: 50331648 + 13421772 limbs -> 63753419 (share 31876710): redistribute 0.081 ntt 0.847 crt 0.001 out 0.081 spills+carry 0.018, total 1.016 s
dist_mn node 0: 50331648 x 13421772 limbs over 2 x 4 ranks (cap 2^25): 3 x 1 pieces, 0 formed, 3 skipped (low cut) (cache 2 slots: 23 hits, 28 misses)
dist_mn node 1: 50331648 x 13421772 limbs over 2 x 4 ranks (cap 2^25): 3 x 1 pieces, 0 formed, 3 skipped (low cut) (cache 2 slots: 23 hits, 28 misses)
dist_mn node 0: 50331648 + 13421772 limbs -> 0 (share 31876710): redistribute 0.000 ntt 0.000 crt 0.000 out 0.000 spills+carry 0.000, total 0.001 s
dist_mn node 1: 50331648 + 13421772 limbs -> 0 (share 31876710): redistribute 0.000 ntt 0.000 crt 0.000 out 0.000 spills+carry 0.000, total 0.005 s
mdev 2^25 (30198988 limbs): repack 0.026 h2d 0.001 fwd 0.003 inv 0.001 d2h 0.020 crt 0.014 total 0.054 s
mdev 2^25 (30198988 limbs): repack 0.039 h2d 0.001 fwd 0.003 inv 0.001 d2h 0.015 crt 0.023 total 0.063 s
mdev 2^25 (30198988 limbs): repack 0.029 h2d 0.001 fwd 0.004 inv 0.003 d2h 0.028 crt 0.016 total 0.068 s
mdev 2^25 (30198988 limbs): repack 0.032 h2d 0.001 fwd 0.005 inv 0.002 d2h 0.025 crt 0.013 total 0.067 s
mdev 2^25 (30198988 limbs): repack 0.032 h2d 0.001 fwd 0.003 inv 0.003 d2h 0.021 crt 0.018 total 0.061 s
mdev 2^25 (30198988 limbs): repack 0.030 h2d 0.001 fwd 0.005 inv 0.003 d2h 0.028 crt 0.014 total 0.068 s
dist_mn node 0: 50331648 x 13421772 limbs over 2 x 4 ranks (cap 2^25): 3 x 1 pieces, 0 formed, 3 skipped (low product) (low cut) (cache 2 slots: 23 hits, 28 misses)
dist_mn node 1: 50331648 x 13421772 limbs over 2 x 4 ranks (cap 2^25): 3 x 1 pieces, 0 formed, 3 skipped (low product) (low cut) (cache 2 slots: 23 hits, 28 misses)
dist_mn node 0: 50331648 + 13421772 limbs -> 0 (share 31876709): redistribute 0.000 ntt 0.000 crt 0.000 out 0.000 spills+carry 0.000, total 0.001 s
dist_mn node 1: 50331648 + 13421772 limbs -> 0 (share 31876710): redistribute 0.000 ntt 0.000 crt 0.000 out 0.000 spills+carry 0.000, total 0.001 s
mdev 2^25 (30198988 limbs): repack 0.039 h2d 0.001 fwd 0.003 inv 0.001 d2h 0.028 crt 0.020 total 0.075 s
mdev 2^25 (30198988 limbs): repack 0.037 h2d 0.001 fwd 0.003 inv 0.002 d2h 0.028 crt 0.021 total 0.073 s
mdev 2^25 (30198988 limbs): repack 0.038 h2d 0.001 fwd 0.005 inv 0.003 d2h 0.022 crt 0.014 total 0.069 s
mdev 2^25 (30198988 limbs): repack 0.032 h2d 0.001 fwd 0.006 inv 0.003 d2h 0.031 crt 0.014 total 0.073 s
mdev 2^25 (30198988 limbs): repack 0.031 h2d 0.001 fwd 0.003 inv 0.002 d2h 0.024 crt 0.014 total 0.063 s
mdev 2^25 (30198988 limbs): repack 0.041 h2d 0.001 fwd 0.003 inv 0.002 d2h 0.032 crt 0.020 total 0.081 s
dist_mn node 0: 2^25 = 2^12 x 2^13 over 2 x 4 ranks, 3 primes (rows 512..512; 16777216 + 13421772 limbs at 0, window [0, 30198988) of share [0, 31876710)): redistribute 0.046 ntt 0.396 crt 0.000 out 0.021 spills+carry 0.001 total 0.456 s [A cached] [B cached]
dist_mn node 1: 2^25 = 2^12 x 2^13 over 2 x 4 ranks, 3 primes (rows 512..512; 16777216 + 13421772 limbs at 0, window [30198988, 30198988) of share [31876710, 63753420)): redistribute 0.044 ntt 0.391 crt 0.000 out 0.021 spills+carry 0.001 total 0.456 s [A cached] [B cached]
dist_mn node 0: 2^25 = 2^12 x 2^13 over 2 x 4 ranks, 3 primes (rows 512..512; 16777216 + 13421772 limbs at 16777216, window [0, 15099494) of share [0, 31876710), accumulated): redistribute 0.015 ntt 0.208 crt 0.000 out 0.027 spills+carry 0.014 total 0.261 s [B hit]
dist_mn node 1: 2^25 = 2^12 x 2^13 over 2 x 4 ranks, 3 primes (rows 512..512; 16777216 + 13421772 limbs at 16777216, window [15099494, 30198988) of share [31876710, 63753420), accumulated): redistribute 0.023 ntt 0.207 crt 0.000 out 0.027 spills+carry 0.014 total 0.261 s [B hit]
dist_mn node 0: 2^25 = 2^12 x 2^13 over 2 x 4 ranks, 3 primes (rows 512..512; 16777216 + 13421772 limbs at 33554432, window [0, 0) of share [0, 31876710), accumulated): redistribute 0.024 ntt 0.238 crt 0.000 out 0.026 spills+carry 0.004 total 0.286 s [B hit]
dist_mn node 0: 50331648 x 13421772 limbs over 2 x 4 ranks (cap 2^25): 3 x 1 pieces, 3 formed, 0 skipped (cache 2 slots: 25 hits, 30 misses)
dist_mn node 1: 2^25 = 2^12 x 2^13 over 2 x 4 ranks, 3 primes (rows 512..512; 16777216 + 13421772 limbs at 33554432, window [0, 30198988) of share [31876710, 63753420), accumulated): redistribute 0.022 ntt 0.237 crt 0.000 out 0.028 spills+carry 0.004 total 0.286 s [B hit]
dist_mn node 1: 50331648 x 13421772 limbs over 2 x 4 ranks (cap 2^25): 3 x 1 pieces, 3 formed, 0 skipped (cache 2 slots: 25 hits, 30 misses)
dist_mn node 0: 50331648 + 13421772 limbs -> 63753420 (share 31876710): redistribute 0.085 ntt 0.841 crt 0.001 out 0.074 spills+carry 0.018, total 1.017 s
dist_mn node 1: 50331648 + 13421772 limbs -> 63753420 (share 31876710): redistribute 0.089 ntt 0.836 crt 0.001 out 0.077 spills+carry 0.018, total 1.010 s
dist_mn node 0: 2^25 = 2^12 x 2^13 over 2 x 4 ranks, 3 primes (rows 512..512; 16777216 + 13421772 limbs at 0, window [0, 30198988) of share [0, 31876709)): redistribute 0.034 ntt 0.293 crt 0.000 out 0.029 spills+carry 0.001 total 0.326 s [B hit]
dist_mn node 1: 2^25 = 2^12 x 2^13 over 2 x 4 ranks, 3 primes (rows 512..512; 16777216 + 13421772 limbs at 0, window [30198988, 30198988) of share [31876709, 63753419)): redistribute 0.034 ntt 0.288 crt 0.000 out 0.028 spills+carry 0.001 total 0.326 s [B hit]
dist_mn node 0: 2^25 = 2^12 x 2^13 over 2 x 4 ranks, 3 primes (rows 512..512; 16777216 + 13421772 limbs at 16777216, window [0, 15099493) of share [0, 31876709), accumulated): redistribute 0.012 ntt 0.234 crt 0.000 out 0.024 spills+carry 0.013 total 0.283 s [B hit]
dist_mn node 1: 2^25 = 2^12 x 2^13 over 2 x 4 ranks, 3 primes (rows 512..512; 16777216 + 13421772 limbs at 16777216, window [15099493, 30198988) of share [31876709, 63753419), accumulated): redistribute 0.021 ntt 0.221 crt 0.000 out 0.029 spills+carry 0.013 total 0.283 s [B hit]
dist_mn node 0: 2^25 = 2^12 x 2^13 over 2 x 4 ranks, 3 primes (rows 512..512; 16777216 + 13421772 limbs at 33554432, window [0, 0) of share [0, 31876709), accumulated): redistribute 0.017 ntt 0.247 crt 0.000 out 0.023 spills+carry 0.004 total 0.290 s [B hit]
dist_mn node 0: 50331648 x 13421772 limbs over 2 x 4 ranks (cap 2^25): 3 x 1 pieces, 3 formed, 0 skipped (low product) (cache 2 slots: 28 hits, 30 misses)
dist_mn node 1: 2^25 = 2^12 x 2^13 over 2 x 4 ranks, 3 primes (rows 512..512; 16777216 + 13421772 limbs at 33554432, window [0, 30198987) of share [31876709, 63753419), accumulated): redistribute 0.016 ntt 0.245 crt 0.000 out 0.028 spills+carry 0.004 total 0.290 s [B hit]
dist_mn node 1: 50331648 x 13421772 limbs over 2 x 4 ranks (cap 2^25): 3 x 1 pieces, 3 formed, 0 skipped (low product) (cache 2 slots: 28 hits, 30 misses)
dist_mn node 0: 50331648 + 13421772 limbs -> 63753419 (share 31876709): redistribute 0.062 ntt 0.773 crt 0.001 out 0.076 spills+carry 0.017, total 0.899 s
dist_mn node 1: 50331648 + 13421772 limbs -> 63753419 (share 31876710): redistribute 0.071 ntt 0.755 crt 0.001 out 0.085 spills+carry 0.017, total 0.899 s
dist_mn node 0: 2^25 = 2^12 x 2^13 over 2 x 4 ranks, 3 primes (rows 512..512; 25165824 + 6710883 limbs at 0, window [0, 19293794) of share [0, 19293794)): redistribute 0.052 ntt 0.373 crt 0.000 out 0.029 spills+carry 0.001 total 0.441 s [A cached] [B cached]
dist_mn node 1: 2^25 = 2^12 x 2^13 over 2 x 4 ranks, 3 primes (rows 512..512; 25165824 + 6710883 limbs at 0, window [19293794, 31876707) of share [19293794, 38587589)): redistribute 0.052 ntt 0.370 crt 0.000 out 0.032 spills+carry 0.001 total 0.441 s [A cached] [B cached]
dist_mn node 0: 2^25 = 2^12 x 2^13 over 2 x 4 ranks, 3 primes (rows 512..512; 25165824 + 6710882 limbs at 6710883, window [0, 12582911) of share [0, 19293794), accumulated): redistribute 0.008 ntt 0.225 crt 0.000 out 0.023 spills+carry 0.007 total 0.264 s [A hit] [B cached]
dist_mn node 0: 25165824 x 13421765 limbs over 2 x 4 ranks (cap 2^25): 1 x 2 pieces, 2 formed, 0 skipped (cache 2 slots: 1 hits, 3 misses)
dist_mn node 1: 2^25 = 2^12 x 2^13 over 2 x 4 ranks, 3 primes (rows 512..512; 25165824 + 6710882 limbs at 6710883, window [12582911, 31876706) of share [19293794, 38587589), accumulated): redistribute 0.008 ntt 0.222 crt 0.000 out 0.027 spills+carry 0.007 total 0.264 s [A hit] [B cached]
dist_mn node 1: 25165824 x 13421765 limbs over 2 x 4 ranks (cap 2^25): 1 x 2 pieces, 2 formed, 0 skipped (cache 2 slots: 1 hits, 3 misses)
dist_mn node 0: 25165824 + 13421765 limbs -> 38587589 (share 19293794): redistribute 0.060 ntt 0.598 crt 0.001 out 0.052 spills+carry 0.008, total 0.707 s
dist_mn node 1: 25165824 + 13421765 limbs -> 38587589 (share 19293795): redistribute 0.060 ntt 0.592 crt 0.001 out 0.059 spills+carry 0.008, total 0.707 s
mdev 3*2^24 (38587589 limbs): repack 0.046 h2d 0.001 fwd 0.006 inv 0.004 d2h 0.032 crt 0.032 total 0.091 s
mdev 3*2^24 (38587589 limbs): repack 0.039 h2d 0.001 fwd 0.006 inv 0.005 d2h 0.039 crt 0.023 total 0.098 s
dist_mn node 0: 2^25 = 2^12 x 2^13 over 2 x 4 ranks, 3 primes (rows 512..512; 25165824 + 6710883 limbs at 0, window [0, 12582913) of share [0, 12582913)): redistribute 0.032 ntt 0.400 crt 0.000 out 0.024 spills+carry 0.001 total 0.451 s [A cached] [B cached]
dist_mn node 1: 2^25 = 2^12 x 2^13 over 2 x 4 ranks, 3 primes (rows 512..512; 25165824 + 6710883 limbs at 0, window [12582913, 25165827) of share [12582913, 25165827)): redistribute 0.034 ntt 0.391 crt 0.000 out 0.025 spills+carry 0.001 total 0.450 s [A cached] [B cached]
dist_mn node 0: 2^25 = 2^12 x 2^13 over 2 x 4 ranks, 3 primes (rows 512..512; 25165824 + 6710882 limbs at 6710883, window [0, 5872030) of share [0, 12582913), accumulated): redistribute 0.011 ntt 0.239 crt 0.000 out 0.025 spills+carry 0.004 total 0.280 s [A hit] [B cached]
dist_mn node 0: 25165824 x 13421765 limbs over 2 x 4 ranks (cap 2^25): 1 x 2 pieces, 2 formed, 0 skipped (low product) (cache 2 slots: 2 hits, 6 misses)
dist_mn node 1: 2^25 = 2^12 x 2^13 over 2 x 4 ranks, 3 primes (rows 512..512; 25165824 + 6710882 limbs at 6710883, window [5872030, 18454944) of share [12582913, 25165827), accumulated): redistribute 0.009 ntt 0.238 crt 0.000 out 0.029 spills+carry 0.004 total 0.280 s [A hit] [B cached]
dist_mn node 1: 25165824 x 13421765 limbs over 2 x 4 ranks (cap 2^25): 1 x 2 pieces, 2 formed, 0 skipped (low product) (cache 2 slots: 2 hits, 6 misses)
dist_mn node 1: 25165824 + 13421765 limbs -> 25165827 (share 12582914): redistribute 0.043 ntt 0.628 crt 0.001 out 0.053 spills+carry 0.005, total 0.733 s
dist_mn node 0: 25165824 + 13421765 limbs -> 25165827 (share 12582913): redistribute 0.043 ntt 0.639 crt 0.001 out 0.049 spills+carry 0.005, total 0.750 s
dist_mn node 0: 2^25 = 2^12 x 2^13 over 2 x 4 ranks, 3 primes (rows 512..512; 16777216 + 13421772 limbs at 0, window [0, 30198988) of share [0, 31876710)): redistribute 0.029 ntt 0.385 crt 0.000 out 0.029 spills+carry 0.001 total 0.434 s [A cached] [B cached]
dist_mn node 1: 2^25 = 2^12 x 2^13 over 2 x 4 ranks, 3 primes (rows 512..512; 16777216 + 13421772 limbs at 0, window [30198988, 30198988) of share [31876710, 63753421)): redistribute 0.034 ntt 0.386 crt 0.000 out 0.026 spills+carry 0.001 total 0.434 s [A cached] [B cached]
dist_mn node 0: 2^25 = 2^12 x 2^13 over 2 x 4 ranks, 3 primes (rows 512..512; 16777216 + 13421772 limbs at 16777216, window [0, 15099494) of share [0, 31876710), accumulated): redistribute 0.011 ntt 0.247 crt 0.000 out 0.035 spills+carry 0.013 total 0.306 s [B hit]
dist_mn node 1: 2^25 = 2^12 x 2^13 over 2 x 4 ranks, 3 primes (rows 512..512; 16777216 + 13421772 limbs at 16777216, window [15099494, 30198988) of share [31876710, 63753421), accumulated): redistribute 0.019 ntt 0.243 crt 0.000 out 0.031 spills+carry 0.013 total 0.306 s [B hit]
dist_mn node 0: 2^25 = 2^12 x 2^13 over 2 x 4 ranks, 3 primes (rows 512..512; 16777216 + 13421772 limbs at 33554432, window [0, 0) of share [0, 31876710), accumulated): redistribute 0.022 ntt 0.235 crt 0.000 out 0.024 spills+carry 0.004 total 0.279 s [B hit]
dist_mn node 1: 2^25 = 2^12 x 2^13 over 2 x 4 ranks, 3 primes (rows 512..512; 16777216 + 13421772 limbs at 33554432, window [0, 30198988) of share [31876710, 63753421), accumulated): redistribute 0.021 ntt 0.236 crt 0.000 out 0.026 spills+carry 0.003 total 0.279 s [B hit]
mdb_add_shifted node 0: 13421769 limbs at 0 into a basis of 63753421 (my window [0, 13421769), 1 rounds of 3355456; slabs 3355442 + 3355442 limbs per APU 0): 0.030 s
dist_mn node 0: 50331648 x 13421772 limbs over 2 x 4 ranks (cap 2^25): 3 x 1 pieces, 3 formed, 0 skipped (cache 2 slots: 4 hits, 8 misses)
mdb_add_shifted node 1: 13421769 limbs at 0 into a basis of 63753421 (my window [31876710, 31876710), 1 rounds of 3355456; slabs 0 + 0 limbs per APU 0): 0.030 s
dist_mn node 1: 50331648 x 13421772 limbs over 2 x 4 ranks (cap 2^25): 3 x 1 pieces, 3 formed, 0 skipped (cache 2 slots: 4 hits, 8 misses)
dist_mn node 0: 50331648 + 13421772 + x limbs -> 63753420 (share 31876710): redistribute 0.062 ntt 0.867 crt 0.001 out 0.088 spills+carry 0.017, total 1.059 s
dist_mn node 1: 50331648 + 13421772 + x limbs -> 63753420 (share 31876711): redistribute 0.074 ntt 0.865 crt 0.001 out 0.083 spills+carry 0.017, total 1.051 s
mdb_add_shifted node 0: 13421769 limbs at 0 into a basis of 63753421 (my window [0, 13421769), 1 rounds of 3355456; slabs 3355442 + 3355442 limbs per APU 0): 0.084 s
mdb_add_shifted node 1: 13421769 limbs at 0 into a basis of 63753421 (my window [31876710, 31876710), 1 rounds of 3355456; slabs 0 + 0 limbs per APU 0): 0.038 s
mdb_add_shifted node 1: 13421769 limbs at 7 into a basis of 63753421 (my window [31876710, 31876710), 1 rounds of 3355456; slabs 0 + 0 limbs per APU 0): 0.044 s
mdb_add_shifted node 0: 13421769 limbs at 7 into a basis of 63753421 (my window [7, 13421776), 1 rounds of 3355456; slabs 3355442 + 3355442 limbs per APU 0): 0.053 s
mdb_add_shifted node 0: 13421769 limbs at 25165824 into a basis of 63753421 (my window [25165824, 31876710), 1 rounds of 1677728; slabs 1677721 + 1677721 limbs per APU 0): 0.042 s
mdb_add_shifted node 1: 13421769 limbs at 25165824 into a basis of 63753421 (my window [31876710, 38587593), 1 rounds of 1677728; slabs 1677720 + 1677720 limbs per APU 0): 0.010 s
mdb_add_shifted node 0: 13421769 limbs at 50331648 into a basis of 63753421 (my window [50331648, 50331648), 1 rounds of 3355456; slabs 3355442 + 0 limbs per APU 0): 0.052 s
mdb_add_shifted node 1: 13421769 limbs at 50331648 into a basis of 63753421 (my window [50331648, 63753417), 1 rounds of 3355456; slabs 0 + 3355442 limbs per APU 0): 0.020 s
dist_mn node 0: 2^25 = 2^12 x 2^13 over 2 x 4 ranks, 3 primes (rows 512..512; 16777216 + 13421772 limbs at 0, window [0, 30198988) of share [0, 31876710)): redistribute 0.045 ntt 0.417 crt 0.000 out 0.023 spills+carry 0.002 total 0.480 s [A cached] [B cached]
dist_mn node 1: 2^25 = 2^12 x 2^13 over 2 x 4 ranks, 3 primes (rows 512..512; 16777216 + 13421772 limbs at 0, window [30198988, 30198988) of share [31876710, 63753420)): redistribute 0.050 ntt 0.417 crt 0.000 out 0.024 spills+carry 0.003 total 0.480 s [A cached] [B cached]
dist_mn node 0: 2^25 = 2^12 x 2^13 over 2 x 4 ranks, 3 primes (rows 512..512; 16777216 + 13421772 limbs at 16777216, window [0, 15099494) of share [0, 31876710), accumulated): redistribute 0.015 ntt 0.270 crt 0.001 out 0.027 spills+carry 0.014 total 0.327 s [B hit]
dist_mn node 1: 2^25 = 2^12 x 2^13 over 2 x 4 ranks, 3 primes (rows 512..512; 16777216 + 13421772 limbs at 16777216, window [15099494, 30198988) of share [31876710, 63753420), accumulated): redistribute 0.024 ntt 0.262 crt 0.001 out 0.033 spills+carry 0.014 total 0.327 s [B hit]
dist_mn node 0: 2^25 = 2^12 x 2^13 over 2 x 4 ranks, 3 primes (rows 512..512; 16777216 + 13421772 limbs at 33554432, window [0, 0) of share [0, 31876710), accumulated): redistribute 0.014 ntt 0.227 crt 0.000 out 0.028 spills+carry 0.005 total 0.275 s [B hit]
dist_mn node 0: 50331648 x 13421772 limbs over 2 x 4 ranks (cap 2^25): 3 x 1 pieces, 3 formed, 0 skipped (cache 2 slots: 6 hits, 10 misses)
dist_mn node 1: 2^25 = 2^12 x 2^13 over 2 x 4 ranks, 3 primes (rows 512..512; 16777216 + 13421772 limbs at 33554432, window [0, 30198988) of share [31876710, 63753420), accumulated): redistribute 0.013 ntt 0.229 crt 0.000 out 0.028 spills+carry 0.005 total 0.275 s [B hit]
dist_mn node 1: 50331648 x 13421772 limbs over 2 x 4 ranks (cap 2^25): 3 x 1 pieces, 3 formed, 0 skipped (cache 2 slots: 6 hits, 10 misses)
dist_mn node 0: 50331648 + 13421772 limbs -> 63753420 (share 31876710): redistribute 0.074 ntt 0.913 crt 0.002 out 0.079 spills+carry 0.021, total 1.142 s
dist_mn node 1: 50331648 + 13421772 limbs -> 63753420 (share 31876710): redistribute 0.086 ntt 0.907 crt 0.002 out 0.085 spills+carry 0.022, total 1.084 s
mdev 2^26 (63753420 limbs): repack 0.058 h2d 0.001 fwd 0.010 inv 0.005 d2h 0.031 crt 0.028 total 0.113 s
mdev 2^26 (63753420 limbs): repack 0.058 h2d 0.001 fwd 0.009 inv 0.005 d2h 0.043 crt 0.048 total 0.125 s
dist_mn node 0: 2^25 = 2^12 x 2^13 over 2 x 4 ranks, 3 primes (rows 512..512; 16777216 + 13421772 limbs at 0, window [0, 30198988) of share [0, 31876710)): redistribute 0.061 ntt 0.411 crt 0.000 out 0.019 spills+carry 0.002 total 0.461 s [A cached] [B cached]
dist_mn node 1: 2^25 = 2^12 x 2^13 over 2 x 4 ranks, 3 primes (rows 512..512; 16777216 + 13421772 limbs at 0, window [30198988, 30198988) of share [31876710, 63753421)): redistribute 0.062 ntt 0.412 crt 0.000 out 0.021 spills+carry 0.003 total 0.461 s [A cached] [B cached]
dist_mn node 0: 2^25 = 2^12 x 2^13 over 2 x 4 ranks, 3 primes (rows 512..512; 16777216 + 13421772 limbs at 16777216, window [0, 15099494) of share [0, 31876710), accumulated): redistribute 0.022 ntt 0.219 crt 0.000 out 0.033 spills+carry 0.015 total 0.289 s [B hit]
dist_mn node 1: 2^25 = 2^12 x 2^13 over 2 x 4 ranks, 3 primes (rows 512..512; 16777216 + 13421772 limbs at 16777216, window [15099494, 30198988) of share [31876710, 63753421), accumulated): redistribute 0.022 ntt 0.220 crt 0.000 out 0.032 spills+carry 0.015 total 0.289 s [B hit]
dist_mn node 0: 2^25 = 2^12 x 2^13 over 2 x 4 ranks, 3 primes (rows 512..512; 16777216 + 13421772 limbs at 33554432, window [0, 0) of share [0, 31876710), accumulated): redistribute 0.015 ntt 0.229 crt 0.000 out 0.021 spills+carry 0.005 total 0.270 s [B hit]
dist_mn node 1: 2^25 = 2^12 x 2^13 over 2 x 4 ranks, 3 primes (rows 512..512; 16777216 + 13421772 limbs at 33554432, window [0, 30198988) of share [31876710, 63753421), accumulated): redistribute 0.013 ntt 0.226 crt 0.000 out 0.026 spills+carry 0.005 total 0.270 s [B hit]
mdb_add_shifted node 0: 13421769 limbs at 0 into a basis of 63753421 (my window [0, 13421769), 1 rounds of 3355456; slabs 3355442 + 3355442 limbs per APU 0): 0.030 s
dist_mn node 0: 50331648 x 13421772 limbs over 2 x 4 ranks (cap 2^25): 3 x 1 pieces, 3 formed, 0 skipped (cache 2 slots: 8 hits, 12 misses)
mdb_add_shifted node 1: 13421769 limbs at 0 into a basis of 63753421 (my window [31876710, 31876710), 1 rounds of 3355456; slabs 0 + 0 limbs per APU 0): 0.030 s
dist_mn node 1: 50331648 x 13421772 limbs over 2 x 4 ranks (cap 2^25): 3 x 1 pieces, 3 formed, 0 skipped (cache 2 slots: 8 hits, 12 misses)
dist_mn node 0: 50331648 + 13421772 + x limbs -> 63753420 (share 31876710): redistribute 0.098 ntt 0.859 crt 0.001 out 0.073 spills+carry 0.023, total 1.063 s
dist_mn node 1: 50331648 + 13421772 + x limbs -> 63753420 (share 31876711): redistribute 0.097 ntt 0.857 crt 0.001 out 0.079 spills+carry 0.022, total 1.054 s
dist_mn node 0: 2^25 = 2^12 x 2^13 over 2 x 4 ranks, 3 primes (rows 512..512; 16777216 + 13421772 limbs at 0, window [0, 25165825) of share [0, 25165825)): redistribute 0.055 ntt 0.371 crt 0.001 out 0.021 spills+carry 0.002 total 0.427 s [A cached] [B cached]
dist_mn node 1: 2^25 = 2^12 x 2^13 over 2 x 4 ranks, 3 primes (rows 512..512; 16777216 + 13421772 limbs at 0, window [25165825, 30198988) of share [25165825, 50331650)): redistribute 0.048 ntt 0.370 crt 0.001 out 0.023 spills+carry 0.002 total 0.426 s [A cached] [B cached]
dist_mn node 0: 2^25 = 2^12 x 2^13 over 2 x 4 ranks, 3 primes (rows 512..512; 16777216 + 13421772 limbs at 16777216, window [0, 8388609) of share [0, 25165825), accumulated): redistribute 0.014 ntt 0.213 crt 0.000 out 0.038 spills+carry 0.010 total 0.276 s [B hit]
dist_mn node 1: 2^25 = 2^12 x 2^13 over 2 x 4 ranks, 3 primes (rows 512..512; 16777216 + 13421772 limbs at 16777216, window [8388609, 30198988) of share [25165825, 50331650), accumulated): redistribute 0.017 ntt 0.213 crt 0.000 out 0.036 spills+carry 0.010 total 0.276 s [B hit]
dist_mn node 0: 2^25 = 2^12 x 2^13 over 2 x 4 ranks, 3 primes (rows 512..512; 16777216 + 13421772 limbs at 33554432, window [0, 0) of share [0, 25165825), accumulated): redistribute 0.021 ntt 0.235 crt 0.000 out 0.024 spills+carry 0.011 total 0.282 s [B hit]
dist_mn node 0: 50331648 x 13421772 limbs over 2 x 4 ranks (cap 2^25): 3 x 1 pieces, 3 formed, 0 skipped (low product) (cache 2 slots: 10 hits, 14 misses)
dist_mn node 1: 2^25 = 2^12 x 2^13 over 2 x 4 ranks, 3 primes (rows 512..512; 16777216 + 13421772 limbs at 33554432, window [0, 16777218) of share [25165825, 50331650), accumulated): redistribute 0.020 ntt 0.239 crt 0.000 out 0.025 spills+carry 0.011 total 0.282 s [B hit]
dist_mn node 1: 50331648 x 13421772 limbs over 2 x 4 ranks (cap 2^25): 3 x 1 pieces, 3 formed, 0 skipped (low product) (cache 2 slots: 10 hits, 14 misses)
dist_mn node 0: 50331648 + 13421772 limbs -> 50331650 (share 25165825): redistribute 0.089 ntt 0.820 crt 0.001 out 0.083 spills+carry 0.023, total 0.986 s
dist_mn node 1: 50331648 + 13421772 limbs -> 50331650 (share 25165825): redistribute 0.084 ntt 0.822 crt 0.002 out 0.084 spills+carry 0.023, total 0.986 s
dist_mn node 0: 2^25 = 2^12 x 2^13 over 2 x 4 ranks, 3 primes (rows 512..512; 25165825 + 6710886 limbs at 0, window [0, 12582912) of share [0, 12582912)): redistribute 0.071 ntt 0.440 crt 0.000 out 0.022 spills+carry 0.002 total 0.497 s [A cached] [B cached]
dist_mn node 1: 2^25 = 2^12 x 2^13 over 2 x 4 ranks, 3 primes (rows 512..512; 25165825 + 6710886 limbs at 0, window [12582912, 25165825) of share [12582912, 25165825)): redistribute 0.069 ntt 0.442 crt 0.000 out 0.020 spills+carry 0.002 total 0.496 s [A cached] [B cached]
dist_mn node 0: 2^25 = 2^12 x 2^13 over 2 x 4 ranks, 3 primes (rows 512..512; 25165825 + 6710886 limbs at 6710886, window [0, 5872026) of share [0, 12582912), accumulated): redistribute 0.010 ntt 0.232 crt 0.000 out 0.021 spills+carry 0.009 total 0.272 s [A hit] [B cached]
dist_mn node 0: 25165825 x 13421772 limbs over 2 x 4 ranks (cap 2^25): 1 x 2 pieces, 2 formed, 0 skipped (low product) (cache 2 slots: 11 hits, 17 misses)
dist_mn node 1: 2^25 = 2^12 x 2^13 over 2 x 4 ranks, 3 primes (rows 512..512; 25165825 + 6710886 limbs at 6710886, window [5872026, 18454939) of share [12582912, 25165825), accumulated): redistribute 0.010 ntt 0.234 crt 0.000 out 0.019 spills+carry 0.009 total 0.272 s [A hit] [B cached]
dist_mn node 1: 25165825 x 13421772 limbs over 2 x 4 ranks (cap 2^25): 1 x 2 pieces, 2 formed, 0 skipped (low product) (cache 2 slots: 11 hits, 17 misses)
dist_mn node 0: 25165825 + 13421772 limbs -> 25165825 (share 12582912): redistribute 0.081 ntt 0.672 crt 0.001 out 0.042 spills+carry 0.011, total 0.771 s
dist_mn node 1: 25165825 + 13421772 limbs -> 25165825 (share 12582913): redistribute 0.079 ntt 0.676 crt 0.001 out 0.039 spills+carry 0.011, total 0.770 s
dist_mn node 0: 2^25 = 2^12 x 2^13 over 2 x 4 ranks, 3 primes (rows 512..512; 16777216 + 13421772 limbs at 0, window [0, 30198988) of share [0, 31876709)): redistribute 0.044 ntt 0.386 crt 0.000 out 0.022 spills+carry 0.002 total 0.449 s [A cached] [B cached]
dist_mn node 1: 2^25 = 2^12 x 2^13 over 2 x 4 ranks, 3 primes (rows 512..512; 16777216 + 13421772 limbs at 0, window [30198988, 30198988) of share [31876709, 63753419)): redistribute 0.046 ntt 0.382 crt 0.000 out 0.022 spills+carry 0.003 total 0.450 s [A cached] [B cached]
dist_mn node 0: 2^25 = 2^12 x 2^13 over 2 x 4 ranks, 3 primes (rows 512..512; 16777216 + 13421772 limbs at 16777216, window [0, 15099493) of share [0, 31876709), accumulated): redistribute 0.011 ntt 0.253 crt 0.000 out 0.025 spills+carry 0.015 total 0.305 s [B hit]
dist_mn node 1: 2^25 = 2^12 x 2^13 over 2 x 4 ranks, 3 primes (rows 512..512; 16777216 + 13421772 limbs at 16777216, window [15099493, 30198988) of share [31876709, 63753419), accumulated): redistribute 0.017 ntt 0.250 crt 0.000 out 0.022 spills+carry 0.015 total 0.305 s [B hit]
dist_mn node 0: 2^25 = 2^12 x 2^13 over 2 x 4 ranks, 3 primes (rows 512..512; 16777216 + 13421772 limbs at 33554432, window [0, 0) of share [0, 31876709), accumulated): redistribute 0.020 ntt 0.239 crt 0.000 out 0.024 spills+carry 0.005 total 0.281 s [B hit]
dist_mn node 0: 50331648 x 13421772 limbs over 2 x 4 ranks (cap 2^25): 3 x 1 pieces, 3 formed, 0 skipped (low product) (cache 2 slots: 13 hits, 19 misses)
dist_mn node 1: 2^25 = 2^12 x 2^13 over 2 x 4 ranks, 3 primes (rows 512..512; 16777216 + 13421772 limbs at 33554432, window [0, 30198987) of share [31876709, 63753419), accumulated): redistribute 0.020 ntt 0.241 crt 0.000 out 0.024 spills+carry 0.005 total 0.281 s [B hit]
dist_mn node 1: 50331648 x 13421772 limbs over 2 x 4 ranks (cap 2^25): 3 x 1 pieces, 3 formed, 0 skipped (low product) (cache 2 slots: 13 hits, 19 misses)
dist_mn node 0: 50331648 + 13421772 limbs -> 63753419 (share 31876709): redistribute 0.076 ntt 0.878 crt 0.001 out 0.071 spills+carry 0.022, total 1.037 s
dist_mn node 1: 50331648 + 13421772 limbs -> 63753419 (share 31876710): redistribute 0.083 ntt 0.873 crt 0.001 out 0.067 spills+carry 0.023, total 1.037 s
dist_mn node 0: 2^25 = 2^12 x 2^13 over 2 x 4 ranks, 3 primes (rows 512..512; 16777216 + 13421772 limbs at 16777216, window [0, 15099494) of share [0, 31876710), accumulated): redistribute 0.069 ntt 0.405 crt 0.000 out 0.032 spills+carry 0.015 total 0.493 s [B cached]
dist_mn node 1: 2^25 = 2^12 x 2^13 over 2 x 4 ranks, 3 primes (rows 512..512; 16777216 + 13421772 limbs at 16777216, window [15099494, 30198988) of share [31876710, 63753420), accumulated): redistribute 0.069 ntt 0.411 crt 0.000 out 0.033 spills+carry 0.015 total 0.493 s [B cached]
dist_mn node 0: 2^25 = 2^12 x 2^13 over 2 x 4 ranks, 3 primes (rows 512..512; 16777216 + 13421772 limbs at 33554432, window [0, 0) of share [0, 31876710), accumulated): redistribute 0.018 ntt 0.250 crt 0.000 out 0.028 spills+carry 0.005 total 0.301 s [B hit]
dist_mn node 0: 50331648 x 13421772 limbs over 2 x 4 ranks (cap 2^25): 3 x 1 pieces, 2 formed, 1 skipped (low cut) (cache 2 slots: 14 hits, 20 misses)
dist_mn node 1: 2^25 = 2^12 x 2^13 over 2 x 4 ranks, 3 primes (rows 512..512; 16777216 + 13421772 limbs at 33554432, window [0, 30198988) of share [31876710, 63753420), accumulated): redistribute 0.017 ntt 0.246 crt 0.000 out 0.033 spills+carry 0.005 total 0.301 s [B hit]
dist_mn node 1: 50331648 x 13421772 limbs over 2 x 4 ranks (cap 2^25): 3 x 1 pieces, 2 formed, 1 skipped (low cut) (cache 2 slots: 14 hits, 20 misses)
dist_mn node 0: 50331648 + 13421772 limbs -> 63753420 (share 31876710): redistribute 0.087 ntt 0.655 crt 0.001 out 0.059 spills+carry 0.020, total 0.796 s
dist_mn node 1: 50331648 + 13421772 limbs -> 63753420 (share 31876710): redistribute 0.087 ntt 0.657 crt 0.001 out 0.066 spills+carry 0.020, total 0.796 s
mdev 2^25 (30198988 limbs): repack 0.029 h2d 0.001 fwd 0.005 inv 0.004 d2h 0.030 crt 0.027 total 0.074 s
mdev 2^25 (30198988 limbs): repack 0.033 h2d 0.001 fwd 0.006 inv 0.003 d2h 0.030 crt 0.033 total 0.076 s
dist_mn node 0: 2^25 = 2^12 x 2^13 over 2 x 4 ranks, 3 primes (rows 512..512; 16777216 + 13421772 limbs at 16777216, window [0, 15099493) of share [0, 31876709), accumulated): redistribute 0.069 ntt 0.417 crt 0.000 out 0.035 spills+carry 0.014 total 0.498 s [B cached]
dist_mn node 1: 2^25 = 2^12 x 2^13 over 2 x 4 ranks, 3 primes (rows 512..512; 16777216 + 13421772 limbs at 16777216, window [15099493, 30198988) of share [31876709, 63753419), accumulated): redistribute 0.070 ntt 0.418 crt 0.000 out 0.031 spills+carry 0.014 total 0.498 s [B cached]
dist_mn node 0: 2^25 = 2^12 x 2^13 over 2 x 4 ranks, 3 primes (rows 512..512; 16777216 + 13421772 limbs at 33554432, window [0, 0) of share [0, 31876709), accumulated): redistribute 0.021 ntt 0.260 crt 0.000 out 0.028 spills+carry 0.005 total 0.309 s [B hit]
dist_mn node 0: 50331648 x 13421772 limbs over 2 x 4 ranks (cap 2^25): 3 x 1 pieces, 2 formed, 1 skipped (low product) (low cut) (cache 2 slots: 15 hits, 21 misses)
dist_mn node 1: 2^25 = 2^12 x 2^13 over 2 x 4 ranks, 3 primes (rows 512..512; 16777216 + 13421772 limbs at 33554432, window [0, 30198987) of share [31876709, 63753419), accumulated): redistribute 0.021 ntt 0.265 crt 0.000 out 0.025 spills+carry 0.005 total 0.309 s [B hit]
dist_mn node 1: 50331648 x 13421772 limbs over 2 x 4 ranks (cap 2^25): 3 x 1 pieces, 2 formed, 1 skipped (low product) (low cut) (cache 2 slots: 15 hits, 21 misses)
dist_mn node 0: 50331648 + 13421772 limbs -> 63753419 (share 31876709): redistribute 0.090 ntt 0.677 crt 0.001 out 0.063 spills+carry 0.019, total 0.808 s
dist_mn node 1: 50331648 + 13421772 limbs -> 63753419 (share 31876710): redistribute 0.091 ntt 0.683 crt 0.001 out 0.056 spills+carry 0.019, total 0.808 s
mdev 2^25 (30198988 limbs): repack 0.031 h2d 0.001 fwd 0.003 inv 0.001 d2h 0.028 crt 0.034 total 0.066 s
mdev 2^25 (30198988 limbs): repack 0.030 h2d 0.001 fwd 0.003 inv 0.001 d2h 0.028 crt 0.023 total 0.066 s
dist_mn node 0: 2^25 = 2^12 x 2^13 over 2 x 4 ranks, 3 primes (rows 512..512; 16777216 + 13421772 limbs at 0, window [0, 30198988) of share [0, 31876710)): redistribute 0.031 ntt 0.389 crt 0.000 out 0.024 spills+carry 0.002 total 0.435 s [A cached] [B cached]
dist_mn node 1: 2^25 = 2^12 x 2^13 over 2 x 4 ranks, 3 primes (rows 512..512; 16777216 + 13421772 limbs at 0, window [30198988, 30198988) of share [31876710, 63753420)): redistribute 0.030 ntt 0.392 crt 0.000 out 0.021 spills+carry 0.003 total 0.435 s [A cached] [B cached]
dist_mn node 0: 2^25 = 2^12 x 2^13 over 2 x 4 ranks, 3 primes (rows 512..512; 16777216 + 13421772 limbs at 16777216, window [0, 15099494) of share [0, 31876710), accumulated): redistribute 0.013 ntt 0.236 crt 0.001 out 0.026 spills+carry 0.014 total 0.288 s [B hit]
dist_mn node 1: 2^25 = 2^12 x 2^13 over 2 x 4 ranks, 3 primes (rows 512..512; 16777216 + 13421772 limbs at 16777216, window [15099494, 30198988) of share [31876710, 63753420), accumulated): redistribute 0.016 ntt 0.233 crt 0.001 out 0.026 spills+carry 0.014 total 0.288 s [B hit]
dist_mn node 0: 2^25 = 2^12 x 2^13 over 2 x 4 ranks, 3 primes (rows 512..512; 16777216 + 13421772 limbs at 33554432, window [0, 0) of share [0, 31876710), accumulated): redistribute 0.022 ntt 0.216 crt 0.000 out 0.027 spills+carry 0.005 total 0.271 s [B hit]
dist_mn node 0: 50331648 x 13421772 limbs over 2 x 4 ranks (cap 2^25): 3 x 1 pieces, 3 formed, 0 skipped (low cut) (cache 2 slots: 17 hits, 23 misses)
dist_mn node 1: 2^25 = 2^12 x 2^13 over 2 x 4 ranks, 3 primes (rows 512..512; 16777216 + 13421772 limbs at 33554432, window [0, 30198988) of share [31876710, 63753420), accumulated): redistribute 0.021 ntt 0.214 crt 0.000 out 0.031 spills+carry 0.005 total 0.271 s [B hit]
dist_mn node 1: 50331648 x 13421772 limbs over 2 x 4 ranks (cap 2^25): 3 x 1 pieces, 3 formed, 0 skipped (low cut) (cache 2 slots: 17 hits, 23 misses)
dist_mn node 0: 50331648 + 13421772 limbs -> 63753420 (share 31876710): redistribute 0.066 ntt 0.840 crt 0.001 out 0.078 spills+carry 0.021, total 0.995 s
dist_mn node 1: 50331648 + 13421772 limbs -> 63753420 (share 31876710): redistribute 0.067 ntt 0.839 crt 0.001 out 0.078 spills+carry 0.022, total 0.995 s
dist_mn node 0: 2^25 = 2^12 x 2^13 over 2 x 4 ranks, 3 primes (rows 512..512; 16777216 + 13421772 limbs at 0, window [0, 30198988) of share [0, 31876709)): redistribute 0.032 ntt 0.377 crt 0.000 out 0.020 spills+carry 0.002 total 0.431 s [A cached] [B cached]
dist_mn node 1: 2^25 = 2^12 x 2^13 over 2 x 4 ranks, 3 primes (rows 512..512; 16777216 + 13421772 limbs at 0, window [30198988, 30198988) of share [31876709, 63753419)): redistribute 0.029 ntt 0.376 crt 0.000 out 0.024 spills+carry 0.003 total 0.431 s [A cached] [B cached]
dist_mn node 0: 2^25 = 2^12 x 2^13 over 2 x 4 ranks, 3 primes (rows 512..512; 16777216 + 13421772 limbs at 16777216, window [0, 15099493) of share [0, 31876709), accumulated): redistribute 0.011 ntt 0.232 crt 0.000 out 0.024 spills+carry 0.014 total 0.281 s [B hit]
dist_mn node 1: 2^25 = 2^12 x 2^13 over 2 x 4 ranks, 3 primes (rows 512..512; 16777216 + 13421772 limbs at 16777216, window [15099493, 30198988) of share [31876709, 63753419), accumulated): redistribute 0.017 ntt 0.220 crt 0.000 out 0.030 spills+carry 0.014 total 0.281 s [B hit]
dist_mn node 0: 2^25 = 2^12 x 2^13 over 2 x 4 ranks, 3 primes (rows 512..512; 16777216 + 13421772 limbs at 33554432, window [0, 0) of share [0, 31876709), accumulated): redistribute 0.016 ntt 0.245 crt 0.000 out 0.021 spills+carry 0.005 total 0.287 s [B hit]
dist_mn node 0: 50331648 x 13421772 limbs over 2 x 4 ranks (cap 2^25): 3 x 1 pieces, 3 formed, 0 skipped (low product) (low cut) (cache 2 slots: 19 hits, 25 misses)
dist_mn node 1: 2^25 = 2^12 x 2^13 over 2 x 4 ranks, 3 primes (rows 512..512; 16777216 + 13421772 limbs at 33554432, window [0, 30198987) of share [31876709, 63753419), accumulated): redistribute 0.015 ntt 0.241 crt 0.000 out 0.025 spills+carry 0.005 total 0.287 s [B hit]
dist_mn node 1: 50331648 x 13421772 limbs over 2 x 4 ranks (cap 2^25): 3 x 1 pieces, 3 formed, 0 skipped (low product) (low cut) (cache 2 slots: 19 hits, 25 misses)
dist_mn node 0: 50331648 + 13421772 limbs -> 63753419 (share 31876709): redistribute 0.060 ntt 0.854 crt 0.001 out 0.065 spills+carry 0.021, total 1.001 s
dist_mn node 1: 50331648 + 13421772 limbs -> 63753419 (share 31876710): redistribute 0.061 ntt 0.837 crt 0.001 out 0.079 spills+carry 0.022, total 1.001 s
dist_mn node 1: 50331648 x 13421772 limbs over 2 x 4 ranks (cap 2^25): 3 x 1 pieces, 0 formed, 3 skipped (low cut) (cache 2 slots: 19 hits, 25 misses)
dist_mn node 0: 50331648 x 13421772 limbs over 2 x 4 ranks (cap 2^25): 3 x 1 pieces, 0 formed, 3 skipped (low cut) (cache 2 slots: 19 hits, 25 misses)
dist_mn node 1: 50331648 + 13421772 limbs -> 0 (share 31876710): redistribute 0.000 ntt 0.000 crt 0.000 out 0.000 spills+carry 0.000, total 0.002 s
dist_mn node 0: 50331648 + 13421772 limbs -> 0 (share 31876710): redistribute 0.000 ntt 0.000 crt 0.000 out 0.000 spills+carry 0.000, total 0.004 s
mdev 2^25 (30198988 limbs): repack 0.026 h2d 0.001 fwd 0.003 inv 0.001 d2h 0.029 crt 0.031 total 0.064 s
mdev 2^25 (30198988 limbs): repack 0.042 h2d 0.001 fwd 0.003 inv 0.001 d2h 0.030 crt 0.030 total 0.079 s
mdev 2^25 (30198988 limbs): repack 0.035 h2d 0.001 fwd 0.003 inv 0.001 d2h 0.028 crt 0.014 total 0.071 s
mdev 2^25 (30198988 limbs): repack 0.048 h2d 0.001 fwd 0.003 inv 0.001 d2h 0.031 crt 0.021 total 0.089 s
mdev 2^25 (30198988 limbs): repack 0.043 h2d 0.001 fwd 0.003 inv 0.001 d2h 0.031 crt 0.016 total 0.082 s
mdev 2^25 (30198988 limbs): repack 0.023 h2d 0.001 fwd 0.003 inv 0.001 d2h 0.034 crt 0.026 total 0.065 s
dist_mn node 0: 50331648 x 13421772 limbs over 2 x 4 ranks (cap 2^25): 3 x 1 pieces, 0 formed, 3 skipped (low product) (low cut) (cache 2 slots: 19 hits, 25 misses)
dist_mn node 1: 50331648 x 13421772 limbs over 2 x 4 ranks (cap 2^25): 3 x 1 pieces, 0 formed, 3 skipped (low product) (low cut) (cache 2 slots: 19 hits, 25 misses)
dist_mn node 1: 50331648 + 13421772 limbs -> 0 (share 31876710): redistribute 0.000 ntt 0.000 crt 0.000 out 0.000 spills+carry 0.000, total 0.003 s
dist_mn node 0: 50331648 + 13421772 limbs -> 0 (share 31876709): redistribute 0.000 ntt 0.000 crt 0.000 out 0.000 spills+carry 0.000, total 0.006 s
mdev 2^25 (30198988 limbs): repack 0.037 h2d 0.001 fwd 0.004 inv 0.002 d2h 0.032 crt 0.026 total 0.078 s
mdev 2^25 (30198988 limbs): repack 0.034 h2d 0.001 fwd 0.003 inv 0.002 d2h 0.040 crt 0.021 total 0.083 s
mdev 2^25 (30198988 limbs): repack 0.028 h2d 0.001 fwd 0.002 inv 0.001 d2h 0.039 crt 0.020 total 0.074 s
mdev 2^25 (30198988 limbs): repack 0.031 h2d 0.001 fwd 0.003 inv 0.001 d2h 0.038 crt 0.029 total 0.077 s
mdev 2^25 (30198988 limbs): repack 0.029 h2d 0.001 fwd 0.003 inv 0.001 d2h 0.032 crt 0.021 total 0.072 s
mdev 2^25 (30198988 limbs): repack 0.028 h2d 0.001 fwd 0.003 inv 0.001 d2h 0.035 crt 0.020 total 0.071 s
dist_mn node 0: 2^25 = 2^12 x 2^13 over 2 x 4 ranks, 3 primes (rows 512..512; 16777216 + 13421772 limbs at 0, window [0, 30198988) of share [0, 31876710)): redistribute 0.064 ntt 0.359 crt 0.000 out 0.027 spills+carry 0.002 total 0.419 s [A cached] [B cached]
dist_mn node 1: 2^25 = 2^12 x 2^13 over 2 x 4 ranks, 3 primes (rows 512..512; 16777216 + 13421772 limbs at 0, window [30198988, 30198988) of share [31876710, 63753420)): redistribute 0.069 ntt 0.360 crt 0.000 out 0.029 spills+carry 0.002 total 0.419 s [A cached] [B cached]
dist_mn node 0: 2^25 = 2^12 x 2^13 over 2 x 4 ranks, 3 primes (rows 512..512; 16777216 + 13421772 limbs at 16777216, window [0, 15099494) of share [0, 31876710), accumulated): redistribute 0.012 ntt 0.241 crt 0.001 out 0.022 spills+carry 0.014 total 0.289 s [B hit]
dist_mn node 1: 2^25 = 2^12 x 2^13 over 2 x 4 ranks, 3 primes (rows 512..512; 16777216 + 13421772 limbs at 16777216, window [15099494, 30198988) of share [31876710, 63753420), accumulated): redistribute 0.019 ntt 0.230 crt 0.001 out 0.025 spills+carry 0.014 total 0.289 s [B hit]
dist_mn node 0: 2^25 = 2^12 x 2^13 over 2 x 4 ranks, 3 primes (rows 512..512; 16777216 + 13421772 limbs at 33554432, window [0, 0) of share [0, 31876710), accumulated): redistribute 0.019 ntt 0.226 crt 0.000 out 0.026 spills+carry 0.005 total 0.273 s [B hit]
dist_mn node 0: 50331648 x 13421772 limbs over 2 x 4 ranks (cap 2^25): 3 x 1 pieces, 3 formed, 0 skipped (cache 2 slots: 21 hits, 27 misses)
dist_mn node 1: 2^25 = 2^12 x 2^13 over 2 x 4 ranks, 3 primes (rows 512..512; 16777216 + 13421772 limbs at 33554432, window [0, 30198988) of share [31876710, 63753420), accumulated): redistribute 0.019 ntt 0.227 crt 0.000 out 0.024 spills+carry 0.005 total 0.273 s [B hit]
dist_mn node 1: 50331648 x 13421772 limbs over 2 x 4 ranks (cap 2^25): 3 x 1 pieces, 3 formed, 0 skipped (cache 2 slots: 21 hits, 27 misses)
dist_mn node 0: 50331648 + 13421772 limbs -> 63753420 (share 31876710): redistribute 0.096 ntt 0.826 crt 0.001 out 0.075 spills+carry 0.021, total 1.080 s
dist_mn node 1: 50331648 + 13421772 limbs -> 63753420 (share 31876710): redistribute 0.107 ntt 0.816 crt 0.001 out 0.078 spills+carry 0.021, total 0.984 s
dist_mn node 0: 2^25 = 2^12 x 2^13 over 2 x 4 ranks, 3 primes (rows 512..512; 16777216 + 13421772 limbs at 0, window [0, 30198988) of share [0, 31876709)): redistribute 0.046 ntt 0.289 crt 0.000 out 0.022 spills+carry 0.002 total 0.340 s [B hit]
dist_mn node 1: 2^25 = 2^12 x 2^13 over 2 x 4 ranks, 3 primes (rows 512..512; 16777216 + 13421772 limbs at 0, window [30198988, 30198988) of share [31876709, 63753419)): redistribute 0.053 ntt 0.291 crt 0.000 out 0.021 spills+carry 0.003 total 0.340 s [B hit]
dist_mn node 0: 2^25 = 2^12 x 2^13 over 2 x 4 ranks, 3 primes (rows 512..512; 16777216 + 13421772 limbs at 16777216, window [0, 15099493) of share [0, 31876709), accumulated): redistribute 0.013 ntt 0.251 crt 0.001 out 0.023 spills+carry 0.015 total 0.301 s [B hit]
dist_mn node 1: 2^25 = 2^12 x 2^13 over 2 x 4 ranks, 3 primes (rows 512..512; 16777216 + 13421772 limbs at 16777216, window [15099493, 30198988) of share [31876709, 63753419), accumulated): redistribute 0.025 ntt 0.238 crt 0.001 out 0.029 spills+carry 0.015 total 0.301 s [B hit]
dist_mn node 0: 2^25 = 2^12 x 2^13 over 2 x 4 ranks, 3 primes (rows 512..512; 16777216 + 13421772 limbs at 33554432, window [0, 0) of share [0, 31876709), accumulated): redistribute 0.021 ntt 0.245 crt 0.000 out 0.022 spills+carry 0.005 total 0.292 s [B hit]
dist_mn node 0: 50331648 x 13421772 limbs over 2 x 4 ranks (cap 2^25): 3 x 1 pieces, 3 formed, 0 skipped (low product) (cache 2 slots: 24 hits, 27 misses)
dist_mn node 1: 2^25 = 2^12 x 2^13 over 2 x 4 ranks, 3 primes (rows 512..512; 16777216 + 13421772 limbs at 33554432, window [0, 30198987) of share [31876709, 63753419), accumulated): redistribute 0.020 ntt 0.241 crt 0.000 out 0.025 spills+carry 0.005 total 0.292 s [B hit]
dist_mn node 1: 50331648 x 13421772 limbs over 2 x 4 ranks (cap 2^25): 3 x 1 pieces, 3 formed, 0 skipped (low product) (cache 2 slots: 24 hits, 27 misses)
dist_mn node 0: 50331648 + 13421772 limbs -> 63753419 (share 31876709): redistribute 0.080 ntt 0.785 crt 0.002 out 0.067 spills+carry 0.022, total 0.934 s
dist_mn node 1: 50331648 + 13421772 limbs -> 63753419 (share 31876710): redistribute 0.098 ntt 0.769 crt 0.001 out 0.075 spills+carry 0.022, total 0.934 s
dist_mn node 0: 2^25 = 2^12 x 2^13 over 2 x 4 ranks, 3 primes (rows 512..512; 25165824 + 6710883 limbs at 0, window [0, 19293794) of share [0, 19293794)): redistribute 0.036 ntt 0.361 crt 0.000 out 0.034 spills+carry 0.002 total 0.422 s [A cached] [B cached]
dist_mn node 1: 2^25 = 2^12 x 2^13 over 2 x 4 ranks, 3 primes (rows 512..512; 25165824 + 6710883 limbs at 0, window [19293794, 31876707) of share [19293794, 38587589)): redistribute 0.036 ntt 0.353 crt 0.000 out 0.034 spills+carry 0.002 total 0.421 s [A cached] [B cached]
dist_mn node 0: 2^25 = 2^12 x 2^13 over 2 x 4 ranks, 3 primes (rows 512..512; 25165824 + 6710882 limbs at 6710883, window [0, 12582911) of share [0, 19293794), accumulated): redistribute 0.006 ntt 0.211 crt 0.000 out 0.044 spills+carry 0.010 total 0.272 s [A hit] [B cached]
dist_mn node 0: 25165824 x 13421765 limbs over 2 x 4 ranks (cap 2^25): 1 x 2 pieces, 2 formed, 0 skipped (cache 2 slots: 1 hits, 3 misses)
dist_mn node 1: 2^25 = 2^12 x 2^13 over 2 x 4 ranks, 3 primes (rows 512..512; 25165824 + 6710882 limbs at 6710883, window [12582911, 31876706) of share [19293794, 38587589), accumulated): redistribute 0.006 ntt 0.216 crt 0.000 out 0.040 spills+carry 0.010 total 0.272 s [A hit] [B cached]
dist_mn node 1: 25165824 x 13421765 limbs over 2 x 4 ranks (cap 2^25): 1 x 2 pieces, 2 formed, 0 skipped (cache 2 slots: 1 hits, 3 misses)
dist_mn node 0: 25165824 + 13421765 limbs -> 38587589 (share 19293794): redistribute 0.042 ntt 0.572 crt 0.001 out 0.078 spills+carry 0.012, total 0.695 s
dist_mn node 1: 25165824 + 13421765 limbs -> 38587589 (share 19293795): redistribute 0.042 ntt 0.569 crt 0.001 out 0.074 spills+carry 0.012, total 0.694 s
mdev 3*2^24 (38587589 limbs): repack 0.040 h2d 0.001 fwd 0.008 inv 0.005 d2h 0.038 crt 0.038 total 0.095 s
mdev 3*2^24 (38587589 limbs): repack 0.041 h2d 0.001 fwd 0.009 inv 0.004 d2h 0.037 crt 0.033 total 0.096 s
dist_mn node 0: 2^25 = 2^12 x 2^13 over 2 x 4 ranks, 3 primes (rows 512..512; 25165824 + 6710883 limbs at 0, window [0, 12582913) of share [0, 12582913)): redistribute 0.041 ntt 0.307 crt 0.001 out 0.025 spills+carry 0.002 total 0.360 s [A cached] [B cached]
dist_mn node 1: 2^25 = 2^12 x 2^13 over 2 x 4 ranks, 3 primes (rows 512..512; 25165824 + 6710883 limbs at 0, window [12582913, 25165827) of share [12582913, 25165827)): redistribute 0.041 ntt 0.307 crt 0.001 out 0.024 spills+carry 0.002 total 0.360 s [A cached] [B cached]
dist_mn node 0: 2^25 = 2^12 x 2^13 over 2 x 4 ranks, 3 primes (rows 512..512; 25165824 + 6710882 limbs at 6710883, window [0, 5872030) of share [0, 12582913), accumulated): redistribute 0.008 ntt 0.210 crt 0.000 out 0.020 spills+carry 0.009 total 0.246 s [A hit] [B cached]
dist_mn node 0: 25165824 x 13421765 limbs over 2 x 4 ranks (cap 2^25): 1 x 2 pieces, 2 formed, 0 skipped (low product) (cache 2 slots: 2 hits, 6 misses)
dist_mn node 1: 2^25 = 2^12 x 2^13 over 2 x 4 ranks, 3 primes (rows 512..512; 25165824 + 6710882 limbs at 6710883, window [5872030, 18454944) of share [12582913, 25165827), accumulated): redistribute 0.007 ntt 0.209 crt 0.000 out 0.022 spills+carry 0.009 total 0.246 s [A hit] [B cached]
dist_mn node 1: 25165824 x 13421765 limbs over 2 x 4 ranks (cap 2^25): 1 x 2 pieces, 2 formed, 0 skipped (low product) (cache 2 slots: 2 hits, 6 misses)
dist_mn node 0: 25165824 + 13421765 limbs -> 25165827 (share 12582913): redistribute 0.050 ntt 0.517 crt 0.001 out 0.044 spills+carry 0.011, total 0.637 s
dist_mn node 1: 25165824 + 13421765 limbs -> 25165827 (share 12582914): redistribute 0.048 ntt 0.516 crt 0.001 out 0.045 spills+carry 0.011, total 0.608 s
dist_mn node 0: 2^25 = 2^12 x 2^13 over 2 x 4 ranks, 3 primes (rows 512..512; 16777216 + 13421772 limbs at 0, window [0, 30198988) of share [0, 31876710)): redistribute 0.046 ntt 0.423 crt 0.000 out 0.022 spills+carry 0.002 total 0.480 s [A cached] [B cached]
dist_mn node 1: 2^25 = 2^12 x 2^13 over 2 x 4 ranks, 3 primes (rows 512..512; 16777216 + 13421772 limbs at 0, window [30198988, 30198988) of share [31876710, 63753421)): redistribute 0.044 ntt 0.423 crt 0.000 out 0.023 spills+carry 0.003 total 0.480 s [A cached] [B cached]
dist_mn node 0: 2^25 = 2^12 x 2^13 over 2 x 4 ranks, 3 primes (rows 512..512; 16777216 + 13421772 limbs at 16777216, window [0, 15099494) of share [0, 31876710), accumulated): redistribute 0.017 ntt 0.200 crt 0.000 out 0.038 spills+carry 0.014 total 0.270 s [B hit]
dist_mn node 1: 2^25 = 2^12 x 2^13 over 2 x 4 ranks, 3 primes (rows 512..512; 16777216 + 13421772 limbs at 16777216, window [15099494, 30198988) of share [31876710, 63753421), accumulated): redistribute 0.021 ntt 0.202 crt 0.000 out 0.033 spills+carry 0.014 total 0.270 s [B hit]
dist_mn node 0: 2^25 = 2^12 x 2^13 over 2 x 4 ranks, 3 primes (rows 512..512; 16777216 + 13421772 limbs at 33554432, window [0, 0) of share [0, 31876710), accumulated): redistribute 0.022 ntt 0.207 crt 0.000 out 0.028 spills+carry 0.005 total 0.251 s [B hit]
dist_mn node 1: 2^25 = 2^12 x 2^13 over 2 x 4 ranks, 3 primes (rows 512..512; 16777216 + 13421772 limbs at 33554432, window [0, 30198988) of share [31876710, 63753421), accumulated): redistribute 0.020 ntt 0.205 crt 0.000 out 0.029 spills+carry 0.005 total 0.251 s [B hit]
mdb_add_shifted node 0: 13421769 limbs at 0 into a basis of 63753421 (my window [0, 13421769), 1 rounds of 3355456; slabs 3355442 + 3355442 limbs per APU 0): 0.030 s
dist_mn node 0: 50331648 x 13421772 limbs over 2 x 4 ranks (cap 2^25): 3 x 1 pieces, 3 formed, 0 skipped (cache 2 slots: 4 hits, 8 misses)
mdb_add_shifted node 1: 13421769 limbs at 0 into a basis of 63753421 (my window [31876710, 31876710), 1 rounds of 3355456; slabs 0 + 0 limbs per APU 0): 0.030 s
dist_mn node 1: 50331648 x 13421772 limbs over 2 x 4 ranks (cap 2^25): 3 x 1 pieces, 3 formed, 0 skipped (cache 2 slots: 4 hits, 8 misses)
dist_mn node 0: 50331648 + 13421772 + x limbs -> 63753420 (share 31876710): redistribute 0.085 ntt 0.830 crt 0.001 out 0.088 spills+carry 0.022, total 1.042 s
dist_mn node 1: 50331648 + 13421772 + x limbs -> 63753420 (share 31876711): redistribute 0.085 ntt 0.830 crt 0.001 out 0.084 spills+carry 0.022, total 1.034 s
mdb_add_shifted node 0: 13421769 limbs at 0 into a basis of 63753421 (my window [0, 13421769), 1 rounds of 3355456; slabs 3355442 + 3355442 limbs per APU 0): 0.043 s
mdb_add_shifted node 1: 13421769 limbs at 0 into a basis of 63753421 (my window [31876710, 31876710), 1 rounds of 3355456; slabs 0 + 0 limbs per APU 0): 0.032 s
mdb_add_shifted node 0: 13421769 limbs at 7 into a basis of 63753421 (my window [7, 13421776), 1 rounds of 3355456; slabs 3355442 + 3355442 limbs per APU 0): 0.068 s
mdb_add_shifted node 1: 13421769 limbs at 7 into a basis of 63753421 (my window [31876710, 31876710), 1 rounds of 3355456; slabs 0 + 0 limbs per APU 0): 0.042 s
mdb_add_shifted node 1: 13421769 limbs at 25165824 into a basis of 63753421 (my window [31876710, 38587593), 1 rounds of 1677728; slabs 1677720 + 1677720 limbs per APU 0): 0.010 s
mdb_add_shifted node 0: 13421769 limbs at 25165824 into a basis of 63753421 (my window [25165824, 31876710), 1 rounds of 1677728; slabs 1677721 + 1677721 limbs per APU 0): 0.043 s
mdb_add_shifted node 1: 13421769 limbs at 50331648 into a basis of 63753421 (my window [50331648, 63753417), 1 rounds of 3355456; slabs 0 + 3355442 limbs per APU 0): 0.029 s
mdb_add_shifted node 0: 13421769 limbs at 50331648 into a basis of 63753421 (my window [50331648, 50331648), 1 rounds of 3355456; slabs 3355442 + 0 limbs per APU 0): 0.059 s
dist_mn node 0: 2^25 = 2^12 x 2^13 over 2 x 4 ranks, 3 primes (rows 512..512; 15099494 + 15099494 limbs at 0, window [0, 30198988) of share [0, 30198988)): redistribute 0.028 ntt 0.198 crt 0.000 out 0.023 spills+carry 0.001 total 0.243 s [A cached] [B cached]
dist_mn node 1: 2^25 = 2^12 x 2^13 over 2 x 4 ranks, 3 primes (rows 512..512; 15099494 + 15099494 limbs at 0, window [30198988, 30198988) of share [30198988, 60397976)): redistribute 0.028 ntt 0.199 crt 0.000 out 0.022 spills+carry 0.001 total 0.242 s [A cached] [B cached]
dist_mn node 0: 2^25 = 2^12 x 2^13 over 2 x 4 ranks, 3 primes (rows 512..512; 15099494 + 15099494 limbs at 15099494, window [0, 15099494) of share [0, 30198988), accumulated): redistribute 0.014 ntt 0.219 crt 0.000 out 0.036 spills+carry 0.015 total 0.284 s [B hit]
dist_mn node 1: 2^25 = 2^12 x 2^13 over 2 x 4 ranks, 3 primes (rows 512..512; 15099494 + 15099494 limbs at 15099494, window [15099494, 30198988) of share [30198988, 60397976), accumulated): redistribute 0.015 ntt 0.225 crt 0.000 out 0.029 spills+carry 0.014 total 0.284 s [B hit]
dist_mn node 0: 2^25 = 2^12 x 2^13 over 2 x 4 ranks, 3 primes (rows 512..512; 15099494 + 15099494 limbs at 15099494, window [0, 15099494) of share [0, 30198988), accumulated): redistribute 0.012 ntt 0.230 crt 0.001 out 0.033 spills+carry 0.013 total 0.289 s [A hit] [B cached]
dist_mn node 1: 2^25 = 2^12 x 2^13 over 2 x 4 ranks, 3 primes (rows 512..512; 15099494 + 15099494 limbs at 15099494, window [15099494, 30198988) of share [30198988, 60397976), accumulated): redistribute 0.012 ntt 0.237 crt 0.001 out 0.027 spills+carry 0.013 total 0.289 s [A hit] [B cached]
dbig pool: APU0 hipMalloc 0.06 GB inside the phase (free 0.64 GB in 27 extents, largest 0.06; live 0.25 GB in 16 blocks)
dbig pool: APU1 hipMalloc 0.06 GB inside the phase (free 0.64 GB in 27 extents, largest 0.06; live 0.25 GB in 17 blocks)
dbig pool: APU2 hipMalloc 0.06 GB inside the phase (free 0.65 GB in 28 extents, largest 0.06; live 0.25 GB in 18 blocks)
dbig pool: APU3 hipMalloc 0.06 GB inside the phase (free 0.65 GB in 28 extents, largest 0.06; live 0.25 GB in 19 blocks)
dbig pool: APU0 hipMalloc 0.06 GB inside the phase (free 0.61 GB in 25 extents, largest 0.06; live 0.34 GB in 28 blocks)
dbig pool: APU1 hipMalloc 0.06 GB inside the phase (free 0.61 GB in 25 extents, largest 0.06; live 0.34 GB in 29 blocks)
dbig pool: APU2 hipMalloc 0.06 GB inside the phase (free 0.61 GB in 26 extents, largest 0.06; live 0.34 GB in 30 blocks)
dbig pool: APU3 hipMalloc 0.06 GB inside the phase (free 0.61 GB in 26 extents, largest 0.06; live 0.34 GB in 31 blocks)
dist_mn node 0: 2^25 = 2^12 x 2^13 over 2 x 4 ranks, 3 primes (rows 512..512; 15099494 + 15099494 limbs at 30198988, window [0, 0) of share [0, 30198988), accumulated): redistribute 0.029 ntt 0.247 crt 0.000 out 0.030 spills+carry 0.002 total 0.299 s [B hit]
dist_mn node 0: 30198988 x 30198988 limbs over 2 x 4 ranks (cap 2^25): 2 x 2 pieces, 4 formed, 0 skipped (cache 2 slots: 7 hits, 11 misses)
dist_mn node 1: 2^25 = 2^12 x 2^13 over 2 x 4 ranks, 3 primes (rows 512..512; 15099494 + 15099494 limbs at 30198988, window [0, 30198988) of share [30198988, 60397976), accumulated): redistribute 0.013 ntt 0.241 crt 0.000 out 0.026 spills+carry 0.002 total 0.299 s [B hit]
dist_mn node 1: 30198988 x 30198988 limbs over 2 x 4 ranks (cap 2^25): 2 x 2 pieces, 4 formed, 0 skipped (cache 2 slots: 7 hits, 11 misses)
dist_mn node 0: 30198988 + 30198988 limbs -> 60397976 (share 30198988): redistribute 0.083 ntt 0.893 crt 0.002 out 0.121 spills+carry 0.030, total 1.514 s
dist_mn node 1: 30198988 + 30198988 limbs -> 60397976 (share 30198988): redistribute 0.067 ntt 0.901 crt 0.002 out 0.104 spills+carry 0.030, total 1.118 s
mdev 2^26 (60397976 limbs): repack 0.052 h2d 0.001 fwd 0.011 inv 0.005 d2h 0.027 crt 0.035 total 0.103 s
mdev 2^26 (60397976 limbs): repack 0.055 h2d 0.001 fwd 0.010 inv 0.005 d2h 0.026 crt 0.030 total 0.103 s
   subgroups 30198988 x 30198988: 1.71 s
dist_mn node 0: 2^25 = 2^12 x 2^13 over 2 x 4 ranks, 3 primes (rows 512..512; 15099494 + 15099494 limbs at 0, window [0, 30198988) of share [0, 30198988)): redistribute 0.068 ntt 0.365 crt 0.000 out 0.026 spills+carry 0.001 total 0.437 s [A cached] [B cached]
dist_mn node 1: 2^25 = 2^12 x 2^13 over 2 x 4 ranks, 3 primes (rows 512..512; 15099494 + 15099494 limbs at 0, window [30198988, 30198988) of share [30198988, 60397977)): redistribute 0.068 ntt 0.368 crt 0.000 out 0.023 spills+carry 0.001 total 0.438 s [A cached] [B cached]
dist_mn node 0: 2^25 = 2^12 x 2^13 over 2 x 4 ranks, 3 primes (rows 512..512; 15099494 + 15099494 limbs at 15099494, window [0, 15099494) of share [0, 30198988), accumulated): redistribute 0.012 ntt 0.221 crt 0.000 out 0.024 spills+carry 0.014 total 0.272 s [B hit]
dist_mn node 1: 2^25 = 2^12 x 2^13 over 2 x 4 ranks, 3 primes (rows 512..512; 15099494 + 15099494 limbs at 15099494, window [15099494, 30198988) of share [30198988, 60397977), accumulated): redistribute 0.017 ntt 0.218 crt 0.000 out 0.027 spills+carry 0.014 total 0.272 s [B hit]
dist_mn node 0: 2^25 = 2^12 x 2^13 over 2 x 4 ranks, 3 primes (rows 512..512; 15099494 + 15099494 limbs at 15099494, window [0, 15099494) of share [0, 30198988), accumulated): redistribute 0.013 ntt 0.203 crt 0.001 out 0.030 spills+carry 0.014 total 0.260 s [A hit] [B cached]
dist_mn node 1: 2^25 = 2^12 x 2^13 over 2 x 4 ranks, 3 primes (rows 512..512; 15099494 + 15099494 limbs at 15099494, window [15099494, 30198988) of share [30198988, 60397977), accumulated): redistribute 0.013 ntt 0.208 crt 0.001 out 0.026 spills+carry 0.014 total 0.260 s [A hit] [B cached]
dist_mn node 0: 2^25 = 2^12 x 2^13 over 2 x 4 ranks, 3 primes (rows 512..512; 15099494 + 15099494 limbs at 30198988, window [0, 0) of share [0, 30198988), accumulated): redistribute 0.020 ntt 0.233 crt 0.000 out 0.028 spills+carry 0.002 total 0.277 s [B hit]
dist_mn node 1: 2^25 = 2^12 x 2^13 over 2 x 4 ranks, 3 primes (rows 512..512; 15099494 + 15099494 limbs at 30198988, window [0, 30198988) of share [30198988, 60397977), accumulated): redistribute 0.020 ntt 0.230 crt 0.000 out 0.025 spills+carry 0.002 total 0.277 s [B hit]
dbig pool: APU3 hipMalloc 0.06 GB inside the phase (free 0.55 GB in 25 extents, largest 0.06; live 0.24 GB in 18 blocks)
dbig pool: APU2 hipMalloc 0.06 GB inside the phase (free 0.55 GB in 25 extents, largest 0.06; live 0.24 GB in 24 blocks)
mdb_add_shifted node 0: 30198985 limbs at 0 into a basis of 60397977 (my window [0, 30198985), 1 rounds of 7549760; slabs 0 + 7549746 limbs per APU 0): 0.045 s
dist_mn node 0: 30198988 x 30198988 limbs over 2 x 4 ranks (cap 2^25): 2 x 2 pieces, 4 formed, 0 skipped (cache 2 slots: 10 hits, 14 misses)
mdb_add_shifted node 1: 30198985 limbs at 0 into a basis of 60397977 (my window [30198988, 30198988), 1 rounds of 7549760; slabs 7549746 + 0 limbs per APU 0): 0.045 s
dist_mn node 1: 30198988 x 30198988 limbs over 2 x 4 ranks (cap 2^25): 2 x 2 pieces, 4 formed, 0 skipped (cache 2 slots: 10 hits, 14 misses)
dist_mn node 0: 30198988 + 30198988 + x limbs -> 60397976 (share 30198988): redistribute 0.113 ntt 1.022 crt 0.002 out 0.108 spills+carry 0.030, total 1.306 s
dist_mn node 1: 30198988 + 30198988 + x limbs -> 60397976 (share 30198989): redistribute 0.119 ntt 1.024 crt 0.002 out 0.101 spills+carry 0.030, total 1.294 s
dist_mn node 0: 2^25 = 2^12 x 2^13 over 2 x 4 ranks, 3 primes (rows 512..512; 15099494 + 15099494 limbs at 0, window [0, 15099495) of share [0, 15099495)): redistribute 0.068 ntt 0.385 crt 0.000 out 0.021 spills+carry 0.001 total 0.440 s [A cached] [B cached]
dist_mn node 1: 2^25 = 2^12 x 2^13 over 2 x 4 ranks, 3 primes (rows 512..512; 15099494 + 15099494 limbs at 0, window [15099495, 30198988) of share [15099495, 30198990)): redistribute 0.069 ntt 0.383 crt 0.000 out 0.026 spills+carry 0.001 total 0.440 s [A cached] [B cached]
dist_mn node 0: 2^25 = 2^12 x 2^13 over 2 x 4 ranks, 3 primes (rows 512..512; 15099494 + 15099494 limbs at 15099494, window [0, 1) of share [0, 15099495), accumulated): redistribute 0.019 ntt 0.232 crt 0.000 out 0.014 spills+carry 0.001 total 0.267 s [B hit]
dist_mn node 1: 2^25 = 2^12 x 2^13 over 2 x 4 ranks, 3 primes (rows 512..512; 15099494 + 15099494 limbs at 15099494, window [1, 15099496) of share [15099495, 30198990), accumulated): redistribute 0.024 ntt 0.226 crt 0.000 out 0.015 spills+carry 0.001 total 0.267 s [B hit]
dist_mn node 0: 2^25 = 2^12 x 2^13 over 2 x 4 ranks, 3 primes (rows 512..512; 15099494 + 15099494 limbs at 15099494, window [0, 1) of share [0, 15099495), accumulated): redistribute 0.018 ntt 0.232 crt 0.000 out 0.015 spills+carry 0.002 total 0.267 s [A hit] [B cached]
dist_mn node 1: 2^25 = 2^12 x 2^13 over 2 x 4 ranks, 3 primes (rows 512..512; 15099494 + 15099494 limbs at 15099494, window [1, 15099496) of share [15099495, 30198990), accumulated): redistribute 0.018 ntt 0.229 crt 0.000 out 0.018 spills+carry 0.001 total 0.267 s [A hit] [B cached]
dist_mn node 0: 2^25 = 2^12 x 2^13 over 2 x 4 ranks, 3 primes (rows 512..512; 15099494 + 15099494 limbs at 30198988, window [0, 0) of share [0, 15099495), accumulated): redistribute 0.018 ntt 0.265 crt 0.000 out 0.006 spills+carry 0.001 total 0.290 s [B hit]
dist_mn node 0: 30198988 x 30198988 limbs over 2 x 4 ranks (cap 2^25): 2 x 2 pieces, 4 formed, 0 skipped (low product) (cache 2 slots: 13 hits, 17 misses)
dist_mn node 1: 2^25 = 2^12 x 2^13 over 2 x 4 ranks, 3 primes (rows 512..512; 15099494 + 15099494 limbs at 30198988, window [0, 2) of share [15099495, 30198990), accumulated): redistribute 0.031 ntt 0.265 crt 0.000 out 0.001 spills+carry 0.001 total 0.290 s [B hit]
dist_mn node 1: 30198988 x 30198988 limbs over 2 x 4 ranks (cap 2^25): 2 x 2 pieces, 4 formed, 0 skipped (low product) (cache 2 slots: 13 hits, 17 misses)
dist_mn node 0: 30198988 + 30198988 limbs -> 30198990 (share 15099495): redistribute 0.124 ntt 1.113 crt 0.002 out 0.055 spills+carry 0.004, total 1.265 s
dist_mn node 1: 30198988 + 30198988 limbs -> 30198990 (share 15099495): redistribute 0.142 ntt 1.102 crt 0.002 out 0.060 spills+carry 0.004, total 1.265 s
dist_mn node 0: 2^25 = 2^12 x 2^13 over 2 x 4 ranks, 3 primes (rows 512..512; 15099495 + 15099495 limbs at 0, window [0, 7549747) of share [0, 7549747)): redistribute 0.035 ntt 0.392 crt 0.001 out 0.022 spills+carry 0.000 total 0.447 s
dist_mn node 0: 15099495 x 15099495 limbs over 2 x 4 ranks (cap 2^25): 1 x 1 pieces, 1 formed, 0 skipped (low product) (cache 0 slots: 13 hits, 17 misses)
dist_mn node 1: 2^25 = 2^12 x 2^13 over 2 x 4 ranks, 3 primes (rows 512..512; 15099495 + 15099495 limbs at 0, window [7549747, 15099495) of share [7549747, 15099495)): redistribute 0.030 ntt 0.404 crt 0.001 out 0.017 spills+carry 0.000 total 0.447 s
dist_mn node 1: 15099495 x 15099495 limbs over 2 x 4 ranks (cap 2^25): 1 x 1 pieces, 1 formed, 0 skipped (low product) (cache 0 slots: 13 hits, 17 misses)
dist_mn node 0: 15099495 + 15099495 limbs -> 15099495 (share 7549747): redistribute 0.035 ntt 0.392 crt 0.001 out 0.022 spills+carry 0.000, total 0.447 s
dist_mn node 1: 15099495 + 15099495 limbs -> 15099495 (share 7549748): redistribute 0.030 ntt 0.404 crt 0.001 out 0.017 spills+carry 0.000, total 0.447 s
dist_mn node 0: 2^25 = 2^12 x 2^13 over 2 x 4 ranks, 3 primes (rows 512..512; 15099494 + 15099494 limbs at 0, window [0, 30198987) of share [0, 30198987)): redistribute 0.069 ntt 0.438 crt 0.000 out 0.019 spills+carry 0.001 total 0.496 s [A cached] [B cached]
dist_mn node 1: 2^25 = 2^12 x 2^13 over 2 x 4 ranks, 3 primes (rows 512..512; 15099494 + 15099494 limbs at 0, window [30198987, 30198988) of share [30198987, 60397975)): redistribute 0.070 ntt 0.438 crt 0.000 out 0.023 spills+carry 0.001 total 0.497 s [A cached] [B cached]
dist_mn node 0: 2^25 = 2^12 x 2^13 over 2 x 4 ranks, 3 primes (rows 512..512; 15099494 + 15099494 limbs at 15099494, window [0, 15099493) of share [0, 30198987), accumulated): redistribute 0.025 ntt 0.249 crt 0.000 out 0.033 spills+carry 0.014 total 0.311 s [B hit]
dist_mn node 1: 2^25 = 2^12 x 2^13 over 2 x 4 ranks, 3 primes (rows 512..512; 15099494 + 15099494 limbs at 15099494, window [15099493, 30198988) of share [30198987, 60397975), accumulated): redistribute 0.025 ntt 0.249 crt 0.000 out 0.027 spills+carry 0.014 total 0.311 s [B hit]
dist_mn node 0: 2^25 = 2^12 x 2^13 over 2 x 4 ranks, 3 primes (rows 512..512; 15099494 + 15099494 limbs at 15099494, window [0, 15099493) of share [0, 30198987), accumulated): redistribute 0.014 ntt 0.246 crt 0.000 out 0.026 spills+carry 0.014 total 0.300 s [A hit] [B cached]
dist_mn node 1: 2^25 = 2^12 x 2^13 over 2 x 4 ranks, 3 primes (rows 512..512; 15099494 + 15099494 limbs at 15099494, window [15099493, 30198988) of share [30198987, 60397975), accumulated): redistribute 0.014 ntt 0.248 crt 0.000 out 0.024 spills+carry 0.014 total 0.300 s [A hit] [B cached]
dist_mn node 0: 2^25 = 2^12 x 2^13 over 2 x 4 ranks, 3 primes (rows 512..512; 15099494 + 15099494 limbs at 30198988, window [0, 0) of share [0, 30198987), accumulated): redistribute 0.018 ntt 0.237 crt 0.000 out 0.023 spills+carry 0.002 total 0.279 s [B hit]
dist_mn node 0: 30198988 x 30198988 limbs over 2 x 4 ranks (cap 2^25): 2 x 2 pieces, 4 formed, 0 skipped (low product) (cache 2 slots: 16 hits, 20 misses)
dist_mn node 1: 2^25 = 2^12 x 2^13 over 2 x 4 ranks, 3 primes (rows 512..512; 15099494 + 15099494 limbs at 30198988, window [0, 30198987) of share [30198987, 60397975), accumulated): redistribute 0.020 ntt 0.235 crt 0.000 out 0.024 spills+carry 0.002 total 0.279 s [B hit]
dist_mn node 1: 30198988 x 30198988 limbs over 2 x 4 ranks (cap 2^25): 2 x 2 pieces, 4 formed, 0 skipped (low product) (cache 2 slots: 16 hits, 20 misses)
dist_mn node 0: 30198988 + 30198988 limbs -> 60397975 (share 30198987): redistribute 0.126 ntt 1.171 crt 0.002 out 0.101 spills+carry 0.031, total 1.389 s
dist_mn node 1: 30198988 + 30198988 limbs -> 60397975 (share 30198988): redistribute 0.129 ntt 1.170 crt 0.002 out 0.097 spills+carry 0.031, total 1.389 s
dist_mn node 0: 2^25 = 2^12 x 2^13 over 2 x 4 ranks, 3 primes (rows 512..512; 15099494 + 15099494 limbs at 15099494, window [0, 15099494) of share [0, 30198988), accumulated): redistribute 0.061 ntt 0.417 crt 0.001 out 0.029 spills+carry 0.013 total 0.495 s [B cached]
dist_mn node 1: 2^25 = 2^12 x 2^13 over 2 x 4 ranks, 3 primes (rows 512..512; 15099494 + 15099494 limbs at 15099494, window [15099494, 30198988) of share [30198988, 60397976), accumulated): redistribute 0.060 ntt 0.418 crt 0.001 out 0.029 spills+carry 0.013 total 0.495 s [B cached]
dist_mn node 0: 2^25 = 2^12 x 2^13 over 2 x 4 ranks, 3 primes (rows 512..512; 15099494 + 15099494 limbs at 15099494, window [0, 15099494) of share [0, 30198988), accumulated): redistribute 0.031 ntt 0.389 crt 0.000 out 0.029 spills+carry 0.013 total 0.463 s [A cached] [B cached]
dist_mn node 1: 2^25 = 2^12 x 2^13 over 2 x 4 ranks, 3 primes (rows 512..512; 15099494 + 15099494 limbs at 15099494, window [15099494, 30198988) of share [30198988, 60397976), accumulated): redistribute 0.030 ntt 0.390 crt 0.000 out 0.032 spills+carry 0.013 total 0.463 s [A cached] [B cached]
dist_mn node 0: 2^25 = 2^12 x 2^13 over 2 x 4 ranks, 3 primes (rows 512..512; 15099494 + 15099494 limbs at 30198988, window [0, 0) of share [0, 30198988), accumulated): redistribute 0.014 ntt 0.241 crt 0.000 out 0.030 spills+carry 0.002 total 0.285 s [B hit]
dist_mn node 0: 30198988 x 30198988 limbs over 2 x 4 ranks (cap 2^25): 2 x 2 pieces, 3 formed, 1 skipped (low cut) (cache 2 slots: 17 hits, 23 misses)
dist_mn node 1: 2^25 = 2^12 x 2^13 over 2 x 4 ranks, 3 primes (rows 512..512; 15099494 + 15099494 limbs at 30198988, window [0, 30198988) of share [30198988, 60397976), accumulated): redistribute 0.014 ntt 0.246 crt 0.000 out 0.026 spills+carry 0.002 total 0.285 s [B hit]
dist_mn node 1: 30198988 x 30198988 limbs over 2 x 4 ranks (cap 2^25): 2 x 2 pieces, 3 formed, 1 skipped (low cut) (cache 2 slots: 17 hits, 23 misses)
dist_mn node 0: 30198988 + 30198988 limbs -> 60397976 (share 30198988): redistribute 0.107 ntt 1.048 crt 0.001 out 0.088 spills+carry 0.028, total 1.243 s
dist_mn node 1: 30198988 + 30198988 limbs -> 60397976 (share 30198988): redistribute 0.104 ntt 1.053 crt 0.002 out 0.086 spills+carry 0.028, total 1.243 s
mdev 2^25 (30198988 limbs): repack 0.032 h2d 0.001 fwd 0.003 inv 0.002 d2h 0.020 crt 0.022 total 0.062 s
mdev 2^25 (30198988 limbs): repack 0.032 h2d 0.001 fwd 0.005 inv 0.001 d2h 0.018 crt 0.018 total 0.060 s
dist_mn node 0: 2^25 = 2^12 x 2^13 over 2 x 4 ranks, 3 primes (rows 512..512; 15099494 + 15099494 limbs at 15099494, window [0, 15099493) of share [0, 30198987), accumulated): redistribute 0.095 ntt 0.442 crt 0.000 out 0.034 spills+carry 0.014 total 0.522 s [B cached]
dist_mn node 1: 2^25 = 2^12 x 2^13 over 2 x 4 ranks, 3 primes (rows 512..512; 15099494 + 15099494 limbs at 15099494, window [15099493, 30198988) of share [30198987, 60397975), accumulated): redistribute 0.094 ntt 0.441 crt 0.000 out 0.040 spills+carry 0.014 total 0.522 s [B cached]
dist_mn node 0: 2^25 = 2^12 x 2^13 over 2 x 4 ranks, 3 primes (rows 512..512; 15099494 + 15099494 limbs at 15099494, window [0, 15099493) of share [0, 30198987), accumulated): redistribute 0.030 ntt 0.336 crt 0.000 out 0.043 spills+carry 0.013 total 0.423 s [A cached] [B cached]
dist_mn node 1: 2^25 = 2^12 x 2^13 over 2 x 4 ranks, 3 primes (rows 512..512; 15099494 + 15099494 limbs at 15099494, window [15099493, 30198988) of share [30198987, 60397975), accumulated): redistribute 0.030 ntt 0.335 crt 0.000 out 0.045 spills+carry 0.013 total 0.423 s [A cached] [B cached]
dist_mn node 0: 2^25 = 2^12 x 2^13 over 2 x 4 ranks, 3 primes (rows 512..512; 15099494 + 15099494 limbs at 30198988, window [0, 0) of share [0, 30198987), accumulated): redistribute 0.016 ntt 0.229 crt 0.000 out 0.023 spills+carry 0.002 total 0.269 s [B hit]
dist_mn node 0: 30198988 x 30198988 limbs over 2 x 4 ranks (cap 2^25): 2 x 2 pieces, 3 formed, 1 skipped (low product) (low cut) (cache 2 slots: 18 hits, 26 misses)
dist_mn node 1: 2^25 = 2^12 x 2^13 over 2 x 4 ranks, 3 primes (rows 512..512; 15099494 + 15099494 limbs at 30198988, window [0, 30198987) of share [30198987, 60397975), accumulated): redistribute 0.016 ntt 0.232 crt 0.000 out 0.023 spills+carry 0.002 total 0.269 s [B hit]
dist_mn node 1: 30198988 x 30198988 limbs over 2 x 4 ranks (cap 2^25): 2 x 2 pieces, 3 formed, 1 skipped (low product) (low cut) (cache 2 slots: 18 hits, 26 misses)
dist_mn node 0: 30198988 + 30198988 limbs -> 60397975 (share 30198987): redistribute 0.141 ntt 1.007 crt 0.001 out 0.101 spills+carry 0.029, total 1.216 s
dist_mn node 1: 30198988 + 30198988 limbs -> 60397975 (share 30198988): redistribute 0.139 ntt 1.007 crt 0.001 out 0.107 spills+carry 0.029, total 1.217 s
mdev 2^25 (30198988 limbs): repack 0.027 h2d 0.001 fwd 0.003 inv 0.002 d2h 0.012 crt 0.012 total 0.048 s
mdev 2^25 (30198988 limbs): repack 0.032 h2d 0.001 fwd 0.003 inv 0.001 d2h 0.023 crt 0.009 total 0.055 s
dist_mn node 0: 2^25 = 2^12 x 2^13 over 2 x 4 ranks, 3 primes (rows 512..512; 15099494 + 15099494 limbs at 0, window [0, 30198988) of share [0, 30198988)): redistribute 0.049 ntt 0.400 crt 0.000 out 0.022 spills+carry 0.001 total 0.453 s [A cached] [B cached]
dist_mn node 1: 2^25 = 2^12 x 2^13 over 2 x 4 ranks, 3 primes (rows 512..512; 15099494 + 15099494 limbs at 0, window [30198988, 30198988) of share [30198988, 60397976)): redistribute 0.049 ntt 0.397 crt 0.000 out 0.024 spills+carry 0.001 total 0.453 s [A cached] [B cached]
dist_mn node 0: 2^25 = 2^12 x 2^13 over 2 x 4 ranks, 3 primes (rows 512..512; 15099494 + 15099494 limbs at 15099494, window [0, 15099494) of share [0, 30198988), accumulated): redistribute 0.014 ntt 0.208 crt 0.000 out 0.026 spills+carry 0.013 total 0.262 s [B hit]
dist_mn node 1: 2^25 = 2^12 x 2^13 over 2 x 4 ranks, 3 primes (rows 512..512; 15099494 + 15099494 limbs at 15099494, window [15099494, 30198988) of share [30198988, 60397976), accumulated): redistribute 0.014 ntt 0.202 crt 0.000 out 0.032 spills+carry 0.014 total 0.262 s [B hit]
dist_mn node 0: 2^25 = 2^12 x 2^13 over 2 x 4 ranks, 3 primes (rows 512..512; 15099494 + 15099494 limbs at 15099494, window [0, 15099494) of share [0, 30198988), accumulated): redistribute 0.019 ntt 0.255 crt 0.000 out 0.028 spills+carry 0.014 total 0.311 s [A hit] [B cached]
dist_mn node 1: 2^25 = 2^12 x 2^13 over 2 x 4 ranks, 3 primes (rows 512..512; 15099494 + 15099494 limbs at 15099494, window [15099494, 30198988) of share [30198988, 60397976), accumulated): redistribute 0.019 ntt 0.256 crt 0.000 out 0.027 spills+carry 0.014 total 0.311 s [A hit] [B cached]
dist_mn node 0: 2^25 = 2^12 x 2^13 over 2 x 4 ranks, 3 primes (rows 512..512; 15099494 + 15099494 limbs at 30198988, window [0, 0) of share [0, 30198988), accumulated): redistribute 0.012 ntt 0.227 crt 0.000 out 0.038 spills+carry 0.003 total 0.269 s [B hit]
dist_mn node 0: 30198988 x 30198988 limbs over 2 x 4 ranks (cap 2^25): 2 x 2 pieces, 4 formed, 0 skipped (low cut) (cache 2 slots: 21 hits, 29 misses)
dist_mn node 1: 2^25 = 2^12 x 2^13 over 2 x 4 ranks, 3 primes (rows 512..512; 15099494 + 15099494 limbs at 30198988, window [0, 30198988) of share [30198988, 60397976), accumulated): redistribute 0.013 ntt 0.221 crt 0.000 out 0.036 spills+carry 0.002 total 0.269 s [B hit]
dist_mn node 1: 30198988 x 30198988 limbs over 2 x 4 ranks (cap 2^25): 2 x 2 pieces, 4 formed, 0 skipped (low cut) (cache 2 slots: 21 hits, 29 misses)
dist_mn node 0: 30198988 + 30198988 limbs -> 60397976 (share 30198988): redistribute 0.095 ntt 1.091 crt 0.002 out 0.113 spills+carry 0.031, total 1.297 s
dist_mn node 1: 30198988 + 30198988 limbs -> 60397976 (share 30198988): redistribute 0.094 ntt 1.075 crt 0.002 out 0.119 spills+carry 0.031, total 1.297 s
dist_mn node 0: 2^25 = 2^12 x 2^13 over 2 x 4 ranks, 3 primes (rows 512..512; 15099494 + 15099494 limbs at 0, window [0, 30198987) of share [0, 30198987)): redistribute 0.058 ntt 0.407 crt 0.000 out 0.027 spills+carry 0.001 total 0.476 s [A cached] [B cached]
dist_mn node 1: 2^25 = 2^12 x 2^13 over 2 x 4 ranks, 3 primes (rows 512..512; 15099494 + 15099494 limbs at 0, window [30198987, 30198988) of share [30198987, 60397975)): redistribute 0.059 ntt 0.407 crt 0.000 out 0.029 spills+carry 0.001 total 0.476 s [A cached] [B cached]
dist_mn node 0: 2^25 = 2^12 x 2^13 over 2 x 4 ranks, 3 primes (rows 512..512; 15099494 + 15099494 limbs at 15099494, window [0, 15099493) of share [0, 30198987), accumulated): redistribute 0.016 ntt 0.234 crt 0.000 out 0.034 spills+carry 0.013 total 0.298 s [B hit]
dist_mn node 1: 2^25 = 2^12 x 2^13 over 2 x 4 ranks, 3 primes (rows 512..512; 15099494 + 15099494 limbs at 15099494, window [15099493, 30198988) of share [30198987, 60397975), accumulated): redistribute 0.017 ntt 0.228 crt 0.000 out 0.040 spills+carry 0.013 total 0.298 s [B hit]
dist_mn node 0: 2^25 = 2^12 x 2^13 over 2 x 4 ranks, 3 primes (rows 512..512; 15099494 + 15099494 limbs at 15099494, window [0, 15099493) of share [0, 30198987), accumulated): redistribute 0.020 ntt 0.224 crt 0.000 out 0.034 spills+carry 0.014 total 0.288 s [A hit] [B cached]
dist_mn node 1: 2^25 = 2^12 x 2^13 over 2 x 4 ranks, 3 primes (rows 512..512; 15099494 + 15099494 limbs at 15099494, window [15099493, 30198988) of share [30198987, 60397975), accumulated): redistribute 0.020 ntt 0.227 crt 0.000 out 0.028 spills+carry 0.014 total 0.288 s [A hit] [B cached]
dist_mn node 0: 2^25 = 2^12 x 2^13 over 2 x 4 ranks, 3 primes (rows 512..512; 15099494 + 15099494 limbs at 30198988, window [0, 0) of share [0, 30198987), accumulated): redistribute 0.014 ntt 0.236 crt 0.000 out 0.032 spills+carry 0.002 total 0.282 s [B hit]
dist_mn node 0: 30198988 x 30198988 limbs over 2 x 4 ranks (cap 2^25): 2 x 2 pieces, 4 formed, 0 skipped (low product) (low cut) (cache 2 slots: 24 hits, 32 misses)
dist_mn node 1: 2^25 = 2^12 x 2^13 over 2 x 4 ranks, 3 primes (rows 512..512; 15099494 + 15099494 limbs at 30198988, window [0, 30198987) of share [30198987, 60397975), accumulated): redistribute 0.015 ntt 0.241 crt 0.000 out 0.034 spills+carry 0.002 total 0.282 s [B hit]
dist_mn node 1: 30198988 x 30198988 limbs over 2 x 4 ranks (cap 2^25): 2 x 2 pieces, 4 formed, 0 skipped (low product) (low cut) (cache 2 slots: 24 hits, 32 misses)
dist_mn node 0: 30198988 + 30198988 limbs -> 60397975 (share 30198987): redistribute 0.109 ntt 1.101 crt 0.002 out 0.127 spills+carry 0.029, total 1.346 s
dist_mn node 1: 30198988 + 30198988 limbs -> 60397975 (share 30198988): redistribute 0.111 ntt 1.103 crt 0.002 out 0.131 spills+carry 0.029, total 1.346 s
dist_mn node 0: 30198988 x 30198988 limbs over 2 x 4 ranks (cap 2^25): 2 x 2 pieces, 0 formed, 4 skipped (low cut) (cache 2 slots: 24 hits, 32 misses)
dist_mn node 1: 30198988 x 30198988 limbs over 2 x 4 ranks (cap 2^25): 2 x 2 pieces, 0 formed, 4 skipped (low cut) (cache 2 slots: 24 hits, 32 misses)
dist_mn node 1: 30198988 + 30198988 limbs -> 0 (share 30198988): redistribute 0.000 ntt 0.000 crt 0.000 out 0.000 spills+carry 0.000, total 0.001 s
dist_mn node 0: 30198988 + 30198988 limbs -> 0 (share 30198988): redistribute 0.000 ntt 0.000 crt 0.000 out 0.000 spills+carry 0.000, total 0.006 s
mdev 2^25 (30198988 limbs): repack 0.020 h2d 0.001 fwd 0.003 inv 0.001 d2h 0.017 crt 0.005 total 0.044 s
mdev 2^25 (30198988 limbs): repack 0.033 h2d 0.001 fwd 0.003 inv 0.001 d2h 0.032 crt 0.028 total 0.077 s
mdev 2^25 (30198988 limbs): repack 0.035 h2d 0.001 fwd 0.003 inv 0.001 d2h 0.041 crt 0.021 total 0.084 s
mdev 2^25 (30198988 limbs): repack 0.032 h2d 0.001 fwd 0.003 inv 0.001 d2h 0.059 crt 0.018 total 0.104 s
mdev 2^25 (30198988 limbs): repack 0.021 h2d 0.001 fwd 0.003 inv 0.001 d2h 0.017 crt 0.005 total 0.045 s
mdev 2^25 (30198988 limbs): repack 0.037 h2d 0.001 fwd 0.005 inv 0.002 d2h 0.030 crt 0.029 total 0.076 s
mdev 2^25 (30198988 limbs): repack 0.038 h2d 0.001 fwd 0.003 inv 0.003 d2h 0.050 crt 0.032 total 0.100 s
mdev 2^25 (30198988 limbs): repack 0.026 h2d 0.002 fwd 0.003 inv 0.001 d2h 0.045 crt 0.017 total 0.080 s
dist_mn node 0: 30198988 x 30198988 limbs over 2 x 4 ranks (cap 2^25): 2 x 2 pieces, 0 formed, 4 skipped (low product) (low cut) (cache 2 slots: 24 hits, 32 misses)
dist_mn node 1: 30198988 x 30198988 limbs over 2 x 4 ranks (cap 2^25): 2 x 2 pieces, 0 formed, 4 skipped (low product) (low cut) (cache 2 slots: 24 hits, 32 misses)
dist_mn node 0: 30198988 + 30198988 limbs -> 0 (share 30198987): redistribute 0.000 ntt 0.000 crt 0.000 out 0.000 spills+carry 0.000, total 0.001 s
dist_mn node 1: 30198988 + 30198988 limbs -> 0 (share 30198988): redistribute 0.000 ntt 0.000 crt 0.000 out 0.000 spills+carry 0.000, total 0.001 s
mdev 2^25 (30198988 limbs): repack 0.024 h2d 0.001 fwd 0.003 inv 0.001 d2h 0.021 crt 0.014 total 0.052 s
mdev 2^25 (30198988 limbs): repack 0.033 h2d 0.001 fwd 0.004 inv 0.002 d2h 0.021 crt 0.020 total 0.069 s
mdev 2^25 (30198988 limbs): repack 0.033 h2d 0.001 fwd 0.005 inv 0.001 d2h 0.033 crt 0.011 total 0.078 s
mdev 2^25 (30198988 limbs): repack 0.028 h2d 0.001 fwd 0.003 inv 0.001 d2h 0.051 crt 0.022 total 0.096 s
mdev 2^25 (30198988 limbs): repack 0.022 h2d 0.001 fwd 0.003 inv 0.001 d2h 0.014 crt 0.010 total 0.044 s
mdev 2^25 (30198988 limbs): repack 0.037 h2d 0.001 fwd 0.003 inv 0.001 d2h 0.018 crt 0.020 total 0.064 s
mdev 2^25 (30198988 limbs): repack 0.025 h2d 0.001 fwd 0.003 inv 0.001 d2h 0.015 crt 0.009 total 0.047 s
mdev 2^25 (30198988 limbs): repack 0.041 h2d 0.001 fwd 0.003 inv 0.001 d2h 0.017 crt 0.025 total 0.065 s
dist_mn node 0: 2^25 = 2^12 x 2^13 over 2 x 4 ranks, 3 primes (rows 512..512; 15099494 + 15099494 limbs at 0, window [0, 30198988) of share [0, 30198988)): redistribute 0.060 ntt 0.360 crt 0.000 out 0.020 spills+carry 0.001 total 0.411 s [B cached]
dist_mn node 1: 2^25 = 2^12 x 2^13 over 2 x 4 ranks, 3 primes (rows 512..512; 15099494 + 15099494 limbs at 0, window [30198988, 30198988) of share [30198988, 60397976)): redistribute 0.060 ntt 0.358 crt 0.000 out 0.023 spills+carry 0.001 total 0.411 s [B cached]
dist_mn node 0: 2^25 = 2^12 x 2^13 over 2 x 4 ranks, 3 primes (rows 512..512; 15099494 + 15099494 limbs at 15099494, window [0, 15099494) of share [0, 30198988), accumulated): redistribute 0.011 ntt 0.216 crt 0.001 out 0.032 spills+carry 0.013 total 0.271 s [B hit]
dist_mn node 1: 2^25 = 2^12 x 2^13 over 2 x 4 ranks, 3 primes (rows 512..512; 15099494 + 15099494 limbs at 15099494, window [15099494, 30198988) of share [30198988, 60397976), accumulated): redistribute 0.012 ntt 0.219 crt 0.001 out 0.028 spills+carry 0.013 total 0.271 s [B hit]
dist_mn node 0: 2^25 = 2^12 x 2^13 over 2 x 4 ranks, 3 primes (rows 512..512; 15099494 + 15099494 limbs at 15099494, window [0, 15099494) of share [0, 30198988), accumulated): redistribute 0.027 ntt 0.326 crt 0.000 out 0.032 spills+carry 0.014 total 0.396 s [B cached]
dist_mn node 1: 2^25 = 2^12 x 2^13 over 2 x 4 ranks, 3 primes (rows 512..512; 15099494 + 15099494 limbs at 15099494, window [15099494, 30198988) of share [30198988, 60397976), accumulated): redistribute 0.027 ntt 0.328 crt 0.000 out 0.029 spills+carry 0.014 total 0.396 s [B cached]
dist_mn node 0: 2^25 = 2^12 x 2^13 over 2 x 4 ranks, 3 primes (rows 512..512; 15099494 + 15099494 limbs at 30198988, window [0, 0) of share [0, 30198988), accumulated): redistribute 0.025 ntt 0.228 crt 0.000 out 0.027 spills+carry 0.002 total 0.263 s [B hit]
dist_mn node 0: 30198988 x 30198988 limbs over 2 x 4 ranks (cap 2^25): 2 x 2 pieces, 4 formed, 0 skipped (cache 2 slots: 26 hits, 34 misses)
dist_mn node 1: 2^25 = 2^12 x 2^13 over 2 x 4 ranks, 3 primes (rows 512..512; 15099494 + 15099494 limbs at 30198988, window [0, 30198988) of share [30198988, 60397976), accumulated): redistribute 0.024 ntt 0.222 crt 0.000 out 0.028 spills+carry 0.002 total 0.263 s [B hit]
dist_mn node 1: 30198988 x 30198988 limbs over 2 x 4 ranks (cap 2^25): 2 x 2 pieces, 4 formed, 0 skipped (cache 2 slots: 26 hits, 34 misses)
dist_mn node 0: 30198988 + 30198988 limbs -> 60397976 (share 30198988): redistribute 0.124 ntt 1.131 crt 0.002 out 0.111 spills+carry 0.030, total 1.443 s
dist_mn node 1: 30198988 + 30198988 limbs -> 60397976 (share 30198988): redistribute 0.123 ntt 1.127 crt 0.002 out 0.109 spills+carry 0.030, total 1.343 s
dist_mn node 0: 2^25 = 2^12 x 2^13 over 2 x 4 ranks, 3 primes (rows 512..512; 15099494 + 15099494 limbs at 0, window [0, 30198987) of share [0, 30198987)): redistribute 0.023 ntt 0.216 crt 0.000 out 0.021 spills+carry 0.001 total 0.259 s [B hit]
dist_mn node 1: 2^25 = 2^12 x 2^13 over 2 x 4 ranks, 3 primes (rows 512..512; 15099494 + 15099494 limbs at 0, window [30198987, 30198988) of share [30198987, 60397975)): redistribute 0.024 ntt 0.210 crt 0.000 out 0.023 spills+carry 0.001 total 0.258 s [B hit]
dist_mn node 0: 2^25 = 2^12 x 2^13 over 2 x 4 ranks, 3 primes (rows 512..512; 15099494 + 15099494 limbs at 15099494, window [0, 15099493) of share [0, 30198987), accumulated): redistribute 0.013 ntt 0.211 crt 0.000 out 0.033 spills+carry 0.014 total 0.271 s [B hit]
dist_mn node 1: 2^25 = 2^12 x 2^13 over 2 x 4 ranks, 3 primes (rows 512..512; 15099494 + 15099494 limbs at 15099494, window [15099493, 30198988) of share [30198987, 60397975), accumulated): redistribute 0.013 ntt 0.210 crt 0.000 out 0.033 spills+carry 0.014 total 0.271 s [B hit]
dist_mn node 0: 2^25 = 2^12 x 2^13 over 2 x 4 ranks, 3 primes (rows 512..512; 15099494 + 15099494 limbs at 15099494, window [0, 15099493) of share [0, 30198987), accumulated): redistribute 0.012 ntt 0.240 crt 0.000 out 0.025 spills+carry 0.014 total 0.289 s [B hit]
dist_mn node 1: 2^25 = 2^12 x 2^13 over 2 x 4 ranks, 3 primes (rows 512..512; 15099494 + 15099494 limbs at 15099494, window [15099493, 30198988) of share [30198987, 60397975), accumulated): redistribute 0.012 ntt 0.236 crt 0.000 out 0.028 spills+carry 0.014 total 0.289 s [B hit]
dist_mn node 0: 2^25 = 2^12 x 2^13 over 2 x 4 ranks, 3 primes (rows 512..512; 15099494 + 15099494 limbs at 30198988, window [0, 0) of share [0, 30198987), accumulated): redistribute 0.019 ntt 0.224 crt 0.000 out 0.020 spills+carry 0.002 total 0.256 s [B hit]
dist_mn node 0: 30198988 x 30198988 limbs over 2 x 4 ranks (cap 2^25): 2 x 2 pieces, 4 formed, 0 skipped (low product) (cache 2 slots: 30 hits, 34 misses)
dist_mn node 1: 2^25 = 2^12 x 2^13 over 2 x 4 ranks, 3 primes (rows 512..512; 15099494 + 15099494 limbs at 30198988, window [0, 30198987) of share [30198987, 60397975), accumulated): redistribute 0.018 ntt 0.219 crt 0.000 out 0.024 spills+carry 0.002 total 0.256 s [B hit]
dist_mn node 1: 30198988 x 30198988 limbs over 2 x 4 ranks (cap 2^25): 2 x 2 pieces, 4 formed, 0 skipped (low product) (cache 2 slots: 30 hits, 34 misses)
dist_mn node 0: 30198988 + 30198988 limbs -> 60397975 (share 30198987): redistribute 0.067 ntt 0.891 crt 0.002 out 0.099 spills+carry 0.030, total 1.077 s
dist_mn node 1: 30198988 + 30198988 limbs -> 60397975 (share 30198988): redistribute 0.068 ntt 0.876 crt 0.002 out 0.108 spills+carry 0.030, total 1.077 s
dist_mn node 0: 2^25 = 2^12 x 2^13 over 2 x 4 ranks, 3 primes (rows 512..512; 15099494 + 15099491 limbs at 0, window [0, 22649237) of share [0, 22649237)): redistribute 0.047 ntt 0.370 crt 0.001 out 0.034 spills+carry 0.001 total 0.439 s [A cached] [B cached]
dist_mn node 1: 2^25 = 2^12 x 2^13 over 2 x 4 ranks, 3 primes (rows 512..512; 15099494 + 15099491 limbs at 0, window [22649237, 30198985) of share [22649237, 45298475)): redistribute 0.047 ntt 0.370 crt 0.001 out 0.031 spills+carry 0.001 total 0.438 s [A cached] [B cached]
dist_mn node 0: 2^25 = 2^12 x 2^13 over 2 x 4 ranks, 3 primes (rows 512..512; 15099494 + 15099490 limbs at 15099491, window [0, 7549746) of share [0, 22649237), accumulated): redistribute 0.013 ntt 0.232 crt 0.000 out 0.032 spills+carry 0.005 total 0.280 s [A hit] [B cached]
dist_mn node 0: 15099494 x 30198981 limbs over 2 x 4 ranks (cap 2^25): 1 x 2 pieces, 2 formed, 0 skipped (cache 2 slots: 1 hits, 3 misses)
dist_mn node 1: 2^25 = 2^12 x 2^13 over 2 x 4 ranks, 3 primes (rows 512..512; 15099494 + 15099490 limbs at 15099491, window [7549746, 30198984) of share [22649237, 45298475), accumulated): redistribute 0.013 ntt 0.234 crt 0.000 out 0.031 spills+carry 0.005 total 0.280 s [A hit] [B cached]
dist_mn node 1: 15099494 x 30198981 limbs over 2 x 4 ranks (cap 2^25): 1 x 2 pieces, 2 formed, 0 skipped (cache 2 slots: 1 hits, 3 misses)
dist_mn node 0: 15099494 + 30198981 limbs -> 45298475 (share 22649237): redistribute 0.061 ntt 0.602 crt 0.001 out 0.065 spills+carry 0.006, total 0.720 s
dist_mn node 1: 15099494 + 30198981 limbs -> 45298475 (share 22649238): redistribute 0.061 ntt 0.604 crt 0.001 out 0.062 spills+carry 0.006, total 0.720 s
mdev 3*2^24 (45298475 limbs): repack 0.038 h2d 0.001 fwd 0.009 inv 0.005 d2h 0.017 crt 0.019 total 0.072 s
mdev 3*2^24 (45298475 limbs): repack 0.045 h2d 0.001 fwd 0.009 inv 0.004 d2h 0.021 crt 0.027 total 0.084 s
dist_mn node 0: 2^25 = 2^12 x 2^13 over 2 x 4 ranks, 3 primes (rows 512..512; 15099494 + 15099491 limbs at 0, window [0, 7549748) of share [0, 7549748)): redistribute 0.060 ntt 0.347 crt 0.000 out 0.018 spills+carry 0.001 total 0.413 s [A cached] [B cached]
dist_mn node 1: 2^25 = 2^12 x 2^13 over 2 x 4 ranks, 3 primes (rows 512..512; 15099494 + 15099491 limbs at 0, window [7549748, 15099497) of share [7549748, 15099497)): redistribute 0.059 ntt 0.346 crt 0.000 out 0.023 spills+carry 0.001 total 0.412 s [A cached] [B cached]
dist_mn node 0: 2^25 = 2^12 x 2^13 over 2 x 4 ranks, 3 primes (rows 512..512; 15099494 + 15099490 limbs at 15099491, window [0, 0) of share [0, 7549748), accumulated): redistribute 0.019 ntt 0.229 crt 0.000 out 0.003 spills+carry 0.001 total 0.251 s [A hit] [B cached]
dist_mn node 0: 15099494 x 30198981 limbs over 2 x 4 ranks (cap 2^25): 1 x 2 pieces, 2 formed, 0 skipped (low product) (cache 2 slots: 2 hits, 6 misses)
dist_mn node 1: 2^25 = 2^12 x 2^13 over 2 x 4 ranks, 3 primes (rows 512..512; 15099494 + 15099490 limbs at 15099491, window [0, 6) of share [7549748, 15099497), accumulated): redistribute 0.018 ntt 0.233 crt 0.000 out 0.001 spills+carry 0.001 total 0.251 s [A hit] [B cached]
dist_mn node 1: 15099494 x 30198981 limbs over 2 x 4 ranks (cap 2^25): 1 x 2 pieces, 2 formed, 0 skipped (low product) (cache 2 slots: 2 hits, 6 misses)
dist_mn node 0: 15099494 + 30198981 limbs -> 15099497 (share 7549748): redistribute 0.078 ntt 0.576 crt 0.001 out 0.021 spills+carry 0.001, total 0.668 s
dist_mn node 1: 15099494 + 30198981 limbs -> 15099497 (share 7549749): redistribute 0.078 ntt 0.578 crt 0.001 out 0.024 spills+carry 0.001, total 0.666 s
dist_mn node 0: 2^25 = 2^12 x 2^13 over 2 x 4 ranks, 3 primes (rows 512..512; 15099494 + 15099494 limbs at 0, window [0, 30198988) of share [0, 30198988)): redistribute 0.065 ntt 0.446 crt 0.000 out 0.022 spills+carry 0.001 total 0.524 s [A cached] [B cached]
dist_mn node 1: 2^25 = 2^12 x 2^13 over 2 x 4 ranks, 3 primes (rows 512..512; 15099494 + 15099494 limbs at 0, window [30198988, 30198988) of share [30198988, 60397977)): redistribute 0.066 ntt 0.444 crt 0.000 out 0.023 spills+carry 0.001 total 0.524 s [A cached] [B cached]
dist_mn node 0: 2^25 = 2^12 x 2^13 over 2 x 4 ranks, 3 primes (rows 512..512; 15099494 + 15099494 limbs at 15099494, window [0, 15099494) of share [0, 30198988), accumulated): redistribute 0.020 ntt 0.231 crt 0.000 out 0.023 spills+carry 0.014 total 0.287 s [B hit]
dist_mn node 1: 2^25 = 2^12 x 2^13 over 2 x 4 ranks, 3 primes (rows 512..512; 15099494 + 15099494 limbs at 15099494, window [15099494, 30198988) of share [30198988, 60397977), accumulated): redistribute 0.021 ntt 0.229 crt 0.000 out 0.024 spills+carry 0.014 total 0.287 s [B hit]
dist_mn node 0: 2^25 = 2^12 x 2^13 over 2 x 4 ranks, 3 primes (rows 512..512; 15099494 + 15099494 limbs at 15099494, window [0, 15099494) of share [0, 30198988), accumulated): redistribute 0.017 ntt 0.224 crt 0.000 out 0.028 spills+carry 0.015 total 0.284 s [A hit] [B cached]
dist_mn node 1: 2^25 = 2^12 x 2^13 over 2 x 4 ranks, 3 primes (rows 512..512; 15099494 + 15099494 limbs at 15099494, window [15099494, 30198988) of share [30198988, 60397977), accumulated): redistribute 0.017 ntt 0.224 crt 0.000 out 0.028 spills+carry 0.015 total 0.284 s [A hit] [B cached]
dist_mn node 0: 2^25 = 2^12 x 2^13 over 2 x 4 ranks, 3 primes (rows 512..512; 15099494 + 15099494 limbs at 30198988, window [0, 0) of share [0, 30198988), accumulated): redistribute 0.020 ntt 0.251 crt 0.000 out 0.026 spills+carry 0.002 total 0.290 s [B hit]
dist_mn node 1: 2^25 = 2^12 x 2^13 over 2 x 4 ranks, 3 primes (rows 512..512; 15099494 + 15099494 limbs at 30198988, window [0, 30198988) of share [30198988, 60397977), accumulated): redistribute 0.019 ntt 0.251 crt 0.000 out 0.026 spills+carry 0.002 total 0.290 s [B hit]
mdb_add_shifted node 0: 30198985 limbs at 0 into a basis of 60397977 (my window [0, 30198985), 1 rounds of 7549760; slabs 0 + 7549746 limbs per APU 0): 0.035 s
dist_mn node 0: 30198988 x 30198988 limbs over 2 x 4 ranks (cap 2^25): 2 x 2 pieces, 4 formed, 0 skipped (cache 2 slots: 5 hits, 9 misses)
mdb_add_shifted node 1: 30198985 limbs at 0 into a basis of 60397977 (my window [30198988, 30198988), 1 rounds of 7549760; slabs 7549746 + 0 limbs per APU 0): 0.035 s
dist_mn node 1: 30198988 x 30198988 limbs over 2 x 4 ranks (cap 2^25): 2 x 2 pieces, 4 formed, 0 skipped (cache 2 slots: 5 hits, 9 misses)
dist_mn node 0: 30198988 + 30198988 + x limbs -> 60397976 (share 30198988): redistribute 0.122 ntt 1.153 crt 0.002 out 0.099 spills+carry 0.031, total 1.424 s
dist_mn node 1: 30198988 + 30198988 + x limbs -> 60397976 (share 30198989): redistribute 0.123 ntt 1.148 crt 0.002 out 0.102 spills+carry 0.032, total 1.423 s
mdb_add_shifted node 0: 30198985 limbs at 0 into a basis of 60397977 (my window [0, 30198985), 1 rounds of 7549760; slabs 0 + 7549746 limbs per APU 0): 0.141 s
mdb_add_shifted node 1: 30198985 limbs at 0 into a basis of 60397977 (my window [30198988, 30198988), 1 rounds of 7549760; slabs 7549746 + 0 limbs per APU 0): 0.116 s
mdb_add_shifted node 0: 30198985 limbs at 7 into a basis of 60397977 (my window [7, 30198988), 1 rounds of 7549760; slabs 0 + 7549745 limbs per APU 0): 0.164 s
mdb_add_shifted node 1: 30198985 limbs at 7 into a basis of 60397977 (my window [30198988, 30198992), 1 rounds of 7549760; slabs 7549746 + 1 limbs per APU 0): 0.152 s
mdb_add_shifted node 1: 30198985 limbs at 15099494 into a basis of 60397977 (my window [30198988, 45298479), 1 rounds of 3774880; slabs 7549745 + 3774872 limbs per APU 0): 0.113 s
mdb_add_shifted node 0: 30198985 limbs at 15099494 into a basis of 60397977 (my window [15099494, 30198988), 1 rounds of 3774880; slabs 0 + 3774873 limbs per APU 0): 0.082 s
mdb_add_shifted node 0: 30198985 limbs at 30198988 into a basis of 60397977 (my window [30198988, 30198988), 1 rounds of 7549760; slabs 0 + 0 limbs per APU 0): 0.007 s
mdb_add_shifted node 1: 30198985 limbs at 30198988 into a basis of 60397977 (my window [30198988, 60397973), 1 rounds of 7549760; slabs 7549746 + 7549746 limbs per APU 0): 0.053 s
dist_mn node 0: 2^25 = 2^12 x 2^13 over 2 x 4 ranks, 3 primes (rows 512..512; 15099494 + 15099494 limbs at 0, window [0, 30198988) of share [0, 30198988)): redistribute 0.025 ntt 0.301 crt 0.000 out 0.022 spills+carry 0.002 total 0.347 s [A cached] [B cached]
dist_mn node 1: 2^25 = 2^12 x 2^13 over 2 x 4 ranks, 3 primes (rows 512..512; 15099494 + 15099494 limbs at 0, window [30198988, 30198988) of share [30198988, 60397976)): redistribute 0.025 ntt 0.300 crt 0.000 out 0.020 spills+carry 0.002 total 0.347 s [A cached] [B cached]
dist_mn node 0: 2^25 = 2^12 x 2^13 over 2 x 4 ranks, 3 primes (rows 512..512; 15099494 + 15099494 limbs at 15099494, window [0, 15099494) of share [0, 30198988), accumulated): redistribute 0.014 ntt 0.257 crt 0.000 out 0.030 spills+carry 0.016 total 0.317 s [B hit]
dist_mn node 1: 2^25 = 2^12 x 2^13 over 2 x 4 ranks, 3 primes (rows 512..512; 15099494 + 15099494 limbs at 15099494, window [15099494, 30198988) of share [30198988, 60397976), accumulated): redistribute 0.014 ntt 0.262 crt 0.000 out 0.028 spills+carry 0.016 total 0.317 s [B hit]
dist_mn node 0: 2^25 = 2^12 x 2^13 over 2 x 4 ranks, 3 primes (rows 512..512; 15099494 + 15099494 limbs at 15099494, window [0, 15099494) of share [0, 30198988), accumulated): redistribute 0.018 ntt 0.251 crt 0.000 out 0.035 spills+carry 0.018 total 0.323 s [A hit] [B cached]
dist_mn node 1: 2^25 = 2^12 x 2^13 over 2 x 4 ranks, 3 primes (rows 512..512; 15099494 + 15099494 limbs at 15099494, window [15099494, 30198988) of share [30198988, 60397976), accumulated): redistribute 0.018 ntt 0.257 crt 0.000 out 0.030 spills+carry 0.018 total 0.323 s [A hit] [B cached]
dist_mn node 0: 2^25 = 2^12 x 2^13 over 2 x 4 ranks, 3 primes (rows 512..512; 15099494 + 15099494 limbs at 30198988, window [0, 0) of share [0, 30198988), accumulated): redistribute 0.013 ntt 0.254 crt 0.001 out 0.029 spills+carry 0.003 total 0.293 s [B hit]
dist_mn node 0: 30198988 x 30198988 limbs over 2 x 4 ranks (cap 2^25): 2 x 2 pieces, 4 formed, 0 skipped (cache 2 slots: 8 hits, 12 misses)
dist_mn node 1: 2^25 = 2^12 x 2^13 over 2 x 4 ranks, 3 primes (rows 512..512; 15099494 + 15099494 limbs at 30198988, window [0, 30198988) of share [30198988, 60397976), accumulated): redistribute 0.013 ntt 0.253 crt 0.001 out 0.029 spills+carry 0.003 total 0.293 s [B hit]
dist_mn node 1: 30198988 x 30198988 limbs over 2 x 4 ranks (cap 2^25): 2 x 2 pieces, 4 formed, 0 skipped (cache 2 slots: 8 hits, 12 misses)
dist_mn node 0: 30198988 + 30198988 limbs -> 60397976 (share 30198988): redistribute 0.069 ntt 1.063 crt 0.002 out 0.117 spills+carry 0.039, total 1.484 s
dist_mn node 1: 30198988 + 30198988 limbs -> 60397976 (share 30198988): redistribute 0.070 ntt 1.071 crt 0.002 out 0.108 spills+carry 0.039, total 1.282 s
mdev 2^26 (60397976 limbs): repack 0.057 h2d 0.001 fwd 0.010 inv 0.003 d2h 0.050 crt 0.053 total 0.123 s
mdev 2^26 (60397976 limbs): repack 0.067 h2d 0.002 fwd 0.008 inv 0.005 d2h 0.050 crt 0.089 total 0.137 s
dist_mn node 0: 2^25 = 2^12 x 2^13 over 2 x 4 ranks, 3 primes (rows 512..512; 15099494 + 15099494 limbs at 0, window [0, 30198988) of share [0, 30198988)): redistribute 0.052 ntt 0.352 crt 0.000 out 0.024 spills+carry 0.002 total 0.418 s [A cached] [B cached]
dist_mn node 1: 2^25 = 2^12 x 2^13 over 2 x 4 ranks, 3 primes (rows 512..512; 15099494 + 15099494 limbs at 0, window [30198988, 30198988) of share [30198988, 60397977)): redistribute 0.053 ntt 0.354 crt 0.000 out 0.020 spills+carry 0.002 total 0.418 s [A cached] [B cached]
dist_mn node 0: 2^25 = 2^12 x 2^13 over 2 x 4 ranks, 3 primes (rows 512..512; 15099494 + 15099494 limbs at 15099494, window [0, 15099494) of share [0, 30198988), accumulated): redistribute 0.012 ntt 0.214 crt 0.000 out 0.020 spills+carry 0.015 total 0.262 s [B hit]
dist_mn node 1: 2^25 = 2^12 x 2^13 over 2 x 4 ranks, 3 primes (rows 512..512; 15099494 + 15099494 limbs at 15099494, window [15099494, 30198988) of share [30198988, 60397977), accumulated): redistribute 0.015 ntt 0.206 crt 0.000 out 0.024 spills+carry 0.015 total 0.262 s [B hit]
dist_mn node 0: 2^25 = 2^12 x 2^13 over 2 x 4 ranks, 3 primes (rows 512..512; 15099494 + 15099494 limbs at 15099494, window [0, 15099494) of share [0, 30198988), accumulated): redistribute 0.011 ntt 0.231 crt 0.000 out 0.026 spills+carry 0.017 total 0.286 s [A hit] [B cached]
dist_mn node 1: 2^25 = 2^12 x 2^13 over 2 x 4 ranks, 3 primes (rows 512..512; 15099494 + 15099494 limbs at 15099494, window [15099494, 30198988) of share [30198988, 60397977), accumulated): redistribute 0.011 ntt 0.228 crt 0.000 out 0.029 spills+carry 0.017 total 0.286 s [A hit] [B cached]
dist_mn node 0: 2^25 = 2^12 x 2^13 over 2 x 4 ranks, 3 primes (rows 512..512; 15099494 + 15099494 limbs at 30198988, window [0, 0) of share [0, 30198988), accumulated): redistribute 0.014 ntt 0.216 crt 0.000 out 0.032 spills+carry 0.003 total 0.265 s [B hit]
dist_mn node 1: 2^25 = 2^12 x 2^13 over 2 x 4 ranks, 3 primes (rows 512..512; 15099494 + 15099494 limbs at 30198988, window [0, 30198988) of share [30198988, 60397977), accumulated): redistribute 0.014 ntt 0.223 crt 0.000 out 0.026 spills+carry 0.003 total 0.265 s [B hit]
mdb_add_shifted node 0: 30198985 limbs at 0 into a basis of 60397977 (my window [0, 30198985), 1 rounds of 7549760; slabs 0 + 7549746 limbs per APU 0): 0.042 s
dist_mn node 0: 30198988 x 30198988 limbs over 2 x 4 ranks (cap 2^25): 2 x 2 pieces, 4 formed, 0 skipped (cache 2 slots: 11 hits, 15 misses)
mdb_add_shifted node 1: 30198985 limbs at 0 into a basis of 60397977 (my window [30198988, 30198988), 1 rounds of 7549760; slabs 7549746 + 0 limbs per APU 0): 0.042 s
dist_mn node 1: 30198988 x 30198988 limbs over 2 x 4 ranks (cap 2^25): 2 x 2 pieces, 4 formed, 0 skipped (cache 2 slots: 11 hits, 15 misses)
dist_mn node 0: 30198988 + 30198988 + x limbs -> 60397976 (share 30198988): redistribute 0.090 ntt 1.012 crt 0.002 out 0.101 spills+carry 0.038, total 1.276 s
dist_mn node 1: 30198988 + 30198988 + x limbs -> 60397976 (share 30198989): redistribute 0.093 ntt 1.011 crt 0.002 out 0.099 spills+carry 0.038, total 1.346 s
dist_mn node 0: 2^25 = 2^12 x 2^13 over 2 x 4 ranks, 3 primes (rows 512..512; 15099494 + 15099494 limbs at 0, window [0, 15099495) of share [0, 15099495)): redistribute 0.065 ntt 0.386 crt 0.000 out 0.029 spills+carry 0.002 total 0.448 s [A cached] [B cached]
dist_mn node 1: 2^25 = 2^12 x 2^13 over 2 x 4 ranks, 3 primes (rows 512..512; 15099494 + 15099494 limbs at 0, window [15099495, 30198988) of share [15099495, 30198990)): redistribute 0.064 ntt 0.388 crt 0.000 out 0.027 spills+carry 0.002 total 0.447 s [A cached] [B cached]
dist_mn node 0: 2^25 = 2^12 x 2^13 over 2 x 4 ranks, 3 primes (rows 512..512; 15099494 + 15099494 limbs at 15099494, window [0, 1) of share [0, 15099495), accumulated): redistribute 0.012 ntt 0.239 crt 0.000 out 0.023 spills+carry 0.003 total 0.276 s [B hit]
dist_mn node 1: 2^25 = 2^12 x 2^13 over 2 x 4 ranks, 3 primes (rows 512..512; 15099494 + 15099494 limbs at 15099494, window [1, 15099496) of share [15099495, 30198990), accumulated): redistribute 0.012 ntt 0.240 crt 0.000 out 0.021 spills+carry 0.003 total 0.276 s [B hit]
dist_mn node 0: 2^25 = 2^12 x 2^13 over 2 x 4 ranks, 3 primes (rows 512..512; 15099494 + 15099494 limbs at 15099494, window [0, 1) of share [0, 15099495), accumulated): redistribute 0.012 ntt 0.235 crt 0.000 out 0.014 spills+carry 0.004 total 0.265 s [A hit] [B cached]
dist_mn node 1: 2^25 = 2^12 x 2^13 over 2 x 4 ranks, 3 primes (rows 512..512; 15099494 + 15099494 limbs at 15099494, window [1, 15099496) of share [15099495, 30198990), accumulated): redistribute 0.011 ntt 0.234 crt 0.000 out 0.015 spills+carry 0.004 total 0.265 s [A hit] [B cached]
dist_mn node 0: 2^25 = 2^12 x 2^13 over 2 x 4 ranks, 3 primes (rows 512..512; 15099494 + 15099494 limbs at 30198988, window [0, 0) of share [0, 15099495), accumulated): redistribute 0.013 ntt 0.225 crt 0.000 out 0.001 spills+carry 0.001 total 0.237 s [B hit]
dist_mn node 0: 30198988 x 30198988 limbs over 2 x 4 ranks (cap 2^25): 2 x 2 pieces, 4 formed, 0 skipped (low product) (cache 2 slots: 14 hits, 18 misses)
dist_mn node 1: 2^25 = 2^12 x 2^13 over 2 x 4 ranks, 3 primes (rows 512..512; 15099494 + 15099494 limbs at 30198988, window [0, 2) of share [15099495, 30198990), accumulated): redistribute 0.014 ntt 0.219 crt 0.000 out 0.006 spills+carry 0.001 total 0.237 s [B hit]
dist_mn node 1: 30198988 x 30198988 limbs over 2 x 4 ranks (cap 2^25): 2 x 2 pieces, 4 formed, 0 skipped (low product) (cache 2 slots: 14 hits, 18 misses)
dist_mn node 0: 30198988 + 30198988 limbs -> 30198990 (share 15099495): redistribute 0.102 ntt 1.084 crt 0.002 out 0.067 spills+carry 0.009, total 1.228 s
dist_mn node 1: 30198988 + 30198988 limbs -> 30198990 (share 15099495): redistribute 0.101 ntt 1.081 crt 0.002 out 0.070 spills+carry 0.009, total 1.228 s
dist_mn node 0: 2^25 = 2^12 x 2^13 over 2 x 4 ranks, 3 primes (rows 512..512; 15099495 + 15099495 limbs at 0, window [0, 7549747) of share [0, 7549747)): redistribute 0.082 ntt 0.454 crt 0.001 out 0.016 spills+carry 0.003 total 0.520 s
dist_mn node 0: 15099495 x 15099495 limbs over 2 x 4 ranks (cap 2^25): 1 x 1 pieces, 1 formed, 0 skipped (low product) (cache 0 slots: 14 hits, 18 misses)
dist_mn node 1: 2^25 = 2^12 x 2^13 over 2 x 4 ranks, 3 primes (rows 512..512; 15099495 + 15099495 limbs at 0, window [7549747, 15099495) of share [7549747, 15099495)): redistribute 0.082 ntt 0.454 crt 0.001 out 0.019 spills+carry 0.003 total 0.519 s
dist_mn node 1: 15099495 x 15099495 limbs over 2 x 4 ranks (cap 2^25): 1 x 1 pieces, 1 formed, 0 skipped (low product) (cache 0 slots: 14 hits, 18 misses)
dist_mn node 0: 15099495 + 15099495 limbs -> 1 (share 7549747): redistribute 0.082 ntt 0.454 crt 0.001 out 0.016 spills+carry 0.003, total 0.520 s
dist_mn node 1: 15099495 + 15099495 limbs -> 1 (share 7549748): redistribute 0.082 ntt 0.454 crt 0.001 out 0.019 spills+carry 0.003, total 0.519 s
dist_mn node 0: 2^25 = 2^12 x 2^13 over 2 x 4 ranks, 3 primes (rows 512..512; 15099494 + 15099494 limbs at 0, window [0, 30198987) of share [0, 30198987)): redistribute 0.057 ntt 0.426 crt 0.001 out 0.020 spills+carry 0.002 total 0.488 s [A cached] [B cached]
dist_mn node 1: 2^25 = 2^12 x 2^13 over 2 x 4 ranks, 3 primes (rows 512..512; 15099494 + 15099494 limbs at 0, window [30198987, 30198988) of share [30198987, 60397975)): redistribute 0.051 ntt 0.426 crt 0.001 out 0.021 spills+carry 0.003 total 0.488 s [A cached] [B cached]
dist_mn node 0: 2^25 = 2^12 x 2^13 over 2 x 4 ranks, 3 primes (rows 512..512; 15099494 + 15099494 limbs at 15099494, window [0, 15099493) of share [0, 30198987), accumulated): redistribute 0.015 ntt 0.197 crt 0.000 out 0.028 spills+carry 0.015 total 0.257 s [B hit]
dist_mn node 1: 2^25 = 2^12 x 2^13 over 2 x 4 ranks, 3 primes (rows 512..512; 15099494 + 15099494 limbs at 15099494, window [15099493, 30198988) of share [30198987, 60397975), accumulated): redistribute 0.016 ntt 0.199 crt 0.000 out 0.026 spills+carry 0.015 total 0.257 s [B hit]
dist_mn node 0: 2^25 = 2^12 x 2^13 over 2 x 4 ranks, 3 primes (rows 512..512; 15099494 + 15099494 limbs at 15099494, window [0, 15099493) of share [0, 30198987), accumulated): redistribute 0.018 ntt 0.228 crt 0.000 out 0.028 spills+carry 0.017 total 0.285 s [A hit] [B cached]
dist_mn node 1: 2^25 = 2^12 x 2^13 over 2 x 4 ranks, 3 primes (rows 512..512; 15099494 + 15099494 limbs at 15099494, window [15099493, 30198988) of share [30198987, 60397975), accumulated): redistribute 0.018 ntt 0.231 crt 0.000 out 0.025 spills+carry 0.017 total 0.285 s [A hit] [B cached]
dist_mn node 0: 2^25 = 2^12 x 2^13 over 2 x 4 ranks, 3 primes (rows 512..512; 15099494 + 15099494 limbs at 30198988, window [0, 0) of share [0, 30198987), accumulated): redistribute 0.014 ntt 0.230 crt 0.000 out 0.030 spills+carry 0.004 total 0.278 s [B hit]
dist_mn node 0: 30198988 x 30198988 limbs over 2 x 4 ranks (cap 2^25): 2 x 2 pieces, 4 formed, 0 skipped (low product) (cache 2 slots: 17 hits, 21 misses)
dist_mn node 1: 2^25 = 2^12 x 2^13 over 2 x 4 ranks, 3 primes (rows 512..512; 15099494 + 15099494 limbs at 30198988, window [0, 30198987) of share [30198987, 60397975), accumulated): redistribute 0.019 ntt 0.226 crt 0.000 out 0.029 spills+carry 0.003 total 0.278 s [B hit]
dist_mn node 1: 30198988 x 30198988 limbs over 2 x 4 ranks (cap 2^25): 2 x 2 pieces, 4 formed, 0 skipped (low product) (cache 2 slots: 17 hits, 21 misses)
dist_mn node 0: 30198988 + 30198988 limbs -> 60397975 (share 30198987): redistribute 0.105 ntt 1.081 crt 0.002 out 0.107 spills+carry 0.038, total 1.310 s
dist_mn node 1: 30198988 + 30198988 limbs -> 60397975 (share 30198988): redistribute 0.104 ntt 1.082 crt 0.002 out 0.102 spills+carry 0.039, total 1.310 s
dist_mn node 0: 2^25 = 2^12 x 2^13 over 2 x 4 ranks, 3 primes (rows 512..512; 15099494 + 15099494 limbs at 15099494, window [0, 15099494) of share [0, 30198988), accumulated): redistribute 0.054 ntt 0.391 crt 0.000 out 0.028 spills+carry 0.016 total 0.476 s [B cached]
dist_mn node 1: 2^25 = 2^12 x 2^13 over 2 x 4 ranks, 3 primes (rows 512..512; 15099494 + 15099494 limbs at 15099494, window [15099494, 30198988) of share [30198988, 60397976), accumulated): redistribute 0.054 ntt 0.389 crt 0.000 out 0.029 spills+carry 0.016 total 0.475 s [B cached]
dist_mn node 0: 2^25 = 2^12 x 2^13 over 2 x 4 ranks, 3 primes (rows 512..512; 15099494 + 15099494 limbs at 15099494, window [0, 15099494) of share [0, 30198988), accumulated): redistribute 0.030 ntt 0.326 crt 0.001 out 0.027 spills+carry 0.015 total 0.395 s [A cached] [B cached]
dist_mn node 1: 2^25 = 2^12 x 2^13 over 2 x 4 ranks, 3 primes (rows 512..512; 15099494 + 15099494 limbs at 15099494, window [15099494, 30198988) of share [30198988, 60397976), accumulated): redistribute 0.029 ntt 0.321 crt 0.001 out 0.031 spills+carry 0.015 total 0.395 s [A cached] [B cached]
dist_mn node 0: 2^25 = 2^12 x 2^13 over 2 x 4 ranks, 3 primes (rows 512..512; 15099494 + 15099494 limbs at 30198988, window [0, 0) of share [0, 30198988), accumulated): redistribute 0.013 ntt 0.238 crt 0.000 out 0.029 spills+carry 0.003 total 0.284 s [B hit]
dist_mn node 0: 30198988 x 30198988 limbs over 2 x 4 ranks (cap 2^25): 2 x 2 pieces, 3 formed, 1 skipped (low cut) (cache 2 slots: 18 hits, 24 misses)
dist_mn node 1: 2^25 = 2^12 x 2^13 over 2 x 4 ranks, 3 primes (rows 512..512; 15099494 + 15099494 limbs at 30198988, window [0, 30198988) of share [30198988, 60397976), accumulated): redistribute 0.014 ntt 0.239 crt 0.000 out 0.030 spills+carry 0.003 total 0.284 s [B hit]
dist_mn node 1: 30198988 x 30198988 limbs over 2 x 4 ranks (cap 2^25): 2 x 2 pieces, 3 formed, 1 skipped (low cut) (cache 2 slots: 18 hits, 24 misses)
dist_mn node 0: 30198988 + 30198988 limbs -> 60397976 (share 30198988): redistribute 0.097 ntt 0.955 crt 0.001 out 0.084 spills+carry 0.034, total 1.157 s
dist_mn node 1: 30198988 + 30198988 limbs -> 60397976 (share 30198988): redistribute 0.097 ntt 0.948 crt 0.001 out 0.090 spills+carry 0.034, total 1.157 s
mdev 2^25 (30198988 limbs): repack 0.027 h2d 0.001 fwd 0.004 inv 0.001 d2h 0.034 crt 0.020 total 0.071 s
mdev 2^25 (30198988 limbs): repack 0.028 h2d 0.001 fwd 0.003 inv 0.002 d2h 0.028 crt 0.032 total 0.065 s
dist_mn node 0: 2^25 = 2^12 x 2^13 over 2 x 4 ranks, 3 primes (rows 512..512; 15099494 + 15099494 limbs at 15099494, window [0, 15099493) of share [0, 30198987), accumulated): redistribute 0.047 ntt 0.369 crt 0.001 out 0.032 spills+carry 0.016 total 0.447 s [B cached]
dist_mn node 1: 2^25 = 2^12 x 2^13 over 2 x 4 ranks, 3 primes (rows 512..512; 15099494 + 15099494 limbs at 15099494, window [15099493, 30198988) of share [30198987, 60397975), accumulated): redistribute 0.048 ntt 0.367 crt 0.001 out 0.032 spills+carry 0.015 total 0.447 s [B cached]
dist_mn node 0: 2^25 = 2^12 x 2^13 over 2 x 4 ranks, 3 primes (rows 512..512; 15099494 + 15099494 limbs at 15099494, window [0, 15099493) of share [0, 30198987), accumulated): redistribute 0.031 ntt 0.341 crt 0.000 out 0.037 spills+carry 0.016 total 0.425 s [A cached] [B cached]
dist_mn node 1: 2^25 = 2^12 x 2^13 over 2 x 4 ranks, 3 primes (rows 512..512; 15099494 + 15099494 limbs at 15099494, window [15099493, 30198988) of share [30198987, 60397975), accumulated): redistribute 0.031 ntt 0.342 crt 0.000 out 0.036 spills+carry 0.015 total 0.425 s [A cached] [B cached]
dist_mn node 0: 2^25 = 2^12 x 2^13 over 2 x 4 ranks, 3 primes (rows 512..512; 15099494 + 15099494 limbs at 30198988, window [0, 0) of share [0, 30198987), accumulated): redistribute 0.017 ntt 0.241 crt 0.001 out 0.022 spills+carry 0.003 total 0.276 s [B hit]
dist_mn node 0: 30198988 x 30198988 limbs over 2 x 4 ranks (cap 2^25): 2 x 2 pieces, 3 formed, 1 skipped (low product) (low cut) (cache 2 slots: 19 hits, 27 misses)
dist_mn node 1: 2^25 = 2^12 x 2^13 over 2 x 4 ranks, 3 primes (rows 512..512; 15099494 + 15099494 limbs at 30198988, window [0, 30198987) of share [30198987, 60397975), accumulated): redistribute 0.017 ntt 0.241 crt 0.001 out 0.021 spills+carry 0.003 total 0.276 s [B hit]
dist_mn node 1: 30198988 x 30198988 limbs over 2 x 4 ranks (cap 2^25): 2 x 2 pieces, 3 formed, 1 skipped (low product) (low cut) (cache 2 slots: 19 hits, 27 misses)
dist_mn node 0: 30198988 + 30198988 limbs -> 60397975 (share 30198987): redistribute 0.096 ntt 0.952 crt 0.002 out 0.091 spills+carry 0.034, total 1.150 s
dist_mn node 1: 30198988 + 30198988 limbs -> 60397975 (share 30198988): redistribute 0.096 ntt 0.950 crt 0.002 out 0.090 spills+carry 0.034, total 1.150 s
mdev 2^25 (30198988 limbs): repack 0.031 h2d 0.001 fwd 0.003 inv 0.002 d2h 0.029 crt 0.032 total 0.070 s
mdev 2^25 (30198988 limbs): repack 0.031 h2d 0.001 fwd 0.004 inv 0.001 d2h 0.029 crt 0.021 total 0.068 s
dist_mn node 0: 2^25 = 2^12 x 2^13 over 2 x 4 ranks, 3 primes (rows 512..512; 15099494 + 15099494 limbs at 0, window [0, 30198988) of share [0, 30198988)): redistribute 0.063 ntt 0.380 crt 0.001 out 0.027 spills+carry 0.002 total 0.439 s [A cached] [B cached]
dist_mn node 1: 2^25 = 2^12 x 2^13 over 2 x 4 ranks, 3 primes (rows 512..512; 15099494 + 15099494 limbs at 0, window [30198988, 30198988) of share [30198988, 60397976)): redistribute 0.063 ntt 0.381 crt 0.001 out 0.024 spills+carry 0.003 total 0.439 s [A cached] [B cached]
dist_mn node 0: 2^25 = 2^12 x 2^13 over 2 x 4 ranks, 3 primes (rows 512..512; 15099494 + 15099494 limbs at 15099494, window [0, 15099494) of share [0, 30198988), accumulated): redistribute 0.011 ntt 0.245 crt 0.000 out 0.022 spills+carry 0.015 total 0.291 s [B hit]
dist_mn node 1: 2^25 = 2^12 x 2^13 over 2 x 4 ranks, 3 primes (rows 512..512; 15099494 + 15099494 limbs at 15099494, window [15099494, 30198988) of share [30198988, 60397976), accumulated): redistribute 0.017 ntt 0.235 crt 0.000 out 0.023 spills+carry 0.015 total 0.291 s [B hit]
dist_mn node 0: 2^25 = 2^12 x 2^13 over 2 x 4 ranks, 3 primes (rows 512..512; 15099494 + 15099494 limbs at 15099494, window [0, 15099494) of share [0, 30198988), accumulated): redistribute 0.014 ntt 0.251 crt 0.000 out 0.025 spills+carry 0.017 total 0.308 s [A hit] [B cached]
dist_mn node 1: 2^25 = 2^12 x 2^13 over 2 x 4 ranks, 3 primes (rows 512..512; 15099494 + 15099494 limbs at 15099494, window [15099494, 30198988) of share [30198988, 60397976), accumulated): redistribute 0.013 ntt 0.248 crt 0.000 out 0.029 spills+carry 0.018 total 0.308 s [A hit] [B cached]
dist_mn node 0: 2^25 = 2^12 x 2^13 over 2 x 4 ranks, 3 primes (rows 512..512; 15099494 + 15099494 limbs at 30198988, window [0, 0) of share [0, 30198988), accumulated): redistribute 0.010 ntt 0.237 crt 0.001 out 0.025 spills+carry 0.003 total 0.275 s [B hit]
dist_mn node 0: 30198988 x 30198988 limbs over 2 x 4 ranks (cap 2^25): 2 x 2 pieces, 4 formed, 0 skipped (low cut) (cache 2 slots: 22 hits, 30 misses)
dist_mn node 1: 2^25 = 2^12 x 2^13 over 2 x 4 ranks, 3 primes (rows 512..512; 15099494 + 15099494 limbs at 30198988, window [0, 30198988) of share [30198988, 60397976), accumulated): redistribute 0.013 ntt 0.237 crt 0.001 out 0.026 spills+carry 0.003 total 0.275 s [B hit]
dist_mn node 1: 30198988 x 30198988 limbs over 2 x 4 ranks (cap 2^25): 2 x 2 pieces, 4 formed, 0 skipped (low cut) (cache 2 slots: 22 hits, 30 misses)
dist_mn node 0: 30198988 + 30198988 limbs -> 60397976 (share 30198988): redistribute 0.098 ntt 1.113 crt 0.002 out 0.100 spills+carry 0.038, total 1.315 s
dist_mn node 1: 30198988 + 30198988 limbs -> 60397976 (share 30198988): redistribute 0.107 ntt 1.102 crt 0.002 out 0.102 spills+carry 0.039, total 1.315 s
dist_mn node 0: 2^25 = 2^12 x 2^13 over 2 x 4 ranks, 3 primes (rows 512..512; 15099494 + 15099494 limbs at 0, window [0, 30198987) of share [0, 30198987)): redistribute 0.081 ntt 0.416 crt 0.000 out 0.029 spills+carry 0.002 total 0.477 s [A cached] [B cached]
dist_mn node 1: 2^25 = 2^12 x 2^13 over 2 x 4 ranks, 3 primes (rows 512..512; 15099494 + 15099494 limbs at 0, window [30198987, 30198988) of share [30198987, 60397975)): redistribute 0.083 ntt 0.417 crt 0.000 out 0.027 spills+carry 0.002 total 0.477 s [A cached] [B cached]
dist_mn node 0: 2^25 = 2^12 x 2^13 over 2 x 4 ranks, 3 primes (rows 512..512; 15099494 + 15099494 limbs at 15099494, window [0, 15099493) of share [0, 30198987), accumulated): redistribute 0.013 ntt 0.259 crt 0.000 out 0.030 spills+carry 0.016 total 0.319 s [B hit]
dist_mn node 1: 2^25 = 2^12 x 2^13 over 2 x 4 ranks, 3 primes (rows 512..512; 15099494 + 15099494 limbs at 15099494, window [15099493, 30198988) of share [30198987, 60397975), accumulated): redistribute 0.014 ntt 0.258 crt 0.000 out 0.031 spills+carry 0.016 total 0.319 s [B hit]
dist_mn node 0: 2^25 = 2^12 x 2^13 over 2 x 4 ranks, 3 primes (rows 512..512; 15099494 + 15099494 limbs at 15099494, window [0, 15099493) of share [0, 30198987), accumulated): redistribute 0.013 ntt 0.204 crt 0.000 out 0.027 spills+carry 0.017 total 0.254 s [A hit] [B cached]
dist_mn node 1: 2^25 = 2^12 x 2^13 over 2 x 4 ranks, 3 primes (rows 512..512; 15099494 + 15099494 limbs at 15099494, window [15099493, 30198988) of share [30198987, 60397975), accumulated): redistribute 0.013 ntt 0.201 crt 0.000 out 0.027 spills+carry 0.017 total 0.254 s [A hit] [B cached]
dist_mn node 0: 2^25 = 2^12 x 2^13 over 2 x 4 ranks, 3 primes (rows 512..512; 15099494 + 15099494 limbs at 30198988, window [0, 0) of share [0, 30198987), accumulated): redistribute 0.014 ntt 0.242 crt 0.000 out 0.027 spills+carry 0.003 total 0.284 s [B hit]
dist_mn node 0: 30198988 x 30198988 limbs over 2 x 4 ranks (cap 2^25): 2 x 2 pieces, 4 formed, 0 skipped (low product) (low cut) (cache 2 slots: 25 hits, 33 misses)
dist_mn node 1: 2^25 = 2^12 x 2^13 over 2 x 4 ranks, 3 primes (rows 512..512; 15099494 + 15099494 limbs at 30198988, window [0, 30198987) of share [30198987, 60397975), accumulated): redistribute 0.020 ntt 0.242 crt 0.000 out 0.027 spills+carry 0.003 total 0.284 s [B hit]
dist_mn node 1: 30198988 x 30198988 limbs over 2 x 4 ranks (cap 2^25): 2 x 2 pieces, 4 formed, 0 skipped (low product) (low cut) (cache 2 slots: 25 hits, 33 misses)
dist_mn node 0: 30198988 + 30198988 limbs -> 60397975 (share 30198987): redistribute 0.122 ntt 1.121 crt 0.002 out 0.113 spills+carry 0.039, total 1.337 s
dist_mn node 1: 30198988 + 30198988 limbs -> 60397975 (share 30198988): redistribute 0.129 ntt 1.117 crt 0.002 out 0.112 spills+carry 0.038, total 1.337 s
dist_mn node 0: 30198988 x 30198988 limbs over 2 x 4 ranks (cap 2^25): 2 x 2 pieces, 0 formed, 4 skipped (low cut) (cache 2 slots: 25 hits, 33 misses)
dist_mn node 1: 30198988 x 30198988 limbs over 2 x 4 ranks (cap 2^25): 2 x 2 pieces, 0 formed, 4 skipped (low cut) (cache 2 slots: 25 hits, 33 misses)
dist_mn node 0: 30198988 + 30198988 limbs -> 0 (share 30198988): redistribute 0.000 ntt 0.000 crt 0.000 out 0.000 spills+carry 0.000, total 0.001 s
dist_mn node 1: 30198988 + 30198988 limbs -> 0 (share 30198988): redistribute 0.000 ntt 0.000 crt 0.000 out 0.000 spills+carry 0.000, total 0.001 s
mdev 2^25 (30198988 limbs): repack 0.030 h2d 0.001 fwd 0.005 inv 0.001 d2h 0.032 crt 0.024 total 0.071 s
mdev 2^25 (30198988 limbs): repack 0.042 h2d 0.001 fwd 0.004 inv 0.003 d2h 0.029 crt 0.036 total 0.079 s
mdev 2^25 (30198988 limbs): repack 0.032 h2d 0.001 fwd 0.003 inv 0.001 d2h 0.033 crt 0.034 total 0.078 s
mdev 2^25 (30198988 limbs): repack 0.040 h2d 0.001 fwd 0.003 inv 0.002 d2h 0.051 crt 0.017 total 0.103 s
mdev 2^25 (30198988 limbs): repack 0.029 h2d 0.001 fwd 0.003 inv 0.001 d2h 0.036 crt 0.018 total 0.072 s
mdev 2^25 (30198988 limbs): repack 0.047 h2d 0.001 fwd 0.003 inv 0.001 d2h 0.038 crt 0.045 total 0.094 s
mdev 2^25 (30198988 limbs): repack 0.031 h2d 0.001 fwd 0.003 inv 0.001 d2h 0.056 crt 0.040 total 0.093 s
mdev 2^25 (30198988 limbs): repack 0.033 h2d 0.001 fwd 0.003 inv 0.001 d2h 0.025 crt 0.014 total 0.066 s
dist_mn node 0: 30198988 x 30198988 limbs over 2 x 4 ranks (cap 2^25): 2 x 2 pieces, 0 formed, 4 skipped (low product) (low cut) (cache 2 slots: 25 hits, 33 misses)
dist_mn node 1: 30198988 x 30198988 limbs over 2 x 4 ranks (cap 2^25): 2 x 2 pieces, 0 formed, 4 skipped (low product) (low cut) (cache 2 slots: 25 hits, 33 misses)
dist_mn node 0: 30198988 + 30198988 limbs -> 0 (share 30198987): redistribute 0.000 ntt 0.000 crt 0.000 out 0.000 spills+carry 0.000, total 0.002 s
dist_mn node 1: 30198988 + 30198988 limbs -> 0 (share 30198988): redistribute 0.000 ntt 0.000 crt 0.000 out 0.000 spills+carry 0.000, total 0.005 s
mdev 2^25 (30198988 limbs): repack 0.023 h2d 0.001 fwd 0.003 inv 0.001 d2h 0.038 crt 0.018 total 0.069 s
mdev 2^25 (30198988 limbs): repack 0.040 h2d 0.001 fwd 0.003 inv 0.002 d2h 0.031 crt 0.034 total 0.081 s
mdev 2^25 (30198988 limbs): repack 0.031 h2d 0.001 fwd 0.003 inv 0.001 d2h 0.058 crt 0.037 total 0.097 s
mdev 2^25 (30198988 limbs): repack 0.031 h2d 0.001 fwd 0.003 inv 0.001 d2h 0.046 crt 0.017 total 0.086 s
mdev 2^25 (30198988 limbs): repack 0.031 h2d 0.001 fwd 0.003 inv 0.001 d2h 0.028 crt 0.013 total 0.066 s
mdev 2^25 (30198988 limbs): repack 0.021 h2d 0.001 fwd 0.003 inv 0.001 d2h 0.036 crt 0.021 total 0.077 s
mdev 2^25 (30198988 limbs): repack 0.032 h2d 0.001 fwd 0.003 inv 0.001 d2h 0.035 crt 0.018 total 0.076 s
mdev 2^25 (30198988 limbs): repack 0.029 h2d 0.001 fwd 0.003 inv 0.001 d2h 0.036 crt 0.018 total 0.073 s
dist_mn node 0: 2^25 = 2^12 x 2^13 over 2 x 4 ranks, 3 primes (rows 512..512; 15099494 + 15099494 limbs at 0, window [0, 30198988) of share [0, 30198988)): redistribute 0.061 ntt 0.372 crt 0.000 out 0.023 spills+carry 0.002 total 0.439 s [B cached]
dist_mn node 1: 2^25 = 2^12 x 2^13 over 2 x 4 ranks, 3 primes (rows 512..512; 15099494 + 15099494 limbs at 0, window [30198988, 30198988) of share [30198988, 60397976)): redistribute 0.057 ntt 0.373 crt 0.000 out 0.023 spills+carry 0.002 total 0.438 s [B cached]
dist_mn node 0: 2^25 = 2^12 x 2^13 over 2 x 4 ranks, 3 primes (rows 512..512; 15099494 + 15099494 limbs at 15099494, window [0, 15099494) of share [0, 30198988), accumulated): redistribute 0.014 ntt 0.250 crt 0.000 out 0.024 spills+carry 0.016 total 0.304 s [B hit]
dist_mn node 1: 2^25 = 2^12 x 2^13 over 2 x 4 ranks, 3 primes (rows 512..512; 15099494 + 15099494 limbs at 15099494, window [15099494, 30198988) of share [30198988, 60397976), accumulated): redistribute 0.014 ntt 0.252 crt 0.000 out 0.022 spills+carry 0.016 total 0.304 s [B hit]
dist_mn node 0: 2^25 = 2^12 x 2^13 over 2 x 4 ranks, 3 primes (rows 512..512; 15099494 + 15099494 limbs at 15099494, window [0, 15099494) of share [0, 30198988), accumulated): redistribute 0.025 ntt 0.331 crt 0.000 out 0.031 spills+carry 0.018 total 0.405 s [B cached]
dist_mn node 1: 2^25 = 2^12 x 2^13 over 2 x 4 ranks, 3 primes (rows 512..512; 15099494 + 15099494 limbs at 15099494, window [15099494, 30198988) of share [30198988, 60397976), accumulated): redistribute 0.024 ntt 0.331 crt 0.000 out 0.032 spills+carry 0.018 total 0.405 s [B cached]
dist_mn node 0: 2^25 = 2^12 x 2^13 over 2 x 4 ranks, 3 primes (rows 512..512; 15099494 + 15099494 limbs at 30198988, window [0, 0) of share [0, 30198988), accumulated): redistribute 0.018 ntt 0.248 crt 0.000 out 0.037 spills+carry 0.003 total 0.306 s [B hit]
dist_mn node 0: 30198988 x 30198988 limbs over 2 x 4 ranks (cap 2^25): 2 x 2 pieces, 4 formed, 0 skipped (cache 2 slots: 27 hits, 35 misses)
dist_mn node 1: 2^25 = 2^12 x 2^13 over 2 x 4 ranks, 3 primes (rows 512..512; 15099494 + 15099494 limbs at 30198988, window [0, 30198988) of share [30198988, 60397976), accumulated): redistribute 0.018 ntt 0.256 crt 0.000 out 0.029 spills+carry 0.003 total 0.306 s [B hit]
dist_mn node 1: 30198988 x 30198988 limbs over 2 x 4 ranks (cap 2^25): 2 x 2 pieces, 4 formed, 0 skipped (cache 2 slots: 27 hits, 35 misses)
dist_mn node 0: 30198988 + 30198988 limbs -> 60397976 (share 30198988): redistribute 0.117 ntt 1.201 crt 0.002 out 0.115 spills+carry 0.039, total 1.492 s
dist_mn node 1: 30198988 + 30198988 limbs -> 60397976 (share 30198988): redistribute 0.114 ntt 1.211 crt 0.002 out 0.106 spills+carry 0.038, total 1.456 s
dist_mn node 0: 2^25 = 2^12 x 2^13 over 2 x 4 ranks, 3 primes (rows 512..512; 15099494 + 15099494 limbs at 0, window [0, 30198987) of share [0, 30198987)): redistribute 0.074 ntt 0.318 crt 0.001 out 0.023 spills+carry 0.002 total 0.365 s [B hit]
dist_mn node 1: 2^25 = 2^12 x 2^13 over 2 x 4 ranks, 3 primes (rows 512..512; 15099494 + 15099494 limbs at 0, window [30198987, 30198988) of share [30198987, 60397975)): redistribute 0.074 ntt 0.320 crt 0.001 out 0.022 spills+carry 0.002 total 0.364 s [B hit]
dist_mn node 0: 2^25 = 2^12 x 2^13 over 2 x 4 ranks, 3 primes (rows 512..512; 15099494 + 15099494 limbs at 15099494, window [0, 15099493) of share [0, 30198987), accumulated): redistribute 0.015 ntt 0.244 crt 0.000 out 0.024 spills+carry 0.015 total 0.298 s [B hit]
dist_mn node 1: 2^25 = 2^12 x 2^13 over 2 x 4 ranks, 3 primes (rows 512..512; 15099494 + 15099494 limbs at 15099494, window [15099493, 30198988) of share [30198987, 60397975), accumulated): redistribute 0.016 ntt 0.240 crt 0.000 out 0.026 spills+carry 0.015 total 0.298 s [B hit]
dist_mn node 0: 2^25 = 2^12 x 2^13 over 2 x 4 ranks, 3 primes (rows 512..512; 15099494 + 15099494 limbs at 15099494, window [0, 15099493) of share [0, 30198987), accumulated): redistribute 0.013 ntt 0.230 crt 0.001 out 0.032 spills+carry 0.017 total 0.291 s [B hit]
dist_mn node 1: 2^25 = 2^12 x 2^13 over 2 x 4 ranks, 3 primes (rows 512..512; 15099494 + 15099494 limbs at 15099494, window [15099493, 30198988) of share [30198987, 60397975), accumulated): redistribute 0.013 ntt 0.228 crt 0.001 out 0.032 spills+carry 0.017 total 0.291 s [B hit]
dist_mn node 0: 2^25 = 2^12 x 2^13 over 2 x 4 ranks, 3 primes (rows 512..512; 15099494 + 15099494 limbs at 30198988, window [0, 0) of share [0, 30198987), accumulated): redistribute 0.018 ntt 0.233 crt 0.000 out 0.028 spills+carry 0.003 total 0.270 s [B hit]
dist_mn node 0: 30198988 x 30198988 limbs over 2 x 4 ranks (cap 2^25): 2 x 2 pieces, 4 formed, 0 skipped (low product) (cache 2 slots: 31 hits, 35 misses)
dist_mn node 1: 2^25 = 2^12 x 2^13 over 2 x 4 ranks, 3 primes (rows 512..512; 15099494 + 15099494 limbs at 30198988, window [0, 30198987) of share [30198987, 60397975), accumulated): redistribute 0.018 ntt 0.227 crt 0.000 out 0.031 spills+carry 0.003 total 0.270 s [B hit]
dist_mn node 1: 30198988 x 30198988 limbs over 2 x 4 ranks (cap 2^25): 2 x 2 pieces, 4 formed, 0 skipped (low product) (cache 2 slots: 31 hits, 35 misses)
dist_mn node 0: 30198988 + 30198988 limbs -> 60397975 (share 30198987): redistribute 0.119 ntt 1.024 crt 0.002 out 0.107 spills+carry 0.038, total 1.226 s
dist_mn node 1: 30198988 + 30198988 limbs -> 60397975 (share 30198988): redistribute 0.120 ntt 1.015 crt 0.002 out 0.111 spills+carry 0.038, total 1.225 s
dist_mn node 0: 2^25 = 2^12 x 2^13 over 2 x 4 ranks, 3 primes (rows 512..512; 15099494 + 15099491 limbs at 0, window [0, 22649237) of share [0, 22649237)): redistribute 0.078 ntt 0.429 crt 0.000 out 0.035 spills+carry 0.002 total 0.501 s [A cached] [B cached]
dist_mn node 1: 2^25 = 2^12 x 2^13 over 2 x 4 ranks, 3 primes (rows 512..512; 15099494 + 15099491 limbs at 0, window [22649237, 30198985) of share [22649237, 45298475)): redistribute 0.078 ntt 0.431 crt 0.000 out 0.032 spills+carry 0.002 total 0.501 s [A cached] [B cached]
dist_mn node 0: 2^25 = 2^12 x 2^13 over 2 x 4 ranks, 3 primes (rows 512..512; 15099494 + 15099490 limbs at 15099491, window [0, 7549746) of share [0, 22649237), accumulated): redistribute 0.014 ntt 0.215 crt 0.000 out 0.032 spills+carry 0.008 total 0.269 s [A hit] [B cached]
dist_mn node 0: 15099494 x 30198981 limbs over 2 x 4 ranks (cap 2^25): 1 x 2 pieces, 2 formed, 0 skipped (cache 2 slots: 1 hits, 3 misses)
dist_mn node 1: 2^25 = 2^12 x 2^13 over 2 x 4 ranks, 3 primes (rows 512..512; 15099494 + 15099490 limbs at 15099491, window [7549746, 30198984) of share [22649237, 45298475), accumulated): redistribute 0.014 ntt 0.220 crt 0.000 out 0.027 spills+carry 0.008 total 0.269 s [A hit] [B cached]
dist_mn node 1: 15099494 x 30198981 limbs over 2 x 4 ranks (cap 2^25): 1 x 2 pieces, 2 formed, 0 skipped (cache 2 slots: 1 hits, 3 misses)
dist_mn node 0: 15099494 + 30198981 limbs -> 45298475 (share 22649237): redistribute 0.092 ntt 0.643 crt 0.001 out 0.067 spills+carry 0.011, total 0.772 s
dist_mn node 1: 15099494 + 30198981 limbs -> 45298475 (share 22649238): redistribute 0.092 ntt 0.651 crt 0.001 out 0.059 spills+carry 0.011, total 0.772 s
mdev 3*2^24 (45298475 limbs): repack 0.050 h2d 0.001 fwd 0.009 inv 0.005 d2h 0.034 crt 0.023 total 0.101 s
mdev 3*2^24 (45298475 limbs): repack 0.053 h2d 0.001 fwd 0.009 inv 0.006 d2h 0.039 crt 0.036 total 0.109 s
dist_mn node 0: 2^25 = 2^12 x 2^13 over 2 x 4 ranks, 3 primes (rows 512..512; 15099494 + 15099491 limbs at 0, window [0, 7549748) of share [0, 7549748)): redistribute 0.026 ntt 0.350 crt 0.000 out 0.015 spills+carry 0.003 total 0.390 s [A cached] [B cached]
dist_mn node 1: 2^25 = 2^12 x 2^13 over 2 x 4 ranks, 3 primes (rows 512..512; 15099494 + 15099491 limbs at 0, window [7549748, 15099497) of share [7549748, 15099497)): redistribute 0.026 ntt 0.346 crt 0.000 out 0.015 spills+carry 0.003 total 0.390 s [A cached] [B cached]
dist_mn node 0: 2^25 = 2^12 x 2^13 over 2 x 4 ranks, 3 primes (rows 512..512; 15099494 + 15099490 limbs at 15099491, window [0, 0) of share [0, 7549748), accumulated): redistribute 0.020 ntt 0.235 crt 0.000 out 0.004 spills+carry 0.000 total 0.260 s [A hit] [B cached]
dist_mn node 0: 15099494 x 30198981 limbs over 2 x 4 ranks (cap 2^25): 1 x 2 pieces, 2 formed, 0 skipped (low product) (cache 2 slots: 2 hits, 6 misses)
dist_mn node 1: 2^25 = 2^12 x 2^13 over 2 x 4 ranks, 3 primes (rows 512..512; 15099494 + 15099490 limbs at 15099491, window [0, 6) of share [7549748, 15099497), accumulated): redistribute 0.012 ntt 0.245 crt 0.000 out 0.001 spills+carry 0.001 total 0.260 s [A hit] [B cached]
dist_mn node 1: 15099494 x 30198981 limbs over 2 x 4 ranks (cap 2^25): 1 x 2 pieces, 2 formed, 0 skipped (low product) (cache 2 slots: 2 hits, 6 misses)
dist_mn node 0: 15099494 + 30198981 limbs -> 15099497 (share 7549748): redistribute 0.046 ntt 0.585 crt 0.001 out 0.019 spills+carry 0.003, total 0.652 s
dist_mn node 1: 15099494 + 30198981 limbs -> 15099497 (share 7549749): redistribute 0.038 ntt 0.591 crt 0.001 out 0.016 spills+carry 0.004, total 0.655 s
dist_mn node 0: 2^25 = 2^12 x 2^13 over 2 x 4 ranks, 3 primes (rows 512..512; 15099494 + 15099494 limbs at 0, window [0, 30198988) of share [0, 30198988)): redistribute 0.044 ntt 0.420 crt 0.000 out 0.025 spills+carry 0.002 total 0.473 s [A cached] [B cached]
dist_mn node 1: 2^25 = 2^12 x 2^13 over 2 x 4 ranks, 3 primes (rows 512..512; 15099494 + 15099494 limbs at 0, window [30198988, 30198988) of share [30198988, 60397977)): redistribute 0.038 ntt 0.418 crt 0.000 out 0.023 spills+carry 0.002 total 0.473 s [A cached] [B cached]
dist_mn node 0: 2^25 = 2^12 x 2^13 over 2 x 4 ranks, 3 primes (rows 512..512; 15099494 + 15099494 limbs at 15099494, window [0, 15099494) of share [0, 30198988), accumulated): redistribute 0.025 ntt 0.271 crt 0.000 out 0.032 spills+carry 0.015 total 0.334 s [B hit]
dist_mn node 1: 2^25 = 2^12 x 2^13 over 2 x 4 ranks, 3 primes (rows 512..512; 15099494 + 15099494 limbs at 15099494, window [15099494, 30198988) of share [30198988, 60397977), accumulated): redistribute 0.025 ntt 0.275 crt 0.000 out 0.026 spills+carry 0.015 total 0.334 s [B hit]
dist_mn node 0: 2^25 = 2^12 x 2^13 over 2 x 4 ranks, 3 primes (rows 512..512; 15099494 + 15099494 limbs at 15099494, window [0, 15099494) of share [0, 30198988), accumulated): redistribute 0.015 ntt 0.215 crt 0.001 out 0.043 spills+carry 0.018 total 0.291 s [A hit] [B cached]
dist_mn node 1: 2^25 = 2^12 x 2^13 over 2 x 4 ranks, 3 primes (rows 512..512; 15099494 + 15099494 limbs at 15099494, window [15099494, 30198988) of share [30198988, 60397977), accumulated): redistribute 0.015 ntt 0.222 crt 0.001 out 0.036 spills+carry 0.018 total 0.291 s [A hit] [B cached]
dist_mn node 0: 2^25 = 2^12 x 2^13 over 2 x 4 ranks, 3 primes (rows 512..512; 15099494 + 15099494 limbs at 30198988, window [0, 0) of share [0, 30198988), accumulated): redistribute 0.017 ntt 0.222 crt 0.000 out 0.022 spills+carry 0.003 total 0.264 s [B hit]
dist_mn node 1: 2^25 = 2^12 x 2^13 over 2 x 4 ranks, 3 primes (rows 512..512; 15099494 + 15099494 limbs at 30198988, window [0, 30198988) of share [30198988, 60397977), accumulated): redistribute 0.021 ntt 0.220 crt 0.000 out 0.022 spills+carry 0.003 total 0.264 s [B hit]
mdb_add_shifted node 0: 30198985 limbs at 0 into a basis of 60397977 (my window [0, 30198985), 1 rounds of 7549760; slabs 0 + 7549746 limbs per APU 0): 0.041 s
dist_mn node 0: 30198988 x 30198988 limbs over 2 x 4 ranks (cap 2^25): 2 x 2 pieces, 4 formed, 0 skipped (cache 2 slots: 5 hits, 9 misses)
mdb_add_shifted node 1: 30198985 limbs at 0 into a basis of 60397977 (my window [30198988, 30198988), 1 rounds of 7549760; slabs 7549746 + 0 limbs per APU 0): 0.041 s
dist_mn node 1: 30198988 x 30198988 limbs over 2 x 4 ranks (cap 2^25): 2 x 2 pieces, 4 formed, 0 skipped (cache 2 slots: 5 hits, 9 misses)
dist_mn node 0: 30198988 + 30198988 + x limbs -> 60397976 (share 30198988): redistribute 0.101 ntt 1.127 crt 0.002 out 0.123 spills+carry 0.038, total 1.405 s
dist_mn node 1: 30198988 + 30198988 + x limbs -> 60397976 (share 30198989): redistribute 0.098 ntt 1.135 crt 0.002 out 0.107 spills+carry 0.038, total 1.408 s
mdb_add_shifted node 0: 30198985 limbs at 0 into a basis of 60397977 (my window [0, 30198985), 1 rounds of 7549760; slabs 0 + 7549746 limbs per APU 0): 0.121 s
mdb_add_shifted node 1: 30198985 limbs at 0 into a basis of 60397977 (my window [30198988, 30198988), 1 rounds of 7549760; slabs 7549746 + 0 limbs per APU 0): 0.096 s
mdb_add_shifted node 0: 30198985 limbs at 7 into a basis of 60397977 (my window [7, 30198988), 1 rounds of 7549760; slabs 0 + 7549745 limbs per APU 0): 0.086 s
mdb_add_shifted node 1: 30198985 limbs at 7 into a basis of 60397977 (my window [30198988, 30198992), 1 rounds of 7549760; slabs 7549746 + 1 limbs per APU 0): 0.138 s
mdb_add_shifted node 0: 30198985 limbs at 15099494 into a basis of 60397977 (my window [15099494, 30198988), 1 rounds of 3774880; slabs 0 + 3774873 limbs per APU 0): 0.069 s
mdb_add_shifted node 1: 30198985 limbs at 15099494 into a basis of 60397977 (my window [30198988, 45298479), 1 rounds of 3774880; slabs 7549745 + 3774872 limbs per APU 0): 0.071 s
mdb_add_shifted node 0: 30198985 limbs at 30198988 into a basis of 60397977 (my window [30198988, 30198988), 1 rounds of 7549760; slabs 0 + 0 limbs per APU 0): 0.005 s
mdb_add_shifted node 1: 30198985 limbs at 30198988 into a basis of 60397977 (my window [30198988, 60397973), 1 rounds of 7549760; slabs 7549746 + 7549746 limbs per APU 0): 0.034 s

t_mn_grid: VERIFY OK (200 checks)

t_mn_grid: VERIFY OK (200 checks)
