META limb_base=10^18
META bench=cx_grid host=ppac-pl1-s24-16 date=2026-09-28T07:51:08
META limb_base=10^18
META bench=cx_grid host=ppac-pl1-s24-16 date=2026-09-28T07:51:08
META limb_base=10^18
META bench=cx_grid host=ppac-pl1-s24-16 date=2026-09-28T07:51:08
META limb_base=10^18
META bench=cx_grid host=ppac-pl1-s24-16 date=2026-09-28T07:51:08
mn: node 2 of 4, four meshes of 4 ranks on ppac-pl1-s24-16,ppac-pl1-s24-16,ppac-pl1-s24-16,ppac-pl1-s24-16 (port base 20855): connected in 0.10 s
mn: node 2: level 2 group [0, 4) (transform nodes 4): meshes connected in 0.00 s
cx_grid: node 2 of 4, plane cap 2^27, pool_log 25, 2 repetitions (+ warm-up), slot counts 0,1,2
mn: node 1 of 4, four meshes of 4 ranks on ppac-pl1-s24-16,ppac-pl1-s24-16,ppac-pl1-s24-16,ppac-pl1-s24-16 (port base 20855): connected in 0.10 s
mn: node 1: level 2 group [0, 4) (transform nodes 4): meshes connected in 0.00 s
cx_grid: node 1 of 4, plane cap 2^27, pool_log 25, 2 repetitions (+ warm-up), slot counts 0,1,2
mn: node 0 of 4, four meshes of 4 ranks on ppac-pl1-s24-16,ppac-pl1-s24-16,ppac-pl1-s24-16,ppac-pl1-s24-16 (port base 20855): connected in 0.20 s
mn: node 0: level 2 group [0, 4) (transform nodes 4): meshes connected in 0.00 s
cx_grid: node 0 of 4, plane cap 2^27, pool_log 25, 2 repetitions (+ warm-up), slot counts 0,1,2
mn: node 3 of 4, four meshes of 4 ranks on ppac-pl1-s24-16,ppac-pl1-s24-16,ppac-pl1-s24-16,ppac-pl1-s24-16 (port base 20855): connected in 0.09 s
mn: node 3: level 2 group [0, 4) (transform nodes 4): meshes connected in 0.00 s
cx_grid: node 3 of 4, plane cap 2^27, pool_log 25, 2 repetitions (+ warm-up), slot counts 0,1,2
   transform cache: 2 of 2 slots of 0.2 GiB per APU allocated in 0.22 s (margin 24 GB) [RNS_DIST_CACHE_FIT: slot 2^23 limbs x 4 primes; no budget room (ECALC_BUDGET_CHECK=0): the free memory alone] = 2.15 GB per node-process
   transform cache: 2 of 2 slots of 0.2 GiB per APU allocated in 0.26 s (margin 24 GB) [RNS_DIST_CACHE_FIT: slot 2^23 limbs x 4 primes; no budget room (ECALC_BUDGET_CHECK=0): the free memory alone] = 2.15 GB per node-process
   transform cache: 2 of 2 slots of 0.2 GiB per APU allocated in 0.28 s (margin 24 GB) [RNS_DIST_CACHE_FIT: slot 2^23 limbs x 4 primes; no budget room (ECALC_BUDGET_CHECK=0): the free memory alone] = 2.15 GB per node-process
   transform cache: 2 of 2 slots of 0.2 GiB per APU allocated in 0.28 s (margin 24 GB) [RNS_DIST_CACHE_FIT: slot 2^23 limbs x 4 primes; no budget room (ECALC_BUDGET_CHECK=0): the free memory alone] = 2.15 GB per node-process
cache_trace node 0: piece (0, 0) of 2 x 3, 79590803 + 53063711 limbs at 0, slots 2: A cached B cached | 2.003 s: redistribute 0.489 ntt 1.266 crt 0.077 out 0.229 carry 0.006
cache_trace node 1: piece (0, 0) of 2 x 3, 79590803 + 53063711 limbs at 0, slots 2: A cached B cached | 2.004 s: redistribute 0.585 ntt 1.278 crt 0.075 out 0.195 carry 0.007
cache_trace node 2: piece (0, 0) of 2 x 3, 79590803 + 53063711 limbs at 0, slots 2: A cached B cached | 2.003 s: redistribute 0.601 ntt 1.248 crt 0.003 out 0.262 carry 0.007
cache_trace node 3: piece (0, 0) of 2 x 3, 79590803 + 53063711 limbs at 0, slots 2: A cached B cached | 2.004 s: redistribute 0.552 ntt 1.247 crt 0.065 out 0.246 carry 0.007
cache_trace node 0: piece (1, 0) of 2 x 3, 79590802 + 53063711 limbs at 79590803, slots 2: A - B HIT | 1.230 s: redistribute 0.415 ntt 0.801 crt 0.002 out 0.191 carry 0.035
cache_trace node 1: piece (1, 0) of 2 x 3, 79590802 + 53063711 limbs at 79590803, slots 2: A - B HIT | 1.230 s: redistribute 0.378 ntt 0.780 crt 0.010 out 0.151 carry 0.035
cache_trace node 2: piece (1, 0) of 2 x 3, 79590802 + 53063711 limbs at 79590803, slots 2: A - B HIT | 1.230 s: redistribute 0.416 ntt 0.799 crt 0.002 out 0.162 carry 0.035
cache_trace node 3: piece (1, 0) of 2 x 3, 79590802 + 53063711 limbs at 79590803, slots 2: A - B HIT | 1.230 s: redistribute 0.427 ntt 0.809 crt 0.002 out 0.189 carry 0.035
cache_trace node 0: piece (0, 1) of 2 x 3, 79590803 + 53063711 limbs at 53063711, slots 2: A HIT B cached | 0.691 s: redistribute 0.033 ntt 0.555 crt 0.001 out 0.078 carry 0.029
cache_trace node 1: piece (0, 1) of 2 x 3, 79590803 + 53063711 limbs at 53063711, slots 2: A HIT B cached | 0.691 s: redistribute 0.037 ntt 0.550 crt 0.001 out 0.082 carry 0.029
cache_trace node 2: piece (0, 1) of 2 x 3, 79590803 + 53063711 limbs at 53063711, slots 2: A HIT B cached | 0.691 s: redistribute 0.031 ntt 0.548 crt 0.001 out 0.083 carry 0.029
cache_trace node 3: piece (0, 1) of 2 x 3, 79590803 + 53063711 limbs at 53063711, slots 2: A HIT B cached | 0.691 s: redistribute 0.040 ntt 0.549 crt 0.001 out 0.077 carry 0.029
cache_trace node 0: piece (1, 1) of 2 x 3, 79590802 + 53063711 limbs at 132654514, slots 2: A - B HIT | 1.023 s: redistribute 0.049 ntt 0.592 crt 0.001 out 0.356 carry 0.030
cache_trace node 1: piece (1, 1) of 2 x 3, 79590802 + 53063711 limbs at 132654514, slots 2: A - B HIT | 1.023 s: redistribute 0.077 ntt 0.570 crt 0.001 out 0.354 carry 0.030
cache_trace node 2: piece (1, 1) of 2 x 3, 79590802 + 53063711 limbs at 132654514, slots 2: A - B HIT | 1.023 s: redistribute 0.035 ntt 0.602 crt 0.001 out 0.185 carry 0.030
cache_trace node 3: piece (1, 1) of 2 x 3, 79590802 + 53063711 limbs at 132654514, slots 2: A - B HIT | 1.023 s: redistribute 0.050 ntt 0.594 crt 0.001 out 0.346 carry 0.030
cache_trace node 0: piece (0, 2) of 2 x 3, 79590803 + 53063709 limbs at 106127422, slots 2: A HIT B cached | 0.960 s: redistribute 0.216 ntt 0.681 crt 0.002 out 0.164 carry 0.030
cache_trace node 1: piece (0, 2) of 2 x 3, 79590803 + 53063709 limbs at 106127422, slots 2: A HIT B cached | 0.960 s: redistribute 0.210 ntt 0.692 crt 0.002 out 0.162 carry 0.030
cache_trace node 2: piece (0, 2) of 2 x 3, 79590803 + 53063709 limbs at 106127422, slots 2: A HIT B cached | 0.960 s: redistribute 0.213 ntt 0.686 crt 0.002 out 0.152 carry 0.029
cache_trace node 3: piece (0, 2) of 2 x 3, 79590803 + 53063709 limbs at 106127422, slots 2: A HIT B cached | 0.960 s: redistribute 0.215 ntt 0.685 crt 0.002 out 0.161 carry 0.030
cache_trace node 0: piece (1, 2) of 2 x 3, 79590802 + 53063709 limbs at 185718225, slots 2: A - B HIT | 0.968 s: redistribute 0.065 ntt 0.588 crt 0.001 out 0.301 carry 0.032
dist_mn node 0: 159181605 x 159191131 limbs over 4 x 4 ranks (cap 2^27): 2 x 3 pieces, 6 formed, 0 skipped (cache 2 slots: 5 hits, 4 misses)
cache_trace node 1: piece (1, 2) of 2 x 3, 79590802 + 53063709 limbs at 185718225, slots 2: A - B HIT | 0.968 s: redistribute 0.081 ntt 0.567 crt 0.001 out 0.302 carry 0.032
dist_mn node 1: 159181605 x 159191131 limbs over 4 x 4 ranks (cap 2^27): 2 x 3 pieces, 6 formed, 0 skipped (cache 2 slots: 5 hits, 4 misses)
cache_trace node 2: piece (1, 2) of 2 x 3, 79590802 + 53063709 limbs at 185718225, slots 2: A - B HIT | 0.968 s: redistribute 0.046 ntt 0.591 crt 0.001 out 0.304 carry 0.031
dist_mn node 2: 159181605 x 159191131 limbs over 4 x 4 ranks (cap 2^27): 2 x 3 pieces, 6 formed, 0 skipped (cache 2 slots: 5 hits, 4 misses)
cache_trace node 3: piece (1, 2) of 2 x 3, 79590802 + 53063709 limbs at 185718225, slots 2: A - B HIT | 0.968 s: redistribute 0.038 ntt 0.583 crt 0.001 out 0.175 carry 0.031
dist_mn node 3: 159181605 x 159191131 limbs over 4 x 4 ranks (cap 2^27): 2 x 3 pieces, 6 formed, 0 skipped (cache 2 slots: 5 hits, 4 misses)
cx_grid node 0: the allocating product (2 slots): 7.346 s, the cache's allocation 0.26 s
cx_grid node 1: the allocating product (2 slots): 7.346 s, the cache's allocation 0.28 s
cx_grid node 2: the allocating product (2 slots): 7.346 s, the cache's allocation 0.22 s
cx_grid node 3: the allocating product (2 slots): 7.346 s, the cache's allocation 0.28 s
cache_trace node 0: piece (0, 0) of 2 x 3, 79590803 + 53063711 limbs at 0, slots 0: A - B - | 1.060 s: redistribute 0.083 ntt 0.884 crt 0.002 out 0.099 carry 0.002
cache_trace node 1: piece (0, 0) of 2 x 3, 79590803 + 53063711 limbs at 0, slots 0: A - B - | 1.060 s: redistribute 0.093 ntt 0.890 crt 0.002 out 0.100 carry 0.002
cache_trace node 2: piece (0, 0) of 2 x 3, 79590803 + 53063711 limbs at 0, slots 0: A - B - | 1.060 s: redistribute 0.097 ntt 0.890 crt 0.001 out 0.094 carry 0.002
cache_trace node 3: piece (0, 0) of 2 x 3, 79590803 + 53063711 limbs at 0, slots 0: A - B - | 1.060 s: redistribute 0.085 ntt 0.886 crt 0.002 out 0.100 carry 0.002
cache_trace node 0: piece (1, 0) of 2 x 3, 79590802 + 53063711 limbs at 79590803, slots 0: A - B - | 1.051 s: redistribute 0.091 ntt 0.867 crt 0.002 out 0.092 carry 0.029
cache_trace node 1: piece (1, 0) of 2 x 3, 79590802 + 53063711 limbs at 79590803, slots 0: A - B - | 1.051 s: redistribute 0.076 ntt 0.866 crt 0.002 out 0.095 carry 0.029
cache_trace node 2: piece (1, 0) of 2 x 3, 79590802 + 53063711 limbs at 79590803, slots 0: A - B - | 1.051 s: redistribute 0.092 ntt 0.870 crt 0.001 out 0.090 carry 0.029
cache_trace node 3: piece (1, 0) of 2 x 3, 79590802 + 53063711 limbs at 79590803, slots 0: A - B - | 1.051 s: redistribute 0.094 ntt 0.880 crt 0.001 out 0.087 carry 0.029
cache_trace node 0: piece (0, 1) of 2 x 3, 79590803 + 53063711 limbs at 53063711, slots 0: A - B - | 1.126 s: redistribute 0.108 ntt 0.942 crt 0.003 out 0.082 carry 0.029
cache_trace node 1: piece (0, 1) of 2 x 3, 79590803 + 53063711 limbs at 53063711, slots 0: A - B - | 1.126 s: redistribute 0.111 ntt 0.943 crt 0.003 out 0.082 carry 0.029
cache_trace node 2: piece (0, 1) of 2 x 3, 79590803 + 53063711 limbs at 53063711, slots 0: A - B - | 1.126 s: redistribute 0.120 ntt 0.940 crt 0.002 out 0.087 carry 0.029
cache_trace node 3: piece (0, 1) of 2 x 3, 79590803 + 53063711 limbs at 53063711, slots 0: A - B - | 1.126 s: redistribute 0.111 ntt 0.948 crt 0.002 out 0.083 carry 0.029
cache_trace node 0: piece (1, 1) of 2 x 3, 79590802 + 53063711 limbs at 132654514, slots 0: A - B - | 1.042 s: redistribute 0.074 ntt 0.862 crt 0.001 out 0.097 carry 0.026
cache_trace node 1: piece (1, 1) of 2 x 3, 79590802 + 53063711 limbs at 132654514, slots 0: A - B - | 1.042 s: redistribute 0.075 ntt 0.857 crt 0.001 out 0.096 carry 0.026
cache_trace node 2: piece (1, 1) of 2 x 3, 79590802 + 53063711 limbs at 132654514, slots 0: A - B - | 1.042 s: redistribute 0.077 ntt 0.870 crt 0.001 out 0.075 carry 0.026
cache_trace node 3: piece (1, 1) of 2 x 3, 79590802 + 53063711 limbs at 132654514, slots 0: A - B - | 1.042 s: redistribute 0.072 ntt 0.864 crt 0.001 out 0.095 carry 0.026
cache_trace node 0: piece (0, 2) of 2 x 3, 79590803 + 53063709 limbs at 106127422, slots 0: A - B - | 1.040 s: redistribute 0.072 ntt 0.864 crt 0.001 out 0.086 carry 0.031
cache_trace node 1: piece (0, 2) of 2 x 3, 79590803 + 53063709 limbs at 106127422, slots 0: A - B - | 1.040 s: redistribute 0.074 ntt 0.863 crt 0.001 out 0.081 carry 0.031
cache_trace node 2: piece (0, 2) of 2 x 3, 79590803 + 53063709 limbs at 106127422, slots 0: A - B - | 1.040 s: redistribute 0.069 ntt 0.869 crt 0.001 out 0.080 carry 0.031
cache_trace node 3: piece (0, 2) of 2 x 3, 79590803 + 53063709 limbs at 106127422, slots 0: A - B - | 1.040 s: redistribute 0.073 ntt 0.869 crt 0.001 out 0.085 carry 0.031
cache_trace node 0: piece (1, 2) of 2 x 3, 79590802 + 53063709 limbs at 185718225, slots 0: A - B - | 1.051 s: redistribute 0.073 ntt 0.855 crt 0.002 out 0.096 carry 0.031
dist_mn node 0: 159181605 x 159191131 limbs over 4 x 4 ranks (cap 2^27): 2 x 3 pieces, 6 formed, 0 skipped (cache 0 slots: 0 hits, 0 misses)
cache_trace node 1: piece (1, 2) of 2 x 3, 79590802 + 53063709 limbs at 185718225, slots 0: A - B - | 1.051 s: redistribute 0.073 ntt 0.861 crt 0.002 out 0.094 carry 0.031
dist_mn node 1: 159181605 x 159191131 limbs over 4 x 4 ranks (cap 2^27): 2 x 3 pieces, 6 formed, 0 skipped (cache 0 slots: 0 hits, 0 misses)
cache_trace node 2: piece (1, 2) of 2 x 3, 79590802 + 53063709 limbs at 185718225, slots 0: A - B - | 1.051 s: redistribute 0.073 ntt 0.858 crt 0.002 out 0.094 carry 0.031
dist_mn node 2: 159181605 x 159191131 limbs over 4 x 4 ranks (cap 2^27): 2 x 3 pieces, 6 formed, 0 skipped (cache 0 slots: 0 hits, 0 misses)
cache_trace node 3: piece (1, 2) of 2 x 3, 79590802 + 53063709 limbs at 185718225, slots 0: A - B - | 1.051 s: redistribute 0.072 ntt 0.866 crt 0.002 out 0.077 carry 0.030
dist_mn node 3: 159181605 x 159191131 limbs over 4 x 4 ranks (cap 2^27): 2 x 3 pieces, 6 formed, 0 skipped (cache 0 slots: 0 hits, 0 misses)
cx_grid node 1: rep 0 (warm-up) shape 2x3_full (159181605 x 159191131, cut 0 / -1) slots 0: 6.373 s, cache 0 hits 0 misses, C sha256 016385c789164206 same
cx_grid node 3: rep 0 (warm-up) shape 2x3_full (159181605 x 159191131, cut 0 / -1) slots 0: 6.373 s, cache 0 hits 0 misses, C sha256 9bd99874540d8242 same
cx_grid node 0: rep 0 (warm-up) shape 2x3_full (159181605 x 159191131, cut 0 / -1) slots 0: 6.373 s, cache 0 hits 0 misses, C sha256 225bd7b48e391974 same
cx_grid node 2: rep 0 (warm-up) shape 2x3_full (159181605 x 159191131, cut 0 / -1) slots 0: 6.373 s, cache 0 hits 0 misses, C sha256 f4218a47e6a08190 same
cache_trace node 0: piece (0, 0) of 2 x 6, 78703953 + 52845459 limbs at 0, slots 0: A - B - | 1.491 s: redistribute 0.072 ntt 0.962 crt 0.002 out 0.344 carry 0.006
cache_trace node 1: piece (0, 0) of 2 x 6, 78703953 + 52845459 limbs at 0, slots 0: A - B - | 1.491 s: redistribute 0.071 ntt 0.833 crt 0.001 out 0.585 carry 0.006
cache_trace node 2: piece (0, 0) of 2 x 6, 78703953 + 52845459 limbs at 0, slots 0: A - B - | 1.491 s: redistribute 0.072 ntt 0.829 crt 0.001 out 0.587 carry 0.006
cache_trace node 3: piece (0, 0) of 2 x 6, 78703953 + 52845459 limbs at 0, slots 0: A - B - | 1.491 s: redistribute 0.079 ntt 0.828 crt 0.001 out 0.588 carry 0.007
cache_trace node 0: piece (1, 0) of 2 x 6, 78703952 + 52845459 limbs at 78703953, slots 0: A - B - | 1.492 s: redistribute 0.131 ntt 0.893 crt 0.001 out 0.421 carry 0.061
cache_trace node 1: piece (1, 0) of 2 x 6, 78703952 + 52845459 limbs at 78703953, slots 0: A - B - | 1.492 s: redistribute 0.078 ntt 0.907 crt 0.004 out 0.287 carry 0.060
cache_trace node 2: piece (1, 0) of 2 x 6, 78703952 + 52845459 limbs at 78703953, slots 0: A - B - | 1.492 s: redistribute 0.133 ntt 0.891 crt 0.001 out 0.410 carry 0.061
cache_trace node 3: piece (1, 0) of 2 x 6, 78703952 + 52845459 limbs at 78703953, slots 0: A - B - | 1.491 s: redistribute 0.129 ntt 0.899 crt 0.001 out 0.419 carry 0.061
cache_trace node 0: piece (0, 1) of 2 x 6, 78703953 + 52845459 limbs at 52845459, slots 0: A - B - | 1.058 s: redistribute 0.068 ntt 0.847 crt 0.002 out 0.093 carry 0.053
cache_trace node 1: piece (0, 1) of 2 x 6, 78703953 + 52845459 limbs at 52845459, slots 0: A - B - | 1.058 s: redistribute 0.067 ntt 0.850 crt 0.002 out 0.087 carry 0.053
cache_trace node 2: piece (0, 1) of 2 x 6, 78703953 + 52845459 limbs at 52845459, slots 0: A - B - | 1.058 s: redistribute 0.069 ntt 0.851 crt 0.001 out 0.093 carry 0.053
cache_trace node 3: piece (0, 1) of 2 x 6, 78703953 + 52845459 limbs at 52845459, slots 0: A - B - | 1.058 s: redistribute 0.070 ntt 0.861 crt 0.002 out 0.086 carry 0.053
cache_trace node 0: piece (1, 1) of 2 x 6, 78703952 + 52845459 limbs at 131549412, slots 0: A - B - | 1.496 s: redistribute 0.142 ntt 0.872 crt 0.002 out 0.461 carry 0.041
cache_trace node 1: piece (1, 1) of 2 x 6, 78703952 + 52845459 limbs at 131549412, slots 0: A - B - | 1.496 s: redistribute 0.085 ntt 0.878 crt 0.003 out 0.315 carry 0.040
cache_trace node 2: piece (1, 1) of 2 x 6, 78703952 + 52845459 limbs at 131549412, slots 0: A - B - | 1.496 s: redistribute 0.146 ntt 0.864 crt 0.002 out 0.462 carry 0.041
cache_trace node 3: piece (1, 1) of 2 x 6, 78703952 + 52845459 limbs at 131549412, slots 0: A - B - | 1.496 s: redistribute 0.139 ntt 0.874 crt 0.001 out 0.464 carry 0.041
cache_trace node 0: piece (0, 2) of 2 x 6, 78703953 + 52845459 limbs at 105690918, slots 0: A - B - | 1.470 s: redistribute 0.104 ntt 0.874 crt 0.001 out 0.475 carry 0.018
cache_trace node 1: piece (0, 2) of 2 x 6, 78703953 + 52845459 limbs at 105690918, slots 0: A - B - | 1.470 s: redistribute 0.050 ntt 0.884 crt 0.004 out 0.281 carry 0.017
cache_trace node 2: piece (0, 2) of 2 x 6, 78703953 + 52845459 limbs at 105690918, slots 0: A - B - | 1.470 s: redistribute 0.105 ntt 0.873 crt 0.001 out 0.479 carry 0.018
cache_trace node 3: piece (0, 2) of 2 x 6, 78703953 + 52845459 limbs at 105690918, slots 0: A - B - | 1.470 s: redistribute 0.101 ntt 0.869 crt 0.001 out 0.485 carry 0.018
cache_trace node 0: piece (1, 2) of 2 x 6, 78703952 + 52845459 limbs at 184394871, slots 0: A - B - | 1.075 s: redistribute 0.074 ntt 0.871 crt 0.001 out 0.089 carry 0.048
cache_trace node 1: piece (1, 2) of 2 x 6, 78703952 + 52845459 limbs at 184394871, slots 0: A - B - | 1.075 s: redistribute 0.071 ntt 0.883 crt 0.001 out 0.092 carry 0.048
cache_trace node 2: piece (1, 2) of 2 x 6, 78703952 + 52845459 limbs at 184394871, slots 0: A - B - | 1.075 s: redistribute 0.074 ntt 0.874 crt 0.001 out 0.089 carry 0.048
cache_trace node 3: piece (1, 2) of 2 x 6, 78703952 + 52845459 limbs at 184394871, slots 0: A - B - | 1.075 s: redistribute 0.075 ntt 0.869 crt 0.001 out 0.094 carry 0.048
cache_trace node 0: piece (0, 3) of 2 x 6, 78703953 + 52845459 limbs at 158536377, slots 0: A - B - | 1.061 s: redistribute 0.071 ntt 0.852 crt 0.002 out 0.083 carry 0.057
cache_trace node 1: piece (0, 3) of 2 x 6, 78703953 + 52845459 limbs at 158536377, slots 0: A - B - | 1.061 s: redistribute 0.071 ntt 0.857 crt 0.002 out 0.084 carry 0.057
cache_trace node 2: piece (0, 3) of 2 x 6, 78703953 + 52845459 limbs at 158536377, slots 0: A - B - | 1.061 s: redistribute 0.068 ntt 0.860 crt 0.002 out 0.078 carry 0.057
cache_trace node 3: piece (0, 3) of 2 x 6, 78703953 + 52845459 limbs at 158536377, slots 0: A - B - | 1.061 s: redistribute 0.072 ntt 0.855 crt 0.002 out 0.082 carry 0.057
cache_trace node 0: piece (1, 3) of 2 x 6, 78703952 + 52845459 limbs at 237240330, slots 0: A - B - | 1.507 s: redistribute 0.123 ntt 0.881 crt 0.002 out 0.503 carry 0.022
cache_trace node 1: piece (1, 3) of 2 x 6, 78703952 + 52845459 limbs at 237240330, slots 0: A - B - | 1.507 s: redistribute 0.123 ntt 0.876 crt 0.001 out 0.502 carry 0.022
cache_trace node 2: piece (1, 3) of 2 x 6, 78703952 + 52845459 limbs at 237240330, slots 0: A - B - | 1.507 s: redistribute 0.061 ntt 0.887 crt 0.003 out 0.369 carry 0.021
cache_trace node 3: piece (1, 3) of 2 x 6, 78703952 + 52845459 limbs at 237240330, slots 0: A - B - | 1.507 s: redistribute 0.121 ntt 0.879 crt 0.002 out 0.496 carry 0.021
cache_trace node 0: piece (0, 4) of 2 x 6, 78703953 + 52845459 limbs at 211381836, slots 0: A - B - | 1.023 s: redistribute 0.069 ntt 0.834 crt 0.002 out 0.095 carry 0.032
cache_trace node 1: piece (0, 4) of 2 x 6, 78703953 + 52845459 limbs at 211381836, slots 0: A - B - | 1.023 s: redistribute 0.069 ntt 0.834 crt 0.002 out 0.102 carry 0.032
cache_trace node 2: piece (0, 4) of 2 x 6, 78703953 + 52845459 limbs at 211381836, slots 0: A - B - | 1.023 s: redistribute 0.069 ntt 0.839 crt 0.002 out 0.101 carry 0.032
cache_trace node 3: piece (0, 4) of 2 x 6, 78703953 + 52845459 limbs at 211381836, slots 0: A - B - | 1.023 s: redistribute 0.068 ntt 0.824 crt 0.002 out 0.103 carry 0.032
cache_trace node 0: piece (1, 4) of 2 x 6, 78703952 + 52845459 limbs at 290085789, slots 0: A - B - | 1.028 s: redistribute 0.071 ntt 0.843 crt 0.001 out 0.081 carry 0.053
cache_trace node 1: piece (1, 4) of 2 x 6, 78703952 + 52845459 limbs at 290085789, slots 0: A - B - | 1.028 s: redistribute 0.071 ntt 0.833 crt 0.002 out 0.082 carry 0.053
cache_trace node 2: piece (1, 4) of 2 x 6, 78703952 + 52845459 limbs at 290085789, slots 0: A - B - | 1.028 s: redistribute 0.070 ntt 0.832 crt 0.001 out 0.083 carry 0.052
cache_trace node 3: piece (1, 4) of 2 x 6, 78703952 + 52845459 limbs at 290085789, slots 0: A - B - | 1.028 s: redistribute 0.069 ntt 0.832 crt 0.002 out 0.080 carry 0.052
cache_trace node 0: piece (0, 5) of 2 x 6, 78703953 + 52845454 limbs at 264227295, slots 0: A - B - | 1.060 s: redistribute 0.070 ntt 0.866 crt 0.002 out 0.090 carry 0.047
cache_trace node 1: piece (0, 5) of 2 x 6, 78703953 + 52845454 limbs at 264227295, slots 0: A - B - | 1.060 s: redistribute 0.071 ntt 0.855 crt 0.002 out 0.093 carry 0.047
cache_trace node 2: piece (0, 5) of 2 x 6, 78703953 + 52845454 limbs at 264227295, slots 0: A - B - | 1.060 s: redistribute 0.071 ntt 0.865 crt 0.001 out 0.093 carry 0.047
cache_trace node 3: piece (0, 5) of 2 x 6, 78703953 + 52845454 limbs at 264227295, slots 0: A - B - | 1.059 s: redistribute 0.071 ntt 0.860 crt 0.001 out 0.090 carry 0.047
cache_trace node 0: piece (1, 5) of 2 x 6, 78703952 + 52845454 limbs at 342931248, slots 0: A - B - | 1.416 s: redistribute 0.122 ntt 0.833 crt 0.002 out 0.449 carry 0.014
dist_mn node 0: 157407905 x 317072749 limbs over 4 x 4 ranks (cap 2^27): 2 x 6 pieces, 12 formed, 0 skipped (cache 0 slots: 0 hits, 0 misses)
cache_trace node 1: piece (1, 5) of 2 x 6, 78703952 + 52845454 limbs at 342931248, slots 0: A - B - | 1.416 s: redistribute 0.120 ntt 0.836 crt 0.002 out 0.452 carry 0.014
dist_mn node 1: 157407905 x 317072749 limbs over 4 x 4 ranks (cap 2^27): 2 x 6 pieces, 12 formed, 0 skipped (cache 0 slots: 0 hits, 0 misses)
cache_trace node 2: piece (1, 5) of 2 x 6, 78703952 + 52845454 limbs at 342931248, slots 0: A - B - | 1.416 s: redistribute 0.127 ntt 0.835 crt 0.002 out 0.449 carry 0.014
dist_mn node 2: 157407905 x 317072749 limbs over 4 x 4 ranks (cap 2^27): 2 x 6 pieces, 12 formed, 0 skipped (cache 0 slots: 0 hits, 0 misses)
cache_trace node 3: piece (1, 5) of 2 x 6, 78703952 + 52845454 limbs at 342931248, slots 0: A - B - | 1.416 s: redistribute 0.052 ntt 0.842 crt 0.006 out 0.240 carry 0.013
dist_mn node 3: 157407905 x 317072749 limbs over 4 x 4 ranks (cap 2^27): 2 x 6 pieces, 12 formed, 0 skipped (cache 0 slots: 0 hits, 0 misses)
cx_grid node 2: rep 0 (warm-up) shape 2x6_full (157407905 x 317072749, cut 0 / -1) slots 0: 15.363 s, cache 0 hits 0 misses, C sha256 99747f2d57c5e2cf same
cx_grid node 3: rep 0 (warm-up) shape 2x6_full (157407905 x 317072749, cut 0 / -1) slots 0: 15.363 s, cache 0 hits 0 misses, C sha256 db65c4e9c17923b1 same
cx_grid node 0: rep 0 (warm-up) shape 2x6_full (157407905 x 317072749, cut 0 / -1) slots 0: 15.363 s, cache 0 hits 0 misses, C sha256 75d48aec4fdde193 same
cx_grid node 1: rep 0 (warm-up) shape 2x6_full (157407905 x 317072749, cut 0 / -1) slots 0: 15.363 s, cache 0 hits 0 misses, C sha256 6330df3bb25f6c16 same
cache_trace node 0: piece (0, 0) of 2 x 2, 58235255 + 59310082 limbs at 0, slots 0: A - B - | 0.986 s: redistribute 0.065 ntt 0.865 crt 0.003 out 0.077 carry 0.002
cache_trace node 1: piece (0, 0) of 2 x 2, 58235255 + 59310082 limbs at 0, slots 0: A - B - | 0.986 s: redistribute 0.065 ntt 0.857 crt 0.003 out 0.076 carry 0.002
cache_trace node 3: piece (0, 0) of 2 x 2, 58235255 + 59310082 limbs at 0, slots 0: A - B - | 0.986 s: redistribute 0.067 ntt 0.861 crt 0.001 out 0.079 carry 0.002
cache_trace node 2: piece (0, 0) of 2 x 2, 58235255 + 59310082 limbs at 0, slots 0: A - B - | 0.986 s: redistribute 0.064 ntt 0.870 crt 0.003 out 0.076 carry 0.002
cache_trace node 0: piece (1, 0) of 2 x 2, 58235254 + 59310082 limbs at 58235255, slots 0: A - B - | 0.977 s: redistribute 0.063 ntt 0.844 crt 0.002 out 0.072 carry 0.007
cache_trace node 1: piece (1, 0) of 2 x 2, 58235254 + 59310082 limbs at 58235255, slots 0: A - B - | 0.977 s: redistribute 0.060 ntt 0.851 crt 0.002 out 0.072 carry 0.006
cache_trace node 2: piece (1, 0) of 2 x 2, 58235254 + 59310082 limbs at 58235255, slots 0: A - B - | 0.976 s: redistribute 0.061 ntt 0.846 crt 0.002 out 0.066 carry 0.006
cache_trace node 3: piece (1, 0) of 2 x 2, 58235254 + 59310082 limbs at 58235255, slots 0: A - B - | 0.977 s: redistribute 0.067 ntt 0.854 crt 0.002 out 0.069 carry 0.007
cache_trace node 0: piece (0, 1) of 2 x 2, 58235255 + 59310081 limbs at 59310082, slots 0: A - B - | 0.987 s: redistribute 0.060 ntt 0.858 crt 0.001 out 0.071 carry 0.007
cache_trace node 1: piece (0, 1) of 2 x 2, 58235255 + 59310081 limbs at 59310082, slots 0: A - B - | 0.987 s: redistribute 0.058 ntt 0.861 crt 0.001 out 0.069 carry 0.007
cache_trace node 2: piece (0, 1) of 2 x 2, 58235255 + 59310081 limbs at 59310082, slots 0: A - B - | 0.987 s: redistribute 0.070 ntt 0.864 crt 0.001 out 0.066 carry 0.007
cache_trace node 3: piece (0, 1) of 2 x 2, 58235255 + 59310081 limbs at 59310082, slots 0: A - B - | 0.987 s: redistribute 0.069 ntt 0.862 crt 0.001 out 0.071 carry 0.007
cache_trace node 0: piece (1, 1) of 2 x 2, 58235254 + 59310081 limbs at 117545337, slots 0: A - B - | 0.998 s: redistribute 0.065 ntt 0.867 crt 0.002 out 0.068 carry 0.005
dist_mn node 0: 116470509 x 118620163 limbs over 4 x 4 ranks (cap 2^27): 2 x 2 pieces, 4 formed, 0 skipped (cache 0 slots: 0 hits, 0 misses)
cache_trace node 1: piece (1, 1) of 2 x 2, 58235254 + 59310081 limbs at 117545337, slots 0: A - B - | 0.998 s: redistribute 0.063 ntt 0.874 crt 0.001 out 0.066 carry 0.005
dist_mn node 1: 116470509 x 118620163 limbs over 4 x 4 ranks (cap 2^27): 2 x 2 pieces, 4 formed, 0 skipped (cache 0 slots: 0 hits, 0 misses)
cache_trace node 2: piece (1, 1) of 2 x 2, 58235254 + 59310081 limbs at 117545337, slots 0: A - B - | 0.998 s: redistribute 0.063 ntt 0.877 crt 0.001 out 0.067 carry 0.005
dist_mn node 2: 116470509 x 118620163 limbs over 4 x 4 ranks (cap 2^27): 2 x 2 pieces, 4 formed, 0 skipped (cache 0 slots: 0 hits, 0 misses)
cache_trace node 3: piece (1, 1) of 2 x 2, 58235254 + 59310081 limbs at 117545337, slots 0: A - B - | 0.998 s: redistribute 0.062 ntt 0.872 crt 0.002 out 0.063 carry 0.005
dist_mn node 3: 116470509 x 118620163 limbs over 4 x 4 ranks (cap 2^27): 2 x 2 pieces, 4 formed, 0 skipped (cache 0 slots: 0 hits, 0 misses)
cx_grid node 0: rep 0 (warm-up) shape 2x2_full (116470509 x 118620163, cut 0 / -1) slots 0: 3.950 s, cache 0 hits 0 misses, C sha256 93cc444c3a95e21f same
cx_grid node 2: rep 0 (warm-up) shape 2x2_full (116470509 x 118620163, cut 0 / -1) slots 0: 3.950 s, cache 0 hits 0 misses, C sha256 8c755de6553d0344 same
cx_grid node 3: rep 0 (warm-up) shape 2x2_full (116470509 x 118620163, cut 0 / -1) slots 0: 3.950 s, cache 0 hits 0 misses, C sha256 655f472ae0083311 same
cx_grid node 1: rep 0 (warm-up) shape 2x2_full (116470509 x 118620163, cut 0 / -1) slots 0: 3.950 s, cache 0 hits 0 misses, C sha256 1bfb80fc63c65489 same
cache_trace node 0: piece (0, 0) of 2 x 2, 86466471 + 43233236 limbs at 0, slots 0: A - B - | 0.987 s: redistribute 0.061 ntt 0.869 crt 0.002 out 0.059 carry 0.002
cache_trace node 1: piece (0, 0) of 2 x 2, 86466471 + 43233236 limbs at 0, slots 0: A - B - | 0.987 s: redistribute 0.064 ntt 0.865 crt 0.002 out 0.062 carry 0.002
cache_trace node 2: piece (0, 0) of 2 x 2, 86466471 + 43233236 limbs at 0, slots 0: A - B - | 0.987 s: redistribute 0.063 ntt 0.868 crt 0.002 out 0.059 carry 0.002
cache_trace node 3: piece (0, 0) of 2 x 2, 86466471 + 43233236 limbs at 0, slots 0: A - B - | 0.987 s: redistribute 0.062 ntt 0.868 crt 0.002 out 0.061 carry 0.002
cache_trace node 0: piece (1, 0) of 2 x 2, 86466471 + 43233236 limbs at 86466471, slots 0: A - B - | 0.962 s: redistribute 0.063 ntt 0.852 crt 0.002 out 0.048 carry 0.005
cache_trace node 1: piece (1, 0) of 2 x 2, 86466471 + 43233236 limbs at 86466471, slots 0: A - B - | 0.962 s: redistribute 0.064 ntt 0.856 crt 0.001 out 0.049 carry 0.005
cache_trace node 2: piece (1, 0) of 2 x 2, 86466471 + 43233236 limbs at 86466471, slots 0: A - B - | 0.962 s: redistribute 0.059 ntt 0.861 crt 0.001 out 0.051 carry 0.004
cache_trace node 3: piece (1, 0) of 2 x 2, 86466471 + 43233236 limbs at 86466471, slots 0: A - B - | 0.962 s: redistribute 0.061 ntt 0.857 crt 0.002 out 0.049 carry 0.004
cache_trace node 0: piece (0, 1) of 2 x 2, 86466471 + 43233235 limbs at 43233236, slots 0: A - B - | 0.998 s: redistribute 0.059 ntt 0.874 crt 0.004 out 0.060 carry 0.007
cache_trace node 1: piece (0, 1) of 2 x 2, 86466471 + 43233235 limbs at 43233236, slots 0: A - B - | 0.998 s: redistribute 0.075 ntt 0.869 crt 0.004 out 0.060 carry 0.006
cache_trace node 2: piece (0, 1) of 2 x 2, 86466471 + 43233235 limbs at 43233236, slots 0: A - B - | 0.998 s: redistribute 0.061 ntt 0.878 crt 0.004 out 0.060 carry 0.006
cache_trace node 3: piece (0, 1) of 2 x 2, 86466471 + 43233235 limbs at 43233236, slots 0: A - B - | 0.998 s: redistribute 0.064 ntt 0.872 crt 0.004 out 0.066 carry 0.006
cache_trace node 0: piece (1, 1) of 2 x 2, 86466471 + 43233235 limbs at 129699707, slots 0: A - B - | 0.957 s: redistribute 0.060 ntt 0.849 crt 0.001 out 0.054 carry 0.003
dist_mn node 0: 172932942 x 86466471 limbs over 4 x 4 ranks (cap 2^27): 2 x 2 pieces, 4 formed, 0 skipped (low product) (low cut) (cache 0 slots: 0 hits, 0 misses)
cache_trace node 1: piece (1, 1) of 2 x 2, 86466471 + 43233235 limbs at 129699707, slots 0: A - B - | 0.957 s: redistribute 0.064 ntt 0.845 crt 0.002 out 0.053 carry 0.002
dist_mn node 1: 172932942 x 86466471 limbs over 4 x 4 ranks (cap 2^27): 2 x 2 pieces, 4 formed, 0 skipped (low product) (low cut) (cache 0 slots: 0 hits, 0 misses)
cache_trace node 2: piece (1, 1) of 2 x 2, 86466471 + 43233235 limbs at 129699707, slots 0: A - B - | 0.957 s: redistribute 0.061 ntt 0.850 crt 0.001 out 0.058 carry 0.002
dist_mn node 2: 172932942 x 86466471 limbs over 4 x 4 ranks (cap 2^27): 2 x 2 pieces, 4 formed, 0 skipped (low product) (low cut) (cache 0 slots: 0 hits, 0 misses)
cache_trace node 3: piece (1, 1) of 2 x 2, 86466471 + 43233235 limbs at 129699707, slots 0: A - B - | 0.957 s: redistribute 0.063 ntt 0.846 crt 0.002 out 0.055 carry 0.002
dist_mn node 3: 172932942 x 86466471 limbs over 4 x 4 ranks (cap 2^27): 2 x 2 pieces, 4 formed, 0 skipped (low product) (low cut) (cache 0 slots: 0 hits, 0 misses)
cx_grid node 0: rep 0 (warm-up) shape 2x2_lowhighcut (172932942 x 86466471, cut 86466471 / 172932942) slots 0: 3.907 s, cache 0 hits 0 misses, C sha256 8a28b3f4d5f86f3b same
cx_grid node 1: rep 0 (warm-up) shape 2x2_lowhighcut (172932942 x 86466471, cut 86466471 / 172932942) slots 0: 3.907 s, cache 0 hits 0 misses, C sha256 41bd1fca6700c695 same
cx_grid node 2: rep 0 (warm-up) shape 2x2_lowhighcut (172932942 x 86466471, cut 86466471 / 172932942) slots 0: 3.907 s, cache 0 hits 0 misses, C sha256 c825094e6130837b same
cx_grid node 3: rep 0 (warm-up) shape 2x2_lowhighcut (172932942 x 86466471, cut 86466471 / 172932942) slots 0: 3.907 s, cache 0 hits 0 misses, C sha256 cd4b256599962621 same
cache_trace node 0: piece (0, 0) of 1 x 2, 86466471 + 43233236 limbs at 0, slots 0: A - B - | 0.962 s: redistribute 0.058 ntt 0.847 crt 0.003 out 0.060 carry 0.002
cache_trace node 1: piece (0, 0) of 1 x 2, 86466471 + 43233236 limbs at 0, slots 0: A - B - | 0.962 s: redistribute 0.057 ntt 0.849 crt 0.002 out 0.059 carry 0.002
cache_trace node 2: piece (0, 0) of 1 x 2, 86466471 + 43233236 limbs at 0, slots 0: A - B - | 0.962 s: redistribute 0.058 ntt 0.843 crt 0.003 out 0.061 carry 0.002
cache_trace node 3: piece (0, 0) of 1 x 2, 86466471 + 43233236 limbs at 0, slots 0: A - B - | 0.962 s: redistribute 0.058 ntt 0.854 crt 0.001 out 0.061 carry 0.002
cache_trace node 0: piece (0, 1) of 1 x 2, 86466471 + 43233235 limbs at 43233236, slots 0: A - B - | 0.972 s: redistribute 0.052 ntt 0.866 crt 0.001 out 0.054 carry 0.007
dist_mn node 0: 86466471 x 86466471 limbs over 4 x 4 ranks (cap 2^27): 1 x 2 pieces, 2 formed, 0 skipped (low cut) (cache 0 slots: 0 hits, 0 misses)
cache_trace node 1: piece (0, 1) of 1 x 2, 86466471 + 43233235 limbs at 43233236, slots 0: A - B - | 0.972 s: redistribute 0.051 ntt 0.870 crt 0.001 out 0.052 carry 0.006
dist_mn node 1: 86466471 x 86466471 limbs over 4 x 4 ranks (cap 2^27): 1 x 2 pieces, 2 formed, 0 skipped (low cut) (cache 0 slots: 0 hits, 0 misses)
cache_trace node 2: piece (0, 1) of 1 x 2, 86466471 + 43233235 limbs at 43233236, slots 0: A - B - | 0.972 s: redistribute 0.052 ntt 0.861 crt 0.001 out 0.058 carry 0.006
dist_mn node 2: 86466471 x 86466471 limbs over 4 x 4 ranks (cap 2^27): 1 x 2 pieces, 2 formed, 0 skipped (low cut) (cache 0 slots: 0 hits, 0 misses)
cache_trace node 3: piece (0, 1) of 1 x 2, 86466471 + 43233235 limbs at 43233236, slots 0: A - B - | 0.972 s: redistribute 0.052 ntt 0.865 crt 0.002 out 0.052 carry 0.006
dist_mn node 3: 86466471 x 86466471 limbs over 4 x 4 ranks (cap 2^27): 1 x 2 pieces, 2 formed, 0 skipped (low cut) (cache 0 slots: 0 hits, 0 misses)
cx_grid node 2: rep 0 (warm-up) shape 1x2_lowcut (86466471 x 86466471, cut 86466471 / -1) slots 0: 1.937 s, cache 0 hits 0 misses, C sha256 a2f6fb2d207e917c same
cx_grid node 1: rep 0 (warm-up) shape 1x2_lowcut (86466471 x 86466471, cut 86466471 / -1) slots 0: 1.937 s, cache 0 hits 0 misses, C sha256 c6d7d1000c8e5d25 same
cx_grid node 3: rep 0 (warm-up) shape 1x2_lowcut (86466471 x 86466471, cut 86466471 / -1) slots 0: 1.937 s, cache 0 hits 0 misses, C sha256 d0fb91f49c5076a0 same
cx_grid node 0: rep 0 (warm-up) shape 1x2_lowcut (86466471 x 86466471, cut 86466471 / -1) slots 0: 1.937 s, cache 0 hits 0 misses, C sha256 b2a61508af8f8a82 same
cache_trace node 0: piece (1, 0) of 5 x 3, 69173177 + 57644314 limbs at 69173177, slots 0: A - B - | 1.012 s: redistribute 0.072 ntt 0.848 crt 0.001 out 0.085 carry 0.022
cache_trace node 1: piece (1, 0) of 5 x 3, 69173177 + 57644314 limbs at 69173177, slots 0: A - B - | 1.012 s: redistribute 0.069 ntt 0.845 crt 0.001 out 0.090 carry 0.022
cache_trace node 2: piece (1, 0) of 5 x 3, 69173177 + 57644314 limbs at 69173177, slots 0: A - B - | 1.012 s: redistribute 0.068 ntt 0.846 crt 0.001 out 0.085 carry 0.022
cache_trace node 3: piece (1, 0) of 5 x 3, 69173177 + 57644314 limbs at 69173177, slots 0: A - B - | 1.012 s: redistribute 0.067 ntt 0.850 crt 0.001 out 0.082 carry 0.022
cache_trace node 0: piece (2, 0) of 5 x 3, 69173177 + 57644314 limbs at 138346354, slots 0: A - B - | 1.042 s: redistribute 0.065 ntt 0.867 crt 0.001 out 0.093 carry 0.023
cache_trace node 1: piece (2, 0) of 5 x 3, 69173177 + 57644314 limbs at 138346354, slots 0: A - B - | 1.042 s: redistribute 0.064 ntt 0.867 crt 0.002 out 0.095 carry 0.023
cache_trace node 2: piece (2, 0) of 5 x 3, 69173177 + 57644314 limbs at 138346354, slots 0: A - B - | 1.042 s: redistribute 0.065 ntt 0.866 crt 0.002 out 0.092 carry 0.023
cache_trace node 3: piece (2, 0) of 5 x 3, 69173177 + 57644314 limbs at 138346354, slots 0: A - B - | 1.042 s: redistribute 0.061 ntt 0.871 crt 0.002 out 0.090 carry 0.023
cache_trace node 0: piece (3, 0) of 5 x 3, 69173177 + 57644314 limbs at 207519531, slots 0: A - B - | 1.015 s: redistribute 0.072 ntt 0.847 crt 0.001 out 0.074 carry 0.038
cache_trace node 1: piece (3, 0) of 5 x 3, 69173177 + 57644314 limbs at 207519531, slots 0: A - B - | 1.015 s: redistribute 0.068 ntt 0.853 crt 0.001 out 0.076 carry 0.038
cache_trace node 2: piece (3, 0) of 5 x 3, 69173177 + 57644314 limbs at 207519531, slots 0: A - B - | 1.015 s: redistribute 0.069 ntt 0.846 crt 0.001 out 0.078 carry 0.037
cache_trace node 3: piece (3, 0) of 5 x 3, 69173177 + 57644314 limbs at 207519531, slots 0: A - B - | 1.015 s: redistribute 0.062 ntt 0.849 crt 0.001 out 0.080 carry 0.037
cache_trace node 0: piece (4, 0) of 5 x 3, 69173177 + 57644314 limbs at 276692708, slots 0: A - B - | 0.975 s: redistribute 0.065 ntt 0.824 crt 0.003 out 0.072 carry 0.029
cache_trace node 1: piece (4, 0) of 5 x 3, 69173177 + 57644314 limbs at 276692708, slots 0: A - B - | 0.975 s: redistribute 0.062 ntt 0.821 crt 0.003 out 0.072 carry 0.029
cache_trace node 2: piece (4, 0) of 5 x 3, 69173177 + 57644314 limbs at 276692708, slots 0: A - B - | 0.975 s: redistribute 0.068 ntt 0.814 crt 0.003 out 0.071 carry 0.029
cache_trace node 3: piece (4, 0) of 5 x 3, 69173177 + 57644314 limbs at 276692708, slots 0: A - B - | 0.975 s: redistribute 0.068 ntt 0.826 crt 0.002 out 0.072 carry 0.028
cache_trace node 0: piece (0, 1) of 5 x 3, 69173177 + 57644314 limbs at 57644314, slots 0: A - B - | 1.061 s: redistribute 0.068 ntt 0.875 crt 0.002 out 0.091 carry 0.028
cache_trace node 1: piece (0, 1) of 5 x 3, 69173177 + 57644314 limbs at 57644314, slots 0: A - B - | 1.061 s: redistribute 0.069 ntt 0.877 crt 0.001 out 0.101 carry 0.028
cache_trace node 2: piece (0, 1) of 5 x 3, 69173177 + 57644314 limbs at 57644314, slots 0: A - B - | 1.061 s: redistribute 0.065 ntt 0.880 crt 0.002 out 0.088 carry 0.028
cache_trace node 3: piece (0, 1) of 5 x 3, 69173177 + 57644314 limbs at 57644314, slots 0: A - B - | 1.061 s: redistribute 0.069 ntt 0.886 crt 0.002 out 0.090 carry 0.028
cache_trace node 0: piece (1, 1) of 5 x 3, 69173177 + 57644314 limbs at 126817491, slots 0: A - B - | 1.036 s: redistribute 0.072 ntt 0.859 crt 0.002 out 0.090 carry 0.030
cache_trace node 1: piece (1, 1) of 5 x 3, 69173177 + 57644314 limbs at 126817491, slots 0: A - B - | 1.036 s: redistribute 0.072 ntt 0.855 crt 0.002 out 0.092 carry 0.030
cache_trace node 2: piece (1, 1) of 5 x 3, 69173177 + 57644314 limbs at 126817491, slots 0: A - B - | 1.036 s: redistribute 0.070 ntt 0.856 crt 0.002 out 0.094 carry 0.030
cache_trace node 3: piece (1, 1) of 5 x 3, 69173177 + 57644314 limbs at 126817491, slots 0: A - B - | 1.036 s: redistribute 0.066 ntt 0.859 crt 0.002 out 0.095 carry 0.030
cache_trace node 0: piece (2, 1) of 5 x 3, 69173177 + 57644314 limbs at 195990668, slots 0: A - B - | 1.053 s: redistribute 0.061 ntt 0.891 crt 0.001 out 0.073 carry 0.036
cache_trace node 1: piece (2, 1) of 5 x 3, 69173177 + 57644314 limbs at 195990668, slots 0: A - B - | 1.053 s: redistribute 0.063 ntt 0.888 crt 0.001 out 0.078 carry 0.035
cache_trace node 2: piece (2, 1) of 5 x 3, 69173177 + 57644314 limbs at 195990668, slots 0: A - B - | 1.053 s: redistribute 0.068 ntt 0.888 crt 0.002 out 0.072 carry 0.035
cache_trace node 3: piece (2, 1) of 5 x 3, 69173177 + 57644314 limbs at 195990668, slots 0: A - B - | 1.053 s: redistribute 0.056 ntt 0.889 crt 0.002 out 0.077 carry 0.035
cache_trace node 0: piece (3, 1) of 5 x 3, 69173177 + 57644314 limbs at 265163845, slots 0: A - B - | 0.999 s: redistribute 0.067 ntt 0.856 crt 0.002 out 0.082 carry 0.013
cache_trace node 1: piece (3, 1) of 5 x 3, 69173177 + 57644314 limbs at 265163845, slots 0: A - B - | 0.999 s: redistribute 0.071 ntt 0.854 crt 0.001 out 0.084 carry 0.013
cache_trace node 2: piece (3, 1) of 5 x 3, 69173177 + 57644314 limbs at 265163845, slots 0: A - B - | 0.999 s: redistribute 0.075 ntt 0.849 crt 0.002 out 0.082 carry 0.013
cache_trace node 3: piece (3, 1) of 5 x 3, 69173177 + 57644314 limbs at 265163845, slots 0: A - B - | 0.999 s: redistribute 0.064 ntt 0.858 crt 0.001 out 0.080 carry 0.012
cache_trace node 1: piece (4, 1) of 5 x 3, 69173177 + 57644314 limbs at 334337022, slots 0: A - B - | 0.954 s: redistribute 0.065 ntt 0.853 crt 0.001 out 0.030 carry 0.010
cache_trace node 2: piece (4, 1) of 5 x 3, 69173177 + 57644314 limbs at 334337022, slots 0: A - B - | 0.954 s: redistribute 0.066 ntt 0.861 crt 0.001 out 0.025 carry 0.010
cache_trace node 3: piece (4, 1) of 5 x 3, 69173177 + 57644314 limbs at 334337022, slots 0: A - B - | 0.955 s: redistribute 0.065 ntt 0.868 crt 0.002 out 0.026 carry 0.010
cache_trace node 0: piece (4, 1) of 5 x 3, 69173177 + 57644314 limbs at 334337022, slots 0: A - B - | 0.955 s: redistribute 0.062 ntt 0.860 crt 0.002 out 0.024 carry 0.010
cache_trace node 0: piece (0, 2) of 5 x 3, 69173177 + 57644314 limbs at 115288628, slots 0: A - B - | 1.037 s: redistribute 0.069 ntt 0.856 crt 0.002 out 0.080 carry 0.040
cache_trace node 1: piece (0, 2) of 5 x 3, 69173177 + 57644314 limbs at 115288628, slots 0: A - B - | 1.037 s: redistribute 0.066 ntt 0.854 crt 0.002 out 0.080 carry 0.039
cache_trace node 2: piece (0, 2) of 5 x 3, 69173177 + 57644314 limbs at 115288628, slots 0: A - B - | 1.037 s: redistribute 0.066 ntt 0.857 crt 0.003 out 0.077 carry 0.039
cache_trace node 3: piece (0, 2) of 5 x 3, 69173177 + 57644314 limbs at 115288628, slots 0: A - B - | 1.037 s: redistribute 0.073 ntt 0.863 crt 0.003 out 0.077 carry 0.040
cache_trace node 0: piece (1, 2) of 5 x 3, 69173177 + 57644314 limbs at 184461805, slots 0: A - B - | 1.044 s: redistribute 0.060 ntt 0.873 crt 0.001 out 0.080 carry 0.041
cache_trace node 1: piece (1, 2) of 5 x 3, 69173177 + 57644314 limbs at 184461805, slots 0: A - B - | 1.044 s: redistribute 0.070 ntt 0.867 crt 0.002 out 0.077 carry 0.041
cache_trace node 2: piece (1, 2) of 5 x 3, 69173177 + 57644314 limbs at 184461805, slots 0: A - B - | 1.044 s: redistribute 0.057 ntt 0.870 crt 0.002 out 0.079 carry 0.040
cache_trace node 3: piece (1, 2) of 5 x 3, 69173177 + 57644314 limbs at 184461805, slots 0: A - B - | 1.044 s: redistribute 0.061 ntt 0.866 crt 0.002 out 0.083 carry 0.040
cache_trace node 0: piece (2, 2) of 5 x 3, 69173177 + 57644314 limbs at 253634982, slots 0: A - B - | 0.997 s: redistribute 0.062 ntt 0.852 crt 0.001 out 0.081 carry 0.009
cache_trace node 1: piece (2, 2) of 5 x 3, 69173177 + 57644314 limbs at 253634982, slots 0: A - B - | 0.997 s: redistribute 0.064 ntt 0.848 crt 0.003 out 0.083 carry 0.009
cache_trace node 2: piece (2, 2) of 5 x 3, 69173177 + 57644314 limbs at 253634982, slots 0: A - B - | 0.997 s: redistribute 0.066 ntt 0.850 crt 0.002 out 0.080 carry 0.009
cache_trace node 3: piece (2, 2) of 5 x 3, 69173177 + 57644314 limbs at 253634982, slots 0: A - B - | 0.997 s: redistribute 0.067 ntt 0.848 crt 0.002 out 0.083 carry 0.009
cache_trace node 0: piece (3, 2) of 5 x 3, 69173177 + 57644314 limbs at 322808159, slots 0: A - B - | 0.946 s: redistribute 0.064 ntt 0.842 crt 0.001 out 0.032 carry 0.019
dist_mn node 0: 345865885 x 172932942 limbs over 4 x 4 ranks (cap 2^27): 5 x 3 pieces, 13 formed, 2 skipped (low product) (low cut) (cache 0 slots: 0 hits, 0 misses)
cache_trace node 1: piece (3, 2) of 5 x 3, 69173177 + 57644314 limbs at 322808159, slots 0: A - B - | 0.946 s: redistribute 0.063 ntt 0.843 crt 0.002 out 0.028 carry 0.019
dist_mn node 1: 345865885 x 172932942 limbs over 4 x 4 ranks (cap 2^27): 5 x 3 pieces, 13 formed, 2 skipped (low product) (low cut) (cache 0 slots: 0 hits, 0 misses)
cache_trace node 2: piece (3, 2) of 5 x 3, 69173177 + 57644314 limbs at 322808159, slots 0: A - B - | 0.946 s: redistribute 0.069 ntt 0.854 crt 0.002 out 0.029 carry 0.018
dist_mn node 2: 345865885 x 172932942 limbs over 4 x 4 ranks (cap 2^27): 5 x 3 pieces, 13 formed, 2 skipped (low product) (low cut) (cache 0 slots: 0 hits, 0 misses)
cache_trace node 3: piece (3, 2) of 5 x 3, 69173177 + 57644314 limbs at 322808159, slots 0: A - B - | 0.946 s: redistribute 0.071 ntt 0.840 crt 0.001 out 0.029 carry 0.018
dist_mn node 3: 345865885 x 172932942 limbs over 4 x 4 ranks (cap 2^27): 5 x 3 pieces, 13 formed, 2 skipped (low product) (low cut) (cache 0 slots: 0 hits, 0 misses)
cx_grid node 1: rep 0 (warm-up) shape 5x3_lowhighcut (345865885 x 172932942, cut 172932942 / 345865885) slots 0: 13.181 s, cache 0 hits 0 misses, C sha256 d34ab76033dc041f same
cx_grid node 3: rep 0 (warm-up) shape 5x3_lowhighcut (345865885 x 172932942, cut 172932942 / 345865885) slots 0: 13.181 s, cache 0 hits 0 misses, C sha256 016ae7d5637243e5 same
cx_grid node 0: rep 0 (warm-up) shape 5x3_lowhighcut (345865885 x 172932942, cut 172932942 / 345865885) slots 0: 13.181 s, cache 0 hits 0 misses, C sha256 34c357c17ea66a20 same
cx_grid node 2: rep 0 (warm-up) shape 5x3_lowhighcut (345865885 x 172932942, cut 172932942 / 345865885) slots 0: 13.181 s, cache 0 hits 0 misses, C sha256 6fb7dad7ad29af4b same
cache_trace node 0: piece (1, 0) of 2 x 4, 86466471 + 43233236 limbs at 86466471, slots 0: A - B - | 1.047 s: redistribute 0.072 ntt 0.861 crt 0.002 out 0.092 carry 0.034
cache_trace node 1: piece (1, 0) of 2 x 4, 86466471 + 43233236 limbs at 86466471, slots 0: A - B - | 1.047 s: redistribute 0.067 ntt 0.864 crt 0.002 out 0.093 carry 0.032
cache_trace node 2: piece (1, 0) of 2 x 4, 86466471 + 43233236 limbs at 86466471, slots 0: A - B - | 1.047 s: redistribute 0.072 ntt 0.854 crt 0.002 out 0.094 carry 0.033
cache_trace node 3: piece (1, 0) of 2 x 4, 86466471 + 43233236 limbs at 86466471, slots 0: A - B - | 1.047 s: redistribute 0.072 ntt 0.860 crt 0.002 out 0.090 carry 0.033
cache_trace node 0: piece (0, 1) of 2 x 4, 86466471 + 43233236 limbs at 43233236, slots 0: A - B - | 1.020 s: redistribute 0.066 ntt 0.839 crt 0.001 out 0.098 carry 0.030
cache_trace node 1: piece (0, 1) of 2 x 4, 86466471 + 43233236 limbs at 43233236, slots 0: A - B - | 1.020 s: redistribute 0.067 ntt 0.834 crt 0.001 out 0.095 carry 0.030
cache_trace node 2: piece (0, 1) of 2 x 4, 86466471 + 43233236 limbs at 43233236, slots 0: A - B - | 1.020 s: redistribute 0.066 ntt 0.832 crt 0.002 out 0.096 carry 0.030
cache_trace node 3: piece (0, 1) of 2 x 4, 86466471 + 43233236 limbs at 43233236, slots 0: A - B - | 1.020 s: redistribute 0.066 ntt 0.834 crt 0.002 out 0.097 carry 0.030
cache_trace node 0: piece (1, 1) of 2 x 4, 86466471 + 43233236 limbs at 129699707, slots 0: A - B - | 1.019 s: redistribute 0.066 ntt 0.828 crt 0.002 out 0.096 carry 0.033
cache_trace node 1: piece (1, 1) of 2 x 4, 86466471 + 43233236 limbs at 129699707, slots 0: A - B - | 1.019 s: redistribute 0.065 ntt 0.830 crt 0.002 out 0.094 carry 0.033
cache_trace node 2: piece (1, 1) of 2 x 4, 86466471 + 43233236 limbs at 129699707, slots 0: A - B - | 1.019 s: redistribute 0.062 ntt 0.848 crt 0.002 out 0.073 carry 0.033
cache_trace node 3: piece (1, 1) of 2 x 4, 86466471 + 43233236 limbs at 129699707, slots 0: A - B - | 1.019 s: redistribute 0.068 ntt 0.832 crt 0.002 out 0.097 carry 0.033
cache_trace node 0: piece (0, 2) of 2 x 4, 86466471 + 43233236 limbs at 86466472, slots 0: A - B - | 1.072 s: redistribute 0.065 ntt 0.898 crt 0.002 out 0.081 carry 0.034
cache_trace node 1: piece (0, 2) of 2 x 4, 86466471 + 43233236 limbs at 86466472, slots 0: A - B - | 1.072 s: redistribute 0.075 ntt 0.893 crt 0.002 out 0.091 carry 0.033
cache_trace node 2: piece (0, 2) of 2 x 4, 86466471 + 43233236 limbs at 86466472, slots 0: A - B - | 1.072 s: redistribute 0.065 ntt 0.885 crt 0.002 out 0.093 carry 0.033
cache_trace node 3: piece (0, 2) of 2 x 4, 86466471 + 43233236 limbs at 86466472, slots 0: A - B - | 1.072 s: redistribute 0.066 ntt 0.897 crt 0.001 out 0.082 carry 0.034
cache_trace node 0: piece (1, 2) of 2 x 4, 86466471 + 43233236 limbs at 172932943, slots 0: A - B - | 1.041 s: redistribute 0.063 ntt 0.868 crt 0.002 out 0.089 carry 0.032
cache_trace node 1: piece (1, 2) of 2 x 4, 86466471 + 43233236 limbs at 172932943, slots 0: A - B - | 1.041 s: redistribute 0.068 ntt 0.863 crt 0.003 out 0.091 carry 0.032
cache_trace node 2: piece (1, 2) of 2 x 4, 86466471 + 43233236 limbs at 172932943, slots 0: A - B - | 1.041 s: redistribute 0.066 ntt 0.864 crt 0.003 out 0.089 carry 0.032
cache_trace node 3: piece (1, 2) of 2 x 4, 86466471 + 43233236 limbs at 172932943, slots 0: A - B - | 1.041 s: redistribute 0.068 ntt 0.866 crt 0.003 out 0.086 carry 0.032
cache_trace node 0: piece (0, 3) of 2 x 4, 86466471 + 43233234 limbs at 129699708, slots 0: A - B - | 1.043 s: redistribute 0.069 ntt 0.868 crt 0.002 out 0.089 carry 0.032
cache_trace node 1: piece (0, 3) of 2 x 4, 86466471 + 43233234 limbs at 129699708, slots 0: A - B - | 1.043 s: redistribute 0.076 ntt 0.873 crt 0.003 out 0.090 carry 0.032
cache_trace node 2: piece (0, 3) of 2 x 4, 86466471 + 43233234 limbs at 129699708, slots 0: A - B - | 1.043 s: redistribute 0.065 ntt 0.877 crt 0.003 out 0.090 carry 0.032
cache_trace node 3: piece (0, 3) of 2 x 4, 86466471 + 43233234 limbs at 129699708, slots 0: A - B - | 1.043 s: redistribute 0.068 ntt 0.868 crt 0.003 out 0.088 carry 0.032
cache_trace node 0: piece (1, 3) of 2 x 4, 86466471 + 43233234 limbs at 216166179, slots 0: A - B - | 1.063 s: redistribute 0.069 ntt 0.863 crt 0.002 out 0.117 carry 0.030
dist_mn node 0: 172932942 x 172932942 limbs over 4 x 4 ranks (cap 2^27): 2 x 4 pieces, 7 formed, 1 skipped (low cut) (cache 0 slots: 0 hits, 0 misses)
cache_trace node 1: piece (1, 3) of 2 x 4, 86466471 + 43233234 limbs at 216166179, slots 0: A - B - | 1.063 s: redistribute 0.064 ntt 0.854 crt 0.001 out 0.114 carry 0.030
dist_mn node 1: 172932942 x 172932942 limbs over 4 x 4 ranks (cap 2^27): 2 x 4 pieces, 7 formed, 1 skipped (low cut) (cache 0 slots: 0 hits, 0 misses)
cache_trace node 2: piece (1, 3) of 2 x 4, 86466471 + 43233234 limbs at 216166179, slots 0: A - B - | 1.063 s: redistribute 0.068 ntt 0.858 crt 0.001 out 0.116 carry 0.030
dist_mn node 2: 172932942 x 172932942 limbs over 4 x 4 ranks (cap 2^27): 2 x 4 pieces, 7 formed, 1 skipped (low cut) (cache 0 slots: 0 hits, 0 misses)
cache_trace node 3: piece (1, 3) of 2 x 4, 86466471 + 43233234 limbs at 216166179, slots 0: A - B - | 1.063 s: redistribute 0.067 ntt 0.902 crt 0.002 out 0.078 carry 0.030
dist_mn node 3: 172932942 x 172932942 limbs over 4 x 4 ranks (cap 2^27): 2 x 4 pieces, 7 formed, 1 skipped (low cut) (cache 0 slots: 0 hits, 0 misses)
cx_grid node 3: rep 0 (warm-up) shape 2x4_lowcut (172932942 x 172932942, cut 172932942 / -1) slots 0: 7.310 s, cache 0 hits 0 misses, C sha256 b8a655c2a8a9f640 same
cx_grid node 0: rep 0 (warm-up) shape 2x4_lowcut (172932942 x 172932942, cut 172932942 / -1) slots 0: 7.310 s, cache 0 hits 0 misses, C sha256 4968e1e85c988bcf same
cx_grid node 1: rep 0 (warm-up) shape 2x4_lowcut (172932942 x 172932942, cut 172932942 / -1) slots 0: 7.310 s, cache 0 hits 0 misses, C sha256 2b96183bdc63b4f0 same
cx_grid node 2: rep 0 (warm-up) shape 2x4_lowcut (172932942 x 172932942, cut 172932942 / -1) slots 0: 7.310 s, cache 0 hits 0 misses, C sha256 392896d660bf6874 same
cache_trace node 0: piece (4, 0) of 5 x 6, 69173177 + 57644315 limbs at 276692708, slots 0: A - B - | 1.108 s: redistribute 0.075 ntt 0.894 crt 0.003 out 0.086 carry 0.069
cache_trace node 1: piece (4, 0) of 5 x 6, 69173177 + 57644315 limbs at 276692708, slots 0: A - B - | 1.108 s: redistribute 0.075 ntt 0.893 crt 0.001 out 0.085 carry 0.069
cache_trace node 2: piece (4, 0) of 5 x 6, 69173177 + 57644315 limbs at 276692708, slots 0: A - B - | 1.108 s: redistribute 0.076 ntt 0.890 crt 0.003 out 0.086 carry 0.069
cache_trace node 3: piece (4, 0) of 5 x 6, 69173177 + 57644315 limbs at 276692708, slots 0: A - B - | 1.108 s: redistribute 0.073 ntt 0.893 crt 0.003 out 0.086 carry 0.069
cache_trace node 0: piece (3, 1) of 5 x 6, 69173177 + 57644315 limbs at 265163846, slots 0: A - B - | 1.054 s: redistribute 0.065 ntt 0.865 crt 0.001 out 0.082 carry 0.060
cache_trace node 1: piece (3, 1) of 5 x 6, 69173177 + 57644315 limbs at 265163846, slots 0: A - B - | 1.053 s: redistribute 0.066 ntt 0.853 crt 0.002 out 0.080 carry 0.060
cache_trace node 2: piece (3, 1) of 5 x 6, 69173177 + 57644315 limbs at 265163846, slots 0: A - B - | 1.053 s: redistribute 0.065 ntt 0.861 crt 0.002 out 0.079 carry 0.060
cache_trace node 3: piece (3, 1) of 5 x 6, 69173177 + 57644315 limbs at 265163846, slots 0: A - B - | 1.054 s: redistribute 0.058 ntt 0.867 crt 0.001 out 0.082 carry 0.060
cache_trace node 0: piece (4, 1) of 5 x 6, 69173177 + 57644315 limbs at 334337023, slots 0: A - B - | 1.060 s: redistribute 0.081 ntt 0.845 crt 0.002 out 0.103 carry 0.055
cache_trace node 1: piece (4, 1) of 5 x 6, 69173177 + 57644315 limbs at 334337023, slots 0: A - B - | 1.060 s: redistribute 0.065 ntt 0.847 crt 0.002 out 0.105 carry 0.055
cache_trace node 2: piece (4, 1) of 5 x 6, 69173177 + 57644315 limbs at 334337023, slots 0: A - B - | 1.060 s: redistribute 0.066 ntt 0.842 crt 0.002 out 0.108 carry 0.054
cache_trace node 3: piece (4, 1) of 5 x 6, 69173177 + 57644315 limbs at 334337023, slots 0: A - B - | 1.060 s: redistribute 0.074 ntt 0.843 crt 0.002 out 0.102 carry 0.055
cache_trace node 0: piece (2, 2) of 5 x 6, 69173177 + 57644315 limbs at 253634984, slots 0: A - B - | 1.113 s: redistribute 0.065 ntt 0.898 crt 0.002 out 0.095 carry 0.064
cache_trace node 1: piece (2, 2) of 5 x 6, 69173177 + 57644315 limbs at 253634984, slots 0: A - B - | 1.113 s: redistribute 0.076 ntt 0.899 crt 0.001 out 0.092 carry 0.064
cache_trace node 2: piece (2, 2) of 5 x 6, 69173177 + 57644315 limbs at 253634984, slots 0: A - B - | 1.113 s: redistribute 0.067 ntt 0.893 crt 0.002 out 0.094 carry 0.064
cache_trace node 3: piece (2, 2) of 5 x 6, 69173177 + 57644315 limbs at 253634984, slots 0: A - B - | 1.113 s: redistribute 0.088 ntt 0.903 crt 0.002 out 0.095 carry 0.064
cache_trace node 0: piece (3, 2) of 5 x 6, 69173177 + 57644315 limbs at 322808161, slots 0: A - B - | 1.064 s: redistribute 0.068 ntt 0.864 crt 0.001 out 0.097 carry 0.052
cache_trace node 1: piece (3, 2) of 5 x 6, 69173177 + 57644315 limbs at 322808161, slots 0: A - B - | 1.064 s: redistribute 0.067 ntt 0.860 crt 0.002 out 0.095 carry 0.052
cache_trace node 2: piece (3, 2) of 5 x 6, 69173177 + 57644315 limbs at 322808161, slots 0: A - B - | 1.064 s: redistribute 0.063 ntt 0.858 crt 0.001 out 0.096 carry 0.052
cache_trace node 3: piece (3, 2) of 5 x 6, 69173177 + 57644315 limbs at 322808161, slots 0: A - B - | 1.064 s: redistribute 0.062 ntt 0.863 crt 0.002 out 0.096 carry 0.052
cache_trace node 0: piece (4, 2) of 5 x 6, 69173177 + 57644315 limbs at 391981338, slots 0: A - B - | 1.510 s: redistribute 0.115 ntt 0.843 crt 0.001 out 0.500 carry 0.051
cache_trace node 1: piece (4, 2) of 5 x 6, 69173177 + 57644315 limbs at 391981338, slots 0: A - B - | 1.510 s: redistribute 0.120 ntt 0.838 crt 0.001 out 0.505 carry 0.051
cache_trace node 2: piece (4, 2) of 5 x 6, 69173177 + 57644315 limbs at 391981338, slots 0: A - B - | 1.510 s: redistribute 0.055 ntt 0.855 crt 0.004 out 0.375 carry 0.051
cache_trace node 3: piece (4, 2) of 5 x 6, 69173177 + 57644315 limbs at 391981338, slots 0: A - B - | 1.510 s: redistribute 0.119 ntt 0.841 crt 0.001 out 0.508 carry 0.051
cache_trace node 0: piece (1, 3) of 5 x 6, 69173177 + 57644315 limbs at 242106122, slots 0: A - B - | 1.076 s: redistribute 0.064 ntt 0.862 crt 0.003 out 0.099 carry 0.055
cache_trace node 1: piece (1, 3) of 5 x 6, 69173177 + 57644315 limbs at 242106122, slots 0: A - B - | 1.076 s: redistribute 0.065 ntt 0.869 crt 0.001 out 0.096 carry 0.054
cache_trace node 2: piece (1, 3) of 5 x 6, 69173177 + 57644315 limbs at 242106122, slots 0: A - B - | 1.076 s: redistribute 0.066 ntt 0.859 crt 0.002 out 0.099 carry 0.054
cache_trace node 3: piece (1, 3) of 5 x 6, 69173177 + 57644315 limbs at 242106122, slots 0: A - B - | 1.076 s: redistribute 0.061 ntt 0.864 crt 0.002 out 0.096 carry 0.054
cache_trace node 0: piece (2, 3) of 5 x 6, 69173177 + 57644315 limbs at 311279299, slots 0: A - B - | 1.050 s: redistribute 0.068 ntt 0.859 crt 0.002 out 0.086 carry 0.053
cache_trace node 1: piece (2, 3) of 5 x 6, 69173177 + 57644315 limbs at 311279299, slots 0: A - B - | 1.050 s: redistribute 0.071 ntt 0.850 crt 0.002 out 0.088 carry 0.052
cache_trace node 2: piece (2, 3) of 5 x 6, 69173177 + 57644315 limbs at 311279299, slots 0: A - B - | 1.050 s: redistribute 0.071 ntt 0.853 crt 0.002 out 0.085 carry 0.052
cache_trace node 3: piece (2, 3) of 5 x 6, 69173177 + 57644315 limbs at 311279299, slots 0: A - B - | 1.050 s: redistribute 0.066 ntt 0.853 crt 0.002 out 0.084 carry 0.053
cache_trace node 0: piece (3, 3) of 5 x 6, 69173177 + 57644315 limbs at 380452476, slots 0: A - B - | 1.096 s: redistribute 0.079 ntt 0.808 crt 0.002 out 0.180 carry 0.047
cache_trace node 1: piece (3, 3) of 5 x 6, 69173177 + 57644315 limbs at 380452476, slots 0: A - B - | 1.096 s: redistribute 0.073 ntt 0.807 crt 0.002 out 0.177 carry 0.047
cache_trace node 2: piece (3, 3) of 5 x 6, 69173177 + 57644315 limbs at 380452476, slots 0: A - B - | 1.096 s: redistribute 0.072 ntt 0.806 crt 0.003 out 0.183 carry 0.045
cache_trace node 3: piece (3, 3) of 5 x 6, 69173177 + 57644315 limbs at 380452476, slots 0: A - B - | 1.096 s: redistribute 0.069 ntt 0.809 crt 0.002 out 0.178 carry 0.047
cache_trace node 0: piece (4, 3) of 5 x 6, 69173177 + 57644315 limbs at 449625653, slots 0: A - B - | 1.075 s: redistribute 0.065 ntt 0.883 crt 0.002 out 0.078 carry 0.058
cache_trace node 1: piece (4, 3) of 5 x 6, 69173177 + 57644315 limbs at 449625653, slots 0: A - B - | 1.075 s: redistribute 0.066 ntt 0.876 crt 0.002 out 0.082 carry 0.058
cache_trace node 2: piece (4, 3) of 5 x 6, 69173177 + 57644315 limbs at 449625653, slots 0: A - B - | 1.075 s: redistribute 0.065 ntt 0.878 crt 0.002 out 0.078 carry 0.058
cache_trace node 3: piece (4, 3) of 5 x 6, 69173177 + 57644315 limbs at 449625653, slots 0: A - B - | 1.075 s: redistribute 0.065 ntt 0.882 crt 0.002 out 0.073 carry 0.058
cache_trace node 0: piece (0, 4) of 5 x 6, 69173177 + 57644315 limbs at 230577260, slots 0: A - B - | 1.070 s: redistribute 0.068 ntt 0.857 crt 0.003 out 0.099 carry 0.053
cache_trace node 1: piece (0, 4) of 5 x 6, 69173177 + 57644315 limbs at 230577260, slots 0: A - B - | 1.070 s: redistribute 0.061 ntt 0.858 crt 0.003 out 0.097 carry 0.053
cache_trace node 2: piece (0, 4) of 5 x 6, 69173177 + 57644315 limbs at 230577260, slots 0: A - B - | 1.070 s: redistribute 0.064 ntt 0.855 crt 0.003 out 0.099 carry 0.053
cache_trace node 3: piece (0, 4) of 5 x 6, 69173177 + 57644315 limbs at 230577260, slots 0: A - B - | 1.070 s: redistribute 0.066 ntt 0.856 crt 0.002 out 0.097 carry 0.053
cache_trace node 0: piece (1, 4) of 5 x 6, 69173177 + 57644315 limbs at 299750437, slots 0: A - B - | 1.042 s: redistribute 0.062 ntt 0.845 crt 0.002 out 0.085 carry 0.059
cache_trace node 1: piece (1, 4) of 5 x 6, 69173177 + 57644315 limbs at 299750437, slots 0: A - B - | 1.042 s: redistribute 0.062 ntt 0.842 crt 0.002 out 0.086 carry 0.058
cache_trace node 2: piece (1, 4) of 5 x 6, 69173177 + 57644315 limbs at 299750437, slots 0: A - B - | 1.042 s: redistribute 0.061 ntt 0.840 crt 0.002 out 0.090 carry 0.058
cache_trace node 3: piece (1, 4) of 5 x 6, 69173177 + 57644315 limbs at 299750437, slots 0: A - B - | 1.042 s: redistribute 0.060 ntt 0.848 crt 0.002 out 0.085 carry 0.059
cache_trace node 0: piece (2, 4) of 5 x 6, 69173177 + 57644315 limbs at 368923614, slots 0: A - B - | 1.040 s: redistribute 0.056 ntt 0.853 crt 0.002 out 0.116 carry 0.022
cache_trace node 1: piece (2, 4) of 5 x 6, 69173177 + 57644315 limbs at 368923614, slots 0: A - B - | 1.040 s: redistribute 0.058 ntt 0.849 crt 0.002 out 0.118 carry 0.022
cache_trace node 2: piece (2, 4) of 5 x 6, 69173177 + 57644315 limbs at 368923614, slots 0: A - B - | 1.040 s: redistribute 0.055 ntt 0.859 crt 0.001 out 0.116 carry 0.021
cache_trace node 3: piece (2, 4) of 5 x 6, 69173177 + 57644315 limbs at 368923614, slots 0: A - B - | 1.040 s: redistribute 0.062 ntt 0.850 crt 0.001 out 0.123 carry 0.022
cache_trace node 0: piece (3, 4) of 5 x 6, 69173177 + 57644315 limbs at 438096791, slots 0: A - B - | 1.114 s: redistribute 0.060 ntt 0.907 crt 0.002 out 0.083 carry 0.066
cache_trace node 1: piece (3, 4) of 5 x 6, 69173177 + 57644315 limbs at 438096791, slots 0: A - B - | 1.114 s: redistribute 0.063 ntt 0.903 crt 0.002 out 0.086 carry 0.066
cache_trace node 2: piece (3, 4) of 5 x 6, 69173177 + 57644315 limbs at 438096791, slots 0: A - B - | 1.114 s: redistribute 0.059 ntt 0.907 crt 0.001 out 0.086 carry 0.066
cache_trace node 3: piece (3, 4) of 5 x 6, 69173177 + 57644315 limbs at 438096791, slots 0: A - B - | 1.114 s: redistribute 0.058 ntt 0.913 crt 0.001 out 0.080 carry 0.066
cache_trace node 0: piece (4, 4) of 5 x 6, 69173177 + 57644315 limbs at 507269968, slots 0: A - B - | 1.058 s: redistribute 0.065 ntt 0.840 crt 0.002 out 0.105 carry 0.052
cache_trace node 1: piece (4, 4) of 5 x 6, 69173177 + 57644315 limbs at 507269968, slots 0: A - B - | 1.058 s: redistribute 0.065 ntt 0.846 crt 0.002 out 0.106 carry 0.051
cache_trace node 2: piece (4, 4) of 5 x 6, 69173177 + 57644315 limbs at 507269968, slots 0: A - B - | 1.058 s: redistribute 0.066 ntt 0.843 crt 0.001 out 0.101 carry 0.051
cache_trace node 3: piece (4, 4) of 5 x 6, 69173177 + 57644315 limbs at 507269968, slots 0: A - B - | 1.058 s: redistribute 0.069 ntt 0.834 crt 0.002 out 0.105 carry 0.051
cache_trace node 0: piece (0, 5) of 5 x 6, 69173177 + 57644310 limbs at 288221575, slots 0: A - B - | 1.019 s: redistribute 0.071 ntt 0.822 crt 0.003 out 0.074 carry 0.067
cache_trace node 1: piece (0, 5) of 5 x 6, 69173177 + 57644310 limbs at 288221575, slots 0: A - B - | 1.019 s: redistribute 0.070 ntt 0.815 crt 0.001 out 0.073 carry 0.066
cache_trace node 2: piece (0, 5) of 5 x 6, 69173177 + 57644310 limbs at 288221575, slots 0: A - B - | 1.019 s: redistribute 0.063 ntt 0.816 crt 0.003 out 0.075 carry 0.066
cache_trace node 3: piece (0, 5) of 5 x 6, 69173177 + 57644310 limbs at 288221575, slots 0: A - B - | 1.019 s: redistribute 0.070 ntt 0.812 crt 0.003 out 0.074 carry 0.066
cache_trace node 0: piece (1, 5) of 5 x 6, 69173177 + 57644310 limbs at 357394752, slots 0: A - B - | 1.066 s: redistribute 0.073 ntt 0.860 crt 0.002 out 0.108 carry 0.044
cache_trace node 1: piece (1, 5) of 5 x 6, 69173177 + 57644310 limbs at 357394752, slots 0: A - B - | 1.066 s: redistribute 0.069 ntt 0.850 crt 0.002 out 0.111 carry 0.044
cache_trace node 2: piece (1, 5) of 5 x 6, 69173177 + 57644310 limbs at 357394752, slots 0: A - B - | 1.066 s: redistribute 0.067 ntt 0.855 crt 0.002 out 0.105 carry 0.043
cache_trace node 3: piece (1, 5) of 5 x 6, 69173177 + 57644310 limbs at 357394752, slots 0: A - B - | 1.066 s: redistribute 0.072 ntt 0.851 crt 0.002 out 0.108 carry 0.043
cache_trace node 0: piece (2, 5) of 5 x 6, 69173177 + 57644310 limbs at 426567929, slots 0: A - B - | 1.070 s: redistribute 0.067 ntt 0.866 crt 0.001 out 0.086 carry 0.058
cache_trace node 1: piece (2, 5) of 5 x 6, 69173177 + 57644310 limbs at 426567929, slots 0: A - B - | 1.070 s: redistribute 0.063 ntt 0.860 crt 0.001 out 0.090 carry 0.058
cache_trace node 2: piece (2, 5) of 5 x 6, 69173177 + 57644310 limbs at 426567929, slots 0: A - B - | 1.070 s: redistribute 0.064 ntt 0.866 crt 0.002 out 0.095 carry 0.057
cache_trace node 3: piece (2, 5) of 5 x 6, 69173177 + 57644310 limbs at 426567929, slots 0: A - B - | 1.070 s: redistribute 0.065 ntt 0.856 crt 0.002 out 0.092 carry 0.057
cache_trace node 0: piece (3, 5) of 5 x 6, 69173177 + 57644310 limbs at 495741106, slots 0: A - B - | 1.086 s: redistribute 0.067 ntt 0.842 crt 0.001 out 0.128 carry 0.055
cache_trace node 1: piece (3, 5) of 5 x 6, 69173177 + 57644310 limbs at 495741106, slots 0: A - B - | 1.086 s: redistribute 0.069 ntt 0.840 crt 0.001 out 0.127 carry 0.054
cache_trace node 2: piece (3, 5) of 5 x 6, 69173177 + 57644310 limbs at 495741106, slots 0: A - B - | 1.086 s: redistribute 0.068 ntt 0.844 crt 0.001 out 0.133 carry 0.054
cache_trace node 3: piece (3, 5) of 5 x 6, 69173177 + 57644310 limbs at 495741106, slots 0: A - B - | 1.086 s: redistribute 0.066 ntt 0.838 crt 0.001 out 0.136 carry 0.053
cache_trace node 0: piece (4, 5) of 5 x 6, 69173177 + 57644310 limbs at 564914283, slots 0: A - B - | 1.543 s: redistribute 0.142 ntt 0.859 crt 0.002 out 0.486 carry 0.069
dist_mn node 0: 345865885 x 345865885 limbs over 4 x 4 ranks (cap 2^27): 5 x 6 pieces, 20 formed, 10 skipped (low cut) (cache 0 slots: 0 hits, 0 misses)
cache_trace node 2: piece (4, 5) of 5 x 6, 69173177 + 57644310 limbs at 564914283, slots 0: A - B - | 1.543 s: redistribute 0.142 ntt 0.858 crt 0.002 out 0.480 carry 0.069
dist_mn node 2: 345865885 x 345865885 limbs over 4 x 4 ranks (cap 2^27): 5 x 6 pieces, 20 formed, 10 skipped (low cut) (cache 0 slots: 0 hits, 0 misses)
cache_trace node 3: piece (4, 5) of 5 x 6, 69173177 + 57644310 limbs at 564914283, slots 0: A - B - | 1.543 s: redistribute 0.074 ntt 0.864 crt 0.002 out 0.419 carry 0.068
dist_mn node 3: 345865885 x 345865885 limbs over 4 x 4 ranks (cap 2^27): 5 x 6 pieces, 20 formed, 10 skipped (low cut) (cache 0 slots: 0 hits, 0 misses)
cache_trace node 1: piece (4, 5) of 5 x 6, 69173177 + 57644310 limbs at 564914283, slots 0: A - B - | 1.543 s: redistribute 0.139 ntt 0.856 crt 0.001 out 0.481 carry 0.069
dist_mn node 1: 345865885 x 345865885 limbs over 4 x 4 ranks (cap 2^27): 5 x 6 pieces, 20 formed, 10 skipped (low cut) (cache 0 slots: 0 hits, 0 misses)
cx_grid node 0: rep 0 (warm-up) shape 5x6_lowcut (345865885 x 345865885, cut 345865885 / -1) slots 0: 22.568 s, cache 0 hits 0 misses, C sha256 28247e6619af895b same
cx_grid node 1: rep 0 (warm-up) shape 5x6_lowcut (345865885 x 345865885, cut 345865885 / -1) slots 0: 22.568 s, cache 0 hits 0 misses, C sha256 c673dc5d386a8b89 same
cx_grid node 2: rep 0 (warm-up) shape 5x6_lowcut (345865885 x 345865885, cut 345865885 / -1) slots 0: 22.568 s, cache 0 hits 0 misses, C sha256 9a63ff9894e68fc8 same
cx_grid node 3: rep 0 (warm-up) shape 5x6_lowcut (345865885 x 345865885, cut 345865885 / -1) slots 0: 22.568 s, cache 0 hits 0 misses, C sha256 a056b37a3c065647 same
cache_trace node 0: piece (0, 0) of 5 x 6, 69173177 + 57644315 limbs at 0, slots 0: A - B - | 1.017 s: redistribute 0.073 ntt 0.857 crt 0.002 out 0.089 carry 0.002
cache_trace node 1: piece (0, 0) of 5 x 6, 69173177 + 57644315 limbs at 0, slots 0: A - B - | 1.017 s: redistribute 0.070 ntt 0.862 crt 0.002 out 0.091 carry 0.002
cache_trace node 2: piece (0, 0) of 5 x 6, 69173177 + 57644315 limbs at 0, slots 0: A - B - | 1.017 s: redistribute 0.081 ntt 0.866 crt 0.002 out 0.090 carry 0.003
cache_trace node 3: piece (0, 0) of 5 x 6, 69173177 + 57644315 limbs at 0, slots 0: A - B - | 1.017 s: redistribute 0.069 ntt 0.865 crt 0.002 out 0.091 carry 0.002
cache_trace node 0: piece (1, 0) of 5 x 6, 69173177 + 57644315 limbs at 69173177, slots 0: A - B - | 1.042 s: redistribute 0.064 ntt 0.875 crt 0.002 out 0.086 carry 0.022
cache_trace node 1: piece (1, 0) of 5 x 6, 69173177 + 57644315 limbs at 69173177, slots 0: A - B - | 1.042 s: redistribute 0.064 ntt 0.878 crt 0.002 out 0.085 carry 0.022
cache_trace node 2: piece (1, 0) of 5 x 6, 69173177 + 57644315 limbs at 69173177, slots 0: A - B - | 1.042 s: redistribute 0.061 ntt 0.879 crt 0.002 out 0.087 carry 0.022
cache_trace node 3: piece (1, 0) of 5 x 6, 69173177 + 57644315 limbs at 69173177, slots 0: A - B - | 1.042 s: redistribute 0.063 ntt 0.880 crt 0.001 out 0.089 carry 0.022
cache_trace node 0: piece (2, 0) of 5 x 6, 69173177 + 57644315 limbs at 138346354, slots 0: A - B - | 1.039 s: redistribute 0.069 ntt 0.870 crt 0.001 out 0.094 carry 0.026
cache_trace node 1: piece (2, 0) of 5 x 6, 69173177 + 57644315 limbs at 138346354, slots 0: A - B - | 1.039 s: redistribute 0.074 ntt 0.870 crt 0.002 out 0.099 carry 0.026
cache_trace node 2: piece (2, 0) of 5 x 6, 69173177 + 57644315 limbs at 138346354, slots 0: A - B - | 1.039 s: redistribute 0.070 ntt 0.869 crt 0.001 out 0.103 carry 0.025
cache_trace node 3: piece (2, 0) of 5 x 6, 69173177 + 57644315 limbs at 138346354, slots 0: A - B - | 1.039 s: redistribute 0.060 ntt 0.870 crt 0.002 out 0.095 carry 0.026
cache_trace node 0: piece (3, 0) of 5 x 6, 69173177 + 57644315 limbs at 207519531, slots 0: A - B - | 1.024 s: redistribute 0.072 ntt 0.843 crt 0.001 out 0.083 carry 0.032
cache_trace node 1: piece (3, 0) of 5 x 6, 69173177 + 57644315 limbs at 207519531, slots 0: A - B - | 1.024 s: redistribute 0.071 ntt 0.850 crt 0.001 out 0.082 carry 0.033
cache_trace node 2: piece (3, 0) of 5 x 6, 69173177 + 57644315 limbs at 207519531, slots 0: A - B - | 1.024 s: redistribute 0.073 ntt 0.859 crt 0.001 out 0.085 carry 0.032
cache_trace node 3: piece (3, 0) of 5 x 6, 69173177 + 57644315 limbs at 207519531, slots 0: A - B - | 1.024 s: redistribute 0.071 ntt 0.851 crt 0.001 out 0.086 carry 0.032
cache_trace node 0: piece (4, 0) of 5 x 6, 69173177 + 57644315 limbs at 276692708, slots 0: A - B - | 1.041 s: redistribute 0.067 ntt 0.877 crt 0.001 out 0.069 carry 0.028
cache_trace node 1: piece (4, 0) of 5 x 6, 69173177 + 57644315 limbs at 276692708, slots 0: A - B - | 1.041 s: redistribute 0.071 ntt 0.875 crt 0.001 out 0.073 carry 0.028
cache_trace node 2: piece (4, 0) of 5 x 6, 69173177 + 57644315 limbs at 276692708, slots 0: A - B - | 1.041 s: redistribute 0.071 ntt 0.879 crt 0.001 out 0.075 carry 0.028
cache_trace node 3: piece (4, 0) of 5 x 6, 69173177 + 57644315 limbs at 276692708, slots 0: A - B - | 1.041 s: redistribute 0.067 ntt 0.884 crt 0.001 out 0.072 carry 0.027
cache_trace node 0: piece (0, 1) of 5 x 6, 69173177 + 57644315 limbs at 57644315, slots 0: A - B - | 1.064 s: redistribute 0.068 ntt 0.900 crt 0.002 out 0.088 carry 0.026
cache_trace node 1: piece (0, 1) of 5 x 6, 69173177 + 57644315 limbs at 57644315, slots 0: A - B - | 1.064 s: redistribute 0.066 ntt 0.899 crt 0.002 out 0.093 carry 0.026
cache_trace node 2: piece (0, 1) of 5 x 6, 69173177 + 57644315 limbs at 57644315, slots 0: A - B - | 1.064 s: redistribute 0.063 ntt 0.898 crt 0.002 out 0.091 carry 0.026
cache_trace node 3: piece (0, 1) of 5 x 6, 69173177 + 57644315 limbs at 57644315, slots 0: A - B - | 1.064 s: redistribute 0.065 ntt 0.903 crt 0.002 out 0.093 carry 0.026
cache_trace node 0: piece (1, 1) of 5 x 6, 69173177 + 57644315 limbs at 126817492, slots 0: A - B - | 1.017 s: redistribute 0.077 ntt 0.844 crt 0.002 out 0.082 carry 0.034
cache_trace node 1: piece (1, 1) of 5 x 6, 69173177 + 57644315 limbs at 126817492, slots 0: A - B - | 1.017 s: redistribute 0.083 ntt 0.839 crt 0.002 out 0.082 carry 0.033
cache_trace node 2: piece (1, 1) of 5 x 6, 69173177 + 57644315 limbs at 126817492, slots 0: A - B - | 1.017 s: redistribute 0.078 ntt 0.849 crt 0.002 out 0.085 carry 0.033
cache_trace node 3: piece (1, 1) of 5 x 6, 69173177 + 57644315 limbs at 126817492, slots 0: A - B - | 1.017 s: redistribute 0.071 ntt 0.852 crt 0.002 out 0.083 carry 0.033
cache_trace node 0: piece (2, 1) of 5 x 6, 69173177 + 57644315 limbs at 195990669, slots 0: A - B - | 1.004 s: redistribute 0.058 ntt 0.838 crt 0.002 out 0.078 carry 0.044
cache_trace node 1: piece (2, 1) of 5 x 6, 69173177 + 57644315 limbs at 195990669, slots 0: A - B - | 1.004 s: redistribute 0.060 ntt 0.838 crt 0.002 out 0.081 carry 0.043
cache_trace node 2: piece (2, 1) of 5 x 6, 69173177 + 57644315 limbs at 195990669, slots 0: A - B - | 1.004 s: redistribute 0.065 ntt 0.837 crt 0.002 out 0.083 carry 0.043
cache_trace node 3: piece (2, 1) of 5 x 6, 69173177 + 57644315 limbs at 195990669, slots 0: A - B - | 1.004 s: redistribute 0.053 ntt 0.845 crt 0.002 out 0.081 carry 0.043
cache_trace node 0: piece (3, 1) of 5 x 6, 69173177 + 57644315 limbs at 265163846, slots 0: A - B - | 1.028 s: redistribute 0.066 ntt 0.856 crt 0.002 out 0.101 carry 0.012
cache_trace node 1: piece (3, 1) of 5 x 6, 69173177 + 57644315 limbs at 265163846, slots 0: A - B - | 1.028 s: redistribute 0.070 ntt 0.855 crt 0.002 out 0.101 carry 0.012
cache_trace node 2: piece (3, 1) of 5 x 6, 69173177 + 57644315 limbs at 265163846, slots 0: A - B - | 1.028 s: redistribute 0.072 ntt 0.861 crt 0.002 out 0.104 carry 0.012
cache_trace node 3: piece (3, 1) of 5 x 6, 69173177 + 57644315 limbs at 265163846, slots 0: A - B - | 1.028 s: redistribute 0.064 ntt 0.858 crt 0.001 out 0.098 carry 0.012
cache_trace node 0: piece (4, 1) of 5 x 6, 69173177 + 57644315 limbs at 334337023, slots 0: A - B - | 0.956 s: redistribute 0.065 ntt 0.861 crt 0.002 out 0.027 carry 0.010
cache_trace node 1: piece (4, 1) of 5 x 6, 69173177 + 57644315 limbs at 334337023, slots 0: A - B - | 0.956 s: redistribute 0.062 ntt 0.864 crt 0.001 out 0.021 carry 0.010
cache_trace node 2: piece (4, 1) of 5 x 6, 69173177 + 57644315 limbs at 334337023, slots 0: A - B - | 0.956 s: redistribute 0.063 ntt 0.859 crt 0.003 out 0.028 carry 0.010
cache_trace node 3: piece (4, 1) of 5 x 6, 69173177 + 57644315 limbs at 334337023, slots 0: A - B - | 0.956 s: redistribute 0.063 ntt 0.867 crt 0.003 out 0.025 carry 0.010
cache_trace node 0: piece (0, 2) of 5 x 6, 69173177 + 57644315 limbs at 115288630, slots 0: A - B - | 1.032 s: redistribute 0.078 ntt 0.849 crt 0.001 out 0.075 carry 0.038
cache_trace node 1: piece (0, 2) of 5 x 6, 69173177 + 57644315 limbs at 115288630, slots 0: A - B - | 1.032 s: redistribute 0.078 ntt 0.856 crt 0.002 out 0.076 carry 0.037
cache_trace node 2: piece (0, 2) of 5 x 6, 69173177 + 57644315 limbs at 115288630, slots 0: A - B - | 1.032 s: redistribute 0.078 ntt 0.858 crt 0.001 out 0.078 carry 0.038
cache_trace node 3: piece (0, 2) of 5 x 6, 69173177 + 57644315 limbs at 115288630, slots 0: A - B - | 1.032 s: redistribute 0.082 ntt 0.855 crt 0.002 out 0.072 carry 0.038
cache_trace node 0: piece (1, 2) of 5 x 6, 69173177 + 57644315 limbs at 184461807, slots 0: A - B - | 1.036 s: redistribute 0.065 ntt 0.858 crt 0.001 out 0.079 carry 0.038
cache_trace node 1: piece (1, 2) of 5 x 6, 69173177 + 57644315 limbs at 184461807, slots 0: A - B - | 1.036 s: redistribute 0.065 ntt 0.859 crt 0.001 out 0.080 carry 0.038
cache_trace node 2: piece (1, 2) of 5 x 6, 69173177 + 57644315 limbs at 184461807, slots 0: A - B - | 1.036 s: redistribute 0.065 ntt 0.858 crt 0.001 out 0.085 carry 0.037
cache_trace node 3: piece (1, 2) of 5 x 6, 69173177 + 57644315 limbs at 184461807, slots 0: A - B - | 1.036 s: redistribute 0.067 ntt 0.857 crt 0.001 out 0.083 carry 0.038
cache_trace node 0: piece (2, 2) of 5 x 6, 69173177 + 57644315 limbs at 253634984, slots 0: A - B - | 0.999 s: redistribute 0.065 ntt 0.844 crt 0.001 out 0.090 carry 0.010
cache_trace node 1: piece (2, 2) of 5 x 6, 69173177 + 57644315 limbs at 253634984, slots 0: A - B - | 0.999 s: redistribute 0.065 ntt 0.841 crt 0.002 out 0.093 carry 0.010
cache_trace node 2: piece (2, 2) of 5 x 6, 69173177 + 57644315 limbs at 253634984, slots 0: A - B - | 0.999 s: redistribute 0.065 ntt 0.841 crt 0.002 out 0.092 carry 0.010
cache_trace node 3: piece (2, 2) of 5 x 6, 69173177 + 57644315 limbs at 253634984, slots 0: A - B - | 0.999 s: redistribute 0.068 ntt 0.852 crt 0.001 out 0.087 carry 0.008
cache_trace node 0: piece (3, 2) of 5 x 6, 69173177 + 57644315 limbs at 322808161, slots 0: A - B - | 0.961 s: redistribute 0.067 ntt 0.847 crt 0.002 out 0.036 carry 0.019
cache_trace node 1: piece (3, 2) of 5 x 6, 69173177 + 57644315 limbs at 322808161, slots 0: A - B - | 0.961 s: redistribute 0.066 ntt 0.849 crt 0.001 out 0.028 carry 0.019
cache_trace node 2: piece (3, 2) of 5 x 6, 69173177 + 57644315 limbs at 322808161, slots 0: A - B - | 0.961 s: redistribute 0.066 ntt 0.849 crt 0.001 out 0.033 carry 0.019
cache_trace node 3: piece (3, 2) of 5 x 6, 69173177 + 57644315 limbs at 322808161, slots 0: A - B - | 0.961 s: redistribute 0.064 ntt 0.848 crt 0.002 out 0.035 carry 0.019
cache_trace node 0: piece (0, 3) of 5 x 6, 69173177 + 57644315 limbs at 172932945, slots 0: A - B - | 1.046 s: redistribute 0.072 ntt 0.869 crt 0.001 out 0.087 carry 0.028
cache_trace node 1: piece (0, 3) of 5 x 6, 69173177 + 57644315 limbs at 172932945, slots 0: A - B - | 1.046 s: redistribute 0.069 ntt 0.864 crt 0.002 out 0.089 carry 0.028
cache_trace node 2: piece (0, 3) of 5 x 6, 69173177 + 57644315 limbs at 172932945, slots 0: A - B - | 1.046 s: redistribute 0.072 ntt 0.866 crt 0.001 out 0.083 carry 0.028
cache_trace node 3: piece (0, 3) of 5 x 6, 69173177 + 57644315 limbs at 172932945, slots 0: A - B - | 1.046 s: redistribute 0.073 ntt 0.857 crt 0.002 out 0.091 carry 0.028
cache_trace node 0: piece (1, 3) of 5 x 6, 69173177 + 57644315 limbs at 242106122, slots 0: A - B - | 0.995 s: redistribute 0.064 ntt 0.836 crt 0.001 out 0.083 carry 0.018
cache_trace node 1: piece (1, 3) of 5 x 6, 69173177 + 57644315 limbs at 242106122, slots 0: A - B - | 0.995 s: redistribute 0.064 ntt 0.847 crt 0.001 out 0.082 carry 0.017
cache_trace node 2: piece (1, 3) of 5 x 6, 69173177 + 57644315 limbs at 242106122, slots 0: A - B - | 0.995 s: redistribute 0.064 ntt 0.840 crt 0.001 out 0.083 carry 0.017
cache_trace node 3: piece (1, 3) of 5 x 6, 69173177 + 57644315 limbs at 242106122, slots 0: A - B - | 0.995 s: redistribute 0.057 ntt 0.846 crt 0.001 out 0.079 carry 0.017
cache_trace node 0: piece (2, 3) of 5 x 6, 69173177 + 57644315 limbs at 311279299, slots 0: A - B - | 0.949 s: redistribute 0.070 ntt 0.835 crt 0.001 out 0.038 carry 0.020
cache_trace node 1: piece (2, 3) of 5 x 6, 69173177 + 57644315 limbs at 311279299, slots 0: A - B - | 0.949 s: redistribute 0.070 ntt 0.836 crt 0.001 out 0.037 carry 0.020
cache_trace node 2: piece (2, 3) of 5 x 6, 69173177 + 57644315 limbs at 311279299, slots 0: A - B - | 0.949 s: redistribute 0.069 ntt 0.834 crt 0.001 out 0.036 carry 0.020
cache_trace node 3: piece (2, 3) of 5 x 6, 69173177 + 57644315 limbs at 311279299, slots 0: A - B - | 0.949 s: redistribute 0.070 ntt 0.835 crt 0.002 out 0.037 carry 0.019
cache_trace node 0: piece (0, 4) of 5 x 6, 69173177 + 57644315 limbs at 230577260, slots 0: A - B - | 1.032 s: redistribute 0.068 ntt 0.873 crt 0.001 out 0.091 carry 0.021
cache_trace node 1: piece (0, 4) of 5 x 6, 69173177 + 57644315 limbs at 230577260, slots 0: A - B - | 1.032 s: redistribute 0.067 ntt 0.866 crt 0.001 out 0.081 carry 0.021
cache_trace node 2: piece (0, 4) of 5 x 6, 69173177 + 57644315 limbs at 230577260, slots 0: A - B - | 1.032 s: redistribute 0.064 ntt 0.860 crt 0.001 out 0.088 carry 0.021
cache_trace node 3: piece (0, 4) of 5 x 6, 69173177 + 57644315 limbs at 230577260, slots 0: A - B - | 1.032 s: redistribute 0.070 ntt 0.864 crt 0.001 out 0.090 carry 0.020
cache_trace node 1: piece (1, 4) of 5 x 6, 69173177 + 57644315 limbs at 299750437, slots 0: A - B - | 1.011 s: redistribute 0.070 ntt 0.869 crt 0.002 out 0.056 carry 0.033
cache_trace node 2: piece (1, 4) of 5 x 6, 69173177 + 57644315 limbs at 299750437, slots 0: A - B - | 1.011 s: redistribute 0.064 ntt 0.866 crt 0.001 out 0.061 carry 0.033
cache_trace node 3: piece (1, 4) of 5 x 6, 69173177 + 57644315 limbs at 299750437, slots 0: A - B - | 1.011 s: redistribute 0.065 ntt 0.868 crt 0.001 out 0.059 carry 0.033
cache_trace node 0: piece (1, 4) of 5 x 6, 69173177 + 57644315 limbs at 299750437, slots 0: A - B - | 1.011 s: redistribute 0.065 ntt 0.869 crt 0.002 out 0.056 carry 0.034
cache_trace node 0: piece (0, 5) of 5 x 6, 69173177 + 57644310 limbs at 288221575, slots 0: A - B - | 1.003 s: redistribute 0.070 ntt 0.841 crt 0.002 out 0.063 carry 0.035
dist_mn node 0: 345865885 x 345865885 limbs over 4 x 4 ranks (cap 2^27): 5 x 6 pieces, 20 formed, 10 skipped (low product) (cache 0 slots: 0 hits, 0 misses)
cache_trace node 1: piece (0, 5) of 5 x 6, 69173177 + 57644310 limbs at 288221575, slots 0: A - B - | 1.003 s: redistribute 0.068 ntt 0.841 crt 0.001 out 0.063 carry 0.035
dist_mn node 1: 345865885 x 345865885 limbs over 4 x 4 ranks (cap 2^27): 5 x 6 pieces, 20 formed, 10 skipped (low product) (cache 0 slots: 0 hits, 0 misses)
cache_trace node 2: piece (0, 5) of 5 x 6, 69173177 + 57644310 limbs at 288221575, slots 0: A - B - | 1.003 s: redistribute 0.068 ntt 0.840 crt 0.001 out 0.065 carry 0.035
dist_mn node 2: 345865885 x 345865885 limbs over 4 x 4 ranks (cap 2^27): 5 x 6 pieces, 20 formed, 10 skipped (low product) (cache 0 slots: 0 hits, 0 misses)
cache_trace node 3: piece (0, 5) of 5 x 6, 69173177 + 57644310 limbs at 288221575, slots 0: A - B - | 1.003 s: redistribute 0.069 ntt 0.849 crt 0.002 out 0.062 carry 0.035
dist_mn node 3: 345865885 x 345865885 limbs over 4 x 4 ranks (cap 2^27): 5 x 6 pieces, 20 formed, 10 skipped (low product) (cache 0 slots: 0 hits, 0 misses)
cx_grid node 3: rep 0 (warm-up) shape 5x6_highcut (345865885 x 345865885, cut 0 / 345865885) slots 0: 20.306 s, cache 0 hits 0 misses, C sha256 f07a437204833f51 same
cx_grid node 1: rep 0 (warm-up) shape 5x6_highcut (345865885 x 345865885, cut 0 / 345865885) slots 0: 20.306 s, cache 0 hits 0 misses, C sha256 478ce4ac1b99a5a9 same
cx_grid node 2: rep 0 (warm-up) shape 5x6_highcut (345865885 x 345865885, cut 0 / 345865885) slots 0: 20.306 s, cache 0 hits 0 misses, C sha256 1ffd456e076765ed same
cx_grid node 0: rep 0 (warm-up) shape 5x6_highcut (345865885 x 345865885, cut 0 / 345865885) slots 0: 20.306 s, cache 0 hits 0 misses, C sha256 1e3fa234dfaf9973 same
cache_trace node 0: piece (0, 0) of 2 x 3, 79590803 + 53063711 limbs at 0, slots 0: A - B - | 0.986 s: redistribute 0.075 ntt 0.826 crt 0.002 out 0.092 carry 0.002
cache_trace node 1: piece (0, 0) of 2 x 3, 79590803 + 53063711 limbs at 0, slots 0: A - B - | 0.986 s: redistribute 0.075 ntt 0.824 crt 0.002 out 0.091 carry 0.002
cache_trace node 2: piece (0, 0) of 2 x 3, 79590803 + 53063711 limbs at 0, slots 0: A - B - | 0.986 s: redistribute 0.074 ntt 0.825 crt 0.002 out 0.089 carry 0.002
cache_trace node 3: piece (0, 0) of 2 x 3, 79590803 + 53063711 limbs at 0, slots 0: A - B - | 0.986 s: redistribute 0.074 ntt 0.830 crt 0.002 out 0.088 carry 0.002
cache_trace node 0: piece (1, 0) of 2 x 3, 79590802 + 53063711 limbs at 79590803, slots 0: A - B - | 1.023 s: redistribute 0.071 ntt 0.845 crt 0.001 out 0.083 carry 0.028
cache_trace node 1: piece (1, 0) of 2 x 3, 79590802 + 53063711 limbs at 79590803, slots 0: A - B - | 1.023 s: redistribute 0.069 ntt 0.849 crt 0.002 out 0.088 carry 0.028
cache_trace node 2: piece (1, 0) of 2 x 3, 79590802 + 53063711 limbs at 79590803, slots 0: A - B - | 1.023 s: redistribute 0.069 ntt 0.847 crt 0.001 out 0.082 carry 0.028
cache_trace node 3: piece (1, 0) of 2 x 3, 79590802 + 53063711 limbs at 79590803, slots 0: A - B - | 1.023 s: redistribute 0.069 ntt 0.853 crt 0.002 out 0.085 carry 0.028
cache_trace node 0: piece (0, 1) of 2 x 3, 79590803 + 53063711 limbs at 53063711, slots 0: A - B - | 1.029 s: redistribute 0.073 ntt 0.854 crt 0.002 out 0.078 carry 0.029
cache_trace node 1: piece (0, 1) of 2 x 3, 79590803 + 53063711 limbs at 53063711, slots 0: A - B - | 1.029 s: redistribute 0.075 ntt 0.850 crt 0.002 out 0.086 carry 0.029
cache_trace node 2: piece (0, 1) of 2 x 3, 79590803 + 53063711 limbs at 53063711, slots 0: A - B - | 1.029 s: redistribute 0.076 ntt 0.850 crt 0.001 out 0.084 carry 0.029
cache_trace node 3: piece (0, 1) of 2 x 3, 79590803 + 53063711 limbs at 53063711, slots 0: A - B - | 1.029 s: redistribute 0.073 ntt 0.843 crt 0.001 out 0.087 carry 0.029
cache_trace node 0: piece (1, 1) of 2 x 3, 79590802 + 53063711 limbs at 132654514, slots 0: A - B - | 1.027 s: redistribute 0.076 ntt 0.865 crt 0.002 out 0.075 carry 0.025
cache_trace node 1: piece (1, 1) of 2 x 3, 79590802 + 53063711 limbs at 132654514, slots 0: A - B - | 1.027 s: redistribute 0.076 ntt 0.878 crt 0.002 out 0.073 carry 0.025
cache_trace node 2: piece (1, 1) of 2 x 3, 79590802 + 53063711 limbs at 132654514, slots 0: A - B - | 1.027 s: redistribute 0.086 ntt 0.866 crt 0.001 out 0.078 carry 0.025
cache_trace node 3: piece (1, 1) of 2 x 3, 79590802 + 53063711 limbs at 132654514, slots 0: A - B - | 1.027 s: redistribute 0.082 ntt 0.867 crt 0.002 out 0.077 carry 0.025
cache_trace node 0: piece (0, 2) of 2 x 3, 79590803 + 53063709 limbs at 106127422, slots 0: A - B - | 1.022 s: redistribute 0.071 ntt 0.849 crt 0.001 out 0.080 carry 0.030
cache_trace node 1: piece (0, 2) of 2 x 3, 79590803 + 53063709 limbs at 106127422, slots 0: A - B - | 1.022 s: redistribute 0.071 ntt 0.856 crt 0.002 out 0.078 carry 0.030
cache_trace node 2: piece (0, 2) of 2 x 3, 79590803 + 53063709 limbs at 106127422, slots 0: A - B - | 1.022 s: redistribute 0.074 ntt 0.852 crt 0.001 out 0.083 carry 0.030
cache_trace node 3: piece (0, 2) of 2 x 3, 79590803 + 53063709 limbs at 106127422, slots 0: A - B - | 1.022 s: redistribute 0.073 ntt 0.850 crt 0.002 out 0.073 carry 0.030
cache_trace node 0: piece (1, 2) of 2 x 3, 79590802 + 53063709 limbs at 185718225, slots 0: A - B - | 1.028 s: redistribute 0.070 ntt 0.851 crt 0.002 out 0.083 carry 0.031
dist_mn node 0: 159181605 x 159191131 limbs over 4 x 4 ranks (cap 2^27): 2 x 3 pieces, 6 formed, 0 skipped (cache 0 slots: 0 hits, 0 misses)
cache_trace node 1: piece (1, 2) of 2 x 3, 79590802 + 53063709 limbs at 185718225, slots 0: A - B - | 1.028 s: redistribute 0.072 ntt 0.856 crt 0.002 out 0.082 carry 0.031
dist_mn node 1: 159181605 x 159191131 limbs over 4 x 4 ranks (cap 2^27): 2 x 3 pieces, 6 formed, 0 skipped (cache 0 slots: 0 hits, 0 misses)
cache_trace node 2: piece (1, 2) of 2 x 3, 79590802 + 53063709 limbs at 185718225, slots 0: A - B - | 1.028 s: redistribute 0.069 ntt 0.856 crt 0.002 out 0.084 carry 0.031
dist_mn node 2: 159181605 x 159191131 limbs over 4 x 4 ranks (cap 2^27): 2 x 3 pieces, 6 formed, 0 skipped (cache 0 slots: 0 hits, 0 misses)
cache_trace node 3: piece (1, 2) of 2 x 3, 79590802 + 53063709 limbs at 185718225, slots 0: A - B - | 1.028 s: redistribute 0.072 ntt 0.853 crt 0.002 out 0.082 carry 0.030
dist_mn node 3: 159181605 x 159191131 limbs over 4 x 4 ranks (cap 2^27): 2 x 3 pieces, 6 formed, 0 skipped (cache 0 slots: 0 hits, 0 misses)
cx_grid node 1: rep 1 shape 2x3_full (159181605 x 159191131, cut 0 / -1) slots 0: 6.120 s, cache 0 hits 0 misses, C sha256 016385c789164206 same
cx_grid node 3: rep 1 shape 2x3_full (159181605 x 159191131, cut 0 / -1) slots 0: 6.120 s, cache 0 hits 0 misses, C sha256 9bd99874540d8242 same
cx_grid node 2: rep 1 shape 2x3_full (159181605 x 159191131, cut 0 / -1) slots 0: 6.120 s, cache 0 hits 0 misses, C sha256 f4218a47e6a08190 same
cx_grid node 0: rep 1 shape 2x3_full (159181605 x 159191131, cut 0 / -1) slots 0: 6.120 s, cache 0 hits 0 misses, C sha256 225bd7b48e391974 same
cache_trace node 0: piece (0, 0) of 2 x 3, 79590803 + 53063711 limbs at 0, slots 1: A - B cached | 1.024 s: redistribute 0.076 ntt 0.864 crt 0.001 out 0.092 carry 0.002
cache_trace node 1: piece (0, 0) of 2 x 3, 79590803 + 53063711 limbs at 0, slots 1: A - B cached | 1.024 s: redistribute 0.072 ntt 0.870 crt 0.001 out 0.093 carry 0.002
cache_trace node 2: piece (0, 0) of 2 x 3, 79590803 + 53063711 limbs at 0, slots 1: A - B cached | 1.024 s: redistribute 0.075 ntt 0.866 crt 0.002 out 0.094 carry 0.002
cache_trace node 3: piece (0, 0) of 2 x 3, 79590803 + 53063711 limbs at 0, slots 1: A - B cached | 1.024 s: redistribute 0.073 ntt 0.868 crt 0.002 out 0.096 carry 0.002
cache_trace node 0: piece (1, 0) of 2 x 3, 79590802 + 53063711 limbs at 79590803, slots 1: A - B HIT | 0.725 s: redistribute 0.047 ntt 0.572 crt 0.002 out 0.081 carry 0.029
cache_trace node 1: piece (1, 0) of 2 x 3, 79590802 + 53063711 limbs at 79590803, slots 1: A - B HIT | 0.725 s: redistribute 0.046 ntt 0.568 crt 0.001 out 0.085 carry 0.028
cache_trace node 2: piece (1, 0) of 2 x 3, 79590802 + 53063711 limbs at 79590803, slots 1: A - B HIT | 0.725 s: redistribute 0.045 ntt 0.569 crt 0.003 out 0.086 carry 0.028
cache_trace node 3: piece (1, 0) of 2 x 3, 79590802 + 53063711 limbs at 79590803, slots 1: A - B HIT | 0.725 s: redistribute 0.045 ntt 0.579 crt 0.003 out 0.083 carry 0.029
cache_trace node 0: piece (0, 1) of 2 x 3, 79590803 + 53063711 limbs at 53063711, slots 1: A - B cached | 1.048 s: redistribute 0.071 ntt 0.870 crt 0.002 out 0.082 carry 0.028
cache_trace node 1: piece (0, 1) of 2 x 3, 79590803 + 53063711 limbs at 53063711, slots 1: A - B cached | 1.048 s: redistribute 0.067 ntt 0.875 crt 0.001 out 0.082 carry 0.028
cache_trace node 2: piece (0, 1) of 2 x 3, 79590803 + 53063711 limbs at 53063711, slots 1: A - B cached | 1.048 s: redistribute 0.071 ntt 0.869 crt 0.002 out 0.081 carry 0.028
cache_trace node 3: piece (0, 1) of 2 x 3, 79590803 + 53063711 limbs at 53063711, slots 1: A - B cached | 1.048 s: redistribute 0.068 ntt 0.871 crt 0.002 out 0.082 carry 0.028
cache_trace node 0: piece (1, 1) of 2 x 3, 79590802 + 53063711 limbs at 132654514, slots 1: A - B HIT | 0.729 s: redistribute 0.049 ntt 0.592 crt 0.001 out 0.081 carry 0.025
cache_trace node 1: piece (1, 1) of 2 x 3, 79590802 + 53063711 limbs at 132654514, slots 1: A - B HIT | 0.729 s: redistribute 0.048 ntt 0.584 crt 0.002 out 0.083 carry 0.024
cache_trace node 2: piece (1, 1) of 2 x 3, 79590802 + 53063711 limbs at 132654514, slots 1: A - B HIT | 0.729 s: redistribute 0.046 ntt 0.593 crt 0.002 out 0.076 carry 0.024
cache_trace node 3: piece (1, 1) of 2 x 3, 79590802 + 53063711 limbs at 132654514, slots 1: A - B HIT | 0.729 s: redistribute 0.041 ntt 0.588 crt 0.001 out 0.085 carry 0.024
cache_trace node 0: piece (0, 2) of 2 x 3, 79590803 + 53063709 limbs at 106127422, slots 1: A - B cached | 1.064 s: redistribute 0.076 ntt 0.889 crt 0.002 out 0.088 carry 0.030
cache_trace node 1: piece (0, 2) of 2 x 3, 79590803 + 53063709 limbs at 106127422, slots 1: A - B cached | 1.064 s: redistribute 0.071 ntt 0.892 crt 0.001 out 0.088 carry 0.030
cache_trace node 2: piece (0, 2) of 2 x 3, 79590803 + 53063709 limbs at 106127422, slots 1: A - B cached | 1.064 s: redistribute 0.073 ntt 0.897 crt 0.002 out 0.084 carry 0.030
cache_trace node 3: piece (0, 2) of 2 x 3, 79590803 + 53063709 limbs at 106127422, slots 1: A - B cached | 1.064 s: redistribute 0.075 ntt 0.886 crt 0.001 out 0.089 carry 0.030
cache_trace node 0: piece (1, 2) of 2 x 3, 79590802 + 53063709 limbs at 185718225, slots 1: A - B HIT | 0.703 s: redistribute 0.044 ntt 0.552 crt 0.002 out 0.084 carry 0.034
dist_mn node 0: 159181605 x 159191131 limbs over 4 x 4 ranks (cap 2^27): 2 x 3 pieces, 6 formed, 0 skipped (cache 1 slots: 3 hits, 3 misses)
cache_trace node 1: piece (1, 2) of 2 x 3, 79590802 + 53063709 limbs at 185718225, slots 1: A - B HIT | 0.703 s: redistribute 0.044 ntt 0.550 crt 0.002 out 0.082 carry 0.034
dist_mn node 1: 159181605 x 159191131 limbs over 4 x 4 ranks (cap 2^27): 2 x 3 pieces, 6 formed, 0 skipped (cache 1 slots: 3 hits, 3 misses)
cache_trace node 2: piece (1, 2) of 2 x 3, 79590802 + 53063709 limbs at 185718225, slots 1: A - B HIT | 0.703 s: redistribute 0.041 ntt 0.546 crt 0.002 out 0.087 carry 0.034
dist_mn node 2: 159181605 x 159191131 limbs over 4 x 4 ranks (cap 2^27): 2 x 3 pieces, 6 formed, 0 skipped (cache 1 slots: 3 hits, 3 misses)
cache_trace node 3: piece (1, 2) of 2 x 3, 79590802 + 53063709 limbs at 185718225, slots 1: A - B HIT | 0.703 s: redistribute 0.044 ntt 0.554 crt 0.002 out 0.085 carry 0.034
dist_mn node 3: 159181605 x 159191131 limbs over 4 x 4 ranks (cap 2^27): 2 x 3 pieces, 6 formed, 0 skipped (cache 1 slots: 3 hits, 3 misses)
cx_grid node 1: rep 1 shape 2x3_full (159181605 x 159191131, cut 0 / -1) slots 1: 5.297 s, cache 3 hits 3 misses, C sha256 016385c789164206 same
cx_grid node 2: rep 1 shape 2x3_full (159181605 x 159191131, cut 0 / -1) slots 1: 5.297 s, cache 3 hits 3 misses, C sha256 f4218a47e6a08190 same
cx_grid node 3: rep 1 shape 2x3_full (159181605 x 159191131, cut 0 / -1) slots 1: 5.297 s, cache 3 hits 3 misses, C sha256 9bd99874540d8242 same
cx_grid node 0: rep 1 shape 2x3_full (159181605 x 159191131, cut 0 / -1) slots 1: 5.297 s, cache 3 hits 3 misses, C sha256 225bd7b48e391974 same
cache_trace node 0: piece (0, 0) of 2 x 3, 79590803 + 53063711 limbs at 0, slots 2: A cached B cached | 0.995 s: redistribute 0.072 ntt 0.842 crt 0.001 out 0.096 carry 0.002
cache_trace node 1: piece (0, 0) of 2 x 3, 79590803 + 53063711 limbs at 0, slots 2: A cached B cached | 0.995 s: redistribute 0.070 ntt 0.845 crt 0.001 out 0.095 carry 0.002
cache_trace node 2: piece (0, 0) of 2 x 3, 79590803 + 53063711 limbs at 0, slots 2: A cached B cached | 0.995 s: redistribute 0.074 ntt 0.834 crt 0.001 out 0.093 carry 0.002
cache_trace node 3: piece (0, 0) of 2 x 3, 79590803 + 53063711 limbs at 0, slots 2: A cached B cached | 0.995 s: redistribute 0.075 ntt 0.843 crt 0.001 out 0.093 carry 0.003
cache_trace node 0: piece (1, 0) of 2 x 3, 79590802 + 53063711 limbs at 79590803, slots 2: A - B HIT | 0.716 s: redistribute 0.057 ntt 0.565 crt 0.002 out 0.082 carry 0.029
cache_trace node 1: piece (1, 0) of 2 x 3, 79590802 + 53063711 limbs at 79590803, slots 2: A - B HIT | 0.716 s: redistribute 0.056 ntt 0.570 crt 0.002 out 0.083 carry 0.029
cache_trace node 2: piece (1, 0) of 2 x 3, 79590802 + 53063711 limbs at 79590803, slots 2: A - B HIT | 0.716 s: redistribute 0.040 ntt 0.569 crt 0.002 out 0.083 carry 0.029
cache_trace node 3: piece (1, 0) of 2 x 3, 79590802 + 53063711 limbs at 79590803, slots 2: A - B HIT | 0.716 s: redistribute 0.038 ntt 0.568 crt 0.002 out 0.083 carry 0.029
cache_trace node 0: piece (0, 1) of 2 x 3, 79590803 + 53063711 limbs at 53063711, slots 2: A HIT B cached | 0.715 s: redistribute 0.026 ntt 0.577 crt 0.001 out 0.086 carry 0.027
cache_trace node 1: piece (0, 1) of 2 x 3, 79590803 + 53063711 limbs at 53063711, slots 2: A HIT B cached | 0.715 s: redistribute 0.022 ntt 0.585 crt 0.002 out 0.079 carry 0.027
cache_trace node 2: piece (0, 1) of 2 x 3, 79590803 + 53063711 limbs at 53063711, slots 2: A HIT B cached | 0.715 s: redistribute 0.027 ntt 0.583 crt 0.001 out 0.085 carry 0.027
cache_trace node 3: piece (0, 1) of 2 x 3, 79590803 + 53063711 limbs at 53063711, slots 2: A HIT B cached | 0.715 s: redistribute 0.029 ntt 0.581 crt 0.002 out 0.082 carry 0.027
cache_trace node 0: piece (1, 1) of 2 x 3, 79590802 + 53063711 limbs at 132654514, slots 2: A - B HIT | 0.708 s: redistribute 0.050 ntt 0.566 crt 0.001 out 0.079 carry 0.025
cache_trace node 1: piece (1, 1) of 2 x 3, 79590802 + 53063711 limbs at 132654514, slots 2: A - B HIT | 0.708 s: redistribute 0.049 ntt 0.566 crt 0.002 out 0.081 carry 0.025
cache_trace node 2: piece (1, 1) of 2 x 3, 79590802 + 53063711 limbs at 132654514, slots 2: A - B HIT | 0.708 s: redistribute 0.041 ntt 0.563 crt 0.001 out 0.082 carry 0.025
cache_trace node 3: piece (1, 1) of 2 x 3, 79590802 + 53063711 limbs at 132654514, slots 2: A - B HIT | 0.708 s: redistribute 0.043 ntt 0.571 crt 0.002 out 0.082 carry 0.025
cache_trace node 0: piece (0, 2) of 2 x 3, 79590803 + 53063709 limbs at 106127422, slots 2: A HIT B cached | 0.711 s: redistribute 0.030 ntt 0.573 crt 0.002 out 0.080 carry 0.031
cache_trace node 1: piece (0, 2) of 2 x 3, 79590803 + 53063709 limbs at 106127422, slots 2: A HIT B cached | 0.711 s: redistribute 0.029 ntt 0.577 crt 0.002 out 0.080 carry 0.031
cache_trace node 2: piece (0, 2) of 2 x 3, 79590803 + 53063709 limbs at 106127422, slots 2: A HIT B cached | 0.711 s: redistribute 0.029 ntt 0.574 crt 0.001 out 0.084 carry 0.031
cache_trace node 3: piece (0, 2) of 2 x 3, 79590803 + 53063709 limbs at 106127422, slots 2: A HIT B cached | 0.711 s: redistribute 0.029 ntt 0.570 crt 0.001 out 0.082 carry 0.031
cache_trace node 0: piece (1, 2) of 2 x 3, 79590802 + 53063709 limbs at 185718225, slots 2: A - B HIT | 0.724 s: redistribute 0.042 ntt 0.571 crt 0.002 out 0.088 carry 0.032
dist_mn node 0: 159181605 x 159191131 limbs over 4 x 4 ranks (cap 2^27): 2 x 3 pieces, 6 formed, 0 skipped (cache 2 slots: 5 hits, 4 misses)
cache_trace node 1: piece (1, 2) of 2 x 3, 79590802 + 53063709 limbs at 185718225, slots 2: A - B HIT | 0.724 s: redistribute 0.043 ntt 0.572 crt 0.002 out 0.090 carry 0.032
dist_mn node 1: 159181605 x 159191131 limbs over 4 x 4 ranks (cap 2^27): 2 x 3 pieces, 6 formed, 0 skipped (cache 2 slots: 5 hits, 4 misses)
cache_trace node 2: piece (1, 2) of 2 x 3, 79590802 + 53063709 limbs at 185718225, slots 2: A - B HIT | 0.724 s: redistribute 0.043 ntt 0.574 crt 0.001 out 0.093 carry 0.031
dist_mn node 2: 159181605 x 159191131 limbs over 4 x 4 ranks (cap 2^27): 2 x 3 pieces, 6 formed, 0 skipped (cache 2 slots: 5 hits, 4 misses)
cache_trace node 3: piece (1, 2) of 2 x 3, 79590802 + 53063709 limbs at 185718225, slots 2: A - B HIT | 0.724 s: redistribute 0.044 ntt 0.578 crt 0.002 out 0.091 carry 0.031
dist_mn node 3: 159181605 x 159191131 limbs over 4 x 4 ranks (cap 2^27): 2 x 3 pieces, 6 formed, 0 skipped (cache 2 slots: 5 hits, 4 misses)
cx_grid node 2: rep 1 shape 2x3_full (159181605 x 159191131, cut 0 / -1) slots 2: 4.574 s, cache 5 hits 4 misses, C sha256 f4218a47e6a08190 same
cx_grid node 1: rep 1 shape 2x3_full (159181605 x 159191131, cut 0 / -1) slots 2: 4.574 s, cache 5 hits 4 misses, C sha256 016385c789164206 same
cx_grid node 3: rep 1 shape 2x3_full (159181605 x 159191131, cut 0 / -1) slots 2: 4.574 s, cache 5 hits 4 misses, C sha256 9bd99874540d8242 same
cx_grid node 0: rep 1 shape 2x3_full (159181605 x 159191131, cut 0 / -1) slots 2: 4.574 s, cache 5 hits 4 misses, C sha256 225bd7b48e391974 same
cache_trace node 0: piece (0, 0) of 2 x 6, 78703953 + 52845459 limbs at 0, slots 0: A - B - | 1.045 s: redistribute 0.079 ntt 0.855 crt 0.003 out 0.121 carry 0.002
cache_trace node 1: piece (0, 0) of 2 x 6, 78703953 + 52845459 limbs at 0, slots 0: A - B - | 1.045 s: redistribute 0.074 ntt 0.861 crt 0.002 out 0.120 carry 0.004
cache_trace node 2: piece (0, 0) of 2 x 6, 78703953 + 52845459 limbs at 0, slots 0: A - B - | 1.045 s: redistribute 0.079 ntt 0.861 crt 0.001 out 0.120 carry 0.004
cache_trace node 3: piece (0, 0) of 2 x 6, 78703953 + 52845459 limbs at 0, slots 0: A - B - | 1.045 s: redistribute 0.073 ntt 0.861 crt 0.001 out 0.118 carry 0.004
cache_trace node 0: piece (1, 0) of 2 x 6, 78703952 + 52845459 limbs at 78703953, slots 0: A - B - | 1.088 s: redistribute 0.079 ntt 0.876 crt 0.004 out 0.099 carry 0.042
cache_trace node 1: piece (1, 0) of 2 x 6, 78703952 + 52845459 limbs at 78703953, slots 0: A - B - | 1.088 s: redistribute 0.069 ntt 0.877 crt 0.004 out 0.099 carry 0.042
cache_trace node 2: piece (1, 0) of 2 x 6, 78703952 + 52845459 limbs at 78703953, slots 0: A - B - | 1.088 s: redistribute 0.080 ntt 0.876 crt 0.004 out 0.098 carry 0.043
cache_trace node 3: piece (1, 0) of 2 x 6, 78703952 + 52845459 limbs at 78703953, slots 0: A - B - | 1.088 s: redistribute 0.081 ntt 0.878 crt 0.002 out 0.101 carry 0.043
cache_trace node 0: piece (0, 1) of 2 x 6, 78703953 + 52845459 limbs at 52845459, slots 0: A - B - | 1.076 s: redistribute 0.067 ntt 0.854 crt 0.002 out 0.105 carry 0.052
cache_trace node 1: piece (0, 1) of 2 x 6, 78703953 + 52845459 limbs at 52845459, slots 0: A - B - | 1.076 s: redistribute 0.067 ntt 0.858 crt 0.002 out 0.105 carry 0.051
cache_trace node 2: piece (0, 1) of 2 x 6, 78703953 + 52845459 limbs at 52845459, slots 0: A - B - | 1.076 s: redistribute 0.067 ntt 0.855 crt 0.001 out 0.102 carry 0.052
cache_trace node 3: piece (0, 1) of 2 x 6, 78703953 + 52845459 limbs at 52845459, slots 0: A - B - | 1.076 s: redistribute 0.068 ntt 0.859 crt 0.001 out 0.104 carry 0.052
cache_trace node 0: piece (1, 1) of 2 x 6, 78703952 + 52845459 limbs at 131549412, slots 0: A - B - | 1.054 s: redistribute 0.067 ntt 0.872 crt 0.002 out 0.086 carry 0.033
cache_trace node 1: piece (1, 1) of 2 x 6, 78703952 + 52845459 limbs at 131549412, slots 0: A - B - | 1.054 s: redistribute 0.067 ntt 0.871 crt 0.002 out 0.090 carry 0.032
cache_trace node 2: piece (1, 1) of 2 x 6, 78703952 + 52845459 limbs at 131549412, slots 0: A - B - | 1.054 s: redistribute 0.068 ntt 0.867 crt 0.002 out 0.088 carry 0.033
cache_trace node 3: piece (1, 1) of 2 x 6, 78703952 + 52845459 limbs at 131549412, slots 0: A - B - | 1.054 s: redistribute 0.069 ntt 0.868 crt 0.002 out 0.095 carry 0.032
cache_trace node 0: piece (0, 2) of 2 x 6, 78703953 + 52845459 limbs at 105690918, slots 0: A - B - | 1.033 s: redistribute 0.072 ntt 0.839 crt 0.002 out 0.110 carry 0.017
cache_trace node 1: piece (0, 2) of 2 x 6, 78703953 + 52845459 limbs at 105690918, slots 0: A - B - | 1.033 s: redistribute 0.076 ntt 0.835 crt 0.002 out 0.112 carry 0.017
cache_trace node 2: piece (0, 2) of 2 x 6, 78703953 + 52845459 limbs at 105690918, slots 0: A - B - | 1.033 s: redistribute 0.075 ntt 0.835 crt 0.001 out 0.113 carry 0.017
cache_trace node 3: piece (0, 2) of 2 x 6, 78703953 + 52845459 limbs at 105690918, slots 0: A - B - | 1.033 s: redistribute 0.073 ntt 0.843 crt 0.001 out 0.112 carry 0.017
cache_trace node 0: piece (1, 2) of 2 x 6, 78703952 + 52845459 limbs at 184394871, slots 0: A - B - | 1.047 s: redistribute 0.073 ntt 0.865 crt 0.001 out 0.087 carry 0.050
cache_trace node 1: piece (1, 2) of 2 x 6, 78703952 + 52845459 limbs at 184394871, slots 0: A - B - | 1.047 s: redistribute 0.072 ntt 0.857 crt 0.002 out 0.085 carry 0.049
cache_trace node 2: piece (1, 2) of 2 x 6, 78703952 + 52845459 limbs at 184394871, slots 0: A - B - | 1.047 s: redistribute 0.072 ntt 0.852 crt 0.002 out 0.085 carry 0.049
cache_trace node 3: piece (1, 2) of 2 x 6, 78703952 + 52845459 limbs at 184394871, slots 0: A - B - | 1.047 s: redistribute 0.068 ntt 0.858 crt 0.002 out 0.083 carry 0.050
cache_trace node 1: piece (0, 3) of 2 x 6, 78703953 + 52845459 limbs at 158536377, slots 0: A - B - | 1.054 s: redistribute 0.072 ntt 0.857 crt 0.001 out 0.084 carry 0.056
cache_trace node 2: piece (0, 3) of 2 x 6, 78703953 + 52845459 limbs at 158536377, slots 0: A - B - | 1.054 s: redistribute 0.073 ntt 0.858 crt 0.001 out 0.083 carry 0.056
cache_trace node 0: piece (0, 3) of 2 x 6, 78703953 + 52845459 limbs at 158536377, slots 0: A - B - | 1.054 s: redistribute 0.073 ntt 0.858 crt 0.002 out 0.080 carry 0.057
cache_trace node 3: piece (0, 3) of 2 x 6, 78703953 + 52845459 limbs at 158536377, slots 0: A - B - | 1.054 s: redistribute 0.072 ntt 0.864 crt 0.002 out 0.081 carry 0.056
cache_trace node 0: piece (1, 3) of 2 x 6, 78703952 + 52845459 limbs at 237240330, slots 0: A - B - | 1.012 s: redistribute 0.068 ntt 0.830 crt 0.004 out 0.105 carry 0.015
cache_trace node 1: piece (1, 3) of 2 x 6, 78703952 + 52845459 limbs at 237240330, slots 0: A - B - | 1.012 s: redistribute 0.070 ntt 0.834 crt 0.004 out 0.105 carry 0.015
cache_trace node 2: piece (1, 3) of 2 x 6, 78703952 + 52845459 limbs at 237240330, slots 0: A - B - | 1.012 s: redistribute 0.066 ntt 0.839 crt 0.004 out 0.105 carry 0.013
cache_trace node 3: piece (1, 3) of 2 x 6, 78703952 + 52845459 limbs at 237240330, slots 0: A - B - | 1.012 s: redistribute 0.069 ntt 0.838 crt 0.002 out 0.110 carry 0.014
cache_trace node 0: piece (0, 4) of 2 x 6, 78703953 + 52845459 limbs at 211381836, slots 0: A - B - | 1.037 s: redistribute 0.073 ntt 0.852 crt 0.002 out 0.092 carry 0.035
cache_trace node 1: piece (0, 4) of 2 x 6, 78703953 + 52845459 limbs at 211381836, slots 0: A - B - | 1.037 s: redistribute 0.069 ntt 0.856 crt 0.002 out 0.091 carry 0.034
cache_trace node 2: piece (0, 4) of 2 x 6, 78703953 + 52845459 limbs at 211381836, slots 0: A - B - | 1.037 s: redistribute 0.067 ntt 0.858 crt 0.002 out 0.093 carry 0.034
cache_trace node 3: piece (0, 4) of 2 x 6, 78703953 + 52845459 limbs at 211381836, slots 0: A - B - | 1.037 s: redistribute 0.073 ntt 0.859 crt 0.002 out 0.093 carry 0.035
cache_trace node 0: piece (1, 4) of 2 x 6, 78703952 + 52845459 limbs at 290085789, slots 0: A - B - | 1.029 s: redistribute 0.070 ntt 0.839 crt 0.003 out 0.077 carry 0.049
cache_trace node 1: piece (1, 4) of 2 x 6, 78703952 + 52845459 limbs at 290085789, slots 0: A - B - | 1.029 s: redistribute 0.072 ntt 0.843 crt 0.003 out 0.077 carry 0.048
cache_trace node 2: piece (1, 4) of 2 x 6, 78703952 + 52845459 limbs at 290085789, slots 0: A - B - | 1.029 s: redistribute 0.072 ntt 0.839 crt 0.001 out 0.080 carry 0.048
cache_trace node 3: piece (1, 4) of 2 x 6, 78703952 + 52845459 limbs at 290085789, slots 0: A - B - | 1.029 s: redistribute 0.070 ntt 0.836 crt 0.001 out 0.076 carry 0.048
cache_trace node 0: piece (0, 5) of 2 x 6, 78703953 + 52845454 limbs at 264227295, slots 0: A - B - | 1.046 s: redistribute 0.071 ntt 0.845 crt 0.002 out 0.094 carry 0.044
cache_trace node 1: piece (0, 5) of 2 x 6, 78703953 + 52845454 limbs at 264227295, slots 0: A - B - | 1.046 s: redistribute 0.073 ntt 0.847 crt 0.002 out 0.100 carry 0.044
cache_trace node 2: piece (0, 5) of 2 x 6, 78703953 + 52845454 limbs at 264227295, slots 0: A - B - | 1.046 s: redistribute 0.067 ntt 0.844 crt 0.002 out 0.101 carry 0.043
cache_trace node 3: piece (0, 5) of 2 x 6, 78703953 + 52845454 limbs at 264227295, slots 0: A - B - | 1.046 s: redistribute 0.072 ntt 0.840 crt 0.001 out 0.099 carry 0.043
cache_trace node 0: piece (1, 5) of 2 x 6, 78703952 + 52845454 limbs at 342931248, slots 0: A - B - | 1.042 s: redistribute 0.073 ntt 0.862 crt 0.001 out 0.103 carry 0.014
dist_mn node 0: 157407905 x 317072749 limbs over 4 x 4 ranks (cap 2^27): 2 x 6 pieces, 12 formed, 0 skipped (cache 0 slots: 0 hits, 0 misses)
cache_trace node 1: piece (1, 5) of 2 x 6, 78703952 + 52845454 limbs at 342931248, slots 0: A - B - | 1.042 s: redistribute 0.076 ntt 0.863 crt 0.001 out 0.100 carry 0.014
dist_mn node 1: 157407905 x 317072749 limbs over 4 x 4 ranks (cap 2^27): 2 x 6 pieces, 12 formed, 0 skipped (cache 0 slots: 0 hits, 0 misses)
cache_trace node 2: piece (1, 5) of 2 x 6, 78703952 + 52845454 limbs at 342931248, slots 0: A - B - | 1.042 s: redistribute 0.072 ntt 0.870 crt 0.001 out 0.095 carry 0.014
dist_mn node 2: 157407905 x 317072749 limbs over 4 x 4 ranks (cap 2^27): 2 x 6 pieces, 12 formed, 0 skipped (cache 0 slots: 0 hits, 0 misses)
cache_trace node 3: piece (1, 5) of 2 x 6, 78703952 + 52845454 limbs at 342931248, slots 0: A - B - | 1.042 s: redistribute 0.075 ntt 0.864 crt 0.002 out 0.099 carry 0.014
dist_mn node 3: 157407905 x 317072749 limbs over 4 x 4 ranks (cap 2^27): 2 x 6 pieces, 12 formed, 0 skipped (cache 0 slots: 0 hits, 0 misses)
cx_grid node 2: rep 1 shape 2x6_full (157407905 x 317072749, cut 0 / -1) slots 0: 12.571 s, cache 0 hits 0 misses, C sha256 99747f2d57c5e2cf same
cx_grid node 1: rep 1 shape 2x6_full (157407905 x 317072749, cut 0 / -1) slots 0: 12.572 s, cache 0 hits 0 misses, C sha256 6330df3bb25f6c16 same
cx_grid node 0: rep 1 shape 2x6_full (157407905 x 317072749, cut 0 / -1) slots 0: 12.571 s, cache 0 hits 0 misses, C sha256 75d48aec4fdde193 same
cx_grid node 3: rep 1 shape 2x6_full (157407905 x 317072749, cut 0 / -1) slots 0: 12.571 s, cache 0 hits 0 misses, C sha256 db65c4e9c17923b1 same
cache_trace node 0: piece (0, 0) of 2 x 6, 78703953 + 52845459 limbs at 0, slots 1: A - B cached | 1.011 s: redistribute 0.073 ntt 0.831 crt 0.001 out 0.111 carry 0.002
cache_trace node 1: piece (0, 0) of 2 x 6, 78703953 + 52845459 limbs at 0, slots 1: A - B cached | 1.011 s: redistribute 0.071 ntt 0.834 crt 0.003 out 0.110 carry 0.003
cache_trace node 2: piece (0, 0) of 2 x 6, 78703953 + 52845459 limbs at 0, slots 1: A - B cached | 1.011 s: redistribute 0.072 ntt 0.840 crt 0.001 out 0.107 carry 0.003
cache_trace node 3: piece (0, 0) of 2 x 6, 78703953 + 52845459 limbs at 0, slots 1: A - B cached | 1.011 s: redistribute 0.070 ntt 0.838 crt 0.003 out 0.106 carry 0.003
cache_trace node 0: piece (1, 0) of 2 x 6, 78703952 + 52845459 limbs at 78703953, slots 1: A - B HIT | 0.774 s: redistribute 0.047 ntt 0.595 crt 0.001 out 0.092 carry 0.043
cache_trace node 1: piece (1, 0) of 2 x 6, 78703952 + 52845459 limbs at 78703953, slots 1: A - B HIT | 0.774 s: redistribute 0.046 ntt 0.596 crt 0.002 out 0.095 carry 0.043
cache_trace node 3: piece (1, 0) of 2 x 6, 78703952 + 52845459 limbs at 78703953, slots 1: A - B HIT | 0.774 s: redistribute 0.039 ntt 0.603 crt 0.002 out 0.095 carry 0.044
cache_trace node 2: piece (1, 0) of 2 x 6, 78703952 + 52845459 limbs at 78703953, slots 1: A - B HIT | 0.775 s: redistribute 0.043 ntt 0.599 crt 0.001 out 0.096 carry 0.044
cache_trace node 0: piece (0, 1) of 2 x 6, 78703953 + 52845459 limbs at 52845459, slots 1: A - B cached | 1.046 s: redistribute 0.070 ntt 0.838 crt 0.002 out 0.090 carry 0.054
cache_trace node 1: piece (0, 1) of 2 x 6, 78703953 + 52845459 limbs at 52845459, slots 1: A - B cached | 1.046 s: redistribute 0.073 ntt 0.840 crt 0.002 out 0.088 carry 0.054
cache_trace node 2: piece (0, 1) of 2 x 6, 78703953 + 52845459 limbs at 52845459, slots 1: A - B cached | 1.046 s: redistribute 0.072 ntt 0.839 crt 0.002 out 0.084 carry 0.054
cache_trace node 3: piece (0, 1) of 2 x 6, 78703953 + 52845459 limbs at 52845459, slots 1: A - B cached | 1.046 s: redistribute 0.072 ntt 0.845 crt 0.002 out 0.084 carry 0.054
cache_trace node 0: piece (1, 1) of 2 x 6, 78703952 + 52845459 limbs at 131549412, slots 1: A - B HIT | 0.765 s: redistribute 0.044 ntt 0.603 crt 0.001 out 0.097 carry 0.029
cache_trace node 1: piece (1, 1) of 2 x 6, 78703952 + 52845459 limbs at 131549412, slots 1: A - B HIT | 0.765 s: redistribute 0.043 ntt 0.600 crt 0.001 out 0.099 carry 0.029
cache_trace node 2: piece (1, 1) of 2 x 6, 78703952 + 52845459 limbs at 131549412, slots 1: A - B HIT | 0.765 s: redistribute 0.040 ntt 0.603 crt 0.002 out 0.095 carry 0.029
cache_trace node 3: piece (1, 1) of 2 x 6, 78703952 + 52845459 limbs at 131549412, slots 1: A - B HIT | 0.765 s: redistribute 0.041 ntt 0.603 crt 0.002 out 0.100 carry 0.029
cache_trace node 0: piece (0, 2) of 2 x 6, 78703953 + 52845459 limbs at 105690918, slots 1: A - B cached | 1.047 s: redistribute 0.069 ntt 0.858 crt 0.002 out 0.112 carry 0.017
cache_trace node 1: piece (0, 2) of 2 x 6, 78703953 + 52845459 limbs at 105690918, slots 1: A - B cached | 1.047 s: redistribute 0.075 ntt 0.861 crt 0.003 out 0.107 carry 0.017
cache_trace node 2: piece (0, 2) of 2 x 6, 78703953 + 52845459 limbs at 105690918, slots 1: A - B cached | 1.047 s: redistribute 0.075 ntt 0.853 crt 0.002 out 0.110 carry 0.017
cache_trace node 3: piece (0, 2) of 2 x 6, 78703953 + 52845459 limbs at 105690918, slots 1: A - B cached | 1.047 s: redistribute 0.072 ntt 0.855 crt 0.003 out 0.115 carry 0.017
cache_trace node 0: piece (1, 2) of 2 x 6, 78703952 + 52845459 limbs at 184394871, slots 1: A - B HIT | 0.732 s: redistribute 0.045 ntt 0.560 crt 0.001 out 0.084 carry 0.050
cache_trace node 1: piece (1, 2) of 2 x 6, 78703952 + 52845459 limbs at 184394871, slots 1: A - B HIT | 0.732 s: redistribute 0.044 ntt 0.565 crt 0.001 out 0.090 carry 0.048
cache_trace node 2: piece (1, 2) of 2 x 6, 78703952 + 52845459 limbs at 184394871, slots 1: A - B HIT | 0.732 s: redistribute 0.044 ntt 0.566 crt 0.001 out 0.092 carry 0.048
cache_trace node 3: piece (1, 2) of 2 x 6, 78703952 + 52845459 limbs at 184394871, slots 1: A - B HIT | 0.732 s: redistribute 0.040 ntt 0.576 crt 0.001 out 0.095 carry 0.049
cache_trace node 0: piece (0, 3) of 2 x 6, 78703953 + 52845459 limbs at 158536377, slots 1: A - B cached | 1.084 s: redistribute 0.073 ntt 0.881 crt 0.002 out 0.082 carry 0.057
cache_trace node 1: piece (0, 3) of 2 x 6, 78703953 + 52845459 limbs at 158536377, slots 1: A - B cached | 1.084 s: redistribute 0.080 ntt 0.891 crt 0.001 out 0.082 carry 0.056
cache_trace node 2: piece (0, 3) of 2 x 6, 78703953 + 52845459 limbs at 158536377, slots 1: A - B cached | 1.084 s: redistribute 0.067 ntt 0.890 crt 0.002 out 0.078 carry 0.056
cache_trace node 3: piece (0, 3) of 2 x 6, 78703953 + 52845459 limbs at 158536377, slots 1: A - B cached | 1.084 s: redistribute 0.080 ntt 0.885 crt 0.002 out 0.079 carry 0.057
cache_trace node 0: piece (1, 3) of 2 x 6, 78703952 + 52845459 limbs at 237240330, slots 1: A - B HIT | 0.743 s: redistribute 0.049 ntt 0.589 crt 0.002 out 0.104 carry 0.017
cache_trace node 1: piece (1, 3) of 2 x 6, 78703952 + 52845459 limbs at 237240330, slots 1: A - B HIT | 0.743 s: redistribute 0.057 ntt 0.583 crt 0.002 out 0.106 carry 0.017
cache_trace node 2: piece (1, 3) of 2 x 6, 78703952 + 52845459 limbs at 237240330, slots 1: A - B HIT | 0.743 s: redistribute 0.038 ntt 0.591 crt 0.002 out 0.101 carry 0.014
cache_trace node 3: piece (1, 3) of 2 x 6, 78703952 + 52845459 limbs at 237240330, slots 1: A - B HIT | 0.743 s: redistribute 0.056 ntt 0.587 crt 0.002 out 0.101 carry 0.017
cache_trace node 0: piece (0, 4) of 2 x 6, 78703953 + 52845459 limbs at 211381836, slots 1: A - B cached | 1.098 s: redistribute 0.067 ntt 0.903 crt 0.001 out 0.096 carry 0.035
cache_trace node 1: piece (0, 4) of 2 x 6, 78703953 + 52845459 limbs at 211381836, slots 1: A - B cached | 1.098 s: redistribute 0.075 ntt 0.907 crt 0.001 out 0.096 carry 0.035
cache_trace node 2: piece (0, 4) of 2 x 6, 78703953 + 52845459 limbs at 211381836, slots 1: A - B cached | 1.098 s: redistribute 0.076 ntt 0.904 crt 0.001 out 0.092 carry 0.034
cache_trace node 3: piece (0, 4) of 2 x 6, 78703953 + 52845459 limbs at 211381836, slots 1: A - B cached | 1.098 s: redistribute 0.075 ntt 0.906 crt 0.001 out 0.094 carry 0.035
cache_trace node 0: piece (1, 4) of 2 x 6, 78703952 + 52845459 limbs at 290085789, slots 1: A - B HIT | 0.759 s: redistribute 0.053 ntt 0.587 crt 0.002 out 0.084 carry 0.051
cache_trace node 1: piece (1, 4) of 2 x 6, 78703952 + 52845459 limbs at 290085789, slots 1: A - B HIT | 0.759 s: redistribute 0.052 ntt 0.584 crt 0.002 out 0.083 carry 0.052
cache_trace node 2: piece (1, 4) of 2 x 6, 78703952 + 52845459 limbs at 290085789, slots 1: A - B HIT | 0.759 s: redistribute 0.040 ntt 0.594 crt 0.002 out 0.088 carry 0.051
cache_trace node 3: piece (1, 4) of 2 x 6, 78703952 + 52845459 limbs at 290085789, slots 1: A - B HIT | 0.759 s: redistribute 0.039 ntt 0.595 crt 0.001 out 0.085 carry 0.051
cache_trace node 0: piece (0, 5) of 2 x 6, 78703953 + 52845454 limbs at 264227295, slots 1: A - B cached | 1.095 s: redistribute 0.071 ntt 0.893 crt 0.001 out 0.095 carry 0.047
cache_trace node 1: piece (0, 5) of 2 x 6, 78703953 + 52845454 limbs at 264227295, slots 1: A - B cached | 1.095 s: redistribute 0.071 ntt 0.892 crt 0.002 out 0.091 carry 0.046
cache_trace node 2: piece (0, 5) of 2 x 6, 78703953 + 52845454 limbs at 264227295, slots 1: A - B cached | 1.095 s: redistribute 0.073 ntt 0.897 crt 0.002 out 0.090 carry 0.046
cache_trace node 3: piece (0, 5) of 2 x 6, 78703953 + 52845454 limbs at 264227295, slots 1: A - B cached | 1.095 s: redistribute 0.072 ntt 0.892 crt 0.002 out 0.097 carry 0.046
cache_trace node 0: piece (1, 5) of 2 x 6, 78703952 + 52845454 limbs at 342931248, slots 1: A - B HIT | 0.726 s: redistribute 0.052 ntt 0.575 crt 0.001 out 0.104 carry 0.015
dist_mn node 0: 157407905 x 317072749 limbs over 4 x 4 ranks (cap 2^27): 2 x 6 pieces, 12 formed, 0 skipped (cache 1 slots: 6 hits, 6 misses)
cache_trace node 1: piece (1, 5) of 2 x 6, 78703952 + 52845454 limbs at 342931248, slots 1: A - B HIT | 0.726 s: redistribute 0.051 ntt 0.566 crt 0.002 out 0.104 carry 0.015
dist_mn node 1: 157407905 x 317072749 limbs over 4 x 4 ranks (cap 2^27): 2 x 6 pieces, 12 formed, 0 skipped (cache 1 slots: 6 hits, 6 misses)
cache_trace node 2: piece (1, 5) of 2 x 6, 78703952 + 52845454 limbs at 342931248, slots 1: A - B HIT | 0.726 s: redistribute 0.049 ntt 0.565 crt 0.002 out 0.108 carry 0.015
dist_mn node 2: 157407905 x 317072749 limbs over 4 x 4 ranks (cap 2^27): 2 x 6 pieces, 12 formed, 0 skipped (cache 1 slots: 6 hits, 6 misses)
cache_trace node 3: piece (1, 5) of 2 x 6, 78703952 + 52845454 limbs at 342931248, slots 1: A - B HIT | 0.726 s: redistribute 0.038 ntt 0.575 crt 0.001 out 0.101 carry 0.014
dist_mn node 3: 157407905 x 317072749 limbs over 4 x 4 ranks (cap 2^27): 2 x 6 pieces, 12 formed, 0 skipped (cache 1 slots: 6 hits, 6 misses)
cx_grid node 2: rep 1 shape 2x6_full (157407905 x 317072749, cut 0 / -1) slots 1: 10.889 s, cache 6 hits 6 misses, C sha256 99747f2d57c5e2cf same
cx_grid node 0: rep 1 shape 2x6_full (157407905 x 317072749, cut 0 / -1) slots 1: 10.889 s, cache 6 hits 6 misses, C sha256 75d48aec4fdde193 same
cx_grid node 3: rep 1 shape 2x6_full (157407905 x 317072749, cut 0 / -1) slots 1: 10.889 s, cache 6 hits 6 misses, C sha256 db65c4e9c17923b1 same
cx_grid node 1: rep 1 shape 2x6_full (157407905 x 317072749, cut 0 / -1) slots 1: 10.889 s, cache 6 hits 6 misses, C sha256 6330df3bb25f6c16 same
cache_trace node 0: piece (0, 0) of 2 x 6, 78703953 + 52845459 limbs at 0, slots 2: A cached B cached | 1.052 s: redistribute 0.075 ntt 0.846 crt 0.002 out 0.141 carry 0.002
cache_trace node 1: piece (0, 0) of 2 x 6, 78703953 + 52845459 limbs at 0, slots 2: A cached B cached | 1.053 s: redistribute 0.068 ntt 0.863 crt 0.001 out 0.133 carry 0.003
cache_trace node 2: piece (0, 0) of 2 x 6, 78703953 + 52845459 limbs at 0, slots 2: A cached B cached | 1.053 s: redistribute 0.076 ntt 0.849 crt 0.001 out 0.128 carry 0.003
cache_trace node 3: piece (0, 0) of 2 x 6, 78703953 + 52845459 limbs at 0, slots 2: A cached B cached | 1.053 s: redistribute 0.076 ntt 0.864 crt 0.002 out 0.129 carry 0.003
cache_trace node 0: piece (1, 0) of 2 x 6, 78703952 + 52845459 limbs at 78703953, slots 2: A - B HIT | 0.767 s: redistribute 0.053 ntt 0.585 crt 0.002 out 0.100 carry 0.042
cache_trace node 1: piece (1, 0) of 2 x 6, 78703952 + 52845459 limbs at 78703953, slots 2: A - B HIT | 0.767 s: redistribute 0.052 ntt 0.584 crt 0.002 out 0.099 carry 0.042
cache_trace node 2: piece (1, 0) of 2 x 6, 78703952 + 52845459 limbs at 78703953, slots 2: A - B HIT | 0.767 s: redistribute 0.039 ntt 0.594 crt 0.002 out 0.101 carry 0.042
cache_trace node 3: piece (1, 0) of 2 x 6, 78703952 + 52845459 limbs at 78703953, slots 2: A - B HIT | 0.767 s: redistribute 0.044 ntt 0.604 crt 0.001 out 0.100 carry 0.043
cache_trace node 0: piece (0, 1) of 2 x 6, 78703953 + 52845459 limbs at 52845459, slots 2: A HIT B cached | 0.755 s: redistribute 0.027 ntt 0.593 crt 0.004 out 0.085 carry 0.055
cache_trace node 1: piece (0, 1) of 2 x 6, 78703953 + 52845459 limbs at 52845459, slots 2: A HIT B cached | 0.755 s: redistribute 0.031 ntt 0.582 crt 0.004 out 0.086 carry 0.055
cache_trace node 2: piece (0, 1) of 2 x 6, 78703953 + 52845459 limbs at 52845459, slots 2: A HIT B cached | 0.755 s: redistribute 0.033 ntt 0.583 crt 0.004 out 0.089 carry 0.055
cache_trace node 3: piece (0, 1) of 2 x 6, 78703953 + 52845459 limbs at 52845459, slots 2: A HIT B cached | 0.755 s: redistribute 0.034 ntt 0.590 crt 0.003 out 0.086 carry 0.055
cache_trace node 0: piece (1, 1) of 2 x 6, 78703952 + 52845459 limbs at 131549412, slots 2: A - B HIT | 0.755 s: redistribute 0.044 ntt 0.593 crt 0.002 out 0.099 carry 0.029
cache_trace node 1: piece (1, 1) of 2 x 6, 78703952 + 52845459 limbs at 131549412, slots 2: A - B HIT | 0.755 s: redistribute 0.043 ntt 0.590 crt 0.001 out 0.099 carry 0.029
cache_trace node 2: piece (1, 1) of 2 x 6, 78703952 + 52845459 limbs at 131549412, slots 2: A - B HIT | 0.755 s: redistribute 0.040 ntt 0.587 crt 0.001 out 0.102 carry 0.029
cache_trace node 3: piece (1, 1) of 2 x 6, 78703952 + 52845459 limbs at 131549412, slots 2: A - B HIT | 0.755 s: redistribute 0.040 ntt 0.598 crt 0.002 out 0.103 carry 0.029
cache_trace node 0: piece (0, 2) of 2 x 6, 78703953 + 52845459 limbs at 105690918, slots 2: A HIT B cached | 0.732 s: redistribute 0.033 ntt 0.569 crt 0.002 out 0.119 carry 0.017
cache_trace node 1: piece (0, 2) of 2 x 6, 78703953 + 52845459 limbs at 105690918, slots 2: A HIT B cached | 0.732 s: redistribute 0.030 ntt 0.575 crt 0.002 out 0.115 carry 0.017
cache_trace node 2: piece (0, 2) of 2 x 6, 78703953 + 52845459 limbs at 105690918, slots 2: A HIT B cached | 0.732 s: redistribute 0.032 ntt 0.572 crt 0.002 out 0.115 carry 0.017
cache_trace node 3: piece (0, 2) of 2 x 6, 78703953 + 52845459 limbs at 105690918, slots 2: A HIT B cached | 0.732 s: redistribute 0.030 ntt 0.581 crt 0.001 out 0.120 carry 0.017
cache_trace node 0: piece (1, 2) of 2 x 6, 78703952 + 52845459 limbs at 184394871, slots 2: A - B HIT | 0.764 s: redistribute 0.053 ntt 0.584 crt 0.002 out 0.084 carry 0.050
cache_trace node 1: piece (1, 2) of 2 x 6, 78703952 + 52845459 limbs at 184394871, slots 2: A - B HIT | 0.764 s: redistribute 0.052 ntt 0.582 crt 0.002 out 0.090 carry 0.050
cache_trace node 2: piece (1, 2) of 2 x 6, 78703952 + 52845459 limbs at 184394871, slots 2: A - B HIT | 0.764 s: redistribute 0.045 ntt 0.590 crt 0.002 out 0.089 carry 0.050
cache_trace node 3: piece (1, 2) of 2 x 6, 78703952 + 52845459 limbs at 184394871, slots 2: A - B HIT | 0.764 s: redistribute 0.053 ntt 0.596 crt 0.002 out 0.086 carry 0.050
cache_trace node 0: piece (0, 3) of 2 x 6, 78703953 + 52845459 limbs at 158536377, slots 2: A HIT B cached | 0.736 s: redistribute 0.031 ntt 0.575 crt 0.002 out 0.082 carry 0.055
cache_trace node 1: piece (0, 3) of 2 x 6, 78703953 + 52845459 limbs at 158536377, slots 2: A HIT B cached | 0.736 s: redistribute 0.043 ntt 0.572 crt 0.002 out 0.082 carry 0.054
cache_trace node 2: piece (0, 3) of 2 x 6, 78703953 + 52845459 limbs at 158536377, slots 2: A HIT B cached | 0.736 s: redistribute 0.032 ntt 0.580 crt 0.001 out 0.082 carry 0.054
cache_trace node 3: piece (0, 3) of 2 x 6, 78703953 + 52845459 limbs at 158536377, slots 2: A HIT B cached | 0.736 s: redistribute 0.043 ntt 0.576 crt 0.001 out 0.080 carry 0.055
cache_trace node 0: piece (1, 3) of 2 x 6, 78703952 + 52845459 limbs at 237240330, slots 2: A - B HIT | 0.769 s: redistribute 0.049 ntt 0.604 crt 0.002 out 0.113 carry 0.014
cache_trace node 1: piece (1, 3) of 2 x 6, 78703952 + 52845459 limbs at 237240330, slots 2: A - B HIT | 0.769 s: redistribute 0.061 ntt 0.601 crt 0.002 out 0.108 carry 0.014
cache_trace node 2: piece (1, 3) of 2 x 6, 78703952 + 52845459 limbs at 237240330, slots 2: A - B HIT | 0.769 s: redistribute 0.048 ntt 0.605 crt 0.001 out 0.111 carry 0.014
cache_trace node 3: piece (1, 3) of 2 x 6, 78703952 + 52845459 limbs at 237240330, slots 2: A - B HIT | 0.769 s: redistribute 0.061 ntt 0.613 crt 0.001 out 0.104 carry 0.014
cache_trace node 0: piece (0, 4) of 2 x 6, 78703953 + 52845459 limbs at 211381836, slots 2: A HIT B cached | 0.716 s: redistribute 0.032 ntt 0.569 crt 0.002 out 0.096 carry 0.033
cache_trace node 1: piece (0, 4) of 2 x 6, 78703953 + 52845459 limbs at 211381836, slots 2: A HIT B cached | 0.716 s: redistribute 0.032 ntt 0.563 crt 0.002 out 0.100 carry 0.033
cache_trace node 2: piece (0, 4) of 2 x 6, 78703953 + 52845459 limbs at 211381836, slots 2: A HIT B cached | 0.716 s: redistribute 0.027 ntt 0.575 crt 0.001 out 0.102 carry 0.032
cache_trace node 3: piece (0, 4) of 2 x 6, 78703953 + 52845459 limbs at 211381836, slots 2: A HIT B cached | 0.716 s: redistribute 0.032 ntt 0.562 crt 0.001 out 0.095 carry 0.033
cache_trace node 0: piece (1, 4) of 2 x 6, 78703952 + 52845459 limbs at 290085789, slots 2: A - B HIT | 0.746 s: redistribute 0.040 ntt 0.571 crt 0.005 out 0.082 carry 0.052
cache_trace node 1: piece (1, 4) of 2 x 6, 78703952 + 52845459 limbs at 290085789, slots 2: A - B HIT | 0.746 s: redistribute 0.048 ntt 0.571 crt 0.005 out 0.081 carry 0.052
cache_trace node 2: piece (1, 4) of 2 x 6, 78703952 + 52845459 limbs at 290085789, slots 2: A - B HIT | 0.746 s: redistribute 0.048 ntt 0.578 crt 0.005 out 0.085 carry 0.052
cache_trace node 3: piece (1, 4) of 2 x 6, 78703952 + 52845459 limbs at 290085789, slots 2: A - B HIT | 0.746 s: redistribute 0.041 ntt 0.589 crt 0.005 out 0.075 carry 0.052
cache_trace node 0: piece (0, 5) of 2 x 6, 78703953 + 52845454 limbs at 264227295, slots 2: A HIT B cached | 0.741 s: redistribute 0.028 ntt 0.582 crt 0.002 out 0.091 carry 0.046
cache_trace node 1: piece (0, 5) of 2 x 6, 78703953 + 52845454 limbs at 264227295, slots 2: A HIT B cached | 0.741 s: redistribute 0.031 ntt 0.584 crt 0.001 out 0.087 carry 0.046
cache_trace node 2: piece (0, 5) of 2 x 6, 78703953 + 52845454 limbs at 264227295, slots 2: A HIT B cached | 0.741 s: redistribute 0.026 ntt 0.582 crt 0.001 out 0.090 carry 0.046
cache_trace node 3: piece (0, 5) of 2 x 6, 78703953 + 52845454 limbs at 264227295, slots 2: A HIT B cached | 0.741 s: redistribute 0.030 ntt 0.578 crt 0.002 out 0.091 carry 0.046
cache_trace node 0: piece (1, 5) of 2 x 6, 78703952 + 52845454 limbs at 342931248, slots 2: A - B HIT | 0.713 s: redistribute 0.050 ntt 0.543 crt 0.001 out 0.114 carry 0.014
dist_mn node 0: 157407905 x 317072749 limbs over 4 x 4 ranks (cap 2^27): 2 x 6 pieces, 12 formed, 0 skipped (cache 2 slots: 11 hits, 7 misses)
cache_trace node 1: piece (1, 5) of 2 x 6, 78703952 + 52845454 limbs at 342931248, slots 2: A - B HIT | 0.713 s: redistribute 0.049 ntt 0.553 crt 0.001 out 0.110 carry 0.015
dist_mn node 1: 157407905 x 317072749 limbs over 4 x 4 ranks (cap 2^27): 2 x 6 pieces, 12 formed, 0 skipped (cache 2 slots: 11 hits, 7 misses)
cache_trace node 2: piece (1, 5) of 2 x 6, 78703952 + 52845454 limbs at 342931248, slots 2: A - B HIT | 0.713 s: redistribute 0.038 ntt 0.557 crt 0.001 out 0.117 carry 0.014
dist_mn node 2: 157407905 x 317072749 limbs over 4 x 4 ranks (cap 2^27): 2 x 6 pieces, 12 formed, 0 skipped (cache 2 slots: 11 hits, 7 misses)
cache_trace node 3: piece (1, 5) of 2 x 6, 78703952 + 52845454 limbs at 342931248, slots 2: A - B HIT | 0.713 s: redistribute 0.039 ntt 0.547 crt 0.001 out 0.116 carry 0.014
dist_mn node 3: 157407905 x 317072749 limbs over 4 x 4 ranks (cap 2^27): 2 x 6 pieces, 12 formed, 0 skipped (cache 2 slots: 11 hits, 7 misses)
cx_grid node 0: rep 1 shape 2x6_full (157407905 x 317072749, cut 0 / -1) slots 2: 9.254 s, cache 11 hits 7 misses, C sha256 75d48aec4fdde193 same
cx_grid node 2: rep 1 shape 2x6_full (157407905 x 317072749, cut 0 / -1) slots 2: 9.254 s, cache 11 hits 7 misses, C sha256 99747f2d57c5e2cf same
cx_grid node 1: rep 1 shape 2x6_full (157407905 x 317072749, cut 0 / -1) slots 2: 9.254 s, cache 11 hits 7 misses, C sha256 6330df3bb25f6c16 same
cx_grid node 3: rep 1 shape 2x6_full (157407905 x 317072749, cut 0 / -1) slots 2: 9.254 s, cache 11 hits 7 misses, C sha256 db65c4e9c17923b1 same
cache_trace node 0: piece (0, 0) of 2 x 2, 58235255 + 59310082 limbs at 0, slots 0: A - B - | 0.977 s: redistribute 0.066 ntt 0.842 crt 0.002 out 0.079 carry 0.002
cache_trace node 2: piece (0, 0) of 2 x 2, 58235255 + 59310082 limbs at 0, slots 0: A - B - | 0.977 s: redistribute 0.065 ntt 0.842 crt 0.002 out 0.076 carry 0.002
cache_trace node 3: piece (0, 0) of 2 x 2, 58235255 + 59310082 limbs at 0, slots 0: A - B - | 0.977 s: redistribute 0.066 ntt 0.840 crt 0.001 out 0.082 carry 0.002
cache_trace node 1: piece (0, 0) of 2 x 2, 58235255 + 59310082 limbs at 0, slots 0: A - B - | 0.977 s: redistribute 0.058 ntt 0.841 crt 0.002 out 0.080 carry 0.002
cache_trace node 0: piece (1, 0) of 2 x 2, 58235254 + 59310082 limbs at 58235255, slots 0: A - B - | 0.989 s: redistribute 0.067 ntt 0.859 crt 0.002 out 0.073 carry 0.006
cache_trace node 1: piece (1, 0) of 2 x 2, 58235254 + 59310082 limbs at 58235255, slots 0: A - B - | 0.989 s: redistribute 0.059 ntt 0.861 crt 0.002 out 0.070 carry 0.006
cache_trace node 2: piece (1, 0) of 2 x 2, 58235254 + 59310082 limbs at 58235255, slots 0: A - B - | 0.989 s: redistribute 0.058 ntt 0.854 crt 0.002 out 0.069 carry 0.006
cache_trace node 3: piece (1, 0) of 2 x 2, 58235254 + 59310082 limbs at 58235255, slots 0: A - B - | 0.989 s: redistribute 0.060 ntt 0.862 crt 0.001 out 0.069 carry 0.007
cache_trace node 0: piece (0, 1) of 2 x 2, 58235255 + 59310081 limbs at 59310082, slots 0: A - B - | 1.014 s: redistribute 0.063 ntt 0.886 crt 0.002 out 0.065 carry 0.008
cache_trace node 1: piece (0, 1) of 2 x 2, 58235255 + 59310081 limbs at 59310082, slots 0: A - B - | 1.014 s: redistribute 0.071 ntt 0.890 crt 0.001 out 0.071 carry 0.007
cache_trace node 2: piece (0, 1) of 2 x 2, 58235255 + 59310081 limbs at 59310082, slots 0: A - B - | 1.014 s: redistribute 0.062 ntt 0.886 crt 0.001 out 0.069 carry 0.007
cache_trace node 3: piece (0, 1) of 2 x 2, 58235255 + 59310081 limbs at 59310082, slots 0: A - B - | 1.014 s: redistribute 0.062 ntt 0.890 crt 0.002 out 0.064 carry 0.007
cache_trace node 0: piece (1, 1) of 2 x 2, 58235254 + 59310081 limbs at 117545337, slots 0: A - B - | 0.975 s: redistribute 0.062 ntt 0.840 crt 0.002 out 0.070 carry 0.006
dist_mn node 0: 116470509 x 118620163 limbs over 4 x 4 ranks (cap 2^27): 2 x 2 pieces, 4 formed, 0 skipped (cache 0 slots: 0 hits, 0 misses)
cache_trace node 1: piece (1, 1) of 2 x 2, 58235254 + 59310081 limbs at 117545337, slots 0: A - B - | 0.975 s: redistribute 0.064 ntt 0.841 crt 0.002 out 0.070 carry 0.005
dist_mn node 1: 116470509 x 118620163 limbs over 4 x 4 ranks (cap 2^27): 2 x 2 pieces, 4 formed, 0 skipped (cache 0 slots: 0 hits, 0 misses)
cache_trace node 2: piece (1, 1) of 2 x 2, 58235254 + 59310081 limbs at 117545337, slots 0: A - B - | 0.975 s: redistribute 0.070 ntt 0.841 crt 0.002 out 0.068 carry 0.005
dist_mn node 2: 116470509 x 118620163 limbs over 4 x 4 ranks (cap 2^27): 2 x 2 pieces, 4 formed, 0 skipped (cache 0 slots: 0 hits, 0 misses)
cache_trace node 3: piece (1, 1) of 2 x 2, 58235254 + 59310081 limbs at 117545337, slots 0: A - B - | 0.975 s: redistribute 0.063 ntt 0.844 crt 0.002 out 0.064 carry 0.005
dist_mn node 3: 116470509 x 118620163 limbs over 4 x 4 ranks (cap 2^27): 2 x 2 pieces, 4 formed, 0 skipped (cache 0 slots: 0 hits, 0 misses)
cx_grid node 3: rep 1 shape 2x2_full (116470509 x 118620163, cut 0 / -1) slots 0: 3.958 s, cache 0 hits 0 misses, C sha256 655f472ae0083311 same
cx_grid node 1: rep 1 shape 2x2_full (116470509 x 118620163, cut 0 / -1) slots 0: 3.958 s, cache 0 hits 0 misses, C sha256 1bfb80fc63c65489 same
cx_grid node 2: rep 1 shape 2x2_full (116470509 x 118620163, cut 0 / -1) slots 0: 3.958 s, cache 0 hits 0 misses, C sha256 8c755de6553d0344 same
cx_grid node 0: rep 1 shape 2x2_full (116470509 x 118620163, cut 0 / -1) slots 0: 3.958 s, cache 0 hits 0 misses, C sha256 93cc444c3a95e21f same
cache_trace node 0: piece (0, 0) of 2 x 2, 58235255 + 59310082 limbs at 0, slots 1: A - B cached | 0.989 s: redistribute 0.064 ntt 0.860 crt 0.002 out 0.079 carry 0.002
cache_trace node 1: piece (0, 0) of 2 x 2, 58235255 + 59310082 limbs at 0, slots 1: A - B cached | 0.989 s: redistribute 0.060 ntt 0.856 crt 0.002 out 0.077 carry 0.002
cache_trace node 2: piece (0, 0) of 2 x 2, 58235255 + 59310082 limbs at 0, slots 1: A - B cached | 0.989 s: redistribute 0.063 ntt 0.859 crt 0.002 out 0.078 carry 0.002
cache_trace node 3: piece (0, 0) of 2 x 2, 58235255 + 59310082 limbs at 0, slots 1: A - B cached | 0.989 s: redistribute 0.058 ntt 0.865 crt 0.002 out 0.074 carry 0.002
cache_trace node 0: piece (1, 0) of 2 x 2, 58235254 + 59310082 limbs at 58235255, slots 1: A - B HIT | 0.665 s: redistribute 0.030 ntt 0.565 crt 0.001 out 0.065 carry 0.006
cache_trace node 1: piece (1, 0) of 2 x 2, 58235254 + 59310082 limbs at 58235255, slots 1: A - B HIT | 0.665 s: redistribute 0.036 ntt 0.560 crt 0.002 out 0.068 carry 0.006
cache_trace node 2: piece (1, 0) of 2 x 2, 58235254 + 59310082 limbs at 58235255, slots 1: A - B HIT | 0.665 s: redistribute 0.036 ntt 0.565 crt 0.001 out 0.068 carry 0.006
cache_trace node 3: piece (1, 0) of 2 x 2, 58235254 + 59310082 limbs at 58235255, slots 1: A - B HIT | 0.665 s: redistribute 0.031 ntt 0.566 crt 0.002 out 0.067 carry 0.006
cache_trace node 0: piece (0, 1) of 2 x 2, 58235255 + 59310081 limbs at 59310082, slots 1: A - B cached | 1.001 s: redistribute 0.065 ntt 0.876 crt 0.002 out 0.071 carry 0.007
cache_trace node 1: piece (0, 1) of 2 x 2, 58235255 + 59310081 limbs at 59310082, slots 1: A - B cached | 1.001 s: redistribute 0.065 ntt 0.871 crt 0.002 out 0.073 carry 0.006
cache_trace node 2: piece (0, 1) of 2 x 2, 58235255 + 59310081 limbs at 59310082, slots 1: A - B cached | 1.001 s: redistribute 0.064 ntt 0.874 crt 0.002 out 0.071 carry 0.006
cache_trace node 3: piece (0, 1) of 2 x 2, 58235255 + 59310081 limbs at 59310082, slots 1: A - B cached | 1.001 s: redistribute 0.064 ntt 0.872 crt 0.002 out 0.071 carry 0.006
cache_trace node 0: piece (1, 1) of 2 x 2, 58235254 + 59310081 limbs at 117545337, slots 1: A - B HIT | 0.641 s: redistribute 0.030 ntt 0.541 crt 0.002 out 0.070 carry 0.005
dist_mn node 0: 116470509 x 118620163 limbs over 4 x 4 ranks (cap 2^27): 2 x 2 pieces, 4 formed, 0 skipped (cache 1 slots: 2 hits, 2 misses)
cache_trace node 1: piece (1, 1) of 2 x 2, 58235254 + 59310081 limbs at 117545337, slots 1: A - B HIT | 0.641 s: redistribute 0.035 ntt 0.535 crt 0.001 out 0.074 carry 0.005
dist_mn node 1: 116470509 x 118620163 limbs over 4 x 4 ranks (cap 2^27): 2 x 2 pieces, 4 formed, 0 skipped (cache 1 slots: 2 hits, 2 misses)
cache_trace node 2: piece (1, 1) of 2 x 2, 58235254 + 59310081 limbs at 117545337, slots 1: A - B HIT | 0.641 s: redistribute 0.028 ntt 0.547 crt 0.002 out 0.076 carry 0.005
dist_mn node 2: 116470509 x 118620163 limbs over 4 x 4 ranks (cap 2^27): 2 x 2 pieces, 4 formed, 0 skipped (cache 1 slots: 2 hits, 2 misses)
cache_trace node 3: piece (1, 1) of 2 x 2, 58235254 + 59310081 limbs at 117545337, slots 1: A - B HIT | 0.641 s: redistribute 0.034 ntt 0.540 crt 0.001 out 0.077 carry 0.005
dist_mn node 3: 116470509 x 118620163 limbs over 4 x 4 ranks (cap 2^27): 2 x 2 pieces, 4 formed, 0 skipped (cache 1 slots: 2 hits, 2 misses)
cx_grid node 3: rep 1 shape 2x2_full (116470509 x 118620163, cut 0 / -1) slots 1: 3.299 s, cache 2 hits 2 misses, C sha256 655f472ae0083311 same
cx_grid node 1: rep 1 shape 2x2_full (116470509 x 118620163, cut 0 / -1) slots 1: 3.299 s, cache 2 hits 2 misses, C sha256 1bfb80fc63c65489 same
cx_grid node 2: rep 1 shape 2x2_full (116470509 x 118620163, cut 0 / -1) slots 1: 3.299 s, cache 2 hits 2 misses, C sha256 8c755de6553d0344 same
cx_grid node 0: rep 1 shape 2x2_full (116470509 x 118620163, cut 0 / -1) slots 1: 3.299 s, cache 2 hits 2 misses, C sha256 93cc444c3a95e21f same
cache_trace node 0: piece (0, 0) of 2 x 2, 58235255 + 59310082 limbs at 0, slots 2: A cached B cached | 1.003 s: redistribute 0.059 ntt 0.864 crt 0.002 out 0.081 carry 0.002
cache_trace node 1: piece (0, 0) of 2 x 2, 58235255 + 59310082 limbs at 0, slots 2: A cached B cached | 1.003 s: redistribute 0.067 ntt 0.872 crt 0.002 out 0.082 carry 0.002
cache_trace node 2: piece (0, 0) of 2 x 2, 58235255 + 59310082 limbs at 0, slots 2: A cached B cached | 1.003 s: redistribute 0.059 ntt 0.882 crt 0.001 out 0.079 carry 0.002
cache_trace node 3: piece (0, 0) of 2 x 2, 58235255 + 59310082 limbs at 0, slots 2: A cached B cached | 1.003 s: redistribute 0.060 ntt 0.876 crt 0.001 out 0.084 carry 0.002
cache_trace node 0: piece (1, 0) of 2 x 2, 58235254 + 59310082 limbs at 58235255, slots 2: A - B HIT | 0.691 s: redistribute 0.036 ntt 0.589 crt 0.002 out 0.069 carry 0.007
cache_trace node 1: piece (1, 0) of 2 x 2, 58235254 + 59310082 limbs at 58235255, slots 2: A - B HIT | 0.691 s: redistribute 0.036 ntt 0.582 crt 0.002 out 0.070 carry 0.007
cache_trace node 2: piece (1, 0) of 2 x 2, 58235254 + 59310082 limbs at 58235255, slots 2: A - B HIT | 0.691 s: redistribute 0.033 ntt 0.598 crt 0.001 out 0.072 carry 0.006
cache_trace node 3: piece (1, 0) of 2 x 2, 58235254 + 59310082 limbs at 58235255, slots 2: A - B HIT | 0.691 s: redistribute 0.031 ntt 0.598 crt 0.001 out 0.069 carry 0.007
cache_trace node 0: piece (0, 1) of 2 x 2, 58235255 + 59310081 limbs at 59310082, slots 2: A HIT B cached | 0.680 s: redistribute 0.045 ntt 0.562 crt 0.001 out 0.080 carry 0.007
cache_trace node 1: piece (0, 1) of 2 x 2, 58235255 + 59310081 limbs at 59310082, slots 2: A HIT B cached | 0.680 s: redistribute 0.032 ntt 0.571 crt 0.001 out 0.074 carry 0.006
cache_trace node 2: piece (0, 1) of 2 x 2, 58235255 + 59310081 limbs at 59310082, slots 2: A HIT B cached | 0.680 s: redistribute 0.030 ntt 0.567 crt 0.001 out 0.079 carry 0.006
cache_trace node 3: piece (0, 1) of 2 x 2, 58235255 + 59310081 limbs at 59310082, slots 2: A HIT B cached | 0.680 s: redistribute 0.045 ntt 0.572 crt 0.002 out 0.071 carry 0.006
cache_trace node 0: piece (1, 1) of 2 x 2, 58235254 + 59310081 limbs at 117545337, slots 2: A - B HIT | 0.652 s: redistribute 0.035 ntt 0.558 crt 0.002 out 0.060 carry 0.005
dist_mn node 0: 116470509 x 118620163 limbs over 4 x 4 ranks (cap 2^27): 2 x 2 pieces, 4 formed, 0 skipped (cache 2 slots: 3 hits, 3 misses)
cache_trace node 1: piece (1, 1) of 2 x 2, 58235254 + 59310081 limbs at 117545337, slots 2: A - B HIT | 0.652 s: redistribute 0.035 ntt 0.547 crt 0.002 out 0.068 carry 0.005
dist_mn node 1: 116470509 x 118620163 limbs over 4 x 4 ranks (cap 2^27): 2 x 2 pieces, 4 formed, 0 skipped (cache 2 slots: 3 hits, 3 misses)
cache_trace node 2: piece (1, 1) of 2 x 2, 58235254 + 59310081 limbs at 117545337, slots 2: A - B HIT | 0.652 s: redistribute 0.034 ntt 0.553 crt 0.001 out 0.065 carry 0.004
dist_mn node 2: 116470509 x 118620163 limbs over 4 x 4 ranks (cap 2^27): 2 x 2 pieces, 4 formed, 0 skipped (cache 2 slots: 3 hits, 3 misses)
cache_trace node 3: piece (1, 1) of 2 x 2, 58235254 + 59310081 limbs at 117545337, slots 2: A - B HIT | 0.652 s: redistribute 0.030 ntt 0.556 crt 0.001 out 0.065 carry 0.005
dist_mn node 3: 116470509 x 118620163 limbs over 4 x 4 ranks (cap 2^27): 2 x 2 pieces, 4 formed, 0 skipped (cache 2 slots: 3 hits, 3 misses)
cx_grid node 3: rep 1 shape 2x2_full (116470509 x 118620163, cut 0 / -1) slots 2: 3.030 s, cache 3 hits 3 misses, C sha256 655f472ae0083311 same
cx_grid node 2: rep 1 shape 2x2_full (116470509 x 118620163, cut 0 / -1) slots 2: 3.030 s, cache 3 hits 3 misses, C sha256 8c755de6553d0344 same
cx_grid node 1: rep 1 shape 2x2_full (116470509 x 118620163, cut 0 / -1) slots 2: 3.030 s, cache 3 hits 3 misses, C sha256 1bfb80fc63c65489 same
cx_grid node 0: rep 1 shape 2x2_full (116470509 x 118620163, cut 0 / -1) slots 2: 3.030 s, cache 3 hits 3 misses, C sha256 93cc444c3a95e21f same
cache_trace node 0: piece (0, 0) of 2 x 2, 86466471 + 43233236 limbs at 0, slots 0: A - B - | 1.009 s: redistribute 0.064 ntt 0.887 crt 0.002 out 0.072 carry 0.002
cache_trace node 1: piece (0, 0) of 2 x 2, 86466471 + 43233236 limbs at 0, slots 0: A - B - | 1.009 s: redistribute 0.067 ntt 0.878 crt 0.002 out 0.073 carry 0.002
cache_trace node 2: piece (0, 0) of 2 x 2, 86466471 + 43233236 limbs at 0, slots 0: A - B - | 1.009 s: redistribute 0.064 ntt 0.888 crt 0.001 out 0.066 carry 0.001
cache_trace node 3: piece (0, 0) of 2 x 2, 86466471 + 43233236 limbs at 0, slots 0: A - B - | 1.009 s: redistribute 0.064 ntt 0.886 crt 0.001 out 0.070 carry 0.002
cache_trace node 0: piece (1, 0) of 2 x 2, 86466471 + 43233236 limbs at 86466471, slots 0: A - B - | 0.977 s: redistribute 0.061 ntt 0.865 crt 0.003 out 0.048 carry 0.005
cache_trace node 1: piece (1, 0) of 2 x 2, 86466471 + 43233236 limbs at 86466471, slots 0: A - B - | 0.977 s: redistribute 0.064 ntt 0.868 crt 0.002 out 0.049 carry 0.004
cache_trace node 2: piece (1, 0) of 2 x 2, 86466471 + 43233236 limbs at 86466471, slots 0: A - B - | 0.977 s: redistribute 0.065 ntt 0.868 crt 0.003 out 0.049 carry 0.004
cache_trace node 3: piece (1, 0) of 2 x 2, 86466471 + 43233236 limbs at 86466471, slots 0: A - B - | 0.977 s: redistribute 0.074 ntt 0.862 crt 0.003 out 0.051 carry 0.004
cache_trace node 0: piece (0, 1) of 2 x 2, 86466471 + 43233235 limbs at 43233236, slots 0: A - B - | 0.984 s: redistribute 0.070 ntt 0.863 crt 0.004 out 0.054 carry 0.007
cache_trace node 1: piece (0, 1) of 2 x 2, 86466471 + 43233235 limbs at 43233236, slots 0: A - B - | 0.984 s: redistribute 0.071 ntt 0.861 crt 0.004 out 0.056 carry 0.006
cache_trace node 2: piece (0, 1) of 2 x 2, 86466471 + 43233235 limbs at 43233236, slots 0: A - B - | 0.984 s: redistribute 0.072 ntt 0.861 crt 0.004 out 0.053 carry 0.006
cache_trace node 3: piece (0, 1) of 2 x 2, 86466471 + 43233235 limbs at 43233236, slots 0: A - B - | 0.984 s: redistribute 0.069 ntt 0.865 crt 0.001 out 0.060 carry 0.006
cache_trace node 0: piece (1, 1) of 2 x 2, 86466471 + 43233235 limbs at 129699707, slots 0: A - B - | 0.976 s: redistribute 0.065 ntt 0.863 crt 0.002 out 0.050 carry 0.003
dist_mn node 0: 172932942 x 86466471 limbs over 4 x 4 ranks (cap 2^27): 2 x 2 pieces, 4 formed, 0 skipped (low product) (low cut) (cache 0 slots: 0 hits, 0 misses)
cache_trace node 1: piece (1, 1) of 2 x 2, 86466471 + 43233235 limbs at 129699707, slots 0: A - B - | 0.976 s: redistribute 0.069 ntt 0.861 crt 0.002 out 0.053 carry 0.003
dist_mn node 1: 172932942 x 86466471 limbs over 4 x 4 ranks (cap 2^27): 2 x 2 pieces, 4 formed, 0 skipped (low product) (low cut) (cache 0 slots: 0 hits, 0 misses)
cache_trace node 2: piece (1, 1) of 2 x 2, 86466471 + 43233235 limbs at 129699707, slots 0: A - B - | 0.976 s: redistribute 0.071 ntt 0.860 crt 0.001 out 0.051 carry 0.003
dist_mn node 2: 172932942 x 86466471 limbs over 4 x 4 ranks (cap 2^27): 2 x 2 pieces, 4 formed, 0 skipped (low product) (low cut) (cache 0 slots: 0 hits, 0 misses)
cache_trace node 3: piece (1, 1) of 2 x 2, 86466471 + 43233235 limbs at 129699707, slots 0: A - B - | 0.976 s: redistribute 0.068 ntt 0.855 crt 0.001 out 0.055 carry 0.002
dist_mn node 3: 172932942 x 86466471 limbs over 4 x 4 ranks (cap 2^27): 2 x 2 pieces, 4 formed, 0 skipped (low product) (low cut) (cache 0 slots: 0 hits, 0 misses)
cx_grid node 1: rep 1 shape 2x2_lowhighcut (172932942 x 86466471, cut 86466471 / 172932942) slots 0: 3.950 s, cache 0 hits 0 misses, C sha256 41bd1fca6700c695 same
cx_grid node 2: rep 1 shape 2x2_lowhighcut (172932942 x 86466471, cut 86466471 / 172932942) slots 0: 3.950 s, cache 0 hits 0 misses, C sha256 c825094e6130837b same
cx_grid node 0: rep 1 shape 2x2_lowhighcut (172932942 x 86466471, cut 86466471 / 172932942) slots 0: 3.950 s, cache 0 hits 0 misses, C sha256 8a28b3f4d5f86f3b same
cx_grid node 3: rep 1 shape 2x2_lowhighcut (172932942 x 86466471, cut 86466471 / 172932942) slots 0: 3.950 s, cache 0 hits 0 misses, C sha256 cd4b256599962621 same
cache_trace node 0: piece (0, 0) of 2 x 2, 86466471 + 43233236 limbs at 0, slots 1: A - B cached | 0.988 s: redistribute 0.065 ntt 0.864 crt 0.001 out 0.074 carry 0.002
cache_trace node 1: piece (0, 0) of 2 x 2, 86466471 + 43233236 limbs at 0, slots 1: A - B cached | 0.988 s: redistribute 0.068 ntt 0.860 crt 0.002 out 0.065 carry 0.002
cache_trace node 2: piece (0, 0) of 2 x 2, 86466471 + 43233236 limbs at 0, slots 1: A - B cached | 0.988 s: redistribute 0.068 ntt 0.860 crt 0.002 out 0.071 carry 0.002
cache_trace node 3: piece (0, 0) of 2 x 2, 86466471 + 43233236 limbs at 0, slots 1: A - B cached | 0.988 s: redistribute 0.068 ntt 0.864 crt 0.001 out 0.068 carry 0.002
cache_trace node 0: piece (1, 0) of 2 x 2, 86466471 + 43233236 limbs at 86466471, slots 1: A - B HIT | 0.666 s: redistribute 0.040 ntt 0.577 crt 0.002 out 0.049 carry 0.005
cache_trace node 1: piece (1, 0) of 2 x 2, 86466471 + 43233236 limbs at 86466471, slots 1: A - B HIT | 0.666 s: redistribute 0.039 ntt 0.576 crt 0.002 out 0.054 carry 0.005
cache_trace node 2: piece (1, 0) of 2 x 2, 86466471 + 43233236 limbs at 86466471, slots 1: A - B HIT | 0.666 s: redistribute 0.046 ntt 0.570 crt 0.002 out 0.058 carry 0.004
cache_trace node 3: piece (1, 0) of 2 x 2, 86466471 + 43233236 limbs at 86466471, slots 1: A - B HIT | 0.666 s: redistribute 0.045 ntt 0.567 crt 0.001 out 0.056 carry 0.005
cache_trace node 0: piece (0, 1) of 2 x 2, 86466471 + 43233235 limbs at 43233236, slots 1: A - B cached | 0.993 s: redistribute 0.061 ntt 0.878 crt 0.002 out 0.054 carry 0.007
cache_trace node 1: piece (0, 1) of 2 x 2, 86466471 + 43233235 limbs at 43233236, slots 1: A - B cached | 0.993 s: redistribute 0.061 ntt 0.883 crt 0.002 out 0.052 carry 0.006
cache_trace node 3: piece (0, 1) of 2 x 2, 86466471 + 43233235 limbs at 43233236, slots 1: A - B cached | 0.993 s: redistribute 0.063 ntt 0.874 crt 0.001 out 0.059 carry 0.006
cache_trace node 2: piece (0, 1) of 2 x 2, 86466471 + 43233235 limbs at 43233236, slots 1: A - B cached | 0.993 s: redistribute 0.065 ntt 0.874 crt 0.001 out 0.056 carry 0.006
cache_trace node 0: piece (1, 1) of 2 x 2, 86466471 + 43233235 limbs at 129699707, slots 1: A - B HIT | 0.679 s: redistribute 0.041 ntt 0.597 crt 0.002 out 0.048 carry 0.003
dist_mn node 0: 172932942 x 86466471 limbs over 4 x 4 ranks (cap 2^27): 2 x 2 pieces, 4 formed, 0 skipped (low product) (low cut) (cache 1 slots: 2 hits, 2 misses)
cache_trace node 1: piece (1, 1) of 2 x 2, 86466471 + 43233235 limbs at 129699707, slots 1: A - B HIT | 0.679 s: redistribute 0.049 ntt 0.594 crt 0.001 out 0.046 carry 0.003
dist_mn node 1: 172932942 x 86466471 limbs over 4 x 4 ranks (cap 2^27): 2 x 2 pieces, 4 formed, 0 skipped (low product) (low cut) (cache 1 slots: 2 hits, 2 misses)
cache_trace node 2: piece (1, 1) of 2 x 2, 86466471 + 43233235 limbs at 129699707, slots 1: A - B HIT | 0.679 s: redistribute 0.047 ntt 0.585 crt 0.001 out 0.053 carry 0.003
dist_mn node 2: 172932942 x 86466471 limbs over 4 x 4 ranks (cap 2^27): 2 x 2 pieces, 4 formed, 0 skipped (low product) (low cut) (cache 1 slots: 2 hits, 2 misses)
cache_trace node 3: piece (1, 1) of 2 x 2, 86466471 + 43233235 limbs at 129699707, slots 1: A - B HIT | 0.679 s: redistribute 0.049 ntt 0.594 crt 0.002 out 0.048 carry 0.003
dist_mn node 3: 172932942 x 86466471 limbs over 4 x 4 ranks (cap 2^27): 2 x 2 pieces, 4 formed, 0 skipped (low product) (low cut) (cache 1 slots: 2 hits, 2 misses)
cx_grid node 2: rep 1 shape 2x2_lowhighcut (172932942 x 86466471, cut 86466471 / 172932942) slots 1: 3.331 s, cache 2 hits 2 misses, C sha256 c825094e6130837b same
cx_grid node 1: rep 1 shape 2x2_lowhighcut (172932942 x 86466471, cut 86466471 / 172932942) slots 1: 3.331 s, cache 2 hits 2 misses, C sha256 41bd1fca6700c695 same
cx_grid node 3: rep 1 shape 2x2_lowhighcut (172932942 x 86466471, cut 86466471 / 172932942) slots 1: 3.331 s, cache 2 hits 2 misses, C sha256 cd4b256599962621 same
cx_grid node 0: rep 1 shape 2x2_lowhighcut (172932942 x 86466471, cut 86466471 / 172932942) slots 1: 3.331 s, cache 2 hits 2 misses, C sha256 8a28b3f4d5f86f3b same
cache_trace node 0: piece (0, 0) of 2 x 2, 86466471 + 43233236 limbs at 0, slots 2: A cached B cached | 1.003 s: redistribute 0.075 ntt 0.882 crt 0.002 out 0.062 carry 0.002
cache_trace node 1: piece (0, 0) of 2 x 2, 86466471 + 43233236 limbs at 0, slots 2: A cached B cached | 1.003 s: redistribute 0.065 ntt 0.881 crt 0.003 out 0.064 carry 0.002
cache_trace node 2: piece (0, 0) of 2 x 2, 86466471 + 43233236 limbs at 0, slots 2: A cached B cached | 1.003 s: redistribute 0.077 ntt 0.881 crt 0.003 out 0.063 carry 0.002
cache_trace node 3: piece (0, 0) of 2 x 2, 86466471 + 43233236 limbs at 0, slots 2: A cached B cached | 1.003 s: redistribute 0.066 ntt 0.886 crt 0.003 out 0.060 carry 0.002
cache_trace node 0: piece (1, 0) of 2 x 2, 86466471 + 43233236 limbs at 86466471, slots 2: A - B HIT | 0.653 s: redistribute 0.043 ntt 0.573 crt 0.004 out 0.048 carry 0.005
cache_trace node 1: piece (1, 0) of 2 x 2, 86466471 + 43233236 limbs at 86466471, slots 2: A - B HIT | 0.653 s: redistribute 0.037 ntt 0.575 crt 0.004 out 0.054 carry 0.005
cache_trace node 2: piece (1, 0) of 2 x 2, 86466471 + 43233236 limbs at 86466471, slots 2: A - B HIT | 0.653 s: redistribute 0.044 ntt 0.562 crt 0.002 out 0.050 carry 0.005
cache_trace node 3: piece (1, 0) of 2 x 2, 86466471 + 43233236 limbs at 86466471, slots 2: A - B HIT | 0.653 s: redistribute 0.051 ntt 0.562 crt 0.004 out 0.050 carry 0.005
cache_trace node 0: piece (0, 1) of 2 x 2, 86466471 + 43233235 limbs at 43233236, slots 2: A HIT B cached | 0.665 s: redistribute 0.020 ntt 0.580 crt 0.002 out 0.060 carry 0.007
cache_trace node 1: piece (0, 1) of 2 x 2, 86466471 + 43233235 limbs at 43233236, slots 2: A HIT B cached | 0.665 s: redistribute 0.027 ntt 0.579 crt 0.001 out 0.061 carry 0.006
cache_trace node 2: piece (0, 1) of 2 x 2, 86466471 + 43233235 limbs at 43233236, slots 2: A HIT B cached | 0.665 s: redistribute 0.026 ntt 0.581 crt 0.002 out 0.054 carry 0.006
cache_trace node 3: piece (0, 1) of 2 x 2, 86466471 + 43233235 limbs at 43233236, slots 2: A HIT B cached | 0.665 s: redistribute 0.023 ntt 0.583 crt 0.001 out 0.053 carry 0.006
cache_trace node 0: piece (1, 1) of 2 x 2, 86466471 + 43233235 limbs at 129699707, slots 2: A - B HIT | 0.681 s: redistribute 0.047 ntt 0.592 crt 0.001 out 0.047 carry 0.003
dist_mn node 0: 172932942 x 86466471 limbs over 4 x 4 ranks (cap 2^27): 2 x 2 pieces, 4 formed, 0 skipped (low product) (low cut) (cache 2 slots: 3 hits, 3 misses)
cache_trace node 1: piece (1, 1) of 2 x 2, 86466471 + 43233235 limbs at 129699707, slots 2: A - B HIT | 0.681 s: redistribute 0.044 ntt 0.602 crt 0.002 out 0.046 carry 0.003
dist_mn node 1: 172932942 x 86466471 limbs over 4 x 4 ranks (cap 2^27): 2 x 2 pieces, 4 formed, 0 skipped (low product) (low cut) (cache 2 slots: 3 hits, 3 misses)
cache_trace node 2: piece (1, 1) of 2 x 2, 86466471 + 43233235 limbs at 129699707, slots 2: A - B HIT | 0.681 s: redistribute 0.042 ntt 0.595 crt 0.001 out 0.043 carry 0.003
dist_mn node 2: 172932942 x 86466471 limbs over 4 x 4 ranks (cap 2^27): 2 x 2 pieces, 4 formed, 0 skipped (low product) (low cut) (cache 2 slots: 3 hits, 3 misses)
cache_trace node 3: piece (1, 1) of 2 x 2, 86466471 + 43233235 limbs at 129699707, slots 2: A - B HIT | 0.681 s: redistribute 0.046 ntt 0.592 crt 0.002 out 0.049 carry 0.002
dist_mn node 3: 172932942 x 86466471 limbs over 4 x 4 ranks (cap 2^27): 2 x 2 pieces, 4 formed, 0 skipped (low product) (low cut) (cache 2 slots: 3 hits, 3 misses)
cx_grid node 3: rep 1 shape 2x2_lowhighcut (172932942 x 86466471, cut 86466471 / 172932942) slots 2: 3.006 s, cache 3 hits 3 misses, C sha256 cd4b256599962621 same
cx_grid node 1: rep 1 shape 2x2_lowhighcut (172932942 x 86466471, cut 86466471 / 172932942) slots 2: 3.006 s, cache 3 hits 3 misses, C sha256 41bd1fca6700c695 same
cx_grid node 2: rep 1 shape 2x2_lowhighcut (172932942 x 86466471, cut 86466471 / 172932942) slots 2: 3.006 s, cache 3 hits 3 misses, C sha256 c825094e6130837b same
cx_grid node 0: rep 1 shape 2x2_lowhighcut (172932942 x 86466471, cut 86466471 / 172932942) slots 2: 3.006 s, cache 3 hits 3 misses, C sha256 8a28b3f4d5f86f3b same
cache_trace node 0: piece (0, 0) of 1 x 2, 86466471 + 43233236 limbs at 0, slots 0: A - B - | 0.962 s: redistribute 0.063 ntt 0.845 crt 0.003 out 0.068 carry 0.002
cache_trace node 1: piece (0, 0) of 1 x 2, 86466471 + 43233236 limbs at 0, slots 0: A - B - | 0.962 s: redistribute 0.065 ntt 0.843 crt 0.003 out 0.064 carry 0.002
cache_trace node 2: piece (0, 0) of 1 x 2, 86466471 + 43233236 limbs at 0, slots 0: A - B - | 0.962 s: redistribute 0.065 ntt 0.850 crt 0.003 out 0.069 carry 0.001
cache_trace node 3: piece (0, 0) of 1 x 2, 86466471 + 43233236 limbs at 0, slots 0: A - B - | 0.962 s: redistribute 0.061 ntt 0.848 crt 0.001 out 0.070 carry 0.002
cache_trace node 0: piece (0, 1) of 1 x 2, 86466471 + 43233235 limbs at 43233236, slots 0: A - B - | 0.978 s: redistribute 0.051 ntt 0.872 crt 0.002 out 0.053 carry 0.007
dist_mn node 0: 86466471 x 86466471 limbs over 4 x 4 ranks (cap 2^27): 1 x 2 pieces, 2 formed, 0 skipped (low cut) (cache 0 slots: 0 hits, 0 misses)
cache_trace node 1: piece (0, 1) of 1 x 2, 86466471 + 43233235 limbs at 43233236, slots 0: A - B - | 0.978 s: redistribute 0.054 ntt 0.874 crt 0.002 out 0.052 carry 0.006
dist_mn node 1: 86466471 x 86466471 limbs over 4 x 4 ranks (cap 2^27): 1 x 2 pieces, 2 formed, 0 skipped (low cut) (cache 0 slots: 0 hits, 0 misses)
cache_trace node 2: piece (0, 1) of 1 x 2, 86466471 + 43233235 limbs at 43233236, slots 0: A - B - | 0.978 s: redistribute 0.053 ntt 0.873 crt 0.001 out 0.054 carry 0.006
dist_mn node 2: 86466471 x 86466471 limbs over 4 x 4 ranks (cap 2^27): 1 x 2 pieces, 2 formed, 0 skipped (low cut) (cache 0 slots: 0 hits, 0 misses)
cache_trace node 3: piece (0, 1) of 1 x 2, 86466471 + 43233235 limbs at 43233236, slots 0: A - B - | 0.978 s: redistribute 0.057 ntt 0.874 crt 0.001 out 0.055 carry 0.006
dist_mn node 3: 86466471 x 86466471 limbs over 4 x 4 ranks (cap 2^27): 1 x 2 pieces, 2 formed, 0 skipped (low cut) (cache 0 slots: 0 hits, 0 misses)
cx_grid node 3: rep 1 shape 1x2_lowcut (86466471 x 86466471, cut 86466471 / -1) slots 0: 1.943 s, cache 0 hits 0 misses, C sha256 d0fb91f49c5076a0 same
cx_grid node 2: rep 1 shape 1x2_lowcut (86466471 x 86466471, cut 86466471 / -1) slots 0: 1.943 s, cache 0 hits 0 misses, C sha256 a2f6fb2d207e917c same
cx_grid node 1: rep 1 shape 1x2_lowcut (86466471 x 86466471, cut 86466471 / -1) slots 0: 1.944 s, cache 0 hits 0 misses, C sha256 c6d7d1000c8e5d25 same
cx_grid node 0: rep 1 shape 1x2_lowcut (86466471 x 86466471, cut 86466471 / -1) slots 0: 1.943 s, cache 0 hits 0 misses, C sha256 b2a61508af8f8a82 same
cache_trace node 0: piece (0, 0) of 1 x 2, 86466471 + 43233236 limbs at 0, slots 1: A - B cached | 0.955 s: redistribute 0.061 ntt 0.848 crt 0.001 out 0.062 carry 0.002
cache_trace node 1: piece (0, 0) of 1 x 2, 86466471 + 43233236 limbs at 0, slots 1: A - B cached | 0.955 s: redistribute 0.059 ntt 0.841 crt 0.001 out 0.065 carry 0.002
cache_trace node 2: piece (0, 0) of 1 x 2, 86466471 + 43233236 limbs at 0, slots 1: A - B cached | 0.955 s: redistribute 0.059 ntt 0.839 crt 0.001 out 0.059 carry 0.002
cache_trace node 3: piece (0, 0) of 1 x 2, 86466471 + 43233236 limbs at 0, slots 1: A - B cached | 0.955 s: redistribute 0.064 ntt 0.846 crt 0.001 out 0.056 carry 0.002
cache_trace node 0: piece (0, 1) of 1 x 2, 86466471 + 43233235 limbs at 43233236, slots 1: A - B cached | 0.994 s: redistribute 0.058 ntt 0.882 crt 0.002 out 0.056 carry 0.006
dist_mn node 0: 86466471 x 86466471 limbs over 4 x 4 ranks (cap 2^27): 1 x 2 pieces, 2 formed, 0 skipped (low cut) (cache 1 slots: 0 hits, 2 misses)
cache_trace node 1: piece (0, 1) of 1 x 2, 86466471 + 43233235 limbs at 43233236, slots 1: A - B cached | 0.994 s: redistribute 0.062 ntt 0.882 crt 0.002 out 0.056 carry 0.006
dist_mn node 1: 86466471 x 86466471 limbs over 4 x 4 ranks (cap 2^27): 1 x 2 pieces, 2 formed, 0 skipped (low cut) (cache 1 slots: 0 hits, 2 misses)
cache_trace node 2: piece (0, 1) of 1 x 2, 86466471 + 43233235 limbs at 43233236, slots 1: A - B cached | 0.994 s: redistribute 0.060 ntt 0.883 crt 0.002 out 0.059 carry 0.006
dist_mn node 2: 86466471 x 86466471 limbs over 4 x 4 ranks (cap 2^27): 1 x 2 pieces, 2 formed, 0 skipped (low cut) (cache 1 slots: 0 hits, 2 misses)
cache_trace node 3: piece (0, 1) of 1 x 2, 86466471 + 43233235 limbs at 43233236, slots 1: A - B cached | 0.994 s: redistribute 0.056 ntt 0.884 crt 0.001 out 0.056 carry 0.006
dist_mn node 3: 86466471 x 86466471 limbs over 4 x 4 ranks (cap 2^27): 1 x 2 pieces, 2 formed, 0 skipped (low cut) (cache 1 slots: 0 hits, 2 misses)
cx_grid node 1: rep 1 shape 1x2_lowcut (86466471 x 86466471, cut 86466471 / -1) slots 1: 1.952 s, cache 0 hits 2 misses, C sha256 c6d7d1000c8e5d25 same
cx_grid node 2: rep 1 shape 1x2_lowcut (86466471 x 86466471, cut 86466471 / -1) slots 1: 1.952 s, cache 0 hits 2 misses, C sha256 a2f6fb2d207e917c same
cx_grid node 3: rep 1 shape 1x2_lowcut (86466471 x 86466471, cut 86466471 / -1) slots 1: 1.952 s, cache 0 hits 2 misses, C sha256 d0fb91f49c5076a0 same
cx_grid node 0: rep 1 shape 1x2_lowcut (86466471 x 86466471, cut 86466471 / -1) slots 1: 1.952 s, cache 0 hits 2 misses, C sha256 b2a61508af8f8a82 same
cache_trace node 0: piece (0, 0) of 1 x 2, 86466471 + 43233236 limbs at 0, slots 2: A cached B cached | 0.966 s: redistribute 0.059 ntt 0.843 crt 0.001 out 0.061 carry 0.002
cache_trace node 1: piece (0, 0) of 1 x 2, 86466471 + 43233236 limbs at 0, slots 2: A cached B cached | 0.966 s: redistribute 0.058 ntt 0.859 crt 0.001 out 0.062 carry 0.002
cache_trace node 2: piece (0, 0) of 1 x 2, 86466471 + 43233236 limbs at 0, slots 2: A cached B cached | 0.966 s: redistribute 0.060 ntt 0.851 crt 0.001 out 0.061 carry 0.002
cache_trace node 3: piece (0, 0) of 1 x 2, 86466471 + 43233236 limbs at 0, slots 2: A cached B cached | 0.966 s: redistribute 0.058 ntt 0.859 crt 0.001 out 0.066 carry 0.002
cache_trace node 0: piece (0, 1) of 1 x 2, 86466471 + 43233235 limbs at 43233236, slots 2: A HIT B cached | 0.661 s: redistribute 0.026 ntt 0.580 crt 0.001 out 0.054 carry 0.007
dist_mn node 0: 86466471 x 86466471 limbs over 4 x 4 ranks (cap 2^27): 1 x 2 pieces, 2 formed, 0 skipped (low cut) (cache 2 slots: 1 hits, 3 misses)
cache_trace node 1: piece (0, 1) of 1 x 2, 86466471 + 43233235 limbs at 43233236, slots 2: A HIT B cached | 0.661 s: redistribute 0.020 ntt 0.583 crt 0.002 out 0.056 carry 0.006
dist_mn node 1: 86466471 x 86466471 limbs over 4 x 4 ranks (cap 2^27): 1 x 2 pieces, 2 formed, 0 skipped (low cut) (cache 2 slots: 1 hits, 3 misses)
cache_trace node 2: piece (0, 1) of 1 x 2, 86466471 + 43233235 limbs at 43233236, slots 2: A HIT B cached | 0.661 s: redistribute 0.026 ntt 0.581 crt 0.002 out 0.056 carry 0.006
dist_mn node 2: 86466471 x 86466471 limbs over 4 x 4 ranks (cap 2^27): 1 x 2 pieces, 2 formed, 0 skipped (low cut) (cache 2 slots: 1 hits, 3 misses)
cache_trace node 3: piece (0, 1) of 1 x 2, 86466471 + 43233235 limbs at 43233236, slots 2: A HIT B cached | 0.661 s: redistribute 0.024 ntt 0.587 crt 0.001 out 0.055 carry 0.006
dist_mn node 3: 86466471 x 86466471 limbs over 4 x 4 ranks (cap 2^27): 1 x 2 pieces, 2 formed, 0 skipped (low cut) (cache 2 slots: 1 hits, 3 misses)
cx_grid node 3: rep 1 shape 1x2_lowcut (86466471 x 86466471, cut 86466471 / -1) slots 2: 1.631 s, cache 1 hits 3 misses, C sha256 d0fb91f49c5076a0 same
cx_grid node 2: rep 1 shape 1x2_lowcut (86466471 x 86466471, cut 86466471 / -1) slots 2: 1.631 s, cache 1 hits 3 misses, C sha256 a2f6fb2d207e917c same
cx_grid node 0: rep 1 shape 1x2_lowcut (86466471 x 86466471, cut 86466471 / -1) slots 2: 1.631 s, cache 1 hits 3 misses, C sha256 b2a61508af8f8a82 same
cx_grid node 1: rep 1 shape 1x2_lowcut (86466471 x 86466471, cut 86466471 / -1) slots 2: 1.631 s, cache 1 hits 3 misses, C sha256 c6d7d1000c8e5d25 same
cache_trace node 0: piece (1, 0) of 5 x 3, 69173177 + 57644314 limbs at 69173177, slots 0: A - B - | 1.023 s: redistribute 0.063 ntt 0.857 crt 0.001 out 0.089 carry 0.021
cache_trace node 1: piece (1, 0) of 5 x 3, 69173177 + 57644314 limbs at 69173177, slots 0: A - B - | 1.023 s: redistribute 0.062 ntt 0.858 crt 0.001 out 0.093 carry 0.021
cache_trace node 2: piece (1, 0) of 5 x 3, 69173177 + 57644314 limbs at 69173177, slots 0: A - B - | 1.023 s: redistribute 0.063 ntt 0.857 crt 0.001 out 0.094 carry 0.021
cache_trace node 3: piece (1, 0) of 5 x 3, 69173177 + 57644314 limbs at 69173177, slots 0: A - B - | 1.023 s: redistribute 0.063 ntt 0.865 crt 0.001 out 0.087 carry 0.022
cache_trace node 0: piece (2, 0) of 5 x 3, 69173177 + 57644314 limbs at 138346354, slots 0: A - B - | 1.015 s: redistribute 0.063 ntt 0.841 crt 0.003 out 0.085 carry 0.025
cache_trace node 1: piece (2, 0) of 5 x 3, 69173177 + 57644314 limbs at 138346354, slots 0: A - B - | 1.015 s: redistribute 0.060 ntt 0.850 crt 0.002 out 0.086 carry 0.024
cache_trace node 2: piece (2, 0) of 5 x 3, 69173177 + 57644314 limbs at 138346354, slots 0: A - B - | 1.015 s: redistribute 0.063 ntt 0.844 crt 0.003 out 0.092 carry 0.024
cache_trace node 3: piece (2, 0) of 5 x 3, 69173177 + 57644314 limbs at 138346354, slots 0: A - B - | 1.015 s: redistribute 0.062 ntt 0.845 crt 0.002 out 0.084 carry 0.025
cache_trace node 0: piece (3, 0) of 5 x 3, 69173177 + 57644314 limbs at 207519531, slots 0: A - B - | 1.014 s: redistribute 0.067 ntt 0.841 crt 0.001 out 0.082 carry 0.032
cache_trace node 1: piece (3, 0) of 5 x 3, 69173177 + 57644314 limbs at 207519531, slots 0: A - B - | 1.014 s: redistribute 0.065 ntt 0.848 crt 0.001 out 0.083 carry 0.031
cache_trace node 2: piece (3, 0) of 5 x 3, 69173177 + 57644314 limbs at 207519531, slots 0: A - B - | 1.014 s: redistribute 0.068 ntt 0.848 crt 0.002 out 0.079 carry 0.031
cache_trace node 3: piece (3, 0) of 5 x 3, 69173177 + 57644314 limbs at 207519531, slots 0: A - B - | 1.014 s: redistribute 0.069 ntt 0.840 crt 0.001 out 0.085 carry 0.031
cache_trace node 0: piece (4, 0) of 5 x 3, 69173177 + 57644314 limbs at 276692708, slots 0: A - B - | 1.015 s: redistribute 0.070 ntt 0.852 crt 0.002 out 0.070 carry 0.028
cache_trace node 1: piece (4, 0) of 5 x 3, 69173177 + 57644314 limbs at 276692708, slots 0: A - B - | 1.015 s: redistribute 0.068 ntt 0.868 crt 0.001 out 0.071 carry 0.028
cache_trace node 2: piece (4, 0) of 5 x 3, 69173177 + 57644314 limbs at 276692708, slots 0: A - B - | 1.015 s: redistribute 0.066 ntt 0.853 crt 0.001 out 0.071 carry 0.028
cache_trace node 3: piece (4, 0) of 5 x 3, 69173177 + 57644314 limbs at 276692708, slots 0: A - B - | 1.015 s: redistribute 0.064 ntt 0.857 crt 0.001 out 0.069 carry 0.027
cache_trace node 0: piece (0, 1) of 5 x 3, 69173177 + 57644314 limbs at 57644314, slots 0: A - B - | 1.022 s: redistribute 0.071 ntt 0.847 crt 0.002 out 0.090 carry 0.027
cache_trace node 1: piece (0, 1) of 5 x 3, 69173177 + 57644314 limbs at 57644314, slots 0: A - B - | 1.022 s: redistribute 0.070 ntt 0.853 crt 0.001 out 0.090 carry 0.027
cache_trace node 2: piece (0, 1) of 5 x 3, 69173177 + 57644314 limbs at 57644314, slots 0: A - B - | 1.022 s: redistribute 0.066 ntt 0.840 crt 0.002 out 0.090 carry 0.027
cache_trace node 3: piece (0, 1) of 5 x 3, 69173177 + 57644314 limbs at 57644314, slots 0: A - B - | 1.022 s: redistribute 0.073 ntt 0.847 crt 0.002 out 0.092 carry 0.027
cache_trace node 0: piece (1, 1) of 5 x 3, 69173177 + 57644314 limbs at 126817491, slots 0: A - B - | 1.040 s: redistribute 0.063 ntt 0.871 crt 0.002 out 0.081 carry 0.030
cache_trace node 1: piece (1, 1) of 5 x 3, 69173177 + 57644314 limbs at 126817491, slots 0: A - B - | 1.040 s: redistribute 0.061 ntt 0.869 crt 0.001 out 0.085 carry 0.030
cache_trace node 2: piece (1, 1) of 5 x 3, 69173177 + 57644314 limbs at 126817491, slots 0: A - B - | 1.040 s: redistribute 0.062 ntt 0.881 crt 0.002 out 0.082 carry 0.030
cache_trace node 3: piece (1, 1) of 5 x 3, 69173177 + 57644314 limbs at 126817491, slots 0: A - B - | 1.040 s: redistribute 0.061 ntt 0.870 crt 0.002 out 0.084 carry 0.030
cache_trace node 0: piece (2, 1) of 5 x 3, 69173177 + 57644314 limbs at 195990668, slots 0: A - B - | 1.048 s: redistribute 0.059 ntt 0.878 crt 0.001 out 0.076 carry 0.035
cache_trace node 1: piece (2, 1) of 5 x 3, 69173177 + 57644314 limbs at 195990668, slots 0: A - B - | 1.048 s: redistribute 0.059 ntt 0.875 crt 0.001 out 0.078 carry 0.035
cache_trace node 2: piece (2, 1) of 5 x 3, 69173177 + 57644314 limbs at 195990668, slots 0: A - B - | 1.048 s: redistribute 0.065 ntt 0.871 crt 0.001 out 0.077 carry 0.035
cache_trace node 3: piece (2, 1) of 5 x 3, 69173177 + 57644314 limbs at 195990668, slots 0: A - B - | 1.048 s: redistribute 0.059 ntt 0.888 crt 0.001 out 0.077 carry 0.034
cache_trace node 0: piece (3, 1) of 5 x 3, 69173177 + 57644314 limbs at 265163845, slots 0: A - B - | 0.994 s: redistribute 0.064 ntt 0.850 crt 0.003 out 0.084 carry 0.012
cache_trace node 1: piece (3, 1) of 5 x 3, 69173177 + 57644314 limbs at 265163845, slots 0: A - B - | 0.994 s: redistribute 0.060 ntt 0.845 crt 0.003 out 0.082 carry 0.012
cache_trace node 2: piece (3, 1) of 5 x 3, 69173177 + 57644314 limbs at 265163845, slots 0: A - B - | 0.994 s: redistribute 0.064 ntt 0.841 crt 0.001 out 0.086 carry 0.012
cache_trace node 3: piece (3, 1) of 5 x 3, 69173177 + 57644314 limbs at 265163845, slots 0: A - B - | 0.994 s: redistribute 0.057 ntt 0.845 crt 0.001 out 0.085 carry 0.012
cache_trace node 0: piece (4, 1) of 5 x 3, 69173177 + 57644314 limbs at 334337022, slots 0: A - B - | 0.968 s: redistribute 0.067 ntt 0.854 crt 0.001 out 0.039 carry 0.010
cache_trace node 1: piece (4, 1) of 5 x 3, 69173177 + 57644314 limbs at 334337022, slots 0: A - B - | 0.968 s: redistribute 0.067 ntt 0.856 crt 0.002 out 0.038 carry 0.010
cache_trace node 2: piece (4, 1) of 5 x 3, 69173177 + 57644314 limbs at 334337022, slots 0: A - B - | 0.968 s: redistribute 0.072 ntt 0.868 crt 0.001 out 0.034 carry 0.010
cache_trace node 3: piece (4, 1) of 5 x 3, 69173177 + 57644314 limbs at 334337022, slots 0: A - B - | 0.968 s: redistribute 0.065 ntt 0.876 crt 0.002 out 0.024 carry 0.010
cache_trace node 0: piece (0, 2) of 5 x 3, 69173177 + 57644314 limbs at 115288628, slots 0: A - B - | 1.059 s: redistribute 0.080 ntt 0.879 crt 0.002 out 0.076 carry 0.041
cache_trace node 1: piece (0, 2) of 5 x 3, 69173177 + 57644314 limbs at 115288628, slots 0: A - B - | 1.059 s: redistribute 0.073 ntt 0.881 crt 0.002 out 0.074 carry 0.041
cache_trace node 2: piece (0, 2) of 5 x 3, 69173177 + 57644314 limbs at 115288628, slots 0: A - B - | 1.059 s: redistribute 0.077 ntt 0.877 crt 0.001 out 0.078 carry 0.041
cache_trace node 3: piece (0, 2) of 5 x 3, 69173177 + 57644314 limbs at 115288628, slots 0: A - B - | 1.059 s: redistribute 0.073 ntt 0.881 crt 0.001 out 0.076 carry 0.041
cache_trace node 0: piece (1, 2) of 5 x 3, 69173177 + 57644314 limbs at 184461805, slots 0: A - B - | 1.008 s: redistribute 0.063 ntt 0.838 crt 0.001 out 0.082 carry 0.038
cache_trace node 1: piece (1, 2) of 5 x 3, 69173177 + 57644314 limbs at 184461805, slots 0: A - B - | 1.008 s: redistribute 0.062 ntt 0.839 crt 0.002 out 0.087 carry 0.037
cache_trace node 2: piece (1, 2) of 5 x 3, 69173177 + 57644314 limbs at 184461805, slots 0: A - B - | 1.008 s: redistribute 0.059 ntt 0.841 crt 0.002 out 0.084 carry 0.037
cache_trace node 3: piece (1, 2) of 5 x 3, 69173177 + 57644314 limbs at 184461805, slots 0: A - B - | 1.008 s: redistribute 0.063 ntt 0.830 crt 0.001 out 0.086 carry 0.037
cache_trace node 0: piece (2, 2) of 5 x 3, 69173177 + 57644314 limbs at 253634982, slots 0: A - B - | 1.012 s: redistribute 0.058 ntt 0.871 crt 0.001 out 0.087 carry 0.010
cache_trace node 1: piece (2, 2) of 5 x 3, 69173177 + 57644314 limbs at 253634982, slots 0: A - B - | 1.012 s: redistribute 0.064 ntt 0.862 crt 0.001 out 0.090 carry 0.010
cache_trace node 2: piece (2, 2) of 5 x 3, 69173177 + 57644314 limbs at 253634982, slots 0: A - B - | 1.012 s: redistribute 0.066 ntt 0.861 crt 0.002 out 0.087 carry 0.009
cache_trace node 3: piece (2, 2) of 5 x 3, 69173177 + 57644314 limbs at 253634982, slots 0: A - B - | 1.012 s: redistribute 0.067 ntt 0.866 crt 0.002 out 0.088 carry 0.009
cache_trace node 0: piece (3, 2) of 5 x 3, 69173177 + 57644314 limbs at 322808159, slots 0: A - B - | 0.981 s: redistribute 0.063 ntt 0.873 crt 0.002 out 0.030 carry 0.019
dist_mn node 0: 345865885 x 172932942 limbs over 4 x 4 ranks (cap 2^27): 5 x 3 pieces, 13 formed, 2 skipped (low product) (low cut) (cache 0 slots: 0 hits, 0 misses)
cache_trace node 1: piece (3, 2) of 5 x 3, 69173177 + 57644314 limbs at 322808159, slots 0: A - B - | 0.981 s: redistribute 0.060 ntt 0.875 crt 0.001 out 0.026 carry 0.019
dist_mn node 1: 345865885 x 172932942 limbs over 4 x 4 ranks (cap 2^27): 5 x 3 pieces, 13 formed, 2 skipped (low product) (low cut) (cache 0 slots: 0 hits, 0 misses)
cache_trace node 2: piece (3, 2) of 5 x 3, 69173177 + 57644314 limbs at 322808159, slots 0: A - B - | 0.981 s: redistribute 0.061 ntt 0.879 crt 0.002 out 0.029 carry 0.019
dist_mn node 2: 345865885 x 172932942 limbs over 4 x 4 ranks (cap 2^27): 5 x 3 pieces, 13 formed, 2 skipped (low product) (low cut) (cache 0 slots: 0 hits, 0 misses)
cache_trace node 3: piece (3, 2) of 5 x 3, 69173177 + 57644314 limbs at 322808159, slots 0: A - B - | 0.981 s: redistribute 0.063 ntt 0.874 crt 0.001 out 0.026 carry 0.019
dist_mn node 3: 345865885 x 172932942 limbs over 4 x 4 ranks (cap 2^27): 5 x 3 pieces, 13 formed, 2 skipped (low product) (low cut) (cache 0 slots: 0 hits, 0 misses)
cx_grid node 3: rep 1 shape 5x3_lowhighcut (345865885 x 172932942, cut 172932942 / 345865885) slots 0: 13.206 s, cache 0 hits 0 misses, C sha256 016ae7d5637243e5 same
cx_grid node 1: rep 1 shape 5x3_lowhighcut (345865885 x 172932942, cut 172932942 / 345865885) slots 0: 13.206 s, cache 0 hits 0 misses, C sha256 d34ab76033dc041f same
cx_grid node 2: rep 1 shape 5x3_lowhighcut (345865885 x 172932942, cut 172932942 / 345865885) slots 0: 13.206 s, cache 0 hits 0 misses, C sha256 6fb7dad7ad29af4b same
cx_grid node 0: rep 1 shape 5x3_lowhighcut (345865885 x 172932942, cut 172932942 / 345865885) slots 0: 13.206 s, cache 0 hits 0 misses, C sha256 34c357c17ea66a20 same
cache_trace node 0: piece (1, 0) of 5 x 3, 69173177 + 57644314 limbs at 69173177, slots 1: A - B cached | 1.049 s: redistribute 0.070 ntt 0.879 crt 0.002 out 0.095 carry 0.023
cache_trace node 1: piece (1, 0) of 5 x 3, 69173177 + 57644314 limbs at 69173177, slots 1: A - B cached | 1.049 s: redistribute 0.068 ntt 0.886 crt 0.002 out 0.090 carry 0.022
cache_trace node 2: piece (1, 0) of 5 x 3, 69173177 + 57644314 limbs at 69173177, slots 1: A - B cached | 1.049 s: redistribute 0.064 ntt 0.883 crt 0.002 out 0.091 carry 0.023
cache_trace node 3: piece (1, 0) of 5 x 3, 69173177 + 57644314 limbs at 69173177, slots 1: A - B cached | 1.049 s: redistribute 0.068 ntt 0.888 crt 0.001 out 0.089 carry 0.023
cache_trace node 0: piece (2, 0) of 5 x 3, 69173177 + 57644314 limbs at 138346354, slots 1: A - B HIT | 0.739 s: redistribute 0.038 ntt 0.596 crt 0.002 out 0.085 carry 0.025
cache_trace node 1: piece (2, 0) of 5 x 3, 69173177 + 57644314 limbs at 138346354, slots 1: A - B HIT | 0.739 s: redistribute 0.037 ntt 0.600 crt 0.002 out 0.091 carry 0.025
cache_trace node 2: piece (2, 0) of 5 x 3, 69173177 + 57644314 limbs at 138346354, slots 1: A - B HIT | 0.739 s: redistribute 0.034 ntt 0.597 crt 0.002 out 0.089 carry 0.024
cache_trace node 3: piece (2, 0) of 5 x 3, 69173177 + 57644314 limbs at 138346354, slots 1: A - B HIT | 0.739 s: redistribute 0.029 ntt 0.596 crt 0.001 out 0.088 carry 0.025
cache_trace node 0: piece (3, 0) of 5 x 3, 69173177 + 57644314 limbs at 207519531, slots 1: A - B HIT | 0.740 s: redistribute 0.034 ntt 0.592 crt 0.002 out 0.081 carry 0.033
cache_trace node 1: piece (3, 0) of 5 x 3, 69173177 + 57644314 limbs at 207519531, slots 1: A - B HIT | 0.740 s: redistribute 0.039 ntt 0.596 crt 0.002 out 0.083 carry 0.033
cache_trace node 2: piece (3, 0) of 5 x 3, 69173177 + 57644314 limbs at 207519531, slots 1: A - B HIT | 0.740 s: redistribute 0.037 ntt 0.591 crt 0.002 out 0.082 carry 0.032
cache_trace node 3: piece (3, 0) of 5 x 3, 69173177 + 57644314 limbs at 207519531, slots 1: A - B HIT | 0.740 s: redistribute 0.031 ntt 0.596 crt 0.002 out 0.087 carry 0.032
cache_trace node 1: piece (4, 0) of 5 x 3, 69173177 + 57644314 limbs at 276692708, slots 1: A - B HIT | 0.699 s: redistribute 0.038 ntt 0.574 crt 0.002 out 0.068 carry 0.028
cache_trace node 2: piece (4, 0) of 5 x 3, 69173177 + 57644314 limbs at 276692708, slots 1: A - B HIT | 0.699 s: redistribute 0.049 ntt 0.573 crt 0.001 out 0.067 carry 0.028
cache_trace node 3: piece (4, 0) of 5 x 3, 69173177 + 57644314 limbs at 276692708, slots 1: A - B HIT | 0.699 s: redistribute 0.039 ntt 0.571 crt 0.002 out 0.069 carry 0.028
cache_trace node 0: piece (4, 0) of 5 x 3, 69173177 + 57644314 limbs at 276692708, slots 1: A - B HIT | 0.699 s: redistribute 0.034 ntt 0.572 crt 0.001 out 0.070 carry 0.028
cache_trace node 0: piece (0, 1) of 5 x 3, 69173177 + 57644314 limbs at 57644314, slots 1: A - B cached | 1.038 s: redistribute 0.067 ntt 0.858 crt 0.002 out 0.091 carry 0.028
cache_trace node 1: piece (0, 1) of 5 x 3, 69173177 + 57644314 limbs at 57644314, slots 1: A - B cached | 1.039 s: redistribute 0.069 ntt 0.860 crt 0.001 out 0.089 carry 0.028
cache_trace node 2: piece (0, 1) of 5 x 3, 69173177 + 57644314 limbs at 57644314, slots 1: A - B cached | 1.039 s: redistribute 0.068 ntt 0.860 crt 0.002 out 0.091 carry 0.028
cache_trace node 3: piece (0, 1) of 5 x 3, 69173177 + 57644314 limbs at 57644314, slots 1: A - B cached | 1.039 s: redistribute 0.071 ntt 0.872 crt 0.002 out 0.087 carry 0.028
cache_trace node 0: piece (1, 1) of 5 x 3, 69173177 + 57644314 limbs at 126817491, slots 1: A - B HIT | 0.708 s: redistribute 0.035 ntt 0.574 crt 0.002 out 0.082 carry 0.028
cache_trace node 1: piece (1, 1) of 5 x 3, 69173177 + 57644314 limbs at 126817491, slots 1: A - B HIT | 0.708 s: redistribute 0.035 ntt 0.577 crt 0.002 out 0.081 carry 0.028
cache_trace node 2: piece (1, 1) of 5 x 3, 69173177 + 57644314 limbs at 126817491, slots 1: A - B HIT | 0.708 s: redistribute 0.034 ntt 0.577 crt 0.002 out 0.082 carry 0.028
cache_trace node 3: piece (1, 1) of 5 x 3, 69173177 + 57644314 limbs at 126817491, slots 1: A - B HIT | 0.708 s: redistribute 0.035 ntt 0.571 crt 0.002 out 0.086 carry 0.028
cache_trace node 0: piece (2, 1) of 5 x 3, 69173177 + 57644314 limbs at 195990668, slots 1: A - B HIT | 0.719 s: redistribute 0.035 ntt 0.572 crt 0.001 out 0.076 carry 0.044
cache_trace node 1: piece (2, 1) of 5 x 3, 69173177 + 57644314 limbs at 195990668, slots 1: A - B HIT | 0.719 s: redistribute 0.039 ntt 0.572 crt 0.002 out 0.077 carry 0.044
cache_trace node 2: piece (2, 1) of 5 x 3, 69173177 + 57644314 limbs at 195990668, slots 1: A - B HIT | 0.719 s: redistribute 0.035 ntt 0.565 crt 0.002 out 0.077 carry 0.043
cache_trace node 3: piece (2, 1) of 5 x 3, 69173177 + 57644314 limbs at 195990668, slots 1: A - B HIT | 0.719 s: redistribute 0.032 ntt 0.566 crt 0.002 out 0.078 carry 0.043
cache_trace node 0: piece (3, 1) of 5 x 3, 69173177 + 57644314 limbs at 265163845, slots 1: A - B HIT | 0.688 s: redistribute 0.040 ntt 0.566 crt 0.002 out 0.080 carry 0.012
cache_trace node 1: piece (3, 1) of 5 x 3, 69173177 + 57644314 limbs at 265163845, slots 1: A - B HIT | 0.688 s: redistribute 0.039 ntt 0.571 crt 0.001 out 0.077 carry 0.012
cache_trace node 2: piece (3, 1) of 5 x 3, 69173177 + 57644314 limbs at 265163845, slots 1: A - B HIT | 0.688 s: redistribute 0.037 ntt 0.562 crt 0.001 out 0.080 carry 0.012
cache_trace node 3: piece (3, 1) of 5 x 3, 69173177 + 57644314 limbs at 265163845, slots 1: A - B HIT | 0.688 s: redistribute 0.029 ntt 0.573 crt 0.002 out 0.082 carry 0.012
cache_trace node 0: piece (4, 1) of 5 x 3, 69173177 + 57644314 limbs at 334337022, slots 1: A - B HIT | 0.656 s: redistribute 0.039 ntt 0.587 crt 0.001 out 0.022 carry 0.010
cache_trace node 1: piece (4, 1) of 5 x 3, 69173177 + 57644314 limbs at 334337022, slots 1: A - B HIT | 0.656 s: redistribute 0.039 ntt 0.582 crt 0.001 out 0.034 carry 0.010
cache_trace node 2: piece (4, 1) of 5 x 3, 69173177 + 57644314 limbs at 334337022, slots 1: A - B HIT | 0.656 s: redistribute 0.039 ntt 0.581 crt 0.001 out 0.037 carry 0.010
cache_trace node 3: piece (4, 1) of 5 x 3, 69173177 + 57644314 limbs at 334337022, slots 1: A - B HIT | 0.656 s: redistribute 0.037 ntt 0.578 crt 0.001 out 0.036 carry 0.010
cache_trace node 0: piece (0, 2) of 5 x 3, 69173177 + 57644314 limbs at 115288628, slots 1: A - B cached | 1.022 s: redistribute 0.069 ntt 0.846 crt 0.002 out 0.078 carry 0.041
cache_trace node 1: piece (0, 2) of 5 x 3, 69173177 + 57644314 limbs at 115288628, slots 1: A - B cached | 1.022 s: redistribute 0.069 ntt 0.847 crt 0.001 out 0.082 carry 0.041
cache_trace node 2: piece (0, 2) of 5 x 3, 69173177 + 57644314 limbs at 115288628, slots 1: A - B cached | 1.022 s: redistribute 0.069 ntt 0.852 crt 0.002 out 0.081 carry 0.041
cache_trace node 3: piece (0, 2) of 5 x 3, 69173177 + 57644314 limbs at 115288628, slots 1: A - B cached | 1.022 s: redistribute 0.070 ntt 0.840 crt 0.002 out 0.079 carry 0.041
cache_trace node 0: piece (1, 2) of 5 x 3, 69173177 + 57644314 limbs at 184461805, slots 1: A - B HIT | 0.724 s: redistribute 0.037 ntt 0.578 crt 0.002 out 0.081 carry 0.037
cache_trace node 1: piece (1, 2) of 5 x 3, 69173177 + 57644314 limbs at 184461805, slots 1: A - B HIT | 0.724 s: redistribute 0.040 ntt 0.573 crt 0.002 out 0.074 carry 0.037
cache_trace node 2: piece (1, 2) of 5 x 3, 69173177 + 57644314 limbs at 184461805, slots 1: A - B HIT | 0.724 s: redistribute 0.039 ntt 0.578 crt 0.002 out 0.078 carry 0.037
cache_trace node 3: piece (1, 2) of 5 x 3, 69173177 + 57644314 limbs at 184461805, slots 1: A - B HIT | 0.724 s: redistribute 0.033 ntt 0.575 crt 0.002 out 0.080 carry 0.037
cache_trace node 0: piece (2, 2) of 5 x 3, 69173177 + 57644314 limbs at 253634982, slots 1: A - B HIT | 0.712 s: redistribute 0.034 ntt 0.583 crt 0.001 out 0.087 carry 0.010
cache_trace node 2: piece (2, 2) of 5 x 3, 69173177 + 57644314 limbs at 253634982, slots 1: A - B HIT | 0.712 s: redistribute 0.037 ntt 0.587 crt 0.001 out 0.081 carry 0.010
cache_trace node 3: piece (2, 2) of 5 x 3, 69173177 + 57644314 limbs at 253634982, slots 1: A - B HIT | 0.712 s: redistribute 0.039 ntt 0.585 crt 0.001 out 0.083 carry 0.009
cache_trace node 1: piece (2, 2) of 5 x 3, 69173177 + 57644314 limbs at 253634982, slots 1: A - B HIT | 0.712 s: redistribute 0.033 ntt 0.586 crt 0.001 out 0.085 carry 0.011
cache_trace node 0: piece (3, 2) of 5 x 3, 69173177 + 57644314 limbs at 322808159, slots 1: A - B HIT | 0.662 s: redistribute 0.037 ntt 0.578 crt 0.001 out 0.030 carry 0.019
dist_mn node 0: 345865885 x 172932942 limbs over 4 x 4 ranks (cap 2^27): 5 x 3 pieces, 13 formed, 2 skipped (low product) (low cut) (cache 1 slots: 10 hits, 3 misses)
cache_trace node 1: piece (3, 2) of 5 x 3, 69173177 + 57644314 limbs at 322808159, slots 1: A - B HIT | 0.662 s: redistribute 0.046 ntt 0.575 crt 0.002 out 0.036 carry 0.019
dist_mn node 1: 345865885 x 172932942 limbs over 4 x 4 ranks (cap 2^27): 5 x 3 pieces, 13 formed, 2 skipped (low product) (low cut) (cache 1 slots: 10 hits, 3 misses)
cache_trace node 2: piece (3, 2) of 5 x 3, 69173177 + 57644314 limbs at 322808159, slots 1: A - B HIT | 0.663 s: redistribute 0.044 ntt 0.572 crt 0.002 out 0.034 carry 0.019
dist_mn node 2: 345865885 x 172932942 limbs over 4 x 4 ranks (cap 2^27): 5 x 3 pieces, 13 formed, 2 skipped (low product) (low cut) (cache 1 slots: 10 hits, 3 misses)
cache_trace node 3: piece (3, 2) of 5 x 3, 69173177 + 57644314 limbs at 322808159, slots 1: A - B HIT | 0.663 s: redistribute 0.034 ntt 0.580 crt 0.002 out 0.034 carry 0.019
dist_mn node 3: 345865885 x 172932942 limbs over 4 x 4 ranks (cap 2^27): 5 x 3 pieces, 13 formed, 2 skipped (low product) (low cut) (cache 1 slots: 10 hits, 3 misses)
cx_grid node 1: rep 1 shape 5x3_lowhighcut (345865885 x 172932942, cut 172932942 / 345865885) slots 1: 10.165 s, cache 10 hits 3 misses, C sha256 d34ab76033dc041f same
cx_grid node 2: rep 1 shape 5x3_lowhighcut (345865885 x 172932942, cut 172932942 / 345865885) slots 1: 10.164 s, cache 10 hits 3 misses, C sha256 6fb7dad7ad29af4b same
cx_grid node 3: rep 1 shape 5x3_lowhighcut (345865885 x 172932942, cut 172932942 / 345865885) slots 1: 10.164 s, cache 10 hits 3 misses, C sha256 016ae7d5637243e5 same
cx_grid node 0: rep 1 shape 5x3_lowhighcut (345865885 x 172932942, cut 172932942 / 345865885) slots 1: 10.165 s, cache 10 hits 3 misses, C sha256 34c357c17ea66a20 same
cache_trace node 0: piece (1, 0) of 5 x 3, 69173177 + 57644314 limbs at 69173177, slots 2: A - B cached | 0.992 s: redistribute 0.065 ntt 0.824 crt 0.002 out 0.086 carry 0.022
cache_trace node 1: piece (1, 0) of 5 x 3, 69173177 + 57644314 limbs at 69173177, slots 2: A - B cached | 0.992 s: redistribute 0.063 ntt 0.829 crt 0.001 out 0.083 carry 0.021
cache_trace node 2: piece (1, 0) of 5 x 3, 69173177 + 57644314 limbs at 69173177, slots 2: A - B cached | 0.992 s: redistribute 0.065 ntt 0.839 crt 0.001 out 0.085 carry 0.022
cache_trace node 3: piece (1, 0) of 5 x 3, 69173177 + 57644314 limbs at 69173177, slots 2: A - B cached | 0.992 s: redistribute 0.063 ntt 0.833 crt 0.002 out 0.086 carry 0.022
cache_trace node 0: piece (2, 0) of 5 x 3, 69173177 + 57644314 limbs at 138346354, slots 2: A - B HIT | 0.703 s: redistribute 0.037 ntt 0.565 crt 0.001 out 0.092 carry 0.023
cache_trace node 1: piece (2, 0) of 5 x 3, 69173177 + 57644314 limbs at 138346354, slots 2: A - B HIT | 0.703 s: redistribute 0.040 ntt 0.567 crt 0.001 out 0.090 carry 0.023
cache_trace node 2: piece (2, 0) of 5 x 3, 69173177 + 57644314 limbs at 138346354, slots 2: A - B HIT | 0.703 s: redistribute 0.040 ntt 0.564 crt 0.001 out 0.086 carry 0.023
cache_trace node 3: piece (2, 0) of 5 x 3, 69173177 + 57644314 limbs at 138346354, slots 2: A - B HIT | 0.703 s: redistribute 0.031 ntt 0.576 crt 0.001 out 0.085 carry 0.023
cache_trace node 0: piece (3, 0) of 5 x 3, 69173177 + 57644314 limbs at 207519531, slots 2: A - B HIT | 0.698 s: redistribute 0.036 ntt 0.558 crt 0.001 out 0.077 carry 0.031
cache_trace node 1: piece (3, 0) of 5 x 3, 69173177 + 57644314 limbs at 207519531, slots 2: A - B HIT | 0.698 s: redistribute 0.032 ntt 0.567 crt 0.001 out 0.082 carry 0.031
cache_trace node 2: piece (3, 0) of 5 x 3, 69173177 + 57644314 limbs at 207519531, slots 2: A - B HIT | 0.698 s: redistribute 0.035 ntt 0.565 crt 0.002 out 0.078 carry 0.031
cache_trace node 3: piece (3, 0) of 5 x 3, 69173177 + 57644314 limbs at 207519531, slots 2: A - B HIT | 0.698 s: redistribute 0.033 ntt 0.560 crt 0.002 out 0.079 carry 0.031
cache_trace node 0: piece (4, 0) of 5 x 3, 69173177 + 57644314 limbs at 276692708, slots 2: A - B HIT | 0.685 s: redistribute 0.034 ntt 0.552 crt 0.002 out 0.072 carry 0.028
cache_trace node 1: piece (4, 0) of 5 x 3, 69173177 + 57644314 limbs at 276692708, slots 2: A - B HIT | 0.685 s: redistribute 0.040 ntt 0.557 crt 0.002 out 0.069 carry 0.028
cache_trace node 2: piece (4, 0) of 5 x 3, 69173177 + 57644314 limbs at 276692708, slots 2: A - B HIT | 0.685 s: redistribute 0.052 ntt 0.556 crt 0.003 out 0.067 carry 0.028
cache_trace node 3: piece (4, 0) of 5 x 3, 69173177 + 57644314 limbs at 276692708, slots 2: A - B HIT | 0.685 s: redistribute 0.051 ntt 0.552 crt 0.003 out 0.071 carry 0.027
cache_trace node 0: piece (0, 1) of 5 x 3, 69173177 + 57644314 limbs at 57644314, slots 2: A cached B cached | 1.026 s: redistribute 0.063 ntt 0.851 crt 0.002 out 0.088 carry 0.027
cache_trace node 1: piece (0, 1) of 5 x 3, 69173177 + 57644314 limbs at 57644314, slots 2: A cached B cached | 1.026 s: redistribute 0.068 ntt 0.851 crt 0.001 out 0.093 carry 0.027
cache_trace node 2: piece (0, 1) of 5 x 3, 69173177 + 57644314 limbs at 57644314, slots 2: A cached B cached | 1.026 s: redistribute 0.072 ntt 0.842 crt 0.002 out 0.092 carry 0.027
cache_trace node 3: piece (0, 1) of 5 x 3, 69173177 + 57644314 limbs at 57644314, slots 2: A cached B cached | 1.026 s: redistribute 0.063 ntt 0.853 crt 0.002 out 0.088 carry 0.028
cache_trace node 0: piece (1, 1) of 5 x 3, 69173177 + 57644314 limbs at 126817491, slots 2: A - B HIT | 0.705 s: redistribute 0.034 ntt 0.567 crt 0.002 out 0.085 carry 0.029
cache_trace node 1: piece (1, 1) of 5 x 3, 69173177 + 57644314 limbs at 126817491, slots 2: A - B HIT | 0.705 s: redistribute 0.035 ntt 0.564 crt 0.001 out 0.082 carry 0.028
cache_trace node 2: piece (1, 1) of 5 x 3, 69173177 + 57644314 limbs at 126817491, slots 2: A - B HIT | 0.705 s: redistribute 0.034 ntt 0.569 crt 0.001 out 0.079 carry 0.028
cache_trace node 3: piece (1, 1) of 5 x 3, 69173177 + 57644314 limbs at 126817491, slots 2: A - B HIT | 0.705 s: redistribute 0.032 ntt 0.574 crt 0.002 out 0.083 carry 0.028
cache_trace node 0: piece (2, 1) of 5 x 3, 69173177 + 57644314 limbs at 195990668, slots 2: A - B HIT | 0.739 s: redistribute 0.033 ntt 0.590 crt 0.002 out 0.075 carry 0.044
cache_trace node 1: piece (2, 1) of 5 x 3, 69173177 + 57644314 limbs at 195990668, slots 2: A - B HIT | 0.739 s: redistribute 0.033 ntt 0.589 crt 0.002 out 0.077 carry 0.043
cache_trace node 2: piece (2, 1) of 5 x 3, 69173177 + 57644314 limbs at 195990668, slots 2: A - B HIT | 0.739 s: redistribute 0.039 ntt 0.586 crt 0.001 out 0.078 carry 0.043
cache_trace node 3: piece (2, 1) of 5 x 3, 69173177 + 57644314 limbs at 195990668, slots 2: A - B HIT | 0.739 s: redistribute 0.039 ntt 0.595 crt 0.001 out 0.079 carry 0.042
cache_trace node 0: piece (3, 1) of 5 x 3, 69173177 + 57644314 limbs at 265163845, slots 2: A - B HIT | 0.702 s: redistribute 0.035 ntt 0.584 crt 0.002 out 0.078 carry 0.012
cache_trace node 1: piece (3, 1) of 5 x 3, 69173177 + 57644314 limbs at 265163845, slots 2: A - B HIT | 0.701 s: redistribute 0.041 ntt 0.580 crt 0.002 out 0.082 carry 0.012
cache_trace node 2: piece (3, 1) of 5 x 3, 69173177 + 57644314 limbs at 265163845, slots 2: A - B HIT | 0.702 s: redistribute 0.047 ntt 0.571 crt 0.002 out 0.083 carry 0.012
cache_trace node 3: piece (3, 1) of 5 x 3, 69173177 + 57644314 limbs at 265163845, slots 2: A - B HIT | 0.702 s: redistribute 0.044 ntt 0.576 crt 0.002 out 0.080 carry 0.012
cache_trace node 0: piece (4, 1) of 5 x 3, 69173177 + 57644314 limbs at 334337022, slots 2: A - B HIT | 0.634 s: redistribute 0.035 ntt 0.567 crt 0.002 out 0.023 carry 0.010
cache_trace node 1: piece (4, 1) of 5 x 3, 69173177 + 57644314 limbs at 334337022, slots 2: A - B HIT | 0.634 s: redistribute 0.040 ntt 0.566 crt 0.002 out 0.025 carry 0.010
cache_trace node 2: piece (4, 1) of 5 x 3, 69173177 + 57644314 limbs at 334337022, slots 2: A - B HIT | 0.634 s: redistribute 0.037 ntt 0.563 crt 0.001 out 0.027 carry 0.010
cache_trace node 3: piece (4, 1) of 5 x 3, 69173177 + 57644314 limbs at 334337022, slots 2: A - B HIT | 0.634 s: redistribute 0.040 ntt 0.573 crt 0.002 out 0.024 carry 0.010
cache_trace node 0: piece (0, 2) of 5 x 3, 69173177 + 57644314 limbs at 115288628, slots 2: A HIT B cached | 0.714 s: redistribute 0.033 ntt 0.572 crt 0.001 out 0.076 carry 0.038
cache_trace node 1: piece (0, 2) of 5 x 3, 69173177 + 57644314 limbs at 115288628, slots 2: A HIT B cached | 0.714 s: redistribute 0.033 ntt 0.566 crt 0.002 out 0.080 carry 0.038
cache_trace node 2: piece (0, 2) of 5 x 3, 69173177 + 57644314 limbs at 115288628, slots 2: A HIT B cached | 0.714 s: redistribute 0.032 ntt 0.573 crt 0.001 out 0.085 carry 0.038
cache_trace node 3: piece (0, 2) of 5 x 3, 69173177 + 57644314 limbs at 115288628, slots 2: A HIT B cached | 0.714 s: redistribute 0.038 ntt 0.561 crt 0.002 out 0.080 carry 0.038
cache_trace node 0: piece (1, 2) of 5 x 3, 69173177 + 57644314 limbs at 184461805, slots 2: A - B HIT | 0.724 s: redistribute 0.034 ntt 0.590 crt 0.002 out 0.082 carry 0.034
cache_trace node 1: piece (1, 2) of 5 x 3, 69173177 + 57644314 limbs at 184461805, slots 2: A - B HIT | 0.724 s: redistribute 0.037 ntt 0.582 crt 0.003 out 0.082 carry 0.034
cache_trace node 2: piece (1, 2) of 5 x 3, 69173177 + 57644314 limbs at 184461805, slots 2: A - B HIT | 0.724 s: redistribute 0.034 ntt 0.584 crt 0.003 out 0.081 carry 0.034
cache_trace node 3: piece (1, 2) of 5 x 3, 69173177 + 57644314 limbs at 184461805, slots 2: A - B HIT | 0.724 s: redistribute 0.035 ntt 0.587 crt 0.001 out 0.080 carry 0.034
cache_trace node 0: piece (2, 2) of 5 x 3, 69173177 + 57644314 limbs at 253634982, slots 2: A - B HIT | 0.706 s: redistribute 0.040 ntt 0.577 crt 0.002 out 0.087 carry 0.010
cache_trace node 1: piece (2, 2) of 5 x 3, 69173177 + 57644314 limbs at 253634982, slots 2: A - B HIT | 0.706 s: redistribute 0.037 ntt 0.579 crt 0.002 out 0.083 carry 0.010
cache_trace node 2: piece (2, 2) of 5 x 3, 69173177 + 57644314 limbs at 253634982, slots 2: A - B HIT | 0.706 s: redistribute 0.038 ntt 0.573 crt 0.001 out 0.087 carry 0.009
cache_trace node 3: piece (2, 2) of 5 x 3, 69173177 + 57644314 limbs at 253634982, slots 2: A - B HIT | 0.706 s: redistribute 0.040 ntt 0.589 crt 0.002 out 0.084 carry 0.009
cache_trace node 0: piece (3, 2) of 5 x 3, 69173177 + 57644314 limbs at 322808159, slots 2: A - B HIT | 0.656 s: redistribute 0.037 ntt 0.580 crt 0.001 out 0.033 carry 0.019
dist_mn node 0: 345865885 x 172932942 limbs over 4 x 4 ranks (cap 2^27): 5 x 3 pieces, 13 formed, 2 skipped (low product) (low cut) (cache 2 slots: 11 hits, 4 misses)
cache_trace node 1: piece (3, 2) of 5 x 3, 69173177 + 57644314 limbs at 322808159, slots 2: A - B HIT | 0.656 s: redistribute 0.040 ntt 0.578 crt 0.001 out 0.033 carry 0.019
dist_mn node 1: 345865885 x 172932942 limbs over 4 x 4 ranks (cap 2^27): 5 x 3 pieces, 13 formed, 2 skipped (low product) (low cut) (cache 2 slots: 11 hits, 4 misses)
cache_trace node 2: piece (3, 2) of 5 x 3, 69173177 + 57644314 limbs at 322808159, slots 2: A - B HIT | 0.656 s: redistribute 0.041 ntt 0.569 crt 0.002 out 0.038 carry 0.019
dist_mn node 2: 345865885 x 172932942 limbs over 4 x 4 ranks (cap 2^27): 5 x 3 pieces, 13 formed, 2 skipped (low product) (low cut) (cache 2 slots: 11 hits, 4 misses)
cache_trace node 3: piece (3, 2) of 5 x 3, 69173177 + 57644314 limbs at 322808159, slots 2: A - B HIT | 0.656 s: redistribute 0.039 ntt 0.569 crt 0.002 out 0.035 carry 0.019
dist_mn node 3: 345865885 x 172932942 limbs over 4 x 4 ranks (cap 2^27): 5 x 3 pieces, 13 formed, 2 skipped (low product) (low cut) (cache 2 slots: 11 hits, 4 misses)
cx_grid node 3: rep 1 shape 5x3_lowhighcut (345865885 x 172932942, cut 172932942 / 345865885) slots 2: 9.691 s, cache 11 hits 4 misses, C sha256 016ae7d5637243e5 same
cx_grid node 2: rep 1 shape 5x3_lowhighcut (345865885 x 172932942, cut 172932942 / 345865885) slots 2: 9.691 s, cache 11 hits 4 misses, C sha256 6fb7dad7ad29af4b same
cx_grid node 1: rep 1 shape 5x3_lowhighcut (345865885 x 172932942, cut 172932942 / 345865885) slots 2: 9.691 s, cache 11 hits 4 misses, C sha256 d34ab76033dc041f same
cx_grid node 0: rep 1 shape 5x3_lowhighcut (345865885 x 172932942, cut 172932942 / 345865885) slots 2: 9.691 s, cache 11 hits 4 misses, C sha256 34c357c17ea66a20 same
cache_trace node 0: piece (1, 0) of 2 x 4, 86466471 + 43233236 limbs at 86466471, slots 0: A - B - | 1.047 s: redistribute 0.069 ntt 0.867 crt 0.002 out 0.087 carry 0.033
cache_trace node 1: piece (1, 0) of 2 x 4, 86466471 + 43233236 limbs at 86466471, slots 0: A - B - | 1.047 s: redistribute 0.069 ntt 0.861 crt 0.001 out 0.087 carry 0.033
cache_trace node 2: piece (1, 0) of 2 x 4, 86466471 + 43233236 limbs at 86466471, slots 0: A - B - | 1.047 s: redistribute 0.065 ntt 0.866 crt 0.002 out 0.090 carry 0.033
cache_trace node 3: piece (1, 0) of 2 x 4, 86466471 + 43233236 limbs at 86466471, slots 0: A - B - | 1.047 s: redistribute 0.080 ntt 0.862 crt 0.002 out 0.085 carry 0.033
cache_trace node 0: piece (0, 1) of 2 x 4, 86466471 + 43233236 limbs at 43233236, slots 0: A - B - | 1.049 s: redistribute 0.067 ntt 0.862 crt 0.003 out 0.097 carry 0.028
cache_trace node 1: piece (0, 1) of 2 x 4, 86466471 + 43233236 limbs at 43233236, slots 0: A - B - | 1.049 s: redistribute 0.067 ntt 0.861 crt 0.003 out 0.098 carry 0.028
cache_trace node 2: piece (0, 1) of 2 x 4, 86466471 + 43233236 limbs at 43233236, slots 0: A - B - | 1.049 s: redistribute 0.068 ntt 0.863 crt 0.003 out 0.097 carry 0.028
cache_trace node 3: piece (0, 1) of 2 x 4, 86466471 + 43233236 limbs at 43233236, slots 0: A - B - | 1.049 s: redistribute 0.067 ntt 0.871 crt 0.001 out 0.096 carry 0.028
cache_trace node 0: piece (1, 1) of 2 x 4, 86466471 + 43233236 limbs at 129699707, slots 0: A - B - | 1.046 s: redistribute 0.063 ntt 0.868 crt 0.001 out 0.095 carry 0.034
cache_trace node 1: piece (1, 1) of 2 x 4, 86466471 + 43233236 limbs at 129699707, slots 0: A - B - | 1.046 s: redistribute 0.064 ntt 0.870 crt 0.001 out 0.094 carry 0.034
cache_trace node 2: piece (1, 1) of 2 x 4, 86466471 + 43233236 limbs at 129699707, slots 0: A - B - | 1.046 s: redistribute 0.064 ntt 0.869 crt 0.001 out 0.086 carry 0.034
cache_trace node 3: piece (1, 1) of 2 x 4, 86466471 + 43233236 limbs at 129699707, slots 0: A - B - | 1.046 s: redistribute 0.068 ntt 0.862 crt 0.001 out 0.091 carry 0.034
cache_trace node 0: piece (0, 2) of 2 x 4, 86466471 + 43233236 limbs at 86466472, slots 0: A - B - | 1.057 s: redistribute 0.066 ntt 0.882 crt 0.002 out 0.089 carry 0.035
cache_trace node 1: piece (0, 2) of 2 x 4, 86466471 + 43233236 limbs at 86466472, slots 0: A - B - | 1.057 s: redistribute 0.079 ntt 0.874 crt 0.001 out 0.088 carry 0.035
cache_trace node 2: piece (0, 2) of 2 x 4, 86466471 + 43233236 limbs at 86466472, slots 0: A - B - | 1.057 s: redistribute 0.068 ntt 0.872 crt 0.002 out 0.086 carry 0.035
cache_trace node 3: piece (0, 2) of 2 x 4, 86466471 + 43233236 limbs at 86466472, slots 0: A - B - | 1.057 s: redistribute 0.068 ntt 0.879 crt 0.001 out 0.084 carry 0.035
cache_trace node 0: piece (1, 2) of 2 x 4, 86466471 + 43233236 limbs at 172932943, slots 0: A - B - | 1.020 s: redistribute 0.062 ntt 0.843 crt 0.002 out 0.096 carry 0.031
cache_trace node 1: piece (1, 2) of 2 x 4, 86466471 + 43233236 limbs at 172932943, slots 0: A - B - | 1.020 s: redistribute 0.064 ntt 0.853 crt 0.001 out 0.094 carry 0.030
cache_trace node 2: piece (1, 2) of 2 x 4, 86466471 + 43233236 limbs at 172932943, slots 0: A - B - | 1.020 s: redistribute 0.063 ntt 0.845 crt 0.002 out 0.096 carry 0.030
cache_trace node 3: piece (1, 2) of 2 x 4, 86466471 + 43233236 limbs at 172932943, slots 0: A - B - | 1.020 s: redistribute 0.071 ntt 0.851 crt 0.002 out 0.091 carry 0.030
cache_trace node 0: piece (0, 3) of 2 x 4, 86466471 + 43233234 limbs at 129699708, slots 0: A - B - | 1.049 s: redistribute 0.069 ntt 0.869 crt 0.001 out 0.089 carry 0.032
cache_trace node 1: piece (0, 3) of 2 x 4, 86466471 + 43233234 limbs at 129699708, slots 0: A - B - | 1.049 s: redistribute 0.074 ntt 0.868 crt 0.002 out 0.088 carry 0.032
cache_trace node 2: piece (0, 3) of 2 x 4, 86466471 + 43233234 limbs at 129699708, slots 0: A - B - | 1.049 s: redistribute 0.062 ntt 0.874 crt 0.001 out 0.085 carry 0.032
cache_trace node 3: piece (0, 3) of 2 x 4, 86466471 + 43233234 limbs at 129699708, slots 0: A - B - | 1.049 s: redistribute 0.069 ntt 0.871 crt 0.001 out 0.087 carry 0.032
cache_trace node 0: piece (1, 3) of 2 x 4, 86466471 + 43233234 limbs at 216166179, slots 0: A - B - | 1.040 s: redistribute 0.067 ntt 0.866 crt 0.001 out 0.091 carry 0.033
dist_mn node 0: 172932942 x 172932942 limbs over 4 x 4 ranks (cap 2^27): 2 x 4 pieces, 7 formed, 1 skipped (low cut) (cache 0 slots: 0 hits, 0 misses)
cache_trace node 1: piece (1, 3) of 2 x 4, 86466471 + 43233234 limbs at 216166179, slots 0: A - B - | 1.040 s: redistribute 0.072 ntt 0.866 crt 0.002 out 0.094 carry 0.033
dist_mn node 1: 172932942 x 172932942 limbs over 4 x 4 ranks (cap 2^27): 2 x 4 pieces, 7 formed, 1 skipped (low cut) (cache 0 slots: 0 hits, 0 misses)
cache_trace node 2: piece (1, 3) of 2 x 4, 86466471 + 43233234 limbs at 216166179, slots 0: A - B - | 1.040 s: redistribute 0.067 ntt 0.869 crt 0.001 out 0.090 carry 0.032
dist_mn node 2: 172932942 x 172932942 limbs over 4 x 4 ranks (cap 2^27): 2 x 4 pieces, 7 formed, 1 skipped (low cut) (cache 0 slots: 0 hits, 0 misses)
cache_trace node 3: piece (1, 3) of 2 x 4, 86466471 + 43233234 limbs at 216166179, slots 0: A - B - | 1.040 s: redistribute 0.071 ntt 0.855 crt 0.002 out 0.090 carry 0.032
dist_mn node 3: 172932942 x 172932942 limbs over 4 x 4 ranks (cap 2^27): 2 x 4 pieces, 7 formed, 1 skipped (low cut) (cache 0 slots: 0 hits, 0 misses)
cx_grid node 3: rep 1 shape 2x4_lowcut (172932942 x 172932942, cut 172932942 / -1) slots 0: 7.314 s, cache 0 hits 0 misses, C sha256 b8a655c2a8a9f640 same
cx_grid node 1: rep 1 shape 2x4_lowcut (172932942 x 172932942, cut 172932942 / -1) slots 0: 7.314 s, cache 0 hits 0 misses, C sha256 2b96183bdc63b4f0 same
cx_grid node 2: rep 1 shape 2x4_lowcut (172932942 x 172932942, cut 172932942 / -1) slots 0: 7.314 s, cache 0 hits 0 misses, C sha256 392896d660bf6874 same
cx_grid node 0: rep 1 shape 2x4_lowcut (172932942 x 172932942, cut 172932942 / -1) slots 0: 7.314 s, cache 0 hits 0 misses, C sha256 4968e1e85c988bcf same
cache_trace node 0: piece (1, 0) of 2 x 4, 86466471 + 43233236 limbs at 86466471, slots 1: A - B cached | 1.035 s: redistribute 0.074 ntt 0.850 crt 0.001 out 0.091 carry 0.030
cache_trace node 1: piece (1, 0) of 2 x 4, 86466471 + 43233236 limbs at 86466471, slots 1: A - B cached | 1.035 s: redistribute 0.074 ntt 0.851 crt 0.001 out 0.088 carry 0.030
cache_trace node 2: piece (1, 0) of 2 x 4, 86466471 + 43233236 limbs at 86466471, slots 1: A - B cached | 1.035 s: redistribute 0.069 ntt 0.857 crt 0.002 out 0.088 carry 0.030
cache_trace node 3: piece (1, 0) of 2 x 4, 86466471 + 43233236 limbs at 86466471, slots 1: A - B cached | 1.035 s: redistribute 0.078 ntt 0.853 crt 0.002 out 0.087 carry 0.030
cache_trace node 0: piece (0, 1) of 2 x 4, 86466471 + 43233236 limbs at 43233236, slots 1: A - B cached | 1.033 s: redistribute 0.067 ntt 0.846 crt 0.002 out 0.098 carry 0.027
cache_trace node 1: piece (0, 1) of 2 x 4, 86466471 + 43233236 limbs at 43233236, slots 1: A - B cached | 1.033 s: redistribute 0.070 ntt 0.844 crt 0.002 out 0.097 carry 0.027
cache_trace node 2: piece (0, 1) of 2 x 4, 86466471 + 43233236 limbs at 43233236, slots 1: A - B cached | 1.033 s: redistribute 0.069 ntt 0.849 crt 0.001 out 0.090 carry 0.028
cache_trace node 3: piece (0, 1) of 2 x 4, 86466471 + 43233236 limbs at 43233236, slots 1: A - B cached | 1.033 s: redistribute 0.071 ntt 0.850 crt 0.002 out 0.093 carry 0.027
cache_trace node 0: piece (1, 1) of 2 x 4, 86466471 + 43233236 limbs at 129699707, slots 1: A - B HIT | 0.690 s: redistribute 0.037 ntt 0.531 crt 0.002 out 0.090 carry 0.033
cache_trace node 1: piece (1, 1) of 2 x 4, 86466471 + 43233236 limbs at 129699707, slots 1: A - B HIT | 0.690 s: redistribute 0.040 ntt 0.537 crt 0.002 out 0.089 carry 0.033
cache_trace node 2: piece (1, 1) of 2 x 4, 86466471 + 43233236 limbs at 129699707, slots 1: A - B HIT | 0.690 s: redistribute 0.041 ntt 0.531 crt 0.002 out 0.086 carry 0.033
cache_trace node 3: piece (1, 1) of 2 x 4, 86466471 + 43233236 limbs at 129699707, slots 1: A - B HIT | 0.690 s: redistribute 0.047 ntt 0.522 crt 0.001 out 0.093 carry 0.033
cache_trace node 0: piece (0, 2) of 2 x 4, 86466471 + 43233236 limbs at 86466472, slots 1: A - B cached | 1.039 s: redistribute 0.065 ntt 0.864 crt 0.001 out 0.087 carry 0.033
cache_trace node 1: piece (0, 2) of 2 x 4, 86466471 + 43233236 limbs at 86466472, slots 1: A - B cached | 1.039 s: redistribute 0.063 ntt 0.865 crt 0.001 out 0.087 carry 0.033
cache_trace node 2: piece (0, 2) of 2 x 4, 86466471 + 43233236 limbs at 86466472, slots 1: A - B cached | 1.039 s: redistribute 0.063 ntt 0.864 crt 0.001 out 0.085 carry 0.033
cache_trace node 3: piece (0, 2) of 2 x 4, 86466471 + 43233236 limbs at 86466472, slots 1: A - B cached | 1.039 s: redistribute 0.063 ntt 0.859 crt 0.001 out 0.086 carry 0.033
cache_trace node 0: piece (1, 2) of 2 x 4, 86466471 + 43233236 limbs at 172932943, slots 1: A - B HIT | 0.727 s: redistribute 0.042 ntt 0.583 crt 0.001 out 0.088 carry 0.030
cache_trace node 1: piece (1, 2) of 2 x 4, 86466471 + 43233236 limbs at 172932943, slots 1: A - B HIT | 0.727 s: redistribute 0.044 ntt 0.579 crt 0.001 out 0.086 carry 0.030
cache_trace node 2: piece (1, 2) of 2 x 4, 86466471 + 43233236 limbs at 172932943, slots 1: A - B HIT | 0.727 s: redistribute 0.040 ntt 0.584 crt 0.001 out 0.087 carry 0.029
cache_trace node 3: piece (1, 2) of 2 x 4, 86466471 + 43233236 limbs at 172932943, slots 1: A - B HIT | 0.727 s: redistribute 0.052 ntt 0.575 crt 0.001 out 0.087 carry 0.029
cache_trace node 0: piece (0, 3) of 2 x 4, 86466471 + 43233234 limbs at 129699708, slots 1: A - B cached | 1.049 s: redistribute 0.067 ntt 0.865 crt 0.002 out 0.087 carry 0.033
cache_trace node 1: piece (0, 3) of 2 x 4, 86466471 + 43233234 limbs at 129699708, slots 1: A - B cached | 1.049 s: redistribute 0.068 ntt 0.864 crt 0.002 out 0.085 carry 0.032
cache_trace node 2: piece (0, 3) of 2 x 4, 86466471 + 43233234 limbs at 129699708, slots 1: A - B cached | 1.050 s: redistribute 0.070 ntt 0.869 crt 0.002 out 0.090 carry 0.032
cache_trace node 3: piece (0, 3) of 2 x 4, 86466471 + 43233234 limbs at 129699708, slots 1: A - B cached | 1.050 s: redistribute 0.069 ntt 0.863 crt 0.002 out 0.087 carry 0.033
cache_trace node 0: piece (1, 3) of 2 x 4, 86466471 + 43233234 limbs at 216166179, slots 1: A - B HIT | 0.760 s: redistribute 0.039 ntt 0.606 crt 0.002 out 0.089 carry 0.033
dist_mn node 0: 172932942 x 172932942 limbs over 4 x 4 ranks (cap 2^27): 2 x 4 pieces, 7 formed, 1 skipped (low cut) (cache 1 slots: 3 hits, 4 misses)
cache_trace node 1: piece (1, 3) of 2 x 4, 86466471 + 43233234 limbs at 216166179, slots 1: A - B HIT | 0.760 s: redistribute 0.041 ntt 0.611 crt 0.002 out 0.090 carry 0.033
dist_mn node 1: 172932942 x 172932942 limbs over 4 x 4 ranks (cap 2^27): 2 x 4 pieces, 7 formed, 1 skipped (low cut) (cache 1 slots: 3 hits, 4 misses)
cache_trace node 2: piece (1, 3) of 2 x 4, 86466471 + 43233234 limbs at 216166179, slots 1: A - B HIT | 0.760 s: redistribute 0.050 ntt 0.601 crt 0.002 out 0.090 carry 0.032
dist_mn node 2: 172932942 x 172932942 limbs over 4 x 4 ranks (cap 2^27): 2 x 4 pieces, 7 formed, 1 skipped (low cut) (cache 1 slots: 3 hits, 4 misses)
cache_trace node 3: piece (1, 3) of 2 x 4, 86466471 + 43233234 limbs at 216166179, slots 1: A - B HIT | 0.760 s: redistribute 0.049 ntt 0.601 crt 0.002 out 0.092 carry 0.032
dist_mn node 3: 172932942 x 172932942 limbs over 4 x 4 ranks (cap 2^27): 2 x 4 pieces, 7 formed, 1 skipped (low cut) (cache 1 slots: 3 hits, 4 misses)
cx_grid node 3: rep 1 shape 2x4_lowcut (172932942 x 172932942, cut 172932942 / -1) slots 1: 6.339 s, cache 3 hits 4 misses, C sha256 b8a655c2a8a9f640 same
cx_grid node 1: rep 1 shape 2x4_lowcut (172932942 x 172932942, cut 172932942 / -1) slots 1: 6.339 s, cache 3 hits 4 misses, C sha256 2b96183bdc63b4f0 same
cx_grid node 2: rep 1 shape 2x4_lowcut (172932942 x 172932942, cut 172932942 / -1) slots 1: 6.339 s, cache 3 hits 4 misses, C sha256 392896d660bf6874 same
cx_grid node 0: rep 1 shape 2x4_lowcut (172932942 x 172932942, cut 172932942 / -1) slots 1: 6.339 s, cache 3 hits 4 misses, C sha256 4968e1e85c988bcf same
cache_trace node 0: piece (1, 0) of 2 x 4, 86466471 + 43233236 limbs at 86466471, slots 2: A - B cached | 1.067 s: redistribute 0.076 ntt 0.881 crt 0.001 out 0.088 carry 0.034
cache_trace node 1: piece (1, 0) of 2 x 4, 86466471 + 43233236 limbs at 86466471, slots 2: A - B cached | 1.067 s: redistribute 0.066 ntt 0.890 crt 0.002 out 0.090 carry 0.033
cache_trace node 2: piece (1, 0) of 2 x 4, 86466471 + 43233236 limbs at 86466471, slots 2: A - B cached | 1.067 s: redistribute 0.075 ntt 0.880 crt 0.001 out 0.089 carry 0.034
cache_trace node 3: piece (1, 0) of 2 x 4, 86466471 + 43233236 limbs at 86466471, slots 2: A - B cached | 1.067 s: redistribute 0.084 ntt 0.884 crt 0.001 out 0.087 carry 0.034
cache_trace node 0: piece (0, 1) of 2 x 4, 86466471 + 43233236 limbs at 43233236, slots 2: A cached B cached | 1.068 s: redistribute 0.065 ntt 0.884 crt 0.002 out 0.095 carry 0.031
cache_trace node 1: piece (0, 1) of 2 x 4, 86466471 + 43233236 limbs at 43233236, slots 2: A cached B cached | 1.068 s: redistribute 0.075 ntt 0.884 crt 0.002 out 0.092 carry 0.031
cache_trace node 2: piece (0, 1) of 2 x 4, 86466471 + 43233236 limbs at 43233236, slots 2: A cached B cached | 1.068 s: redistribute 0.066 ntt 0.889 crt 0.001 out 0.091 carry 0.031
cache_trace node 3: piece (0, 1) of 2 x 4, 86466471 + 43233236 limbs at 43233236, slots 2: A cached B cached | 1.068 s: redistribute 0.076 ntt 0.890 crt 0.001 out 0.090 carry 0.031
cache_trace node 0: piece (1, 1) of 2 x 4, 86466471 + 43233236 limbs at 129699707, slots 2: A - B HIT | 0.739 s: redistribute 0.046 ntt 0.598 crt 0.002 out 0.086 carry 0.033
cache_trace node 1: piece (1, 1) of 2 x 4, 86466471 + 43233236 limbs at 129699707, slots 2: A - B HIT | 0.739 s: redistribute 0.044 ntt 0.593 crt 0.001 out 0.081 carry 0.033
cache_trace node 2: piece (1, 1) of 2 x 4, 86466471 + 43233236 limbs at 129699707, slots 2: A - B HIT | 0.739 s: redistribute 0.047 ntt 0.607 crt 0.002 out 0.086 carry 0.033
cache_trace node 3: piece (1, 1) of 2 x 4, 86466471 + 43233236 limbs at 129699707, slots 2: A - B HIT | 0.739 s: redistribute 0.050 ntt 0.584 crt 0.001 out 0.085 carry 0.033
cache_trace node 0: piece (0, 2) of 2 x 4, 86466471 + 43233236 limbs at 86466472, slots 2: A HIT B cached | 0.723 s: redistribute 0.024 ntt 0.585 crt 0.001 out 0.092 carry 0.034
cache_trace node 1: piece (0, 2) of 2 x 4, 86466471 + 43233236 limbs at 86466472, slots 2: A HIT B cached | 0.723 s: redistribute 0.023 ntt 0.584 crt 0.001 out 0.088 carry 0.034
cache_trace node 2: piece (0, 2) of 2 x 4, 86466471 + 43233236 limbs at 86466472, slots 2: A HIT B cached | 0.723 s: redistribute 0.025 ntt 0.588 crt 0.001 out 0.094 carry 0.034
cache_trace node 3: piece (0, 2) of 2 x 4, 86466471 + 43233236 limbs at 86466472, slots 2: A HIT B cached | 0.723 s: redistribute 0.026 ntt 0.584 crt 0.002 out 0.089 carry 0.034
cache_trace node 0: piece (1, 2) of 2 x 4, 86466471 + 43233236 limbs at 172932943, slots 2: A - B HIT | 0.743 s: redistribute 0.041 ntt 0.594 crt 0.001 out 0.090 carry 0.031
cache_trace node 1: piece (1, 2) of 2 x 4, 86466471 + 43233236 limbs at 172932943, slots 2: A - B HIT | 0.743 s: redistribute 0.045 ntt 0.593 crt 0.002 out 0.086 carry 0.031
cache_trace node 2: piece (1, 2) of 2 x 4, 86466471 + 43233236 limbs at 172932943, slots 2: A - B HIT | 0.743 s: redistribute 0.049 ntt 0.589 crt 0.001 out 0.089 carry 0.030
cache_trace node 3: piece (1, 2) of 2 x 4, 86466471 + 43233236 limbs at 172932943, slots 2: A - B HIT | 0.743 s: redistribute 0.044 ntt 0.590 crt 0.002 out 0.086 carry 0.031
cache_trace node 0: piece (0, 3) of 2 x 4, 86466471 + 43233234 limbs at 129699708, slots 2: A HIT B cached | 0.726 s: redistribute 0.029 ntt 0.585 crt 0.001 out 0.085 carry 0.032
cache_trace node 1: piece (0, 3) of 2 x 4, 86466471 + 43233234 limbs at 129699708, slots 2: A HIT B cached | 0.726 s: redistribute 0.021 ntt 0.601 crt 0.001 out 0.091 carry 0.032
cache_trace node 2: piece (0, 3) of 2 x 4, 86466471 + 43233234 limbs at 129699708, slots 2: A HIT B cached | 0.726 s: redistribute 0.024 ntt 0.592 crt 0.002 out 0.090 carry 0.032
cache_trace node 3: piece (0, 3) of 2 x 4, 86466471 + 43233234 limbs at 129699708, slots 2: A HIT B cached | 0.726 s: redistribute 0.028 ntt 0.586 crt 0.002 out 0.086 carry 0.032
cache_trace node 0: piece (1, 3) of 2 x 4, 86466471 + 43233234 limbs at 216166179, slots 2: A - B HIT | 0.740 s: redistribute 0.049 ntt 0.590 crt 0.001 out 0.086 carry 0.031
dist_mn node 0: 172932942 x 172932942 limbs over 4 x 4 ranks (cap 2^27): 2 x 4 pieces, 7 formed, 1 skipped (low cut) (cache 2 slots: 5 hits, 5 misses)
cache_trace node 1: piece (1, 3) of 2 x 4, 86466471 + 43233234 limbs at 216166179, slots 2: A - B HIT | 0.740 s: redistribute 0.049 ntt 0.596 crt 0.001 out 0.083 carry 0.031
dist_mn node 1: 172932942 x 172932942 limbs over 4 x 4 ranks (cap 2^27): 2 x 4 pieces, 7 formed, 1 skipped (low cut) (cache 2 slots: 5 hits, 5 misses)
cache_trace node 2: piece (1, 3) of 2 x 4, 86466471 + 43233234 limbs at 216166179, slots 2: A - B HIT | 0.740 s: redistribute 0.048 ntt 0.589 crt 0.001 out 0.085 carry 0.031
dist_mn node 2: 172932942 x 172932942 limbs over 4 x 4 ranks (cap 2^27): 2 x 4 pieces, 7 formed, 1 skipped (low cut) (cache 2 slots: 5 hits, 5 misses)
cache_trace node 3: piece (1, 3) of 2 x 4, 86466471 + 43233234 limbs at 216166179, slots 2: A - B HIT | 0.740 s: redistribute 0.049 ntt 0.590 crt 0.002 out 0.085 carry 0.031
dist_mn node 3: 172932942 x 172932942 limbs over 4 x 4 ranks (cap 2^27): 2 x 4 pieces, 7 formed, 1 skipped (low cut) (cache 2 slots: 5 hits, 5 misses)
cx_grid node 3: rep 1 shape 2x4_lowcut (172932942 x 172932942, cut 172932942 / -1) slots 2: 5.812 s, cache 5 hits 5 misses, C sha256 b8a655c2a8a9f640 same
cx_grid node 1: rep 1 shape 2x4_lowcut (172932942 x 172932942, cut 172932942 / -1) slots 2: 5.812 s, cache 5 hits 5 misses, C sha256 2b96183bdc63b4f0 same
cx_grid node 2: rep 1 shape 2x4_lowcut (172932942 x 172932942, cut 172932942 / -1) slots 2: 5.812 s, cache 5 hits 5 misses, C sha256 392896d660bf6874 same
cx_grid node 0: rep 1 shape 2x4_lowcut (172932942 x 172932942, cut 172932942 / -1) slots 2: 5.812 s, cache 5 hits 5 misses, C sha256 4968e1e85c988bcf same
cache_trace node 0: piece (4, 0) of 5 x 6, 69173177 + 57644315 limbs at 276692708, slots 0: A - B - | 1.099 s: redistribute 0.077 ntt 0.910 crt 0.002 out 0.071 carry 0.048
cache_trace node 1: piece (4, 0) of 5 x 6, 69173177 + 57644315 limbs at 276692708, slots 0: A - B - | 1.099 s: redistribute 0.077 ntt 0.908 crt 0.002 out 0.078 carry 0.048
cache_trace node 2: piece (4, 0) of 5 x 6, 69173177 + 57644315 limbs at 276692708, slots 0: A - B - | 1.099 s: redistribute 0.071 ntt 0.907 crt 0.002 out 0.080 carry 0.048
cache_trace node 3: piece (4, 0) of 5 x 6, 69173177 + 57644315 limbs at 276692708, slots 0: A - B - | 1.099 s: redistribute 0.067 ntt 0.912 crt 0.002 out 0.077 carry 0.048
cache_trace node 0: piece (3, 1) of 5 x 6, 69173177 + 57644315 limbs at 265163846, slots 0: A - B - | 1.100 s: redistribute 0.067 ntt 0.891 crt 0.001 out 0.094 carry 0.059
cache_trace node 1: piece (3, 1) of 5 x 6, 69173177 + 57644315 limbs at 265163846, slots 0: A - B - | 1.100 s: redistribute 0.063 ntt 0.882 crt 0.001 out 0.102 carry 0.059
cache_trace node 2: piece (3, 1) of 5 x 6, 69173177 + 57644315 limbs at 265163846, slots 0: A - B - | 1.100 s: redistribute 0.061 ntt 0.897 crt 0.001 out 0.104 carry 0.059
cache_trace node 3: piece (3, 1) of 5 x 6, 69173177 + 57644315 limbs at 265163846, slots 0: A - B - | 1.100 s: redistribute 0.058 ntt 0.888 crt 0.001 out 0.099 carry 0.059
cache_trace node 0: piece (4, 1) of 5 x 6, 69173177 + 57644315 limbs at 334337023, slots 0: A - B - | 1.081 s: redistribute 0.071 ntt 0.852 crt 0.001 out 0.115 carry 0.059
cache_trace node 1: piece (4, 1) of 5 x 6, 69173177 + 57644315 limbs at 334337023, slots 0: A - B - | 1.081 s: redistribute 0.067 ntt 0.865 crt 0.002 out 0.108 carry 0.059
cache_trace node 2: piece (4, 1) of 5 x 6, 69173177 + 57644315 limbs at 334337023, slots 0: A - B - | 1.081 s: redistribute 0.063 ntt 0.857 crt 0.002 out 0.109 carry 0.058
cache_trace node 3: piece (4, 1) of 5 x 6, 69173177 + 57644315 limbs at 334337023, slots 0: A - B - | 1.081 s: redistribute 0.067 ntt 0.854 crt 0.001 out 0.107 carry 0.059
cache_trace node 0: piece (2, 2) of 5 x 6, 69173177 + 57644315 limbs at 253634984, slots 0: A - B - | 1.067 s: redistribute 0.063 ntt 0.859 crt 0.002 out 0.088 carry 0.062
cache_trace node 1: piece (2, 2) of 5 x 6, 69173177 + 57644315 limbs at 253634984, slots 0: A - B - | 1.067 s: redistribute 0.064 ntt 0.861 crt 0.002 out 0.094 carry 0.061
cache_trace node 2: piece (2, 2) of 5 x 6, 69173177 + 57644315 limbs at 253634984, slots 0: A - B - | 1.067 s: redistribute 0.064 ntt 0.859 crt 0.002 out 0.090 carry 0.061
cache_trace node 3: piece (2, 2) of 5 x 6, 69173177 + 57644315 limbs at 253634984, slots 0: A - B - | 1.067 s: redistribute 0.065 ntt 0.865 crt 0.002 out 0.092 carry 0.062
cache_trace node 0: piece (3, 2) of 5 x 6, 69173177 + 57644315 limbs at 322808161, slots 0: A - B - | 1.084 s: redistribute 0.070 ntt 0.888 crt 0.001 out 0.092 carry 0.053
cache_trace node 1: piece (3, 2) of 5 x 6, 69173177 + 57644315 limbs at 322808161, slots 0: A - B - | 1.084 s: redistribute 0.067 ntt 0.882 crt 0.001 out 0.094 carry 0.052
cache_trace node 2: piece (3, 2) of 5 x 6, 69173177 + 57644315 limbs at 322808161, slots 0: A - B - | 1.084 s: redistribute 0.067 ntt 0.879 crt 0.001 out 0.097 carry 0.052
cache_trace node 3: piece (3, 2) of 5 x 6, 69173177 + 57644315 limbs at 322808161, slots 0: A - B - | 1.084 s: redistribute 0.065 ntt 0.885 crt 0.001 out 0.090 carry 0.052
cache_trace node 0: piece (4, 2) of 5 x 6, 69173177 + 57644315 limbs at 391981338, slots 0: A - B - | 1.072 s: redistribute 0.071 ntt 0.836 crt 0.002 out 0.120 carry 0.053
cache_trace node 2: piece (4, 2) of 5 x 6, 69173177 + 57644315 limbs at 391981338, slots 0: A - B - | 1.072 s: redistribute 0.069 ntt 0.843 crt 0.002 out 0.121 carry 0.051
cache_trace node 3: piece (4, 2) of 5 x 6, 69173177 + 57644315 limbs at 391981338, slots 0: A - B - | 1.072 s: redistribute 0.068 ntt 0.849 crt 0.001 out 0.118 carry 0.053
cache_trace node 1: piece (4, 2) of 5 x 6, 69173177 + 57644315 limbs at 391981338, slots 0: A - B - | 1.072 s: redistribute 0.069 ntt 0.835 crt 0.002 out 0.117 carry 0.053
cache_trace node 0: piece (1, 3) of 5 x 6, 69173177 + 57644315 limbs at 242106122, slots 0: A - B - | 1.069 s: redistribute 0.073 ntt 0.862 crt 0.002 out 0.096 carry 0.052
cache_trace node 1: piece (1, 3) of 5 x 6, 69173177 + 57644315 limbs at 242106122, slots 0: A - B - | 1.069 s: redistribute 0.071 ntt 0.864 crt 0.002 out 0.097 carry 0.051
cache_trace node 2: piece (1, 3) of 5 x 6, 69173177 + 57644315 limbs at 242106122, slots 0: A - B - | 1.069 s: redistribute 0.072 ntt 0.858 crt 0.002 out 0.097 carry 0.052
cache_trace node 3: piece (1, 3) of 5 x 6, 69173177 + 57644315 limbs at 242106122, slots 0: A - B - | 1.069 s: redistribute 0.060 ntt 0.875 crt 0.002 out 0.099 carry 0.052
cache_trace node 0: piece (2, 3) of 5 x 6, 69173177 + 57644315 limbs at 311279299, slots 0: A - B - | 1.069 s: redistribute 0.073 ntt 0.868 crt 0.001 out 0.095 carry 0.054
cache_trace node 1: piece (2, 3) of 5 x 6, 69173177 + 57644315 limbs at 311279299, slots 0: A - B - | 1.069 s: redistribute 0.068 ntt 0.860 crt 0.001 out 0.092 carry 0.053
cache_trace node 2: piece (2, 3) of 5 x 6, 69173177 + 57644315 limbs at 311279299, slots 0: A - B - | 1.069 s: redistribute 0.072 ntt 0.860 crt 0.002 out 0.092 carry 0.053
cache_trace node 3: piece (2, 3) of 5 x 6, 69173177 + 57644315 limbs at 311279299, slots 0: A - B - | 1.069 s: redistribute 0.068 ntt 0.865 crt 0.002 out 0.090 carry 0.054
cache_trace node 0: piece (3, 3) of 5 x 6, 69173177 + 57644315 limbs at 380452476, slots 0: A - B - | 1.078 s: redistribute 0.086 ntt 0.846 crt 0.002 out 0.126 carry 0.045
cache_trace node 1: piece (3, 3) of 5 x 6, 69173177 + 57644315 limbs at 380452476, slots 0: A - B - | 1.078 s: redistribute 0.079 ntt 0.849 crt 0.002 out 0.131 carry 0.045
cache_trace node 2: piece (3, 3) of 5 x 6, 69173177 + 57644315 limbs at 380452476, slots 0: A - B - | 1.078 s: redistribute 0.078 ntt 0.849 crt 0.002 out 0.129 carry 0.045
cache_trace node 3: piece (3, 3) of 5 x 6, 69173177 + 57644315 limbs at 380452476, slots 0: A - B - | 1.078 s: redistribute 0.072 ntt 0.844 crt 0.002 out 0.130 carry 0.045
cache_trace node 0: piece (4, 3) of 5 x 6, 69173177 + 57644315 limbs at 449625653, slots 0: A - B - | 1.063 s: redistribute 0.069 ntt 0.874 crt 0.002 out 0.073 carry 0.054
cache_trace node 1: piece (4, 3) of 5 x 6, 69173177 + 57644315 limbs at 449625653, slots 0: A - B - | 1.063 s: redistribute 0.064 ntt 0.874 crt 0.002 out 0.079 carry 0.054
cache_trace node 2: piece (4, 3) of 5 x 6, 69173177 + 57644315 limbs at 449625653, slots 0: A - B - | 1.063 s: redistribute 0.067 ntt 0.861 crt 0.002 out 0.081 carry 0.054
cache_trace node 3: piece (4, 3) of 5 x 6, 69173177 + 57644315 limbs at 449625653, slots 0: A - B - | 1.063 s: redistribute 0.068 ntt 0.869 crt 0.001 out 0.082 carry 0.054
cache_trace node 0: piece (0, 4) of 5 x 6, 69173177 + 57644315 limbs at 230577260, slots 0: A - B - | 1.065 s: redistribute 0.065 ntt 0.850 crt 0.002 out 0.105 carry 0.052
cache_trace node 1: piece (0, 4) of 5 x 6, 69173177 + 57644315 limbs at 230577260, slots 0: A - B - | 1.065 s: redistribute 0.067 ntt 0.851 crt 0.002 out 0.107 carry 0.051
cache_trace node 2: piece (0, 4) of 5 x 6, 69173177 + 57644315 limbs at 230577260, slots 0: A - B - | 1.065 s: redistribute 0.063 ntt 0.852 crt 0.001 out 0.105 carry 0.052
cache_trace node 3: piece (0, 4) of 5 x 6, 69173177 + 57644315 limbs at 230577260, slots 0: A - B - | 1.065 s: redistribute 0.068 ntt 0.853 crt 0.001 out 0.100 carry 0.052
cache_trace node 0: piece (1, 4) of 5 x 6, 69173177 + 57644315 limbs at 299750437, slots 0: A - B - | 1.042 s: redistribute 0.062 ntt 0.838 crt 0.001 out 0.084 carry 0.062
cache_trace node 1: piece (1, 4) of 5 x 6, 69173177 + 57644315 limbs at 299750437, slots 0: A - B - | 1.042 s: redistribute 0.059 ntt 0.844 crt 0.002 out 0.091 carry 0.062
cache_trace node 2: piece (1, 4) of 5 x 6, 69173177 + 57644315 limbs at 299750437, slots 0: A - B - | 1.042 s: redistribute 0.058 ntt 0.839 crt 0.001 out 0.088 carry 0.062
cache_trace node 3: piece (1, 4) of 5 x 6, 69173177 + 57644315 limbs at 299750437, slots 0: A - B - | 1.042 s: redistribute 0.061 ntt 0.839 crt 0.002 out 0.081 carry 0.062
cache_trace node 0: piece (2, 4) of 5 x 6, 69173177 + 57644315 limbs at 368923614, slots 0: A - B - | 1.035 s: redistribute 0.059 ntt 0.845 crt 0.002 out 0.118 carry 0.022
cache_trace node 1: piece (2, 4) of 5 x 6, 69173177 + 57644315 limbs at 368923614, slots 0: A - B - | 1.035 s: redistribute 0.070 ntt 0.843 crt 0.002 out 0.119 carry 0.022
cache_trace node 2: piece (2, 4) of 5 x 6, 69173177 + 57644315 limbs at 368923614, slots 0: A - B - | 1.035 s: redistribute 0.061 ntt 0.840 crt 0.002 out 0.116 carry 0.021
cache_trace node 3: piece (2, 4) of 5 x 6, 69173177 + 57644315 limbs at 368923614, slots 0: A - B - | 1.035 s: redistribute 0.058 ntt 0.839 crt 0.002 out 0.118 carry 0.022
cache_trace node 0: piece (3, 4) of 5 x 6, 69173177 + 57644315 limbs at 438096791, slots 0: A - B - | 1.062 s: redistribute 0.074 ntt 0.851 crt 0.002 out 0.087 carry 0.065
cache_trace node 2: piece (3, 4) of 5 x 6, 69173177 + 57644315 limbs at 438096791, slots 0: A - B - | 1.062 s: redistribute 0.067 ntt 0.849 crt 0.001 out 0.089 carry 0.065
cache_trace node 3: piece (3, 4) of 5 x 6, 69173177 + 57644315 limbs at 438096791, slots 0: A - B - | 1.062 s: redistribute 0.066 ntt 0.854 crt 0.002 out 0.090 carry 0.065
cache_trace node 1: piece (3, 4) of 5 x 6, 69173177 + 57644315 limbs at 438096791, slots 0: A - B - | 1.062 s: redistribute 0.066 ntt 0.851 crt 0.001 out 0.084 carry 0.065
cache_trace node 0: piece (4, 4) of 5 x 6, 69173177 + 57644315 limbs at 507269968, slots 0: A - B - | 1.073 s: redistribute 0.065 ntt 0.864 crt 0.003 out 0.091 carry 0.053
cache_trace node 1: piece (4, 4) of 5 x 6, 69173177 + 57644315 limbs at 507269968, slots 0: A - B - | 1.073 s: redistribute 0.065 ntt 0.863 crt 0.001 out 0.100 carry 0.053
cache_trace node 2: piece (4, 4) of 5 x 6, 69173177 + 57644315 limbs at 507269968, slots 0: A - B - | 1.073 s: redistribute 0.066 ntt 0.874 crt 0.003 out 0.092 carry 0.052
cache_trace node 3: piece (4, 4) of 5 x 6, 69173177 + 57644315 limbs at 507269968, slots 0: A - B - | 1.073 s: redistribute 0.069 ntt 0.859 crt 0.003 out 0.093 carry 0.052
cache_trace node 0: piece (0, 5) of 5 x 6, 69173177 + 57644310 limbs at 288221575, slots 0: A - B - | 1.078 s: redistribute 0.070 ntt 0.870 crt 0.002 out 0.074 carry 0.063
cache_trace node 1: piece (0, 5) of 5 x 6, 69173177 + 57644310 limbs at 288221575, slots 0: A - B - | 1.078 s: redistribute 0.067 ntt 0.868 crt 0.002 out 0.080 carry 0.063
cache_trace node 2: piece (0, 5) of 5 x 6, 69173177 + 57644310 limbs at 288221575, slots 0: A - B - | 1.078 s: redistribute 0.068 ntt 0.873 crt 0.002 out 0.075 carry 0.063
cache_trace node 3: piece (0, 5) of 5 x 6, 69173177 + 57644310 limbs at 288221575, slots 0: A - B - | 1.078 s: redistribute 0.069 ntt 0.874 crt 0.002 out 0.073 carry 0.063
cache_trace node 1: piece (1, 5) of 5 x 6, 69173177 + 57644310 limbs at 357394752, slots 0: A - B - | 1.071 s: redistribute 0.066 ntt 0.836 crt 0.002 out 0.132 carry 0.045
cache_trace node 2: piece (1, 5) of 5 x 6, 69173177 + 57644310 limbs at 357394752, slots 0: A - B - | 1.071 s: redistribute 0.065 ntt 0.838 crt 0.001 out 0.128 carry 0.043
cache_trace node 0: piece (1, 5) of 5 x 6, 69173177 + 57644310 limbs at 357394752, slots 0: A - B - | 1.071 s: redistribute 0.070 ntt 0.834 crt 0.002 out 0.136 carry 0.045
cache_trace node 3: piece (1, 5) of 5 x 6, 69173177 + 57644310 limbs at 357394752, slots 0: A - B - | 1.071 s: redistribute 0.066 ntt 0.834 crt 0.001 out 0.133 carry 0.045
cache_trace node 0: piece (2, 5) of 5 x 6, 69173177 + 57644310 limbs at 426567929, slots 0: A - B - | 1.092 s: redistribute 0.061 ntt 0.882 crt 0.001 out 0.086 carry 0.065
cache_trace node 1: piece (2, 5) of 5 x 6, 69173177 + 57644310 limbs at 426567929, slots 0: A - B - | 1.092 s: redistribute 0.073 ntt 0.886 crt 0.001 out 0.086 carry 0.065
cache_trace node 2: piece (2, 5) of 5 x 6, 69173177 + 57644310 limbs at 426567929, slots 0: A - B - | 1.092 s: redistribute 0.063 ntt 0.893 crt 0.001 out 0.090 carry 0.064
cache_trace node 3: piece (2, 5) of 5 x 6, 69173177 + 57644310 limbs at 426567929, slots 0: A - B - | 1.092 s: redistribute 0.061 ntt 0.882 crt 0.001 out 0.087 carry 0.065
cache_trace node 1: piece (3, 5) of 5 x 6, 69173177 + 57644310 limbs at 495741106, slots 0: A - B - | 1.083 s: redistribute 0.072 ntt 0.858 crt 0.002 out 0.106 carry 0.057
cache_trace node 2: piece (3, 5) of 5 x 6, 69173177 + 57644310 limbs at 495741106, slots 0: A - B - | 1.083 s: redistribute 0.064 ntt 0.857 crt 0.002 out 0.110 carry 0.057
cache_trace node 0: piece (3, 5) of 5 x 6, 69173177 + 57644310 limbs at 495741106, slots 0: A - B - | 1.083 s: redistribute 0.065 ntt 0.859 crt 0.001 out 0.108 carry 0.057
cache_trace node 3: piece (3, 5) of 5 x 6, 69173177 + 57644310 limbs at 495741106, slots 0: A - B - | 1.083 s: redistribute 0.071 ntt 0.861 crt 0.001 out 0.105 carry 0.056
cache_trace node 0: piece (4, 5) of 5 x 6, 69173177 + 57644310 limbs at 564914283, slots 0: A - B - | 1.090 s: redistribute 0.071 ntt 0.852 crt 0.001 out 0.114 carry 0.068
dist_mn node 0: 345865885 x 345865885 limbs over 4 x 4 ranks (cap 2^27): 5 x 6 pieces, 20 formed, 10 skipped (low cut) (cache 0 slots: 0 hits, 0 misses)
cache_trace node 1: piece (4, 5) of 5 x 6, 69173177 + 57644310 limbs at 564914283, slots 0: A - B - | 1.090 s: redistribute 0.071 ntt 0.852 crt 0.003 out 0.108 carry 0.068
dist_mn node 1: 345865885 x 345865885 limbs over 4 x 4 ranks (cap 2^27): 5 x 6 pieces, 20 formed, 10 skipped (low cut) (cache 0 slots: 0 hits, 0 misses)
cache_trace node 2: piece (4, 5) of 5 x 6, 69173177 + 57644310 limbs at 564914283, slots 0: A - B - | 1.090 s: redistribute 0.069 ntt 0.849 crt 0.003 out 0.109 carry 0.068
dist_mn node 2: 345865885 x 345865885 limbs over 4 x 4 ranks (cap 2^27): 5 x 6 pieces, 20 formed, 10 skipped (low cut) (cache 0 slots: 0 hits, 0 misses)
cache_trace node 3: piece (4, 5) of 5 x 6, 69173177 + 57644310 limbs at 564914283, slots 0: A - B - | 1.090 s: redistribute 0.070 ntt 0.851 crt 0.001 out 0.113 carry 0.067
dist_mn node 3: 345865885 x 345865885 limbs over 4 x 4 ranks (cap 2^27): 5 x 6 pieces, 20 formed, 10 skipped (low cut) (cache 0 slots: 0 hits, 0 misses)
cx_grid node 3: rep 1 shape 5x6_lowcut (345865885 x 345865885, cut 345865885 / -1) slots 0: 21.485 s, cache 0 hits 0 misses, C sha256 a056b37a3c065647 same
cx_grid node 1: rep 1 shape 5x6_lowcut (345865885 x 345865885, cut 345865885 / -1) slots 0: 21.485 s, cache 0 hits 0 misses, C sha256 c673dc5d386a8b89 same
cx_grid node 2: rep 1 shape 5x6_lowcut (345865885 x 345865885, cut 345865885 / -1) slots 0: 21.485 s, cache 0 hits 0 misses, C sha256 9a63ff9894e68fc8 same
cx_grid node 0: rep 1 shape 5x6_lowcut (345865885 x 345865885, cut 345865885 / -1) slots 0: 21.485 s, cache 0 hits 0 misses, C sha256 28247e6619af895b same
cache_trace node 1: piece (4, 0) of 5 x 6, 69173177 + 57644315 limbs at 276692708, slots 1: A - B cached | 1.058 s: redistribute 0.071 ntt 0.870 crt 0.001 out 0.077 carry 0.054
cache_trace node 2: piece (4, 0) of 5 x 6, 69173177 + 57644315 limbs at 276692708, slots 1: A - B cached | 1.058 s: redistribute 0.069 ntt 0.865 crt 0.001 out 0.081 carry 0.054
cache_trace node 0: piece (4, 0) of 5 x 6, 69173177 + 57644315 limbs at 276692708, slots 1: A - B cached | 1.058 s: redistribute 0.070 ntt 0.865 crt 0.002 out 0.078 carry 0.055
cache_trace node 3: piece (4, 0) of 5 x 6, 69173177 + 57644315 limbs at 276692708, slots 1: A - B cached | 1.058 s: redistribute 0.068 ntt 0.865 crt 0.002 out 0.078 carry 0.054
cache_trace node 0: piece (3, 1) of 5 x 6, 69173177 + 57644315 limbs at 265163846, slots 1: A - B cached | 1.041 s: redistribute 0.062 ntt 0.846 crt 0.003 out 0.083 carry 0.056
cache_trace node 1: piece (3, 1) of 5 x 6, 69173177 + 57644315 limbs at 265163846, slots 1: A - B cached | 1.041 s: redistribute 0.061 ntt 0.848 crt 0.003 out 0.082 carry 0.056
cache_trace node 2: piece (3, 1) of 5 x 6, 69173177 + 57644315 limbs at 265163846, slots 1: A - B cached | 1.041 s: redistribute 0.062 ntt 0.849 crt 0.002 out 0.081 carry 0.056
cache_trace node 3: piece (3, 1) of 5 x 6, 69173177 + 57644315 limbs at 265163846, slots 1: A - B cached | 1.041 s: redistribute 0.062 ntt 0.847 crt 0.003 out 0.082 carry 0.056
cache_trace node 0: piece (4, 1) of 5 x 6, 69173177 + 57644315 limbs at 334337023, slots 1: A - B HIT | 0.774 s: redistribute 0.036 ntt 0.574 crt 0.002 out 0.111 carry 0.057
cache_trace node 1: piece (4, 1) of 5 x 6, 69173177 + 57644315 limbs at 334337023, slots 1: A - B HIT | 0.774 s: redistribute 0.043 ntt 0.577 crt 0.003 out 0.108 carry 0.057
cache_trace node 2: piece (4, 1) of 5 x 6, 69173177 + 57644315 limbs at 334337023, slots 1: A - B HIT | 0.774 s: redistribute 0.041 ntt 0.573 crt 0.002 out 0.110 carry 0.057
cache_trace node 3: piece (4, 1) of 5 x 6, 69173177 + 57644315 limbs at 334337023, slots 1: A - B HIT | 0.774 s: redistribute 0.042 ntt 0.589 crt 0.002 out 0.107 carry 0.057
cache_trace node 0: piece (2, 2) of 5 x 6, 69173177 + 57644315 limbs at 253634984, slots 1: A - B cached | 1.071 s: redistribute 0.065 ntt 0.869 crt 0.003 out 0.090 carry 0.055
cache_trace node 1: piece (2, 2) of 5 x 6, 69173177 + 57644315 limbs at 253634984, slots 1: A - B cached | 1.071 s: redistribute 0.074 ntt 0.866 crt 0.003 out 0.092 carry 0.055
cache_trace node 2: piece (2, 2) of 5 x 6, 69173177 + 57644315 limbs at 253634984, slots 1: A - B cached | 1.071 s: redistribute 0.074 ntt 0.859 crt 0.003 out 0.095 carry 0.055
cache_trace node 3: piece (2, 2) of 5 x 6, 69173177 + 57644315 limbs at 253634984, slots 1: A - B cached | 1.071 s: redistribute 0.067 ntt 0.867 crt 0.001 out 0.090 carry 0.055
cache_trace node 1: piece (3, 2) of 5 x 6, 69173177 + 57644315 limbs at 322808161, slots 1: A - B HIT | 0.763 s: redistribute 0.040 ntt 0.573 crt 0.001 out 0.114 carry 0.053
cache_trace node 2: piece (3, 2) of 5 x 6, 69173177 + 57644315 limbs at 322808161, slots 1: A - B HIT | 0.764 s: redistribute 0.039 ntt 0.574 crt 0.001 out 0.111 carry 0.051
cache_trace node 0: piece (3, 2) of 5 x 6, 69173177 + 57644315 limbs at 322808161, slots 1: A - B HIT | 0.764 s: redistribute 0.040 ntt 0.574 crt 0.001 out 0.113 carry 0.053
cache_trace node 3: piece (3, 2) of 5 x 6, 69173177 + 57644315 limbs at 322808161, slots 1: A - B HIT | 0.764 s: redistribute 0.036 ntt 0.578 crt 0.001 out 0.112 carry 0.053
cache_trace node 0: piece (4, 2) of 5 x 6, 69173177 + 57644315 limbs at 391981338, slots 1: A - B HIT | 0.772 s: redistribute 0.038 ntt 0.579 crt 0.002 out 0.114 carry 0.042
cache_trace node 1: piece (4, 2) of 5 x 6, 69173177 + 57644315 limbs at 391981338, slots 1: A - B HIT | 0.772 s: redistribute 0.041 ntt 0.574 crt 0.002 out 0.114 carry 0.042
cache_trace node 2: piece (4, 2) of 5 x 6, 69173177 + 57644315 limbs at 391981338, slots 1: A - B HIT | 0.772 s: redistribute 0.037 ntt 0.578 crt 0.001 out 0.118 carry 0.042
cache_trace node 3: piece (4, 2) of 5 x 6, 69173177 + 57644315 limbs at 391981338, slots 1: A - B HIT | 0.772 s: redistribute 0.040 ntt 0.574 crt 0.001 out 0.116 carry 0.042
cache_trace node 0: piece (1, 3) of 5 x 6, 69173177 + 57644315 limbs at 242106122, slots 1: A - B cached | 1.051 s: redistribute 0.061 ntt 0.840 crt 0.001 out 0.096 carry 0.057
cache_trace node 1: piece (1, 3) of 5 x 6, 69173177 + 57644315 limbs at 242106122, slots 1: A - B cached | 1.051 s: redistribute 0.064 ntt 0.845 crt 0.002 out 0.100 carry 0.056
cache_trace node 2: piece (1, 3) of 5 x 6, 69173177 + 57644315 limbs at 242106122, slots 1: A - B cached | 1.051 s: redistribute 0.064 ntt 0.843 crt 0.001 out 0.100 carry 0.056
cache_trace node 3: piece (1, 3) of 5 x 6, 69173177 + 57644315 limbs at 242106122, slots 1: A - B cached | 1.051 s: redistribute 0.064 ntt 0.845 crt 0.002 out 0.100 carry 0.056
cache_trace node 0: piece (2, 3) of 5 x 6, 69173177 + 57644315 limbs at 311279299, slots 1: A - B HIT | 0.757 s: redistribute 0.041 ntt 0.557 crt 0.001 out 0.103 carry 0.058
cache_trace node 1: piece (2, 3) of 5 x 6, 69173177 + 57644315 limbs at 311279299, slots 1: A - B HIT | 0.757 s: redistribute 0.039 ntt 0.561 crt 0.002 out 0.096 carry 0.058
cache_trace node 2: piece (2, 3) of 5 x 6, 69173177 + 57644315 limbs at 311279299, slots 1: A - B HIT | 0.757 s: redistribute 0.039 ntt 0.558 crt 0.001 out 0.106 carry 0.058
cache_trace node 3: piece (2, 3) of 5 x 6, 69173177 + 57644315 limbs at 311279299, slots 1: A - B HIT | 0.757 s: redistribute 0.037 ntt 0.571 crt 0.002 out 0.096 carry 0.058
cache_trace node 0: piece (3, 3) of 5 x 6, 69173177 + 57644315 limbs at 380452476, slots 1: A - B HIT | 0.748 s: redistribute 0.041 ntt 0.555 crt 0.002 out 0.116 carry 0.045
cache_trace node 1: piece (3, 3) of 5 x 6, 69173177 + 57644315 limbs at 380452476, slots 1: A - B HIT | 0.748 s: redistribute 0.034 ntt 0.551 crt 0.002 out 0.120 carry 0.045
cache_trace node 2: piece (3, 3) of 5 x 6, 69173177 + 57644315 limbs at 380452476, slots 1: A - B HIT | 0.748 s: redistribute 0.040 ntt 0.552 crt 0.001 out 0.119 carry 0.044
cache_trace node 3: piece (3, 3) of 5 x 6, 69173177 + 57644315 limbs at 380452476, slots 1: A - B HIT | 0.748 s: redistribute 0.038 ntt 0.555 crt 0.002 out 0.117 carry 0.045
cache_trace node 0: piece (4, 3) of 5 x 6, 69173177 + 57644315 limbs at 449625653, slots 1: A - B HIT | 0.713 s: redistribute 0.041 ntt 0.546 crt 0.002 out 0.074 carry 0.052
cache_trace node 1: piece (4, 3) of 5 x 6, 69173177 + 57644315 limbs at 449625653, slots 1: A - B HIT | 0.713 s: redistribute 0.051 ntt 0.558 crt 0.002 out 0.076 carry 0.052
cache_trace node 2: piece (4, 3) of 5 x 6, 69173177 + 57644315 limbs at 449625653, slots 1: A - B HIT | 0.713 s: redistribute 0.043 ntt 0.549 crt 0.001 out 0.077 carry 0.051
cache_trace node 3: piece (4, 3) of 5 x 6, 69173177 + 57644315 limbs at 449625653, slots 1: A - B HIT | 0.713 s: redistribute 0.050 ntt 0.544 crt 0.002 out 0.080 carry 0.051
cache_trace node 0: piece (0, 4) of 5 x 6, 69173177 + 57644315 limbs at 230577260, slots 1: A - B cached | 1.071 s: redistribute 0.068 ntt 0.852 crt 0.002 out 0.107 carry 0.055
cache_trace node 1: piece (0, 4) of 5 x 6, 69173177 + 57644315 limbs at 230577260, slots 1: A - B cached | 1.071 s: redistribute 0.074 ntt 0.849 crt 0.001 out 0.106 carry 0.054
cache_trace node 2: piece (0, 4) of 5 x 6, 69173177 + 57644315 limbs at 230577260, slots 1: A - B cached | 1.071 s: redistribute 0.068 ntt 0.852 crt 0.002 out 0.101 carry 0.054
cache_trace node 3: piece (0, 4) of 5 x 6, 69173177 + 57644315 limbs at 230577260, slots 1: A - B cached | 1.071 s: redistribute 0.068 ntt 0.849 crt 0.002 out 0.101 carry 0.055
cache_trace node 0: piece (1, 4) of 5 x 6, 69173177 + 57644315 limbs at 299750437, slots 1: A - B HIT | 0.748 s: redistribute 0.034 ntt 0.568 crt 0.004 out 0.087 carry 0.059
cache_trace node 1: piece (1, 4) of 5 x 6, 69173177 + 57644315 limbs at 299750437, slots 1: A - B HIT | 0.748 s: redistribute 0.037 ntt 0.565 crt 0.004 out 0.090 carry 0.059
cache_trace node 2: piece (1, 4) of 5 x 6, 69173177 + 57644315 limbs at 299750437, slots 1: A - B HIT | 0.748 s: redistribute 0.031 ntt 0.569 crt 0.004 out 0.088 carry 0.059
cache_trace node 3: piece (1, 4) of 5 x 6, 69173177 + 57644315 limbs at 299750437, slots 1: A - B HIT | 0.748 s: redistribute 0.033 ntt 0.568 crt 0.004 out 0.087 carry 0.059
cache_trace node 0: piece (2, 4) of 5 x 6, 69173177 + 57644315 limbs at 368923614, slots 1: A - B HIT | 0.753 s: redistribute 0.035 ntt 0.591 crt 0.003 out 0.114 carry 0.022
cache_trace node 1: piece (2, 4) of 5 x 6, 69173177 + 57644315 limbs at 368923614, slots 1: A - B HIT | 0.753 s: redistribute 0.039 ntt 0.586 crt 0.002 out 0.124 carry 0.022
cache_trace node 2: piece (2, 4) of 5 x 6, 69173177 + 57644315 limbs at 368923614, slots 1: A - B HIT | 0.753 s: redistribute 0.040 ntt 0.580 crt 0.002 out 0.121 carry 0.021
cache_trace node 3: piece (2, 4) of 5 x 6, 69173177 + 57644315 limbs at 368923614, slots 1: A - B HIT | 0.753 s: redistribute 0.036 ntt 0.586 crt 0.003 out 0.120 carry 0.022
cache_trace node 0: piece (3, 4) of 5 x 6, 69173177 + 57644315 limbs at 438096791, slots 1: A - B HIT | 0.738 s: redistribute 0.040 ntt 0.571 crt 0.002 out 0.084 carry 0.054
cache_trace node 1: piece (3, 4) of 5 x 6, 69173177 + 57644315 limbs at 438096791, slots 1: A - B HIT | 0.738 s: redistribute 0.044 ntt 0.565 crt 0.002 out 0.086 carry 0.054
cache_trace node 2: piece (3, 4) of 5 x 6, 69173177 + 57644315 limbs at 438096791, slots 1: A - B HIT | 0.738 s: redistribute 0.042 ntt 0.558 crt 0.002 out 0.091 carry 0.054
cache_trace node 3: piece (3, 4) of 5 x 6, 69173177 + 57644315 limbs at 438096791, slots 1: A - B HIT | 0.738 s: redistribute 0.037 ntt 0.568 crt 0.002 out 0.088 carry 0.054
cache_trace node 0: piece (4, 4) of 5 x 6, 69173177 + 57644315 limbs at 507269968, slots 1: A - B HIT | 0.754 s: redistribute 0.037 ntt 0.568 crt 0.002 out 0.099 carry 0.056
cache_trace node 1: piece (4, 4) of 5 x 6, 69173177 + 57644315 limbs at 507269968, slots 1: A - B HIT | 0.754 s: redistribute 0.038 ntt 0.568 crt 0.003 out 0.100 carry 0.056
cache_trace node 2: piece (4, 4) of 5 x 6, 69173177 + 57644315 limbs at 507269968, slots 1: A - B HIT | 0.754 s: redistribute 0.038 ntt 0.570 crt 0.002 out 0.096 carry 0.056
cache_trace node 3: piece (4, 4) of 5 x 6, 69173177 + 57644315 limbs at 507269968, slots 1: A - B HIT | 0.754 s: redistribute 0.036 ntt 0.566 crt 0.001 out 0.098 carry 0.055
cache_trace node 0: piece (0, 5) of 5 x 6, 69173177 + 57644310 limbs at 288221575, slots 1: A - B cached | 1.051 s: redistribute 0.068 ntt 0.854 crt 0.003 out 0.077 carry 0.067
cache_trace node 1: piece (0, 5) of 5 x 6, 69173177 + 57644310 limbs at 288221575, slots 1: A - B cached | 1.051 s: redistribute 0.062 ntt 0.847 crt 0.002 out 0.077 carry 0.066
cache_trace node 2: piece (0, 5) of 5 x 6, 69173177 + 57644310 limbs at 288221575, slots 1: A - B cached | 1.051 s: redistribute 0.073 ntt 0.846 crt 0.002 out 0.078 carry 0.066
cache_trace node 3: piece (0, 5) of 5 x 6, 69173177 + 57644310 limbs at 288221575, slots 1: A - B cached | 1.051 s: redistribute 0.072 ntt 0.842 crt 0.003 out 0.080 carry 0.067
cache_trace node 0: piece (1, 5) of 5 x 6, 69173177 + 57644310 limbs at 357394752, slots 1: A - B HIT | 0.787 s: redistribute 0.039 ntt 0.590 crt 0.002 out 0.122 carry 0.044
cache_trace node 1: piece (1, 5) of 5 x 6, 69173177 + 57644310 limbs at 357394752, slots 1: A - B HIT | 0.787 s: redistribute 0.041 ntt 0.589 crt 0.002 out 0.127 carry 0.044
cache_trace node 2: piece (1, 5) of 5 x 6, 69173177 + 57644310 limbs at 357394752, slots 1: A - B HIT | 0.787 s: redistribute 0.037 ntt 0.600 crt 0.002 out 0.127 carry 0.043
cache_trace node 3: piece (1, 5) of 5 x 6, 69173177 + 57644310 limbs at 357394752, slots 1: A - B HIT | 0.787 s: redistribute 0.033 ntt 0.598 crt 0.002 out 0.121 carry 0.044
cache_trace node 0: piece (2, 5) of 5 x 6, 69173177 + 57644310 limbs at 426567929, slots 1: A - B HIT | 0.748 s: redistribute 0.031 ntt 0.574 crt 0.001 out 0.099 carry 0.051
cache_trace node 1: piece (2, 5) of 5 x 6, 69173177 + 57644310 limbs at 426567929, slots 1: A - B HIT | 0.748 s: redistribute 0.032 ntt 0.573 crt 0.001 out 0.102 carry 0.051
cache_trace node 2: piece (2, 5) of 5 x 6, 69173177 + 57644310 limbs at 426567929, slots 1: A - B HIT | 0.748 s: redistribute 0.034 ntt 0.573 crt 0.001 out 0.105 carry 0.051
cache_trace node 3: piece (2, 5) of 5 x 6, 69173177 + 57644310 limbs at 426567929, slots 1: A - B HIT | 0.748 s: redistribute 0.034 ntt 0.572 crt 0.001 out 0.092 carry 0.051
cache_trace node 1: piece (3, 5) of 5 x 6, 69173177 + 57644310 limbs at 495741106, slots 1: A - B HIT | 0.744 s: redistribute 0.036 ntt 0.561 crt 0.002 out 0.093 carry 0.055
cache_trace node 2: piece (3, 5) of 5 x 6, 69173177 + 57644310 limbs at 495741106, slots 1: A - B HIT | 0.744 s: redistribute 0.037 ntt 0.558 crt 0.002 out 0.096 carry 0.055
cache_trace node 3: piece (3, 5) of 5 x 6, 69173177 + 57644310 limbs at 495741106, slots 1: A - B HIT | 0.744 s: redistribute 0.032 ntt 0.564 crt 0.002 out 0.094 carry 0.055
cache_trace node 0: piece (3, 5) of 5 x 6, 69173177 + 57644310 limbs at 495741106, slots 1: A - B HIT | 0.744 s: redistribute 0.041 ntt 0.556 crt 0.002 out 0.095 carry 0.056
cache_trace node 0: piece (4, 5) of 5 x 6, 69173177 + 57644310 limbs at 564914283, slots 1: A - B HIT | 0.805 s: redistribute 0.038 ntt 0.587 crt 0.001 out 0.119 carry 0.068
dist_mn node 0: 345865885 x 345865885 limbs over 4 x 4 ranks (cap 2^27): 5 x 6 pieces, 20 formed, 10 skipped (low cut) (cache 1 slots: 14 hits, 6 misses)
cache_trace node 1: piece (4, 5) of 5 x 6, 69173177 + 57644310 limbs at 564914283, slots 1: A - B HIT | 0.805 s: redistribute 0.038 ntt 0.575 crt 0.002 out 0.122 carry 0.068
dist_mn node 1: 345865885 x 345865885 limbs over 4 x 4 ranks (cap 2^27): 5 x 6 pieces, 20 formed, 10 skipped (low cut) (cache 1 slots: 14 hits, 6 misses)
cache_trace node 2: piece (4, 5) of 5 x 6, 69173177 + 57644310 limbs at 564914283, slots 1: A - B HIT | 0.805 s: redistribute 0.042 ntt 0.579 crt 0.001 out 0.124 carry 0.068
dist_mn node 2: 345865885 x 345865885 limbs over 4 x 4 ranks (cap 2^27): 5 x 6 pieces, 20 formed, 10 skipped (low cut) (cache 1 slots: 14 hits, 6 misses)
cache_trace node 3: piece (4, 5) of 5 x 6, 69173177 + 57644310 limbs at 564914283, slots 1: A - B HIT | 0.805 s: redistribute 0.041 ntt 0.585 crt 0.002 out 0.123 carry 0.067
dist_mn node 3: 345865885 x 345865885 limbs over 4 x 4 ranks (cap 2^27): 5 x 6 pieces, 20 formed, 10 skipped (low cut) (cache 1 slots: 14 hits, 6 misses)
cx_grid node 1: rep 1 shape 5x6_lowcut (345865885 x 345865885, cut 345865885 / -1) slots 1: 17.207 s, cache 14 hits 6 misses, C sha256 c673dc5d386a8b89 same
cx_grid node 2: rep 1 shape 5x6_lowcut (345865885 x 345865885, cut 345865885 / -1) slots 1: 17.207 s, cache 14 hits 6 misses, C sha256 9a63ff9894e68fc8 same
cx_grid node 3: rep 1 shape 5x6_lowcut (345865885 x 345865885, cut 345865885 / -1) slots 1: 17.207 s, cache 14 hits 6 misses, C sha256 a056b37a3c065647 same
cx_grid node 0: rep 1 shape 5x6_lowcut (345865885 x 345865885, cut 345865885 / -1) slots 1: 17.207 s, cache 14 hits 6 misses, C sha256 28247e6619af895b same
cache_trace node 0: piece (4, 0) of 5 x 6, 69173177 + 57644315 limbs at 276692708, slots 2: A - B cached | 1.050 s: redistribute 0.078 ntt 0.857 crt 0.003 out 0.073 carry 0.051
cache_trace node 1: piece (4, 0) of 5 x 6, 69173177 + 57644315 limbs at 276692708, slots 2: A - B cached | 1.050 s: redistribute 0.077 ntt 0.857 crt 0.002 out 0.076 carry 0.051
cache_trace node 2: piece (4, 0) of 5 x 6, 69173177 + 57644315 limbs at 276692708, slots 2: A - B cached | 1.050 s: redistribute 0.079 ntt 0.862 crt 0.001 out 0.075 carry 0.051
cache_trace node 3: piece (4, 0) of 5 x 6, 69173177 + 57644315 limbs at 276692708, slots 2: A - B cached | 1.050 s: redistribute 0.074 ntt 0.866 crt 0.003 out 0.072 carry 0.051
cache_trace node 0: piece (3, 1) of 5 x 6, 69173177 + 57644315 limbs at 265163846, slots 2: A - B cached | 1.071 s: redistribute 0.064 ntt 0.888 crt 0.001 out 0.084 carry 0.054
cache_trace node 1: piece (3, 1) of 5 x 6, 69173177 + 57644315 limbs at 265163846, slots 2: A - B cached | 1.071 s: redistribute 0.066 ntt 0.883 crt 0.001 out 0.082 carry 0.054
cache_trace node 2: piece (3, 1) of 5 x 6, 69173177 + 57644315 limbs at 265163846, slots 2: A - B cached | 1.071 s: redistribute 0.065 ntt 0.883 crt 0.003 out 0.083 carry 0.054
cache_trace node 3: piece (3, 1) of 5 x 6, 69173177 + 57644315 limbs at 265163846, slots 2: A - B cached | 1.071 s: redistribute 0.064 ntt 0.885 crt 0.003 out 0.082 carry 0.054
cache_trace node 0: piece (4, 1) of 5 x 6, 69173177 + 57644315 limbs at 334337023, slots 2: A - B HIT | 0.741 s: redistribute 0.041 ntt 0.559 crt 0.002 out 0.097 carry 0.056
cache_trace node 1: piece (4, 1) of 5 x 6, 69173177 + 57644315 limbs at 334337023, slots 2: A - B HIT | 0.741 s: redistribute 0.037 ntt 0.563 crt 0.001 out 0.096 carry 0.056
cache_trace node 2: piece (4, 1) of 5 x 6, 69173177 + 57644315 limbs at 334337023, slots 2: A - B HIT | 0.741 s: redistribute 0.051 ntt 0.553 crt 0.002 out 0.097 carry 0.056
cache_trace node 3: piece (4, 1) of 5 x 6, 69173177 + 57644315 limbs at 334337023, slots 2: A - B HIT | 0.741 s: redistribute 0.050 ntt 0.550 crt 0.001 out 0.100 carry 0.056
cache_trace node 0: piece (2, 2) of 5 x 6, 69173177 + 57644315 limbs at 253634984, slots 2: A - B cached | 1.055 s: redistribute 0.070 ntt 0.841 crt 0.002 out 0.095 carry 0.060
cache_trace node 1: piece (2, 2) of 5 x 6, 69173177 + 57644315 limbs at 253634984, slots 2: A - B cached | 1.055 s: redistribute 0.069 ntt 0.845 crt 0.002 out 0.089 carry 0.060
cache_trace node 2: piece (2, 2) of 5 x 6, 69173177 + 57644315 limbs at 253634984, slots 2: A - B cached | 1.055 s: redistribute 0.064 ntt 0.851 crt 0.001 out 0.097 carry 0.059
cache_trace node 3: piece (2, 2) of 5 x 6, 69173177 + 57644315 limbs at 253634984, slots 2: A - B cached | 1.055 s: redistribute 0.067 ntt 0.849 crt 0.002 out 0.094 carry 0.060
cache_trace node 0: piece (3, 2) of 5 x 6, 69173177 + 57644315 limbs at 322808161, slots 2: A - B HIT | 0.754 s: redistribute 0.042 ntt 0.579 crt 0.002 out 0.094 carry 0.054
cache_trace node 1: piece (3, 2) of 5 x 6, 69173177 + 57644315 limbs at 322808161, slots 2: A - B HIT | 0.754 s: redistribute 0.034 ntt 0.595 crt 0.001 out 0.094 carry 0.053
cache_trace node 2: piece (3, 2) of 5 x 6, 69173177 + 57644315 limbs at 322808161, slots 2: A - B HIT | 0.754 s: redistribute 0.040 ntt 0.577 crt 0.001 out 0.096 carry 0.053
cache_trace node 3: piece (3, 2) of 5 x 6, 69173177 + 57644315 limbs at 322808161, slots 2: A - B HIT | 0.754 s: redistribute 0.038 ntt 0.582 crt 0.002 out 0.093 carry 0.053
cache_trace node 0: piece (4, 2) of 5 x 6, 69173177 + 57644315 limbs at 391981338, slots 2: A - B HIT | 0.747 s: redistribute 0.042 ntt 0.559 crt 0.002 out 0.126 carry 0.044
cache_trace node 1: piece (4, 2) of 5 x 6, 69173177 + 57644315 limbs at 391981338, slots 2: A - B HIT | 0.747 s: redistribute 0.037 ntt 0.569 crt 0.002 out 0.124 carry 0.044
cache_trace node 2: piece (4, 2) of 5 x 6, 69173177 + 57644315 limbs at 391981338, slots 2: A - B HIT | 0.747 s: redistribute 0.044 ntt 0.555 crt 0.002 out 0.125 carry 0.044
cache_trace node 3: piece (4, 2) of 5 x 6, 69173177 + 57644315 limbs at 391981338, slots 2: A - B HIT | 0.747 s: redistribute 0.043 ntt 0.558 crt 0.002 out 0.114 carry 0.044
cache_trace node 0: piece (1, 3) of 5 x 6, 69173177 + 57644315 limbs at 242106122, slots 2: A - B cached | 1.070 s: redistribute 0.062 ntt 0.860 crt 0.002 out 0.099 carry 0.054
cache_trace node 1: piece (1, 3) of 5 x 6, 69173177 + 57644315 limbs at 242106122, slots 2: A - B cached | 1.070 s: redistribute 0.065 ntt 0.862 crt 0.002 out 0.098 carry 0.053
cache_trace node 2: piece (1, 3) of 5 x 6, 69173177 + 57644315 limbs at 242106122, slots 2: A - B cached | 1.070 s: redistribute 0.064 ntt 0.864 crt 0.002 out 0.094 carry 0.053
cache_trace node 3: piece (1, 3) of 5 x 6, 69173177 + 57644315 limbs at 242106122, slots 2: A - B cached | 1.070 s: redistribute 0.065 ntt 0.867 crt 0.002 out 0.097 carry 0.053
cache_trace node 0: piece (2, 3) of 5 x 6, 69173177 + 57644315 limbs at 311279299, slots 2: A - B HIT | 0.773 s: redistribute 0.038 ntt 0.584 crt 0.001 out 0.103 carry 0.054
cache_trace node 1: piece (2, 3) of 5 x 6, 69173177 + 57644315 limbs at 311279299, slots 2: A - B HIT | 0.773 s: redistribute 0.036 ntt 0.575 crt 0.001 out 0.109 carry 0.053
cache_trace node 2: piece (2, 3) of 5 x 6, 69173177 + 57644315 limbs at 311279299, slots 2: A - B HIT | 0.773 s: redistribute 0.037 ntt 0.581 crt 0.001 out 0.101 carry 0.053
cache_trace node 3: piece (2, 3) of 5 x 6, 69173177 + 57644315 limbs at 311279299, slots 2: A - B HIT | 0.773 s: redistribute 0.042 ntt 0.587 crt 0.001 out 0.105 carry 0.054
cache_trace node 0: piece (3, 3) of 5 x 6, 69173177 + 57644315 limbs at 380452476, slots 2: A - B HIT | 0.764 s: redistribute 0.043 ntt 0.570 crt 0.001 out 0.120 carry 0.046
cache_trace node 1: piece (3, 3) of 5 x 6, 69173177 + 57644315 limbs at 380452476, slots 2: A - B HIT | 0.764 s: redistribute 0.042 ntt 0.565 crt 0.003 out 0.122 carry 0.046
cache_trace node 2: piece (3, 3) of 5 x 6, 69173177 + 57644315 limbs at 380452476, slots 2: A - B HIT | 0.764 s: redistribute 0.042 ntt 0.567 crt 0.003 out 0.120 carry 0.045
cache_trace node 3: piece (3, 3) of 5 x 6, 69173177 + 57644315 limbs at 380452476, slots 2: A - B HIT | 0.764 s: redistribute 0.031 ntt 0.565 crt 0.003 out 0.124 carry 0.046
cache_trace node 0: piece (4, 3) of 5 x 6, 69173177 + 57644315 limbs at 449625653, slots 2: A - B HIT | 0.735 s: redistribute 0.036 ntt 0.580 crt 0.002 out 0.077 carry 0.053
cache_trace node 1: piece (4, 3) of 5 x 6, 69173177 + 57644315 limbs at 449625653, slots 2: A - B HIT | 0.735 s: redistribute 0.038 ntt 0.589 crt 0.001 out 0.081 carry 0.053
cache_trace node 2: piece (4, 3) of 5 x 6, 69173177 + 57644315 limbs at 449625653, slots 2: A - B HIT | 0.735 s: redistribute 0.040 ntt 0.572 crt 0.002 out 0.078 carry 0.053
cache_trace node 3: piece (4, 3) of 5 x 6, 69173177 + 57644315 limbs at 449625653, slots 2: A - B HIT | 0.735 s: redistribute 0.039 ntt 0.566 crt 0.001 out 0.083 carry 0.053
cache_trace node 1: piece (0, 4) of 5 x 6, 69173177 + 57644315 limbs at 230577260, slots 2: A cached B cached | 1.076 s: redistribute 0.064 ntt 0.856 crt 0.002 out 0.110 carry 0.061
cache_trace node 2: piece (0, 4) of 5 x 6, 69173177 + 57644315 limbs at 230577260, slots 2: A cached B cached | 1.076 s: redistribute 0.067 ntt 0.860 crt 0.002 out 0.103 carry 0.061
cache_trace node 3: piece (0, 4) of 5 x 6, 69173177 + 57644315 limbs at 230577260, slots 2: A cached B cached | 1.076 s: redistribute 0.066 ntt 0.861 crt 0.002 out 0.107 carry 0.061
cache_trace node 0: piece (0, 4) of 5 x 6, 69173177 + 57644315 limbs at 230577260, slots 2: A cached B cached | 1.076 s: redistribute 0.066 ntt 0.858 crt 0.002 out 0.107 carry 0.061
cache_trace node 0: piece (1, 4) of 5 x 6, 69173177 + 57644315 limbs at 299750437, slots 2: A - B HIT | 0.763 s: redistribute 0.035 ntt 0.594 crt 0.001 out 0.083 carry 0.058
cache_trace node 1: piece (1, 4) of 5 x 6, 69173177 + 57644315 limbs at 299750437, slots 2: A - B HIT | 0.763 s: redistribute 0.039 ntt 0.600 crt 0.002 out 0.086 carry 0.057
cache_trace node 2: piece (1, 4) of 5 x 6, 69173177 + 57644315 limbs at 299750437, slots 2: A - B HIT | 0.763 s: redistribute 0.039 ntt 0.597 crt 0.002 out 0.083 carry 0.057
cache_trace node 3: piece (1, 4) of 5 x 6, 69173177 + 57644315 limbs at 299750437, slots 2: A - B HIT | 0.763 s: redistribute 0.032 ntt 0.598 crt 0.001 out 0.078 carry 0.058
cache_trace node 0: piece (2, 4) of 5 x 6, 69173177 + 57644315 limbs at 368923614, slots 2: A - B HIT | 0.763 s: redistribute 0.034 ntt 0.580 crt 0.001 out 0.132 carry 0.022
cache_trace node 2: piece (2, 4) of 5 x 6, 69173177 + 57644315 limbs at 368923614, slots 2: A - B HIT | 0.763 s: redistribute 0.040 ntt 0.573 crt 0.002 out 0.134 carry 0.021
cache_trace node 1: piece (2, 4) of 5 x 6, 69173177 + 57644315 limbs at 368923614, slots 2: A - B HIT | 0.763 s: redistribute 0.034 ntt 0.577 crt 0.002 out 0.136 carry 0.022
cache_trace node 3: piece (2, 4) of 5 x 6, 69173177 + 57644315 limbs at 368923614, slots 2: A - B HIT | 0.763 s: redistribute 0.039 ntt 0.581 crt 0.003 out 0.133 carry 0.022
cache_trace node 0: piece (3, 4) of 5 x 6, 69173177 + 57644315 limbs at 438096791, slots 2: A - B HIT | 0.745 s: redistribute 0.039 ntt 0.571 crt 0.002 out 0.092 carry 0.054
cache_trace node 1: piece (3, 4) of 5 x 6, 69173177 + 57644315 limbs at 438096791, slots 2: A - B HIT | 0.745 s: redistribute 0.035 ntt 0.575 crt 0.002 out 0.092 carry 0.054
cache_trace node 2: piece (3, 4) of 5 x 6, 69173177 + 57644315 limbs at 438096791, slots 2: A - B HIT | 0.745 s: redistribute 0.038 ntt 0.563 crt 0.001 out 0.091 carry 0.054
cache_trace node 3: piece (3, 4) of 5 x 6, 69173177 + 57644315 limbs at 438096791, slots 2: A - B HIT | 0.745 s: redistribute 0.033 ntt 0.572 crt 0.002 out 0.089 carry 0.054
cache_trace node 0: piece (4, 4) of 5 x 6, 69173177 + 57644315 limbs at 507269968, slots 2: A - B HIT | 0.770 s: redistribute 0.040 ntt 0.581 crt 0.001 out 0.103 carry 0.056
cache_trace node 1: piece (4, 4) of 5 x 6, 69173177 + 57644315 limbs at 507269968, slots 2: A - B HIT | 0.770 s: redistribute 0.038 ntt 0.583 crt 0.002 out 0.099 carry 0.056
cache_trace node 2: piece (4, 4) of 5 x 6, 69173177 + 57644315 limbs at 507269968, slots 2: A - B HIT | 0.770 s: redistribute 0.040 ntt 0.582 crt 0.001 out 0.102 carry 0.056
cache_trace node 3: piece (4, 4) of 5 x 6, 69173177 + 57644315 limbs at 507269968, slots 2: A - B HIT | 0.770 s: redistribute 0.037 ntt 0.580 crt 0.002 out 0.100 carry 0.055
cache_trace node 0: piece (0, 5) of 5 x 6, 69173177 + 57644310 limbs at 288221575, slots 2: A HIT B cached | 0.744 s: redistribute 0.031 ntt 0.578 crt 0.001 out 0.078 carry 0.064
cache_trace node 1: piece (0, 5) of 5 x 6, 69173177 + 57644310 limbs at 288221575, slots 2: A HIT B cached | 0.744 s: redistribute 0.040 ntt 0.577 crt 0.002 out 0.075 carry 0.064
cache_trace node 2: piece (0, 5) of 5 x 6, 69173177 + 57644310 limbs at 288221575, slots 2: A HIT B cached | 0.744 s: redistribute 0.030 ntt 0.585 crt 0.001 out 0.072 carry 0.064
cache_trace node 3: piece (0, 5) of 5 x 6, 69173177 + 57644310 limbs at 288221575, slots 2: A HIT B cached | 0.744 s: redistribute 0.040 ntt 0.574 crt 0.002 out 0.076 carry 0.064
cache_trace node 0: piece (1, 5) of 5 x 6, 69173177 + 57644310 limbs at 357394752, slots 2: A - B HIT | 0.769 s: redistribute 0.033 ntt 0.587 crt 0.005 out 0.117 carry 0.043
cache_trace node 1: piece (1, 5) of 5 x 6, 69173177 + 57644310 limbs at 357394752, slots 2: A - B HIT | 0.769 s: redistribute 0.035 ntt 0.577 crt 0.004 out 0.125 carry 0.043
cache_trace node 2: piece (1, 5) of 5 x 6, 69173177 + 57644310 limbs at 357394752, slots 2: A - B HIT | 0.769 s: redistribute 0.032 ntt 0.585 crt 0.005 out 0.123 carry 0.043
cache_trace node 3: piece (1, 5) of 5 x 6, 69173177 + 57644310 limbs at 357394752, slots 2: A - B HIT | 0.769 s: redistribute 0.033 ntt 0.583 crt 0.005 out 0.118 carry 0.043
cache_trace node 0: piece (2, 5) of 5 x 6, 69173177 + 57644310 limbs at 426567929, slots 2: A - B HIT | 0.754 s: redistribute 0.033 ntt 0.571 crt 0.001 out 0.100 carry 0.061
cache_trace node 1: piece (2, 5) of 5 x 6, 69173177 + 57644310 limbs at 426567929, slots 2: A - B HIT | 0.754 s: redistribute 0.038 ntt 0.580 crt 0.001 out 0.097 carry 0.061
cache_trace node 2: piece (2, 5) of 5 x 6, 69173177 + 57644310 limbs at 426567929, slots 2: A - B HIT | 0.754 s: redistribute 0.037 ntt 0.569 crt 0.001 out 0.103 carry 0.061
cache_trace node 3: piece (2, 5) of 5 x 6, 69173177 + 57644310 limbs at 426567929, slots 2: A - B HIT | 0.754 s: redistribute 0.037 ntt 0.569 crt 0.001 out 0.100 carry 0.061
cache_trace node 1: piece (3, 5) of 5 x 6, 69173177 + 57644310 limbs at 495741106, slots 2: A - B HIT | 0.755 s: redistribute 0.040 ntt 0.572 crt 0.001 out 0.100 carry 0.053
cache_trace node 2: piece (3, 5) of 5 x 6, 69173177 + 57644310 limbs at 495741106, slots 2: A - B HIT | 0.755 s: redistribute 0.041 ntt 0.573 crt 0.001 out 0.099 carry 0.053
cache_trace node 3: piece (3, 5) of 5 x 6, 69173177 + 57644310 limbs at 495741106, slots 2: A - B HIT | 0.755 s: redistribute 0.040 ntt 0.568 crt 0.001 out 0.102 carry 0.052
cache_trace node 0: piece (3, 5) of 5 x 6, 69173177 + 57644310 limbs at 495741106, slots 2: A - B HIT | 0.755 s: redistribute 0.035 ntt 0.574 crt 0.001 out 0.094 carry 0.053
cache_trace node 0: piece (4, 5) of 5 x 6, 69173177 + 57644310 limbs at 564914283, slots 2: A - B HIT | 0.795 s: redistribute 0.047 ntt 0.584 crt 0.002 out 0.124 carry 0.067
dist_mn node 0: 345865885 x 345865885 limbs over 4 x 4 ranks (cap 2^27): 5 x 6 pieces, 20 formed, 10 skipped (low cut) (cache 2 slots: 15 hits, 7 misses)
cache_trace node 1: piece (4, 5) of 5 x 6, 69173177 + 57644310 limbs at 564914283, slots 2: A - B HIT | 0.796 s: redistribute 0.034 ntt 0.583 crt 0.002 out 0.119 carry 0.066
dist_mn node 1: 345865885 x 345865885 limbs over 4 x 4 ranks (cap 2^27): 5 x 6 pieces, 20 formed, 10 skipped (low cut) (cache 2 slots: 15 hits, 7 misses)
cache_trace node 3: piece (4, 5) of 5 x 6, 69173177 + 57644310 limbs at 564914283, slots 2: A - B HIT | 0.796 s: redistribute 0.052 ntt 0.580 crt 0.002 out 0.120 carry 0.066
dist_mn node 3: 345865885 x 345865885 limbs over 4 x 4 ranks (cap 2^27): 5 x 6 pieces, 20 formed, 10 skipped (low cut) (cache 2 slots: 15 hits, 7 misses)
cache_trace node 2: piece (4, 5) of 5 x 6, 69173177 + 57644310 limbs at 564914283, slots 2: A - B HIT | 0.796 s: redistribute 0.053 ntt 0.580 crt 0.002 out 0.121 carry 0.066
dist_mn node 2: 345865885 x 345865885 limbs over 4 x 4 ranks (cap 2^27): 5 x 6 pieces, 20 formed, 10 skipped (low cut) (cache 2 slots: 15 hits, 7 misses)
cx_grid node 1: rep 1 shape 5x6_lowcut (345865885 x 345865885, cut 345865885 / -1) slots 2: 16.708 s, cache 15 hits 7 misses, C sha256 c673dc5d386a8b89 same
cx_grid node 3: rep 1 shape 5x6_lowcut (345865885 x 345865885, cut 345865885 / -1) slots 2: 16.708 s, cache 15 hits 7 misses, C sha256 a056b37a3c065647 same
cx_grid node 2: rep 1 shape 5x6_lowcut (345865885 x 345865885, cut 345865885 / -1) slots 2: 16.708 s, cache 15 hits 7 misses, C sha256 9a63ff9894e68fc8 same
cx_grid node 0: rep 1 shape 5x6_lowcut (345865885 x 345865885, cut 345865885 / -1) slots 2: 16.708 s, cache 15 hits 7 misses, C sha256 28247e6619af895b same
cache_trace node 0: piece (0, 0) of 5 x 6, 69173177 + 57644315 limbs at 0, slots 0: A - B - | 1.038 s: redistribute 0.072 ntt 0.877 crt 0.001 out 0.092 carry 0.002
cache_trace node 1: piece (0, 0) of 5 x 6, 69173177 + 57644315 limbs at 0, slots 0: A - B - | 1.038 s: redistribute 0.073 ntt 0.882 crt 0.002 out 0.094 carry 0.002
cache_trace node 2: piece (0, 0) of 5 x 6, 69173177 + 57644315 limbs at 0, slots 0: A - B - | 1.038 s: redistribute 0.073 ntt 0.880 crt 0.002 out 0.097 carry 0.002
cache_trace node 3: piece (0, 0) of 5 x 6, 69173177 + 57644315 limbs at 0, slots 0: A - B - | 1.038 s: redistribute 0.068 ntt 0.885 crt 0.001 out 0.095 carry 0.002
cache_trace node 0: piece (1, 0) of 5 x 6, 69173177 + 57644315 limbs at 69173177, slots 0: A - B - | 1.055 s: redistribute 0.069 ntt 0.885 crt 0.001 out 0.088 carry 0.023
cache_trace node 1: piece (1, 0) of 5 x 6, 69173177 + 57644315 limbs at 69173177, slots 0: A - B - | 1.055 s: redistribute 0.067 ntt 0.891 crt 0.002 out 0.093 carry 0.022
cache_trace node 2: piece (1, 0) of 5 x 6, 69173177 + 57644315 limbs at 69173177, slots 0: A - B - | 1.055 s: redistribute 0.063 ntt 0.890 crt 0.002 out 0.087 carry 0.022
cache_trace node 3: piece (1, 0) of 5 x 6, 69173177 + 57644315 limbs at 69173177, slots 0: A - B - | 1.055 s: redistribute 0.073 ntt 0.896 crt 0.001 out 0.090 carry 0.023
cache_trace node 0: piece (2, 0) of 5 x 6, 69173177 + 57644315 limbs at 138346354, slots 0: A - B - | 1.047 s: redistribute 0.084 ntt 0.872 crt 0.001 out 0.082 carry 0.026
cache_trace node 1: piece (2, 0) of 5 x 6, 69173177 + 57644315 limbs at 138346354, slots 0: A - B - | 1.047 s: redistribute 0.079 ntt 0.873 crt 0.001 out 0.084 carry 0.026
cache_trace node 2: piece (2, 0) of 5 x 6, 69173177 + 57644315 limbs at 138346354, slots 0: A - B - | 1.047 s: redistribute 0.084 ntt 0.877 crt 0.002 out 0.079 carry 0.025
cache_trace node 3: piece (2, 0) of 5 x 6, 69173177 + 57644315 limbs at 138346354, slots 0: A - B - | 1.047 s: redistribute 0.081 ntt 0.879 crt 0.002 out 0.078 carry 0.026
cache_trace node 0: piece (3, 0) of 5 x 6, 69173177 + 57644315 limbs at 207519531, slots 0: A - B - | 1.034 s: redistribute 0.067 ntt 0.852 crt 0.003 out 0.088 carry 0.032
cache_trace node 1: piece (3, 0) of 5 x 6, 69173177 + 57644315 limbs at 207519531, slots 0: A - B - | 1.034 s: redistribute 0.070 ntt 0.855 crt 0.003 out 0.088 carry 0.032
cache_trace node 2: piece (3, 0) of 5 x 6, 69173177 + 57644315 limbs at 207519531, slots 0: A - B - | 1.034 s: redistribute 0.066 ntt 0.858 crt 0.003 out 0.094 carry 0.032
cache_trace node 3: piece (3, 0) of 5 x 6, 69173177 + 57644315 limbs at 207519531, slots 0: A - B - | 1.034 s: redistribute 0.068 ntt 0.861 crt 0.001 out 0.087 carry 0.031
cache_trace node 0: piece (4, 0) of 5 x 6, 69173177 + 57644315 limbs at 276692708, slots 0: A - B - | 1.034 s: redistribute 0.077 ntt 0.861 crt 0.002 out 0.078 carry 0.028
cache_trace node 1: piece (4, 0) of 5 x 6, 69173177 + 57644315 limbs at 276692708, slots 0: A - B - | 1.034 s: redistribute 0.069 ntt 0.872 crt 0.001 out 0.081 carry 0.028
cache_trace node 2: piece (4, 0) of 5 x 6, 69173177 + 57644315 limbs at 276692708, slots 0: A - B - | 1.034 s: redistribute 0.072 ntt 0.865 crt 0.002 out 0.077 carry 0.028
cache_trace node 3: piece (4, 0) of 5 x 6, 69173177 + 57644315 limbs at 276692708, slots 0: A - B - | 1.034 s: redistribute 0.077 ntt 0.865 crt 0.001 out 0.076 carry 0.028
cache_trace node 0: piece (0, 1) of 5 x 6, 69173177 + 57644315 limbs at 57644315, slots 0: A - B - | 1.003 s: redistribute 0.067 ntt 0.836 crt 0.001 out 0.088 carry 0.026
cache_trace node 1: piece (0, 1) of 5 x 6, 69173177 + 57644315 limbs at 57644315, slots 0: A - B - | 1.003 s: redistribute 0.064 ntt 0.831 crt 0.002 out 0.086 carry 0.025
cache_trace node 2: piece (0, 1) of 5 x 6, 69173177 + 57644315 limbs at 57644315, slots 0: A - B - | 1.003 s: redistribute 0.068 ntt 0.841 crt 0.001 out 0.086 carry 0.025
cache_trace node 3: piece (0, 1) of 5 x 6, 69173177 + 57644315 limbs at 57644315, slots 0: A - B - | 1.003 s: redistribute 0.066 ntt 0.829 crt 0.002 out 0.087 carry 0.026
cache_trace node 0: piece (1, 1) of 5 x 6, 69173177 + 57644315 limbs at 126817492, slots 0: A - B - | 1.023 s: redistribute 0.068 ntt 0.855 crt 0.001 out 0.082 carry 0.029
cache_trace node 1: piece (1, 1) of 5 x 6, 69173177 + 57644315 limbs at 126817492, slots 0: A - B - | 1.023 s: redistribute 0.064 ntt 0.861 crt 0.002 out 0.084 carry 0.029
cache_trace node 2: piece (1, 1) of 5 x 6, 69173177 + 57644315 limbs at 126817492, slots 0: A - B - | 1.023 s: redistribute 0.065 ntt 0.862 crt 0.002 out 0.085 carry 0.028
cache_trace node 3: piece (1, 1) of 5 x 6, 69173177 + 57644315 limbs at 126817492, slots 0: A - B - | 1.023 s: redistribute 0.063 ntt 0.854 crt 0.001 out 0.084 carry 0.029
cache_trace node 0: piece (2, 1) of 5 x 6, 69173177 + 57644315 limbs at 195990669, slots 0: A - B - | 1.026 s: redistribute 0.057 ntt 0.859 crt 0.002 out 0.078 carry 0.043
cache_trace node 1: piece (2, 1) of 5 x 6, 69173177 + 57644315 limbs at 195990669, slots 0: A - B - | 1.026 s: redistribute 0.059 ntt 0.859 crt 0.002 out 0.075 carry 0.043
cache_trace node 2: piece (2, 1) of 5 x 6, 69173177 + 57644315 limbs at 195990669, slots 0: A - B - | 1.026 s: redistribute 0.061 ntt 0.847 crt 0.001 out 0.078 carry 0.043
cache_trace node 3: piece (2, 1) of 5 x 6, 69173177 + 57644315 limbs at 195990669, slots 0: A - B - | 1.026 s: redistribute 0.061 ntt 0.857 crt 0.001 out 0.077 carry 0.043
cache_trace node 0: piece (3, 1) of 5 x 6, 69173177 + 57644315 limbs at 265163846, slots 0: A - B - | 1.033 s: redistribute 0.067 ntt 0.883 crt 0.002 out 0.082 carry 0.012
cache_trace node 1: piece (3, 1) of 5 x 6, 69173177 + 57644315 limbs at 265163846, slots 0: A - B - | 1.033 s: redistribute 0.070 ntt 0.882 crt 0.002 out 0.087 carry 0.012
cache_trace node 2: piece (3, 1) of 5 x 6, 69173177 + 57644315 limbs at 265163846, slots 0: A - B - | 1.033 s: redistribute 0.064 ntt 0.878 crt 0.002 out 0.085 carry 0.012
cache_trace node 3: piece (3, 1) of 5 x 6, 69173177 + 57644315 limbs at 265163846, slots 0: A - B - | 1.033 s: redistribute 0.066 ntt 0.881 crt 0.002 out 0.084 carry 0.012
cache_trace node 0: piece (4, 1) of 5 x 6, 69173177 + 57644315 limbs at 334337023, slots 0: A - B - | 0.920 s: redistribute 0.065 ntt 0.834 crt 0.003 out 0.027 carry 0.010
cache_trace node 1: piece (4, 1) of 5 x 6, 69173177 + 57644315 limbs at 334337023, slots 0: A - B - | 0.920 s: redistribute 0.068 ntt 0.824 crt 0.002 out 0.026 carry 0.010
cache_trace node 2: piece (4, 1) of 5 x 6, 69173177 + 57644315 limbs at 334337023, slots 0: A - B - | 0.920 s: redistribute 0.067 ntt 0.834 crt 0.003 out 0.026 carry 0.009
cache_trace node 3: piece (4, 1) of 5 x 6, 69173177 + 57644315 limbs at 334337023, slots 0: A - B - | 0.920 s: redistribute 0.065 ntt 0.830 crt 0.002 out 0.025 carry 0.009
cache_trace node 0: piece (0, 2) of 5 x 6, 69173177 + 57644315 limbs at 115288630, slots 0: A - B - | 1.030 s: redistribute 0.083 ntt 0.852 crt 0.002 out 0.079 carry 0.037
cache_trace node 1: piece (0, 2) of 5 x 6, 69173177 + 57644315 limbs at 115288630, slots 0: A - B - | 1.030 s: redistribute 0.081 ntt 0.853 crt 0.002 out 0.075 carry 0.037
cache_trace node 2: piece (0, 2) of 5 x 6, 69173177 + 57644315 limbs at 115288630, slots 0: A - B - | 1.030 s: redistribute 0.078 ntt 0.856 crt 0.001 out 0.083 carry 0.036
cache_trace node 3: piece (0, 2) of 5 x 6, 69173177 + 57644315 limbs at 115288630, slots 0: A - B - | 1.030 s: redistribute 0.076 ntt 0.860 crt 0.002 out 0.079 carry 0.037
cache_trace node 0: piece (1, 2) of 5 x 6, 69173177 + 57644315 limbs at 184461807, slots 0: A - B - | 1.033 s: redistribute 0.063 ntt 0.856 crt 0.001 out 0.085 carry 0.038
cache_trace node 1: piece (1, 2) of 5 x 6, 69173177 + 57644315 limbs at 184461807, slots 0: A - B - | 1.033 s: redistribute 0.063 ntt 0.862 crt 0.002 out 0.088 carry 0.037
cache_trace node 2: piece (1, 2) of 5 x 6, 69173177 + 57644315 limbs at 184461807, slots 0: A - B - | 1.033 s: redistribute 0.061 ntt 0.859 crt 0.002 out 0.092 carry 0.037
cache_trace node 3: piece (1, 2) of 5 x 6, 69173177 + 57644315 limbs at 184461807, slots 0: A - B - | 1.033 s: redistribute 0.067 ntt 0.856 crt 0.001 out 0.090 carry 0.037
cache_trace node 0: piece (2, 2) of 5 x 6, 69173177 + 57644315 limbs at 253634984, slots 0: A - B - | 0.982 s: redistribute 0.063 ntt 0.829 crt 0.001 out 0.085 carry 0.008
cache_trace node 1: piece (2, 2) of 5 x 6, 69173177 + 57644315 limbs at 253634984, slots 0: A - B - | 0.982 s: redistribute 0.062 ntt 0.828 crt 0.002 out 0.087 carry 0.008
cache_trace node 2: piece (2, 2) of 5 x 6, 69173177 + 57644315 limbs at 253634984, slots 0: A - B - | 0.982 s: redistribute 0.060 ntt 0.828 crt 0.002 out 0.091 carry 0.008
cache_trace node 3: piece (2, 2) of 5 x 6, 69173177 + 57644315 limbs at 253634984, slots 0: A - B - | 0.982 s: redistribute 0.062 ntt 0.835 crt 0.001 out 0.090 carry 0.008
cache_trace node 0: piece (3, 2) of 5 x 6, 69173177 + 57644315 limbs at 322808161, slots 0: A - B - | 0.955 s: redistribute 0.068 ntt 0.844 crt 0.002 out 0.029 carry 0.019
cache_trace node 1: piece (3, 2) of 5 x 6, 69173177 + 57644315 limbs at 322808161, slots 0: A - B - | 0.955 s: redistribute 0.069 ntt 0.843 crt 0.002 out 0.029 carry 0.019
cache_trace node 2: piece (3, 2) of 5 x 6, 69173177 + 57644315 limbs at 322808161, slots 0: A - B - | 0.955 s: redistribute 0.068 ntt 0.849 crt 0.002 out 0.026 carry 0.019
cache_trace node 3: piece (3, 2) of 5 x 6, 69173177 + 57644315 limbs at 322808161, slots 0: A - B - | 0.955 s: redistribute 0.070 ntt 0.851 crt 0.002 out 0.030 carry 0.019
cache_trace node 0: piece (0, 3) of 5 x 6, 69173177 + 57644315 limbs at 172932945, slots 0: A - B - | 1.025 s: redistribute 0.071 ntt 0.847 crt 0.002 out 0.088 carry 0.031
cache_trace node 1: piece (0, 3) of 5 x 6, 69173177 + 57644315 limbs at 172932945, slots 0: A - B - | 1.025 s: redistribute 0.069 ntt 0.852 crt 0.001 out 0.087 carry 0.031
cache_trace node 2: piece (0, 3) of 5 x 6, 69173177 + 57644315 limbs at 172932945, slots 0: A - B - | 1.025 s: redistribute 0.069 ntt 0.841 crt 0.002 out 0.087 carry 0.031
cache_trace node 3: piece (0, 3) of 5 x 6, 69173177 + 57644315 limbs at 172932945, slots 0: A - B - | 1.025 s: redistribute 0.068 ntt 0.852 crt 0.001 out 0.085 carry 0.031
cache_trace node 0: piece (1, 3) of 5 x 6, 69173177 + 57644315 limbs at 242106122, slots 0: A - B - | 1.039 s: redistribute 0.063 ntt 0.894 crt 0.001 out 0.094 carry 0.017
cache_trace node 1: piece (1, 3) of 5 x 6, 69173177 + 57644315 limbs at 242106122, slots 0: A - B - | 1.039 s: redistribute 0.064 ntt 0.893 crt 0.002 out 0.086 carry 0.017
cache_trace node 3: piece (1, 3) of 5 x 6, 69173177 + 57644315 limbs at 242106122, slots 0: A - B - | 1.039 s: redistribute 0.066 ntt 0.893 crt 0.001 out 0.081 carry 0.017
cache_trace node 2: piece (1, 3) of 5 x 6, 69173177 + 57644315 limbs at 242106122, slots 0: A - B - | 1.039 s: redistribute 0.065 ntt 0.883 crt 0.002 out 0.084 carry 0.017
cache_trace node 0: piece (2, 3) of 5 x 6, 69173177 + 57644315 limbs at 311279299, slots 0: A - B - | 0.974 s: redistribute 0.078 ntt 0.849 crt 0.001 out 0.041 carry 0.020
cache_trace node 1: piece (2, 3) of 5 x 6, 69173177 + 57644315 limbs at 311279299, slots 0: A - B - | 0.974 s: redistribute 0.067 ntt 0.846 crt 0.001 out 0.044 carry 0.020
cache_trace node 2: piece (2, 3) of 5 x 6, 69173177 + 57644315 limbs at 311279299, slots 0: A - B - | 0.974 s: redistribute 0.068 ntt 0.851 crt 0.001 out 0.043 carry 0.019
cache_trace node 3: piece (2, 3) of 5 x 6, 69173177 + 57644315 limbs at 311279299, slots 0: A - B - | 0.974 s: redistribute 0.069 ntt 0.854 crt 0.001 out 0.041 carry 0.019
cache_trace node 0: piece (0, 4) of 5 x 6, 69173177 + 57644315 limbs at 230577260, slots 0: A - B - | 1.044 s: redistribute 0.072 ntt 0.870 crt 0.002 out 0.092 carry 0.021
cache_trace node 1: piece (0, 4) of 5 x 6, 69173177 + 57644315 limbs at 230577260, slots 0: A - B - | 1.044 s: redistribute 0.069 ntt 0.871 crt 0.002 out 0.092 carry 0.021
cache_trace node 2: piece (0, 4) of 5 x 6, 69173177 + 57644315 limbs at 230577260, slots 0: A - B - | 1.044 s: redistribute 0.071 ntt 0.870 crt 0.002 out 0.095 carry 0.020
cache_trace node 3: piece (0, 4) of 5 x 6, 69173177 + 57644315 limbs at 230577260, slots 0: A - B - | 1.044 s: redistribute 0.075 ntt 0.864 crt 0.002 out 0.098 carry 0.020
cache_trace node 0: piece (1, 4) of 5 x 6, 69173177 + 57644315 limbs at 299750437, slots 0: A - B - | 0.978 s: redistribute 0.062 ntt 0.842 crt 0.001 out 0.050 carry 0.033
cache_trace node 1: piece (1, 4) of 5 x 6, 69173177 + 57644315 limbs at 299750437, slots 0: A - B - | 0.978 s: redistribute 0.061 ntt 0.840 crt 0.002 out 0.052 carry 0.033
cache_trace node 2: piece (1, 4) of 5 x 6, 69173177 + 57644315 limbs at 299750437, slots 0: A - B - | 0.978 s: redistribute 0.066 ntt 0.842 crt 0.001 out 0.050 carry 0.032
cache_trace node 3: piece (1, 4) of 5 x 6, 69173177 + 57644315 limbs at 299750437, slots 0: A - B - | 0.978 s: redistribute 0.060 ntt 0.843 crt 0.001 out 0.053 carry 0.032
cache_trace node 0: piece (0, 5) of 5 x 6, 69173177 + 57644310 limbs at 288221575, slots 0: A - B - | 1.025 s: redistribute 0.066 ntt 0.868 crt 0.002 out 0.064 carry 0.035
dist_mn node 0: 345865885 x 345865885 limbs over 4 x 4 ranks (cap 2^27): 5 x 6 pieces, 20 formed, 10 skipped (low product) (cache 0 slots: 0 hits, 0 misses)
cache_trace node 1: piece (0, 5) of 5 x 6, 69173177 + 57644310 limbs at 288221575, slots 0: A - B - | 1.025 s: redistribute 0.070 ntt 0.862 crt 0.002 out 0.068 carry 0.035
dist_mn node 1: 345865885 x 345865885 limbs over 4 x 4 ranks (cap 2^27): 5 x 6 pieces, 20 formed, 10 skipped (low product) (cache 0 slots: 0 hits, 0 misses)
cache_trace node 2: piece (0, 5) of 5 x 6, 69173177 + 57644310 limbs at 288221575, slots 0: A - B - | 1.025 s: redistribute 0.067 ntt 0.876 crt 0.002 out 0.070 carry 0.035
dist_mn node 2: 345865885 x 345865885 limbs over 4 x 4 ranks (cap 2^27): 5 x 6 pieces, 20 formed, 10 skipped (low product) (cache 0 slots: 0 hits, 0 misses)
cache_trace node 3: piece (0, 5) of 5 x 6, 69173177 + 57644310 limbs at 288221575, slots 0: A - B - | 1.025 s: redistribute 0.066 ntt 0.862 crt 0.002 out 0.070 carry 0.035
dist_mn node 3: 345865885 x 345865885 limbs over 4 x 4 ranks (cap 2^27): 5 x 6 pieces, 20 formed, 10 skipped (low product) (cache 0 slots: 0 hits, 0 misses)
cx_grid node 3: rep 1 shape 5x6_highcut (345865885 x 345865885, cut 0 / 345865885) slots 0: 20.308 s, cache 0 hits 0 misses, C sha256 f07a437204833f51 same
cx_grid node 1: rep 1 shape 5x6_highcut (345865885 x 345865885, cut 0 / 345865885) slots 0: 20.308 s, cache 0 hits 0 misses, C sha256 478ce4ac1b99a5a9 same
cx_grid node 2: rep 1 shape 5x6_highcut (345865885 x 345865885, cut 0 / 345865885) slots 0: 20.308 s, cache 0 hits 0 misses, C sha256 1ffd456e076765ed same
cx_grid node 0: rep 1 shape 5x6_highcut (345865885 x 345865885, cut 0 / 345865885) slots 0: 20.308 s, cache 0 hits 0 misses, C sha256 1e3fa234dfaf9973 same
cache_trace node 0: piece (0, 0) of 5 x 6, 69173177 + 57644315 limbs at 0, slots 1: A - B cached | 1.019 s: redistribute 0.070 ntt 0.864 crt 0.002 out 0.092 carry 0.002
cache_trace node 1: piece (0, 0) of 5 x 6, 69173177 + 57644315 limbs at 0, slots 1: A - B cached | 1.019 s: redistribute 0.068 ntt 0.861 crt 0.001 out 0.096 carry 0.002
cache_trace node 2: piece (0, 0) of 5 x 6, 69173177 + 57644315 limbs at 0, slots 1: A - B cached | 1.019 s: redistribute 0.071 ntt 0.861 crt 0.002 out 0.094 carry 0.003
cache_trace node 3: piece (0, 0) of 5 x 6, 69173177 + 57644315 limbs at 0, slots 1: A - B cached | 1.019 s: redistribute 0.069 ntt 0.871 crt 0.001 out 0.089 carry 0.003
cache_trace node 0: piece (1, 0) of 5 x 6, 69173177 + 57644315 limbs at 69173177, slots 1: A - B HIT | 0.713 s: redistribute 0.035 ntt 0.582 crt 0.003 out 0.082 carry 0.023
cache_trace node 1: piece (1, 0) of 5 x 6, 69173177 + 57644315 limbs at 69173177, slots 1: A - B HIT | 0.713 s: redistribute 0.040 ntt 0.570 crt 0.003 out 0.092 carry 0.023
cache_trace node 2: piece (1, 0) of 5 x 6, 69173177 + 57644315 limbs at 69173177, slots 1: A - B HIT | 0.713 s: redistribute 0.041 ntt 0.566 crt 0.001 out 0.090 carry 0.023
cache_trace node 3: piece (1, 0) of 5 x 6, 69173177 + 57644315 limbs at 69173177, slots 1: A - B HIT | 0.713 s: redistribute 0.036 ntt 0.570 crt 0.003 out 0.088 carry 0.023
cache_trace node 0: piece (2, 0) of 5 x 6, 69173177 + 57644315 limbs at 138346354, slots 1: A - B HIT | 0.721 s: redistribute 0.031 ntt 0.580 crt 0.001 out 0.095 carry 0.025
cache_trace node 1: piece (2, 0) of 5 x 6, 69173177 + 57644315 limbs at 138346354, slots 1: A - B HIT | 0.721 s: redistribute 0.035 ntt 0.576 crt 0.002 out 0.093 carry 0.024
cache_trace node 2: piece (2, 0) of 5 x 6, 69173177 + 57644315 limbs at 138346354, slots 1: A - B HIT | 0.721 s: redistribute 0.035 ntt 0.578 crt 0.002 out 0.098 carry 0.024
cache_trace node 3: piece (2, 0) of 5 x 6, 69173177 + 57644315 limbs at 138346354, slots 1: A - B HIT | 0.721 s: redistribute 0.031 ntt 0.587 crt 0.002 out 0.096 carry 0.024
cache_trace node 0: piece (3, 0) of 5 x 6, 69173177 + 57644315 limbs at 207519531, slots 1: A - B HIT | 0.689 s: redistribute 0.037 ntt 0.547 crt 0.002 out 0.086 carry 0.035
cache_trace node 1: piece (3, 0) of 5 x 6, 69173177 + 57644315 limbs at 207519531, slots 1: A - B HIT | 0.689 s: redistribute 0.033 ntt 0.547 crt 0.001 out 0.085 carry 0.035
cache_trace node 2: piece (3, 0) of 5 x 6, 69173177 + 57644315 limbs at 207519531, slots 1: A - B HIT | 0.689 s: redistribute 0.037 ntt 0.539 crt 0.002 out 0.079 carry 0.035
cache_trace node 3: piece (3, 0) of 5 x 6, 69173177 + 57644315 limbs at 207519531, slots 1: A - B HIT | 0.689 s: redistribute 0.034 ntt 0.542 crt 0.001 out 0.081 carry 0.035
cache_trace node 0: piece (4, 0) of 5 x 6, 69173177 + 57644315 limbs at 276692708, slots 1: A - B HIT | 0.695 s: redistribute 0.038 ntt 0.564 crt 0.002 out 0.066 carry 0.028
cache_trace node 1: piece (4, 0) of 5 x 6, 69173177 + 57644315 limbs at 276692708, slots 1: A - B HIT | 0.695 s: redistribute 0.037 ntt 0.562 crt 0.002 out 0.072 carry 0.028
cache_trace node 2: piece (4, 0) of 5 x 6, 69173177 + 57644315 limbs at 276692708, slots 1: A - B HIT | 0.695 s: redistribute 0.042 ntt 0.559 crt 0.002 out 0.072 carry 0.028
cache_trace node 3: piece (4, 0) of 5 x 6, 69173177 + 57644315 limbs at 276692708, slots 1: A - B HIT | 0.695 s: redistribute 0.040 ntt 0.563 crt 0.001 out 0.071 carry 0.027
cache_trace node 0: piece (0, 1) of 5 x 6, 69173177 + 57644315 limbs at 57644315, slots 1: A - B cached | 1.036 s: redistribute 0.068 ntt 0.862 crt 0.001 out 0.086 carry 0.025
cache_trace node 1: piece (0, 1) of 5 x 6, 69173177 + 57644315 limbs at 57644315, slots 1: A - B cached | 1.036 s: redistribute 0.069 ntt 0.872 crt 0.002 out 0.081 carry 0.025
cache_trace node 2: piece (0, 1) of 5 x 6, 69173177 + 57644315 limbs at 57644315, slots 1: A - B cached | 1.036 s: redistribute 0.066 ntt 0.868 crt 0.001 out 0.087 carry 0.026
cache_trace node 3: piece (0, 1) of 5 x 6, 69173177 + 57644315 limbs at 57644315, slots 1: A - B cached | 1.036 s: redistribute 0.067 ntt 0.877 crt 0.002 out 0.085 carry 0.025
cache_trace node 0: piece (1, 1) of 5 x 6, 69173177 + 57644315 limbs at 126817492, slots 1: A - B HIT | 0.715 s: redistribute 0.035 ntt 0.575 crt 0.002 out 0.082 carry 0.029
cache_trace node 1: piece (1, 1) of 5 x 6, 69173177 + 57644315 limbs at 126817492, slots 1: A - B HIT | 0.716 s: redistribute 0.037 ntt 0.568 crt 0.002 out 0.088 carry 0.029
cache_trace node 2: piece (1, 1) of 5 x 6, 69173177 + 57644315 limbs at 126817492, slots 1: A - B HIT | 0.716 s: redistribute 0.037 ntt 0.568 crt 0.002 out 0.089 carry 0.029
cache_trace node 3: piece (1, 1) of 5 x 6, 69173177 + 57644315 limbs at 126817492, slots 1: A - B HIT | 0.716 s: redistribute 0.034 ntt 0.573 crt 0.002 out 0.085 carry 0.029
cache_trace node 0: piece (2, 1) of 5 x 6, 69173177 + 57644315 limbs at 195990669, slots 1: A - B HIT | 0.704 s: redistribute 0.039 ntt 0.567 crt 0.001 out 0.070 carry 0.035
cache_trace node 1: piece (2, 1) of 5 x 6, 69173177 + 57644315 limbs at 195990669, slots 1: A - B HIT | 0.704 s: redistribute 0.035 ntt 0.561 crt 0.001 out 0.081 carry 0.035
cache_trace node 2: piece (2, 1) of 5 x 6, 69173177 + 57644315 limbs at 195990669, slots 1: A - B HIT | 0.704 s: redistribute 0.036 ntt 0.566 crt 0.001 out 0.078 carry 0.034
cache_trace node 3: piece (2, 1) of 5 x 6, 69173177 + 57644315 limbs at 195990669, slots 1: A - B HIT | 0.704 s: redistribute 0.034 ntt 0.564 crt 0.001 out 0.077 carry 0.034
cache_trace node 0: piece (3, 1) of 5 x 6, 69173177 + 57644315 limbs at 265163846, slots 1: A - B HIT | 0.698 s: redistribute 0.042 ntt 0.567 crt 0.001 out 0.085 carry 0.012
cache_trace node 1: piece (3, 1) of 5 x 6, 69173177 + 57644315 limbs at 265163846, slots 1: A - B HIT | 0.698 s: redistribute 0.035 ntt 0.572 crt 0.001 out 0.089 carry 0.012
cache_trace node 2: piece (3, 1) of 5 x 6, 69173177 + 57644315 limbs at 265163846, slots 1: A - B HIT | 0.698 s: redistribute 0.039 ntt 0.569 crt 0.002 out 0.088 carry 0.012
cache_trace node 3: piece (3, 1) of 5 x 6, 69173177 + 57644315 limbs at 265163846, slots 1: A - B HIT | 0.698 s: redistribute 0.034 ntt 0.577 crt 0.002 out 0.087 carry 0.012
cache_trace node 1: piece (4, 1) of 5 x 6, 69173177 + 57644315 limbs at 334337023, slots 1: A - B HIT | 0.656 s: redistribute 0.038 ntt 0.594 crt 0.004 out 0.020 carry 0.010
cache_trace node 2: piece (4, 1) of 5 x 6, 69173177 + 57644315 limbs at 334337023, slots 1: A - B HIT | 0.656 s: redistribute 0.041 ntt 0.578 crt 0.004 out 0.034 carry 0.010
cache_trace node 0: piece (4, 1) of 5 x 6, 69173177 + 57644315 limbs at 334337023, slots 1: A - B HIT | 0.656 s: redistribute 0.037 ntt 0.588 crt 0.004 out 0.028 carry 0.011
cache_trace node 3: piece (4, 1) of 5 x 6, 69173177 + 57644315 limbs at 334337023, slots 1: A - B HIT | 0.656 s: redistribute 0.040 ntt 0.578 crt 0.004 out 0.033 carry 0.010
cache_trace node 0: piece (0, 2) of 5 x 6, 69173177 + 57644315 limbs at 115288630, slots 1: A - B cached | 1.095 s: redistribute 0.072 ntt 0.904 crt 0.001 out 0.083 carry 0.040
cache_trace node 1: piece (0, 2) of 5 x 6, 69173177 + 57644315 limbs at 115288630, slots 1: A - B cached | 1.095 s: redistribute 0.072 ntt 0.899 crt 0.002 out 0.085 carry 0.040
cache_trace node 2: piece (0, 2) of 5 x 6, 69173177 + 57644315 limbs at 115288630, slots 1: A - B cached | 1.095 s: redistribute 0.074 ntt 0.911 crt 0.002 out 0.079 carry 0.039
cache_trace node 3: piece (0, 2) of 5 x 6, 69173177 + 57644315 limbs at 115288630, slots 1: A - B cached | 1.095 s: redistribute 0.075 ntt 0.902 crt 0.001 out 0.081 carry 0.040
cache_trace node 0: piece (1, 2) of 5 x 6, 69173177 + 57644315 limbs at 184461807, slots 1: A - B HIT | 0.691 s: redistribute 0.034 ntt 0.551 crt 0.002 out 0.080 carry 0.033
cache_trace node 1: piece (1, 2) of 5 x 6, 69173177 + 57644315 limbs at 184461807, slots 1: A - B HIT | 0.691 s: redistribute 0.036 ntt 0.547 crt 0.002 out 0.081 carry 0.033
cache_trace node 2: piece (1, 2) of 5 x 6, 69173177 + 57644315 limbs at 184461807, slots 1: A - B HIT | 0.691 s: redistribute 0.035 ntt 0.556 crt 0.001 out 0.082 carry 0.033
cache_trace node 3: piece (1, 2) of 5 x 6, 69173177 + 57644315 limbs at 184461807, slots 1: A - B HIT | 0.691 s: redistribute 0.035 ntt 0.560 crt 0.003 out 0.076 carry 0.033
cache_trace node 0: piece (2, 2) of 5 x 6, 69173177 + 57644315 limbs at 253634984, slots 1: A - B HIT | 0.685 s: redistribute 0.038 ntt 0.557 crt 0.001 out 0.092 carry 0.009
cache_trace node 1: piece (2, 2) of 5 x 6, 69173177 + 57644315 limbs at 253634984, slots 1: A - B HIT | 0.685 s: redistribute 0.040 ntt 0.552 crt 0.001 out 0.087 carry 0.009
cache_trace node 2: piece (2, 2) of 5 x 6, 69173177 + 57644315 limbs at 253634984, slots 1: A - B HIT | 0.685 s: redistribute 0.036 ntt 0.552 crt 0.001 out 0.089 carry 0.009
cache_trace node 3: piece (2, 2) of 5 x 6, 69173177 + 57644315 limbs at 253634984, slots 1: A - B HIT | 0.685 s: redistribute 0.038 ntt 0.560 crt 0.001 out 0.088 carry 0.008
cache_trace node 0: piece (3, 2) of 5 x 6, 69173177 + 57644315 limbs at 322808161, slots 1: A - B HIT | 0.661 s: redistribute 0.041 ntt 0.577 crt 0.001 out 0.033 carry 0.019
cache_trace node 1: piece (3, 2) of 5 x 6, 69173177 + 57644315 limbs at 322808161, slots 1: A - B HIT | 0.661 s: redistribute 0.039 ntt 0.576 crt 0.002 out 0.033 carry 0.019
cache_trace node 2: piece (3, 2) of 5 x 6, 69173177 + 57644315 limbs at 322808161, slots 1: A - B HIT | 0.661 s: redistribute 0.040 ntt 0.574 crt 0.001 out 0.030 carry 0.019
cache_trace node 3: piece (3, 2) of 5 x 6, 69173177 + 57644315 limbs at 322808161, slots 1: A - B HIT | 0.661 s: redistribute 0.037 ntt 0.584 crt 0.002 out 0.033 carry 0.019
cache_trace node 0: piece (0, 3) of 5 x 6, 69173177 + 57644315 limbs at 172932945, slots 1: A - B cached | 1.022 s: redistribute 0.069 ntt 0.846 crt 0.001 out 0.085 carry 0.026
cache_trace node 1: piece (0, 3) of 5 x 6, 69173177 + 57644315 limbs at 172932945, slots 1: A - B cached | 1.022 s: redistribute 0.077 ntt 0.848 crt 0.001 out 0.087 carry 0.026
cache_trace node 2: piece (0, 3) of 5 x 6, 69173177 + 57644315 limbs at 172932945, slots 1: A - B cached | 1.022 s: redistribute 0.075 ntt 0.846 crt 0.002 out 0.089 carry 0.026
cache_trace node 3: piece (0, 3) of 5 x 6, 69173177 + 57644315 limbs at 172932945, slots 1: A - B cached | 1.022 s: redistribute 0.069 ntt 0.848 crt 0.002 out 0.091 carry 0.026
cache_trace node 0: piece (1, 3) of 5 x 6, 69173177 + 57644315 limbs at 242106122, slots 1: A - B HIT | 0.713 s: redistribute 0.033 ntt 0.575 crt 0.001 out 0.088 carry 0.017
cache_trace node 1: piece (1, 3) of 5 x 6, 69173177 + 57644315 limbs at 242106122, slots 1: A - B HIT | 0.713 s: redistribute 0.040 ntt 0.572 crt 0.001 out 0.091 carry 0.017
cache_trace node 2: piece (1, 3) of 5 x 6, 69173177 + 57644315 limbs at 242106122, slots 1: A - B HIT | 0.713 s: redistribute 0.037 ntt 0.583 crt 0.002 out 0.084 carry 0.017
cache_trace node 3: piece (1, 3) of 5 x 6, 69173177 + 57644315 limbs at 242106122, slots 1: A - B HIT | 0.713 s: redistribute 0.039 ntt 0.588 crt 0.002 out 0.082 carry 0.017
cache_trace node 0: piece (2, 3) of 5 x 6, 69173177 + 57644315 limbs at 311279299, slots 1: A - B HIT | 0.633 s: redistribute 0.039 ntt 0.542 crt 0.002 out 0.046 carry 0.020
cache_trace node 1: piece (2, 3) of 5 x 6, 69173177 + 57644315 limbs at 311279299, slots 1: A - B HIT | 0.633 s: redistribute 0.034 ntt 0.543 crt 0.001 out 0.049 carry 0.020
cache_trace node 2: piece (2, 3) of 5 x 6, 69173177 + 57644315 limbs at 311279299, slots 1: A - B HIT | 0.633 s: redistribute 0.039 ntt 0.536 crt 0.002 out 0.048 carry 0.020
cache_trace node 3: piece (2, 3) of 5 x 6, 69173177 + 57644315 limbs at 311279299, slots 1: A - B HIT | 0.633 s: redistribute 0.033 ntt 0.543 crt 0.001 out 0.037 carry 0.020
cache_trace node 0: piece (0, 4) of 5 x 6, 69173177 + 57644315 limbs at 230577260, slots 1: A - B cached | 1.036 s: redistribute 0.064 ntt 0.870 crt 0.002 out 0.089 carry 0.021
cache_trace node 1: piece (0, 4) of 5 x 6, 69173177 + 57644315 limbs at 230577260, slots 1: A - B cached | 1.036 s: redistribute 0.069 ntt 0.865 crt 0.002 out 0.088 carry 0.021
cache_trace node 2: piece (0, 4) of 5 x 6, 69173177 + 57644315 limbs at 230577260, slots 1: A - B cached | 1.036 s: redistribute 0.062 ntt 0.873 crt 0.001 out 0.086 carry 0.021
cache_trace node 3: piece (0, 4) of 5 x 6, 69173177 + 57644315 limbs at 230577260, slots 1: A - B cached | 1.036 s: redistribute 0.074 ntt 0.877 crt 0.001 out 0.080 carry 0.020
cache_trace node 0: piece (1, 4) of 5 x 6, 69173177 + 57644315 limbs at 299750437, slots 1: A - B HIT | 0.643 s: redistribute 0.031 ntt 0.533 crt 0.001 out 0.049 carry 0.033
cache_trace node 1: piece (1, 4) of 5 x 6, 69173177 + 57644315 limbs at 299750437, slots 1: A - B HIT | 0.643 s: redistribute 0.034 ntt 0.528 crt 0.001 out 0.051 carry 0.033
cache_trace node 3: piece (1, 4) of 5 x 6, 69173177 + 57644315 limbs at 299750437, slots 1: A - B HIT | 0.643 s: redistribute 0.033 ntt 0.531 crt 0.001 out 0.050 carry 0.032
cache_trace node 2: piece (1, 4) of 5 x 6, 69173177 + 57644315 limbs at 299750437, slots 1: A - B HIT | 0.643 s: redistribute 0.032 ntt 0.541 crt 0.001 out 0.048 carry 0.032
cache_trace node 0: piece (0, 5) of 5 x 6, 69173177 + 57644310 limbs at 288221575, slots 1: A - B cached | 1.036 s: redistribute 0.072 ntt 0.865 crt 0.002 out 0.067 carry 0.036
dist_mn node 0: 345865885 x 345865885 limbs over 4 x 4 ranks (cap 2^27): 5 x 6 pieces, 20 formed, 10 skipped (low product) (cache 1 slots: 14 hits, 6 misses)
cache_trace node 1: piece (0, 5) of 5 x 6, 69173177 + 57644310 limbs at 288221575, slots 1: A - B cached | 1.036 s: redistribute 0.072 ntt 0.873 crt 0.001 out 0.068 carry 0.035
dist_mn node 1: 345865885 x 345865885 limbs over 4 x 4 ranks (cap 2^27): 5 x 6 pieces, 20 formed, 10 skipped (low product) (cache 1 slots: 14 hits, 6 misses)
cache_trace node 2: piece (0, 5) of 5 x 6, 69173177 + 57644310 limbs at 288221575, slots 1: A - B cached | 1.036 s: redistribute 0.073 ntt 0.877 crt 0.001 out 0.064 carry 0.035
dist_mn node 2: 345865885 x 345865885 limbs over 4 x 4 ranks (cap 2^27): 5 x 6 pieces, 20 formed, 10 skipped (low product) (cache 1 slots: 14 hits, 6 misses)
cache_trace node 3: piece (0, 5) of 5 x 6, 69173177 + 57644310 limbs at 288221575, slots 1: A - B cached | 1.036 s: redistribute 0.071 ntt 0.873 crt 0.001 out 0.066 carry 0.035
dist_mn node 3: 345865885 x 345865885 limbs over 4 x 4 ranks (cap 2^27): 5 x 6 pieces, 20 formed, 10 skipped (low product) (cache 1 slots: 14 hits, 6 misses)
cx_grid node 2: rep 1 shape 5x6_highcut (345865885 x 345865885, cut 0 / 345865885) slots 1: 15.874 s, cache 14 hits 6 misses, C sha256 1ffd456e076765ed same
cx_grid node 3: rep 1 shape 5x6_highcut (345865885 x 345865885, cut 0 / 345865885) slots 1: 15.873 s, cache 14 hits 6 misses, C sha256 f07a437204833f51 same
cx_grid node 1: rep 1 shape 5x6_highcut (345865885 x 345865885, cut 0 / 345865885) slots 1: 15.874 s, cache 14 hits 6 misses, C sha256 478ce4ac1b99a5a9 same
cx_grid node 0: rep 1 shape 5x6_highcut (345865885 x 345865885, cut 0 / 345865885) slots 1: 15.874 s, cache 14 hits 6 misses, C sha256 1e3fa234dfaf9973 same
cache_trace node 0: piece (0, 0) of 5 x 6, 69173177 + 57644315 limbs at 0, slots 2: A cached B cached | 1.017 s: redistribute 0.068 ntt 0.859 crt 0.001 out 0.097 carry 0.002
cache_trace node 1: piece (0, 0) of 5 x 6, 69173177 + 57644315 limbs at 0, slots 2: A cached B cached | 1.017 s: redistribute 0.071 ntt 0.852 crt 0.001 out 0.095 carry 0.002
cache_trace node 2: piece (0, 0) of 5 x 6, 69173177 + 57644315 limbs at 0, slots 2: A cached B cached | 1.017 s: redistribute 0.069 ntt 0.859 crt 0.001 out 0.094 carry 0.002
cache_trace node 3: piece (0, 0) of 5 x 6, 69173177 + 57644315 limbs at 0, slots 2: A cached B cached | 1.017 s: redistribute 0.067 ntt 0.860 crt 0.001 out 0.099 carry 0.002
cache_trace node 0: piece (1, 0) of 5 x 6, 69173177 + 57644315 limbs at 69173177, slots 2: A - B HIT | 0.703 s: redistribute 0.037 ntt 0.568 crt 0.001 out 0.088 carry 0.023
cache_trace node 1: piece (1, 0) of 5 x 6, 69173177 + 57644315 limbs at 69173177, slots 2: A - B HIT | 0.703 s: redistribute 0.038 ntt 0.556 crt 0.001 out 0.094 carry 0.023
cache_trace node 2: piece (1, 0) of 5 x 6, 69173177 + 57644315 limbs at 69173177, slots 2: A - B HIT | 0.703 s: redistribute 0.035 ntt 0.562 crt 0.002 out 0.094 carry 0.023
cache_trace node 3: piece (1, 0) of 5 x 6, 69173177 + 57644315 limbs at 69173177, slots 2: A - B HIT | 0.703 s: redistribute 0.032 ntt 0.564 crt 0.002 out 0.091 carry 0.024
cache_trace node 0: piece (2, 0) of 5 x 6, 69173177 + 57644315 limbs at 138346354, slots 2: A - B HIT | 0.727 s: redistribute 0.034 ntt 0.598 crt 0.001 out 0.081 carry 0.026
cache_trace node 1: piece (2, 0) of 5 x 6, 69173177 + 57644315 limbs at 138346354, slots 2: A - B HIT | 0.727 s: redistribute 0.037 ntt 0.603 crt 0.001 out 0.084 carry 0.025
cache_trace node 2: piece (2, 0) of 5 x 6, 69173177 + 57644315 limbs at 138346354, slots 2: A - B HIT | 0.727 s: redistribute 0.037 ntt 0.593 crt 0.001 out 0.084 carry 0.025
cache_trace node 3: piece (2, 0) of 5 x 6, 69173177 + 57644315 limbs at 138346354, slots 2: A - B HIT | 0.727 s: redistribute 0.039 ntt 0.592 crt 0.001 out 0.079 carry 0.025
cache_trace node 0: piece (3, 0) of 5 x 6, 69173177 + 57644315 limbs at 207519531, slots 2: A - B HIT | 0.738 s: redistribute 0.029 ntt 0.599 crt 0.001 out 0.081 carry 0.036
cache_trace node 1: piece (3, 0) of 5 x 6, 69173177 + 57644315 limbs at 207519531, slots 2: A - B HIT | 0.738 s: redistribute 0.040 ntt 0.597 crt 0.002 out 0.079 carry 0.036
cache_trace node 2: piece (3, 0) of 5 x 6, 69173177 + 57644315 limbs at 207519531, slots 2: A - B HIT | 0.738 s: redistribute 0.048 ntt 0.589 crt 0.002 out 0.080 carry 0.035
cache_trace node 3: piece (3, 0) of 5 x 6, 69173177 + 57644315 limbs at 207519531, slots 2: A - B HIT | 0.738 s: redistribute 0.046 ntt 0.587 crt 0.002 out 0.082 carry 0.035
cache_trace node 0: piece (4, 0) of 5 x 6, 69173177 + 57644315 limbs at 276692708, slots 2: A - B HIT | 0.685 s: redistribute 0.039 ntt 0.551 crt 0.002 out 0.072 carry 0.029
cache_trace node 1: piece (4, 0) of 5 x 6, 69173177 + 57644315 limbs at 276692708, slots 2: A - B HIT | 0.685 s: redistribute 0.039 ntt 0.554 crt 0.001 out 0.074 carry 0.028
cache_trace node 2: piece (4, 0) of 5 x 6, 69173177 + 57644315 limbs at 276692708, slots 2: A - B HIT | 0.685 s: redistribute 0.040 ntt 0.552 crt 0.001 out 0.071 carry 0.028
cache_trace node 3: piece (4, 0) of 5 x 6, 69173177 + 57644315 limbs at 276692708, slots 2: A - B HIT | 0.685 s: redistribute 0.039 ntt 0.558 crt 0.002 out 0.073 carry 0.028
cache_trace node 0: piece (0, 1) of 5 x 6, 69173177 + 57644315 limbs at 57644315, slots 2: A HIT B cached | 0.699 s: redistribute 0.028 ntt 0.570 crt 0.002 out 0.090 carry 0.024
cache_trace node 1: piece (0, 1) of 5 x 6, 69173177 + 57644315 limbs at 57644315, slots 2: A HIT B cached | 0.699 s: redistribute 0.031 ntt 0.573 crt 0.002 out 0.088 carry 0.024
cache_trace node 2: piece (0, 1) of 5 x 6, 69173177 + 57644315 limbs at 57644315, slots 2: A HIT B cached | 0.699 s: redistribute 0.026 ntt 0.569 crt 0.002 out 0.090 carry 0.024
cache_trace node 3: piece (0, 1) of 5 x 6, 69173177 + 57644315 limbs at 57644315, slots 2: A HIT B cached | 0.699 s: redistribute 0.029 ntt 0.564 crt 0.002 out 0.091 carry 0.024
cache_trace node 0: piece (1, 1) of 5 x 6, 69173177 + 57644315 limbs at 126817492, slots 2: A - B HIT | 0.714 s: redistribute 0.034 ntt 0.570 crt 0.004 out 0.083 carry 0.029
cache_trace node 1: piece (1, 1) of 5 x 6, 69173177 + 57644315 limbs at 126817492, slots 2: A - B HIT | 0.714 s: redistribute 0.037 ntt 0.566 crt 0.004 out 0.081 carry 0.029
cache_trace node 2: piece (1, 1) of 5 x 6, 69173177 + 57644315 limbs at 126817492, slots 2: A - B HIT | 0.714 s: redistribute 0.037 ntt 0.573 crt 0.002 out 0.079 carry 0.029
cache_trace node 3: piece (1, 1) of 5 x 6, 69173177 + 57644315 limbs at 126817492, slots 2: A - B HIT | 0.714 s: redistribute 0.034 ntt 0.576 crt 0.003 out 0.081 carry 0.029
cache_trace node 0: piece (2, 1) of 5 x 6, 69173177 + 57644315 limbs at 195990669, slots 2: A - B HIT | 0.702 s: redistribute 0.034 ntt 0.558 crt 0.001 out 0.073 carry 0.039
cache_trace node 2: piece (2, 1) of 5 x 6, 69173177 + 57644315 limbs at 195990669, slots 2: A - B HIT | 0.702 s: redistribute 0.033 ntt 0.566 crt 0.003 out 0.069 carry 0.039
cache_trace node 1: piece (2, 1) of 5 x 6, 69173177 + 57644315 limbs at 195990669, slots 2: A - B HIT | 0.702 s: redistribute 0.034 ntt 0.562 crt 0.004 out 0.069 carry 0.039
cache_trace node 3: piece (2, 1) of 5 x 6, 69173177 + 57644315 limbs at 195990669, slots 2: A - B HIT | 0.702 s: redistribute 0.032 ntt 0.560 crt 0.004 out 0.074 carry 0.039
cache_trace node 0: piece (3, 1) of 5 x 6, 69173177 + 57644315 limbs at 265163846, slots 2: A - B HIT | 0.717 s: redistribute 0.040 ntt 0.576 crt 0.002 out 0.104 carry 0.012
cache_trace node 1: piece (3, 1) of 5 x 6, 69173177 + 57644315 limbs at 265163846, slots 2: A - B HIT | 0.717 s: redistribute 0.039 ntt 0.579 crt 0.001 out 0.099 carry 0.012
cache_trace node 2: piece (3, 1) of 5 x 6, 69173177 + 57644315 limbs at 265163846, slots 2: A - B HIT | 0.717 s: redistribute 0.038 ntt 0.571 crt 0.002 out 0.101 carry 0.012
cache_trace node 3: piece (3, 1) of 5 x 6, 69173177 + 57644315 limbs at 265163846, slots 2: A - B HIT | 0.717 s: redistribute 0.034 ntt 0.576 crt 0.002 out 0.103 carry 0.012
cache_trace node 0: piece (4, 1) of 5 x 6, 69173177 + 57644315 limbs at 334337023, slots 2: A - B HIT | 0.615 s: redistribute 0.039 ntt 0.550 crt 0.001 out 0.025 carry 0.010
cache_trace node 1: piece (4, 1) of 5 x 6, 69173177 + 57644315 limbs at 334337023, slots 2: A - B HIT | 0.615 s: redistribute 0.039 ntt 0.555 crt 0.002 out 0.028 carry 0.010
cache_trace node 2: piece (4, 1) of 5 x 6, 69173177 + 57644315 limbs at 334337023, slots 2: A - B HIT | 0.615 s: redistribute 0.037 ntt 0.557 crt 0.002 out 0.029 carry 0.010
cache_trace node 3: piece (4, 1) of 5 x 6, 69173177 + 57644315 limbs at 334337023, slots 2: A - B HIT | 0.615 s: redistribute 0.039 ntt 0.543 crt 0.002 out 0.031 carry 0.010
cache_trace node 0: piece (0, 2) of 5 x 6, 69173177 + 57644315 limbs at 115288630, slots 2: A HIT B cached | 0.712 s: redistribute 0.032 ntt 0.568 crt 0.002 out 0.076 carry 0.039
cache_trace node 1: piece (0, 2) of 5 x 6, 69173177 + 57644315 limbs at 115288630, slots 2: A HIT B cached | 0.713 s: redistribute 0.034 ntt 0.569 crt 0.002 out 0.077 carry 0.039
cache_trace node 2: piece (0, 2) of 5 x 6, 69173177 + 57644315 limbs at 115288630, slots 2: A HIT B cached | 0.713 s: redistribute 0.034 ntt 0.569 crt 0.001 out 0.080 carry 0.039
cache_trace node 3: piece (0, 2) of 5 x 6, 69173177 + 57644315 limbs at 115288630, slots 2: A HIT B cached | 0.713 s: redistribute 0.032 ntt 0.572 crt 0.002 out 0.073 carry 0.039
cache_trace node 0: piece (1, 2) of 5 x 6, 69173177 + 57644315 limbs at 184461807, slots 2: A - B HIT | 0.716 s: redistribute 0.036 ntt 0.569 crt 0.001 out 0.089 carry 0.034
cache_trace node 1: piece (1, 2) of 5 x 6, 69173177 + 57644315 limbs at 184461807, slots 2: A - B HIT | 0.716 s: redistribute 0.036 ntt 0.572 crt 0.001 out 0.088 carry 0.034
cache_trace node 2: piece (1, 2) of 5 x 6, 69173177 + 57644315 limbs at 184461807, slots 2: A - B HIT | 0.716 s: redistribute 0.032 ntt 0.572 crt 0.001 out 0.087 carry 0.032
cache_trace node 3: piece (1, 2) of 5 x 6, 69173177 + 57644315 limbs at 184461807, slots 2: A - B HIT | 0.716 s: redistribute 0.033 ntt 0.567 crt 0.001 out 0.086 carry 0.032
cache_trace node 0: piece (2, 2) of 5 x 6, 69173177 + 57644315 limbs at 253634984, slots 2: A - B HIT | 0.720 s: redistribute 0.038 ntt 0.600 crt 0.001 out 0.092 carry 0.009
cache_trace node 1: piece (2, 2) of 5 x 6, 69173177 + 57644315 limbs at 253634984, slots 2: A - B HIT | 0.720 s: redistribute 0.038 ntt 0.593 crt 0.002 out 0.087 carry 0.009
cache_trace node 2: piece (2, 2) of 5 x 6, 69173177 + 57644315 limbs at 253634984, slots 2: A - B HIT | 0.720 s: redistribute 0.036 ntt 0.610 crt 0.002 out 0.088 carry 0.008
cache_trace node 3: piece (2, 2) of 5 x 6, 69173177 + 57644315 limbs at 253634984, slots 2: A - B HIT | 0.720 s: redistribute 0.036 ntt 0.605 crt 0.001 out 0.085 carry 0.008
cache_trace node 0: piece (3, 2) of 5 x 6, 69173177 + 57644315 limbs at 322808161, slots 2: A - B HIT | 0.631 s: redistribute 0.039 ntt 0.550 crt 0.002 out 0.029 carry 0.019
cache_trace node 1: piece (3, 2) of 5 x 6, 69173177 + 57644315 limbs at 322808161, slots 2: A - B HIT | 0.631 s: redistribute 0.035 ntt 0.556 crt 0.002 out 0.028 carry 0.019
cache_trace node 2: piece (3, 2) of 5 x 6, 69173177 + 57644315 limbs at 322808161, slots 2: A - B HIT | 0.631 s: redistribute 0.038 ntt 0.552 crt 0.001 out 0.031 carry 0.019
cache_trace node 3: piece (3, 2) of 5 x 6, 69173177 + 57644315 limbs at 322808161, slots 2: A - B HIT | 0.631 s: redistribute 0.035 ntt 0.552 crt 0.001 out 0.031 carry 0.019
cache_trace node 0: piece (0, 3) of 5 x 6, 69173177 + 57644315 limbs at 172932945, slots 2: A HIT B cached | 0.697 s: redistribute 0.032 ntt 0.552 crt 0.002 out 0.087 carry 0.030
cache_trace node 1: piece (0, 3) of 5 x 6, 69173177 + 57644315 limbs at 172932945, slots 2: A HIT B cached | 0.697 s: redistribute 0.036 ntt 0.554 crt 0.002 out 0.092 carry 0.030
cache_trace node 2: piece (0, 3) of 5 x 6, 69173177 + 57644315 limbs at 172932945, slots 2: A HIT B cached | 0.697 s: redistribute 0.035 ntt 0.551 crt 0.002 out 0.089 carry 0.030
cache_trace node 3: piece (0, 3) of 5 x 6, 69173177 + 57644315 limbs at 172932945, slots 2: A HIT B cached | 0.697 s: redistribute 0.033 ntt 0.559 crt 0.002 out 0.093 carry 0.030
cache_trace node 0: piece (1, 3) of 5 x 6, 69173177 + 57644315 limbs at 242106122, slots 2: A - B HIT | 0.710 s: redistribute 0.045 ntt 0.577 crt 0.001 out 0.085 carry 0.018
cache_trace node 1: piece (1, 3) of 5 x 6, 69173177 + 57644315 limbs at 242106122, slots 2: A - B HIT | 0.710 s: redistribute 0.046 ntt 0.574 crt 0.001 out 0.083 carry 0.018
cache_trace node 2: piece (1, 3) of 5 x 6, 69173177 + 57644315 limbs at 242106122, slots 2: A - B HIT | 0.710 s: redistribute 0.045 ntt 0.582 crt 0.001 out 0.082 carry 0.018
cache_trace node 3: piece (1, 3) of 5 x 6, 69173177 + 57644315 limbs at 242106122, slots 2: A - B HIT | 0.710 s: redistribute 0.033 ntt 0.582 crt 0.001 out 0.083 carry 0.017
cache_trace node 0: piece (2, 3) of 5 x 6, 69173177 + 57644315 limbs at 311279299, slots 2: A - B HIT | 0.661 s: redistribute 0.038 ntt 0.572 crt 0.002 out 0.041 carry 0.020
cache_trace node 1: piece (2, 3) of 5 x 6, 69173177 + 57644315 limbs at 311279299, slots 2: A - B HIT | 0.661 s: redistribute 0.035 ntt 0.574 crt 0.001 out 0.039 carry 0.020
cache_trace node 2: piece (2, 3) of 5 x 6, 69173177 + 57644315 limbs at 311279299, slots 2: A - B HIT | 0.661 s: redistribute 0.047 ntt 0.570 crt 0.002 out 0.040 carry 0.020
cache_trace node 3: piece (2, 3) of 5 x 6, 69173177 + 57644315 limbs at 311279299, slots 2: A - B HIT | 0.661 s: redistribute 0.034 ntt 0.580 crt 0.002 out 0.037 carry 0.020
cache_trace node 0: piece (0, 4) of 5 x 6, 69173177 + 57644315 limbs at 230577260, slots 2: A HIT B cached | 0.723 s: redistribute 0.033 ntt 0.578 crt 0.001 out 0.090 carry 0.021
cache_trace node 1: piece (0, 4) of 5 x 6, 69173177 + 57644315 limbs at 230577260, slots 2: A HIT B cached | 0.723 s: redistribute 0.031 ntt 0.573 crt 0.002 out 0.098 carry 0.021
cache_trace node 2: piece (0, 4) of 5 x 6, 69173177 + 57644315 limbs at 230577260, slots 2: A HIT B cached | 0.723 s: redistribute 0.032 ntt 0.573 crt 0.001 out 0.101 carry 0.020
cache_trace node 3: piece (0, 4) of 5 x 6, 69173177 + 57644315 limbs at 230577260, slots 2: A HIT B cached | 0.723 s: redistribute 0.035 ntt 0.573 crt 0.002 out 0.097 carry 0.020
cache_trace node 0: piece (1, 4) of 5 x 6, 69173177 + 57644315 limbs at 299750437, slots 2: A - B HIT | 0.688 s: redistribute 0.033 ntt 0.581 crt 0.003 out 0.054 carry 0.034
cache_trace node 1: piece (1, 4) of 5 x 6, 69173177 + 57644315 limbs at 299750437, slots 2: A - B HIT | 0.688 s: redistribute 0.036 ntt 0.573 crt 0.003 out 0.054 carry 0.034
cache_trace node 2: piece (1, 4) of 5 x 6, 69173177 + 57644315 limbs at 299750437, slots 2: A - B HIT | 0.688 s: redistribute 0.033 ntt 0.583 crt 0.003 out 0.053 carry 0.034
cache_trace node 3: piece (1, 4) of 5 x 6, 69173177 + 57644315 limbs at 299750437, slots 2: A - B HIT | 0.688 s: redistribute 0.037 ntt 0.576 crt 0.001 out 0.058 carry 0.033
cache_trace node 0: piece (0, 5) of 5 x 6, 69173177 + 57644310 limbs at 288221575, slots 2: A HIT B cached | 0.676 s: redistribute 0.028 ntt 0.552 crt 0.003 out 0.061 carry 0.036
dist_mn node 0: 345865885 x 345865885 limbs over 4 x 4 ranks (cap 2^27): 5 x 6 pieces, 20 formed, 10 skipped (low product) (cache 2 slots: 19 hits, 7 misses)
cache_trace node 1: piece (0, 5) of 5 x 6, 69173177 + 57644310 limbs at 288221575, slots 2: A HIT B cached | 0.676 s: redistribute 0.030 ntt 0.552 crt 0.002 out 0.063 carry 0.036
dist_mn node 1: 345865885 x 345865885 limbs over 4 x 4 ranks (cap 2^27): 5 x 6 pieces, 20 formed, 10 skipped (low product) (cache 2 slots: 19 hits, 7 misses)
cache_trace node 2: piece (0, 5) of 5 x 6, 69173177 + 57644310 limbs at 288221575, slots 2: A HIT B cached | 0.676 s: redistribute 0.029 ntt 0.554 crt 0.003 out 0.060 carry 0.035
dist_mn node 2: 345865885 x 345865885 limbs over 4 x 4 ranks (cap 2^27): 5 x 6 pieces, 20 formed, 10 skipped (low product) (cache 2 slots: 19 hits, 7 misses)
cache_trace node 3: piece (0, 5) of 5 x 6, 69173177 + 57644310 limbs at 288221575, slots 2: A HIT B cached | 0.676 s: redistribute 0.029 ntt 0.550 crt 0.003 out 0.062 carry 0.035
dist_mn node 3: 345865885 x 345865885 limbs over 4 x 4 ranks (cap 2^27): 5 x 6 pieces, 20 formed, 10 skipped (low product) (cache 2 slots: 19 hits, 7 misses)
cx_grid node 3: rep 1 shape 5x6_highcut (345865885 x 345865885, cut 0 / 345865885) slots 2: 14.264 s, cache 19 hits 7 misses, C sha256 f07a437204833f51 same
cx_grid node 2: rep 1 shape 5x6_highcut (345865885 x 345865885, cut 0 / 345865885) slots 2: 14.264 s, cache 19 hits 7 misses, C sha256 1ffd456e076765ed same
cx_grid node 1: rep 1 shape 5x6_highcut (345865885 x 345865885, cut 0 / 345865885) slots 2: 14.264 s, cache 19 hits 7 misses, C sha256 478ce4ac1b99a5a9 same
cx_grid node 0: rep 1 shape 5x6_highcut (345865885 x 345865885, cut 0 / 345865885) slots 2: 14.264 s, cache 19 hits 7 misses, C sha256 1e3fa234dfaf9973 same
cache_trace node 0: piece (0, 0) of 2 x 3, 79590803 + 53063711 limbs at 0, slots 0: A - B - | 0.994 s: redistribute 0.070 ntt 0.830 crt 0.002 out 0.100 carry 0.002
cache_trace node 1: piece (0, 0) of 2 x 3, 79590803 + 53063711 limbs at 0, slots 0: A - B - | 0.994 s: redistribute 0.071 ntt 0.831 crt 0.002 out 0.101 carry 0.002
cache_trace node 2: piece (0, 0) of 2 x 3, 79590803 + 53063711 limbs at 0, slots 0: A - B - | 0.994 s: redistribute 0.070 ntt 0.826 crt 0.002 out 0.100 carry 0.002
cache_trace node 3: piece (0, 0) of 2 x 3, 79590803 + 53063711 limbs at 0, slots 0: A - B - | 0.994 s: redistribute 0.071 ntt 0.831 crt 0.001 out 0.105 carry 0.002
cache_trace node 0: piece (1, 0) of 2 x 3, 79590802 + 53063711 limbs at 79590803, slots 0: A - B - | 1.033 s: redistribute 0.077 ntt 0.860 crt 0.001 out 0.080 carry 0.030
cache_trace node 1: piece (1, 0) of 2 x 3, 79590802 + 53063711 limbs at 79590803, slots 0: A - B - | 1.033 s: redistribute 0.074 ntt 0.859 crt 0.001 out 0.079 carry 0.029
cache_trace node 2: piece (1, 0) of 2 x 3, 79590802 + 53063711 limbs at 79590803, slots 0: A - B - | 1.033 s: redistribute 0.078 ntt 0.856 crt 0.001 out 0.085 carry 0.029
cache_trace node 3: piece (1, 0) of 2 x 3, 79590802 + 53063711 limbs at 79590803, slots 0: A - B - | 1.033 s: redistribute 0.079 ntt 0.861 crt 0.001 out 0.081 carry 0.030
cache_trace node 0: piece (0, 1) of 2 x 3, 79590803 + 53063711 limbs at 53063711, slots 0: A - B - | 1.036 s: redistribute 0.065 ntt 0.865 crt 0.001 out 0.080 carry 0.028
cache_trace node 1: piece (0, 1) of 2 x 3, 79590803 + 53063711 limbs at 53063711, slots 0: A - B - | 1.036 s: redistribute 0.069 ntt 0.877 crt 0.001 out 0.085 carry 0.028
cache_trace node 2: piece (0, 1) of 2 x 3, 79590803 + 53063711 limbs at 53063711, slots 0: A - B - | 1.036 s: redistribute 0.069 ntt 0.859 crt 0.001 out 0.083 carry 0.028
cache_trace node 3: piece (0, 1) of 2 x 3, 79590803 + 53063711 limbs at 53063711, slots 0: A - B - | 1.036 s: redistribute 0.066 ntt 0.871 crt 0.001 out 0.081 carry 0.028
cache_trace node 0: piece (1, 1) of 2 x 3, 79590802 + 53063711 limbs at 132654514, slots 0: A - B - | 1.039 s: redistribute 0.079 ntt 0.871 crt 0.002 out 0.078 carry 0.028
cache_trace node 1: piece (1, 1) of 2 x 3, 79590802 + 53063711 limbs at 132654514, slots 0: A - B - | 1.039 s: redistribute 0.077 ntt 0.878 crt 0.002 out 0.082 carry 0.027
cache_trace node 2: piece (1, 1) of 2 x 3, 79590802 + 53063711 limbs at 132654514, slots 0: A - B - | 1.039 s: redistribute 0.074 ntt 0.875 crt 0.002 out 0.075 carry 0.028
cache_trace node 3: piece (1, 1) of 2 x 3, 79590802 + 53063711 limbs at 132654514, slots 0: A - B - | 1.039 s: redistribute 0.066 ntt 0.875 crt 0.002 out 0.080 carry 0.028
cache_trace node 0: piece (0, 2) of 2 x 3, 79590803 + 53063709 limbs at 106127422, slots 0: A - B - | 1.031 s: redistribute 0.080 ntt 0.862 crt 0.001 out 0.082 carry 0.034
cache_trace node 1: piece (0, 2) of 2 x 3, 79590803 + 53063709 limbs at 106127422, slots 0: A - B - | 1.031 s: redistribute 0.077 ntt 0.866 crt 0.001 out 0.084 carry 0.033
cache_trace node 2: piece (0, 2) of 2 x 3, 79590803 + 53063709 limbs at 106127422, slots 0: A - B - | 1.031 s: redistribute 0.076 ntt 0.866 crt 0.001 out 0.083 carry 0.033
cache_trace node 3: piece (0, 2) of 2 x 3, 79590803 + 53063709 limbs at 106127422, slots 0: A - B - | 1.031 s: redistribute 0.079 ntt 0.867 crt 0.001 out 0.086 carry 0.033
cache_trace node 0: piece (1, 2) of 2 x 3, 79590802 + 53063709 limbs at 185718225, slots 0: A - B - | 1.052 s: redistribute 0.076 ntt 0.875 crt 0.002 out 0.087 carry 0.031
dist_mn node 0: 159181605 x 159191131 limbs over 4 x 4 ranks (cap 2^27): 2 x 3 pieces, 6 formed, 0 skipped (cache 0 slots: 0 hits, 0 misses)
cache_trace node 1: piece (1, 2) of 2 x 3, 79590802 + 53063709 limbs at 185718225, slots 0: A - B - | 1.052 s: redistribute 0.071 ntt 0.869 crt 0.002 out 0.088 carry 0.031
dist_mn node 1: 159181605 x 159191131 limbs over 4 x 4 ranks (cap 2^27): 2 x 3 pieces, 6 formed, 0 skipped (cache 0 slots: 0 hits, 0 misses)
cache_trace node 2: piece (1, 2) of 2 x 3, 79590802 + 53063709 limbs at 185718225, slots 0: A - B - | 1.052 s: redistribute 0.075 ntt 0.866 crt 0.001 out 0.086 carry 0.030
dist_mn node 2: 159181605 x 159191131 limbs over 4 x 4 ranks (cap 2^27): 2 x 3 pieces, 6 formed, 0 skipped (cache 0 slots: 0 hits, 0 misses)
cache_trace node 3: piece (1, 2) of 2 x 3, 79590802 + 53063709 limbs at 185718225, slots 0: A - B - | 1.052 s: redistribute 0.074 ntt 0.873 crt 0.001 out 0.085 carry 0.030
dist_mn node 3: 159181605 x 159191131 limbs over 4 x 4 ranks (cap 2^27): 2 x 3 pieces, 6 formed, 0 skipped (cache 0 slots: 0 hits, 0 misses)
cx_grid node 3: rep 2 shape 2x3_full (159181605 x 159191131, cut 0 / -1) slots 0: 6.191 s, cache 0 hits 0 misses, C sha256 9bd99874540d8242 same
cx_grid node 1: rep 2 shape 2x3_full (159181605 x 159191131, cut 0 / -1) slots 0: 6.191 s, cache 0 hits 0 misses, C sha256 016385c789164206 same
cx_grid node 2: rep 2 shape 2x3_full (159181605 x 159191131, cut 0 / -1) slots 0: 6.191 s, cache 0 hits 0 misses, C sha256 f4218a47e6a08190 same
cx_grid node 0: rep 2 shape 2x3_full (159181605 x 159191131, cut 0 / -1) slots 0: 6.191 s, cache 0 hits 0 misses, C sha256 225bd7b48e391974 same
cache_trace node 0: piece (0, 0) of 2 x 3, 79590803 + 53063711 limbs at 0, slots 1: A - B cached | 1.010 s: redistribute 0.074 ntt 0.842 crt 0.002 out 0.090 carry 0.002
cache_trace node 1: piece (0, 0) of 2 x 3, 79590803 + 53063711 limbs at 0, slots 1: A - B cached | 1.010 s: redistribute 0.074 ntt 0.848 crt 0.001 out 0.088 carry 0.002
cache_trace node 3: piece (0, 0) of 2 x 3, 79590803 + 53063711 limbs at 0, slots 1: A - B cached | 1.010 s: redistribute 0.074 ntt 0.851 crt 0.002 out 0.093 carry 0.002
cache_trace node 2: piece (0, 0) of 2 x 3, 79590803 + 53063711 limbs at 0, slots 1: A - B cached | 1.010 s: redistribute 0.072 ntt 0.844 crt 0.002 out 0.090 carry 0.002
cache_trace node 0: piece (1, 0) of 2 x 3, 79590802 + 53063711 limbs at 79590803, slots 1: A - B HIT | 0.712 s: redistribute 0.048 ntt 0.563 crt 0.003 out 0.080 carry 0.029
cache_trace node 1: piece (1, 0) of 2 x 3, 79590802 + 53063711 limbs at 79590803, slots 1: A - B HIT | 0.712 s: redistribute 0.049 ntt 0.559 crt 0.002 out 0.081 carry 0.029
cache_trace node 2: piece (1, 0) of 2 x 3, 79590802 + 53063711 limbs at 79590803, slots 1: A - B HIT | 0.712 s: redistribute 0.037 ntt 0.568 crt 0.003 out 0.086 carry 0.029
cache_trace node 3: piece (1, 0) of 2 x 3, 79590802 + 53063711 limbs at 79590803, slots 1: A - B HIT | 0.712 s: redistribute 0.050 ntt 0.569 crt 0.001 out 0.083 carry 0.029
cache_trace node 0: piece (0, 1) of 2 x 3, 79590803 + 53063711 limbs at 53063711, slots 1: A - B cached | 1.033 s: redistribute 0.072 ntt 0.857 crt 0.002 out 0.083 carry 0.028
cache_trace node 1: piece (0, 1) of 2 x 3, 79590803 + 53063711 limbs at 53063711, slots 1: A - B cached | 1.033 s: redistribute 0.072 ntt 0.856 crt 0.002 out 0.082 carry 0.028
cache_trace node 2: piece (0, 1) of 2 x 3, 79590803 + 53063711 limbs at 53063711, slots 1: A - B cached | 1.033 s: redistribute 0.072 ntt 0.856 crt 0.002 out 0.086 carry 0.028
cache_trace node 3: piece (0, 1) of 2 x 3, 79590803 + 53063711 limbs at 53063711, slots 1: A - B cached | 1.033 s: redistribute 0.067 ntt 0.869 crt 0.002 out 0.083 carry 0.028
cache_trace node 0: piece (1, 1) of 2 x 3, 79590802 + 53063711 limbs at 132654514, slots 1: A - B HIT | 0.739 s: redistribute 0.046 ntt 0.599 crt 0.001 out 0.079 carry 0.024
cache_trace node 1: piece (1, 1) of 2 x 3, 79590802 + 53063711 limbs at 132654514, slots 1: A - B HIT | 0.739 s: redistribute 0.048 ntt 0.601 crt 0.001 out 0.082 carry 0.024
cache_trace node 2: piece (1, 1) of 2 x 3, 79590802 + 53063711 limbs at 132654514, slots 1: A - B HIT | 0.739 s: redistribute 0.049 ntt 0.600 crt 0.001 out 0.081 carry 0.024
cache_trace node 3: piece (1, 1) of 2 x 3, 79590802 + 53063711 limbs at 132654514, slots 1: A - B HIT | 0.739 s: redistribute 0.049 ntt 0.599 crt 0.001 out 0.083 carry 0.024
cache_trace node 0: piece (0, 2) of 2 x 3, 79590803 + 53063709 limbs at 106127422, slots 1: A - B cached | 1.052 s: redistribute 0.069 ntt 0.878 crt 0.002 out 0.083 carry 0.035
cache_trace node 1: piece (0, 2) of 2 x 3, 79590803 + 53063709 limbs at 106127422, slots 1: A - B cached | 1.052 s: redistribute 0.074 ntt 0.875 crt 0.001 out 0.085 carry 0.034
cache_trace node 2: piece (0, 2) of 2 x 3, 79590803 + 53063709 limbs at 106127422, slots 1: A - B cached | 1.052 s: redistribute 0.069 ntt 0.888 crt 0.002 out 0.078 carry 0.034
cache_trace node 3: piece (0, 2) of 2 x 3, 79590803 + 53063709 limbs at 106127422, slots 1: A - B cached | 1.052 s: redistribute 0.074 ntt 0.874 crt 0.002 out 0.083 carry 0.035
cache_trace node 0: piece (1, 2) of 2 x 3, 79590802 + 53063709 limbs at 185718225, slots 1: A - B HIT | 0.748 s: redistribute 0.046 ntt 0.602 crt 0.002 out 0.085 carry 0.031
dist_mn node 0: 159181605 x 159191131 limbs over 4 x 4 ranks (cap 2^27): 2 x 3 pieces, 6 formed, 0 skipped (cache 1 slots: 3 hits, 3 misses)
cache_trace node 1: piece (1, 2) of 2 x 3, 79590802 + 53063709 limbs at 185718225, slots 1: A - B HIT | 0.748 s: redistribute 0.043 ntt 0.602 crt 0.001 out 0.091 carry 0.030
dist_mn node 1: 159181605 x 159191131 limbs over 4 x 4 ranks (cap 2^27): 2 x 3 pieces, 6 formed, 0 skipped (cache 1 slots: 3 hits, 3 misses)
cache_trace node 2: piece (1, 2) of 2 x 3, 79590802 + 53063709 limbs at 185718225, slots 1: A - B HIT | 0.748 s: redistribute 0.046 ntt 0.608 crt 0.002 out 0.084 carry 0.030
dist_mn node 2: 159181605 x 159191131 limbs over 4 x 4 ranks (cap 2^27): 2 x 3 pieces, 6 formed, 0 skipped (cache 1 slots: 3 hits, 3 misses)
cache_trace node 3: piece (1, 2) of 2 x 3, 79590802 + 53063709 limbs at 185718225, slots 1: A - B HIT | 0.748 s: redistribute 0.044 ntt 0.615 crt 0.001 out 0.089 carry 0.030
dist_mn node 3: 159181605 x 159191131 limbs over 4 x 4 ranks (cap 2^27): 2 x 3 pieces, 6 formed, 0 skipped (cache 1 slots: 3 hits, 3 misses)
cx_grid node 2: rep 2 shape 2x3_full (159181605 x 159191131, cut 0 / -1) slots 1: 5.300 s, cache 3 hits 3 misses, C sha256 f4218a47e6a08190 same
cx_grid node 1: rep 2 shape 2x3_full (159181605 x 159191131, cut 0 / -1) slots 1: 5.300 s, cache 3 hits 3 misses, C sha256 016385c789164206 same
cx_grid node 3: rep 2 shape 2x3_full (159181605 x 159191131, cut 0 / -1) slots 1: 5.300 s, cache 3 hits 3 misses, C sha256 9bd99874540d8242 same
cx_grid node 0: rep 2 shape 2x3_full (159181605 x 159191131, cut 0 / -1) slots 1: 5.300 s, cache 3 hits 3 misses, C sha256 225bd7b48e391974 same
cache_trace node 0: piece (0, 0) of 2 x 3, 79590803 + 53063711 limbs at 0, slots 2: A cached B cached | 1.020 s: redistribute 0.074 ntt 0.861 crt 0.002 out 0.097 carry 0.002
cache_trace node 1: piece (0, 0) of 2 x 3, 79590803 + 53063711 limbs at 0, slots 2: A cached B cached | 1.020 s: redistribute 0.069 ntt 0.874 crt 0.002 out 0.099 carry 0.002
cache_trace node 3: piece (0, 0) of 2 x 3, 79590803 + 53063711 limbs at 0, slots 2: A cached B cached | 1.020 s: redistribute 0.069 ntt 0.866 crt 0.001 out 0.096 carry 0.003
cache_trace node 2: piece (0, 0) of 2 x 3, 79590803 + 53063711 limbs at 0, slots 2: A cached B cached | 1.021 s: redistribute 0.074 ntt 0.860 crt 0.002 out 0.096 carry 0.003
cache_trace node 0: piece (1, 0) of 2 x 3, 79590802 + 53063711 limbs at 79590803, slots 2: A - B HIT | 0.729 s: redistribute 0.041 ntt 0.574 crt 0.002 out 0.088 carry 0.030
cache_trace node 1: piece (1, 0) of 2 x 3, 79590802 + 53063711 limbs at 79590803, slots 2: A - B HIT | 0.729 s: redistribute 0.046 ntt 0.571 crt 0.002 out 0.086 carry 0.029
cache_trace node 2: piece (1, 0) of 2 x 3, 79590802 + 53063711 limbs at 79590803, slots 2: A - B HIT | 0.729 s: redistribute 0.040 ntt 0.572 crt 0.002 out 0.085 carry 0.029
cache_trace node 3: piece (1, 0) of 2 x 3, 79590802 + 53063711 limbs at 79590803, slots 2: A - B HIT | 0.729 s: redistribute 0.048 ntt 0.582 crt 0.002 out 0.079 carry 0.029
cache_trace node 0: piece (0, 1) of 2 x 3, 79590803 + 53063711 limbs at 53063711, slots 2: A HIT B cached | 0.702 s: redistribute 0.030 ntt 0.570 crt 0.002 out 0.074 carry 0.029
cache_trace node 1: piece (0, 1) of 2 x 3, 79590803 + 53063711 limbs at 53063711, slots 2: A HIT B cached | 0.702 s: redistribute 0.024 ntt 0.574 crt 0.001 out 0.080 carry 0.029
cache_trace node 2: piece (0, 1) of 2 x 3, 79590803 + 53063711 limbs at 53063711, slots 2: A HIT B cached | 0.702 s: redistribute 0.028 ntt 0.573 crt 0.002 out 0.078 carry 0.029
cache_trace node 3: piece (0, 1) of 2 x 3, 79590803 + 53063711 limbs at 53063711, slots 2: A HIT B cached | 0.702 s: redistribute 0.030 ntt 0.571 crt 0.001 out 0.077 carry 0.029
cache_trace node 0: piece (1, 1) of 2 x 3, 79590802 + 53063711 limbs at 132654514, slots 2: A - B HIT | 0.694 s: redistribute 0.043 ntt 0.556 crt 0.003 out 0.076 carry 0.025
cache_trace node 1: piece (1, 1) of 2 x 3, 79590802 + 53063711 limbs at 132654514, slots 2: A - B HIT | 0.694 s: redistribute 0.043 ntt 0.551 crt 0.001 out 0.082 carry 0.025
cache_trace node 2: piece (1, 1) of 2 x 3, 79590802 + 53063711 limbs at 132654514, slots 2: A - B HIT | 0.694 s: redistribute 0.043 ntt 0.557 crt 0.003 out 0.077 carry 0.025
cache_trace node 3: piece (1, 1) of 2 x 3, 79590802 + 53063711 limbs at 132654514, slots 2: A - B HIT | 0.694 s: redistribute 0.044 ntt 0.554 crt 0.003 out 0.079 carry 0.025
cache_trace node 0: piece (0, 2) of 2 x 3, 79590803 + 53063709 limbs at 106127422, slots 2: A HIT B cached | 0.709 s: redistribute 0.027 ntt 0.571 crt 0.002 out 0.081 carry 0.033
cache_trace node 1: piece (0, 2) of 2 x 3, 79590803 + 53063709 limbs at 106127422, slots 2: A HIT B cached | 0.709 s: redistribute 0.028 ntt 0.570 crt 0.001 out 0.085 carry 0.033
cache_trace node 3: piece (0, 2) of 2 x 3, 79590803 + 53063709 limbs at 106127422, slots 2: A HIT B cached | 0.709 s: redistribute 0.032 ntt 0.567 crt 0.003 out 0.083 carry 0.033
cache_trace node 2: piece (0, 2) of 2 x 3, 79590803 + 53063709 limbs at 106127422, slots 2: A HIT B cached | 0.709 s: redistribute 0.032 ntt 0.568 crt 0.003 out 0.080 carry 0.033
cache_trace node 0: piece (1, 2) of 2 x 3, 79590802 + 53063709 limbs at 185718225, slots 2: A - B HIT | 0.719 s: redistribute 0.042 ntt 0.576 crt 0.001 out 0.076 carry 0.031
dist_mn node 0: 159181605 x 159191131 limbs over 4 x 4 ranks (cap 2^27): 2 x 3 pieces, 6 formed, 0 skipped (cache 2 slots: 5 hits, 4 misses)
cache_trace node 1: piece (1, 2) of 2 x 3, 79590802 + 53063709 limbs at 185718225, slots 2: A - B HIT | 0.719 s: redistribute 0.044 ntt 0.574 crt 0.002 out 0.079 carry 0.030
dist_mn node 1: 159181605 x 159191131 limbs over 4 x 4 ranks (cap 2^27): 2 x 3 pieces, 6 formed, 0 skipped (cache 2 slots: 5 hits, 4 misses)
cache_trace node 2: piece (1, 2) of 2 x 3, 79590802 + 53063709 limbs at 185718225, slots 2: A - B HIT | 0.719 s: redistribute 0.044 ntt 0.569 crt 0.001 out 0.085 carry 0.030
dist_mn node 2: 159181605 x 159191131 limbs over 4 x 4 ranks (cap 2^27): 2 x 3 pieces, 6 formed, 0 skipped (cache 2 slots: 5 hits, 4 misses)
cache_trace node 3: piece (1, 2) of 2 x 3, 79590802 + 53063709 limbs at 185718225, slots 2: A - B HIT | 0.719 s: redistribute 0.043 ntt 0.574 crt 0.002 out 0.081 carry 0.030
dist_mn node 3: 159181605 x 159191131 limbs over 4 x 4 ranks (cap 2^27): 2 x 3 pieces, 6 formed, 0 skipped (cache 2 slots: 5 hits, 4 misses)
cx_grid node 3: rep 2 shape 2x3_full (159181605 x 159191131, cut 0 / -1) slots 2: 4.578 s, cache 5 hits 4 misses, C sha256 9bd99874540d8242 same
cx_grid node 2: rep 2 shape 2x3_full (159181605 x 159191131, cut 0 / -1) slots 2: 4.578 s, cache 5 hits 4 misses, C sha256 f4218a47e6a08190 same
cx_grid node 1: rep 2 shape 2x3_full (159181605 x 159191131, cut 0 / -1) slots 2: 4.578 s, cache 5 hits 4 misses, C sha256 016385c789164206 same
cx_grid node 0: rep 2 shape 2x3_full (159181605 x 159191131, cut 0 / -1) slots 2: 4.578 s, cache 5 hits 4 misses, C sha256 225bd7b48e391974 same
cache_trace node 0: piece (0, 0) of 2 x 6, 78703953 + 52845459 limbs at 0, slots 0: A - B - | 1.040 s: redistribute 0.070 ntt 0.850 crt 0.002 out 0.125 carry 0.002
cache_trace node 1: piece (0, 0) of 2 x 6, 78703953 + 52845459 limbs at 0, slots 0: A - B - | 1.040 s: redistribute 0.068 ntt 0.848 crt 0.002 out 0.126 carry 0.003
cache_trace node 2: piece (0, 0) of 2 x 6, 78703953 + 52845459 limbs at 0, slots 0: A - B - | 1.040 s: redistribute 0.069 ntt 0.856 crt 0.002 out 0.117 carry 0.003
cache_trace node 3: piece (0, 0) of 2 x 6, 78703953 + 52845459 limbs at 0, slots 0: A - B - | 1.040 s: redistribute 0.070 ntt 0.849 crt 0.002 out 0.124 carry 0.003
cache_trace node 0: piece (1, 0) of 2 x 6, 78703952 + 52845459 limbs at 78703953, slots 0: A - B - | 1.079 s: redistribute 0.067 ntt 0.885 crt 0.001 out 0.100 carry 0.042
cache_trace node 1: piece (1, 0) of 2 x 6, 78703952 + 52845459 limbs at 78703953, slots 0: A - B - | 1.079 s: redistribute 0.069 ntt 0.874 crt 0.002 out 0.097 carry 0.042
cache_trace node 2: piece (1, 0) of 2 x 6, 78703952 + 52845459 limbs at 78703953, slots 0: A - B - | 1.079 s: redistribute 0.085 ntt 0.878 crt 0.001 out 0.098 carry 0.043
cache_trace node 3: piece (1, 0) of 2 x 6, 78703952 + 52845459 limbs at 78703953, slots 0: A - B - | 1.079 s: redistribute 0.086 ntt 0.880 crt 0.001 out 0.095 carry 0.043
cache_trace node 0: piece (0, 1) of 2 x 6, 78703953 + 52845459 limbs at 52845459, slots 0: A - B - | 1.099 s: redistribute 0.068 ntt 0.881 crt 0.002 out 0.095 carry 0.053
cache_trace node 1: piece (0, 1) of 2 x 6, 78703953 + 52845459 limbs at 52845459, slots 0: A - B - | 1.099 s: redistribute 0.073 ntt 0.889 crt 0.003 out 0.092 carry 0.053
cache_trace node 3: piece (0, 1) of 2 x 6, 78703953 + 52845459 limbs at 52845459, slots 0: A - B - | 1.099 s: redistribute 0.080 ntt 0.898 crt 0.003 out 0.093 carry 0.054
cache_trace node 2: piece (0, 1) of 2 x 6, 78703953 + 52845459 limbs at 52845459, slots 0: A - B - | 1.099 s: redistribute 0.080 ntt 0.887 crt 0.002 out 0.095 carry 0.054
cache_trace node 0: piece (1, 1) of 2 x 6, 78703952 + 52845459 limbs at 131549412, slots 0: A - B - | 1.074 s: redistribute 0.067 ntt 0.872 crt 0.001 out 0.105 carry 0.031
cache_trace node 1: piece (1, 1) of 2 x 6, 78703952 + 52845459 limbs at 131549412, slots 0: A - B - | 1.074 s: redistribute 0.072 ntt 0.870 crt 0.002 out 0.107 carry 0.030
cache_trace node 2: piece (1, 1) of 2 x 6, 78703952 + 52845459 limbs at 131549412, slots 0: A - B - | 1.074 s: redistribute 0.070 ntt 0.874 crt 0.002 out 0.108 carry 0.030
cache_trace node 3: piece (1, 1) of 2 x 6, 78703952 + 52845459 limbs at 131549412, slots 0: A - B - | 1.074 s: redistribute 0.068 ntt 0.877 crt 0.001 out 0.110 carry 0.031
cache_trace node 0: piece (0, 2) of 2 x 6, 78703953 + 52845459 limbs at 105690918, slots 0: A - B - | 1.055 s: redistribute 0.067 ntt 0.858 crt 0.002 out 0.119 carry 0.017
cache_trace node 1: piece (0, 2) of 2 x 6, 78703953 + 52845459 limbs at 105690918, slots 0: A - B - | 1.055 s: redistribute 0.071 ntt 0.867 crt 0.002 out 0.117 carry 0.017
cache_trace node 2: piece (0, 2) of 2 x 6, 78703953 + 52845459 limbs at 105690918, slots 0: A - B - | 1.055 s: redistribute 0.070 ntt 0.855 crt 0.002 out 0.120 carry 0.017
cache_trace node 3: piece (0, 2) of 2 x 6, 78703953 + 52845459 limbs at 105690918, slots 0: A - B - | 1.055 s: redistribute 0.067 ntt 0.865 crt 0.002 out 0.117 carry 0.017
cache_trace node 0: piece (1, 2) of 2 x 6, 78703952 + 52845459 limbs at 184394871, slots 0: A - B - | 1.044 s: redistribute 0.069 ntt 0.859 crt 0.001 out 0.081 carry 0.050
cache_trace node 1: piece (1, 2) of 2 x 6, 78703952 + 52845459 limbs at 184394871, slots 0: A - B - | 1.044 s: redistribute 0.066 ntt 0.853 crt 0.001 out 0.083 carry 0.050
cache_trace node 2: piece (1, 2) of 2 x 6, 78703952 + 52845459 limbs at 184394871, slots 0: A - B - | 1.044 s: redistribute 0.068 ntt 0.854 crt 0.003 out 0.085 carry 0.050
cache_trace node 3: piece (1, 2) of 2 x 6, 78703952 + 52845459 limbs at 184394871, slots 0: A - B - | 1.044 s: redistribute 0.068 ntt 0.854 crt 0.002 out 0.084 carry 0.050
cache_trace node 1: piece (0, 3) of 2 x 6, 78703953 + 52845459 limbs at 158536377, slots 0: A - B - | 1.116 s: redistribute 0.076 ntt 0.906 crt 0.001 out 0.088 carry 0.057
cache_trace node 2: piece (0, 3) of 2 x 6, 78703953 + 52845459 limbs at 158536377, slots 0: A - B - | 1.116 s: redistribute 0.074 ntt 0.911 crt 0.001 out 0.085 carry 0.058
cache_trace node 0: piece (0, 3) of 2 x 6, 78703953 + 52845459 limbs at 158536377, slots 0: A - B - | 1.116 s: redistribute 0.073 ntt 0.906 crt 0.002 out 0.085 carry 0.058
cache_trace node 3: piece (0, 3) of 2 x 6, 78703953 + 52845459 limbs at 158536377, slots 0: A - B - | 1.116 s: redistribute 0.076 ntt 0.917 crt 0.002 out 0.085 carry 0.058
cache_trace node 0: piece (1, 3) of 2 x 6, 78703952 + 52845459 limbs at 237240330, slots 0: A - B - | 1.044 s: redistribute 0.068 ntt 0.868 crt 0.002 out 0.102 carry 0.015
cache_trace node 1: piece (1, 3) of 2 x 6, 78703952 + 52845459 limbs at 237240330, slots 0: A - B - | 1.044 s: redistribute 0.071 ntt 0.878 crt 0.002 out 0.103 carry 0.015
cache_trace node 2: piece (1, 3) of 2 x 6, 78703952 + 52845459 limbs at 237240330, slots 0: A - B - | 1.044 s: redistribute 0.070 ntt 0.870 crt 0.001 out 0.101 carry 0.014
cache_trace node 3: piece (1, 3) of 2 x 6, 78703952 + 52845459 limbs at 237240330, slots 0: A - B - | 1.044 s: redistribute 0.069 ntt 0.867 crt 0.001 out 0.108 carry 0.015
cache_trace node 0: piece (0, 4) of 2 x 6, 78703953 + 52845459 limbs at 211381836, slots 0: A - B - | 1.032 s: redistribute 0.067 ntt 0.839 crt 0.001 out 0.098 carry 0.033
cache_trace node 1: piece (0, 4) of 2 x 6, 78703953 + 52845459 limbs at 211381836, slots 0: A - B - | 1.032 s: redistribute 0.068 ntt 0.843 crt 0.001 out 0.095 carry 0.032
cache_trace node 2: piece (0, 4) of 2 x 6, 78703953 + 52845459 limbs at 211381836, slots 0: A - B - | 1.032 s: redistribute 0.072 ntt 0.842 crt 0.002 out 0.101 carry 0.032
cache_trace node 3: piece (0, 4) of 2 x 6, 78703953 + 52845459 limbs at 211381836, slots 0: A - B - | 1.032 s: redistribute 0.072 ntt 0.843 crt 0.002 out 0.096 carry 0.032
cache_trace node 0: piece (1, 4) of 2 x 6, 78703952 + 52845459 limbs at 290085789, slots 0: A - B - | 1.050 s: redistribute 0.070 ntt 0.855 crt 0.001 out 0.080 carry 0.051
cache_trace node 2: piece (1, 4) of 2 x 6, 78703952 + 52845459 limbs at 290085789, slots 0: A - B - | 1.051 s: redistribute 0.073 ntt 0.862 crt 0.001 out 0.079 carry 0.051
cache_trace node 3: piece (1, 4) of 2 x 6, 78703952 + 52845459 limbs at 290085789, slots 0: A - B - | 1.051 s: redistribute 0.071 ntt 0.862 crt 0.001 out 0.081 carry 0.051
cache_trace node 1: piece (1, 4) of 2 x 6, 78703952 + 52845459 limbs at 290085789, slots 0: A - B - | 1.051 s: redistribute 0.073 ntt 0.854 crt 0.001 out 0.082 carry 0.051
cache_trace node 0: piece (0, 5) of 2 x 6, 78703953 + 52845454 limbs at 264227295, slots 0: A - B - | 1.053 s: redistribute 0.067 ntt 0.856 crt 0.002 out 0.096 carry 0.046
cache_trace node 1: piece (0, 5) of 2 x 6, 78703953 + 52845454 limbs at 264227295, slots 0: A - B - | 1.053 s: redistribute 0.068 ntt 0.859 crt 0.002 out 0.095 carry 0.046
cache_trace node 2: piece (0, 5) of 2 x 6, 78703953 + 52845454 limbs at 264227295, slots 0: A - B - | 1.053 s: redistribute 0.068 ntt 0.864 crt 0.001 out 0.092 carry 0.045
cache_trace node 3: piece (0, 5) of 2 x 6, 78703953 + 52845454 limbs at 264227295, slots 0: A - B - | 1.053 s: redistribute 0.068 ntt 0.847 crt 0.002 out 0.096 carry 0.046
cache_trace node 0: piece (1, 5) of 2 x 6, 78703952 + 52845454 limbs at 342931248, slots 0: A - B - | 1.050 s: redistribute 0.069 ntt 0.885 crt 0.001 out 0.102 carry 0.014
dist_mn node 0: 157407905 x 317072749 limbs over 4 x 4 ranks (cap 2^27): 2 x 6 pieces, 12 formed, 0 skipped (cache 0 slots: 0 hits, 0 misses)
cache_trace node 1: piece (1, 5) of 2 x 6, 78703952 + 52845454 limbs at 342931248, slots 0: A - B - | 1.050 s: redistribute 0.072 ntt 0.874 crt 0.001 out 0.106 carry 0.014
dist_mn node 1: 157407905 x 317072749 limbs over 4 x 4 ranks (cap 2^27): 2 x 6 pieces, 12 formed, 0 skipped (cache 0 slots: 0 hits, 0 misses)
cache_trace node 2: piece (1, 5) of 2 x 6, 78703952 + 52845454 limbs at 342931248, slots 0: A - B - | 1.050 s: redistribute 0.065 ntt 0.882 crt 0.002 out 0.095 carry 0.014
dist_mn node 2: 157407905 x 317072749 limbs over 4 x 4 ranks (cap 2^27): 2 x 6 pieces, 12 formed, 0 skipped (cache 0 slots: 0 hits, 0 misses)
cache_trace node 3: piece (1, 5) of 2 x 6, 78703952 + 52845454 limbs at 342931248, slots 0: A - B - | 1.050 s: redistribute 0.070 ntt 0.876 crt 0.002 out 0.104 carry 0.014
dist_mn node 3: 157407905 x 317072749 limbs over 4 x 4 ranks (cap 2^27): 2 x 6 pieces, 12 formed, 0 skipped (cache 0 slots: 0 hits, 0 misses)
cx_grid node 1: rep 2 shape 2x6_full (157407905 x 317072749, cut 0 / -1) slots 0: 12.744 s, cache 0 hits 0 misses, C sha256 6330df3bb25f6c16 same
cx_grid node 2: rep 2 shape 2x6_full (157407905 x 317072749, cut 0 / -1) slots 0: 12.744 s, cache 0 hits 0 misses, C sha256 99747f2d57c5e2cf same
cx_grid node 0: rep 2 shape 2x6_full (157407905 x 317072749, cut 0 / -1) slots 0: 12.744 s, cache 0 hits 0 misses, C sha256 75d48aec4fdde193 same
cx_grid node 3: rep 2 shape 2x6_full (157407905 x 317072749, cut 0 / -1) slots 0: 12.744 s, cache 0 hits 0 misses, C sha256 db65c4e9c17923b1 same
cache_trace node 0: piece (0, 0) of 2 x 6, 78703953 + 52845459 limbs at 0, slots 1: A - B cached | 1.102 s: redistribute 0.069 ntt 0.895 crt 0.002 out 0.140 carry 0.002
cache_trace node 1: piece (0, 0) of 2 x 6, 78703953 + 52845459 limbs at 0, slots 1: A - B cached | 1.102 s: redistribute 0.069 ntt 0.903 crt 0.001 out 0.136 carry 0.002
cache_trace node 2: piece (0, 0) of 2 x 6, 78703953 + 52845459 limbs at 0, slots 1: A - B cached | 1.102 s: redistribute 0.069 ntt 0.901 crt 0.002 out 0.140 carry 0.003
cache_trace node 3: piece (0, 0) of 2 x 6, 78703953 + 52845459 limbs at 0, slots 1: A - B cached | 1.102 s: redistribute 0.068 ntt 0.898 crt 0.001 out 0.144 carry 0.002
cache_trace node 0: piece (1, 0) of 2 x 6, 78703952 + 52845459 limbs at 78703953, slots 1: A - B HIT | 0.754 s: redistribute 0.044 ntt 0.575 crt 0.001 out 0.101 carry 0.042
cache_trace node 1: piece (1, 0) of 2 x 6, 78703952 + 52845459 limbs at 78703953, slots 1: A - B HIT | 0.754 s: redistribute 0.046 ntt 0.569 crt 0.001 out 0.100 carry 0.042
cache_trace node 3: piece (1, 0) of 2 x 6, 78703952 + 52845459 limbs at 78703953, slots 1: A - B HIT | 0.754 s: redistribute 0.047 ntt 0.574 crt 0.002 out 0.102 carry 0.042
cache_trace node 2: piece (1, 0) of 2 x 6, 78703952 + 52845459 limbs at 78703953, slots 1: A - B HIT | 0.754 s: redistribute 0.046 ntt 0.571 crt 0.002 out 0.106 carry 0.043
cache_trace node 0: piece (0, 1) of 2 x 6, 78703953 + 52845459 limbs at 52845459, slots 1: A - B cached | 1.084 s: redistribute 0.070 ntt 0.876 crt 0.002 out 0.095 carry 0.054
cache_trace node 1: piece (0, 1) of 2 x 6, 78703953 + 52845459 limbs at 52845459, slots 1: A - B cached | 1.084 s: redistribute 0.075 ntt 0.875 crt 0.002 out 0.089 carry 0.054
cache_trace node 2: piece (0, 1) of 2 x 6, 78703953 + 52845459 limbs at 52845459, slots 1: A - B cached | 1.084 s: redistribute 0.074 ntt 0.876 crt 0.001 out 0.090 carry 0.054
cache_trace node 3: piece (0, 1) of 2 x 6, 78703953 + 52845459 limbs at 52845459, slots 1: A - B cached | 1.084 s: redistribute 0.071 ntt 0.880 crt 0.002 out 0.089 carry 0.054
cache_trace node 0: piece (1, 1) of 2 x 6, 78703952 + 52845459 limbs at 131549412, slots 1: A - B HIT | 0.726 s: redistribute 0.044 ntt 0.569 crt 0.001 out 0.099 carry 0.029
cache_trace node 1: piece (1, 1) of 2 x 6, 78703952 + 52845459 limbs at 131549412, slots 1: A - B HIT | 0.726 s: redistribute 0.043 ntt 0.561 crt 0.001 out 0.101 carry 0.028
cache_trace node 2: piece (1, 1) of 2 x 6, 78703952 + 52845459 limbs at 131549412, slots 1: A - B HIT | 0.726 s: redistribute 0.039 ntt 0.569 crt 0.002 out 0.102 carry 0.028
cache_trace node 3: piece (1, 1) of 2 x 6, 78703952 + 52845459 limbs at 131549412, slots 1: A - B HIT | 0.726 s: redistribute 0.040 ntt 0.562 crt 0.002 out 0.101 carry 0.029
cache_trace node 0: piece (0, 2) of 2 x 6, 78703953 + 52845459 limbs at 105690918, slots 1: A - B cached | 1.038 s: redistribute 0.076 ntt 0.845 crt 0.002 out 0.110 carry 0.017
cache_trace node 1: piece (0, 2) of 2 x 6, 78703953 + 52845459 limbs at 105690918, slots 1: A - B cached | 1.038 s: redistribute 0.077 ntt 0.848 crt 0.002 out 0.109 carry 0.017
cache_trace node 2: piece (0, 2) of 2 x 6, 78703953 + 52845459 limbs at 105690918, slots 1: A - B cached | 1.038 s: redistribute 0.075 ntt 0.853 crt 0.002 out 0.110 carry 0.017
cache_trace node 3: piece (0, 2) of 2 x 6, 78703953 + 52845459 limbs at 105690918, slots 1: A - B cached | 1.038 s: redistribute 0.073 ntt 0.849 crt 0.001 out 0.110 carry 0.017
cache_trace node 1: piece (1, 2) of 2 x 6, 78703952 + 52845459 limbs at 184394871, slots 1: A - B HIT | 0.726 s: redistribute 0.042 ntt 0.559 crt 0.002 out 0.087 carry 0.049
cache_trace node 2: piece (1, 2) of 2 x 6, 78703952 + 52845459 limbs at 184394871, slots 1: A - B HIT | 0.726 s: redistribute 0.040 ntt 0.557 crt 0.002 out 0.086 carry 0.049
cache_trace node 3: piece (1, 2) of 2 x 6, 78703952 + 52845459 limbs at 184394871, slots 1: A - B HIT | 0.726 s: redistribute 0.041 ntt 0.558 crt 0.002 out 0.089 carry 0.049
cache_trace node 0: piece (1, 2) of 2 x 6, 78703952 + 52845459 limbs at 184394871, slots 1: A - B HIT | 0.726 s: redistribute 0.044 ntt 0.559 crt 0.002 out 0.083 carry 0.050
cache_trace node 0: piece (0, 3) of 2 x 6, 78703953 + 52845459 limbs at 158536377, slots 1: A - B cached | 1.070 s: redistribute 0.071 ntt 0.871 crt 0.002 out 0.083 carry 0.057
cache_trace node 1: piece (0, 3) of 2 x 6, 78703953 + 52845459 limbs at 158536377, slots 1: A - B cached | 1.070 s: redistribute 0.070 ntt 0.878 crt 0.002 out 0.085 carry 0.057
cache_trace node 2: piece (0, 3) of 2 x 6, 78703953 + 52845459 limbs at 158536377, slots 1: A - B cached | 1.070 s: redistribute 0.068 ntt 0.879 crt 0.002 out 0.083 carry 0.057
cache_trace node 3: piece (0, 3) of 2 x 6, 78703953 + 52845459 limbs at 158536377, slots 1: A - B cached | 1.070 s: redistribute 0.070 ntt 0.880 crt 0.002 out 0.087 carry 0.057
cache_trace node 0: piece (1, 3) of 2 x 6, 78703952 + 52845459 limbs at 237240330, slots 1: A - B HIT | 0.768 s: redistribute 0.055 ntt 0.596 crt 0.002 out 0.108 carry 0.015
cache_trace node 1: piece (1, 3) of 2 x 6, 78703952 + 52845459 limbs at 237240330, slots 1: A - B HIT | 0.768 s: redistribute 0.054 ntt 0.597 crt 0.002 out 0.116 carry 0.014
cache_trace node 2: piece (1, 3) of 2 x 6, 78703952 + 52845459 limbs at 237240330, slots 1: A - B HIT | 0.768 s: redistribute 0.043 ntt 0.613 crt 0.001 out 0.112 carry 0.014
cache_trace node 3: piece (1, 3) of 2 x 6, 78703952 + 52845459 limbs at 237240330, slots 1: A - B HIT | 0.768 s: redistribute 0.038 ntt 0.616 crt 0.001 out 0.110 carry 0.014
cache_trace node 0: piece (0, 4) of 2 x 6, 78703953 + 52845459 limbs at 211381836, slots 1: A - B cached | 1.026 s: redistribute 0.068 ntt 0.833 crt 0.002 out 0.099 carry 0.033
cache_trace node 1: piece (0, 4) of 2 x 6, 78703953 + 52845459 limbs at 211381836, slots 1: A - B cached | 1.026 s: redistribute 0.067 ntt 0.834 crt 0.001 out 0.099 carry 0.032
cache_trace node 2: piece (0, 4) of 2 x 6, 78703953 + 52845459 limbs at 211381836, slots 1: A - B cached | 1.026 s: redistribute 0.066 ntt 0.842 crt 0.002 out 0.096 carry 0.032
cache_trace node 3: piece (0, 4) of 2 x 6, 78703953 + 52845459 limbs at 211381836, slots 1: A - B cached | 1.026 s: redistribute 0.068 ntt 0.836 crt 0.001 out 0.097 carry 0.033
cache_trace node 0: piece (1, 4) of 2 x 6, 78703952 + 52845459 limbs at 290085789, slots 1: A - B HIT | 0.756 s: redistribute 0.045 ntt 0.591 crt 0.002 out 0.081 carry 0.052
cache_trace node 1: piece (1, 4) of 2 x 6, 78703952 + 52845459 limbs at 290085789, slots 1: A - B HIT | 0.756 s: redistribute 0.043 ntt 0.583 crt 0.001 out 0.083 carry 0.052
cache_trace node 2: piece (1, 4) of 2 x 6, 78703952 + 52845459 limbs at 290085789, slots 1: A - B HIT | 0.756 s: redistribute 0.044 ntt 0.590 crt 0.002 out 0.077 carry 0.052
cache_trace node 3: piece (1, 4) of 2 x 6, 78703952 + 52845459 limbs at 290085789, slots 1: A - B HIT | 0.756 s: redistribute 0.042 ntt 0.598 crt 0.001 out 0.082 carry 0.052
cache_trace node 0: piece (0, 5) of 2 x 6, 78703953 + 52845454 limbs at 264227295, slots 1: A - B cached | 1.056 s: redistribute 0.071 ntt 0.864 crt 0.003 out 0.090 carry 0.043
cache_trace node 1: piece (0, 5) of 2 x 6, 78703953 + 52845454 limbs at 264227295, slots 1: A - B cached | 1.056 s: redistribute 0.071 ntt 0.864 crt 0.003 out 0.089 carry 0.043
cache_trace node 2: piece (0, 5) of 2 x 6, 78703953 + 52845454 limbs at 264227295, slots 1: A - B cached | 1.056 s: redistribute 0.071 ntt 0.858 crt 0.002 out 0.092 carry 0.043
cache_trace node 3: piece (0, 5) of 2 x 6, 78703953 + 52845454 limbs at 264227295, slots 1: A - B cached | 1.056 s: redistribute 0.071 ntt 0.855 crt 0.003 out 0.092 carry 0.043
cache_trace node 0: piece (1, 5) of 2 x 6, 78703952 + 52845454 limbs at 342931248, slots 1: A - B HIT | 0.752 s: redistribute 0.044 ntt 0.596 crt 0.003 out 0.110 carry 0.015
dist_mn node 0: 157407905 x 317072749 limbs over 4 x 4 ranks (cap 2^27): 2 x 6 pieces, 12 formed, 0 skipped (cache 1 slots: 6 hits, 6 misses)
cache_trace node 1: piece (1, 5) of 2 x 6, 78703952 + 52845454 limbs at 342931248, slots 1: A - B HIT | 0.752 s: redistribute 0.048 ntt 0.587 crt 0.003 out 0.112 carry 0.015
dist_mn node 1: 157407905 x 317072749 limbs over 4 x 4 ranks (cap 2^27): 2 x 6 pieces, 12 formed, 0 skipped (cache 1 slots: 6 hits, 6 misses)
cache_trace node 2: piece (1, 5) of 2 x 6, 78703952 + 52845454 limbs at 342931248, slots 1: A - B HIT | 0.752 s: redistribute 0.049 ntt 0.586 crt 0.003 out 0.110 carry 0.015
dist_mn node 2: 157407905 x 317072749 limbs over 4 x 4 ranks (cap 2^27): 2 x 6 pieces, 12 formed, 0 skipped (cache 1 slots: 6 hits, 6 misses)
cache_trace node 3: piece (1, 5) of 2 x 6, 78703952 + 52845454 limbs at 342931248, slots 1: A - B HIT | 0.752 s: redistribute 0.042 ntt 0.590 crt 0.001 out 0.115 carry 0.014
dist_mn node 3: 157407905 x 317072749 limbs over 4 x 4 ranks (cap 2^27): 2 x 6 pieces, 12 formed, 0 skipped (cache 1 slots: 6 hits, 6 misses)
cx_grid node 1: rep 2 shape 2x6_full (157407905 x 317072749, cut 0 / -1) slots 1: 10.866 s, cache 6 hits 6 misses, C sha256 6330df3bb25f6c16 same
cx_grid node 2: rep 2 shape 2x6_full (157407905 x 317072749, cut 0 / -1) slots 1: 10.866 s, cache 6 hits 6 misses, C sha256 99747f2d57c5e2cf same
cx_grid node 3: rep 2 shape 2x6_full (157407905 x 317072749, cut 0 / -1) slots 1: 10.866 s, cache 6 hits 6 misses, C sha256 db65c4e9c17923b1 same
cx_grid node 0: rep 2 shape 2x6_full (157407905 x 317072749, cut 0 / -1) slots 1: 10.866 s, cache 6 hits 6 misses, C sha256 75d48aec4fdde193 same
cache_trace node 0: piece (0, 0) of 2 x 6, 78703953 + 52845459 limbs at 0, slots 2: A cached B cached | 1.076 s: redistribute 0.071 ntt 0.897 crt 0.001 out 0.118 carry 0.002
cache_trace node 1: piece (0, 0) of 2 x 6, 78703953 + 52845459 limbs at 0, slots 2: A cached B cached | 1.076 s: redistribute 0.077 ntt 0.900 crt 0.001 out 0.118 carry 0.002
cache_trace node 2: piece (0, 0) of 2 x 6, 78703953 + 52845459 limbs at 0, slots 2: A cached B cached | 1.076 s: redistribute 0.073 ntt 0.900 crt 0.001 out 0.116 carry 0.003
cache_trace node 3: piece (0, 0) of 2 x 6, 78703953 + 52845459 limbs at 0, slots 2: A cached B cached | 1.076 s: redistribute 0.071 ntt 0.900 crt 0.001 out 0.119 carry 0.003
cache_trace node 0: piece (1, 0) of 2 x 6, 78703952 + 52845459 limbs at 78703953, slots 2: A - B HIT | 0.768 s: redistribute 0.047 ntt 0.593 crt 0.001 out 0.099 carry 0.043
cache_trace node 1: piece (1, 0) of 2 x 6, 78703952 + 52845459 limbs at 78703953, slots 2: A - B HIT | 0.768 s: redistribute 0.045 ntt 0.587 crt 0.001 out 0.098 carry 0.043
cache_trace node 2: piece (1, 0) of 2 x 6, 78703952 + 52845459 limbs at 78703953, slots 2: A - B HIT | 0.768 s: redistribute 0.047 ntt 0.585 crt 0.002 out 0.096 carry 0.043
cache_trace node 3: piece (1, 0) of 2 x 6, 78703952 + 52845459 limbs at 78703953, slots 2: A - B HIT | 0.768 s: redistribute 0.042 ntt 0.595 crt 0.002 out 0.102 carry 0.043
cache_trace node 0: piece (0, 1) of 2 x 6, 78703953 + 52845459 limbs at 52845459, slots 2: A HIT B cached | 0.720 s: redistribute 0.029 ntt 0.550 crt 0.002 out 0.091 carry 0.054
cache_trace node 1: piece (0, 1) of 2 x 6, 78703953 + 52845459 limbs at 52845459, slots 2: A HIT B cached | 0.720 s: redistribute 0.027 ntt 0.553 crt 0.002 out 0.089 carry 0.054
cache_trace node 2: piece (0, 1) of 2 x 6, 78703953 + 52845459 limbs at 52845459, slots 2: A HIT B cached | 0.720 s: redistribute 0.029 ntt 0.553 crt 0.002 out 0.087 carry 0.054
cache_trace node 3: piece (0, 1) of 2 x 6, 78703953 + 52845459 limbs at 52845459, slots 2: A HIT B cached | 0.720 s: redistribute 0.030 ntt 0.550 crt 0.002 out 0.090 carry 0.054
cache_trace node 0: piece (1, 1) of 2 x 6, 78703952 + 52845459 limbs at 131549412, slots 2: A - B HIT | 0.763 s: redistribute 0.042 ntt 0.596 crt 0.002 out 0.097 carry 0.032
cache_trace node 1: piece (1, 1) of 2 x 6, 78703952 + 52845459 limbs at 131549412, slots 2: A - B HIT | 0.763 s: redistribute 0.043 ntt 0.597 crt 0.001 out 0.097 carry 0.031
cache_trace node 2: piece (1, 1) of 2 x 6, 78703952 + 52845459 limbs at 131549412, slots 2: A - B HIT | 0.763 s: redistribute 0.042 ntt 0.597 crt 0.001 out 0.099 carry 0.032
cache_trace node 3: piece (1, 1) of 2 x 6, 78703952 + 52845459 limbs at 131549412, slots 2: A - B HIT | 0.763 s: redistribute 0.044 ntt 0.601 crt 0.002 out 0.101 carry 0.032
cache_trace node 0: piece (0, 2) of 2 x 6, 78703953 + 52845459 limbs at 105690918, slots 2: A HIT B cached | 0.747 s: redistribute 0.028 ntt 0.588 crt 0.004 out 0.116 carry 0.018
cache_trace node 1: piece (0, 2) of 2 x 6, 78703953 + 52845459 limbs at 105690918, slots 2: A HIT B cached | 0.747 s: redistribute 0.030 ntt 0.594 crt 0.002 out 0.117 carry 0.018
cache_trace node 2: piece (0, 2) of 2 x 6, 78703953 + 52845459 limbs at 105690918, slots 2: A HIT B cached | 0.747 s: redistribute 0.029 ntt 0.583 crt 0.003 out 0.117 carry 0.018
cache_trace node 3: piece (0, 2) of 2 x 6, 78703953 + 52845459 limbs at 105690918, slots 2: A HIT B cached | 0.747 s: redistribute 0.027 ntt 0.587 crt 0.004 out 0.119 carry 0.018
cache_trace node 0: piece (1, 2) of 2 x 6, 78703952 + 52845459 limbs at 184394871, slots 2: A - B HIT | 0.731 s: redistribute 0.044 ntt 0.566 crt 0.001 out 0.078 carry 0.049
cache_trace node 1: piece (1, 2) of 2 x 6, 78703952 + 52845459 limbs at 184394871, slots 2: A - B HIT | 0.731 s: redistribute 0.043 ntt 0.573 crt 0.001 out 0.077 carry 0.049
cache_trace node 2: piece (1, 2) of 2 x 6, 78703952 + 52845459 limbs at 184394871, slots 2: A - B HIT | 0.731 s: redistribute 0.043 ntt 0.569 crt 0.001 out 0.085 carry 0.049
cache_trace node 3: piece (1, 2) of 2 x 6, 78703952 + 52845459 limbs at 184394871, slots 2: A - B HIT | 0.731 s: redistribute 0.043 ntt 0.581 crt 0.001 out 0.083 carry 0.049
cache_trace node 0: piece (0, 3) of 2 x 6, 78703953 + 52845459 limbs at 158536377, slots 2: A HIT B cached | 0.712 s: redistribute 0.033 ntt 0.548 crt 0.001 out 0.081 carry 0.058
cache_trace node 1: piece (0, 3) of 2 x 6, 78703953 + 52845459 limbs at 158536377, slots 2: A HIT B cached | 0.712 s: redistribute 0.030 ntt 0.547 crt 0.001 out 0.080 carry 0.057
cache_trace node 2: piece (0, 3) of 2 x 6, 78703953 + 52845459 limbs at 158536377, slots 2: A HIT B cached | 0.712 s: redistribute 0.025 ntt 0.560 crt 0.001 out 0.081 carry 0.057
cache_trace node 3: piece (0, 3) of 2 x 6, 78703953 + 52845459 limbs at 158536377, slots 2: A HIT B cached | 0.712 s: redistribute 0.033 ntt 0.549 crt 0.001 out 0.081 carry 0.057
cache_trace node 0: piece (1, 3) of 2 x 6, 78703952 + 52845459 limbs at 237240330, slots 2: A - B HIT | 0.712 s: redistribute 0.050 ntt 0.555 crt 0.002 out 0.105 carry 0.015
cache_trace node 1: piece (1, 3) of 2 x 6, 78703952 + 52845459 limbs at 237240330, slots 2: A - B HIT | 0.712 s: redistribute 0.049 ntt 0.556 crt 0.002 out 0.103 carry 0.015
cache_trace node 2: piece (1, 3) of 2 x 6, 78703952 + 52845459 limbs at 237240330, slots 2: A - B HIT | 0.712 s: redistribute 0.036 ntt 0.560 crt 0.002 out 0.103 carry 0.014
cache_trace node 3: piece (1, 3) of 2 x 6, 78703952 + 52845459 limbs at 237240330, slots 2: A - B HIT | 0.712 s: redistribute 0.044 ntt 0.566 crt 0.001 out 0.101 carry 0.015
cache_trace node 0: piece (0, 4) of 2 x 6, 78703953 + 52845459 limbs at 211381836, slots 2: A HIT B cached | 0.725 s: redistribute 0.043 ntt 0.570 crt 0.002 out 0.102 carry 0.032
cache_trace node 1: piece (0, 4) of 2 x 6, 78703953 + 52845459 limbs at 211381836, slots 2: A HIT B cached | 0.725 s: redistribute 0.028 ntt 0.571 crt 0.002 out 0.100 carry 0.032
cache_trace node 2: piece (0, 4) of 2 x 6, 78703953 + 52845459 limbs at 211381836, slots 2: A HIT B cached | 0.725 s: redistribute 0.028 ntt 0.583 crt 0.002 out 0.105 carry 0.032
cache_trace node 3: piece (0, 4) of 2 x 6, 78703953 + 52845459 limbs at 211381836, slots 2: A HIT B cached | 0.725 s: redistribute 0.043 ntt 0.569 crt 0.002 out 0.105 carry 0.032
cache_trace node 0: piece (1, 4) of 2 x 6, 78703952 + 52845459 limbs at 290085789, slots 2: A - B HIT | 0.748 s: redistribute 0.042 ntt 0.590 crt 0.002 out 0.078 carry 0.051
cache_trace node 1: piece (1, 4) of 2 x 6, 78703952 + 52845459 limbs at 290085789, slots 2: A - B HIT | 0.748 s: redistribute 0.043 ntt 0.583 crt 0.002 out 0.078 carry 0.051
cache_trace node 2: piece (1, 4) of 2 x 6, 78703952 + 52845459 limbs at 290085789, slots 2: A - B HIT | 0.748 s: redistribute 0.042 ntt 0.585 crt 0.002 out 0.073 carry 0.051
cache_trace node 3: piece (1, 4) of 2 x 6, 78703952 + 52845459 limbs at 290085789, slots 2: A - B HIT | 0.748 s: redistribute 0.041 ntt 0.583 crt 0.001 out 0.083 carry 0.051
cache_trace node 0: piece (0, 5) of 2 x 6, 78703953 + 52845454 limbs at 264227295, slots 2: A HIT B cached | 0.746 s: redistribute 0.028 ntt 0.578 crt 0.001 out 0.099 carry 0.049
cache_trace node 1: piece (0, 5) of 2 x 6, 78703953 + 52845454 limbs at 264227295, slots 2: A HIT B cached | 0.746 s: redistribute 0.029 ntt 0.585 crt 0.002 out 0.098 carry 0.049
cache_trace node 2: piece (0, 5) of 2 x 6, 78703953 + 52845454 limbs at 264227295, slots 2: A HIT B cached | 0.746 s: redistribute 0.028 ntt 0.580 crt 0.001 out 0.097 carry 0.048
cache_trace node 3: piece (0, 5) of 2 x 6, 78703953 + 52845454 limbs at 264227295, slots 2: A HIT B cached | 0.746 s: redistribute 0.028 ntt 0.586 crt 0.002 out 0.102 carry 0.049
cache_trace node 0: piece (1, 5) of 2 x 6, 78703952 + 52845454 limbs at 342931248, slots 2: A - B HIT | 0.733 s: redistribute 0.042 ntt 0.575 crt 0.002 out 0.104 carry 0.016
cache_trace node 1: piece (1, 5) of 2 x 6, 78703952 + 52845454 limbs at 342931248, slots 2: A - B HIT | 0.733 s: redistribute 0.042 ntt 0.580 crt 0.002 out 0.106 carry 0.016
dist_mn node 1: 157407905 x 317072749 limbs over 4 x 4 ranks (cap 2^27): 2 x 6 pieces, 12 formed, 0 skipped (cache 2 slots: 11 hits, 7 misses)
cache_trace node 2: piece (1, 5) of 2 x 6, 78703952 + 52845454 limbs at 342931248, slots 2: A - B HIT | 0.733 s: redistribute 0.042 ntt 0.588 crt 0.002 out 0.106 carry 0.016
dist_mn node 2: 157407905 x 317072749 limbs over 4 x 4 ranks (cap 2^27): 2 x 6 pieces, 12 formed, 0 skipped (cache 2 slots: 11 hits, 7 misses)
cache_trace node 3: piece (1, 5) of 2 x 6, 78703952 + 52845454 limbs at 342931248, slots 2: A - B HIT | 0.733 s: redistribute 0.043 ntt 0.574 crt 0.001 out 0.112 carry 0.015
dist_mn node 3: 157407905 x 317072749 limbs over 4 x 4 ranks (cap 2^27): 2 x 6 pieces, 12 formed, 0 skipped (cache 2 slots: 11 hits, 7 misses)
dist_mn node 0: 157407905 x 317072749 limbs over 4 x 4 ranks (cap 2^27): 2 x 6 pieces, 12 formed, 0 skipped (cache 2 slots: 11 hits, 7 misses)
cx_grid node 0: rep 2 shape 2x6_full (157407905 x 317072749, cut 0 / -1) slots 2: 9.189 s, cache 11 hits 7 misses, C sha256 75d48aec4fdde193 same
cx_grid node 1: rep 2 shape 2x6_full (157407905 x 317072749, cut 0 / -1) slots 2: 9.189 s, cache 11 hits 7 misses, C sha256 6330df3bb25f6c16 same
cx_grid node 2: rep 2 shape 2x6_full (157407905 x 317072749, cut 0 / -1) slots 2: 9.189 s, cache 11 hits 7 misses, C sha256 99747f2d57c5e2cf same
cx_grid node 3: rep 2 shape 2x6_full (157407905 x 317072749, cut 0 / -1) slots 2: 9.189 s, cache 11 hits 7 misses, C sha256 db65c4e9c17923b1 same
cache_trace node 0: piece (0, 0) of 2 x 2, 58235255 + 59310082 limbs at 0, slots 0: A - B - | 1.023 s: redistribute 0.066 ntt 0.884 crt 0.002 out 0.086 carry 0.002
cache_trace node 1: piece (0, 0) of 2 x 2, 58235255 + 59310082 limbs at 0, slots 0: A - B - | 1.023 s: redistribute 0.068 ntt 0.891 crt 0.002 out 0.083 carry 0.002
cache_trace node 2: piece (0, 0) of 2 x 2, 58235255 + 59310082 limbs at 0, slots 0: A - B - | 1.023 s: redistribute 0.068 ntt 0.887 crt 0.001 out 0.087 carry 0.002
cache_trace node 3: piece (0, 0) of 2 x 2, 58235255 + 59310082 limbs at 0, slots 0: A - B - | 1.023 s: redistribute 0.076 ntt 0.884 crt 0.001 out 0.088 carry 0.002
cache_trace node 0: piece (1, 0) of 2 x 2, 58235254 + 59310082 limbs at 58235255, slots 0: A - B - | 1.001 s: redistribute 0.072 ntt 0.878 crt 0.001 out 0.066 carry 0.007
cache_trace node 1: piece (1, 0) of 2 x 2, 58235254 + 59310082 limbs at 58235255, slots 0: A - B - | 1.001 s: redistribute 0.064 ntt 0.875 crt 0.002 out 0.067 carry 0.006
cache_trace node 2: piece (1, 0) of 2 x 2, 58235254 + 59310082 limbs at 58235255, slots 0: A - B - | 1.001 s: redistribute 0.063 ntt 0.871 crt 0.002 out 0.065 carry 0.006
cache_trace node 3: piece (1, 0) of 2 x 2, 58235254 + 59310082 limbs at 58235255, slots 0: A - B - | 1.001 s: redistribute 0.064 ntt 0.879 crt 0.001 out 0.068 carry 0.006
cache_trace node 0: piece (0, 1) of 2 x 2, 58235255 + 59310081 limbs at 59310082, slots 0: A - B - | 1.021 s: redistribute 0.066 ntt 0.899 crt 0.002 out 0.068 carry 0.007
cache_trace node 1: piece (0, 1) of 2 x 2, 58235255 + 59310081 limbs at 59310082, slots 0: A - B - | 1.021 s: redistribute 0.070 ntt 0.889 crt 0.002 out 0.070 carry 0.007
cache_trace node 2: piece (0, 1) of 2 x 2, 58235255 + 59310081 limbs at 59310082, slots 0: A - B - | 1.021 s: redistribute 0.065 ntt 0.888 crt 0.002 out 0.069 carry 0.007
cache_trace node 3: piece (0, 1) of 2 x 2, 58235255 + 59310081 limbs at 59310082, slots 0: A - B - | 1.021 s: redistribute 0.065 ntt 0.890 crt 0.001 out 0.064 carry 0.007
cache_trace node 0: piece (1, 1) of 2 x 2, 58235254 + 59310081 limbs at 117545337, slots 0: A - B - | 0.996 s: redistribute 0.067 ntt 0.855 crt 0.003 out 0.078 carry 0.006
dist_mn node 0: 116470509 x 118620163 limbs over 4 x 4 ranks (cap 2^27): 2 x 2 pieces, 4 formed, 0 skipped (cache 0 slots: 0 hits, 0 misses)
cache_trace node 1: piece (1, 1) of 2 x 2, 58235254 + 59310081 limbs at 117545337, slots 0: A - B - | 0.996 s: redistribute 0.059 ntt 0.856 crt 0.002 out 0.078 carry 0.006
dist_mn node 1: 116470509 x 118620163 limbs over 4 x 4 ranks (cap 2^27): 2 x 2 pieces, 4 formed, 0 skipped (cache 0 slots: 0 hits, 0 misses)
cache_trace node 2: piece (1, 1) of 2 x 2, 58235254 + 59310081 limbs at 117545337, slots 0: A - B - | 0.996 s: redistribute 0.058 ntt 0.862 crt 0.002 out 0.081 carry 0.005
dist_mn node 2: 116470509 x 118620163 limbs over 4 x 4 ranks (cap 2^27): 2 x 2 pieces, 4 formed, 0 skipped (cache 0 slots: 0 hits, 0 misses)
cache_trace node 3: piece (1, 1) of 2 x 2, 58235254 + 59310081 limbs at 117545337, slots 0: A - B - | 0.996 s: redistribute 0.065 ntt 0.860 crt 0.001 out 0.076 carry 0.005
dist_mn node 3: 116470509 x 118620163 limbs over 4 x 4 ranks (cap 2^27): 2 x 2 pieces, 4 formed, 0 skipped (cache 0 slots: 0 hits, 0 misses)
cx_grid node 2: rep 2 shape 2x2_full (116470509 x 118620163, cut 0 / -1) slots 0: 4.044 s, cache 0 hits 0 misses, C sha256 8c755de6553d0344 same
cx_grid node 1: rep 2 shape 2x2_full (116470509 x 118620163, cut 0 / -1) slots 0: 4.044 s, cache 0 hits 0 misses, C sha256 1bfb80fc63c65489 same
cx_grid node 3: rep 2 shape 2x2_full (116470509 x 118620163, cut 0 / -1) slots 0: 4.044 s, cache 0 hits 0 misses, C sha256 655f472ae0083311 same
cx_grid node 0: rep 2 shape 2x2_full (116470509 x 118620163, cut 0 / -1) slots 0: 4.044 s, cache 0 hits 0 misses, C sha256 93cc444c3a95e21f same
cache_trace node 0: piece (0, 0) of 2 x 2, 58235255 + 59310082 limbs at 0, slots 1: A - B cached | 0.999 s: redistribute 0.061 ntt 0.863 crt 0.003 out 0.077 carry 0.002
cache_trace node 1: piece (0, 0) of 2 x 2, 58235255 + 59310082 limbs at 0, slots 1: A - B cached | 0.999 s: redistribute 0.069 ntt 0.877 crt 0.004 out 0.079 carry 0.002
cache_trace node 2: piece (0, 0) of 2 x 2, 58235255 + 59310082 limbs at 0, slots 1: A - B cached | 0.999 s: redistribute 0.060 ntt 0.860 crt 0.004 out 0.081 carry 0.002
cache_trace node 3: piece (0, 0) of 2 x 2, 58235255 + 59310082 limbs at 0, slots 1: A - B cached | 0.999 s: redistribute 0.060 ntt 0.866 crt 0.001 out 0.080 carry 0.002
cache_trace node 0: piece (1, 0) of 2 x 2, 58235254 + 59310082 limbs at 58235255, slots 1: A - B HIT | 0.663 s: redistribute 0.032 ntt 0.556 crt 0.002 out 0.066 carry 0.007
cache_trace node 1: piece (1, 0) of 2 x 2, 58235254 + 59310082 limbs at 58235255, slots 1: A - B HIT | 0.663 s: redistribute 0.034 ntt 0.561 crt 0.002 out 0.070 carry 0.006
cache_trace node 2: piece (1, 0) of 2 x 2, 58235254 + 59310082 limbs at 58235255, slots 1: A - B HIT | 0.663 s: redistribute 0.035 ntt 0.557 crt 0.002 out 0.072 carry 0.006
cache_trace node 3: piece (1, 0) of 2 x 2, 58235254 + 59310082 limbs at 58235255, slots 1: A - B HIT | 0.663 s: redistribute 0.032 ntt 0.559 crt 0.002 out 0.068 carry 0.006
cache_trace node 0: piece (0, 1) of 2 x 2, 58235255 + 59310081 limbs at 59310082, slots 1: A - B cached | 0.986 s: redistribute 0.065 ntt 0.856 crt 0.002 out 0.070 carry 0.007
cache_trace node 1: piece (0, 1) of 2 x 2, 58235255 + 59310081 limbs at 59310082, slots 1: A - B cached | 0.986 s: redistribute 0.063 ntt 0.850 crt 0.002 out 0.073 carry 0.006
cache_trace node 2: piece (0, 1) of 2 x 2, 58235255 + 59310081 limbs at 59310082, slots 1: A - B cached | 0.986 s: redistribute 0.064 ntt 0.851 crt 0.001 out 0.076 carry 0.006
cache_trace node 3: piece (0, 1) of 2 x 2, 58235255 + 59310081 limbs at 59310082, slots 1: A - B cached | 0.986 s: redistribute 0.063 ntt 0.851 crt 0.002 out 0.072 carry 0.007
cache_trace node 0: piece (1, 1) of 2 x 2, 58235254 + 59310081 limbs at 117545337, slots 1: A - B HIT | 0.654 s: redistribute 0.036 ntt 0.551 crt 0.003 out 0.071 carry 0.005
dist_mn node 0: 116470509 x 118620163 limbs over 4 x 4 ranks (cap 2^27): 2 x 2 pieces, 4 formed, 0 skipped (cache 1 slots: 2 hits, 2 misses)
cache_trace node 1: piece (1, 1) of 2 x 2, 58235254 + 59310081 limbs at 117545337, slots 1: A - B HIT | 0.654 s: redistribute 0.035 ntt 0.549 crt 0.003 out 0.073 carry 0.005
dist_mn node 1: 116470509 x 118620163 limbs over 4 x 4 ranks (cap 2^27): 2 x 2 pieces, 4 formed, 0 skipped (cache 1 slots: 2 hits, 2 misses)
cache_trace node 2: piece (1, 1) of 2 x 2, 58235254 + 59310081 limbs at 117545337, slots 1: A - B HIT | 0.654 s: redistribute 0.031 ntt 0.548 crt 0.003 out 0.072 carry 0.005
dist_mn node 2: 116470509 x 118620163 limbs over 4 x 4 ranks (cap 2^27): 2 x 2 pieces, 4 formed, 0 skipped (cache 1 slots: 2 hits, 2 misses)
cache_trace node 3: piece (1, 1) of 2 x 2, 58235254 + 59310081 limbs at 117545337, slots 1: A - B HIT | 0.654 s: redistribute 0.031 ntt 0.559 crt 0.001 out 0.073 carry 0.005
dist_mn node 3: 116470509 x 118620163 limbs over 4 x 4 ranks (cap 2^27): 2 x 2 pieces, 4 formed, 0 skipped (cache 1 slots: 2 hits, 2 misses)
cx_grid node 3: rep 2 shape 2x2_full (116470509 x 118620163, cut 0 / -1) slots 1: 3.305 s, cache 2 hits 2 misses, C sha256 655f472ae0083311 same
cx_grid node 1: rep 2 shape 2x2_full (116470509 x 118620163, cut 0 / -1) slots 1: 3.305 s, cache 2 hits 2 misses, C sha256 1bfb80fc63c65489 same
cx_grid node 2: rep 2 shape 2x2_full (116470509 x 118620163, cut 0 / -1) slots 1: 3.305 s, cache 2 hits 2 misses, C sha256 8c755de6553d0344 same
cx_grid node 0: rep 2 shape 2x2_full (116470509 x 118620163, cut 0 / -1) slots 1: 3.305 s, cache 2 hits 2 misses, C sha256 93cc444c3a95e21f same
cache_trace node 0: piece (0, 0) of 2 x 2, 58235255 + 59310082 limbs at 0, slots 2: A cached B cached | 1.004 s: redistribute 0.063 ntt 0.873 crt 0.001 out 0.081 carry 0.002
cache_trace node 1: piece (0, 0) of 2 x 2, 58235255 + 59310082 limbs at 0, slots 2: A cached B cached | 1.004 s: redistribute 0.062 ntt 0.869 crt 0.001 out 0.085 carry 0.002
cache_trace node 2: piece (0, 0) of 2 x 2, 58235255 + 59310082 limbs at 0, slots 2: A cached B cached | 1.004 s: redistribute 0.062 ntt 0.874 crt 0.001 out 0.082 carry 0.002
cache_trace node 3: piece (0, 0) of 2 x 2, 58235255 + 59310082 limbs at 0, slots 2: A cached B cached | 1.004 s: redistribute 0.062 ntt 0.867 crt 0.001 out 0.087 carry 0.002
cache_trace node 0: piece (1, 0) of 2 x 2, 58235254 + 59310082 limbs at 58235255, slots 2: A - B HIT | 0.680 s: redistribute 0.035 ntt 0.575 crt 0.001 out 0.073 carry 0.006
cache_trace node 1: piece (1, 0) of 2 x 2, 58235254 + 59310082 limbs at 58235255, slots 2: A - B HIT | 0.680 s: redistribute 0.037 ntt 0.578 crt 0.002 out 0.069 carry 0.007
cache_trace node 2: piece (1, 0) of 2 x 2, 58235254 + 59310082 limbs at 58235255, slots 2: A - B HIT | 0.680 s: redistribute 0.029 ntt 0.581 crt 0.002 out 0.069 carry 0.006
cache_trace node 3: piece (1, 0) of 2 x 2, 58235254 + 59310082 limbs at 58235255, slots 2: A - B HIT | 0.680 s: redistribute 0.038 ntt 0.579 crt 0.001 out 0.069 carry 0.006
cache_trace node 0: piece (0, 1) of 2 x 2, 58235255 + 59310081 limbs at 59310082, slots 2: A HIT B cached | 0.660 s: redistribute 0.032 ntt 0.557 crt 0.002 out 0.069 carry 0.007
cache_trace node 1: piece (0, 1) of 2 x 2, 58235255 + 59310081 limbs at 59310082, slots 2: A HIT B cached | 0.660 s: redistribute 0.031 ntt 0.564 crt 0.002 out 0.068 carry 0.006
cache_trace node 2: piece (0, 1) of 2 x 2, 58235255 + 59310081 limbs at 59310082, slots 2: A HIT B cached | 0.660 s: redistribute 0.031 ntt 0.562 crt 0.002 out 0.070 carry 0.007
cache_trace node 3: piece (0, 1) of 2 x 2, 58235255 + 59310081 limbs at 59310082, slots 2: A HIT B cached | 0.660 s: redistribute 0.031 ntt 0.559 crt 0.002 out 0.069 carry 0.007
cache_trace node 0: piece (1, 1) of 2 x 2, 58235254 + 59310081 limbs at 117545337, slots 2: A - B HIT | 0.652 s: redistribute 0.036 ntt 0.554 crt 0.002 out 0.064 carry 0.006
dist_mn node 0: 116470509 x 118620163 limbs over 4 x 4 ranks (cap 2^27): 2 x 2 pieces, 4 formed, 0 skipped (cache 2 slots: 3 hits, 3 misses)
cache_trace node 1: piece (1, 1) of 2 x 2, 58235254 + 59310081 limbs at 117545337, slots 2: A - B HIT | 0.652 s: redistribute 0.036 ntt 0.551 crt 0.003 out 0.067 carry 0.006
dist_mn node 1: 116470509 x 118620163 limbs over 4 x 4 ranks (cap 2^27): 2 x 2 pieces, 4 formed, 0 skipped (cache 2 slots: 3 hits, 3 misses)
cache_trace node 2: piece (1, 1) of 2 x 2, 58235254 + 59310081 limbs at 117545337, slots 2: A - B HIT | 0.652 s: redistribute 0.034 ntt 0.559 crt 0.003 out 0.065 carry 0.005
dist_mn node 2: 116470509 x 118620163 limbs over 4 x 4 ranks (cap 2^27): 2 x 2 pieces, 4 formed, 0 skipped (cache 2 slots: 3 hits, 3 misses)
cache_trace node 3: piece (1, 1) of 2 x 2, 58235254 + 59310081 limbs at 117545337, slots 2: A - B HIT | 0.652 s: redistribute 0.032 ntt 0.558 crt 0.003 out 0.069 carry 0.005
dist_mn node 3: 116470509 x 118620163 limbs over 4 x 4 ranks (cap 2^27): 2 x 2 pieces, 4 formed, 0 skipped (cache 2 slots: 3 hits, 3 misses)
cx_grid node 1: rep 2 shape 2x2_full (116470509 x 118620163, cut 0 / -1) slots 2: 2.999 s, cache 3 hits 3 misses, C sha256 1bfb80fc63c65489 same
cx_grid node 2: rep 2 shape 2x2_full (116470509 x 118620163, cut 0 / -1) slots 2: 2.999 s, cache 3 hits 3 misses, C sha256 8c755de6553d0344 same
cx_grid node 0: rep 2 shape 2x2_full (116470509 x 118620163, cut 0 / -1) slots 2: 2.999 s, cache 3 hits 3 misses, C sha256 93cc444c3a95e21f same
cx_grid node 3: rep 2 shape 2x2_full (116470509 x 118620163, cut 0 / -1) slots 2: 2.999 s, cache 3 hits 3 misses, C sha256 655f472ae0083311 same
cache_trace node 0: piece (0, 0) of 2 x 2, 86466471 + 43233236 limbs at 0, slots 0: A - B - | 1.031 s: redistribute 0.070 ntt 0.901 crt 0.001 out 0.067 carry 0.002
cache_trace node 1: piece (0, 0) of 2 x 2, 86466471 + 43233236 limbs at 0, slots 0: A - B - | 1.031 s: redistribute 0.073 ntt 0.901 crt 0.001 out 0.063 carry 0.002
cache_trace node 2: piece (0, 0) of 2 x 2, 86466471 + 43233236 limbs at 0, slots 0: A - B - | 1.031 s: redistribute 0.067 ntt 0.900 crt 0.002 out 0.071 carry 0.002
cache_trace node 3: piece (0, 0) of 2 x 2, 86466471 + 43233236 limbs at 0, slots 0: A - B - | 1.031 s: redistribute 0.068 ntt 0.897 crt 0.002 out 0.069 carry 0.002
cache_trace node 0: piece (1, 0) of 2 x 2, 86466471 + 43233236 limbs at 86466471, slots 0: A - B - | 0.982 s: redistribute 0.066 ntt 0.862 crt 0.002 out 0.054 carry 0.005
cache_trace node 1: piece (1, 0) of 2 x 2, 86466471 + 43233236 limbs at 86466471, slots 0: A - B - | 0.982 s: redistribute 0.063 ntt 0.859 crt 0.003 out 0.054 carry 0.005
cache_trace node 2: piece (1, 0) of 2 x 2, 86466471 + 43233236 limbs at 86466471, slots 0: A - B - | 0.982 s: redistribute 0.066 ntt 0.858 crt 0.002 out 0.057 carry 0.004
cache_trace node 3: piece (1, 0) of 2 x 2, 86466471 + 43233236 limbs at 86466471, slots 0: A - B - | 0.982 s: redistribute 0.074 ntt 0.862 crt 0.002 out 0.056 carry 0.004
cache_trace node 0: piece (0, 1) of 2 x 2, 86466471 + 43233235 limbs at 43233236, slots 0: A - B - | 0.996 s: redistribute 0.072 ntt 0.863 crt 0.001 out 0.066 carry 0.007
cache_trace node 1: piece (0, 1) of 2 x 2, 86466471 + 43233235 limbs at 43233236, slots 0: A - B - | 0.996 s: redistribute 0.071 ntt 0.861 crt 0.002 out 0.069 carry 0.006
cache_trace node 2: piece (0, 1) of 2 x 2, 86466471 + 43233235 limbs at 43233236, slots 0: A - B - | 0.996 s: redistribute 0.072 ntt 0.874 crt 0.002 out 0.068 carry 0.006
cache_trace node 3: piece (0, 1) of 2 x 2, 86466471 + 43233235 limbs at 43233236, slots 0: A - B - | 0.996 s: redistribute 0.074 ntt 0.870 crt 0.002 out 0.070 carry 0.006
cache_trace node 0: piece (1, 1) of 2 x 2, 86466471 + 43233235 limbs at 129699707, slots 0: A - B - | 0.949 s: redistribute 0.070 ntt 0.851 crt 0.003 out 0.042 carry 0.003
dist_mn node 0: 172932942 x 86466471 limbs over 4 x 4 ranks (cap 2^27): 2 x 2 pieces, 4 formed, 0 skipped (low product) (low cut) (cache 0 slots: 0 hits, 0 misses)
cache_trace node 1: piece (1, 1) of 2 x 2, 86466471 + 43233235 limbs at 129699707, slots 0: A - B - | 0.949 s: redistribute 0.070 ntt 0.849 crt 0.002 out 0.040 carry 0.003
dist_mn node 1: 172932942 x 86466471 limbs over 4 x 4 ranks (cap 2^27): 2 x 2 pieces, 4 formed, 0 skipped (low product) (low cut) (cache 0 slots: 0 hits, 0 misses)
cache_trace node 2: piece (1, 1) of 2 x 2, 86466471 + 43233235 limbs at 129699707, slots 0: A - B - | 0.949 s: redistribute 0.069 ntt 0.845 crt 0.002 out 0.046 carry 0.003
dist_mn node 2: 172932942 x 86466471 limbs over 4 x 4 ranks (cap 2^27): 2 x 2 pieces, 4 formed, 0 skipped (low product) (low cut) (cache 0 slots: 0 hits, 0 misses)
cache_trace node 3: piece (1, 1) of 2 x 2, 86466471 + 43233235 limbs at 129699707, slots 0: A - B - | 0.949 s: redistribute 0.072 ntt 0.844 crt 0.003 out 0.045 carry 0.002
dist_mn node 3: 172932942 x 86466471 limbs over 4 x 4 ranks (cap 2^27): 2 x 2 pieces, 4 formed, 0 skipped (low product) (low cut) (cache 0 slots: 0 hits, 0 misses)
cx_grid node 2: rep 2 shape 2x2_lowhighcut (172932942 x 86466471, cut 86466471 / 172932942) slots 0: 3.963 s, cache 0 hits 0 misses, C sha256 c825094e6130837b same
cx_grid node 1: rep 2 shape 2x2_lowhighcut (172932942 x 86466471, cut 86466471 / 172932942) slots 0: 3.963 s, cache 0 hits 0 misses, C sha256 41bd1fca6700c695 same
cx_grid node 3: rep 2 shape 2x2_lowhighcut (172932942 x 86466471, cut 86466471 / 172932942) slots 0: 3.963 s, cache 0 hits 0 misses, C sha256 cd4b256599962621 same
cx_grid node 0: rep 2 shape 2x2_lowhighcut (172932942 x 86466471, cut 86466471 / 172932942) slots 0: 3.963 s, cache 0 hits 0 misses, C sha256 8a28b3f4d5f86f3b same
cache_trace node 0: piece (0, 0) of 2 x 2, 86466471 + 43233236 limbs at 0, slots 1: A - B cached | 0.981 s: redistribute 0.066 ntt 0.862 crt 0.002 out 0.061 carry 0.002
cache_trace node 1: piece (0, 0) of 2 x 2, 86466471 + 43233236 limbs at 0, slots 1: A - B cached | 0.981 s: redistribute 0.070 ntt 0.865 crt 0.002 out 0.059 carry 0.002
cache_trace node 2: piece (0, 0) of 2 x 2, 86466471 + 43233236 limbs at 0, slots 1: A - B cached | 0.981 s: redistribute 0.065 ntt 0.862 crt 0.002 out 0.068 carry 0.002
cache_trace node 3: piece (0, 0) of 2 x 2, 86466471 + 43233236 limbs at 0, slots 1: A - B cached | 0.981 s: redistribute 0.066 ntt 0.859 crt 0.001 out 0.064 carry 0.002
cache_trace node 0: piece (1, 0) of 2 x 2, 86466471 + 43233236 limbs at 86466471, slots 1: A - B HIT | 0.668 s: redistribute 0.049 ntt 0.576 crt 0.001 out 0.052 carry 0.005
cache_trace node 1: piece (1, 0) of 2 x 2, 86466471 + 43233236 limbs at 86466471, slots 1: A - B HIT | 0.668 s: redistribute 0.049 ntt 0.579 crt 0.001 out 0.050 carry 0.005
cache_trace node 2: piece (1, 0) of 2 x 2, 86466471 + 43233236 limbs at 86466471, slots 1: A - B HIT | 0.668 s: redistribute 0.046 ntt 0.577 crt 0.001 out 0.050 carry 0.004
cache_trace node 3: piece (1, 0) of 2 x 2, 86466471 + 43233236 limbs at 86466471, slots 1: A - B HIT | 0.668 s: redistribute 0.048 ntt 0.567 crt 0.001 out 0.059 carry 0.004
cache_trace node 0: piece (0, 1) of 2 x 2, 86466471 + 43233235 limbs at 43233236, slots 1: A - B cached | 1.016 s: redistribute 0.068 ntt 0.904 crt 0.001 out 0.053 carry 0.006
cache_trace node 1: piece (0, 1) of 2 x 2, 86466471 + 43233235 limbs at 43233236, slots 1: A - B cached | 1.016 s: redistribute 0.063 ntt 0.905 crt 0.002 out 0.057 carry 0.006
cache_trace node 2: piece (0, 1) of 2 x 2, 86466471 + 43233235 limbs at 43233236, slots 1: A - B cached | 1.016 s: redistribute 0.064 ntt 0.902 crt 0.002 out 0.056 carry 0.006
cache_trace node 3: piece (0, 1) of 2 x 2, 86466471 + 43233235 limbs at 43233236, slots 1: A - B cached | 1.016 s: redistribute 0.066 ntt 0.903 crt 0.001 out 0.054 carry 0.006
cache_trace node 0: piece (1, 1) of 2 x 2, 86466471 + 43233235 limbs at 129699707, slots 1: A - B HIT | 0.664 s: redistribute 0.043 ntt 0.569 crt 0.001 out 0.050 carry 0.003
dist_mn node 0: 172932942 x 86466471 limbs over 4 x 4 ranks (cap 2^27): 2 x 2 pieces, 4 formed, 0 skipped (low product) (low cut) (cache 1 slots: 2 hits, 2 misses)
cache_trace node 1: piece (1, 1) of 2 x 2, 86466471 + 43233235 limbs at 129699707, slots 1: A - B HIT | 0.664 s: redistribute 0.041 ntt 0.571 crt 0.001 out 0.053 carry 0.002
dist_mn node 1: 172932942 x 86466471 limbs over 4 x 4 ranks (cap 2^27): 2 x 2 pieces, 4 formed, 0 skipped (low product) (low cut) (cache 1 slots: 2 hits, 2 misses)
cache_trace node 2: piece (1, 1) of 2 x 2, 86466471 + 43233235 limbs at 129699707, slots 1: A - B HIT | 0.664 s: redistribute 0.048 ntt 0.568 crt 0.001 out 0.055 carry 0.003
dist_mn node 2: 172932942 x 86466471 limbs over 4 x 4 ranks (cap 2^27): 2 x 2 pieces, 4 formed, 0 skipped (low product) (low cut) (cache 1 slots: 2 hits, 2 misses)
cache_trace node 3: piece (1, 1) of 2 x 2, 86466471 + 43233235 limbs at 129699707, slots 1: A - B HIT | 0.664 s: redistribute 0.042 ntt 0.575 crt 0.001 out 0.050 carry 0.002
dist_mn node 3: 172932942 x 86466471 limbs over 4 x 4 ranks (cap 2^27): 2 x 2 pieces, 4 formed, 0 skipped (low product) (low cut) (cache 1 slots: 2 hits, 2 misses)
cx_grid node 2: rep 2 shape 2x2_lowhighcut (172932942 x 86466471, cut 86466471 / 172932942) slots 1: 3.333 s, cache 2 hits 2 misses, C sha256 c825094e6130837b same
cx_grid node 1: rep 2 shape 2x2_lowhighcut (172932942 x 86466471, cut 86466471 / 172932942) slots 1: 3.333 s, cache 2 hits 2 misses, C sha256 41bd1fca6700c695 same
cx_grid node 3: rep 2 shape 2x2_lowhighcut (172932942 x 86466471, cut 86466471 / 172932942) slots 1: 3.333 s, cache 2 hits 2 misses, C sha256 cd4b256599962621 same
cx_grid node 0: rep 2 shape 2x2_lowhighcut (172932942 x 86466471, cut 86466471 / 172932942) slots 1: 3.333 s, cache 2 hits 2 misses, C sha256 8a28b3f4d5f86f3b same
cache_trace node 0: piece (0, 0) of 2 x 2, 86466471 + 43233236 limbs at 0, slots 2: A cached B cached | 0.961 s: redistribute 0.067 ntt 0.836 crt 0.002 out 0.062 carry 0.002
cache_trace node 1: piece (0, 0) of 2 x 2, 86466471 + 43233236 limbs at 0, slots 2: A cached B cached | 0.961 s: redistribute 0.071 ntt 0.834 crt 0.002 out 0.063 carry 0.002
cache_trace node 3: piece (0, 0) of 2 x 2, 86466471 + 43233236 limbs at 0, slots 2: A cached B cached | 0.962 s: redistribute 0.059 ntt 0.839 crt 0.001 out 0.061 carry 0.002
cache_trace node 2: piece (0, 0) of 2 x 2, 86466471 + 43233236 limbs at 0, slots 2: A cached B cached | 0.962 s: redistribute 0.060 ntt 0.837 crt 0.002 out 0.065 carry 0.002
cache_trace node 0: piece (1, 0) of 2 x 2, 86466471 + 43233236 limbs at 86466471, slots 2: A - B HIT | 0.643 s: redistribute 0.046 ntt 0.553 crt 0.003 out 0.050 carry 0.005
cache_trace node 1: piece (1, 0) of 2 x 2, 86466471 + 43233236 limbs at 86466471, slots 2: A - B HIT | 0.643 s: redistribute 0.040 ntt 0.555 crt 0.001 out 0.052 carry 0.005
cache_trace node 2: piece (1, 0) of 2 x 2, 86466471 + 43233236 limbs at 86466471, slots 2: A - B HIT | 0.643 s: redistribute 0.046 ntt 0.551 crt 0.003 out 0.051 carry 0.004
cache_trace node 3: piece (1, 0) of 2 x 2, 86466471 + 43233236 limbs at 86466471, slots 2: A - B HIT | 0.643 s: redistribute 0.047 ntt 0.552 crt 0.003 out 0.051 carry 0.004
cache_trace node 0: piece (0, 1) of 2 x 2, 86466471 + 43233235 limbs at 43233236, slots 2: A HIT B cached | 0.664 s: redistribute 0.022 ntt 0.577 crt 0.002 out 0.067 carry 0.006
cache_trace node 1: piece (0, 1) of 2 x 2, 86466471 + 43233235 limbs at 43233236, slots 2: A HIT B cached | 0.664 s: redistribute 0.022 ntt 0.584 crt 0.002 out 0.070 carry 0.006
cache_trace node 2: piece (0, 1) of 2 x 2, 86466471 + 43233235 limbs at 43233236, slots 2: A HIT B cached | 0.664 s: redistribute 0.022 ntt 0.585 crt 0.002 out 0.067 carry 0.006
cache_trace node 3: piece (0, 1) of 2 x 2, 86466471 + 43233235 limbs at 43233236, slots 2: A HIT B cached | 0.664 s: redistribute 0.023 ntt 0.585 crt 0.002 out 0.065 carry 0.006
cache_trace node 0: piece (1, 1) of 2 x 2, 86466471 + 43233235 limbs at 129699707, slots 2: A - B HIT | 0.655 s: redistribute 0.042 ntt 0.571 crt 0.002 out 0.044 carry 0.003
dist_mn node 0: 172932942 x 86466471 limbs over 4 x 4 ranks (cap 2^27): 2 x 2 pieces, 4 formed, 0 skipped (low product) (low cut) (cache 2 slots: 3 hits, 3 misses)
cache_trace node 1: piece (1, 1) of 2 x 2, 86466471 + 43233235 limbs at 129699707, slots 2: A - B HIT | 0.655 s: redistribute 0.046 ntt 0.570 crt 0.002 out 0.046 carry 0.003
dist_mn node 1: 172932942 x 86466471 limbs over 4 x 4 ranks (cap 2^27): 2 x 2 pieces, 4 formed, 0 skipped (low product) (low cut) (cache 2 slots: 3 hits, 3 misses)
cache_trace node 3: piece (1, 1) of 2 x 2, 86466471 + 43233235 limbs at 129699707, slots 2: A - B HIT | 0.655 s: redistribute 0.049 ntt 0.570 crt 0.002 out 0.043 carry 0.002
dist_mn node 3: 172932942 x 86466471 limbs over 4 x 4 ranks (cap 2^27): 2 x 2 pieces, 4 formed, 0 skipped (low product) (low cut) (cache 2 slots: 3 hits, 3 misses)
cache_trace node 2: piece (1, 1) of 2 x 2, 86466471 + 43233235 limbs at 129699707, slots 2: A - B HIT | 0.655 s: redistribute 0.047 ntt 0.565 crt 0.002 out 0.045 carry 0.003
dist_mn node 2: 172932942 x 86466471 limbs over 4 x 4 ranks (cap 2^27): 2 x 2 pieces, 4 formed, 0 skipped (low product) (low cut) (cache 2 slots: 3 hits, 3 misses)
cx_grid node 3: rep 2 shape 2x2_lowhighcut (172932942 x 86466471, cut 86466471 / 172932942) slots 2: 2.927 s, cache 3 hits 3 misses, C sha256 cd4b256599962621 same
cx_grid node 1: rep 2 shape 2x2_lowhighcut (172932942 x 86466471, cut 86466471 / 172932942) slots 2: 2.927 s, cache 3 hits 3 misses, C sha256 41bd1fca6700c695 same
cx_grid node 2: rep 2 shape 2x2_lowhighcut (172932942 x 86466471, cut 86466471 / 172932942) slots 2: 2.927 s, cache 3 hits 3 misses, C sha256 c825094e6130837b same
cx_grid node 0: rep 2 shape 2x2_lowhighcut (172932942 x 86466471, cut 86466471 / 172932942) slots 2: 2.927 s, cache 3 hits 3 misses, C sha256 8a28b3f4d5f86f3b same
cache_trace node 0: piece (0, 0) of 1 x 2, 86466471 + 43233236 limbs at 0, slots 0: A - B - | 0.974 s: redistribute 0.057 ntt 0.853 crt 0.002 out 0.065 carry 0.002
cache_trace node 1: piece (0, 0) of 1 x 2, 86466471 + 43233236 limbs at 0, slots 0: A - B - | 0.974 s: redistribute 0.059 ntt 0.854 crt 0.001 out 0.066 carry 0.002
cache_trace node 3: piece (0, 0) of 1 x 2, 86466471 + 43233236 limbs at 0, slots 0: A - B - | 0.974 s: redistribute 0.060 ntt 0.851 crt 0.001 out 0.066 carry 0.002
cache_trace node 2: piece (0, 0) of 1 x 2, 86466471 + 43233236 limbs at 0, slots 0: A - B - | 0.974 s: redistribute 0.060 ntt 0.857 crt 0.002 out 0.065 carry 0.002
cache_trace node 0: piece (0, 1) of 1 x 2, 86466471 + 43233235 limbs at 43233236, slots 0: A - B - | 0.980 s: redistribute 0.056 ntt 0.855 crt 0.001 out 0.062 carry 0.010
dist_mn node 0: 86466471 x 86466471 limbs over 4 x 4 ranks (cap 2^27): 1 x 2 pieces, 2 formed, 0 skipped (low cut) (cache 0 slots: 0 hits, 0 misses)
cache_trace node 1: piece (0, 1) of 1 x 2, 86466471 + 43233235 limbs at 43233236, slots 0: A - B - | 0.980 s: redistribute 0.057 ntt 0.859 crt 0.001 out 0.067 carry 0.006
dist_mn node 1: 86466471 x 86466471 limbs over 4 x 4 ranks (cap 2^27): 1 x 2 pieces, 2 formed, 0 skipped (low cut) (cache 0 slots: 0 hits, 0 misses)
cache_trace node 2: piece (0, 1) of 1 x 2, 86466471 + 43233235 limbs at 43233236, slots 0: A - B - | 0.980 s: redistribute 0.054 ntt 0.857 crt 0.001 out 0.065 carry 0.006
dist_mn node 2: 86466471 x 86466471 limbs over 4 x 4 ranks (cap 2^27): 1 x 2 pieces, 2 formed, 0 skipped (low cut) (cache 0 slots: 0 hits, 0 misses)
cache_trace node 3: piece (0, 1) of 1 x 2, 86466471 + 43233235 limbs at 43233236, slots 0: A - B - | 0.980 s: redistribute 0.056 ntt 0.866 crt 0.001 out 0.070 carry 0.006
dist_mn node 3: 86466471 x 86466471 limbs over 4 x 4 ranks (cap 2^27): 1 x 2 pieces, 2 formed, 0 skipped (low cut) (cache 0 slots: 0 hits, 0 misses)
cx_grid node 3: rep 2 shape 1x2_lowcut (86466471 x 86466471, cut 86466471 / -1) slots 0: 1.957 s, cache 0 hits 0 misses, C sha256 d0fb91f49c5076a0 same
cx_grid node 1: rep 2 shape 1x2_lowcut (86466471 x 86466471, cut 86466471 / -1) slots 0: 1.957 s, cache 0 hits 0 misses, C sha256 c6d7d1000c8e5d25 same
cx_grid node 2: rep 2 shape 1x2_lowcut (86466471 x 86466471, cut 86466471 / -1) slots 0: 1.957 s, cache 0 hits 0 misses, C sha256 a2f6fb2d207e917c same
cx_grid node 0: rep 2 shape 1x2_lowcut (86466471 x 86466471, cut 86466471 / -1) slots 0: 1.957 s, cache 0 hits 0 misses, C sha256 b2a61508af8f8a82 same
cache_trace node 0: piece (0, 0) of 1 x 2, 86466471 + 43233236 limbs at 0, slots 1: A - B cached | 0.973 s: redistribute 0.059 ntt 0.850 crt 0.002 out 0.065 carry 0.002
cache_trace node 1: piece (0, 0) of 1 x 2, 86466471 + 43233236 limbs at 0, slots 1: A - B cached | 0.973 s: redistribute 0.060 ntt 0.849 crt 0.002 out 0.065 carry 0.002
cache_trace node 3: piece (0, 0) of 1 x 2, 86466471 + 43233236 limbs at 0, slots 1: A - B cached | 0.973 s: redistribute 0.063 ntt 0.845 crt 0.001 out 0.063 carry 0.002
cache_trace node 2: piece (0, 0) of 1 x 2, 86466471 + 43233236 limbs at 0, slots 1: A - B cached | 0.974 s: redistribute 0.061 ntt 0.858 crt 0.001 out 0.065 carry 0.002
cache_trace node 0: piece (0, 1) of 1 x 2, 86466471 + 43233235 limbs at 43233236, slots 1: A - B cached | 0.973 s: redistribute 0.056 ntt 0.848 crt 0.002 out 0.068 carry 0.006
dist_mn node 0: 86466471 x 86466471 limbs over 4 x 4 ranks (cap 2^27): 1 x 2 pieces, 2 formed, 0 skipped (low cut) (cache 1 slots: 0 hits, 2 misses)
cache_trace node 1: piece (0, 1) of 1 x 2, 86466471 + 43233235 limbs at 43233236, slots 1: A - B cached | 0.973 s: redistribute 0.053 ntt 0.858 crt 0.002 out 0.061 carry 0.006
dist_mn node 1: 86466471 x 86466471 limbs over 4 x 4 ranks (cap 2^27): 1 x 2 pieces, 2 formed, 0 skipped (low cut) (cache 1 slots: 0 hits, 2 misses)
cache_trace node 2: piece (0, 1) of 1 x 2, 86466471 + 43233235 limbs at 43233236, slots 1: A - B cached | 0.973 s: redistribute 0.053 ntt 0.851 crt 0.002 out 0.061 carry 0.006
dist_mn node 2: 86466471 x 86466471 limbs over 4 x 4 ranks (cap 2^27): 1 x 2 pieces, 2 formed, 0 skipped (low cut) (cache 1 slots: 0 hits, 2 misses)
cache_trace node 3: piece (0, 1) of 1 x 2, 86466471 + 43233235 limbs at 43233236, slots 1: A - B cached | 0.973 s: redistribute 0.052 ntt 0.861 crt 0.001 out 0.058 carry 0.006
dist_mn node 3: 86466471 x 86466471 limbs over 4 x 4 ranks (cap 2^27): 1 x 2 pieces, 2 formed, 0 skipped (low cut) (cache 1 slots: 0 hits, 2 misses)
cx_grid node 2: rep 2 shape 1x2_lowcut (86466471 x 86466471, cut 86466471 / -1) slots 1: 1.950 s, cache 0 hits 2 misses, C sha256 a2f6fb2d207e917c same
cx_grid node 1: rep 2 shape 1x2_lowcut (86466471 x 86466471, cut 86466471 / -1) slots 1: 1.950 s, cache 0 hits 2 misses, C sha256 c6d7d1000c8e5d25 same
cx_grid node 3: rep 2 shape 1x2_lowcut (86466471 x 86466471, cut 86466471 / -1) slots 1: 1.950 s, cache 0 hits 2 misses, C sha256 d0fb91f49c5076a0 same
cx_grid node 0: rep 2 shape 1x2_lowcut (86466471 x 86466471, cut 86466471 / -1) slots 1: 1.950 s, cache 0 hits 2 misses, C sha256 b2a61508af8f8a82 same
cache_trace node 0: piece (0, 0) of 1 x 2, 86466471 + 43233236 limbs at 0, slots 2: A cached B cached | 0.949 s: redistribute 0.060 ntt 0.839 crt 0.001 out 0.059 carry 0.002
cache_trace node 1: piece (0, 0) of 1 x 2, 86466471 + 43233236 limbs at 0, slots 2: A cached B cached | 0.949 s: redistribute 0.057 ntt 0.831 crt 0.001 out 0.063 carry 0.002
cache_trace node 2: piece (0, 0) of 1 x 2, 86466471 + 43233236 limbs at 0, slots 2: A cached B cached | 0.949 s: redistribute 0.054 ntt 0.831 crt 0.001 out 0.066 carry 0.002
cache_trace node 3: piece (0, 0) of 1 x 2, 86466471 + 43233236 limbs at 0, slots 2: A cached B cached | 0.949 s: redistribute 0.056 ntt 0.836 crt 0.001 out 0.062 carry 0.002
cache_trace node 0: piece (0, 1) of 1 x 2, 86466471 + 43233235 limbs at 43233236, slots 2: A HIT B cached | 0.661 s: redistribute 0.030 ntt 0.584 crt 0.003 out 0.054 carry 0.007
dist_mn node 0: 86466471 x 86466471 limbs over 4 x 4 ranks (cap 2^27): 1 x 2 pieces, 2 formed, 0 skipped (low cut) (cache 2 slots: 1 hits, 3 misses)
cache_trace node 1: piece (0, 1) of 1 x 2, 86466471 + 43233235 limbs at 43233236, slots 2: A HIT B cached | 0.661 s: redistribute 0.031 ntt 0.585 crt 0.001 out 0.052 carry 0.006
dist_mn node 1: 86466471 x 86466471 limbs over 4 x 4 ranks (cap 2^27): 1 x 2 pieces, 2 formed, 0 skipped (low cut) (cache 2 slots: 1 hits, 3 misses)
cache_trace node 2: piece (0, 1) of 1 x 2, 86466471 + 43233235 limbs at 43233236, slots 2: A HIT B cached | 0.661 s: redistribute 0.027 ntt 0.582 crt 0.002 out 0.053 carry 0.006
dist_mn node 2: 86466471 x 86466471 limbs over 4 x 4 ranks (cap 2^27): 1 x 2 pieces, 2 formed, 0 skipped (low cut) (cache 2 slots: 1 hits, 3 misses)
cache_trace node 3: piece (0, 1) of 1 x 2, 86466471 + 43233235 limbs at 43233236, slots 2: A HIT B cached | 0.661 s: redistribute 0.023 ntt 0.583 crt 0.003 out 0.052 carry 0.006
dist_mn node 3: 86466471 x 86466471 limbs over 4 x 4 ranks (cap 2^27): 1 x 2 pieces, 2 formed, 0 skipped (low cut) (cache 2 slots: 1 hits, 3 misses)
cx_grid node 1: rep 2 shape 1x2_lowcut (86466471 x 86466471, cut 86466471 / -1) slots 2: 1.613 s, cache 1 hits 3 misses, C sha256 c6d7d1000c8e5d25 same
cx_grid node 2: rep 2 shape 1x2_lowcut (86466471 x 86466471, cut 86466471 / -1) slots 2: 1.613 s, cache 1 hits 3 misses, C sha256 a2f6fb2d207e917c same
cx_grid node 3: rep 2 shape 1x2_lowcut (86466471 x 86466471, cut 86466471 / -1) slots 2: 1.613 s, cache 1 hits 3 misses, C sha256 d0fb91f49c5076a0 same
cx_grid node 0: rep 2 shape 1x2_lowcut (86466471 x 86466471, cut 86466471 / -1) slots 2: 1.613 s, cache 1 hits 3 misses, C sha256 b2a61508af8f8a82 same
cache_trace node 0: piece (1, 0) of 5 x 3, 69173177 + 57644314 limbs at 69173177, slots 0: A - B - | 1.030 s: redistribute 0.067 ntt 0.872 crt 0.002 out 0.091 carry 0.022
cache_trace node 1: piece (1, 0) of 5 x 3, 69173177 + 57644314 limbs at 69173177, slots 0: A - B - | 1.030 s: redistribute 0.064 ntt 0.856 crt 0.002 out 0.092 carry 0.022
cache_trace node 2: piece (1, 0) of 5 x 3, 69173177 + 57644314 limbs at 69173177, slots 0: A - B - | 1.030 s: redistribute 0.064 ntt 0.861 crt 0.002 out 0.089 carry 0.022
cache_trace node 3: piece (1, 0) of 5 x 3, 69173177 + 57644314 limbs at 69173177, slots 0: A - B - | 1.030 s: redistribute 0.069 ntt 0.861 crt 0.001 out 0.087 carry 0.022
cache_trace node 0: piece (2, 0) of 5 x 3, 69173177 + 57644314 limbs at 138346354, slots 0: A - B - | 1.026 s: redistribute 0.072 ntt 0.857 crt 0.003 out 0.085 carry 0.025
cache_trace node 1: piece (2, 0) of 5 x 3, 69173177 + 57644314 limbs at 138346354, slots 0: A - B - | 1.026 s: redistribute 0.070 ntt 0.860 crt 0.003 out 0.084 carry 0.024
cache_trace node 2: piece (2, 0) of 5 x 3, 69173177 + 57644314 limbs at 138346354, slots 0: A - B - | 1.026 s: redistribute 0.072 ntt 0.854 crt 0.001 out 0.088 carry 0.024
cache_trace node 3: piece (2, 0) of 5 x 3, 69173177 + 57644314 limbs at 138346354, slots 0: A - B - | 1.026 s: redistribute 0.068 ntt 0.858 crt 0.002 out 0.086 carry 0.024
cache_trace node 0: piece (3, 0) of 5 x 3, 69173177 + 57644314 limbs at 207519531, slots 0: A - B - | 1.066 s: redistribute 0.072 ntt 0.885 crt 0.003 out 0.083 carry 0.033
cache_trace node 1: piece (3, 0) of 5 x 3, 69173177 + 57644314 limbs at 207519531, slots 0: A - B - | 1.066 s: redistribute 0.071 ntt 0.893 crt 0.003 out 0.083 carry 0.033
cache_trace node 2: piece (3, 0) of 5 x 3, 69173177 + 57644314 limbs at 207519531, slots 0: A - B - | 1.066 s: redistribute 0.070 ntt 0.889 crt 0.003 out 0.081 carry 0.033
cache_trace node 3: piece (3, 0) of 5 x 3, 69173177 + 57644314 limbs at 207519531, slots 0: A - B - | 1.066 s: redistribute 0.070 ntt 0.892 crt 0.001 out 0.085 carry 0.032
cache_trace node 0: piece (4, 0) of 5 x 3, 69173177 + 57644314 limbs at 276692708, slots 0: A - B - | 1.029 s: redistribute 0.065 ntt 0.869 crt 0.001 out 0.066 carry 0.028
cache_trace node 1: piece (4, 0) of 5 x 3, 69173177 + 57644314 limbs at 276692708, slots 0: A - B - | 1.029 s: redistribute 0.063 ntt 0.877 crt 0.001 out 0.070 carry 0.028
cache_trace node 2: piece (4, 0) of 5 x 3, 69173177 + 57644314 limbs at 276692708, slots 0: A - B - | 1.029 s: redistribute 0.065 ntt 0.878 crt 0.001 out 0.065 carry 0.028
cache_trace node 3: piece (4, 0) of 5 x 3, 69173177 + 57644314 limbs at 276692708, slots 0: A - B - | 1.029 s: redistribute 0.069 ntt 0.868 crt 0.001 out 0.074 carry 0.028
cache_trace node 0: piece (0, 1) of 5 x 3, 69173177 + 57644314 limbs at 57644314, slots 0: A - B - | 1.064 s: redistribute 0.070 ntt 0.880 crt 0.001 out 0.101 carry 0.028
cache_trace node 1: piece (0, 1) of 5 x 3, 69173177 + 57644314 limbs at 57644314, slots 0: A - B - | 1.064 s: redistribute 0.069 ntt 0.891 crt 0.001 out 0.087 carry 0.028
cache_trace node 2: piece (0, 1) of 5 x 3, 69173177 + 57644314 limbs at 57644314, slots 0: A - B - | 1.064 s: redistribute 0.067 ntt 0.881 crt 0.001 out 0.096 carry 0.028
cache_trace node 3: piece (0, 1) of 5 x 3, 69173177 + 57644314 limbs at 57644314, slots 0: A - B - | 1.064 s: redistribute 0.070 ntt 0.886 crt 0.001 out 0.098 carry 0.028
cache_trace node 0: piece (1, 1) of 5 x 3, 69173177 + 57644314 limbs at 126817491, slots 0: A - B - | 1.033 s: redistribute 0.068 ntt 0.867 crt 0.001 out 0.079 carry 0.031
cache_trace node 1: piece (1, 1) of 5 x 3, 69173177 + 57644314 limbs at 126817491, slots 0: A - B - | 1.033 s: redistribute 0.064 ntt 0.871 crt 0.002 out 0.081 carry 0.030
cache_trace node 2: piece (1, 1) of 5 x 3, 69173177 + 57644314 limbs at 126817491, slots 0: A - B - | 1.033 s: redistribute 0.063 ntt 0.873 crt 0.002 out 0.081 carry 0.031
cache_trace node 3: piece (1, 1) of 5 x 3, 69173177 + 57644314 limbs at 126817491, slots 0: A - B - | 1.033 s: redistribute 0.061 ntt 0.873 crt 0.001 out 0.080 carry 0.031
cache_trace node 0: piece (2, 1) of 5 x 3, 69173177 + 57644314 limbs at 195990668, slots 0: A - B - | 1.008 s: redistribute 0.066 ntt 0.838 crt 0.002 out 0.073 carry 0.036
cache_trace node 1: piece (2, 1) of 5 x 3, 69173177 + 57644314 limbs at 195990668, slots 0: A - B - | 1.008 s: redistribute 0.065 ntt 0.845 crt 0.002 out 0.077 carry 0.035
cache_trace node 2: piece (2, 1) of 5 x 3, 69173177 + 57644314 limbs at 195990668, slots 0: A - B - | 1.008 s: redistribute 0.069 ntt 0.845 crt 0.002 out 0.080 carry 0.035
cache_trace node 3: piece (2, 1) of 5 x 3, 69173177 + 57644314 limbs at 195990668, slots 0: A - B - | 1.008 s: redistribute 0.060 ntt 0.848 crt 0.002 out 0.070 carry 0.035
cache_trace node 0: piece (3, 1) of 5 x 3, 69173177 + 57644314 limbs at 265163845, slots 0: A - B - | 1.019 s: redistribute 0.067 ntt 0.872 crt 0.001 out 0.083 carry 0.012
cache_trace node 1: piece (3, 1) of 5 x 3, 69173177 + 57644314 limbs at 265163845, slots 0: A - B - | 1.019 s: redistribute 0.073 ntt 0.869 crt 0.001 out 0.083 carry 0.012
cache_trace node 2: piece (3, 1) of 5 x 3, 69173177 + 57644314 limbs at 265163845, slots 0: A - B - | 1.019 s: redistribute 0.070 ntt 0.871 crt 0.002 out 0.079 carry 0.012
cache_trace node 3: piece (3, 1) of 5 x 3, 69173177 + 57644314 limbs at 265163845, slots 0: A - B - | 1.019 s: redistribute 0.065 ntt 0.874 crt 0.002 out 0.086 carry 0.012
cache_trace node 0: piece (4, 1) of 5 x 3, 69173177 + 57644314 limbs at 334337022, slots 0: A - B - | 0.985 s: redistribute 0.068 ntt 0.887 crt 0.002 out 0.022 carry 0.010
cache_trace node 1: piece (4, 1) of 5 x 3, 69173177 + 57644314 limbs at 334337022, slots 0: A - B - | 0.985 s: redistribute 0.062 ntt 0.890 crt 0.002 out 0.024 carry 0.010
cache_trace node 2: piece (4, 1) of 5 x 3, 69173177 + 57644314 limbs at 334337022, slots 0: A - B - | 0.985 s: redistribute 0.073 ntt 0.889 crt 0.002 out 0.028 carry 0.010
cache_trace node 3: piece (4, 1) of 5 x 3, 69173177 + 57644314 limbs at 334337022, slots 0: A - B - | 0.985 s: redistribute 0.067 ntt 0.888 crt 0.002 out 0.022 carry 0.010
cache_trace node 0: piece (0, 2) of 5 x 3, 69173177 + 57644314 limbs at 115288628, slots 0: A - B - | 1.042 s: redistribute 0.066 ntt 0.869 crt 0.002 out 0.078 carry 0.042
cache_trace node 1: piece (0, 2) of 5 x 3, 69173177 + 57644314 limbs at 115288628, slots 0: A - B - | 1.042 s: redistribute 0.061 ntt 0.868 crt 0.001 out 0.078 carry 0.041
cache_trace node 2: piece (0, 2) of 5 x 3, 69173177 + 57644314 limbs at 115288628, slots 0: A - B - | 1.042 s: redistribute 0.065 ntt 0.865 crt 0.002 out 0.074 carry 0.041
cache_trace node 3: piece (0, 2) of 5 x 3, 69173177 + 57644314 limbs at 115288628, slots 0: A - B - | 1.043 s: redistribute 0.067 ntt 0.860 crt 0.001 out 0.076 carry 0.042
cache_trace node 1: piece (1, 2) of 5 x 3, 69173177 + 57644314 limbs at 184461805, slots 0: A - B - | 1.048 s: redistribute 0.062 ntt 0.874 crt 0.002 out 0.079 carry 0.038
cache_trace node 2: piece (1, 2) of 5 x 3, 69173177 + 57644314 limbs at 184461805, slots 0: A - B - | 1.048 s: redistribute 0.061 ntt 0.875 crt 0.002 out 0.082 carry 0.038
cache_trace node 0: piece (1, 2) of 5 x 3, 69173177 + 57644314 limbs at 184461805, slots 0: A - B - | 1.048 s: redistribute 0.062 ntt 0.872 crt 0.002 out 0.078 carry 0.038
cache_trace node 3: piece (1, 2) of 5 x 3, 69173177 + 57644314 limbs at 184461805, slots 0: A - B - | 1.048 s: redistribute 0.062 ntt 0.871 crt 0.002 out 0.078 carry 0.038
cache_trace node 0: piece (2, 2) of 5 x 3, 69173177 + 57644314 limbs at 253634982, slots 0: A - B - | 0.998 s: redistribute 0.063 ntt 0.846 crt 0.002 out 0.082 carry 0.010
cache_trace node 1: piece (2, 2) of 5 x 3, 69173177 + 57644314 limbs at 253634982, slots 0: A - B - | 0.998 s: redistribute 0.059 ntt 0.847 crt 0.002 out 0.083 carry 0.010
cache_trace node 2: piece (2, 2) of 5 x 3, 69173177 + 57644314 limbs at 253634982, slots 0: A - B - | 0.998 s: redistribute 0.062 ntt 0.843 crt 0.002 out 0.088 carry 0.010
cache_trace node 3: piece (2, 2) of 5 x 3, 69173177 + 57644314 limbs at 253634982, slots 0: A - B - | 0.998 s: redistribute 0.063 ntt 0.843 crt 0.002 out 0.082 carry 0.009
cache_trace node 0: piece (3, 2) of 5 x 3, 69173177 + 57644314 limbs at 322808159, slots 0: A - B - | 0.959 s: redistribute 0.063 ntt 0.849 crt 0.001 out 0.029 carry 0.020
dist_mn node 0: 345865885 x 172932942 limbs over 4 x 4 ranks (cap 2^27): 5 x 3 pieces, 13 formed, 2 skipped (low product) (low cut) (cache 0 slots: 0 hits, 0 misses)
cache_trace node 1: piece (3, 2) of 5 x 3, 69173177 + 57644314 limbs at 322808159, slots 0: A - B - | 0.959 s: redistribute 0.066 ntt 0.840 crt 0.002 out 0.036 carry 0.020
dist_mn node 1: 345865885 x 172932942 limbs over 4 x 4 ranks (cap 2^27): 5 x 3 pieces, 13 formed, 2 skipped (low product) (low cut) (cache 0 slots: 0 hits, 0 misses)
cache_trace node 2: piece (3, 2) of 5 x 3, 69173177 + 57644314 limbs at 322808159, slots 0: A - B - | 0.959 s: redistribute 0.066 ntt 0.846 crt 0.002 out 0.035 carry 0.019
dist_mn node 2: 345865885 x 172932942 limbs over 4 x 4 ranks (cap 2^27): 5 x 3 pieces, 13 formed, 2 skipped (low product) (low cut) (cache 0 slots: 0 hits, 0 misses)
cache_trace node 3: piece (3, 2) of 5 x 3, 69173177 + 57644314 limbs at 322808159, slots 0: A - B - | 0.959 s: redistribute 0.068 ntt 0.836 crt 0.002 out 0.040 carry 0.019
dist_mn node 3: 345865885 x 172932942 limbs over 4 x 4 ranks (cap 2^27): 5 x 3 pieces, 13 formed, 2 skipped (low product) (low cut) (cache 0 slots: 0 hits, 0 misses)
cx_grid node 2: rep 2 shape 5x3_lowhighcut (345865885 x 172932942, cut 172932942 / 345865885) slots 0: 13.316 s, cache 0 hits 0 misses, C sha256 6fb7dad7ad29af4b same
cx_grid node 1: rep 2 shape 5x3_lowhighcut (345865885 x 172932942, cut 172932942 / 345865885) slots 0: 13.316 s, cache 0 hits 0 misses, C sha256 d34ab76033dc041f same
cx_grid node 3: rep 2 shape 5x3_lowhighcut (345865885 x 172932942, cut 172932942 / 345865885) slots 0: 13.316 s, cache 0 hits 0 misses, C sha256 016ae7d5637243e5 same
cx_grid node 0: rep 2 shape 5x3_lowhighcut (345865885 x 172932942, cut 172932942 / 345865885) slots 0: 13.316 s, cache 0 hits 0 misses, C sha256 34c357c17ea66a20 same
cache_trace node 0: piece (1, 0) of 5 x 3, 69173177 + 57644314 limbs at 69173177, slots 1: A - B cached | 1.027 s: redistribute 0.074 ntt 0.852 crt 0.002 out 0.089 carry 0.022
cache_trace node 1: piece (1, 0) of 5 x 3, 69173177 + 57644314 limbs at 69173177, slots 1: A - B cached | 1.027 s: redistribute 0.073 ntt 0.857 crt 0.001 out 0.087 carry 0.021
cache_trace node 2: piece (1, 0) of 5 x 3, 69173177 + 57644314 limbs at 69173177, slots 1: A - B cached | 1.027 s: redistribute 0.060 ntt 0.862 crt 0.002 out 0.089 carry 0.022
cache_trace node 3: piece (1, 0) of 5 x 3, 69173177 + 57644314 limbs at 69173177, slots 1: A - B cached | 1.027 s: redistribute 0.061 ntt 0.870 crt 0.002 out 0.088 carry 0.022
cache_trace node 0: piece (2, 0) of 5 x 3, 69173177 + 57644314 limbs at 138346354, slots 1: A - B HIT | 0.693 s: redistribute 0.037 ntt 0.552 crt 0.002 out 0.084 carry 0.025
cache_trace node 1: piece (2, 0) of 5 x 3, 69173177 + 57644314 limbs at 138346354, slots 1: A - B HIT | 0.693 s: redistribute 0.041 ntt 0.559 crt 0.002 out 0.086 carry 0.024
cache_trace node 2: piece (2, 0) of 5 x 3, 69173177 + 57644314 limbs at 138346354, slots 1: A - B HIT | 0.693 s: redistribute 0.037 ntt 0.553 crt 0.001 out 0.081 carry 0.024
cache_trace node 3: piece (2, 0) of 5 x 3, 69173177 + 57644314 limbs at 138346354, slots 1: A - B HIT | 0.693 s: redistribute 0.040 ntt 0.564 crt 0.002 out 0.086 carry 0.024
cache_trace node 0: piece (3, 0) of 5 x 3, 69173177 + 57644314 limbs at 207519531, slots 1: A - B HIT | 0.746 s: redistribute 0.068 ntt 0.588 crt 0.001 out 0.083 carry 0.031
cache_trace node 1: piece (3, 0) of 5 x 3, 69173177 + 57644314 limbs at 207519531, slots 1: A - B HIT | 0.746 s: redistribute 0.046 ntt 0.599 crt 0.002 out 0.081 carry 0.031
cache_trace node 2: piece (3, 0) of 5 x 3, 69173177 + 57644314 limbs at 207519531, slots 1: A - B HIT | 0.746 s: redistribute 0.064 ntt 0.589 crt 0.002 out 0.080 carry 0.031
cache_trace node 3: piece (3, 0) of 5 x 3, 69173177 + 57644314 limbs at 207519531, slots 1: A - B HIT | 0.746 s: redistribute 0.043 ntt 0.599 crt 0.002 out 0.083 carry 0.031
cache_trace node 0: piece (4, 0) of 5 x 3, 69173177 + 57644314 limbs at 276692708, slots 1: A - B HIT | 0.718 s: redistribute 0.046 ntt 0.579 crt 0.001 out 0.071 carry 0.029
cache_trace node 1: piece (4, 0) of 5 x 3, 69173177 + 57644314 limbs at 276692708, slots 1: A - B HIT | 0.718 s: redistribute 0.039 ntt 0.583 crt 0.002 out 0.070 carry 0.028
cache_trace node 2: piece (4, 0) of 5 x 3, 69173177 + 57644314 limbs at 276692708, slots 1: A - B HIT | 0.718 s: redistribute 0.037 ntt 0.586 crt 0.001 out 0.073 carry 0.028
cache_trace node 3: piece (4, 0) of 5 x 3, 69173177 + 57644314 limbs at 276692708, slots 1: A - B HIT | 0.718 s: redistribute 0.046 ntt 0.583 crt 0.002 out 0.070 carry 0.027
cache_trace node 0: piece (0, 1) of 5 x 3, 69173177 + 57644314 limbs at 57644314, slots 1: A - B cached | 1.030 s: redistribute 0.062 ntt 0.861 crt 0.002 out 0.089 carry 0.026
cache_trace node 1: piece (0, 1) of 5 x 3, 69173177 + 57644314 limbs at 57644314, slots 1: A - B cached | 1.030 s: redistribute 0.063 ntt 0.856 crt 0.001 out 0.090 carry 0.026
cache_trace node 2: piece (0, 1) of 5 x 3, 69173177 + 57644314 limbs at 57644314, slots 1: A - B cached | 1.030 s: redistribute 0.063 ntt 0.859 crt 0.002 out 0.084 carry 0.026
cache_trace node 3: piece (0, 1) of 5 x 3, 69173177 + 57644314 limbs at 57644314, slots 1: A - B cached | 1.030 s: redistribute 0.065 ntt 0.865 crt 0.002 out 0.088 carry 0.026
cache_trace node 0: piece (1, 1) of 5 x 3, 69173177 + 57644314 limbs at 126817491, slots 1: A - B HIT | 0.709 s: redistribute 0.034 ntt 0.566 crt 0.002 out 0.082 carry 0.030
cache_trace node 1: piece (1, 1) of 5 x 3, 69173177 + 57644314 limbs at 126817491, slots 1: A - B HIT | 0.709 s: redistribute 0.035 ntt 0.562 crt 0.002 out 0.086 carry 0.029
cache_trace node 2: piece (1, 1) of 5 x 3, 69173177 + 57644314 limbs at 126817491, slots 1: A - B HIT | 0.709 s: redistribute 0.035 ntt 0.574 crt 0.002 out 0.085 carry 0.029
cache_trace node 3: piece (1, 1) of 5 x 3, 69173177 + 57644314 limbs at 126817491, slots 1: A - B HIT | 0.709 s: redistribute 0.033 ntt 0.569 crt 0.002 out 0.081 carry 0.030
cache_trace node 0: piece (2, 1) of 5 x 3, 69173177 + 57644314 limbs at 195990668, slots 1: A - B HIT | 0.745 s: redistribute 0.034 ntt 0.596 crt 0.003 out 0.074 carry 0.043
cache_trace node 1: piece (2, 1) of 5 x 3, 69173177 + 57644314 limbs at 195990668, slots 1: A - B HIT | 0.745 s: redistribute 0.033 ntt 0.598 crt 0.001 out 0.078 carry 0.043
cache_trace node 2: piece (2, 1) of 5 x 3, 69173177 + 57644314 limbs at 195990668, slots 1: A - B HIT | 0.745 s: redistribute 0.032 ntt 0.593 crt 0.004 out 0.082 carry 0.043
cache_trace node 3: piece (2, 1) of 5 x 3, 69173177 + 57644314 limbs at 195990668, slots 1: A - B HIT | 0.745 s: redistribute 0.034 ntt 0.597 crt 0.004 out 0.078 carry 0.043
cache_trace node 0: piece (3, 1) of 5 x 3, 69173177 + 57644314 limbs at 265163845, slots 1: A - B HIT | 0.691 s: redistribute 0.036 ntt 0.573 crt 0.002 out 0.085 carry 0.012
cache_trace node 1: piece (3, 1) of 5 x 3, 69173177 + 57644314 limbs at 265163845, slots 1: A - B HIT | 0.691 s: redistribute 0.039 ntt 0.570 crt 0.001 out 0.084 carry 0.012
cache_trace node 2: piece (3, 1) of 5 x 3, 69173177 + 57644314 limbs at 265163845, slots 1: A - B HIT | 0.691 s: redistribute 0.038 ntt 0.571 crt 0.002 out 0.085 carry 0.012
cache_trace node 3: piece (3, 1) of 5 x 3, 69173177 + 57644314 limbs at 265163845, slots 1: A - B HIT | 0.691 s: redistribute 0.033 ntt 0.574 crt 0.001 out 0.088 carry 0.012
cache_trace node 0: piece (4, 1) of 5 x 3, 69173177 + 57644314 limbs at 334337022, slots 1: A - B HIT | 0.668 s: redistribute 0.045 ntt 0.595 crt 0.001 out 0.024 carry 0.010
cache_trace node 1: piece (4, 1) of 5 x 3, 69173177 + 57644314 limbs at 334337022, slots 1: A - B HIT | 0.668 s: redistribute 0.040 ntt 0.593 crt 0.002 out 0.030 carry 0.010
cache_trace node 2: piece (4, 1) of 5 x 3, 69173177 + 57644314 limbs at 334337022, slots 1: A - B HIT | 0.668 s: redistribute 0.034 ntt 0.600 crt 0.001 out 0.025 carry 0.010
cache_trace node 3: piece (4, 1) of 5 x 3, 69173177 + 57644314 limbs at 334337022, slots 1: A - B HIT | 0.668 s: redistribute 0.045 ntt 0.595 crt 0.002 out 0.028 carry 0.010
cache_trace node 0: piece (0, 2) of 5 x 3, 69173177 + 57644314 limbs at 115288628, slots 1: A - B cached | 1.010 s: redistribute 0.069 ntt 0.838 crt 0.002 out 0.075 carry 0.040
cache_trace node 1: piece (0, 2) of 5 x 3, 69173177 + 57644314 limbs at 115288628, slots 1: A - B cached | 1.009 s: redistribute 0.070 ntt 0.830 crt 0.002 out 0.076 carry 0.039
cache_trace node 2: piece (0, 2) of 5 x 3, 69173177 + 57644314 limbs at 115288628, slots 1: A - B cached | 1.010 s: redistribute 0.066 ntt 0.839 crt 0.001 out 0.071 carry 0.038
cache_trace node 3: piece (0, 2) of 5 x 3, 69173177 + 57644314 limbs at 115288628, slots 1: A - B cached | 1.010 s: redistribute 0.073 ntt 0.832 crt 0.002 out 0.072 carry 0.040
cache_trace node 1: piece (1, 2) of 5 x 3, 69173177 + 57644314 limbs at 184461805, slots 1: A - B HIT | 0.714 s: redistribute 0.037 ntt 0.570 crt 0.001 out 0.084 carry 0.033
cache_trace node 0: piece (1, 2) of 5 x 3, 69173177 + 57644314 limbs at 184461805, slots 1: A - B HIT | 0.714 s: redistribute 0.035 ntt 0.577 crt 0.001 out 0.083 carry 0.034
cache_trace node 2: piece (1, 2) of 5 x 3, 69173177 + 57644314 limbs at 184461805, slots 1: A - B HIT | 0.714 s: redistribute 0.033 ntt 0.571 crt 0.001 out 0.088 carry 0.033
cache_trace node 3: piece (1, 2) of 5 x 3, 69173177 + 57644314 limbs at 184461805, slots 1: A - B HIT | 0.714 s: redistribute 0.034 ntt 0.569 crt 0.001 out 0.089 carry 0.033
cache_trace node 0: piece (2, 2) of 5 x 3, 69173177 + 57644314 limbs at 253634982, slots 1: A - B HIT | 0.716 s: redistribute 0.035 ntt 0.592 crt 0.002 out 0.087 carry 0.009
cache_trace node 1: piece (2, 2) of 5 x 3, 69173177 + 57644314 limbs at 253634982, slots 1: A - B HIT | 0.716 s: redistribute 0.035 ntt 0.589 crt 0.002 out 0.087 carry 0.009
cache_trace node 2: piece (2, 2) of 5 x 3, 69173177 + 57644314 limbs at 253634982, slots 1: A - B HIT | 0.716 s: redistribute 0.035 ntt 0.597 crt 0.001 out 0.085 carry 0.009
cache_trace node 3: piece (2, 2) of 5 x 3, 69173177 + 57644314 limbs at 253634982, slots 1: A - B HIT | 0.716 s: redistribute 0.036 ntt 0.590 crt 0.001 out 0.091 carry 0.009
cache_trace node 0: piece (3, 2) of 5 x 3, 69173177 + 57644314 limbs at 322808159, slots 1: A - B HIT | 0.650 s: redistribute 0.036 ntt 0.561 crt 0.004 out 0.038 carry 0.019
dist_mn node 0: 345865885 x 172932942 limbs over 4 x 4 ranks (cap 2^27): 5 x 3 pieces, 13 formed, 2 skipped (low product) (low cut) (cache 1 slots: 10 hits, 3 misses)
cache_trace node 1: piece (3, 2) of 5 x 3, 69173177 + 57644314 limbs at 322808159, slots 1: A - B HIT | 0.650 s: redistribute 0.039 ntt 0.560 crt 0.002 out 0.033 carry 0.019
dist_mn node 1: 345865885 x 172932942 limbs over 4 x 4 ranks (cap 2^27): 5 x 3 pieces, 13 formed, 2 skipped (low product) (low cut) (cache 1 slots: 10 hits, 3 misses)
cache_trace node 2: piece (3, 2) of 5 x 3, 69173177 + 57644314 limbs at 322808159, slots 1: A - B HIT | 0.650 s: redistribute 0.039 ntt 0.567 crt 0.004 out 0.034 carry 0.019
dist_mn node 2: 345865885 x 172932942 limbs over 4 x 4 ranks (cap 2^27): 5 x 3 pieces, 13 formed, 2 skipped (low product) (low cut) (cache 1 slots: 10 hits, 3 misses)
cache_trace node 3: piece (3, 2) of 5 x 3, 69173177 + 57644314 limbs at 322808159, slots 1: A - B HIT | 0.650 s: redistribute 0.037 ntt 0.564 crt 0.004 out 0.033 carry 0.019
dist_mn node 3: 345865885 x 172932942 limbs over 4 x 4 ranks (cap 2^27): 5 x 3 pieces, 13 formed, 2 skipped (low product) (low cut) (cache 1 slots: 10 hits, 3 misses)
cx_grid node 1: rep 2 shape 5x3_lowhighcut (345865885 x 172932942, cut 172932942 / 345865885) slots 1: 10.125 s, cache 10 hits 3 misses, C sha256 d34ab76033dc041f same
cx_grid node 3: rep 2 shape 5x3_lowhighcut (345865885 x 172932942, cut 172932942 / 345865885) slots 1: 10.125 s, cache 10 hits 3 misses, C sha256 016ae7d5637243e5 same
cx_grid node 2: rep 2 shape 5x3_lowhighcut (345865885 x 172932942, cut 172932942 / 345865885) slots 1: 10.125 s, cache 10 hits 3 misses, C sha256 6fb7dad7ad29af4b same
cx_grid node 0: rep 2 shape 5x3_lowhighcut (345865885 x 172932942, cut 172932942 / 345865885) slots 1: 10.125 s, cache 10 hits 3 misses, C sha256 34c357c17ea66a20 same
cache_trace node 0: piece (1, 0) of 5 x 3, 69173177 + 57644314 limbs at 69173177, slots 2: A - B cached | 1.027 s: redistribute 0.063 ntt 0.861 crt 0.002 out 0.088 carry 0.022
cache_trace node 1: piece (1, 0) of 5 x 3, 69173177 + 57644314 limbs at 69173177, slots 2: A - B cached | 1.027 s: redistribute 0.060 ntt 0.866 crt 0.002 out 0.091 carry 0.022
cache_trace node 2: piece (1, 0) of 5 x 3, 69173177 + 57644314 limbs at 69173177, slots 2: A - B cached | 1.027 s: redistribute 0.066 ntt 0.857 crt 0.002 out 0.089 carry 0.022
cache_trace node 3: piece (1, 0) of 5 x 3, 69173177 + 57644314 limbs at 69173177, slots 2: A - B cached | 1.027 s: redistribute 0.066 ntt 0.860 crt 0.002 out 0.085 carry 0.022
cache_trace node 0: piece (2, 0) of 5 x 3, 69173177 + 57644314 limbs at 138346354, slots 2: A - B HIT | 0.699 s: redistribute 0.035 ntt 0.553 crt 0.004 out 0.091 carry 0.024
cache_trace node 1: piece (2, 0) of 5 x 3, 69173177 + 57644314 limbs at 138346354, slots 2: A - B HIT | 0.699 s: redistribute 0.035 ntt 0.552 crt 0.004 out 0.094 carry 0.024
cache_trace node 2: piece (2, 0) of 5 x 3, 69173177 + 57644314 limbs at 138346354, slots 2: A - B HIT | 0.699 s: redistribute 0.036 ntt 0.554 crt 0.004 out 0.088 carry 0.024
cache_trace node 3: piece (2, 0) of 5 x 3, 69173177 + 57644314 limbs at 138346354, slots 2: A - B HIT | 0.699 s: redistribute 0.039 ntt 0.551 crt 0.004 out 0.090 carry 0.024
cache_trace node 0: piece (3, 0) of 5 x 3, 69173177 + 57644314 limbs at 207519531, slots 2: A - B HIT | 0.722 s: redistribute 0.038 ntt 0.583 crt 0.004 out 0.080 carry 0.032
cache_trace node 1: piece (3, 0) of 5 x 3, 69173177 + 57644314 limbs at 207519531, slots 2: A - B HIT | 0.722 s: redistribute 0.039 ntt 0.578 crt 0.003 out 0.080 carry 0.032
cache_trace node 2: piece (3, 0) of 5 x 3, 69173177 + 57644314 limbs at 207519531, slots 2: A - B HIT | 0.722 s: redistribute 0.039 ntt 0.591 crt 0.003 out 0.081 carry 0.031
cache_trace node 3: piece (3, 0) of 5 x 3, 69173177 + 57644314 limbs at 207519531, slots 2: A - B HIT | 0.722 s: redistribute 0.036 ntt 0.588 crt 0.002 out 0.079 carry 0.031
cache_trace node 0: piece (4, 0) of 5 x 3, 69173177 + 57644314 limbs at 276692708, slots 2: A - B HIT | 0.705 s: redistribute 0.040 ntt 0.577 crt 0.002 out 0.070 carry 0.028
cache_trace node 1: piece (4, 0) of 5 x 3, 69173177 + 57644314 limbs at 276692708, slots 2: A - B HIT | 0.704 s: redistribute 0.037 ntt 0.572 crt 0.002 out 0.072 carry 0.028
cache_trace node 2: piece (4, 0) of 5 x 3, 69173177 + 57644314 limbs at 276692708, slots 2: A - B HIT | 0.704 s: redistribute 0.042 ntt 0.570 crt 0.002 out 0.075 carry 0.028
cache_trace node 3: piece (4, 0) of 5 x 3, 69173177 + 57644314 limbs at 276692708, slots 2: A - B HIT | 0.705 s: redistribute 0.041 ntt 0.579 crt 0.002 out 0.068 carry 0.027
cache_trace node 0: piece (0, 1) of 5 x 3, 69173177 + 57644314 limbs at 57644314, slots 2: A cached B cached | 1.019 s: redistribute 0.064 ntt 0.841 crt 0.002 out 0.091 carry 0.027
cache_trace node 1: piece (0, 1) of 5 x 3, 69173177 + 57644314 limbs at 57644314, slots 2: A cached B cached | 1.019 s: redistribute 0.064 ntt 0.847 crt 0.001 out 0.094 carry 0.025
cache_trace node 2: piece (0, 1) of 5 x 3, 69173177 + 57644314 limbs at 57644314, slots 2: A cached B cached | 1.019 s: redistribute 0.066 ntt 0.840 crt 0.002 out 0.089 carry 0.027
cache_trace node 3: piece (0, 1) of 5 x 3, 69173177 + 57644314 limbs at 57644314, slots 2: A cached B cached | 1.019 s: redistribute 0.067 ntt 0.846 crt 0.001 out 0.092 carry 0.027
cache_trace node 0: piece (1, 1) of 5 x 3, 69173177 + 57644314 limbs at 126817491, slots 2: A - B HIT | 0.721 s: redistribute 0.034 ntt 0.580 crt 0.002 out 0.086 carry 0.034
cache_trace node 1: piece (1, 1) of 5 x 3, 69173177 + 57644314 limbs at 126817491, slots 2: A - B HIT | 0.721 s: redistribute 0.036 ntt 0.581 crt 0.002 out 0.083 carry 0.033
cache_trace node 2: piece (1, 1) of 5 x 3, 69173177 + 57644314 limbs at 126817491, slots 2: A - B HIT | 0.721 s: redistribute 0.035 ntt 0.584 crt 0.002 out 0.082 carry 0.033
cache_trace node 3: piece (1, 1) of 5 x 3, 69173177 + 57644314 limbs at 126817491, slots 2: A - B HIT | 0.721 s: redistribute 0.035 ntt 0.576 crt 0.002 out 0.084 carry 0.034
cache_trace node 0: piece (2, 1) of 5 x 3, 69173177 + 57644314 limbs at 195990668, slots 2: A - B HIT | 0.695 s: redistribute 0.036 ntt 0.547 crt 0.001 out 0.078 carry 0.042
cache_trace node 1: piece (2, 1) of 5 x 3, 69173177 + 57644314 limbs at 195990668, slots 2: A - B HIT | 0.695 s: redistribute 0.035 ntt 0.538 crt 0.001 out 0.084 carry 0.042
cache_trace node 2: piece (2, 1) of 5 x 3, 69173177 + 57644314 limbs at 195990668, slots 2: A - B HIT | 0.695 s: redistribute 0.042 ntt 0.543 crt 0.001 out 0.083 carry 0.042
cache_trace node 3: piece (2, 1) of 5 x 3, 69173177 + 57644314 limbs at 195990668, slots 2: A - B HIT | 0.695 s: redistribute 0.033 ntt 0.549 crt 0.001 out 0.081 carry 0.042
cache_trace node 0: piece (3, 1) of 5 x 3, 69173177 + 57644314 limbs at 265163845, slots 2: A - B HIT | 0.688 s: redistribute 0.037 ntt 0.540 crt 0.003 out 0.098 carry 0.012
cache_trace node 1: piece (3, 1) of 5 x 3, 69173177 + 57644314 limbs at 265163845, slots 2: A - B HIT | 0.688 s: redistribute 0.036 ntt 0.546 crt 0.001 out 0.095 carry 0.012
cache_trace node 2: piece (3, 1) of 5 x 3, 69173177 + 57644314 limbs at 265163845, slots 2: A - B HIT | 0.688 s: redistribute 0.037 ntt 0.550 crt 0.003 out 0.090 carry 0.012
cache_trace node 3: piece (3, 1) of 5 x 3, 69173177 + 57644314 limbs at 265163845, slots 2: A - B HIT | 0.688 s: redistribute 0.035 ntt 0.547 crt 0.003 out 0.094 carry 0.012
cache_trace node 0: piece (4, 1) of 5 x 3, 69173177 + 57644314 limbs at 334337022, slots 2: A - B HIT | 0.654 s: redistribute 0.048 ntt 0.585 crt 0.002 out 0.022 carry 0.010
cache_trace node 1: piece (4, 1) of 5 x 3, 69173177 + 57644314 limbs at 334337022, slots 2: A - B HIT | 0.654 s: redistribute 0.043 ntt 0.585 crt 0.002 out 0.025 carry 0.010
cache_trace node 2: piece (4, 1) of 5 x 3, 69173177 + 57644314 limbs at 334337022, slots 2: A - B HIT | 0.654 s: redistribute 0.041 ntt 0.586 crt 0.001 out 0.023 carry 0.010
cache_trace node 3: piece (4, 1) of 5 x 3, 69173177 + 57644314 limbs at 334337022, slots 2: A - B HIT | 0.654 s: redistribute 0.047 ntt 0.585 crt 0.001 out 0.021 carry 0.010
cache_trace node 0: piece (0, 2) of 5 x 3, 69173177 + 57644314 limbs at 115288628, slots 2: A HIT B cached | 0.704 s: redistribute 0.031 ntt 0.565 crt 0.001 out 0.074 carry 0.040
cache_trace node 1: piece (0, 2) of 5 x 3, 69173177 + 57644314 limbs at 115288628, slots 2: A HIT B cached | 0.704 s: redistribute 0.029 ntt 0.569 crt 0.001 out 0.075 carry 0.039
cache_trace node 2: piece (0, 2) of 5 x 3, 69173177 + 57644314 limbs at 115288628, slots 2: A HIT B cached | 0.704 s: redistribute 0.030 ntt 0.561 crt 0.001 out 0.079 carry 0.039
cache_trace node 3: piece (0, 2) of 5 x 3, 69173177 + 57644314 limbs at 115288628, slots 2: A HIT B cached | 0.704 s: redistribute 0.033 ntt 0.558 crt 0.001 out 0.076 carry 0.040
cache_trace node 0: piece (1, 2) of 5 x 3, 69173177 + 57644314 limbs at 184461805, slots 2: A - B HIT | 0.701 s: redistribute 0.033 ntt 0.562 crt 0.002 out 0.080 carry 0.036
cache_trace node 1: piece (1, 2) of 5 x 3, 69173177 + 57644314 limbs at 184461805, slots 2: A - B HIT | 0.701 s: redistribute 0.036 ntt 0.555 crt 0.001 out 0.078 carry 0.036
cache_trace node 2: piece (1, 2) of 5 x 3, 69173177 + 57644314 limbs at 184461805, slots 2: A - B HIT | 0.701 s: redistribute 0.034 ntt 0.555 crt 0.002 out 0.081 carry 0.036
cache_trace node 3: piece (1, 2) of 5 x 3, 69173177 + 57644314 limbs at 184461805, slots 2: A - B HIT | 0.701 s: redistribute 0.035 ntt 0.562 crt 0.002 out 0.076 carry 0.036
cache_trace node 0: piece (2, 2) of 5 x 3, 69173177 + 57644314 limbs at 253634982, slots 2: A - B HIT | 0.679 s: redistribute 0.031 ntt 0.556 crt 0.002 out 0.083 carry 0.010
cache_trace node 1: piece (2, 2) of 5 x 3, 69173177 + 57644314 limbs at 253634982, slots 2: A - B HIT | 0.679 s: redistribute 0.032 ntt 0.554 crt 0.002 out 0.084 carry 0.010
cache_trace node 2: piece (2, 2) of 5 x 3, 69173177 + 57644314 limbs at 253634982, slots 2: A - B HIT | 0.679 s: redistribute 0.035 ntt 0.560 crt 0.002 out 0.084 carry 0.010
cache_trace node 3: piece (2, 2) of 5 x 3, 69173177 + 57644314 limbs at 253634982, slots 2: A - B HIT | 0.679 s: redistribute 0.040 ntt 0.562 crt 0.001 out 0.083 carry 0.009
cache_trace node 0: piece (3, 2) of 5 x 3, 69173177 + 57644314 limbs at 322808159, slots 2: A - B HIT | 0.663 s: redistribute 0.048 ntt 0.584 crt 0.001 out 0.033 carry 0.020
dist_mn node 0: 345865885 x 172932942 limbs over 4 x 4 ranks (cap 2^27): 5 x 3 pieces, 13 formed, 2 skipped (low product) (low cut) (cache 2 slots: 11 hits, 4 misses)
cache_trace node 1: piece (3, 2) of 5 x 3, 69173177 + 57644314 limbs at 322808159, slots 2: A - B HIT | 0.663 s: redistribute 0.032 ntt 0.582 crt 0.002 out 0.035 carry 0.020
dist_mn node 1: 345865885 x 172932942 limbs over 4 x 4 ranks (cap 2^27): 5 x 3 pieces, 13 formed, 2 skipped (low product) (low cut) (cache 2 slots: 11 hits, 4 misses)
cache_trace node 2: piece (3, 2) of 5 x 3, 69173177 + 57644314 limbs at 322808159, slots 2: A - B HIT | 0.663 s: redistribute 0.047 ntt 0.573 crt 0.002 out 0.038 carry 0.020
dist_mn node 2: 345865885 x 172932942 limbs over 4 x 4 ranks (cap 2^27): 5 x 3 pieces, 13 formed, 2 skipped (low product) (low cut) (cache 2 slots: 11 hits, 4 misses)
cache_trace node 3: piece (3, 2) of 5 x 3, 69173177 + 57644314 limbs at 322808159, slots 2: A - B HIT | 0.663 s: redistribute 0.035 ntt 0.583 crt 0.001 out 0.037 carry 0.019
dist_mn node 3: 345865885 x 172932942 limbs over 4 x 4 ranks (cap 2^27): 5 x 3 pieces, 13 formed, 2 skipped (low product) (low cut) (cache 2 slots: 11 hits, 4 misses)
cx_grid node 1: rep 2 shape 5x3_lowhighcut (345865885 x 172932942, cut 172932942 / 345865885) slots 2: 9.686 s, cache 11 hits 4 misses, C sha256 d34ab76033dc041f same
cx_grid node 2: rep 2 shape 5x3_lowhighcut (345865885 x 172932942, cut 172932942 / 345865885) slots 2: 9.686 s, cache 11 hits 4 misses, C sha256 6fb7dad7ad29af4b same
cx_grid node 3: rep 2 shape 5x3_lowhighcut (345865885 x 172932942, cut 172932942 / 345865885) slots 2: 9.686 s, cache 11 hits 4 misses, C sha256 016ae7d5637243e5 same
cx_grid node 0: rep 2 shape 5x3_lowhighcut (345865885 x 172932942, cut 172932942 / 345865885) slots 2: 9.686 s, cache 11 hits 4 misses, C sha256 34c357c17ea66a20 same
cache_trace node 0: piece (1, 0) of 2 x 4, 86466471 + 43233236 limbs at 86466471, slots 0: A - B - | 1.029 s: redistribute 0.072 ntt 0.856 crt 0.002 out 0.088 carry 0.033
cache_trace node 1: piece (1, 0) of 2 x 4, 86466471 + 43233236 limbs at 86466471, slots 0: A - B - | 1.029 s: redistribute 0.068 ntt 0.855 crt 0.002 out 0.087 carry 0.033
cache_trace node 2: piece (1, 0) of 2 x 4, 86466471 + 43233236 limbs at 86466471, slots 0: A - B - | 1.029 s: redistribute 0.068 ntt 0.852 crt 0.001 out 0.086 carry 0.033
cache_trace node 3: piece (1, 0) of 2 x 4, 86466471 + 43233236 limbs at 86466471, slots 0: A - B - | 1.029 s: redistribute 0.079 ntt 0.858 crt 0.001 out 0.085 carry 0.033
cache_trace node 0: piece (0, 1) of 2 x 4, 86466471 + 43233236 limbs at 43233236, slots 0: A - B - | 1.030 s: redistribute 0.073 ntt 0.838 crt 0.001 out 0.097 carry 0.030
cache_trace node 1: piece (0, 1) of 2 x 4, 86466471 + 43233236 limbs at 43233236, slots 0: A - B - | 1.030 s: redistribute 0.073 ntt 0.836 crt 0.002 out 0.100 carry 0.030
cache_trace node 2: piece (0, 1) of 2 x 4, 86466471 + 43233236 limbs at 43233236, slots 0: A - B - | 1.030 s: redistribute 0.072 ntt 0.842 crt 0.002 out 0.100 carry 0.030
cache_trace node 3: piece (0, 1) of 2 x 4, 86466471 + 43233236 limbs at 43233236, slots 0: A - B - | 1.030 s: redistribute 0.067 ntt 0.840 crt 0.002 out 0.098 carry 0.030
cache_trace node 0: piece (1, 1) of 2 x 4, 86466471 + 43233236 limbs at 129699707, slots 0: A - B - | 1.062 s: redistribute 0.066 ntt 0.885 crt 0.002 out 0.090 carry 0.030
cache_trace node 1: piece (1, 1) of 2 x 4, 86466471 + 43233236 limbs at 129699707, slots 0: A - B - | 1.062 s: redistribute 0.077 ntt 0.877 crt 0.001 out 0.092 carry 0.030
cache_trace node 2: piece (1, 1) of 2 x 4, 86466471 + 43233236 limbs at 129699707, slots 0: A - B - | 1.062 s: redistribute 0.065 ntt 0.890 crt 0.002 out 0.082 carry 0.030
cache_trace node 3: piece (1, 1) of 2 x 4, 86466471 + 43233236 limbs at 129699707, slots 0: A - B - | 1.062 s: redistribute 0.086 ntt 0.879 crt 0.002 out 0.094 carry 0.030
cache_trace node 0: piece (0, 2) of 2 x 4, 86466471 + 43233236 limbs at 86466472, slots 0: A - B - | 0.999 s: redistribute 0.069 ntt 0.823 crt 0.001 out 0.085 carry 0.033
cache_trace node 1: piece (0, 2) of 2 x 4, 86466471 + 43233236 limbs at 86466472, slots 0: A - B - | 0.999 s: redistribute 0.065 ntt 0.819 crt 0.001 out 0.085 carry 0.032
cache_trace node 2: piece (0, 2) of 2 x 4, 86466471 + 43233236 limbs at 86466472, slots 0: A - B - | 0.999 s: redistribute 0.068 ntt 0.820 crt 0.002 out 0.088 carry 0.032
cache_trace node 3: piece (0, 2) of 2 x 4, 86466471 + 43233236 limbs at 86466472, slots 0: A - B - | 0.999 s: redistribute 0.067 ntt 0.825 crt 0.002 out 0.084 carry 0.032
cache_trace node 0: piece (1, 2) of 2 x 4, 86466471 + 43233236 limbs at 172932943, slots 0: A - B - | 1.076 s: redistribute 0.064 ntt 0.884 crt 0.002 out 0.096 carry 0.033
cache_trace node 2: piece (1, 2) of 2 x 4, 86466471 + 43233236 limbs at 172932943, slots 0: A - B - | 1.076 s: redistribute 0.069 ntt 0.878 crt 0.002 out 0.103 carry 0.033
cache_trace node 3: piece (1, 2) of 2 x 4, 86466471 + 43233236 limbs at 172932943, slots 0: A - B - | 1.076 s: redistribute 0.076 ntt 0.878 crt 0.001 out 0.104 carry 0.033
cache_trace node 1: piece (1, 2) of 2 x 4, 86466471 + 43233236 limbs at 172932943, slots 0: A - B - | 1.076 s: redistribute 0.066 ntt 0.883 crt 0.001 out 0.099 carry 0.033
cache_trace node 0: piece (0, 3) of 2 x 4, 86466471 + 43233234 limbs at 129699708, slots 0: A - B - | 1.022 s: redistribute 0.065 ntt 0.846 crt 0.004 out 0.086 carry 0.031
cache_trace node 1: piece (0, 3) of 2 x 4, 86466471 + 43233234 limbs at 129699708, slots 0: A - B - | 1.022 s: redistribute 0.064 ntt 0.846 crt 0.004 out 0.089 carry 0.031
cache_trace node 2: piece (0, 3) of 2 x 4, 86466471 + 43233234 limbs at 129699708, slots 0: A - B - | 1.022 s: redistribute 0.073 ntt 0.856 crt 0.002 out 0.084 carry 0.029
cache_trace node 3: piece (0, 3) of 2 x 4, 86466471 + 43233234 limbs at 129699708, slots 0: A - B - | 1.022 s: redistribute 0.072 ntt 0.848 crt 0.004 out 0.087 carry 0.031
cache_trace node 0: piece (1, 3) of 2 x 4, 86466471 + 43233234 limbs at 216166179, slots 0: A - B - | 1.018 s: redistribute 0.069 ntt 0.842 crt 0.003 out 0.088 carry 0.029
dist_mn node 0: 172932942 x 172932942 limbs over 4 x 4 ranks (cap 2^27): 2 x 4 pieces, 7 formed, 1 skipped (low cut) (cache 0 slots: 0 hits, 0 misses)
cache_trace node 1: piece (1, 3) of 2 x 4, 86466471 + 43233234 limbs at 216166179, slots 0: A - B - | 1.018 s: redistribute 0.065 ntt 0.845 crt 0.003 out 0.083 carry 0.029
dist_mn node 1: 172932942 x 172932942 limbs over 4 x 4 ranks (cap 2^27): 2 x 4 pieces, 7 formed, 1 skipped (low cut) (cache 0 slots: 0 hits, 0 misses)
cache_trace node 2: piece (1, 3) of 2 x 4, 86466471 + 43233234 limbs at 216166179, slots 0: A - B - | 1.018 s: redistribute 0.065 ntt 0.842 crt 0.002 out 0.083 carry 0.029
dist_mn node 2: 172932942 x 172932942 limbs over 4 x 4 ranks (cap 2^27): 2 x 4 pieces, 7 formed, 1 skipped (low cut) (cache 0 slots: 0 hits, 0 misses)
cache_trace node 3: piece (1, 3) of 2 x 4, 86466471 + 43233234 limbs at 216166179, slots 0: A - B - | 1.018 s: redistribute 0.068 ntt 0.848 crt 0.003 out 0.084 carry 0.029
dist_mn node 3: 172932942 x 172932942 limbs over 4 x 4 ranks (cap 2^27): 2 x 4 pieces, 7 formed, 1 skipped (low cut) (cache 0 slots: 0 hits, 0 misses)
cx_grid node 1: rep 2 shape 2x4_lowcut (172932942 x 172932942, cut 172932942 / -1) slots 0: 7.241 s, cache 0 hits 0 misses, C sha256 2b96183bdc63b4f0 same
cx_grid node 2: rep 2 shape 2x4_lowcut (172932942 x 172932942, cut 172932942 / -1) slots 0: 7.241 s, cache 0 hits 0 misses, C sha256 392896d660bf6874 same
cx_grid node 3: rep 2 shape 2x4_lowcut (172932942 x 172932942, cut 172932942 / -1) slots 0: 7.241 s, cache 0 hits 0 misses, C sha256 b8a655c2a8a9f640 same
cx_grid node 0: rep 2 shape 2x4_lowcut (172932942 x 172932942, cut 172932942 / -1) slots 0: 7.241 s, cache 0 hits 0 misses, C sha256 4968e1e85c988bcf same
cache_trace node 0: piece (1, 0) of 2 x 4, 86466471 + 43233236 limbs at 86466471, slots 1: A - B cached | 1.061 s: redistribute 0.080 ntt 0.878 crt 0.001 out 0.088 carry 0.033
cache_trace node 1: piece (1, 0) of 2 x 4, 86466471 + 43233236 limbs at 86466471, slots 1: A - B cached | 1.061 s: redistribute 0.076 ntt 0.881 crt 0.002 out 0.087 carry 0.032
cache_trace node 2: piece (1, 0) of 2 x 4, 86466471 + 43233236 limbs at 86466471, slots 1: A - B cached | 1.061 s: redistribute 0.069 ntt 0.883 crt 0.002 out 0.090 carry 0.032
cache_trace node 3: piece (1, 0) of 2 x 4, 86466471 + 43233236 limbs at 86466471, slots 1: A - B cached | 1.061 s: redistribute 0.084 ntt 0.881 crt 0.001 out 0.085 carry 0.032
cache_trace node 0: piece (0, 1) of 2 x 4, 86466471 + 43233236 limbs at 43233236, slots 1: A - B cached | 1.019 s: redistribute 0.063 ntt 0.826 crt 0.002 out 0.103 carry 0.029
cache_trace node 1: piece (0, 1) of 2 x 4, 86466471 + 43233236 limbs at 43233236, slots 1: A - B cached | 1.019 s: redistribute 0.065 ntt 0.833 crt 0.001 out 0.098 carry 0.029
cache_trace node 2: piece (0, 1) of 2 x 4, 86466471 + 43233236 limbs at 43233236, slots 1: A - B cached | 1.019 s: redistribute 0.065 ntt 0.832 crt 0.001 out 0.098 carry 0.030
cache_trace node 3: piece (0, 1) of 2 x 4, 86466471 + 43233236 limbs at 43233236, slots 1: A - B cached | 1.019 s: redistribute 0.065 ntt 0.822 crt 0.002 out 0.103 carry 0.030
cache_trace node 0: piece (1, 1) of 2 x 4, 86466471 + 43233236 limbs at 129699707, slots 1: A - B HIT | 0.723 s: redistribute 0.045 ntt 0.566 crt 0.002 out 0.088 carry 0.032
cache_trace node 1: piece (1, 1) of 2 x 4, 86466471 + 43233236 limbs at 129699707, slots 1: A - B HIT | 0.723 s: redistribute 0.044 ntt 0.572 crt 0.002 out 0.086 carry 0.032
cache_trace node 2: piece (1, 1) of 2 x 4, 86466471 + 43233236 limbs at 129699707, slots 1: A - B HIT | 0.723 s: redistribute 0.040 ntt 0.564 crt 0.002 out 0.094 carry 0.032
cache_trace node 3: piece (1, 1) of 2 x 4, 86466471 + 43233236 limbs at 129699707, slots 1: A - B HIT | 0.723 s: redistribute 0.047 ntt 0.562 crt 0.002 out 0.086 carry 0.032
cache_trace node 0: piece (0, 2) of 2 x 4, 86466471 + 43233236 limbs at 86466472, slots 1: A - B cached | 1.027 s: redistribute 0.075 ntt 0.858 crt 0.001 out 0.085 carry 0.034
cache_trace node 1: piece (0, 2) of 2 x 4, 86466471 + 43233236 limbs at 86466472, slots 1: A - B cached | 1.027 s: redistribute 0.069 ntt 0.852 crt 0.002 out 0.089 carry 0.033
cache_trace node 2: piece (0, 2) of 2 x 4, 86466471 + 43233236 limbs at 86466472, slots 1: A - B cached | 1.027 s: redistribute 0.074 ntt 0.853 crt 0.001 out 0.087 carry 0.034
cache_trace node 3: piece (0, 2) of 2 x 4, 86466471 + 43233236 limbs at 86466472, slots 1: A - B cached | 1.027 s: redistribute 0.067 ntt 0.863 crt 0.002 out 0.083 carry 0.034
cache_trace node 0: piece (1, 2) of 2 x 4, 86466471 + 43233236 limbs at 172932943, slots 1: A - B HIT | 0.726 s: redistribute 0.042 ntt 0.572 crt 0.002 out 0.088 carry 0.032
cache_trace node 1: piece (1, 2) of 2 x 4, 86466471 + 43233236 limbs at 172932943, slots 1: A - B HIT | 0.726 s: redistribute 0.049 ntt 0.565 crt 0.002 out 0.089 carry 0.031
cache_trace node 2: piece (1, 2) of 2 x 4, 86466471 + 43233236 limbs at 172932943, slots 1: A - B HIT | 0.726 s: redistribute 0.049 ntt 0.566 crt 0.001 out 0.093 carry 0.031
cache_trace node 3: piece (1, 2) of 2 x 4, 86466471 + 43233236 limbs at 172932943, slots 1: A - B HIT | 0.726 s: redistribute 0.049 ntt 0.563 crt 0.001 out 0.092 carry 0.031
cache_trace node 0: piece (0, 3) of 2 x 4, 86466471 + 43233234 limbs at 129699708, slots 1: A - B cached | 1.048 s: redistribute 0.066 ntt 0.858 crt 0.002 out 0.102 carry 0.031
cache_trace node 1: piece (0, 3) of 2 x 4, 86466471 + 43233234 limbs at 129699708, slots 1: A - B cached | 1.048 s: redistribute 0.065 ntt 0.848 crt 0.002 out 0.105 carry 0.030
cache_trace node 2: piece (0, 3) of 2 x 4, 86466471 + 43233234 limbs at 129699708, slots 1: A - B cached | 1.048 s: redistribute 0.063 ntt 0.852 crt 0.002 out 0.102 carry 0.030
cache_trace node 3: piece (0, 3) of 2 x 4, 86466471 + 43233234 limbs at 129699708, slots 1: A - B cached | 1.048 s: redistribute 0.066 ntt 0.855 crt 0.002 out 0.109 carry 0.031
cache_trace node 0: piece (1, 3) of 2 x 4, 86466471 + 43233234 limbs at 216166179, slots 1: A - B HIT | 0.711 s: redistribute 0.046 ntt 0.554 crt 0.002 out 0.086 carry 0.027
dist_mn node 0: 172932942 x 172932942 limbs over 4 x 4 ranks (cap 2^27): 2 x 4 pieces, 7 formed, 1 skipped (low cut) (cache 1 slots: 3 hits, 4 misses)
cache_trace node 1: piece (1, 3) of 2 x 4, 86466471 + 43233234 limbs at 216166179, slots 1: A - B HIT | 0.711 s: redistribute 0.042 ntt 0.572 crt 0.002 out 0.088 carry 0.027
dist_mn node 1: 172932942 x 172932942 limbs over 4 x 4 ranks (cap 2^27): 2 x 4 pieces, 7 formed, 1 skipped (low cut) (cache 1 slots: 3 hits, 4 misses)
cache_trace node 2: piece (1, 3) of 2 x 4, 86466471 + 43233234 limbs at 216166179, slots 1: A - B HIT | 0.711 s: redistribute 0.040 ntt 0.570 crt 0.001 out 0.087 carry 0.027
dist_mn node 2: 172932942 x 172932942 limbs over 4 x 4 ranks (cap 2^27): 2 x 4 pieces, 7 formed, 1 skipped (low cut) (cache 1 slots: 3 hits, 4 misses)
cache_trace node 3: piece (1, 3) of 2 x 4, 86466471 + 43233234 limbs at 216166179, slots 1: A - B HIT | 0.711 s: redistribute 0.044 ntt 0.566 crt 0.001 out 0.091 carry 0.027
dist_mn node 3: 172932942 x 172932942 limbs over 4 x 4 ranks (cap 2^27): 2 x 4 pieces, 7 formed, 1 skipped (low cut) (cache 1 slots: 3 hits, 4 misses)
cx_grid node 3: rep 2 shape 2x4_lowcut (172932942 x 172932942, cut 172932942 / -1) slots 1: 6.321 s, cache 3 hits 4 misses, C sha256 b8a655c2a8a9f640 same
cx_grid node 1: rep 2 shape 2x4_lowcut (172932942 x 172932942, cut 172932942 / -1) slots 1: 6.321 s, cache 3 hits 4 misses, C sha256 2b96183bdc63b4f0 same
cx_grid node 2: rep 2 shape 2x4_lowcut (172932942 x 172932942, cut 172932942 / -1) slots 1: 6.321 s, cache 3 hits 4 misses, C sha256 392896d660bf6874 same
cx_grid node 0: rep 2 shape 2x4_lowcut (172932942 x 172932942, cut 172932942 / -1) slots 1: 6.321 s, cache 3 hits 4 misses, C sha256 4968e1e85c988bcf same
cache_trace node 0: piece (1, 0) of 2 x 4, 86466471 + 43233236 limbs at 86466471, slots 2: A - B cached | 1.077 s: redistribute 0.068 ntt 0.888 crt 0.001 out 0.090 carry 0.033
cache_trace node 1: piece (1, 0) of 2 x 4, 86466471 + 43233236 limbs at 86466471, slots 2: A - B cached | 1.077 s: redistribute 0.068 ntt 0.892 crt 0.003 out 0.095 carry 0.032
cache_trace node 2: piece (1, 0) of 2 x 4, 86466471 + 43233236 limbs at 86466471, slots 2: A - B cached | 1.077 s: redistribute 0.068 ntt 0.893 crt 0.003 out 0.095 carry 0.032
cache_trace node 3: piece (1, 0) of 2 x 4, 86466471 + 43233236 limbs at 86466471, slots 2: A - B cached | 1.077 s: redistribute 0.071 ntt 0.889 crt 0.003 out 0.094 carry 0.033
cache_trace node 0: piece (0, 1) of 2 x 4, 86466471 + 43233236 limbs at 43233236, slots 2: A cached B cached | 1.076 s: redistribute 0.062 ntt 0.887 crt 0.002 out 0.098 carry 0.028
cache_trace node 1: piece (0, 1) of 2 x 4, 86466471 + 43233236 limbs at 43233236, slots 2: A cached B cached | 1.076 s: redistribute 0.066 ntt 0.891 crt 0.002 out 0.095 carry 0.028
cache_trace node 2: piece (0, 1) of 2 x 4, 86466471 + 43233236 limbs at 43233236, slots 2: A cached B cached | 1.076 s: redistribute 0.067 ntt 0.889 crt 0.002 out 0.099 carry 0.028
cache_trace node 3: piece (0, 1) of 2 x 4, 86466471 + 43233236 limbs at 43233236, slots 2: A cached B cached | 1.076 s: redistribute 0.065 ntt 0.897 crt 0.002 out 0.093 carry 0.028
cache_trace node 0: piece (1, 1) of 2 x 4, 86466471 + 43233236 limbs at 129699707, slots 2: A - B HIT | 0.725 s: redistribute 0.039 ntt 0.570 crt 0.001 out 0.091 carry 0.030
cache_trace node 1: piece (1, 1) of 2 x 4, 86466471 + 43233236 limbs at 129699707, slots 2: A - B HIT | 0.725 s: redistribute 0.041 ntt 0.576 crt 0.002 out 0.092 carry 0.030
cache_trace node 2: piece (1, 1) of 2 x 4, 86466471 + 43233236 limbs at 129699707, slots 2: A - B HIT | 0.725 s: redistribute 0.041 ntt 0.568 crt 0.002 out 0.092 carry 0.030
cache_trace node 3: piece (1, 1) of 2 x 4, 86466471 + 43233236 limbs at 129699707, slots 2: A - B HIT | 0.725 s: redistribute 0.040 ntt 0.565 crt 0.001 out 0.092 carry 0.030
cache_trace node 0: piece (0, 2) of 2 x 4, 86466471 + 43233236 limbs at 86466472, slots 2: A HIT B cached | 0.692 s: redistribute 0.024 ntt 0.542 crt 0.001 out 0.093 carry 0.035
cache_trace node 1: piece (0, 2) of 2 x 4, 86466471 + 43233236 limbs at 86466472, slots 2: A HIT B cached | 0.692 s: redistribute 0.027 ntt 0.548 crt 0.001 out 0.092 carry 0.034
cache_trace node 2: piece (0, 2) of 2 x 4, 86466471 + 43233236 limbs at 86466472, slots 2: A HIT B cached | 0.693 s: redistribute 0.027 ntt 0.547 crt 0.001 out 0.088 carry 0.034
cache_trace node 3: piece (0, 2) of 2 x 4, 86466471 + 43233236 limbs at 86466472, slots 2: A HIT B cached | 0.693 s: redistribute 0.023 ntt 0.556 crt 0.001 out 0.087 carry 0.035
cache_trace node 0: piece (1, 2) of 2 x 4, 86466471 + 43233236 limbs at 172932943, slots 2: A - B HIT | 0.775 s: redistribute 0.051 ntt 0.595 crt 0.004 out 0.109 carry 0.034
cache_trace node 1: piece (1, 2) of 2 x 4, 86466471 + 43233236 limbs at 172932943, slots 2: A - B HIT | 0.775 s: redistribute 0.037 ntt 0.601 crt 0.004 out 0.105 carry 0.034
cache_trace node 2: piece (1, 2) of 2 x 4, 86466471 + 43233236 limbs at 172932943, slots 2: A - B HIT | 0.775 s: redistribute 0.048 ntt 0.590 crt 0.004 out 0.110 carry 0.034
cache_trace node 3: piece (1, 2) of 2 x 4, 86466471 + 43233236 limbs at 172932943, slots 2: A - B HIT | 0.775 s: redistribute 0.050 ntt 0.594 crt 0.003 out 0.112 carry 0.034
cache_trace node 0: piece (0, 3) of 2 x 4, 86466471 + 43233234 limbs at 129699708, slots 2: A HIT B cached | 0.717 s: redistribute 0.022 ntt 0.583 crt 0.002 out 0.080 carry 0.030
cache_trace node 1: piece (0, 3) of 2 x 4, 86466471 + 43233234 limbs at 129699708, slots 2: A HIT B cached | 0.717 s: redistribute 0.026 ntt 0.581 crt 0.002 out 0.087 carry 0.030
cache_trace node 2: piece (0, 3) of 2 x 4, 86466471 + 43233234 limbs at 129699708, slots 2: A HIT B cached | 0.717 s: redistribute 0.026 ntt 0.580 crt 0.002 out 0.083 carry 0.029
cache_trace node 3: piece (0, 3) of 2 x 4, 86466471 + 43233234 limbs at 129699708, slots 2: A HIT B cached | 0.717 s: redistribute 0.026 ntt 0.582 crt 0.001 out 0.087 carry 0.030
cache_trace node 0: piece (1, 3) of 2 x 4, 86466471 + 43233234 limbs at 216166179, slots 2: A - B HIT | 0.694 s: redistribute 0.043 ntt 0.540 crt 0.002 out 0.092 carry 0.029
dist_mn node 0: 172932942 x 172932942 limbs over 4 x 4 ranks (cap 2^27): 2 x 4 pieces, 7 formed, 1 skipped (low cut) (cache 2 slots: 5 hits, 5 misses)
cache_trace node 1: piece (1, 3) of 2 x 4, 86466471 + 43233234 limbs at 216166179, slots 2: A - B HIT | 0.694 s: redistribute 0.040 ntt 0.553 crt 0.001 out 0.088 carry 0.029
dist_mn node 1: 172932942 x 172932942 limbs over 4 x 4 ranks (cap 2^27): 2 x 4 pieces, 7 formed, 1 skipped (low cut) (cache 2 slots: 5 hits, 5 misses)
cache_trace node 2: piece (1, 3) of 2 x 4, 86466471 + 43233234 limbs at 216166179, slots 2: A - B HIT | 0.694 s: redistribute 0.047 ntt 0.553 crt 0.002 out 0.091 carry 0.029
dist_mn node 2: 172932942 x 172932942 limbs over 4 x 4 ranks (cap 2^27): 2 x 4 pieces, 7 formed, 1 skipped (low cut) (cache 2 slots: 5 hits, 5 misses)
cache_trace node 3: piece (1, 3) of 2 x 4, 86466471 + 43233234 limbs at 216166179, slots 2: A - B HIT | 0.694 s: redistribute 0.046 ntt 0.535 crt 0.003 out 0.090 carry 0.029
dist_mn node 3: 172932942 x 172932942 limbs over 4 x 4 ranks (cap 2^27): 2 x 4 pieces, 7 formed, 1 skipped (low cut) (cache 2 slots: 5 hits, 5 misses)
cx_grid node 1: rep 2 shape 2x4_lowcut (172932942 x 172932942, cut 172932942 / -1) slots 2: 5.762 s, cache 5 hits 5 misses, C sha256 2b96183bdc63b4f0 same
cx_grid node 3: rep 2 shape 2x4_lowcut (172932942 x 172932942, cut 172932942 / -1) slots 2: 5.762 s, cache 5 hits 5 misses, C sha256 b8a655c2a8a9f640 same
cx_grid node 2: rep 2 shape 2x4_lowcut (172932942 x 172932942, cut 172932942 / -1) slots 2: 5.762 s, cache 5 hits 5 misses, C sha256 392896d660bf6874 same
cx_grid node 0: rep 2 shape 2x4_lowcut (172932942 x 172932942, cut 172932942 / -1) slots 2: 5.763 s, cache 5 hits 5 misses, C sha256 4968e1e85c988bcf same
cache_trace node 0: piece (4, 0) of 5 x 6, 69173177 + 57644315 limbs at 276692708, slots 0: A - B - | 1.026 s: redistribute 0.072 ntt 0.837 crt 0.003 out 0.072 carry 0.051
cache_trace node 1: piece (4, 0) of 5 x 6, 69173177 + 57644315 limbs at 276692708, slots 0: A - B - | 1.026 s: redistribute 0.064 ntt 0.844 crt 0.002 out 0.072 carry 0.051
cache_trace node 2: piece (4, 0) of 5 x 6, 69173177 + 57644315 limbs at 276692708, slots 0: A - B - | 1.026 s: redistribute 0.073 ntt 0.834 crt 0.001 out 0.074 carry 0.051
cache_trace node 3: piece (4, 0) of 5 x 6, 69173177 + 57644315 limbs at 276692708, slots 0: A - B - | 1.026 s: redistribute 0.067 ntt 0.839 crt 0.002 out 0.074 carry 0.051
cache_trace node 0: piece (3, 1) of 5 x 6, 69173177 + 57644315 limbs at 265163846, slots 0: A - B - | 1.025 s: redistribute 0.067 ntt 0.837 crt 0.001 out 0.082 carry 0.055
cache_trace node 1: piece (3, 1) of 5 x 6, 69173177 + 57644315 limbs at 265163846, slots 0: A - B - | 1.025 s: redistribute 0.065 ntt 0.835 crt 0.002 out 0.084 carry 0.055
cache_trace node 2: piece (3, 1) of 5 x 6, 69173177 + 57644315 limbs at 265163846, slots 0: A - B - | 1.025 s: redistribute 0.070 ntt 0.837 crt 0.001 out 0.079 carry 0.055
cache_trace node 3: piece (3, 1) of 5 x 6, 69173177 + 57644315 limbs at 265163846, slots 0: A - B - | 1.025 s: redistribute 0.063 ntt 0.827 crt 0.002 out 0.080 carry 0.055
cache_trace node 1: piece (4, 1) of 5 x 6, 69173177 + 57644315 limbs at 334337023, slots 0: A - B - | 1.051 s: redistribute 0.066 ntt 0.832 crt 0.002 out 0.102 carry 0.056
cache_trace node 2: piece (4, 1) of 5 x 6, 69173177 + 57644315 limbs at 334337023, slots 0: A - B - | 1.051 s: redistribute 0.067 ntt 0.836 crt 0.002 out 0.101 carry 0.056
cache_trace node 0: piece (4, 1) of 5 x 6, 69173177 + 57644315 limbs at 334337023, slots 0: A - B - | 1.051 s: redistribute 0.071 ntt 0.836 crt 0.002 out 0.103 carry 0.056
cache_trace node 3: piece (4, 1) of 5 x 6, 69173177 + 57644315 limbs at 334337023, slots 0: A - B - | 1.051 s: redistribute 0.068 ntt 0.831 crt 0.002 out 0.099 carry 0.056
cache_trace node 0: piece (2, 2) of 5 x 6, 69173177 + 57644315 limbs at 253634984, slots 0: A - B - | 1.064 s: redistribute 0.069 ntt 0.858 crt 0.003 out 0.091 carry 0.053
cache_trace node 1: piece (2, 2) of 5 x 6, 69173177 + 57644315 limbs at 253634984, slots 0: A - B - | 1.064 s: redistribute 0.069 ntt 0.852 crt 0.003 out 0.091 carry 0.052
cache_trace node 2: piece (2, 2) of 5 x 6, 69173177 + 57644315 limbs at 253634984, slots 0: A - B - | 1.064 s: redistribute 0.067 ntt 0.856 crt 0.003 out 0.094 carry 0.053
cache_trace node 3: piece (2, 2) of 5 x 6, 69173177 + 57644315 limbs at 253634984, slots 0: A - B - | 1.064 s: redistribute 0.067 ntt 0.863 crt 0.001 out 0.090 carry 0.053
cache_trace node 0: piece (3, 2) of 5 x 6, 69173177 + 57644315 limbs at 322808161, slots 0: A - B - | 1.061 s: redistribute 0.064 ntt 0.852 crt 0.002 out 0.102 carry 0.054
cache_trace node 1: piece (3, 2) of 5 x 6, 69173177 + 57644315 limbs at 322808161, slots 0: A - B - | 1.061 s: redistribute 0.067 ntt 0.858 crt 0.002 out 0.101 carry 0.054
cache_trace node 2: piece (3, 2) of 5 x 6, 69173177 + 57644315 limbs at 322808161, slots 0: A - B - | 1.061 s: redistribute 0.068 ntt 0.860 crt 0.002 out 0.101 carry 0.054
cache_trace node 3: piece (3, 2) of 5 x 6, 69173177 + 57644315 limbs at 322808161, slots 0: A - B - | 1.061 s: redistribute 0.057 ntt 0.858 crt 0.002 out 0.096 carry 0.054
cache_trace node 0: piece (4, 2) of 5 x 6, 69173177 + 57644315 limbs at 391981338, slots 0: A - B - | 1.099 s: redistribute 0.072 ntt 0.871 crt 0.001 out 0.116 carry 0.048
cache_trace node 1: piece (4, 2) of 5 x 6, 69173177 + 57644315 limbs at 391981338, slots 0: A - B - | 1.099 s: redistribute 0.071 ntt 0.872 crt 0.001 out 0.119 carry 0.047
cache_trace node 2: piece (4, 2) of 5 x 6, 69173177 + 57644315 limbs at 391981338, slots 0: A - B - | 1.099 s: redistribute 0.065 ntt 0.876 crt 0.001 out 0.120 carry 0.047
cache_trace node 3: piece (4, 2) of 5 x 6, 69173177 + 57644315 limbs at 391981338, slots 0: A - B - | 1.099 s: redistribute 0.070 ntt 0.875 crt 0.001 out 0.117 carry 0.048
cache_trace node 0: piece (1, 3) of 5 x 6, 69173177 + 57644315 limbs at 242106122, slots 0: A - B - | 1.062 s: redistribute 0.062 ntt 0.854 crt 0.002 out 0.095 carry 0.057
cache_trace node 1: piece (1, 3) of 5 x 6, 69173177 + 57644315 limbs at 242106122, slots 0: A - B - | 1.062 s: redistribute 0.059 ntt 0.860 crt 0.001 out 0.088 carry 0.057
cache_trace node 2: piece (1, 3) of 5 x 6, 69173177 + 57644315 limbs at 242106122, slots 0: A - B - | 1.062 s: redistribute 0.061 ntt 0.853 crt 0.002 out 0.100 carry 0.057
cache_trace node 3: piece (1, 3) of 5 x 6, 69173177 + 57644315 limbs at 242106122, slots 0: A - B - | 1.062 s: redistribute 0.061 ntt 0.859 crt 0.001 out 0.092 carry 0.057
cache_trace node 0: piece (2, 3) of 5 x 6, 69173177 + 57644315 limbs at 311279299, slots 0: A - B - | 1.057 s: redistribute 0.069 ntt 0.851 crt 0.004 out 0.095 carry 0.053
cache_trace node 1: piece (2, 3) of 5 x 6, 69173177 + 57644315 limbs at 311279299, slots 0: A - B - | 1.057 s: redistribute 0.070 ntt 0.856 crt 0.004 out 0.094 carry 0.052
cache_trace node 2: piece (2, 3) of 5 x 6, 69173177 + 57644315 limbs at 311279299, slots 0: A - B - | 1.057 s: redistribute 0.069 ntt 0.855 crt 0.001 out 0.098 carry 0.052
cache_trace node 3: piece (2, 3) of 5 x 6, 69173177 + 57644315 limbs at 311279299, slots 0: A - B - | 1.057 s: redistribute 0.066 ntt 0.850 crt 0.003 out 0.096 carry 0.053
cache_trace node 0: piece (3, 3) of 5 x 6, 69173177 + 57644315 limbs at 380452476, slots 0: A - B - | 1.071 s: redistribute 0.075 ntt 0.852 crt 0.002 out 0.113 carry 0.045
cache_trace node 1: piece (3, 3) of 5 x 6, 69173177 + 57644315 limbs at 380452476, slots 0: A - B - | 1.071 s: redistribute 0.075 ntt 0.848 crt 0.001 out 0.110 carry 0.045
cache_trace node 2: piece (3, 3) of 5 x 6, 69173177 + 57644315 limbs at 380452476, slots 0: A - B - | 1.071 s: redistribute 0.073 ntt 0.850 crt 0.001 out 0.117 carry 0.045
cache_trace node 3: piece (3, 3) of 5 x 6, 69173177 + 57644315 limbs at 380452476, slots 0: A - B - | 1.071 s: redistribute 0.066 ntt 0.856 crt 0.002 out 0.108 carry 0.045
cache_trace node 0: piece (4, 3) of 5 x 6, 69173177 + 57644315 limbs at 449625653, slots 0: A - B - | 1.060 s: redistribute 0.072 ntt 0.862 crt 0.001 out 0.084 carry 0.053
cache_trace node 1: piece (4, 3) of 5 x 6, 69173177 + 57644315 limbs at 449625653, slots 0: A - B - | 1.060 s: redistribute 0.068 ntt 0.866 crt 0.002 out 0.091 carry 0.053
cache_trace node 2: piece (4, 3) of 5 x 6, 69173177 + 57644315 limbs at 449625653, slots 0: A - B - | 1.060 s: redistribute 0.070 ntt 0.862 crt 0.002 out 0.089 carry 0.053
cache_trace node 3: piece (4, 3) of 5 x 6, 69173177 + 57644315 limbs at 449625653, slots 0: A - B - | 1.060 s: redistribute 0.071 ntt 0.864 crt 0.001 out 0.095 carry 0.052
cache_trace node 0: piece (0, 4) of 5 x 6, 69173177 + 57644315 limbs at 230577260, slots 0: A - B - | 1.137 s: redistribute 0.067 ntt 0.921 crt 0.001 out 0.099 carry 0.054
cache_trace node 1: piece (0, 4) of 5 x 6, 69173177 + 57644315 limbs at 230577260, slots 0: A - B - | 1.137 s: redistribute 0.066 ntt 0.921 crt 0.002 out 0.098 carry 0.052
cache_trace node 2: piece (0, 4) of 5 x 6, 69173177 + 57644315 limbs at 230577260, slots 0: A - B - | 1.137 s: redistribute 0.071 ntt 0.923 crt 0.002 out 0.098 carry 0.053
cache_trace node 3: piece (0, 4) of 5 x 6, 69173177 + 57644315 limbs at 230577260, slots 0: A - B - | 1.137 s: redistribute 0.072 ntt 0.920 crt 0.002 out 0.102 carry 0.054
cache_trace node 0: piece (1, 4) of 5 x 6, 69173177 + 57644315 limbs at 299750437, slots 0: A - B - | 1.045 s: redistribute 0.056 ntt 0.854 crt 0.002 out 0.078 carry 0.058
cache_trace node 1: piece (1, 4) of 5 x 6, 69173177 + 57644315 limbs at 299750437, slots 0: A - B - | 1.045 s: redistribute 0.060 ntt 0.849 crt 0.001 out 0.085 carry 0.057
cache_trace node 2: piece (1, 4) of 5 x 6, 69173177 + 57644315 limbs at 299750437, slots 0: A - B - | 1.045 s: redistribute 0.058 ntt 0.849 crt 0.002 out 0.082 carry 0.057
cache_trace node 3: piece (1, 4) of 5 x 6, 69173177 + 57644315 limbs at 299750437, slots 0: A - B - | 1.045 s: redistribute 0.056 ntt 0.857 crt 0.002 out 0.078 carry 0.057
cache_trace node 0: piece (2, 4) of 5 x 6, 69173177 + 57644315 limbs at 368923614, slots 0: A - B - | 1.074 s: redistribute 0.063 ntt 0.888 crt 0.001 out 0.109 carry 0.022
cache_trace node 1: piece (2, 4) of 5 x 6, 69173177 + 57644315 limbs at 368923614, slots 0: A - B - | 1.074 s: redistribute 0.066 ntt 0.885 crt 0.002 out 0.113 carry 0.022
cache_trace node 2: piece (2, 4) of 5 x 6, 69173177 + 57644315 limbs at 368923614, slots 0: A - B - | 1.074 s: redistribute 0.062 ntt 0.882 crt 0.001 out 0.115 carry 0.021
cache_trace node 3: piece (2, 4) of 5 x 6, 69173177 + 57644315 limbs at 368923614, slots 0: A - B - | 1.074 s: redistribute 0.063 ntt 0.892 crt 0.001 out 0.106 carry 0.022
cache_trace node 1: piece (3, 4) of 5 x 6, 69173177 + 57644315 limbs at 438096791, slots 0: A - B - | 1.047 s: redistribute 0.071 ntt 0.849 crt 0.001 out 0.088 carry 0.053
cache_trace node 2: piece (3, 4) of 5 x 6, 69173177 + 57644315 limbs at 438096791, slots 0: A - B - | 1.047 s: redistribute 0.072 ntt 0.845 crt 0.002 out 0.088 carry 0.052
cache_trace node 0: piece (3, 4) of 5 x 6, 69173177 + 57644315 limbs at 438096791, slots 0: A - B - | 1.047 s: redistribute 0.076 ntt 0.846 crt 0.002 out 0.085 carry 0.053
cache_trace node 3: piece (3, 4) of 5 x 6, 69173177 + 57644315 limbs at 438096791, slots 0: A - B - | 1.047 s: redistribute 0.068 ntt 0.852 crt 0.001 out 0.089 carry 0.053
cache_trace node 0: piece (4, 4) of 5 x 6, 69173177 + 57644315 limbs at 507269968, slots 0: A - B - | 1.048 s: redistribute 0.068 ntt 0.833 crt 0.001 out 0.107 carry 0.055
cache_trace node 2: piece (4, 4) of 5 x 6, 69173177 + 57644315 limbs at 507269968, slots 0: A - B - | 1.048 s: redistribute 0.066 ntt 0.823 crt 0.001 out 0.109 carry 0.055
cache_trace node 3: piece (4, 4) of 5 x 6, 69173177 + 57644315 limbs at 507269968, slots 0: A - B - | 1.048 s: redistribute 0.072 ntt 0.821 crt 0.002 out 0.113 carry 0.055
cache_trace node 1: piece (4, 4) of 5 x 6, 69173177 + 57644315 limbs at 507269968, slots 0: A - B - | 1.048 s: redistribute 0.069 ntt 0.829 crt 0.002 out 0.106 carry 0.055
cache_trace node 0: piece (0, 5) of 5 x 6, 69173177 + 57644310 limbs at 288221575, slots 0: A - B - | 1.048 s: redistribute 0.064 ntt 0.854 crt 0.001 out 0.077 carry 0.061
cache_trace node 1: piece (0, 5) of 5 x 6, 69173177 + 57644310 limbs at 288221575, slots 0: A - B - | 1.048 s: redistribute 0.063 ntt 0.857 crt 0.001 out 0.072 carry 0.061
cache_trace node 2: piece (0, 5) of 5 x 6, 69173177 + 57644310 limbs at 288221575, slots 0: A - B - | 1.048 s: redistribute 0.067 ntt 0.854 crt 0.001 out 0.075 carry 0.061
cache_trace node 3: piece (0, 5) of 5 x 6, 69173177 + 57644310 limbs at 288221575, slots 0: A - B - | 1.048 s: redistribute 0.066 ntt 0.851 crt 0.001 out 0.076 carry 0.061
cache_trace node 0: piece (1, 5) of 5 x 6, 69173177 + 57644310 limbs at 357394752, slots 0: A - B - | 1.038 s: redistribute 0.060 ntt 0.828 crt 0.001 out 0.110 carry 0.045
cache_trace node 1: piece (1, 5) of 5 x 6, 69173177 + 57644310 limbs at 357394752, slots 0: A - B - | 1.038 s: redistribute 0.066 ntt 0.827 crt 0.001 out 0.107 carry 0.045
cache_trace node 2: piece (1, 5) of 5 x 6, 69173177 + 57644310 limbs at 357394752, slots 0: A - B - | 1.038 s: redistribute 0.061 ntt 0.833 crt 0.001 out 0.108 carry 0.043
cache_trace node 3: piece (1, 5) of 5 x 6, 69173177 + 57644310 limbs at 357394752, slots 0: A - B - | 1.038 s: redistribute 0.066 ntt 0.837 crt 0.001 out 0.112 carry 0.045
cache_trace node 0: piece (2, 5) of 5 x 6, 69173177 + 57644310 limbs at 426567929, slots 0: A - B - | 1.075 s: redistribute 0.069 ntt 0.876 crt 0.002 out 0.090 carry 0.054
cache_trace node 1: piece (2, 5) of 5 x 6, 69173177 + 57644310 limbs at 426567929, slots 0: A - B - | 1.075 s: redistribute 0.065 ntt 0.876 crt 0.002 out 0.085 carry 0.054
cache_trace node 2: piece (2, 5) of 5 x 6, 69173177 + 57644310 limbs at 426567929, slots 0: A - B - | 1.075 s: redistribute 0.071 ntt 0.874 crt 0.001 out 0.089 carry 0.054
cache_trace node 3: piece (2, 5) of 5 x 6, 69173177 + 57644310 limbs at 426567929, slots 0: A - B - | 1.075 s: redistribute 0.069 ntt 0.873 crt 0.001 out 0.091 carry 0.054
cache_trace node 1: piece (3, 5) of 5 x 6, 69173177 + 57644310 limbs at 495741106, slots 0: A - B - | 1.087 s: redistribute 0.071 ntt 0.876 crt 0.001 out 0.103 carry 0.054
cache_trace node 2: piece (3, 5) of 5 x 6, 69173177 + 57644310 limbs at 495741106, slots 0: A - B - | 1.087 s: redistribute 0.065 ntt 0.875 crt 0.002 out 0.100 carry 0.053
cache_trace node 0: piece (3, 5) of 5 x 6, 69173177 + 57644310 limbs at 495741106, slots 0: A - B - | 1.087 s: redistribute 0.063 ntt 0.876 crt 0.002 out 0.100 carry 0.054
cache_trace node 3: piece (3, 5) of 5 x 6, 69173177 + 57644310 limbs at 495741106, slots 0: A - B - | 1.087 s: redistribute 0.070 ntt 0.871 crt 0.002 out 0.100 carry 0.053
cache_trace node 0: piece (4, 5) of 5 x 6, 69173177 + 57644310 limbs at 564914283, slots 0: A - B - | 1.124 s: redistribute 0.073 ntt 0.864 crt 0.001 out 0.123 carry 0.067
dist_mn node 0: 345865885 x 345865885 limbs over 4 x 4 ranks (cap 2^27): 5 x 6 pieces, 20 formed, 10 skipped (low cut) (cache 0 slots: 0 hits, 0 misses)
cache_trace node 1: piece (4, 5) of 5 x 6, 69173177 + 57644310 limbs at 564914283, slots 0: A - B - | 1.124 s: redistribute 0.072 ntt 0.875 crt 0.001 out 0.117 carry 0.067
dist_mn node 1: 345865885 x 345865885 limbs over 4 x 4 ranks (cap 2^27): 5 x 6 pieces, 20 formed, 10 skipped (low cut) (cache 0 slots: 0 hits, 0 misses)
cache_trace node 2: piece (4, 5) of 5 x 6, 69173177 + 57644310 limbs at 564914283, slots 0: A - B - | 1.124 s: redistribute 0.082 ntt 0.867 crt 0.001 out 0.123 carry 0.067
dist_mn node 2: 345865885 x 345865885 limbs over 4 x 4 ranks (cap 2^27): 5 x 6 pieces, 20 formed, 10 skipped (low cut) (cache 0 slots: 0 hits, 0 misses)
cache_trace node 3: piece (4, 5) of 5 x 6, 69173177 + 57644310 limbs at 564914283, slots 0: A - B - | 1.124 s: redistribute 0.073 ntt 0.863 crt 0.001 out 0.125 carry 0.067
dist_mn node 3: 345865885 x 345865885 limbs over 4 x 4 ranks (cap 2^27): 5 x 6 pieces, 20 formed, 10 skipped (low cut) (cache 0 slots: 0 hits, 0 misses)
cx_grid node 2: rep 2 shape 5x6_lowcut (345865885 x 345865885, cut 345865885 / -1) slots 0: 21.310 s, cache 0 hits 0 misses, C sha256 9a63ff9894e68fc8 same
cx_grid node 1: rep 2 shape 5x6_lowcut (345865885 x 345865885, cut 345865885 / -1) slots 0: 21.310 s, cache 0 hits 0 misses, C sha256 c673dc5d386a8b89 same
cx_grid node 3: rep 2 shape 5x6_lowcut (345865885 x 345865885, cut 345865885 / -1) slots 0: 21.310 s, cache 0 hits 0 misses, C sha256 a056b37a3c065647 same
cx_grid node 0: rep 2 shape 5x6_lowcut (345865885 x 345865885, cut 345865885 / -1) slots 0: 21.310 s, cache 0 hits 0 misses, C sha256 28247e6619af895b same
cache_trace node 1: piece (4, 0) of 5 x 6, 69173177 + 57644315 limbs at 276692708, slots 1: A - B cached | 1.075 s: redistribute 0.078 ntt 0.894 crt 0.002 out 0.074 carry 0.058
cache_trace node 0: piece (4, 0) of 5 x 6, 69173177 + 57644315 limbs at 276692708, slots 1: A - B cached | 1.075 s: redistribute 0.077 ntt 0.879 crt 0.002 out 0.073 carry 0.058
cache_trace node 2: piece (4, 0) of 5 x 6, 69173177 + 57644315 limbs at 276692708, slots 1: A - B cached | 1.075 s: redistribute 0.072 ntt 0.879 crt 0.002 out 0.074 carry 0.058
cache_trace node 3: piece (4, 0) of 5 x 6, 69173177 + 57644315 limbs at 276692708, slots 1: A - B cached | 1.075 s: redistribute 0.072 ntt 0.878 crt 0.002 out 0.075 carry 0.058
cache_trace node 0: piece (3, 1) of 5 x 6, 69173177 + 57644315 limbs at 265163846, slots 1: A - B cached | 1.034 s: redistribute 0.062 ntt 0.848 crt 0.002 out 0.086 carry 0.054
cache_trace node 1: piece (3, 1) of 5 x 6, 69173177 + 57644315 limbs at 265163846, slots 1: A - B cached | 1.034 s: redistribute 0.063 ntt 0.853 crt 0.002 out 0.086 carry 0.054
cache_trace node 2: piece (3, 1) of 5 x 6, 69173177 + 57644315 limbs at 265163846, slots 1: A - B cached | 1.034 s: redistribute 0.062 ntt 0.846 crt 0.001 out 0.088 carry 0.054
cache_trace node 3: piece (3, 1) of 5 x 6, 69173177 + 57644315 limbs at 265163846, slots 1: A - B cached | 1.034 s: redistribute 0.064 ntt 0.845 crt 0.001 out 0.084 carry 0.054
cache_trace node 0: piece (4, 1) of 5 x 6, 69173177 + 57644315 limbs at 334337023, slots 1: A - B HIT | 0.778 s: redistribute 0.037 ntt 0.579 crt 0.001 out 0.105 carry 0.058
cache_trace node 1: piece (4, 1) of 5 x 6, 69173177 + 57644315 limbs at 334337023, slots 1: A - B HIT | 0.778 s: redistribute 0.051 ntt 0.582 crt 0.001 out 0.108 carry 0.058
cache_trace node 2: piece (4, 1) of 5 x 6, 69173177 + 57644315 limbs at 334337023, slots 1: A - B HIT | 0.778 s: redistribute 0.042 ntt 0.581 crt 0.002 out 0.112 carry 0.057
cache_trace node 3: piece (4, 1) of 5 x 6, 69173177 + 57644315 limbs at 334337023, slots 1: A - B HIT | 0.778 s: redistribute 0.050 ntt 0.573 crt 0.002 out 0.111 carry 0.058
cache_trace node 0: piece (2, 2) of 5 x 6, 69173177 + 57644315 limbs at 253634984, slots 1: A - B cached | 1.099 s: redistribute 0.068 ntt 0.889 crt 0.002 out 0.092 carry 0.060
cache_trace node 1: piece (2, 2) of 5 x 6, 69173177 + 57644315 limbs at 253634984, slots 1: A - B cached | 1.099 s: redistribute 0.068 ntt 0.890 crt 0.001 out 0.090 carry 0.059
cache_trace node 2: piece (2, 2) of 5 x 6, 69173177 + 57644315 limbs at 253634984, slots 1: A - B cached | 1.099 s: redistribute 0.087 ntt 0.886 crt 0.002 out 0.093 carry 0.059
cache_trace node 3: piece (2, 2) of 5 x 6, 69173177 + 57644315 limbs at 253634984, slots 1: A - B cached | 1.099 s: redistribute 0.069 ntt 0.889 crt 0.001 out 0.094 carry 0.060
cache_trace node 0: piece (3, 2) of 5 x 6, 69173177 + 57644315 limbs at 322808161, slots 1: A - B HIT | 0.732 s: redistribute 0.034 ntt 0.556 crt 0.002 out 0.102 carry 0.053
cache_trace node 1: piece (3, 2) of 5 x 6, 69173177 + 57644315 limbs at 322808161, slots 1: A - B HIT | 0.732 s: redistribute 0.039 ntt 0.557 crt 0.002 out 0.094 carry 0.053
cache_trace node 2: piece (3, 2) of 5 x 6, 69173177 + 57644315 limbs at 322808161, slots 1: A - B HIT | 0.732 s: redistribute 0.039 ntt 0.554 crt 0.001 out 0.098 carry 0.052
cache_trace node 3: piece (3, 2) of 5 x 6, 69173177 + 57644315 limbs at 322808161, slots 1: A - B HIT | 0.732 s: redistribute 0.035 ntt 0.557 crt 0.002 out 0.094 carry 0.053
cache_trace node 1: piece (4, 2) of 5 x 6, 69173177 + 57644315 limbs at 391981338, slots 1: A - B HIT | 0.789 s: redistribute 0.035 ntt 0.602 crt 0.001 out 0.118 carry 0.047
cache_trace node 2: piece (4, 2) of 5 x 6, 69173177 + 57644315 limbs at 391981338, slots 1: A - B HIT | 0.789 s: redistribute 0.036 ntt 0.589 crt 0.002 out 0.119 carry 0.044
cache_trace node 0: piece (4, 2) of 5 x 6, 69173177 + 57644315 limbs at 391981338, slots 1: A - B HIT | 0.789 s: redistribute 0.049 ntt 0.591 crt 0.002 out 0.120 carry 0.047
cache_trace node 3: piece (4, 2) of 5 x 6, 69173177 + 57644315 limbs at 391981338, slots 1: A - B HIT | 0.789 s: redistribute 0.048 ntt 0.584 crt 0.001 out 0.121 carry 0.047
cache_trace node 0: piece (1, 3) of 5 x 6, 69173177 + 57644315 limbs at 242106122, slots 1: A - B cached | 1.085 s: redistribute 0.067 ntt 0.880 crt 0.002 out 0.095 carry 0.055
cache_trace node 1: piece (1, 3) of 5 x 6, 69173177 + 57644315 limbs at 242106122, slots 1: A - B cached | 1.085 s: redistribute 0.074 ntt 0.877 crt 0.003 out 0.094 carry 0.055
cache_trace node 2: piece (1, 3) of 5 x 6, 69173177 + 57644315 limbs at 242106122, slots 1: A - B cached | 1.085 s: redistribute 0.074 ntt 0.877 crt 0.003 out 0.093 carry 0.054
cache_trace node 3: piece (1, 3) of 5 x 6, 69173177 + 57644315 limbs at 242106122, slots 1: A - B cached | 1.085 s: redistribute 0.074 ntt 0.881 crt 0.001 out 0.092 carry 0.055
cache_trace node 0: piece (2, 3) of 5 x 6, 69173177 + 57644315 limbs at 311279299, slots 1: A - B HIT | 0.745 s: redistribute 0.039 ntt 0.567 crt 0.001 out 0.090 carry 0.059
cache_trace node 1: piece (2, 3) of 5 x 6, 69173177 + 57644315 limbs at 311279299, slots 1: A - B HIT | 0.745 s: redistribute 0.034 ntt 0.564 crt 0.001 out 0.092 carry 0.059
cache_trace node 2: piece (2, 3) of 5 x 6, 69173177 + 57644315 limbs at 311279299, slots 1: A - B HIT | 0.745 s: redistribute 0.036 ntt 0.570 crt 0.001 out 0.087 carry 0.059
cache_trace node 3: piece (2, 3) of 5 x 6, 69173177 + 57644315 limbs at 311279299, slots 1: A - B HIT | 0.745 s: redistribute 0.030 ntt 0.571 crt 0.001 out 0.088 carry 0.059
cache_trace node 0: piece (3, 3) of 5 x 6, 69173177 + 57644315 limbs at 380452476, slots 1: A - B HIT | 0.751 s: redistribute 0.034 ntt 0.553 crt 0.002 out 0.120 carry 0.046
cache_trace node 1: piece (3, 3) of 5 x 6, 69173177 + 57644315 limbs at 380452476, slots 1: A - B HIT | 0.751 s: redistribute 0.039 ntt 0.565 crt 0.002 out 0.122 carry 0.045
cache_trace node 2: piece (3, 3) of 5 x 6, 69173177 + 57644315 limbs at 380452476, slots 1: A - B HIT | 0.751 s: redistribute 0.048 ntt 0.549 crt 0.002 out 0.126 carry 0.045
cache_trace node 3: piece (3, 3) of 5 x 6, 69173177 + 57644315 limbs at 380452476, slots 1: A - B HIT | 0.751 s: redistribute 0.047 ntt 0.558 crt 0.001 out 0.123 carry 0.045
cache_trace node 0: piece (4, 3) of 5 x 6, 69173177 + 57644315 limbs at 449625653, slots 1: A - B HIT | 0.729 s: redistribute 0.036 ntt 0.571 crt 0.001 out 0.077 carry 0.054
cache_trace node 1: piece (4, 3) of 5 x 6, 69173177 + 57644315 limbs at 449625653, slots 1: A - B HIT | 0.729 s: redistribute 0.038 ntt 0.563 crt 0.002 out 0.078 carry 0.054
cache_trace node 2: piece (4, 3) of 5 x 6, 69173177 + 57644315 limbs at 449625653, slots 1: A - B HIT | 0.729 s: redistribute 0.039 ntt 0.564 crt 0.003 out 0.075 carry 0.053
cache_trace node 3: piece (4, 3) of 5 x 6, 69173177 + 57644315 limbs at 449625653, slots 1: A - B HIT | 0.729 s: redistribute 0.038 ntt 0.568 crt 0.003 out 0.079 carry 0.054
cache_trace node 0: piece (0, 4) of 5 x 6, 69173177 + 57644315 limbs at 230577260, slots 1: A - B cached | 1.081 s: redistribute 0.066 ntt 0.866 crt 0.002 out 0.104 carry 0.054
cache_trace node 1: piece (0, 4) of 5 x 6, 69173177 + 57644315 limbs at 230577260, slots 1: A - B cached | 1.081 s: redistribute 0.063 ntt 0.869 crt 0.002 out 0.110 carry 0.053
cache_trace node 2: piece (0, 4) of 5 x 6, 69173177 + 57644315 limbs at 230577260, slots 1: A - B cached | 1.081 s: redistribute 0.069 ntt 0.862 crt 0.002 out 0.106 carry 0.054
cache_trace node 3: piece (0, 4) of 5 x 6, 69173177 + 57644315 limbs at 230577260, slots 1: A - B cached | 1.081 s: redistribute 0.068 ntt 0.857 crt 0.001 out 0.111 carry 0.054
cache_trace node 0: piece (1, 4) of 5 x 6, 69173177 + 57644315 limbs at 299750437, slots 1: A - B HIT | 0.771 s: redistribute 0.035 ntt 0.591 crt 0.002 out 0.085 carry 0.061
cache_trace node 1: piece (1, 4) of 5 x 6, 69173177 + 57644315 limbs at 299750437, slots 1: A - B HIT | 0.771 s: redistribute 0.039 ntt 0.593 crt 0.002 out 0.083 carry 0.060
cache_trace node 2: piece (1, 4) of 5 x 6, 69173177 + 57644315 limbs at 299750437, slots 1: A - B HIT | 0.771 s: redistribute 0.034 ntt 0.599 crt 0.002 out 0.088 carry 0.060
cache_trace node 3: piece (1, 4) of 5 x 6, 69173177 + 57644315 limbs at 299750437, slots 1: A - B HIT | 0.771 s: redistribute 0.035 ntt 0.605 crt 0.002 out 0.084 carry 0.061
cache_trace node 0: piece (2, 4) of 5 x 6, 69173177 + 57644315 limbs at 368923614, slots 1: A - B HIT | 0.766 s: redistribute 0.030 ntt 0.602 crt 0.002 out 0.120 carry 0.022
cache_trace node 1: piece (2, 4) of 5 x 6, 69173177 + 57644315 limbs at 368923614, slots 1: A - B HIT | 0.766 s: redistribute 0.034 ntt 0.604 crt 0.001 out 0.113 carry 0.022
cache_trace node 2: piece (2, 4) of 5 x 6, 69173177 + 57644315 limbs at 368923614, slots 1: A - B HIT | 0.766 s: redistribute 0.039 ntt 0.604 crt 0.002 out 0.117 carry 0.021
cache_trace node 3: piece (2, 4) of 5 x 6, 69173177 + 57644315 limbs at 368923614, slots 1: A - B HIT | 0.766 s: redistribute 0.038 ntt 0.617 crt 0.002 out 0.113 carry 0.022
cache_trace node 0: piece (3, 4) of 5 x 6, 69173177 + 57644315 limbs at 438096791, slots 1: A - B HIT | 0.740 s: redistribute 0.035 ntt 0.566 crt 0.001 out 0.090 carry 0.055
cache_trace node 2: piece (3, 4) of 5 x 6, 69173177 + 57644315 limbs at 438096791, slots 1: A - B HIT | 0.740 s: redistribute 0.036 ntt 0.564 crt 0.001 out 0.087 carry 0.054
cache_trace node 3: piece (3, 4) of 5 x 6, 69173177 + 57644315 limbs at 438096791, slots 1: A - B HIT | 0.740 s: redistribute 0.033 ntt 0.572 crt 0.001 out 0.087 carry 0.054
cache_trace node 1: piece (3, 4) of 5 x 6, 69173177 + 57644315 limbs at 438096791, slots 1: A - B HIT | 0.740 s: redistribute 0.038 ntt 0.567 crt 0.001 out 0.085 carry 0.055
cache_trace node 0: piece (4, 4) of 5 x 6, 69173177 + 57644315 limbs at 507269968, slots 1: A - B HIT | 0.784 s: redistribute 0.038 ntt 0.590 crt 0.001 out 0.104 carry 0.056
cache_trace node 2: piece (4, 4) of 5 x 6, 69173177 + 57644315 limbs at 507269968, slots 1: A - B HIT | 0.784 s: redistribute 0.042 ntt 0.587 crt 0.001 out 0.106 carry 0.056
cache_trace node 3: piece (4, 4) of 5 x 6, 69173177 + 57644315 limbs at 507269968, slots 1: A - B HIT | 0.784 s: redistribute 0.041 ntt 0.586 crt 0.001 out 0.104 carry 0.056
cache_trace node 1: piece (4, 4) of 5 x 6, 69173177 + 57644315 limbs at 507269968, slots 1: A - B HIT | 0.784 s: redistribute 0.041 ntt 0.590 crt 0.001 out 0.105 carry 0.056
cache_trace node 0: piece (0, 5) of 5 x 6, 69173177 + 57644310 limbs at 288221575, slots 1: A - B cached | 1.025 s: redistribute 0.067 ntt 0.826 crt 0.003 out 0.076 carry 0.060
cache_trace node 1: piece (0, 5) of 5 x 6, 69173177 + 57644310 limbs at 288221575, slots 1: A - B cached | 1.025 s: redistribute 0.070 ntt 0.827 crt 0.003 out 0.078 carry 0.059
cache_trace node 2: piece (0, 5) of 5 x 6, 69173177 + 57644310 limbs at 288221575, slots 1: A - B cached | 1.025 s: redistribute 0.070 ntt 0.835 crt 0.003 out 0.074 carry 0.059
cache_trace node 3: piece (0, 5) of 5 x 6, 69173177 + 57644310 limbs at 288221575, slots 1: A - B cached | 1.025 s: redistribute 0.069 ntt 0.830 crt 0.002 out 0.073 carry 0.060
cache_trace node 1: piece (1, 5) of 5 x 6, 69173177 + 57644310 limbs at 357394752, slots 1: A - B HIT | 0.742 s: redistribute 0.036 ntt 0.551 crt 0.002 out 0.118 carry 0.043
cache_trace node 2: piece (1, 5) of 5 x 6, 69173177 + 57644310 limbs at 357394752, slots 1: A - B HIT | 0.742 s: redistribute 0.035 ntt 0.551 crt 0.001 out 0.116 carry 0.043
cache_trace node 0: piece (1, 5) of 5 x 6, 69173177 + 57644310 limbs at 357394752, slots 1: A - B HIT | 0.742 s: redistribute 0.033 ntt 0.553 crt 0.001 out 0.114 carry 0.043
cache_trace node 3: piece (1, 5) of 5 x 6, 69173177 + 57644310 limbs at 357394752, slots 1: A - B HIT | 0.743 s: redistribute 0.034 ntt 0.565 crt 0.001 out 0.116 carry 0.043
cache_trace node 0: piece (2, 5) of 5 x 6, 69173177 + 57644310 limbs at 426567929, slots 1: A - B HIT | 0.789 s: redistribute 0.043 ntt 0.613 crt 0.002 out 0.096 carry 0.058
cache_trace node 1: piece (2, 5) of 5 x 6, 69173177 + 57644310 limbs at 426567929, slots 1: A - B HIT | 0.789 s: redistribute 0.039 ntt 0.616 crt 0.002 out 0.101 carry 0.058
cache_trace node 2: piece (2, 5) of 5 x 6, 69173177 + 57644310 limbs at 426567929, slots 1: A - B HIT | 0.789 s: redistribute 0.039 ntt 0.609 crt 0.002 out 0.099 carry 0.057
cache_trace node 3: piece (2, 5) of 5 x 6, 69173177 + 57644310 limbs at 426567929, slots 1: A - B HIT | 0.789 s: redistribute 0.029 ntt 0.616 crt 0.002 out 0.100 carry 0.058
cache_trace node 0: piece (3, 5) of 5 x 6, 69173177 + 57644310 limbs at 495741106, slots 1: A - B HIT | 0.750 s: redistribute 0.043 ntt 0.556 crt 0.002 out 0.097 carry 0.055
cache_trace node 1: piece (3, 5) of 5 x 6, 69173177 + 57644310 limbs at 495741106, slots 1: A - B HIT | 0.750 s: redistribute 0.041 ntt 0.561 crt 0.002 out 0.096 carry 0.055
cache_trace node 2: piece (3, 5) of 5 x 6, 69173177 + 57644310 limbs at 495741106, slots 1: A - B HIT | 0.750 s: redistribute 0.044 ntt 0.561 crt 0.002 out 0.102 carry 0.055
cache_trace node 3: piece (3, 5) of 5 x 6, 69173177 + 57644310 limbs at 495741106, slots 1: A - B HIT | 0.750 s: redistribute 0.043 ntt 0.574 crt 0.002 out 0.098 carry 0.055
cache_trace node 0: piece (4, 5) of 5 x 6, 69173177 + 57644310 limbs at 564914283, slots 1: A - B HIT | 0.797 s: redistribute 0.038 ntt 0.569 crt 0.002 out 0.128 carry 0.067
dist_mn node 0: 345865885 x 345865885 limbs over 4 x 4 ranks (cap 2^27): 5 x 6 pieces, 20 formed, 10 skipped (low cut) (cache 1 slots: 14 hits, 6 misses)
cache_trace node 1: piece (4, 5) of 5 x 6, 69173177 + 57644310 limbs at 564914283, slots 1: A - B HIT | 0.797 s: redistribute 0.036 ntt 0.576 crt 0.001 out 0.121 carry 0.067
dist_mn node 1: 345865885 x 345865885 limbs over 4 x 4 ranks (cap 2^27): 5 x 6 pieces, 20 formed, 10 skipped (low cut) (cache 1 slots: 14 hits, 6 misses)
cache_trace node 2: piece (4, 5) of 5 x 6, 69173177 + 57644310 limbs at 564914283, slots 1: A - B HIT | 0.797 s: redistribute 0.039 ntt 0.579 crt 0.002 out 0.127 carry 0.067
dist_mn node 2: 345865885 x 345865885 limbs over 4 x 4 ranks (cap 2^27): 5 x 6 pieces, 20 formed, 10 skipped (low cut) (cache 1 slots: 14 hits, 6 misses)
cache_trace node 3: piece (4, 5) of 5 x 6, 69173177 + 57644310 limbs at 564914283, slots 1: A - B HIT | 0.797 s: redistribute 0.038 ntt 0.578 crt 0.001 out 0.126 carry 0.067
dist_mn node 3: 345865885 x 345865885 limbs over 4 x 4 ranks (cap 2^27): 5 x 6 pieces, 20 formed, 10 skipped (low cut) (cache 1 slots: 14 hits, 6 misses)
cx_grid node 0: rep 2 shape 5x6_lowcut (345865885 x 345865885, cut 345865885 / -1) slots 1: 17.076 s, cache 14 hits 6 misses, C sha256 28247e6619af895b same
cx_grid node 3: rep 2 shape 5x6_lowcut (345865885 x 345865885, cut 345865885 / -1) slots 1: 17.076 s, cache 14 hits 6 misses, C sha256 a056b37a3c065647 same
cx_grid node 1: rep 2 shape 5x6_lowcut (345865885 x 345865885, cut 345865885 / -1) slots 1: 17.076 s, cache 14 hits 6 misses, C sha256 c673dc5d386a8b89 same
cx_grid node 2: rep 2 shape 5x6_lowcut (345865885 x 345865885, cut 345865885 / -1) slots 1: 17.076 s, cache 14 hits 6 misses, C sha256 9a63ff9894e68fc8 same
cache_trace node 0: piece (4, 0) of 5 x 6, 69173177 + 57644315 limbs at 276692708, slots 2: A - B cached | 1.057 s: redistribute 0.069 ntt 0.864 crt 0.002 out 0.075 carry 0.054
cache_trace node 1: piece (4, 0) of 5 x 6, 69173177 + 57644315 limbs at 276692708, slots 2: A - B cached | 1.057 s: redistribute 0.073 ntt 0.866 crt 0.002 out 0.076 carry 0.054
cache_trace node 2: piece (4, 0) of 5 x 6, 69173177 + 57644315 limbs at 276692708, slots 2: A - B cached | 1.057 s: redistribute 0.069 ntt 0.861 crt 0.001 out 0.075 carry 0.054
cache_trace node 3: piece (4, 0) of 5 x 6, 69173177 + 57644315 limbs at 276692708, slots 2: A - B cached | 1.057 s: redistribute 0.070 ntt 0.863 crt 0.001 out 0.078 carry 0.054
cache_trace node 0: piece (3, 1) of 5 x 6, 69173177 + 57644315 limbs at 265163846, slots 2: A - B cached | 1.094 s: redistribute 0.062 ntt 0.897 crt 0.002 out 0.082 carry 0.066
cache_trace node 1: piece (3, 1) of 5 x 6, 69173177 + 57644315 limbs at 265163846, slots 2: A - B cached | 1.094 s: redistribute 0.065 ntt 0.886 crt 0.001 out 0.082 carry 0.066
cache_trace node 2: piece (3, 1) of 5 x 6, 69173177 + 57644315 limbs at 265163846, slots 2: A - B cached | 1.094 s: redistribute 0.068 ntt 0.884 crt 0.002 out 0.087 carry 0.066
cache_trace node 3: piece (3, 1) of 5 x 6, 69173177 + 57644315 limbs at 265163846, slots 2: A - B cached | 1.094 s: redistribute 0.066 ntt 0.882 crt 0.002 out 0.084 carry 0.066
cache_trace node 0: piece (4, 1) of 5 x 6, 69173177 + 57644315 limbs at 334337023, slots 2: A - B HIT | 0.767 s: redistribute 0.040 ntt 0.569 crt 0.002 out 0.108 carry 0.059
cache_trace node 1: piece (4, 1) of 5 x 6, 69173177 + 57644315 limbs at 334337023, slots 2: A - B HIT | 0.767 s: redistribute 0.036 ntt 0.581 crt 0.001 out 0.108 carry 0.059
cache_trace node 2: piece (4, 1) of 5 x 6, 69173177 + 57644315 limbs at 334337023, slots 2: A - B HIT | 0.767 s: redistribute 0.036 ntt 0.572 crt 0.001 out 0.111 carry 0.059
cache_trace node 3: piece (4, 1) of 5 x 6, 69173177 + 57644315 limbs at 334337023, slots 2: A - B HIT | 0.767 s: redistribute 0.039 ntt 0.572 crt 0.002 out 0.101 carry 0.059
cache_trace node 0: piece (2, 2) of 5 x 6, 69173177 + 57644315 limbs at 253634984, slots 2: A - B cached | 1.044 s: redistribute 0.065 ntt 0.848 crt 0.003 out 0.091 carry 0.052
cache_trace node 1: piece (2, 2) of 5 x 6, 69173177 + 57644315 limbs at 253634984, slots 2: A - B cached | 1.044 s: redistribute 0.069 ntt 0.844 crt 0.003 out 0.088 carry 0.051
cache_trace node 2: piece (2, 2) of 5 x 6, 69173177 + 57644315 limbs at 253634984, slots 2: A - B cached | 1.044 s: redistribute 0.070 ntt 0.844 crt 0.001 out 0.089 carry 0.052
cache_trace node 3: piece (2, 2) of 5 x 6, 69173177 + 57644315 limbs at 253634984, slots 2: A - B cached | 1.044 s: redistribute 0.067 ntt 0.852 crt 0.001 out 0.089 carry 0.052
cache_trace node 1: piece (3, 2) of 5 x 6, 69173177 + 57644315 limbs at 322808161, slots 2: A - B HIT | 0.752 s: redistribute 0.037 ntt 0.581 crt 0.001 out 0.092 carry 0.047
cache_trace node 2: piece (3, 2) of 5 x 6, 69173177 + 57644315 limbs at 322808161, slots 2: A - B HIT | 0.752 s: redistribute 0.037 ntt 0.574 crt 0.002 out 0.096 carry 0.047
cache_trace node 0: piece (3, 2) of 5 x 6, 69173177 + 57644315 limbs at 322808161, slots 2: A - B HIT | 0.752 s: redistribute 0.038 ntt 0.578 crt 0.002 out 0.096 carry 0.048
cache_trace node 3: piece (3, 2) of 5 x 6, 69173177 + 57644315 limbs at 322808161, slots 2: A - B HIT | 0.752 s: redistribute 0.031 ntt 0.582 crt 0.001 out 0.092 carry 0.047
cache_trace node 1: piece (4, 2) of 5 x 6, 69173177 + 57644315 limbs at 391981338, slots 2: A - B HIT | 0.747 s: redistribute 0.035 ntt 0.558 crt 0.002 out 0.114 carry 0.045
cache_trace node 2: piece (4, 2) of 5 x 6, 69173177 + 57644315 limbs at 391981338, slots 2: A - B HIT | 0.747 s: redistribute 0.037 ntt 0.554 crt 0.002 out 0.117 carry 0.045
cache_trace node 0: piece (4, 2) of 5 x 6, 69173177 + 57644315 limbs at 391981338, slots 2: A - B HIT | 0.747 s: redistribute 0.036 ntt 0.556 crt 0.002 out 0.116 carry 0.045
cache_trace node 3: piece (4, 2) of 5 x 6, 69173177 + 57644315 limbs at 391981338, slots 2: A - B HIT | 0.747 s: redistribute 0.036 ntt 0.556 crt 0.002 out 0.115 carry 0.045
cache_trace node 0: piece (1, 3) of 5 x 6, 69173177 + 57644315 limbs at 242106122, slots 2: A - B cached | 1.070 s: redistribute 0.065 ntt 0.867 crt 0.003 out 0.100 carry 0.058
cache_trace node 1: piece (1, 3) of 5 x 6, 69173177 + 57644315 limbs at 242106122, slots 2: A - B cached | 1.070 s: redistribute 0.065 ntt 0.858 crt 0.001 out 0.107 carry 0.057
cache_trace node 2: piece (1, 3) of 5 x 6, 69173177 + 57644315 limbs at 242106122, slots 2: A - B cached | 1.070 s: redistribute 0.065 ntt 0.854 crt 0.003 out 0.111 carry 0.057
cache_trace node 3: piece (1, 3) of 5 x 6, 69173177 + 57644315 limbs at 242106122, slots 2: A - B cached | 1.070 s: redistribute 0.065 ntt 0.861 crt 0.002 out 0.109 carry 0.057
cache_trace node 0: piece (2, 3) of 5 x 6, 69173177 + 57644315 limbs at 311279299, slots 2: A - B HIT | 0.756 s: redistribute 0.035 ntt 0.583 crt 0.001 out 0.082 carry 0.058
cache_trace node 1: piece (2, 3) of 5 x 6, 69173177 + 57644315 limbs at 311279299, slots 2: A - B HIT | 0.756 s: redistribute 0.038 ntt 0.582 crt 0.001 out 0.088 carry 0.057
cache_trace node 2: piece (2, 3) of 5 x 6, 69173177 + 57644315 limbs at 311279299, slots 2: A - B HIT | 0.756 s: redistribute 0.038 ntt 0.574 crt 0.002 out 0.091 carry 0.057
cache_trace node 3: piece (2, 3) of 5 x 6, 69173177 + 57644315 limbs at 311279299, slots 2: A - B HIT | 0.756 s: redistribute 0.036 ntt 0.578 crt 0.002 out 0.089 carry 0.057
cache_trace node 0: piece (3, 3) of 5 x 6, 69173177 + 57644315 limbs at 380452476, slots 2: A - B HIT | 0.765 s: redistribute 0.028 ntt 0.581 crt 0.002 out 0.114 carry 0.045
cache_trace node 1: piece (3, 3) of 5 x 6, 69173177 + 57644315 limbs at 380452476, slots 2: A - B HIT | 0.765 s: redistribute 0.040 ntt 0.583 crt 0.001 out 0.108 carry 0.045
cache_trace node 2: piece (3, 3) of 5 x 6, 69173177 + 57644315 limbs at 380452476, slots 2: A - B HIT | 0.765 s: redistribute 0.040 ntt 0.573 crt 0.001 out 0.117 carry 0.045
cache_trace node 3: piece (3, 3) of 5 x 6, 69173177 + 57644315 limbs at 380452476, slots 2: A - B HIT | 0.765 s: redistribute 0.038 ntt 0.582 crt 0.002 out 0.114 carry 0.045
cache_trace node 0: piece (4, 3) of 5 x 6, 69173177 + 57644315 limbs at 449625653, slots 2: A - B HIT | 0.716 s: redistribute 0.040 ntt 0.562 crt 0.001 out 0.081 carry 0.049
cache_trace node 1: piece (4, 3) of 5 x 6, 69173177 + 57644315 limbs at 449625653, slots 2: A - B HIT | 0.716 s: redistribute 0.038 ntt 0.563 crt 0.001 out 0.078 carry 0.049
cache_trace node 2: piece (4, 3) of 5 x 6, 69173177 + 57644315 limbs at 449625653, slots 2: A - B HIT | 0.716 s: redistribute 0.041 ntt 0.558 crt 0.002 out 0.080 carry 0.049
cache_trace node 3: piece (4, 3) of 5 x 6, 69173177 + 57644315 limbs at 449625653, slots 2: A - B HIT | 0.716 s: redistribute 0.040 ntt 0.552 crt 0.002 out 0.082 carry 0.049
cache_trace node 0: piece (0, 4) of 5 x 6, 69173177 + 57644315 limbs at 230577260, slots 2: A cached B cached | 1.061 s: redistribute 0.060 ntt 0.842 crt 0.003 out 0.103 carry 0.056
cache_trace node 1: piece (0, 4) of 5 x 6, 69173177 + 57644315 limbs at 230577260, slots 2: A cached B cached | 1.061 s: redistribute 0.064 ntt 0.841 crt 0.003 out 0.103 carry 0.056
cache_trace node 2: piece (0, 4) of 5 x 6, 69173177 + 57644315 limbs at 230577260, slots 2: A cached B cached | 1.061 s: redistribute 0.065 ntt 0.847 crt 0.001 out 0.103 carry 0.056
cache_trace node 3: piece (0, 4) of 5 x 6, 69173177 + 57644315 limbs at 230577260, slots 2: A cached B cached | 1.061 s: redistribute 0.068 ntt 0.840 crt 0.003 out 0.104 carry 0.056
cache_trace node 0: piece (1, 4) of 5 x 6, 69173177 + 57644315 limbs at 299750437, slots 2: A - B HIT | 0.740 s: redistribute 0.036 ntt 0.567 crt 0.001 out 0.087 carry 0.058
cache_trace node 1: piece (1, 4) of 5 x 6, 69173177 + 57644315 limbs at 299750437, slots 2: A - B HIT | 0.740 s: redistribute 0.038 ntt 0.565 crt 0.002 out 0.094 carry 0.058
cache_trace node 2: piece (1, 4) of 5 x 6, 69173177 + 57644315 limbs at 299750437, slots 2: A - B HIT | 0.740 s: redistribute 0.036 ntt 0.566 crt 0.001 out 0.092 carry 0.058
cache_trace node 3: piece (1, 4) of 5 x 6, 69173177 + 57644315 limbs at 299750437, slots 2: A - B HIT | 0.740 s: redistribute 0.034 ntt 0.568 crt 0.002 out 0.082 carry 0.058
cache_trace node 0: piece (2, 4) of 5 x 6, 69173177 + 57644315 limbs at 368923614, slots 2: A - B HIT | 0.722 s: redistribute 0.042 ntt 0.568 crt 0.002 out 0.110 carry 0.022
cache_trace node 1: piece (2, 4) of 5 x 6, 69173177 + 57644315 limbs at 368923614, slots 2: A - B HIT | 0.722 s: redistribute 0.040 ntt 0.562 crt 0.003 out 0.109 carry 0.022
cache_trace node 2: piece (2, 4) of 5 x 6, 69173177 + 57644315 limbs at 368923614, slots 2: A - B HIT | 0.722 s: redistribute 0.040 ntt 0.564 crt 0.002 out 0.107 carry 0.021
cache_trace node 3: piece (2, 4) of 5 x 6, 69173177 + 57644315 limbs at 368923614, slots 2: A - B HIT | 0.722 s: redistribute 0.042 ntt 0.567 crt 0.003 out 0.108 carry 0.022
cache_trace node 0: piece (3, 4) of 5 x 6, 69173177 + 57644315 limbs at 438096791, slots 2: A - B HIT | 0.728 s: redistribute 0.032 ntt 0.556 crt 0.002 out 0.083 carry 0.061
cache_trace node 1: piece (3, 4) of 5 x 6, 69173177 + 57644315 limbs at 438096791, slots 2: A - B HIT | 0.728 s: redistribute 0.044 ntt 0.555 crt 0.001 out 0.085 carry 0.061
cache_trace node 2: piece (3, 4) of 5 x 6, 69173177 + 57644315 limbs at 438096791, slots 2: A - B HIT | 0.728 s: redistribute 0.043 ntt 0.555 crt 0.001 out 0.084 carry 0.060
cache_trace node 3: piece (3, 4) of 5 x 6, 69173177 + 57644315 limbs at 438096791, slots 2: A - B HIT | 0.728 s: redistribute 0.034 ntt 0.553 crt 0.002 out 0.083 carry 0.060
cache_trace node 0: piece (4, 4) of 5 x 6, 69173177 + 57644315 limbs at 507269968, slots 2: A - B HIT | 0.768 s: redistribute 0.038 ntt 0.581 crt 0.002 out 0.107 carry 0.052
cache_trace node 1: piece (4, 4) of 5 x 6, 69173177 + 57644315 limbs at 507269968, slots 2: A - B HIT | 0.768 s: redistribute 0.040 ntt 0.577 crt 0.003 out 0.100 carry 0.052
cache_trace node 2: piece (4, 4) of 5 x 6, 69173177 + 57644315 limbs at 507269968, slots 2: A - B HIT | 0.768 s: redistribute 0.041 ntt 0.587 crt 0.001 out 0.104 carry 0.052
cache_trace node 3: piece (4, 4) of 5 x 6, 69173177 + 57644315 limbs at 507269968, slots 2: A - B HIT | 0.768 s: redistribute 0.040 ntt 0.582 crt 0.003 out 0.109 carry 0.052
cache_trace node 0: piece (0, 5) of 5 x 6, 69173177 + 57644310 limbs at 288221575, slots 2: A HIT B cached | 0.729 s: redistribute 0.030 ntt 0.552 crt 0.001 out 0.081 carry 0.064
cache_trace node 1: piece (0, 5) of 5 x 6, 69173177 + 57644310 limbs at 288221575, slots 2: A HIT B cached | 0.729 s: redistribute 0.031 ntt 0.552 crt 0.002 out 0.080 carry 0.064
cache_trace node 2: piece (0, 5) of 5 x 6, 69173177 + 57644310 limbs at 288221575, slots 2: A HIT B cached | 0.729 s: redistribute 0.031 ntt 0.558 crt 0.001 out 0.081 carry 0.064
cache_trace node 3: piece (0, 5) of 5 x 6, 69173177 + 57644310 limbs at 288221575, slots 2: A HIT B cached | 0.729 s: redistribute 0.031 ntt 0.555 crt 0.002 out 0.077 carry 0.064
cache_trace node 0: piece (1, 5) of 5 x 6, 69173177 + 57644310 limbs at 357394752, slots 2: A - B HIT | 0.748 s: redistribute 0.034 ntt 0.556 crt 0.001 out 0.117 carry 0.044
cache_trace node 1: piece (1, 5) of 5 x 6, 69173177 + 57644310 limbs at 357394752, slots 2: A - B HIT | 0.748 s: redistribute 0.038 ntt 0.558 crt 0.001 out 0.118 carry 0.044
cache_trace node 2: piece (1, 5) of 5 x 6, 69173177 + 57644310 limbs at 357394752, slots 2: A - B HIT | 0.748 s: redistribute 0.033 ntt 0.554 crt 0.001 out 0.124 carry 0.043
cache_trace node 3: piece (1, 5) of 5 x 6, 69173177 + 57644310 limbs at 357394752, slots 2: A - B HIT | 0.748 s: redistribute 0.038 ntt 0.560 crt 0.001 out 0.121 carry 0.044
cache_trace node 0: piece (2, 5) of 5 x 6, 69173177 + 57644310 limbs at 426567929, slots 2: A - B HIT | 0.755 s: redistribute 0.038 ntt 0.573 crt 0.001 out 0.089 carry 0.062
cache_trace node 1: piece (2, 5) of 5 x 6, 69173177 + 57644310 limbs at 426567929, slots 2: A - B HIT | 0.755 s: redistribute 0.038 ntt 0.568 crt 0.001 out 0.094 carry 0.061
cache_trace node 2: piece (2, 5) of 5 x 6, 69173177 + 57644310 limbs at 426567929, slots 2: A - B HIT | 0.755 s: redistribute 0.037 ntt 0.573 crt 0.001 out 0.094 carry 0.061
cache_trace node 3: piece (2, 5) of 5 x 6, 69173177 + 57644310 limbs at 426567929, slots 2: A - B HIT | 0.755 s: redistribute 0.031 ntt 0.579 crt 0.001 out 0.091 carry 0.061
cache_trace node 0: piece (3, 5) of 5 x 6, 69173177 + 57644310 limbs at 495741106, slots 2: A - B HIT | 0.753 s: redistribute 0.038 ntt 0.584 crt 0.001 out 0.101 carry 0.054
cache_trace node 1: piece (3, 5) of 5 x 6, 69173177 + 57644310 limbs at 495741106, slots 2: A - B HIT | 0.753 s: redistribute 0.041 ntt 0.573 crt 0.003 out 0.096 carry 0.054
cache_trace node 2: piece (3, 5) of 5 x 6, 69173177 + 57644310 limbs at 495741106, slots 2: A - B HIT | 0.753 s: redistribute 0.039 ntt 0.584 crt 0.003 out 0.097 carry 0.054
cache_trace node 3: piece (3, 5) of 5 x 6, 69173177 + 57644310 limbs at 495741106, slots 2: A - B HIT | 0.753 s: redistribute 0.034 ntt 0.576 crt 0.003 out 0.097 carry 0.053
cache_trace node 0: piece (4, 5) of 5 x 6, 69173177 + 57644310 limbs at 564914283, slots 2: A - B HIT | 0.827 s: redistribute 0.036 ntt 0.616 crt 0.004 out 0.117 carry 0.068
dist_mn node 0: 345865885 x 345865885 limbs over 4 x 4 ranks (cap 2^27): 5 x 6 pieces, 20 formed, 10 skipped (low cut) (cache 2 slots: 15 hits, 7 misses)
cache_trace node 1: piece (4, 5) of 5 x 6, 69173177 + 57644310 limbs at 564914283, slots 2: A - B HIT | 0.827 s: redistribute 0.045 ntt 0.603 crt 0.004 out 0.125 carry 0.067
dist_mn node 1: 345865885 x 345865885 limbs over 4 x 4 ranks (cap 2^27): 5 x 6 pieces, 20 formed, 10 skipped (low cut) (cache 2 slots: 15 hits, 7 misses)
cache_trace node 2: piece (4, 5) of 5 x 6, 69173177 + 57644310 limbs at 564914283, slots 2: A - B HIT | 0.827 s: redistribute 0.035 ntt 0.617 crt 0.004 out 0.114 carry 0.067
dist_mn node 2: 345865885 x 345865885 limbs over 4 x 4 ranks (cap 2^27): 5 x 6 pieces, 20 formed, 10 skipped (low cut) (cache 2 slots: 15 hits, 7 misses)
cache_trace node 3: piece (4, 5) of 5 x 6, 69173177 + 57644310 limbs at 564914283, slots 2: A - B HIT | 0.827 s: redistribute 0.044 ntt 0.609 crt 0.002 out 0.128 carry 0.067
dist_mn node 3: 345865885 x 345865885 limbs over 4 x 4 ranks (cap 2^27): 5 x 6 pieces, 20 formed, 10 skipped (low cut) (cache 2 slots: 15 hits, 7 misses)
cx_grid node 2: rep 2 shape 5x6_lowcut (345865885 x 345865885, cut 345865885 / -1) slots 2: 16.609 s, cache 15 hits 7 misses, C sha256 9a63ff9894e68fc8 same
cx_grid node 0: rep 2 shape 5x6_lowcut (345865885 x 345865885, cut 345865885 / -1) slots 2: 16.609 s, cache 15 hits 7 misses, C sha256 28247e6619af895b same
cx_grid node 3: rep 2 shape 5x6_lowcut (345865885 x 345865885, cut 345865885 / -1) slots 2: 16.609 s, cache 15 hits 7 misses, C sha256 a056b37a3c065647 same
cx_grid node 1: rep 2 shape 5x6_lowcut (345865885 x 345865885, cut 345865885 / -1) slots 2: 16.609 s, cache 15 hits 7 misses, C sha256 c673dc5d386a8b89 same
cache_trace node 0: piece (0, 0) of 5 x 6, 69173177 + 57644315 limbs at 0, slots 0: A - B - | 0.999 s: redistribute 0.071 ntt 0.835 crt 0.001 out 0.100 carry 0.002
cache_trace node 1: piece (0, 0) of 5 x 6, 69173177 + 57644315 limbs at 0, slots 0: A - B - | 0.999 s: redistribute 0.072 ntt 0.833 crt 0.001 out 0.095 carry 0.002
cache_trace node 2: piece (0, 0) of 5 x 6, 69173177 + 57644315 limbs at 0, slots 0: A - B - | 0.999 s: redistribute 0.071 ntt 0.841 crt 0.001 out 0.097 carry 0.002
cache_trace node 3: piece (0, 0) of 5 x 6, 69173177 + 57644315 limbs at 0, slots 0: A - B - | 0.999 s: redistribute 0.070 ntt 0.838 crt 0.001 out 0.097 carry 0.002
cache_trace node 0: piece (1, 0) of 5 x 6, 69173177 + 57644315 limbs at 69173177, slots 0: A - B - | 1.029 s: redistribute 0.066 ntt 0.859 crt 0.002 out 0.093 carry 0.024
cache_trace node 1: piece (1, 0) of 5 x 6, 69173177 + 57644315 limbs at 69173177, slots 0: A - B - | 1.029 s: redistribute 0.064 ntt 0.861 crt 0.001 out 0.092 carry 0.024
cache_trace node 2: piece (1, 0) of 5 x 6, 69173177 + 57644315 limbs at 69173177, slots 0: A - B - | 1.029 s: redistribute 0.066 ntt 0.856 crt 0.002 out 0.093 carry 0.024
cache_trace node 3: piece (1, 0) of 5 x 6, 69173177 + 57644315 limbs at 69173177, slots 0: A - B - | 1.029 s: redistribute 0.061 ntt 0.867 crt 0.002 out 0.085 carry 0.024
cache_trace node 0: piece (2, 0) of 5 x 6, 69173177 + 57644315 limbs at 138346354, slots 0: A - B - | 1.052 s: redistribute 0.074 ntt 0.871 crt 0.001 out 0.085 carry 0.026
cache_trace node 1: piece (2, 0) of 5 x 6, 69173177 + 57644315 limbs at 138346354, slots 0: A - B - | 1.052 s: redistribute 0.069 ntt 0.890 crt 0.001 out 0.082 carry 0.025
cache_trace node 2: piece (2, 0) of 5 x 6, 69173177 + 57644315 limbs at 138346354, slots 0: A - B - | 1.051 s: redistribute 0.074 ntt 0.885 crt 0.002 out 0.088 carry 0.025
cache_trace node 3: piece (2, 0) of 5 x 6, 69173177 + 57644315 limbs at 138346354, slots 0: A - B - | 1.051 s: redistribute 0.078 ntt 0.889 crt 0.002 out 0.086 carry 0.025
cache_trace node 0: piece (3, 0) of 5 x 6, 69173177 + 57644315 limbs at 207519531, slots 0: A - B - | 1.031 s: redistribute 0.068 ntt 0.851 crt 0.002 out 0.080 carry 0.037
cache_trace node 1: piece (3, 0) of 5 x 6, 69173177 + 57644315 limbs at 207519531, slots 0: A - B - | 1.031 s: redistribute 0.083 ntt 0.853 crt 0.001 out 0.086 carry 0.037
cache_trace node 2: piece (3, 0) of 5 x 6, 69173177 + 57644315 limbs at 207519531, slots 0: A - B - | 1.031 s: redistribute 0.067 ntt 0.848 crt 0.002 out 0.083 carry 0.036
cache_trace node 3: piece (3, 0) of 5 x 6, 69173177 + 57644315 limbs at 207519531, slots 0: A - B - | 1.031 s: redistribute 0.067 ntt 0.859 crt 0.002 out 0.084 carry 0.036
cache_trace node 0: piece (4, 0) of 5 x 6, 69173177 + 57644315 limbs at 276692708, slots 0: A - B - | 0.993 s: redistribute 0.069 ntt 0.832 crt 0.001 out 0.067 carry 0.028
cache_trace node 1: piece (4, 0) of 5 x 6, 69173177 + 57644315 limbs at 276692708, slots 0: A - B - | 0.993 s: redistribute 0.069 ntt 0.830 crt 0.002 out 0.069 carry 0.028
cache_trace node 2: piece (4, 0) of 5 x 6, 69173177 + 57644315 limbs at 276692708, slots 0: A - B - | 0.993 s: redistribute 0.069 ntt 0.838 crt 0.002 out 0.071 carry 0.028
cache_trace node 3: piece (4, 0) of 5 x 6, 69173177 + 57644315 limbs at 276692708, slots 0: A - B - | 0.993 s: redistribute 0.068 ntt 0.834 crt 0.002 out 0.072 carry 0.028
cache_trace node 0: piece (0, 1) of 5 x 6, 69173177 + 57644315 limbs at 57644315, slots 0: A - B - | 0.995 s: redistribute 0.065 ntt 0.827 crt 0.001 out 0.088 carry 0.025
cache_trace node 1: piece (0, 1) of 5 x 6, 69173177 + 57644315 limbs at 57644315, slots 0: A - B - | 0.995 s: redistribute 0.061 ntt 0.827 crt 0.001 out 0.089 carry 0.025
cache_trace node 2: piece (0, 1) of 5 x 6, 69173177 + 57644315 limbs at 57644315, slots 0: A - B - | 0.995 s: redistribute 0.066 ntt 0.837 crt 0.001 out 0.087 carry 0.025
cache_trace node 3: piece (0, 1) of 5 x 6, 69173177 + 57644315 limbs at 57644315, slots 0: A - B - | 0.995 s: redistribute 0.067 ntt 0.826 crt 0.001 out 0.092 carry 0.025
cache_trace node 0: piece (1, 1) of 5 x 6, 69173177 + 57644315 limbs at 126817492, slots 0: A - B - | 1.038 s: redistribute 0.062 ntt 0.862 crt 0.002 out 0.082 carry 0.034
cache_trace node 1: piece (1, 1) of 5 x 6, 69173177 + 57644315 limbs at 126817492, slots 0: A - B - | 1.038 s: redistribute 0.063 ntt 0.856 crt 0.001 out 0.087 carry 0.034
cache_trace node 2: piece (1, 1) of 5 x 6, 69173177 + 57644315 limbs at 126817492, slots 0: A - B - | 1.038 s: redistribute 0.062 ntt 0.864 crt 0.001 out 0.086 carry 0.034
cache_trace node 3: piece (1, 1) of 5 x 6, 69173177 + 57644315 limbs at 126817492, slots 0: A - B - | 1.038 s: redistribute 0.062 ntt 0.869 crt 0.002 out 0.089 carry 0.034
cache_trace node 0: piece (2, 1) of 5 x 6, 69173177 + 57644315 limbs at 195990669, slots 0: A - B - | 1.028 s: redistribute 0.060 ntt 0.862 crt 0.002 out 0.075 carry 0.039
cache_trace node 1: piece (2, 1) of 5 x 6, 69173177 + 57644315 limbs at 195990669, slots 0: A - B - | 1.028 s: redistribute 0.062 ntt 0.860 crt 0.001 out 0.078 carry 0.039
cache_trace node 2: piece (2, 1) of 5 x 6, 69173177 + 57644315 limbs at 195990669, slots 0: A - B - | 1.028 s: redistribute 0.058 ntt 0.859 crt 0.001 out 0.075 carry 0.039
cache_trace node 3: piece (2, 1) of 5 x 6, 69173177 + 57644315 limbs at 195990669, slots 0: A - B - | 1.028 s: redistribute 0.065 ntt 0.859 crt 0.002 out 0.077 carry 0.039
cache_trace node 0: piece (3, 1) of 5 x 6, 69173177 + 57644315 limbs at 265163846, slots 0: A - B - | 0.980 s: redistribute 0.060 ntt 0.833 crt 0.002 out 0.085 carry 0.014
cache_trace node 1: piece (3, 1) of 5 x 6, 69173177 + 57644315 limbs at 265163846, slots 0: A - B - | 0.980 s: redistribute 0.063 ntt 0.827 crt 0.003 out 0.086 carry 0.014
cache_trace node 2: piece (3, 1) of 5 x 6, 69173177 + 57644315 limbs at 265163846, slots 0: A - B - | 0.980 s: redistribute 0.061 ntt 0.829 crt 0.002 out 0.082 carry 0.013
cache_trace node 3: piece (3, 1) of 5 x 6, 69173177 + 57644315 limbs at 265163846, slots 0: A - B - | 0.980 s: redistribute 0.072 ntt 0.831 crt 0.003 out 0.082 carry 0.012
cache_trace node 0: piece (4, 1) of 5 x 6, 69173177 + 57644315 limbs at 334337023, slots 0: A - B - | 0.952 s: redistribute 0.070 ntt 0.853 crt 0.001 out 0.027 carry 0.010
cache_trace node 1: piece (4, 1) of 5 x 6, 69173177 + 57644315 limbs at 334337023, slots 0: A - B - | 0.952 s: redistribute 0.068 ntt 0.855 crt 0.001 out 0.031 carry 0.010
cache_trace node 2: piece (4, 1) of 5 x 6, 69173177 + 57644315 limbs at 334337023, slots 0: A - B - | 0.952 s: redistribute 0.073 ntt 0.857 crt 0.001 out 0.020 carry 0.010
cache_trace node 3: piece (4, 1) of 5 x 6, 69173177 + 57644315 limbs at 334337023, slots 0: A - B - | 0.952 s: redistribute 0.073 ntt 0.849 crt 0.001 out 0.029 carry 0.010
cache_trace node 0: piece (0, 2) of 5 x 6, 69173177 + 57644315 limbs at 115288630, slots 0: A - B - | 1.010 s: redistribute 0.068 ntt 0.842 crt 0.002 out 0.076 carry 0.036
cache_trace node 1: piece (0, 2) of 5 x 6, 69173177 + 57644315 limbs at 115288630, slots 0: A - B - | 1.010 s: redistribute 0.068 ntt 0.836 crt 0.001 out 0.080 carry 0.035
cache_trace node 2: piece (0, 2) of 5 x 6, 69173177 + 57644315 limbs at 115288630, slots 0: A - B - | 1.010 s: redistribute 0.069 ntt 0.835 crt 0.002 out 0.075 carry 0.036
cache_trace node 3: piece (0, 2) of 5 x 6, 69173177 + 57644315 limbs at 115288630, slots 0: A - B - | 1.010 s: redistribute 0.068 ntt 0.843 crt 0.002 out 0.079 carry 0.036
cache_trace node 0: piece (1, 2) of 5 x 6, 69173177 + 57644315 limbs at 184461807, slots 0: A - B - | 1.020 s: redistribute 0.069 ntt 0.833 crt 0.002 out 0.083 carry 0.039
cache_trace node 1: piece (1, 2) of 5 x 6, 69173177 + 57644315 limbs at 184461807, slots 0: A - B - | 1.020 s: redistribute 0.068 ntt 0.839 crt 0.001 out 0.086 carry 0.039
cache_trace node 2: piece (1, 2) of 5 x 6, 69173177 + 57644315 limbs at 184461807, slots 0: A - B - | 1.020 s: redistribute 0.063 ntt 0.840 crt 0.001 out 0.088 carry 0.039
cache_trace node 3: piece (1, 2) of 5 x 6, 69173177 + 57644315 limbs at 184461807, slots 0: A - B - | 1.020 s: redistribute 0.061 ntt 0.842 crt 0.002 out 0.089 carry 0.039
cache_trace node 0: piece (2, 2) of 5 x 6, 69173177 + 57644315 limbs at 253634984, slots 0: A - B - | 1.004 s: redistribute 0.065 ntt 0.847 crt 0.002 out 0.091 carry 0.009
cache_trace node 1: piece (2, 2) of 5 x 6, 69173177 + 57644315 limbs at 253634984, slots 0: A - B - | 1.004 s: redistribute 0.068 ntt 0.848 crt 0.001 out 0.088 carry 0.008
cache_trace node 3: piece (2, 2) of 5 x 6, 69173177 + 57644315 limbs at 253634984, slots 0: A - B - | 1.004 s: redistribute 0.066 ntt 0.846 crt 0.001 out 0.091 carry 0.008
cache_trace node 2: piece (2, 2) of 5 x 6, 69173177 + 57644315 limbs at 253634984, slots 0: A - B - | 1.004 s: redistribute 0.069 ntt 0.847 crt 0.002 out 0.087 carry 0.008
cache_trace node 0: piece (3, 2) of 5 x 6, 69173177 + 57644315 limbs at 322808161, slots 0: A - B - | 0.984 s: redistribute 0.065 ntt 0.863 crt 0.002 out 0.042 carry 0.019
cache_trace node 1: piece (3, 2) of 5 x 6, 69173177 + 57644315 limbs at 322808161, slots 0: A - B - | 0.984 s: redistribute 0.067 ntt 0.858 crt 0.002 out 0.046 carry 0.019
cache_trace node 2: piece (3, 2) of 5 x 6, 69173177 + 57644315 limbs at 322808161, slots 0: A - B - | 0.984 s: redistribute 0.066 ntt 0.859 crt 0.002 out 0.044 carry 0.018
cache_trace node 3: piece (3, 2) of 5 x 6, 69173177 + 57644315 limbs at 322808161, slots 0: A - B - | 0.984 s: redistribute 0.067 ntt 0.871 crt 0.002 out 0.035 carry 0.018
cache_trace node 0: piece (0, 3) of 5 x 6, 69173177 + 57644315 limbs at 172932945, slots 0: A - B - | 1.026 s: redistribute 0.066 ntt 0.842 crt 0.002 out 0.093 carry 0.030
cache_trace node 1: piece (0, 3) of 5 x 6, 69173177 + 57644315 limbs at 172932945, slots 0: A - B - | 1.026 s: redistribute 0.072 ntt 0.842 crt 0.002 out 0.091 carry 0.030
cache_trace node 2: piece (0, 3) of 5 x 6, 69173177 + 57644315 limbs at 172932945, slots 0: A - B - | 1.026 s: redistribute 0.067 ntt 0.842 crt 0.002 out 0.089 carry 0.030
cache_trace node 3: piece (0, 3) of 5 x 6, 69173177 + 57644315 limbs at 172932945, slots 0: A - B - | 1.026 s: redistribute 0.069 ntt 0.849 crt 0.002 out 0.087 carry 0.030
cache_trace node 0: piece (1, 3) of 5 x 6, 69173177 + 57644315 limbs at 242106122, slots 0: A - B - | 1.021 s: redistribute 0.067 ntt 0.863 crt 0.001 out 0.088 carry 0.017
cache_trace node 1: piece (1, 3) of 5 x 6, 69173177 + 57644315 limbs at 242106122, slots 0: A - B - | 1.021 s: redistribute 0.066 ntt 0.863 crt 0.003 out 0.086 carry 0.017
cache_trace node 2: piece (1, 3) of 5 x 6, 69173177 + 57644315 limbs at 242106122, slots 0: A - B - | 1.021 s: redistribute 0.065 ntt 0.863 crt 0.003 out 0.087 carry 0.017
cache_trace node 3: piece (1, 3) of 5 x 6, 69173177 + 57644315 limbs at 242106122, slots 0: A - B - | 1.020 s: redistribute 0.062 ntt 0.869 crt 0.002 out 0.081 carry 0.017
cache_trace node 0: piece (2, 3) of 5 x 6, 69173177 + 57644315 limbs at 311279299, slots 0: A - B - | 0.972 s: redistribute 0.061 ntt 0.859 crt 0.002 out 0.036 carry 0.019
cache_trace node 1: piece (2, 3) of 5 x 6, 69173177 + 57644315 limbs at 311279299, slots 0: A - B - | 0.972 s: redistribute 0.070 ntt 0.863 crt 0.002 out 0.043 carry 0.019
cache_trace node 2: piece (2, 3) of 5 x 6, 69173177 + 57644315 limbs at 311279299, slots 0: A - B - | 0.972 s: redistribute 0.061 ntt 0.860 crt 0.002 out 0.042 carry 0.019
cache_trace node 3: piece (2, 3) of 5 x 6, 69173177 + 57644315 limbs at 311279299, slots 0: A - B - | 0.973 s: redistribute 0.060 ntt 0.871 crt 0.001 out 0.040 carry 0.019
cache_trace node 1: piece (0, 4) of 5 x 6, 69173177 + 57644315 limbs at 230577260, slots 0: A - B - | 1.019 s: redistribute 0.069 ntt 0.844 crt 0.001 out 0.092 carry 0.020
cache_trace node 2: piece (0, 4) of 5 x 6, 69173177 + 57644315 limbs at 230577260, slots 0: A - B - | 1.019 s: redistribute 0.069 ntt 0.846 crt 0.001 out 0.096 carry 0.020
cache_trace node 3: piece (0, 4) of 5 x 6, 69173177 + 57644315 limbs at 230577260, slots 0: A - B - | 1.018 s: redistribute 0.067 ntt 0.848 crt 0.001 out 0.095 carry 0.020
cache_trace node 0: piece (0, 4) of 5 x 6, 69173177 + 57644315 limbs at 230577260, slots 0: A - B - | 1.019 s: redistribute 0.072 ntt 0.849 crt 0.001 out 0.084 carry 0.020
cache_trace node 0: piece (1, 4) of 5 x 6, 69173177 + 57644315 limbs at 299750437, slots 0: A - B - | 0.994 s: redistribute 0.063 ntt 0.849 crt 0.002 out 0.051 carry 0.030
cache_trace node 1: piece (1, 4) of 5 x 6, 69173177 + 57644315 limbs at 299750437, slots 0: A - B - | 0.994 s: redistribute 0.063 ntt 0.850 crt 0.001 out 0.052 carry 0.030
cache_trace node 2: piece (1, 4) of 5 x 6, 69173177 + 57644315 limbs at 299750437, slots 0: A - B - | 0.994 s: redistribute 0.061 ntt 0.848 crt 0.002 out 0.055 carry 0.030
cache_trace node 3: piece (1, 4) of 5 x 6, 69173177 + 57644315 limbs at 299750437, slots 0: A - B - | 0.994 s: redistribute 0.057 ntt 0.855 crt 0.001 out 0.054 carry 0.030
cache_trace node 0: piece (0, 5) of 5 x 6, 69173177 + 57644310 limbs at 288221575, slots 0: A - B - | 0.994 s: redistribute 0.077 ntt 0.843 crt 0.001 out 0.058 carry 0.035
dist_mn node 0: 345865885 x 345865885 limbs over 4 x 4 ranks (cap 2^27): 5 x 6 pieces, 20 formed, 10 skipped (low product) (cache 0 slots: 0 hits, 0 misses)
cache_trace node 1: piece (0, 5) of 5 x 6, 69173177 + 57644310 limbs at 288221575, slots 0: A - B - | 0.994 s: redistribute 0.068 ntt 0.832 crt 0.002 out 0.064 carry 0.035
dist_mn node 1: 345865885 x 345865885 limbs over 4 x 4 ranks (cap 2^27): 5 x 6 pieces, 20 formed, 10 skipped (low product) (cache 0 slots: 0 hits, 0 misses)
cache_trace node 2: piece (0, 5) of 5 x 6, 69173177 + 57644310 limbs at 288221575, slots 0: A - B - | 0.994 s: redistribute 0.078 ntt 0.832 crt 0.002 out 0.065 carry 0.035
dist_mn node 2: 345865885 x 345865885 limbs over 4 x 4 ranks (cap 2^27): 5 x 6 pieces, 20 formed, 10 skipped (low product) (cache 0 slots: 0 hits, 0 misses)
cache_trace node 3: piece (0, 5) of 5 x 6, 69173177 + 57644310 limbs at 288221575, slots 0: A - B - | 0.994 s: redistribute 0.077 ntt 0.836 crt 0.002 out 0.059 carry 0.035
dist_mn node 3: 345865885 x 345865885 limbs over 4 x 4 ranks (cap 2^27): 5 x 6 pieces, 20 formed, 10 skipped (low product) (cache 0 slots: 0 hits, 0 misses)
cx_grid node 1: rep 2 shape 5x6_highcut (345865885 x 345865885, cut 0 / 345865885) slots 0: 20.153 s, cache 0 hits 0 misses, C sha256 478ce4ac1b99a5a9 same
cx_grid node 2: rep 2 shape 5x6_highcut (345865885 x 345865885, cut 0 / 345865885) slots 0: 20.153 s, cache 0 hits 0 misses, C sha256 1ffd456e076765ed same
cx_grid node 0: rep 2 shape 5x6_highcut (345865885 x 345865885, cut 0 / 345865885) slots 0: 20.153 s, cache 0 hits 0 misses, C sha256 1e3fa234dfaf9973 same
cx_grid node 3: rep 2 shape 5x6_highcut (345865885 x 345865885, cut 0 / 345865885) slots 0: 20.153 s, cache 0 hits 0 misses, C sha256 f07a437204833f51 same
cache_trace node 0: piece (0, 0) of 5 x 6, 69173177 + 57644315 limbs at 0, slots 1: A - B cached | 1.033 s: redistribute 0.074 ntt 0.876 crt 0.002 out 0.095 carry 0.002
cache_trace node 1: piece (0, 0) of 5 x 6, 69173177 + 57644315 limbs at 0, slots 1: A - B cached | 1.033 s: redistribute 0.069 ntt 0.876 crt 0.001 out 0.095 carry 0.002
cache_trace node 2: piece (0, 0) of 5 x 6, 69173177 + 57644315 limbs at 0, slots 1: A - B cached | 1.033 s: redistribute 0.069 ntt 0.884 crt 0.002 out 0.099 carry 0.003
cache_trace node 3: piece (0, 0) of 5 x 6, 69173177 + 57644315 limbs at 0, slots 1: A - B cached | 1.033 s: redistribute 0.075 ntt 0.880 crt 0.001 out 0.096 carry 0.002
cache_trace node 0: piece (1, 0) of 5 x 6, 69173177 + 57644315 limbs at 69173177, slots 1: A - B HIT | 0.711 s: redistribute 0.031 ntt 0.577 crt 0.002 out 0.080 carry 0.026
cache_trace node 1: piece (1, 0) of 5 x 6, 69173177 + 57644315 limbs at 69173177, slots 1: A - B HIT | 0.711 s: redistribute 0.038 ntt 0.573 crt 0.003 out 0.090 carry 0.024
cache_trace node 2: piece (1, 0) of 5 x 6, 69173177 + 57644315 limbs at 69173177, slots 1: A - B HIT | 0.711 s: redistribute 0.038 ntt 0.579 crt 0.003 out 0.084 carry 0.026
cache_trace node 3: piece (1, 0) of 5 x 6, 69173177 + 57644315 limbs at 69173177, slots 1: A - B HIT | 0.711 s: redistribute 0.032 ntt 0.572 crt 0.003 out 0.087 carry 0.025
cache_trace node 0: piece (2, 0) of 5 x 6, 69173177 + 57644315 limbs at 138346354, slots 1: A - B HIT | 0.718 s: redistribute 0.034 ntt 0.580 crt 0.002 out 0.085 carry 0.025
cache_trace node 1: piece (2, 0) of 5 x 6, 69173177 + 57644315 limbs at 138346354, slots 1: A - B HIT | 0.718 s: redistribute 0.035 ntt 0.578 crt 0.002 out 0.087 carry 0.024
cache_trace node 2: piece (2, 0) of 5 x 6, 69173177 + 57644315 limbs at 138346354, slots 1: A - B HIT | 0.718 s: redistribute 0.039 ntt 0.576 crt 0.002 out 0.087 carry 0.024
cache_trace node 3: piece (2, 0) of 5 x 6, 69173177 + 57644315 limbs at 138346354, slots 1: A - B HIT | 0.718 s: redistribute 0.035 ntt 0.580 crt 0.002 out 0.085 carry 0.025
cache_trace node 0: piece (3, 0) of 5 x 6, 69173177 + 57644315 limbs at 207519531, slots 1: A - B HIT | 0.695 s: redistribute 0.036 ntt 0.547 crt 0.002 out 0.079 carry 0.036
cache_trace node 1: piece (3, 0) of 5 x 6, 69173177 + 57644315 limbs at 207519531, slots 1: A - B HIT | 0.695 s: redistribute 0.035 ntt 0.548 crt 0.002 out 0.079 carry 0.036
cache_trace node 2: piece (3, 0) of 5 x 6, 69173177 + 57644315 limbs at 207519531, slots 1: A - B HIT | 0.695 s: redistribute 0.036 ntt 0.547 crt 0.002 out 0.079 carry 0.035
cache_trace node 3: piece (3, 0) of 5 x 6, 69173177 + 57644315 limbs at 207519531, slots 1: A - B HIT | 0.695 s: redistribute 0.031 ntt 0.554 crt 0.001 out 0.078 carry 0.035
cache_trace node 0: piece (4, 0) of 5 x 6, 69173177 + 57644315 limbs at 276692708, slots 1: A - B HIT | 0.679 s: redistribute 0.034 ntt 0.556 crt 0.003 out 0.072 carry 0.028
cache_trace node 1: piece (4, 0) of 5 x 6, 69173177 + 57644315 limbs at 276692708, slots 1: A - B HIT | 0.679 s: redistribute 0.036 ntt 0.552 crt 0.001 out 0.068 carry 0.028
cache_trace node 2: piece (4, 0) of 5 x 6, 69173177 + 57644315 limbs at 276692708, slots 1: A - B HIT | 0.679 s: redistribute 0.047 ntt 0.544 crt 0.002 out 0.070 carry 0.028
cache_trace node 3: piece (4, 0) of 5 x 6, 69173177 + 57644315 limbs at 276692708, slots 1: A - B HIT | 0.679 s: redistribute 0.046 ntt 0.544 crt 0.001 out 0.072 carry 0.028
cache_trace node 0: piece (0, 1) of 5 x 6, 69173177 + 57644315 limbs at 57644315, slots 1: A - B cached | 1.043 s: redistribute 0.065 ntt 0.873 crt 0.002 out 0.087 carry 0.026
cache_trace node 1: piece (0, 1) of 5 x 6, 69173177 + 57644315 limbs at 57644315, slots 1: A - B cached | 1.043 s: redistribute 0.068 ntt 0.870 crt 0.002 out 0.095 carry 0.026
cache_trace node 2: piece (0, 1) of 5 x 6, 69173177 + 57644315 limbs at 57644315, slots 1: A - B cached | 1.043 s: redistribute 0.070 ntt 0.866 crt 0.002 out 0.094 carry 0.026
cache_trace node 3: piece (0, 1) of 5 x 6, 69173177 + 57644315 limbs at 57644315, slots 1: A - B cached | 1.043 s: redistribute 0.073 ntt 0.868 crt 0.002 out 0.087 carry 0.026
cache_trace node 0: piece (1, 1) of 5 x 6, 69173177 + 57644315 limbs at 126817492, slots 1: A - B HIT | 0.709 s: redistribute 0.035 ntt 0.569 crt 0.002 out 0.081 carry 0.029
cache_trace node 1: piece (1, 1) of 5 x 6, 69173177 + 57644315 limbs at 126817492, slots 1: A - B HIT | 0.710 s: redistribute 0.037 ntt 0.569 crt 0.002 out 0.081 carry 0.028
cache_trace node 2: piece (1, 1) of 5 x 6, 69173177 + 57644315 limbs at 126817492, slots 1: A - B HIT | 0.709 s: redistribute 0.031 ntt 0.571 crt 0.002 out 0.084 carry 0.028
cache_trace node 3: piece (1, 1) of 5 x 6, 69173177 + 57644315 limbs at 126817492, slots 1: A - B HIT | 0.710 s: redistribute 0.036 ntt 0.567 crt 0.002 out 0.083 carry 0.028
cache_trace node 0: piece (2, 1) of 5 x 6, 69173177 + 57644315 limbs at 195990669, slots 1: A - B HIT | 0.673 s: redistribute 0.039 ntt 0.537 crt 0.002 out 0.072 carry 0.035
cache_trace node 1: piece (2, 1) of 5 x 6, 69173177 + 57644315 limbs at 195990669, slots 1: A - B HIT | 0.673 s: redistribute 0.038 ntt 0.536 crt 0.003 out 0.073 carry 0.035
cache_trace node 2: piece (2, 1) of 5 x 6, 69173177 + 57644315 limbs at 195990669, slots 1: A - B HIT | 0.673 s: redistribute 0.037 ntt 0.549 crt 0.002 out 0.070 carry 0.034
cache_trace node 3: piece (2, 1) of 5 x 6, 69173177 + 57644315 limbs at 195990669, slots 1: A - B HIT | 0.673 s: redistribute 0.035 ntt 0.545 crt 0.003 out 0.071 carry 0.034
cache_trace node 0: piece (3, 1) of 5 x 6, 69173177 + 57644315 limbs at 265163846, slots 1: A - B HIT | 0.703 s: redistribute 0.037 ntt 0.581 crt 0.002 out 0.078 carry 0.012
cache_trace node 1: piece (3, 1) of 5 x 6, 69173177 + 57644315 limbs at 265163846, slots 1: A - B HIT | 0.703 s: redistribute 0.038 ntt 0.576 crt 0.002 out 0.088 carry 0.012
cache_trace node 2: piece (3, 1) of 5 x 6, 69173177 + 57644315 limbs at 265163846, slots 1: A - B HIT | 0.703 s: redistribute 0.038 ntt 0.567 crt 0.002 out 0.087 carry 0.012
cache_trace node 3: piece (3, 1) of 5 x 6, 69173177 + 57644315 limbs at 265163846, slots 1: A - B HIT | 0.703 s: redistribute 0.034 ntt 0.572 crt 0.002 out 0.090 carry 0.012
cache_trace node 0: piece (4, 1) of 5 x 6, 69173177 + 57644315 limbs at 334337023, slots 1: A - B HIT | 0.664 s: redistribute 0.035 ntt 0.603 crt 0.002 out 0.020 carry 0.010
cache_trace node 1: piece (4, 1) of 5 x 6, 69173177 + 57644315 limbs at 334337023, slots 1: A - B HIT | 0.664 s: redistribute 0.038 ntt 0.597 crt 0.002 out 0.024 carry 0.010
cache_trace node 2: piece (4, 1) of 5 x 6, 69173177 + 57644315 limbs at 334337023, slots 1: A - B HIT | 0.664 s: redistribute 0.038 ntt 0.602 crt 0.002 out 0.020 carry 0.010
cache_trace node 3: piece (4, 1) of 5 x 6, 69173177 + 57644315 limbs at 334337023, slots 1: A - B HIT | 0.664 s: redistribute 0.038 ntt 0.595 crt 0.002 out 0.027 carry 0.010
cache_trace node 0: piece (0, 2) of 5 x 6, 69173177 + 57644315 limbs at 115288630, slots 1: A - B cached | 1.044 s: redistribute 0.067 ntt 0.871 crt 0.001 out 0.073 carry 0.039
cache_trace node 1: piece (0, 2) of 5 x 6, 69173177 + 57644315 limbs at 115288630, slots 1: A - B cached | 1.044 s: redistribute 0.068 ntt 0.866 crt 0.002 out 0.076 carry 0.039
cache_trace node 2: piece (0, 2) of 5 x 6, 69173177 + 57644315 limbs at 115288630, slots 1: A - B cached | 1.044 s: redistribute 0.065 ntt 0.866 crt 0.002 out 0.075 carry 0.039
cache_trace node 3: piece (0, 2) of 5 x 6, 69173177 + 57644315 limbs at 115288630, slots 1: A - B cached | 1.044 s: redistribute 0.070 ntt 0.878 crt 0.001 out 0.079 carry 0.039
cache_trace node 0: piece (1, 2) of 5 x 6, 69173177 + 57644315 limbs at 184461807, slots 1: A - B HIT | 0.732 s: redistribute 0.033 ntt 0.590 crt 0.001 out 0.076 carry 0.041
cache_trace node 1: piece (1, 2) of 5 x 6, 69173177 + 57644315 limbs at 184461807, slots 1: A - B HIT | 0.732 s: redistribute 0.035 ntt 0.578 crt 0.001 out 0.080 carry 0.041
cache_trace node 2: piece (1, 2) of 5 x 6, 69173177 + 57644315 limbs at 184461807, slots 1: A - B HIT | 0.732 s: redistribute 0.032 ntt 0.585 crt 0.001 out 0.082 carry 0.041
cache_trace node 3: piece (1, 2) of 5 x 6, 69173177 + 57644315 limbs at 184461807, slots 1: A - B HIT | 0.732 s: redistribute 0.034 ntt 0.589 crt 0.001 out 0.083 carry 0.041
cache_trace node 0: piece (2, 2) of 5 x 6, 69173177 + 57644315 limbs at 253634984, slots 1: A - B HIT | 0.704 s: redistribute 0.032 ntt 0.588 crt 0.003 out 0.087 carry 0.010
cache_trace node 1: piece (2, 2) of 5 x 6, 69173177 + 57644315 limbs at 253634984, slots 1: A - B HIT | 0.704 s: redistribute 0.036 ntt 0.576 crt 0.002 out 0.090 carry 0.009
cache_trace node 2: piece (2, 2) of 5 x 6, 69173177 + 57644315 limbs at 253634984, slots 1: A - B HIT | 0.704 s: redistribute 0.035 ntt 0.578 crt 0.002 out 0.088 carry 0.009
cache_trace node 3: piece (2, 2) of 5 x 6, 69173177 + 57644315 limbs at 253634984, slots 1: A - B HIT | 0.704 s: redistribute 0.042 ntt 0.590 crt 0.003 out 0.090 carry 0.008
cache_trace node 0: piece (3, 2) of 5 x 6, 69173177 + 57644315 limbs at 322808161, slots 1: A - B HIT | 0.675 s: redistribute 0.036 ntt 0.600 crt 0.002 out 0.031 carry 0.019
cache_trace node 1: piece (3, 2) of 5 x 6, 69173177 + 57644315 limbs at 322808161, slots 1: A - B HIT | 0.675 s: redistribute 0.035 ntt 0.590 crt 0.002 out 0.033 carry 0.019
cache_trace node 2: piece (3, 2) of 5 x 6, 69173177 + 57644315 limbs at 322808161, slots 1: A - B HIT | 0.675 s: redistribute 0.036 ntt 0.589 crt 0.002 out 0.033 carry 0.019
cache_trace node 3: piece (3, 2) of 5 x 6, 69173177 + 57644315 limbs at 322808161, slots 1: A - B HIT | 0.675 s: redistribute 0.032 ntt 0.594 crt 0.002 out 0.030 carry 0.019
cache_trace node 0: piece (0, 3) of 5 x 6, 69173177 + 57644315 limbs at 172932945, slots 1: A - B cached | 1.038 s: redistribute 0.066 ntt 0.849 crt 0.002 out 0.095 carry 0.030
cache_trace node 1: piece (0, 3) of 5 x 6, 69173177 + 57644315 limbs at 172932945, slots 1: A - B cached | 1.038 s: redistribute 0.067 ntt 0.849 crt 0.002 out 0.094 carry 0.030
cache_trace node 2: piece (0, 3) of 5 x 6, 69173177 + 57644315 limbs at 172932945, slots 1: A - B cached | 1.038 s: redistribute 0.066 ntt 0.853 crt 0.002 out 0.094 carry 0.030
cache_trace node 3: piece (0, 3) of 5 x 6, 69173177 + 57644315 limbs at 172932945, slots 1: A - B cached | 1.038 s: redistribute 0.066 ntt 0.867 crt 0.001 out 0.098 carry 0.030
cache_trace node 0: piece (1, 3) of 5 x 6, 69173177 + 57644315 limbs at 242106122, slots 1: A - B HIT | 0.722 s: redistribute 0.038 ntt 0.581 crt 0.003 out 0.096 carry 0.017
cache_trace node 1: piece (1, 3) of 5 x 6, 69173177 + 57644315 limbs at 242106122, slots 1: A - B HIT | 0.722 s: redistribute 0.041 ntt 0.575 crt 0.002 out 0.098 carry 0.017
cache_trace node 2: piece (1, 3) of 5 x 6, 69173177 + 57644315 limbs at 242106122, slots 1: A - B HIT | 0.722 s: redistribute 0.041 ntt 0.579 crt 0.001 out 0.094 carry 0.017
cache_trace node 3: piece (1, 3) of 5 x 6, 69173177 + 57644315 limbs at 242106122, slots 1: A - B HIT | 0.722 s: redistribute 0.031 ntt 0.585 crt 0.002 out 0.096 carry 0.017
cache_trace node 1: piece (2, 3) of 5 x 6, 69173177 + 57644315 limbs at 311279299, slots 1: A - B HIT | 0.668 s: redistribute 0.041 ntt 0.570 crt 0.002 out 0.040 carry 0.020
cache_trace node 2: piece (2, 3) of 5 x 6, 69173177 + 57644315 limbs at 311279299, slots 1: A - B HIT | 0.668 s: redistribute 0.039 ntt 0.575 crt 0.001 out 0.043 carry 0.020
cache_trace node 0: piece (2, 3) of 5 x 6, 69173177 + 57644315 limbs at 311279299, slots 1: A - B HIT | 0.668 s: redistribute 0.038 ntt 0.576 crt 0.001 out 0.038 carry 0.020
cache_trace node 3: piece (2, 3) of 5 x 6, 69173177 + 57644315 limbs at 311279299, slots 1: A - B HIT | 0.668 s: redistribute 0.041 ntt 0.579 crt 0.002 out 0.041 carry 0.020
cache_trace node 0: piece (0, 4) of 5 x 6, 69173177 + 57644315 limbs at 230577260, slots 1: A - B cached | 1.024 s: redistribute 0.069 ntt 0.855 crt 0.001 out 0.087 carry 0.020
cache_trace node 1: piece (0, 4) of 5 x 6, 69173177 + 57644315 limbs at 230577260, slots 1: A - B cached | 1.024 s: redistribute 0.067 ntt 0.864 crt 0.001 out 0.079 carry 0.020
cache_trace node 2: piece (0, 4) of 5 x 6, 69173177 + 57644315 limbs at 230577260, slots 1: A - B cached | 1.024 s: redistribute 0.068 ntt 0.858 crt 0.001 out 0.086 carry 0.020
cache_trace node 3: piece (0, 4) of 5 x 6, 69173177 + 57644315 limbs at 230577260, slots 1: A - B cached | 1.024 s: redistribute 0.078 ntt 0.857 crt 0.001 out 0.085 carry 0.020
cache_trace node 0: piece (1, 4) of 5 x 6, 69173177 + 57644315 limbs at 299750437, slots 1: A - B HIT | 0.666 s: redistribute 0.035 ntt 0.556 crt 0.001 out 0.046 carry 0.034
cache_trace node 1: piece (1, 4) of 5 x 6, 69173177 + 57644315 limbs at 299750437, slots 1: A - B HIT | 0.666 s: redistribute 0.037 ntt 0.548 crt 0.002 out 0.051 carry 0.033
cache_trace node 2: piece (1, 4) of 5 x 6, 69173177 + 57644315 limbs at 299750437, slots 1: A - B HIT | 0.666 s: redistribute 0.033 ntt 0.564 crt 0.002 out 0.049 carry 0.033
cache_trace node 3: piece (1, 4) of 5 x 6, 69173177 + 57644315 limbs at 299750437, slots 1: A - B HIT | 0.666 s: redistribute 0.037 ntt 0.555 crt 0.002 out 0.047 carry 0.033
cache_trace node 0: piece (0, 5) of 5 x 6, 69173177 + 57644310 limbs at 288221575, slots 1: A - B cached | 0.996 s: redistribute 0.066 ntt 0.840 crt 0.002 out 0.065 carry 0.036
dist_mn node 0: 345865885 x 345865885 limbs over 4 x 4 ranks (cap 2^27): 5 x 6 pieces, 20 formed, 10 skipped (low product) (cache 1 slots: 14 hits, 6 misses)
cache_trace node 1: piece (0, 5) of 5 x 6, 69173177 + 57644310 limbs at 288221575, slots 1: A - B cached | 0.996 s: redistribute 0.071 ntt 0.843 crt 0.002 out 0.059 carry 0.036
dist_mn node 1: 345865885 x 345865885 limbs over 4 x 4 ranks (cap 2^27): 5 x 6 pieces, 20 formed, 10 skipped (low product) (cache 1 slots: 14 hits, 6 misses)
cache_trace node 2: piece (0, 5) of 5 x 6, 69173177 + 57644310 limbs at 288221575, slots 1: A - B cached | 0.996 s: redistribute 0.065 ntt 0.846 crt 0.002 out 0.059 carry 0.036
dist_mn node 2: 345865885 x 345865885 limbs over 4 x 4 ranks (cap 2^27): 5 x 6 pieces, 20 formed, 10 skipped (low product) (cache 1 slots: 14 hits, 6 misses)
cache_trace node 3: piece (0, 5) of 5 x 6, 69173177 + 57644310 limbs at 288221575, slots 1: A - B cached | 0.996 s: redistribute 0.065 ntt 0.837 crt 0.002 out 0.064 carry 0.035
dist_mn node 3: 345865885 x 345865885 limbs over 4 x 4 ranks (cap 2^27): 5 x 6 pieces, 20 formed, 10 skipped (low product) (cache 1 slots: 14 hits, 6 misses)
cx_grid node 3: rep 2 shape 5x6_highcut (345865885 x 345865885, cut 0 / 345865885) slots 1: 15.908 s, cache 14 hits 6 misses, C sha256 f07a437204833f51 same
cx_grid node 2: rep 2 shape 5x6_highcut (345865885 x 345865885, cut 0 / 345865885) slots 1: 15.908 s, cache 14 hits 6 misses, C sha256 1ffd456e076765ed same
cx_grid node 0: rep 2 shape 5x6_highcut (345865885 x 345865885, cut 0 / 345865885) slots 1: 15.908 s, cache 14 hits 6 misses, C sha256 1e3fa234dfaf9973 same
cx_grid node 1: rep 2 shape 5x6_highcut (345865885 x 345865885, cut 0 / 345865885) slots 1: 15.908 s, cache 14 hits 6 misses, C sha256 478ce4ac1b99a5a9 same
cache_trace node 0: piece (0, 0) of 5 x 6, 69173177 + 57644315 limbs at 0, slots 2: A cached B cached | 1.001 s: redistribute 0.083 ntt 0.850 crt 0.002 out 0.089 carry 0.002
cache_trace node 1: piece (0, 0) of 5 x 6, 69173177 + 57644315 limbs at 0, slots 2: A cached B cached | 1.001 s: redistribute 0.084 ntt 0.852 crt 0.001 out 0.091 carry 0.002
cache_trace node 2: piece (0, 0) of 5 x 6, 69173177 + 57644315 limbs at 0, slots 2: A cached B cached | 1.001 s: redistribute 0.077 ntt 0.853 crt 0.002 out 0.092 carry 0.003
cache_trace node 3: piece (0, 0) of 5 x 6, 69173177 + 57644315 limbs at 0, slots 2: A cached B cached | 1.001 s: redistribute 0.072 ntt 0.849 crt 0.002 out 0.086 carry 0.003
cache_trace node 0: piece (1, 0) of 5 x 6, 69173177 + 57644315 limbs at 69173177, slots 2: A - B HIT | 0.702 s: redistribute 0.034 ntt 0.567 crt 0.002 out 0.087 carry 0.023
cache_trace node 1: piece (1, 0) of 5 x 6, 69173177 + 57644315 limbs at 69173177, slots 2: A - B HIT | 0.702 s: redistribute 0.036 ntt 0.561 crt 0.001 out 0.086 carry 0.022
cache_trace node 2: piece (1, 0) of 5 x 6, 69173177 + 57644315 limbs at 69173177, slots 2: A - B HIT | 0.702 s: redistribute 0.031 ntt 0.575 crt 0.001 out 0.083 carry 0.023
cache_trace node 3: piece (1, 0) of 5 x 6, 69173177 + 57644315 limbs at 69173177, slots 2: A - B HIT | 0.702 s: redistribute 0.036 ntt 0.564 crt 0.002 out 0.087 carry 0.023
cache_trace node 0: piece (2, 0) of 5 x 6, 69173177 + 57644315 limbs at 138346354, slots 2: A - B HIT | 0.711 s: redistribute 0.037 ntt 0.558 crt 0.002 out 0.103 carry 0.026
cache_trace node 1: piece (2, 0) of 5 x 6, 69173177 + 57644315 limbs at 138346354, slots 2: A - B HIT | 0.711 s: redistribute 0.035 ntt 0.556 crt 0.001 out 0.098 carry 0.025
cache_trace node 2: piece (2, 0) of 5 x 6, 69173177 + 57644315 limbs at 138346354, slots 2: A - B HIT | 0.711 s: redistribute 0.033 ntt 0.555 crt 0.002 out 0.098 carry 0.024
cache_trace node 3: piece (2, 0) of 5 x 6, 69173177 + 57644315 limbs at 138346354, slots 2: A - B HIT | 0.711 s: redistribute 0.037 ntt 0.558 crt 0.002 out 0.105 carry 0.026
cache_trace node 0: piece (3, 0) of 5 x 6, 69173177 + 57644315 limbs at 207519531, slots 2: A - B HIT | 0.700 s: redistribute 0.037 ntt 0.560 crt 0.003 out 0.082 carry 0.031
cache_trace node 1: piece (3, 0) of 5 x 6, 69173177 + 57644315 limbs at 207519531, slots 2: A - B HIT | 0.700 s: redistribute 0.044 ntt 0.555 crt 0.002 out 0.083 carry 0.031
cache_trace node 2: piece (3, 0) of 5 x 6, 69173177 + 57644315 limbs at 207519531, slots 2: A - B HIT | 0.700 s: redistribute 0.042 ntt 0.552 crt 0.003 out 0.090 carry 0.031
cache_trace node 3: piece (3, 0) of 5 x 6, 69173177 + 57644315 limbs at 207519531, slots 2: A - B HIT | 0.700 s: redistribute 0.040 ntt 0.563 crt 0.001 out 0.089 carry 0.030
cache_trace node 0: piece (4, 0) of 5 x 6, 69173177 + 57644315 limbs at 276692708, slots 2: A - B HIT | 0.682 s: redistribute 0.041 ntt 0.553 crt 0.004 out 0.072 carry 0.028
cache_trace node 1: piece (4, 0) of 5 x 6, 69173177 + 57644315 limbs at 276692708, slots 2: A - B HIT | 0.682 s: redistribute 0.044 ntt 0.559 crt 0.001 out 0.071 carry 0.028
cache_trace node 2: piece (4, 0) of 5 x 6, 69173177 + 57644315 limbs at 276692708, slots 2: A - B HIT | 0.682 s: redistribute 0.044 ntt 0.556 crt 0.003 out 0.072 carry 0.028
cache_trace node 3: piece (4, 0) of 5 x 6, 69173177 + 57644315 limbs at 276692708, slots 2: A - B HIT | 0.682 s: redistribute 0.043 ntt 0.551 crt 0.003 out 0.074 carry 0.027
cache_trace node 0: piece (0, 1) of 5 x 6, 69173177 + 57644315 limbs at 57644315, slots 2: A HIT B cached | 0.716 s: redistribute 0.031 ntt 0.577 crt 0.001 out 0.091 carry 0.025
cache_trace node 1: piece (0, 1) of 5 x 6, 69173177 + 57644315 limbs at 57644315, slots 2: A HIT B cached | 0.716 s: redistribute 0.031 ntt 0.575 crt 0.001 out 0.088 carry 0.025
cache_trace node 3: piece (0, 1) of 5 x 6, 69173177 + 57644315 limbs at 57644315, slots 2: A HIT B cached | 0.716 s: redistribute 0.033 ntt 0.577 crt 0.001 out 0.087 carry 0.026
cache_trace node 2: piece (0, 1) of 5 x 6, 69173177 + 57644315 limbs at 57644315, slots 2: A HIT B cached | 0.716 s: redistribute 0.028 ntt 0.581 crt 0.001 out 0.092 carry 0.026
cache_trace node 0: piece (1, 1) of 5 x 6, 69173177 + 57644315 limbs at 126817492, slots 2: A - B HIT | 0.723 s: redistribute 0.028 ntt 0.579 crt 0.002 out 0.083 carry 0.031
cache_trace node 1: piece (1, 1) of 5 x 6, 69173177 + 57644315 limbs at 126817492, slots 2: A - B HIT | 0.723 s: redistribute 0.046 ntt 0.575 crt 0.001 out 0.087 carry 0.031
cache_trace node 2: piece (1, 1) of 5 x 6, 69173177 + 57644315 limbs at 126817492, slots 2: A - B HIT | 0.722 s: redistribute 0.031 ntt 0.588 crt 0.002 out 0.083 carry 0.030
cache_trace node 3: piece (1, 1) of 5 x 6, 69173177 + 57644315 limbs at 126817492, slots 2: A - B HIT | 0.723 s: redistribute 0.048 ntt 0.573 crt 0.001 out 0.086 carry 0.031
cache_trace node 0: piece (2, 1) of 5 x 6, 69173177 + 57644315 limbs at 195990669, slots 2: A - B HIT | 0.716 s: redistribute 0.034 ntt 0.573 crt 0.002 out 0.078 carry 0.042
cache_trace node 1: piece (2, 1) of 5 x 6, 69173177 + 57644315 limbs at 195990669, slots 2: A - B HIT | 0.716 s: redistribute 0.038 ntt 0.572 crt 0.002 out 0.073 carry 0.041
cache_trace node 2: piece (2, 1) of 5 x 6, 69173177 + 57644315 limbs at 195990669, slots 2: A - B HIT | 0.716 s: redistribute 0.038 ntt 0.568 crt 0.002 out 0.079 carry 0.041
cache_trace node 3: piece (2, 1) of 5 x 6, 69173177 + 57644315 limbs at 195990669, slots 2: A - B HIT | 0.716 s: redistribute 0.034 ntt 0.576 crt 0.002 out 0.078 carry 0.040
srun: forcing job termination
srun: got SIGCONT
srun: Job step aborted: Waiting up to 32 seconds for job step to finish.
slurmstepd: error: *** STEP 21701.1 ON ppac-pl1-s24-16 CANCELLED AT 2026-09-28T08:03:29 ***
srun: error: ppac-pl1-s24-16: tasks 0-3: Killed
