META limb_base=10^18
META bench=t_mn_grid host=ppac-pl1-s24-16 date=2026-09-28T20:26:44
META limb_base=10^18
META bench=t_mn_grid host=ppac-pl1-s24-16 date=2026-09-28T20:26:44
META limb_base=10^18
META bench=t_mn_grid host=ppac-pl1-s24-16 date=2026-09-28T20:26:44
rns_init: primes per product (ECALC_NP=auto): three (c 2^44 + 1, c = 240, 216, 207), four for a distributed product over 11000000 terms (ECALC_NP_AUTO_TERMS, a test bound); plane pool 0 for 4 primes
rns_init: primes per product (ECALC_NP=auto): three (c 2^44 + 1, c = 240, 216, 207), four for a distributed product over 11000000 terms (ECALC_NP_AUTO_TERMS, a test bound); plane pool 0 for 4 primes
rns_init: primes per product (ECALC_NP=auto): three (c 2^44 + 1, c = 240, 216, 207), four for a distributed product over 11000000 terms (ECALC_NP_AUTO_TERMS, a test bound); plane pool 0 for 4 primes
rns_init: APU0 staging 2.0 GiB touch 0.12 s register 0.16 s, 48 cpus; device open 0.00 s, contexts 1.08 s, stream+staging 0.30 s
rns_init: APU0 staging 2.0 GiB touch 0.12 s register 0.22 s, 48 cpus; device open 0.00 s, contexts 1.11 s, stream+staging 0.36 s
rns_init: APU0 staging 2.0 GiB touch 0.10 s register 0.18 s, 48 cpus; device open 0.00 s, contexts 1.10 s, stream+staging 0.30 s
rns_init: APU1 staging 2.0 GiB touch 0.05 s register 0.18 s, 48 cpus; device open 0.00 s, contexts 1.21 s, stream+staging 0.40 s
rns_init: APU1 staging 2.0 GiB touch 0.10 s register 0.19 s, 48 cpus; device open 0.00 s, contexts 1.22 s, stream+staging 0.50 s
rns_init: APU1 staging 2.0 GiB touch 0.09 s register 0.18 s, 48 cpus; device open 0.00 s, contexts 1.52 s, stream+staging 0.29 s
rns_init: APU2 staging 2.0 GiB touch 0.04 s register 0.19 s, 48 cpus; device open 0.00 s, contexts 1.68 s, stream+staging 0.25 s
rns_init: APU3 staging 2.0 GiB touch 0.07 s register 0.17 s, 48 cpus; device open 0.00 s, contexts 1.66 s, stream+staging 0.42 s
rns_init: APU3 staging 2.0 GiB touch 0.12 s register 0.24 s, 48 cpus; device open 0.00 s, contexts 1.55 s, stream+staging 0.54 s
rns_init: APU2 staging 2.0 GiB touch 0.08 s register 0.24 s, 48 cpus; device open 0.00 s, contexts 1.89 s, stream+staging 0.36 s
rns_init: APU2 staging 2.0 GiB touch 0.16 s register 0.27 s, 48 cpus; device open 0.00 s, contexts 1.76 s, stream+staging 0.45 s
rns_init: APU3 staging 2.0 GiB touch 0.06 s register 0.17 s, 48 cpus; device open 0.00 s, contexts 1.99 s, stream+staging 0.25 s
rns_init: plane pools per APU 2.00 + 2.00 GiB (hipmalloc), staging 2.00 GiB, tables 0.317 GB; staging+contexts 2.24 s, pools 0.85 s, peer access 0.02 s
rns_init: plane pools per APU 2.00 + 2.00 GiB (hipmalloc), staging 2.00 GiB, tables 0.315 GB; staging+contexts 2.26 s, pools 0.96 s, peer access 0.02 s
rns_init: plane pools per APU 2.00 + 2.00 GiB (hipmalloc), staging 2.00 GiB, tables 0.459 GB; staging+contexts 2.28 s, pools 1.05 s, peer access 0.02 s
mn: node 1 of 3, four meshes of 3 ranks on ppac-pl1-s24-16,ppac-pl1-s24-16,ppac-pl1-s24-16 (port base 22144): connected in 0.20 s
mn: node 0 of 3, four meshes of 3 ranks on ppac-pl1-s24-16,ppac-pl1-s24-16,ppac-pl1-s24-16 (port base 22144): connected in 0.10 s
mn: node 2 of 3, four meshes of 3 ranks on ppac-pl1-s24-16,ppac-pl1-s24-16,ppac-pl1-s24-16 (port base 22144): connected in 0.04 s
mn: node 0: level 2 group [0, 3) (transform nodes 2): meshes connected in 0.00 s
mn: node 2: level 2 group [0, 3) (transform nodes 2): meshes connected in 0.00 s
t_mn_grid: node 0 of 3, group [0, 3) (3 x 4 ranks, the general map), plane cap 2^25, unit 33554432 limbs
t_mn_grid: node 2 of 3, group [0, 3) (3 x 4 ranks, the general map), plane cap 2^25, unit 33554432 limbs
mn: node 1: level 2 group [0, 3) (transform nodes 2): meshes connected in 0.02 s
t_mn_grid: node 1 of 3, group [0, 3) (3 x 4 ranks, the general map), plane cap 2^25, unit 33554432 limbs
dbig pool: APU0 hipMalloc 0.01 GB inside the phase (free 0.00 GB in 0 extents, largest 0.00; live 0.00 GB in 0 blocks)
dbig pool: APU0 hipMalloc 0.01 GB inside the phase (free 0.00 GB in 0 extents, largest 0.00; live 0.00 GB in 0 blocks)
dbig pool: APU0 hipMalloc 0.01 GB inside the phase (free 0.00 GB in 0 extents, largest 0.00; live 0.00 GB in 0 blocks)
dbig pool: APU1 hipMalloc 0.01 GB inside the phase (free 0.00 GB in 0 extents, largest 0.00; live 0.00 GB in 1 blocks)
dbig pool: APU1 hipMalloc 0.01 GB inside the phase (free 0.00 GB in 0 extents, largest 0.00; live 0.00 GB in 1 blocks)
dbig pool: APU1 hipMalloc 0.01 GB inside the phase (free 0.00 GB in 0 extents, largest 0.00; live 0.00 GB in 1 blocks)
dbig pool: APU2 hipMalloc 0.01 GB inside the phase (free 0.00 GB in 0 extents, largest 0.00; live 0.00 GB in 2 blocks)
dbig pool: APU2 hipMalloc 0.01 GB inside the phase (free 0.00 GB in 0 extents, largest 0.00; live 0.00 GB in 2 blocks)
dbig pool: APU2 hipMalloc 0.01 GB inside the phase (free 0.00 GB in 0 extents, largest 0.00; live 0.00 GB in 2 blocks)
dbig pool: APU3 hipMalloc 0.01 GB inside the phase (free 0.00 GB in 0 extents, largest 0.00; live 0.00 GB in 3 blocks)
dbig pool: APU3 hipMalloc 0.01 GB inside the phase (free 0.00 GB in 0 extents, largest 0.00; live 0.00 GB in 3 blocks)
dbig pool: APU3 hipMalloc 0.01 GB inside the phase (free 0.00 GB in 0 extents, largest 0.00; live 0.00 GB in 3 blocks)
dbig pool: APU0 hipMalloc 0.01 GB inside the phase (free 0.00 GB in 0 extents, largest 0.00; live 0.01 GB in 4 blocks)
dbig pool: APU1 hipMalloc 0.01 GB inside the phase (free 0.00 GB in 0 extents, largest 0.00; live 0.01 GB in 5 blocks)
dbig pool: APU2 hipMalloc 0.01 GB inside the phase (free 0.00 GB in 0 extents, largest 0.00; live 0.01 GB in 6 blocks)
dbig pool: APU3 hipMalloc 0.01 GB inside the phase (free 0.00 GB in 0 extents, largest 0.00; live 0.01 GB in 7 blocks)
dbig pool: APU0 hipMalloc 0.01 GB inside the phase (free 0.00 GB in 0 extents, largest 0.00; live 0.01 GB in 8 blocks)
dbig pool: APU1 hipMalloc 0.01 GB inside the phase (free 0.00 GB in 0 extents, largest 0.00; live 0.01 GB in 9 blocks)
dbig pool: APU2 hipMalloc 0.01 GB inside the phase (free 0.00 GB in 0 extents, largest 0.00; live 0.01 GB in 10 blocks)
dbig pool: APU3 hipMalloc 0.01 GB inside the phase (free 0.00 GB in 0 extents, largest 0.00; live 0.01 GB in 11 blocks)
dbig pool: APU0 hipMalloc 0.01 GB inside the phase (free 0.00 GB in 0 extents, largest 0.00; live 0.02 GB in 12 blocks)
dbig pool: APU1 hipMalloc 0.01 GB inside the phase (free 0.00 GB in 0 extents, largest 0.00; live 0.02 GB in 13 blocks)
dbig pool: APU2 hipMalloc 0.01 GB inside the phase (free 0.00 GB in 0 extents, largest 0.00; live 0.02 GB in 14 blocks)
dbig pool: APU3 hipMalloc 0.01 GB inside the phase (free 0.00 GB in 0 extents, largest 0.00; live 0.02 GB in 15 blocks)
dbig pool: APU0 hipMalloc 0.01 GB inside the phase (free 0.00 GB in 0 extents, largest 0.00; live 0.01 GB in 4 blocks)
dbig pool: APU1 hipMalloc 0.01 GB inside the phase (free 0.00 GB in 0 extents, largest 0.00; live 0.01 GB in 5 blocks)
dbig pool: APU2 hipMalloc 0.01 GB inside the phase (free 0.00 GB in 0 extents, largest 0.00; live 0.01 GB in 6 blocks)
dbig pool: APU3 hipMalloc 0.01 GB inside the phase (free 0.00 GB in 0 extents, largest 0.00; live 0.01 GB in 7 blocks)
dbig pool: APU0 hipMalloc 0.01 GB inside the phase (free 0.00 GB in 0 extents, largest 0.00; live 0.01 GB in 4 blocks)
dbig pool: APU1 hipMalloc 0.01 GB inside the phase (free 0.00 GB in 0 extents, largest 0.00; live 0.01 GB in 5 blocks)
dbig pool: APU2 hipMalloc 0.01 GB inside the phase (free 0.00 GB in 0 extents, largest 0.00; live 0.01 GB in 6 blocks)
dbig pool: APU3 hipMalloc 0.01 GB inside the phase (free 0.00 GB in 0 extents, largest 0.00; live 0.01 GB in 7 blocks)
dbig pool: APU0 hipMalloc 0.01 GB inside the phase (free 0.00 GB in 0 extents, largest 0.00; live 0.01 GB in 8 blocks)
dbig pool: APU1 hipMalloc 0.01 GB inside the phase (free 0.00 GB in 0 extents, largest 0.00; live 0.01 GB in 9 blocks)
dbig pool: APU2 hipMalloc 0.01 GB inside the phase (free 0.00 GB in 0 extents, largest 0.00; live 0.01 GB in 10 blocks)
dbig pool: APU3 hipMalloc 0.01 GB inside the phase (free 0.00 GB in 0 extents, largest 0.00; live 0.01 GB in 11 blocks)
dbig pool: APU0 hipMalloc 0.01 GB inside the phase (free 0.00 GB in 0 extents, largest 0.00; live 0.02 GB in 12 blocks)
dbig pool: APU1 hipMalloc 0.01 GB inside the phase (free 0.00 GB in 0 extents, largest 0.00; live 0.02 GB in 13 blocks)
dbig pool: APU2 hipMalloc 0.01 GB inside the phase (free 0.00 GB in 0 extents, largest 0.00; live 0.02 GB in 14 blocks)
dbig pool: APU3 hipMalloc 0.01 GB inside the phase (free 0.00 GB in 0 extents, largest 0.00; live 0.02 GB in 15 blocks)
dbig pool: APU0 hipMalloc 0.01 GB inside the phase (free 0.00 GB in 0 extents, largest 0.00; live 0.01 GB in 8 blocks)
dbig pool: APU1 hipMalloc 0.01 GB inside the phase (free 0.00 GB in 0 extents, largest 0.00; live 0.01 GB in 9 blocks)
dbig pool: APU2 hipMalloc 0.01 GB inside the phase (free 0.00 GB in 0 extents, largest 0.00; live 0.01 GB in 10 blocks)
dbig pool: APU3 hipMalloc 0.01 GB inside the phase (free 0.00 GB in 0 extents, largest 0.00; live 0.01 GB in 11 blocks)
dbig pool: APU0 hipMalloc 0.01 GB inside the phase (free 0.00 GB in 0 extents, largest 0.00; live 0.02 GB in 12 blocks)
dbig pool: APU1 hipMalloc 0.01 GB inside the phase (free 0.00 GB in 0 extents, largest 0.00; live 0.02 GB in 13 blocks)
dbig pool: APU2 hipMalloc 0.01 GB inside the phase (free 0.00 GB in 0 extents, largest 0.00; live 0.02 GB in 14 blocks)
dbig pool: APU3 hipMalloc 0.01 GB inside the phase (free 0.00 GB in 0 extents, largest 0.00; live 0.02 GB in 15 blocks)
dbig pool: APU3 hipMalloc 0.00 GB inside the phase (free 0.00 GB in 0 extents, largest 0.00; live 0.03 GB in 16 blocks)
dbig pool: APU0 hipMalloc 0.00 GB inside the phase (free 0.00 GB in 0 extents, largest 0.00; live 0.03 GB in 17 blocks)
dbig pool: APU1 hipMalloc 0.00 GB inside the phase (free 0.00 GB in 0 extents, largest 0.00; live 0.03 GB in 18 blocks)
dbig pool: APU2 hipMalloc 0.00 GB inside the phase (free 0.00 GB in 0 extents, largest 0.00; live 0.03 GB in 19 blocks)
dbig pool: APU0 hipMalloc 0.00 GB inside the phase (free 0.00 GB in 0 extents, largest 0.00; live 0.03 GB in 20 blocks)
dbig pool: APU0 hipMalloc 0.01 GB inside the phase (free 0.00 GB in 0 extents, largest 0.00; live 0.03 GB in 21 blocks)
dbig pool: APU0 hipMalloc 0.01 GB inside the phase (free 0.00 GB in 0 extents, largest 0.00; live 0.04 GB in 22 blocks)
dbig pool: APU1 hipMalloc 0.00 GB inside the phase (free 0.00 GB in 0 extents, largest 0.00; live 0.03 GB in 23 blocks)
dbig pool: APU1 hipMalloc 0.01 GB inside the phase (free 0.00 GB in 0 extents, largest 0.00; live 0.03 GB in 24 blocks)
dbig pool: APU1 hipMalloc 0.01 GB inside the phase (free 0.00 GB in 0 extents, largest 0.00; live 0.04 GB in 25 blocks)
dbig pool: APU3 hipMalloc 0.00 GB inside the phase (free 0.00 GB in 0 extents, largest 0.00; live 0.03 GB in 26 blocks)
dbig pool: APU2 hipMalloc 0.00 GB inside the phase (free 0.00 GB in 0 extents, largest 0.00; live 0.03 GB in 27 blocks)
dbig pool: APU2 hipMalloc 0.01 GB inside the phase (free 0.00 GB in 0 extents, largest 0.00; live 0.03 GB in 28 blocks)
dbig pool: APU2 hipMalloc 0.01 GB inside the phase (free 0.00 GB in 0 extents, largest 0.00; live 0.04 GB in 29 blocks)
dbig pool: APU3 hipMalloc 0.01 GB inside the phase (free 0.00 GB in 0 extents, largest 0.00; live 0.03 GB in 30 blocks)
dbig pool: APU3 hipMalloc 0.01 GB inside the phase (free 0.00 GB in 0 extents, largest 0.00; live 0.04 GB in 31 blocks)
dbig pool: APU1 hipMalloc 0.00 GB inside the phase (free 0.00 GB in 0 extents, largest 0.00; live 0.03 GB in 16 blocks)
dbig pool: APU2 hipMalloc 0.00 GB inside the phase (free 0.00 GB in 0 extents, largest 0.00; live 0.03 GB in 17 blocks)
dbig pool: APU3 hipMalloc 0.00 GB inside the phase (free 0.00 GB in 0 extents, largest 0.00; live 0.03 GB in 18 blocks)
dbig pool: APU0 hipMalloc 0.00 GB inside the phase (free 0.00 GB in 0 extents, largest 0.00; live 0.03 GB in 19 blocks)
dbig pool: APU0 hipMalloc 0.00 GB inside the phase (free 0.00 GB in 0 extents, largest 0.00; live 0.03 GB in 16 blocks)
dbig pool: APU1 hipMalloc 0.00 GB inside the phase (free 0.00 GB in 0 extents, largest 0.00; live 0.03 GB in 17 blocks)
dbig pool: APU3 hipMalloc 0.00 GB inside the phase (free 0.00 GB in 0 extents, largest 0.00; live 0.03 GB in 18 blocks)
dbig pool: APU2 hipMalloc 0.00 GB inside the phase (free 0.00 GB in 0 extents, largest 0.00; live 0.03 GB in 19 blocks)
dbig pool: APU1 hipMalloc 0.00 GB inside the phase (free 0.00 GB in 0 extents, largest 0.00; live 0.03 GB in 20 blocks)
dbig pool: APU1 hipMalloc 0.01 GB inside the phase (free 0.00 GB in 0 extents, largest 0.00; live 0.03 GB in 21 blocks)
dbig pool: APU1 hipMalloc 0.01 GB inside the phase (free 0.00 GB in 0 extents, largest 0.00; live 0.04 GB in 22 blocks)
dbig pool: APU0 hipMalloc 0.00 GB inside the phase (free 0.00 GB in 0 extents, largest 0.00; live 0.03 GB in 23 blocks)
dbig pool: APU3 hipMalloc 0.00 GB inside the phase (free 0.00 GB in 0 extents, largest 0.00; live 0.03 GB in 24 blocks)
dbig pool: APU0 hipMalloc 0.01 GB inside the phase (free 0.00 GB in 0 extents, largest 0.00; live 0.03 GB in 25 blocks)
dbig pool: APU1 hipMalloc 0.00 GB inside the phase (free 0.00 GB in 0 extents, largest 0.00; live 0.03 GB in 20 blocks)
dbig pool: APU1 hipMalloc 0.01 GB inside the phase (free 0.00 GB in 0 extents, largest 0.00; live 0.03 GB in 21 blocks)
dbig pool: APU0 hipMalloc 0.01 GB inside the phase (free 0.00 GB in 0 extents, largest 0.00; live 0.04 GB in 26 blocks)
dbig pool: APU1 hipMalloc 0.01 GB inside the phase (free 0.00 GB in 0 extents, largest 0.00; live 0.04 GB in 22 blocks)
dbig pool: APU3 hipMalloc 0.01 GB inside the phase (free 0.00 GB in 0 extents, largest 0.00; live 0.03 GB in 27 blocks)
dbig pool: APU3 hipMalloc 0.01 GB inside the phase (free 0.00 GB in 0 extents, largest 0.00; live 0.04 GB in 28 blocks)
dbig pool: APU3 hipMalloc 0.00 GB inside the phase (free 0.00 GB in 0 extents, largest 0.00; live 0.03 GB in 23 blocks)
dbig pool: APU3 hipMalloc 0.01 GB inside the phase (free 0.00 GB in 0 extents, largest 0.00; live 0.03 GB in 24 blocks)
dbig pool: APU0 hipMalloc 0.00 GB inside the phase (free 0.00 GB in 0 extents, largest 0.00; live 0.03 GB in 25 blocks)
dbig pool: APU0 hipMalloc 0.01 GB inside the phase (free 0.00 GB in 0 extents, largest 0.00; live 0.03 GB in 26 blocks)
dbig pool: APU0 hipMalloc 0.01 GB inside the phase (free 0.00 GB in 0 extents, largest 0.00; live 0.04 GB in 27 blocks)
dbig pool: APU2 hipMalloc 0.00 GB inside the phase (free 0.00 GB in 0 extents, largest 0.00; live 0.03 GB in 28 blocks)
dbig pool: APU2 hipMalloc 0.01 GB inside the phase (free 0.00 GB in 0 extents, largest 0.00; live 0.03 GB in 29 blocks)
dbig pool: APU2 hipMalloc 0.01 GB inside the phase (free 0.00 GB in 0 extents, largest 0.00; live 0.04 GB in 30 blocks)
dbig pool: APU3 hipMalloc 0.01 GB inside the phase (free 0.00 GB in 0 extents, largest 0.00; live 0.04 GB in 31 blocks)
dbig pool: APU2 hipMalloc 0.00 GB inside the phase (free 0.00 GB in 0 extents, largest 0.00; live 0.03 GB in 29 blocks)
dbig pool: APU2 hipMalloc 0.01 GB inside the phase (free 0.00 GB in 0 extents, largest 0.00; live 0.03 GB in 30 blocks)
dbig pool: APU2 hipMalloc 0.01 GB inside the phase (free 0.00 GB in 0 extents, largest 0.00; live 0.04 GB in 31 blocks)
dbig pool: APU1 hipMalloc 0.01 GB inside the phase (free 0.00 GB in 1 extents, largest 0.00; live 0.04 GB in 32 blocks)
dbig pool: APU0 hipMalloc 0.01 GB inside the phase (free 0.00 GB in 1 extents, largest 0.00; live 0.04 GB in 32 blocks)
dbig pool: APU0 hipMalloc 0.01 GB inside the phase (free 0.00 GB in 1 extents, largest 0.00; live 0.04 GB in 33 blocks)
dbig pool: APU0 hipMalloc 0.01 GB inside the phase (free 0.00 GB in 1 extents, largest 0.00; live 0.04 GB in 32 blocks)
dbig pool: APU1 hipMalloc 0.01 GB inside the phase (free 0.00 GB in 1 extents, largest 0.00; live 0.04 GB in 33 blocks)
dbig pool: APU1 hipMalloc 0.01 GB inside the phase (free 0.00 GB in 1 extents, largest 0.00; live 0.04 GB in 33 blocks)
dbig pool: APU2 hipMalloc 0.01 GB inside the phase (free 0.00 GB in 1 extents, largest 0.00; live 0.04 GB in 30 blocks)
dbig pool: APU2 hipMalloc 0.01 GB inside the phase (free 0.00 GB in 1 extents, largest 0.00; live 0.04 GB in 30 blocks)
dbig pool: APU2 hipMalloc 0.01 GB inside the phase (free 0.00 GB in 1 extents, largest 0.00; live 0.04 GB in 30 blocks)
dbig pool: APU3 hipMalloc 0.01 GB inside the phase (free 0.00 GB in 1 extents, largest 0.00; live 0.04 GB in 31 blocks)
dbig pool: APU3 hipMalloc 0.01 GB inside the phase (free 0.00 GB in 1 extents, largest 0.00; live 0.04 GB in 31 blocks)
dbig pool: APU3 hipMalloc 0.01 GB inside the phase (free 0.00 GB in 1 extents, largest 0.00; live 0.04 GB in 31 blocks)
dbig pool: APU2 hipMalloc 0.01 GB inside the phase (free 0.02 GB in 3 extents, largest 0.01; live 0.03 GB in 26 blocks)
dbig pool: APU2 hipMalloc 0.01 GB inside the phase (free 0.02 GB in 3 extents, largest 0.01; live 0.03 GB in 27 blocks)
dbig pool: APU3 hipMalloc 0.01 GB inside the phase (free 0.02 GB in 3 extents, largest 0.01; live 0.03 GB in 25 blocks)
dbig pool: APU2 hipMalloc 0.01 GB inside the phase (free 0.02 GB in 3 extents, largest 0.01; live 0.03 GB in 25 blocks)
dbig pool: APU3 hipMalloc 0.01 GB inside the phase (free 0.02 GB in 3 extents, largest 0.01; live 0.03 GB in 25 blocks)
dbig pool: APU1 hipMalloc 0.01 GB inside the phase (free 0.02 GB in 3 extents, largest 0.01; live 0.03 GB in 26 blocks)
dbig pool: APU1 hipMalloc 0.01 GB inside the phase (free 0.02 GB in 3 extents, largest 0.01; live 0.03 GB in 25 blocks)
dbig pool: APU0 hipMalloc 0.01 GB inside the phase (free 0.02 GB in 3 extents, largest 0.01; live 0.03 GB in 26 blocks)
dbig pool: APU3 hipMalloc 0.01 GB inside the phase (free 0.02 GB in 3 extents, largest 0.01; live 0.03 GB in 26 blocks)
dbig pool: APU0 hipMalloc 0.01 GB inside the phase (free 0.02 GB in 3 extents, largest 0.01; live 0.03 GB in 29 blocks)
dbig pool: APU0 hipMalloc 0.01 GB inside the phase (free 0.02 GB in 3 extents, largest 0.01; live 0.03 GB in 29 blocks)
dbig pool: APU1 hipMalloc 0.01 GB inside the phase (free 0.02 GB in 3 extents, largest 0.01; live 0.03 GB in 29 blocks)
dist_mn node 0: 2^25 = 2^12 x 2^13 over 3 x 4 ranks (general map), 3 primes (rows 341..342; 10066329 + 8388608 limbs at 0, window [0, 6151645) of share [0, 6151645)): redistribute 0.161 ntt 0.404 crt 0.047 out 0.063 spills+carry 0.032 total 0.761 s
dist_mn node 0: 10066329 x 8388608 limbs over 3 x 4 ranks (cap 2^25): 1 x 1 pieces, 1 formed, 0 skipped (cache 0 slots: 0 hits, 0 misses)
dist_mn node 1: 2^25 = 2^12 x 2^13 over 3 x 4 ranks (general map), 3 primes (rows 341..342; 10066329 + 8388608 limbs at 0, window [6151645, 12303291) of share [6151645, 12303291)): redistribute 0.148 ntt 0.409 crt 0.047 out 0.055 spills+carry 0.032 total 0.748 s
dist_mn node 1: 10066329 x 8388608 limbs over 3 x 4 ranks (cap 2^25): 1 x 1 pieces, 1 formed, 0 skipped (cache 0 slots: 0 hits, 0 misses)
dist_mn node 2: 2^25 = 2^12 x 2^13 over 3 x 4 ranks (general map), 3 primes (rows 341..342; 10066329 + 8388608 limbs at 0, window [12303291, 18454937) of share [12303291, 18454937)): redistribute 0.215 ntt 0.409 crt 0.048 out 0.064 spills+carry 0.032 total 0.833 s
dist_mn node 2: 10066329 x 8388608 limbs over 3 x 4 ranks (cap 2^25): 1 x 1 pieces, 1 formed, 0 skipped (cache 0 slots: 0 hits, 0 misses)
dist_mn node 0: 10066329 + 8388608 limbs -> 18454937 (share 6151645): redistribute 0.161 ntt 0.404 crt 0.047 out 0.063 spills+carry 0.032, total 0.775 s
dist_mn node 2: 10066329 + 8388608 limbs -> 18454937 (share 6151646): redistribute 0.215 ntt 0.409 crt 0.048 out 0.064 spills+carry 0.032, total 0.846 s
dist_mn node 1: 10066329 + 8388608 limbs -> 18454937 (share 6151646): redistribute 0.148 ntt 0.409 crt 0.047 out 0.055 spills+carry 0.032, total 0.761 s
mdev 3*2^23 (18454937 limbs): repack 0.035 h2d 0.001 fwd 0.013 inv 0.002 d2h 0.017 crt 0.016 total 0.083 s
mdev 3*2^23 (18454937 limbs): repack 0.037 h2d 0.001 fwd 0.014 inv 0.003 d2h 0.027 crt 0.016 total 0.093 s
mdev 3*2^23 (18454937 limbs): repack 0.040 h2d 0.001 fwd 0.016 inv 0.002 d2h 0.022 crt 0.018 total 0.096 s
dbig pool: APU0 hipMalloc 0.02 GB inside the phase (free 0.02 GB in 4 extents, largest 0.01; live 0.04 GB in 21 blocks)
dbig pool: APU2 hipMalloc 0.02 GB inside the phase (free 0.02 GB in 4 extents, largest 0.01; live 0.04 GB in 26 blocks)
dbig pool: APU3 hipMalloc 0.02 GB inside the phase (free 0.02 GB in 4 extents, largest 0.01; live 0.04 GB in 31 blocks)
dbig pool: APU1 hipMalloc 0.02 GB inside the phase (free 0.02 GB in 4 extents, largest 0.01; live 0.04 GB in 33 blocks)
   one plane 10066329 x 8388608: 0.92 s
dbig pool: APU0 hipMalloc 0.02 GB inside the phase (free 0.02 GB in 4 extents, largest 0.01; live 0.04 GB in 22 blocks)
dbig pool: APU3 hipMalloc 0.02 GB inside the phase (free 0.02 GB in 4 extents, largest 0.01; live 0.04 GB in 24 blocks)
dbig pool: APU1 hipMalloc 0.02 GB inside the phase (free 0.02 GB in 4 extents, largest 0.01; live 0.04 GB in 27 blocks)
dbig pool: APU2 hipMalloc 0.02 GB inside the phase (free 0.02 GB in 4 extents, largest 0.01; live 0.04 GB in 36 blocks)
dbig pool: APU0 hipMalloc 0.02 GB inside the phase (free 0.02 GB in 4 extents, largest 0.01; live 0.04 GB in 21 blocks)
dbig pool: APU2 hipMalloc 0.02 GB inside the phase (free 0.02 GB in 4 extents, largest 0.01; live 0.04 GB in 24 blocks)
dbig pool: APU1 hipMalloc 0.02 GB inside the phase (free 0.02 GB in 4 extents, largest 0.01; live 0.04 GB in 32 blocks)
dbig pool: APU3 hipMalloc 0.02 GB inside the phase (free 0.02 GB in 4 extents, largest 0.01; live 0.04 GB in 36 blocks)
dbig pool: APU1 hipMalloc 0.01 GB inside the phase (free 0.00 GB in 2 extents, largest 0.00; live 0.08 GB in 44 blocks)
dbig pool: APU3 hipMalloc 0.01 GB inside the phase (free 0.00 GB in 1 extents, largest 0.00; live 0.08 GB in 44 blocks)
dbig pool: APU3 hipMalloc 0.01 GB inside the phase (free 0.00 GB in 1 extents, largest 0.00; live 0.08 GB in 43 blocks)
dbig pool: APU3 hipMalloc 0.01 GB inside the phase (free 0.00 GB in 2 extents, largest 0.00; live 0.08 GB in 45 blocks)
dbig pool: APU2 hipMalloc 0.01 GB inside the phase (free 0.00 GB in 1 extents, largest 0.00; live 0.08 GB in 45 blocks)
dbig pool: APU2 hipMalloc 0.01 GB inside the phase (free 0.00 GB in 1 extents, largest 0.00; live 0.08 GB in 45 blocks)
dbig pool: APU2 hipMalloc 0.01 GB inside the phase (free 0.00 GB in 2 extents, largest 0.00; live 0.08 GB in 46 blocks)
dbig pool: APU1 hipMalloc 0.01 GB inside the phase (free 0.00 GB in 1 extents, largest 0.00; live 0.08 GB in 46 blocks)
dbig pool: APU1 hipMalloc 0.01 GB inside the phase (free 0.00 GB in 1 extents, largest 0.00; live 0.08 GB in 46 blocks)
dbig pool: APU0 hipMalloc 0.01 GB inside the phase (free 0.00 GB in 1 extents, largest 0.00; live 0.08 GB in 47 blocks)
dbig pool: APU0 hipMalloc 0.01 GB inside the phase (free 0.00 GB in 2 extents, largest 0.00; live 0.08 GB in 44 blocks)
dbig pool: APU0 hipMalloc 0.01 GB inside the phase (free 0.00 GB in 1 extents, largest 0.00; live 0.08 GB in 41 blocks)
dbig pool: APU0 hipMalloc 0.01 GB inside the phase (free 0.02 GB in 4 extents, largest 0.01; live 0.07 GB in 34 blocks)
dbig pool: APU0 hipMalloc 0.01 GB inside the phase (free 0.02 GB in 4 extents, largest 0.01; live 0.07 GB in 33 blocks)
dbig pool: APU1 hipMalloc 0.01 GB inside the phase (free 0.02 GB in 4 extents, largest 0.01; live 0.07 GB in 34 blocks)
dbig pool: APU2 hipMalloc 0.01 GB inside the phase (free 0.02 GB in 4 extents, largest 0.01; live 0.07 GB in 35 blocks)
dbig pool: APU1 hipMalloc 0.01 GB inside the phase (free 0.02 GB in 4 extents, largest 0.01; live 0.07 GB in 34 blocks)
dbig pool: APU2 hipMalloc 0.01 GB inside the phase (free 0.02 GB in 4 extents, largest 0.01; live 0.07 GB in 35 blocks)
dbig pool: APU1 hipMalloc 0.01 GB inside the phase (free 0.02 GB in 4 extents, largest 0.01; live 0.07 GB in 35 blocks)
dbig pool: APU2 hipMalloc 0.01 GB inside the phase (free 0.02 GB in 4 extents, largest 0.01; live 0.07 GB in 35 blocks)
dbig pool: APU0 hipMalloc 0.01 GB inside the phase (free 0.02 GB in 4 extents, largest 0.01; live 0.07 GB in 35 blocks)
dbig pool: APU3 hipMalloc 0.01 GB inside the phase (free 0.02 GB in 4 extents, largest 0.01; live 0.07 GB in 39 blocks)
dbig pool: APU3 hipMalloc 0.01 GB inside the phase (free 0.02 GB in 4 extents, largest 0.01; live 0.07 GB in 39 blocks)
dbig pool: APU3 hipMalloc 0.01 GB inside the phase (free 0.02 GB in 4 extents, largest 0.01; live 0.07 GB in 37 blocks)
dist_mn node 0: 2^25 = 2^12 x 2^13 over 3 x 4 ranks (general map), 3 primes (rows 341..342; 10066329 + 8388608 + x limbs at 0, window [0, 6151646) of share [0, 6151646)): redistribute 0.059 ntt 0.321 crt 0.000 out 0.022 spills+carry 0.001 total 0.393 s
dist_mn node 0: 10066329 x 8388608 limbs over 3 x 4 ranks (cap 2^25): 1 x 1 pieces, 1 formed, 0 skipped (cache 0 slots: 0 hits, 0 misses)
dist_mn node 1: 2^25 = 2^12 x 2^13 over 3 x 4 ranks (general map), 3 primes (rows 341..342; 10066329 + 8388608 + x limbs at 0, window [6151646, 12303292) of share [6151646, 12303292)): redistribute 0.040 ntt 0.326 crt 0.001 out 0.022 spills+carry 0.001 total 0.374 s
dist_mn node 1: 10066329 x 8388608 limbs over 3 x 4 ranks (cap 2^25): 1 x 1 pieces, 1 formed, 0 skipped (cache 0 slots: 0 hits, 0 misses)
dist_mn node 2: 2^25 = 2^12 x 2^13 over 3 x 4 ranks (general map), 3 primes (rows 341..342; 10066329 + 8388608 + x limbs at 0, window [12303292, 18454938) of share [12303292, 18454938)): redistribute 0.074 ntt 0.326 crt 0.000 out 0.023 spills+carry 0.001 total 0.408 s
dist_mn node 2: 10066329 x 8388608 limbs over 3 x 4 ranks (cap 2^25): 1 x 1 pieces, 1 formed, 0 skipped (cache 0 slots: 0 hits, 0 misses)
dist_mn node 0: 10066329 + 8388608 + x limbs -> 18454937 (share 6151646): redistribute 0.059 ntt 0.321 crt 0.000 out 0.022 spills+carry 0.001, total 0.395 s
dist_mn node 1: 10066329 + 8388608 + x limbs -> 18454937 (share 6151646): redistribute 0.040 ntt 0.326 crt 0.001 out 0.022 spills+carry 0.001, total 0.376 s
dist_mn node 2: 10066329 + 8388608 + x limbs -> 18454937 (share 6151646): redistribute 0.074 ntt 0.326 crt 0.000 out 0.023 spills+carry 0.001, total 0.409 s
dist_mn node 0: 2^25 = 2^12 x 2^13 over 3 x 4 ranks (general map), 3 primes (rows 341..342; 10066329 + 8388608 limbs at 0, window [0, 3355443) of share [0, 3355443)): redistribute 0.024 ntt 0.297 crt 0.000 out 0.010 spills+carry 0.001 total 0.318 s
dist_mn node 0: 10066329 x 8388608 limbs over 3 x 4 ranks (cap 2^25): 1 x 1 pieces, 1 formed, 0 skipped (low product) (cache 0 slots: 0 hits, 0 misses)
dist_mn node 1: 2^25 = 2^12 x 2^13 over 3 x 4 ranks (general map), 3 primes (rows 341..342; 10066329 + 8388608 limbs at 0, window [3355443, 6710887) of share [3355443, 6710887)): redistribute 0.022 ntt 0.299 crt 0.000 out 0.008 spills+carry 0.000 total 0.318 s
dist_mn node 1: 10066329 x 8388608 limbs over 3 x 4 ranks (cap 2^25): 1 x 1 pieces, 1 formed, 0 skipped (low product) (cache 0 slots: 0 hits, 0 misses)
dist_mn node 2: 2^25 = 2^12 x 2^13 over 3 x 4 ranks (general map), 3 primes (rows 341..342; 10066329 + 8388608 limbs at 0, window [6710887, 10066331) of share [6710887, 10066331)): redistribute 0.024 ntt 0.295 crt 0.000 out 0.013 spills+carry 0.000 total 0.318 s
dist_mn node 2: 10066329 x 8388608 limbs over 3 x 4 ranks (cap 2^25): 1 x 1 pieces, 1 formed, 0 skipped (low product) (cache 0 slots: 0 hits, 0 misses)
dist_mn node 0: 10066329 + 8388608 limbs -> 10066331 (share 3355443): redistribute 0.024 ntt 0.297 crt 0.000 out 0.010 spills+carry 0.001, total 0.318 s
dist_mn node 1: 10066329 + 8388608 limbs -> 10066331 (share 3355444): redistribute 0.022 ntt 0.299 crt 0.000 out 0.008 spills+carry 0.000, total 0.318 s
dist_mn node 2: 10066329 + 8388608 limbs -> 10066331 (share 3355444): redistribute 0.024 ntt 0.295 crt 0.000 out 0.013 spills+carry 0.000, total 0.319 s
dist_mn node 0: 2^24 = 2^12 x 2^12 over 3 x 4 ranks (general map), 3 primes (rows 341..342; 5033165 + 5033165 limbs at 0, window [0, 1677721) of share [0, 1677721)): redistribute 0.039 ntt 0.187 crt 0.000 out 0.004 spills+carry 0.000 total 0.264 s
dist_mn node 0: 5033165 x 5033165 limbs over 3 x 4 ranks (cap 2^25): 1 x 1 pieces, 1 formed, 0 skipped (low product) (cache 0 slots: 0 hits, 0 misses)
dist_mn node 1: 2^24 = 2^12 x 2^12 over 3 x 4 ranks (general map), 3 primes (rows 341..342; 5033165 + 5033165 limbs at 0, window [1677721, 3355443) of share [1677721, 3355443)): redistribute 0.015 ntt 0.188 crt 0.000 out 0.006 spills+carry 0.000 total 0.265 s
dist_mn node 1: 5033165 x 5033165 limbs over 3 x 4 ranks (cap 2^25): 1 x 1 pieces, 1 formed, 0 skipped (low product) (cache 0 slots: 0 hits, 0 misses)
dist_mn node 2: 2^24 = 2^12 x 2^12 over 3 x 4 ranks (general map), 3 primes (rows 341..342; 5033165 + 5033165 limbs at 0, window [3355443, 5033165) of share [3355443, 5033165)): redistribute 0.028 ntt 0.183 crt 0.000 out 0.006 spills+carry 0.000 total 0.264 s
dist_mn node 2: 5033165 x 5033165 limbs over 3 x 4 ranks (cap 2^25): 1 x 1 pieces, 1 formed, 0 skipped (low product) (cache 0 slots: 0 hits, 0 misses)
dist_mn node 2: 5033165 + 5033165 limbs -> 5033165 (share 1677722): redistribute 0.028 ntt 0.183 crt 0.000 out 0.006 spills+carry 0.000, total 0.265 s
dist_mn node 0: 5033165 + 5033165 limbs -> 5033165 (share 1677721): redistribute 0.039 ntt 0.187 crt 0.000 out 0.004 spills+carry 0.000, total 0.264 s
dist_mn node 1: 5033165 + 5033165 limbs -> 5033165 (share 1677722): redistribute 0.015 ntt 0.188 crt 0.000 out 0.006 spills+carry 0.000, total 0.265 s
dist_mn node 0: 2^25 = 2^12 x 2^13 over 3 x 4 ranks (general map), 3 primes (rows 341..342; 10066329 + 8388608 limbs at 0, window [0, 6151645) of share [0, 6151645)): redistribute 0.035 ntt 0.294 crt 0.000 out 0.010 spills+carry 0.001 total 0.363 s
dist_mn node 0: 10066329 x 8388608 limbs over 3 x 4 ranks (cap 2^25): 1 x 1 pieces, 1 formed, 0 skipped (low product) (cache 0 slots: 0 hits, 0 misses)
dist_mn node 1: 2^25 = 2^12 x 2^13 over 3 x 4 ranks (general map), 3 primes (rows 341..342; 10066329 + 8388608 limbs at 0, window [6151645, 12303290) of share [6151645, 12303290)): redistribute 0.027 ntt 0.287 crt 0.000 out 0.009 spills+carry 0.001 total 0.365 s
dist_mn node 1: 10066329 x 8388608 limbs over 3 x 4 ranks (cap 2^25): 1 x 1 pieces, 1 formed, 0 skipped (low product) (cache 0 slots: 0 hits, 0 misses)
dist_mn node 2: 2^25 = 2^12 x 2^13 over 3 x 4 ranks (general map), 3 primes (rows 341..342; 10066329 + 8388608 limbs at 0, window [12303290, 18454936) of share [12303290, 18454936)): redistribute 0.050 ntt 0.295 crt 0.000 out 0.010 spills+carry 0.001 total 0.366 s
dist_mn node 2: 10066329 x 8388608 limbs over 3 x 4 ranks (cap 2^25): 1 x 1 pieces, 1 formed, 0 skipped (low product) (cache 0 slots: 0 hits, 0 misses)
dist_mn node 0: 10066329 + 8388608 limbs -> 18454936 (share 6151645): redistribute 0.035 ntt 0.294 crt 0.000 out 0.010 spills+carry 0.001, total 0.364 s
dist_mn node 1: 10066329 + 8388608 limbs -> 18454936 (share 6151645): redistribute 0.027 ntt 0.287 crt 0.000 out 0.009 spills+carry 0.001, total 0.366 s
dist_mn node 2: 10066329 + 8388608 limbs -> 18454936 (share 6151646): redistribute 0.050 ntt 0.295 crt 0.000 out 0.010 spills+carry 0.001, total 0.366 s
dist_mn node 0: 2^25 = 2^12 x 2^13 over 3 x 4 ranks (general map), 3 primes (rows 341..342; 10066329 + 8388608 limbs at 0, window [0, 6151645) of share [0, 6151645)): redistribute 0.020 ntt 0.313 crt 0.001 out 0.014 spills+carry 0.000 total 0.337 s
dist_mn node 0: 10066329 x 8388608 limbs over 3 x 4 ranks (cap 2^25): 1 x 1 pieces, 1 formed, 0 skipped (low cut) (cache 0 slots: 0 hits, 0 misses)
dist_mn node 1: 2^25 = 2^12 x 2^13 over 3 x 4 ranks (general map), 3 primes (rows 341..342; 10066329 + 8388608 limbs at 0, window [6151645, 12303291) of share [6151645, 12303291)): redistribute 0.019 ntt 0.313 crt 0.001 out 0.015 spills+carry 0.001 total 0.337 s
dist_mn node 1: 10066329 x 8388608 limbs over 3 x 4 ranks (cap 2^25): 1 x 1 pieces, 1 formed, 0 skipped (low cut) (cache 0 slots: 0 hits, 0 misses)
dist_mn node 2: 2^25 = 2^12 x 2^13 over 3 x 4 ranks (general map), 3 primes (rows 341..342; 10066329 + 8388608 limbs at 0, window [12303291, 18454937) of share [12303291, 18454937)): redistribute 0.022 ntt 0.317 crt 0.000 out 0.011 spills+carry 0.001 total 0.337 s
dist_mn node 2: 10066329 x 8388608 limbs over 3 x 4 ranks (cap 2^25): 1 x 1 pieces, 1 formed, 0 skipped (low cut) (cache 0 slots: 0 hits, 0 misses)
dist_mn node 0: 10066329 + 8388608 limbs -> 18454937 (share 6151645): redistribute 0.020 ntt 0.313 crt 0.001 out 0.014 spills+carry 0.000, total 0.337 s
dist_mn node 1: 10066329 + 8388608 limbs -> 18454937 (share 6151646): redistribute 0.019 ntt 0.313 crt 0.001 out 0.015 spills+carry 0.001, total 0.337 s
dist_mn node 2: 10066329 + 8388608 limbs -> 18454937 (share 6151646): redistribute 0.022 ntt 0.317 crt 0.000 out 0.011 spills+carry 0.001, total 0.337 s
dist_mn node 0: 2^25 = 2^12 x 2^13 over 3 x 4 ranks (general map), 3 primes (rows 341..342; 10066329 + 8388608 limbs at 0, window [0, 6151645) of share [0, 6151645)): redistribute 0.031 ntt 0.300 crt 0.000 out 0.011 spills+carry 0.001 total 0.333 s
dist_mn node 0: 10066329 x 8388608 limbs over 3 x 4 ranks (cap 2^25): 1 x 1 pieces, 1 formed, 0 skipped (low product) (low cut) (cache 0 slots: 0 hits, 0 misses)
dist_mn node 1: 2^25 = 2^12 x 2^13 over 3 x 4 ranks (general map), 3 primes (rows 341..342; 10066329 + 8388608 limbs at 0, window [6151645, 12303290) of share [6151645, 12303290)): redistribute 0.040 ntt 0.293 crt 0.000 out 0.011 spills+carry 0.001 total 0.333 s
dist_mn node 1: 10066329 x 8388608 limbs over 3 x 4 ranks (cap 2^25): 1 x 1 pieces, 1 formed, 0 skipped (low product) (low cut) (cache 0 slots: 0 hits, 0 misses)
dist_mn node 2: 2^25 = 2^12 x 2^13 over 3 x 4 ranks (general map), 3 primes (rows 341..342; 10066329 + 8388608 limbs at 0, window [12303290, 18454936) of share [12303290, 18454936)): redistribute 0.030 ntt 0.298 crt 0.000 out 0.012 spills+carry 0.001 total 0.333 s
dist_mn node 2: 10066329 x 8388608 limbs over 3 x 4 ranks (cap 2^25): 1 x 1 pieces, 1 formed, 0 skipped (low product) (low cut) (cache 0 slots: 0 hits, 0 misses)
dist_mn node 0: 10066329 + 8388608 limbs -> 18454936 (share 6151645): redistribute 0.031 ntt 0.300 crt 0.000 out 0.011 spills+carry 0.001, total 0.334 s
dist_mn node 1: 10066329 + 8388608 limbs -> 18454936 (share 6151645): redistribute 0.040 ntt 0.293 crt 0.000 out 0.011 spills+carry 0.001, total 0.334 s
dist_mn node 2: 10066329 + 8388608 limbs -> 18454936 (share 6151646): redistribute 0.030 ntt 0.298 crt 0.000 out 0.012 spills+carry 0.001, total 0.334 s
dist_mn node 0: 2^25 = 2^12 x 2^13 over 3 x 4 ranks (general map), 3 primes (rows 341..342; 10066329 + 8388608 limbs at 0, window [0, 6151645) of share [0, 6151645)): redistribute 0.025 ntt 0.312 crt 0.000 out 0.014 spills+carry 0.001 total 0.343 s
dist_mn node 0: 10066329 x 8388608 limbs over 3 x 4 ranks (cap 2^25): 1 x 1 pieces, 1 formed, 0 skipped (low cut) (cache 0 slots: 0 hits, 0 misses)
dist_mn node 1: 2^25 = 2^12 x 2^13 over 3 x 4 ranks (general map), 3 primes (rows 341..342; 10066329 + 8388608 limbs at 0, window [6151645, 12303291) of share [6151645, 12303291)): redistribute 0.025 ntt 0.309 crt 0.000 out 0.011 spills+carry 0.001 total 0.343 s
dist_mn node 1: 10066329 x 8388608 limbs over 3 x 4 ranks (cap 2^25): 1 x 1 pieces, 1 formed, 0 skipped (low cut) (cache 0 slots: 0 hits, 0 misses)
dist_mn node 2: 2^25 = 2^12 x 2^13 over 3 x 4 ranks (general map), 3 primes (rows 341..342; 10066329 + 8388608 limbs at 0, window [12303291, 18454937) of share [12303291, 18454937)): redistribute 0.020 ntt 0.316 crt 0.000 out 0.013 spills+carry 0.001 total 0.343 s
dist_mn node 2: 10066329 x 8388608 limbs over 3 x 4 ranks (cap 2^25): 1 x 1 pieces, 1 formed, 0 skipped (low cut) (cache 0 slots: 0 hits, 0 misses)
dist_mn node 0: 10066329 + 8388608 limbs -> 18454937 (share 6151645): redistribute 0.025 ntt 0.312 crt 0.000 out 0.014 spills+carry 0.001, total 0.343 s
dist_mn node 2: 10066329 + 8388608 limbs -> 18454937 (share 6151646): redistribute 0.020 ntt 0.316 crt 0.000 out 0.013 spills+carry 0.001, total 0.343 s
dist_mn node 1: 10066329 + 8388608 limbs -> 18454937 (share 6151646): redistribute 0.025 ntt 0.309 crt 0.000 out 0.011 spills+carry 0.001, total 0.343 s
dist_mn node 0: 2^25 = 2^12 x 2^13 over 3 x 4 ranks (general map), 3 primes (rows 341..342; 10066329 + 8388608 limbs at 0, window [0, 6151645) of share [0, 6151645)): redistribute 0.021 ntt 0.306 crt 0.001 out 0.015 spills+carry 0.001 total 0.339 s
dist_mn node 0: 10066329 x 8388608 limbs over 3 x 4 ranks (cap 2^25): 1 x 1 pieces, 1 formed, 0 skipped (low product) (low cut) (cache 0 slots: 0 hits, 0 misses)
dist_mn node 1: 2^25 = 2^12 x 2^13 over 3 x 4 ranks (general map), 3 primes (rows 341..342; 10066329 + 8388608 limbs at 0, window [6151645, 12303290) of share [6151645, 12303290)): redistribute 0.017 ntt 0.306 crt 0.001 out 0.015 spills+carry 0.001 total 0.338 s
dist_mn node 1: 10066329 x 8388608 limbs over 3 x 4 ranks (cap 2^25): 1 x 1 pieces, 1 formed, 0 skipped (low product) (low cut) (cache 0 slots: 0 hits, 0 misses)
dist_mn node 2: 2^25 = 2^12 x 2^13 over 3 x 4 ranks (general map), 3 primes (rows 341..342; 10066329 + 8388608 limbs at 0, window [12303290, 18454936) of share [12303290, 18454936)): redistribute 0.022 ntt 0.308 crt 0.000 out 0.011 spills+carry 0.001 total 0.338 s
dist_mn node 2: 10066329 x 8388608 limbs over 3 x 4 ranks (cap 2^25): 1 x 1 pieces, 1 formed, 0 skipped (low product) (low cut) (cache 0 slots: 0 hits, 0 misses)
dist_mn node 0: 10066329 + 8388608 limbs -> 18454936 (share 6151645): redistribute 0.021 ntt 0.306 crt 0.001 out 0.015 spills+carry 0.001, total 0.339 s
dist_mn node 1: 10066329 + 8388608 limbs -> 18454936 (share 6151645): redistribute 0.017 ntt 0.306 crt 0.001 out 0.015 spills+carry 0.001, total 0.339 s
dist_mn node 2: 10066329 + 8388608 limbs -> 18454936 (share 6151646): redistribute 0.022 ntt 0.308 crt 0.000 out 0.011 spills+carry 0.001, total 0.339 s
dist_mn node 0: 10066329 x 8388608 limbs over 3 x 4 ranks (cap 2^25): 1 x 1 pieces, 0 formed, 1 skipped (low cut) (cache 0 slots: 0 hits, 0 misses)
dist_mn node 1: 10066329 x 8388608 limbs over 3 x 4 ranks (cap 2^25): 1 x 1 pieces, 0 formed, 1 skipped (low cut) (cache 0 slots: 0 hits, 0 misses)
dist_mn node 2: 10066329 x 8388608 limbs over 3 x 4 ranks (cap 2^25): 1 x 1 pieces, 0 formed, 1 skipped (low cut) (cache 0 slots: 0 hits, 0 misses)
dist_mn node 0: 10066329 + 8388608 limbs -> 0 (share 6151645): redistribute 0.000 ntt 0.000 crt 0.000 out 0.000 spills+carry 0.000, total 0.000 s
dist_mn node 1: 10066329 + 8388608 limbs -> 0 (share 6151646): redistribute 0.000 ntt 0.000 crt 0.000 out 0.000 spills+carry 0.000, total 0.000 s
dist_mn node 2: 10066329 + 8388608 limbs -> 0 (share 6151646): redistribute 0.000 ntt 0.000 crt 0.000 out 0.000 spills+carry 0.000, total 0.000 s
mdev 3*2^23 (18454937 limbs): repack 0.027 h2d 0.001 fwd 0.003 inv 0.002 d2h 0.019 crt 0.011 total 0.052 s
mdev 3*2^23 (18454937 limbs): repack 0.022 h2d 0.001 fwd 0.003 inv 0.002 d2h 0.025 crt 0.009 total 0.057 s
mdev 3*2^23 (18454937 limbs): repack 0.025 h2d 0.001 fwd 0.002 inv 0.001 d2h 0.015 crt 0.008 total 0.047 s
dist_mn node 0: 10066329 x 8388608 limbs over 3 x 4 ranks (cap 2^25): 1 x 1 pieces, 0 formed, 1 skipped (low product) (low cut) (cache 0 slots: 0 hits, 0 misses)
dist_mn node 1: 10066329 x 8388608 limbs over 3 x 4 ranks (cap 2^25): 1 x 1 pieces, 0 formed, 1 skipped (low product) (low cut) (cache 0 slots: 0 hits, 0 misses)
dist_mn node 2: 10066329 x 8388608 limbs over 3 x 4 ranks (cap 2^25): 1 x 1 pieces, 0 formed, 1 skipped (low product) (low cut) (cache 0 slots: 0 hits, 0 misses)
dist_mn node 0: 10066329 + 8388608 limbs -> 0 (share 6151645): redistribute 0.000 ntt 0.000 crt 0.000 out 0.000 spills+carry 0.000, total 0.001 s
dist_mn node 1: 10066329 + 8388608 limbs -> 0 (share 6151645): redistribute 0.000 ntt 0.000 crt 0.000 out 0.000 spills+carry 0.000, total 0.000 s
dist_mn node 2: 10066329 + 8388608 limbs -> 0 (share 6151646): redistribute 0.000 ntt 0.000 crt 0.000 out 0.000 spills+carry 0.000, total 0.001 s
mdev 3*2^23 (18454937 limbs): repack 0.032 h2d 0.001 fwd 0.003 inv 0.002 d2h 0.043 crt 0.020 total 0.083 s
mdev 3*2^23 (18454937 limbs): repack 0.026 h2d 0.001 fwd 0.004 inv 0.001 d2h 0.042 crt 0.010 total 0.072 s
mdev 3*2^23 (18454937 limbs): repack 0.023 h2d 0.001 fwd 0.003 inv 0.001 d2h 0.049 crt 0.002 total 0.079 s
   transform cache: 2 of 2 slots of 0.1 GiB per APU allocated in 0.08 s (margin 24 GB) = 1.07 GB per node-process
   transform cache: 2 of 2 slots of 0.1 GiB per APU allocated in 0.08 s (margin 24 GB) = 1.07 GB per node-process
   transform cache: 2 of 2 slots of 0.1 GiB per APU allocated in 0.06 s (margin 24 GB) = 1.07 GB per node-process
dist_mn node 0: 2^25 = 2^12 x 2^13 over 3 x 4 ranks (general map), 3 primes (rows 341..342; 10066329 + 8388608 limbs at 0, window [0, 6151645) of share [0, 6151645)): redistribute 0.013 ntt 0.247 crt 0.001 out 0.013 spills+carry 0.001 total 0.271 s [B cached]
dist_mn node 0: 10066329 x 8388608 limbs over 3 x 4 ranks (cap 2^25): 1 x 1 pieces, 1 formed, 0 skipped (cache 2 slots: 0 hits, 1 misses)
dist_mn node 1: 2^25 = 2^12 x 2^13 over 3 x 4 ranks (general map), 3 primes (rows 341..342; 10066329 + 8388608 limbs at 0, window [6151645, 12303291) of share [6151645, 12303291)): redistribute 0.015 ntt 0.246 crt 0.001 out 0.013 spills+carry 0.001 total 0.271 s [B cached]
dist_mn node 1: 10066329 x 8388608 limbs over 3 x 4 ranks (cap 2^25): 1 x 1 pieces, 1 formed, 0 skipped (cache 2 slots: 0 hits, 1 misses)
dist_mn node 2: 2^25 = 2^12 x 2^13 over 3 x 4 ranks (general map), 3 primes (rows 341..342; 10066329 + 8388608 limbs at 0, window [12303291, 18454937) of share [12303291, 18454937)): redistribute 0.018 ntt 0.243 crt 0.000 out 0.016 spills+carry 0.001 total 0.271 s [B cached]
dist_mn node 2: 10066329 x 8388608 limbs over 3 x 4 ranks (cap 2^25): 1 x 1 pieces, 1 formed, 0 skipped (cache 2 slots: 0 hits, 1 misses)
dist_mn node 0: 10066329 + 8388608 limbs -> 18454937 (share 6151645): redistribute 0.013 ntt 0.247 crt 0.001 out 0.013 spills+carry 0.001, total 0.400 s
dist_mn node 1: 10066329 + 8388608 limbs -> 18454937 (share 6151646): redistribute 0.015 ntt 0.246 crt 0.001 out 0.013 spills+carry 0.001, total 0.338 s
dist_mn node 2: 10066329 + 8388608 limbs -> 18454937 (share 6151646): redistribute 0.018 ntt 0.243 crt 0.000 out 0.016 spills+carry 0.001, total 0.362 s
dist_mn node 0: 2^25 = 2^12 x 2^13 over 3 x 4 ranks (general map), 3 primes (rows 341..342; 10066329 + 8388608 limbs at 0, window [0, 6151645) of share [0, 6151645)): redistribute 0.013 ntt 0.237 crt 0.000 out 0.011 spills+carry 0.001 total 0.258 s [B hit]
dist_mn node 0: 10066329 x 8388608 limbs over 3 x 4 ranks (cap 2^25): 1 x 1 pieces, 1 formed, 0 skipped (low product) (cache 0 slots: 1 hits, 1 misses)
dist_mn node 1: 2^25 = 2^12 x 2^13 over 3 x 4 ranks (general map), 3 primes (rows 341..342; 10066329 + 8388608 limbs at 0, window [6151645, 12303290) of share [6151645, 12303290)): redistribute 0.011 ntt 0.235 crt 0.000 out 0.015 spills+carry 0.001 total 0.259 s [B hit]
dist_mn node 1: 10066329 x 8388608 limbs over 3 x 4 ranks (cap 2^25): 1 x 1 pieces, 1 formed, 0 skipped (low product) (cache 0 slots: 1 hits, 1 misses)
dist_mn node 2: 2^25 = 2^12 x 2^13 over 3 x 4 ranks (general map), 3 primes (rows 341..342; 10066329 + 8388608 limbs at 0, window [12303290, 18454936) of share [12303290, 18454936)): redistribute 0.014 ntt 0.236 crt 0.000 out 0.011 spills+carry 0.001 total 0.259 s [B hit]
dist_mn node 2: 10066329 x 8388608 limbs over 3 x 4 ranks (cap 2^25): 1 x 1 pieces, 1 formed, 0 skipped (low product) (cache 0 slots: 1 hits, 1 misses)
dist_mn node 0: 10066329 + 8388608 limbs -> 18454936 (share 6151645): redistribute 0.013 ntt 0.237 crt 0.000 out 0.011 spills+carry 0.001, total 0.259 s
dist_mn node 1: 10066329 + 8388608 limbs -> 18454936 (share 6151645): redistribute 0.011 ntt 0.235 crt 0.000 out 0.015 spills+carry 0.001, total 0.259 s
dist_mn node 2: 10066329 + 8388608 limbs -> 18454936 (share 6151646): redistribute 0.014 ntt 0.236 crt 0.000 out 0.011 spills+carry 0.001, total 0.259 s
dist_mn node 0: 2^24 = 2^12 x 2^12 over 3 x 4 ranks (general map), 3 primes (rows 341..342; 5033164 + 8388601 limbs at 0, window [0, 4473921) of share [0, 4473921)): redistribute 0.035 ntt 0.188 crt 0.000 out 0.009 spills+carry 0.000 total 0.299 s
dist_mn node 0: 5033164 x 8388601 limbs over 3 x 4 ranks (cap 2^25): 1 x 1 pieces, 1 formed, 0 skipped (cache 0 slots: 0 hits, 0 misses)
dist_mn node 1: 2^24 = 2^12 x 2^12 over 3 x 4 ranks (general map), 3 primes (rows 341..342; 5033164 + 8388601 limbs at 0, window [4473921, 8947843) of share [4473921, 8947843)): redistribute 0.091 ntt 0.188 crt 0.000 out 0.007 spills+carry 0.000 total 0.299 s
dist_mn node 1: 5033164 x 8388601 limbs over 3 x 4 ranks (cap 2^25): 1 x 1 pieces, 1 formed, 0 skipped (cache 0 slots: 0 hits, 0 misses)
dist_mn node 2: 2^24 = 2^12 x 2^12 over 3 x 4 ranks (general map), 3 primes (rows 341..342; 5033164 + 8388601 limbs at 0, window [8947843, 13421765) of share [8947843, 13421765)): redistribute 0.109 ntt 0.189 crt 0.000 out 0.008 spills+carry 0.000 total 0.298 s
dist_mn node 2: 5033164 x 8388601 limbs over 3 x 4 ranks (cap 2^25): 1 x 1 pieces, 1 formed, 0 skipped (cache 0 slots: 0 hits, 0 misses)
dist_mn node 0: 5033164 + 8388601 limbs -> 13421765 (share 4473921): redistribute 0.035 ntt 0.188 crt 0.000 out 0.009 spills+carry 0.000, total 0.299 s
dist_mn node 1: 5033164 + 8388601 limbs -> 13421765 (share 4473922): redistribute 0.091 ntt 0.188 crt 0.000 out 0.007 spills+carry 0.000, total 0.299 s
dist_mn node 2: 5033164 + 8388601 limbs -> 13421765 (share 4473922): redistribute 0.109 ntt 0.189 crt 0.000 out 0.008 spills+carry 0.000, total 0.299 s
mdev 2^24 (13421765 limbs): repack 0.027 h2d 0.001 fwd 0.004 inv 0.002 d2h 0.032 crt 0.002 total 0.065 s
mdev 2^24 (13421765 limbs): repack 0.023 h2d 0.000 fwd 0.003 inv 0.002 d2h 0.036 crt 0.008 total 0.066 s
mdev 2^24 (13421765 limbs): repack 0.025 h2d 0.000 fwd 0.003 inv 0.002 d2h 0.044 crt 0.002 total 0.074 s
dist_mn node 0: 2^24 = 2^12 x 2^12 over 3 x 4 ranks (general map), 3 primes (rows 341..342; 5033164 + 8388601 limbs at 0, window [0, 1677722) of share [0, 1677722)): redistribute 0.018 ntt 0.228 crt 0.000 out 0.004 spills+carry 0.000 total 0.248 s
dist_mn node 0: 5033164 x 8388601 limbs over 3 x 4 ranks (cap 2^25): 1 x 1 pieces, 1 formed, 0 skipped (low product) (cache 0 slots: 0 hits, 0 misses)
dist_mn node 1: 2^24 = 2^12 x 2^12 over 3 x 4 ranks (general map), 3 primes (rows 341..342; 5033164 + 8388601 limbs at 0, window [1677722, 3355444) of share [1677722, 3355444)): redistribute 0.021 ntt 0.226 crt 0.000 out 0.007 spills+carry 0.000 total 0.253 s
dist_mn node 1: 5033164 x 8388601 limbs over 3 x 4 ranks (cap 2^25): 1 x 1 pieces, 1 formed, 0 skipped (low product) (cache 0 slots: 0 hits, 0 misses)
dist_mn node 2: 2^24 = 2^12 x 2^12 over 3 x 4 ranks (general map), 3 primes (rows 341..342; 5033164 + 8388601 limbs at 0, window [3355444, 5033167) of share [3355444, 5033167)): redistribute 0.013 ntt 0.226 crt 0.000 out 0.006 spills+carry 0.000 total 0.242 s
dist_mn node 2: 5033164 x 8388601 limbs over 3 x 4 ranks (cap 2^25): 1 x 1 pieces, 1 formed, 0 skipped (low product) (cache 0 slots: 0 hits, 0 misses)
dist_mn node 0: 5033164 + 8388601 limbs -> 5033167 (share 1677722): redistribute 0.018 ntt 0.228 crt 0.000 out 0.004 spills+carry 0.000, total 0.249 s
dist_mn node 1: 5033164 + 8388601 limbs -> 5033167 (share 1677722): redistribute 0.021 ntt 0.226 crt 0.000 out 0.007 spills+carry 0.000, total 0.254 s
dist_mn node 2: 5033164 + 8388601 limbs -> 5033167 (share 1677723): redistribute 0.013 ntt 0.226 crt 0.000 out 0.006 spills+carry 0.000, total 0.243 s
dist_mn node 0: 2^25 = 2^12 x 2^13 over 3 x 4 ranks (general map), 3 primes (rows 341..342; 10066329 + 8388608 + x limbs at 0, window [0, 6151646) of share [0, 6151646)): redistribute 0.058 ntt 0.300 crt 0.000 out 0.010 spills+carry 0.001 total 0.387 s
dist_mn node 0: 10066329 x 8388608 limbs over 3 x 4 ranks (cap 2^25): 1 x 1 pieces, 1 formed, 0 skipped (cache 0 slots: 0 hits, 0 misses)
dist_mn node 1: 2^25 = 2^12 x 2^13 over 3 x 4 ranks (general map), 3 primes (rows 341..342; 10066329 + 8388608 + x limbs at 0, window [6151646, 12303292) of share [6151646, 12303292)): redistribute 0.093 ntt 0.302 crt 0.000 out 0.007 spills+carry 0.000 total 0.407 s
dist_mn node 1: 10066329 x 8388608 limbs over 3 x 4 ranks (cap 2^25): 1 x 1 pieces, 1 formed, 0 skipped (cache 0 slots: 0 hits, 0 misses)
dist_mn node 2: 2^25 = 2^12 x 2^13 over 3 x 4 ranks (general map), 3 primes (rows 341..342; 10066329 + 8388608 + x limbs at 0, window [12303292, 18454938) of share [12303292, 18454938)): redistribute 0.078 ntt 0.299 crt 0.000 out 0.012 spills+carry 0.001 total 0.404 s
dist_mn node 2: 10066329 x 8388608 limbs over 3 x 4 ranks (cap 2^25): 1 x 1 pieces, 1 formed, 0 skipped (cache 0 slots: 0 hits, 0 misses)
dist_mn node 0: 10066329 + 8388608 + x limbs -> 18454937 (share 6151646): redistribute 0.058 ntt 0.300 crt 0.000 out 0.010 spills+carry 0.001, total 0.391 s
dist_mn node 2: 10066329 + 8388608 + x limbs -> 18454937 (share 6151646): redistribute 0.078 ntt 0.299 crt 0.000 out 0.012 spills+carry 0.001, total 0.406 s
dist_mn node 1: 10066329 + 8388608 + x limbs -> 18454937 (share 6151646): redistribute 0.093 ntt 0.302 crt 0.000 out 0.007 spills+carry 0.000, total 0.408 s
mdb_add_shifted node 0: 8388605 limbs at 0 into a basis of 18454938 (my window [0, 6151646), 1 rounds of 1537920; slabs 1537911 + 1537911 limbs per APU 0): 0.059 s
mdb_add_shifted node 1: 8388605 limbs at 0 into a basis of 18454938 (my window [6151646, 8388605), 1 rounds of 1537920; slabs 0 + 559239 limbs per APU 0): 0.050 s
mdb_add_shifted node 2: 8388605 limbs at 0 into a basis of 18454938 (my window [12303292, 12303292), 1 rounds of 1537920; slabs 559239 + 0 limbs per APU 0): 0.045 s
mdb_add_shifted node 1: 8388605 limbs at 7 into a basis of 18454938 (my window [6151646, 8388612), 1 rounds of 1537920; slabs 0 + 559241 limbs per APU 0): 0.052 s
mdb_add_shifted node 0: 8388605 limbs at 7 into a basis of 18454938 (my window [7, 6151646), 1 rounds of 1537920; slabs 1537909 + 1537909 limbs per APU 0): 0.030 s
mdb_add_shifted node 2: 8388605 limbs at 7 into a basis of 18454938 (my window [12303292, 12303292), 1 rounds of 1537920; slabs 559241 + 0 limbs per APU 0): 0.070 s
mdb_add_shifted node 0: 8388605 limbs at 5033164 into a basis of 18454938 (my window [5033164, 6151646), 1 rounds of 1537920; slabs 1817531 + 279620 limbs per APU 0): 0.076 s
mdb_add_shifted node 1: 8388605 limbs at 5033164 into a basis of 18454938 (my window [6151646, 12303292), 1 rounds of 1537920; slabs 0 + 1537911 limbs per APU 0): 0.091 s
mdb_add_shifted node 2: 8388605 limbs at 5033164 into a basis of 18454938 (my window [12303292, 13421769), 1 rounds of 1537920; slabs 279619 + 279619 limbs per APU 0): 0.102 s
mdb_add_shifted node 0: 8388605 limbs at 10066329 into a basis of 18454938 (my window [10066329, 10066329), 1 rounds of 1537920; slabs 1118479 + 0 limbs per APU 0): 0.027 s
mdb_add_shifted node 2: 8388605 limbs at 10066329 into a basis of 18454938 (my window [12303292, 18454934), 1 rounds of 1537920; slabs 0 + 1537910 limbs per APU 0): 0.056 s
mdb_add_shifted node 1: 8388605 limbs at 10066329 into a basis of 18454938 (my window [10066329, 12303292), 1 rounds of 1537920; slabs 978671 + 559240 limbs per APU 0): 0.027 s
dist_mn node 0: 2^25 = 2^12 x 2^13 over 3 x 4 ranks (general map), 3 primes (rows 341..342; 10066329 + 8388608 limbs at 0, window [0, 6151645) of share [0, 6151645)): redistribute 0.030 ntt 0.281 crt 0.000 out 0.013 spills+carry 0.003 total 0.314 s
dist_mn node 0: 10066329 x 8388608 limbs over 3 x 4 ranks (cap 2^25): 1 x 1 pieces, 1 formed, 0 skipped (cache 0 slots: 0 hits, 0 misses)
dist_mn node 1: 2^25 = 2^12 x 2^13 over 3 x 4 ranks (general map), 3 primes (rows 341..342; 10066329 + 8388608 limbs at 0, window [6151645, 12303291) of share [6151645, 12303291)): redistribute 0.073 ntt 0.284 crt 0.000 out 0.013 spills+carry 0.003 total 0.355 s
dist_mn node 1: 10066329 x 8388608 limbs over 3 x 4 ranks (cap 2^25): 1 x 1 pieces, 1 formed, 0 skipped (cache 0 slots: 0 hits, 0 misses)
dist_mn node 2: 2^25 = 2^12 x 2^13 over 3 x 4 ranks (general map), 3 primes (rows 341..342; 10066329 + 8388608 limbs at 0, window [12303291, 18454937) of share [12303291, 18454937)): redistribute 0.160 ntt 0.284 crt 0.000 out 0.009 spills+carry 0.003 total 0.456 s
dist_mn node 2: 10066329 x 8388608 limbs over 3 x 4 ranks (cap 2^25): 1 x 1 pieces, 1 formed, 0 skipped (cache 0 slots: 0 hits, 0 misses)
dist_mn node 0: 10066329 + 8388608 limbs -> 18454937 (share 6151645): redistribute 0.030 ntt 0.281 crt 0.000 out 0.013 spills+carry 0.003, total 0.315 s
dist_mn node 1: 10066329 + 8388608 limbs -> 18454937 (share 6151646): redistribute 0.073 ntt 0.284 crt 0.000 out 0.013 spills+carry 0.003, total 0.356 s
dist_mn node 2: 10066329 + 8388608 limbs -> 18454937 (share 6151646): redistribute 0.160 ntt 0.284 crt 0.000 out 0.009 spills+carry 0.003, total 0.457 s
mdev 3*2^23 (18454937 limbs): repack 0.021 h2d 0.000 fwd 0.002 inv 0.001 d2h 0.051 crt 0.009 total 0.077 s
mdev 3*2^23 (18454937 limbs): repack 0.035 h2d 0.001 fwd 0.004 inv 0.001 d2h 0.040 crt 0.030 total 0.081 s
mdev 3*2^23 (18454937 limbs): repack 0.044 h2d 0.001 fwd 0.004 inv 0.002 d2h 0.053 crt 0.036 total 0.119 s
dist_mn node 0: 2^25 = 2^12 x 2^13 over 3 x 4 ranks (general map), 3 primes (rows 341..342; 10066329 + 8388608 + x limbs at 0, window [0, 6151646) of share [0, 6151646)): redistribute 0.101 ntt 0.282 crt 0.000 out 0.009 spills+carry 0.003 total 0.387 s
dist_mn node 0: 10066329 x 8388608 limbs over 3 x 4 ranks (cap 2^25): 1 x 1 pieces, 1 formed, 0 skipped (cache 0 slots: 0 hits, 0 misses)
dist_mn node 1: 2^25 = 2^12 x 2^13 over 3 x 4 ranks (general map), 3 primes (rows 341..342; 10066329 + 8388608 + x limbs at 0, window [6151646, 12303292) of share [6151646, 12303292)): redistribute 0.032 ntt 0.283 crt 0.000 out 0.009 spills+carry 0.003 total 0.318 s
dist_mn node 1: 10066329 x 8388608 limbs over 3 x 4 ranks (cap 2^25): 1 x 1 pieces, 1 formed, 0 skipped (cache 0 slots: 0 hits, 0 misses)
dist_mn node 2: 2^25 = 2^12 x 2^13 over 3 x 4 ranks (general map), 3 primes (rows 341..342; 10066329 + 8388608 + x limbs at 0, window [12303292, 18454938) of share [12303292, 18454938)): redistribute 0.091 ntt 0.284 crt 0.000 out 0.010 spills+carry 0.003 total 0.386 s
dist_mn node 2: 10066329 x 8388608 limbs over 3 x 4 ranks (cap 2^25): 1 x 1 pieces, 1 formed, 0 skipped (cache 0 slots: 0 hits, 0 misses)
dist_mn node 0: 10066329 + 8388608 + x limbs -> 18454937 (share 6151646): redistribute 0.101 ntt 0.282 crt 0.000 out 0.009 spills+carry 0.003, total 0.388 s
dist_mn node 1: 10066329 + 8388608 + x limbs -> 18454937 (share 6151646): redistribute 0.032 ntt 0.283 crt 0.000 out 0.009 spills+carry 0.003, total 0.320 s
dist_mn node 2: 10066329 + 8388608 + x limbs -> 18454937 (share 6151646): redistribute 0.091 ntt 0.284 crt 0.000 out 0.010 spills+carry 0.003, total 0.387 s
dist_mn node 0: 2^25 = 2^12 x 2^13 over 3 x 4 ranks (general map), 3 primes (rows 341..342; 10066329 + 8388608 limbs at 0, window [0, 3355443) of share [0, 3355443)): redistribute 0.027 ntt 0.309 crt 0.000 out 0.008 spills+carry 0.003 total 0.341 s
dist_mn node 0: 10066329 x 8388608 limbs over 3 x 4 ranks (cap 2^25): 1 x 1 pieces, 1 formed, 0 skipped (low product) (cache 0 slots: 0 hits, 0 misses)
dist_mn node 1: 2^25 = 2^12 x 2^13 over 3 x 4 ranks (general map), 3 primes (rows 341..342; 10066329 + 8388608 limbs at 0, window [3355443, 6710887) of share [3355443, 6710887)): redistribute 0.019 ntt 0.313 crt 0.000 out 0.005 spills+carry 0.003 total 0.340 s
dist_mn node 1: 10066329 x 8388608 limbs over 3 x 4 ranks (cap 2^25): 1 x 1 pieces, 1 formed, 0 skipped (low product) (cache 0 slots: 0 hits, 0 misses)
dist_mn node 2: 2^25 = 2^12 x 2^13 over 3 x 4 ranks (general map), 3 primes (rows 341..342; 10066329 + 8388608 limbs at 0, window [6710887, 10066331) of share [6710887, 10066331)): redistribute 0.021 ntt 0.310 crt 0.000 out 0.008 spills+carry 0.003 total 0.340 s
dist_mn node 2: 10066329 x 8388608 limbs over 3 x 4 ranks (cap 2^25): 1 x 1 pieces, 1 formed, 0 skipped (low product) (cache 0 slots: 0 hits, 0 misses)
dist_mn node 0: 10066329 + 8388608 limbs -> 10066331 (share 3355443): redistribute 0.027 ntt 0.309 crt 0.000 out 0.008 spills+carry 0.003, total 0.341 s
dist_mn node 1: 10066329 + 8388608 limbs -> 10066331 (share 3355444): redistribute 0.019 ntt 0.313 crt 0.000 out 0.005 spills+carry 0.003, total 0.341 s
dist_mn node 2: 10066329 + 8388608 limbs -> 10066331 (share 3355444): redistribute 0.021 ntt 0.310 crt 0.000 out 0.008 spills+carry 0.003, total 0.341 s
dist_mn node 0: 2^24 = 2^12 x 2^12 over 3 x 4 ranks (general map), 3 primes (rows 341..342; 5033165 + 5033165 limbs at 0, window [0, 1677721) of share [0, 1677721)): redistribute 0.047 ntt 0.208 crt 0.000 out 0.005 spills+carry 0.003 total 0.297 s
dist_mn node 0: 5033165 x 5033165 limbs over 3 x 4 ranks (cap 2^25): 1 x 1 pieces, 1 formed, 0 skipped (low product) (cache 0 slots: 0 hits, 0 misses)
dist_mn node 1: 2^24 = 2^12 x 2^12 over 3 x 4 ranks (general map), 3 primes (rows 341..342; 5033165 + 5033165 limbs at 0, window [1677721, 3355443) of share [1677721, 3355443)): redistribute 0.063 ntt 0.211 crt 0.000 out 0.004 spills+carry 0.002 total 0.296 s
dist_mn node 1: 5033165 x 5033165 limbs over 3 x 4 ranks (cap 2^25): 1 x 1 pieces, 1 formed, 0 skipped (low product) (cache 0 slots: 0 hits, 0 misses)
dist_mn node 2: 2^24 = 2^12 x 2^12 over 3 x 4 ranks (general map), 3 primes (rows 341..342; 5033165 + 5033165 limbs at 0, window [3355443, 5033165) of share [3355443, 5033165)): redistribute 0.060 ntt 0.199 crt 0.000 out 0.005 spills+carry 0.003 total 0.296 s
dist_mn node 2: 5033165 x 5033165 limbs over 3 x 4 ranks (cap 2^25): 1 x 1 pieces, 1 formed, 0 skipped (low product) (cache 0 slots: 0 hits, 0 misses)
dist_mn node 0: 5033165 + 5033165 limbs -> 1 (share 1677721): redistribute 0.047 ntt 0.208 crt 0.000 out 0.005 spills+carry 0.003, total 0.297 s
dist_mn node 1: 5033165 + 5033165 limbs -> 1 (share 1677722): redistribute 0.063 ntt 0.211 crt 0.000 out 0.004 spills+carry 0.002, total 0.297 s
dist_mn node 2: 5033165 + 5033165 limbs -> 1 (share 1677722): redistribute 0.060 ntt 0.199 crt 0.000 out 0.005 spills+carry 0.003, total 0.297 s
dist_mn node 0: 2^25 = 2^12 x 2^13 over 3 x 4 ranks (general map), 3 primes (rows 341..342; 10066329 + 8388608 limbs at 0, window [0, 6151645) of share [0, 6151645)): redistribute 0.083 ntt 0.276 crt 0.000 out 0.010 spills+carry 0.003 total 0.389 s
dist_mn node 0: 10066329 x 8388608 limbs over 3 x 4 ranks (cap 2^25): 1 x 1 pieces, 1 formed, 0 skipped (low product) (cache 0 slots: 0 hits, 0 misses)
dist_mn node 1: 2^25 = 2^12 x 2^13 over 3 x 4 ranks (general map), 3 primes (rows 341..342; 10066329 + 8388608 limbs at 0, window [6151645, 12303290) of share [6151645, 12303290)): redistribute 0.087 ntt 0.277 crt 0.000 out 0.011 spills+carry 0.003 total 0.389 s
dist_mn node 1: 10066329 x 8388608 limbs over 3 x 4 ranks (cap 2^25): 1 x 1 pieces, 1 formed, 0 skipped (low product) (cache 0 slots: 0 hits, 0 misses)
dist_mn node 2: 2^25 = 2^12 x 2^13 over 3 x 4 ranks (general map), 3 primes (rows 341..342; 10066329 + 8388608 limbs at 0, window [12303290, 18454936) of share [12303290, 18454936)): redistribute 0.029 ntt 0.277 crt 0.000 out 0.011 spills+carry 0.003 total 0.389 s
dist_mn node 2: 10066329 x 8388608 limbs over 3 x 4 ranks (cap 2^25): 1 x 1 pieces, 1 formed, 0 skipped (low product) (cache 0 slots: 0 hits, 0 misses)
dist_mn node 0: 10066329 + 8388608 limbs -> 18454936 (share 6151645): redistribute 0.083 ntt 0.276 crt 0.000 out 0.010 spills+carry 0.003, total 0.389 s
dist_mn node 1: 10066329 + 8388608 limbs -> 18454936 (share 6151645): redistribute 0.087 ntt 0.277 crt 0.000 out 0.011 spills+carry 0.003, total 0.389 s
dist_mn node 2: 10066329 + 8388608 limbs -> 18454936 (share 6151646): redistribute 0.029 ntt 0.277 crt 0.000 out 0.011 spills+carry 0.003, total 0.389 s
dist_mn node 0: 2^25 = 2^12 x 2^13 over 3 x 4 ranks (general map), 3 primes (rows 341..342; 10066329 + 8388608 limbs at 0, window [0, 6151645) of share [0, 6151645)): redistribute 0.031 ntt 0.317 crt 0.001 out 0.013 spills+carry 0.003 total 0.355 s
dist_mn node 0: 10066329 x 8388608 limbs over 3 x 4 ranks (cap 2^25): 1 x 1 pieces, 1 formed, 0 skipped (low cut) (cache 0 slots: 0 hits, 0 misses)
dist_mn node 1: 2^25 = 2^12 x 2^13 over 3 x 4 ranks (general map), 3 primes (rows 341..342; 10066329 + 8388608 limbs at 0, window [6151645, 12303291) of share [6151645, 12303291)): redistribute 0.021 ntt 0.325 crt 0.001 out 0.013 spills+carry 0.003 total 0.355 s
dist_mn node 1: 10066329 x 8388608 limbs over 3 x 4 ranks (cap 2^25): 1 x 1 pieces, 1 formed, 0 skipped (low cut) (cache 0 slots: 0 hits, 0 misses)
dist_mn node 2: 2^25 = 2^12 x 2^13 over 3 x 4 ranks (general map), 3 primes (rows 341..342; 10066329 + 8388608 limbs at 0, window [12303291, 18454937) of share [12303291, 18454937)): redistribute 0.030 ntt 0.323 crt 0.001 out 0.013 spills+carry 0.003 total 0.355 s
dist_mn node 2: 10066329 x 8388608 limbs over 3 x 4 ranks (cap 2^25): 1 x 1 pieces, 1 formed, 0 skipped (low cut) (cache 0 slots: 0 hits, 0 misses)
dist_mn node 0: 10066329 + 8388608 limbs -> 18454937 (share 6151645): redistribute 0.031 ntt 0.317 crt 0.001 out 0.013 spills+carry 0.003, total 0.355 s
dist_mn node 1: 10066329 + 8388608 limbs -> 18454937 (share 6151646): redistribute 0.021 ntt 0.325 crt 0.001 out 0.013 spills+carry 0.003, total 0.355 s
dist_mn node 2: 10066329 + 8388608 limbs -> 18454937 (share 6151646): redistribute 0.030 ntt 0.323 crt 0.001 out 0.013 spills+carry 0.003, total 0.355 s
dist_mn node 0: 2^25 = 2^12 x 2^13 over 3 x 4 ranks (general map), 3 primes (rows 341..342; 10066329 + 8388608 limbs at 0, window [0, 6151645) of share [0, 6151645)): redistribute 0.023 ntt 0.322 crt 0.000 out 0.011 spills+carry 0.003 total 0.352 s
dist_mn node 0: 10066329 x 8388608 limbs over 3 x 4 ranks (cap 2^25): 1 x 1 pieces, 1 formed, 0 skipped (low product) (low cut) (cache 0 slots: 0 hits, 0 misses)
dist_mn node 1: 2^25 = 2^12 x 2^13 over 3 x 4 ranks (general map), 3 primes (rows 341..342; 10066329 + 8388608 limbs at 0, window [6151645, 12303290) of share [6151645, 12303290)): redistribute 0.020 ntt 0.324 crt 0.000 out 0.012 spills+carry 0.003 total 0.352 s
dist_mn node 1: 10066329 x 8388608 limbs over 3 x 4 ranks (cap 2^25): 1 x 1 pieces, 1 formed, 0 skipped (low product) (low cut) (cache 0 slots: 0 hits, 0 misses)
dist_mn node 2: 2^25 = 2^12 x 2^13 over 3 x 4 ranks (general map), 3 primes (rows 341..342; 10066329 + 8388608 limbs at 0, window [12303290, 18454936) of share [12303290, 18454936)): redistribute 0.018 ntt 0.330 crt 0.000 out 0.007 spills+carry 0.003 total 0.352 s
dist_mn node 2: 10066329 x 8388608 limbs over 3 x 4 ranks (cap 2^25): 1 x 1 pieces, 1 formed, 0 skipped (low product) (low cut) (cache 0 slots: 0 hits, 0 misses)
dist_mn node 0: 10066329 + 8388608 limbs -> 18454936 (share 6151645): redistribute 0.023 ntt 0.322 crt 0.000 out 0.011 spills+carry 0.003, total 0.353 s
dist_mn node 2: 10066329 + 8388608 limbs -> 18454936 (share 6151646): redistribute 0.018 ntt 0.330 crt 0.000 out 0.007 spills+carry 0.003, total 0.353 s
dist_mn node 1: 10066329 + 8388608 limbs -> 18454936 (share 6151645): redistribute 0.020 ntt 0.324 crt 0.000 out 0.012 spills+carry 0.003, total 0.353 s
dist_mn node 0: 2^25 = 2^12 x 2^13 over 3 x 4 ranks (general map), 3 primes (rows 341..342; 10066329 + 8388608 limbs at 0, window [0, 6151645) of share [0, 6151645)): redistribute 0.021 ntt 0.311 crt 0.000 out 0.014 spills+carry 0.003 total 0.350 s
dist_mn node 0: 10066329 x 8388608 limbs over 3 x 4 ranks (cap 2^25): 1 x 1 pieces, 1 formed, 0 skipped (low cut) (cache 0 slots: 0 hits, 0 misses)
dist_mn node 1: 2^25 = 2^12 x 2^13 over 3 x 4 ranks (general map), 3 primes (rows 341..342; 10066329 + 8388608 limbs at 0, window [6151645, 12303291) of share [6151645, 12303291)): redistribute 0.020 ntt 0.314 crt 0.000 out 0.016 spills+carry 0.003 total 0.350 s
dist_mn node 1: 10066329 x 8388608 limbs over 3 x 4 ranks (cap 2^25): 1 x 1 pieces, 1 formed, 0 skipped (low cut) (cache 0 slots: 0 hits, 0 misses)
dist_mn node 2: 2^25 = 2^12 x 2^13 over 3 x 4 ranks (general map), 3 primes (rows 341..342; 10066329 + 8388608 limbs at 0, window [12303291, 18454937) of share [12303291, 18454937)): redistribute 0.021 ntt 0.314 crt 0.000 out 0.012 spills+carry 0.003 total 0.350 s
dist_mn node 2: 10066329 x 8388608 limbs over 3 x 4 ranks (cap 2^25): 1 x 1 pieces, 1 formed, 0 skipped (low cut) (cache 0 slots: 0 hits, 0 misses)
dist_mn node 0: 10066329 + 8388608 limbs -> 18454937 (share 6151645): redistribute 0.021 ntt 0.311 crt 0.000 out 0.014 spills+carry 0.003, total 0.350 s
dist_mn node 1: 10066329 + 8388608 limbs -> 18454937 (share 6151646): redistribute 0.020 ntt 0.314 crt 0.000 out 0.016 spills+carry 0.003, total 0.350 s
dist_mn node 2: 10066329 + 8388608 limbs -> 18454937 (share 6151646): redistribute 0.021 ntt 0.314 crt 0.000 out 0.012 spills+carry 0.003, total 0.350 s
dist_mn node 0: 2^25 = 2^12 x 2^13 over 3 x 4 ranks (general map), 3 primes (rows 341..342; 10066329 + 8388608 limbs at 0, window [0, 6151645) of share [0, 6151645)): redistribute 0.030 ntt 0.327 crt 0.000 out 0.012 spills+carry 0.003 total 0.364 s
dist_mn node 0: 10066329 x 8388608 limbs over 3 x 4 ranks (cap 2^25): 1 x 1 pieces, 1 formed, 0 skipped (low product) (low cut) (cache 0 slots: 0 hits, 0 misses)
dist_mn node 1: 2^25 = 2^12 x 2^13 over 3 x 4 ranks (general map), 3 primes (rows 341..342; 10066329 + 8388608 limbs at 0, window [6151645, 12303290) of share [6151645, 12303290)): redistribute 0.026 ntt 0.330 crt 0.000 out 0.011 spills+carry 0.003 total 0.364 s
dist_mn node 1: 10066329 x 8388608 limbs over 3 x 4 ranks (cap 2^25): 1 x 1 pieces, 1 formed, 0 skipped (low product) (low cut) (cache 0 slots: 0 hits, 0 misses)
dist_mn node 2: 2^25 = 2^12 x 2^13 over 3 x 4 ranks (general map), 3 primes (rows 341..342; 10066329 + 8388608 limbs at 0, window [12303290, 18454936) of share [12303290, 18454936)): redistribute 0.033 ntt 0.324 crt 0.000 out 0.013 spills+carry 0.003 total 0.364 s
dist_mn node 2: 10066329 x 8388608 limbs over 3 x 4 ranks (cap 2^25): 1 x 1 pieces, 1 formed, 0 skipped (low product) (low cut) (cache 0 slots: 0 hits, 0 misses)
dist_mn node 0: 10066329 + 8388608 limbs -> 18454936 (share 6151645): redistribute 0.030 ntt 0.327 crt 0.000 out 0.012 spills+carry 0.003, total 0.365 s
dist_mn node 1: 10066329 + 8388608 limbs -> 18454936 (share 6151645): redistribute 0.026 ntt 0.330 crt 0.000 out 0.011 spills+carry 0.003, total 0.365 s
dist_mn node 2: 10066329 + 8388608 limbs -> 18454936 (share 6151646): redistribute 0.033 ntt 0.324 crt 0.000 out 0.013 spills+carry 0.003, total 0.364 s
dist_mn node 2: 10066329 x 8388608 limbs over 3 x 4 ranks (cap 2^25): 1 x 1 pieces, 0 formed, 1 skipped (low cut) (cache 0 slots: 0 hits, 0 misses)
dist_mn node 0: 10066329 x 8388608 limbs over 3 x 4 ranks (cap 2^25): 1 x 1 pieces, 0 formed, 1 skipped (low cut) (cache 0 slots: 0 hits, 0 misses)
dist_mn node 1: 10066329 x 8388608 limbs over 3 x 4 ranks (cap 2^25): 1 x 1 pieces, 0 formed, 1 skipped (low cut) (cache 0 slots: 0 hits, 0 misses)
dist_mn node 2: 10066329 + 8388608 limbs -> 0 (share 6151646): redistribute 0.000 ntt 0.000 crt 0.000 out 0.000 spills+carry 0.000, total 0.001 s
dist_mn node 0: 10066329 + 8388608 limbs -> 0 (share 6151645): redistribute 0.000 ntt 0.000 crt 0.000 out 0.000 spills+carry 0.000, total 0.004 s
dist_mn node 1: 10066329 + 8388608 limbs -> 0 (share 6151646): redistribute 0.000 ntt 0.000 crt 0.000 out 0.000 spills+carry 0.000, total 0.007 s
mdev 3*2^23 (18454937 limbs): repack 0.028 h2d 0.001 fwd 0.003 inv 0.003 d2h 0.027 crt 0.011 total 0.062 s
mdev 3*2^23 (18454937 limbs): repack 0.036 h2d 0.001 fwd 0.004 inv 0.002 d2h 0.048 crt 0.017 total 0.081 s
mdev 3*2^23 (18454937 limbs): repack 0.024 h2d 0.001 fwd 0.003 inv 0.001 d2h 0.044 crt 0.037 total 0.084 s
dist_mn node 0: 10066329 x 8388608 limbs over 3 x 4 ranks (cap 2^25): 1 x 1 pieces, 0 formed, 1 skipped (low product) (low cut) (cache 0 slots: 0 hits, 0 misses)
dist_mn node 2: 10066329 x 8388608 limbs over 3 x 4 ranks (cap 2^25): 1 x 1 pieces, 0 formed, 1 skipped (low product) (low cut) (cache 0 slots: 0 hits, 0 misses)
dist_mn node 1: 10066329 x 8388608 limbs over 3 x 4 ranks (cap 2^25): 1 x 1 pieces, 0 formed, 1 skipped (low product) (low cut) (cache 0 slots: 0 hits, 0 misses)
dist_mn node 0: 10066329 + 8388608 limbs -> 0 (share 6151645): redistribute 0.000 ntt 0.000 crt 0.000 out 0.000 spills+carry 0.000, total 0.001 s
dist_mn node 2: 10066329 + 8388608 limbs -> 0 (share 6151646): redistribute 0.000 ntt 0.000 crt 0.000 out 0.000 spills+carry 0.000, total 0.003 s
dist_mn node 1: 10066329 + 8388608 limbs -> 0 (share 6151645): redistribute 0.000 ntt 0.000 crt 0.000 out 0.000 spills+carry 0.000, total 0.007 s
mdev 3*2^23 (18454937 limbs): repack 0.024 h2d 0.001 fwd 0.002 inv 0.001 d2h 0.034 crt 0.023 total 0.073 s
mdev 3*2^23 (18454937 limbs): repack 0.032 h2d 0.000 fwd 0.002 inv 0.001 d2h 0.032 crt 0.012 total 0.072 s
mdev 3*2^23 (18454937 limbs): repack 0.026 h2d 0.001 fwd 0.002 inv 0.001 d2h 0.035 crt 0.011 total 0.068 s
dist_mn node 0: 2^25 = 2^12 x 2^13 over 3 x 4 ranks (general map), 3 primes (rows 341..342; 10066329 + 8388608 limbs at 0, window [0, 6151645) of share [0, 6151645)): redistribute 0.024 ntt 0.272 crt 0.000 out 0.013 spills+carry 0.003 total 0.302 s [B cached]
dist_mn node 0: 10066329 x 8388608 limbs over 3 x 4 ranks (cap 2^25): 1 x 1 pieces, 1 formed, 0 skipped (cache 2 slots: 0 hits, 1 misses)
dist_mn node 1: 2^25 = 2^12 x 2^13 over 3 x 4 ranks (general map), 3 primes (rows 341..342; 10066329 + 8388608 limbs at 0, window [6151645, 12303291) of share [6151645, 12303291)): redistribute 0.026 ntt 0.264 crt 0.000 out 0.013 spills+carry 0.003 total 0.302 s [B cached]
dist_mn node 1: 10066329 x 8388608 limbs over 3 x 4 ranks (cap 2^25): 1 x 1 pieces, 1 formed, 0 skipped (cache 2 slots: 0 hits, 1 misses)
dist_mn node 2: 2^25 = 2^12 x 2^13 over 3 x 4 ranks (general map), 3 primes (rows 341..342; 10066329 + 8388608 limbs at 0, window [12303291, 18454937) of share [12303291, 18454937)): redistribute 0.027 ntt 0.266 crt 0.000 out 0.010 spills+carry 0.003 total 0.302 s [B cached]
dist_mn node 2: 10066329 x 8388608 limbs over 3 x 4 ranks (cap 2^25): 1 x 1 pieces, 1 formed, 0 skipped (cache 2 slots: 0 hits, 1 misses)
dist_mn node 0: 10066329 + 8388608 limbs -> 18454937 (share 6151645): redistribute 0.024 ntt 0.272 crt 0.000 out 0.013 spills+carry 0.003, total 0.373 s
dist_mn node 1: 10066329 + 8388608 limbs -> 18454937 (share 6151646): redistribute 0.026 ntt 0.264 crt 0.000 out 0.013 spills+carry 0.003, total 0.304 s
dist_mn node 2: 10066329 + 8388608 limbs -> 18454937 (share 6151646): redistribute 0.027 ntt 0.266 crt 0.000 out 0.010 spills+carry 0.003, total 0.342 s
dist_mn node 0: 2^25 = 2^12 x 2^13 over 3 x 4 ranks (general map), 3 primes (rows 341..342; 10066329 + 8388608 limbs at 0, window [0, 6151645) of share [0, 6151645)): redistribute 0.014 ntt 0.177 crt 0.000 out 0.016 spills+carry 0.003 total 0.210 s [B hit]
dist_mn node 0: 10066329 x 8388608 limbs over 3 x 4 ranks (cap 2^25): 1 x 1 pieces, 1 formed, 0 skipped (low product) (cache 0 slots: 1 hits, 1 misses)
dist_mn node 1: 2^25 = 2^12 x 2^13 over 3 x 4 ranks (general map), 3 primes (rows 341..342; 10066329 + 8388608 limbs at 0, window [6151645, 12303290) of share [6151645, 12303290)): redistribute 0.012 ntt 0.179 crt 0.000 out 0.016 spills+carry 0.003 total 0.210 s [B hit]
dist_mn node 1: 10066329 x 8388608 limbs over 3 x 4 ranks (cap 2^25): 1 x 1 pieces, 1 formed, 0 skipped (low product) (cache 0 slots: 1 hits, 1 misses)
dist_mn node 2: 2^25 = 2^12 x 2^13 over 3 x 4 ranks (general map), 3 primes (rows 341..342; 10066329 + 8388608 limbs at 0, window [12303290, 18454936) of share [12303290, 18454936)): redistribute 0.014 ntt 0.183 crt 0.000 out 0.010 spills+carry 0.003 total 0.210 s [B hit]
dist_mn node 2: 10066329 x 8388608 limbs over 3 x 4 ranks (cap 2^25): 1 x 1 pieces, 1 formed, 0 skipped (low product) (cache 0 slots: 1 hits, 1 misses)
dist_mn node 0: 10066329 + 8388608 limbs -> 18454936 (share 6151645): redistribute 0.014 ntt 0.177 crt 0.000 out 0.016 spills+carry 0.003, total 0.211 s
dist_mn node 1: 10066329 + 8388608 limbs -> 18454936 (share 6151645): redistribute 0.012 ntt 0.179 crt 0.000 out 0.016 spills+carry 0.003, total 0.211 s
dist_mn node 2: 10066329 + 8388608 limbs -> 18454936 (share 6151646): redistribute 0.014 ntt 0.183 crt 0.000 out 0.010 spills+carry 0.003, total 0.211 s
dist_mn node 0: 2^24 = 2^12 x 2^12 over 3 x 4 ranks (general map), 3 primes (rows 341..342; 5033164 + 8388601 limbs at 0, window [0, 4473921) of share [0, 4473921)): redistribute 0.027 ntt 0.180 crt 0.000 out 0.009 spills+carry 0.003 total 0.257 s
dist_mn node 0: 5033164 x 8388601 limbs over 3 x 4 ranks (cap 2^25): 1 x 1 pieces, 1 formed, 0 skipped (cache 0 slots: 0 hits, 0 misses)
dist_mn node 1: 2^24 = 2^12 x 2^12 over 3 x 4 ranks (general map), 3 primes (rows 341..342; 5033164 + 8388601 limbs at 0, window [4473921, 8947843) of share [4473921, 8947843)): redistribute 0.030 ntt 0.187 crt 0.000 out 0.009 spills+carry 0.003 total 0.257 s
dist_mn node 1: 5033164 x 8388601 limbs over 3 x 4 ranks (cap 2^25): 1 x 1 pieces, 1 formed, 0 skipped (cache 0 slots: 0 hits, 0 misses)
dist_mn node 2: 2^24 = 2^12 x 2^12 over 3 x 4 ranks (general map), 3 primes (rows 341..342; 5033164 + 8388601 limbs at 0, window [8947843, 13421765) of share [8947843, 13421765)): redistribute 0.054 ntt 0.190 crt 0.000 out 0.006 spills+carry 0.003 total 0.257 s
dist_mn node 2: 5033164 x 8388601 limbs over 3 x 4 ranks (cap 2^25): 1 x 1 pieces, 1 formed, 0 skipped (cache 0 slots: 0 hits, 0 misses)
dist_mn node 0: 5033164 + 8388601 limbs -> 13421765 (share 4473921): redistribute 0.027 ntt 0.180 crt 0.000 out 0.009 spills+carry 0.003, total 0.258 s
dist_mn node 1: 5033164 + 8388601 limbs -> 13421765 (share 4473922): redistribute 0.030 ntt 0.187 crt 0.000 out 0.009 spills+carry 0.003, total 0.258 s
dist_mn node 2: 5033164 + 8388601 limbs -> 13421765 (share 4473922): redistribute 0.054 ntt 0.190 crt 0.000 out 0.006 spills+carry 0.003, total 0.258 s
mdev 2^24 (13421765 limbs): repack 0.037 h2d 0.001 fwd 0.004 inv 0.001 d2h 0.031 crt 0.005 total 0.070 s
mdev 2^24 (13421765 limbs): repack 0.025 h2d 0.000 fwd 0.003 inv 0.002 d2h 0.054 crt 0.010 total 0.086 s
mdev 2^24 (13421765 limbs): repack 0.029 h2d 0.000 fwd 0.003 inv 0.002 d2h 0.060 crt 0.005 total 0.093 s
dist_mn node 0: 2^24 = 2^12 x 2^12 over 3 x 4 ranks (general map), 3 primes (rows 341..342; 5033164 + 8388601 limbs at 0, window [0, 1677722) of share [0, 1677722)): redistribute 0.028 ntt 0.211 crt 0.000 out 0.005 spills+carry 0.003 total 0.243 s
dist_mn node 0: 5033164 x 8388601 limbs over 3 x 4 ranks (cap 2^25): 1 x 1 pieces, 1 formed, 0 skipped (low product) (cache 0 slots: 0 hits, 0 misses)
dist_mn node 1: 2^24 = 2^12 x 2^12 over 3 x 4 ranks (general map), 3 primes (rows 341..342; 5033164 + 8388601 limbs at 0, window [1677722, 3355444) of share [1677722, 3355444)): redistribute 0.013 ntt 0.210 crt 0.000 out 0.007 spills+carry 0.003 total 0.231 s
dist_mn node 1: 5033164 x 8388601 limbs over 3 x 4 ranks (cap 2^25): 1 x 1 pieces, 1 formed, 0 skipped (low product) (cache 0 slots: 0 hits, 0 misses)
dist_mn node 2: 2^24 = 2^12 x 2^12 over 3 x 4 ranks (general map), 3 primes (rows 341..342; 5033164 + 8388601 limbs at 0, window [3355444, 5033167) of share [3355444, 5033167)): redistribute 0.040 ntt 0.211 crt 0.000 out 0.004 spills+carry 0.003 total 0.257 s
dist_mn node 2: 5033164 x 8388601 limbs over 3 x 4 ranks (cap 2^25): 1 x 1 pieces, 1 formed, 0 skipped (low product) (cache 0 slots: 0 hits, 0 misses)
dist_mn node 0: 5033164 + 8388601 limbs -> 5033167 (share 1677722): redistribute 0.028 ntt 0.211 crt 0.000 out 0.005 spills+carry 0.003, total 0.244 s
dist_mn node 1: 5033164 + 8388601 limbs -> 5033167 (share 1677722): redistribute 0.013 ntt 0.210 crt 0.000 out 0.007 spills+carry 0.003, total 0.232 s
dist_mn node 2: 5033164 + 8388601 limbs -> 5033167 (share 1677723): redistribute 0.040 ntt 0.211 crt 0.000 out 0.004 spills+carry 0.003, total 0.258 s
dist_mn node 0: 2^25 = 2^12 x 2^13 over 3 x 4 ranks (general map), 3 primes (rows 341..342; 10066329 + 8388608 + x limbs at 0, window [0, 6151646) of share [0, 6151646)): redistribute 0.034 ntt 0.318 crt 0.000 out 0.015 spills+carry 0.003 total 0.392 s
dist_mn node 0: 10066329 x 8388608 limbs over 3 x 4 ranks (cap 2^25): 1 x 1 pieces, 1 formed, 0 skipped (cache 0 slots: 0 hits, 0 misses)
dist_mn node 1: 2^25 = 2^12 x 2^13 over 3 x 4 ranks (general map), 3 primes (rows 341..342; 10066329 + 8388608 + x limbs at 0, window [6151646, 12303292) of share [6151646, 12303292)): redistribute 0.033 ntt 0.318 crt 0.000 out 0.017 spills+carry 0.003 total 0.390 s
dist_mn node 1: 10066329 x 8388608 limbs over 3 x 4 ranks (cap 2^25): 1 x 1 pieces, 1 formed, 0 skipped (cache 0 slots: 0 hits, 0 misses)
dist_mn node 2: 2^25 = 2^12 x 2^13 over 3 x 4 ranks (general map), 3 primes (rows 341..342; 10066329 + 8388608 + x limbs at 0, window [12303292, 18454938) of share [12303292, 18454938)): redistribute 0.038 ntt 0.317 crt 0.000 out 0.012 spills+carry 0.003 total 0.387 s
dist_mn node 2: 10066329 x 8388608 limbs over 3 x 4 ranks (cap 2^25): 1 x 1 pieces, 1 formed, 0 skipped (cache 0 slots: 0 hits, 0 misses)
dist_mn node 0: 10066329 + 8388608 + x limbs -> 18454937 (share 6151646): redistribute 0.034 ntt 0.318 crt 0.000 out 0.015 spills+carry 0.003, total 0.393 s
dist_mn node 1: 10066329 + 8388608 + x limbs -> 18454937 (share 6151646): redistribute 0.033 ntt 0.318 crt 0.000 out 0.017 spills+carry 0.003, total 0.392 s
dist_mn node 2: 10066329 + 8388608 + x limbs -> 18454937 (share 6151646): redistribute 0.038 ntt 0.317 crt 0.000 out 0.012 spills+carry 0.003, total 0.391 s
mdb_add_shifted node 0: 8388605 limbs at 0 into a basis of 18454938 (my window [0, 6151646), 1 rounds of 1537920; slabs 1537911 + 1537911 limbs per APU 0): 0.094 s
mdb_add_shifted node 2: 8388605 limbs at 0 into a basis of 18454938 (my window [12303292, 12303292), 1 rounds of 1537920; slabs 559239 + 0 limbs per APU 0): 0.066 s
mdb_add_shifted node 1: 8388605 limbs at 0 into a basis of 18454938 (my window [6151646, 8388605), 1 rounds of 1537920; slabs 0 + 559239 limbs per APU 0): 0.028 s
mdb_add_shifted node 0: 8388605 limbs at 7 into a basis of 18454938 (my window [7, 6151646), 1 rounds of 1537920; slabs 1537909 + 1537909 limbs per APU 0): 0.113 s
mdb_add_shifted node 1: 8388605 limbs at 7 into a basis of 18454938 (my window [6151646, 8388612), 1 rounds of 1537920; slabs 0 + 559241 limbs per APU 0): 0.048 s
mdb_add_shifted node 2: 8388605 limbs at 7 into a basis of 18454938 (my window [12303292, 12303292), 1 rounds of 1537920; slabs 559241 + 0 limbs per APU 0): 0.103 s
mdb_add_shifted node 0: 8388605 limbs at 5033164 into a basis of 18454938 (my window [5033164, 6151646), 1 rounds of 1537920; slabs 1817531 + 279620 limbs per APU 0): 0.059 s
mdb_add_shifted node 1: 8388605 limbs at 5033164 into a basis of 18454938 (my window [6151646, 12303292), 1 rounds of 1537920; slabs 0 + 1537911 limbs per APU 0): 0.030 s
mdb_add_shifted node 2: 8388605 limbs at 5033164 into a basis of 18454938 (my window [12303292, 13421769), 1 rounds of 1537920; slabs 279619 + 279619 limbs per APU 0): 0.048 s
mdb_add_shifted node 0: 8388605 limbs at 10066329 into a basis of 18454938 (my window [10066329, 10066329), 1 rounds of 1537920; slabs 1118479 + 0 limbs per APU 0): 0.111 s
mdb_add_shifted node 1: 8388605 limbs at 10066329 into a basis of 18454938 (my window [10066329, 12303292), 1 rounds of 1537920; slabs 978671 + 559240 limbs per APU 0): 0.040 s
mdb_add_shifted node 2: 8388605 limbs at 10066329 into a basis of 18454938 (my window [12303292, 18454934), 1 rounds of 1537920; slabs 0 + 1537910 limbs per APU 0): 0.118 s
dbig pool: APU0 hipMalloc 0.02 GB inside the phase (free 0.05 GB in 12 extents, largest 0.01; live 0.05 GB in 16 blocks)
dbig pool: APU1 hipMalloc 0.02 GB inside the phase (free 0.05 GB in 12 extents, largest 0.01; live 0.05 GB in 17 blocks)
dbig pool: APU2 hipMalloc 0.02 GB inside the phase (free 0.05 GB in 12 extents, largest 0.01; live 0.05 GB in 18 blocks)
dbig pool: APU0 hipMalloc 0.02 GB inside the phase (free 0.05 GB in 12 extents, largest 0.01; live 0.05 GB in 16 blocks)
dbig pool: APU3 hipMalloc 0.02 GB inside the phase (free 0.05 GB in 12 extents, largest 0.01; live 0.05 GB in 19 blocks)
dbig pool: APU1 hipMalloc 0.02 GB inside the phase (free 0.05 GB in 12 extents, largest 0.01; live 0.05 GB in 17 blocks)
dbig pool: APU2 hipMalloc 0.02 GB inside the phase (free 0.05 GB in 12 extents, largest 0.01; live 0.05 GB in 18 blocks)
dbig pool: APU0 hipMalloc 0.02 GB inside the phase (free 0.05 GB in 12 extents, largest 0.01; live 0.05 GB in 16 blocks)
dbig pool: APU3 hipMalloc 0.02 GB inside the phase (free 0.05 GB in 12 extents, largest 0.01; live 0.05 GB in 19 blocks)
dbig pool: APU1 hipMalloc 0.02 GB inside the phase (free 0.05 GB in 12 extents, largest 0.01; live 0.05 GB in 17 blocks)
dbig pool: APU2 hipMalloc 0.02 GB inside the phase (free 0.05 GB in 12 extents, largest 0.01; live 0.05 GB in 18 blocks)
dbig pool: APU3 hipMalloc 0.02 GB inside the phase (free 0.05 GB in 12 extents, largest 0.01; live 0.05 GB in 19 blocks)
dbig pool: APU3 hipMalloc 0.01 GB inside the phase (free 0.05 GB in 10 extents, largest 0.01; live 0.07 GB in 27 blocks)
dbig pool: APU0 hipMalloc 0.01 GB inside the phase (free 0.05 GB in 10 extents, largest 0.01; live 0.07 GB in 28 blocks)
dbig pool: APU0 hipMalloc 0.01 GB inside the phase (free 0.05 GB in 10 extents, largest 0.01; live 0.07 GB in 27 blocks)
dbig pool: APU0 hipMalloc 0.01 GB inside the phase (free 0.05 GB in 10 extents, largest 0.01; live 0.09 GB in 28 blocks)
dbig pool: APU3 hipMalloc 0.01 GB inside the phase (free 0.05 GB in 10 extents, largest 0.01; live 0.09 GB in 28 blocks)
dbig pool: APU3 hipMalloc 0.01 GB inside the phase (free 0.05 GB in 10 extents, largest 0.01; live 0.07 GB in 29 blocks)
dbig pool: APU0 hipMalloc 0.01 GB inside the phase (free 0.05 GB in 10 extents, largest 0.01; live 0.07 GB in 29 blocks)
dbig pool: APU0 hipMalloc 0.01 GB inside the phase (free 0.05 GB in 10 extents, largest 0.01; live 0.09 GB in 30 blocks)
dbig pool: APU3 hipMalloc 0.01 GB inside the phase (free 0.05 GB in 10 extents, largest 0.01; live 0.09 GB in 30 blocks)
dbig pool: APU1 hipMalloc 0.01 GB inside the phase (free 0.05 GB in 10 extents, largest 0.01; live 0.07 GB in 32 blocks)
dbig pool: APU1 hipMalloc 0.01 GB inside the phase (free 0.05 GB in 10 extents, largest 0.01; live 0.07 GB in 32 blocks)
dbig pool: APU0 hipMalloc 0.01 GB inside the phase (free 0.05 GB in 10 extents, largest 0.01; live 0.09 GB in 29 blocks)
dbig pool: APU1 hipMalloc 0.01 GB inside the phase (free 0.05 GB in 10 extents, largest 0.01; live 0.09 GB in 33 blocks)
dbig pool: APU2 hipMalloc 0.01 GB inside the phase (free 0.05 GB in 10 extents, largest 0.01; live 0.07 GB in 30 blocks)
dbig pool: APU2 hipMalloc 0.01 GB inside the phase (free 0.05 GB in 10 extents, largest 0.01; live 0.09 GB in 31 blocks)
dbig pool: APU1 hipMalloc 0.01 GB inside the phase (free 0.05 GB in 10 extents, largest 0.01; live 0.07 GB in 32 blocks)
dbig pool: APU2 hipMalloc 0.01 GB inside the phase (free 0.05 GB in 10 extents, largest 0.01; live 0.07 GB in 34 blocks)
dbig pool: APU2 hipMalloc 0.01 GB inside the phase (free 0.05 GB in 10 extents, largest 0.01; live 0.09 GB in 35 blocks)
dbig pool: APU1 hipMalloc 0.01 GB inside the phase (free 0.05 GB in 10 extents, largest 0.01; live 0.09 GB in 33 blocks)
dbig pool: APU3 hipMalloc 0.01 GB inside the phase (free 0.05 GB in 10 extents, largest 0.01; live 0.07 GB in 34 blocks)
dbig pool: APU3 hipMalloc 0.01 GB inside the phase (free 0.05 GB in 10 extents, largest 0.01; live 0.09 GB in 35 blocks)
dbig pool: APU1 hipMalloc 0.01 GB inside the phase (free 0.05 GB in 10 extents, largest 0.01; live 0.09 GB in 33 blocks)
dbig pool: APU2 hipMalloc 0.01 GB inside the phase (free 0.05 GB in 10 extents, largest 0.01; live 0.07 GB in 34 blocks)
dbig pool: APU2 hipMalloc 0.01 GB inside the phase (free 0.05 GB in 10 extents, largest 0.01; live 0.09 GB in 35 blocks)
dbig pool: APU2 hipMalloc 0.02 GB inside the phase (free 0.08 GB in 12 extents, largest 0.01; live 0.07 GB in 30 blocks)
dbig pool: APU2 hipMalloc 0.02 GB inside the phase (free 0.08 GB in 12 extents, largest 0.01; live 0.07 GB in 31 blocks)
dbig pool: APU0 hipMalloc 0.02 GB inside the phase (free 0.08 GB in 12 extents, largest 0.01; live 0.07 GB in 31 blocks)
dbig pool: APU0 hipMalloc 0.02 GB inside the phase (free 0.08 GB in 12 extents, largest 0.01; live 0.07 GB in 30 blocks)
dbig pool: APU1 hipMalloc 0.02 GB inside the phase (free 0.08 GB in 12 extents, largest 0.01; live 0.07 GB in 31 blocks)
dbig pool: APU1 hipMalloc 0.02 GB inside the phase (free 0.08 GB in 12 extents, largest 0.01; live 0.07 GB in 30 blocks)
dbig pool: APU3 hipMalloc 0.02 GB inside the phase (free 0.08 GB in 12 extents, largest 0.01; live 0.07 GB in 31 blocks)
dbig pool: APU3 hipMalloc 0.02 GB inside the phase (free 0.08 GB in 12 extents, largest 0.01; live 0.07 GB in 31 blocks)
dist_mn node 0: 2^25 = 2^12 x 2^13 over 3 x 4 ranks (general map), 3 primes (rows 341..342; 20132659 + 8388608 limbs at 0, window [0, 12303291) of share [0, 12303291)): redistribute 0.156 ntt 0.312 crt 0.001 out 0.083 spills+carry 0.005 total 0.552 s [A cached] [B cached]
dist_mn node 1: 2^25 = 2^12 x 2^13 over 3 x 4 ranks (general map), 3 primes (rows 341..342; 20132659 + 8388608 limbs at 0, window [12303291, 24606583) of share [12303291, 24606583)): redistribute 0.157 ntt 0.307 crt 0.004 out 0.085 spills+carry 0.005 total 0.551 s [A cached] [B cached]
dist_mn node 2: 2^25 = 2^12 x 2^13 over 3 x 4 ranks (general map), 3 primes (rows 341..342; 20132659 + 8388608 limbs at 0, window [24606583, 28521267) of share [24606583, 36909875)): redistribute 0.156 ntt 0.312 crt 0.000 out 0.133 spills+carry 0.005 total 0.552 s [A cached] [B cached]
dbig pool: APU0 hipMalloc 0.02 GB inside the phase (free 0.08 GB in 14 extents, largest 0.01; live 0.07 GB in 20 blocks)
dbig pool: APU1 hipMalloc 0.02 GB inside the phase (free 0.08 GB in 14 extents, largest 0.01; live 0.07 GB in 21 blocks)
dbig pool: APU2 hipMalloc 0.02 GB inside the phase (free 0.08 GB in 14 extents, largest 0.01; live 0.07 GB in 22 blocks)
dbig pool: APU3 hipMalloc 0.02 GB inside the phase (free 0.08 GB in 14 extents, largest 0.01; live 0.07 GB in 23 blocks)
dbig pool: APU2 hipMalloc 0.02 GB inside the phase (free 0.08 GB in 12 extents, largest 0.01; live 0.10 GB in 34 blocks)
dbig pool: APU2 hipMalloc 0.02 GB inside the phase (free 0.08 GB in 12 extents, largest 0.01; live 0.10 GB in 34 blocks)
dbig pool: APU1 hipMalloc 0.02 GB inside the phase (free 0.08 GB in 12 extents, largest 0.01; live 0.10 GB in 35 blocks)
dbig pool: APU1 hipMalloc 0.02 GB inside the phase (free 0.08 GB in 12 extents, largest 0.01; live 0.10 GB in 35 blocks)
dbig pool: APU0 hipMalloc 0.02 GB inside the phase (free 0.08 GB in 13 extents, largest 0.01; live 0.10 GB in 35 blocks)
dbig pool: APU3 hipMalloc 0.02 GB inside the phase (free 0.08 GB in 13 extents, largest 0.01; live 0.10 GB in 35 blocks)
dbig pool: APU0 hipMalloc 0.02 GB inside the phase (free 0.08 GB in 12 extents, largest 0.01; live 0.10 GB in 34 blocks)
dbig pool: APU3 hipMalloc 0.02 GB inside the phase (free 0.08 GB in 12 extents, largest 0.01; live 0.10 GB in 35 blocks)
dist_mn node 0: 2^25 = 2^12 x 2^13 over 3 x 4 ranks (general map), 3 primes (rows 341..342; 20132659 + 8388608 limbs at 8388608, window [0, 3914683) of share [0, 12303291), accumulated): redistribute 0.015 ntt 0.182 crt 0.000 out 0.091 spills+carry 0.007 total 0.295 s [A hit] [B cached]
dist_mn node 0: 20132659 x 16777216 limbs over 3 x 4 ranks (cap 2^25): 1 x 2 pieces, 2 formed, 0 skipped (cache 2 slots: 1 hits, 3 misses)
dist_mn node 1: 2^25 = 2^12 x 2^13 over 3 x 4 ranks (general map), 3 primes (rows 341..342; 20132659 + 8388608 limbs at 8388608, window [3914683, 16217975) of share [12303291, 24606583), accumulated): redistribute 0.015 ntt 0.181 crt 0.000 out 0.089 spills+carry 0.007 total 0.295 s [A hit] [B cached]
dist_mn node 1: 20132659 x 16777216 limbs over 3 x 4 ranks (cap 2^25): 1 x 2 pieces, 2 formed, 0 skipped (cache 2 slots: 1 hits, 3 misses)
dist_mn node 1: 20132659 + 16777216 limbs -> 36909875 (share 12303292): redistribute 0.172 ntt 0.488 crt 0.004 out 0.174 spills+carry 0.012, total 0.899 s
dist_mn node 2: 2^25 = 2^12 x 2^13 over 3 x 4 ranks (general map), 3 primes (rows 341..342; 20132659 + 8388608 limbs at 8388608, window [16217975, 28521267) of share [24606583, 36909875), accumulated): redistribute 0.006 ntt 0.194 crt 0.002 out 0.058 spills+carry 0.007 total 0.295 s [A hit] [B cached]
dist_mn node 2: 20132659 x 16777216 limbs over 3 x 4 ranks (cap 2^25): 1 x 2 pieces, 2 formed, 0 skipped (cache 2 slots: 1 hits, 3 misses)
dist_mn node 2: 20132659 + 16777216 limbs -> 36909875 (share 12303292): redistribute 0.162 ntt 0.506 crt 0.002 out 0.191 spills+carry 0.012, total 0.869 s
dist_mn node 0: 20132659 + 16777216 limbs -> 36909875 (share 12303291): redistribute 0.171 ntt 0.494 crt 0.001 out 0.174 spills+carry 0.012, total 0.908 s
mdev 3*2^24 (36909875 limbs): repack 0.054 h2d 0.001 fwd 0.017 inv 0.007 d2h 0.040 crt 0.023 total 0.118 s
mdev 3*2^24 (36909875 limbs): repack 0.048 h2d 0.002 fwd 0.016 inv 0.007 d2h 0.055 crt 0.007 total 0.124 s
   2 pieces 20132659 x 16777216: 1.07 s
mdev 3*2^24 (36909875 limbs): repack 0.050 h2d 0.001 fwd 0.015 inv 0.005 d2h 0.114 crt 0.018 total 0.193 s
dbig pool: APU0 hipMalloc 0.02 GB inside the phase (free 0.09 GB in 14 extents, largest 0.01; live 0.09 GB in 30 blocks)
dbig pool: APU2 hipMalloc 0.02 GB inside the phase (free 0.09 GB in 13 extents, largest 0.01; live 0.09 GB in 31 blocks)
dbig pool: APU1 hipMalloc 0.02 GB inside the phase (free 0.09 GB in 14 extents, largest 0.01; live 0.09 GB in 31 blocks)
dbig pool: APU3 hipMalloc 0.02 GB inside the phase (free 0.09 GB in 13 extents, largest 0.01; live 0.09 GB in 33 blocks)
dist_mn node 0: 2^25 = 2^12 x 2^13 over 3 x 4 ranks (general map), 3 primes (rows 341..342; 20132659 + 8388608 limbs at 0, window [0, 12303292) of share [0, 12303292)): redistribute 0.029 ntt 0.255 crt 0.003 out 0.038 spills+carry 0.001 total 0.305 s [A cached] [B cached]
dist_mn node 1: 2^25 = 2^12 x 2^13 over 3 x 4 ranks (general map), 3 primes (rows 341..342; 20132659 + 8388608 limbs at 0, window [12303292, 24606584) of share [12303292, 24606584)): redistribute 0.030 ntt 0.247 crt 0.003 out 0.039 spills+carry 0.001 total 0.304 s [A cached] [B cached]
dist_mn node 2: 2^25 = 2^12 x 2^13 over 3 x 4 ranks (general map), 3 primes (rows 341..342; 20132659 + 8388608 limbs at 0, window [24606584, 28521267) of share [24606584, 36909876)): redistribute 0.024 ntt 0.245 crt 0.000 out 0.041 spills+carry 0.001 total 0.304 s [A cached] [B cached]
dbig pool: APU2 hipMalloc 0.02 GB inside the phase (free 0.09 GB in 14 extents, largest 0.01; live 0.11 GB in 33 blocks)
dbig pool: APU1 hipMalloc 0.02 GB inside the phase (free 0.09 GB in 13 extents, largest 0.01; live 0.11 GB in 35 blocks)
dbig pool: APU0 hipMalloc 0.02 GB inside the phase (free 0.09 GB in 13 extents, largest 0.01; live 0.11 GB in 34 blocks)
dbig pool: APU2 hipMalloc 0.02 GB inside the phase (free 0.09 GB in 13 extents, largest 0.01; live 0.11 GB in 35 blocks)
dbig pool: APU1 hipMalloc 0.02 GB inside the phase (free 0.09 GB in 13 extents, largest 0.01; live 0.11 GB in 35 blocks)
dbig pool: APU0 hipMalloc 0.02 GB inside the phase (free 0.09 GB in 15 extents, largest 0.01; live 0.11 GB in 35 blocks)
dbig pool: APU3 hipMalloc 0.02 GB inside the phase (free 0.09 GB in 14 extents, largest 0.01; live 0.11 GB in 37 blocks)
dbig pool: APU3 hipMalloc 0.02 GB inside the phase (free 0.09 GB in 15 extents, largest 0.01; live 0.11 GB in 35 blocks)
dist_mn node 0: 2^25 = 2^12 x 2^13 over 3 x 4 ranks (general map), 3 primes (rows 341..342; 20132659 + 8388608 limbs at 8388608, window [0, 3914684) of share [0, 12303292), accumulated): redistribute 0.005 ntt 0.173 crt 0.000 out 0.017 spills+carry 0.004 total 0.199 s [A hit] [B cached]
dist_mn node 1: 2^25 = 2^12 x 2^13 over 3 x 4 ranks (general map), 3 primes (rows 341..342; 20132659 + 8388608 limbs at 8388608, window [3914684, 16217976) of share [12303292, 24606584), accumulated): redistribute 0.008 ntt 0.174 crt 0.001 out 0.013 spills+carry 0.003 total 0.199 s [A hit] [B cached]
dist_mn node 2: 2^25 = 2^12 x 2^13 over 3 x 4 ranks (general map), 3 primes (rows 341..342; 20132659 + 8388608 limbs at 8388608, window [16217976, 28521267) of share [24606584, 36909876), accumulated): redistribute 0.008 ntt 0.173 crt 0.000 out 0.013 spills+carry 0.004 total 0.199 s [A hit] [B cached]
dbig pool: APU0 hipMalloc 0.02 GB inside the phase (free 0.09 GB in 17 extents, largest 0.01; live 0.11 GB in 24 blocks)
dbig pool: APU0 hipMalloc 0.02 GB inside the phase (free 0.09 GB in 17 extents, largest 0.01; live 0.13 GB in 25 blocks)
dbig pool: APU2 hipMalloc 0.02 GB inside the phase (free 0.09 GB in 14 extents, largest 0.01; live 0.11 GB in 28 blocks)
dbig pool: APU3 hipMalloc 0.02 GB inside the phase (free 0.09 GB in 14 extents, largest 0.01; live 0.11 GB in 31 blocks)
dbig pool: APU1 hipMalloc 0.02 GB inside the phase (free 0.09 GB in 17 extents, largest 0.01; live 0.11 GB in 30 blocks)
dbig pool: APU1 hipMalloc 0.02 GB inside the phase (free 0.09 GB in 17 extents, largest 0.01; live 0.13 GB in 31 blocks)
mdb_add_shifted node 0: 16777213 limbs at 0 into a basis of 36909876 (my window [0, 12303292), 1 rounds of 3075824; slabs 3075823 + 3075823 limbs per APU 0): 0.058 s
dist_mn node 0: 20132659 x 16777216 limbs over 3 x 4 ranks (cap 2^25): 1 x 2 pieces, 2 formed, 0 skipped (cache 2 slots: 2 hits, 6 misses)
mdb_add_shifted node 1: 16777213 limbs at 0 into a basis of 36909876 (my window [12303292, 16777213), 1 rounds of 3075824; slabs 0 + 1118480 limbs per APU 0): 0.058 s
dist_mn node 1: 20132659 x 16777216 limbs over 3 x 4 ranks (cap 2^25): 1 x 2 pieces, 2 formed, 0 skipped (cache 2 slots: 2 hits, 6 misses)
mdb_add_shifted node 2: 16777213 limbs at 0 into a basis of 36909876 (my window [24606584, 24606584), 1 rounds of 3075824; slabs 1118480 + 0 limbs per APU 0): 0.058 s
dist_mn node 2: 20132659 x 16777216 limbs over 3 x 4 ranks (cap 2^25): 1 x 2 pieces, 2 formed, 0 skipped (cache 2 slots: 2 hits, 6 misses)
dist_mn node 0: 20132659 + 16777216 + x limbs -> 36909875 (share 12303292): redistribute 0.035 ntt 0.428 crt 0.003 out 0.055 spills+carry 0.005, total 0.680 s
dist_mn node 1: 20132659 + 16777216 + x limbs -> 36909875 (share 12303292): redistribute 0.037 ntt 0.421 crt 0.003 out 0.051 spills+carry 0.004, total 0.676 s
dist_mn node 2: 20132659 + 16777216 + x limbs -> 36909875 (share 12303292): redistribute 0.031 ntt 0.418 crt 0.001 out 0.054 spills+carry 0.005, total 0.569 s
dist_mn node 0: 2^25 = 2^12 x 2^13 over 3 x 4 ranks (general map), 3 primes (rows 341..342; 20132659 + 8388608 limbs at 0, window [0, 6710887) of share [0, 6710887)): redistribute 0.028 ntt 0.303 crt 0.000 out 0.009 spills+carry 0.001 total 0.337 s [A cached] [B cached]
dist_mn node 1: 2^25 = 2^12 x 2^13 over 3 x 4 ranks (general map), 3 primes (rows 341..342; 20132659 + 8388608 limbs at 0, window [6710887, 13421774) of share [6710887, 13421774)): redistribute 0.034 ntt 0.300 crt 0.000 out 0.014 spills+carry 0.001 total 0.338 s [A cached] [B cached]
dist_mn node 2: 2^25 = 2^12 x 2^13 over 3 x 4 ranks (general map), 3 primes (rows 341..342; 20132659 + 8388608 limbs at 0, window [13421774, 20132661) of share [13421774, 20132661)): redistribute 0.032 ntt 0.301 crt 0.000 out 0.013 spills+carry 0.001 total 0.338 s [A cached] [B cached]
dist_mn node 0: 2^25 = 2^12 x 2^13 over 3 x 4 ranks (general map), 3 primes (rows 341..342; 20132659 + 8388608 limbs at 8388608, window [0, 0) of share [0, 6710887), accumulated): redistribute 0.007 ntt 0.154 crt 0.000 out 0.009 spills+carry 0.003 total 0.174 s [A hit] [B cached]
dist_mn node 0: 20132659 x 16777216 limbs over 3 x 4 ranks (cap 2^25): 1 x 2 pieces, 2 formed, 0 skipped (low product) (cache 2 slots: 3 hits, 9 misses)
dist_mn node 1: 2^25 = 2^12 x 2^13 over 3 x 4 ranks (general map), 3 primes (rows 341..342; 20132659 + 8388608 limbs at 8388608, window [0, 5033166) of share [6710887, 13421774), accumulated): redistribute 0.005 ntt 0.156 crt 0.000 out 0.010 spills+carry 0.003 total 0.174 s [A hit] [B cached]
dist_mn node 1: 20132659 x 16777216 limbs over 3 x 4 ranks (cap 2^25): 1 x 2 pieces, 2 formed, 0 skipped (low product) (cache 2 slots: 3 hits, 9 misses)
dist_mn node 2: 2^25 = 2^12 x 2^13 over 3 x 4 ranks (general map), 3 primes (rows 341..342; 20132659 + 8388608 limbs at 8388608, window [5033166, 11744053) of share [13421774, 20132661), accumulated): redistribute 0.007 ntt 0.150 crt 0.000 out 0.013 spills+carry 0.003 total 0.174 s [A hit] [B cached]
dist_mn node 2: 20132659 x 16777216 limbs over 3 x 4 ranks (cap 2^25): 1 x 2 pieces, 2 formed, 0 skipped (low product) (cache 2 slots: 3 hits, 9 misses)
dist_mn node 1: 20132659 + 16777216 limbs -> 20132661 (share 6710887): redistribute 0.039 ntt 0.456 crt 0.001 out 0.023 spills+carry 0.003, total 0.514 s
dist_mn node 2: 20132659 + 16777216 limbs -> 20132661 (share 6710887): redistribute 0.039 ntt 0.451 crt 0.001 out 0.026 spills+carry 0.004, total 0.515 s
dist_mn node 0: 20132659 + 16777216 limbs -> 20132661 (share 6710887): redistribute 0.036 ntt 0.457 crt 0.001 out 0.018 spills+carry 0.004, total 0.514 s
dist_mn node 0: 2^25 = 2^12 x 2^13 over 3 x 4 ranks (general map), 3 primes (rows 341..342; 10066330 + 10066330 limbs at 0, window [0, 3355443) of share [0, 3355443)): redistribute 0.027 ntt 0.310 crt 0.000 out 0.009 spills+carry 0.000 total 0.344 s
dist_mn node 0: 10066330 x 10066330 limbs over 3 x 4 ranks (cap 2^25): 1 x 1 pieces, 1 formed, 0 skipped (low product) (cache 0 slots: 3 hits, 9 misses)
dist_mn node 1: 2^25 = 2^12 x 2^13 over 3 x 4 ranks (general map), 3 primes (rows 341..342; 10066330 + 10066330 limbs at 0, window [3355443, 6710886) of share [3355443, 6710886)): redistribute 0.032 ntt 0.316 crt 0.000 out 0.009 spills+carry 0.000 total 0.343 s
dist_mn node 1: 10066330 x 10066330 limbs over 3 x 4 ranks (cap 2^25): 1 x 1 pieces, 1 formed, 0 skipped (low product) (cache 0 slots: 3 hits, 9 misses)
dist_mn node 2: 2^25 = 2^12 x 2^13 over 3 x 4 ranks (general map), 3 primes (rows 341..342; 10066330 + 10066330 limbs at 0, window [6710886, 10066330) of share [6710886, 10066330)): redistribute 0.036 ntt 0.313 crt 0.000 out 0.009 spills+carry 0.000 total 0.342 s
dist_mn node 2: 10066330 x 10066330 limbs over 3 x 4 ranks (cap 2^25): 1 x 1 pieces, 1 formed, 0 skipped (low product) (cache 0 slots: 3 hits, 9 misses)
dist_mn node 0: 10066330 + 10066330 limbs -> 10066330 (share 3355443): redistribute 0.027 ntt 0.310 crt 0.000 out 0.009 spills+carry 0.000, total 0.345 s
dist_mn node 1: 10066330 + 10066330 limbs -> 10066330 (share 3355443): redistribute 0.032 ntt 0.316 crt 0.000 out 0.009 spills+carry 0.000, total 0.345 s
dist_mn node 2: 10066330 + 10066330 limbs -> 10066330 (share 3355444): redistribute 0.036 ntt 0.313 crt 0.000 out 0.009 spills+carry 0.000, total 0.345 s
dist_mn node 0: 2^25 = 2^12 x 2^13 over 3 x 4 ranks (general map), 3 primes (rows 341..342; 20132659 + 8388608 limbs at 0, window [0, 12303291) of share [0, 12303291)): redistribute 0.034 ntt 0.320 crt 0.000 out 0.020 spills+carry 0.001 total 0.369 s [A cached] [B cached]
dist_mn node 1: 2^25 = 2^12 x 2^13 over 3 x 4 ranks (general map), 3 primes (rows 341..342; 20132659 + 8388608 limbs at 0, window [12303291, 24606582) of share [12303291, 24606582)): redistribute 0.032 ntt 0.320 crt 0.000 out 0.022 spills+carry 0.001 total 0.369 s [A cached] [B cached]
dist_mn node 2: 2^25 = 2^12 x 2^13 over 3 x 4 ranks (general map), 3 primes (rows 341..342; 20132659 + 8388608 limbs at 0, window [24606582, 28521267) of share [24606582, 36909874)): redistribute 0.039 ntt 0.322 crt 0.000 out 0.017 spills+carry 0.001 total 0.369 s [A cached] [B cached]
dist_mn node 0: 2^25 = 2^12 x 2^13 over 3 x 4 ranks (general map), 3 primes (rows 341..342; 20132659 + 8388608 limbs at 8388608, window [0, 3914683) of share [0, 12303291), accumulated): redistribute 0.006 ntt 0.160 crt 0.000 out 0.033 spills+carry 0.004 total 0.197 s [A hit] [B cached]
dist_mn node 0: 20132659 x 16777216 limbs over 3 x 4 ranks (cap 2^25): 1 x 2 pieces, 2 formed, 0 skipped (low product) (cache 2 slots: 4 hits, 12 misses)
dist_mn node 1: 2^25 = 2^12 x 2^13 over 3 x 4 ranks (general map), 3 primes (rows 341..342; 20132659 + 8388608 limbs at 8388608, window [3914683, 16217974) of share [12303291, 24606582), accumulated): redistribute 0.006 ntt 0.160 crt 0.000 out 0.032 spills+carry 0.003 total 0.197 s [A hit] [B cached]
dist_mn node 1: 20132659 x 16777216 limbs over 3 x 4 ranks (cap 2^25): 1 x 2 pieces, 2 formed, 0 skipped (low product) (cache 2 slots: 4 hits, 12 misses)
dist_mn node 2: 2^25 = 2^12 x 2^13 over 3 x 4 ranks (general map), 3 primes (rows 341..342; 20132659 + 8388608 limbs at 8388608, window [16217974, 28521266) of share [24606582, 36909874), accumulated): redistribute 0.007 ntt 0.161 crt 0.006 out 0.033 spills+carry 0.004 total 0.197 s [A hit] [B cached]
dist_mn node 2: 20132659 x 16777216 limbs over 3 x 4 ranks (cap 2^25): 1 x 2 pieces, 2 formed, 0 skipped (low product) (cache 2 slots: 4 hits, 12 misses)
dist_mn node 0: 20132659 + 16777216 limbs -> 36909874 (share 12303291): redistribute 0.041 ntt 0.479 crt 0.001 out 0.053 spills+carry 0.004, total 0.567 s
dist_mn node 1: 20132659 + 16777216 limbs -> 36909874 (share 12303291): redistribute 0.037 ntt 0.481 crt 0.001 out 0.054 spills+carry 0.004, total 0.567 s
dist_mn node 2: 20132659 + 16777216 limbs -> 36909874 (share 12303292): redistribute 0.046 ntt 0.483 crt 0.006 out 0.050 spills+carry 0.004, total 0.567 s
dist_mn node 0: 2^25 = 2^12 x 2^13 over 3 x 4 ranks (general map), 3 primes (rows 341..342; 20132659 + 8388608 limbs at 0, window [0, 12303291) of share [0, 12303291)): redistribute 0.032 ntt 0.330 crt 0.000 out 0.021 spills+carry 0.001 total 0.374 s [A cached] [B cached]
dist_mn node 1: 2^25 = 2^12 x 2^13 over 3 x 4 ranks (general map), 3 primes (rows 341..342; 20132659 + 8388608 limbs at 0, window [12303291, 24606583) of share [12303291, 24606583)): redistribute 0.030 ntt 0.326 crt 0.000 out 0.017 spills+carry 0.000 total 0.374 s [A cached] [B cached]
dist_mn node 2: 2^25 = 2^12 x 2^13 over 3 x 4 ranks (general map), 3 primes (rows 341..342; 20132659 + 8388608 limbs at 0, window [24606583, 28521267) of share [24606583, 36909875)): redistribute 0.034 ntt 0.329 crt 0.000 out 0.022 spills+carry 0.001 total 0.374 s [A cached] [B cached]
dist_mn node 0: 2^25 = 2^12 x 2^13 over 3 x 4 ranks (general map), 3 primes (rows 341..342; 20132659 + 8388608 limbs at 8388608, window [0, 3914683) of share [0, 12303291), accumulated): redistribute 0.006 ntt 0.166 crt 0.000 out 0.013 spills+carry 0.004 total 0.189 s [A hit] [B cached]
dist_mn node 0: 20132659 x 16777216 limbs over 3 x 4 ranks (cap 2^25): 1 x 2 pieces, 2 formed, 0 skipped (low cut) (cache 2 slots: 5 hits, 15 misses)
dist_mn node 1: 2^25 = 2^12 x 2^13 over 3 x 4 ranks (general map), 3 primes (rows 341..342; 20132659 + 8388608 limbs at 8388608, window [3914683, 16217975) of share [12303291, 24606583), accumulated): redistribute 0.006 ntt 0.167 crt 0.000 out 0.011 spills+carry 0.004 total 0.189 s [A hit] [B cached]
dist_mn node 1: 20132659 x 16777216 limbs over 3 x 4 ranks (cap 2^25): 1 x 2 pieces, 2 formed, 0 skipped (low cut) (cache 2 slots: 5 hits, 15 misses)
dist_mn node 2: 2^25 = 2^12 x 2^13 over 3 x 4 ranks (general map), 3 primes (rows 341..342; 20132659 + 8388608 limbs at 8388608, window [16217975, 28521267) of share [24606583, 36909875), accumulated): redistribute 0.007 ntt 0.165 crt 0.000 out 0.013 spills+carry 0.004 total 0.189 s [A hit] [B cached]
dist_mn node 2: 20132659 x 16777216 limbs over 3 x 4 ranks (cap 2^25): 1 x 2 pieces, 2 formed, 0 skipped (low cut) (cache 2 slots: 5 hits, 15 misses)
dist_mn node 0: 20132659 + 16777216 limbs -> 36909875 (share 12303291): redistribute 0.038 ntt 0.496 crt 0.001 out 0.034 spills+carry 0.005, total 0.564 s
dist_mn node 1: 20132659 + 16777216 limbs -> 36909875 (share 12303292): redistribute 0.037 ntt 0.494 crt 0.001 out 0.028 spills+carry 0.004, total 0.564 s
dist_mn node 2: 20132659 + 16777216 limbs -> 36909875 (share 12303292): redistribute 0.041 ntt 0.493 crt 0.001 out 0.035 spills+carry 0.005, total 0.564 s
dist_mn node 0: 2^25 = 2^12 x 2^13 over 3 x 4 ranks (general map), 3 primes (rows 341..342; 20132659 + 8388608 limbs at 0, window [0, 12303291) of share [0, 12303291)): redistribute 0.027 ntt 0.255 crt 0.000 out 0.017 spills+carry 0.001 total 0.295 s [A cached] [B cached]
dist_mn node 1: 2^25 = 2^12 x 2^13 over 3 x 4 ranks (general map), 3 primes (rows 341..342; 20132659 + 8388608 limbs at 0, window [12303291, 24606582) of share [12303291, 24606582)): redistribute 0.025 ntt 0.252 crt 0.000 out 0.017 spills+carry 0.001 total 0.294 s [A cached] [B cached]
dist_mn node 2: 2^25 = 2^12 x 2^13 over 3 x 4 ranks (general map), 3 primes (rows 341..342; 20132659 + 8388608 limbs at 0, window [24606582, 28521267) of share [24606582, 36909874)): redistribute 0.026 ntt 0.249 crt 0.000 out 0.018 spills+carry 0.001 total 0.294 s [A cached] [B cached]
dist_mn node 0: 2^25 = 2^12 x 2^13 over 3 x 4 ranks (general map), 3 primes (rows 341..342; 20132659 + 8388608 limbs at 8388608, window [0, 3914683) of share [0, 12303291), accumulated): redistribute 0.006 ntt 0.162 crt 0.001 out 0.012 spills+carry 0.004 total 0.184 s [A hit] [B cached]
dist_mn node 0: 20132659 x 16777216 limbs over 3 x 4 ranks (cap 2^25): 1 x 2 pieces, 2 formed, 0 skipped (low product) (low cut) (cache 2 slots: 6 hits, 18 misses)
dist_mn node 1: 2^25 = 2^12 x 2^13 over 3 x 4 ranks (general map), 3 primes (rows 341..342; 20132659 + 8388608 limbs at 8388608, window [3914683, 16217974) of share [12303291, 24606582), accumulated): redistribute 0.006 ntt 0.167 crt 0.000 out 0.010 spills+carry 0.003 total 0.184 s [A hit] [B cached]
dist_mn node 1: 20132659 x 16777216 limbs over 3 x 4 ranks (cap 2^25): 1 x 2 pieces, 2 formed, 0 skipped (low product) (low cut) (cache 2 slots: 6 hits, 18 misses)
dist_mn node 2: 2^25 = 2^12 x 2^13 over 3 x 4 ranks (general map), 3 primes (rows 341..342; 20132659 + 8388608 limbs at 8388608, window [16217974, 28521266) of share [24606582, 36909874), accumulated): redistribute 0.006 ntt 0.162 crt 0.001 out 0.013 spills+carry 0.004 total 0.184 s [A hit] [B cached]
dist_mn node 2: 20132659 x 16777216 limbs over 3 x 4 ranks (cap 2^25): 1 x 2 pieces, 2 formed, 0 skipped (low product) (low cut) (cache 2 slots: 6 hits, 18 misses)
dist_mn node 0: 20132659 + 16777216 limbs -> 36909874 (share 12303291): redistribute 0.033 ntt 0.417 crt 0.001 out 0.029 spills+carry 0.005, total 0.481 s
dist_mn node 1: 20132659 + 16777216 limbs -> 36909874 (share 12303291): redistribute 0.031 ntt 0.419 crt 0.001 out 0.027 spills+carry 0.004, total 0.481 s
dist_mn node 2: 20132659 + 16777216 limbs -> 36909874 (share 12303292): redistribute 0.032 ntt 0.411 crt 0.001 out 0.031 spills+carry 0.004, total 0.481 s
dist_mn node 0: 2^25 = 2^12 x 2^13 over 3 x 4 ranks (general map), 3 primes (rows 341..342; 20132659 + 8388608 limbs at 0, window [0, 12303291) of share [0, 12303291)): redistribute 0.051 ntt 0.263 crt 0.000 out 0.023 spills+carry 0.001 total 0.316 s [A cached] [B cached]
dist_mn node 1: 2^25 = 2^12 x 2^13 over 3 x 4 ranks (general map), 3 primes (rows 341..342; 20132659 + 8388608 limbs at 0, window [12303291, 24606583) of share [12303291, 24606583)): redistribute 0.049 ntt 0.259 crt 0.000 out 0.021 spills+carry 0.001 total 0.315 s [A cached] [B cached]
dist_mn node 2: 2^25 = 2^12 x 2^13 over 3 x 4 ranks (general map), 3 primes (rows 341..342; 20132659 + 8388608 limbs at 0, window [24606583, 28521267) of share [24606583, 36909875)): redistribute 0.053 ntt 0.262 crt 0.000 out 0.024 spills+carry 0.001 total 0.316 s [A cached] [B cached]
dist_mn node 0: 2^25 = 2^12 x 2^13 over 3 x 4 ranks (general map), 3 primes (rows 341..342; 20132659 + 8388608 limbs at 8388608, window [0, 3914683) of share [0, 12303291), accumulated): redistribute 0.006 ntt 0.169 crt 0.000 out 0.014 spills+carry 0.004 total 0.193 s [A hit] [B cached]
dist_mn node 0: 20132659 x 16777216 limbs over 3 x 4 ranks (cap 2^25): 1 x 2 pieces, 2 formed, 0 skipped (low cut) (cache 2 slots: 7 hits, 21 misses)
dist_mn node 1: 2^25 = 2^12 x 2^13 over 3 x 4 ranks (general map), 3 primes (rows 341..342; 20132659 + 8388608 limbs at 8388608, window [3914683, 16217975) of share [12303291, 24606583), accumulated): redistribute 0.006 ntt 0.171 crt 0.001 out 0.012 spills+carry 0.003 total 0.193 s [A hit] [B cached]
dist_mn node 1: 20132659 x 16777216 limbs over 3 x 4 ranks (cap 2^25): 1 x 2 pieces, 2 formed, 0 skipped (low cut) (cache 2 slots: 7 hits, 21 misses)
dist_mn node 2: 2^25 = 2^12 x 2^13 over 3 x 4 ranks (general map), 3 primes (rows 341..342; 20132659 + 8388608 limbs at 8388608, window [16217975, 28521267) of share [24606583, 36909875), accumulated): redistribute 0.008 ntt 0.169 crt 0.001 out 0.012 spills+carry 0.003 total 0.193 s [A hit] [B cached]
dist_mn node 2: 20132659 x 16777216 limbs over 3 x 4 ranks (cap 2^25): 1 x 2 pieces, 2 formed, 0 skipped (low cut) (cache 2 slots: 7 hits, 21 misses)
dist_mn node 0: 20132659 + 16777216 limbs -> 36909875 (share 12303291): redistribute 0.057 ntt 0.432 crt 0.001 out 0.037 spills+carry 0.005, total 0.512 s
dist_mn node 1: 20132659 + 16777216 limbs -> 36909875 (share 12303292): redistribute 0.055 ntt 0.430 crt 0.001 out 0.033 spills+carry 0.004, total 0.512 s
dist_mn node 2: 20132659 + 16777216 limbs -> 36909875 (share 12303292): redistribute 0.061 ntt 0.431 crt 0.001 out 0.036 spills+carry 0.004, total 0.512 s
dist_mn node 0: 2^25 = 2^12 x 2^13 over 3 x 4 ranks (general map), 3 primes (rows 341..342; 20132659 + 8388608 limbs at 0, window [0, 12303291) of share [0, 12303291)): redistribute 0.027 ntt 0.248 crt 0.000 out 0.017 spills+carry 0.001 total 0.293 s [A cached] [B cached]
dist_mn node 1: 2^25 = 2^12 x 2^13 over 3 x 4 ranks (general map), 3 primes (rows 341..342; 20132659 + 8388608 limbs at 0, window [12303291, 24606582) of share [12303291, 24606582)): redistribute 0.029 ntt 0.244 crt 0.001 out 0.020 spills+carry 0.001 total 0.293 s [A cached] [B cached]
dist_mn node 2: 2^25 = 2^12 x 2^13 over 3 x 4 ranks (general map), 3 primes (rows 341..342; 20132659 + 8388608 limbs at 0, window [24606582, 28521267) of share [24606582, 36909874)): redistribute 0.025 ntt 0.248 crt 0.001 out 0.020 spills+carry 0.001 total 0.293 s [A cached] [B cached]
dist_mn node 0: 2^25 = 2^12 x 2^13 over 3 x 4 ranks (general map), 3 primes (rows 341..342; 20132659 + 8388608 limbs at 8388608, window [0, 3914683) of share [0, 12303291), accumulated): redistribute 0.005 ntt 0.161 crt 0.000 out 0.016 spills+carry 0.004 total 0.186 s [A hit] [B cached]
dist_mn node 0: 20132659 x 16777216 limbs over 3 x 4 ranks (cap 2^25): 1 x 2 pieces, 2 formed, 0 skipped (low product) (low cut) (cache 2 slots: 8 hits, 24 misses)
dist_mn node 1: 2^25 = 2^12 x 2^13 over 3 x 4 ranks (general map), 3 primes (rows 341..342; 20132659 + 8388608 limbs at 8388608, window [3914683, 16217974) of share [12303291, 24606582), accumulated): redistribute 0.005 ntt 0.159 crt 0.000 out 0.018 spills+carry 0.004 total 0.186 s [A hit] [B cached]
dist_mn node 1: 20132659 x 16777216 limbs over 3 x 4 ranks (cap 2^25): 1 x 2 pieces, 2 formed, 0 skipped (low product) (low cut) (cache 2 slots: 8 hits, 24 misses)
dist_mn node 2: 2^25 = 2^12 x 2^13 over 3 x 4 ranks (general map), 3 primes (rows 341..342; 20132659 + 8388608 limbs at 8388608, window [16217974, 28521266) of share [24606582, 36909874), accumulated): redistribute 0.008 ntt 0.162 crt 0.000 out 0.012 spills+carry 0.004 total 0.186 s [A hit] [B cached]
dist_mn node 2: 20132659 x 16777216 limbs over 3 x 4 ranks (cap 2^25): 1 x 2 pieces, 2 formed, 0 skipped (low product) (low cut) (cache 2 slots: 8 hits, 24 misses)
dist_mn node 0: 20132659 + 16777216 limbs -> 36909874 (share 12303291): redistribute 0.033 ntt 0.409 crt 0.001 out 0.033 spills+carry 0.004, total 0.481 s
dist_mn node 1: 20132659 + 16777216 limbs -> 36909874 (share 12303291): redistribute 0.035 ntt 0.404 crt 0.001 out 0.037 spills+carry 0.004, total 0.481 s
dist_mn node 2: 20132659 + 16777216 limbs -> 36909874 (share 12303292): redistribute 0.033 ntt 0.410 crt 0.001 out 0.032 spills+carry 0.004, total 0.481 s
dist_mn node 1: 20132659 x 16777216 limbs over 3 x 4 ranks (cap 2^25): 1 x 2 pieces, 0 formed, 2 skipped (low cut) (cache 2 slots: 8 hits, 24 misses)
dist_mn node 2: 20132659 x 16777216 limbs over 3 x 4 ranks (cap 2^25): 1 x 2 pieces, 0 formed, 2 skipped (low cut) (cache 2 slots: 8 hits, 24 misses)
dist_mn node 0: 20132659 x 16777216 limbs over 3 x 4 ranks (cap 2^25): 1 x 2 pieces, 0 formed, 2 skipped (low cut) (cache 2 slots: 8 hits, 24 misses)
dist_mn node 1: 20132659 + 16777216 limbs -> 0 (share 12303292): redistribute 0.000 ntt 0.000 crt 0.000 out 0.000 spills+carry 0.000, total 0.002 s
dist_mn node 0: 20132659 + 16777216 limbs -> 0 (share 12303291): redistribute 0.000 ntt 0.000 crt 0.000 out 0.000 spills+carry 0.000, total 0.005 s
dist_mn node 2: 20132659 + 16777216 limbs -> 0 (share 12303292): redistribute 0.000 ntt 0.000 crt 0.000 out 0.000 spills+carry 0.000, total 0.013 s
mdev 2^25 (28521267 limbs): repack 0.042 h2d 0.000 fwd 0.004 inv 0.003 d2h 0.028 crt 0.007 total 0.079 s
mdev 2^25 (28521267 limbs): repack 0.036 h2d 0.001 fwd 0.014 inv 0.004 d2h 0.039 crt 0.027 total 0.096 s
mdev 2^25 (28521267 limbs): repack 0.052 h2d 0.001 fwd 0.008 inv 0.002 d2h 0.033 crt 0.027 total 0.103 s
mdev 2^25 (28521267 limbs): repack 0.039 h2d 0.001 fwd 0.005 inv 0.002 d2h 0.052 crt 0.002 total 0.098 s
mdev 2^25 (28521267 limbs): repack 0.044 h2d 0.001 fwd 0.004 inv 0.002 d2h 0.046 crt 0.008 total 0.099 s
mdev 2^25 (28521267 limbs): repack 0.053 h2d 0.001 fwd 0.003 inv 0.001 d2h 0.035 crt 0.041 total 0.099 s
dist_mn node 0: 20132659 x 16777216 limbs over 3 x 4 ranks (cap 2^25): 1 x 2 pieces, 0 formed, 2 skipped (low product) (low cut) (cache 2 slots: 8 hits, 24 misses)
dist_mn node 1: 20132659 x 16777216 limbs over 3 x 4 ranks (cap 2^25): 1 x 2 pieces, 0 formed, 2 skipped (low product) (low cut) (cache 2 slots: 8 hits, 24 misses)
dist_mn node 2: 20132659 x 16777216 limbs over 3 x 4 ranks (cap 2^25): 1 x 2 pieces, 0 formed, 2 skipped (low product) (low cut) (cache 2 slots: 8 hits, 24 misses)
dist_mn node 0: 20132659 + 16777216 limbs -> 0 (share 12303291): redistribute 0.000 ntt 0.000 crt 0.000 out 0.000 spills+carry 0.000, total 0.001 s
dist_mn node 1: 20132659 + 16777216 limbs -> 0 (share 12303291): redistribute 0.000 ntt 0.000 crt 0.000 out 0.000 spills+carry 0.000, total 0.001 s
dist_mn node 2: 20132659 + 16777216 limbs -> 0 (share 12303292): redistribute 0.000 ntt 0.000 crt 0.000 out 0.000 spills+carry 0.000, total 0.001 s
mdev 2^25 (28521267 limbs): repack 0.033 h2d 0.001 fwd 0.003 inv 0.001 d2h 0.040 crt 0.011 total 0.081 s
mdev 2^25 (28521267 limbs): repack 0.039 h2d 0.001 fwd 0.003 inv 0.001 d2h 0.030 crt 0.011 total 0.076 s
mdev 2^25 (28521267 limbs): repack 0.039 h2d 0.001 fwd 0.003 inv 0.001 d2h 0.040 crt 0.004 total 0.087 s
mdev 2^25 (28521267 limbs): repack 0.041 h2d 0.001 fwd 0.003 inv 0.001 d2h 0.035 crt 0.010 total 0.085 s
mdev 2^25 (28521267 limbs): repack 0.047 h2d 0.001 fwd 0.003 inv 0.001 d2h 0.032 crt 0.002 total 0.087 s
mdev 2^25 (28521267 limbs): repack 0.029 h2d 0.001 fwd 0.003 inv 0.001 d2h 0.037 crt 0.020 total 0.076 s
dist_mn node 0: 2^25 = 2^12 x 2^13 over 3 x 4 ranks (general map), 3 primes (rows 341..342; 20132659 + 8388608 limbs at 0, window [0, 12303291) of share [0, 12303291)): redistribute 0.024 ntt 0.273 crt 0.000 out 0.017 spills+carry 0.001 total 0.315 s [B cached]
dist_mn node 1: 2^25 = 2^12 x 2^13 over 3 x 4 ranks (general map), 3 primes (rows 341..342; 20132659 + 8388608 limbs at 0, window [12303291, 24606583) of share [12303291, 24606583)): redistribute 0.024 ntt 0.277 crt 0.000 out 0.019 spills+carry 0.001 total 0.315 s [B cached]
dist_mn node 2: 2^25 = 2^12 x 2^13 over 3 x 4 ranks (general map), 3 primes (rows 341..342; 20132659 + 8388608 limbs at 0, window [24606583, 28521267) of share [24606583, 36909875)): redistribute 0.023 ntt 0.276 crt 0.000 out 0.015 spills+carry 0.001 total 0.314 s [B cached]
dist_mn node 0: 2^25 = 2^12 x 2^13 over 3 x 4 ranks (general map), 3 primes (rows 341..342; 20132659 + 8388608 limbs at 8388608, window [0, 3914683) of share [0, 12303291), accumulated): redistribute 0.017 ntt 0.249 crt 0.000 out 0.014 spills+carry 0.004 total 0.284 s [B cached]
dist_mn node 0: 20132659 x 16777216 limbs over 3 x 4 ranks (cap 2^25): 1 x 2 pieces, 2 formed, 0 skipped (cache 2 slots: 8 hits, 26 misses)
dist_mn node 1: 2^25 = 2^12 x 2^13 over 3 x 4 ranks (general map), 3 primes (rows 341..342; 20132659 + 8388608 limbs at 8388608, window [3914683, 16217975) of share [12303291, 24606583), accumulated): redistribute 0.016 ntt 0.253 crt 0.000 out 0.011 spills+carry 0.004 total 0.284 s [B cached]
dist_mn node 1: 20132659 x 16777216 limbs over 3 x 4 ranks (cap 2^25): 1 x 2 pieces, 2 formed, 0 skipped (cache 2 slots: 8 hits, 26 misses)
dist_mn node 2: 2^25 = 2^12 x 2^13 over 3 x 4 ranks (general map), 3 primes (rows 341..342; 20132659 + 8388608 limbs at 8388608, window [16217975, 28521267) of share [24606583, 36909875), accumulated): redistribute 0.018 ntt 0.246 crt 0.000 out 0.016 spills+carry 0.004 total 0.284 s [B cached]
dist_mn node 2: 20132659 x 16777216 limbs over 3 x 4 ranks (cap 2^25): 1 x 2 pieces, 2 formed, 0 skipped (cache 2 slots: 8 hits, 26 misses)
dist_mn node 0: 20132659 + 16777216 limbs -> 36909875 (share 12303291): redistribute 0.040 ntt 0.522 crt 0.001 out 0.032 spills+carry 0.005, total 0.626 s
dist_mn node 1: 20132659 + 16777216 limbs -> 36909875 (share 12303292): redistribute 0.040 ntt 0.530 crt 0.001 out 0.030 spills+carry 0.004, total 0.651 s
dist_mn node 2: 20132659 + 16777216 limbs -> 36909875 (share 12303292): redistribute 0.041 ntt 0.521 crt 0.001 out 0.031 spills+carry 0.005, total 0.601 s
dist_mn node 0: 2^25 = 2^12 x 2^13 over 3 x 4 ranks (general map), 3 primes (rows 341..342; 20132659 + 8388608 limbs at 0, window [0, 12303291) of share [0, 12303291)): redistribute 0.022 ntt 0.180 crt 0.000 out 0.017 spills+carry 0.001 total 0.220 s [B hit]
dist_mn node 1: 2^25 = 2^12 x 2^13 over 3 x 4 ranks (general map), 3 primes (rows 341..342; 20132659 + 8388608 limbs at 0, window [12303291, 24606582) of share [12303291, 24606582)): redistribute 0.018 ntt 0.187 crt 0.000 out 0.014 spills+carry 0.001 total 0.220 s [B hit]
dist_mn node 2: 2^25 = 2^12 x 2^13 over 3 x 4 ranks (general map), 3 primes (rows 341..342; 20132659 + 8388608 limbs at 0, window [24606582, 28521267) of share [24606582, 36909874)): redistribute 0.018 ntt 0.183 crt 0.000 out 0.018 spills+carry 0.001 total 0.220 s [B hit]
dist_mn node 0: 2^25 = 2^12 x 2^13 over 3 x 4 ranks (general map), 3 primes (rows 341..342; 20132659 + 8388608 limbs at 8388608, window [0, 3914683) of share [0, 12303291), accumulated): redistribute 0.012 ntt 0.162 crt 0.000 out 0.012 spills+carry 0.004 total 0.190 s [B hit]
dist_mn node 0: 20132659 x 16777216 limbs over 3 x 4 ranks (cap 2^25): 1 x 2 pieces, 2 formed, 0 skipped (low product) (cache 2 slots: 10 hits, 26 misses)
dist_mn node 1: 2^25 = 2^12 x 2^13 over 3 x 4 ranks (general map), 3 primes (rows 341..342; 20132659 + 8388608 limbs at 8388608, window [3914683, 16217974) of share [12303291, 24606582), accumulated): redistribute 0.011 ntt 0.160 crt 0.000 out 0.015 spills+carry 0.003 total 0.190 s [B hit]
dist_mn node 1: 20132659 x 16777216 limbs over 3 x 4 ranks (cap 2^25): 1 x 2 pieces, 2 formed, 0 skipped (low product) (cache 2 slots: 10 hits, 26 misses)
dist_mn node 2: 2^25 = 2^12 x 2^13 over 3 x 4 ranks (general map), 3 primes (rows 341..342; 20132659 + 8388608 limbs at 8388608, window [16217974, 28521266) of share [24606582, 36909874), accumulated): redistribute 0.012 ntt 0.159 crt 0.000 out 0.015 spills+carry 0.003 total 0.190 s [B hit]
dist_mn node 2: 20132659 x 16777216 limbs over 3 x 4 ranks (cap 2^25): 1 x 2 pieces, 2 formed, 0 skipped (low product) (cache 2 slots: 10 hits, 26 misses)
dist_mn node 0: 20132659 + 16777216 limbs -> 36909874 (share 12303291): redistribute 0.034 ntt 0.342 crt 0.001 out 0.029 spills+carry 0.005, total 0.412 s
dist_mn node 1: 20132659 + 16777216 limbs -> 36909874 (share 12303291): redistribute 0.029 ntt 0.347 crt 0.001 out 0.029 spills+carry 0.004, total 0.412 s
dist_mn node 2: 20132659 + 16777216 limbs -> 36909874 (share 12303292): redistribute 0.030 ntt 0.342 crt 0.001 out 0.033 spills+carry 0.004, total 0.412 s
dist_mn node 0: 2^25 = 2^12 x 2^13 over 3 x 4 ranks (general map), 3 primes (rows 341..342; 10066329 + 16777209 limbs at 0, window [0, 8947846) of share [0, 8947846)): redistribute 0.031 ntt 0.260 crt 0.000 out 0.018 spills+carry 0.001 total 0.308 s
dist_mn node 0: 10066329 x 16777209 limbs over 3 x 4 ranks (cap 2^25): 1 x 1 pieces, 1 formed, 0 skipped (cache 0 slots: 0 hits, 0 misses)
dist_mn node 1: 2^25 = 2^12 x 2^13 over 3 x 4 ranks (general map), 3 primes (rows 341..342; 10066329 + 16777209 limbs at 0, window [8947846, 17895692) of share [8947846, 17895692)): redistribute 0.042 ntt 0.264 crt 0.000 out 0.016 spills+carry 0.001 total 0.309 s
dist_mn node 1: 10066329 x 16777209 limbs over 3 x 4 ranks (cap 2^25): 1 x 1 pieces, 1 formed, 0 skipped (cache 0 slots: 0 hits, 0 misses)
dist_mn node 2: 2^25 = 2^12 x 2^13 over 3 x 4 ranks (general map), 3 primes (rows 341..342; 10066329 + 16777209 limbs at 0, window [17895692, 26843538) of share [17895692, 26843538)): redistribute 0.032 ntt 0.261 crt 0.000 out 0.020 spills+carry 0.001 total 0.308 s
dist_mn node 2: 10066329 x 16777209 limbs over 3 x 4 ranks (cap 2^25): 1 x 1 pieces, 1 formed, 0 skipped (cache 0 slots: 0 hits, 0 misses)
dist_mn node 0: 10066329 + 16777209 limbs -> 26843538 (share 8947846): redistribute 0.031 ntt 0.260 crt 0.000 out 0.018 spills+carry 0.001, total 0.309 s
dist_mn node 1: 10066329 + 16777209 limbs -> 26843538 (share 8947846): redistribute 0.042 ntt 0.264 crt 0.000 out 0.016 spills+carry 0.001, total 0.310 s
dist_mn node 2: 10066329 + 16777209 limbs -> 26843538 (share 8947846): redistribute 0.032 ntt 0.261 crt 0.000 out 0.020 spills+carry 0.001, total 0.310 s
mdev 2^25 (26843538 limbs): repack 0.039 h2d 0.001 fwd 0.005 inv 0.001 d2h 0.041 crt 0.017 total 0.092 s
mdev 2^25 (26843538 limbs): repack 0.043 h2d 0.001 fwd 0.004 inv 0.005 d2h 0.040 crt 0.015 total 0.093 s
mdev 2^25 (26843538 limbs): repack 0.045 h2d 0.001 fwd 0.006 inv 0.003 d2h 0.033 crt 0.030 total 0.108 s
dist_mn node 0: 2^25 = 2^12 x 2^13 over 3 x 4 ranks (general map), 3 primes (rows 341..342; 10066329 + 16777209 limbs at 0, window [0, 3355444) of share [0, 3355444)): redistribute 0.015 ntt 0.244 crt 0.001 out 0.011 spills+carry 0.000 total 0.271 s
dist_mn node 0: 10066329 x 16777209 limbs over 3 x 4 ranks (cap 2^25): 1 x 1 pieces, 1 formed, 0 skipped (low product) (cache 0 slots: 0 hits, 0 misses)
dist_mn node 1: 2^25 = 2^12 x 2^13 over 3 x 4 ranks (general map), 3 primes (rows 341..342; 10066329 + 16777209 limbs at 0, window [3355444, 6710888) of share [3355444, 6710888)): redistribute 0.108 ntt 0.248 crt 0.001 out 0.011 spills+carry 0.000 total 0.363 s
dist_mn node 1: 10066329 x 16777209 limbs over 3 x 4 ranks (cap 2^25): 1 x 1 pieces, 1 formed, 0 skipped (low product) (cache 0 slots: 0 hits, 0 misses)
dist_mn node 2: 2^25 = 2^12 x 2^13 over 3 x 4 ranks (general map), 3 primes (rows 341..342; 10066329 + 16777209 limbs at 0, window [6710888, 10066332) of share [6710888, 10066332)): redistribute 0.078 ntt 0.243 crt 0.000 out 0.011 spills+carry 0.000 total 0.332 s
dist_mn node 2: 10066329 x 16777209 limbs over 3 x 4 ranks (cap 2^25): 1 x 1 pieces, 1 formed, 0 skipped (low product) (cache 0 slots: 0 hits, 0 misses)
dist_mn node 0: 10066329 + 16777209 limbs -> 10066332 (share 3355444): redistribute 0.015 ntt 0.244 crt 0.001 out 0.011 spills+carry 0.000, total 0.272 s
dist_mn node 2: 10066329 + 16777209 limbs -> 10066332 (share 3355444): redistribute 0.078 ntt 0.243 crt 0.000 out 0.011 spills+carry 0.000, total 0.337 s
dist_mn node 1: 10066329 + 16777209 limbs -> 10066332 (share 3355444): redistribute 0.108 ntt 0.248 crt 0.001 out 0.011 spills+carry 0.000, total 0.364 s
dist_mn node 0: 2^25 = 2^12 x 2^13 over 3 x 4 ranks (general map), 3 primes (rows 341..342; 20132659 + 8388608 limbs at 0, window [0, 12303292) of share [0, 12303292)): redistribute 0.027 ntt 0.305 crt 0.000 out 0.019 spills+carry 0.001 total 0.348 s [A cached] [B cached]
dist_mn node 1: 2^25 = 2^12 x 2^13 over 3 x 4 ranks (general map), 3 primes (rows 341..342; 20132659 + 8388608 limbs at 0, window [12303292, 24606584) of share [12303292, 24606584)): redistribute 0.025 ntt 0.305 crt 0.000 out 0.019 spills+carry 0.001 total 0.347 s [A cached] [B cached]
dist_mn node 2: 2^25 = 2^12 x 2^13 over 3 x 4 ranks (general map), 3 primes (rows 341..342; 20132659 + 8388608 limbs at 0, window [24606584, 28521267) of share [24606584, 36909876)): redistribute 0.028 ntt 0.307 crt 0.000 out 0.018 spills+carry 0.001 total 0.348 s [A cached] [B cached]
dist_mn node 0: 2^25 = 2^12 x 2^13 over 3 x 4 ranks (general map), 3 primes (rows 341..342; 20132659 + 8388608 limbs at 8388608, window [0, 3914684) of share [0, 12303292), accumulated): redistribute 0.008 ntt 0.172 crt 0.000 out 0.012 spills+carry 0.004 total 0.197 s [A hit] [B cached]
dist_mn node 1: 2^25 = 2^12 x 2^13 over 3 x 4 ranks (general map), 3 primes (rows 341..342; 20132659 + 8388608 limbs at 8388608, window [3914684, 16217976) of share [12303292, 24606584), accumulated): redistribute 0.008 ntt 0.174 crt 0.000 out 0.012 spills+carry 0.004 total 0.197 s [A hit] [B cached]
dist_mn node 2: 2^25 = 2^12 x 2^13 over 3 x 4 ranks (general map), 3 primes (rows 341..342; 20132659 + 8388608 limbs at 8388608, window [16217976, 28521267) of share [24606584, 36909876), accumulated): redistribute 0.009 ntt 0.170 crt 0.000 out 0.013 spills+carry 0.004 total 0.197 s [A hit] [B cached]
mdb_add_shifted node 0: 16777213 limbs at 0 into a basis of 36909876 (my window [0, 12303292), 1 rounds of 3075824; slabs 3075823 + 3075823 limbs per APU 0): 0.021 s
dist_mn node 0: 20132659 x 16777216 limbs over 3 x 4 ranks (cap 2^25): 1 x 2 pieces, 2 formed, 0 skipped (cache 2 slots: 1 hits, 3 misses)
mdb_add_shifted node 1: 16777213 limbs at 0 into a basis of 36909876 (my window [12303292, 16777213), 1 rounds of 3075824; slabs 0 + 1118480 limbs per APU 0): 0.021 s
dist_mn node 1: 20132659 x 16777216 limbs over 3 x 4 ranks (cap 2^25): 1 x 2 pieces, 2 formed, 0 skipped (cache 2 slots: 1 hits, 3 misses)
mdb_add_shifted node 2: 16777213 limbs at 0 into a basis of 36909876 (my window [24606584, 24606584), 1 rounds of 3075824; slabs 1118480 + 0 limbs per APU 0): 0.021 s
dist_mn node 2: 20132659 x 16777216 limbs over 3 x 4 ranks (cap 2^25): 1 x 2 pieces, 2 formed, 0 skipped (cache 2 slots: 1 hits, 3 misses)
dist_mn node 0: 20132659 + 16777216 + x limbs -> 36909875 (share 12303292): redistribute 0.035 ntt 0.477 crt 0.001 out 0.031 spills+carry 0.005, total 0.575 s
dist_mn node 1: 20132659 + 16777216 + x limbs -> 36909875 (share 12303292): redistribute 0.033 ntt 0.479 crt 0.001 out 0.032 spills+carry 0.004, total 0.568 s
dist_mn node 2: 20132659 + 16777216 + x limbs -> 36909875 (share 12303292): redistribute 0.038 ntt 0.477 crt 0.001 out 0.031 spills+carry 0.004, total 0.579 s
mdb_add_shifted node 0: 16777213 limbs at 0 into a basis of 36909876 (my window [0, 12303292), 1 rounds of 3075824; slabs 3075823 + 3075823 limbs per APU 0): 0.043 s
mdb_add_shifted node 2: 16777213 limbs at 0 into a basis of 36909876 (my window [24606584, 24606584), 1 rounds of 3075824; slabs 1118480 + 0 limbs per APU 0): 0.065 s
mdb_add_shifted node 1: 16777213 limbs at 0 into a basis of 36909876 (my window [12303292, 16777213), 1 rounds of 3075824; slabs 0 + 1118480 limbs per APU 0): 0.077 s
mdb_add_shifted node 1: 16777213 limbs at 7 into a basis of 36909876 (my window [12303292, 16777220), 1 rounds of 3075824; slabs 0 + 1118482 limbs per APU 0): 0.052 s
mdb_add_shifted node 2: 16777213 limbs at 7 into a basis of 36909876 (my window [24606584, 24606584), 1 rounds of 3075824; slabs 1118482 + 0 limbs per APU 0): 0.110 s
mdb_add_shifted node 0: 16777213 limbs at 7 into a basis of 36909876 (my window [7, 12303292), 1 rounds of 3075824; slabs 3075821 + 3075821 limbs per APU 0): 0.051 s
dbig pool: APU3 hipMalloc 0.03 GB inside the phase (free 0.16 GB in 18 extents, largest 0.02; live 0.06 GB in 20 blocks)
dbig pool: APU0 hipMalloc 0.03 GB inside the phase (free 0.19 GB in 19 extents, largest 0.02; live 0.06 GB in 20 blocks)
mdb_add_shifted node 0: 16777213 limbs at 10066329 into a basis of 36909876 (my window [10066329, 12303292), 1 rounds of 3075824; slabs 3635063 + 559240 limbs per APU 0): 0.062 s
mdb_add_shifted node 1: 16777213 limbs at 10066329 into a basis of 36909876 (my window [12303292, 24606584), 1 rounds of 3075824; slabs 0 + 3075823 limbs per APU 0): 0.103 s
mdb_add_shifted node 2: 16777213 limbs at 10066329 into a basis of 36909876 (my window [24606584, 26843542), 1 rounds of 3075824; slabs 559239 + 559239 limbs per APU 0): 0.098 s
mdb_add_shifted node 1: 16777213 limbs at 20132659 into a basis of 36909876 (my window [20132659, 24606584), 1 rounds of 3075824; slabs 1957342 + 1118481 limbs per APU 0): 0.078 s
mdb_add_shifted node 2: 16777213 limbs at 20132659 into a basis of 36909876 (my window [24606584, 36909872), 1 rounds of 3075824; slabs 0 + 3075822 limbs per APU 0): 0.060 s
mdb_add_shifted node 0: 16777213 limbs at 20132659 into a basis of 36909876 (my window [20132659, 20132659), 1 rounds of 3075824; slabs 2236961 + 0 limbs per APU 0): 0.082 s
dist_mn node 0: 2^25 = 2^12 x 2^13 over 3 x 4 ranks (general map), 3 primes (rows 341..342; 20132659 + 8388608 limbs at 0, window [0, 12303291) of share [0, 12303291)): redistribute 0.027 ntt 0.228 crt 0.000 out 0.020 spills+carry 0.002 total 0.274 s [A cached] [B cached]
dist_mn node 1: 2^25 = 2^12 x 2^13 over 3 x 4 ranks (general map), 3 primes (rows 341..342; 20132659 + 8388608 limbs at 0, window [12303291, 24606583) of share [12303291, 24606583)): redistribute 0.028 ntt 0.233 crt 0.000 out 0.016 spills+carry 0.002 total 0.274 s [A cached] [B cached]
dist_mn node 2: 2^25 = 2^12 x 2^13 over 3 x 4 ranks (general map), 3 primes (rows 341..342; 20132659 + 8388608 limbs at 0, window [24606583, 28521267) of share [24606583, 36909875)): redistribute 0.028 ntt 0.229 crt 0.000 out 0.021 spills+carry 0.002 total 0.274 s [A cached] [B cached]
dist_mn node 0: 2^25 = 2^12 x 2^13 over 3 x 4 ranks (general map), 3 primes (rows 341..342; 20132659 + 8388608 limbs at 8388608, window [0, 3914683) of share [0, 12303291), accumulated): redistribute 0.007 ntt 0.171 crt 0.000 out 0.012 spills+carry 0.008 total 0.198 s [A hit] [B cached]
dist_mn node 0: 20132659 x 16777216 limbs over 3 x 4 ranks (cap 2^25): 1 x 2 pieces, 2 formed, 0 skipped (cache 2 slots: 2 hits, 6 misses)
dist_mn node 1: 2^25 = 2^12 x 2^13 over 3 x 4 ranks (general map), 3 primes (rows 341..342; 20132659 + 8388608 limbs at 8388608, window [3914683, 16217975) of share [12303291, 24606583), accumulated): redistribute 0.007 ntt 0.172 crt 0.000 out 0.012 spills+carry 0.008 total 0.199 s [A hit] [B cached]
dist_mn node 1: 20132659 x 16777216 limbs over 3 x 4 ranks (cap 2^25): 1 x 2 pieces, 2 formed, 0 skipped (cache 2 slots: 2 hits, 6 misses)
dist_mn node 2: 2^25 = 2^12 x 2^13 over 3 x 4 ranks (general map), 3 primes (rows 341..342; 20132659 + 8388608 limbs at 8388608, window [16217975, 28521267) of share [24606583, 36909875), accumulated): redistribute 0.008 ntt 0.171 crt 0.000 out 0.011 spills+carry 0.008 total 0.199 s [A hit] [B cached]
dist_mn node 2: 20132659 x 16777216 limbs over 3 x 4 ranks (cap 2^25): 1 x 2 pieces, 2 formed, 0 skipped (cache 2 slots: 2 hits, 6 misses)
dist_mn node 0: 20132659 + 16777216 limbs -> 36909875 (share 12303291): redistribute 0.034 ntt 0.399 crt 0.001 out 0.033 spills+carry 0.010, total 0.475 s
dist_mn node 1: 20132659 + 16777216 limbs -> 36909875 (share 12303292): redistribute 0.035 ntt 0.405 crt 0.001 out 0.028 spills+carry 0.010, total 0.517 s
dist_mn node 2: 20132659 + 16777216 limbs -> 36909875 (share 12303292): redistribute 0.035 ntt 0.401 crt 0.001 out 0.031 spills+carry 0.010, total 0.624 s
mdev 3*2^24 (36909875 limbs): repack 0.050 h2d 0.001 fwd 0.015 inv 0.005 d2h 0.042 crt 0.038 total 0.119 s
mdev 3*2^24 (36909875 limbs): repack 0.047 h2d 0.001 fwd 0.012 inv 0.009 d2h 0.054 crt 0.064 total 0.130 s
mdev 3*2^24 (36909875 limbs): repack 0.047 h2d 0.001 fwd 0.014 inv 0.007 d2h 0.061 crt 0.043 total 0.135 s
dist_mn node 0: 2^25 = 2^12 x 2^13 over 3 x 4 ranks (general map), 3 primes (rows 341..342; 20132659 + 8388608 limbs at 0, window [0, 12303292) of share [0, 12303292)): redistribute 0.036 ntt 0.291 crt 0.000 out 0.022 spills+carry 0.002 total 0.340 s [A cached] [B cached]
dist_mn node 1: 2^25 = 2^12 x 2^13 over 3 x 4 ranks (general map), 3 primes (rows 341..342; 20132659 + 8388608 limbs at 0, window [12303292, 24606584) of share [12303292, 24606584)): redistribute 0.036 ntt 0.290 crt 0.000 out 0.022 spills+carry 0.002 total 0.340 s [A cached] [B cached]
dist_mn node 2: 2^25 = 2^12 x 2^13 over 3 x 4 ranks (general map), 3 primes (rows 341..342; 20132659 + 8388608 limbs at 0, window [24606584, 28521267) of share [24606584, 36909876)): redistribute 0.037 ntt 0.293 crt 0.000 out 0.016 spills+carry 0.002 total 0.339 s [A cached] [B cached]
dist_mn node 0: 2^25 = 2^12 x 2^13 over 3 x 4 ranks (general map), 3 primes (rows 341..342; 20132659 + 8388608 limbs at 8388608, window [0, 3914684) of share [0, 12303292), accumulated): redistribute 0.011 ntt 0.159 crt 0.000 out 0.009 spills+carry 0.008 total 0.188 s [A hit] [B cached]
dist_mn node 1: 2^25 = 2^12 x 2^13 over 3 x 4 ranks (general map), 3 primes (rows 341..342; 20132659 + 8388608 limbs at 8388608, window [3914684, 16217976) of share [12303292, 24606584), accumulated): redistribute 0.009 ntt 0.158 crt 0.001 out 0.013 spills+carry 0.008 total 0.188 s [A hit] [B cached]
dist_mn node 2: 2^25 = 2^12 x 2^13 over 3 x 4 ranks (general map), 3 primes (rows 341..342; 20132659 + 8388608 limbs at 8388608, window [16217976, 28521267) of share [24606584, 36909876), accumulated): redistribute 0.010 ntt 0.158 crt 0.001 out 0.011 spills+carry 0.008 total 0.188 s [A hit] [B cached]
mdb_add_shifted node 0: 16777213 limbs at 0 into a basis of 36909876 (my window [0, 12303292), 1 rounds of 3075824; slabs 3075823 + 3075823 limbs per APU 0): 0.025 s
dist_mn node 0: 20132659 x 16777216 limbs over 3 x 4 ranks (cap 2^25): 1 x 2 pieces, 2 formed, 0 skipped (cache 2 slots: 3 hits, 9 misses)
mdb_add_shifted node 1: 16777213 limbs at 0 into a basis of 36909876 (my window [12303292, 16777213), 1 rounds of 3075824; slabs 0 + 1118480 limbs per APU 0): 0.025 s
dist_mn node 1: 20132659 x 16777216 limbs over 3 x 4 ranks (cap 2^25): 1 x 2 pieces, 2 formed, 0 skipped (cache 2 slots: 3 hits, 9 misses)
mdb_add_shifted node 2: 16777213 limbs at 0 into a basis of 36909876 (my window [24606584, 24606584), 1 rounds of 3075824; slabs 1118480 + 0 limbs per APU 0): 0.025 s
dist_mn node 2: 20132659 x 16777216 limbs over 3 x 4 ranks (cap 2^25): 1 x 2 pieces, 2 formed, 0 skipped (cache 2 slots: 3 hits, 9 misses)
dist_mn node 0: 20132659 + 16777216 + x limbs -> 36909875 (share 12303292): redistribute 0.048 ntt 0.450 crt 0.001 out 0.031 spills+carry 0.010, total 0.589 s
dist_mn node 1: 20132659 + 16777216 + x limbs -> 36909875 (share 12303292): redistribute 0.045 ntt 0.448 crt 0.001 out 0.036 spills+carry 0.010, total 0.600 s
dist_mn node 2: 20132659 + 16777216 + x limbs -> 36909875 (share 12303292): redistribute 0.047 ntt 0.451 crt 0.001 out 0.027 spills+carry 0.010, total 0.555 s
dist_mn node 0: 2^25 = 2^12 x 2^13 over 3 x 4 ranks (general map), 3 primes (rows 341..342; 20132659 + 8388608 limbs at 0, window [0, 6710887) of share [0, 6710887)): redistribute 0.032 ntt 0.273 crt 0.000 out 0.011 spills+carry 0.003 total 0.312 s [A cached] [B cached]
dist_mn node 1: 2^25 = 2^12 x 2^13 over 3 x 4 ranks (general map), 3 primes (rows 341..342; 20132659 + 8388608 limbs at 0, window [6710887, 13421774) of share [6710887, 13421774)): redistribute 0.030 ntt 0.273 crt 0.000 out 0.008 spills+carry 0.003 total 0.311 s [A cached] [B cached]
dist_mn node 2: 2^25 = 2^12 x 2^13 over 3 x 4 ranks (general map), 3 primes (rows 341..342; 20132659 + 8388608 limbs at 0, window [13421774, 20132661) of share [13421774, 20132661)): redistribute 0.033 ntt 0.272 crt 0.001 out 0.012 spills+carry 0.003 total 0.312 s [A cached] [B cached]
dist_mn node 0: 2^25 = 2^12 x 2^13 over 3 x 4 ranks (general map), 3 primes (rows 341..342; 20132659 + 8388608 limbs at 8388608, window [0, 0) of share [0, 6710887), accumulated): redistribute 0.006 ntt 0.180 crt 0.001 out 0.008 spills+carry 0.008 total 0.203 s [A hit] [B cached]
dist_mn node 0: 20132659 x 16777216 limbs over 3 x 4 ranks (cap 2^25): 1 x 2 pieces, 2 formed, 0 skipped (low product) (cache 2 slots: 4 hits, 12 misses)
dist_mn node 1: 2^25 = 2^12 x 2^13 over 3 x 4 ranks (general map), 3 primes (rows 341..342; 20132659 + 8388608 limbs at 8388608, window [0, 5033166) of share [6710887, 13421774), accumulated): redistribute 0.006 ntt 0.180 crt 0.001 out 0.009 spills+carry 0.008 total 0.203 s [A hit] [B cached]
dist_mn node 1: 20132659 x 16777216 limbs over 3 x 4 ranks (cap 2^25): 1 x 2 pieces, 2 formed, 0 skipped (low product) (cache 2 slots: 4 hits, 12 misses)
dist_mn node 2: 2^25 = 2^12 x 2^13 over 3 x 4 ranks (general map), 3 primes (rows 341..342; 20132659 + 8388608 limbs at 8388608, window [5033166, 11744053) of share [13421774, 20132661), accumulated): redistribute 0.007 ntt 0.181 crt 0.000 out 0.006 spills+carry 0.008 total 0.203 s [A hit] [B cached]
dist_mn node 2: 20132659 x 16777216 limbs over 3 x 4 ranks (cap 2^25): 1 x 2 pieces, 2 formed, 0 skipped (low product) (cache 2 slots: 4 hits, 12 misses)
dist_mn node 0: 20132659 + 16777216 limbs -> 20132661 (share 6710887): redistribute 0.038 ntt 0.453 crt 0.001 out 0.019 spills+carry 0.011, total 0.516 s
dist_mn node 1: 20132659 + 16777216 limbs -> 20132661 (share 6710887): redistribute 0.036 ntt 0.453 crt 0.001 out 0.018 spills+carry 0.010, total 0.516 s
dist_mn node 2: 20132659 + 16777216 limbs -> 20132661 (share 6710887): redistribute 0.040 ntt 0.453 crt 0.001 out 0.018 spills+carry 0.010, total 0.516 s
dist_mn node 0: 2^25 = 2^12 x 2^13 over 3 x 4 ranks (general map), 3 primes (rows 341..342; 10066330 + 10066330 limbs at 0, window [0, 3355443) of share [0, 3355443)): redistribute 0.031 ntt 0.291 crt 0.000 out 0.009 spills+carry 0.003 total 0.324 s
dist_mn node 0: 10066330 x 10066330 limbs over 3 x 4 ranks (cap 2^25): 1 x 1 pieces, 1 formed, 0 skipped (low product) (cache 0 slots: 4 hits, 12 misses)
dist_mn node 1: 2^25 = 2^12 x 2^13 over 3 x 4 ranks (general map), 3 primes (rows 341..342; 10066330 + 10066330 limbs at 0, window [3355443, 6710886) of share [3355443, 6710886)): redistribute 0.026 ntt 0.293 crt 0.000 out 0.010 spills+carry 0.003 total 0.324 s
dist_mn node 1: 10066330 x 10066330 limbs over 3 x 4 ranks (cap 2^25): 1 x 1 pieces, 1 formed, 0 skipped (low product) (cache 0 slots: 4 hits, 12 misses)
dist_mn node 2: 2^25 = 2^12 x 2^13 over 3 x 4 ranks (general map), 3 primes (rows 341..342; 10066330 + 10066330 limbs at 0, window [6710886, 10066330) of share [6710886, 10066330)): redistribute 0.027 ntt 0.291 crt 0.000 out 0.009 spills+carry 0.003 total 0.322 s
dist_mn node 2: 10066330 x 10066330 limbs over 3 x 4 ranks (cap 2^25): 1 x 1 pieces, 1 formed, 0 skipped (low product) (cache 0 slots: 4 hits, 12 misses)
dist_mn node 0: 10066330 + 10066330 limbs -> 1 (share 3355443): redistribute 0.031 ntt 0.291 crt 0.000 out 0.009 spills+carry 0.003, total 0.324 s
dist_mn node 1: 10066330 + 10066330 limbs -> 1 (share 3355443): redistribute 0.026 ntt 0.293 crt 0.000 out 0.010 spills+carry 0.003, total 0.324 s
dist_mn node 2: 10066330 + 10066330 limbs -> 1 (share 3355444): redistribute 0.027 ntt 0.291 crt 0.000 out 0.009 spills+carry 0.003, total 0.324 s
dist_mn node 0: 2^25 = 2^12 x 2^13 over 3 x 4 ranks (general map), 3 primes (rows 341..342; 20132659 + 8388608 limbs at 0, window [0, 12303291) of share [0, 12303291)): redistribute 0.034 ntt 0.342 crt 0.000 out 0.017 spills+carry 0.002 total 0.392 s [A cached] [B cached]
dist_mn node 1: 2^25 = 2^12 x 2^13 over 3 x 4 ranks (general map), 3 primes (rows 341..342; 20132659 + 8388608 limbs at 0, window [12303291, 24606582) of share [12303291, 24606582)): redistribute 0.035 ntt 0.344 crt 0.000 out 0.022 spills+carry 0.002 total 0.392 s [A cached] [B cached]
dist_mn node 2: 2^25 = 2^12 x 2^13 over 3 x 4 ranks (general map), 3 primes (rows 341..342; 20132659 + 8388608 limbs at 0, window [24606582, 28521267) of share [24606582, 36909874)): redistribute 0.033 ntt 0.340 crt 0.000 out 0.023 spills+carry 0.002 total 0.391 s [A cached] [B cached]
dist_mn node 0: 2^25 = 2^12 x 2^13 over 3 x 4 ranks (general map), 3 primes (rows 341..342; 20132659 + 8388608 limbs at 8388608, window [0, 3914683) of share [0, 12303291), accumulated): redistribute 0.006 ntt 0.160 crt 0.000 out 0.014 spills+carry 0.009 total 0.187 s [A hit] [B cached]
dist_mn node 0: 20132659 x 16777216 limbs over 3 x 4 ranks (cap 2^25): 1 x 2 pieces, 2 formed, 0 skipped (low product) (cache 2 slots: 5 hits, 15 misses)
dist_mn node 1: 2^25 = 2^12 x 2^13 over 3 x 4 ranks (general map), 3 primes (rows 341..342; 20132659 + 8388608 limbs at 8388608, window [3914683, 16217974) of share [12303291, 24606582), accumulated): redistribute 0.006 ntt 0.155 crt 0.000 out 0.017 spills+carry 0.008 total 0.187 s [A hit] [B cached]
dist_mn node 1: 20132659 x 16777216 limbs over 3 x 4 ranks (cap 2^25): 1 x 2 pieces, 2 formed, 0 skipped (low product) (cache 2 slots: 5 hits, 15 misses)
dist_mn node 2: 2^25 = 2^12 x 2^13 over 3 x 4 ranks (general map), 3 primes (rows 341..342; 20132659 + 8388608 limbs at 8388608, window [16217974, 28521266) of share [24606582, 36909874), accumulated): redistribute 0.008 ntt 0.155 crt 0.000 out 0.015 spills+carry 0.008 total 0.187 s [A hit] [B cached]
dist_mn node 2: 20132659 x 16777216 limbs over 3 x 4 ranks (cap 2^25): 1 x 2 pieces, 2 formed, 0 skipped (low product) (cache 2 slots: 5 hits, 15 misses)
dist_mn node 0: 20132659 + 16777216 limbs -> 36909874 (share 12303291): redistribute 0.041 ntt 0.502 crt 0.001 out 0.032 spills+carry 0.010, total 0.582 s
dist_mn node 1: 20132659 + 16777216 limbs -> 36909874 (share 12303291): redistribute 0.041 ntt 0.500 crt 0.001 out 0.040 spills+carry 0.010, total 0.582 s
dist_mn node 2: 20132659 + 16777216 limbs -> 36909874 (share 12303292): redistribute 0.041 ntt 0.495 crt 0.001 out 0.038 spills+carry 0.010, total 0.581 s
dist_mn node 0: 2^25 = 2^12 x 2^13 over 3 x 4 ranks (general map), 3 primes (rows 341..342; 20132659 + 8388608 limbs at 0, window [0, 12303291) of share [0, 12303291)): redistribute 0.027 ntt 0.298 crt 0.001 out 0.019 spills+carry 0.002 total 0.340 s [A cached] [B cached]
dist_mn node 1: 2^25 = 2^12 x 2^13 over 3 x 4 ranks (general map), 3 primes (rows 341..342; 20132659 + 8388608 limbs at 0, window [12303291, 24606583) of share [12303291, 24606583)): redistribute 0.030 ntt 0.293 crt 0.000 out 0.018 spills+carry 0.002 total 0.339 s [A cached] [B cached]
dist_mn node 2: 2^25 = 2^12 x 2^13 over 3 x 4 ranks (general map), 3 primes (rows 341..342; 20132659 + 8388608 limbs at 0, window [24606583, 28521267) of share [24606583, 36909875)): redistribute 0.029 ntt 0.297 crt 0.001 out 0.014 spills+carry 0.002 total 0.339 s [A cached] [B cached]
dist_mn node 0: 2^25 = 2^12 x 2^13 over 3 x 4 ranks (general map), 3 primes (rows 341..342; 20132659 + 8388608 limbs at 8388608, window [0, 3914683) of share [0, 12303291), accumulated): redistribute 0.006 ntt 0.149 crt 0.001 out 0.014 spills+carry 0.009 total 0.176 s [A hit] [B cached]
dist_mn node 0: 20132659 x 16777216 limbs over 3 x 4 ranks (cap 2^25): 1 x 2 pieces, 2 formed, 0 skipped (low cut) (cache 2 slots: 6 hits, 18 misses)
dist_mn node 1: 2^25 = 2^12 x 2^13 over 3 x 4 ranks (general map), 3 primes (rows 341..342; 20132659 + 8388608 limbs at 8388608, window [3914683, 16217975) of share [12303291, 24606583), accumulated): redistribute 0.006 ntt 0.149 crt 0.001 out 0.013 spills+carry 0.008 total 0.176 s [A hit] [B cached]
dist_mn node 1: 20132659 x 16777216 limbs over 3 x 4 ranks (cap 2^25): 1 x 2 pieces, 2 formed, 0 skipped (low cut) (cache 2 slots: 6 hits, 18 misses)
dist_mn node 2: 2^25 = 2^12 x 2^13 over 3 x 4 ranks (general map), 3 primes (rows 341..342; 20132659 + 8388608 limbs at 8388608, window [16217975, 28521267) of share [24606583, 36909875), accumulated): redistribute 0.006 ntt 0.151 crt 0.000 out 0.010 spills+carry 0.008 total 0.176 s [A hit] [B cached]
dist_mn node 2: 20132659 x 16777216 limbs over 3 x 4 ranks (cap 2^25): 1 x 2 pieces, 2 formed, 0 skipped (low cut) (cache 2 slots: 6 hits, 18 misses)
dist_mn node 0: 20132659 + 16777216 limbs -> 36909875 (share 12303291): redistribute 0.032 ntt 0.446 crt 0.001 out 0.032 spills+carry 0.010, total 0.518 s
dist_mn node 2: 20132659 + 16777216 limbs -> 36909875 (share 12303292): redistribute 0.036 ntt 0.448 crt 0.001 out 0.024 spills+carry 0.010, total 0.518 s
dist_mn node 1: 20132659 + 16777216 limbs -> 36909875 (share 12303292): redistribute 0.036 ntt 0.442 crt 0.001 out 0.030 spills+carry 0.010, total 0.518 s
dist_mn node 0: 2^25 = 2^12 x 2^13 over 3 x 4 ranks (general map), 3 primes (rows 341..342; 20132659 + 8388608 limbs at 0, window [0, 12303291) of share [0, 12303291)): redistribute 0.038 ntt 0.290 crt 0.000 out 0.016 spills+carry 0.002 total 0.338 s [A cached] [B cached]
dist_mn node 1: 2^25 = 2^12 x 2^13 over 3 x 4 ranks (general map), 3 primes (rows 341..342; 20132659 + 8388608 limbs at 0, window [12303291, 24606582) of share [12303291, 24606582)): redistribute 0.038 ntt 0.294 crt 0.001 out 0.019 spills+carry 0.002 total 0.338 s [A cached] [B cached]
dist_mn node 2: 2^25 = 2^12 x 2^13 over 3 x 4 ranks (general map), 3 primes (rows 341..342; 20132659 + 8388608 limbs at 0, window [24606582, 28521267) of share [24606582, 36909874)): redistribute 0.033 ntt 0.290 crt 0.001 out 0.013 spills+carry 0.002 total 0.337 s [A cached] [B cached]
dist_mn node 0: 2^25 = 2^12 x 2^13 over 3 x 4 ranks (general map), 3 primes (rows 341..342; 20132659 + 8388608 limbs at 8388608, window [0, 3914683) of share [0, 12303291), accumulated): redistribute 0.005 ntt 0.167 crt 0.000 out 0.015 spills+carry 0.008 total 0.195 s [A hit] [B cached]
dist_mn node 0: 20132659 x 16777216 limbs over 3 x 4 ranks (cap 2^25): 1 x 2 pieces, 2 formed, 0 skipped (low product) (low cut) (cache 2 slots: 7 hits, 21 misses)
dist_mn node 1: 2^25 = 2^12 x 2^13 over 3 x 4 ranks (general map), 3 primes (rows 341..342; 20132659 + 8388608 limbs at 8388608, window [3914683, 16217974) of share [12303291, 24606582), accumulated): redistribute 0.006 ntt 0.166 crt 0.000 out 0.014 spills+carry 0.008 total 0.195 s [A hit] [B cached]
dist_mn node 1: 20132659 x 16777216 limbs over 3 x 4 ranks (cap 2^25): 1 x 2 pieces, 2 formed, 0 skipped (low product) (low cut) (cache 2 slots: 7 hits, 21 misses)
dist_mn node 2: 2^25 = 2^12 x 2^13 over 3 x 4 ranks (general map), 3 primes (rows 341..342; 20132659 + 8388608 limbs at 8388608, window [16217974, 28521266) of share [24606582, 36909874), accumulated): redistribute 0.007 ntt 0.167 crt 0.000 out 0.013 spills+carry 0.008 total 0.195 s [A hit] [B cached]
dist_mn node 2: 20132659 x 16777216 limbs over 3 x 4 ranks (cap 2^25): 1 x 2 pieces, 2 formed, 0 skipped (low product) (low cut) (cache 2 slots: 7 hits, 21 misses)
dist_mn node 1: 20132659 + 16777216 limbs -> 36909874 (share 12303291): redistribute 0.044 ntt 0.460 crt 0.001 out 0.033 spills+carry 0.010, total 0.535 s
dist_mn node 0: 20132659 + 16777216 limbs -> 36909874 (share 12303291): redistribute 0.043 ntt 0.457 crt 0.001 out 0.030 spills+carry 0.010, total 0.535 s
dist_mn node 2: 20132659 + 16777216 limbs -> 36909874 (share 12303292): redistribute 0.040 ntt 0.457 crt 0.001 out 0.026 spills+carry 0.010, total 0.535 s
dist_mn node 0: 2^25 = 2^12 x 2^13 over 3 x 4 ranks (general map), 3 primes (rows 341..342; 20132659 + 8388608 limbs at 0, window [0, 12303291) of share [0, 12303291)): redistribute 0.032 ntt 0.301 crt 0.000 out 0.015 spills+carry 0.002 total 0.347 s [A cached] [B cached]
dist_mn node 1: 2^25 = 2^12 x 2^13 over 3 x 4 ranks (general map), 3 primes (rows 341..342; 20132659 + 8388608 limbs at 0, window [12303291, 24606583) of share [12303291, 24606583)): redistribute 0.030 ntt 0.303 crt 0.000 out 0.014 spills+carry 0.002 total 0.347 s [A cached] [B cached]
dist_mn node 2: 2^25 = 2^12 x 2^13 over 3 x 4 ranks (general map), 3 primes (rows 341..342; 20132659 + 8388608 limbs at 0, window [24606583, 28521267) of share [24606583, 36909875)): redistribute 0.032 ntt 0.304 crt 0.000 out 0.017 spills+carry 0.002 total 0.347 s [A cached] [B cached]
dist_mn node 0: 2^25 = 2^12 x 2^13 over 3 x 4 ranks (general map), 3 primes (rows 341..342; 20132659 + 8388608 limbs at 8388608, window [0, 3914683) of share [0, 12303291), accumulated): redistribute 0.005 ntt 0.165 crt 0.000 out 0.014 spills+carry 0.008 total 0.192 s [A hit] [B cached]
dist_mn node 0: 20132659 x 16777216 limbs over 3 x 4 ranks (cap 2^25): 1 x 2 pieces, 2 formed, 0 skipped (low cut) (cache 2 slots: 8 hits, 24 misses)
dist_mn node 1: 2^25 = 2^12 x 2^13 over 3 x 4 ranks (general map), 3 primes (rows 341..342; 20132659 + 8388608 limbs at 8388608, window [3914683, 16217975) of share [12303291, 24606583), accumulated): redistribute 0.006 ntt 0.166 crt 0.000 out 0.012 spills+carry 0.008 total 0.192 s [A hit] [B cached]
dist_mn node 1: 20132659 x 16777216 limbs over 3 x 4 ranks (cap 2^25): 1 x 2 pieces, 2 formed, 0 skipped (low cut) (cache 2 slots: 8 hits, 24 misses)
dist_mn node 2: 2^25 = 2^12 x 2^13 over 3 x 4 ranks (general map), 3 primes (rows 341..342; 20132659 + 8388608 limbs at 8388608, window [16217975, 28521267) of share [24606583, 36909875), accumulated): redistribute 0.007 ntt 0.162 crt 0.000 out 0.014 spills+carry 0.009 total 0.192 s [A hit] [B cached]
dist_mn node 2: 20132659 x 16777216 limbs over 3 x 4 ranks (cap 2^25): 1 x 2 pieces, 2 formed, 0 skipped (low cut) (cache 2 slots: 8 hits, 24 misses)
dist_mn node 0: 20132659 + 16777216 limbs -> 36909875 (share 12303291): redistribute 0.037 ntt 0.466 crt 0.001 out 0.029 spills+carry 0.010, total 0.541 s
dist_mn node 1: 20132659 + 16777216 limbs -> 36909875 (share 12303292): redistribute 0.036 ntt 0.469 crt 0.001 out 0.026 spills+carry 0.010, total 0.541 s
dist_mn node 2: 20132659 + 16777216 limbs -> 36909875 (share 12303292): redistribute 0.039 ntt 0.466 crt 0.001 out 0.031 spills+carry 0.010, total 0.541 s
dist_mn node 0: 2^25 = 2^12 x 2^13 over 3 x 4 ranks (general map), 3 primes (rows 341..342; 20132659 + 8388608 limbs at 0, window [0, 12303291) of share [0, 12303291)): redistribute 0.032 ntt 0.265 crt 0.000 out 0.014 spills+carry 0.002 total 0.308 s [A cached] [B cached]
dist_mn node 1: 2^25 = 2^12 x 2^13 over 3 x 4 ranks (general map), 3 primes (rows 341..342; 20132659 + 8388608 limbs at 0, window [12303291, 24606582) of share [12303291, 24606582)): redistribute 0.033 ntt 0.267 crt 0.000 out 0.017 spills+carry 0.002 total 0.309 s [A cached] [B cached]
dist_mn node 2: 2^25 = 2^12 x 2^13 over 3 x 4 ranks (general map), 3 primes (rows 341..342; 20132659 + 8388608 limbs at 0, window [24606582, 28521267) of share [24606582, 36909874)): redistribute 0.031 ntt 0.269 crt 0.000 out 0.011 spills+carry 0.002 total 0.307 s [A cached] [B cached]
dist_mn node 0: 2^25 = 2^12 x 2^13 over 3 x 4 ranks (general map), 3 primes (rows 341..342; 20132659 + 8388608 limbs at 8388608, window [0, 3914683) of share [0, 12303291), accumulated): redistribute 0.005 ntt 0.159 crt 0.000 out 0.015 spills+carry 0.008 total 0.188 s [A hit] [B cached]
dist_mn node 0: 20132659 x 16777216 limbs over 3 x 4 ranks (cap 2^25): 1 x 2 pieces, 2 formed, 0 skipped (low product) (low cut) (cache 2 slots: 9 hits, 27 misses)
dist_mn node 1: 2^25 = 2^12 x 2^13 over 3 x 4 ranks (general map), 3 primes (rows 341..342; 20132659 + 8388608 limbs at 8388608, window [3914683, 16217974) of share [12303291, 24606582), accumulated): redistribute 0.005 ntt 0.160 crt 0.000 out 0.014 spills+carry 0.008 total 0.188 s [A hit] [B cached]
dist_mn node 1: 20132659 x 16777216 limbs over 3 x 4 ranks (cap 2^25): 1 x 2 pieces, 2 formed, 0 skipped (low product) (low cut) (cache 2 slots: 9 hits, 27 misses)
dist_mn node 2: 2^25 = 2^12 x 2^13 over 3 x 4 ranks (general map), 3 primes (rows 341..342; 20132659 + 8388608 limbs at 8388608, window [16217974, 28521266) of share [24606582, 36909874), accumulated): redistribute 0.008 ntt 0.155 crt 0.000 out 0.017 spills+carry 0.008 total 0.188 s [A hit] [B cached]
dist_mn node 2: 20132659 x 16777216 limbs over 3 x 4 ranks (cap 2^25): 1 x 2 pieces, 2 formed, 0 skipped (low product) (low cut) (cache 2 slots: 9 hits, 27 misses)
dist_mn node 0: 20132659 + 16777216 limbs -> 36909874 (share 12303291): redistribute 0.038 ntt 0.424 crt 0.001 out 0.029 spills+carry 0.010, total 0.499 s
dist_mn node 2: 20132659 + 16777216 limbs -> 36909874 (share 12303292): redistribute 0.039 ntt 0.424 crt 0.001 out 0.028 spills+carry 0.010, total 0.499 s
dist_mn node 1: 20132659 + 16777216 limbs -> 36909874 (share 12303291): redistribute 0.038 ntt 0.427 crt 0.001 out 0.031 spills+carry 0.010, total 0.499 s
dist_mn node 0: 20132659 x 16777216 limbs over 3 x 4 ranks (cap 2^25): 1 x 2 pieces, 0 formed, 2 skipped (low cut) (cache 2 slots: 9 hits, 27 misses)
dist_mn node 1: 20132659 x 16777216 limbs over 3 x 4 ranks (cap 2^25): 1 x 2 pieces, 0 formed, 2 skipped (low cut) (cache 2 slots: 9 hits, 27 misses)
dist_mn node 2: 20132659 x 16777216 limbs over 3 x 4 ranks (cap 2^25): 1 x 2 pieces, 0 formed, 2 skipped (low cut) (cache 2 slots: 9 hits, 27 misses)
dist_mn node 0: 20132659 + 16777216 limbs -> 0 (share 12303291): redistribute 0.000 ntt 0.000 crt 0.000 out 0.000 spills+carry 0.000, total 0.002 s
dist_mn node 2: 20132659 + 16777216 limbs -> 0 (share 12303292): redistribute 0.000 ntt 0.000 crt 0.000 out 0.000 spills+carry 0.000, total 0.002 s
dist_mn node 1: 20132659 + 16777216 limbs -> 0 (share 12303292): redistribute 0.000 ntt 0.000 crt 0.000 out 0.000 spills+carry 0.000, total 0.003 s
mdev 2^25 (28521267 limbs): repack 0.032 h2d 0.001 fwd 0.003 inv 0.001 d2h 0.035 crt 0.025 total 0.076 s
mdev 2^25 (28521267 limbs): repack 0.039 h2d 0.001 fwd 0.003 inv 0.001 d2h 0.051 crt 0.035 total 0.109 s
mdev 2^25 (28521267 limbs): repack 0.041 h2d 0.001 fwd 0.003 inv 0.001 d2h 0.033 crt 0.040 total 0.119 s
mdev 2^25 (28521267 limbs): repack 0.029 h2d 0.001 fwd 0.003 inv 0.002 d2h 0.057 crt 0.019 total 0.111 s
mdev 2^25 (28521267 limbs): repack 0.085 h2d 0.001 fwd 0.003 inv 0.001 d2h 0.043 crt 0.027 total 0.140 s
mdev 2^25 (28521267 limbs): repack 0.025 h2d 0.001 fwd 0.003 inv 0.001 d2h 0.073 crt 0.042 total 0.112 s
dist_mn node 0: 20132659 x 16777216 limbs over 3 x 4 ranks (cap 2^25): 1 x 2 pieces, 0 formed, 2 skipped (low product) (low cut) (cache 2 slots: 9 hits, 27 misses)
dist_mn node 2: 20132659 x 16777216 limbs over 3 x 4 ranks (cap 2^25): 1 x 2 pieces, 0 formed, 2 skipped (low product) (low cut) (cache 2 slots: 9 hits, 27 misses)
dist_mn node 1: 20132659 x 16777216 limbs over 3 x 4 ranks (cap 2^25): 1 x 2 pieces, 0 formed, 2 skipped (low product) (low cut) (cache 2 slots: 9 hits, 27 misses)
dist_mn node 0: 20132659 + 16777216 limbs -> 0 (share 12303291): redistribute 0.000 ntt 0.000 crt 0.000 out 0.000 spills+carry 0.000, total 0.002 s
dist_mn node 2: 20132659 + 16777216 limbs -> 0 (share 12303292): redistribute 0.000 ntt 0.000 crt 0.000 out 0.000 spills+carry 0.000, total 0.002 s
dist_mn node 1: 20132659 + 16777216 limbs -> 0 (share 12303291): redistribute 0.000 ntt 0.000 crt 0.000 out 0.000 spills+carry 0.000, total 0.010 s
mdev 2^25 (28521267 limbs): repack 0.036 h2d 0.001 fwd 0.005 inv 0.003 d2h 0.034 crt 0.017 total 0.083 s
mdev 2^25 (28521267 limbs): repack 0.038 h2d 0.001 fwd 0.004 inv 0.001 d2h 0.049 crt 0.048 total 0.106 s
mdev 2^25 (28521267 limbs): repack 0.044 h2d 0.001 fwd 0.005 inv 0.003 d2h 0.054 crt 0.027 total 0.115 s
mdev 2^25 (28521267 limbs): repack 0.028 h2d 0.001 fwd 0.003 inv 0.001 d2h 0.042 crt 0.028 total 0.080 s
mdev 2^25 (28521267 limbs): repack 0.032 h2d 0.001 fwd 0.003 inv 0.002 d2h 0.040 crt 0.019 total 0.082 s
mdev 2^25 (28521267 limbs): repack 0.037 h2d 0.001 fwd 0.003 inv 0.001 d2h 0.044 crt 0.017 total 0.087 s
dist_mn node 0: 2^25 = 2^12 x 2^13 over 3 x 4 ranks (general map), 3 primes (rows 341..342; 20132659 + 8388608 limbs at 0, window [0, 12303291) of share [0, 12303291)): redistribute 0.030 ntt 0.294 crt 0.001 out 0.017 spills+carry 0.002 total 0.343 s [B cached]
dist_mn node 1: 2^25 = 2^12 x 2^13 over 3 x 4 ranks (general map), 3 primes (rows 341..342; 20132659 + 8388608 limbs at 0, window [12303291, 24606583) of share [12303291, 24606583)): redistribute 0.027 ntt 0.294 crt 0.000 out 0.020 spills+carry 0.002 total 0.342 s [B cached]
dist_mn node 2: 2^25 = 2^12 x 2^13 over 3 x 4 ranks (general map), 3 primes (rows 341..342; 20132659 + 8388608 limbs at 0, window [24606583, 28521267) of share [24606583, 36909875)): redistribute 0.030 ntt 0.295 crt 0.001 out 0.019 spills+carry 0.002 total 0.338 s [B cached]
dist_mn node 0: 2^25 = 2^12 x 2^13 over 3 x 4 ranks (general map), 3 primes (rows 341..342; 20132659 + 8388608 limbs at 8388608, window [0, 3914683) of share [0, 12303291), accumulated): redistribute 0.015 ntt 0.243 crt 0.000 out 0.015 spills+carry 0.008 total 0.281 s [B cached]
dist_mn node 0: 20132659 x 16777216 limbs over 3 x 4 ranks (cap 2^25): 1 x 2 pieces, 2 formed, 0 skipped (cache 2 slots: 9 hits, 29 misses)
dist_mn node 1: 2^25 = 2^12 x 2^13 over 3 x 4 ranks (general map), 3 primes (rows 341..342; 20132659 + 8388608 limbs at 8388608, window [3914683, 16217975) of share [12303291, 24606583), accumulated): redistribute 0.017 ntt 0.242 crt 0.000 out 0.013 spills+carry 0.008 total 0.281 s [B cached]
dist_mn node 1: 20132659 x 16777216 limbs over 3 x 4 ranks (cap 2^25): 1 x 2 pieces, 2 formed, 0 skipped (cache 2 slots: 9 hits, 29 misses)
dist_mn node 2: 2^25 = 2^12 x 2^13 over 3 x 4 ranks (general map), 3 primes (rows 341..342; 20132659 + 8388608 limbs at 8388608, window [16217975, 28521267) of share [24606583, 36909875), accumulated): redistribute 0.016 ntt 0.244 crt 0.001 out 0.012 spills+carry 0.008 total 0.281 s [B cached]
dist_mn node 2: 20132659 x 16777216 limbs over 3 x 4 ranks (cap 2^25): 1 x 2 pieces, 2 formed, 0 skipped (cache 2 slots: 9 hits, 29 misses)
dist_mn node 0: 20132659 + 16777216 limbs -> 36909875 (share 12303291): redistribute 0.044 ntt 0.537 crt 0.001 out 0.032 spills+carry 0.010, total 0.630 s
dist_mn node 1: 20132659 + 16777216 limbs -> 36909875 (share 12303292): redistribute 0.044 ntt 0.536 crt 0.001 out 0.032 spills+carry 0.010, total 0.635 s
dist_mn node 2: 20132659 + 16777216 limbs -> 36909875 (share 12303292): redistribute 0.046 ntt 0.539 crt 0.001 out 0.031 spills+carry 0.010, total 0.627 s
dist_mn node 0: 2^25 = 2^12 x 2^13 over 3 x 4 ranks (general map), 3 primes (rows 341..342; 20132659 + 8388608 limbs at 0, window [0, 12303291) of share [0, 12303291)): redistribute 0.017 ntt 0.223 crt 0.000 out 0.022 spills+carry 0.002 total 0.263 s [B hit]
dist_mn node 1: 2^25 = 2^12 x 2^13 over 3 x 4 ranks (general map), 3 primes (rows 341..342; 20132659 + 8388608 limbs at 0, window [12303291, 24606582) of share [12303291, 24606582)): redistribute 0.020 ntt 0.221 crt 0.000 out 0.020 spills+carry 0.002 total 0.263 s [B hit]
dist_mn node 2: 2^25 = 2^12 x 2^13 over 3 x 4 ranks (general map), 3 primes (rows 341..342; 20132659 + 8388608 limbs at 0, window [24606582, 28521267) of share [24606582, 36909874)): redistribute 0.014 ntt 0.222 crt 0.000 out 0.023 spills+carry 0.002 total 0.261 s [B hit]
dist_mn node 0: 2^25 = 2^12 x 2^13 over 3 x 4 ranks (general map), 3 primes (rows 341..342; 20132659 + 8388608 limbs at 8388608, window [0, 3914683) of share [0, 12303291), accumulated): redistribute 0.014 ntt 0.165 crt 0.000 out 0.016 spills+carry 0.008 total 0.202 s [B hit]
dist_mn node 0: 20132659 x 16777216 limbs over 3 x 4 ranks (cap 2^25): 1 x 2 pieces, 2 formed, 0 skipped (low product) (cache 2 slots: 11 hits, 29 misses)
dist_mn node 1: 2^25 = 2^12 x 2^13 over 3 x 4 ranks (general map), 3 primes (rows 341..342; 20132659 + 8388608 limbs at 8388608, window [3914683, 16217974) of share [12303291, 24606582), accumulated): redistribute 0.012 ntt 0.167 crt 0.000 out 0.014 spills+carry 0.008 total 0.202 s [B hit]
dist_mn node 1: 20132659 x 16777216 limbs over 3 x 4 ranks (cap 2^25): 1 x 2 pieces, 2 formed, 0 skipped (low product) (cache 2 slots: 11 hits, 29 misses)
dist_mn node 2: 2^25 = 2^12 x 2^13 over 3 x 4 ranks (general map), 3 primes (rows 341..342; 20132659 + 8388608 limbs at 8388608, window [16217974, 28521266) of share [24606582, 36909874), accumulated): redistribute 0.014 ntt 0.165 crt 0.000 out 0.014 spills+carry 0.008 total 0.202 s [B hit]
dist_mn node 2: 20132659 x 16777216 limbs over 3 x 4 ranks (cap 2^25): 1 x 2 pieces, 2 formed, 0 skipped (low product) (cache 2 slots: 11 hits, 29 misses)
dist_mn node 0: 20132659 + 16777216 limbs -> 36909874 (share 12303291): redistribute 0.031 ntt 0.388 crt 0.001 out 0.038 spills+carry 0.010, total 0.467 s
dist_mn node 1: 20132659 + 16777216 limbs -> 36909874 (share 12303291): redistribute 0.032 ntt 0.388 crt 0.001 out 0.034 spills+carry 0.010, total 0.467 s
dist_mn node 2: 20132659 + 16777216 limbs -> 36909874 (share 12303292): redistribute 0.027 ntt 0.387 crt 0.001 out 0.038 spills+carry 0.010, total 0.466 s
dist_mn node 0: 2^25 = 2^12 x 2^13 over 3 x 4 ranks (general map), 3 primes (rows 341..342; 10066329 + 16777209 limbs at 0, window [0, 8947846) of share [0, 8947846)): redistribute 0.039 ntt 0.301 crt 0.000 out 0.012 spills+carry 0.003 total 0.340 s
dist_mn node 0: 10066329 x 16777209 limbs over 3 x 4 ranks (cap 2^25): 1 x 1 pieces, 1 formed, 0 skipped (cache 0 slots: 0 hits, 0 misses)
dist_mn node 1: 2^25 = 2^12 x 2^13 over 3 x 4 ranks (general map), 3 primes (rows 341..342; 10066329 + 16777209 limbs at 0, window [8947846, 17895692) of share [8947846, 17895692)): redistribute 0.033 ntt 0.298 crt 0.000 out 0.014 spills+carry 0.003 total 0.340 s
dist_mn node 1: 10066329 x 16777209 limbs over 3 x 4 ranks (cap 2^25): 1 x 1 pieces, 1 formed, 0 skipped (cache 0 slots: 0 hits, 0 misses)
dist_mn node 2: 2^25 = 2^12 x 2^13 over 3 x 4 ranks (general map), 3 primes (rows 341..342; 10066329 + 16777209 limbs at 0, window [17895692, 26843538) of share [17895692, 26843538)): redistribute 0.037 ntt 0.297 crt 0.000 out 0.015 spills+carry 0.003 total 0.340 s
dist_mn node 2: 10066329 x 16777209 limbs over 3 x 4 ranks (cap 2^25): 1 x 1 pieces, 1 formed, 0 skipped (cache 0 slots: 0 hits, 0 misses)
dist_mn node 0: 10066329 + 16777209 limbs -> 26843538 (share 8947846): redistribute 0.039 ntt 0.301 crt 0.000 out 0.012 spills+carry 0.003, total 0.341 s
dist_mn node 1: 10066329 + 16777209 limbs -> 26843538 (share 8947846): redistribute 0.033 ntt 0.298 crt 0.000 out 0.014 spills+carry 0.003, total 0.341 s
dist_mn node 2: 10066329 + 16777209 limbs -> 26843538 (share 8947846): redistribute 0.037 ntt 0.297 crt 0.000 out 0.015 spills+carry 0.003, total 0.341 s
mdev 2^25 (26843538 limbs): repack 0.038 h2d 0.001 fwd 0.008 inv 0.005 d2h 0.038 crt 0.042 total 0.092 s
mdev 2^25 (26843538 limbs): repack 0.039 h2d 0.001 fwd 0.009 inv 0.003 d2h 0.059 crt 0.038 total 0.116 s
mdev 2^25 (26843538 limbs): repack 0.037 h2d 0.001 fwd 0.006 inv 0.006 d2h 0.078 crt 0.083 total 0.149 s
dist_mn node 0: 2^25 = 2^12 x 2^13 over 3 x 4 ranks (general map), 3 primes (rows 341..342; 10066329 + 16777209 limbs at 0, window [0, 3355444) of share [0, 3355444)): redistribute 0.039 ntt 0.303 crt 0.000 out 0.007 spills+carry 0.003 total 0.337 s
dist_mn node 0: 10066329 x 16777209 limbs over 3 x 4 ranks (cap 2^25): 1 x 1 pieces, 1 formed, 0 skipped (low product) (cache 0 slots: 0 hits, 0 misses)
dist_mn node 1: 2^25 = 2^12 x 2^13 over 3 x 4 ranks (general map), 3 primes (rows 341..342; 10066329 + 16777209 limbs at 0, window [3355444, 6710888) of share [3355444, 6710888)): redistribute 0.050 ntt 0.301 crt 0.000 out 0.008 spills+carry 0.003 total 0.348 s
dist_mn node 1: 10066329 x 16777209 limbs over 3 x 4 ranks (cap 2^25): 1 x 1 pieces, 1 formed, 0 skipped (low product) (cache 0 slots: 0 hits, 0 misses)
dist_mn node 2: 2^25 = 2^12 x 2^13 over 3 x 4 ranks (general map), 3 primes (rows 341..342; 10066329 + 16777209 limbs at 0, window [6710888, 10066332) of share [6710888, 10066332)): redistribute 0.023 ntt 0.297 crt 0.000 out 0.010 spills+carry 0.003 total 0.328 s
dist_mn node 2: 10066329 x 16777209 limbs over 3 x 4 ranks (cap 2^25): 1 x 1 pieces, 1 formed, 0 skipped (low product) (cache 0 slots: 0 hits, 0 misses)
dist_mn node 0: 10066329 + 16777209 limbs -> 10066332 (share 3355444): redistribute 0.039 ntt 0.303 crt 0.000 out 0.007 spills+carry 0.003, total 0.340 s
dist_mn node 1: 10066329 + 16777209 limbs -> 10066332 (share 3355444): redistribute 0.050 ntt 0.301 crt 0.000 out 0.008 spills+carry 0.003, total 0.349 s
dist_mn node 2: 10066329 + 16777209 limbs -> 10066332 (share 3355444): redistribute 0.023 ntt 0.297 crt 0.000 out 0.010 spills+carry 0.003, total 0.331 s
dist_mn node 0: 2^25 = 2^12 x 2^13 over 3 x 4 ranks (general map), 3 primes (rows 341..342; 20132659 + 8388608 limbs at 0, window [0, 12303292) of share [0, 12303292)): redistribute 0.034 ntt 0.343 crt 0.000 out 0.017 spills+carry 0.002 total 0.389 s [A cached] [B cached]
dist_mn node 1: 2^25 = 2^12 x 2^13 over 3 x 4 ranks (general map), 3 primes (rows 341..342; 20132659 + 8388608 limbs at 0, window [12303292, 24606584) of share [12303292, 24606584)): redistribute 0.030 ntt 0.340 crt 0.000 out 0.019 spills+carry 0.002 total 0.387 s [A cached] [B cached]
dist_mn node 2: 2^25 = 2^12 x 2^13 over 3 x 4 ranks (general map), 3 primes (rows 341..342; 20132659 + 8388608 limbs at 0, window [24606584, 28521267) of share [24606584, 36909876)): redistribute 0.034 ntt 0.344 crt 0.000 out 0.014 spills+carry 0.002 total 0.388 s [A cached] [B cached]
dist_mn node 0: 2^25 = 2^12 x 2^13 over 3 x 4 ranks (general map), 3 primes (rows 341..342; 20132659 + 8388608 limbs at 8388608, window [0, 3914684) of share [0, 12303292), accumulated): redistribute 0.005 ntt 0.155 crt 0.000 out 0.014 spills+carry 0.008 total 0.182 s [A hit] [B cached]
dist_mn node 1: 2^25 = 2^12 x 2^13 over 3 x 4 ranks (general map), 3 primes (rows 341..342; 20132659 + 8388608 limbs at 8388608, window [3914684, 16217976) of share [12303292, 24606584), accumulated): redistribute 0.006 ntt 0.158 crt 0.000 out 0.012 spills+carry 0.008 total 0.182 s [A hit] [B cached]
dist_mn node 2: 2^25 = 2^12 x 2^13 over 3 x 4 ranks (general map), 3 primes (rows 341..342; 20132659 + 8388608 limbs at 8388608, window [16217976, 28521267) of share [24606584, 36909876), accumulated): redistribute 0.006 ntt 0.153 crt 0.000 out 0.015 spills+carry 0.008 total 0.182 s [A hit] [B cached]
mdb_add_shifted node 0: 16777213 limbs at 0 into a basis of 36909876 (my window [0, 12303292), 1 rounds of 3075824; slabs 3075823 + 3075823 limbs per APU 0): 0.029 s
dist_mn node 0: 20132659 x 16777216 limbs over 3 x 4 ranks (cap 2^25): 1 x 2 pieces, 2 formed, 0 skipped (cache 2 slots: 1 hits, 3 misses)
mdb_add_shifted node 1: 16777213 limbs at 0 into a basis of 36909876 (my window [12303292, 16777213), 1 rounds of 3075824; slabs 0 + 1118480 limbs per APU 0): 0.029 s
dist_mn node 1: 20132659 x 16777216 limbs over 3 x 4 ranks (cap 2^25): 1 x 2 pieces, 2 formed, 0 skipped (cache 2 slots: 1 hits, 3 misses)
mdb_add_shifted node 2: 16777213 limbs at 0 into a basis of 36909876 (my window [24606584, 24606584), 1 rounds of 3075824; slabs 1118480 + 0 limbs per APU 0): 0.029 s
dist_mn node 2: 20132659 x 16777216 limbs over 3 x 4 ranks (cap 2^25): 1 x 2 pieces, 2 formed, 0 skipped (cache 2 slots: 1 hits, 3 misses)
dist_mn node 1: 20132659 + 16777216 + x limbs -> 36909875 (share 12303292): redistribute 0.036 ntt 0.498 crt 0.001 out 0.031 spills+carry 0.010, total 0.614 s
dist_mn node 0: 20132659 + 16777216 + x limbs -> 36909875 (share 12303292): redistribute 0.039 ntt 0.498 crt 0.001 out 0.031 spills+carry 0.010, total 0.622 s
dist_mn node 2: 20132659 + 16777216 + x limbs -> 36909875 (share 12303292): redistribute 0.040 ntt 0.497 crt 0.001 out 0.029 spills+carry 0.010, total 0.602 s
mdb_add_shifted node 1: 16777213 limbs at 0 into a basis of 36909876 (my window [12303292, 16777213), 1 rounds of 3075824; slabs 0 + 1118480 limbs per APU 0): 0.063 s
mdb_add_shifted node 2: 16777213 limbs at 0 into a basis of 36909876 (my window [24606584, 24606584), 1 rounds of 3075824; slabs 1118480 + 0 limbs per APU 0): 0.078 s
mdb_add_shifted node 0: 16777213 limbs at 0 into a basis of 36909876 (my window [0, 12303292), 1 rounds of 3075824; slabs 3075823 + 3075823 limbs per APU 0): 0.033 s
mdb_add_shifted node 1: 16777213 limbs at 7 into a basis of 36909876 (my window [12303292, 16777220), 1 rounds of 3075824; slabs 0 + 1118482 limbs per APU 0): 0.098 s
mdb_add_shifted node 2: 16777213 limbs at 7 into a basis of 36909876 (my window [24606584, 24606584), 1 rounds of 3075824; slabs 1118482 + 0 limbs per APU 0): 0.085 s
mdb_add_shifted node 0: 16777213 limbs at 7 into a basis of 36909876 (my window [7, 12303292), 1 rounds of 3075824; slabs 3075821 + 3075821 limbs per APU 0): 0.024 s
mdb_add_shifted node 0: 16777213 limbs at 10066329 into a basis of 36909876 (my window [10066329, 12303292), 1 rounds of 3075824; slabs 3635063 + 559240 limbs per APU 0): 0.030 s
mdb_add_shifted node 1: 16777213 limbs at 10066329 into a basis of 36909876 (my window [12303292, 24606584), 1 rounds of 3075824; slabs 0 + 3075823 limbs per APU 0): 0.099 s
mdb_add_shifted node 2: 16777213 limbs at 10066329 into a basis of 36909876 (my window [24606584, 26843542), 1 rounds of 3075824; slabs 559239 + 559239 limbs per APU 0): 0.094 s
mdb_add_shifted node 0: 16777213 limbs at 20132659 into a basis of 36909876 (my window [20132659, 20132659), 1 rounds of 3075824; slabs 2236961 + 0 limbs per APU 0): 0.027 s
mdb_add_shifted node 2: 16777213 limbs at 20132659 into a basis of 36909876 (my window [24606584, 36909872), 1 rounds of 3075824; slabs 0 + 3075822 limbs per APU 0): 0.106 s
mdb_add_shifted node 1: 16777213 limbs at 20132659 into a basis of 36909876 (my window [20132659, 24606584), 1 rounds of 3075824; slabs 1957342 + 1118481 limbs per APU 0): 0.125 s
dbig pool: APU0 hipMalloc 0.05 GB inside the phase (free 0.13 GB in 18 extents, largest 0.02; live 0.09 GB in 16 blocks)
dbig pool: APU1 hipMalloc 0.05 GB inside the phase (free 0.13 GB in 18 extents, largest 0.02; live 0.09 GB in 17 blocks)
dbig pool: APU2 hipMalloc 0.05 GB inside the phase (free 0.13 GB in 18 extents, largest 0.02; live 0.09 GB in 18 blocks)
dbig pool: APU3 hipMalloc 0.05 GB inside the phase (free 0.16 GB in 19 extents, largest 0.03; live 0.09 GB in 19 blocks)
dbig pool: APU0 hipMalloc 0.05 GB inside the phase (free 0.19 GB in 20 extents, largest 0.03; live 0.09 GB in 16 blocks)
dbig pool: APU1 hipMalloc 0.05 GB inside the phase (free 0.15 GB in 19 extents, largest 0.02; live 0.09 GB in 17 blocks)
dbig pool: APU2 hipMalloc 0.05 GB inside the phase (free 0.13 GB in 18 extents, largest 0.02; live 0.09 GB in 18 blocks)
dbig pool: APU3 hipMalloc 0.05 GB inside the phase (free 0.13 GB in 18 extents, largest 0.02; live 0.09 GB in 19 blocks)
dbig pool: APU0 hipMalloc 0.05 GB inside the phase (free 0.13 GB in 18 extents, largest 0.02; live 0.09 GB in 16 blocks)
dbig pool: APU1 hipMalloc 0.05 GB inside the phase (free 0.13 GB in 18 extents, largest 0.02; live 0.09 GB in 17 blocks)
dbig pool: APU2 hipMalloc 0.05 GB inside the phase (free 0.13 GB in 18 extents, largest 0.02; live 0.09 GB in 18 blocks)
dbig pool: APU3 hipMalloc 0.05 GB inside the phase (free 0.13 GB in 18 extents, largest 0.02; live 0.09 GB in 19 blocks)
dbig pool: APU1 hipMalloc 0.02 GB inside the phase (free 0.13 GB in 16 extents, largest 0.02; live 0.14 GB in 25 blocks)
dbig pool: APU1 hipMalloc 0.02 GB inside the phase (free 0.13 GB in 16 extents, largest 0.02; live 0.14 GB in 25 blocks)
dbig pool: APU3 hipMalloc 0.02 GB inside the phase (free 0.13 GB in 16 extents, largest 0.02; live 0.14 GB in 29 blocks)
dbig pool: APU1 hipMalloc 0.02 GB inside the phase (free 0.13 GB in 16 extents, largest 0.02; live 0.16 GB in 26 blocks)
dbig pool: APU3 hipMalloc 0.02 GB inside the phase (free 0.13 GB in 16 extents, largest 0.02; live 0.16 GB in 30 blocks)
dbig pool: APU1 hipMalloc 0.02 GB inside the phase (free 0.15 GB in 17 extents, largest 0.02; live 0.14 GB in 32 blocks)
dbig pool: APU2 hipMalloc 0.02 GB inside the phase (free 0.13 GB in 16 extents, largest 0.02; live 0.14 GB in 29 blocks)
dbig pool: APU2 hipMalloc 0.02 GB inside the phase (free 0.13 GB in 16 extents, largest 0.02; live 0.16 GB in 30 blocks)
dbig pool: APU1 hipMalloc 0.02 GB inside the phase (free 0.15 GB in 17 extents, largest 0.02; live 0.16 GB in 33 blocks)
dbig pool: APU0 hipMalloc 0.02 GB inside the phase (free 0.13 GB in 16 extents, largest 0.02; live 0.14 GB in 31 blocks)
dbig pool: APU2 hipMalloc 0.02 GB inside the phase (free 0.13 GB in 16 extents, largest 0.02; live 0.14 GB in 34 blocks)
dbig pool: APU0 hipMalloc 0.02 GB inside the phase (free 0.13 GB in 16 extents, largest 0.02; live 0.16 GB in 32 blocks)
dbig pool: APU1 hipMalloc 0.02 GB inside the phase (free 0.13 GB in 16 extents, largest 0.02; live 0.16 GB in 26 blocks)
dbig pool: APU2 hipMalloc 0.02 GB inside the phase (free 0.13 GB in 16 extents, largest 0.02; live 0.16 GB in 35 blocks)
dbig pool: APU3 hipMalloc 0.02 GB inside the phase (free 0.14 GB in 17 extents, largest 0.02; live 0.16 GB in 35 blocks)
dbig pool: APU2 hipMalloc 0.02 GB inside the phase (free 0.13 GB in 16 extents, largest 0.02; live 0.14 GB in 30 blocks)
dbig pool: APU2 hipMalloc 0.02 GB inside the phase (free 0.13 GB in 16 extents, largest 0.02; live 0.16 GB in 31 blocks)
dbig pool: APU0 hipMalloc 0.02 GB inside the phase (free 0.13 GB in 16 extents, largest 0.02; live 0.14 GB in 32 blocks)
dbig pool: APU0 hipMalloc 0.02 GB inside the phase (free 0.13 GB in 16 extents, largest 0.02; live 0.16 GB in 33 blocks)
dbig pool: APU3 hipMalloc 0.02 GB inside the phase (free 0.13 GB in 16 extents, largest 0.02; live 0.14 GB in 34 blocks)
dbig pool: APU3 hipMalloc 0.02 GB inside the phase (free 0.13 GB in 16 extents, largest 0.02; live 0.16 GB in 35 blocks)
dbig pool: APU1 hipMalloc 0.05 GB inside the phase (free 0.20 GB in 19 extents, largest 0.02; live 0.14 GB in 30 blocks)
dbig pool: APU1 hipMalloc 0.04 GB inside the phase (free 0.18 GB in 18 extents, largest 0.02; live 0.14 GB in 30 blocks)
dbig pool: APU2 hipMalloc 0.05 GB inside the phase (free 0.18 GB in 18 extents, largest 0.02; live 0.14 GB in 30 blocks)
dbig pool: APU2 hipMalloc 0.04 GB inside the phase (free 0.18 GB in 18 extents, largest 0.02; live 0.14 GB in 30 blocks)
dbig pool: APU0 hipMalloc 0.04 GB inside the phase (free 0.18 GB in 18 extents, largest 0.02; live 0.14 GB in 30 blocks)
dbig pool: APU0 hipMalloc 0.05 GB inside the phase (free 0.19 GB in 18 extents, largest 0.03; live 0.14 GB in 30 blocks)
dbig pool: APU3 hipMalloc 0.04 GB inside the phase (free 0.18 GB in 18 extents, largest 0.02; live 0.14 GB in 31 blocks)
dbig pool: APU3 hipMalloc 0.05 GB inside the phase (free 0.18 GB in 18 extents, largest 0.02; live 0.14 GB in 31 blocks)
dist_mn node 0: 2^25 = 2^12 x 2^13 over 3 x 4 ranks (general map), 4 primes, P24 (rows 341..342; 34561064 + 8640266 limbs at 0, window [0, 23040709) of share [0, 23040709)): redistribute 0.043 ntt 0.265 crt 0.031 out 0.160 spills+carry 0.005 total 0.530 s
dist_mn node 1: 2^25 = 2^12 x 2^13 over 3 x 4 ranks (general map), 4 primes, P24 (rows 341..342; 34561064 + 8640266 limbs at 0, window [23040709, 43201330) of share [23040709, 46081418)): redistribute 0.036 ntt 0.261 crt 0.033 out 0.166 spills+carry 0.005 total 0.528 s
dbig pool: APU0 hipMalloc 0.05 GB inside the phase (free 0.22 GB in 21 extents, largest 0.04; live 0.14 GB in 20 blocks)
dist_mn node 2: 2^25 = 2^12 x 2^13 over 3 x 4 ranks (general map), 4 primes, P24 (rows 341..342; 34561064 + 8640266 limbs at 0, window [43201330, 43201330) of share [46081418, 69122128)): redistribute 0.032 ntt 0.259 crt 0.024 out 0.182 spills+carry 0.005 total 0.530 s
dbig pool: APU1 hipMalloc 0.05 GB inside the phase (free 0.22 GB in 21 extents, largest 0.04; live 0.14 GB in 21 blocks)
dbig pool: APU2 hipMalloc 0.05 GB inside the phase (free 0.22 GB in 21 extents, largest 0.04; live 0.14 GB in 22 blocks)
dbig pool: APU3 hipMalloc 0.05 GB inside the phase (free 0.22 GB in 21 extents, largest 0.04; live 0.14 GB in 23 blocks)
dbig pool: APU1 hipMalloc 0.03 GB inside the phase (free 0.22 GB in 20 extents, largest 0.02; live 0.17 GB in 33 blocks)
dbig pool: APU1 hipMalloc 0.05 GB inside the phase (free 0.22 GB in 19 extents, largest 0.04; live 0.19 GB in 34 blocks)
dbig pool: APU2 hipMalloc 0.03 GB inside the phase (free 0.20 GB in 19 extents, largest 0.02; live 0.17 GB in 35 blocks)
dbig pool: APU2 hipMalloc 0.05 GB inside the phase (free 0.22 GB in 19 extents, largest 0.04; live 0.19 GB in 35 blocks)
dbig pool: APU3 hipMalloc 0.03 GB inside the phase (free 0.20 GB in 19 extents, largest 0.02; live 0.17 GB in 35 blocks)
dbig pool: APU0 hipMalloc 0.05 GB inside the phase (free 0.22 GB in 19 extents, largest 0.04; live 0.19 GB in 34 blocks)
dbig pool: APU3 hipMalloc 0.05 GB inside the phase (free 0.22 GB in 19 extents, largest 0.04; live 0.19 GB in 35 blocks)
dist_mn node 0: 2^25 = 2^12 x 2^13 over 3 x 4 ranks (general map), 4 primes, P24 (rows 341..342; 34561064 + 8640266 limbs at 8640266, window [0, 14400443) of share [0, 23040709), accumulated): redistribute 0.031 ntt 0.317 crt 0.001 out 0.184 spills+carry 0.014 total 0.549 s
dist_mn node 1: 2^25 = 2^12 x 2^13 over 3 x 4 ranks (general map), 4 primes, P24 (rows 341..342; 34561064 + 8640266 limbs at 8640266, window [14400443, 37441152) of share [23040709, 46081418), accumulated): redistribute 0.015 ntt 0.335 crt 0.007 out 0.110 spills+carry 0.013 total 0.549 s
dist_mn node 2: 2^25 = 2^12 x 2^13 over 3 x 4 ranks (general map), 4 primes, P24 (rows 341..342; 34561064 + 8640266 limbs at 8640266, window [37441152, 43201330) of share [46081418, 69122128), accumulated): redistribute 0.031 ntt 0.316 crt 0.001 out 0.188 spills+carry 0.014 total 0.549 s
dbig pool: APU0 hipMalloc 0.03 GB inside the phase (free 0.18 GB in 20 extents, largest 0.02; live 0.14 GB in 20 blocks)
dbig pool: APU1 hipMalloc 0.03 GB inside the phase (free 0.18 GB in 20 extents, largest 0.02; live 0.14 GB in 21 blocks)
dbig pool: APU2 hipMalloc 0.03 GB inside the phase (free 0.18 GB in 20 extents, largest 0.02; live 0.14 GB in 22 blocks)
dbig pool: APU3 hipMalloc 0.02 GB inside the phase (free 0.13 GB in 18 extents, largest 0.02; live 0.19 GB in 38 blocks)
dbig pool: APU2 hipMalloc 0.03 GB inside the phase (free 0.18 GB in 18 extents, largest 0.02; live 0.17 GB in 33 blocks)
dbig pool: APU0 hipMalloc 0.03 GB inside the phase (free 0.18 GB in 18 extents, largest 0.02; live 0.17 GB in 34 blocks)
dbig pool: APU1 hipMalloc 0.03 GB inside the phase (free 0.18 GB in 18 extents, largest 0.02; live 0.17 GB in 35 blocks)
dbig pool: APU3 hipMalloc 0.03 GB inside the phase (free 0.18 GB in 19 extents, largest 0.02; live 0.17 GB in 35 blocks)
dist_mn node 0: 2^25 = 2^12 x 2^13 over 3 x 4 ranks (general map), 4 primes, P24 (rows 341..342; 34561064 + 8640266 limbs at 17280532, window [0, 5760177) of share [0, 23040709), accumulated): redistribute 0.026 ntt 0.343 crt 0.001 out 0.071 spills+carry 0.010 total 0.449 s
dist_mn node 1: 2^25 = 2^12 x 2^13 over 3 x 4 ranks (general map), 4 primes, P24 (rows 341..342; 34561064 + 8640266 limbs at 17280532, window [5760177, 28800886) of share [23040709, 46081418), accumulated): redistribute 0.027 ntt 0.346 crt 0.001 out 0.071 spills+carry 0.010 total 0.449 s
dist_mn node 2: 2^25 = 2^12 x 2^13 over 3 x 4 ranks (general map), 4 primes, P24 (rows 341..342; 34561064 + 8640266 limbs at 17280532, window [28800886, 43201330) of share [46081418, 69122128), accumulated): redistribute 0.019 ntt 0.342 crt 0.001 out 0.068 spills+carry 0.010 total 0.449 s
dbig pool: APU0 hipMalloc 0.05 GB inside the phase (free 0.24 GB in 22 extents, largest 0.03; live 0.14 GB in 20 blocks)
dbig pool: APU1 hipMalloc 0.05 GB inside the phase (free 0.24 GB in 22 extents, largest 0.03; live 0.14 GB in 21 blocks)
dbig pool: APU2 hipMalloc 0.05 GB inside the phase (free 0.24 GB in 22 extents, largest 0.03; live 0.14 GB in 22 blocks)
dbig pool: APU3 hipMalloc 0.05 GB inside the phase (free 0.24 GB in 22 extents, largest 0.03; live 0.14 GB in 23 blocks)
dbig pool: APU0 hipMalloc 0.05 GB inside the phase (free 0.24 GB in 20 extents, largest 0.03; live 0.19 GB in 35 blocks)
dbig pool: APU1 hipMalloc 0.05 GB inside the phase (free 0.24 GB in 20 extents, largest 0.03; live 0.19 GB in 34 blocks)
dbig pool: APU2 hipMalloc 0.05 GB inside the phase (free 0.24 GB in 20 extents, largest 0.03; live 0.19 GB in 35 blocks)
dbig pool: APU3 hipMalloc 0.05 GB inside the phase (free 0.24 GB in 20 extents, largest 0.03; live 0.19 GB in 34 blocks)
dist_mn node 0: 2^25 = 2^12 x 2^13 over 3 x 4 ranks (general map), 4 primes, P24 (rows 341..342; 34561064 + 8640266 limbs at 25920798, window [0, 0) of share [0, 23040709), accumulated): redistribute 0.032 ntt 0.343 crt 0.001 out 0.184 spills+carry 0.007 total 0.565 s
dist_mn node 0: 34561064 x 34561064 limbs over 3 x 4 ranks (cap 2^25 points, P24): 1 x 4 pieces, 4 formed, 0 skipped (cache 0 slots: 1 hits, 3 misses)
dist_mn node 1: 2^25 = 2^12 x 2^13 over 3 x 4 ranks (general map), 4 primes, P24 (rows 341..342; 34561064 + 8640266 limbs at 25920798, window [0, 20160620) of share [23040709, 46081418), accumulated): redistribute 0.031 ntt 0.344 crt 0.001 out 0.187 spills+carry 0.006 total 0.565 s
dist_mn node 1: 34561064 x 34561064 limbs over 3 x 4 ranks (cap 2^25 points, P24): 1 x 4 pieces, 4 formed, 0 skipped (cache 0 slots: 1 hits, 3 misses)
dist_mn node 2: 2^25 = 2^12 x 2^13 over 3 x 4 ranks (general map), 4 primes, P24 (rows 341..342; 34561064 + 8640266 limbs at 25920798, window [20160620, 43201330) of share [46081418, 69122128), accumulated): redistribute 0.018 ntt 0.389 crt 0.008 out 0.154 spills+carry 0.006 total 0.565 s
dist_mn node 2: 34561064 x 34561064 limbs over 3 x 4 ranks (cap 2^25 points, P24): 1 x 4 pieces, 4 formed, 0 skipped (cache 0 slots: 1 hits, 3 misses)
dist_mn node 0: 34561064 + 34561064 limbs -> 69122128 (share 23040709): redistribute 0.131 ntt 1.269 crt 0.034 out 0.599 spills+carry 0.036, total 2.277 s
dist_mn node 1: 34561064 + 34561064 limbs -> 69122128 (share 23040709): redistribute 0.109 ntt 1.286 crt 0.043 out 0.533 spills+carry 0.034, total 2.112 s
dist_mn node 2: 34561064 + 34561064 limbs -> 69122128 (share 23040710): redistribute 0.100 ntt 1.307 crt 0.034 out 0.592 spills+carry 0.035, total 2.537 s
mdev 3*2^25 (69122128 limbs): repack 0.076 h2d 0.002 fwd 0.026 inv 0.015 d2h 0.068 crt 0.047 total 0.183 s
mdev 3*2^25 (69122128 limbs): repack 0.079 h2d 0.001 fwd 0.031 inv 0.014 d2h 0.053 crt 0.048 total 0.186 s
   2x3 34561064 x 34561064: 2.54 s
mdev 3*2^25 (69122128 limbs): repack 0.083 h2d 0.002 fwd 0.029 inv 0.012 d2h 0.143 crt 0.043 total 0.279 s
dbig pool: APU0 hipMalloc 0.05 GB inside the phase (free 0.21 GB in 19 extents, largest 0.03; live 0.16 GB in 29 blocks)
dbig pool: APU2 hipMalloc 0.05 GB inside the phase (free 0.23 GB in 20 extents, largest 0.03; live 0.16 GB in 30 blocks)
dbig pool: APU1 hipMalloc 0.05 GB inside the phase (free 0.25 GB in 21 extents, largest 0.03; live 0.16 GB in 31 blocks)
dbig pool: APU3 hipMalloc 0.05 GB inside the phase (free 0.23 GB in 20 extents, largest 0.03; live 0.16 GB in 31 blocks)
dist_mn node 0: 2^25 = 2^12 x 2^13 over 3 x 4 ranks (general map), 4 primes, P24 (rows 341..342; 34561064 + 8640266 limbs at 0, window [0, 23040709) of share [0, 23040709)): redistribute 0.045 ntt 0.330 crt 0.001 out 0.025 spills+carry 0.001 total 0.404 s
dist_mn node 1: 2^25 = 2^12 x 2^13 over 3 x 4 ranks (general map), 4 primes, P24 (rows 341..342; 34561064 + 8640266 limbs at 0, window [23040709, 43201330) of share [23040709, 46081419)): redistribute 0.047 ntt 0.340 crt 0.001 out 0.028 spills+carry 0.001 total 0.403 s
dist_mn node 2: 2^25 = 2^12 x 2^13 over 3 x 4 ranks (general map), 4 primes, P24 (rows 341..342; 34561064 + 8640266 limbs at 0, window [43201330, 43201330) of share [46081419, 69122129)): redistribute 0.046 ntt 0.335 crt 0.001 out 0.028 spills+carry 0.001 total 0.403 s
dbig pool: APU0 hipMalloc 0.05 GB inside the phase (free 0.24 GB in 20 extents, largest 0.04; live 0.21 GB in 33 blocks)
dbig pool: APU1 hipMalloc 0.05 GB inside the phase (free 0.24 GB in 20 extents, largest 0.04; live 0.21 GB in 34 blocks)
dbig pool: APU2 hipMalloc 0.05 GB inside the phase (free 0.24 GB in 20 extents, largest 0.04; live 0.21 GB in 35 blocks)
dbig pool: APU3 hipMalloc 0.05 GB inside the phase (free 0.24 GB in 20 extents, largest 0.04; live 0.21 GB in 35 blocks)
dist_mn node 0: 2^25 = 2^12 x 2^13 over 3 x 4 ranks (general map), 4 primes, P24 (rows 341..342; 34561064 + 8640266 limbs at 8640266, window [0, 14400443) of share [0, 23040709), accumulated): redistribute 0.024 ntt 0.340 crt 0.001 out 0.045 spills+carry 0.011 total 0.420 s
dist_mn node 1: 2^25 = 2^12 x 2^13 over 3 x 4 ranks (general map), 4 primes, P24 (rows 341..342; 34561064 + 8640266 limbs at 8640266, window [14400443, 37441153) of share [23040709, 46081419), accumulated): redistribute 0.025 ntt 0.338 crt 0.002 out 0.040 spills+carry 0.011 total 0.420 s
dist_mn node 2: 2^25 = 2^12 x 2^13 over 3 x 4 ranks (general map), 4 primes, P24 (rows 341..342; 34561064 + 8640266 limbs at 8640266, window [37441153, 43201330) of share [46081419, 69122129), accumulated): redistribute 0.023 ntt 0.342 crt 0.001 out 0.046 spills+carry 0.011 total 0.420 s
dist_mn node 0: 2^25 = 2^12 x 2^13 over 3 x 4 ranks (general map), 4 primes, P24 (rows 341..342; 34561064 + 8640266 limbs at 17280532, window [0, 5760177) of share [0, 23040709), accumulated): redistribute 0.023 ntt 0.335 crt 0.001 out 0.019 spills+carry 0.009 total 0.386 s
dist_mn node 1: 2^25 = 2^12 x 2^13 over 3 x 4 ranks (general map), 4 primes, P24 (rows 341..342; 34561064 + 8640266 limbs at 17280532, window [5760177, 28800887) of share [23040709, 46081419), accumulated): redistribute 0.023 ntt 0.335 crt 0.001 out 0.018 spills+carry 0.009 total 0.386 s
dist_mn node 2: 2^25 = 2^12 x 2^13 over 3 x 4 ranks (general map), 4 primes, P24 (rows 341..342; 34561064 + 8640266 limbs at 17280532, window [28800887, 43201330) of share [46081419, 69122129), accumulated): redistribute 0.024 ntt 0.337 crt 0.001 out 0.017 spills+carry 0.009 total 0.386 s
dbig pool: APU0 hipMalloc 0.05 GB inside the phase (free 0.26 GB in 21 extents, largest 0.03; live 0.21 GB in 35 blocks)
dbig pool: APU1 hipMalloc 0.05 GB inside the phase (free 0.26 GB in 21 extents, largest 0.03; live 0.21 GB in 34 blocks)
dbig pool: APU2 hipMalloc 0.05 GB inside the phase (free 0.26 GB in 21 extents, largest 0.03; live 0.21 GB in 35 blocks)
dbig pool: APU3 hipMalloc 0.05 GB inside the phase (free 0.26 GB in 21 extents, largest 0.03; live 0.21 GB in 35 blocks)
dist_mn node 0: 2^25 = 2^12 x 2^13 over 3 x 4 ranks (general map), 4 primes, P24 (rows 341..342; 34561064 + 8640266 limbs at 25920798, window [0, 0) of share [0, 23040709), accumulated): redistribute 0.022 ntt 0.333 crt 0.001 out 0.026 spills+carry 0.007 total 0.389 s
dist_mn node 1: 2^25 = 2^12 x 2^13 over 3 x 4 ranks (general map), 4 primes, P24 (rows 341..342; 34561064 + 8640266 limbs at 25920798, window [0, 20160621) of share [23040709, 46081419), accumulated): redistribute 0.022 ntt 0.335 crt 0.001 out 0.027 spills+carry 0.006 total 0.389 s
dist_mn node 2: 2^25 = 2^12 x 2^13 over 3 x 4 ranks (general map), 4 primes, P24 (rows 341..342; 34561064 + 8640266 limbs at 25920798, window [20160621, 43201330) of share [46081419, 69122129), accumulated): redistribute 0.022 ntt 0.338 crt 0.001 out 0.018 spills+carry 0.006 total 0.389 s
dbig pool: APU0 hipMalloc 0.05 GB inside the phase (free 0.21 GB in 21 extents, largest 0.03; live 0.21 GB in 24 blocks)
dbig pool: APU0 hipMalloc 0.05 GB inside the phase (free 0.21 GB in 21 extents, largest 0.03; live 0.25 GB in 25 blocks)
dbig pool: APU2 hipMalloc 0.05 GB inside the phase (free 0.23 GB in 21 extents, largest 0.03; live 0.21 GB in 28 blocks)
dbig pool: APU1 hipMalloc 0.05 GB inside the phase (free 0.25 GB in 23 extents, largest 0.03; live 0.21 GB in 30 blocks)
dbig pool: APU1 hipMalloc 0.05 GB inside the phase (free 0.25 GB in 23 extents, largest 0.03; live 0.25 GB in 31 blocks)
dbig pool: APU3 hipMalloc 0.05 GB inside the phase (free 0.23 GB in 21 extents, largest 0.03; live 0.21 GB in 31 blocks)
mdb_add_shifted node 0: 34561061 limbs at 0 into a basis of 69122129 (my window [0, 23040709), 1 rounds of 5760192; slabs 5760177 + 5760177 limbs per APU 0): 0.101 s
dist_mn node 0: 34561064 x 34561064 limbs over 3 x 4 ranks (cap 2^25 points, P24): 1 x 4 pieces, 4 formed, 0 skipped (cache 0 slots: 1 hits, 3 misses)
mdb_add_shifted node 1: 34561061 limbs at 0 into a basis of 69122129 (my window [23040709, 34561061), 1 rounds of 5760192; slabs 0 + 2880088 limbs per APU 0): 0.101 s
dist_mn node 1: 34561064 x 34561064 limbs over 3 x 4 ranks (cap 2^25 points, P24): 1 x 4 pieces, 4 formed, 0 skipped (cache 0 slots: 1 hits, 3 misses)
mdb_add_shifted node 2: 34561061 limbs at 0 into a basis of 69122129 (my window [46081419, 46081419), 1 rounds of 5760192; slabs 2880088 + 0 limbs per APU 0): 0.101 s
dist_mn node 2: 34561064 x 34561064 limbs over 3 x 4 ranks (cap 2^25 points, P24): 1 x 4 pieces, 4 formed, 0 skipped (cache 0 slots: 1 hits, 3 misses)
dist_mn node 0: 34561064 + 34561064 + x limbs -> 69122128 (share 23040709): redistribute 0.113 ntt 1.337 crt 0.005 out 0.115 spills+carry 0.028, total 1.826 s
dist_mn node 1: 34561064 + 34561064 + x limbs -> 69122128 (share 23040710): redistribute 0.117 ntt 1.348 crt 0.006 out 0.113 spills+carry 0.027, total 1.810 s
dist_mn node 2: 34561064 + 34561064 + x limbs -> 69122128 (share 23040710): redistribute 0.115 ntt 1.351 crt 0.004 out 0.108 spills+carry 0.027, total 1.703 s
dist_mn node 0: 2^25 = 2^12 x 2^13 over 3 x 4 ranks (general map), 4 primes, P24 (rows 341..342; 34561064 + 8640266 limbs at 0, window [0, 11520355) of share [0, 11520355)): redistribute 0.046 ntt 0.361 crt 0.001 out 0.021 spills+carry 0.001 total 0.412 s
dist_mn node 1: 2^25 = 2^12 x 2^13 over 3 x 4 ranks (general map), 4 primes, P24 (rows 341..342; 34561064 + 8640266 limbs at 0, window [11520355, 23040710) of share [11520355, 23040710)): redistribute 0.054 ntt 0.360 crt 0.001 out 0.022 spills+carry 0.001 total 0.412 s
dist_mn node 2: 2^25 = 2^12 x 2^13 over 3 x 4 ranks (general map), 4 primes, P24 (rows 341..342; 34561064 + 8640266 limbs at 0, window [23040710, 34561066) of share [23040710, 34561066)): redistribute 0.044 ntt 0.364 crt 0.001 out 0.016 spills+carry 0.001 total 0.412 s
dist_mn node 0: 2^25 = 2^12 x 2^13 over 3 x 4 ranks (general map), 4 primes, P24 (rows 341..342; 34561064 + 8640266 limbs at 8640266, window [0, 2880089) of share [0, 11520355), accumulated): redistribute 0.028 ntt 0.362 crt 0.001 out 0.020 spills+carry 0.003 total 0.408 s
dist_mn node 1: 2^25 = 2^12 x 2^13 over 3 x 4 ranks (general map), 4 primes, P24 (rows 341..342; 34561064 + 8640266 limbs at 8640266, window [2880089, 14400444) of share [11520355, 23040710), accumulated): redistribute 0.026 ntt 0.360 crt 0.001 out 0.019 spills+carry 0.003 total 0.408 s
dist_mn node 2: 2^25 = 2^12 x 2^13 over 3 x 4 ranks (general map), 4 primes, P24 (rows 341..342; 34561064 + 8640266 limbs at 8640266, window [14400444, 25920800) of share [23040710, 34561066), accumulated): redistribute 0.030 ntt 0.365 crt 0.001 out 0.016 spills+carry 0.003 total 0.408 s
dist_mn node 0: 2^25 = 2^12 x 2^13 over 3 x 4 ranks (general map), 4 primes, P24 (rows 341..342; 34561064 + 8640266 limbs at 17280532, window [0, 0) of share [0, 11520355), accumulated): redistribute 0.024 ntt 0.374 crt 0.001 out 0.010 spills+carry 0.004 total 0.413 s
dist_mn node 1: 2^25 = 2^12 x 2^13 over 3 x 4 ranks (general map), 4 primes, P24 (rows 341..342; 34561064 + 8640266 limbs at 17280532, window [0, 5760178) of share [11520355, 23040710), accumulated): redistribute 0.026 ntt 0.375 crt 0.001 out 0.008 spills+carry 0.004 total 0.413 s
dist_mn node 2: 2^25 = 2^12 x 2^13 over 3 x 4 ranks (general map), 4 primes, P24 (rows 341..342; 34561064 + 8640266 limbs at 17280532, window [5760178, 17280534) of share [23040710, 34561066), accumulated): redistribute 0.023 ntt 0.374 crt 0.001 out 0.011 spills+carry 0.004 total 0.413 s
dist_mn node 0: 2^25 = 2^12 x 2^13 over 3 x 4 ranks (general map), 4 primes, P24 (rows 341..342; 34561064 + 8640266 limbs at 25920798, window [0, 0) of share [0, 11520355), accumulated): redistribute 0.024 ntt 0.346 crt 0.001 out 0.012 spills+carry 0.005 total 0.384 s
dist_mn node 0: 34561064 x 34561064 limbs over 3 x 4 ranks (cap 2^25 points, P24): 1 x 4 pieces, 4 formed, 0 skipped (low product) (cache 0 slots: 1 hits, 3 misses)
dist_mn node 1: 2^25 = 2^12 x 2^13 over 3 x 4 ranks (general map), 4 primes, P24 (rows 341..342; 34561064 + 8640266 limbs at 25920798, window [0, 0) of share [11520355, 23040710), accumulated): redistribute 0.023 ntt 0.341 crt 0.002 out 0.014 spills+carry 0.005 total 0.384 s
dist_mn node 1: 34561064 x 34561064 limbs over 3 x 4 ranks (cap 2^25 points, P24): 1 x 4 pieces, 4 formed, 0 skipped (low product) (cache 0 slots: 1 hits, 3 misses)
dist_mn node 2: 2^25 = 2^12 x 2^13 over 3 x 4 ranks (general map), 4 primes, P24 (rows 341..342; 34561064 + 8640266 limbs at 25920798, window [0, 8640268) of share [23040710, 34561066), accumulated): redistribute 0.023 ntt 0.350 crt 0.001 out 0.009 spills+carry 0.005 total 0.384 s
dist_mn node 2: 34561064 x 34561064 limbs over 3 x 4 ranks (cap 2^25 points, P24): 1 x 4 pieces, 4 formed, 0 skipped (low product) (cache 0 slots: 1 hits, 3 misses)
dist_mn node 1: 34561064 + 34561064 limbs -> 34561066 (share 11520355): redistribute 0.129 ntt 1.437 crt 0.004 out 0.063 spills+carry 0.012, total 1.620 s
dist_mn node 2: 34561064 + 34561064 limbs -> 34561066 (share 11520356): redistribute 0.120 ntt 1.452 crt 0.004 out 0.052 spills+carry 0.012, total 1.620 s
dist_mn node 0: 34561064 + 34561064 limbs -> 34561066 (share 11520355): redistribute 0.122 ntt 1.442 crt 0.004 out 0.063 spills+carry 0.013, total 1.620 s
dist_mn node 0: 2^25 = 2^12 x 2^13 over 3 x 4 ranks (general map), 3 primes (rows 341..342; 17280533 + 8640267 limbs at 0, window [0, 5760177) of share [0, 5760177)): redistribute 0.037 ntt 0.317 crt 0.000 out 0.010 spills+carry 0.001 total 0.359 s [A cached] [B cached]
dist_mn node 1: 2^25 = 2^12 x 2^13 over 3 x 4 ranks (general map), 3 primes (rows 341..342; 17280533 + 8640267 limbs at 0, window [5760177, 11520355) of share [5760177, 11520355)): redistribute 0.030 ntt 0.321 crt 0.000 out 0.011 spills+carry 0.001 total 0.358 s [A cached] [B cached]
dist_mn node 2: 2^25 = 2^12 x 2^13 over 3 x 4 ranks (general map), 3 primes (rows 341..342; 17280533 + 8640267 limbs at 0, window [11520355, 17280533) of share [11520355, 17280533)): redistribute 0.035 ntt 0.320 crt 0.000 out 0.009 spills+carry 0.001 total 0.357 s [A cached] [B cached]
dist_mn node 0: 2^25 = 2^12 x 2^13 over 3 x 4 ranks (general map), 3 primes (rows 341..342; 17280533 + 8640266 limbs at 8640267, window [0, 0) of share [0, 5760177), accumulated): redistribute 0.007 ntt 0.160 crt 0.000 out 0.010 spills+carry 0.002 total 0.179 s [A hit] [B cached]
dist_mn node 0: 17280533 x 17280533 limbs over 3 x 4 ranks (cap 2^25): 1 x 2 pieces, 2 formed, 0 skipped (low product) (cache 2 slots: 2 hits, 6 misses)
dist_mn node 1: 2^25 = 2^12 x 2^13 over 3 x 4 ranks (general map), 3 primes (rows 341..342; 17280533 + 8640266 limbs at 8640267, window [0, 2880088) of share [5760177, 11520355), accumulated): redistribute 0.008 ntt 0.159 crt 0.000 out 0.010 spills+carry 0.002 total 0.179 s [A hit] [B cached]
dist_mn node 1: 17280533 x 17280533 limbs over 3 x 4 ranks (cap 2^25): 1 x 2 pieces, 2 formed, 0 skipped (low product) (cache 2 slots: 2 hits, 6 misses)
dist_mn node 2: 2^25 = 2^12 x 2^13 over 3 x 4 ranks (general map), 3 primes (rows 341..342; 17280533 + 8640266 limbs at 8640267, window [2880088, 8640266) of share [11520355, 17280533), accumulated): redistribute 0.007 ntt 0.163 crt 0.000 out 0.008 spills+carry 0.002 total 0.179 s [A hit] [B cached]
dist_mn node 2: 17280533 x 17280533 limbs over 3 x 4 ranks (cap 2^25): 1 x 2 pieces, 2 formed, 0 skipped (low product) (cache 2 slots: 2 hits, 6 misses)
dist_mn node 0: 17280533 + 17280533 limbs -> 17280533 (share 5760177): redistribute 0.044 ntt 0.478 crt 0.001 out 0.020 spills+carry 0.003, total 0.542 s
dist_mn node 1: 17280533 + 17280533 limbs -> 17280533 (share 5760178): redistribute 0.038 ntt 0.480 crt 0.001 out 0.021 spills+carry 0.002, total 0.542 s
dist_mn node 2: 17280533 + 17280533 limbs -> 17280533 (share 5760178): redistribute 0.041 ntt 0.483 crt 0.001 out 0.017 spills+carry 0.003, total 0.542 s
dist_mn node 0: 2^25 = 2^12 x 2^13 over 3 x 4 ranks (general map), 4 primes, P24 (rows 341..342; 34561064 + 8640266 limbs at 0, window [0, 23040709) of share [0, 23040709)): redistribute 0.047 ntt 0.434 crt 0.001 out 0.022 spills+carry 0.001 total 0.495 s
dist_mn node 1: 2^25 = 2^12 x 2^13 over 3 x 4 ranks (general map), 4 primes, P24 (rows 341..342; 34561064 + 8640266 limbs at 0, window [23040709, 43201330) of share [23040709, 46081418)): redistribute 0.037 ntt 0.435 crt 0.002 out 0.025 spills+carry 0.001 total 0.496 s
dist_mn node 2: 2^25 = 2^12 x 2^13 over 3 x 4 ranks (general map), 4 primes, P24 (rows 341..342; 34561064 + 8640266 limbs at 0, window [43201330, 43201330) of share [46081418, 69122127)): redistribute 0.047 ntt 0.433 crt 0.002 out 0.026 spills+carry 0.001 total 0.496 s
dist_mn node 0: 2^25 = 2^12 x 2^13 over 3 x 4 ranks (general map), 4 primes, P24 (rows 341..342; 34561064 + 8640266 limbs at 8640266, window [0, 14400443) of share [0, 23040709), accumulated): redistribute 0.022 ntt 0.332 crt 0.001 out 0.030 spills+carry 0.010 total 0.395 s
dist_mn node 1: 2^25 = 2^12 x 2^13 over 3 x 4 ranks (general map), 4 primes, P24 (rows 341..342; 34561064 + 8640266 limbs at 8640266, window [14400443, 37441152) of share [23040709, 46081418), accumulated): redistribute 0.023 ntt 0.335 crt 0.001 out 0.026 spills+carry 0.010 total 0.395 s
dist_mn node 2: 2^25 = 2^12 x 2^13 over 3 x 4 ranks (general map), 4 primes, P24 (rows 341..342; 34561064 + 8640266 limbs at 8640266, window [37441152, 43201330) of share [46081418, 69122127), accumulated): redistribute 0.025 ntt 0.335 crt 0.001 out 0.028 spills+carry 0.010 total 0.395 s
dist_mn node 0: 2^25 = 2^12 x 2^13 over 3 x 4 ranks (general map), 4 primes, P24 (rows 341..342; 34561064 + 8640266 limbs at 17280532, window [0, 5760177) of share [0, 23040709), accumulated): redistribute 0.022 ntt 0.337 crt 0.001 out 0.019 spills+carry 0.010 total 0.389 s
dist_mn node 1: 2^25 = 2^12 x 2^13 over 3 x 4 ranks (general map), 4 primes, P24 (rows 341..342; 34561064 + 8640266 limbs at 17280532, window [5760177, 28800886) of share [23040709, 46081418), accumulated): redistribute 0.023 ntt 0.335 crt 0.001 out 0.020 spills+carry 0.010 total 0.389 s
dist_mn node 2: 2^25 = 2^12 x 2^13 over 3 x 4 ranks (general map), 4 primes, P24 (rows 341..342; 34561064 + 8640266 limbs at 17280532, window [28800886, 43201330) of share [46081418, 69122127), accumulated): redistribute 0.027 ntt 0.336 crt 0.001 out 0.016 spills+carry 0.010 total 0.389 s
dist_mn node 0: 2^25 = 2^12 x 2^13 over 3 x 4 ranks (general map), 4 primes, P24 (rows 341..342; 34561064 + 8640266 limbs at 25920798, window [0, 0) of share [0, 23040709), accumulated): redistribute 0.032 ntt 0.337 crt 0.001 out 0.021 spills+carry 0.006 total 0.388 s
dist_mn node 0: 34561064 x 34561064 limbs over 3 x 4 ranks (cap 2^25 points, P24): 1 x 4 pieces, 4 formed, 0 skipped (low product) (cache 0 slots: 2 hits, 6 misses)
dist_mn node 1: 2^25 = 2^12 x 2^13 over 3 x 4 ranks (general map), 4 primes, P24 (rows 341..342; 34561064 + 8640266 limbs at 25920798, window [0, 20160620) of share [23040709, 46081418), accumulated): redistribute 0.033 ntt 0.338 crt 0.001 out 0.021 spills+carry 0.006 total 0.388 s
dist_mn node 1: 34561064 x 34561064 limbs over 3 x 4 ranks (cap 2^25 points, P24): 1 x 4 pieces, 4 formed, 0 skipped (low product) (cache 0 slots: 2 hits, 6 misses)
dist_mn node 2: 2^25 = 2^12 x 2^13 over 3 x 4 ranks (general map), 4 primes, P24 (rows 341..342; 34561064 + 8640266 limbs at 25920798, window [20160620, 43201329) of share [46081418, 69122127), accumulated): redistribute 0.031 ntt 0.338 crt 0.001 out 0.020 spills+carry 0.006 total 0.388 s
dist_mn node 2: 34561064 x 34561064 limbs over 3 x 4 ranks (cap 2^25 points, P24): 1 x 4 pieces, 4 formed, 0 skipped (low product) (cache 0 slots: 2 hits, 6 misses)
dist_mn node 1: 34561064 + 34561064 limbs -> 69122127 (share 23040709): redistribute 0.117 ntt 1.444 crt 0.005 out 0.091 spills+carry 0.027, total 1.671 s
dist_mn node 2: 34561064 + 34561064 limbs -> 69122127 (share 23040709): redistribute 0.130 ntt 1.441 crt 0.005 out 0.090 spills+carry 0.027, total 1.671 s
dist_mn node 0: 34561064 + 34561064 limbs -> 69122127 (share 23040709): redistribute 0.123 ntt 1.441 crt 0.005 out 0.092 spills+carry 0.028, total 1.671 s
dist_mn node 0: 2^25 = 2^12 x 2^13 over 3 x 4 ranks (general map), 4 primes, P24 (rows 341..342; 34561064 + 8640266 limbs at 0, window [0, 23040709) of share [0, 23040709)): redistribute 0.042 ntt 0.395 crt 0.001 out 0.031 spills+carry 0.001 total 0.466 s
dist_mn node 1: 2^25 = 2^12 x 2^13 over 3 x 4 ranks (general map), 4 primes, P24 (rows 341..342; 34561064 + 8640266 limbs at 0, window [23040709, 43201330) of share [23040709, 46081418)): redistribute 0.049 ntt 0.392 crt 0.001 out 0.031 spills+carry 0.001 total 0.465 s
dist_mn node 2: 2^25 = 2^12 x 2^13 over 3 x 4 ranks (general map), 4 primes, P24 (rows 341..342; 34561064 + 8640266 limbs at 0, window [43201330, 43201330) of share [46081418, 69122128)): redistribute 0.042 ntt 0.396 crt 0.001 out 0.028 spills+carry 0.001 total 0.466 s
dist_mn node 0: 2^25 = 2^12 x 2^13 over 3 x 4 ranks (general map), 4 primes, P24 (rows 341..342; 34561064 + 8640266 limbs at 8640266, window [0, 14400443) of share [0, 23040709), accumulated): redistribute 0.025 ntt 0.322 crt 0.001 out 0.020 spills+carry 0.011 total 0.372 s
dist_mn node 1: 2^25 = 2^12 x 2^13 over 3 x 4 ranks (general map), 4 primes, P24 (rows 341..342; 34561064 + 8640266 limbs at 8640266, window [14400443, 37441152) of share [23040709, 46081418), accumulated): redistribute 0.026 ntt 0.323 crt 0.001 out 0.017 spills+carry 0.011 total 0.372 s
dist_mn node 2: 2^25 = 2^12 x 2^13 over 3 x 4 ranks (general map), 4 primes, P24 (rows 341..342; 34561064 + 8640266 limbs at 8640266, window [37441152, 43201330) of share [46081418, 69122128), accumulated): redistribute 0.028 ntt 0.319 crt 0.001 out 0.018 spills+carry 0.011 total 0.372 s
dist_mn node 0: 2^25 = 2^12 x 2^13 over 3 x 4 ranks (general map), 4 primes, P24 (rows 341..342; 34561064 + 8640266 limbs at 17280532, window [0, 5760177) of share [0, 23040709), accumulated): redistribute 0.025 ntt 0.319 crt 0.001 out 0.017 spills+carry 0.010 total 0.366 s
dist_mn node 1: 2^25 = 2^12 x 2^13 over 3 x 4 ranks (general map), 4 primes, P24 (rows 341..342; 34561064 + 8640266 limbs at 17280532, window [5760177, 28800886) of share [23040709, 46081418), accumulated): redistribute 0.025 ntt 0.317 crt 0.001 out 0.020 spills+carry 0.010 total 0.366 s
dist_mn node 2: 2^25 = 2^12 x 2^13 over 3 x 4 ranks (general map), 4 primes, P24 (rows 341..342; 34561064 + 8640266 limbs at 17280532, window [28800886, 43201330) of share [46081418, 69122128), accumulated): redistribute 0.023 ntt 0.320 crt 0.001 out 0.017 spills+carry 0.009 total 0.366 s
dist_mn node 0: 2^25 = 2^12 x 2^13 over 3 x 4 ranks (general map), 4 primes, P24 (rows 341..342; 34561064 + 8640266 limbs at 25920798, window [0, 0) of share [0, 23040709), accumulated): redistribute 0.025 ntt 0.329 crt 0.001 out 0.018 spills+carry 0.007 total 0.379 s
dist_mn node 0: 34561064 x 34561064 limbs over 3 x 4 ranks (cap 2^25 points, P24): 1 x 4 pieces, 4 formed, 0 skipped (low cut) (cache 0 slots: 2 hits, 6 misses)
dist_mn node 1: 2^25 = 2^12 x 2^13 over 3 x 4 ranks (general map), 4 primes, P24 (rows 341..342; 34561064 + 8640266 limbs at 25920798, window [0, 20160620) of share [23040709, 46081418), accumulated): redistribute 0.023 ntt 0.331 crt 0.001 out 0.018 spills+carry 0.006 total 0.379 s
dist_mn node 1: 34561064 x 34561064 limbs over 3 x 4 ranks (cap 2^25 points, P24): 1 x 4 pieces, 4 formed, 0 skipped (low cut) (cache 0 slots: 2 hits, 6 misses)
dist_mn node 2: 2^25 = 2^12 x 2^13 over 3 x 4 ranks (general map), 4 primes, P24 (rows 341..342; 34561064 + 8640266 limbs at 25920798, window [20160620, 43201330) of share [46081418, 69122128), accumulated): redistribute 0.024 ntt 0.326 crt 0.001 out 0.022 spills+carry 0.006 total 0.379 s
dist_mn node 2: 34561064 x 34561064 limbs over 3 x 4 ranks (cap 2^25 points, P24): 1 x 4 pieces, 4 formed, 0 skipped (low cut) (cache 0 slots: 2 hits, 6 misses)
dist_mn node 0: 34561064 + 34561064 limbs -> 69122128 (share 23040709): redistribute 0.117 ntt 1.365 crt 0.005 out 0.086 spills+carry 0.028, total 1.586 s
dist_mn node 1: 34561064 + 34561064 limbs -> 69122128 (share 23040709): redistribute 0.122 ntt 1.363 crt 0.005 out 0.086 spills+carry 0.027, total 1.586 s
dist_mn node 2: 34561064 + 34561064 limbs -> 69122128 (share 23040710): redistribute 0.117 ntt 1.362 crt 0.003 out 0.085 spills+carry 0.028, total 1.586 s
dist_mn node 0: 2^25 = 2^12 x 2^13 over 3 x 4 ranks (general map), 4 primes, P24 (rows 341..342; 34561064 + 8640266 limbs at 0, window [0, 23040709) of share [0, 23040709)): redistribute 0.048 ntt 0.360 crt 0.001 out 0.029 spills+carry 0.001 total 0.427 s
dist_mn node 1: 2^25 = 2^12 x 2^13 over 3 x 4 ranks (general map), 4 primes, P24 (rows 341..342; 34561064 + 8640266 limbs at 0, window [23040709, 43201330) of share [23040709, 46081418)): redistribute 0.047 ntt 0.359 crt 0.001 out 0.028 spills+carry 0.001 total 0.426 s
dist_mn node 2: 2^25 = 2^12 x 2^13 over 3 x 4 ranks (general map), 4 primes, P24 (rows 341..342; 34561064 + 8640266 limbs at 0, window [43201330, 43201330) of share [46081418, 69122127)): redistribute 0.046 ntt 0.360 crt 0.001 out 0.030 spills+carry 0.001 total 0.425 s
dist_mn node 0: 2^25 = 2^12 x 2^13 over 3 x 4 ranks (general map), 4 primes, P24 (rows 341..342; 34561064 + 8640266 limbs at 8640266, window [0, 14400443) of share [0, 23040709), accumulated): redistribute 0.022 ntt 0.327 crt 0.001 out 0.030 spills+carry 0.010 total 0.389 s
dist_mn node 1: 2^25 = 2^12 x 2^13 over 3 x 4 ranks (general map), 4 primes, P24 (rows 341..342; 34561064 + 8640266 limbs at 8640266, window [14400443, 37441152) of share [23040709, 46081418), accumulated): redistribute 0.021 ntt 0.327 crt 0.001 out 0.030 spills+carry 0.010 total 0.389 s
dist_mn node 2: 2^25 = 2^12 x 2^13 over 3 x 4 ranks (general map), 4 primes, P24 (rows 341..342; 34561064 + 8640266 limbs at 8640266, window [37441152, 43201330) of share [46081418, 69122127), accumulated): redistribute 0.021 ntt 0.332 crt 0.001 out 0.026 spills+carry 0.010 total 0.389 s
dist_mn node 0: 2^25 = 2^12 x 2^13 over 3 x 4 ranks (general map), 4 primes, P24 (rows 341..342; 34561064 + 8640266 limbs at 17280532, window [0, 5760177) of share [0, 23040709), accumulated): redistribute 0.032 ntt 0.342 crt 0.001 out 0.015 spills+carry 0.010 total 0.393 s
dist_mn node 1: 2^25 = 2^12 x 2^13 over 3 x 4 ranks (general map), 4 primes, P24 (rows 341..342; 34561064 + 8640266 limbs at 17280532, window [5760177, 28800886) of share [23040709, 46081418), accumulated): redistribute 0.031 ntt 0.341 crt 0.001 out 0.017 spills+carry 0.010 total 0.393 s
dist_mn node 2: 2^25 = 2^12 x 2^13 over 3 x 4 ranks (general map), 4 primes, P24 (rows 341..342; 34561064 + 8640266 limbs at 17280532, window [28800886, 43201330) of share [46081418, 69122127), accumulated): redistribute 0.035 ntt 0.346 crt 0.001 out 0.017 spills+carry 0.010 total 0.393 s
dist_mn node 0: 2^25 = 2^12 x 2^13 over 3 x 4 ranks (general map), 4 primes, P24 (rows 341..342; 34561064 + 8640266 limbs at 25920798, window [0, 0) of share [0, 23040709), accumulated): redistribute 0.023 ntt 0.324 crt 0.001 out 0.023 spills+carry 0.007 total 0.373 s
dist_mn node 0: 34561064 x 34561064 limbs over 3 x 4 ranks (cap 2^25 points, P24): 1 x 4 pieces, 4 formed, 0 skipped (low product) (low cut) (cache 0 slots: 2 hits, 6 misses)
dist_mn node 1: 2^25 = 2^12 x 2^13 over 3 x 4 ranks (general map), 4 primes, P24 (rows 341..342; 34561064 + 8640266 limbs at 25920798, window [0, 20160620) of share [23040709, 46081418), accumulated): redistribute 0.023 ntt 0.323 crt 0.001 out 0.022 spills+carry 0.006 total 0.373 s
dist_mn node 1: 34561064 x 34561064 limbs over 3 x 4 ranks (cap 2^25 points, P24): 1 x 4 pieces, 4 formed, 0 skipped (low product) (low cut) (cache 0 slots: 2 hits, 6 misses)
dist_mn node 2: 2^25 = 2^12 x 2^13 over 3 x 4 ranks (general map), 4 primes, P24 (rows 341..342; 34561064 + 8640266 limbs at 25920798, window [20160620, 43201329) of share [46081418, 69122127), accumulated): redistribute 0.023 ntt 0.327 crt 0.001 out 0.021 spills+carry 0.006 total 0.373 s
dist_mn node 2: 34561064 x 34561064 limbs over 3 x 4 ranks (cap 2^25 points, P24): 1 x 4 pieces, 4 formed, 0 skipped (low product) (low cut) (cache 0 slots: 2 hits, 6 misses)
dist_mn node 0: 34561064 + 34561064 limbs -> 69122127 (share 23040709): redistribute 0.125 ntt 1.354 crt 0.005 out 0.097 spills+carry 0.028, total 1.586 s
dist_mn node 2: 34561064 + 34561064 limbs -> 69122127 (share 23040709): redistribute 0.123 ntt 1.366 crt 0.004 out 0.093 spills+carry 0.027, total 1.586 s
dist_mn node 1: 34561064 + 34561064 limbs -> 69122127 (share 23040709): redistribute 0.123 ntt 1.350 crt 0.005 out 0.097 spills+carry 0.027, total 1.586 s
dist_mn node 0: 2^25 = 2^12 x 2^13 over 3 x 4 ranks (general map), 4 primes, P24 (rows 341..342; 34561064 + 8640266 limbs at 0, window [0, 23040709) of share [0, 23040709)): redistribute 0.055 ntt 0.369 crt 0.001 out 0.029 spills+carry 0.001 total 0.439 s
dist_mn node 1: 2^25 = 2^12 x 2^13 over 3 x 4 ranks (general map), 4 primes, P24 (rows 341..342; 34561064 + 8640266 limbs at 0, window [23040709, 43201330) of share [23040709, 46081418)): redistribute 0.036 ntt 0.371 crt 0.001 out 0.030 spills+carry 0.001 total 0.438 s
dist_mn node 2: 2^25 = 2^12 x 2^13 over 3 x 4 ranks (general map), 4 primes, P24 (rows 341..342; 34561064 + 8640266 limbs at 0, window [43201330, 43201330) of share [46081418, 69122128)): redistribute 0.056 ntt 0.371 crt 0.001 out 0.024 spills+carry 0.001 total 0.440 s
dist_mn node 0: 2^25 = 2^12 x 2^13 over 3 x 4 ranks (general map), 4 primes, P24 (rows 341..342; 34561064 + 8640266 limbs at 8640266, window [0, 14400443) of share [0, 23040709), accumulated): redistribute 0.022 ntt 0.338 crt 0.001 out 0.024 spills+carry 0.011 total 0.395 s
dist_mn node 1: 2^25 = 2^12 x 2^13 over 3 x 4 ranks (general map), 4 primes, P24 (rows 341..342; 34561064 + 8640266 limbs at 8640266, window [14400443, 37441152) of share [23040709, 46081418), accumulated): redistribute 0.023 ntt 0.337 crt 0.001 out 0.024 spills+carry 0.011 total 0.395 s
dist_mn node 2: 2^25 = 2^12 x 2^13 over 3 x 4 ranks (general map), 4 primes, P24 (rows 341..342; 34561064 + 8640266 limbs at 8640266, window [37441152, 43201330) of share [46081418, 69122128), accumulated): redistribute 0.024 ntt 0.341 crt 0.001 out 0.020 spills+carry 0.011 total 0.395 s
dist_mn node 0: 2^25 = 2^12 x 2^13 over 3 x 4 ranks (general map), 4 primes, P24 (rows 341..342; 34561064 + 8640266 limbs at 17280532, window [0, 5760177) of share [0, 23040709), accumulated): redistribute 0.025 ntt 0.320 crt 0.001 out 0.023 spills+carry 0.010 total 0.372 s
dist_mn node 1: 2^25 = 2^12 x 2^13 over 3 x 4 ranks (general map), 4 primes, P24 (rows 341..342; 34561064 + 8640266 limbs at 17280532, window [5760177, 28800886) of share [23040709, 46081418), accumulated): redistribute 0.026 ntt 0.321 crt 0.001 out 0.018 spills+carry 0.010 total 0.372 s
dist_mn node 2: 2^25 = 2^12 x 2^13 over 3 x 4 ranks (general map), 4 primes, P24 (rows 341..342; 34561064 + 8640266 limbs at 17280532, window [28800886, 43201330) of share [46081418, 69122128), accumulated): redistribute 0.029 ntt 0.319 crt 0.001 out 0.018 spills+carry 0.010 total 0.372 s
dist_mn node 0: 2^25 = 2^12 x 2^13 over 3 x 4 ranks (general map), 4 primes, P24 (rows 341..342; 34561064 + 8640266 limbs at 25920798, window [0, 0) of share [0, 23040709), accumulated): redistribute 0.024 ntt 0.333 crt 0.001 out 0.020 spills+carry 0.007 total 0.383 s
dist_mn node 0: 34561064 x 34561064 limbs over 3 x 4 ranks (cap 2^25 points, P24): 1 x 4 pieces, 4 formed, 0 skipped (low cut) (cache 0 slots: 2 hits, 6 misses)
dist_mn node 1: 2^25 = 2^12 x 2^13 over 3 x 4 ranks (general map), 4 primes, P24 (rows 341..342; 34561064 + 8640266 limbs at 25920798, window [0, 20160620) of share [23040709, 46081418), accumulated): redistribute 0.027 ntt 0.332 crt 0.001 out 0.021 spills+carry 0.007 total 0.383 s
dist_mn node 1: 34561064 x 34561064 limbs over 3 x 4 ranks (cap 2^25 points, P24): 1 x 4 pieces, 4 formed, 0 skipped (low cut) (cache 0 slots: 2 hits, 6 misses)
dist_mn node 2: 2^25 = 2^12 x 2^13 over 3 x 4 ranks (general map), 4 primes, P24 (rows 341..342; 34561064 + 8640266 limbs at 25920798, window [20160620, 43201330) of share [46081418, 69122128), accumulated): redistribute 0.024 ntt 0.335 crt 0.001 out 0.019 spills+carry 0.006 total 0.383 s
dist_mn node 2: 34561064 x 34561064 limbs over 3 x 4 ranks (cap 2^25 points, P24): 1 x 4 pieces, 4 formed, 0 skipped (low cut) (cache 0 slots: 2 hits, 6 misses)
dist_mn node 1: 34561064 + 34561064 limbs -> 69122128 (share 23040709): redistribute 0.112 ntt 1.360 crt 0.004 out 0.094 spills+carry 0.028, total 1.592 s
dist_mn node 0: 34561064 + 34561064 limbs -> 69122128 (share 23040709): redistribute 0.126 ntt 1.360 crt 0.004 out 0.095 spills+carry 0.029, total 1.592 s
dist_mn node 2: 34561064 + 34561064 limbs -> 69122128 (share 23040710): redistribute 0.133 ntt 1.367 crt 0.004 out 0.081 spills+carry 0.029, total 1.592 s
dist_mn node 0: 2^25 = 2^12 x 2^13 over 3 x 4 ranks (general map), 4 primes, P24 (rows 341..342; 34561064 + 8640266 limbs at 0, window [0, 23040709) of share [0, 23040709)): redistribute 0.058 ntt 0.359 crt 0.001 out 0.026 spills+carry 0.001 total 0.423 s
dist_mn node 1: 2^25 = 2^12 x 2^13 over 3 x 4 ranks (general map), 4 primes, P24 (rows 341..342; 34561064 + 8640266 limbs at 0, window [23040709, 43201330) of share [23040709, 46081418)): redistribute 0.058 ntt 0.363 crt 0.001 out 0.025 spills+carry 0.001 total 0.422 s
dist_mn node 2: 2^25 = 2^12 x 2^13 over 3 x 4 ranks (general map), 4 primes, P24 (rows 341..342; 34561064 + 8640266 limbs at 0, window [43201330, 43201330) of share [46081418, 69122127)): redistribute 0.059 ntt 0.358 crt 0.001 out 0.023 spills+carry 0.001 total 0.422 s
dist_mn node 0: 2^25 = 2^12 x 2^13 over 3 x 4 ranks (general map), 4 primes, P24 (rows 341..342; 34561064 + 8640266 limbs at 8640266, window [0, 14400443) of share [0, 23040709), accumulated): redistribute 0.022 ntt 0.335 crt 0.001 out 0.020 spills+carry 0.011 total 0.388 s
dist_mn node 1: 2^25 = 2^12 x 2^13 over 3 x 4 ranks (general map), 4 primes, P24 (rows 341..342; 34561064 + 8640266 limbs at 8640266, window [14400443, 37441152) of share [23040709, 46081418), accumulated): redistribute 0.022 ntt 0.334 crt 0.001 out 0.020 spills+carry 0.010 total 0.388 s
dist_mn node 2: 2^25 = 2^12 x 2^13 over 3 x 4 ranks (general map), 4 primes, P24 (rows 341..342; 34561064 + 8640266 limbs at 8640266, window [37441152, 43201330) of share [46081418, 69122127), accumulated): redistribute 0.027 ntt 0.333 crt 0.001 out 0.021 spills+carry 0.011 total 0.388 s
dist_mn node 0: 2^25 = 2^12 x 2^13 over 3 x 4 ranks (general map), 4 primes, P24 (rows 341..342; 34561064 + 8640266 limbs at 17280532, window [0, 5760177) of share [0, 23040709), accumulated): redistribute 0.024 ntt 0.325 crt 0.001 out 0.020 spills+carry 0.010 total 0.379 s
dist_mn node 1: 2^25 = 2^12 x 2^13 over 3 x 4 ranks (general map), 4 primes, P24 (rows 341..342; 34561064 + 8640266 limbs at 17280532, window [5760177, 28800886) of share [23040709, 46081418), accumulated): redistribute 0.025 ntt 0.326 crt 0.001 out 0.018 spills+carry 0.010 total 0.379 s
dist_mn node 2: 2^25 = 2^12 x 2^13 over 3 x 4 ranks (general map), 4 primes, P24 (rows 341..342; 34561064 + 8640266 limbs at 17280532, window [28800886, 43201330) of share [46081418, 69122127), accumulated): redistribute 0.022 ntt 0.329 crt 0.001 out 0.017 spills+carry 0.010 total 0.379 s
dist_mn node 0: 2^25 = 2^12 x 2^13 over 3 x 4 ranks (general map), 4 primes, P24 (rows 341..342; 34561064 + 8640266 limbs at 25920798, window [0, 0) of share [0, 23040709), accumulated): redistribute 0.022 ntt 0.318 crt 0.001 out 0.022 spills+carry 0.006 total 0.369 s
dist_mn node 0: 34561064 x 34561064 limbs over 3 x 4 ranks (cap 2^25 points, P24): 1 x 4 pieces, 4 formed, 0 skipped (low product) (low cut) (cache 0 slots: 2 hits, 6 misses)
dist_mn node 1: 2^25 = 2^12 x 2^13 over 3 x 4 ranks (general map), 4 primes, P24 (rows 341..342; 34561064 + 8640266 limbs at 25920798, window [0, 20160620) of share [23040709, 46081418), accumulated): redistribute 0.023 ntt 0.316 crt 0.001 out 0.024 spills+carry 0.006 total 0.369 s
dist_mn node 1: 34561064 x 34561064 limbs over 3 x 4 ranks (cap 2^25 points, P24): 1 x 4 pieces, 4 formed, 0 skipped (low product) (low cut) (cache 0 slots: 2 hits, 6 misses)
dist_mn node 2: 2^25 = 2^12 x 2^13 over 3 x 4 ranks (general map), 4 primes, P24 (rows 341..342; 34561064 + 8640266 limbs at 25920798, window [20160620, 43201329) of share [46081418, 69122127), accumulated): redistribute 0.022 ntt 0.317 crt 0.001 out 0.023 spills+carry 0.006 total 0.369 s
dist_mn node 2: 34561064 x 34561064 limbs over 3 x 4 ranks (cap 2^25 points, P24): 1 x 4 pieces, 4 formed, 0 skipped (low product) (low cut) (cache 0 slots: 2 hits, 6 misses)
dist_mn node 0: 34561064 + 34561064 limbs -> 69122127 (share 23040709): redistribute 0.126 ntt 1.337 crt 0.003 out 0.088 spills+carry 0.028, total 1.560 s
dist_mn node 1: 34561064 + 34561064 limbs -> 69122127 (share 23040709): redistribute 0.127 ntt 1.339 crt 0.004 out 0.087 spills+carry 0.027, total 1.560 s
dist_mn node 2: 34561064 + 34561064 limbs -> 69122127 (share 23040709): redistribute 0.130 ntt 1.337 crt 0.004 out 0.084 spills+carry 0.028, total 1.560 s
dist_mn node 0: 34561064 x 34561064 limbs over 3 x 4 ranks (cap 2^25 points, P24): 1 x 4 pieces, 0 formed, 4 skipped (low cut) (cache 0 slots: 2 hits, 6 misses)
dist_mn node 2: 34561064 x 34561064 limbs over 3 x 4 ranks (cap 2^25 points, P24): 1 x 4 pieces, 0 formed, 4 skipped (low cut) (cache 0 slots: 2 hits, 6 misses)
dist_mn node 1: 34561064 x 34561064 limbs over 3 x 4 ranks (cap 2^25 points, P24): 1 x 4 pieces, 0 formed, 4 skipped (low cut) (cache 0 slots: 2 hits, 6 misses)
dist_mn node 1: 34561064 + 34561064 limbs -> 0 (share 23040709): redistribute 0.000 ntt 0.000 crt 0.000 out 0.000 spills+carry 0.000, total 0.002 s
dist_mn node 2: 34561064 + 34561064 limbs -> 0 (share 23040710): redistribute 0.000 ntt 0.000 crt 0.000 out 0.000 spills+carry 0.000, total 0.006 s
dist_mn node 0: 34561064 + 34561064 limbs -> 0 (share 23040709): redistribute 0.000 ntt 0.000 crt 0.000 out 0.000 spills+carry 0.000, total 0.011 s
mdev 3*2^24 (43201330 limbs): repack 0.058 h2d 0.001 fwd 0.005 inv 0.005 d2h 0.040 crt 0.017 total 0.114 s
mdev 3*2^24 (43201330 limbs): repack 0.062 h2d 0.001 fwd 0.006 inv 0.003 d2h 0.035 crt 0.022 total 0.115 s
mdev 3*2^24 (43201330 limbs): repack 0.096 h2d 0.001 fwd 0.006 inv 0.003 d2h 0.048 crt 0.071 total 0.160 s
mdev 3*2^24 (43201330 limbs): repack 0.074 h2d 0.001 fwd 0.010 inv 0.009 d2h 0.042 crt 0.045 total 0.132 s
mdev 3*2^24 (43201330 limbs): repack 0.068 h2d 0.001 fwd 0.013 inv 0.007 d2h 0.036 crt 0.009 total 0.123 s
mdev 3*2^24 (43201330 limbs): repack 0.056 h2d 0.001 fwd 0.015 inv 0.003 d2h 0.051 crt 0.007 total 0.127 s
mdev 3*2^24 (43201330 limbs): repack 0.057 h2d 0.001 fwd 0.005 inv 0.005 d2h 0.021 crt 0.006 total 0.095 s
mdev 3*2^24 (43201330 limbs): repack 0.050 h2d 0.001 fwd 0.008 inv 0.003 d2h 0.039 crt 0.007 total 0.102 s
mdev 3*2^24 (43201330 limbs): repack 0.057 h2d 0.001 fwd 0.005 inv 0.003 d2h 0.045 crt 0.025 total 0.112 s
mdev 3*2^24 (43201330 limbs): repack 0.058 h2d 0.001 fwd 0.005 inv 0.004 d2h 0.031 crt 0.028 total 0.102 s
mdev 3*2^24 (43201330 limbs): repack 0.053 h2d 0.001 fwd 0.005 inv 0.004 d2h 0.029 crt 0.020 total 0.095 s
mdev 3*2^24 (43201330 limbs): repack 0.045 h2d 0.001 fwd 0.005 inv 0.003 d2h 0.018 crt 0.021 total 0.078 s
dist_mn node 0: 34561064 x 34561064 limbs over 3 x 4 ranks (cap 2^25 points, P24): 1 x 4 pieces, 0 formed, 4 skipped (low product) (low cut) (cache 0 slots: 2 hits, 6 misses)
dist_mn node 1: 34561064 x 34561064 limbs over 3 x 4 ranks (cap 2^25 points, P24): 1 x 4 pieces, 0 formed, 4 skipped (low product) (low cut) (cache 0 slots: 2 hits, 6 misses)
dist_mn node 2: 34561064 x 34561064 limbs over 3 x 4 ranks (cap 2^25 points, P24): 1 x 4 pieces, 0 formed, 4 skipped (low product) (low cut) (cache 0 slots: 2 hits, 6 misses)
dist_mn node 0: 34561064 + 34561064 limbs -> 0 (share 23040709): redistribute 0.000 ntt 0.000 crt 0.000 out 0.000 spills+carry 0.000, total 0.001 s
dist_mn node 1: 34561064 + 34561064 limbs -> 0 (share 23040709): redistribute 0.000 ntt 0.000 crt 0.000 out 0.000 spills+carry 0.000, total 0.001 s
dist_mn node 2: 34561064 + 34561064 limbs -> 0 (share 23040709): redistribute 0.000 ntt 0.000 crt 0.000 out 0.000 spills+carry 0.000, total 0.001 s
mdev 3*2^24 (43201330 limbs): repack 0.049 h2d 0.001 fwd 0.010 inv 0.006 d2h 0.029 crt 0.006 total 0.101 s
mdev 3*2^24 (43201330 limbs): repack 0.040 h2d 0.001 fwd 0.010 inv 0.004 d2h 0.033 crt 0.006 total 0.093 s
mdev 3*2^24 (43201330 limbs): repack 0.064 h2d 0.001 fwd 0.005 inv 0.003 d2h 0.044 crt 0.033 total 0.127 s
mdev 3*2^24 (43201330 limbs): repack 0.075 h2d 0.001 fwd 0.011 inv 0.005 d2h 0.031 crt 0.043 total 0.130 s
mdev 3*2^24 (43201330 limbs): repack 0.085 h2d 0.001 fwd 0.009 inv 0.006 d2h 0.036 crt 0.079 total 0.143 s
mdev 3*2^24 (43201330 limbs): repack 0.065 h2d 0.001 fwd 0.005 inv 0.003 d2h 0.038 crt 0.043 total 0.126 s
mdev 3*2^24 (43201330 limbs): repack 0.052 h2d 0.001 fwd 0.006 inv 0.006 d2h 0.030 crt 0.005 total 0.102 s
mdev 3*2^24 (43201330 limbs): repack 0.051 h2d 0.001 fwd 0.010 inv 0.004 d2h 0.030 crt 0.009 total 0.098 s
mdev 3*2^24 (43201330 limbs): repack 0.037 h2d 0.001 fwd 0.005 inv 0.003 d2h 0.028 crt 0.013 total 0.081 s
mdev 3*2^24 (43201330 limbs): repack 0.059 h2d 0.001 fwd 0.005 inv 0.003 d2h 0.040 crt 0.021 total 0.112 s
mdev 3*2^24 (43201330 limbs): repack 0.069 h2d 0.001 fwd 0.005 inv 0.003 d2h 0.022 crt 0.033 total 0.105 s
mdev 3*2^24 (43201330 limbs): repack 0.047 h2d 0.001 fwd 0.005 inv 0.003 d2h 0.050 crt 0.028 total 0.096 s
dist_mn node 0: 2^25 = 2^12 x 2^13 over 3 x 4 ranks (general map), 4 primes, P24 (rows 341..342; 34561064 + 8640266 limbs at 0, window [0, 23040709) of share [0, 23040709)): redistribute 0.025 ntt 0.261 crt 0.001 out 0.024 spills+carry 0.001 total 0.302 s
dist_mn node 1: 2^25 = 2^12 x 2^13 over 3 x 4 ranks (general map), 4 primes, P24 (rows 341..342; 34561064 + 8640266 limbs at 0, window [23040709, 43201330) of share [23040709, 46081418)): redistribute 0.027 ntt 0.261 crt 0.001 out 0.023 spills+carry 0.001 total 0.302 s
dist_mn node 2: 2^25 = 2^12 x 2^13 over 3 x 4 ranks (general map), 4 primes, P24 (rows 341..342; 34561064 + 8640266 limbs at 0, window [43201330, 43201330) of share [46081418, 69122128)): redistribute 0.030 ntt 0.259 crt 0.001 out 0.025 spills+carry 0.001 total 0.302 s
dist_mn node 0: 2^25 = 2^12 x 2^13 over 3 x 4 ranks (general map), 4 primes, P24 (rows 341..342; 34561064 + 8640266 limbs at 8640266, window [0, 14400443) of share [0, 23040709), accumulated): redistribute 0.019 ntt 0.319 crt 0.002 out 0.020 spills+carry 0.010 total 0.370 s
dist_mn node 1: 2^25 = 2^12 x 2^13 over 3 x 4 ranks (general map), 4 primes, P24 (rows 341..342; 34561064 + 8640266 limbs at 8640266, window [14400443, 37441152) of share [23040709, 46081418), accumulated): redistribute 0.021 ntt 0.315 crt 0.002 out 0.023 spills+carry 0.010 total 0.370 s
dist_mn node 2: 2^25 = 2^12 x 2^13 over 3 x 4 ranks (general map), 4 primes, P24 (rows 341..342; 34561064 + 8640266 limbs at 8640266, window [37441152, 43201330) of share [46081418, 69122128), accumulated): redistribute 0.025 ntt 0.314 crt 0.002 out 0.022 spills+carry 0.010 total 0.370 s
dist_mn node 0: 2^25 = 2^12 x 2^13 over 3 x 4 ranks (general map), 4 primes, P24 (rows 341..342; 34561064 + 8640266 limbs at 17280532, window [0, 5760177) of share [0, 23040709), accumulated): redistribute 0.021 ntt 0.329 crt 0.001 out 0.018 spills+carry 0.010 total 0.377 s
dist_mn node 1: 2^25 = 2^12 x 2^13 over 3 x 4 ranks (general map), 4 primes, P24 (rows 341..342; 34561064 + 8640266 limbs at 17280532, window [5760177, 28800886) of share [23040709, 46081418), accumulated): redistribute 0.025 ntt 0.329 crt 0.001 out 0.016 spills+carry 0.010 total 0.377 s
dist_mn node 2: 2^25 = 2^12 x 2^13 over 3 x 4 ranks (general map), 4 primes, P24 (rows 341..342; 34561064 + 8640266 limbs at 17280532, window [28800886, 43201330) of share [46081418, 69122128), accumulated): redistribute 0.022 ntt 0.331 crt 0.001 out 0.020 spills+carry 0.009 total 0.377 s
dist_mn node 0: 2^25 = 2^12 x 2^13 over 3 x 4 ranks (general map), 4 primes, P24 (rows 341..342; 34561064 + 8640266 limbs at 25920798, window [0, 0) of share [0, 23040709), accumulated): redistribute 0.024 ntt 0.328 crt 0.001 out 0.019 spills+carry 0.006 total 0.378 s
dist_mn node 0: 34561064 x 34561064 limbs over 3 x 4 ranks (cap 2^25 points, P24): 1 x 4 pieces, 4 formed, 0 skipped (cache 0 slots: 2 hits, 6 misses)
dist_mn node 1: 2^25 = 2^12 x 2^13 over 3 x 4 ranks (general map), 4 primes, P24 (rows 341..342; 34561064 + 8640266 limbs at 25920798, window [0, 20160620) of share [23040709, 46081418), accumulated): redistribute 0.024 ntt 0.329 crt 0.001 out 0.022 spills+carry 0.006 total 0.378 s
dist_mn node 1: 34561064 x 34561064 limbs over 3 x 4 ranks (cap 2^25 points, P24): 1 x 4 pieces, 4 formed, 0 skipped (cache 0 slots: 2 hits, 6 misses)
dist_mn node 2: 2^25 = 2^12 x 2^13 over 3 x 4 ranks (general map), 4 primes, P24 (rows 341..342; 34561064 + 8640266 limbs at 25920798, window [20160620, 43201330) of share [46081418, 69122128), accumulated): redistribute 0.023 ntt 0.328 crt 0.001 out 0.020 spills+carry 0.006 total 0.378 s
dist_mn node 2: 34561064 x 34561064 limbs over 3 x 4 ranks (cap 2^25 points, P24): 1 x 4 pieces, 4 formed, 0 skipped (cache 0 slots: 2 hits, 6 misses)
dist_mn node 0: 34561064 + 34561064 limbs -> 69122128 (share 23040709): redistribute 0.090 ntt 1.236 crt 0.005 out 0.081 spills+carry 0.027, total 1.619 s
dist_mn node 1: 34561064 + 34561064 limbs -> 69122128 (share 23040709): redistribute 0.097 ntt 1.234 crt 0.005 out 0.085 spills+carry 0.027, total 1.430 s
dist_mn node 2: 34561064 + 34561064 limbs -> 69122128 (share 23040710): redistribute 0.100 ntt 1.232 crt 0.004 out 0.088 spills+carry 0.027, total 1.555 s
dist_mn node 0: 2^25 = 2^12 x 2^13 over 3 x 4 ranks (general map), 4 primes, P24 (rows 341..342; 34561064 + 8640266 limbs at 0, window [0, 23040709) of share [0, 23040709)): redistribute 0.042 ntt 0.392 crt 0.001 out 0.027 spills+carry 0.001 total 0.455 s
dist_mn node 1: 2^25 = 2^12 x 2^13 over 3 x 4 ranks (general map), 4 primes, P24 (rows 341..342; 34561064 + 8640266 limbs at 0, window [23040709, 43201330) of share [23040709, 46081418)): redistribute 0.041 ntt 0.393 crt 0.001 out 0.031 spills+carry 0.001 total 0.454 s
dist_mn node 2: 2^25 = 2^12 x 2^13 over 3 x 4 ranks (general map), 4 primes, P24 (rows 341..342; 34561064 + 8640266 limbs at 0, window [43201330, 43201330) of share [46081418, 69122127)): redistribute 0.041 ntt 0.394 crt 0.001 out 0.030 spills+carry 0.001 total 0.454 s
dist_mn node 0: 2^25 = 2^12 x 2^13 over 3 x 4 ranks (general map), 4 primes, P24 (rows 341..342; 34561064 + 8640266 limbs at 8640266, window [0, 14400443) of share [0, 23040709), accumulated): redistribute 0.026 ntt 0.345 crt 0.001 out 0.024 spills+carry 0.010 total 0.401 s
dist_mn node 1: 2^25 = 2^12 x 2^13 over 3 x 4 ranks (general map), 4 primes, P24 (rows 341..342; 34561064 + 8640266 limbs at 8640266, window [14400443, 37441152) of share [23040709, 46081418), accumulated): redistribute 0.025 ntt 0.346 crt 0.001 out 0.025 spills+carry 0.010 total 0.401 s
dist_mn node 2: 2^25 = 2^12 x 2^13 over 3 x 4 ranks (general map), 4 primes, P24 (rows 341..342; 34561064 + 8640266 limbs at 8640266, window [37441152, 43201330) of share [46081418, 69122127), accumulated): redistribute 0.029 ntt 0.348 crt 0.001 out 0.021 spills+carry 0.010 total 0.401 s
dist_mn node 0: 2^25 = 2^12 x 2^13 over 3 x 4 ranks (general map), 4 primes, P24 (rows 341..342; 34561064 + 8640266 limbs at 17280532, window [0, 5760177) of share [0, 23040709), accumulated): redistribute 0.025 ntt 0.343 crt 0.001 out 0.022 spills+carry 0.010 total 0.401 s
dist_mn node 1: 2^25 = 2^12 x 2^13 over 3 x 4 ranks (general map), 4 primes, P24 (rows 341..342; 34561064 + 8640266 limbs at 17280532, window [5760177, 28800886) of share [23040709, 46081418), accumulated): redistribute 0.025 ntt 0.344 crt 0.001 out 0.022 spills+carry 0.009 total 0.401 s
dist_mn node 2: 2^25 = 2^12 x 2^13 over 3 x 4 ranks (general map), 4 primes, P24 (rows 341..342; 34561064 + 8640266 limbs at 17280532, window [28800886, 43201330) of share [46081418, 69122127), accumulated): redistribute 0.027 ntt 0.342 crt 0.001 out 0.020 spills+carry 0.010 total 0.401 s
dist_mn node 0: 2^25 = 2^12 x 2^13 over 3 x 4 ranks (general map), 4 primes, P24 (rows 341..342; 34561064 + 8640266 limbs at 25920798, window [0, 0) of share [0, 23040709), accumulated): redistribute 0.026 ntt 0.326 crt 0.001 out 0.023 spills+carry 0.006 total 0.379 s
dist_mn node 0: 34561064 x 34561064 limbs over 3 x 4 ranks (cap 2^25 points, P24): 1 x 4 pieces, 4 formed, 0 skipped (low product) (cache 0 slots: 2 hits, 6 misses)
dist_mn node 1: 2^25 = 2^12 x 2^13 over 3 x 4 ranks (general map), 4 primes, P24 (rows 341..342; 34561064 + 8640266 limbs at 25920798, window [0, 20160620) of share [23040709, 46081418), accumulated): redistribute 0.027 ntt 0.327 crt 0.001 out 0.020 spills+carry 0.006 total 0.379 s
dist_mn node 1: 34561064 x 34561064 limbs over 3 x 4 ranks (cap 2^25 points, P24): 1 x 4 pieces, 4 formed, 0 skipped (low product) (cache 0 slots: 2 hits, 6 misses)
dist_mn node 2: 2^25 = 2^12 x 2^13 over 3 x 4 ranks (general map), 4 primes, P24 (rows 341..342; 34561064 + 8640266 limbs at 25920798, window [20160620, 43201329) of share [46081418, 69122127), accumulated): redistribute 0.026 ntt 0.329 crt 0.001 out 0.021 spills+carry 0.006 total 0.379 s
dist_mn node 2: 34561064 x 34561064 limbs over 3 x 4 ranks (cap 2^25 points, P24): 1 x 4 pieces, 4 formed, 0 skipped (low product) (cache 0 slots: 2 hits, 6 misses)
dist_mn node 0: 34561064 + 34561064 limbs -> 69122127 (share 23040709): redistribute 0.119 ntt 1.407 crt 0.004 out 0.095 spills+carry 0.027, total 1.638 s
dist_mn node 1: 34561064 + 34561064 limbs -> 69122127 (share 23040709): redistribute 0.119 ntt 1.410 crt 0.004 out 0.098 spills+carry 0.026, total 1.638 s
dist_mn node 2: 34561064 + 34561064 limbs -> 69122127 (share 23040709): redistribute 0.123 ntt 1.412 crt 0.004 out 0.092 spills+carry 0.026, total 1.638 s
dist_mn node 0: 2^25 = 2^12 x 2^13 over 3 x 4 ranks (general map), 4 primes, P24 (rows 341..342; 17280532 + 17280529 limbs at 0, window [0, 17280529) of share [0, 17280529)): redistribute 0.044 ntt 0.344 crt 0.001 out 0.021 spills+carry 0.001 total 0.396 s
dist_mn node 1: 2^25 = 2^12 x 2^13 over 3 x 4 ranks (general map), 4 primes, P24 (rows 341..342; 17280532 + 17280529 limbs at 0, window [17280529, 34561059) of share [17280529, 34561059)): redistribute 0.044 ntt 0.343 crt 0.001 out 0.020 spills+carry 0.001 total 0.396 s
dist_mn node 2: 2^25 = 2^12 x 2^13 over 3 x 4 ranks (general map), 4 primes, P24 (rows 341..342; 17280532 + 17280529 limbs at 0, window [34561059, 34561061) of share [34561059, 51841589)): redistribute 0.043 ntt 0.343 crt 0.001 out 0.023 spills+carry 0.001 total 0.396 s
dist_mn node 0: 2^25 = 2^12 x 2^13 over 3 x 4 ranks (general map), 4 primes, P24 (rows 341..342; 17280532 + 17280528 limbs at 17280529, window [0, 0) of share [0, 17280529), accumulated): redistribute 0.023 ntt 0.335 crt 0.001 out 0.020 spills+carry 0.002 total 0.380 s
dist_mn node 0: 17280532 x 34561057 limbs over 3 x 4 ranks (cap 2^25 points, P24): 1 x 2 pieces, 2 formed, 0 skipped (cache 0 slots: 0 hits, 0 misses)
dist_mn node 1: 2^25 = 2^12 x 2^13 over 3 x 4 ranks (general map), 4 primes, P24 (rows 341..342; 17280532 + 17280528 limbs at 17280529, window [0, 17280530) of share [17280529, 34561059), accumulated): redistribute 0.026 ntt 0.335 crt 0.001 out 0.022 spills+carry 0.002 total 0.380 s
dist_mn node 1: 17280532 x 34561057 limbs over 3 x 4 ranks (cap 2^25 points, P24): 1 x 2 pieces, 2 formed, 0 skipped (cache 0 slots: 0 hits, 0 misses)
dist_mn node 2: 2^25 = 2^12 x 2^13 over 3 x 4 ranks (general map), 4 primes, P24 (rows 341..342; 17280532 + 17280528 limbs at 17280529, window [17280530, 34561060) of share [34561059, 51841589), accumulated): redistribute 0.025 ntt 0.335 crt 0.001 out 0.020 spills+carry 0.002 total 0.380 s
dist_mn node 2: 17280532 x 34561057 limbs over 3 x 4 ranks (cap 2^25 points, P24): 1 x 2 pieces, 2 formed, 0 skipped (cache 0 slots: 0 hits, 0 misses)
dist_mn node 0: 17280532 + 34561057 limbs -> 51841589 (share 17280529): redistribute 0.067 ntt 0.679 crt 0.002 out 0.041 spills+carry 0.003, total 0.779 s
dist_mn node 1: 17280532 + 34561057 limbs -> 51841589 (share 17280530): redistribute 0.070 ntt 0.678 crt 0.002 out 0.042 spills+carry 0.003, total 0.779 s
dist_mn node 2: 17280532 + 34561057 limbs -> 51841589 (share 17280530): redistribute 0.067 ntt 0.678 crt 0.002 out 0.043 spills+carry 0.003, total 0.779 s
mdev 2^26 (51841589 limbs): repack 0.068 h2d 0.001 fwd 0.016 inv 0.009 d2h 0.034 crt 0.028 total 0.133 s
mdev 2^26 (51841589 limbs): repack 0.073 h2d 0.001 fwd 0.019 inv 0.007 d2h 0.025 crt 0.033 total 0.135 s
mdev 2^26 (51841589 limbs): repack 0.068 h2d 0.001 fwd 0.015 inv 0.011 d2h 0.041 crt 0.024 total 0.140 s
dist_mn node 0: 2^25 = 2^12 x 2^13 over 3 x 4 ranks (general map), 4 primes, P24 (rows 341..342; 17280532 + 17280529 limbs at 0, window [0, 5760178) of share [0, 5760178)): redistribute 0.043 ntt 0.378 crt 0.001 out 0.010 spills+carry 0.001 total 0.422 s
dist_mn node 1: 2^25 = 2^12 x 2^13 over 3 x 4 ranks (general map), 4 primes, P24 (rows 341..342; 17280532 + 17280529 limbs at 0, window [5760178, 11520356) of share [5760178, 11520356)): redistribute 0.057 ntt 0.381 crt 0.001 out 0.008 spills+carry 0.001 total 0.421 s
dist_mn node 2: 2^25 = 2^12 x 2^13 over 3 x 4 ranks (general map), 4 primes, P24 (rows 341..342; 17280532 + 17280529 limbs at 0, window [11520356, 17280535) of share [11520356, 17280535)): redistribute 0.057 ntt 0.367 crt 0.001 out 0.013 spills+carry 0.001 total 0.422 s
dist_mn node 0: 2^25 = 2^12 x 2^13 over 3 x 4 ranks (general map), 4 primes, P24 (rows 341..342; 17280532 + 17280528 limbs at 17280529, window [0, 0) of share [0, 5760178), accumulated): redistribute 0.022 ntt 0.327 crt 0.001 out 0.007 spills+carry 0.001 total 0.356 s
dist_mn node 0: 17280532 x 34561057 limbs over 3 x 4 ranks (cap 2^25 points, P24): 1 x 2 pieces, 2 formed, 0 skipped (low product) (cache 0 slots: 0 hits, 0 misses)
dist_mn node 1: 2^25 = 2^12 x 2^13 over 3 x 4 ranks (general map), 4 primes, P24 (rows 341..342; 17280532 + 17280528 limbs at 17280529, window [0, 0) of share [5760178, 11520356), accumulated): redistribute 0.022 ntt 0.328 crt 0.001 out 0.005 spills+carry 0.001 total 0.356 s
dist_mn node 1: 17280532 x 34561057 limbs over 3 x 4 ranks (cap 2^25 points, P24): 1 x 2 pieces, 2 formed, 0 skipped (low product) (cache 0 slots: 0 hits, 0 misses)
dist_mn node 2: 2^25 = 2^12 x 2^13 over 3 x 4 ranks (general map), 4 primes, P24 (rows 341..342; 17280532 + 17280528 limbs at 17280529, window [0, 6) of share [11520356, 17280535), accumulated): redistribute 0.026 ntt 0.328 crt 0.001 out 0.003 spills+carry 0.001 total 0.356 s
dist_mn node 2: 17280532 x 34561057 limbs over 3 x 4 ranks (cap 2^25 points, P24): 1 x 2 pieces, 2 formed, 0 skipped (low product) (cache 0 slots: 0 hits, 0 misses)
dist_mn node 0: 17280532 + 34561057 limbs -> 17280535 (share 5760178): redistribute 0.065 ntt 0.704 crt 0.002 out 0.016 spills+carry 0.001, total 0.810 s
dist_mn node 1: 17280532 + 34561057 limbs -> 17280535 (share 5760178): redistribute 0.078 ntt 0.709 crt 0.002 out 0.013 spills+carry 0.001, total 0.781 s
dist_mn node 2: 17280532 + 34561057 limbs -> 17280535 (share 5760179): redistribute 0.083 ntt 0.695 crt 0.002 out 0.016 spills+carry 0.001, total 0.815 s
dist_mn node 0: 2^25 = 2^12 x 2^13 over 3 x 4 ranks (general map), 4 primes, P24 (rows 341..342; 34561064 + 8640266 limbs at 0, window [0, 23040709) of share [0, 23040709)): redistribute 0.054 ntt 0.422 crt 0.001 out 0.024 spills+carry 0.001 total 0.483 s
dist_mn node 1: 2^25 = 2^12 x 2^13 over 3 x 4 ranks (general map), 4 primes, P24 (rows 341..342; 34561064 + 8640266 limbs at 0, window [23040709, 43201330) of share [23040709, 46081419)): redistribute 0.036 ntt 0.423 crt 0.001 out 0.025 spills+carry 0.001 total 0.482 s
dist_mn node 2: 2^25 = 2^12 x 2^13 over 3 x 4 ranks (general map), 4 primes, P24 (rows 341..342; 34561064 + 8640266 limbs at 0, window [43201330, 43201330) of share [46081419, 69122129)): redistribute 0.054 ntt 0.418 crt 0.001 out 0.028 spills+carry 0.001 total 0.483 s
dist_mn node 0: 2^25 = 2^12 x 2^13 over 3 x 4 ranks (general map), 4 primes, P24 (rows 341..342; 34561064 + 8640266 limbs at 8640266, window [0, 14400443) of share [0, 23040709), accumulated): redistribute 0.023 ntt 0.339 crt 0.002 out 0.025 spills+carry 0.010 total 0.397 s
dist_mn node 1: 2^25 = 2^12 x 2^13 over 3 x 4 ranks (general map), 4 primes, P24 (rows 341..342; 34561064 + 8640266 limbs at 8640266, window [14400443, 37441153) of share [23040709, 46081419), accumulated): redistribute 0.026 ntt 0.338 crt 0.002 out 0.025 spills+carry 0.009 total 0.397 s
dist_mn node 2: 2^25 = 2^12 x 2^13 over 3 x 4 ranks (general map), 4 primes, P24 (rows 341..342; 34561064 + 8640266 limbs at 8640266, window [37441153, 43201330) of share [46081419, 69122129), accumulated): redistribute 0.022 ntt 0.344 crt 0.001 out 0.021 spills+carry 0.009 total 0.397 s
dist_mn node 0: 2^25 = 2^12 x 2^13 over 3 x 4 ranks (general map), 4 primes, P24 (rows 341..342; 34561064 + 8640266 limbs at 17280532, window [0, 5760177) of share [0, 23040709), accumulated): redistribute 0.024 ntt 0.356 crt 0.001 out 0.019 spills+carry 0.009 total 0.408 s
dist_mn node 1: 2^25 = 2^12 x 2^13 over 3 x 4 ranks (general map), 4 primes, P24 (rows 341..342; 34561064 + 8640266 limbs at 17280532, window [5760177, 28800887) of share [23040709, 46081419), accumulated): redistribute 0.023 ntt 0.359 crt 0.001 out 0.017 spills+carry 0.008 total 0.408 s
dist_mn node 2: 2^25 = 2^12 x 2^13 over 3 x 4 ranks (general map), 4 primes, P24 (rows 341..342; 34561064 + 8640266 limbs at 17280532, window [28800887, 43201330) of share [46081419, 69122129), accumulated): redistribute 0.028 ntt 0.357 crt 0.001 out 0.017 spills+carry 0.009 total 0.408 s
dist_mn node 0: 2^25 = 2^12 x 2^13 over 3 x 4 ranks (general map), 4 primes, P24 (rows 341..342; 34561064 + 8640266 limbs at 25920798, window [0, 0) of share [0, 23040709), accumulated): redistribute 0.024 ntt 0.364 crt 0.001 out 0.025 spills+carry 0.007 total 0.417 s
dist_mn node 1: 2^25 = 2^12 x 2^13 over 3 x 4 ranks (general map), 4 primes, P24 (rows 341..342; 34561064 + 8640266 limbs at 25920798, window [0, 20160621) of share [23040709, 46081419), accumulated): redistribute 0.024 ntt 0.363 crt 0.001 out 0.026 spills+carry 0.006 total 0.417 s
dist_mn node 2: 2^25 = 2^12 x 2^13 over 3 x 4 ranks (general map), 4 primes, P24 (rows 341..342; 34561064 + 8640266 limbs at 25920798, window [20160621, 43201330) of share [46081419, 69122129), accumulated): redistribute 0.024 ntt 0.368 crt 0.001 out 0.024 spills+carry 0.006 total 0.417 s
mdb_add_shifted node 0: 34561061 limbs at 0 into a basis of 69122129 (my window [0, 23040709), 1 rounds of 5760192; slabs 5760177 + 5760177 limbs per APU 0): 0.067 s
dist_mn node 0: 34561064 x 34561064 limbs over 3 x 4 ranks (cap 2^25 points, P24): 1 x 4 pieces, 4 formed, 0 skipped (cache 0 slots: 0 hits, 0 misses)
mdb_add_shifted node 1: 34561061 limbs at 0 into a basis of 69122129 (my window [23040709, 34561061), 1 rounds of 5760192; slabs 0 + 2880088 limbs per APU 0): 0.067 s
dist_mn node 1: 34561064 x 34561064 limbs over 3 x 4 ranks (cap 2^25 points, P24): 1 x 4 pieces, 4 formed, 0 skipped (cache 0 slots: 0 hits, 0 misses)
mdb_add_shifted node 2: 34561061 limbs at 0 into a basis of 69122129 (my window [46081419, 46081419), 1 rounds of 5760192; slabs 2880088 + 0 limbs per APU 0): 0.067 s
dist_mn node 2: 34561064 x 34561064 limbs over 3 x 4 ranks (cap 2^25 points, P24): 1 x 4 pieces, 4 formed, 0 skipped (cache 0 slots: 0 hits, 0 misses)
dist_mn node 0: 34561064 + 34561064 + x limbs -> 69122128 (share 23040709): redistribute 0.124 ntt 1.481 crt 0.005 out 0.093 spills+carry 0.026, total 1.775 s
dist_mn node 1: 34561064 + 34561064 + x limbs -> 69122128 (share 23040710): redistribute 0.109 ntt 1.483 crt 0.005 out 0.093 spills+carry 0.025, total 1.807 s
dist_mn node 2: 34561064 + 34561064 + x limbs -> 69122128 (share 23040710): redistribute 0.127 ntt 1.488 crt 0.005 out 0.090 spills+carry 0.026, total 1.799 s
mdb_add_shifted node 0: 34561061 limbs at 0 into a basis of 69122129 (my window [0, 23040709), 1 rounds of 5760192; slabs 5760177 + 5760177 limbs per APU 0): 0.170 s
mdb_add_shifted node 2: 34561061 limbs at 0 into a basis of 69122129 (my window [46081419, 46081419), 1 rounds of 5760192; slabs 2880088 + 0 limbs per APU 0): 0.127 s
mdb_add_shifted node 1: 34561061 limbs at 0 into a basis of 69122129 (my window [23040709, 34561061), 1 rounds of 5760192; slabs 0 + 2880088 limbs per APU 0): 0.143 s
mdb_add_shifted node 1: 34561061 limbs at 7 into a basis of 69122129 (my window [23040709, 34561068), 1 rounds of 5760176; slabs 7 + 2880089 limbs per APU 0): 0.111 s
mdb_add_shifted node 0: 34561061 limbs at 7 into a basis of 69122129 (my window [7, 23040709), 1 rounds of 5760176; slabs 5760175 + 5760175 limbs per APU 0): 0.085 s
mdb_add_shifted node 2: 34561061 limbs at 7 into a basis of 69122129 (my window [46081419, 46081419), 1 rounds of 5760176; slabs 2880082 + 0 limbs per APU 0): 0.079 s
dbig pool: APU0 hipMalloc 0.06 GB inside the phase (free 0.38 GB in 25 extents, largest 0.05; live 0.13 GB in 20 blocks)
dbig pool: APU3 hipMalloc 0.06 GB inside the phase (free 0.39 GB in 26 extents, largest 0.05; live 0.13 GB in 20 blocks)
mdb_add_shifted node 0: 34561061 limbs at 17280532 into a basis of 69122129 (my window [17280532, 23040709), 1 rounds of 5760192; slabs 7200221 + 1440044 limbs per APU 0): 0.186 s
mdb_add_shifted node 1: 34561061 limbs at 17280532 into a basis of 69122129 (my window [23040709, 46081419), 1 rounds of 5760192; slabs 0 + 5760177 limbs per APU 0): 0.127 s
mdb_add_shifted node 2: 34561061 limbs at 17280532 into a basis of 69122129 (my window [46081419, 51841593), 1 rounds of 5760192; slabs 1440043 + 1440043 limbs per APU 0): 0.133 s
mdb_add_shifted node 1: 34561061 limbs at 34561064 into a basis of 69122129 (my window [34561064, 46081419), 1 rounds of 5760192; slabs 5760176 + 2880088 limbs per APU 0): 0.135 s
mdb_add_shifted node 0: 34561061 limbs at 34561064 into a basis of 69122129 (my window [34561064, 34561064), 1 rounds of 5760192; slabs 2880088 + 0 limbs per APU 0): 0.207 s
mdb_add_shifted node 2: 34561061 limbs at 34561064 into a basis of 69122129 (my window [46081419, 69122125), 1 rounds of 5760192; slabs 0 + 5760176 limbs per APU 0): 0.176 s
dist_mn node 0: 2^25 = 2^12 x 2^13 over 3 x 4 ranks (general map), 4 primes, P24 (rows 341..342; 34561064 + 8640266 limbs at 0, window [0, 23040709) of share [0, 23040709)): redistribute 0.064 ntt 0.380 crt 0.001 out 0.028 spills+carry 0.002 total 0.454 s
dist_mn node 1: 2^25 = 2^12 x 2^13 over 3 x 4 ranks (general map), 4 primes, P24 (rows 341..342; 34561064 + 8640266 limbs at 0, window [23040709, 43201330) of share [23040709, 46081418)): redistribute 0.048 ntt 0.380 crt 0.001 out 0.027 spills+carry 0.002 total 0.452 s
dist_mn node 2: 2^25 = 2^12 x 2^13 over 3 x 4 ranks (general map), 4 primes, P24 (rows 341..342; 34561064 + 8640266 limbs at 0, window [43201330, 43201330) of share [46081418, 69122128)): redistribute 0.060 ntt 0.385 crt 0.001 out 0.031 spills+carry 0.003 total 0.452 s
dist_mn node 0: 2^25 = 2^12 x 2^13 over 3 x 4 ranks (general map), 4 primes, P24 (rows 341..342; 34561064 + 8640266 limbs at 8640266, window [0, 14400443) of share [0, 23040709), accumulated): redistribute 0.023 ntt 0.319 crt 0.001 out 0.024 spills+carry 0.012 total 0.374 s
dist_mn node 1: 2^25 = 2^12 x 2^13 over 3 x 4 ranks (general map), 4 primes, P24 (rows 341..342; 34561064 + 8640266 limbs at 8640266, window [14400443, 37441152) of share [23040709, 46081418), accumulated): redistribute 0.023 ntt 0.319 crt 0.001 out 0.023 spills+carry 0.012 total 0.374 s
dist_mn node 2: 2^25 = 2^12 x 2^13 over 3 x 4 ranks (general map), 4 primes, P24 (rows 341..342; 34561064 + 8640266 limbs at 8640266, window [37441152, 43201330) of share [46081418, 69122128), accumulated): redistribute 0.022 ntt 0.319 crt 0.001 out 0.021 spills+carry 0.012 total 0.374 s
dist_mn node 0: 2^25 = 2^12 x 2^13 over 3 x 4 ranks (general map), 4 primes, P24 (rows 341..342; 34561064 + 8640266 limbs at 17280532, window [0, 5760177) of share [0, 23040709), accumulated): redistribute 0.021 ntt 0.326 crt 0.001 out 0.019 spills+carry 0.015 total 0.381 s
dist_mn node 1: 2^25 = 2^12 x 2^13 over 3 x 4 ranks (general map), 4 primes, P24 (rows 341..342; 34561064 + 8640266 limbs at 17280532, window [5760177, 28800886) of share [23040709, 46081418), accumulated): redistribute 0.022 ntt 0.326 crt 0.001 out 0.017 spills+carry 0.014 total 0.381 s
dist_mn node 2: 2^25 = 2^12 x 2^13 over 3 x 4 ranks (general map), 4 primes, P24 (rows 341..342; 34561064 + 8640266 limbs at 17280532, window [28800886, 43201330) of share [46081418, 69122128), accumulated): redistribute 0.022 ntt 0.328 crt 0.001 out 0.018 spills+carry 0.014 total 0.381 s
dist_mn node 0: 2^25 = 2^12 x 2^13 over 3 x 4 ranks (general map), 4 primes, P24 (rows 341..342; 34561064 + 8640266 limbs at 25920798, window [0, 0) of share [0, 23040709), accumulated): redistribute 0.023 ntt 0.321 crt 0.001 out 0.022 spills+carry 0.009 total 0.376 s
dist_mn node 0: 34561064 x 34561064 limbs over 3 x 4 ranks (cap 2^25 points, P24): 1 x 4 pieces, 4 formed, 0 skipped (cache 0 slots: 0 hits, 0 misses)
dist_mn node 1: 2^25 = 2^12 x 2^13 over 3 x 4 ranks (general map), 4 primes, P24 (rows 341..342; 34561064 + 8640266 limbs at 25920798, window [0, 20160620) of share [23040709, 46081418), accumulated): redistribute 0.021 ntt 0.324 crt 0.001 out 0.020 spills+carry 0.009 total 0.376 s
dist_mn node 1: 34561064 x 34561064 limbs over 3 x 4 ranks (cap 2^25 points, P24): 1 x 4 pieces, 4 formed, 0 skipped (cache 0 slots: 0 hits, 0 misses)
dist_mn node 2: 2^25 = 2^12 x 2^13 over 3 x 4 ranks (general map), 4 primes, P24 (rows 341..342; 34561064 + 8640266 limbs at 25920798, window [20160620, 43201330) of share [46081418, 69122128), accumulated): redistribute 0.022 ntt 0.322 crt 0.001 out 0.025 spills+carry 0.009 total 0.376 s
dist_mn node 2: 34561064 x 34561064 limbs over 3 x 4 ranks (cap 2^25 points, P24): 1 x 4 pieces, 4 formed, 0 skipped (cache 0 slots: 0 hits, 0 misses)
dist_mn node 1: 34561064 + 34561064 limbs -> 69122128 (share 23040709): redistribute 0.114 ntt 1.349 crt 0.004 out 0.087 spills+carry 0.038, total 1.588 s
dist_mn node 2: 34561064 + 34561064 limbs -> 69122128 (share 23040710): redistribute 0.127 ntt 1.353 crt 0.003 out 0.095 spills+carry 0.038, total 1.636 s
dist_mn node 0: 34561064 + 34561064 limbs -> 69122128 (share 23040709): redistribute 0.130 ntt 1.346 crt 0.004 out 0.093 spills+carry 0.039, total 1.671 s
mdev 3*2^25 (69122128 limbs): repack 0.089 h2d 0.001 fwd 0.028 inv 0.013 d2h 0.082 crt 0.111 total 0.222 s
mdev 3*2^25 (69122128 limbs): repack 0.115 h2d 0.002 fwd 0.023 inv 0.013 d2h 0.080 crt 0.097 total 0.223 s
mdev 3*2^25 (69122128 limbs): repack 0.091 h2d 0.001 fwd 0.029 inv 0.009 d2h 0.095 crt 0.098 total 0.237 s
dist_mn node 0: 2^25 = 2^12 x 2^13 over 3 x 4 ranks (general map), 4 primes, P24 (rows 341..342; 34561064 + 8640266 limbs at 0, window [0, 23040709) of share [0, 23040709)): redistribute 0.030 ntt 0.354 crt 0.001 out 0.032 spills+carry 0.002 total 0.407 s
dist_mn node 1: 2^25 = 2^12 x 2^13 over 3 x 4 ranks (general map), 4 primes, P24 (rows 341..342; 34561064 + 8640266 limbs at 0, window [23040709, 43201330) of share [23040709, 46081419)): redistribute 0.033 ntt 0.358 crt 0.001 out 0.029 spills+carry 0.002 total 0.407 s
dist_mn node 2: 2^25 = 2^12 x 2^13 over 3 x 4 ranks (general map), 4 primes, P24 (rows 341..342; 34561064 + 8640266 limbs at 0, window [43201330, 43201330) of share [46081419, 69122129)): redistribute 0.029 ntt 0.348 crt 0.001 out 0.032 spills+carry 0.002 total 0.407 s
dist_mn node 0: 2^25 = 2^12 x 2^13 over 3 x 4 ranks (general map), 4 primes, P24 (rows 341..342; 34561064 + 8640266 limbs at 8640266, window [0, 14400443) of share [0, 23040709), accumulated): redistribute 0.022 ntt 0.325 crt 0.001 out 0.024 spills+carry 0.013 total 0.385 s
dist_mn node 1: 2^25 = 2^12 x 2^13 over 3 x 4 ranks (general map), 4 primes, P24 (rows 341..342; 34561064 + 8640266 limbs at 8640266, window [14400443, 37441153) of share [23040709, 46081419), accumulated): redistribute 0.023 ntt 0.328 crt 0.001 out 0.021 spills+carry 0.013 total 0.385 s
dist_mn node 2: 2^25 = 2^12 x 2^13 over 3 x 4 ranks (general map), 4 primes, P24 (rows 341..342; 34561064 + 8640266 limbs at 8640266, window [37441153, 43201330) of share [46081419, 69122129), accumulated): redistribute 0.022 ntt 0.324 crt 0.001 out 0.027 spills+carry 0.013 total 0.386 s
dist_mn node 0: 2^25 = 2^12 x 2^13 over 3 x 4 ranks (general map), 4 primes, P24 (rows 341..342; 34561064 + 8640266 limbs at 17280532, window [0, 5760177) of share [0, 23040709), accumulated): redistribute 0.022 ntt 0.310 crt 0.001 out 0.022 spills+carry 0.015 total 0.369 s
dist_mn node 1: 2^25 = 2^12 x 2^13 over 3 x 4 ranks (general map), 4 primes, P24 (rows 341..342; 34561064 + 8640266 limbs at 17280532, window [5760177, 28800887) of share [23040709, 46081419), accumulated): redistribute 0.022 ntt 0.312 crt 0.001 out 0.021 spills+carry 0.015 total 0.369 s
dist_mn node 2: 2^25 = 2^12 x 2^13 over 3 x 4 ranks (general map), 4 primes, P24 (rows 341..342; 34561064 + 8640266 limbs at 17280532, window [28800887, 43201330) of share [46081419, 69122129), accumulated): redistribute 0.022 ntt 0.311 crt 0.001 out 0.020 spills+carry 0.015 total 0.369 s
dist_mn node 0: 2^25 = 2^12 x 2^13 over 3 x 4 ranks (general map), 4 primes, P24 (rows 341..342; 34561064 + 8640266 limbs at 25920798, window [0, 0) of share [0, 23040709), accumulated): redistribute 0.026 ntt 0.334 crt 0.001 out 0.019 spills+carry 0.009 total 0.387 s
dist_mn node 1: 2^25 = 2^12 x 2^13 over 3 x 4 ranks (general map), 4 primes, P24 (rows 341..342; 34561064 + 8640266 limbs at 25920798, window [0, 20160621) of share [23040709, 46081419), accumulated): redistribute 0.027 ntt 0.336 crt 0.001 out 0.020 spills+carry 0.009 total 0.387 s
dist_mn node 2: 2^25 = 2^12 x 2^13 over 3 x 4 ranks (general map), 4 primes, P24 (rows 341..342; 34561064 + 8640266 limbs at 25920798, window [20160621, 43201330) of share [46081419, 69122129), accumulated): redistribute 0.026 ntt 0.335 crt 0.002 out 0.018 spills+carry 0.009 total 0.387 s
mdb_add_shifted node 0: 34561061 limbs at 0 into a basis of 69122129 (my window [0, 23040709), 1 rounds of 5760192; slabs 5760177 + 5760177 limbs per APU 0): 0.061 s
dist_mn node 0: 34561064 x 34561064 limbs over 3 x 4 ranks (cap 2^25 points, P24): 1 x 4 pieces, 4 formed, 0 skipped (cache 0 slots: 0 hits, 0 misses)
mdb_add_shifted node 1: 34561061 limbs at 0 into a basis of 69122129 (my window [23040709, 34561061), 1 rounds of 5760192; slabs 0 + 2880088 limbs per APU 0): 0.061 s
dist_mn node 1: 34561064 x 34561064 limbs over 3 x 4 ranks (cap 2^25 points, P24): 1 x 4 pieces, 4 formed, 0 skipped (cache 0 slots: 0 hits, 0 misses)
mdb_add_shifted node 2: 34561061 limbs at 0 into a basis of 69122129 (my window [46081419, 46081419), 1 rounds of 5760192; slabs 2880088 + 0 limbs per APU 0): 0.061 s
dist_mn node 2: 34561064 x 34561064 limbs over 3 x 4 ranks (cap 2^25 points, P24): 1 x 4 pieces, 4 formed, 0 skipped (cache 0 slots: 0 hits, 0 misses)
dist_mn node 0: 34561064 + 34561064 + x limbs -> 69122128 (share 23040709): redistribute 0.100 ntt 1.324 crt 0.004 out 0.097 spills+carry 0.039, total 1.638 s
dist_mn node 1: 34561064 + 34561064 + x limbs -> 69122128 (share 23040710): redistribute 0.104 ntt 1.333 crt 0.004 out 0.092 spills+carry 0.039, total 1.645 s
dist_mn node 2: 34561064 + 34561064 + x limbs -> 69122128 (share 23040710): redistribute 0.099 ntt 1.318 crt 0.004 out 0.097 spills+carry 0.039, total 1.613 s
dist_mn node 0: 2^25 = 2^12 x 2^13 over 3 x 4 ranks (general map), 4 primes, P24 (rows 341..342; 34561064 + 8640266 limbs at 0, window [0, 11520355) of share [0, 11520355)): redistribute 0.046 ntt 0.365 crt 0.001 out 0.017 spills+carry 0.002 total 0.409 s
dist_mn node 1: 2^25 = 2^12 x 2^13 over 3 x 4 ranks (general map), 4 primes, P24 (rows 341..342; 34561064 + 8640266 limbs at 0, window [11520355, 23040710) of share [11520355, 23040710)): redistribute 0.047 ntt 0.359 crt 0.001 out 0.020 spills+carry 0.002 total 0.409 s
dist_mn node 2: 2^25 = 2^12 x 2^13 over 3 x 4 ranks (general map), 4 primes, P24 (rows 341..342; 34561064 + 8640266 limbs at 0, window [23040710, 34561066) of share [23040710, 34561066)): redistribute 0.046 ntt 0.367 crt 0.001 out 0.016 spills+carry 0.002 total 0.409 s
dist_mn node 0: 2^25 = 2^12 x 2^13 over 3 x 4 ranks (general map), 4 primes, P24 (rows 341..342; 34561064 + 8640266 limbs at 8640266, window [0, 2880089) of share [0, 11520355), accumulated): redistribute 0.034 ntt 0.317 crt 0.001 out 0.011 spills+carry 0.008 total 0.355 s
dist_mn node 1: 2^25 = 2^12 x 2^13 over 3 x 4 ranks (general map), 4 primes, P24 (rows 341..342; 34561064 + 8640266 limbs at 8640266, window [2880089, 14400444) of share [11520355, 23040710), accumulated): redistribute 0.036 ntt 0.316 crt 0.001 out 0.012 spills+carry 0.007 total 0.355 s
dist_mn node 2: 2^25 = 2^12 x 2^13 over 3 x 4 ranks (general map), 4 primes, P24 (rows 341..342; 34561064 + 8640266 limbs at 8640266, window [14400444, 25920800) of share [23040710, 34561066), accumulated): redistribute 0.033 ntt 0.316 crt 0.001 out 0.009 spills+carry 0.007 total 0.355 s
dist_mn node 0: 2^25 = 2^12 x 2^13 over 3 x 4 ranks (general map), 4 primes, P24 (rows 341..342; 34561064 + 8640266 limbs at 17280532, window [0, 0) of share [0, 11520355), accumulated): redistribute 0.023 ntt 0.311 crt 0.001 out 0.011 spills+carry 0.009 total 0.355 s
dist_mn node 1: 2^25 = 2^12 x 2^13 over 3 x 4 ranks (general map), 4 primes, P24 (rows 341..342; 34561064 + 8640266 limbs at 17280532, window [0, 5760178) of share [11520355, 23040710), accumulated): redistribute 0.025 ntt 0.312 crt 0.001 out 0.008 spills+carry 0.009 total 0.355 s
dist_mn node 2: 2^25 = 2^12 x 2^13 over 3 x 4 ranks (general map), 4 primes, P24 (rows 341..342; 34561064 + 8640266 limbs at 17280532, window [5760178, 17280534) of share [23040710, 34561066), accumulated): redistribute 0.024 ntt 0.312 crt 0.001 out 0.010 spills+carry 0.009 total 0.355 s
dist_mn node 0: 2^25 = 2^12 x 2^13 over 3 x 4 ranks (general map), 4 primes, P24 (rows 341..342; 34561064 + 8640266 limbs at 25920798, window [0, 0) of share [0, 11520355), accumulated): redistribute 0.023 ntt 0.317 crt 0.001 out 0.014 spills+carry 0.007 total 0.361 s
dist_mn node 0: 34561064 x 34561064 limbs over 3 x 4 ranks (cap 2^25 points, P24): 1 x 4 pieces, 4 formed, 0 skipped (low product) (cache 0 slots: 0 hits, 0 misses)
dist_mn node 1: 2^25 = 2^12 x 2^13 over 3 x 4 ranks (general map), 4 primes, P24 (rows 341..342; 34561064 + 8640266 limbs at 25920798, window [0, 0) of share [11520355, 23040710), accumulated): redistribute 0.021 ntt 0.317 crt 0.001 out 0.015 spills+carry 0.007 total 0.361 s
dist_mn node 1: 34561064 x 34561064 limbs over 3 x 4 ranks (cap 2^25 points, P24): 1 x 4 pieces, 4 formed, 0 skipped (low product) (cache 0 slots: 0 hits, 0 misses)
dist_mn node 2: 2^25 = 2^12 x 2^13 over 3 x 4 ranks (general map), 4 primes, P24 (rows 341..342; 34561064 + 8640266 limbs at 25920798, window [0, 8640268) of share [23040710, 34561066), accumulated): redistribute 0.022 ntt 0.323 crt 0.001 out 0.010 spills+carry 0.007 total 0.361 s
dist_mn node 2: 34561064 x 34561064 limbs over 3 x 4 ranks (cap 2^25 points, P24): 1 x 4 pieces, 4 formed, 0 skipped (low product) (cache 0 slots: 0 hits, 0 misses)
dist_mn node 0: 34561064 + 34561064 limbs -> 34561066 (share 11520355): redistribute 0.127 ntt 1.310 crt 0.004 out 0.053 spills+carry 0.025, total 1.484 s
dist_mn node 1: 34561064 + 34561064 limbs -> 34561066 (share 11520355): redistribute 0.129 ntt 1.305 crt 0.004 out 0.055 spills+carry 0.025, total 1.484 s
dist_mn node 2: 34561064 + 34561064 limbs -> 34561066 (share 11520356): redistribute 0.126 ntt 1.318 crt 0.004 out 0.044 spills+carry 0.025, total 1.484 s
dist_mn node 0: 2^25 = 2^12 x 2^13 over 3 x 4 ranks (general map), 3 primes (rows 341..342; 17280533 + 8640267 limbs at 0, window [0, 5760177) of share [0, 5760177)): redistribute 0.031 ntt 0.316 crt 0.001 out 0.007 spills+carry 0.003 total 0.339 s [A cached] [B cached]
dist_mn node 1: 2^25 = 2^12 x 2^13 over 3 x 4 ranks (general map), 3 primes (rows 341..342; 17280533 + 8640267 limbs at 0, window [5760177, 11520355) of share [5760177, 11520355)): redistribute 0.031 ntt 0.312 crt 0.001 out 0.010 spills+carry 0.003 total 0.339 s [A cached] [B cached]
dist_mn node 2: 2^25 = 2^12 x 2^13 over 3 x 4 ranks (general map), 3 primes (rows 341..342; 17280533 + 8640267 limbs at 0, window [11520355, 17280533) of share [11520355, 17280533)): redistribute 0.037 ntt 0.314 crt 0.000 out 0.009 spills+carry 0.003 total 0.339 s [A cached] [B cached]
dist_mn node 0: 2^25 = 2^12 x 2^13 over 3 x 4 ranks (general map), 3 primes (rows 341..342; 17280533 + 8640266 limbs at 8640267, window [0, 0) of share [0, 5760177), accumulated): redistribute 0.005 ntt 0.169 crt 0.001 out 0.009 spills+carry 0.007 total 0.190 s [A hit] [B cached]
dist_mn node 0: 17280533 x 17280533 limbs over 3 x 4 ranks (cap 2^25): 1 x 2 pieces, 2 formed, 0 skipped (low product) (cache 2 slots: 1 hits, 3 misses)
dist_mn node 1: 2^25 = 2^12 x 2^13 over 3 x 4 ranks (general map), 3 primes (rows 341..342; 17280533 + 8640266 limbs at 8640267, window [0, 2880088) of share [5760177, 11520355), accumulated): redistribute 0.007 ntt 0.169 crt 0.000 out 0.008 spills+carry 0.007 total 0.190 s [A hit] [B cached]
dist_mn node 1: 17280533 x 17280533 limbs over 3 x 4 ranks (cap 2^25): 1 x 2 pieces, 2 formed, 0 skipped (low product) (cache 2 slots: 1 hits, 3 misses)
dist_mn node 2: 2^25 = 2^12 x 2^13 over 3 x 4 ranks (general map), 3 primes (rows 341..342; 17280533 + 8640266 limbs at 8640267, window [2880088, 8640266) of share [11520355, 17280533), accumulated): redistribute 0.007 ntt 0.168 crt 0.001 out 0.010 spills+carry 0.007 total 0.190 s [A hit] [B cached]
dist_mn node 2: 17280533 x 17280533 limbs over 3 x 4 ranks (cap 2^25): 1 x 2 pieces, 2 formed, 0 skipped (low product) (cache 2 slots: 1 hits, 3 misses)
dist_mn node 0: 17280533 + 17280533 limbs -> 1 (share 5760177): redistribute 0.036 ntt 0.485 crt 0.001 out 0.016 spills+carry 0.010, total 0.531 s
dist_mn node 1: 17280533 + 17280533 limbs -> 1 (share 5760178): redistribute 0.038 ntt 0.481 crt 0.001 out 0.018 spills+carry 0.009, total 0.531 s
dist_mn node 2: 17280533 + 17280533 limbs -> 1 (share 5760178): redistribute 0.044 ntt 0.482 crt 0.001 out 0.019 spills+carry 0.009, total 0.531 s
dist_mn node 0: 2^25 = 2^12 x 2^13 over 3 x 4 ranks (general map), 4 primes, P24 (rows 341..342; 34561064 + 8640266 limbs at 0, window [0, 23040709) of share [0, 23040709)): redistribute 0.058 ntt 0.395 crt 0.001 out 0.023 spills+carry 0.002 total 0.439 s
dist_mn node 1: 2^25 = 2^12 x 2^13 over 3 x 4 ranks (general map), 4 primes, P24 (rows 341..342; 34561064 + 8640266 limbs at 0, window [23040709, 43201330) of share [23040709, 46081418)): redistribute 0.059 ntt 0.390 crt 0.001 out 0.028 spills+carry 0.002 total 0.439 s
dist_mn node 2: 2^25 = 2^12 x 2^13 over 3 x 4 ranks (general map), 4 primes, P24 (rows 341..342; 34561064 + 8640266 limbs at 0, window [43201330, 43201330) of share [46081418, 69122127)): redistribute 0.058 ntt 0.389 crt 0.001 out 0.026 spills+carry 0.003 total 0.439 s
dist_mn node 0: 2^25 = 2^12 x 2^13 over 3 x 4 ranks (general map), 4 primes, P24 (rows 341..342; 34561064 + 8640266 limbs at 8640266, window [0, 14400443) of share [0, 23040709), accumulated): redistribute 0.023 ntt 0.338 crt 0.001 out 0.022 spills+carry 0.012 total 0.395 s
dist_mn node 1: 2^25 = 2^12 x 2^13 over 3 x 4 ranks (general map), 4 primes, P24 (rows 341..342; 34561064 + 8640266 limbs at 8640266, window [14400443, 37441152) of share [23040709, 46081418), accumulated): redistribute 0.025 ntt 0.338 crt 0.001 out 0.019 spills+carry 0.012 total 0.395 s
dist_mn node 2: 2^25 = 2^12 x 2^13 over 3 x 4 ranks (general map), 4 primes, P24 (rows 341..342; 34561064 + 8640266 limbs at 8640266, window [37441152, 43201330) of share [46081418, 69122127), accumulated): redistribute 0.026 ntt 0.337 crt 0.001 out 0.018 spills+carry 0.012 total 0.395 s
dist_mn node 0: 2^25 = 2^12 x 2^13 over 3 x 4 ranks (general map), 4 primes, P24 (rows 341..342; 34561064 + 8640266 limbs at 17280532, window [0, 5760177) of share [0, 23040709), accumulated): redistribute 0.019 ntt 0.354 crt 0.002 out 0.024 spills+carry 0.015 total 0.412 s
dist_mn node 1: 2^25 = 2^12 x 2^13 over 3 x 4 ranks (general map), 4 primes, P24 (rows 341..342; 34561064 + 8640266 limbs at 17280532, window [5760177, 28800886) of share [23040709, 46081418), accumulated): redistribute 0.019 ntt 0.355 crt 0.002 out 0.024 spills+carry 0.015 total 0.412 s
dist_mn node 2: 2^25 = 2^12 x 2^13 over 3 x 4 ranks (general map), 4 primes, P24 (rows 341..342; 34561064 + 8640266 limbs at 17280532, window [28800886, 43201330) of share [46081418, 69122127), accumulated): redistribute 0.023 ntt 0.352 crt 0.001 out 0.021 spills+carry 0.015 total 0.412 s
dist_mn node 0: 2^25 = 2^12 x 2^13 over 3 x 4 ranks (general map), 4 primes, P24 (rows 341..342; 34561064 + 8640266 limbs at 25920798, window [0, 0) of share [0, 23040709), accumulated): redistribute 0.026 ntt 0.343 crt 0.001 out 0.020 spills+carry 0.009 total 0.398 s
dist_mn node 0: 34561064 x 34561064 limbs over 3 x 4 ranks (cap 2^25 points, P24): 1 x 4 pieces, 4 formed, 0 skipped (low product) (cache 0 slots: 1 hits, 3 misses)
dist_mn node 1: 2^25 = 2^12 x 2^13 over 3 x 4 ranks (general map), 4 primes, P24 (rows 341..342; 34561064 + 8640266 limbs at 25920798, window [0, 20160620) of share [23040709, 46081418), accumulated): redistribute 0.029 ntt 0.346 crt 0.001 out 0.019 spills+carry 0.009 total 0.398 s
dist_mn node 1: 34561064 x 34561064 limbs over 3 x 4 ranks (cap 2^25 points, P24): 1 x 4 pieces, 4 formed, 0 skipped (low product) (cache 0 slots: 1 hits, 3 misses)
dist_mn node 2: 2^25 = 2^12 x 2^13 over 3 x 4 ranks (general map), 4 primes, P24 (rows 341..342; 34561064 + 8640266 limbs at 25920798, window [20160620, 43201329) of share [46081418, 69122127), accumulated): redistribute 0.025 ntt 0.346 crt 0.001 out 0.021 spills+carry 0.009 total 0.398 s
dist_mn node 2: 34561064 x 34561064 limbs over 3 x 4 ranks (cap 2^25 points, P24): 1 x 4 pieces, 4 formed, 0 skipped (low product) (cache 0 slots: 1 hits, 3 misses)
dist_mn node 0: 34561064 + 34561064 limbs -> 69122127 (share 23040709): redistribute 0.126 ntt 1.431 crt 0.004 out 0.089 spills+carry 0.039, total 1.646 s
dist_mn node 1: 34561064 + 34561064 limbs -> 69122127 (share 23040709): redistribute 0.131 ntt 1.429 crt 0.004 out 0.091 spills+carry 0.038, total 1.646 s
dist_mn node 2: 34561064 + 34561064 limbs -> 69122127 (share 23040709): redistribute 0.132 ntt 1.424 crt 0.004 out 0.087 spills+carry 0.039, total 1.646 s
dist_mn node 0: 2^25 = 2^12 x 2^13 over 3 x 4 ranks (general map), 4 primes, P24 (rows 341..342; 34561064 + 8640266 limbs at 0, window [0, 23040709) of share [0, 23040709)): redistribute 0.038 ntt 0.372 crt 0.001 out 0.024 spills+carry 0.002 total 0.423 s
dist_mn node 1: 2^25 = 2^12 x 2^13 over 3 x 4 ranks (general map), 4 primes, P24 (rows 341..342; 34561064 + 8640266 limbs at 0, window [23040709, 43201330) of share [23040709, 46081418)): redistribute 0.042 ntt 0.372 crt 0.001 out 0.025 spills+carry 0.002 total 0.423 s
dist_mn node 2: 2^25 = 2^12 x 2^13 over 3 x 4 ranks (general map), 4 primes, P24 (rows 341..342; 34561064 + 8640266 limbs at 0, window [43201330, 43201330) of share [46081418, 69122128)): redistribute 0.041 ntt 0.371 crt 0.001 out 0.023 spills+carry 0.002 total 0.423 s
dist_mn node 0: 2^25 = 2^12 x 2^13 over 3 x 4 ranks (general map), 4 primes, P24 (rows 341..342; 34561064 + 8640266 limbs at 8640266, window [0, 14400443) of share [0, 23040709), accumulated): redistribute 0.024 ntt 0.330 crt 0.001 out 0.027 spills+carry 0.014 total 0.395 s
dist_mn node 1: 2^25 = 2^12 x 2^13 over 3 x 4 ranks (general map), 4 primes, P24 (rows 341..342; 34561064 + 8640266 limbs at 8640266, window [14400443, 37441152) of share [23040709, 46081418), accumulated): redistribute 0.026 ntt 0.332 crt 0.001 out 0.024 spills+carry 0.014 total 0.395 s
dist_mn node 2: 2^25 = 2^12 x 2^13 over 3 x 4 ranks (general map), 4 primes, P24 (rows 341..342; 34561064 + 8640266 limbs at 8640266, window [37441152, 43201330) of share [46081418, 69122128), accumulated): redistribute 0.027 ntt 0.329 crt 0.001 out 0.028 spills+carry 0.014 total 0.395 s
dist_mn node 0: 2^25 = 2^12 x 2^13 over 3 x 4 ranks (general map), 4 primes, P24 (rows 341..342; 34561064 + 8640266 limbs at 17280532, window [0, 5760177) of share [0, 23040709), accumulated): redistribute 0.027 ntt 0.343 crt 0.001 out 0.018 spills+carry 0.015 total 0.400 s
dist_mn node 1: 2^25 = 2^12 x 2^13 over 3 x 4 ranks (general map), 4 primes, P24 (rows 341..342; 34561064 + 8640266 limbs at 17280532, window [5760177, 28800886) of share [23040709, 46081418), accumulated): redistribute 0.028 ntt 0.342 crt 0.001 out 0.016 spills+carry 0.015 total 0.400 s
dist_mn node 2: 2^25 = 2^12 x 2^13 over 3 x 4 ranks (general map), 4 primes, P24 (rows 341..342; 34561064 + 8640266 limbs at 17280532, window [28800886, 43201330) of share [46081418, 69122128), accumulated): redistribute 0.026 ntt 0.343 crt 0.001 out 0.021 spills+carry 0.015 total 0.400 s
dist_mn node 0: 2^25 = 2^12 x 2^13 over 3 x 4 ranks (general map), 4 primes, P24 (rows 341..342; 34561064 + 8640266 limbs at 25920798, window [0, 0) of share [0, 23040709), accumulated): redistribute 0.025 ntt 0.332 crt 0.001 out 0.024 spills+carry 0.009 total 0.391 s
dist_mn node 0: 34561064 x 34561064 limbs over 3 x 4 ranks (cap 2^25 points, P24): 1 x 4 pieces, 4 formed, 0 skipped (low cut) (cache 0 slots: 1 hits, 3 misses)
dist_mn node 1: 2^25 = 2^12 x 2^13 over 3 x 4 ranks (general map), 4 primes, P24 (rows 341..342; 34561064 + 8640266 limbs at 25920798, window [0, 20160620) of share [23040709, 46081418), accumulated): redistribute 0.025 ntt 0.333 crt 0.001 out 0.022 spills+carry 0.009 total 0.391 s
dist_mn node 1: 34561064 x 34561064 limbs over 3 x 4 ranks (cap 2^25 points, P24): 1 x 4 pieces, 4 formed, 0 skipped (low cut) (cache 0 slots: 1 hits, 3 misses)
dist_mn node 2: 2^25 = 2^12 x 2^13 over 3 x 4 ranks (general map), 4 primes, P24 (rows 341..342; 34561064 + 8640266 limbs at 25920798, window [20160620, 43201330) of share [46081418, 69122128), accumulated): redistribute 0.025 ntt 0.334 crt 0.001 out 0.022 spills+carry 0.009 total 0.391 s
dist_mn node 2: 34561064 x 34561064 limbs over 3 x 4 ranks (cap 2^25 points, P24): 1 x 4 pieces, 4 formed, 0 skipped (low cut) (cache 0 slots: 1 hits, 3 misses)
dist_mn node 0: 34561064 + 34561064 limbs -> 69122128 (share 23040709): redistribute 0.113 ntt 1.377 crt 0.004 out 0.094 spills+carry 0.041, total 1.611 s
dist_mn node 1: 34561064 + 34561064 limbs -> 69122128 (share 23040709): redistribute 0.122 ntt 1.378 crt 0.004 out 0.088 spills+carry 0.040, total 1.611 s
dist_mn node 2: 34561064 + 34561064 limbs -> 69122128 (share 23040710): redistribute 0.119 ntt 1.377 crt 0.003 out 0.093 spills+carry 0.040, total 1.611 s
dist_mn node 0: 2^25 = 2^12 x 2^13 over 3 x 4 ranks (general map), 4 primes, P24 (rows 341..342; 34561064 + 8640266 limbs at 0, window [0, 23040709) of share [0, 23040709)): redistribute 0.048 ntt 0.375 crt 0.001 out 0.028 spills+carry 0.002 total 0.427 s
dist_mn node 1: 2^25 = 2^12 x 2^13 over 3 x 4 ranks (general map), 4 primes, P24 (rows 341..342; 34561064 + 8640266 limbs at 0, window [23040709, 43201330) of share [23040709, 46081418)): redistribute 0.050 ntt 0.373 crt 0.001 out 0.030 spills+carry 0.002 total 0.427 s
dist_mn node 2: 2^25 = 2^12 x 2^13 over 3 x 4 ranks (general map), 4 primes, P24 (rows 341..342; 34561064 + 8640266 limbs at 0, window [43201330, 43201330) of share [46081418, 69122127)): redistribute 0.054 ntt 0.372 crt 0.001 out 0.032 spills+carry 0.002 total 0.427 s
dist_mn node 0: 2^25 = 2^12 x 2^13 over 3 x 4 ranks (general map), 4 primes, P24 (rows 341..342; 34561064 + 8640266 limbs at 8640266, window [0, 14400443) of share [0, 23040709), accumulated): redistribute 0.023 ntt 0.332 crt 0.001 out 0.022 spills+carry 0.013 total 0.392 s
dist_mn node 1: 2^25 = 2^12 x 2^13 over 3 x 4 ranks (general map), 4 primes, P24 (rows 341..342; 34561064 + 8640266 limbs at 8640266, window [14400443, 37441152) of share [23040709, 46081418), accumulated): redistribute 0.023 ntt 0.333 crt 0.001 out 0.022 spills+carry 0.013 total 0.392 s
dist_mn node 2: 2^25 = 2^12 x 2^13 over 3 x 4 ranks (general map), 4 primes, P24 (rows 341..342; 34561064 + 8640266 limbs at 8640266, window [37441152, 43201330) of share [46081418, 69122127), accumulated): redistribute 0.021 ntt 0.338 crt 0.001 out 0.020 spills+carry 0.013 total 0.392 s
dist_mn node 0: 2^25 = 2^12 x 2^13 over 3 x 4 ranks (general map), 4 primes, P24 (rows 341..342; 34561064 + 8640266 limbs at 17280532, window [0, 5760177) of share [0, 23040709), accumulated): redistribute 0.024 ntt 0.340 crt 0.001 out 0.018 spills+carry 0.015 total 0.395 s
dist_mn node 1: 2^25 = 2^12 x 2^13 over 3 x 4 ranks (general map), 4 primes, P24 (rows 341..342; 34561064 + 8640266 limbs at 17280532, window [5760177, 28800886) of share [23040709, 46081418), accumulated): redistribute 0.025 ntt 0.338 crt 0.001 out 0.018 spills+carry 0.015 total 0.395 s
dist_mn node 2: 2^25 = 2^12 x 2^13 over 3 x 4 ranks (general map), 4 primes, P24 (rows 341..342; 34561064 + 8640266 limbs at 17280532, window [28800886, 43201330) of share [46081418, 69122127), accumulated): redistribute 0.024 ntt 0.340 crt 0.001 out 0.016 spills+carry 0.015 total 0.395 s
dist_mn node 0: 2^25 = 2^12 x 2^13 over 3 x 4 ranks (general map), 4 primes, P24 (rows 341..342; 34561064 + 8640266 limbs at 25920798, window [0, 0) of share [0, 23040709), accumulated): redistribute 0.027 ntt 0.348 crt 0.001 out 0.023 spills+carry 0.010 total 0.403 s
dist_mn node 0: 34561064 x 34561064 limbs over 3 x 4 ranks (cap 2^25 points, P24): 1 x 4 pieces, 4 formed, 0 skipped (low product) (low cut) (cache 0 slots: 1 hits, 3 misses)
dist_mn node 1: 2^25 = 2^12 x 2^13 over 3 x 4 ranks (general map), 4 primes, P24 (rows 341..342; 34561064 + 8640266 limbs at 25920798, window [0, 20160620) of share [23040709, 46081418), accumulated): redistribute 0.022 ntt 0.350 crt 0.001 out 0.021 spills+carry 0.009 total 0.403 s
dist_mn node 1: 34561064 x 34561064 limbs over 3 x 4 ranks (cap 2^25 points, P24): 1 x 4 pieces, 4 formed, 0 skipped (low product) (low cut) (cache 0 slots: 1 hits, 3 misses)
dist_mn node 2: 2^25 = 2^12 x 2^13 over 3 x 4 ranks (general map), 4 primes, P24 (rows 341..342; 34561064 + 8640266 limbs at 25920798, window [20160620, 43201329) of share [46081418, 69122127), accumulated): redistribute 0.023 ntt 0.348 crt 0.001 out 0.022 spills+carry 0.009 total 0.403 s
dist_mn node 2: 34561064 x 34561064 limbs over 3 x 4 ranks (cap 2^25 points, P24): 1 x 4 pieces, 4 formed, 0 skipped (low product) (low cut) (cache 0 slots: 1 hits, 3 misses)
dist_mn node 0: 34561064 + 34561064 limbs -> 69122127 (share 23040709): redistribute 0.122 ntt 1.395 crt 0.005 out 0.092 spills+carry 0.040, total 1.620 s
dist_mn node 1: 34561064 + 34561064 limbs -> 69122127 (share 23040709): redistribute 0.120 ntt 1.394 crt 0.004 out 0.092 spills+carry 0.039, total 1.620 s
dist_mn node 2: 34561064 + 34561064 limbs -> 69122127 (share 23040709): redistribute 0.121 ntt 1.397 crt 0.004 out 0.090 spills+carry 0.039, total 1.620 s
dist_mn node 0: 2^25 = 2^12 x 2^13 over 3 x 4 ranks (general map), 4 primes, P24 (rows 341..342; 34561064 + 8640266 limbs at 0, window [0, 23040709) of share [0, 23040709)): redistribute 0.056 ntt 0.356 crt 0.001 out 0.027 spills+carry 0.002 total 0.411 s
dist_mn node 1: 2^25 = 2^12 x 2^13 over 3 x 4 ranks (general map), 4 primes, P24 (rows 341..342; 34561064 + 8640266 limbs at 0, window [23040709, 43201330) of share [23040709, 46081418)): redistribute 0.051 ntt 0.357 crt 0.001 out 0.027 spills+carry 0.002 total 0.411 s
dist_mn node 2: 2^25 = 2^12 x 2^13 over 3 x 4 ranks (general map), 4 primes, P24 (rows 341..342; 34561064 + 8640266 limbs at 0, window [43201330, 43201330) of share [46081418, 69122128)): redistribute 0.056 ntt 0.358 crt 0.001 out 0.028 spills+carry 0.003 total 0.411 s
dist_mn node 0: 2^25 = 2^12 x 2^13 over 3 x 4 ranks (general map), 4 primes, P24 (rows 341..342; 34561064 + 8640266 limbs at 8640266, window [0, 14400443) of share [0, 23040709), accumulated): redistribute 0.022 ntt 0.335 crt 0.001 out 0.020 spills+carry 0.013 total 0.387 s
dist_mn node 1: 2^25 = 2^12 x 2^13 over 3 x 4 ranks (general map), 4 primes, P24 (rows 341..342; 34561064 + 8640266 limbs at 8640266, window [14400443, 37441152) of share [23040709, 46081418), accumulated): redistribute 0.022 ntt 0.335 crt 0.001 out 0.019 spills+carry 0.013 total 0.387 s
dist_mn node 2: 2^25 = 2^12 x 2^13 over 3 x 4 ranks (general map), 4 primes, P24 (rows 341..342; 34561064 + 8640266 limbs at 8640266, window [37441152, 43201330) of share [46081418, 69122128), accumulated): redistribute 0.021 ntt 0.334 crt 0.001 out 0.018 spills+carry 0.013 total 0.387 s
dist_mn node 0: 2^25 = 2^12 x 2^13 over 3 x 4 ranks (general map), 4 primes, P24 (rows 341..342; 34561064 + 8640266 limbs at 17280532, window [0, 5760177) of share [0, 23040709), accumulated): redistribute 0.022 ntt 0.329 crt 0.001 out 0.019 spills+carry 0.015 total 0.383 s
dist_mn node 1: 2^25 = 2^12 x 2^13 over 3 x 4 ranks (general map), 4 primes, P24 (rows 341..342; 34561064 + 8640266 limbs at 17280532, window [5760177, 28800886) of share [23040709, 46081418), accumulated): redistribute 0.025 ntt 0.329 crt 0.001 out 0.019 spills+carry 0.014 total 0.383 s
dist_mn node 2: 2^25 = 2^12 x 2^13 over 3 x 4 ranks (general map), 4 primes, P24 (rows 341..342; 34561064 + 8640266 limbs at 17280532, window [28800886, 43201330) of share [46081418, 69122128), accumulated): redistribute 0.023 ntt 0.331 crt 0.001 out 0.018 spills+carry 0.014 total 0.383 s
dist_mn node 0: 2^25 = 2^12 x 2^13 over 3 x 4 ranks (general map), 4 primes, P24 (rows 341..342; 34561064 + 8640266 limbs at 25920798, window [0, 0) of share [0, 23040709), accumulated): redistribute 0.022 ntt 0.325 crt 0.001 out 0.024 spills+carry 0.010 total 0.378 s
dist_mn node 0: 34561064 x 34561064 limbs over 3 x 4 ranks (cap 2^25 points, P24): 1 x 4 pieces, 4 formed, 0 skipped (low cut) (cache 0 slots: 1 hits, 3 misses)
dist_mn node 1: 2^25 = 2^12 x 2^13 over 3 x 4 ranks (general map), 4 primes, P24 (rows 341..342; 34561064 + 8640266 limbs at 25920798, window [0, 20160620) of share [23040709, 46081418), accumulated): redistribute 0.020 ntt 0.328 crt 0.001 out 0.024 spills+carry 0.009 total 0.378 s
dist_mn node 1: 34561064 x 34561064 limbs over 3 x 4 ranks (cap 2^25 points, P24): 1 x 4 pieces, 4 formed, 0 skipped (low cut) (cache 0 slots: 1 hits, 3 misses)
dist_mn node 2: 2^25 = 2^12 x 2^13 over 3 x 4 ranks (general map), 4 primes, P24 (rows 341..342; 34561064 + 8640266 limbs at 25920798, window [20160620, 43201330) of share [46081418, 69122128), accumulated): redistribute 0.022 ntt 0.330 crt 0.001 out 0.022 spills+carry 0.009 total 0.378 s
dist_mn node 2: 34561064 x 34561064 limbs over 3 x 4 ranks (cap 2^25 points, P24): 1 x 4 pieces, 4 formed, 0 skipped (low cut) (cache 0 slots: 1 hits, 3 misses)
dist_mn node 0: 34561064 + 34561064 limbs -> 69122128 (share 23040709): redistribute 0.122 ntt 1.345 crt 0.005 out 0.090 spills+carry 0.040, total 1.562 s
dist_mn node 1: 34561064 + 34561064 limbs -> 69122128 (share 23040709): redistribute 0.118 ntt 1.349 crt 0.005 out 0.089 spills+carry 0.039, total 1.562 s
dist_mn node 2: 34561064 + 34561064 limbs -> 69122128 (share 23040710): redistribute 0.121 ntt 1.352 crt 0.004 out 0.086 spills+carry 0.039, total 1.562 s
dist_mn node 0: 2^25 = 2^12 x 2^13 over 3 x 4 ranks (general map), 4 primes, P24 (rows 341..342; 34561064 + 8640266 limbs at 0, window [0, 23040709) of share [0, 23040709)): redistribute 0.047 ntt 0.386 crt 0.001 out 0.028 spills+carry 0.002 total 0.442 s
dist_mn node 1: 2^25 = 2^12 x 2^13 over 3 x 4 ranks (general map), 4 primes, P24 (rows 341..342; 34561064 + 8640266 limbs at 0, window [23040709, 43201330) of share [23040709, 46081418)): redistribute 0.034 ntt 0.387 crt 0.002 out 0.028 spills+carry 0.002 total 0.442 s
dist_mn node 2: 2^25 = 2^12 x 2^13 over 3 x 4 ranks (general map), 4 primes, P24 (rows 341..342; 34561064 + 8640266 limbs at 0, window [43201330, 43201330) of share [46081418, 69122127)): redistribute 0.039 ntt 0.387 crt 0.001 out 0.029 spills+carry 0.003 total 0.442 s
dist_mn node 0: 2^25 = 2^12 x 2^13 over 3 x 4 ranks (general map), 4 primes, P24 (rows 341..342; 34561064 + 8640266 limbs at 8640266, window [0, 14400443) of share [0, 23040709), accumulated): redistribute 0.019 ntt 0.310 crt 0.001 out 0.027 spills+carry 0.012 total 0.368 s
dist_mn node 1: 2^25 = 2^12 x 2^13 over 3 x 4 ranks (general map), 4 primes, P24 (rows 341..342; 34561064 + 8640266 limbs at 8640266, window [14400443, 37441152) of share [23040709, 46081418), accumulated): redistribute 0.020 ntt 0.311 crt 0.001 out 0.024 spills+carry 0.012 total 0.368 s
dist_mn node 2: 2^25 = 2^12 x 2^13 over 3 x 4 ranks (general map), 4 primes, P24 (rows 341..342; 34561064 + 8640266 limbs at 8640266, window [37441152, 43201330) of share [46081418, 69122127), accumulated): redistribute 0.019 ntt 0.311 crt 0.001 out 0.026 spills+carry 0.012 total 0.368 s
dist_mn node 0: 2^25 = 2^12 x 2^13 over 3 x 4 ranks (general map), 4 primes, P24 (rows 341..342; 34561064 + 8640266 limbs at 17280532, window [0, 5760177) of share [0, 23040709), accumulated): redistribute 0.021 ntt 0.323 crt 0.001 out 0.015 spills+carry 0.015 total 0.375 s
dist_mn node 1: 2^25 = 2^12 x 2^13 over 3 x 4 ranks (general map), 4 primes, P24 (rows 341..342; 34561064 + 8640266 limbs at 17280532, window [5760177, 28800886) of share [23040709, 46081418), accumulated): redistribute 0.020 ntt 0.325 crt 0.001 out 0.015 spills+carry 0.015 total 0.375 s
dist_mn node 2: 2^25 = 2^12 x 2^13 over 3 x 4 ranks (general map), 4 primes, P24 (rows 341..342; 34561064 + 8640266 limbs at 17280532, window [28800886, 43201330) of share [46081418, 69122127), accumulated): redistribute 0.027 ntt 0.322 crt 0.001 out 0.016 spills+carry 0.015 total 0.375 s
dist_mn node 0: 2^25 = 2^12 x 2^13 over 3 x 4 ranks (general map), 4 primes, P24 (rows 341..342; 34561064 + 8640266 limbs at 25920798, window [0, 0) of share [0, 23040709), accumulated): redistribute 0.025 ntt 0.326 crt 0.001 out 0.021 spills+carry 0.009 total 0.381 s
dist_mn node 0: 34561064 x 34561064 limbs over 3 x 4 ranks (cap 2^25 points, P24): 1 x 4 pieces, 4 formed, 0 skipped (low product) (low cut) (cache 0 slots: 1 hits, 3 misses)
dist_mn node 1: 2^25 = 2^12 x 2^13 over 3 x 4 ranks (general map), 4 primes, P24 (rows 341..342; 34561064 + 8640266 limbs at 25920798, window [0, 20160620) of share [23040709, 46081418), accumulated): redistribute 0.019 ntt 0.333 crt 0.001 out 0.019 spills+carry 0.009 total 0.381 s
dist_mn node 1: 34561064 x 34561064 limbs over 3 x 4 ranks (cap 2^25 points, P24): 1 x 4 pieces, 4 formed, 0 skipped (low product) (low cut) (cache 0 slots: 1 hits, 3 misses)
dist_mn node 2: 2^25 = 2^12 x 2^13 over 3 x 4 ranks (general map), 4 primes, P24 (rows 341..342; 34561064 + 8640266 limbs at 25920798, window [20160620, 43201329) of share [46081418, 69122127), accumulated): redistribute 0.021 ntt 0.328 crt 0.001 out 0.023 spills+carry 0.009 total 0.381 s
dist_mn node 2: 34561064 x 34561064 limbs over 3 x 4 ranks (cap 2^25 points, P24): 1 x 4 pieces, 4 formed, 0 skipped (low product) (low cut) (cache 0 slots: 1 hits, 3 misses)
dist_mn node 0: 34561064 + 34561064 limbs -> 69122127 (share 23040709): redistribute 0.111 ntt 1.345 crt 0.004 out 0.090 spills+carry 0.039, total 1.572 s
dist_mn node 1: 34561064 + 34561064 limbs -> 69122127 (share 23040709): redistribute 0.094 ntt 1.356 crt 0.004 out 0.086 spills+carry 0.038, total 1.572 s
dist_mn node 2: 34561064 + 34561064 limbs -> 69122127 (share 23040709): redistribute 0.106 ntt 1.348 crt 0.004 out 0.095 spills+carry 0.038, total 1.572 s
dist_mn node 0: 34561064 x 34561064 limbs over 3 x 4 ranks (cap 2^25 points, P24): 1 x 4 pieces, 0 formed, 4 skipped (low cut) (cache 0 slots: 1 hits, 3 misses)
dist_mn node 1: 34561064 x 34561064 limbs over 3 x 4 ranks (cap 2^25 points, P24): 1 x 4 pieces, 0 formed, 4 skipped (low cut) (cache 0 slots: 1 hits, 3 misses)
dist_mn node 2: 34561064 x 34561064 limbs over 3 x 4 ranks (cap 2^25 points, P24): 1 x 4 pieces, 0 formed, 4 skipped (low cut) (cache 0 slots: 1 hits, 3 misses)
dist_mn node 0: 34561064 + 34561064 limbs -> 0 (share 23040709): redistribute 0.000 ntt 0.000 crt 0.000 out 0.000 spills+carry 0.000, total 0.002 s
dist_mn node 1: 34561064 + 34561064 limbs -> 0 (share 23040709): redistribute 0.000 ntt 0.000 crt 0.000 out 0.000 spills+carry 0.000, total 0.002 s
dist_mn node 2: 34561064 + 34561064 limbs -> 0 (share 23040710): redistribute 0.000 ntt 0.000 crt 0.000 out 0.000 spills+carry 0.000, total 0.002 s
mdev 3*2^24 (43201330 limbs): repack 0.068 h2d 0.001 fwd 0.011 inv 0.005 d2h 0.056 crt 0.045 total 0.147 s
mdev 3*2^24 (43201330 limbs): repack 0.065 h2d 0.001 fwd 0.008 inv 0.006 d2h 0.042 crt 0.026 total 0.125 s
mdev 3*2^24 (43201330 limbs): repack 0.073 h2d 0.001 fwd 0.008 inv 0.006 d2h 0.054 crt 0.037 total 0.155 s
mdev 3*2^24 (43201330 limbs): repack 0.052 h2d 0.001 fwd 0.006 inv 0.008 d2h 0.045 crt 0.023 total 0.118 s
mdev 3*2^24 (43201330 limbs): repack 0.051 h2d 0.001 fwd 0.009 inv 0.004 d2h 0.061 crt 0.039 total 0.138 s
mdev 3*2^24 (43201330 limbs): repack 0.061 h2d 0.001 fwd 0.011 inv 0.006 d2h 0.069 crt 0.036 total 0.149 s
mdev 3*2^24 (43201330 limbs): repack 0.049 h2d 0.001 fwd 0.006 inv 0.006 d2h 0.062 crt 0.030 total 0.124 s
mdev 3*2^24 (43201330 limbs): repack 0.045 h2d 0.001 fwd 0.009 inv 0.004 d2h 0.052 crt 0.028 total 0.109 s
mdev 3*2^24 (43201330 limbs): repack 0.060 h2d 0.001 fwd 0.005 inv 0.003 d2h 0.075 crt 0.055 total 0.150 s
mdev 3*2^24 (43201330 limbs): repack 0.060 h2d 0.001 fwd 0.005 inv 0.003 d2h 0.051 crt 0.064 total 0.125 s
mdev 3*2^24 (43201330 limbs): repack 0.054 h2d 0.001 fwd 0.005 inv 0.003 d2h 0.045 crt 0.042 total 0.111 s
mdev 3*2^24 (43201330 limbs): repack 0.062 h2d 0.001 fwd 0.005 inv 0.004 d2h 0.033 crt 0.030 total 0.110 s
dist_mn node 0: 34561064 x 34561064 limbs over 3 x 4 ranks (cap 2^25 points, P24): 1 x 4 pieces, 0 formed, 4 skipped (low product) (low cut) (cache 0 slots: 1 hits, 3 misses)
dist_mn node 1: 34561064 x 34561064 limbs over 3 x 4 ranks (cap 2^25 points, P24): 1 x 4 pieces, 0 formed, 4 skipped (low product) (low cut) (cache 0 slots: 1 hits, 3 misses)
dist_mn node 2: 34561064 x 34561064 limbs over 3 x 4 ranks (cap 2^25 points, P24): 1 x 4 pieces, 0 formed, 4 skipped (low product) (low cut) (cache 0 slots: 1 hits, 3 misses)
dist_mn node 0: 34561064 + 34561064 limbs -> 0 (share 23040709): redistribute 0.000 ntt 0.000 crt 0.000 out 0.000 spills+carry 0.000, total 0.002 s
dist_mn node 2: 34561064 + 34561064 limbs -> 0 (share 23040709): redistribute 0.000 ntt 0.000 crt 0.000 out 0.000 spills+carry 0.000, total 0.004 s
dist_mn node 1: 34561064 + 34561064 limbs -> 0 (share 23040709): redistribute 0.000 ntt 0.000 crt 0.000 out 0.000 spills+carry 0.000, total 0.004 s
mdev 3*2^24 (43201330 limbs): repack 0.044 h2d 0.001 fwd 0.005 inv 0.003 d2h 0.057 crt 0.036 total 0.117 s
mdev 3*2^24 (43201330 limbs): repack 0.042 h2d 0.001 fwd 0.005 inv 0.003 d2h 0.047 crt 0.019 total 0.107 s
mdev 3*2^24 (43201330 limbs): repack 0.087 h2d 0.001 fwd 0.005 inv 0.003 d2h 0.076 crt 0.030 total 0.208 s
mdev 3*2^24 (43201330 limbs): repack 0.074 h2d 0.001 fwd 0.005 inv 0.003 d2h 0.063 crt 0.052 total 0.159 s
mdev 3*2^24 (43201330 limbs): repack 0.095 h2d 0.001 fwd 0.005 inv 0.004 d2h 0.086 crt 0.019 total 0.198 s
mdev 3*2^24 (43201330 limbs): repack 0.057 h2d 0.001 fwd 0.005 inv 0.003 d2h 0.043 crt 0.026 total 0.146 s
mdev 3*2^24 (43201330 limbs): repack 0.045 h2d 0.001 fwd 0.009 inv 0.003 d2h 0.042 crt 0.021 total 0.117 s
mdev 3*2^24 (43201330 limbs): repack 0.073 h2d 0.001 fwd 0.006 inv 0.006 d2h 0.072 crt 0.045 total 0.192 s
mdev 3*2^24 (43201330 limbs): repack 0.039 h2d 0.001 fwd 0.005 inv 0.003 d2h 0.048 crt 0.020 total 0.102 s
mdev 3*2^24 (43201330 limbs): repack 0.042 h2d 0.001 fwd 0.005 inv 0.003 d2h 0.074 crt 0.072 total 0.162 s
mdev 3*2^24 (43201330 limbs): repack 0.063 h2d 0.001 fwd 0.005 inv 0.004 d2h 0.047 crt 0.030 total 0.127 s
mdev 3*2^24 (43201330 limbs): repack 0.084 h2d 0.001 fwd 0.005 inv 0.003 d2h 0.053 crt 0.034 total 0.165 s
dist_mn node 0: 2^25 = 2^12 x 2^13 over 3 x 4 ranks (general map), 4 primes, P24 (rows 341..342; 34561064 + 8640266 limbs at 0, window [0, 23040709) of share [0, 23040709)): redistribute 0.029 ntt 0.302 crt 0.001 out 0.021 spills+carry 0.002 total 0.341 s
dist_mn node 1: 2^25 = 2^12 x 2^13 over 3 x 4 ranks (general map), 4 primes, P24 (rows 341..342; 34561064 + 8640266 limbs at 0, window [23040709, 43201330) of share [23040709, 46081418)): redistribute 0.027 ntt 0.302 crt 0.001 out 0.021 spills+carry 0.002 total 0.339 s
dist_mn node 2: 2^25 = 2^12 x 2^13 over 3 x 4 ranks (general map), 4 primes, P24 (rows 341..342; 34561064 + 8640266 limbs at 0, window [43201330, 43201330) of share [46081418, 69122128)): redistribute 0.024 ntt 0.305 crt 0.001 out 0.021 spills+carry 0.002 total 0.341 s
dist_mn node 0: 2^25 = 2^12 x 2^13 over 3 x 4 ranks (general map), 4 primes, P24 (rows 341..342; 34561064 + 8640266 limbs at 8640266, window [0, 14400443) of share [0, 23040709), accumulated): redistribute 0.019 ntt 0.312 crt 0.001 out 0.018 spills+carry 0.012 total 0.363 s
dist_mn node 1: 2^25 = 2^12 x 2^13 over 3 x 4 ranks (general map), 4 primes, P24 (rows 341..342; 34561064 + 8640266 limbs at 8640266, window [14400443, 37441152) of share [23040709, 46081418), accumulated): redistribute 0.019 ntt 0.312 crt 0.001 out 0.018 spills+carry 0.012 total 0.363 s
dist_mn node 2: 2^25 = 2^12 x 2^13 over 3 x 4 ranks (general map), 4 primes, P24 (rows 341..342; 34561064 + 8640266 limbs at 8640266, window [37441152, 43201330) of share [46081418, 69122128), accumulated): redistribute 0.022 ntt 0.310 crt 0.001 out 0.017 spills+carry 0.012 total 0.363 s
dist_mn node 0: 2^25 = 2^12 x 2^13 over 3 x 4 ranks (general map), 4 primes, P24 (rows 341..342; 34561064 + 8640266 limbs at 17280532, window [0, 5760177) of share [0, 23040709), accumulated): redistribute 0.027 ntt 0.323 crt 0.001 out 0.018 spills+carry 0.015 total 0.378 s
dist_mn node 1: 2^25 = 2^12 x 2^13 over 3 x 4 ranks (general map), 4 primes, P24 (rows 341..342; 34561064 + 8640266 limbs at 17280532, window [5760177, 28800886) of share [23040709, 46081418), accumulated): redistribute 0.027 ntt 0.323 crt 0.001 out 0.017 spills+carry 0.014 total 0.378 s
dist_mn node 2: 2^25 = 2^12 x 2^13 over 3 x 4 ranks (general map), 4 primes, P24 (rows 341..342; 34561064 + 8640266 limbs at 17280532, window [28800886, 43201330) of share [46081418, 69122128), accumulated): redistribute 0.028 ntt 0.324 crt 0.001 out 0.017 spills+carry 0.015 total 0.378 s
dist_mn node 0: 2^25 = 2^12 x 2^13 over 3 x 4 ranks (general map), 4 primes, P24 (rows 341..342; 34561064 + 8640266 limbs at 25920798, window [0, 0) of share [0, 23040709), accumulated): redistribute 0.020 ntt 0.348 crt 0.001 out 0.027 spills+carry 0.010 total 0.405 s
dist_mn node 0: 34561064 x 34561064 limbs over 3 x 4 ranks (cap 2^25 points, P24): 1 x 4 pieces, 4 formed, 0 skipped (cache 0 slots: 1 hits, 3 misses)
dist_mn node 1: 2^25 = 2^12 x 2^13 over 3 x 4 ranks (general map), 4 primes, P24 (rows 341..342; 34561064 + 8640266 limbs at 25920798, window [0, 20160620) of share [23040709, 46081418), accumulated): redistribute 0.018 ntt 0.352 crt 0.001 out 0.024 spills+carry 0.009 total 0.405 s
dist_mn node 1: 34561064 x 34561064 limbs over 3 x 4 ranks (cap 2^25 points, P24): 1 x 4 pieces, 4 formed, 0 skipped (cache 0 slots: 1 hits, 3 misses)
dist_mn node 2: 2^25 = 2^12 x 2^13 over 3 x 4 ranks (general map), 4 primes, P24 (rows 341..342; 34561064 + 8640266 limbs at 25920798, window [20160620, 43201330) of share [46081418, 69122128), accumulated): redistribute 0.019 ntt 0.350 crt 0.001 out 0.026 spills+carry 0.009 total 0.405 s
dist_mn node 2: 34561064 x 34561064 limbs over 3 x 4 ranks (cap 2^25 points, P24): 1 x 4 pieces, 4 formed, 0 skipped (cache 0 slots: 1 hits, 3 misses)
dist_mn node 0: 34561064 + 34561064 limbs -> 69122128 (share 23040709): redistribute 0.094 ntt 1.286 crt 0.004 out 0.084 spills+carry 0.039, total 1.491 s
dist_mn node 1: 34561064 + 34561064 limbs -> 69122128 (share 23040709): redistribute 0.091 ntt 1.290 crt 0.004 out 0.080 spills+carry 0.038, total 1.600 s
dist_mn node 2: 34561064 + 34561064 limbs -> 69122128 (share 23040710): redistribute 0.092 ntt 1.290 crt 0.004 out 0.081 spills+carry 0.039, total 1.526 s
dist_mn node 0: 2^25 = 2^12 x 2^13 over 3 x 4 ranks (general map), 4 primes, P24 (rows 341..342; 34561064 + 8640266 limbs at 0, window [0, 23040709) of share [0, 23040709)): redistribute 0.041 ntt 0.365 crt 0.001 out 0.023 spills+carry 0.002 total 0.421 s
dist_mn node 1: 2^25 = 2^12 x 2^13 over 3 x 4 ranks (general map), 4 primes, P24 (rows 341..342; 34561064 + 8640266 limbs at 0, window [23040709, 43201330) of share [23040709, 46081418)): redistribute 0.042 ntt 0.363 crt 0.001 out 0.024 spills+carry 0.002 total 0.421 s
dist_mn node 2: 2^25 = 2^12 x 2^13 over 3 x 4 ranks (general map), 4 primes, P24 (rows 341..342; 34561064 + 8640266 limbs at 0, window [43201330, 43201330) of share [46081418, 69122127)): redistribute 0.034 ntt 0.359 crt 0.001 out 0.025 spills+carry 0.003 total 0.421 s
dist_mn node 0: 2^25 = 2^12 x 2^13 over 3 x 4 ranks (general map), 4 primes, P24 (rows 341..342; 34561064 + 8640266 limbs at 8640266, window [0, 14400443) of share [0, 23040709), accumulated): redistribute 0.018 ntt 0.340 crt 0.001 out 0.018 spills+carry 0.012 total 0.389 s
dist_mn node 1: 2^25 = 2^12 x 2^13 over 3 x 4 ranks (general map), 4 primes, P24 (rows 341..342; 34561064 + 8640266 limbs at 8640266, window [14400443, 37441152) of share [23040709, 46081418), accumulated): redistribute 0.020 ntt 0.341 crt 0.001 out 0.018 spills+carry 0.012 total 0.389 s
dist_mn node 2: 2^25 = 2^12 x 2^13 over 3 x 4 ranks (general map), 4 primes, P24 (rows 341..342; 34561064 + 8640266 limbs at 8640266, window [37441152, 43201330) of share [46081418, 69122127), accumulated): redistribute 0.020 ntt 0.338 crt 0.001 out 0.020 spills+carry 0.012 total 0.389 s
dist_mn node 0: 2^25 = 2^12 x 2^13 over 3 x 4 ranks (general map), 4 primes, P24 (rows 341..342; 34561064 + 8640266 limbs at 17280532, window [0, 5760177) of share [0, 23040709), accumulated): redistribute 0.025 ntt 0.347 crt 0.001 out 0.020 spills+carry 0.015 total 0.405 s
dist_mn node 1: 2^25 = 2^12 x 2^13 over 3 x 4 ranks (general map), 4 primes, P24 (rows 341..342; 34561064 + 8640266 limbs at 17280532, window [5760177, 28800886) of share [23040709, 46081418), accumulated): redistribute 0.028 ntt 0.348 crt 0.001 out 0.018 spills+carry 0.015 total 0.405 s
dist_mn node 2: 2^25 = 2^12 x 2^13 over 3 x 4 ranks (general map), 4 primes, P24 (rows 341..342; 34561064 + 8640266 limbs at 17280532, window [28800886, 43201330) of share [46081418, 69122127), accumulated): redistribute 0.027 ntt 0.347 crt 0.001 out 0.019 spills+carry 0.015 total 0.405 s
dist_mn node 0: 2^25 = 2^12 x 2^13 over 3 x 4 ranks (general map), 4 primes, P24 (rows 341..342; 34561064 + 8640266 limbs at 25920798, window [0, 0) of share [0, 23040709), accumulated): redistribute 0.023 ntt 0.344 crt 0.001 out 0.023 spills+carry 0.009 total 0.400 s
dist_mn node 0: 34561064 x 34561064 limbs over 3 x 4 ranks (cap 2^25 points, P24): 1 x 4 pieces, 4 formed, 0 skipped (low product) (cache 0 slots: 1 hits, 3 misses)
dist_mn node 1: 2^25 = 2^12 x 2^13 over 3 x 4 ranks (general map), 4 primes, P24 (rows 341..342; 34561064 + 8640266 limbs at 25920798, window [0, 20160620) of share [23040709, 46081418), accumulated): redistribute 0.025 ntt 0.340 crt 0.001 out 0.024 spills+carry 0.009 total 0.400 s
dist_mn node 1: 34561064 x 34561064 limbs over 3 x 4 ranks (cap 2^25 points, P24): 1 x 4 pieces, 4 formed, 0 skipped (low product) (cache 0 slots: 1 hits, 3 misses)
dist_mn node 2: 2^25 = 2^12 x 2^13 over 3 x 4 ranks (general map), 4 primes, P24 (rows 341..342; 34561064 + 8640266 limbs at 25920798, window [20160620, 43201329) of share [46081418, 69122127), accumulated): redistribute 0.023 ntt 0.346 crt 0.001 out 0.021 spills+carry 0.009 total 0.400 s
dist_mn node 2: 34561064 x 34561064 limbs over 3 x 4 ranks (cap 2^25 points, P24): 1 x 4 pieces, 4 formed, 0 skipped (low product) (cache 0 slots: 1 hits, 3 misses)
dist_mn node 0: 34561064 + 34561064 limbs -> 69122127 (share 23040709): redistribute 0.107 ntt 1.396 crt 0.004 out 0.085 spills+carry 0.038, total 1.617 s
dist_mn node 1: 34561064 + 34561064 limbs -> 69122127 (share 23040709): redistribute 0.115 ntt 1.392 crt 0.004 out 0.084 spills+carry 0.038, total 1.617 s
dist_mn node 2: 34561064 + 34561064 limbs -> 69122127 (share 23040709): redistribute 0.105 ntt 1.389 crt 0.003 out 0.085 spills+carry 0.038, total 1.617 s
dist_mn node 0: 2^25 = 2^12 x 2^13 over 3 x 4 ranks (general map), 4 primes, P24 (rows 341..342; 17280532 + 17280529 limbs at 0, window [0, 17280529) of share [0, 17280529)): redistribute 0.040 ntt 0.350 crt 0.001 out 0.023 spills+carry 0.002 total 0.407 s
dist_mn node 1: 2^25 = 2^12 x 2^13 over 3 x 4 ranks (general map), 4 primes, P24 (rows 341..342; 17280532 + 17280529 limbs at 0, window [17280529, 34561059) of share [17280529, 34561059)): redistribute 0.034 ntt 0.348 crt 0.001 out 0.021 spills+carry 0.002 total 0.407 s
dist_mn node 2: 2^25 = 2^12 x 2^13 over 3 x 4 ranks (general map), 4 primes, P24 (rows 341..342; 17280532 + 17280529 limbs at 0, window [34561059, 34561061) of share [34561059, 51841589)): redistribute 0.047 ntt 0.354 crt 0.001 out 0.022 spills+carry 0.003 total 0.407 s
dist_mn node 0: 2^25 = 2^12 x 2^13 over 3 x 4 ranks (general map), 4 primes, P24 (rows 341..342; 17280532 + 17280528 limbs at 17280529, window [0, 0) of share [0, 17280529), accumulated): redistribute 0.022 ntt 0.330 crt 0.001 out 0.020 spills+carry 0.004 total 0.373 s
dist_mn node 0: 17280532 x 34561057 limbs over 3 x 4 ranks (cap 2^25 points, P24): 1 x 2 pieces, 2 formed, 0 skipped (cache 0 slots: 0 hits, 0 misses)
dist_mn node 1: 2^25 = 2^12 x 2^13 over 3 x 4 ranks (general map), 4 primes, P24 (rows 341..342; 17280532 + 17280528 limbs at 17280529, window [0, 17280530) of share [17280529, 34561059), accumulated): redistribute 0.021 ntt 0.329 crt 0.001 out 0.021 spills+carry 0.004 total 0.373 s
dist_mn node 1: 17280532 x 34561057 limbs over 3 x 4 ranks (cap 2^25 points, P24): 1 x 2 pieces, 2 formed, 0 skipped (cache 0 slots: 0 hits, 0 misses)
dist_mn node 2: 2^25 = 2^12 x 2^13 over 3 x 4 ranks (general map), 4 primes, P24 (rows 341..342; 17280532 + 17280528 limbs at 17280529, window [17280530, 34561060) of share [34561059, 51841589), accumulated): redistribute 0.022 ntt 0.333 crt 0.001 out 0.020 spills+carry 0.004 total 0.373 s
dist_mn node 2: 17280532 x 34561057 limbs over 3 x 4 ranks (cap 2^25 points, P24): 1 x 2 pieces, 2 formed, 0 skipped (cache 0 slots: 0 hits, 0 misses)
dist_mn node 0: 17280532 + 34561057 limbs -> 51841589 (share 17280529): redistribute 0.063 ntt 0.680 crt 0.002 out 0.043 spills+carry 0.006, total 0.783 s
dist_mn node 1: 17280532 + 34561057 limbs -> 51841589 (share 17280530): redistribute 0.055 ntt 0.678 crt 0.002 out 0.042 spills+carry 0.006, total 0.783 s
dist_mn node 2: 17280532 + 34561057 limbs -> 51841589 (share 17280530): redistribute 0.069 ntt 0.687 crt 0.002 out 0.042 spills+carry 0.006, total 0.783 s
mdev 2^26 (51841589 limbs): repack 0.095 h2d 0.001 fwd 0.013 inv 0.008 d2h 0.055 crt 0.071 total 0.167 s
mdev 2^26 (51841589 limbs): repack 0.082 h2d 0.002 fwd 0.015 inv 0.008 d2h 0.071 crt 0.056 total 0.169 s
mdev 2^26 (51841589 limbs): repack 0.089 h2d 0.001 fwd 0.015 inv 0.008 d2h 0.070 crt 0.086 total 0.187 s
dist_mn node 0: 2^25 = 2^12 x 2^13 over 3 x 4 ranks (general map), 4 primes, P24 (rows 341..342; 17280532 + 17280529 limbs at 0, window [0, 5760178) of share [0, 5760178)): redistribute 0.047 ntt 0.357 crt 0.001 out 0.014 spills+carry 0.003 total 0.410 s
dist_mn node 1: 2^25 = 2^12 x 2^13 over 3 x 4 ranks (general map), 4 primes, P24 (rows 341..342; 17280532 + 17280529 limbs at 0, window [5760178, 11520356) of share [5760178, 11520356)): redistribute 0.041 ntt 0.356 crt 0.001 out 0.013 spills+carry 0.003 total 0.410 s
dist_mn node 2: 2^25 = 2^12 x 2^13 over 3 x 4 ranks (general map), 4 primes, P24 (rows 341..342; 17280532 + 17280529 limbs at 0, window [11520356, 17280535) of share [11520356, 17280535)): redistribute 0.048 ntt 0.362 crt 0.001 out 0.010 spills+carry 0.003 total 0.410 s
dist_mn node 0: 2^25 = 2^12 x 2^13 over 3 x 4 ranks (general map), 4 primes, P24 (rows 341..342; 17280532 + 17280528 limbs at 17280529, window [0, 0) of share [0, 5760178), accumulated): redistribute 0.030 ntt 0.328 crt 0.001 out 0.003 spills+carry 0.001 total 0.354 s
dist_mn node 0: 17280532 x 34561057 limbs over 3 x 4 ranks (cap 2^25 points, P24): 1 x 2 pieces, 2 formed, 0 skipped (low product) (cache 0 slots: 0 hits, 0 misses)
dist_mn node 1: 2^25 = 2^12 x 2^13 over 3 x 4 ranks (general map), 4 primes, P24 (rows 341..342; 17280532 + 17280528 limbs at 17280529, window [0, 0) of share [5760178, 11520356), accumulated): redistribute 0.026 ntt 0.328 crt 0.001 out 0.003 spills+carry 0.001 total 0.354 s
dist_mn node 1: 17280532 x 34561057 limbs over 3 x 4 ranks (cap 2^25 points, P24): 1 x 2 pieces, 2 formed, 0 skipped (low product) (cache 0 slots: 0 hits, 0 misses)
dist_mn node 2: 2^25 = 2^12 x 2^13 over 3 x 4 ranks (general map), 4 primes, P24 (rows 341..342; 17280532 + 17280528 limbs at 17280529, window [0, 6) of share [11520356, 17280535), accumulated): redistribute 0.020 ntt 0.331 crt 0.001 out 0.002 spills+carry 0.001 total 0.354 s
dist_mn node 2: 17280532 x 34561057 limbs over 3 x 4 ranks (cap 2^25 points, P24): 1 x 2 pieces, 2 formed, 0 skipped (low product) (cache 0 slots: 0 hits, 0 misses)
dist_mn node 1: 17280532 + 34561057 limbs -> 17280535 (share 5760178): redistribute 0.068 ntt 0.684 crt 0.002 out 0.015 spills+carry 0.003, total 0.768 s
dist_mn node 0: 17280532 + 34561057 limbs -> 17280535 (share 5760178): redistribute 0.077 ntt 0.685 crt 0.002 out 0.017 spills+carry 0.004, total 0.801 s
dist_mn node 2: 17280532 + 34561057 limbs -> 17280535 (share 5760179): redistribute 0.068 ntt 0.692 crt 0.002 out 0.013 spills+carry 0.003, total 0.815 s
dist_mn node 0: 2^25 = 2^12 x 2^13 over 3 x 4 ranks (general map), 4 primes, P24 (rows 341..342; 34561064 + 8640266 limbs at 0, window [0, 23040709) of share [0, 23040709)): redistribute 0.043 ntt 0.391 crt 0.001 out 0.025 spills+carry 0.003 total 0.445 s
dist_mn node 1: 2^25 = 2^12 x 2^13 over 3 x 4 ranks (general map), 4 primes, P24 (rows 341..342; 34561064 + 8640266 limbs at 0, window [23040709, 43201330) of share [23040709, 46081419)): redistribute 0.046 ntt 0.387 crt 0.001 out 0.025 spills+carry 0.002 total 0.445 s
dist_mn node 2: 2^25 = 2^12 x 2^13 over 3 x 4 ranks (general map), 4 primes, P24 (rows 341..342; 34561064 + 8640266 limbs at 0, window [43201330, 43201330) of share [46081419, 69122129)): redistribute 0.045 ntt 0.390 crt 0.001 out 0.028 spills+carry 0.003 total 0.445 s
dist_mn node 0: 2^25 = 2^12 x 2^13 over 3 x 4 ranks (general map), 4 primes, P24 (rows 341..342; 34561064 + 8640266 limbs at 8640266, window [0, 14400443) of share [0, 23040709), accumulated): redistribute 0.019 ntt 0.351 crt 0.001 out 0.024 spills+carry 0.014 total 0.409 s
dist_mn node 1: 2^25 = 2^12 x 2^13 over 3 x 4 ranks (general map), 4 primes, P24 (rows 341..342; 34561064 + 8640266 limbs at 8640266, window [14400443, 37441153) of share [23040709, 46081419), accumulated): redistribute 0.021 ntt 0.352 crt 0.001 out 0.021 spills+carry 0.014 total 0.409 s
dist_mn node 2: 2^25 = 2^12 x 2^13 over 3 x 4 ranks (general map), 4 primes, P24 (rows 341..342; 34561064 + 8640266 limbs at 8640266, window [37441153, 43201330) of share [46081419, 69122129), accumulated): redistribute 0.025 ntt 0.348 crt 0.001 out 0.025 spills+carry 0.014 total 0.409 s
dist_mn node 0: 2^25 = 2^12 x 2^13 over 3 x 4 ranks (general map), 4 primes, P24 (rows 341..342; 34561064 + 8640266 limbs at 17280532, window [0, 5760177) of share [0, 23040709), accumulated): redistribute 0.021 ntt 0.330 crt 0.001 out 0.020 spills+carry 0.015 total 0.387 s
dist_mn node 1: 2^25 = 2^12 x 2^13 over 3 x 4 ranks (general map), 4 primes, P24 (rows 341..342; 34561064 + 8640266 limbs at 17280532, window [5760177, 28800887) of share [23040709, 46081419), accumulated): redistribute 0.019 ntt 0.332 crt 0.001 out 0.020 spills+carry 0.015 total 0.387 s
dist_mn node 2: 2^25 = 2^12 x 2^13 over 3 x 4 ranks (general map), 4 primes, P24 (rows 341..342; 34561064 + 8640266 limbs at 17280532, window [28800887, 43201330) of share [46081419, 69122129), accumulated): redistribute 0.023 ntt 0.331 crt 0.001 out 0.017 spills+carry 0.015 total 0.387 s
dist_mn node 0: 2^25 = 2^12 x 2^13 over 3 x 4 ranks (general map), 4 primes, P24 (rows 341..342; 34561064 + 8640266 limbs at 25920798, window [0, 0) of share [0, 23040709), accumulated): redistribute 0.023 ntt 0.332 crt 0.001 out 0.026 spills+carry 0.009 total 0.389 s
dist_mn node 1: 2^25 = 2^12 x 2^13 over 3 x 4 ranks (general map), 4 primes, P24 (rows 341..342; 34561064 + 8640266 limbs at 25920798, window [0, 20160621) of share [23040709, 46081419), accumulated): redistribute 0.021 ntt 0.334 crt 0.001 out 0.026 spills+carry 0.009 total 0.389 s
dist_mn node 2: 2^25 = 2^12 x 2^13 over 3 x 4 ranks (general map), 4 primes, P24 (rows 341..342; 34561064 + 8640266 limbs at 25920798, window [20160621, 43201330) of share [46081419, 69122129), accumulated): redistribute 0.022 ntt 0.332 crt 0.001 out 0.025 spills+carry 0.009 total 0.389 s
mdb_add_shifted node 0: 34561061 limbs at 0 into a basis of 69122129 (my window [0, 23040709), 1 rounds of 5760192; slabs 5760177 + 5760177 limbs per APU 0): 0.065 s
dist_mn node 0: 34561064 x 34561064 limbs over 3 x 4 ranks (cap 2^25 points, P24): 1 x 4 pieces, 4 formed, 0 skipped (cache 0 slots: 0 hits, 0 misses)
mdb_add_shifted node 1: 34561061 limbs at 0 into a basis of 69122129 (my window [23040709, 34561061), 1 rounds of 5760192; slabs 0 + 2880088 limbs per APU 0): 0.065 s
dist_mn node 1: 34561064 x 34561064 limbs over 3 x 4 ranks (cap 2^25 points, P24): 1 x 4 pieces, 4 formed, 0 skipped (cache 0 slots: 0 hits, 0 misses)
mdb_add_shifted node 2: 34561061 limbs at 0 into a basis of 69122129 (my window [46081419, 46081419), 1 rounds of 5760192; slabs 2880088 + 0 limbs per APU 0): 0.065 s
dist_mn node 2: 34561064 x 34561064 limbs over 3 x 4 ranks (cap 2^25 points, P24): 1 x 4 pieces, 4 formed, 0 skipped (cache 0 slots: 0 hits, 0 misses)
dist_mn node 0: 34561064 + 34561064 + x limbs -> 69122128 (share 23040709): redistribute 0.106 ntt 1.404 crt 0.004 out 0.095 spills+carry 0.040, total 1.699 s
dist_mn node 1: 34561064 + 34561064 + x limbs -> 69122128 (share 23040710): redistribute 0.108 ntt 1.406 crt 0.004 out 0.092 spills+carry 0.039, total 1.697 s
dist_mn node 2: 34561064 + 34561064 + x limbs -> 69122128 (share 23040710): redistribute 0.115 ntt 1.401 crt 0.003 out 0.094 spills+carry 0.040, total 1.718 s
mdb_add_shifted node 0: 34561061 limbs at 0 into a basis of 69122129 (my window [0, 23040709), 1 rounds of 5760192; slabs 5760177 + 5760177 limbs per APU 0): 0.104 s
mdb_add_shifted node 1: 34561061 limbs at 0 into a basis of 69122129 (my window [23040709, 34561061), 1 rounds of 5760192; slabs 0 + 2880088 limbs per APU 0): 0.078 s
mdb_add_shifted node 2: 34561061 limbs at 0 into a basis of 69122129 (my window [46081419, 46081419), 1 rounds of 5760192; slabs 2880088 + 0 limbs per APU 0): 0.069 s
mdb_add_shifted node 0: 34561061 limbs at 7 into a basis of 69122129 (my window [7, 23040709), 1 rounds of 5760176; slabs 5760175 + 5760175 limbs per APU 0): 0.155 s
mdb_add_shifted node 1: 34561061 limbs at 7 into a basis of 69122129 (my window [23040709, 34561068), 1 rounds of 5760176; slabs 7 + 2880089 limbs per APU 0): 0.130 s
mdb_add_shifted node 2: 34561061 limbs at 7 into a basis of 69122129 (my window [46081419, 46081419), 1 rounds of 5760176; slabs 2880082 + 0 limbs per APU 0): 0.157 s
mdb_add_shifted node 0: 34561061 limbs at 17280532 into a basis of 69122129 (my window [17280532, 23040709), 1 rounds of 5760192; slabs 7200221 + 1440044 limbs per APU 0): 0.182 s
mdb_add_shifted node 1: 34561061 limbs at 17280532 into a basis of 69122129 (my window [23040709, 46081419), 1 rounds of 5760192; slabs 0 + 5760177 limbs per APU 0): 0.045 s
mdb_add_shifted node 2: 34561061 limbs at 17280532 into a basis of 69122129 (my window [46081419, 51841593), 1 rounds of 5760192; slabs 1440043 + 1440043 limbs per APU 0): 0.126 s
mdb_add_shifted node 2: 34561061 limbs at 34561064 into a basis of 69122129 (my window [46081419, 69122125), 1 rounds of 5760192; slabs 0 + 5760176 limbs per APU 0): 0.085 s
mdb_add_shifted node 1: 34561061 limbs at 34561064 into a basis of 69122129 (my window [34561064, 46081419), 1 rounds of 5760192; slabs 5760176 + 2880088 limbs per APU 0): 0.099 s
mdb_add_shifted node 0: 34561061 limbs at 34561064 into a basis of 69122129 (my window [34561064, 34561064), 1 rounds of 5760192; slabs 2880088 + 0 limbs per APU 0): 0.160 s
dist_mn node 0: 2^25 = 2^12 x 2^13 over 3 x 4 ranks (general map), 4 primes, P24 (rows 341..342; 25165824 + 13421772 limbs at 0, window [0, 21251140) of share [0, 21251140)): redistribute 0.031 ntt 0.374 crt 0.001 out 0.025 spills+carry 0.001 total 0.421 s
dist_mn node 1: 2^25 = 2^12 x 2^13 over 3 x 4 ranks (general map), 4 primes, P24 (rows 341..342; 25165824 + 13421772 limbs at 0, window [21251140, 38587596) of share [21251140, 42502280)): redistribute 0.034 ntt 0.378 crt 0.001 out 0.021 spills+carry 0.001 total 0.421 s
dist_mn node 2: 2^25 = 2^12 x 2^13 over 3 x 4 ranks (general map), 4 primes, P24 (rows 341..342; 25165824 + 13421772 limbs at 0, window [38587596, 38587596) of share [42502280, 63753420)): redistribute 0.031 ntt 0.374 crt 0.001 out 0.026 spills+carry 0.001 total 0.421 s
dbig pool: APU2 hipMalloc 0.03 GB inside the phase (free 0.33 GB in 24 extents, largest 0.03; live 0.18 GB in 32 blocks)
dbig pool: APU0 hipMalloc 0.03 GB inside the phase (free 0.33 GB in 24 extents, largest 0.03; live 0.18 GB in 36 blocks)
dbig pool: APU1 hipMalloc 0.03 GB inside the phase (free 0.33 GB in 24 extents, largest 0.03; live 0.18 GB in 38 blocks)
dbig pool: APU0 hipMalloc 0.04 GB inside the phase (free 0.37 GB in 25 extents, largest 0.03; live 0.18 GB in 34 blocks)
dbig pool: APU2 hipMalloc 0.04 GB inside the phase (free 0.37 GB in 25 extents, largest 0.03; live 0.18 GB in 35 blocks)
dbig pool: APU1 hipMalloc 0.04 GB inside the phase (free 0.37 GB in 25 extents, largest 0.03; live 0.18 GB in 35 blocks)
dist_mn node 0: 2^25 = 2^12 x 2^13 over 3 x 4 ranks (general map), 4 primes, P24 (rows 341..342; 25165824 + 13421772 limbs at 25165824, window [0, 0) of share [0, 21251140), accumulated): redistribute 0.026 ntt 0.330 crt 0.001 out 0.024 spills+carry 0.008 total 0.380 s
dist_mn node 0: 50331648 x 13421772 limbs over 3 x 4 ranks (cap 2^25 points, P24): 2 x 1 pieces, 2 formed, 0 skipped (cache 0 slots: 0 hits, 0 misses)
dist_mn node 1: 2^25 = 2^12 x 2^13 over 3 x 4 ranks (general map), 4 primes, P24 (rows 341..342; 25165824 + 13421772 limbs at 25165824, window [0, 17336456) of share [21251140, 42502280), accumulated): redistribute 0.026 ntt 0.332 crt 0.001 out 0.022 spills+carry 0.008 total 0.380 s
dist_mn node 1: 50331648 x 13421772 limbs over 3 x 4 ranks (cap 2^25 points, P24): 2 x 1 pieces, 2 formed, 0 skipped (cache 0 slots: 0 hits, 0 misses)
dist_mn node 2: 2^25 = 2^12 x 2^13 over 3 x 4 ranks (general map), 4 primes, P24 (rows 341..342; 25165824 + 13421772 limbs at 25165824, window [17336456, 38587596) of share [42502280, 63753420), accumulated): redistribute 0.029 ntt 0.330 crt 0.001 out 0.020 spills+carry 0.008 total 0.380 s
dist_mn node 2: 50331648 x 13421772 limbs over 3 x 4 ranks (cap 2^25 points, P24): 2 x 1 pieces, 2 formed, 0 skipped (cache 0 slots: 0 hits, 0 misses)
dist_mn node 0: 50331648 + 13421772 limbs -> 63753420 (share 21251140): redistribute 0.057 ntt 0.704 crt 0.003 out 0.048 spills+carry 0.009, total 0.846 s
dist_mn node 1: 50331648 + 13421772 limbs -> 63753420 (share 21251140): redistribute 0.060 ntt 0.710 crt 0.003 out 0.043 spills+carry 0.009, total 1.117 s
dist_mn node 2: 50331648 + 13421772 limbs -> 63753420 (share 21251140): redistribute 0.060 ntt 0.704 crt 0.003 out 0.046 spills+carry 0.009, total 0.804 s
mdev 2^26 (63753420 limbs): repack 0.072 h2d 0.001 fwd 0.017 inv 0.010 d2h 0.041 crt 0.051 total 0.148 s
mdev 2^26 (63753420 limbs): repack 0.072 h2d 0.002 fwd 0.015 inv 0.010 d2h 0.046 crt 0.040 total 0.157 s
mdev 2^26 (63753420 limbs): repack 0.073 h2d 0.002 fwd 0.018 inv 0.010 d2h 0.051 crt 0.074 total 0.162 s
   3x1 50331648 x 13421772: 1.10 s
dist_mn node 0: 2^25 = 2^12 x 2^13 over 3 x 4 ranks (general map), 4 primes, P24 (rows 341..342; 25165824 + 13421772 limbs at 0, window [0, 21251140) of share [0, 21251140)): redistribute 0.050 ntt 0.388 crt 0.001 out 0.022 spills+carry 0.001 total 0.437 s
dist_mn node 1: 2^25 = 2^12 x 2^13 over 3 x 4 ranks (general map), 4 primes, P24 (rows 341..342; 25165824 + 13421772 limbs at 0, window [21251140, 38587596) of share [21251140, 42502280)): redistribute 0.051 ntt 0.386 crt 0.001 out 0.023 spills+carry 0.001 total 0.437 s
dist_mn node 2: 2^25 = 2^12 x 2^13 over 3 x 4 ranks (general map), 4 primes, P24 (rows 341..342; 25165824 + 13421772 limbs at 0, window [38587596, 38587596) of share [42502280, 63753421)): redistribute 0.059 ntt 0.387 crt 0.001 out 0.020 spills+carry 0.001 total 0.437 s
dist_mn node 0: 2^25 = 2^12 x 2^13 over 3 x 4 ranks (general map), 4 primes, P24 (rows 341..342; 25165824 + 13421772 limbs at 25165824, window [0, 0) of share [0, 21251140), accumulated): redistribute 0.020 ntt 0.324 crt 0.001 out 0.020 spills+carry 0.008 total 0.374 s
dist_mn node 1: 2^25 = 2^12 x 2^13 over 3 x 4 ranks (general map), 4 primes, P24 (rows 341..342; 25165824 + 13421772 limbs at 25165824, window [0, 17336456) of share [21251140, 42502280), accumulated): redistribute 0.019 ntt 0.324 crt 0.001 out 0.023 spills+carry 0.008 total 0.374 s
dist_mn node 2: 2^25 = 2^12 x 2^13 over 3 x 4 ranks (general map), 4 primes, P24 (rows 341..342; 25165824 + 13421772 limbs at 25165824, window [17336456, 38587596) of share [42502280, 63753421), accumulated): redistribute 0.027 ntt 0.321 crt 0.001 out 0.016 spills+carry 0.008 total 0.374 s
mdb_add_shifted node 1: 13421769 limbs at 0 into a basis of 63753421 (my window [21251140, 21251140), 1 rounds of 3355456; slabs 0 + 0 limbs per APU 0): 0.029 s
dist_mn node 1: 50331648 x 13421772 limbs over 3 x 4 ranks (cap 2^25 points, P24): 2 x 1 pieces, 2 formed, 0 skipped (cache 0 slots: 0 hits, 0 misses)
mdb_add_shifted node 0: 13421769 limbs at 0 into a basis of 63753421 (my window [0, 13421769), 1 rounds of 3355456; slabs 3355442 + 3355442 limbs per APU 0): 0.029 s
dist_mn node 0: 50331648 x 13421772 limbs over 3 x 4 ranks (cap 2^25 points, P24): 2 x 1 pieces, 2 formed, 0 skipped (cache 0 slots: 0 hits, 0 misses)
mdb_add_shifted node 2: 13421769 limbs at 0 into a basis of 63753421 (my window [42502280, 42502280), 1 rounds of 3355456; slabs 0 + 0 limbs per APU 0): 0.029 s
dist_mn node 2: 50331648 x 13421772 limbs over 3 x 4 ranks (cap 2^25 points, P24): 2 x 1 pieces, 2 formed, 0 skipped (cache 0 slots: 0 hits, 0 misses)
dist_mn node 1: 50331648 + 13421772 + x limbs -> 63753420 (share 21251140): redistribute 0.070 ntt 0.709 crt 0.002 out 0.045 spills+carry 0.009, total 0.842 s
dist_mn node 0: 50331648 + 13421772 + x limbs -> 63753420 (share 21251140): redistribute 0.071 ntt 0.712 crt 0.002 out 0.043 spills+carry 0.009, total 0.855 s
dist_mn node 2: 50331648 + 13421772 + x limbs -> 63753420 (share 21251141): redistribute 0.086 ntt 0.708 crt 0.002 out 0.037 spills+carry 0.009, total 0.874 s
dist_mn node 0: 2^25 = 2^12 x 2^13 over 3 x 4 ranks (general map), 4 primes, P24 (rows 341..342; 25165824 + 13421772 limbs at 0, window [0, 16777216) of share [0, 16777216)): redistribute 0.047 ntt 0.347 crt 0.001 out 0.026 spills+carry 0.001 total 0.413 s
dist_mn node 1: 2^25 = 2^12 x 2^13 over 3 x 4 ranks (general map), 4 primes, P24 (rows 341..342; 25165824 + 13421772 limbs at 0, window [16777216, 33554433) of share [16777216, 33554433)): redistribute 0.049 ntt 0.341 crt 0.001 out 0.022 spills+carry 0.001 total 0.412 s
dist_mn node 2: 2^25 = 2^12 x 2^13 over 3 x 4 ranks (general map), 4 primes, P24 (rows 341..342; 25165824 + 13421772 limbs at 0, window [33554433, 38587596) of share [33554433, 50331650)): redistribute 0.055 ntt 0.342 crt 0.001 out 0.027 spills+carry 0.001 total 0.413 s
dist_mn node 0: 2^25 = 2^12 x 2^13 over 3 x 4 ranks (general map), 4 primes, P24 (rows 341..342; 25165824 + 13421772 limbs at 25165824, window [0, 0) of share [0, 16777216), accumulated): redistribute 0.024 ntt 0.316 crt 0.001 out 0.015 spills+carry 0.007 total 0.363 s
dist_mn node 0: 50331648 x 13421772 limbs over 3 x 4 ranks (cap 2^25 points, P24): 2 x 1 pieces, 2 formed, 0 skipped (low product) (cache 0 slots: 0 hits, 0 misses)
dist_mn node 1: 2^25 = 2^12 x 2^13 over 3 x 4 ranks (general map), 4 primes, P24 (rows 341..342; 25165824 + 13421772 limbs at 25165824, window [0, 8388609) of share [16777216, 33554433), accumulated): redistribute 0.022 ntt 0.317 crt 0.001 out 0.017 spills+carry 0.007 total 0.363 s
dist_mn node 1: 50331648 x 13421772 limbs over 3 x 4 ranks (cap 2^25 points, P24): 2 x 1 pieces, 2 formed, 0 skipped (low product) (cache 0 slots: 0 hits, 0 misses)
dist_mn node 2: 2^25 = 2^12 x 2^13 over 3 x 4 ranks (general map), 4 primes, P24 (rows 341..342; 25165824 + 13421772 limbs at 25165824, window [8388609, 25165826) of share [33554433, 50331650), accumulated): redistribute 0.025 ntt 0.314 crt 0.001 out 0.017 spills+carry 0.007 total 0.363 s
dist_mn node 2: 50331648 x 13421772 limbs over 3 x 4 ranks (cap 2^25 points, P24): 2 x 1 pieces, 2 formed, 0 skipped (low product) (cache 0 slots: 0 hits, 0 misses)
dist_mn node 1: 50331648 + 13421772 limbs -> 50331650 (share 16777217): redistribute 0.071 ntt 0.658 crt 0.002 out 0.039 spills+carry 0.008, total 0.777 s
dist_mn node 0: 50331648 + 13421772 limbs -> 50331650 (share 16777216): redistribute 0.072 ntt 0.663 crt 0.002 out 0.041 spills+carry 0.008, total 0.777 s
dist_mn node 2: 50331648 + 13421772 limbs -> 50331650 (share 16777217): redistribute 0.080 ntt 0.657 crt 0.002 out 0.044 spills+carry 0.008, total 0.777 s
dist_mn node 0: 2^25 = 2^12 x 2^13 over 3 x 4 ranks (general map), 3 primes (rows 341..342; 25165825 + 6710886 limbs at 0, window [0, 8388608) of share [0, 8388608)): redistribute 0.035 ntt 0.276 crt 0.000 out 0.018 spills+carry 0.001 total 0.318 s [A cached] [B cached]
dist_mn node 1: 2^25 = 2^12 x 2^13 over 3 x 4 ranks (general map), 3 primes (rows 341..342; 25165825 + 6710886 limbs at 0, window [8388608, 16777216) of share [8388608, 16777216)): redistribute 0.034 ntt 0.276 crt 0.000 out 0.017 spills+carry 0.001 total 0.318 s [A cached] [B cached]
dist_mn node 2: 2^25 = 2^12 x 2^13 over 3 x 4 ranks (general map), 3 primes (rows 341..342; 25165825 + 6710886 limbs at 0, window [16777216, 25165825) of share [16777216, 25165825)): redistribute 0.031 ntt 0.279 crt 0.000 out 0.014 spills+carry 0.000 total 0.318 s [A cached] [B cached]
dist_mn node 0: 2^25 = 2^12 x 2^13 over 3 x 4 ranks (general map), 3 primes (rows 341..342; 25165825 + 6710886 limbs at 6710886, window [0, 1677722) of share [0, 8388608), accumulated): redistribute 0.007 ntt 0.166 crt 0.000 out 0.011 spills+carry 0.003 total 0.187 s [A hit] [B cached]
dist_mn node 0: 25165825 x 13421772 limbs over 3 x 4 ranks (cap 2^25): 1 x 2 pieces, 2 formed, 0 skipped (low product) (cache 2 slots: 1 hits, 3 misses)
dist_mn node 1: 2^25 = 2^12 x 2^13 over 3 x 4 ranks (general map), 3 primes (rows 341..342; 25165825 + 6710886 limbs at 6710886, window [1677722, 10066330) of share [8388608, 16777216), accumulated): redistribute 0.005 ntt 0.170 crt 0.000 out 0.010 spills+carry 0.002 total 0.187 s [A hit] [B cached]
dist_mn node 1: 25165825 x 13421772 limbs over 3 x 4 ranks (cap 2^25): 1 x 2 pieces, 2 formed, 0 skipped (low product) (cache 2 slots: 1 hits, 3 misses)
dist_mn node 2: 2^25 = 2^12 x 2^13 over 3 x 4 ranks (general map), 3 primes (rows 341..342; 25165825 + 6710886 limbs at 6710886, window [10066330, 18454939) of share [16777216, 25165825), accumulated): redistribute 0.006 ntt 0.166 crt 0.000 out 0.012 spills+carry 0.002 total 0.187 s [A hit] [B cached]
dist_mn node 2: 25165825 x 13421772 limbs over 3 x 4 ranks (cap 2^25): 1 x 2 pieces, 2 formed, 0 skipped (low product) (cache 2 slots: 1 hits, 3 misses)
dist_mn node 0: 25165825 + 13421772 limbs -> 25165825 (share 8388608): redistribute 0.042 ntt 0.442 crt 0.001 out 0.030 spills+carry 0.003, total 0.506 s
dist_mn node 1: 25165825 + 13421772 limbs -> 25165825 (share 8388608): redistribute 0.039 ntt 0.445 crt 0.001 out 0.027 spills+carry 0.003, total 0.506 s
dist_mn node 2: 25165825 + 13421772 limbs -> 25165825 (share 8388609): redistribute 0.037 ntt 0.446 crt 0.001 out 0.026 spills+carry 0.003, total 0.506 s
dist_mn node 0: 2^25 = 2^12 x 2^13 over 3 x 4 ranks (general map), 4 primes, P24 (rows 341..342; 25165824 + 13421772 limbs at 0, window [0, 21251139) of share [0, 21251139)): redistribute 0.050 ntt 0.337 crt 0.001 out 0.022 spills+carry 0.001 total 0.391 s
dist_mn node 1: 2^25 = 2^12 x 2^13 over 3 x 4 ranks (general map), 4 primes, P24 (rows 341..342; 25165824 + 13421772 limbs at 0, window [21251139, 38587596) of share [21251139, 42502279)): redistribute 0.052 ntt 0.341 crt 0.001 out 0.025 spills+carry 0.001 total 0.391 s
dist_mn node 2: 2^25 = 2^12 x 2^13 over 3 x 4 ranks (general map), 4 primes, P24 (rows 341..342; 25165824 + 13421772 limbs at 0, window [38587596, 38587596) of share [42502279, 63753419)): redistribute 0.052 ntt 0.338 crt 0.001 out 0.024 spills+carry 0.001 total 0.391 s
dist_mn node 0: 2^25 = 2^12 x 2^13 over 3 x 4 ranks (general map), 4 primes, P24 (rows 341..342; 25165824 + 13421772 limbs at 25165824, window [0, 0) of share [0, 21251139), accumulated): redistribute 0.019 ntt 0.329 crt 0.001 out 0.020 spills+carry 0.007 total 0.376 s
dist_mn node 0: 50331648 x 13421772 limbs over 3 x 4 ranks (cap 2^25 points, P24): 2 x 1 pieces, 2 formed, 0 skipped (low product) (cache 0 slots: 1 hits, 3 misses)
dist_mn node 1: 2^25 = 2^12 x 2^13 over 3 x 4 ranks (general map), 4 primes, P24 (rows 341..342; 25165824 + 13421772 limbs at 25165824, window [0, 17336455) of share [21251139, 42502279), accumulated): redistribute 0.018 ntt 0.330 crt 0.002 out 0.020 spills+carry 0.007 total 0.376 s
dist_mn node 1: 50331648 x 13421772 limbs over 3 x 4 ranks (cap 2^25 points, P24): 2 x 1 pieces, 2 formed, 0 skipped (low product) (cache 0 slots: 1 hits, 3 misses)
dist_mn node 2: 2^25 = 2^12 x 2^13 over 3 x 4 ranks (general map), 4 primes, P24 (rows 341..342; 25165824 + 13421772 limbs at 25165824, window [17336455, 38587595) of share [42502279, 63753419), accumulated): redistribute 0.021 ntt 0.327 crt 0.002 out 0.023 spills+carry 0.007 total 0.376 s
dist_mn node 2: 50331648 x 13421772 limbs over 3 x 4 ranks (cap 2^25 points, P24): 2 x 1 pieces, 2 formed, 0 skipped (low product) (cache 0 slots: 1 hits, 3 misses)
dist_mn node 0: 50331648 + 13421772 limbs -> 63753419 (share 21251139): redistribute 0.069 ntt 0.666 crt 0.003 out 0.042 spills+carry 0.008, total 0.770 s
dist_mn node 1: 50331648 + 13421772 limbs -> 63753419 (share 21251140): redistribute 0.071 ntt 0.671 crt 0.003 out 0.045 spills+carry 0.008, total 0.770 s
dist_mn node 2: 50331648 + 13421772 limbs -> 63753419 (share 21251140): redistribute 0.074 ntt 0.665 crt 0.002 out 0.048 spills+carry 0.008, total 0.770 s
dist_mn node 0: 2^25 = 2^12 x 2^13 over 3 x 4 ranks (general map), 4 primes, P24 (rows 341..342; 25165824 + 13421772 limbs at 0, window [0, 21251140) of share [0, 21251140)): redistribute 0.036 ntt 0.404 crt 0.001 out 0.023 spills+carry 0.001 total 0.455 s
dist_mn node 1: 2^25 = 2^12 x 2^13 over 3 x 4 ranks (general map), 4 primes, P24 (rows 341..342; 25165824 + 13421772 limbs at 0, window [21251140, 38587596) of share [21251140, 42502280)): redistribute 0.039 ntt 0.400 crt 0.001 out 0.025 spills+carry 0.001 total 0.455 s
dist_mn node 2: 2^25 = 2^12 x 2^13 over 3 x 4 ranks (general map), 4 primes, P24 (rows 341..342; 25165824 + 13421772 limbs at 0, window [38587596, 38587596) of share [42502280, 63753420)): redistribute 0.040 ntt 0.404 crt 0.001 out 0.025 spills+carry 0.001 total 0.455 s
dist_mn node 0: 2^25 = 2^12 x 2^13 over 3 x 4 ranks (general map), 4 primes, P24 (rows 341..342; 25165824 + 13421772 limbs at 25165824, window [0, 0) of share [0, 21251140), accumulated): redistribute 0.023 ntt 0.354 crt 0.001 out 0.017 spills+carry 0.008 total 0.403 s
dist_mn node 0: 50331648 x 13421772 limbs over 3 x 4 ranks (cap 2^25 points, P24): 2 x 1 pieces, 2 formed, 0 skipped (low cut) (cache 0 slots: 1 hits, 3 misses)
dist_mn node 1: 2^25 = 2^12 x 2^13 over 3 x 4 ranks (general map), 4 primes, P24 (rows 341..342; 25165824 + 13421772 limbs at 25165824, window [0, 17336456) of share [21251140, 42502280), accumulated): redistribute 0.025 ntt 0.351 crt 0.001 out 0.018 spills+carry 0.008 total 0.403 s
dist_mn node 1: 50331648 x 13421772 limbs over 3 x 4 ranks (cap 2^25 points, P24): 2 x 1 pieces, 2 formed, 0 skipped (low cut) (cache 0 slots: 1 hits, 3 misses)
dist_mn node 2: 2^25 = 2^12 x 2^13 over 3 x 4 ranks (general map), 4 primes, P24 (rows 341..342; 25165824 + 13421772 limbs at 25165824, window [17336456, 38587596) of share [42502280, 63753420), accumulated): redistribute 0.032 ntt 0.351 crt 0.001 out 0.015 spills+carry 0.008 total 0.403 s
dist_mn node 2: 50331648 x 13421772 limbs over 3 x 4 ranks (cap 2^25 points, P24): 2 x 1 pieces, 2 formed, 0 skipped (low cut) (cache 0 slots: 1 hits, 3 misses)
dist_mn node 0: 50331648 + 13421772 limbs -> 63753420 (share 21251140): redistribute 0.059 ntt 0.758 crt 0.002 out 0.041 spills+carry 0.009, total 0.862 s
dist_mn node 1: 50331648 + 13421772 limbs -> 63753420 (share 21251140): redistribute 0.064 ntt 0.752 crt 0.002 out 0.043 spills+carry 0.009, total 0.862 s
dist_mn node 2: 50331648 + 13421772 limbs -> 63753420 (share 21251140): redistribute 0.072 ntt 0.755 crt 0.002 out 0.039 spills+carry 0.009, total 0.862 s
dist_mn node 0: 2^25 = 2^12 x 2^13 over 3 x 4 ranks (general map), 4 primes, P24 (rows 341..342; 25165824 + 13421772 limbs at 0, window [0, 21251139) of share [0, 21251139)): redistribute 0.048 ntt 0.364 crt 0.001 out 0.023 spills+carry 0.001 total 0.426 s
dist_mn node 1: 2^25 = 2^12 x 2^13 over 3 x 4 ranks (general map), 4 primes, P24 (rows 341..342; 25165824 + 13421772 limbs at 0, window [21251139, 38587596) of share [21251139, 42502279)): redistribute 0.050 ntt 0.360 crt 0.001 out 0.021 spills+carry 0.001 total 0.425 s
dist_mn node 2: 2^25 = 2^12 x 2^13 over 3 x 4 ranks (general map), 4 primes, P24 (rows 341..342; 25165824 + 13421772 limbs at 0, window [38587596, 38587596) of share [42502279, 63753419)): redistribute 0.046 ntt 0.368 crt 0.001 out 0.023 spills+carry 0.001 total 0.425 s
dist_mn node 0: 2^25 = 2^12 x 2^13 over 3 x 4 ranks (general map), 4 primes, P24 (rows 341..342; 25165824 + 13421772 limbs at 25165824, window [0, 0) of share [0, 21251139), accumulated): redistribute 0.024 ntt 0.328 crt 0.001 out 0.021 spills+carry 0.008 total 0.382 s
dist_mn node 0: 50331648 x 13421772 limbs over 3 x 4 ranks (cap 2^25 points, P24): 2 x 1 pieces, 2 formed, 0 skipped (low product) (low cut) (cache 0 slots: 1 hits, 3 misses)
dist_mn node 1: 2^25 = 2^12 x 2^13 over 3 x 4 ranks (general map), 4 primes, P24 (rows 341..342; 25165824 + 13421772 limbs at 25165824, window [0, 17336455) of share [21251139, 42502279), accumulated): redistribute 0.026 ntt 0.328 crt 0.001 out 0.019 spills+carry 0.008 total 0.382 s
dist_mn node 1: 50331648 x 13421772 limbs over 3 x 4 ranks (cap 2^25 points, P24): 2 x 1 pieces, 2 formed, 0 skipped (low product) (low cut) (cache 0 slots: 1 hits, 3 misses)
dist_mn node 2: 2^25 = 2^12 x 2^13 over 3 x 4 ranks (general map), 4 primes, P24 (rows 341..342; 25165824 + 13421772 limbs at 25165824, window [17336455, 38587595) of share [42502279, 63753419), accumulated): redistribute 0.032 ntt 0.327 crt 0.001 out 0.017 spills+carry 0.008 total 0.382 s
dist_mn node 2: 50331648 x 13421772 limbs over 3 x 4 ranks (cap 2^25 points, P24): 2 x 1 pieces, 2 formed, 0 skipped (low product) (low cut) (cache 0 slots: 1 hits, 3 misses)
dist_mn node 0: 50331648 + 13421772 limbs -> 63753419 (share 21251139): redistribute 0.072 ntt 0.691 crt 0.002 out 0.045 spills+carry 0.010, total 0.811 s
dist_mn node 1: 50331648 + 13421772 limbs -> 63753419 (share 21251140): redistribute 0.077 ntt 0.688 crt 0.003 out 0.039 spills+carry 0.009, total 0.811 s
dist_mn node 2: 50331648 + 13421772 limbs -> 63753419 (share 21251140): redistribute 0.078 ntt 0.695 crt 0.002 out 0.040 spills+carry 0.009, total 0.811 s
dist_mn node 0: 2^25 = 2^12 x 2^13 over 3 x 4 ranks (general map), 4 primes, P24 (rows 341..342; 25165824 + 13421772 limbs at 0, window [0, 21251140) of share [0, 21251140)): redistribute 0.067 ntt 0.375 crt 0.001 out 0.025 spills+carry 0.001 total 0.437 s
dist_mn node 1: 2^25 = 2^12 x 2^13 over 3 x 4 ranks (general map), 4 primes, P24 (rows 341..342; 25165824 + 13421772 limbs at 0, window [21251140, 38587596) of share [21251140, 42502280)): redistribute 0.060 ntt 0.365 crt 0.001 out 0.023 spills+carry 0.001 total 0.437 s
dist_mn node 2: 2^25 = 2^12 x 2^13 over 3 x 4 ranks (general map), 4 primes, P24 (rows 341..342; 25165824 + 13421772 limbs at 0, window [38587596, 38587596) of share [42502280, 63753420)): redistribute 0.065 ntt 0.376 crt 0.001 out 0.021 spills+carry 0.001 total 0.436 s
dist_mn node 0: 2^25 = 2^12 x 2^13 over 3 x 4 ranks (general map), 4 primes, P24 (rows 341..342; 25165824 + 13421772 limbs at 25165824, window [0, 0) of share [0, 21251140), accumulated): redistribute 0.022 ntt 0.357 crt 0.001 out 0.020 spills+carry 0.008 total 0.405 s
dist_mn node 0: 50331648 x 13421772 limbs over 3 x 4 ranks (cap 2^25 points, P24): 2 x 1 pieces, 2 formed, 0 skipped (low cut) (cache 0 slots: 1 hits, 3 misses)
dist_mn node 1: 2^25 = 2^12 x 2^13 over 3 x 4 ranks (general map), 4 primes, P24 (rows 341..342; 25165824 + 13421772 limbs at 25165824, window [0, 17336456) of share [21251140, 42502280), accumulated): redistribute 0.020 ntt 0.358 crt 0.001 out 0.022 spills+carry 0.008 total 0.405 s
dist_mn node 1: 50331648 x 13421772 limbs over 3 x 4 ranks (cap 2^25 points, P24): 2 x 1 pieces, 2 formed, 0 skipped (low cut) (cache 0 slots: 1 hits, 3 misses)
dist_mn node 2: 2^25 = 2^12 x 2^13 over 3 x 4 ranks (general map), 4 primes, P24 (rows 341..342; 25165824 + 13421772 limbs at 25165824, window [17336456, 38587596) of share [42502280, 63753420), accumulated): redistribute 0.029 ntt 0.351 crt 0.001 out 0.021 spills+carry 0.008 total 0.405 s
dist_mn node 2: 50331648 x 13421772 limbs over 3 x 4 ranks (cap 2^25 points, P24): 2 x 1 pieces, 2 formed, 0 skipped (low cut) (cache 0 slots: 1 hits, 3 misses)
dist_mn node 0: 50331648 + 13421772 limbs -> 63753420 (share 21251140): redistribute 0.089 ntt 0.732 crt 0.002 out 0.045 spills+carry 0.009, total 0.844 s
dist_mn node 1: 50331648 + 13421772 limbs -> 63753420 (share 21251140): redistribute 0.080 ntt 0.723 crt 0.002 out 0.045 spills+carry 0.009, total 0.843 s
dist_mn node 2: 50331648 + 13421772 limbs -> 63753420 (share 21251140): redistribute 0.094 ntt 0.727 crt 0.002 out 0.042 spills+carry 0.009, total 0.844 s
dist_mn node 0: 2^25 = 2^12 x 2^13 over 3 x 4 ranks (general map), 4 primes, P24 (rows 341..342; 25165824 + 13421772 limbs at 0, window [0, 21251139) of share [0, 21251139)): redistribute 0.042 ntt 0.352 crt 0.001 out 0.033 spills+carry 0.005 total 0.412 s
dist_mn node 1: 2^25 = 2^12 x 2^13 over 3 x 4 ranks (general map), 4 primes, P24 (rows 341..342; 25165824 + 13421772 limbs at 0, window [21251139, 38587596) of share [21251139, 42502279)): redistribute 0.043 ntt 0.350 crt 0.001 out 0.038 spills+carry 0.001 total 0.412 s
dist_mn node 2: 2^25 = 2^12 x 2^13 over 3 x 4 ranks (general map), 4 primes, P24 (rows 341..342; 25165824 + 13421772 limbs at 0, window [38587596, 38587596) of share [42502279, 63753419)): redistribute 0.039 ntt 0.349 crt 0.001 out 0.034 spills+carry 0.005 total 0.412 s
dist_mn node 0: 2^25 = 2^12 x 2^13 over 3 x 4 ranks (general map), 4 primes, P24 (rows 341..342; 25165824 + 13421772 limbs at 25165824, window [0, 0) of share [0, 21251139), accumulated): redistribute 0.022 ntt 0.350 crt 0.001 out 0.017 spills+carry 0.008 total 0.397 s
dist_mn node 0: 50331648 x 13421772 limbs over 3 x 4 ranks (cap 2^25 points, P24): 2 x 1 pieces, 2 formed, 0 skipped (low product) (low cut) (cache 0 slots: 1 hits, 3 misses)
dist_mn node 1: 2^25 = 2^12 x 2^13 over 3 x 4 ranks (general map), 4 primes, P24 (rows 341..342; 25165824 + 13421772 limbs at 25165824, window [0, 17336455) of share [21251139, 42502279), accumulated): redistribute 0.021 ntt 0.350 crt 0.001 out 0.016 spills+carry 0.008 total 0.397 s
dist_mn node 1: 50331648 x 13421772 limbs over 3 x 4 ranks (cap 2^25 points, P24): 2 x 1 pieces, 2 formed, 0 skipped (low product) (low cut) (cache 0 slots: 1 hits, 3 misses)
dist_mn node 2: 2^25 = 2^12 x 2^13 over 3 x 4 ranks (general map), 4 primes, P24 (rows 341..342; 25165824 + 13421772 limbs at 25165824, window [17336455, 38587595) of share [42502279, 63753419), accumulated): redistribute 0.027 ntt 0.346 crt 0.001 out 0.020 spills+carry 0.008 total 0.397 s
dist_mn node 2: 50331648 x 13421772 limbs over 3 x 4 ranks (cap 2^25 points, P24): 2 x 1 pieces, 2 formed, 0 skipped (low product) (low cut) (cache 0 slots: 1 hits, 3 misses)
dist_mn node 1: 50331648 + 13421772 limbs -> 63753419 (share 21251140): redistribute 0.065 ntt 0.700 crt 0.003 out 0.054 spills+carry 0.008, total 0.811 s
dist_mn node 0: 50331648 + 13421772 limbs -> 63753419 (share 21251139): redistribute 0.064 ntt 0.702 crt 0.002 out 0.050 spills+carry 0.013, total 0.811 s
dist_mn node 2: 50331648 + 13421772 limbs -> 63753419 (share 21251140): redistribute 0.067 ntt 0.696 crt 0.002 out 0.054 spills+carry 0.013, total 0.811 s
dist_mn node 0: 50331648 x 13421772 limbs over 3 x 4 ranks (cap 2^25 points, P24): 2 x 1 pieces, 0 formed, 2 skipped (low cut) (cache 0 slots: 1 hits, 3 misses)
dist_mn node 2: 50331648 x 13421772 limbs over 3 x 4 ranks (cap 2^25 points, P24): 2 x 1 pieces, 0 formed, 2 skipped (low cut) (cache 0 slots: 1 hits, 3 misses)
dist_mn node 1: 50331648 x 13421772 limbs over 3 x 4 ranks (cap 2^25 points, P24): 2 x 1 pieces, 0 formed, 2 skipped (low cut) (cache 0 slots: 1 hits, 3 misses)
dist_mn node 0: 50331648 + 13421772 limbs -> 0 (share 21251140): redistribute 0.000 ntt 0.000 crt 0.000 out 0.000 spills+carry 0.000, total 0.002 s
dist_mn node 1: 50331648 + 13421772 limbs -> 0 (share 21251140): redistribute 0.000 ntt 0.000 crt 0.000 out 0.000 spills+carry 0.000, total 0.004 s
dist_mn node 2: 50331648 + 13421772 limbs -> 0 (share 21251140): redistribute 0.000 ntt 0.000 crt 0.000 out 0.000 spills+carry 0.000, total 0.004 s
mdev 3*2^24 (38587596 limbs): repack 0.047 h2d 0.001 fwd 0.005 inv 0.003 d2h 0.032 crt 0.044 total 0.097 s
mdev 3*2^24 (38587596 limbs): repack 0.087 h2d 0.001 fwd 0.006 inv 0.004 d2h 0.037 crt 0.065 total 0.137 s
mdev 3*2^24 (38587596 limbs): repack 0.075 h2d 0.001 fwd 0.005 inv 0.004 d2h 0.033 crt 0.045 total 0.126 s
mdev 3*2^24 (38587596 limbs): repack 0.081 h2d 0.001 fwd 0.005 inv 0.004 d2h 0.074 crt 0.085 total 0.168 s
mdev 3*2^24 (38587596 limbs): repack 0.053 h2d 0.001 fwd 0.005 inv 0.003 d2h 0.048 crt 0.034 total 0.115 s
mdev 3*2^24 (38587596 limbs): repack 0.076 h2d 0.001 fwd 0.005 inv 0.004 d2h 0.047 crt 0.051 total 0.136 s
dist_mn node 0: 50331648 x 13421772 limbs over 3 x 4 ranks (cap 2^25 points, P24): 2 x 1 pieces, 0 formed, 2 skipped (low product) (low cut) (cache 0 slots: 1 hits, 3 misses)
dist_mn node 1: 50331648 x 13421772 limbs over 3 x 4 ranks (cap 2^25 points, P24): 2 x 1 pieces, 0 formed, 2 skipped (low product) (low cut) (cache 0 slots: 1 hits, 3 misses)
dist_mn node 2: 50331648 x 13421772 limbs over 3 x 4 ranks (cap 2^25 points, P24): 2 x 1 pieces, 0 formed, 2 skipped (low product) (low cut) (cache 0 slots: 1 hits, 3 misses)
dist_mn node 0: 50331648 + 13421772 limbs -> 0 (share 21251139): redistribute 0.000 ntt 0.000 crt 0.000 out 0.000 spills+carry 0.000, total 0.002 s
dist_mn node 1: 50331648 + 13421772 limbs -> 0 (share 21251140): redistribute 0.000 ntt 0.000 crt 0.000 out 0.000 spills+carry 0.000, total 0.002 s
dist_mn node 2: 50331648 + 13421772 limbs -> 0 (share 21251140): redistribute 0.000 ntt 0.000 crt 0.000 out 0.000 spills+carry 0.000, total 0.002 s
mdev 3*2^24 (38587596 limbs): repack 0.043 h2d 0.001 fwd 0.015 inv 0.005 d2h 0.024 crt 0.006 total 0.092 s
mdev 3*2^24 (38587596 limbs): repack 0.053 h2d 0.001 fwd 0.014 inv 0.006 d2h 0.030 crt 0.005 total 0.108 s
mdev 3*2^24 (38587596 limbs): repack 0.053 h2d 0.001 fwd 0.010 inv 0.009 d2h 0.033 crt 0.005 total 0.110 s
mdev 3*2^24 (38587596 limbs): repack 0.051 h2d 0.001 fwd 0.005 inv 0.004 d2h 0.056 crt 0.060 total 0.138 s
mdev 3*2^24 (38587596 limbs): repack 0.054 h2d 0.001 fwd 0.010 inv 0.006 d2h 0.053 crt 0.029 total 0.128 s
mdev 3*2^24 (38587596 limbs): repack 0.055 h2d 0.001 fwd 0.010 inv 0.006 d2h 0.067 crt 0.025 total 0.137 s
dist_mn node 0: 2^25 = 2^12 x 2^13 over 3 x 4 ranks (general map), 4 primes, P24 (rows 341..342; 25165824 + 13421772 limbs at 0, window [0, 21251140) of share [0, 21251140)): redistribute 0.038 ntt 0.359 crt 0.002 out 0.023 spills+carry 0.001 total 0.403 s
dist_mn node 1: 2^25 = 2^12 x 2^13 over 3 x 4 ranks (general map), 4 primes, P24 (rows 341..342; 25165824 + 13421772 limbs at 0, window [21251140, 38587596) of share [21251140, 42502280)): redistribute 0.037 ntt 0.356 crt 0.002 out 0.026 spills+carry 0.001 total 0.403 s
dist_mn node 2: 2^25 = 2^12 x 2^13 over 3 x 4 ranks (general map), 4 primes, P24 (rows 341..342; 25165824 + 13421772 limbs at 0, window [38587596, 38587596) of share [42502280, 63753420)): redistribute 0.039 ntt 0.358 crt 0.002 out 0.025 spills+carry 0.001 total 0.403 s
dist_mn node 0: 2^25 = 2^12 x 2^13 over 3 x 4 ranks (general map), 4 primes, P24 (rows 341..342; 25165824 + 13421772 limbs at 25165824, window [0, 0) of share [0, 21251140), accumulated): redistribute 0.022 ntt 0.342 crt 0.001 out 0.021 spills+carry 0.008 total 0.395 s
dist_mn node 0: 50331648 x 13421772 limbs over 3 x 4 ranks (cap 2^25 points, P24): 2 x 1 pieces, 2 formed, 0 skipped (cache 0 slots: 1 hits, 3 misses)
dist_mn node 1: 2^25 = 2^12 x 2^13 over 3 x 4 ranks (general map), 4 primes, P24 (rows 341..342; 25165824 + 13421772 limbs at 25165824, window [0, 17336456) of share [21251140, 42502280), accumulated): redistribute 0.021 ntt 0.347 crt 0.001 out 0.019 spills+carry 0.007 total 0.394 s
dist_mn node 1: 50331648 x 13421772 limbs over 3 x 4 ranks (cap 2^25 points, P24): 2 x 1 pieces, 2 formed, 0 skipped (cache 0 slots: 1 hits, 3 misses)
dist_mn node 2: 2^25 = 2^12 x 2^13 over 3 x 4 ranks (general map), 4 primes, P24 (rows 341..342; 25165824 + 13421772 limbs at 25165824, window [17336456, 38587596) of share [42502280, 63753420), accumulated): redistribute 0.026 ntt 0.342 crt 0.001 out 0.022 spills+carry 0.008 total 0.395 s
dist_mn node 2: 50331648 x 13421772 limbs over 3 x 4 ranks (cap 2^25 points, P24): 2 x 1 pieces, 2 formed, 0 skipped (cache 0 slots: 1 hits, 3 misses)
dist_mn node 1: 50331648 + 13421772 limbs -> 63753420 (share 21251140): redistribute 0.058 ntt 0.703 crt 0.003 out 0.045 spills+carry 0.008, total 0.836 s
dist_mn node 0: 50331648 + 13421772 limbs -> 63753420 (share 21251140): redistribute 0.060 ntt 0.702 crt 0.003 out 0.044 spills+carry 0.009, total 0.859 s
dist_mn node 2: 50331648 + 13421772 limbs -> 63753420 (share 21251140): redistribute 0.065 ntt 0.700 crt 0.003 out 0.046 spills+carry 0.009, total 0.800 s
dist_mn node 0: 2^25 = 2^12 x 2^13 over 3 x 4 ranks (general map), 4 primes, P24 (rows 341..342; 25165824 + 13421772 limbs at 0, window [0, 21251139) of share [0, 21251139)): redistribute 0.041 ntt 0.365 crt 0.001 out 0.025 spills+carry 0.001 total 0.413 s
dist_mn node 1: 2^25 = 2^12 x 2^13 over 3 x 4 ranks (general map), 4 primes, P24 (rows 341..342; 25165824 + 13421772 limbs at 0, window [21251139, 38587596) of share [21251139, 42502279)): redistribute 0.043 ntt 0.365 crt 0.001 out 0.024 spills+carry 0.001 total 0.413 s
dist_mn node 2: 2^25 = 2^12 x 2^13 over 3 x 4 ranks (general map), 4 primes, P24 (rows 341..342; 25165824 + 13421772 limbs at 0, window [38587596, 38587596) of share [42502279, 63753419)): redistribute 0.038 ntt 0.371 crt 0.001 out 0.021 spills+carry 0.001 total 0.413 s
dist_mn node 0: 2^25 = 2^12 x 2^13 over 3 x 4 ranks (general map), 4 primes, P24 (rows 341..342; 25165824 + 13421772 limbs at 25165824, window [0, 0) of share [0, 21251139), accumulated): redistribute 0.027 ntt 0.317 crt 0.002 out 0.017 spills+carry 0.008 total 0.368 s
dist_mn node 0: 50331648 x 13421772 limbs over 3 x 4 ranks (cap 2^25 points, P24): 2 x 1 pieces, 2 formed, 0 skipped (low product) (cache 0 slots: 1 hits, 3 misses)
dist_mn node 1: 2^25 = 2^12 x 2^13 over 3 x 4 ranks (general map), 4 primes, P24 (rows 341..342; 25165824 + 13421772 limbs at 25165824, window [0, 17336455) of share [21251139, 42502279), accumulated): redistribute 0.021 ntt 0.321 crt 0.001 out 0.017 spills+carry 0.007 total 0.368 s
dist_mn node 1: 50331648 x 13421772 limbs over 3 x 4 ranks (cap 2^25 points, P24): 2 x 1 pieces, 2 formed, 0 skipped (low product) (cache 0 slots: 1 hits, 3 misses)
dist_mn node 2: 2^25 = 2^12 x 2^13 over 3 x 4 ranks (general map), 4 primes, P24 (rows 341..342; 25165824 + 13421772 limbs at 25165824, window [17336455, 38587595) of share [42502279, 63753419), accumulated): redistribute 0.026 ntt 0.317 crt 0.002 out 0.016 spills+carry 0.007 total 0.368 s
dist_mn node 2: 50331648 x 13421772 limbs over 3 x 4 ranks (cap 2^25 points, P24): 2 x 1 pieces, 2 formed, 0 skipped (low product) (cache 0 slots: 1 hits, 3 misses)
dist_mn node 0: 50331648 + 13421772 limbs -> 63753419 (share 21251139): redistribute 0.068 ntt 0.681 crt 0.003 out 0.042 spills+carry 0.009, total 0.782 s
dist_mn node 1: 50331648 + 13421772 limbs -> 63753419 (share 21251140): redistribute 0.064 ntt 0.686 crt 0.002 out 0.041 spills+carry 0.008, total 0.782 s
dist_mn node 2: 50331648 + 13421772 limbs -> 63753419 (share 21251140): redistribute 0.065 ntt 0.688 crt 0.002 out 0.037 spills+carry 0.009, total 0.782 s
dist_mn node 0: 2^25 = 2^12 x 2^13 over 3 x 4 ranks (general map), 3 primes (rows 341..342; 25165824 + 6710883 limbs at 0, window [0, 12862529) of share [0, 12862529)): redistribute 0.040 ntt 0.282 crt 0.001 out 0.016 spills+carry 0.001 total 0.318 s [A cached] [B cached]
dist_mn node 1: 2^25 = 2^12 x 2^13 over 3 x 4 ranks (general map), 3 primes (rows 341..342; 25165824 + 6710883 limbs at 0, window [12862529, 25725059) of share [12862529, 25725059)): redistribute 0.038 ntt 0.276 crt 0.000 out 0.017 spills+carry 0.001 total 0.318 s [A cached] [B cached]
dist_mn node 2: 2^25 = 2^12 x 2^13 over 3 x 4 ranks (general map), 3 primes (rows 341..342; 25165824 + 6710883 limbs at 0, window [25725059, 31876707) of share [25725059, 38587589)): redistribute 0.037 ntt 0.280 crt 0.001 out 0.017 spills+carry 0.001 total 0.318 s [A cached] [B cached]
dist_mn node 0: 2^25 = 2^12 x 2^13 over 3 x 4 ranks (general map), 3 primes (rows 341..342; 25165824 + 6710882 limbs at 6710883, window [0, 6151646) of share [0, 12862529), accumulated): redistribute 0.005 ntt 0.149 crt 0.000 out 0.015 spills+carry 0.005 total 0.175 s [A hit] [B cached]
dist_mn node 0: 25165824 x 13421765 limbs over 3 x 4 ranks (cap 2^25): 1 x 2 pieces, 2 formed, 0 skipped (cache 2 slots: 1 hits, 3 misses)
dist_mn node 1: 2^25 = 2^12 x 2^13 over 3 x 4 ranks (general map), 3 primes (rows 341..342; 25165824 + 6710882 limbs at 6710883, window [6151646, 19014176) of share [12862529, 25725059), accumulated): redistribute 0.005 ntt 0.153 crt 0.000 out 0.012 spills+carry 0.004 total 0.175 s [A hit] [B cached]
dist_mn node 1: 25165824 x 13421765 limbs over 3 x 4 ranks (cap 2^25): 1 x 2 pieces, 2 formed, 0 skipped (cache 2 slots: 1 hits, 3 misses)
dist_mn node 2: 2^25 = 2^12 x 2^13 over 3 x 4 ranks (general map), 3 primes (rows 341..342; 25165824 + 6710882 limbs at 6710883, window [19014176, 31876706) of share [25725059, 38587589), accumulated): redistribute 0.006 ntt 0.148 crt 0.000 out 0.016 spills+carry 0.004 total 0.175 s [A hit] [B cached]
dist_mn node 2: 25165824 x 13421765 limbs over 3 x 4 ranks (cap 2^25): 1 x 2 pieces, 2 formed, 0 skipped (cache 2 slots: 1 hits, 3 misses)
dist_mn node 1: 25165824 + 13421765 limbs -> 38587589 (share 12862530): redistribute 0.043 ntt 0.429 crt 0.001 out 0.029 spills+carry 0.005, total 0.495 s
dist_mn node 2: 25165824 + 13421765 limbs -> 38587589 (share 12862530): redistribute 0.043 ntt 0.429 crt 0.001 out 0.033 spills+carry 0.005, total 0.495 s
dist_mn node 0: 25165824 + 13421765 limbs -> 38587589 (share 12862529): redistribute 0.045 ntt 0.431 crt 0.001 out 0.031 spills+carry 0.006, total 0.495 s
mdev 3*2^24 (38587589 limbs): repack 0.061 h2d 0.001 fwd 0.013 inv 0.007 d2h 0.033 crt 0.031 total 0.119 s
mdev 3*2^24 (38587589 limbs): repack 0.064 h2d 0.001 fwd 0.013 inv 0.006 d2h 0.037 crt 0.035 total 0.124 s
mdev 3*2^24 (38587589 limbs): repack 0.058 h2d 0.001 fwd 0.013 inv 0.007 d2h 0.059 crt 0.006 total 0.133 s
dist_mn node 0: 2^25 = 2^12 x 2^13 over 3 x 4 ranks (general map), 3 primes (rows 341..342; 25165824 + 6710883 limbs at 0, window [0, 8388609) of share [0, 8388609)): redistribute 0.052 ntt 0.301 crt 0.000 out 0.015 spills+carry 0.001 total 0.336 s [A cached] [B cached]
dist_mn node 1: 2^25 = 2^12 x 2^13 over 3 x 4 ranks (general map), 3 primes (rows 341..342; 25165824 + 6710883 limbs at 0, window [8388609, 16777218) of share [8388609, 16777218)): redistribute 0.056 ntt 0.301 crt 0.000 out 0.016 spills+carry 0.001 total 0.337 s [A cached] [B cached]
dist_mn node 2: 2^25 = 2^12 x 2^13 over 3 x 4 ranks (general map), 3 primes (rows 341..342; 25165824 + 6710883 limbs at 0, window [16777218, 25165827) of share [16777218, 25165827)): redistribute 0.052 ntt 0.300 crt 0.000 out 0.011 spills+carry 0.001 total 0.336 s [A cached] [B cached]
dist_mn node 0: 2^25 = 2^12 x 2^13 over 3 x 4 ranks (general map), 3 primes (rows 341..342; 25165824 + 6710882 limbs at 6710883, window [0, 1677726) of share [0, 8388609), accumulated): redistribute 0.005 ntt 0.166 crt 0.000 out 0.011 spills+carry 0.002 total 0.184 s [A hit] [B cached]
dist_mn node 0: 25165824 x 13421765 limbs over 3 x 4 ranks (cap 2^25): 1 x 2 pieces, 2 formed, 0 skipped (low product) (cache 2 slots: 2 hits, 6 misses)
dist_mn node 1: 2^25 = 2^12 x 2^13 over 3 x 4 ranks (general map), 3 primes (rows 341..342; 25165824 + 6710882 limbs at 6710883, window [1677726, 10066335) of share [8388609, 16777218), accumulated): redistribute 0.006 ntt 0.165 crt 0.000 out 0.011 spills+carry 0.002 total 0.184 s [A hit] [B cached]
dist_mn node 1: 25165824 x 13421765 limbs over 3 x 4 ranks (cap 2^25): 1 x 2 pieces, 2 formed, 0 skipped (low product) (cache 2 slots: 2 hits, 6 misses)
dist_mn node 2: 2^25 = 2^12 x 2^13 over 3 x 4 ranks (general map), 3 primes (rows 341..342; 25165824 + 6710882 limbs at 6710883, window [10066335, 18454944) of share [16777218, 25165827), accumulated): redistribute 0.006 ntt 0.163 crt 0.000 out 0.012 spills+carry 0.002 total 0.184 s [A hit] [B cached]
dist_mn node 2: 25165824 x 13421765 limbs over 3 x 4 ranks (cap 2^25): 1 x 2 pieces, 2 formed, 0 skipped (low product) (cache 2 slots: 2 hits, 6 misses)
dist_mn node 0: 25165824 + 13421765 limbs -> 25165827 (share 8388609): redistribute 0.057 ntt 0.467 crt 0.001 out 0.026 spills+carry 0.003, total 0.590 s
dist_mn node 1: 25165824 + 13421765 limbs -> 25165827 (share 8388609): redistribute 0.062 ntt 0.466 crt 0.001 out 0.026 spills+carry 0.003, total 0.624 s
dist_mn node 2: 25165824 + 13421765 limbs -> 25165827 (share 8388609): redistribute 0.058 ntt 0.463 crt 0.001 out 0.023 spills+carry 0.003, total 0.525 s
dist_mn node 0: 2^25 = 2^12 x 2^13 over 3 x 4 ranks (general map), 4 primes, P24 (rows 341..342; 25165824 + 13421772 limbs at 0, window [0, 21251140) of share [0, 21251140)): redistribute 0.048 ntt 0.392 crt 0.002 out 0.024 spills+carry 0.001 total 0.461 s
dist_mn node 1: 2^25 = 2^12 x 2^13 over 3 x 4 ranks (general map), 4 primes, P24 (rows 341..342; 25165824 + 13421772 limbs at 0, window [21251140, 38587596) of share [21251140, 42502280)): redistribute 0.049 ntt 0.388 crt 0.001 out 0.028 spills+carry 0.001 total 0.461 s
dist_mn node 2: 2^25 = 2^12 x 2^13 over 3 x 4 ranks (general map), 4 primes, P24 (rows 341..342; 25165824 + 13421772 limbs at 0, window [38587596, 38587596) of share [42502280, 63753421)): redistribute 0.045 ntt 0.397 crt 0.001 out 0.026 spills+carry 0.001 total 0.459 s
dist_mn node 0: 2^25 = 2^12 x 2^13 over 3 x 4 ranks (general map), 4 primes, P24 (rows 341..342; 25165824 + 13421772 limbs at 25165824, window [0, 0) of share [0, 21251140), accumulated): redistribute 0.023 ntt 0.339 crt 0.001 out 0.018 spills+carry 0.007 total 0.385 s
dist_mn node 1: 2^25 = 2^12 x 2^13 over 3 x 4 ranks (general map), 4 primes, P24 (rows 341..342; 25165824 + 13421772 limbs at 25165824, window [0, 17336456) of share [21251140, 42502280), accumulated): redistribute 0.023 ntt 0.340 crt 0.001 out 0.020 spills+carry 0.007 total 0.385 s
dist_mn node 2: 2^25 = 2^12 x 2^13 over 3 x 4 ranks (general map), 4 primes, P24 (rows 341..342; 25165824 + 13421772 limbs at 25165824, window [17336456, 38587596) of share [42502280, 63753421), accumulated): redistribute 0.028 ntt 0.342 crt 0.001 out 0.016 spills+carry 0.007 total 0.385 s
mdb_add_shifted node 0: 13421769 limbs at 0 into a basis of 63753421 (my window [0, 13421769), 1 rounds of 3355456; slabs 3355442 + 3355442 limbs per APU 0): 0.023 s
dist_mn node 0: 50331648 x 13421772 limbs over 3 x 4 ranks (cap 2^25 points, P24): 2 x 1 pieces, 2 formed, 0 skipped (cache 0 slots: 2 hits, 6 misses)
mdb_add_shifted node 1: 13421769 limbs at 0 into a basis of 63753421 (my window [21251140, 21251140), 1 rounds of 3355456; slabs 0 + 0 limbs per APU 0): 0.023 s
dist_mn node 1: 50331648 x 13421772 limbs over 3 x 4 ranks (cap 2^25 points, P24): 2 x 1 pieces, 2 formed, 0 skipped (cache 0 slots: 2 hits, 6 misses)
mdb_add_shifted node 2: 13421769 limbs at 0 into a basis of 63753421 (my window [42502280, 42502280), 1 rounds of 3355456; slabs 0 + 0 limbs per APU 0): 0.023 s
dist_mn node 2: 50331648 x 13421772 limbs over 3 x 4 ranks (cap 2^25 points, P24): 2 x 1 pieces, 2 formed, 0 skipped (cache 0 slots: 2 hits, 6 misses)
dist_mn node 0: 50331648 + 13421772 + x limbs -> 63753420 (share 21251140): redistribute 0.072 ntt 0.731 crt 0.002 out 0.042 spills+carry 0.009, total 0.890 s
dist_mn node 1: 50331648 + 13421772 + x limbs -> 63753420 (share 21251140): redistribute 0.072 ntt 0.729 crt 0.002 out 0.048 spills+carry 0.008, total 0.914 s
dist_mn node 2: 50331648 + 13421772 + x limbs -> 63753420 (share 21251141): redistribute 0.073 ntt 0.738 crt 0.002 out 0.042 spills+carry 0.008, total 0.874 s
mdb_add_shifted node 0: 13421769 limbs at 0 into a basis of 63753421 (my window [0, 13421769), 1 rounds of 3355456; slabs 3355442 + 3355442 limbs per APU 0): 0.119 s
mdb_add_shifted node 1: 13421769 limbs at 0 into a basis of 63753421 (my window [21251140, 21251140), 1 rounds of 3355456; slabs 0 + 0 limbs per APU 0): 0.124 s
mdb_add_shifted node 2: 13421769 limbs at 0 into a basis of 63753421 (my window [42502280, 42502280), 1 rounds of 3355456; slabs 0 + 0 limbs per APU 0): 0.120 s
mdb_add_shifted node 1: 13421769 limbs at 7 into a basis of 63753421 (my window [21251140, 21251140), 1 rounds of 3355456; slabs 0 + 0 limbs per APU 0): 0.067 s
mdb_add_shifted node 0: 13421769 limbs at 7 into a basis of 63753421 (my window [7, 13421776), 1 rounds of 3355456; slabs 3355442 + 3355442 limbs per APU 0): 0.032 s
mdb_add_shifted node 2: 13421769 limbs at 7 into a basis of 63753421 (my window [42502280, 42502280), 1 rounds of 3355456; slabs 0 + 0 limbs per APU 0): 0.051 s
mdb_add_shifted node 0: 13421769 limbs at 25165824 into a basis of 63753421 (my window [25165824, 25165824), 1 rounds of 3355456; slabs 3355442 + 0 limbs per APU 0): 0.131 s
mdb_add_shifted node 1: 13421769 limbs at 25165824 into a basis of 63753421 (my window [25165824, 38587593), 1 rounds of 3355456; slabs 0 + 3355442 limbs per APU 0): 0.096 s
mdb_add_shifted node 2: 13421769 limbs at 25165824 into a basis of 63753421 (my window [42502280, 42502280), 1 rounds of 3355456; slabs 0 + 0 limbs per APU 0): 0.090 s
mdb_add_shifted node 1: 13421769 limbs at 50331648 into a basis of 63753421 (my window [50331648, 50331648), 1 rounds of 3355456; slabs 0 + 0 limbs per APU 0): 0.106 s
mdb_add_shifted node 2: 13421769 limbs at 50331648 into a basis of 63753421 (my window [50331648, 63753417), 1 rounds of 3355456; slabs 0 + 3355442 limbs per APU 0): 0.124 s
mdb_add_shifted node 0: 13421769 limbs at 50331648 into a basis of 63753421 (my window [50331648, 50331648), 1 rounds of 3355456; slabs 3355442 + 0 limbs per APU 0): 0.041 s
dist_mn node 0: 2^25 = 2^12 x 2^13 over 3 x 4 ranks (general map), 4 primes, P24 (rows 341..342; 25165824 + 13421772 limbs at 0, window [0, 21251140) of share [0, 21251140)): redistribute 0.078 ntt 0.410 crt 0.001 out 0.029 spills+carry 0.002 total 0.463 s
dist_mn node 1: 2^25 = 2^12 x 2^13 over 3 x 4 ranks (general map), 4 primes, P24 (rows 341..342; 25165824 + 13421772 limbs at 0, window [21251140, 38587596) of share [21251140, 42502280)): redistribute 0.079 ntt 0.410 crt 0.001 out 0.029 spills+carry 0.002 total 0.463 s
dist_mn node 2: 2^25 = 2^12 x 2^13 over 3 x 4 ranks (general map), 4 primes, P24 (rows 341..342; 25165824 + 13421772 limbs at 0, window [38587596, 38587596) of share [42502280, 63753420)): redistribute 0.073 ntt 0.411 crt 0.001 out 0.024 spills+carry 0.003 total 0.462 s
dist_mn node 0: 2^25 = 2^12 x 2^13 over 3 x 4 ranks (general map), 4 primes, P24 (rows 341..342; 25165824 + 13421772 limbs at 25165824, window [0, 0) of share [0, 21251140), accumulated): redistribute 0.023 ntt 0.352 crt 0.002 out 0.022 spills+carry 0.009 total 0.402 s
dist_mn node 0: 50331648 x 13421772 limbs over 3 x 4 ranks (cap 2^25 points, P24): 2 x 1 pieces, 2 formed, 0 skipped (cache 0 slots: 2 hits, 6 misses)
dist_mn node 1: 2^25 = 2^12 x 2^13 over 3 x 4 ranks (general map), 4 primes, P24 (rows 341..342; 25165824 + 13421772 limbs at 25165824, window [0, 17336456) of share [21251140, 42502280), accumulated): redistribute 0.022 ntt 0.355 crt 0.002 out 0.022 spills+carry 0.009 total 0.402 s
dist_mn node 1: 50331648 x 13421772 limbs over 3 x 4 ranks (cap 2^25 points, P24): 2 x 1 pieces, 2 formed, 0 skipped (cache 0 slots: 2 hits, 6 misses)
dist_mn node 2: 2^25 = 2^12 x 2^13 over 3 x 4 ranks (general map), 4 primes, P24 (rows 341..342; 25165824 + 13421772 limbs at 25165824, window [17336456, 38587596) of share [42502280, 63753420), accumulated): redistribute 0.029 ntt 0.348 crt 0.002 out 0.022 spills+carry 0.009 total 0.402 s
dist_mn node 2: 50331648 x 13421772 limbs over 3 x 4 ranks (cap 2^25 points, P24): 2 x 1 pieces, 2 formed, 0 skipped (cache 0 slots: 2 hits, 6 misses)
dist_mn node 1: 50331648 + 13421772 limbs -> 63753420 (share 21251140): redistribute 0.101 ntt 0.765 crt 0.003 out 0.051 spills+carry 0.011, total 1.079 s
dist_mn node 0: 50331648 + 13421772 limbs -> 63753420 (share 21251140): redistribute 0.101 ntt 0.761 crt 0.003 out 0.051 spills+carry 0.011, total 0.900 s
dist_mn node 2: 50331648 + 13421772 limbs -> 63753420 (share 21251140): redistribute 0.101 ntt 0.759 crt 0.003 out 0.046 spills+carry 0.011, total 0.869 s
mdev 2^26 (63753420 limbs): repack 0.078 h2d 0.001 fwd 0.012 inv 0.006 d2h 0.054 crt 0.051 total 0.161 s
mdev 2^26 (63753420 limbs): repack 0.079 h2d 0.001 fwd 0.011 inv 0.006 d2h 0.059 crt 0.047 total 0.168 s
mdev 2^26 (63753420 limbs): repack 0.080 h2d 0.001 fwd 0.008 inv 0.008 d2h 0.049 crt 0.067 total 0.174 s
dist_mn node 0: 2^25 = 2^12 x 2^13 over 3 x 4 ranks (general map), 4 primes, P24 (rows 341..342; 25165824 + 13421772 limbs at 0, window [0, 21251140) of share [0, 21251140)): redistribute 0.061 ntt 0.392 crt 0.001 out 0.026 spills+carry 0.002 total 0.455 s
dist_mn node 1: 2^25 = 2^12 x 2^13 over 3 x 4 ranks (general map), 4 primes, P24 (rows 341..342; 25165824 + 13421772 limbs at 0, window [21251140, 38587596) of share [21251140, 42502280)): redistribute 0.061 ntt 0.390 crt 0.001 out 0.027 spills+carry 0.002 total 0.455 s
dist_mn node 2: 2^25 = 2^12 x 2^13 over 3 x 4 ranks (general map), 4 primes, P24 (rows 341..342; 25165824 + 13421772 limbs at 0, window [38587596, 38587596) of share [42502280, 63753421)): redistribute 0.053 ntt 0.399 crt 0.001 out 0.024 spills+carry 0.002 total 0.456 s
dist_mn node 0: 2^25 = 2^12 x 2^13 over 3 x 4 ranks (general map), 4 primes, P24 (rows 341..342; 25165824 + 13421772 limbs at 25165824, window [0, 0) of share [0, 21251140), accumulated): redistribute 0.026 ntt 0.329 crt 0.001 out 0.020 spills+carry 0.009 total 0.380 s
dist_mn node 1: 2^25 = 2^12 x 2^13 over 3 x 4 ranks (general map), 4 primes, P24 (rows 341..342; 25165824 + 13421772 limbs at 25165824, window [0, 17336456) of share [21251140, 42502280), accumulated): redistribute 0.023 ntt 0.331 crt 0.002 out 0.016 spills+carry 0.008 total 0.380 s
dist_mn node 2: 2^25 = 2^12 x 2^13 over 3 x 4 ranks (general map), 4 primes, P24 (rows 341..342; 25165824 + 13421772 limbs at 25165824, window [17336456, 38587596) of share [42502280, 63753421), accumulated): redistribute 0.029 ntt 0.329 crt 0.002 out 0.018 spills+carry 0.009 total 0.380 s
mdb_add_shifted node 0: 13421769 limbs at 0 into a basis of 63753421 (my window [0, 13421769), 1 rounds of 3355456; slabs 3355442 + 3355442 limbs per APU 0): 0.025 s
dist_mn node 0: 50331648 x 13421772 limbs over 3 x 4 ranks (cap 2^25 points, P24): 2 x 1 pieces, 2 formed, 0 skipped (cache 0 slots: 2 hits, 6 misses)
mdb_add_shifted node 1: 13421769 limbs at 0 into a basis of 63753421 (my window [21251140, 21251140), 1 rounds of 3355456; slabs 0 + 0 limbs per APU 0): 0.026 s
dist_mn node 1: 50331648 x 13421772 limbs over 3 x 4 ranks (cap 2^25 points, P24): 2 x 1 pieces, 2 formed, 0 skipped (cache 0 slots: 2 hits, 6 misses)
mdb_add_shifted node 2: 13421769 limbs at 0 into a basis of 63753421 (my window [42502280, 42502280), 1 rounds of 3355456; slabs 0 + 0 limbs per APU 0): 0.026 s
dist_mn node 2: 50331648 x 13421772 limbs over 3 x 4 ranks (cap 2^25 points, P24): 2 x 1 pieces, 2 formed, 0 skipped (cache 0 slots: 2 hits, 6 misses)
dist_mn node 0: 50331648 + 13421772 + x limbs -> 63753420 (share 21251140): redistribute 0.087 ntt 0.721 crt 0.002 out 0.046 spills+carry 0.011, total 0.892 s
dist_mn node 1: 50331648 + 13421772 + x limbs -> 63753420 (share 21251140): redistribute 0.084 ntt 0.721 crt 0.002 out 0.044 spills+carry 0.010, total 0.864 s
dist_mn node 2: 50331648 + 13421772 + x limbs -> 63753420 (share 21251141): redistribute 0.082 ntt 0.728 crt 0.002 out 0.043 spills+carry 0.011, total 0.890 s
dist_mn node 0: 2^25 = 2^12 x 2^13 over 3 x 4 ranks (general map), 4 primes, P24 (rows 341..342; 25165824 + 13421772 limbs at 0, window [0, 16777216) of share [0, 16777216)): redistribute 0.060 ntt 0.396 crt 0.001 out 0.022 spills+carry 0.002 total 0.456 s
dist_mn node 1: 2^25 = 2^12 x 2^13 over 3 x 4 ranks (general map), 4 primes, P24 (rows 341..342; 25165824 + 13421772 limbs at 0, window [16777216, 33554433) of share [16777216, 33554433)): redistribute 0.058 ntt 0.395 crt 0.001 out 0.024 spills+carry 0.002 total 0.456 s
dist_mn node 2: 2^25 = 2^12 x 2^13 over 3 x 4 ranks (general map), 4 primes, P24 (rows 341..342; 25165824 + 13421772 limbs at 0, window [33554433, 38587596) of share [33554433, 50331650)): redistribute 0.062 ntt 0.403 crt 0.001 out 0.016 spills+carry 0.002 total 0.456 s
dist_mn node 0: 2^25 = 2^12 x 2^13 over 3 x 4 ranks (general map), 4 primes, P24 (rows 341..342; 25165824 + 13421772 limbs at 25165824, window [0, 0) of share [0, 16777216), accumulated): redistribute 0.024 ntt 0.348 crt 0.001 out 0.019 spills+carry 0.009 total 0.401 s
dist_mn node 0: 50331648 x 13421772 limbs over 3 x 4 ranks (cap 2^25 points, P24): 2 x 1 pieces, 2 formed, 0 skipped (low product) (cache 0 slots: 2 hits, 6 misses)
dist_mn node 1: 2^25 = 2^12 x 2^13 over 3 x 4 ranks (general map), 4 primes, P24 (rows 341..342; 25165824 + 13421772 limbs at 25165824, window [0, 8388609) of share [16777216, 33554433), accumulated): redistribute 0.022 ntt 0.352 crt 0.001 out 0.018 spills+carry 0.009 total 0.401 s
dist_mn node 1: 50331648 x 13421772 limbs over 3 x 4 ranks (cap 2^25 points, P24): 2 x 1 pieces, 2 formed, 0 skipped (low product) (cache 0 slots: 2 hits, 6 misses)
dist_mn node 2: 2^25 = 2^12 x 2^13 over 3 x 4 ranks (general map), 4 primes, P24 (rows 341..342; 25165824 + 13421772 limbs at 25165824, window [8388609, 25165826) of share [33554433, 50331650), accumulated): redistribute 0.023 ntt 0.347 crt 0.001 out 0.021 spills+carry 0.009 total 0.401 s
dist_mn node 2: 50331648 x 13421772 limbs over 3 x 4 ranks (cap 2^25 points, P24): 2 x 1 pieces, 2 formed, 0 skipped (low product) (cache 0 slots: 2 hits, 6 misses)
dist_mn node 1: 50331648 + 13421772 limbs -> 50331650 (share 16777217): redistribute 0.080 ntt 0.747 crt 0.002 out 0.042 spills+carry 0.011, total 0.859 s
dist_mn node 0: 50331648 + 13421772 limbs -> 50331650 (share 16777216): redistribute 0.084 ntt 0.744 crt 0.002 out 0.041 spills+carry 0.012, total 0.859 s
dist_mn node 2: 50331648 + 13421772 limbs -> 50331650 (share 16777217): redistribute 0.084 ntt 0.751 crt 0.001 out 0.038 spills+carry 0.011, total 0.859 s
dist_mn node 0: 2^25 = 2^12 x 2^13 over 3 x 4 ranks (general map), 3 primes (rows 341..342; 25165825 + 6710886 limbs at 0, window [0, 8388608) of share [0, 8388608)): redistribute 0.060 ntt 0.312 crt 0.000 out 0.015 spills+carry 0.002 total 0.363 s [A cached] [B cached]
dist_mn node 1: 2^25 = 2^12 x 2^13 over 3 x 4 ranks (general map), 3 primes (rows 341..342; 25165825 + 6710886 limbs at 0, window [8388608, 16777216) of share [8388608, 16777216)): redistribute 0.061 ntt 0.313 crt 0.000 out 0.012 spills+carry 0.002 total 0.363 s [A cached] [B cached]
dist_mn node 2: 2^25 = 2^12 x 2^13 over 3 x 4 ranks (general map), 3 primes (rows 341..342; 25165825 + 6710886 limbs at 0, window [16777216, 25165825) of share [16777216, 25165825)): redistribute 0.060 ntt 0.314 crt 0.000 out 0.015 spills+carry 0.002 total 0.363 s [A cached] [B cached]
dist_mn node 0: 2^25 = 2^12 x 2^13 over 3 x 4 ranks (general map), 3 primes (rows 341..342; 25165825 + 6710886 limbs at 6710886, window [0, 1677722) of share [0, 8388608), accumulated): redistribute 0.004 ntt 0.164 crt 0.000 out 0.013 spills+carry 0.007 total 0.188 s [A hit] [B cached]
dist_mn node 0: 25165825 x 13421772 limbs over 3 x 4 ranks (cap 2^25): 1 x 2 pieces, 2 formed, 0 skipped (low product) (cache 2 slots: 3 hits, 9 misses)
dist_mn node 1: 2^25 = 2^12 x 2^13 over 3 x 4 ranks (general map), 3 primes (rows 341..342; 25165825 + 6710886 limbs at 6710886, window [1677722, 10066330) of share [8388608, 16777216), accumulated): redistribute 0.006 ntt 0.163 crt 0.000 out 0.012 spills+carry 0.007 total 0.188 s [A hit] [B cached]
dist_mn node 1: 25165825 x 13421772 limbs over 3 x 4 ranks (cap 2^25): 1 x 2 pieces, 2 formed, 0 skipped (low product) (cache 2 slots: 3 hits, 9 misses)
dist_mn node 2: 2^25 = 2^12 x 2^13 over 3 x 4 ranks (general map), 3 primes (rows 341..342; 25165825 + 6710886 limbs at 6710886, window [10066330, 18454939) of share [16777216, 25165825), accumulated): redistribute 0.006 ntt 0.168 crt 0.000 out 0.007 spills+carry 0.006 total 0.188 s [A hit] [B cached]
dist_mn node 2: 25165825 x 13421772 limbs over 3 x 4 ranks (cap 2^25): 1 x 2 pieces, 2 formed, 0 skipped (low product) (cache 2 slots: 3 hits, 9 misses)
dist_mn node 0: 25165825 + 13421772 limbs -> 25165825 (share 8388608): redistribute 0.065 ntt 0.476 crt 0.001 out 0.028 spills+carry 0.009, total 0.553 s
dist_mn node 1: 25165825 + 13421772 limbs -> 25165825 (share 8388608): redistribute 0.066 ntt 0.475 crt 0.001 out 0.024 spills+carry 0.009, total 0.553 s
dist_mn node 2: 25165825 + 13421772 limbs -> 25165825 (share 8388609): redistribute 0.066 ntt 0.482 crt 0.001 out 0.022 spills+carry 0.008, total 0.553 s
dist_mn node 0: 2^25 = 2^12 x 2^13 over 3 x 4 ranks (general map), 4 primes, P24 (rows 341..342; 25165824 + 13421772 limbs at 0, window [0, 21251139) of share [0, 21251139)): redistribute 0.058 ntt 0.404 crt 0.001 out 0.024 spills+carry 0.002 total 0.465 s
dist_mn node 1: 2^25 = 2^12 x 2^13 over 3 x 4 ranks (general map), 4 primes, P24 (rows 341..342; 25165824 + 13421772 limbs at 0, window [21251139, 38587596) of share [21251139, 42502279)): redistribute 0.063 ntt 0.401 crt 0.001 out 0.024 spills+carry 0.002 total 0.464 s
dist_mn node 2: 2^25 = 2^12 x 2^13 over 3 x 4 ranks (general map), 4 primes, P24 (rows 341..342; 25165824 + 13421772 limbs at 0, window [38587596, 38587596) of share [42502279, 63753419)): redistribute 0.058 ntt 0.403 crt 0.001 out 0.022 spills+carry 0.002 total 0.465 s
dist_mn node 0: 2^25 = 2^12 x 2^13 over 3 x 4 ranks (general map), 4 primes, P24 (rows 341..342; 25165824 + 13421772 limbs at 25165824, window [0, 0) of share [0, 21251139), accumulated): redistribute 0.020 ntt 0.319 crt 0.001 out 0.019 spills+carry 0.008 total 0.367 s
dist_mn node 0: 50331648 x 13421772 limbs over 3 x 4 ranks (cap 2^25 points, P24): 2 x 1 pieces, 2 formed, 0 skipped (low product) (cache 0 slots: 3 hits, 9 misses)
dist_mn node 1: 2^25 = 2^12 x 2^13 over 3 x 4 ranks (general map), 4 primes, P24 (rows 341..342; 25165824 + 13421772 limbs at 25165824, window [0, 17336455) of share [21251139, 42502279), accumulated): redistribute 0.022 ntt 0.319 crt 0.001 out 0.017 spills+carry 0.008 total 0.367 s
dist_mn node 1: 50331648 x 13421772 limbs over 3 x 4 ranks (cap 2^25 points, P24): 2 x 1 pieces, 2 formed, 0 skipped (low product) (cache 0 slots: 3 hits, 9 misses)
dist_mn node 2: 2^25 = 2^12 x 2^13 over 3 x 4 ranks (general map), 4 primes, P24 (rows 341..342; 25165824 + 13421772 limbs at 25165824, window [17336455, 38587595) of share [42502279, 63753419), accumulated): redistribute 0.029 ntt 0.318 crt 0.001 out 0.015 spills+carry 0.008 total 0.367 s
dist_mn node 2: 50331648 x 13421772 limbs over 3 x 4 ranks (cap 2^25 points, P24): 2 x 1 pieces, 2 formed, 0 skipped (low product) (cache 0 slots: 3 hits, 9 misses)
dist_mn node 0: 50331648 + 13421772 limbs -> 63753419 (share 21251139): redistribute 0.078 ntt 0.723 crt 0.002 out 0.043 spills+carry 0.011, total 0.833 s
dist_mn node 1: 50331648 + 13421772 limbs -> 63753419 (share 21251140): redistribute 0.085 ntt 0.721 crt 0.002 out 0.042 spills+carry 0.010, total 0.833 s
dist_mn node 2: 50331648 + 13421772 limbs -> 63753419 (share 21251140): redistribute 0.087 ntt 0.721 crt 0.002 out 0.038 spills+carry 0.010, total 0.833 s
dist_mn node 0: 2^25 = 2^12 x 2^13 over 3 x 4 ranks (general map), 4 primes, P24 (rows 341..342; 25165824 + 13421772 limbs at 0, window [0, 21251140) of share [0, 21251140)): redistribute 0.074 ntt 0.416 crt 0.001 out 0.023 spills+carry 0.002 total 0.479 s
dist_mn node 1: 2^25 = 2^12 x 2^13 over 3 x 4 ranks (general map), 4 primes, P24 (rows 341..342; 25165824 + 13421772 limbs at 0, window [21251140, 38587596) of share [21251140, 42502280)): redistribute 0.072 ntt 0.418 crt 0.001 out 0.020 spills+carry 0.002 total 0.479 s
dist_mn node 2: 2^25 = 2^12 x 2^13 over 3 x 4 ranks (general map), 4 primes, P24 (rows 341..342; 25165824 + 13421772 limbs at 0, window [38587596, 38587596) of share [42502280, 63753420)): redistribute 0.084 ntt 0.417 crt 0.001 out 0.024 spills+carry 0.002 total 0.479 s
dist_mn node 0: 2^25 = 2^12 x 2^13 over 3 x 4 ranks (general map), 4 primes, P24 (rows 341..342; 25165824 + 13421772 limbs at 25165824, window [0, 0) of share [0, 21251140), accumulated): redistribute 0.029 ntt 0.326 crt 0.001 out 0.015 spills+carry 0.009 total 0.376 s
dist_mn node 0: 50331648 x 13421772 limbs over 3 x 4 ranks (cap 2^25 points, P24): 2 x 1 pieces, 2 formed, 0 skipped (low cut) (cache 0 slots: 3 hits, 9 misses)
dist_mn node 1: 2^25 = 2^12 x 2^13 over 3 x 4 ranks (general map), 4 primes, P24 (rows 341..342; 25165824 + 13421772 limbs at 25165824, window [0, 17336456) of share [21251140, 42502280), accumulated): redistribute 0.022 ntt 0.330 crt 0.001 out 0.014 spills+carry 0.009 total 0.376 s
dist_mn node 1: 50331648 x 13421772 limbs over 3 x 4 ranks (cap 2^25 points, P24): 2 x 1 pieces, 2 formed, 0 skipped (low cut) (cache 0 slots: 3 hits, 9 misses)
dist_mn node 2: 2^25 = 2^12 x 2^13 over 3 x 4 ranks (general map), 4 primes, P24 (rows 341..342; 25165824 + 13421772 limbs at 25165824, window [17336456, 38587596) of share [42502280, 63753420), accumulated): redistribute 0.027 ntt 0.326 crt 0.001 out 0.017 spills+carry 0.009 total 0.376 s
dist_mn node 2: 50331648 x 13421772 limbs over 3 x 4 ranks (cap 2^25 points, P24): 2 x 1 pieces, 2 formed, 0 skipped (low cut) (cache 0 slots: 3 hits, 9 misses)
dist_mn node 0: 50331648 + 13421772 limbs -> 63753420 (share 21251140): redistribute 0.103 ntt 0.742 crt 0.002 out 0.038 spills+carry 0.011, total 0.858 s
dist_mn node 1: 50331648 + 13421772 limbs -> 63753420 (share 21251140): redistribute 0.094 ntt 0.748 crt 0.002 out 0.034 spills+carry 0.011, total 0.858 s
dist_mn node 2: 50331648 + 13421772 limbs -> 63753420 (share 21251140): redistribute 0.111 ntt 0.744 crt 0.002 out 0.041 spills+carry 0.011, total 0.858 s
dist_mn node 0: 2^25 = 2^12 x 2^13 over 3 x 4 ranks (general map), 4 primes, P24 (rows 341..342; 25165824 + 13421772 limbs at 0, window [0, 21251139) of share [0, 21251139)): redistribute 0.046 ntt 0.318 crt 0.001 out 0.020 spills+carry 0.002 total 0.376 s
dist_mn node 1: 2^25 = 2^12 x 2^13 over 3 x 4 ranks (general map), 4 primes, P24 (rows 341..342; 25165824 + 13421772 limbs at 0, window [21251139, 38587596) of share [21251139, 42502279)): redistribute 0.045 ntt 0.317 crt 0.001 out 0.022 spills+carry 0.002 total 0.375 s
dist_mn node 2: 2^25 = 2^12 x 2^13 over 3 x 4 ranks (general map), 4 primes, P24 (rows 341..342; 25165824 + 13421772 limbs at 0, window [38587596, 38587596) of share [42502279, 63753419)): redistribute 0.042 ntt 0.315 crt 0.001 out 0.022 spills+carry 0.002 total 0.374 s
dist_mn node 0: 2^25 = 2^12 x 2^13 over 3 x 4 ranks (general map), 4 primes, P24 (rows 341..342; 25165824 + 13421772 limbs at 25165824, window [0, 0) of share [0, 21251139), accumulated): redistribute 0.023 ntt 0.309 crt 0.002 out 0.021 spills+carry 0.009 total 0.359 s
dist_mn node 0: 50331648 x 13421772 limbs over 3 x 4 ranks (cap 2^25 points, P24): 2 x 1 pieces, 2 formed, 0 skipped (low product) (low cut) (cache 0 slots: 3 hits, 9 misses)
dist_mn node 1: 2^25 = 2^12 x 2^13 over 3 x 4 ranks (general map), 4 primes, P24 (rows 341..342; 25165824 + 13421772 limbs at 25165824, window [0, 17336455) of share [21251139, 42502279), accumulated): redistribute 0.020 ntt 0.314 crt 0.001 out 0.020 spills+carry 0.009 total 0.359 s
dist_mn node 1: 50331648 x 13421772 limbs over 3 x 4 ranks (cap 2^25 points, P24): 2 x 1 pieces, 2 formed, 0 skipped (low product) (low cut) (cache 0 slots: 3 hits, 9 misses)
dist_mn node 2: 2^25 = 2^12 x 2^13 over 3 x 4 ranks (general map), 4 primes, P24 (rows 341..342; 25165824 + 13421772 limbs at 25165824, window [17336455, 38587595) of share [42502279, 63753419), accumulated): redistribute 0.021 ntt 0.314 crt 0.001 out 0.021 spills+carry 0.009 total 0.359 s
dist_mn node 2: 50331648 x 13421772 limbs over 3 x 4 ranks (cap 2^25 points, P24): 2 x 1 pieces, 2 formed, 0 skipped (low product) (low cut) (cache 0 slots: 3 hits, 9 misses)
dist_mn node 0: 50331648 + 13421772 limbs -> 63753419 (share 21251139): redistribute 0.069 ntt 0.627 crt 0.003 out 0.041 spills+carry 0.012, total 0.737 s
dist_mn node 1: 50331648 + 13421772 limbs -> 63753419 (share 21251140): redistribute 0.065 ntt 0.631 crt 0.002 out 0.042 spills+carry 0.011, total 0.737 s
dist_mn node 2: 50331648 + 13421772 limbs -> 63753419 (share 21251140): redistribute 0.063 ntt 0.629 crt 0.003 out 0.043 spills+carry 0.011, total 0.737 s
dist_mn node 0: 2^25 = 2^12 x 2^13 over 3 x 4 ranks (general map), 4 primes, P24 (rows 341..342; 25165824 + 13421772 limbs at 0, window [0, 21251140) of share [0, 21251140)): redistribute 0.050 ntt 0.378 crt 0.001 out 0.025 spills+carry 0.002 total 0.437 s
dist_mn node 1: 2^25 = 2^12 x 2^13 over 3 x 4 ranks (general map), 4 primes, P24 (rows 341..342; 25165824 + 13421772 limbs at 0, window [21251140, 38587596) of share [21251140, 42502280)): redistribute 0.051 ntt 0.376 crt 0.001 out 0.023 spills+carry 0.002 total 0.436 s
dist_mn node 2: 2^25 = 2^12 x 2^13 over 3 x 4 ranks (general map), 4 primes, P24 (rows 341..342; 25165824 + 13421772 limbs at 0, window [38587596, 38587596) of share [42502280, 63753420)): redistribute 0.051 ntt 0.376 crt 0.001 out 0.026 spills+carry 0.002 total 0.437 s
dist_mn node 0: 2^25 = 2^12 x 2^13 over 3 x 4 ranks (general map), 4 primes, P24 (rows 341..342; 25165824 + 13421772 limbs at 25165824, window [0, 0) of share [0, 21251140), accumulated): redistribute 0.021 ntt 0.331 crt 0.001 out 0.017 spills+carry 0.009 total 0.379 s
dist_mn node 0: 50331648 x 13421772 limbs over 3 x 4 ranks (cap 2^25 points, P24): 2 x 1 pieces, 2 formed, 0 skipped (low cut) (cache 0 slots: 3 hits, 9 misses)
dist_mn node 1: 2^25 = 2^12 x 2^13 over 3 x 4 ranks (general map), 4 primes, P24 (rows 341..342; 25165824 + 13421772 limbs at 25165824, window [0, 17336456) of share [21251140, 42502280), accumulated): redistribute 0.020 ntt 0.335 crt 0.001 out 0.016 spills+carry 0.009 total 0.379 s
dist_mn node 1: 50331648 x 13421772 limbs over 3 x 4 ranks (cap 2^25 points, P24): 2 x 1 pieces, 2 formed, 0 skipped (low cut) (cache 0 slots: 3 hits, 9 misses)
dist_mn node 2: 2^25 = 2^12 x 2^13 over 3 x 4 ranks (general map), 4 primes, P24 (rows 341..342; 25165824 + 13421772 limbs at 25165824, window [17336456, 38587596) of share [42502280, 63753420), accumulated): redistribute 0.024 ntt 0.327 crt 0.001 out 0.019 spills+carry 0.009 total 0.379 s
dist_mn node 2: 50331648 x 13421772 limbs over 3 x 4 ranks (cap 2^25 points, P24): 2 x 1 pieces, 2 formed, 0 skipped (low cut) (cache 0 slots: 3 hits, 9 misses)
dist_mn node 0: 50331648 + 13421772 limbs -> 63753420 (share 21251140): redistribute 0.071 ntt 0.709 crt 0.002 out 0.042 spills+carry 0.012, total 0.818 s
dist_mn node 1: 50331648 + 13421772 limbs -> 63753420 (share 21251140): redistribute 0.070 ntt 0.712 crt 0.002 out 0.039 spills+carry 0.011, total 0.817 s
dist_mn node 2: 50331648 + 13421772 limbs -> 63753420 (share 21251140): redistribute 0.075 ntt 0.703 crt 0.002 out 0.045 spills+carry 0.011, total 0.818 s
dist_mn node 0: 2^25 = 2^12 x 2^13 over 3 x 4 ranks (general map), 4 primes, P24 (rows 341..342; 25165824 + 13421772 limbs at 0, window [0, 21251139) of share [0, 21251139)): redistribute 0.050 ntt 0.336 crt 0.001 out 0.021 spills+carry 0.002 total 0.378 s
dist_mn node 1: 2^25 = 2^12 x 2^13 over 3 x 4 ranks (general map), 4 primes, P24 (rows 341..342; 25165824 + 13421772 limbs at 0, window [21251139, 38587596) of share [21251139, 42502279)): redistribute 0.052 ntt 0.336 crt 0.001 out 0.020 spills+carry 0.002 total 0.378 s
dist_mn node 2: 2^25 = 2^12 x 2^13 over 3 x 4 ranks (general map), 4 primes, P24 (rows 341..342; 25165824 + 13421772 limbs at 0, window [38587596, 38587596) of share [42502279, 63753419)): redistribute 0.050 ntt 0.338 crt 0.001 out 0.023 spills+carry 0.002 total 0.378 s
dist_mn node 0: 2^25 = 2^12 x 2^13 over 3 x 4 ranks (general map), 4 primes, P24 (rows 341..342; 25165824 + 13421772 limbs at 25165824, window [0, 0) of share [0, 21251139), accumulated): redistribute 0.019 ntt 0.327 crt 0.001 out 0.019 spills+carry 0.009 total 0.375 s
dist_mn node 0: 50331648 x 13421772 limbs over 3 x 4 ranks (cap 2^25 points, P24): 2 x 1 pieces, 2 formed, 0 skipped (low product) (low cut) (cache 0 slots: 3 hits, 9 misses)
dist_mn node 1: 2^25 = 2^12 x 2^13 over 3 x 4 ranks (general map), 4 primes, P24 (rows 341..342; 25165824 + 13421772 limbs at 25165824, window [0, 17336455) of share [21251139, 42502279), accumulated): redistribute 0.022 ntt 0.327 crt 0.001 out 0.017 spills+carry 0.009 total 0.375 s
dist_mn node 1: 50331648 x 13421772 limbs over 3 x 4 ranks (cap 2^25 points, P24): 2 x 1 pieces, 2 formed, 0 skipped (low product) (low cut) (cache 0 slots: 3 hits, 9 misses)
dist_mn node 2: 2^25 = 2^12 x 2^13 over 3 x 4 ranks (general map), 4 primes, P24 (rows 341..342; 25165824 + 13421772 limbs at 25165824, window [17336455, 38587595) of share [42502279, 63753419), accumulated): redistribute 0.026 ntt 0.325 crt 0.001 out 0.018 spills+carry 0.009 total 0.375 s
dist_mn node 2: 50331648 x 13421772 limbs over 3 x 4 ranks (cap 2^25 points, P24): 2 x 1 pieces, 2 formed, 0 skipped (low product) (low cut) (cache 0 slots: 3 hits, 9 misses)
dist_mn node 0: 50331648 + 13421772 limbs -> 63753419 (share 21251139): redistribute 0.070 ntt 0.663 crt 0.002 out 0.040 spills+carry 0.011, total 0.755 s
dist_mn node 2: 50331648 + 13421772 limbs -> 63753419 (share 21251140): redistribute 0.076 ntt 0.663 crt 0.002 out 0.041 spills+carry 0.011, total 0.755 s
dist_mn node 1: 50331648 + 13421772 limbs -> 63753419 (share 21251140): redistribute 0.074 ntt 0.663 crt 0.002 out 0.037 spills+carry 0.011, total 0.755 s
dist_mn node 1: 50331648 x 13421772 limbs over 3 x 4 ranks (cap 2^25 points, P24): 2 x 1 pieces, 0 formed, 2 skipped (low cut) (cache 0 slots: 3 hits, 9 misses)
dist_mn node 2: 50331648 x 13421772 limbs over 3 x 4 ranks (cap 2^25 points, P24): 2 x 1 pieces, 0 formed, 2 skipped (low cut) (cache 0 slots: 3 hits, 9 misses)
dist_mn node 0: 50331648 x 13421772 limbs over 3 x 4 ranks (cap 2^25 points, P24): 2 x 1 pieces, 0 formed, 2 skipped (low cut) (cache 0 slots: 3 hits, 9 misses)
dist_mn node 1: 50331648 + 13421772 limbs -> 0 (share 21251140): redistribute 0.000 ntt 0.000 crt 0.000 out 0.000 spills+carry 0.000, total 0.002 s
dist_mn node 2: 50331648 + 13421772 limbs -> 0 (share 21251140): redistribute 0.000 ntt 0.000 crt 0.000 out 0.000 spills+carry 0.000, total 0.002 s
dist_mn node 0: 50331648 + 13421772 limbs -> 0 (share 21251140): redistribute 0.000 ntt 0.000 crt 0.000 out 0.000 spills+carry 0.000, total 0.002 s
mdev 3*2^24 (38587596 limbs): repack 0.051 h2d 0.001 fwd 0.005 inv 0.003 d2h 0.033 crt 0.029 total 0.100 s
mdev 3*2^24 (38587596 limbs): repack 0.040 h2d 0.001 fwd 0.009 inv 0.005 d2h 0.040 crt 0.020 total 0.100 s
mdev 3*2^24 (38587596 limbs): repack 0.054 h2d 0.001 fwd 0.009 inv 0.006 d2h 0.047 crt 0.019 total 0.120 s
mdev 3*2^24 (38587596 limbs): repack 0.051 h2d 0.001 fwd 0.012 inv 0.009 d2h 0.070 crt 0.054 total 0.149 s
mdev 3*2^24 (38587596 limbs): repack 0.060 h2d 0.001 fwd 0.016 inv 0.006 d2h 0.056 crt 0.043 total 0.138 s
mdev 3*2^24 (38587596 limbs): repack 0.058 h2d 0.001 fwd 0.015 inv 0.007 d2h 0.069 crt 0.046 total 0.148 s
dist_mn node 0: 50331648 x 13421772 limbs over 3 x 4 ranks (cap 2^25 points, P24): 2 x 1 pieces, 0 formed, 2 skipped (low product) (low cut) (cache 0 slots: 3 hits, 9 misses)
dist_mn node 1: 50331648 x 13421772 limbs over 3 x 4 ranks (cap 2^25 points, P24): 2 x 1 pieces, 0 formed, 2 skipped (low product) (low cut) (cache 0 slots: 3 hits, 9 misses)
dist_mn node 2: 50331648 x 13421772 limbs over 3 x 4 ranks (cap 2^25 points, P24): 2 x 1 pieces, 0 formed, 2 skipped (low product) (low cut) (cache 0 slots: 3 hits, 9 misses)
dist_mn node 1: 50331648 + 13421772 limbs -> 0 (share 21251140): redistribute 0.000 ntt 0.000 crt 0.000 out 0.000 spills+carry 0.000, total 0.002 s
dist_mn node 2: 50331648 + 13421772 limbs -> 0 (share 21251140): redistribute 0.000 ntt 0.000 crt 0.000 out 0.000 spills+carry 0.000, total 0.002 s
dist_mn node 0: 50331648 + 13421772 limbs -> 0 (share 21251139): redistribute 0.000 ntt 0.000 crt 0.000 out 0.000 spills+carry 0.000, total 0.002 s
mdev 3*2^24 (38587596 limbs): repack 0.047 h2d 0.001 fwd 0.010 inv 0.005 d2h 0.038 crt 0.026 total 0.105 s
mdev 3*2^24 (38587596 limbs): repack 0.061 h2d 0.001 fwd 0.011 inv 0.004 d2h 0.051 crt 0.017 total 0.119 s
mdev 3*2^24 (38587596 limbs): repack 0.053 h2d 0.001 fwd 0.011 inv 0.003 d2h 0.075 crt 0.063 total 0.146 s
mdev 3*2^24 (38587596 limbs): repack 0.039 h2d 0.001 fwd 0.005 inv 0.003 d2h 0.043 crt 0.020 total 0.094 s
mdev 3*2^24 (38587596 limbs): repack 0.043 h2d 0.001 fwd 0.005 inv 0.003 d2h 0.037 crt 0.024 total 0.094 s
mdev 3*2^24 (38587596 limbs): repack 0.041 h2d 0.001 fwd 0.005 inv 0.003 d2h 0.061 crt 0.052 total 0.119 s
dist_mn node 0: 2^25 = 2^12 x 2^13 over 3 x 4 ranks (general map), 4 primes, P24 (rows 341..342; 25165824 + 13421772 limbs at 0, window [0, 21251140) of share [0, 21251140)): redistribute 0.034 ntt 0.299 crt 0.001 out 0.019 spills+carry 0.002 total 0.352 s
dist_mn node 1: 2^25 = 2^12 x 2^13 over 3 x 4 ranks (general map), 4 primes, P24 (rows 341..342; 25165824 + 13421772 limbs at 0, window [21251140, 38587596) of share [21251140, 42502280)): redistribute 0.037 ntt 0.302 crt 0.001 out 0.023 spills+carry 0.002 total 0.352 s
dist_mn node 2: 2^25 = 2^12 x 2^13 over 3 x 4 ranks (general map), 4 primes, P24 (rows 341..342; 25165824 + 13421772 limbs at 0, window [38587596, 38587596) of share [42502280, 63753420)): redistribute 0.032 ntt 0.298 crt 0.001 out 0.022 spills+carry 0.002 total 0.350 s
dist_mn node 0: 2^25 = 2^12 x 2^13 over 3 x 4 ranks (general map), 4 primes, P24 (rows 341..342; 25165824 + 13421772 limbs at 25165824, window [0, 0) of share [0, 21251140), accumulated): redistribute 0.021 ntt 0.350 crt 0.001 out 0.020 spills+carry 0.009 total 0.398 s
dist_mn node 0: 50331648 x 13421772 limbs over 3 x 4 ranks (cap 2^25 points, P24): 2 x 1 pieces, 2 formed, 0 skipped (cache 0 slots: 3 hits, 9 misses)
dist_mn node 1: 2^25 = 2^12 x 2^13 over 3 x 4 ranks (general map), 4 primes, P24 (rows 341..342; 25165824 + 13421772 limbs at 25165824, window [0, 17336456) of share [21251140, 42502280), accumulated): redistribute 0.021 ntt 0.350 crt 0.001 out 0.017 spills+carry 0.009 total 0.398 s
dist_mn node 1: 50331648 x 13421772 limbs over 3 x 4 ranks (cap 2^25 points, P24): 2 x 1 pieces, 2 formed, 0 skipped (cache 0 slots: 3 hits, 9 misses)
dist_mn node 2: 2^25 = 2^12 x 2^13 over 3 x 4 ranks (general map), 4 primes, P24 (rows 341..342; 25165824 + 13421772 limbs at 25165824, window [17336456, 38587596) of share [42502280, 63753420), accumulated): redistribute 0.021 ntt 0.349 crt 0.001 out 0.019 spills+carry 0.009 total 0.398 s
dist_mn node 2: 50331648 x 13421772 limbs over 3 x 4 ranks (cap 2^25 points, P24): 2 x 1 pieces, 2 formed, 0 skipped (cache 0 slots: 3 hits, 9 misses)
dist_mn node 0: 50331648 + 13421772 limbs -> 63753420 (share 21251140): redistribute 0.055 ntt 0.650 crt 0.002 out 0.039 spills+carry 0.011, total 0.753 s
dist_mn node 1: 50331648 + 13421772 limbs -> 63753420 (share 21251140): redistribute 0.058 ntt 0.652 crt 0.002 out 0.041 spills+carry 0.011, total 0.818 s
dist_mn node 2: 50331648 + 13421772 limbs -> 63753420 (share 21251140): redistribute 0.053 ntt 0.646 crt 0.001 out 0.041 spills+carry 0.011, total 0.894 s
dist_mn node 0: 2^25 = 2^12 x 2^13 over 3 x 4 ranks (general map), 4 primes, P24 (rows 341..342; 25165824 + 13421772 limbs at 0, window [0, 21251139) of share [0, 21251139)): redistribute 0.079 ntt 0.382 crt 0.001 out 0.021 spills+carry 0.002 total 0.443 s
dist_mn node 1: 2^25 = 2^12 x 2^13 over 3 x 4 ranks (general map), 4 primes, P24 (rows 341..342; 25165824 + 13421772 limbs at 0, window [21251139, 38587596) of share [21251139, 42502279)): redistribute 0.055 ntt 0.381 crt 0.001 out 0.019 spills+carry 0.002 total 0.444 s
dist_mn node 2: 2^25 = 2^12 x 2^13 over 3 x 4 ranks (general map), 4 primes, P24 (rows 341..342; 25165824 + 13421772 limbs at 0, window [38587596, 38587596) of share [42502279, 63753419)): redistribute 0.081 ntt 0.388 crt 0.001 out 0.022 spills+carry 0.002 total 0.444 s
dist_mn node 0: 2^25 = 2^12 x 2^13 over 3 x 4 ranks (general map), 4 primes, P24 (rows 341..342; 25165824 + 13421772 limbs at 25165824, window [0, 0) of share [0, 21251139), accumulated): redistribute 0.023 ntt 0.315 crt 0.002 out 0.015 spills+carry 0.009 total 0.361 s
dist_mn node 0: 50331648 x 13421772 limbs over 3 x 4 ranks (cap 2^25 points, P24): 2 x 1 pieces, 2 formed, 0 skipped (low product) (cache 0 slots: 3 hits, 9 misses)
dist_mn node 1: 2^25 = 2^12 x 2^13 over 3 x 4 ranks (general map), 4 primes, P24 (rows 341..342; 25165824 + 13421772 limbs at 25165824, window [0, 17336455) of share [21251139, 42502279), accumulated): redistribute 0.020 ntt 0.312 crt 0.002 out 0.019 spills+carry 0.009 total 0.361 s
dist_mn node 1: 50331648 x 13421772 limbs over 3 x 4 ranks (cap 2^25 points, P24): 2 x 1 pieces, 2 formed, 0 skipped (low product) (cache 0 slots: 3 hits, 9 misses)
dist_mn node 2: 2^25 = 2^12 x 2^13 over 3 x 4 ranks (general map), 4 primes, P24 (rows 341..342; 25165824 + 13421772 limbs at 25165824, window [17336455, 38587595) of share [42502279, 63753419), accumulated): redistribute 0.023 ntt 0.310 crt 0.002 out 0.019 spills+carry 0.009 total 0.361 s
dist_mn node 2: 50331648 x 13421772 limbs over 3 x 4 ranks (cap 2^25 points, P24): 2 x 1 pieces, 2 formed, 0 skipped (low product) (cache 0 slots: 3 hits, 9 misses)
dist_mn node 1: 50331648 + 13421772 limbs -> 63753419 (share 21251140): redistribute 0.076 ntt 0.693 crt 0.003 out 0.038 spills+carry 0.011, total 0.808 s
dist_mn node 0: 50331648 + 13421772 limbs -> 63753419 (share 21251139): redistribute 0.102 ntt 0.698 crt 0.003 out 0.036 spills+carry 0.011, total 0.807 s
dist_mn node 2: 50331648 + 13421772 limbs -> 63753419 (share 21251140): redistribute 0.104 ntt 0.697 crt 0.003 out 0.040 spills+carry 0.011, total 0.807 s
dist_mn node 0: 2^25 = 2^12 x 2^13 over 3 x 4 ranks (general map), 3 primes (rows 341..342; 25165824 + 6710883 limbs at 0, window [0, 12862529) of share [0, 12862529)): redistribute 0.051 ntt 0.270 crt 0.000 out 0.020 spills+carry 0.002 total 0.329 s [A cached] [B cached]
dist_mn node 1: 2^25 = 2^12 x 2^13 over 3 x 4 ranks (general map), 3 primes (rows 341..342; 25165824 + 6710883 limbs at 0, window [12862529, 25725059) of share [12862529, 25725059)): redistribute 0.053 ntt 0.273 crt 0.000 out 0.018 spills+carry 0.002 total 0.331 s [A cached] [B cached]
dist_mn node 2: 2^25 = 2^12 x 2^13 over 3 x 4 ranks (general map), 3 primes (rows 341..342; 25165824 + 6710883 limbs at 0, window [25725059, 31876707) of share [25725059, 38587589)): redistribute 0.051 ntt 0.274 crt 0.000 out 0.015 spills+carry 0.002 total 0.331 s [A cached] [B cached]
dist_mn node 0: 2^25 = 2^12 x 2^13 over 3 x 4 ranks (general map), 3 primes (rows 341..342; 25165824 + 6710882 limbs at 6710883, window [0, 6151646) of share [0, 12862529), accumulated): redistribute 0.005 ntt 0.145 crt 0.000 out 0.016 spills+carry 0.011 total 0.178 s [A hit] [B cached]
dist_mn node 0: 25165824 x 13421765 limbs over 3 x 4 ranks (cap 2^25): 1 x 2 pieces, 2 formed, 0 skipped (cache 2 slots: 1 hits, 3 misses)
dist_mn node 1: 2^25 = 2^12 x 2^13 over 3 x 4 ranks (general map), 3 primes (rows 341..342; 25165824 + 6710882 limbs at 6710883, window [6151646, 19014176) of share [12862529, 25725059), accumulated): redistribute 0.006 ntt 0.147 crt 0.000 out 0.015 spills+carry 0.011 total 0.178 s [A hit] [B cached]
dist_mn node 1: 25165824 x 13421765 limbs over 3 x 4 ranks (cap 2^25): 1 x 2 pieces, 2 formed, 0 skipped (cache 2 slots: 1 hits, 3 misses)
dist_mn node 2: 2^25 = 2^12 x 2^13 over 3 x 4 ranks (general map), 3 primes (rows 341..342; 25165824 + 6710882 limbs at 6710883, window [19014176, 31876706) of share [25725059, 38587589), accumulated): redistribute 0.006 ntt 0.146 crt 0.000 out 0.015 spills+carry 0.010 total 0.178 s [A hit] [B cached]
dist_mn node 2: 25165824 x 13421765 limbs over 3 x 4 ranks (cap 2^25): 1 x 2 pieces, 2 formed, 0 skipped (cache 2 slots: 1 hits, 3 misses)
dist_mn node 0: 25165824 + 13421765 limbs -> 38587589 (share 12862529): redistribute 0.056 ntt 0.415 crt 0.001 out 0.036 spills+carry 0.013, total 0.511 s
dist_mn node 1: 25165824 + 13421765 limbs -> 38587589 (share 12862530): redistribute 0.059 ntt 0.419 crt 0.001 out 0.034 spills+carry 0.012, total 0.511 s
dist_mn node 2: 25165824 + 13421765 limbs -> 38587589 (share 12862530): redistribute 0.057 ntt 0.420 crt 0.001 out 0.030 spills+carry 0.012, total 0.511 s
mdev 3*2^24 (38587589 limbs): repack 0.054 h2d 0.001 fwd 0.013 inv 0.007 d2h 0.039 crt 0.023 total 0.117 s
mdev 3*2^24 (38587589 limbs): repack 0.053 h2d 0.001 fwd 0.013 inv 0.008 d2h 0.044 crt 0.023 total 0.120 s
mdev 3*2^24 (38587589 limbs): repack 0.055 h2d 0.001 fwd 0.014 inv 0.006 d2h 0.047 crt 0.033 total 0.149 s
dist_mn node 0: 2^25 = 2^12 x 2^13 over 3 x 4 ranks (general map), 3 primes (rows 341..342; 25165824 + 6710883 limbs at 0, window [0, 8388609) of share [0, 8388609)): redistribute 0.039 ntt 0.265 crt 0.000 out 0.011 spills+carry 0.002 total 0.306 s [A cached] [B cached]
dist_mn node 1: 2^25 = 2^12 x 2^13 over 3 x 4 ranks (general map), 3 primes (rows 341..342; 25165824 + 6710883 limbs at 0, window [8388609, 16777218) of share [8388609, 16777218)): redistribute 0.038 ntt 0.267 crt 0.000 out 0.012 spills+carry 0.002 total 0.306 s [A cached] [B cached]
dist_mn node 2: 2^25 = 2^12 x 2^13 over 3 x 4 ranks (general map), 3 primes (rows 341..342; 25165824 + 6710883 limbs at 0, window [16777218, 25165827) of share [16777218, 25165827)): redistribute 0.039 ntt 0.264 crt 0.000 out 0.014 spills+carry 0.002 total 0.306 s [A cached] [B cached]
dist_mn node 0: 2^25 = 2^12 x 2^13 over 3 x 4 ranks (general map), 3 primes (rows 341..342; 25165824 + 6710882 limbs at 6710883, window [0, 1677726) of share [0, 8388609), accumulated): redistribute 0.005 ntt 0.153 crt 0.000 out 0.019 spills+carry 0.008 total 0.184 s [A hit] [B cached]
dist_mn node 0: 25165824 x 13421765 limbs over 3 x 4 ranks (cap 2^25): 1 x 2 pieces, 2 formed, 0 skipped (low product) (cache 2 slots: 2 hits, 6 misses)
dist_mn node 1: 2^25 = 2^12 x 2^13 over 3 x 4 ranks (general map), 3 primes (rows 341..342; 25165824 + 6710882 limbs at 6710883, window [1677726, 10066335) of share [8388609, 16777218), accumulated): redistribute 0.005 ntt 0.155 crt 0.000 out 0.020 spills+carry 0.006 total 0.184 s [A hit] [B cached]
dist_mn node 1: 25165824 x 13421765 limbs over 3 x 4 ranks (cap 2^25): 1 x 2 pieces, 2 formed, 0 skipped (low product) (cache 2 slots: 2 hits, 6 misses)
dist_mn node 2: 2^25 = 2^12 x 2^13 over 3 x 4 ranks (general map), 3 primes (rows 341..342; 25165824 + 6710882 limbs at 6710883, window [10066335, 18454944) of share [16777218, 25165827), accumulated): redistribute 0.006 ntt 0.157 crt 0.000 out 0.016 spills+carry 0.006 total 0.184 s [A hit] [B cached]
dist_mn node 2: 25165824 x 13421765 limbs over 3 x 4 ranks (cap 2^25): 1 x 2 pieces, 2 formed, 0 skipped (low product) (cache 2 slots: 2 hits, 6 misses)
dist_mn node 0: 25165824 + 13421765 limbs -> 25165827 (share 8388609): redistribute 0.044 ntt 0.418 crt 0.001 out 0.030 spills+carry 0.009, total 0.578 s
dist_mn node 1: 25165824 + 13421765 limbs -> 25165827 (share 8388609): redistribute 0.043 ntt 0.421 crt 0.001 out 0.032 spills+carry 0.008, total 0.559 s
dist_mn node 2: 25165824 + 13421765 limbs -> 25165827 (share 8388609): redistribute 0.045 ntt 0.421 crt 0.001 out 0.029 spills+carry 0.007, total 0.493 s
dist_mn node 0: 2^25 = 2^12 x 2^13 over 3 x 4 ranks (general map), 4 primes, P24 (rows 341..342; 25165824 + 13421772 limbs at 0, window [0, 21251140) of share [0, 21251140)): redistribute 0.053 ntt 0.366 crt 0.001 out 0.025 spills+carry 0.002 total 0.425 s
dist_mn node 1: 2^25 = 2^12 x 2^13 over 3 x 4 ranks (general map), 4 primes, P24 (rows 341..342; 25165824 + 13421772 limbs at 0, window [21251140, 38587596) of share [21251140, 42502280)): redistribute 0.055 ntt 0.365 crt 0.001 out 0.027 spills+carry 0.002 total 0.425 s
dist_mn node 2: 2^25 = 2^12 x 2^13 over 3 x 4 ranks (general map), 4 primes, P24 (rows 341..342; 25165824 + 13421772 limbs at 0, window [38587596, 38587596) of share [42502280, 63753421)): redistribute 0.050 ntt 0.366 crt 0.001 out 0.025 spills+carry 0.002 total 0.423 s
dist_mn node 0: 2^25 = 2^12 x 2^13 over 3 x 4 ranks (general map), 4 primes, P24 (rows 341..342; 25165824 + 13421772 limbs at 25165824, window [0, 0) of share [0, 21251140), accumulated): redistribute 0.029 ntt 0.331 crt 0.001 out 0.021 spills+carry 0.010 total 0.378 s
dist_mn node 1: 2^25 = 2^12 x 2^13 over 3 x 4 ranks (general map), 4 primes, P24 (rows 341..342; 25165824 + 13421772 limbs at 25165824, window [0, 17336456) of share [21251140, 42502280), accumulated): redistribute 0.028 ntt 0.330 crt 0.001 out 0.021 spills+carry 0.009 total 0.378 s
dist_mn node 2: 2^25 = 2^12 x 2^13 over 3 x 4 ranks (general map), 4 primes, P24 (rows 341..342; 25165824 + 13421772 limbs at 25165824, window [17336456, 38587596) of share [42502280, 63753421), accumulated): redistribute 0.031 ntt 0.331 crt 0.001 out 0.020 spills+carry 0.010 total 0.378 s
mdb_add_shifted node 0: 13421769 limbs at 0 into a basis of 63753421 (my window [0, 13421769), 1 rounds of 3355456; slabs 3355442 + 3355442 limbs per APU 0): 0.026 s
dist_mn node 0: 50331648 x 13421772 limbs over 3 x 4 ranks (cap 2^25 points, P24): 2 x 1 pieces, 2 formed, 0 skipped (cache 0 slots: 2 hits, 6 misses)
mdb_add_shifted node 1: 13421769 limbs at 0 into a basis of 63753421 (my window [21251140, 21251140), 1 rounds of 3355456; slabs 0 + 0 limbs per APU 0): 0.026 s
dist_mn node 1: 50331648 x 13421772 limbs over 3 x 4 ranks (cap 2^25 points, P24): 2 x 1 pieces, 2 formed, 0 skipped (cache 0 slots: 2 hits, 6 misses)
mdb_add_shifted node 2: 13421769 limbs at 0 into a basis of 63753421 (my window [42502280, 42502280), 1 rounds of 3355456; slabs 0 + 0 limbs per APU 0): 0.026 s
dist_mn node 2: 50331648 x 13421772 limbs over 3 x 4 ranks (cap 2^25 points, P24): 2 x 1 pieces, 2 formed, 0 skipped (cache 0 slots: 2 hits, 6 misses)
dist_mn node 0: 50331648 + 13421772 + x limbs -> 63753420 (share 21251140): redistribute 0.082 ntt 0.697 crt 0.002 out 0.045 spills+carry 0.012, total 0.835 s
dist_mn node 1: 50331648 + 13421772 + x limbs -> 63753420 (share 21251140): redistribute 0.083 ntt 0.695 crt 0.002 out 0.049 spills+carry 0.012, total 0.854 s
dist_mn node 2: 50331648 + 13421772 + x limbs -> 63753420 (share 21251141): redistribute 0.081 ntt 0.696 crt 0.002 out 0.045 spills+carry 0.012, total 0.856 s
mdb_add_shifted node 0: 13421769 limbs at 0 into a basis of 63753421 (my window [0, 13421769), 1 rounds of 3355456; slabs 3355442 + 3355442 limbs per APU 0): 0.068 s
mdb_add_shifted node 2: 13421769 limbs at 0 into a basis of 63753421 (my window [42502280, 42502280), 1 rounds of 3355456; slabs 0 + 0 limbs per APU 0): 0.069 s
mdb_add_shifted node 1: 13421769 limbs at 0 into a basis of 63753421 (my window [21251140, 21251140), 1 rounds of 3355456; slabs 0 + 0 limbs per APU 0): 0.062 s
mdb_add_shifted node 0: 13421769 limbs at 7 into a basis of 63753421 (my window [7, 13421776), 1 rounds of 3355456; slabs 3355442 + 3355442 limbs per APU 0): 0.071 s
mdb_add_shifted node 1: 13421769 limbs at 7 into a basis of 63753421 (my window [21251140, 21251140), 1 rounds of 3355456; slabs 0 + 0 limbs per APU 0): 0.071 s
mdb_add_shifted node 2: 13421769 limbs at 7 into a basis of 63753421 (my window [42502280, 42502280), 1 rounds of 3355456; slabs 0 + 0 limbs per APU 0): 0.079 s
mdb_add_shifted node 1: 13421769 limbs at 25165824 into a basis of 63753421 (my window [25165824, 38587593), 1 rounds of 3355456; slabs 0 + 3355442 limbs per APU 0): 0.055 s
mdb_add_shifted node 0: 13421769 limbs at 25165824 into a basis of 63753421 (my window [25165824, 25165824), 1 rounds of 3355456; slabs 3355442 + 0 limbs per APU 0): 0.087 s
mdb_add_shifted node 2: 13421769 limbs at 25165824 into a basis of 63753421 (my window [42502280, 42502280), 1 rounds of 3355456; slabs 0 + 0 limbs per APU 0): 0.053 s
mdb_add_shifted node 0: 13421769 limbs at 50331648 into a basis of 63753421 (my window [50331648, 50331648), 1 rounds of 3355456; slabs 3355442 + 0 limbs per APU 0): 0.119 s
mdb_add_shifted node 1: 13421769 limbs at 50331648 into a basis of 63753421 (my window [50331648, 50331648), 1 rounds of 3355456; slabs 0 + 0 limbs per APU 0): 0.050 s
mdb_add_shifted node 2: 13421769 limbs at 50331648 into a basis of 63753421 (my window [50331648, 63753417), 1 rounds of 3355456; slabs 0 + 3355442 limbs per APU 0): 0.053 s
dbig pool: APU0 hipMalloc 0.06 GB inside the phase (free 0.51 GB in 27 extents, largest 0.06; live 0.06 GB in 12 blocks)
dbig pool: APU1 hipMalloc 0.06 GB inside the phase (free 0.49 GB in 28 extents, largest 0.05; live 0.06 GB in 13 blocks)
dbig pool: APU2 hipMalloc 0.06 GB inside the phase (free 0.43 GB in 26 extents, largest 0.05; live 0.06 GB in 14 blocks)
dbig pool: APU3 hipMalloc 0.06 GB inside the phase (free 0.43 GB in 26 extents, largest 0.05; live 0.06 GB in 15 blocks)
dbig pool: APU0 hipMalloc 0.06 GB inside the phase (free 0.49 GB in 25 extents, largest 0.06; live 0.14 GB in 20 blocks)
dbig pool: APU2 hipMalloc 0.06 GB inside the phase (free 0.40 GB in 24 extents, largest 0.05; live 0.14 GB in 22 blocks)
dbig pool: APU1 hipMalloc 0.06 GB inside the phase (free 0.47 GB in 26 extents, largest 0.05; live 0.14 GB in 24 blocks)
dbig pool: APU3 hipMalloc 0.06 GB inside the phase (free 0.40 GB in 24 extents, largest 0.05; live 0.14 GB in 26 blocks)
dist_mn node 0: 2^25 = 2^12 x 2^13 over 3 x 4 ranks (general map), 4 primes, P24 (rows 341..342; 30198988 + 10066330 limbs at 0, window [0, 20132658) of share [0, 20132658)): redistribute 0.221 ntt 0.512 crt 0.001 out 0.024 spills+carry 0.001 total 0.597 s
dist_mn node 1: 2^25 = 2^12 x 2^13 over 3 x 4 ranks (general map), 4 primes, P24 (rows 341..342; 30198988 + 10066330 limbs at 0, window [20132658, 40265317) of share [20132658, 40265317)): redistribute 0.221 ntt 0.511 crt 0.001 out 0.028 spills+carry 0.001 total 0.597 s
dist_mn node 2: 2^25 = 2^12 x 2^13 over 3 x 4 ranks (general map), 4 primes, P24 (rows 341..342; 30198988 + 10066330 limbs at 0, window [40265317, 40265318) of share [40265317, 60397976)): redistribute 0.222 ntt 0.513 crt 0.001 out 0.024 spills+carry 0.001 total 0.597 s
dbig pool: APU1 hipMalloc 0.04 GB inside the phase (free 0.31 GB in 24 extents, largest 0.02; live 0.18 GB in 31 blocks)
dbig pool: APU0 hipMalloc 0.04 GB inside the phase (free 0.31 GB in 24 extents, largest 0.02; live 0.18 GB in 30 blocks)
dbig pool: APU2 hipMalloc 0.04 GB inside the phase (free 0.31 GB in 24 extents, largest 0.02; live 0.18 GB in 31 blocks)
dbig pool: APU3 hipMalloc 0.04 GB inside the phase (free 0.31 GB in 24 extents, largest 0.02; live 0.18 GB in 31 blocks)
dist_mn node 0: 2^25 = 2^12 x 2^13 over 3 x 4 ranks (general map), 4 primes, P24 (rows 341..342; 30198988 + 10066330 limbs at 10066330, window [0, 10066328) of share [0, 20132658), accumulated): redistribute 0.020 ntt 0.313 crt 0.001 out 0.020 spills+carry 0.010 total 0.364 s
dist_mn node 1: 2^25 = 2^12 x 2^13 over 3 x 4 ranks (general map), 4 primes, P24 (rows 341..342; 30198988 + 10066330 limbs at 10066330, window [10066328, 30198987) of share [20132658, 40265317), accumulated): redistribute 0.020 ntt 0.314 crt 0.001 out 0.015 spills+carry 0.010 total 0.364 s
dist_mn node 2: 2^25 = 2^12 x 2^13 over 3 x 4 ranks (general map), 4 primes, P24 (rows 341..342; 30198988 + 10066330 limbs at 10066330, window [30198987, 40265318) of share [40265317, 60397976), accumulated): redistribute 0.019 ntt 0.315 crt 0.001 out 0.020 spills+carry 0.010 total 0.364 s
dbig pool: APU3 hipMalloc 0.04 GB inside the phase (free 0.39 GB in 26 extents, largest 0.03; live 0.18 GB in 31 blocks)
dist_mn node 0: 2^25 = 2^12 x 2^13 over 3 x 4 ranks (general map), 4 primes, P24 (rows 341..342; 30198988 + 10066328 limbs at 20132660, window [0, 0) of share [0, 20132658), accumulated): redistribute 0.022 ntt 0.322 crt 0.001 out 0.022 spills+carry 0.003 total 0.369 s
dist_mn node 0: 30198988 x 30198988 limbs over 3 x 4 ranks (cap 2^25 points, P24): 1 x 3 pieces, 3 formed, 0 skipped (cache 0 slots: 2 hits, 6 misses)
dist_mn node 1: 2^25 = 2^12 x 2^13 over 3 x 4 ranks (general map), 4 primes, P24 (rows 341..342; 30198988 + 10066328 limbs at 20132660, window [0, 20132657) of share [20132658, 40265317), accumulated): redistribute 0.019 ntt 0.327 crt 0.001 out 0.022 spills+carry 0.003 total 0.369 s
dist_mn node 1: 30198988 x 30198988 limbs over 3 x 4 ranks (cap 2^25 points, P24): 1 x 3 pieces, 3 formed, 0 skipped (cache 0 slots: 2 hits, 6 misses)
dist_mn node 2: 2^25 = 2^12 x 2^13 over 3 x 4 ranks (general map), 4 primes, P24 (rows 341..342; 30198988 + 10066328 limbs at 20132660, window [20132657, 40265316) of share [40265317, 60397976), accumulated): redistribute 0.021 ntt 0.323 crt 0.001 out 0.022 spills+carry 0.003 total 0.369 s
dist_mn node 2: 30198988 x 30198988 limbs over 3 x 4 ranks (cap 2^25 points, P24): 1 x 3 pieces, 3 formed, 0 skipped (cache 0 slots: 2 hits, 6 misses)
dist_mn node 0: 30198988 + 30198988 limbs -> 60397976 (share 20132658): redistribute 0.263 ntt 1.147 crt 0.003 out 0.066 spills+carry 0.015, total 1.630 s
dist_mn node 2: 30198988 + 30198988 limbs -> 60397976 (share 20132659): redistribute 0.262 ntt 1.151 crt 0.003 out 0.066 spills+carry 0.014, total 1.333 s
dist_mn node 1: 30198988 + 30198988 limbs -> 60397976 (share 20132659): redistribute 0.261 ntt 1.152 crt 0.003 out 0.064 spills+carry 0.014, total 1.632 s
mdev 2^26 (60397976 limbs): repack 0.065 h2d 0.001 fwd 0.015 inv 0.005 d2h 0.037 crt 0.017 total 0.129 s
mdev 2^26 (60397976 limbs): repack 0.076 h2d 0.001 fwd 0.014 inv 0.008 d2h 0.064 crt 0.040 total 0.161 s
mdev 2^26 (60397976 limbs): repack 0.087 h2d 0.001 fwd 0.016 inv 0.005 d2h 0.058 crt 0.049 total 0.160 s
   subgroups 30198988 x 30198988: 1.89 s
dist_mn node 0: 2^25 = 2^12 x 2^13 over 3 x 4 ranks (general map), 4 primes, P24 (rows 341..342; 30198988 + 10066330 limbs at 0, window [0, 20132659) of share [0, 20132659)): redistribute 0.050 ntt 0.365 crt 0.001 out 0.023 spills+carry 0.001 total 0.420 s
dist_mn node 1: 2^25 = 2^12 x 2^13 over 3 x 4 ranks (general map), 4 primes, P24 (rows 341..342; 30198988 + 10066330 limbs at 0, window [20132659, 40265318) of share [20132659, 40265318)): redistribute 0.051 ntt 0.368 crt 0.001 out 0.021 spills+carry 0.001 total 0.421 s
dist_mn node 2: 2^25 = 2^12 x 2^13 over 3 x 4 ranks (general map), 4 primes, P24 (rows 341..342; 30198988 + 10066330 limbs at 0, window [40265318, 40265318) of share [40265318, 60397977)): redistribute 0.051 ntt 0.368 crt 0.001 out 0.020 spills+carry 0.001 total 0.421 s
dist_mn node 0: 2^25 = 2^12 x 2^13 over 3 x 4 ranks (general map), 4 primes, P24 (rows 341..342; 30198988 + 10066330 limbs at 10066330, window [0, 10066329) of share [0, 20132659), accumulated): redistribute 0.020 ntt 0.322 crt 0.002 out 0.022 spills+carry 0.010 total 0.373 s
dist_mn node 1: 2^25 = 2^12 x 2^13 over 3 x 4 ranks (general map), 4 primes, P24 (rows 341..342; 30198988 + 10066330 limbs at 10066330, window [10066329, 30198988) of share [20132659, 40265318), accumulated): redistribute 0.020 ntt 0.323 crt 0.001 out 0.019 spills+carry 0.010 total 0.373 s
dist_mn node 2: 2^25 = 2^12 x 2^13 over 3 x 4 ranks (general map), 4 primes, P24 (rows 341..342; 30198988 + 10066330 limbs at 10066330, window [30198988, 40265318) of share [40265318, 60397977), accumulated): redistribute 0.022 ntt 0.319 crt 0.002 out 0.024 spills+carry 0.010 total 0.373 s
dist_mn node 0: 2^25 = 2^12 x 2^13 over 3 x 4 ranks (general map), 4 primes, P24 (rows 341..342; 30198988 + 10066328 limbs at 20132660, window [0, 0) of share [0, 20132659), accumulated): redistribute 0.022 ntt 0.350 crt 0.001 out 0.026 spills+carry 0.003 total 0.393 s
dist_mn node 1: 2^25 = 2^12 x 2^13 over 3 x 4 ranks (general map), 4 primes, P24 (rows 341..342; 30198988 + 10066328 limbs at 20132660, window [0, 20132658) of share [20132659, 40265318), accumulated): redistribute 0.022 ntt 0.350 crt 0.001 out 0.027 spills+carry 0.003 total 0.393 s
dist_mn node 2: 2^25 = 2^12 x 2^13 over 3 x 4 ranks (general map), 4 primes, P24 (rows 341..342; 30198988 + 10066328 limbs at 20132660, window [20132658, 40265316) of share [40265318, 60397977), accumulated): redistribute 0.022 ntt 0.348 crt 0.001 out 0.028 spills+carry 0.003 total 0.393 s
dbig pool: APU3 hipMalloc 0.06 GB inside the phase (free 0.47 GB in 28 extents, largest 0.06; live 0.14 GB in 19 blocks)
mdb_add_shifted node 0: 30198985 limbs at 0 into a basis of 60397977 (my window [0, 20132659), 1 rounds of 5033168; slabs 0 + 5033164 limbs per APU 0): 0.085 s
dist_mn node 0: 30198988 x 30198988 limbs over 3 x 4 ranks (cap 2^25 points, P24): 1 x 3 pieces, 3 formed, 0 skipped (cache 0 slots: 2 hits, 6 misses)
mdb_add_shifted node 1: 30198985 limbs at 0 into a basis of 60397977 (my window [20132659, 30198985), 1 rounds of 5033168; slabs 5033164 + 2516581 limbs per APU 0): 0.085 s
mdb_add_shifted node 2: 30198985 limbs at 0 into a basis of 60397977 (my window [40265318, 40265318), 1 rounds of 5033168; slabs 2516581 + 0 limbs per APU 0): 0.085 s
dist_mn node 2: 30198988 x 30198988 limbs over 3 x 4 ranks (cap 2^25 points, P24): 1 x 3 pieces, 3 formed, 0 skipped (cache 0 slots: 2 hits, 6 misses)
dist_mn node 1: 30198988 x 30198988 limbs over 3 x 4 ranks (cap 2^25 points, P24): 1 x 3 pieces, 3 formed, 0 skipped (cache 0 slots: 2 hits, 6 misses)
dist_mn node 0: 30198988 + 30198988 + x limbs -> 60397976 (share 20132659): redistribute 0.093 ntt 1.036 crt 0.004 out 0.071 spills+carry 0.014, total 1.277 s
dist_mn node 1: 30198988 + 30198988 + x limbs -> 60397976 (share 20132659): redistribute 0.093 ntt 1.041 crt 0.003 out 0.067 spills+carry 0.014, total 1.276 s
dist_mn node 2: 30198988 + 30198988 + x limbs -> 60397976 (share 20132659): redistribute 0.094 ntt 1.035 crt 0.003 out 0.072 spills+carry 0.014, total 1.295 s
dist_mn node 0: 2^25 = 2^12 x 2^13 over 3 x 4 ranks (general map), 4 primes, P24 (rows 341..342; 30198988 + 10066330 limbs at 0, window [0, 10066330) of share [0, 10066330)): redistribute 0.024 ntt 0.325 crt 0.001 out 0.014 spills+carry 0.001 total 0.364 s
dist_mn node 1: 2^25 = 2^12 x 2^13 over 3 x 4 ranks (general map), 4 primes, P24 (rows 341..342; 30198988 + 10066330 limbs at 0, window [10066330, 20132660) of share [10066330, 20132660)): redistribute 0.022 ntt 0.324 crt 0.001 out 0.015 spills+carry 0.001 total 0.362 s
dist_mn node 2: 2^25 = 2^12 x 2^13 over 3 x 4 ranks (general map), 4 primes, P24 (rows 341..342; 30198988 + 10066330 limbs at 0, window [20132660, 30198990) of share [20132660, 30198990)): redistribute 0.021 ntt 0.328 crt 0.001 out 0.013 spills+carry 0.001 total 0.361 s
dist_mn node 0: 2^25 = 2^12 x 2^13 over 3 x 4 ranks (general map), 4 primes, P24 (rows 341..342; 30198988 + 10066330 limbs at 10066330, window [0, 0) of share [0, 10066330), accumulated): redistribute 0.021 ntt 0.336 crt 0.001 out 0.013 spills+carry 0.002 total 0.373 s
dist_mn node 1: 2^25 = 2^12 x 2^13 over 3 x 4 ranks (general map), 4 primes, P24 (rows 341..342; 30198988 + 10066330 limbs at 10066330, window [0, 10066330) of share [10066330, 20132660), accumulated): redistribute 0.021 ntt 0.338 crt 0.001 out 0.012 spills+carry 0.002 total 0.373 s
dist_mn node 2: 2^25 = 2^12 x 2^13 over 3 x 4 ranks (general map), 4 primes, P24 (rows 341..342; 30198988 + 10066330 limbs at 10066330, window [10066330, 20132660) of share [20132660, 30198990), accumulated): redistribute 0.022 ntt 0.336 crt 0.001 out 0.011 spills+carry 0.002 total 0.373 s
dist_mn node 0: 2^25 = 2^12 x 2^13 over 3 x 4 ranks (general map), 4 primes, P24 (rows 341..342; 30198988 + 10066328 limbs at 20132660, window [0, 0) of share [0, 10066330), accumulated): redistribute 0.023 ntt 0.356 crt 0.001 out 0.014 spills+carry 0.001 total 0.395 s
dist_mn node 0: 30198988 x 30198988 limbs over 3 x 4 ranks (cap 2^25 points, P24): 1 x 3 pieces, 3 formed, 0 skipped (low product) (cache 0 slots: 2 hits, 6 misses)
dist_mn node 1: 2^25 = 2^12 x 2^13 over 3 x 4 ranks (general map), 4 primes, P24 (rows 341..342; 30198988 + 10066328 limbs at 20132660, window [0, 0) of share [10066330, 20132660), accumulated): redistribute 0.024 ntt 0.359 crt 0.001 out 0.010 spills+carry 0.001 total 0.395 s
dist_mn node 1: 30198988 x 30198988 limbs over 3 x 4 ranks (cap 2^25 points, P24): 1 x 3 pieces, 3 formed, 0 skipped (low product) (cache 0 slots: 2 hits, 6 misses)
dist_mn node 2: 2^25 = 2^12 x 2^13 over 3 x 4 ranks (general map), 4 primes, P24 (rows 341..342; 30198988 + 10066328 limbs at 20132660, window [0, 10066330) of share [20132660, 30198990), accumulated): redistribute 0.023 ntt 0.357 crt 0.001 out 0.013 spills+carry 0.001 total 0.395 s
dist_mn node 2: 30198988 x 30198988 limbs over 3 x 4 ranks (cap 2^25 points, P24): 1 x 3 pieces, 3 formed, 0 skipped (low product) (cache 0 slots: 2 hits, 6 misses)
dist_mn node 0: 30198988 + 30198988 limbs -> 30198990 (share 10066330): redistribute 0.067 ntt 1.017 crt 0.002 out 0.041 spills+carry 0.004, total 1.133 s
dist_mn node 1: 30198988 + 30198988 limbs -> 30198990 (share 10066330): redistribute 0.067 ntt 1.021 crt 0.003 out 0.037 spills+carry 0.004, total 1.133 s
dist_mn node 2: 30198988 + 30198988 limbs -> 30198990 (share 10066330): redistribute 0.066 ntt 1.021 crt 0.003 out 0.037 spills+carry 0.004, total 1.133 s
dist_mn node 0: 2^25 = 2^12 x 2^13 over 3 x 4 ranks (general map), 4 primes, P24 (rows 341..342; 15099495 + 15099495 limbs at 0, window [0, 5033165) of share [0, 5033165)): redistribute 0.042 ntt 0.399 crt 0.001 out 0.014 spills+carry 0.001 total 0.440 s
dist_mn node 0: 15099495 x 15099495 limbs over 3 x 4 ranks (cap 2^25 points, P24): 1 x 1 pieces, 1 formed, 0 skipped (low product) (cache 0 slots: 2 hits, 6 misses)
dist_mn node 1: 2^25 = 2^12 x 2^13 over 3 x 4 ranks (general map), 4 primes, P24 (rows 341..342; 15099495 + 15099495 limbs at 0, window [5033165, 10066330) of share [5033165, 10066330)): redistribute 0.040 ntt 0.398 crt 0.001 out 0.015 spills+carry 0.000 total 0.437 s
dist_mn node 1: 15099495 x 15099495 limbs over 3 x 4 ranks (cap 2^25 points, P24): 1 x 1 pieces, 1 formed, 0 skipped (low product) (cache 0 slots: 2 hits, 6 misses)
dist_mn node 2: 2^25 = 2^12 x 2^13 over 3 x 4 ranks (general map), 4 primes, P24 (rows 341..342; 15099495 + 15099495 limbs at 0, window [10066330, 15099495) of share [10066330, 15099495)): redistribute 0.037 ntt 0.402 crt 0.001 out 0.012 spills+carry 0.000 total 0.437 s
dist_mn node 2: 15099495 x 15099495 limbs over 3 x 4 ranks (cap 2^25 points, P24): 1 x 1 pieces, 1 formed, 0 skipped (low product) (cache 0 slots: 2 hits, 6 misses)
dist_mn node 0: 15099495 + 15099495 limbs -> 15099495 (share 5033165): redistribute 0.042 ntt 0.399 crt 0.001 out 0.014 spills+carry 0.001, total 0.440 s
dist_mn node 1: 15099495 + 15099495 limbs -> 15099495 (share 5033165): redistribute 0.040 ntt 0.398 crt 0.001 out 0.015 spills+carry 0.000, total 0.439 s
dist_mn node 2: 15099495 + 15099495 limbs -> 15099495 (share 5033165): redistribute 0.037 ntt 0.402 crt 0.001 out 0.012 spills+carry 0.000, total 0.439 s
dist_mn node 0: 2^25 = 2^12 x 2^13 over 3 x 4 ranks (general map), 4 primes, P24 (rows 341..342; 30198988 + 10066330 limbs at 0, window [0, 20132658) of share [0, 20132658)): redistribute 0.052 ntt 0.433 crt 0.001 out 0.023 spills+carry 0.001 total 0.497 s
dist_mn node 1: 2^25 = 2^12 x 2^13 over 3 x 4 ranks (general map), 4 primes, P24 (rows 341..342; 30198988 + 10066330 limbs at 0, window [20132658, 40265316) of share [20132658, 40265316)): redistribute 0.054 ntt 0.432 crt 0.001 out 0.024 spills+carry 0.001 total 0.496 s
dist_mn node 2: 2^25 = 2^12 x 2^13 over 3 x 4 ranks (general map), 4 primes, P24 (rows 341..342; 30198988 + 10066330 limbs at 0, window [40265316, 40265318) of share [40265316, 60397975)): redistribute 0.049 ntt 0.440 crt 0.001 out 0.025 spills+carry 0.001 total 0.497 s
dist_mn node 0: 2^25 = 2^12 x 2^13 over 3 x 4 ranks (general map), 4 primes, P24 (rows 341..342; 30198988 + 10066330 limbs at 10066330, window [0, 10066328) of share [0, 20132658), accumulated): redistribute 0.023 ntt 0.330 crt 0.001 out 0.018 spills+carry 0.011 total 0.383 s
dist_mn node 2: 2^25 = 2^12 x 2^13 over 3 x 4 ranks (general map), 4 primes, P24 (rows 341..342; 30198988 + 10066330 limbs at 10066330, window [30198986, 40265318) of share [40265316, 60397975), accumulated): redistribute 0.022 ntt 0.328 crt 0.001 out 0.021 spills+carry 0.011 total 0.383 s
dist_mn node 1: 2^25 = 2^12 x 2^13 over 3 x 4 ranks (general map), 4 primes, P24 (rows 341..342; 30198988 + 10066330 limbs at 10066330, window [10066328, 30198986) of share [20132658, 40265316), accumulated): redistribute 0.024 ntt 0.328 crt 0.001 out 0.021 spills+carry 0.011 total 0.383 s
dist_mn node 0: 2^25 = 2^12 x 2^13 over 3 x 4 ranks (general map), 4 primes, P24 (rows 341..342; 30198988 + 10066328 limbs at 20132660, window [0, 0) of share [0, 20132658), accumulated): redistribute 0.027 ntt 0.358 crt 0.001 out 0.019 spills+carry 0.003 total 0.401 s
dist_mn node 0: 30198988 x 30198988 limbs over 3 x 4 ranks (cap 2^25 points, P24): 1 x 3 pieces, 3 formed, 0 skipped (low product) (cache 0 slots: 2 hits, 6 misses)
dist_mn node 1: 2^25 = 2^12 x 2^13 over 3 x 4 ranks (general map), 4 primes, P24 (rows 341..342; 30198988 + 10066328 limbs at 20132660, window [0, 20132656) of share [20132658, 40265316), accumulated): redistribute 0.024 ntt 0.357 crt 0.001 out 0.020 spills+carry 0.003 total 0.401 s
dist_mn node 1: 30198988 x 30198988 limbs over 3 x 4 ranks (cap 2^25 points, P24): 1 x 3 pieces, 3 formed, 0 skipped (low product) (cache 0 slots: 2 hits, 6 misses)
dist_mn node 2: 2^25 = 2^12 x 2^13 over 3 x 4 ranks (general map), 4 primes, P24 (rows 341..342; 30198988 + 10066328 limbs at 20132660, window [20132656, 40265315) of share [40265316, 60397975), accumulated): redistribute 0.026 ntt 0.358 crt 0.001 out 0.017 spills+carry 0.003 total 0.401 s
dist_mn node 2: 30198988 x 30198988 limbs over 3 x 4 ranks (cap 2^25 points, P24): 1 x 3 pieces, 3 formed, 0 skipped (low product) (cache 0 slots: 2 hits, 6 misses)
dist_mn node 1: 30198988 + 30198988 limbs -> 60397975 (share 20132658): redistribute 0.102 ntt 1.117 crt 0.003 out 0.065 spills+carry 0.014, total 1.283 s
dist_mn node 0: 30198988 + 30198988 limbs -> 60397975 (share 20132658): redistribute 0.102 ntt 1.120 crt 0.003 out 0.061 spills+carry 0.015, total 1.283 s
dist_mn node 2: 30198988 + 30198988 limbs -> 60397975 (share 20132659): redistribute 0.098 ntt 1.126 crt 0.003 out 0.064 spills+carry 0.015, total 1.283 s
dist_mn node 0: 2^25 = 2^12 x 2^13 over 3 x 4 ranks (general map), 4 primes, P24 (rows 341..342; 30198988 + 10066330 limbs at 0, window [0, 20132658) of share [0, 20132658)): redistribute 0.090 ntt 0.375 crt 0.001 out 0.023 spills+carry 0.001 total 0.436 s
dist_mn node 1: 2^25 = 2^12 x 2^13 over 3 x 4 ranks (general map), 4 primes, P24 (rows 341..342; 30198988 + 10066330 limbs at 0, window [20132658, 40265317) of share [20132658, 40265317)): redistribute 0.092 ntt 0.372 crt 0.001 out 0.024 spills+carry 0.001 total 0.435 s
dist_mn node 2: 2^25 = 2^12 x 2^13 over 3 x 4 ranks (general map), 4 primes, P24 (rows 341..342; 30198988 + 10066330 limbs at 0, window [40265317, 40265318) of share [40265317, 60397976)): redistribute 0.087 ntt 0.381 crt 0.001 out 0.022 spills+carry 0.001 total 0.436 s
dist_mn node 0: 2^25 = 2^12 x 2^13 over 3 x 4 ranks (general map), 4 primes, P24 (rows 341..342; 30198988 + 10066330 limbs at 10066330, window [0, 10066328) of share [0, 20132658), accumulated): redistribute 0.023 ntt 0.330 crt 0.001 out 0.013 spills+carry 0.010 total 0.378 s
dist_mn node 1: 2^25 = 2^12 x 2^13 over 3 x 4 ranks (general map), 4 primes, P24 (rows 341..342; 30198988 + 10066330 limbs at 10066330, window [10066328, 30198987) of share [20132658, 40265317), accumulated): redistribute 0.024 ntt 0.328 crt 0.001 out 0.017 spills+carry 0.010 total 0.378 s
dist_mn node 2: 2^25 = 2^12 x 2^13 over 3 x 4 ranks (general map), 4 primes, P24 (rows 341..342; 30198988 + 10066330 limbs at 10066330, window [30198987, 40265318) of share [40265317, 60397976), accumulated): redistribute 0.023 ntt 0.328 crt 0.001 out 0.016 spills+carry 0.010 total 0.378 s
dist_mn node 0: 2^25 = 2^12 x 2^13 over 3 x 4 ranks (general map), 4 primes, P24 (rows 341..342; 30198988 + 10066328 limbs at 20132660, window [0, 0) of share [0, 20132658), accumulated): redistribute 0.021 ntt 0.327 crt 0.001 out 0.023 spills+carry 0.003 total 0.368 s
dist_mn node 0: 30198988 x 30198988 limbs over 3 x 4 ranks (cap 2^25 points, P24): 1 x 3 pieces, 3 formed, 0 skipped (low cut) (cache 0 slots: 2 hits, 6 misses)
dist_mn node 1: 2^25 = 2^12 x 2^13 over 3 x 4 ranks (general map), 4 primes, P24 (rows 341..342; 30198988 + 10066328 limbs at 20132660, window [0, 20132657) of share [20132658, 40265317), accumulated): redistribute 0.019 ntt 0.325 crt 0.001 out 0.023 spills+carry 0.003 total 0.368 s
dist_mn node 1: 30198988 x 30198988 limbs over 3 x 4 ranks (cap 2^25 points, P24): 1 x 3 pieces, 3 formed, 0 skipped (low cut) (cache 0 slots: 2 hits, 6 misses)
dist_mn node 2: 2^25 = 2^12 x 2^13 over 3 x 4 ranks (general map), 4 primes, P24 (rows 341..342; 30198988 + 10066328 limbs at 20132660, window [20132657, 40265316) of share [40265317, 60397976), accumulated): redistribute 0.020 ntt 0.324 crt 0.001 out 0.025 spills+carry 0.003 total 0.368 s
dist_mn node 2: 30198988 x 30198988 limbs over 3 x 4 ranks (cap 2^25 points, P24): 1 x 3 pieces, 3 formed, 0 skipped (low cut) (cache 0 slots: 2 hits, 6 misses)
dist_mn node 1: 30198988 + 30198988 limbs -> 60397976 (share 20132659): redistribute 0.135 ntt 1.025 crt 0.003 out 0.064 spills+carry 0.014, total 1.184 s
dist_mn node 0: 30198988 + 30198988 limbs -> 60397976 (share 20132658): redistribute 0.135 ntt 1.032 crt 0.003 out 0.059 spills+carry 0.014, total 1.184 s
dist_mn node 2: 30198988 + 30198988 limbs -> 60397976 (share 20132659): redistribute 0.130 ntt 1.032 crt 0.003 out 0.063 spills+carry 0.014, total 1.184 s
dist_mn node 0: 2^25 = 2^12 x 2^13 over 3 x 4 ranks (general map), 4 primes, P24 (rows 341..342; 30198988 + 10066330 limbs at 0, window [0, 20132658) of share [0, 20132658)): redistribute 0.035 ntt 0.328 crt 0.001 out 0.035 spills+carry 0.001 total 0.382 s
dist_mn node 1: 2^25 = 2^12 x 2^13 over 3 x 4 ranks (general map), 4 primes, P24 (rows 341..342; 30198988 + 10066330 limbs at 0, window [20132658, 40265316) of share [20132658, 40265316)): redistribute 0.035 ntt 0.330 crt 0.001 out 0.033 spills+carry 0.001 total 0.382 s
dist_mn node 2: 2^25 = 2^12 x 2^13 over 3 x 4 ranks (general map), 4 primes, P24 (rows 341..342; 30198988 + 10066330 limbs at 0, window [40265316, 40265318) of share [40265316, 60397975)): redistribute 0.034 ntt 0.331 crt 0.001 out 0.031 spills+carry 0.001 total 0.383 s
dist_mn node 0: 2^25 = 2^12 x 2^13 over 3 x 4 ranks (general map), 4 primes, P24 (rows 341..342; 30198988 + 10066330 limbs at 10066330, window [0, 10066328) of share [0, 20132658), accumulated): redistribute 0.023 ntt 0.361 crt 0.001 out 0.017 spills+carry 0.011 total 0.409 s
dist_mn node 1: 2^25 = 2^12 x 2^13 over 3 x 4 ranks (general map), 4 primes, P24 (rows 341..342; 30198988 + 10066330 limbs at 10066330, window [10066328, 30198986) of share [20132658, 40265316), accumulated): redistribute 0.021 ntt 0.358 crt 0.001 out 0.021 spills+carry 0.011 total 0.409 s
dist_mn node 2: 2^25 = 2^12 x 2^13 over 3 x 4 ranks (general map), 4 primes, P24 (rows 341..342; 30198988 + 10066330 limbs at 10066330, window [30198986, 40265318) of share [40265316, 60397975), accumulated): redistribute 0.024 ntt 0.355 crt 0.001 out 0.022 spills+carry 0.011 total 0.409 s
dist_mn node 0: 2^25 = 2^12 x 2^13 over 3 x 4 ranks (general map), 4 primes, P24 (rows 341..342; 30198988 + 10066328 limbs at 20132660, window [0, 0) of share [0, 20132658), accumulated): redistribute 0.022 ntt 0.352 crt 0.001 out 0.019 spills+carry 0.003 total 0.396 s
dist_mn node 0: 30198988 x 30198988 limbs over 3 x 4 ranks (cap 2^25 points, P24): 1 x 3 pieces, 3 formed, 0 skipped (low product) (low cut) (cache 0 slots: 2 hits, 6 misses)
dist_mn node 1: 2^25 = 2^12 x 2^13 over 3 x 4 ranks (general map), 4 primes, P24 (rows 341..342; 30198988 + 10066328 limbs at 20132660, window [0, 20132656) of share [20132658, 40265316), accumulated): redistribute 0.020 ntt 0.356 crt 0.001 out 0.019 spills+carry 0.003 total 0.396 s
dist_mn node 1: 30198988 x 30198988 limbs over 3 x 4 ranks (cap 2^25 points, P24): 1 x 3 pieces, 3 formed, 0 skipped (low product) (low cut) (cache 0 slots: 2 hits, 6 misses)
dist_mn node 2: 2^25 = 2^12 x 2^13 over 3 x 4 ranks (general map), 4 primes, P24 (rows 341..342; 30198988 + 10066328 limbs at 20132660, window [20132656, 40265315) of share [40265316, 60397975), accumulated): redistribute 0.021 ntt 0.349 crt 0.001 out 0.022 spills+carry 0.003 total 0.396 s
dist_mn node 2: 30198988 x 30198988 limbs over 3 x 4 ranks (cap 2^25 points, P24): 1 x 3 pieces, 3 formed, 0 skipped (low product) (low cut) (cache 0 slots: 2 hits, 6 misses)
dist_mn node 1: 30198988 + 30198988 limbs -> 60397975 (share 20132658): redistribute 0.076 ntt 1.043 crt 0.004 out 0.073 spills+carry 0.014, total 1.190 s
dist_mn node 2: 30198988 + 30198988 limbs -> 60397975 (share 20132659): redistribute 0.079 ntt 1.036 crt 0.003 out 0.076 spills+carry 0.015, total 1.190 s
dist_mn node 0: 30198988 + 30198988 limbs -> 60397975 (share 20132658): redistribute 0.079 ntt 1.041 crt 0.003 out 0.071 spills+carry 0.015, total 1.190 s
dist_mn node 0: 2^25 = 2^12 x 2^13 over 3 x 4 ranks (general map), 4 primes, P24 (rows 341..342; 30198988 + 10066330 limbs at 0, window [0, 20132658) of share [0, 20132658)): redistribute 0.059 ntt 0.377 crt 0.001 out 0.029 spills+carry 0.001 total 0.447 s
dist_mn node 1: 2^25 = 2^12 x 2^13 over 3 x 4 ranks (general map), 4 primes, P24 (rows 341..342; 30198988 + 10066330 limbs at 0, window [20132658, 40265317) of share [20132658, 40265317)): redistribute 0.063 ntt 0.378 crt 0.001 out 0.028 spills+carry 0.001 total 0.445 s
dist_mn node 2: 2^25 = 2^12 x 2^13 over 3 x 4 ranks (general map), 4 primes, P24 (rows 341..342; 30198988 + 10066330 limbs at 0, window [40265317, 40265318) of share [40265317, 60397976)): redistribute 0.063 ntt 0.386 crt 0.001 out 0.027 spills+carry 0.001 total 0.444 s
dist_mn node 0: 2^25 = 2^12 x 2^13 over 3 x 4 ranks (general map), 4 primes, P24 (rows 341..342; 30198988 + 10066330 limbs at 10066330, window [0, 10066328) of share [0, 20132658), accumulated): redistribute 0.023 ntt 0.333 crt 0.001 out 0.022 spills+carry 0.010 total 0.384 s
dist_mn node 1: 2^25 = 2^12 x 2^13 over 3 x 4 ranks (general map), 4 primes, P24 (rows 341..342; 30198988 + 10066330 limbs at 10066330, window [10066328, 30198987) of share [20132658, 40265317), accumulated): redistribute 0.023 ntt 0.334 crt 0.001 out 0.019 spills+carry 0.010 total 0.384 s
dist_mn node 2: 2^25 = 2^12 x 2^13 over 3 x 4 ranks (general map), 4 primes, P24 (rows 341..342; 30198988 + 10066330 limbs at 10066330, window [30198987, 40265318) of share [40265317, 60397976), accumulated): redistribute 0.023 ntt 0.333 crt 0.001 out 0.019 spills+carry 0.010 total 0.384 s
dist_mn node 0: 2^25 = 2^12 x 2^13 over 3 x 4 ranks (general map), 4 primes, P24 (rows 341..342; 30198988 + 10066328 limbs at 20132660, window [0, 0) of share [0, 20132658), accumulated): redistribute 0.021 ntt 0.335 crt 0.001 out 0.023 spills+carry 0.003 total 0.381 s
dist_mn node 0: 30198988 x 30198988 limbs over 3 x 4 ranks (cap 2^25 points, P24): 1 x 3 pieces, 3 formed, 0 skipped (low cut) (cache 0 slots: 2 hits, 6 misses)
dist_mn node 1: 2^25 = 2^12 x 2^13 over 3 x 4 ranks (general map), 4 primes, P24 (rows 341..342; 30198988 + 10066328 limbs at 20132660, window [0, 20132657) of share [20132658, 40265317), accumulated): redistribute 0.022 ntt 0.338 crt 0.001 out 0.021 spills+carry 0.003 total 0.381 s
dist_mn node 1: 30198988 x 30198988 limbs over 3 x 4 ranks (cap 2^25 points, P24): 1 x 3 pieces, 3 formed, 0 skipped (low cut) (cache 0 slots: 2 hits, 6 misses)
dist_mn node 2: 2^25 = 2^12 x 2^13 over 3 x 4 ranks (general map), 4 primes, P24 (rows 341..342; 30198988 + 10066328 limbs at 20132660, window [20132657, 40265316) of share [40265317, 60397976), accumulated): redistribute 0.019 ntt 0.337 crt 0.001 out 0.021 spills+carry 0.003 total 0.381 s
dist_mn node 2: 30198988 x 30198988 limbs over 3 x 4 ranks (cap 2^25 points, P24): 1 x 3 pieces, 3 formed, 0 skipped (low cut) (cache 0 slots: 2 hits, 6 misses)
dist_mn node 0: 30198988 + 30198988 limbs -> 60397976 (share 20132658): redistribute 0.102 ntt 1.045 crt 0.003 out 0.074 spills+carry 0.014, total 1.214 s
dist_mn node 1: 30198988 + 30198988 limbs -> 60397976 (share 20132659): redistribute 0.108 ntt 1.050 crt 0.003 out 0.068 spills+carry 0.013, total 1.213 s
dist_mn node 2: 30198988 + 30198988 limbs -> 60397976 (share 20132659): redistribute 0.105 ntt 1.056 crt 0.003 out 0.067 spills+carry 0.014, total 1.213 s
dist_mn node 0: 2^25 = 2^12 x 2^13 over 3 x 4 ranks (general map), 4 primes, P24 (rows 341..342; 30198988 + 10066330 limbs at 0, window [0, 20132658) of share [0, 20132658)): redistribute 0.049 ntt 0.355 crt 0.001 out 0.021 spills+carry 0.001 total 0.411 s
dist_mn node 1: 2^25 = 2^12 x 2^13 over 3 x 4 ranks (general map), 4 primes, P24 (rows 341..342; 30198988 + 10066330 limbs at 0, window [20132658, 40265316) of share [20132658, 40265316)): redistribute 0.045 ntt 0.356 crt 0.001 out 0.020 spills+carry 0.001 total 0.407 s
dist_mn node 2: 2^25 = 2^12 x 2^13 over 3 x 4 ranks (general map), 4 primes, P24 (rows 341..342; 30198988 + 10066330 limbs at 0, window [40265316, 40265318) of share [40265316, 60397975)): redistribute 0.043 ntt 0.356 crt 0.001 out 0.021 spills+carry 0.001 total 0.408 s
dist_mn node 0: 2^25 = 2^12 x 2^13 over 3 x 4 ranks (general map), 4 primes, P24 (rows 341..342; 30198988 + 10066330 limbs at 10066330, window [0, 10066328) of share [0, 20132658), accumulated): redistribute 0.021 ntt 0.304 crt 0.001 out 0.021 spills+carry 0.011 total 0.356 s
dist_mn node 1: 2^25 = 2^12 x 2^13 over 3 x 4 ranks (general map), 4 primes, P24 (rows 341..342; 30198988 + 10066330 limbs at 10066330, window [10066328, 30198986) of share [20132658, 40265316), accumulated): redistribute 0.020 ntt 0.307 crt 0.001 out 0.019 spills+carry 0.010 total 0.356 s
dist_mn node 2: 2^25 = 2^12 x 2^13 over 3 x 4 ranks (general map), 4 primes, P24 (rows 341..342; 30198988 + 10066330 limbs at 10066330, window [30198986, 40265318) of share [40265316, 60397975), accumulated): redistribute 0.021 ntt 0.303 crt 0.001 out 0.020 spills+carry 0.011 total 0.356 s
dist_mn node 0: 2^25 = 2^12 x 2^13 over 3 x 4 ranks (general map), 4 primes, P24 (rows 341..342; 30198988 + 10066328 limbs at 20132660, window [0, 0) of share [0, 20132658), accumulated): redistribute 0.021 ntt 0.332 crt 0.001 out 0.022 spills+carry 0.003 total 0.380 s
dist_mn node 0: 30198988 x 30198988 limbs over 3 x 4 ranks (cap 2^25 points, P24): 1 x 3 pieces, 3 formed, 0 skipped (low product) (low cut) (cache 0 slots: 2 hits, 6 misses)
dist_mn node 1: 2^25 = 2^12 x 2^13 over 3 x 4 ranks (general map), 4 primes, P24 (rows 341..342; 30198988 + 10066328 limbs at 20132660, window [0, 20132656) of share [20132658, 40265316), accumulated): redistribute 0.024 ntt 0.326 crt 0.001 out 0.027 spills+carry 0.003 total 0.380 s
dist_mn node 1: 30198988 x 30198988 limbs over 3 x 4 ranks (cap 2^25 points, P24): 1 x 3 pieces, 3 formed, 0 skipped (low product) (low cut) (cache 0 slots: 2 hits, 6 misses)
dist_mn node 2: 2^25 = 2^12 x 2^13 over 3 x 4 ranks (general map), 4 primes, P24 (rows 341..342; 30198988 + 10066328 limbs at 20132660, window [20132656, 40265315) of share [40265316, 60397975), accumulated): redistribute 0.023 ntt 0.327 crt 0.001 out 0.026 spills+carry 0.003 total 0.380 s
dist_mn node 2: 30198988 x 30198988 limbs over 3 x 4 ranks (cap 2^25 points, P24): 1 x 3 pieces, 3 formed, 0 skipped (low product) (low cut) (cache 0 slots: 2 hits, 6 misses)
dist_mn node 1: 30198988 + 30198988 limbs -> 60397975 (share 20132658): redistribute 0.089 ntt 0.989 crt 0.003 out 0.066 spills+carry 0.014, total 1.150 s
dist_mn node 0: 30198988 + 30198988 limbs -> 60397975 (share 20132658): redistribute 0.091 ntt 0.991 crt 0.003 out 0.064 spills+carry 0.015, total 1.150 s
dist_mn node 2: 30198988 + 30198988 limbs -> 60397975 (share 20132659): redistribute 0.088 ntt 0.986 crt 0.003 out 0.067 spills+carry 0.014, total 1.150 s
dist_mn node 0: 30198988 x 30198988 limbs over 3 x 4 ranks (cap 2^25 points, P24): 1 x 3 pieces, 0 formed, 3 skipped (low cut) (cache 0 slots: 2 hits, 6 misses)
dist_mn node 1: 30198988 x 30198988 limbs over 3 x 4 ranks (cap 2^25 points, P24): 1 x 3 pieces, 0 formed, 3 skipped (low cut) (cache 0 slots: 2 hits, 6 misses)
dist_mn node 2: 30198988 x 30198988 limbs over 3 x 4 ranks (cap 2^25 points, P24): 1 x 3 pieces, 0 formed, 3 skipped (low cut) (cache 0 slots: 2 hits, 6 misses)
dist_mn node 0: 30198988 + 30198988 limbs -> 0 (share 20132658): redistribute 0.000 ntt 0.000 crt 0.000 out 0.000 spills+carry 0.000, total 0.003 s
dist_mn node 1: 30198988 + 30198988 limbs -> 0 (share 20132659): redistribute 0.000 ntt 0.000 crt 0.000 out 0.000 spills+carry 0.000, total 0.003 s
dist_mn node 2: 30198988 + 30198988 limbs -> 0 (share 20132659): redistribute 0.000 ntt 0.000 crt 0.000 out 0.000 spills+carry 0.000, total 0.005 s
mdev 3*2^24 (40265318 limbs): repack 0.049 h2d 0.001 fwd 0.008 inv 0.005 d2h 0.027 crt 0.014 total 0.096 s
mdev 3*2^24 (40265318 limbs): repack 0.048 h2d 0.001 fwd 0.009 inv 0.004 d2h 0.060 crt 0.016 total 0.129 s
mdev 3*2^24 (40265318 limbs): repack 0.068 h2d 0.001 fwd 0.008 inv 0.004 d2h 0.049 crt 0.030 total 0.130 s
mdev 3*2^24 (40265318 limbs): repack 0.052 h2d 0.001 fwd 0.005 inv 0.003 d2h 0.035 crt 0.018 total 0.101 s
mdev 3*2^24 (40265318 limbs): repack 0.068 h2d 0.001 fwd 0.007 inv 0.003 d2h 0.035 crt 0.003 total 0.115 s
mdev 3*2^24 (40265318 limbs): repack 0.096 h2d 0.001 fwd 0.005 inv 0.006 d2h 0.026 crt 0.004 total 0.137 s
mdev 3*2^24 (40265316 limbs): repack 0.041 h2d 0.001 fwd 0.005 inv 0.004 d2h 0.031 crt 0.004 total 0.085 s
mdev 3*2^24 (40265316 limbs): repack 0.050 h2d 0.001 fwd 0.005 inv 0.003 d2h 0.039 crt 0.006 total 0.099 s
mdev 3*2^24 (40265316 limbs): repack 0.061 h2d 0.001 fwd 0.005 inv 0.003 d2h 0.049 crt 0.028 total 0.123 s
dist_mn node 0: 30198988 x 30198988 limbs over 3 x 4 ranks (cap 2^25 points, P24): 1 x 3 pieces, 0 formed, 3 skipped (low product) (low cut) (cache 0 slots: 2 hits, 6 misses)
dist_mn node 1: 30198988 x 30198988 limbs over 3 x 4 ranks (cap 2^25 points, P24): 1 x 3 pieces, 0 formed, 3 skipped (low product) (low cut) (cache 0 slots: 2 hits, 6 misses)
dist_mn node 2: 30198988 x 30198988 limbs over 3 x 4 ranks (cap 2^25 points, P24): 1 x 3 pieces, 0 formed, 3 skipped (low product) (low cut) (cache 0 slots: 2 hits, 6 misses)
dist_mn node 0: 30198988 + 30198988 limbs -> 0 (share 20132658): redistribute 0.000 ntt 0.000 crt 0.000 out 0.000 spills+carry 0.000, total 0.002 s
dist_mn node 1: 30198988 + 30198988 limbs -> 0 (share 20132658): redistribute 0.000 ntt 0.000 crt 0.000 out 0.000 spills+carry 0.000, total 0.002 s
dist_mn node 2: 30198988 + 30198988 limbs -> 0 (share 20132659): redistribute 0.000 ntt 0.000 crt 0.000 out 0.000 spills+carry 0.000, total 0.002 s
mdev 3*2^24 (40265318 limbs): repack 0.051 h2d 0.001 fwd 0.005 inv 0.003 d2h 0.046 crt 0.024 total 0.115 s
mdev 3*2^24 (40265318 limbs): repack 0.073 h2d 0.001 fwd 0.009 inv 0.004 d2h 0.041 crt 0.046 total 0.130 s
mdev 3*2^24 (40265318 limbs): repack 0.084 h2d 0.001 fwd 0.009 inv 0.005 d2h 0.043 crt 0.031 total 0.137 s
mdev 3*2^24 (40265318 limbs): repack 0.069 h2d 0.001 fwd 0.005 inv 0.004 d2h 0.040 crt 0.038 total 0.123 s
mdev 3*2^24 (40265318 limbs): repack 0.056 h2d 0.001 fwd 0.011 inv 0.007 d2h 0.023 crt 0.011 total 0.101 s
mdev 3*2^24 (40265318 limbs): repack 0.052 h2d 0.001 fwd 0.011 inv 0.007 d2h 0.021 crt 0.016 total 0.096 s
mdev 3*2^24 (40265316 limbs): repack 0.048 h2d 0.001 fwd 0.005 inv 0.003 d2h 0.036 crt 0.003 total 0.096 s
mdev 3*2^24 (40265316 limbs): repack 0.058 h2d 0.001 fwd 0.009 inv 0.006 d2h 0.027 crt 0.007 total 0.101 s
mdev 3*2^24 (40265316 limbs): repack 0.052 h2d 0.001 fwd 0.011 inv 0.005 d2h 0.039 crt 0.030 total 0.108 s
dist_mn node 0: 2^25 = 2^12 x 2^13 over 3 x 4 ranks (general map), 4 primes, P24 (rows 341..342; 30198988 + 10066330 limbs at 0, window [0, 20132658) of share [0, 20132658)): redistribute 0.057 ntt 0.375 crt 0.001 out 0.022 spills+carry 0.001 total 0.436 s
dist_mn node 1: 2^25 = 2^12 x 2^13 over 3 x 4 ranks (general map), 4 primes, P24 (rows 341..342; 30198988 + 10066330 limbs at 0, window [20132658, 40265317) of share [20132658, 40265317)): redistribute 0.057 ntt 0.376 crt 0.001 out 0.020 spills+carry 0.001 total 0.434 s
dist_mn node 2: 2^25 = 2^12 x 2^13 over 3 x 4 ranks (general map), 4 primes, P24 (rows 341..342; 30198988 + 10066330 limbs at 0, window [40265317, 40265318) of share [40265317, 60397976)): redistribute 0.047 ntt 0.383 crt 0.001 out 0.019 spills+carry 0.001 total 0.433 s
dist_mn node 0: 2^25 = 2^12 x 2^13 over 3 x 4 ranks (general map), 4 primes, P24 (rows 341..342; 30198988 + 10066330 limbs at 10066330, window [0, 10066328) of share [0, 20132658), accumulated): redistribute 0.022 ntt 0.318 crt 0.001 out 0.019 spills+carry 0.010 total 0.370 s
dist_mn node 1: 2^25 = 2^12 x 2^13 over 3 x 4 ranks (general map), 4 primes, P24 (rows 341..342; 30198988 + 10066330 limbs at 10066330, window [10066328, 30198987) of share [20132658, 40265317), accumulated): redistribute 0.020 ntt 0.316 crt 0.001 out 0.022 spills+carry 0.010 total 0.370 s
dist_mn node 2: 2^25 = 2^12 x 2^13 over 3 x 4 ranks (general map), 4 primes, P24 (rows 341..342; 30198988 + 10066330 limbs at 10066330, window [30198987, 40265318) of share [40265317, 60397976), accumulated): redistribute 0.023 ntt 0.317 crt 0.001 out 0.018 spills+carry 0.010 total 0.370 s
dist_mn node 0: 2^25 = 2^12 x 2^13 over 3 x 4 ranks (general map), 4 primes, P24 (rows 341..342; 30198988 + 10066328 limbs at 20132660, window [0, 0) of share [0, 20132658), accumulated): redistribute 0.023 ntt 0.319 crt 0.001 out 0.020 spills+carry 0.003 total 0.367 s
dist_mn node 0: 30198988 x 30198988 limbs over 3 x 4 ranks (cap 2^25 points, P24): 1 x 3 pieces, 3 formed, 0 skipped (cache 0 slots: 2 hits, 6 misses)
dist_mn node 1: 2^25 = 2^12 x 2^13 over 3 x 4 ranks (general map), 4 primes, P24 (rows 341..342; 30198988 + 10066328 limbs at 20132660, window [0, 20132657) of share [20132658, 40265317), accumulated): redistribute 0.021 ntt 0.321 crt 0.001 out 0.022 spills+carry 0.003 total 0.367 s
dist_mn node 1: 30198988 x 30198988 limbs over 3 x 4 ranks (cap 2^25 points, P24): 1 x 3 pieces, 3 formed, 0 skipped (cache 0 slots: 2 hits, 6 misses)
dist_mn node 2: 2^25 = 2^12 x 2^13 over 3 x 4 ranks (general map), 4 primes, P24 (rows 341..342; 30198988 + 10066328 limbs at 20132660, window [20132657, 40265316) of share [40265317, 60397976), accumulated): redistribute 0.023 ntt 0.318 crt 0.001 out 0.022 spills+carry 0.002 total 0.367 s
dist_mn node 2: 30198988 x 30198988 limbs over 3 x 4 ranks (cap 2^25 points, P24): 1 x 3 pieces, 3 formed, 0 skipped (cache 0 slots: 2 hits, 6 misses)
dist_mn node 0: 30198988 + 30198988 limbs -> 60397976 (share 20132658): redistribute 0.102 ntt 1.012 crt 0.003 out 0.061 spills+carry 0.014, total 1.219 s
dist_mn node 2: 30198988 + 30198988 limbs -> 60397976 (share 20132659): redistribute 0.093 ntt 1.018 crt 0.003 out 0.060 spills+carry 0.014, total 1.238 s
dist_mn node 1: 30198988 + 30198988 limbs -> 60397976 (share 20132659): redistribute 0.098 ntt 1.013 crt 0.003 out 0.064 spills+carry 0.014, total 1.175 s
dist_mn node 0: 2^25 = 2^12 x 2^13 over 3 x 4 ranks (general map), 4 primes, P24 (rows 341..342; 30198988 + 10066330 limbs at 0, window [0, 20132658) of share [0, 20132658)): redistribute 0.071 ntt 0.346 crt 0.001 out 0.023 spills+carry 0.001 total 0.415 s
dist_mn node 1: 2^25 = 2^12 x 2^13 over 3 x 4 ranks (general map), 4 primes, P24 (rows 341..342; 30198988 + 10066330 limbs at 0, window [20132658, 40265316) of share [20132658, 40265316)): redistribute 0.077 ntt 0.347 crt 0.001 out 0.026 spills+carry 0.001 total 0.416 s
dist_mn node 2: 2^25 = 2^12 x 2^13 over 3 x 4 ranks (general map), 4 primes, P24 (rows 341..342; 30198988 + 10066330 limbs at 0, window [40265316, 40265318) of share [40265316, 60397975)): redistribute 0.076 ntt 0.356 crt 0.001 out 0.021 spills+carry 0.001 total 0.416 s
dist_mn node 0: 2^25 = 2^12 x 2^13 over 3 x 4 ranks (general map), 4 primes, P24 (rows 341..342; 30198988 + 10066330 limbs at 10066330, window [0, 10066328) of share [0, 20132658), accumulated): redistribute 0.021 ntt 0.322 crt 0.001 out 0.016 spills+carry 0.010 total 0.367 s
dist_mn node 1: 2^25 = 2^12 x 2^13 over 3 x 4 ranks (general map), 4 primes, P24 (rows 341..342; 30198988 + 10066330 limbs at 10066330, window [10066328, 30198986) of share [20132658, 40265316), accumulated): redistribute 0.020 ntt 0.320 crt 0.001 out 0.018 spills+carry 0.010 total 0.367 s
dist_mn node 2: 2^25 = 2^12 x 2^13 over 3 x 4 ranks (general map), 4 primes, P24 (rows 341..342; 30198988 + 10066330 limbs at 10066330, window [30198986, 40265318) of share [40265316, 60397975), accumulated): redistribute 0.022 ntt 0.321 crt 0.001 out 0.014 spills+carry 0.009 total 0.367 s
dist_mn node 0: 2^25 = 2^12 x 2^13 over 3 x 4 ranks (general map), 4 primes, P24 (rows 341..342; 30198988 + 10066328 limbs at 20132660, window [0, 0) of share [0, 20132658), accumulated): redistribute 0.021 ntt 0.330 crt 0.001 out 0.020 spills+carry 0.003 total 0.375 s
dist_mn node 0: 30198988 x 30198988 limbs over 3 x 4 ranks (cap 2^25 points, P24): 1 x 3 pieces, 3 formed, 0 skipped (low product) (cache 0 slots: 2 hits, 6 misses)
dist_mn node 1: 2^25 = 2^12 x 2^13 over 3 x 4 ranks (general map), 4 primes, P24 (rows 341..342; 30198988 + 10066328 limbs at 20132660, window [0, 20132656) of share [20132658, 40265316), accumulated): redistribute 0.018 ntt 0.333 crt 0.001 out 0.020 spills+carry 0.003 total 0.375 s
dist_mn node 1: 30198988 x 30198988 limbs over 3 x 4 ranks (cap 2^25 points, P24): 1 x 3 pieces, 3 formed, 0 skipped (low product) (cache 0 slots: 2 hits, 6 misses)
dist_mn node 2: 2^25 = 2^12 x 2^13 over 3 x 4 ranks (general map), 4 primes, P24 (rows 341..342; 30198988 + 10066328 limbs at 20132660, window [20132656, 40265315) of share [40265316, 60397975), accumulated): redistribute 0.020 ntt 0.327 crt 0.001 out 0.025 spills+carry 0.003 total 0.375 s
dist_mn node 2: 30198988 x 30198988 limbs over 3 x 4 ranks (cap 2^25 points, P24): 1 x 3 pieces, 3 formed, 0 skipped (low product) (cache 0 slots: 2 hits, 6 misses)
dist_mn node 0: 30198988 + 30198988 limbs -> 60397975 (share 20132658): redistribute 0.113 ntt 0.998 crt 0.003 out 0.058 spills+carry 0.014, total 1.161 s
dist_mn node 1: 30198988 + 30198988 limbs -> 60397975 (share 20132658): redistribute 0.115 ntt 0.999 crt 0.004 out 0.063 spills+carry 0.013, total 1.161 s
dist_mn node 2: 30198988 + 30198988 limbs -> 60397975 (share 20132659): redistribute 0.119 ntt 1.004 crt 0.003 out 0.060 spills+carry 0.013, total 1.161 s
dist_mn node 0: 2^25 = 2^12 x 2^13 over 3 x 4 ranks (general map), 4 primes, P24 (rows 341..342; 15099494 + 15099491 limbs at 0, window [0, 15099491) of share [0, 15099491)): redistribute 0.035 ntt 0.387 crt 0.001 out 0.022 spills+carry 0.001 total 0.435 s
dist_mn node 1: 2^25 = 2^12 x 2^13 over 3 x 4 ranks (general map), 4 primes, P24 (rows 341..342; 15099494 + 15099491 limbs at 0, window [15099491, 30198983) of share [15099491, 30198983)): redistribute 0.036 ntt 0.391 crt 0.001 out 0.023 spills+carry 0.001 total 0.435 s
dist_mn node 2: 2^25 = 2^12 x 2^13 over 3 x 4 ranks (general map), 4 primes, P24 (rows 341..342; 15099494 + 15099491 limbs at 0, window [30198983, 30198985) of share [30198983, 45298475)): redistribute 0.041 ntt 0.392 crt 0.001 out 0.022 spills+carry 0.001 total 0.435 s
dist_mn node 0: 2^25 = 2^12 x 2^13 over 3 x 4 ranks (general map), 4 primes, P24 (rows 341..342; 15099494 + 15099490 limbs at 15099491, window [0, 0) of share [0, 15099491), accumulated): redistribute 0.024 ntt 0.328 crt 0.001 out 0.015 spills+carry 0.002 total 0.361 s
dist_mn node 0: 15099494 x 30198981 limbs over 3 x 4 ranks (cap 2^25 points, P24): 1 x 2 pieces, 2 formed, 0 skipped (cache 0 slots: 0 hits, 0 misses)
dist_mn node 1: 2^25 = 2^12 x 2^13 over 3 x 4 ranks (general map), 4 primes, P24 (rows 341..342; 15099494 + 15099490 limbs at 15099491, window [0, 15099492) of share [15099491, 30198983), accumulated): redistribute 0.020 ntt 0.324 crt 0.001 out 0.015 spills+carry 0.002 total 0.361 s
dist_mn node 1: 15099494 x 30198981 limbs over 3 x 4 ranks (cap 2^25 points, P24): 1 x 2 pieces, 2 formed, 0 skipped (cache 0 slots: 0 hits, 0 misses)
dist_mn node 2: 2^25 = 2^12 x 2^13 over 3 x 4 ranks (general map), 4 primes, P24 (rows 341..342; 15099494 + 15099490 limbs at 15099491, window [15099492, 30198984) of share [30198983, 45298475), accumulated): redistribute 0.024 ntt 0.325 crt 0.001 out 0.019 spills+carry 0.002 total 0.361 s
dist_mn node 2: 15099494 x 30198981 limbs over 3 x 4 ranks (cap 2^25 points, P24): 1 x 2 pieces, 2 formed, 0 skipped (cache 0 slots: 0 hits, 0 misses)
dist_mn node 0: 15099494 + 30198981 limbs -> 45298475 (share 15099491): redistribute 0.059 ntt 0.715 crt 0.002 out 0.038 spills+carry 0.003, total 0.798 s
dist_mn node 2: 15099494 + 30198981 limbs -> 45298475 (share 15099492): redistribute 0.065 ntt 0.717 crt 0.002 out 0.041 spills+carry 0.003, total 0.798 s
dist_mn node 1: 15099494 + 30198981 limbs -> 45298475 (share 15099492): redistribute 0.056 ntt 0.715 crt 0.002 out 0.038 spills+carry 0.002, total 0.798 s
mdev 3*2^24 (45298475 limbs): repack 0.053 h2d 0.001 fwd 0.015 inv 0.008 d2h 0.040 crt 0.022 total 0.122 s
mdev 3*2^24 (45298475 limbs): repack 0.068 h2d 0.001 fwd 0.014 inv 0.009 d2h 0.035 crt 0.025 total 0.125 s
mdev 3*2^24 (45298475 limbs): repack 0.061 h2d 0.001 fwd 0.016 inv 0.007 d2h 0.032 crt 0.035 total 0.126 s
dist_mn node 0: 2^25 = 2^12 x 2^13 over 3 x 4 ranks (general map), 4 primes, P24 (rows 341..342; 15099494 + 15099491 limbs at 0, window [0, 5033165) of share [0, 5033165)): redistribute 0.035 ntt 0.395 crt 0.002 out 0.008 spills+carry 0.001 total 0.436 s
dist_mn node 1: 2^25 = 2^12 x 2^13 over 3 x 4 ranks (general map), 4 primes, P24 (rows 341..342; 15099494 + 15099491 limbs at 0, window [5033165, 10066331) of share [5033165, 10066331)): redistribute 0.035 ntt 0.391 crt 0.002 out 0.012 spills+carry 0.001 total 0.436 s
dist_mn node 2: 2^25 = 2^12 x 2^13 over 3 x 4 ranks (general map), 4 primes, P24 (rows 341..342; 15099494 + 15099491 limbs at 0, window [10066331, 15099497) of share [10066331, 15099497)): redistribute 0.033 ntt 0.394 crt 0.002 out 0.012 spills+carry 0.000 total 0.435 s
dist_mn node 0: 2^25 = 2^12 x 2^13 over 3 x 4 ranks (general map), 4 primes, P24 (rows 341..342; 15099494 + 15099490 limbs at 15099491, window [0, 0) of share [0, 5033165), accumulated): redistribute 0.023 ntt 0.319 crt 0.001 out 0.004 spills+carry 0.001 total 0.347 s
dist_mn node 0: 15099494 x 30198981 limbs over 3 x 4 ranks (cap 2^25 points, P24): 1 x 2 pieces, 2 formed, 0 skipped (low product) (cache 0 slots: 0 hits, 0 misses)
dist_mn node 1: 2^25 = 2^12 x 2^13 over 3 x 4 ranks (general map), 4 primes, P24 (rows 341..342; 15099494 + 15099490 limbs at 15099491, window [0, 0) of share [5033165, 10066331), accumulated): redistribute 0.029 ntt 0.321 crt 0.001 out 0.002 spills+carry 0.001 total 0.347 s
dist_mn node 1: 15099494 x 30198981 limbs over 3 x 4 ranks (cap 2^25 points, P24): 1 x 2 pieces, 2 formed, 0 skipped (low product) (cache 0 slots: 0 hits, 0 misses)
dist_mn node 2: 2^25 = 2^12 x 2^13 over 3 x 4 ranks (general map), 4 primes, P24 (rows 341..342; 15099494 + 15099490 limbs at 15099491, window [0, 6) of share [10066331, 15099497), accumulated): redistribute 0.023 ntt 0.322 crt 0.001 out 0.003 spills+carry 0.001 total 0.347 s
dist_mn node 2: 15099494 x 30198981 limbs over 3 x 4 ranks (cap 2^25 points, P24): 1 x 2 pieces, 2 formed, 0 skipped (low product) (cache 0 slots: 0 hits, 0 misses)
dist_mn node 0: 15099494 + 30198981 limbs -> 15099497 (share 5033165): redistribute 0.058 ntt 0.714 crt 0.003 out 0.012 spills+carry 0.001, total 0.811 s
dist_mn node 1: 15099494 + 30198981 limbs -> 15099497 (share 5033166): redistribute 0.064 ntt 0.712 crt 0.003 out 0.014 spills+carry 0.001, total 0.811 s
dist_mn node 2: 15099494 + 30198981 limbs -> 15099497 (share 5033166): redistribute 0.056 ntt 0.716 crt 0.003 out 0.016 spills+carry 0.001, total 0.785 s
dist_mn node 0: 2^25 = 2^12 x 2^13 over 3 x 4 ranks (general map), 4 primes, P24 (rows 341..342; 30198988 + 10066330 limbs at 0, window [0, 20132659) of share [0, 20132659)): redistribute 0.070 ntt 0.412 crt 0.001 out 0.029 spills+carry 0.001 total 0.482 s
dist_mn node 1: 2^25 = 2^12 x 2^13 over 3 x 4 ranks (general map), 4 primes, P24 (rows 341..342; 30198988 + 10066330 limbs at 0, window [20132659, 40265318) of share [20132659, 40265318)): redistribute 0.061 ntt 0.415 crt 0.001 out 0.029 spills+carry 0.001 total 0.481 s
dist_mn node 2: 2^25 = 2^12 x 2^13 over 3 x 4 ranks (general map), 4 primes, P24 (rows 341..342; 30198988 + 10066330 limbs at 0, window [40265318, 40265318) of share [40265318, 60397977)): redistribute 0.061 ntt 0.414 crt 0.001 out 0.028 spills+carry 0.001 total 0.481 s
dist_mn node 0: 2^25 = 2^12 x 2^13 over 3 x 4 ranks (general map), 4 primes, P24 (rows 341..342; 30198988 + 10066330 limbs at 10066330, window [0, 10066329) of share [0, 20132659), accumulated): redistribute 0.021 ntt 0.346 crt 0.002 out 0.026 spills+carry 0.011 total 0.402 s
dist_mn node 1: 2^25 = 2^12 x 2^13 over 3 x 4 ranks (general map), 4 primes, P24 (rows 341..342; 30198988 + 10066330 limbs at 10066330, window [10066329, 30198988) of share [20132659, 40265318), accumulated): redistribute 0.022 ntt 0.346 crt 0.002 out 0.023 spills+carry 0.010 total 0.402 s
dist_mn node 2: 2^25 = 2^12 x 2^13 over 3 x 4 ranks (general map), 4 primes, P24 (rows 341..342; 30198988 + 10066330 limbs at 10066330, window [30198988, 40265318) of share [40265318, 60397977), accumulated): redistribute 0.022 ntt 0.343 crt 0.002 out 0.027 spills+carry 0.011 total 0.402 s
dist_mn node 0: 2^25 = 2^12 x 2^13 over 3 x 4 ranks (general map), 4 primes, P24 (rows 341..342; 30198988 + 10066328 limbs at 20132660, window [0, 0) of share [0, 20132659), accumulated): redistribute 0.025 ntt 0.345 crt 0.001 out 0.020 spills+carry 0.003 total 0.389 s
dist_mn node 1: 2^25 = 2^12 x 2^13 over 3 x 4 ranks (general map), 4 primes, P24 (rows 341..342; 30198988 + 10066328 limbs at 20132660, window [0, 20132658) of share [20132659, 40265318), accumulated): redistribute 0.020 ntt 0.349 crt 0.001 out 0.017 spills+carry 0.003 total 0.389 s
dist_mn node 2: 2^25 = 2^12 x 2^13 over 3 x 4 ranks (general map), 4 primes, P24 (rows 341..342; 30198988 + 10066328 limbs at 20132660, window [20132658, 40265316) of share [40265318, 60397977), accumulated): redistribute 0.025 ntt 0.346 crt 0.001 out 0.019 spills+carry 0.003 total 0.389 s
mdb_add_shifted node 0: 30198985 limbs at 0 into a basis of 60397977 (my window [0, 20132659), 1 rounds of 5033168; slabs 0 + 5033164 limbs per APU 0): 0.045 s
dist_mn node 0: 30198988 x 30198988 limbs over 3 x 4 ranks (cap 2^25 points, P24): 1 x 3 pieces, 3 formed, 0 skipped (cache 0 slots: 0 hits, 0 misses)
mdb_add_shifted node 1: 30198985 limbs at 0 into a basis of 60397977 (my window [20132659, 30198985), 1 rounds of 5033168; slabs 5033164 + 2516581 limbs per APU 0): 0.045 s
dist_mn node 1: 30198988 x 30198988 limbs over 3 x 4 ranks (cap 2^25 points, P24): 1 x 3 pieces, 3 formed, 0 skipped (cache 0 slots: 0 hits, 0 misses)
mdb_add_shifted node 2: 30198985 limbs at 0 into a basis of 60397977 (my window [40265318, 40265318), 1 rounds of 5033168; slabs 2516581 + 0 limbs per APU 0): 0.045 s
dist_mn node 2: 30198988 x 30198988 limbs over 3 x 4 ranks (cap 2^25 points, P24): 1 x 3 pieces, 3 formed, 0 skipped (cache 0 slots: 0 hits, 0 misses)
dist_mn node 0: 30198988 + 30198988 + x limbs -> 60397976 (share 20132659): redistribute 0.116 ntt 1.103 crt 0.004 out 0.074 spills+carry 0.015, total 1.324 s
dist_mn node 1: 30198988 + 30198988 + x limbs -> 60397976 (share 20132659): redistribute 0.102 ntt 1.109 crt 0.004 out 0.069 spills+carry 0.014, total 1.322 s
dist_mn node 2: 30198988 + 30198988 + x limbs -> 60397976 (share 20132659): redistribute 0.107 ntt 1.103 crt 0.004 out 0.074 spills+carry 0.015, total 1.329 s
mdb_add_shifted node 1: 30198985 limbs at 0 into a basis of 60397977 (my window [20132659, 30198985), 1 rounds of 5033168; slabs 5033164 + 2516581 limbs per APU 0): 0.106 s
mdb_add_shifted node 2: 30198985 limbs at 0 into a basis of 60397977 (my window [40265318, 40265318), 1 rounds of 5033168; slabs 2516581 + 0 limbs per APU 0): 0.087 s
mdb_add_shifted node 0: 30198985 limbs at 0 into a basis of 60397977 (my window [0, 20132659), 1 rounds of 5033168; slabs 0 + 5033164 limbs per APU 0): 0.105 s
mdb_add_shifted node 1: 30198985 limbs at 7 into a basis of 60397977 (my window [20132659, 30198992), 1 rounds of 5033168; slabs 5033163 + 2516583 limbs per APU 0): 0.147 s
mdb_add_shifted node 0: 30198985 limbs at 7 into a basis of 60397977 (my window [7, 20132659), 1 rounds of 5033168; slabs 0 + 5033163 limbs per APU 0): 0.099 s
mdb_add_shifted node 2: 30198985 limbs at 7 into a basis of 60397977 (my window [40265318, 40265318), 1 rounds of 5033168; slabs 2516583 + 0 limbs per APU 0): 0.058 s
dbig pool: APU0 hipMalloc 0.05 GB inside the phase (free 0.40 GB in 26 extents, largest 0.05; live 0.14 GB in 16 blocks)
dbig pool: APU2 hipMalloc 0.05 GB inside the phase (free 0.48 GB in 29 extents, largest 0.05; live 0.11 GB in 22 blocks)
dbig pool: APU1 hipMalloc 0.05 GB inside the phase (free 0.40 GB in 27 extents, largest 0.05; live 0.14 GB in 19 blocks)
mdb_add_shifted node 0: 30198985 limbs at 15099494 into a basis of 60397977 (my window [15099494, 20132659), 1 rounds of 5033168; slabs 0 + 1258291 limbs per APU 0): 0.144 s
mdb_add_shifted node 1: 30198985 limbs at 15099494 into a basis of 60397977 (my window [20132659, 40265318), 1 rounds of 5033168; slabs 6291455 + 5033164 limbs per APU 0): 0.148 s
mdb_add_shifted node 2: 30198985 limbs at 15099494 into a basis of 60397977 (my window [40265318, 45298479), 1 rounds of 5033168; slabs 1258290 + 1258290 limbs per APU 0): 0.149 s
dbig pool: APU0 hipMalloc 0.06 GB inside the phase (free 0.47 GB in 27 extents, largest 0.05; live 0.12 GB in 16 blocks)
mdb_add_shifted node 1: 30198985 limbs at 30198988 into a basis of 60397977 (my window [30198988, 40265318), 1 rounds of 5033168; slabs 7549745 + 2516582 limbs per APU 0): 0.136 s
mdb_add_shifted node 0: 30198985 limbs at 30198988 into a basis of 60397977 (my window [30198988, 30198988), 1 rounds of 5033168; slabs 0 + 0 limbs per APU 0): 0.100 s
mdb_add_shifted node 2: 30198985 limbs at 30198988 into a basis of 60397977 (my window [40265318, 60397973), 1 rounds of 5033168; slabs 0 + 5033163 limbs per APU 0): 0.028 s
dist_mn node 0: 2^25 = 2^12 x 2^13 over 3 x 4 ranks (general map), 4 primes, P24 (rows 341..342; 30198988 + 10066330 limbs at 0, window [0, 20132658) of share [0, 20132658)): redistribute 0.058 ntt 0.375 crt 0.001 out 0.023 spills+carry 0.002 total 0.433 s
dist_mn node 1: 2^25 = 2^12 x 2^13 over 3 x 4 ranks (general map), 4 primes, P24 (rows 341..342; 30198988 + 10066330 limbs at 0, window [20132658, 40265317) of share [20132658, 40265317)): redistribute 0.060 ntt 0.358 crt 0.001 out 0.026 spills+carry 0.002 total 0.432 s
dist_mn node 2: 2^25 = 2^12 x 2^13 over 3 x 4 ranks (general map), 4 primes, P24 (rows 341..342; 30198988 + 10066330 limbs at 0, window [40265317, 40265318) of share [40265317, 60397976)): redistribute 0.061 ntt 0.365 crt 0.001 out 0.026 spills+carry 0.002 total 0.433 s
dist_mn node 0: 2^25 = 2^12 x 2^13 over 3 x 4 ranks (general map), 4 primes, P24 (rows 341..342; 30198988 + 10066330 limbs at 10066330, window [0, 10066328) of share [0, 20132658), accumulated): redistribute 0.022 ntt 0.342 crt 0.001 out 0.027 spills+carry 0.014 total 0.406 s
dist_mn node 1: 2^25 = 2^12 x 2^13 over 3 x 4 ranks (general map), 4 primes, P24 (rows 341..342; 30198988 + 10066330 limbs at 10066330, window [10066328, 30198987) of share [20132658, 40265317), accumulated): redistribute 0.019 ntt 0.345 crt 0.001 out 0.027 spills+carry 0.013 total 0.406 s
dist_mn node 2: 2^25 = 2^12 x 2^13 over 3 x 4 ranks (general map), 4 primes, P24 (rows 341..342; 30198988 + 10066330 limbs at 10066330, window [30198987, 40265318) of share [40265317, 60397976), accumulated): redistribute 0.024 ntt 0.345 crt 0.001 out 0.023 spills+carry 0.014 total 0.406 s
dist_mn node 0: 2^25 = 2^12 x 2^13 over 3 x 4 ranks (general map), 4 primes, P24 (rows 341..342; 30198988 + 10066328 limbs at 20132660, window [0, 0) of share [0, 20132658), accumulated): redistribute 0.021 ntt 0.319 crt 0.001 out 0.022 spills+carry 0.006 total 0.370 s
dist_mn node 0: 30198988 x 30198988 limbs over 3 x 4 ranks (cap 2^25 points, P24): 1 x 3 pieces, 3 formed, 0 skipped (cache 0 slots: 0 hits, 0 misses)
dist_mn node 1: 2^25 = 2^12 x 2^13 over 3 x 4 ranks (general map), 4 primes, P24 (rows 341..342; 30198988 + 10066328 limbs at 20132660, window [0, 20132657) of share [20132658, 40265317), accumulated): redistribute 0.020 ntt 0.322 crt 0.001 out 0.022 spills+carry 0.006 total 0.370 s
dist_mn node 1: 30198988 x 30198988 limbs over 3 x 4 ranks (cap 2^25 points, P24): 1 x 3 pieces, 3 formed, 0 skipped (cache 0 slots: 0 hits, 0 misses)
dist_mn node 2: 2^25 = 2^12 x 2^13 over 3 x 4 ranks (general map), 4 primes, P24 (rows 341..342; 30198988 + 10066328 limbs at 20132660, window [20132657, 40265316) of share [40265317, 60397976), accumulated): redistribute 0.021 ntt 0.320 crt 0.001 out 0.022 spills+carry 0.006 total 0.370 s
dist_mn node 2: 30198988 x 30198988 limbs over 3 x 4 ranks (cap 2^25 points, P24): 1 x 3 pieces, 3 formed, 0 skipped (cache 0 slots: 0 hits, 0 misses)
dist_mn node 0: 30198988 + 30198988 limbs -> 60397976 (share 20132658): redistribute 0.101 ntt 1.036 crt 0.003 out 0.072 spills+carry 0.022, total 1.212 s
dist_mn node 1: 30198988 + 30198988 limbs -> 60397976 (share 20132659): redistribute 0.099 ntt 1.025 crt 0.003 out 0.074 spills+carry 0.021, total 1.211 s
dist_mn node 2: 30198988 + 30198988 limbs -> 60397976 (share 20132659): redistribute 0.105 ntt 1.030 crt 0.003 out 0.071 spills+carry 0.021, total 1.346 s
mdev 2^26 (60397976 limbs): repack 0.078 h2d 0.001 fwd 0.019 inv 0.008 d2h 0.064 crt 0.071 total 0.179 s
mdev 2^26 (60397976 limbs): repack 0.078 h2d 0.002 fwd 0.018 inv 0.008 d2h 0.062 crt 0.078 total 0.183 s
mdev 2^26 (60397976 limbs): repack 0.081 h2d 0.001 fwd 0.016 inv 0.012 d2h 0.071 crt 0.072 total 0.187 s
dist_mn node 0: 2^25 = 2^12 x 2^13 over 3 x 4 ranks (general map), 4 primes, P24 (rows 341..342; 30198988 + 10066330 limbs at 0, window [0, 20132659) of share [0, 20132659)): redistribute 0.051 ntt 0.392 crt 0.001 out 0.023 spills+carry 0.002 total 0.464 s
dist_mn node 1: 2^25 = 2^12 x 2^13 over 3 x 4 ranks (general map), 4 primes, P24 (rows 341..342; 30198988 + 10066330 limbs at 0, window [20132659, 40265318) of share [20132659, 40265318)): redistribute 0.052 ntt 0.392 crt 0.001 out 0.026 spills+carry 0.002 total 0.464 s
dist_mn node 2: 2^25 = 2^12 x 2^13 over 3 x 4 ranks (general map), 4 primes, P24 (rows 341..342; 30198988 + 10066330 limbs at 0, window [40265318, 40265318) of share [40265318, 60397977)): redistribute 0.049 ntt 0.388 crt 0.001 out 0.026 spills+carry 0.002 total 0.464 s
dist_mn node 0: 2^25 = 2^12 x 2^13 over 3 x 4 ranks (general map), 4 primes, P24 (rows 341..342; 30198988 + 10066330 limbs at 10066330, window [0, 10066329) of share [0, 20132659), accumulated): redistribute 0.020 ntt 0.335 crt 0.001 out 0.018 spills+carry 0.013 total 0.387 s
dist_mn node 1: 2^25 = 2^12 x 2^13 over 3 x 4 ranks (general map), 4 primes, P24 (rows 341..342; 30198988 + 10066330 limbs at 10066330, window [10066329, 30198988) of share [20132659, 40265318), accumulated): redistribute 0.020 ntt 0.334 crt 0.001 out 0.020 spills+carry 0.013 total 0.387 s
dist_mn node 2: 2^25 = 2^12 x 2^13 over 3 x 4 ranks (general map), 4 primes, P24 (rows 341..342; 30198988 + 10066330 limbs at 10066330, window [30198988, 40265318) of share [40265318, 60397977), accumulated): redistribute 0.022 ntt 0.335 crt 0.001 out 0.016 spills+carry 0.013 total 0.387 s
dist_mn node 0: 2^25 = 2^12 x 2^13 over 3 x 4 ranks (general map), 4 primes, P24 (rows 341..342; 30198988 + 10066328 limbs at 20132660, window [0, 0) of share [0, 20132659), accumulated): redistribute 0.020 ntt 0.340 crt 0.001 out 0.026 spills+carry 0.006 total 0.392 s
dist_mn node 1: 2^25 = 2^12 x 2^13 over 3 x 4 ranks (general map), 4 primes, P24 (rows 341..342; 30198988 + 10066328 limbs at 20132660, window [0, 20132658) of share [20132659, 40265318), accumulated): redistribute 0.020 ntt 0.341 crt 0.001 out 0.024 spills+carry 0.006 total 0.392 s
dist_mn node 2: 2^25 = 2^12 x 2^13 over 3 x 4 ranks (general map), 4 primes, P24 (rows 341..342; 30198988 + 10066328 limbs at 20132660, window [20132658, 40265316) of share [40265318, 60397977), accumulated): redistribute 0.020 ntt 0.344 crt 0.001 out 0.021 spills+carry 0.006 total 0.392 s
mdb_add_shifted node 0: 30198985 limbs at 0 into a basis of 60397977 (my window [0, 20132659), 1 rounds of 5033168; slabs 0 + 5033164 limbs per APU 0): 0.051 s
dist_mn node 0: 30198988 x 30198988 limbs over 3 x 4 ranks (cap 2^25 points, P24): 1 x 3 pieces, 3 formed, 0 skipped (cache 0 slots: 0 hits, 0 misses)
mdb_add_shifted node 1: 30198985 limbs at 0 into a basis of 60397977 (my window [20132659, 30198985), 1 rounds of 5033168; slabs 5033164 + 2516581 limbs per APU 0): 0.051 s
dist_mn node 1: 30198988 x 30198988 limbs over 3 x 4 ranks (cap 2^25 points, P24): 1 x 3 pieces, 3 formed, 0 skipped (cache 0 slots: 0 hits, 0 misses)
mdb_add_shifted node 2: 30198985 limbs at 0 into a basis of 60397977 (my window [40265318, 40265318), 1 rounds of 5033168; slabs 2516581 + 0 limbs per APU 0): 0.051 s
dist_mn node 2: 30198988 x 30198988 limbs over 3 x 4 ranks (cap 2^25 points, P24): 1 x 3 pieces, 3 formed, 0 skipped (cache 0 slots: 0 hits, 0 misses)
dist_mn node 0: 30198988 + 30198988 + x limbs -> 60397976 (share 20132659): redistribute 0.091 ntt 1.068 crt 0.004 out 0.067 spills+carry 0.021, total 1.328 s
dist_mn node 1: 30198988 + 30198988 + x limbs -> 60397976 (share 20132659): redistribute 0.091 ntt 1.066 crt 0.004 out 0.070 spills+carry 0.021, total 1.296 s
dist_mn node 2: 30198988 + 30198988 + x limbs -> 60397976 (share 20132659): redistribute 0.091 ntt 1.068 crt 0.003 out 0.063 spills+carry 0.021, total 1.337 s
dist_mn node 0: 2^25 = 2^12 x 2^13 over 3 x 4 ranks (general map), 4 primes, P24 (rows 341..342; 30198988 + 10066330 limbs at 0, window [0, 10066330) of share [0, 10066330)): redistribute 0.048 ntt 0.379 crt 0.001 out 0.015 spills+carry 0.002 total 0.432 s
dist_mn node 1: 2^25 = 2^12 x 2^13 over 3 x 4 ranks (general map), 4 primes, P24 (rows 341..342; 30198988 + 10066330 limbs at 0, window [10066330, 20132660) of share [10066330, 20132660)): redistribute 0.048 ntt 0.381 crt 0.001 out 0.016 spills+carry 0.002 total 0.432 s
dist_mn node 2: 2^25 = 2^12 x 2^13 over 3 x 4 ranks (general map), 4 primes, P24 (rows 341..342; 30198988 + 10066330 limbs at 0, window [20132660, 30198990) of share [20132660, 30198990)): redistribute 0.050 ntt 0.380 crt 0.001 out 0.015 spills+carry 0.002 total 0.432 s
dist_mn node 0: 2^25 = 2^12 x 2^13 over 3 x 4 ranks (general map), 4 primes, P24 (rows 341..342; 30198988 + 10066330 limbs at 10066330, window [0, 0) of share [0, 10066330), accumulated): redistribute 0.019 ntt 0.345 crt 0.001 out 0.014 spills+carry 0.004 total 0.384 s
dist_mn node 1: 2^25 = 2^12 x 2^13 over 3 x 4 ranks (general map), 4 primes, P24 (rows 341..342; 30198988 + 10066330 limbs at 10066330, window [0, 10066330) of share [10066330, 20132660), accumulated): redistribute 0.019 ntt 0.347 crt 0.001 out 0.013 spills+carry 0.004 total 0.384 s
dist_mn node 2: 2^25 = 2^12 x 2^13 over 3 x 4 ranks (general map), 4 primes, P24 (rows 341..342; 30198988 + 10066330 limbs at 10066330, window [10066330, 20132660) of share [20132660, 30198990), accumulated): redistribute 0.019 ntt 0.346 crt 0.001 out 0.016 spills+carry 0.004 total 0.384 s
dist_mn node 0: 2^25 = 2^12 x 2^13 over 3 x 4 ranks (general map), 4 primes, P24 (rows 341..342; 30198988 + 10066328 limbs at 20132660, window [0, 0) of share [0, 10066330), accumulated): redistribute 0.024 ntt 0.319 crt 0.001 out 0.009 spills+carry 0.003 total 0.356 s
dist_mn node 0: 30198988 x 30198988 limbs over 3 x 4 ranks (cap 2^25 points, P24): 1 x 3 pieces, 3 formed, 0 skipped (low product) (cache 0 slots: 0 hits, 0 misses)
dist_mn node 1: 2^25 = 2^12 x 2^13 over 3 x 4 ranks (general map), 4 primes, P24 (rows 341..342; 30198988 + 10066328 limbs at 20132660, window [0, 0) of share [10066330, 20132660), accumulated): redistribute 0.022 ntt 0.321 crt 0.001 out 0.009 spills+carry 0.003 total 0.356 s
dist_mn node 1: 30198988 x 30198988 limbs over 3 x 4 ranks (cap 2^25 points, P24): 1 x 3 pieces, 3 formed, 0 skipped (low product) (cache 0 slots: 0 hits, 0 misses)
dist_mn node 2: 2^25 = 2^12 x 2^13 over 3 x 4 ranks (general map), 4 primes, P24 (rows 341..342; 30198988 + 10066328 limbs at 20132660, window [0, 10066330) of share [20132660, 30198990), accumulated): redistribute 0.024 ntt 0.318 crt 0.001 out 0.010 spills+carry 0.003 total 0.356 s
dist_mn node 2: 30198988 x 30198988 limbs over 3 x 4 ranks (cap 2^25 points, P24): 1 x 3 pieces, 3 formed, 0 skipped (low product) (cache 0 slots: 0 hits, 0 misses)
dist_mn node 0: 30198988 + 30198988 limbs -> 30198990 (share 10066330): redistribute 0.092 ntt 1.043 crt 0.003 out 0.038 spills+carry 0.010, total 1.173 s
dist_mn node 1: 30198988 + 30198988 limbs -> 30198990 (share 10066330): redistribute 0.088 ntt 1.049 crt 0.003 out 0.038 spills+carry 0.009, total 1.173 s
dist_mn node 2: 30198988 + 30198988 limbs -> 30198990 (share 10066330): redistribute 0.093 ntt 1.044 crt 0.002 out 0.040 spills+carry 0.009, total 1.173 s
dist_mn node 0: 2^25 = 2^12 x 2^13 over 3 x 4 ranks (general map), 4 primes, P24 (rows 341..342; 15099495 + 15099495 limbs at 0, window [0, 5033165) of share [0, 5033165)): redistribute 0.044 ntt 0.387 crt 0.001 out 0.010 spills+carry 0.003 total 0.432 s
dist_mn node 0: 15099495 x 15099495 limbs over 3 x 4 ranks (cap 2^25 points, P24): 1 x 1 pieces, 1 formed, 0 skipped (low product) (cache 0 slots: 0 hits, 0 misses)
dist_mn node 1: 2^25 = 2^12 x 2^13 over 3 x 4 ranks (general map), 4 primes, P24 (rows 341..342; 15099495 + 15099495 limbs at 0, window [5033165, 10066330) of share [5033165, 10066330)): redistribute 0.048 ntt 0.381 crt 0.001 out 0.009 spills+carry 0.003 total 0.434 s
dist_mn node 1: 15099495 x 15099495 limbs over 3 x 4 ranks (cap 2^25 points, P24): 1 x 1 pieces, 1 formed, 0 skipped (low product) (cache 0 slots: 0 hits, 0 misses)
dist_mn node 2: 2^25 = 2^12 x 2^13 over 3 x 4 ranks (general map), 4 primes, P24 (rows 341..342; 15099495 + 15099495 limbs at 0, window [10066330, 15099495) of share [10066330, 15099495)): redistribute 0.036 ntt 0.378 crt 0.001 out 0.011 spills+carry 0.003 total 0.429 s
dist_mn node 2: 15099495 x 15099495 limbs over 3 x 4 ranks (cap 2^25 points, P24): 1 x 1 pieces, 1 formed, 0 skipped (low product) (cache 0 slots: 0 hits, 0 misses)
dist_mn node 0: 15099495 + 15099495 limbs -> 1 (share 5033165): redistribute 0.044 ntt 0.387 crt 0.001 out 0.010 spills+carry 0.003, total 0.432 s
dist_mn node 1: 15099495 + 15099495 limbs -> 1 (share 5033165): redistribute 0.048 ntt 0.381 crt 0.001 out 0.009 spills+carry 0.003, total 0.435 s
dist_mn node 2: 15099495 + 15099495 limbs -> 1 (share 5033165): redistribute 0.036 ntt 0.378 crt 0.001 out 0.011 spills+carry 0.003, total 0.434 s
dist_mn node 0: 2^25 = 2^12 x 2^13 over 3 x 4 ranks (general map), 4 primes, P24 (rows 341..342; 30198988 + 10066330 limbs at 0, window [0, 20132658) of share [0, 20132658)): redistribute 0.040 ntt 0.407 crt 0.001 out 0.028 spills+carry 0.002 total 0.464 s
dist_mn node 1: 2^25 = 2^12 x 2^13 over 3 x 4 ranks (general map), 4 primes, P24 (rows 341..342; 30198988 + 10066330 limbs at 0, window [20132658, 40265316) of share [20132658, 40265316)): redistribute 0.039 ntt 0.407 crt 0.001 out 0.027 spills+carry 0.002 total 0.464 s
dist_mn node 2: 2^25 = 2^12 x 2^13 over 3 x 4 ranks (general map), 4 primes, P24 (rows 341..342; 30198988 + 10066330 limbs at 0, window [40265316, 40265318) of share [40265316, 60397975)): redistribute 0.036 ntt 0.403 crt 0.001 out 0.029 spills+carry 0.002 total 0.464 s
dist_mn node 0: 2^25 = 2^12 x 2^13 over 3 x 4 ranks (general map), 4 primes, P24 (rows 341..342; 30198988 + 10066330 limbs at 10066330, window [0, 10066328) of share [0, 20132658), accumulated): redistribute 0.020 ntt 0.332 crt 0.001 out 0.015 spills+carry 0.014 total 0.380 s
dist_mn node 1: 2^25 = 2^12 x 2^13 over 3 x 4 ranks (general map), 4 primes, P24 (rows 341..342; 30198988 + 10066330 limbs at 10066330, window [10066328, 30198986) of share [20132658, 40265316), accumulated): redistribute 0.020 ntt 0.328 crt 0.001 out 0.018 spills+carry 0.013 total 0.380 s
dist_mn node 2: 2^25 = 2^12 x 2^13 over 3 x 4 ranks (general map), 4 primes, P24 (rows 341..342; 30198988 + 10066330 limbs at 10066330, window [30198986, 40265318) of share [40265316, 60397975), accumulated): redistribute 0.020 ntt 0.327 crt 0.001 out 0.019 spills+carry 0.013 total 0.380 s
dist_mn node 0: 2^25 = 2^12 x 2^13 over 3 x 4 ranks (general map), 4 primes, P24 (rows 341..342; 30198988 + 10066328 limbs at 20132660, window [0, 0) of share [0, 20132658), accumulated): redistribute 0.021 ntt 0.327 crt 0.001 out 0.022 spills+carry 0.006 total 0.377 s
dist_mn node 0: 30198988 x 30198988 limbs over 3 x 4 ranks (cap 2^25 points, P24): 1 x 3 pieces, 3 formed, 0 skipped (low product) (cache 0 slots: 0 hits, 0 misses)
dist_mn node 1: 2^25 = 2^12 x 2^13 over 3 x 4 ranks (general map), 4 primes, P24 (rows 341..342; 30198988 + 10066328 limbs at 20132660, window [0, 20132656) of share [20132658, 40265316), accumulated): redistribute 0.021 ntt 0.327 crt 0.001 out 0.023 spills+carry 0.005 total 0.377 s
dist_mn node 1: 30198988 x 30198988 limbs over 3 x 4 ranks (cap 2^25 points, P24): 1 x 3 pieces, 3 formed, 0 skipped (low product) (cache 0 slots: 0 hits, 0 misses)
dist_mn node 2: 2^25 = 2^12 x 2^13 over 3 x 4 ranks (general map), 4 primes, P24 (rows 341..342; 30198988 + 10066328 limbs at 20132660, window [20132656, 40265315) of share [40265316, 60397975), accumulated): redistribute 0.021 ntt 0.332 crt 0.001 out 0.018 spills+carry 0.005 total 0.377 s
dist_mn node 2: 30198988 x 30198988 limbs over 3 x 4 ranks (cap 2^25 points, P24): 1 x 3 pieces, 3 formed, 0 skipped (low product) (cache 0 slots: 0 hits, 0 misses)
dist_mn node 1: 30198988 + 30198988 limbs -> 60397975 (share 20132658): redistribute 0.080 ntt 1.062 crt 0.002 out 0.068 spills+carry 0.021, total 1.223 s
dist_mn node 0: 30198988 + 30198988 limbs -> 60397975 (share 20132658): redistribute 0.081 ntt 1.067 crt 0.002 out 0.065 spills+carry 0.021, total 1.223 s
dist_mn node 2: 30198988 + 30198988 limbs -> 60397975 (share 20132659): redistribute 0.077 ntt 1.062 crt 0.002 out 0.066 spills+carry 0.021, total 1.223 s
dist_mn node 0: 2^25 = 2^12 x 2^13 over 3 x 4 ranks (general map), 4 primes, P24 (rows 341..342; 30198988 + 10066330 limbs at 0, window [0, 20132658) of share [0, 20132658)): redistribute 0.085 ntt 0.380 crt 0.001 out 0.030 spills+carry 0.003 total 0.455 s
dist_mn node 1: 2^25 = 2^12 x 2^13 over 3 x 4 ranks (general map), 4 primes, P24 (rows 341..342; 30198988 + 10066330 limbs at 0, window [20132658, 40265317) of share [20132658, 40265317)): redistribute 0.083 ntt 0.370 crt 0.001 out 0.029 spills+carry 0.002 total 0.453 s
dist_mn node 2: 2^25 = 2^12 x 2^13 over 3 x 4 ranks (general map), 4 primes, P24 (rows 341..342; 30198988 + 10066330 limbs at 0, window [40265317, 40265318) of share [40265317, 60397976)): redistribute 0.056 ntt 0.370 crt 0.001 out 0.029 spills+carry 0.003 total 0.453 s
dist_mn node 0: 2^25 = 2^12 x 2^13 over 3 x 4 ranks (general map), 4 primes, P24 (rows 341..342; 30198988 + 10066330 limbs at 10066330, window [0, 10066328) of share [0, 20132658), accumulated): redistribute 0.023 ntt 0.315 crt 0.002 out 0.018 spills+carry 0.013 total 0.366 s
dist_mn node 1: 2^25 = 2^12 x 2^13 over 3 x 4 ranks (general map), 4 primes, P24 (rows 341..342; 30198988 + 10066330 limbs at 10066330, window [10066328, 30198987) of share [20132658, 40265317), accumulated): redistribute 0.022 ntt 0.317 crt 0.002 out 0.017 spills+carry 0.013 total 0.366 s
dist_mn node 2: 2^25 = 2^12 x 2^13 over 3 x 4 ranks (general map), 4 primes, P24 (rows 341..342; 30198988 + 10066330 limbs at 10066330, window [30198987, 40265318) of share [40265317, 60397976), accumulated): redistribute 0.023 ntt 0.314 crt 0.002 out 0.017 spills+carry 0.013 total 0.366 s
dist_mn node 0: 2^25 = 2^12 x 2^13 over 3 x 4 ranks (general map), 4 primes, P24 (rows 341..342; 30198988 + 10066328 limbs at 20132660, window [0, 0) of share [0, 20132658), accumulated): redistribute 0.021 ntt 0.329 crt 0.001 out 0.017 spills+carry 0.006 total 0.373 s
dist_mn node 0: 30198988 x 30198988 limbs over 3 x 4 ranks (cap 2^25 points, P24): 1 x 3 pieces, 3 formed, 0 skipped (low cut) (cache 0 slots: 0 hits, 0 misses)
dist_mn node 1: 2^25 = 2^12 x 2^13 over 3 x 4 ranks (general map), 4 primes, P24 (rows 341..342; 30198988 + 10066328 limbs at 20132660, window [0, 20132657) of share [20132658, 40265317), accumulated): redistribute 0.020 ntt 0.326 crt 0.001 out 0.020 spills+carry 0.005 total 0.373 s
dist_mn node 1: 30198988 x 30198988 limbs over 3 x 4 ranks (cap 2^25 points, P24): 1 x 3 pieces, 3 formed, 0 skipped (low cut) (cache 0 slots: 0 hits, 0 misses)
dist_mn node 2: 2^25 = 2^12 x 2^13 over 3 x 4 ranks (general map), 4 primes, P24 (rows 341..342; 30198988 + 10066328 limbs at 20132660, window [20132657, 40265316) of share [40265317, 60397976), accumulated): redistribute 0.021 ntt 0.327 crt 0.001 out 0.019 spills+carry 0.005 total 0.373 s
dist_mn node 2: 30198988 x 30198988 limbs over 3 x 4 ranks (cap 2^25 points, P24): 1 x 3 pieces, 3 formed, 0 skipped (low cut) (cache 0 slots: 0 hits, 0 misses)
dist_mn node 0: 30198988 + 30198988 limbs -> 60397976 (share 20132658): redistribute 0.129 ntt 1.024 crt 0.004 out 0.066 spills+carry 0.021, total 1.196 s
dist_mn node 1: 30198988 + 30198988 limbs -> 60397976 (share 20132659): redistribute 0.126 ntt 1.013 crt 0.004 out 0.067 spills+carry 0.021, total 1.195 s
dist_mn node 2: 30198988 + 30198988 limbs -> 60397976 (share 20132659): redistribute 0.100 ntt 1.010 crt 0.004 out 0.064 spills+carry 0.021, total 1.195 s
dist_mn node 0: 2^25 = 2^12 x 2^13 over 3 x 4 ranks (general map), 4 primes, P24 (rows 341..342; 30198988 + 10066330 limbs at 0, window [0, 20132658) of share [0, 20132658)): redistribute 0.044 ntt 0.355 crt 0.001 out 0.022 spills+carry 0.002 total 0.423 s
dist_mn node 1: 2^25 = 2^12 x 2^13 over 3 x 4 ranks (general map), 4 primes, P24 (rows 341..342; 30198988 + 10066330 limbs at 0, window [20132658, 40265316) of share [20132658, 40265316)): redistribute 0.044 ntt 0.356 crt 0.001 out 0.022 spills+carry 0.002 total 0.422 s
dist_mn node 2: 2^25 = 2^12 x 2^13 over 3 x 4 ranks (general map), 4 primes, P24 (rows 341..342; 30198988 + 10066330 limbs at 0, window [40265316, 40265318) of share [40265316, 60397975)): redistribute 0.042 ntt 0.358 crt 0.001 out 0.019 spills+carry 0.002 total 0.422 s
dist_mn node 0: 2^25 = 2^12 x 2^13 over 3 x 4 ranks (general map), 4 primes, P24 (rows 341..342; 30198988 + 10066330 limbs at 10066330, window [0, 10066328) of share [0, 20132658), accumulated): redistribute 0.020 ntt 0.330 crt 0.001 out 0.017 spills+carry 0.013 total 0.381 s
dist_mn node 1: 2^25 = 2^12 x 2^13 over 3 x 4 ranks (general map), 4 primes, P24 (rows 341..342; 30198988 + 10066330 limbs at 10066330, window [10066328, 30198986) of share [20132658, 40265316), accumulated): redistribute 0.020 ntt 0.333 crt 0.001 out 0.015 spills+carry 0.013 total 0.381 s
dist_mn node 2: 2^25 = 2^12 x 2^13 over 3 x 4 ranks (general map), 4 primes, P24 (rows 341..342; 30198988 + 10066330 limbs at 10066330, window [30198986, 40265318) of share [40265316, 60397975), accumulated): redistribute 0.021 ntt 0.331 crt 0.001 out 0.017 spills+carry 0.013 total 0.381 s
dist_mn node 0: 2^25 = 2^12 x 2^13 over 3 x 4 ranks (general map), 4 primes, P24 (rows 341..342; 30198988 + 10066328 limbs at 20132660, window [0, 0) of share [0, 20132658), accumulated): redistribute 0.022 ntt 0.328 crt 0.001 out 0.025 spills+carry 0.006 total 0.381 s
dist_mn node 0: 30198988 x 30198988 limbs over 3 x 4 ranks (cap 2^25 points, P24): 1 x 3 pieces, 3 formed, 0 skipped (low product) (low cut) (cache 0 slots: 0 hits, 0 misses)
dist_mn node 1: 2^25 = 2^12 x 2^13 over 3 x 4 ranks (general map), 4 primes, P24 (rows 341..342; 30198988 + 10066328 limbs at 20132660, window [0, 20132656) of share [20132658, 40265316), accumulated): redistribute 0.026 ntt 0.324 crt 0.001 out 0.028 spills+carry 0.006 total 0.381 s
dist_mn node 1: 30198988 x 30198988 limbs over 3 x 4 ranks (cap 2^25 points, P24): 1 x 3 pieces, 3 formed, 0 skipped (low product) (low cut) (cache 0 slots: 0 hits, 0 misses)
dist_mn node 2: 2^25 = 2^12 x 2^13 over 3 x 4 ranks (general map), 4 primes, P24 (rows 341..342; 30198988 + 10066328 limbs at 20132660, window [20132656, 40265315) of share [40265316, 60397975), accumulated): redistribute 0.020 ntt 0.329 crt 0.001 out 0.025 spills+carry 0.006 total 0.381 s
dist_mn node 2: 30198988 x 30198988 limbs over 3 x 4 ranks (cap 2^25 points, P24): 1 x 3 pieces, 3 formed, 0 skipped (low product) (low cut) (cache 0 slots: 0 hits, 0 misses)
dist_mn node 1: 30198988 + 30198988 limbs -> 60397975 (share 20132658): redistribute 0.090 ntt 1.013 crt 0.003 out 0.064 spills+carry 0.020, total 1.188 s
dist_mn node 0: 30198988 + 30198988 limbs -> 60397975 (share 20132658): redistribute 0.086 ntt 1.013 crt 0.003 out 0.064 spills+carry 0.021, total 1.188 s
dist_mn node 2: 30198988 + 30198988 limbs -> 60397975 (share 20132659): redistribute 0.083 ntt 1.017 crt 0.003 out 0.061 spills+carry 0.021, total 1.188 s
dist_mn node 0: 2^25 = 2^12 x 2^13 over 3 x 4 ranks (general map), 4 primes, P24 (rows 341..342; 30198988 + 10066330 limbs at 0, window [0, 20132658) of share [0, 20132658)): redistribute 0.054 ntt 0.354 crt 0.001 out 0.027 spills+carry 0.002 total 0.426 s
dist_mn node 1: 2^25 = 2^12 x 2^13 over 3 x 4 ranks (general map), 4 primes, P24 (rows 341..342; 30198988 + 10066330 limbs at 0, window [20132658, 40265317) of share [20132658, 40265317)): redistribute 0.052 ntt 0.355 crt 0.001 out 0.028 spills+carry 0.002 total 0.424 s
dist_mn node 2: 2^25 = 2^12 x 2^13 over 3 x 4 ranks (general map), 4 primes, P24 (rows 341..342; 30198988 + 10066330 limbs at 0, window [40265317, 40265318) of share [40265317, 60397976)): redistribute 0.034 ntt 0.362 crt 0.001 out 0.025 spills+carry 0.002 total 0.424 s
dist_mn node 0: 2^25 = 2^12 x 2^13 over 3 x 4 ranks (general map), 4 primes, P24 (rows 341..342; 30198988 + 10066330 limbs at 10066330, window [0, 10066328) of share [0, 20132658), accumulated): redistribute 0.022 ntt 0.345 crt 0.001 out 0.016 spills+carry 0.013 total 0.397 s
dist_mn node 1: 2^25 = 2^12 x 2^13 over 3 x 4 ranks (general map), 4 primes, P24 (rows 341..342; 30198988 + 10066330 limbs at 10066330, window [10066328, 30198987) of share [20132658, 40265317), accumulated): redistribute 0.021 ntt 0.345 crt 0.001 out 0.017 spills+carry 0.013 total 0.397 s
dist_mn node 2: 2^25 = 2^12 x 2^13 over 3 x 4 ranks (general map), 4 primes, P24 (rows 341..342; 30198988 + 10066330 limbs at 10066330, window [30198987, 40265318) of share [40265317, 60397976), accumulated): redistribute 0.024 ntt 0.341 crt 0.001 out 0.019 spills+carry 0.013 total 0.397 s
dist_mn node 0: 2^25 = 2^12 x 2^13 over 3 x 4 ranks (general map), 4 primes, P24 (rows 341..342; 30198988 + 10066328 limbs at 20132660, window [0, 0) of share [0, 20132658), accumulated): redistribute 0.024 ntt 0.329 crt 0.001 out 0.023 spills+carry 0.006 total 0.376 s
dist_mn node 0: 30198988 x 30198988 limbs over 3 x 4 ranks (cap 2^25 points, P24): 1 x 3 pieces, 3 formed, 0 skipped (low cut) (cache 0 slots: 0 hits, 0 misses)
dist_mn node 1: 2^25 = 2^12 x 2^13 over 3 x 4 ranks (general map), 4 primes, P24 (rows 341..342; 30198988 + 10066328 limbs at 20132660, window [0, 20132657) of share [20132658, 40265317), accumulated): redistribute 0.024 ntt 0.328 crt 0.001 out 0.025 spills+carry 0.006 total 0.376 s
dist_mn node 1: 30198988 x 30198988 limbs over 3 x 4 ranks (cap 2^25 points, P24): 1 x 3 pieces, 3 formed, 0 skipped (low cut) (cache 0 slots: 0 hits, 0 misses)
dist_mn node 2: 2^25 = 2^12 x 2^13 over 3 x 4 ranks (general map), 4 primes, P24 (rows 341..342; 30198988 + 10066328 limbs at 20132660, window [20132657, 40265316) of share [40265317, 60397976), accumulated): redistribute 0.024 ntt 0.331 crt 0.001 out 0.021 spills+carry 0.006 total 0.376 s
dist_mn node 2: 30198988 x 30198988 limbs over 3 x 4 ranks (cap 2^25 points, P24): 1 x 3 pieces, 3 formed, 0 skipped (low cut) (cache 0 slots: 0 hits, 0 misses)
dist_mn node 1: 30198988 + 30198988 limbs -> 60397976 (share 20132659): redistribute 0.098 ntt 1.028 crt 0.003 out 0.069 spills+carry 0.020, total 1.200 s
dist_mn node 0: 30198988 + 30198988 limbs -> 60397976 (share 20132658): redistribute 0.100 ntt 1.027 crt 0.003 out 0.067 spills+carry 0.021, total 1.201 s
dist_mn node 2: 30198988 + 30198988 limbs -> 60397976 (share 20132659): redistribute 0.082 ntt 1.034 crt 0.003 out 0.065 spills+carry 0.021, total 1.201 s
dist_mn node 0: 2^25 = 2^12 x 2^13 over 3 x 4 ranks (general map), 4 primes, P24 (rows 341..342; 30198988 + 10066330 limbs at 0, window [0, 20132658) of share [0, 20132658)): redistribute 0.056 ntt 0.337 crt 0.001 out 0.026 spills+carry 0.002 total 0.402 s
dist_mn node 1: 2^25 = 2^12 x 2^13 over 3 x 4 ranks (general map), 4 primes, P24 (rows 341..342; 30198988 + 10066330 limbs at 0, window [20132658, 40265316) of share [20132658, 40265316)): redistribute 0.056 ntt 0.339 crt 0.001 out 0.027 spills+carry 0.002 total 0.402 s
dist_mn node 2: 2^25 = 2^12 x 2^13 over 3 x 4 ranks (general map), 4 primes, P24 (rows 341..342; 30198988 + 10066330 limbs at 0, window [40265316, 40265318) of share [40265316, 60397975)): redistribute 0.043 ntt 0.345 crt 0.001 out 0.026 spills+carry 0.002 total 0.402 s
dist_mn node 0: 2^25 = 2^12 x 2^13 over 3 x 4 ranks (general map), 4 primes, P24 (rows 341..342; 30198988 + 10066330 limbs at 10066330, window [0, 10066328) of share [0, 20132658), accumulated): redistribute 0.021 ntt 0.352 crt 0.001 out 0.019 spills+carry 0.015 total 0.408 s
dist_mn node 1: 2^25 = 2^12 x 2^13 over 3 x 4 ranks (general map), 4 primes, P24 (rows 341..342; 30198988 + 10066330 limbs at 10066330, window [10066328, 30198986) of share [20132658, 40265316), accumulated): redistribute 0.027 ntt 0.349 crt 0.001 out 0.022 spills+carry 0.015 total 0.408 s
dist_mn node 2: 2^25 = 2^12 x 2^13 over 3 x 4 ranks (general map), 4 primes, P24 (rows 341..342; 30198988 + 10066330 limbs at 10066330, window [30198986, 40265318) of share [40265316, 60397975), accumulated): redistribute 0.022 ntt 0.356 crt 0.001 out 0.017 spills+carry 0.015 total 0.408 s
dist_mn node 0: 2^25 = 2^12 x 2^13 over 3 x 4 ranks (general map), 4 primes, P24 (rows 341..342; 30198988 + 10066328 limbs at 20132660, window [0, 0) of share [0, 20132658), accumulated): redistribute 0.021 ntt 0.322 crt 0.001 out 0.017 spills+carry 0.006 total 0.366 s
dist_mn node 0: 30198988 x 30198988 limbs over 3 x 4 ranks (cap 2^25 points, P24): 1 x 3 pieces, 3 formed, 0 skipped (low product) (low cut) (cache 0 slots: 0 hits, 0 misses)
dist_mn node 2: 2^25 = 2^12 x 2^13 over 3 x 4 ranks (general map), 4 primes, P24 (rows 341..342; 30198988 + 10066328 limbs at 20132660, window [20132656, 40265315) of share [40265316, 60397975), accumulated): redistribute 0.021 ntt 0.319 crt 0.001 out 0.020 spills+carry 0.006 total 0.366 s
dist_mn node 2: 30198988 x 30198988 limbs over 3 x 4 ranks (cap 2^25 points, P24): 1 x 3 pieces, 3 formed, 0 skipped (low product) (low cut) (cache 0 slots: 0 hits, 0 misses)
dist_mn node 1: 2^25 = 2^12 x 2^13 over 3 x 4 ranks (general map), 4 primes, P24 (rows 341..342; 30198988 + 10066328 limbs at 20132660, window [0, 20132656) of share [20132658, 40265316), accumulated): redistribute 0.024 ntt 0.327 crt 0.001 out 0.016 spills+carry 0.005 total 0.366 s
dist_mn node 1: 30198988 x 30198988 limbs over 3 x 4 ranks (cap 2^25 points, P24): 1 x 3 pieces, 3 formed, 0 skipped (low product) (low cut) (cache 0 slots: 0 hits, 0 misses)
dist_mn node 0: 30198988 + 30198988 limbs -> 60397975 (share 20132658): redistribute 0.099 ntt 1.011 crt 0.002 out 0.063 spills+carry 0.023, total 1.179 s
dist_mn node 1: 30198988 + 30198988 limbs -> 60397975 (share 20132658): redistribute 0.107 ntt 1.015 crt 0.003 out 0.064 spills+carry 0.022, total 1.179 s
dist_mn node 2: 30198988 + 30198988 limbs -> 60397975 (share 20132659): redistribute 0.085 ntt 1.020 crt 0.002 out 0.062 spills+carry 0.023, total 1.179 s
dist_mn node 0: 30198988 x 30198988 limbs over 3 x 4 ranks (cap 2^25 points, P24): 1 x 3 pieces, 0 formed, 3 skipped (low cut) (cache 0 slots: 0 hits, 0 misses)
dist_mn node 1: 30198988 x 30198988 limbs over 3 x 4 ranks (cap 2^25 points, P24): 1 x 3 pieces, 0 formed, 3 skipped (low cut) (cache 0 slots: 0 hits, 0 misses)
dist_mn node 2: 30198988 x 30198988 limbs over 3 x 4 ranks (cap 2^25 points, P24): 1 x 3 pieces, 0 formed, 3 skipped (low cut) (cache 0 slots: 0 hits, 0 misses)
dist_mn node 0: 30198988 + 30198988 limbs -> 0 (share 20132658): redistribute 0.000 ntt 0.000 crt 0.000 out 0.000 spills+carry 0.000, total 0.001 s
dist_mn node 1: 30198988 + 30198988 limbs -> 0 (share 20132659): redistribute 0.000 ntt 0.000 crt 0.000 out 0.000 spills+carry 0.000, total 0.001 s
dist_mn node 2: 30198988 + 30198988 limbs -> 0 (share 20132659): redistribute 0.000 ntt 0.000 crt 0.000 out 0.000 spills+carry 0.000, total 0.003 s
mdev 3*2^24 (40265318 limbs): repack 0.043 h2d 0.001 fwd 0.011 inv 0.006 d2h 0.033 crt 0.013 total 0.090 s
mdev 3*2^24 (40265318 limbs): repack 0.038 h2d 0.001 fwd 0.010 inv 0.007 d2h 0.034 crt 0.031 total 0.096 s
mdev 3*2^24 (40265318 limbs): repack 0.060 h2d 0.003 fwd 0.005 inv 0.003 d2h 0.029 crt 0.015 total 0.103 s
mdev 3*2^24 (40265318 limbs): repack 0.058 h2d 0.001 fwd 0.008 inv 0.006 d2h 0.039 crt 0.028 total 0.109 s
mdev 3*2^24 (40265318 limbs): repack 0.058 h2d 0.001 fwd 0.011 inv 0.004 d2h 0.048 crt 0.034 total 0.119 s
mdev 3*2^24 (40265318 limbs): repack 0.061 h2d 0.001 fwd 0.005 inv 0.003 d2h 0.054 crt 0.024 total 0.129 s
mdev 3*2^24 (40265316 limbs): repack 0.049 h2d 0.001 fwd 0.005 inv 0.003 d2h 0.048 crt 0.028 total 0.110 s
mdev 3*2^24 (40265316 limbs): repack 0.044 h2d 0.001 fwd 0.006 inv 0.003 d2h 0.034 crt 0.029 total 0.091 s
mdev 3*2^24 (40265316 limbs): repack 0.043 h2d 0.001 fwd 0.005 inv 0.003 d2h 0.028 crt 0.013 total 0.084 s
dist_mn node 0: 30198988 x 30198988 limbs over 3 x 4 ranks (cap 2^25 points, P24): 1 x 3 pieces, 0 formed, 3 skipped (low product) (low cut) (cache 0 slots: 0 hits, 0 misses)
dist_mn node 1: 30198988 x 30198988 limbs over 3 x 4 ranks (cap 2^25 points, P24): 1 x 3 pieces, 0 formed, 3 skipped (low product) (low cut) (cache 0 slots: 0 hits, 0 misses)
dist_mn node 2: 30198988 x 30198988 limbs over 3 x 4 ranks (cap 2^25 points, P24): 1 x 3 pieces, 0 formed, 3 skipped (low product) (low cut) (cache 0 slots: 0 hits, 0 misses)
dist_mn node 0: 30198988 + 30198988 limbs -> 0 (share 20132658): redistribute 0.000 ntt 0.000 crt 0.000 out 0.000 spills+carry 0.000, total 0.002 s
dist_mn node 2: 30198988 + 30198988 limbs -> 0 (share 20132659): redistribute 0.000 ntt 0.000 crt 0.000 out 0.000 spills+carry 0.000, total 0.004 s
dist_mn node 1: 30198988 + 30198988 limbs -> 0 (share 20132658): redistribute 0.000 ntt 0.000 crt 0.000 out 0.000 spills+carry 0.000, total 0.007 s
mdev 3*2^24 (40265318 limbs): repack 0.055 h2d 0.001 fwd 0.013 inv 0.006 d2h 0.032 crt 0.014 total 0.114 s
mdev 3*2^24 (40265318 limbs): repack 0.047 h2d 0.001 fwd 0.014 inv 0.006 d2h 0.032 crt 0.018 total 0.108 s
mdev 3*2^24 (40265318 limbs): repack 0.062 h2d 0.001 fwd 0.011 inv 0.007 d2h 0.058 crt 0.037 total 0.151 s
mdev 3*2^24 (40265318 limbs): repack 0.050 h2d 0.001 fwd 0.005 inv 0.005 d2h 0.041 crt 0.013 total 0.105 s
mdev 3*2^24 (40265318 limbs): repack 0.055 h2d 0.001 fwd 0.008 inv 0.005 d2h 0.044 crt 0.019 total 0.117 s
mdev 3*2^24 (40265318 limbs): repack 0.067 h2d 0.001 fwd 0.010 inv 0.005 d2h 0.060 crt 0.042 total 0.147 s
mdev 3*2^24 (40265316 limbs): repack 0.065 h2d 0.001 fwd 0.010 inv 0.005 d2h 0.041 crt 0.015 total 0.125 s
mdev 3*2^24 (40265316 limbs): repack 0.041 h2d 0.002 fwd 0.007 inv 0.005 d2h 0.051 crt 0.027 total 0.106 s
mdev 3*2^24 (40265316 limbs): repack 0.055 h2d 0.001 fwd 0.010 inv 0.005 d2h 0.046 crt 0.013 total 0.119 s
dist_mn node 0: 2^25 = 2^12 x 2^13 over 3 x 4 ranks (general map), 4 primes, P24 (rows 341..342; 30198988 + 10066330 limbs at 0, window [0, 20132658) of share [0, 20132658)): redistribute 0.049 ntt 0.397 crt 0.001 out 0.022 spills+carry 0.002 total 0.450 s
dist_mn node 1: 2^25 = 2^12 x 2^13 over 3 x 4 ranks (general map), 4 primes, P24 (rows 341..342; 30198988 + 10066330 limbs at 0, window [20132658, 40265317) of share [20132658, 40265317)): redistribute 0.047 ntt 0.397 crt 0.001 out 0.021 spills+carry 0.002 total 0.450 s
dist_mn node 2: 2^25 = 2^12 x 2^13 over 3 x 4 ranks (general map), 4 primes, P24 (rows 341..342; 30198988 + 10066330 limbs at 0, window [40265317, 40265318) of share [40265317, 60397976)): redistribute 0.050 ntt 0.401 crt 0.001 out 0.018 spills+carry 0.002 total 0.449 s
dist_mn node 0: 2^25 = 2^12 x 2^13 over 3 x 4 ranks (general map), 4 primes, P24 (rows 341..342; 30198988 + 10066330 limbs at 10066330, window [0, 10066328) of share [0, 20132658), accumulated): redistribute 0.020 ntt 0.326 crt 0.001 out 0.020 spills+carry 0.013 total 0.380 s
dist_mn node 1: 2^25 = 2^12 x 2^13 over 3 x 4 ranks (general map), 4 primes, P24 (rows 341..342; 30198988 + 10066330 limbs at 10066330, window [10066328, 30198987) of share [20132658, 40265317), accumulated): redistribute 0.023 ntt 0.324 crt 0.001 out 0.020 spills+carry 0.013 total 0.380 s
dist_mn node 2: 2^25 = 2^12 x 2^13 over 3 x 4 ranks (general map), 4 primes, P24 (rows 341..342; 30198988 + 10066330 limbs at 10066330, window [30198987, 40265318) of share [40265317, 60397976), accumulated): redistribute 0.021 ntt 0.324 crt 0.001 out 0.021 spills+carry 0.013 total 0.380 s
dist_mn node 0: 2^25 = 2^12 x 2^13 over 3 x 4 ranks (general map), 4 primes, P24 (rows 341..342; 30198988 + 10066328 limbs at 20132660, window [0, 0) of share [0, 20132658), accumulated): redistribute 0.020 ntt 0.323 crt 0.001 out 0.017 spills+carry 0.005 total 0.364 s
dist_mn node 0: 30198988 x 30198988 limbs over 3 x 4 ranks (cap 2^25 points, P24): 1 x 3 pieces, 3 formed, 0 skipped (cache 0 slots: 0 hits, 0 misses)
dist_mn node 1: 2^25 = 2^12 x 2^13 over 3 x 4 ranks (general map), 4 primes, P24 (rows 341..342; 30198988 + 10066328 limbs at 20132660, window [0, 20132657) of share [20132658, 40265317), accumulated): redistribute 0.018 ntt 0.321 crt 0.001 out 0.019 spills+carry 0.005 total 0.364 s
dist_mn node 1: 30198988 x 30198988 limbs over 3 x 4 ranks (cap 2^25 points, P24): 1 x 3 pieces, 3 formed, 0 skipped (cache 0 slots: 0 hits, 0 misses)
dist_mn node 2: 2^25 = 2^12 x 2^13 over 3 x 4 ranks (general map), 4 primes, P24 (rows 341..342; 30198988 + 10066328 limbs at 20132660, window [20132657, 40265316) of share [40265317, 60397976), accumulated): redistribute 0.019 ntt 0.320 crt 0.001 out 0.018 spills+carry 0.005 total 0.364 s
dist_mn node 2: 30198988 x 30198988 limbs over 3 x 4 ranks (cap 2^25 points, P24): 1 x 3 pieces, 3 formed, 0 skipped (cache 0 slots: 0 hits, 0 misses)
dist_mn node 0: 30198988 + 30198988 limbs -> 60397976 (share 20132658): redistribute 0.088 ntt 1.046 crt 0.004 out 0.060 spills+carry 0.021, total 1.223 s
dist_mn node 1: 30198988 + 30198988 limbs -> 60397976 (share 20132659): redistribute 0.088 ntt 1.042 crt 0.003 out 0.060 spills+carry 0.020, total 1.220 s
dist_mn node 2: 30198988 + 30198988 limbs -> 60397976 (share 20132659): redistribute 0.090 ntt 1.045 crt 0.003 out 0.057 spills+carry 0.021, total 1.197 s
dist_mn node 0: 2^25 = 2^12 x 2^13 over 3 x 4 ranks (general map), 4 primes, P24 (rows 341..342; 30198988 + 10066330 limbs at 0, window [0, 20132658) of share [0, 20132658)): redistribute 0.093 ntt 0.395 crt 0.001 out 0.035 spills+carry 0.002 total 0.463 s
dist_mn node 1: 2^25 = 2^12 x 2^13 over 3 x 4 ranks (general map), 4 primes, P24 (rows 341..342; 30198988 + 10066330 limbs at 0, window [20132658, 40265316) of share [20132658, 40265316)): redistribute 0.093 ntt 0.394 crt 0.002 out 0.035 spills+carry 0.002 total 0.463 s
dist_mn node 2: 2^25 = 2^12 x 2^13 over 3 x 4 ranks (general map), 4 primes, P24 (rows 341..342; 30198988 + 10066330 limbs at 0, window [40265316, 40265318) of share [40265316, 60397975)): redistribute 0.098 ntt 0.397 crt 0.001 out 0.032 spills+carry 0.002 total 0.461 s
dist_mn node 0: 2^25 = 2^12 x 2^13 over 3 x 4 ranks (general map), 4 primes, P24 (rows 341..342; 30198988 + 10066330 limbs at 10066330, window [0, 10066328) of share [0, 20132658), accumulated): redistribute 0.020 ntt 0.351 crt 0.001 out 0.019 spills+carry 0.014 total 0.405 s
dist_mn node 1: 2^25 = 2^12 x 2^13 over 3 x 4 ranks (general map), 4 primes, P24 (rows 341..342; 30198988 + 10066330 limbs at 10066330, window [10066328, 30198986) of share [20132658, 40265316), accumulated): redistribute 0.023 ntt 0.347 crt 0.001 out 0.020 spills+carry 0.014 total 0.405 s
dist_mn node 2: 2^25 = 2^12 x 2^13 over 3 x 4 ranks (general map), 4 primes, P24 (rows 341..342; 30198988 + 10066330 limbs at 10066330, window [30198986, 40265318) of share [40265316, 60397975), accumulated): redistribute 0.023 ntt 0.351 crt 0.001 out 0.016 spills+carry 0.013 total 0.405 s
dist_mn node 0: 2^25 = 2^12 x 2^13 over 3 x 4 ranks (general map), 4 primes, P24 (rows 341..342; 30198988 + 10066328 limbs at 20132660, window [0, 0) of share [0, 20132658), accumulated): redistribute 0.023 ntt 0.352 crt 0.001 out 0.018 spills+carry 0.006 total 0.398 s
dist_mn node 0: 30198988 x 30198988 limbs over 3 x 4 ranks (cap 2^25 points, P24): 1 x 3 pieces, 3 formed, 0 skipped (low product) (cache 0 slots: 0 hits, 0 misses)
dist_mn node 1: 2^25 = 2^12 x 2^13 over 3 x 4 ranks (general map), 4 primes, P24 (rows 341..342; 30198988 + 10066328 limbs at 20132660, window [0, 20132656) of share [20132658, 40265316), accumulated): redistribute 0.024 ntt 0.350 crt 0.001 out 0.022 spills+carry 0.005 total 0.398 s
dist_mn node 1: 30198988 x 30198988 limbs over 3 x 4 ranks (cap 2^25 points, P24): 1 x 3 pieces, 3 formed, 0 skipped (low product) (cache 0 slots: 0 hits, 0 misses)
dist_mn node 2: 2^25 = 2^12 x 2^13 over 3 x 4 ranks (general map), 4 primes, P24 (rows 341..342; 30198988 + 10066328 limbs at 20132660, window [20132656, 40265315) of share [40265316, 60397975), accumulated): redistribute 0.022 ntt 0.348 crt 0.001 out 0.022 spills+carry 0.005 total 0.398 s
dist_mn node 2: 30198988 x 30198988 limbs over 3 x 4 ranks (cap 2^25 points, P24): 1 x 3 pieces, 3 formed, 0 skipped (low product) (cache 0 slots: 0 hits, 0 misses)
dist_mn node 0: 30198988 + 30198988 limbs -> 60397975 (share 20132658): redistribute 0.135 ntt 1.098 crt 0.003 out 0.073 spills+carry 0.022, total 1.269 s
dist_mn node 1: 30198988 + 30198988 limbs -> 60397975 (share 20132658): redistribute 0.140 ntt 1.092 crt 0.004 out 0.077 spills+carry 0.021, total 1.269 s
dist_mn node 2: 30198988 + 30198988 limbs -> 60397975 (share 20132659): redistribute 0.143 ntt 1.097 crt 0.003 out 0.070 spills+carry 0.021, total 1.269 s
dist_mn node 0: 2^25 = 2^12 x 2^13 over 3 x 4 ranks (general map), 4 primes, P24 (rows 341..342; 15099494 + 15099491 limbs at 0, window [0, 15099491) of share [0, 15099491)): redistribute 0.042 ntt 0.402 crt 0.001 out 0.022 spills+carry 0.002 total 0.448 s
dist_mn node 1: 2^25 = 2^12 x 2^13 over 3 x 4 ranks (general map), 4 primes, P24 (rows 341..342; 15099494 + 15099491 limbs at 0, window [15099491, 30198983) of share [15099491, 30198983)): redistribute 0.044 ntt 0.403 crt 0.001 out 0.018 spills+carry 0.002 total 0.448 s
dist_mn node 2: 2^25 = 2^12 x 2^13 over 3 x 4 ranks (general map), 4 primes, P24 (rows 341..342; 15099494 + 15099491 limbs at 0, window [30198983, 30198985) of share [30198983, 45298475)): redistribute 0.030 ntt 0.399 crt 0.002 out 0.019 spills+carry 0.002 total 0.448 s
dist_mn node 0: 2^25 = 2^12 x 2^13 over 3 x 4 ranks (general map), 4 primes, P24 (rows 341..342; 15099494 + 15099490 limbs at 15099491, window [0, 0) of share [0, 15099491), accumulated): redistribute 0.018 ntt 0.347 crt 0.001 out 0.014 spills+carry 0.004 total 0.383 s
dist_mn node 0: 15099494 x 30198981 limbs over 3 x 4 ranks (cap 2^25 points, P24): 1 x 2 pieces, 2 formed, 0 skipped (cache 0 slots: 0 hits, 0 misses)
dist_mn node 1: 2^25 = 2^12 x 2^13 over 3 x 4 ranks (general map), 4 primes, P24 (rows 341..342; 15099494 + 15099490 limbs at 15099491, window [0, 15099492) of share [15099491, 30198983), accumulated): redistribute 0.017 ntt 0.346 crt 0.001 out 0.017 spills+carry 0.003 total 0.383 s
dist_mn node 1: 15099494 x 30198981 limbs over 3 x 4 ranks (cap 2^25 points, P24): 1 x 2 pieces, 2 formed, 0 skipped (cache 0 slots: 0 hits, 0 misses)
dist_mn node 2: 2^25 = 2^12 x 2^13 over 3 x 4 ranks (general map), 4 primes, P24 (rows 341..342; 15099494 + 15099490 limbs at 15099491, window [15099492, 30198984) of share [30198983, 45298475), accumulated): redistribute 0.017 ntt 0.344 crt 0.001 out 0.018 spills+carry 0.003 total 0.383 s
dist_mn node 2: 15099494 x 30198981 limbs over 3 x 4 ranks (cap 2^25 points, P24): 1 x 2 pieces, 2 formed, 0 skipped (cache 0 slots: 0 hits, 0 misses)
dist_mn node 1: 15099494 + 30198981 limbs -> 45298475 (share 15099492): redistribute 0.061 ntt 0.749 crt 0.003 out 0.035 spills+carry 0.006, total 0.834 s
dist_mn node 0: 15099494 + 30198981 limbs -> 45298475 (share 15099491): redistribute 0.060 ntt 0.750 crt 0.002 out 0.036 spills+carry 0.006, total 0.834 s
dist_mn node 2: 15099494 + 30198981 limbs -> 45298475 (share 15099492): redistribute 0.048 ntt 0.743 crt 0.003 out 0.037 spills+carry 0.006, total 0.834 s
mdev 3*2^24 (45298475 limbs): repack 0.078 h2d 0.001 fwd 0.013 inv 0.005 d2h 0.062 crt 0.056 total 0.163 s
mdev 3*2^24 (45298475 limbs): repack 0.073 h2d 0.001 fwd 0.012 inv 0.006 d2h 0.066 crt 0.060 total 0.164 s
mdev 3*2^24 (45298475 limbs): repack 0.072 h2d 0.001 fwd 0.012 inv 0.008 d2h 0.079 crt 0.066 total 0.174 s
dist_mn node 0: 2^25 = 2^12 x 2^13 over 3 x 4 ranks (general map), 4 primes, P24 (rows 341..342; 15099494 + 15099491 limbs at 0, window [0, 5033165) of share [0, 5033165)): redistribute 0.039 ntt 0.428 crt 0.001 out 0.009 spills+carry 0.003 total 0.469 s
dist_mn node 1: 2^25 = 2^12 x 2^13 over 3 x 4 ranks (general map), 4 primes, P24 (rows 341..342; 15099494 + 15099491 limbs at 0, window [5033165, 10066331) of share [5033165, 10066331)): redistribute 0.046 ntt 0.428 crt 0.001 out 0.012 spills+carry 0.003 total 0.469 s
dist_mn node 2: 2^25 = 2^12 x 2^13 over 3 x 4 ranks (general map), 4 primes, P24 (rows 341..342; 15099494 + 15099491 limbs at 0, window [10066331, 15099497) of share [10066331, 15099497)): redistribute 0.047 ntt 0.425 crt 0.001 out 0.011 spills+carry 0.003 total 0.469 s
dist_mn node 0: 2^25 = 2^12 x 2^13 over 3 x 4 ranks (general map), 4 primes, P24 (rows 341..342; 15099494 + 15099490 limbs at 15099491, window [0, 0) of share [0, 5033165), accumulated): redistribute 0.023 ntt 0.319 crt 0.001 out 0.004 spills+carry 0.001 total 0.346 s
dist_mn node 0: 15099494 x 30198981 limbs over 3 x 4 ranks (cap 2^25 points, P24): 1 x 2 pieces, 2 formed, 0 skipped (low product) (cache 0 slots: 0 hits, 0 misses)
dist_mn node 1: 2^25 = 2^12 x 2^13 over 3 x 4 ranks (general map), 4 primes, P24 (rows 341..342; 15099494 + 15099490 limbs at 15099491, window [0, 0) of share [5033165, 10066331), accumulated): redistribute 0.017 ntt 0.327 crt 0.001 out 0.003 spills+carry 0.000 total 0.346 s
dist_mn node 1: 15099494 x 30198981 limbs over 3 x 4 ranks (cap 2^25 points, P24): 1 x 2 pieces, 2 formed, 0 skipped (low product) (cache 0 slots: 0 hits, 0 misses)
dist_mn node 2: 2^25 = 2^12 x 2^13 over 3 x 4 ranks (general map), 4 primes, P24 (rows 341..342; 15099494 + 15099490 limbs at 15099491, window [0, 6) of share [10066331, 15099497), accumulated): redistribute 0.020 ntt 0.322 crt 0.001 out 0.002 spills+carry 0.000 total 0.346 s
dist_mn node 2: 15099494 x 30198981 limbs over 3 x 4 ranks (cap 2^25 points, P24): 1 x 2 pieces, 2 formed, 0 skipped (low product) (cache 0 slots: 0 hits, 0 misses)
dist_mn node 1: 15099494 + 30198981 limbs -> 15099497 (share 5033166): redistribute 0.064 ntt 0.754 crt 0.002 out 0.016 spills+carry 0.003, total 0.823 s
dist_mn node 2: 15099494 + 30198981 limbs -> 15099497 (share 5033166): redistribute 0.068 ntt 0.747 crt 0.002 out 0.014 spills+carry 0.003, total 0.818 s
dist_mn node 0: 15099494 + 30198981 limbs -> 15099497 (share 5033165): redistribute 0.061 ntt 0.746 crt 0.002 out 0.012 spills+carry 0.003, total 0.819 s
dist_mn node 0: 2^25 = 2^12 x 2^13 over 3 x 4 ranks (general map), 4 primes, P24 (rows 341..342; 30198988 + 10066330 limbs at 0, window [0, 20132659) of share [0, 20132659)): redistribute 0.041 ntt 0.390 crt 0.001 out 0.029 spills+carry 0.002 total 0.463 s
dist_mn node 1: 2^25 = 2^12 x 2^13 over 3 x 4 ranks (general map), 4 primes, P24 (rows 341..342; 30198988 + 10066330 limbs at 0, window [20132659, 40265318) of share [20132659, 40265318)): redistribute 0.042 ntt 0.392 crt 0.001 out 0.026 spills+carry 0.002 total 0.463 s
dist_mn node 2: 2^25 = 2^12 x 2^13 over 3 x 4 ranks (general map), 4 primes, P24 (rows 341..342; 30198988 + 10066330 limbs at 0, window [40265318, 40265318) of share [40265318, 60397977)): redistribute 0.038 ntt 0.401 crt 0.001 out 0.028 spills+carry 0.002 total 0.463 s
dist_mn node 0: 2^25 = 2^12 x 2^13 over 3 x 4 ranks (general map), 4 primes, P24 (rows 341..342; 30198988 + 10066330 limbs at 10066330, window [0, 10066329) of share [0, 20132659), accumulated): redistribute 0.022 ntt 0.328 crt 0.001 out 0.019 spills+carry 0.013 total 0.384 s
dist_mn node 1: 2^25 = 2^12 x 2^13 over 3 x 4 ranks (general map), 4 primes, P24 (rows 341..342; 30198988 + 10066330 limbs at 10066330, window [10066329, 30198988) of share [20132659, 40265318), accumulated): redistribute 0.023 ntt 0.329 crt 0.001 out 0.022 spills+carry 0.013 total 0.384 s
dist_mn node 2: 2^25 = 2^12 x 2^13 over 3 x 4 ranks (general map), 4 primes, P24 (rows 341..342; 30198988 + 10066330 limbs at 10066330, window [30198988, 40265318) of share [40265318, 60397977), accumulated): redistribute 0.026 ntt 0.326 crt 0.001 out 0.018 spills+carry 0.013 total 0.384 s
dist_mn node 0: 2^25 = 2^12 x 2^13 over 3 x 4 ranks (general map), 4 primes, P24 (rows 341..342; 30198988 + 10066328 limbs at 20132660, window [0, 0) of share [0, 20132659), accumulated): redistribute 0.024 ntt 0.340 crt 0.001 out 0.023 spills+carry 0.006 total 0.389 s
dist_mn node 1: 2^25 = 2^12 x 2^13 over 3 x 4 ranks (general map), 4 primes, P24 (rows 341..342; 30198988 + 10066328 limbs at 20132660, window [0, 20132658) of share [20132659, 40265318), accumulated): redistribute 0.024 ntt 0.341 crt 0.001 out 0.024 spills+carry 0.006 total 0.389 s
dist_mn node 2: 2^25 = 2^12 x 2^13 over 3 x 4 ranks (general map), 4 primes, P24 (rows 341..342; 30198988 + 10066328 limbs at 20132660, window [20132658, 40265316) of share [40265318, 60397977), accumulated): redistribute 0.024 ntt 0.344 crt 0.001 out 0.020 spills+carry 0.006 total 0.389 s
mdb_add_shifted node 0: 30198985 limbs at 0 into a basis of 60397977 (my window [0, 20132659), 1 rounds of 5033168; slabs 0 + 5033164 limbs per APU 0): 0.046 s
dist_mn node 0: 30198988 x 30198988 limbs over 3 x 4 ranks (cap 2^25 points, P24): 1 x 3 pieces, 3 formed, 0 skipped (cache 0 slots: 0 hits, 0 misses)
mdb_add_shifted node 1: 30198985 limbs at 0 into a basis of 60397977 (my window [20132659, 30198985), 1 rounds of 5033168; slabs 5033164 + 2516581 limbs per APU 0): 0.046 s
dist_mn node 1: 30198988 x 30198988 limbs over 3 x 4 ranks (cap 2^25 points, P24): 1 x 3 pieces, 3 formed, 0 skipped (cache 0 slots: 0 hits, 0 misses)
mdb_add_shifted node 2: 30198985 limbs at 0 into a basis of 60397977 (my window [40265318, 40265318), 1 rounds of 5033168; slabs 2516581 + 0 limbs per APU 0): 0.046 s
dist_mn node 2: 30198988 x 30198988 limbs over 3 x 4 ranks (cap 2^25 points, P24): 1 x 3 pieces, 3 formed, 0 skipped (cache 0 slots: 0 hits, 0 misses)
dist_mn node 0: 30198988 + 30198988 + x limbs -> 60397976 (share 20132659): redistribute 0.087 ntt 1.058 crt 0.003 out 0.072 spills+carry 0.021, total 1.284 s
dist_mn node 1: 30198988 + 30198988 + x limbs -> 60397976 (share 20132659): redistribute 0.088 ntt 1.062 crt 0.003 out 0.072 spills+carry 0.021, total 1.286 s
dist_mn node 2: 30198988 + 30198988 + x limbs -> 60397976 (share 20132659): redistribute 0.088 ntt 1.070 crt 0.003 out 0.066 spills+carry 0.021, total 1.292 s
mdb_add_shifted node 0: 30198985 limbs at 0 into a basis of 60397977 (my window [0, 20132659), 1 rounds of 5033168; slabs 0 + 5033164 limbs per APU 0): 0.103 s
mdb_add_shifted node 1: 30198985 limbs at 0 into a basis of 60397977 (my window [20132659, 30198985), 1 rounds of 5033168; slabs 5033164 + 2516581 limbs per APU 0): 0.042 s
mdb_add_shifted node 2: 30198985 limbs at 0 into a basis of 60397977 (my window [40265318, 40265318), 1 rounds of 5033168; slabs 2516581 + 0 limbs per APU 0): 0.113 s
mdb_add_shifted node 0: 30198985 limbs at 7 into a basis of 60397977 (my window [7, 20132659), 1 rounds of 5033168; slabs 0 + 5033163 limbs per APU 0): 0.133 s
mdb_add_shifted node 2: 30198985 limbs at 7 into a basis of 60397977 (my window [40265318, 40265318), 1 rounds of 5033168; slabs 2516583 + 0 limbs per APU 0): 0.081 s
mdb_add_shifted node 1: 30198985 limbs at 7 into a basis of 60397977 (my window [20132659, 30198992), 1 rounds of 5033168; slabs 5033163 + 2516583 limbs per APU 0): 0.138 s
mdb_add_shifted node 2: 30198985 limbs at 15099494 into a basis of 60397977 (my window [40265318, 45298479), 1 rounds of 5033168; slabs 1258290 + 1258290 limbs per APU 0): 0.104 s
mdb_add_shifted node 1: 30198985 limbs at 15099494 into a basis of 60397977 (my window [20132659, 40265318), 1 rounds of 5033168; slabs 6291455 + 5033164 limbs per APU 0): 0.091 s
mdb_add_shifted node 0: 30198985 limbs at 15099494 into a basis of 60397977 (my window [15099494, 20132659), 1 rounds of 5033168; slabs 0 + 1258291 limbs per APU 0): 0.101 s
mdb_add_shifted node 2: 30198985 limbs at 30198988 into a basis of 60397977 (my window [40265318, 60397973), 1 rounds of 5033168; slabs 0 + 5033163 limbs per APU 0): 0.089 s
mdb_add_shifted node 1: 30198985 limbs at 30198988 into a basis of 60397977 (my window [30198988, 40265318), 1 rounds of 5033168; slabs 7549745 + 2516582 limbs per APU 0): 0.072 s
mdb_add_shifted node 0: 30198985 limbs at 30198988 into a basis of 60397977 (my window [30198988, 30198988), 1 rounds of 5033168; slabs 0 + 0 limbs per APU 0): 0.067 s

t_mn_grid: VERIFY OK (200 checks)

t_mn_grid: VERIFY OK (200 checks)

t_mn_grid: VERIFY OK (200 checks)
